evidence_status,study_phase,model_id,protocol_variant,prompt_category,payload_class,replay_mode,transformation_id,mitigation_id,protocol_contract_revision,result_schema_revision,text_view,outcome,analysis_unit,mean,standard_deviation,median,n_payloads,bootstrap_resamples_requested,ci_low,ci_high,bootstrap_resamples_valid,confidence_level,view,hardware_id
exploratory_smoke_v3_payload_fidelity_v2_not_for_confirmatory_pooling,ordinary_llm_control_smoke_v3,llama3_8b_instruct_q4_k_m,ordinary_llm_control_forced_span,casual_conversation,sha256_hex,,,,payload_fidelity_v2,payload_aware_result_v2,forced_span,heldout_evaluator_log_probability,payload,-2.047214469190134,,-2.047214469190134,1,100,-2.047214469190134,-2.047214469190134,0,0.95,,
exploratory_smoke_v3_payload_fidelity_v2_not_for_confirmatory_pooling,ordinary_llm_control_smoke_v3,llama3_8b_instruct_q4_k_m,ordinary_llm_control_forced_span,factual_explanatory,nonce_96_bit_hex,,,,payload_fidelity_v2,payload_aware_result_v2,forced_span,heldout_evaluator_log_probability,payload,-3.068029338793399,,-3.068029338793399,1,100,-3.068029338793399,-3.068029338793399,0,0.95,,
exploratory_smoke_v3_payload_fidelity_v2_not_for_confirmatory_pooling,ordinary_llm_control_smoke_v3,llama3_8b_instruct_q4_k_m,ordinary_llm_control_forced_span,factual_explanatory,token_128_bit_hex,,,,payload_fidelity_v2,payload_aware_result_v2,forced_span,heldout_evaluator_log_probability,payload,-2.123906305675973,,-2.123906305675973,1,100,-2.123906305675973,-2.123906305675973,0,0.95,,
exploratory_smoke_v3_payload_fidelity_v2_not_for_confirmatory_pooling,ordinary_llm_control_smoke_v3,llama3_8b_instruct_q4_k_m,ordinary_llm_control_forced_span,forum_question_answer,nonce_96_bit_hex,,,,payload_fidelity_v2,payload_aware_result_v2,forced_span,heldout_evaluator_log_probability,payload,-1.5040139516064701,,-1.5040139516064701,1,100,-1.5040139516064701,-1.5040139516064701,0,0.95,,
exploratory_smoke_v3_payload_fidelity_v2_not_for_confirmatory_pooling,ordinary_llm_control_smoke_v3,llama3_8b_instruct_q4_k_m,ordinary_llm_control_forced_span,personal_narrative_blog,hmac_sha256_hex,,,,payload_fidelity_v2,payload_aware_result_v2,forced_span,heldout_evaluator_log_probability,payload,-1.451259745036441,,-1.451259745036441,1,100,-1.451259745036441,-1.451259745036441,0,0.95,,
exploratory_smoke_v3_payload_fidelity_v2_not_for_confirmatory_pooling,ordinary_llm_control_smoke_v3,llama3_8b_instruct_q4_k_m,ordinary_llm_control_forced_span,personal_narrative_blog,sha256_hex,,,,payload_fidelity_v2,payload_aware_result_v2,forced_span,heldout_evaluator_log_probability,payload,-1.618828575282981,,-1.618828575282981,1,100,-1.618828575282981,-1.618828575282981,0,0.95,,
exploratory_smoke_v3_payload_fidelity_v2_not_for_confirmatory_pooling,ordinary_llm_control_smoke_v3,llama3_8b_instruct_q4_k_m,ordinary_llm_control_forced_span,professional_communication,nonce_96_bit_hex,,,,payload_fidelity_v2,payload_aware_result_v2,forced_span,heldout_evaluator_log_probability,payload,-1.7098014043773162,,-1.7098014043773162,1,100,-1.7098014043773162,-1.7098014043773162,0,0.95,,
exploratory_smoke_v3_payload_fidelity_v2_not_for_confirmatory_pooling,ordinary_llm_control_smoke_v3,llama3_8b_instruct_q4_k_m,ordinary_llm_control_forced_span,recipe_procedure,token_128_bit_hex,,,,payload_fidelity_v2,payload_aware_result_v2,forced_span,heldout_evaluator_log_probability,payload,-2.598997557765973,,-2.598997557765973,1,100,-2.598997557765973,-2.598997557765973,0,0.95,,
exploratory_smoke_v3_payload_fidelity_v2_not_for_confirmatory_pooling,ordinary_llm_control_smoke_v3,llama3_8b_instruct_q4_k_m,ordinary_llm_control_full_message,casual_conversation,ed25519_signature_base64,,,,payload_fidelity_v2,payload_aware_result_v2,full_message,heldout_evaluator_log_probability,payload,-1.2787213264280641,,-1.2787213264280641,1,100,-1.2787213264280641,-1.2787213264280641,0,0.95,,
exploratory_smoke_v3_payload_fidelity_v2_not_for_confirmatory_pooling,ordinary_llm_control_smoke_v3,llama3_8b_instruct_q4_k_m,ordinary_llm_control_full_message,casual_conversation,sha256_hex,,,,payload_fidelity_v2,payload_aware_result_v2,full_message,heldout_evaluator_log_probability,payload,-1.304226059816004,,-1.304226059816004,1,100,-1.304226059816004,-1.304226059816004,0,0.95,,
exploratory_smoke_v3_payload_fidelity_v2_not_for_confirmatory_pooling,ordinary_llm_control_smoke_v3,llama3_8b_instruct_q4_k_m,ordinary_llm_control_full_message,factual_explanatory,nonce_96_bit_hex,,,,payload_fidelity_v2,payload_aware_result_v2,full_message,heldout_evaluator_log_probability,payload,-2.3873106274637372,,-2.3873106274637372,1,100,-2.3873106274637372,-2.3873106274637372,0,0.95,,
exploratory_smoke_v3_payload_fidelity_v2_not_for_confirmatory_pooling,ordinary_llm_control_smoke_v3,llama3_8b_instruct_q4_k_m,ordinary_llm_control_full_message,factual_explanatory,token_128_bit_hex,,,,payload_fidelity_v2,payload_aware_result_v2,full_message,heldout_evaluator_log_probability,payload,-1.442346631768825,,-1.442346631768825,1,100,-1.442346631768825,-1.442346631768825,0,0.95,,
exploratory_smoke_v3_payload_fidelity_v2_not_for_confirmatory_pooling,ordinary_llm_control_smoke_v3,llama3_8b_instruct_q4_k_m,ordinary_llm_control_full_message,forum_question_answer,aes256_gcm_base64,,,,payload_fidelity_v2,payload_aware_result_v2,full_message,heldout_evaluator_log_probability,payload,-1.29371901810978,,-1.29371901810978,1,100,-1.29371901810978,-1.29371901810978,0,0.95,,
exploratory_smoke_v3_payload_fidelity_v2_not_for_confirmatory_pooling,ordinary_llm_control_smoke_v3,llama3_8b_instruct_q4_k_m,ordinary_llm_control_full_message,forum_question_answer,nonce_96_bit_hex,,,,payload_fidelity_v2,payload_aware_result_v2,full_message,heldout_evaluator_log_probability,payload,-1.054555247411618,,-1.054555247411618,1,100,-1.054555247411618,-1.054555247411618,0,0.95,,
exploratory_smoke_v3_payload_fidelity_v2_not_for_confirmatory_pooling,ordinary_llm_control_smoke_v3,llama3_8b_instruct_q4_k_m,ordinary_llm_control_full_message,personal_narrative_blog,hmac_sha256_hex,,,,payload_fidelity_v2,payload_aware_result_v2,full_message,heldout_evaluator_log_probability,payload,-1.4320710919251431,,-1.4320710919251431,1,100,-1.4320710919251431,-1.4320710919251431,0,0.95,,
exploratory_smoke_v3_payload_fidelity_v2_not_for_confirmatory_pooling,ordinary_llm_control_smoke_v3,llama3_8b_instruct_q4_k_m,ordinary_llm_control_full_message,personal_narrative_blog,sha256_hex,,,,payload_fidelity_v2,payload_aware_result_v2,full_message,heldout_evaluator_log_probability,payload,-1.457026202332967,,-1.457026202332967,1,100,-1.457026202332967,-1.457026202332967,0,0.95,,
exploratory_smoke_v3_payload_fidelity_v2_not_for_confirmatory_pooling,ordinary_llm_control_smoke_v3,llama3_8b_instruct_q4_k_m,ordinary_llm_control_full_message,professional_communication,nonce_96_bit_hex,,,,payload_fidelity_v2,payload_aware_result_v2,full_message,heldout_evaluator_log_probability,payload,-0.8400991926383681,,-0.8400991926383681,1,100,-0.8400991926383681,-0.8400991926383681,0,0.95,,
exploratory_smoke_v3_payload_fidelity_v2_not_for_confirmatory_pooling,ordinary_llm_control_smoke_v3,llama3_8b_instruct_q4_k_m,ordinary_llm_control_full_message,professional_communication,uuid_v4,,,,payload_fidelity_v2,payload_aware_result_v2,full_message,heldout_evaluator_log_probability,payload,-1.207632328546398,,-1.207632328546398,1,100,-1.207632328546398,-1.207632328546398,0,0.95,,
exploratory_smoke_v3_payload_fidelity_v2_not_for_confirmatory_pooling,ordinary_llm_control_smoke_v3,llama3_8b_instruct_q4_k_m,ordinary_llm_control_full_message,recipe_procedure,sha256_hex,,,,payload_fidelity_v2,payload_aware_result_v2,full_message,heldout_evaluator_log_probability,payload,-1.4376970745552171,,-1.4376970745552171,1,100,-1.4376970745552171,-1.4376970745552171,0,0.95,,
exploratory_smoke_v3_payload_fidelity_v2_not_for_confirmatory_pooling,ordinary_llm_control_smoke_v3,llama3_8b_instruct_q4_k_m,ordinary_llm_control_full_message,recipe_procedure,token_128_bit_hex,,,,payload_fidelity_v2,payload_aware_result_v2,full_message,heldout_evaluator_log_probability,payload,-1.989821478992345,,-1.989821478992345,1,100,-1.989821478992345,-1.989821478992345,0,0.95,,
exploratory_smoke_v3_payload_fidelity_v2_not_for_confirmatory_pooling,ordinary_llm_control_smoke_v3,mistral_7b_instruct_v0_3_q4_k_m,ordinary_llm_control_forced_span,casual_conversation,nonce_96_bit_hex,,,,payload_fidelity_v2,payload_aware_result_v2,forced_span,heldout_evaluator_log_probability,payload,-2.545696229089015,,-2.545696229089015,1,100,-2.545696229089015,-2.545696229089015,0,0.95,,
exploratory_smoke_v3_payload_fidelity_v2_not_for_confirmatory_pooling,ordinary_llm_control_smoke_v3,mistral_7b_instruct_v0_3_q4_k_m,ordinary_llm_control_forced_span,factual_explanatory,sha256_hex,,,,payload_fidelity_v2,payload_aware_result_v2,forced_span,heldout_evaluator_log_probability,payload,-1.001856141120124,,-1.001856141120124,1,100,-1.001856141120124,-1.001856141120124,0,0.95,,
exploratory_smoke_v3_payload_fidelity_v2_not_for_confirmatory_pooling,ordinary_llm_control_smoke_v3,mistral_7b_instruct_v0_3_q4_k_m,ordinary_llm_control_forced_span,factual_explanatory,token_128_bit_hex,,,,payload_fidelity_v2,payload_aware_result_v2,forced_span,heldout_evaluator_log_probability,payload,-1.109892361721056,,-1.109892361721056,1,100,-1.109892361721056,-1.109892361721056,0,0.95,,
exploratory_smoke_v3_payload_fidelity_v2_not_for_confirmatory_pooling,ordinary_llm_control_smoke_v3,mistral_7b_instruct_v0_3_q4_k_m,ordinary_llm_control_forced_span,forum_question_answer,sha256_hex,,,,payload_fidelity_v2,payload_aware_result_v2,forced_span,heldout_evaluator_log_probability,payload,-1.363243078897478,,-1.363243078897478,1,100,-1.363243078897478,-1.363243078897478,0,0.95,,
exploratory_smoke_v3_payload_fidelity_v2_not_for_confirmatory_pooling,ordinary_llm_control_smoke_v3,mistral_7b_instruct_v0_3_q4_k_m,ordinary_llm_control_forced_span,personal_narrative_blog,nonce_96_bit_hex,,,,payload_fidelity_v2,payload_aware_result_v2,forced_span,heldout_evaluator_log_probability,payload,-2.355432719323904,,-2.355432719323904,1,100,-2.355432719323904,-2.355432719323904,0,0.95,,
exploratory_smoke_v3_payload_fidelity_v2_not_for_confirmatory_pooling,ordinary_llm_control_smoke_v3,mistral_7b_instruct_v0_3_q4_k_m,ordinary_llm_control_forced_span,personal_narrative_blog,token_128_bit_hex,,,,payload_fidelity_v2,payload_aware_result_v2,forced_span,heldout_evaluator_log_probability,payload,-2.425888268085729,,-2.425888268085729,1,100,-2.425888268085729,-2.425888268085729,0,0.95,,
exploratory_smoke_v3_payload_fidelity_v2_not_for_confirmatory_pooling,ordinary_llm_control_smoke_v3,mistral_7b_instruct_v0_3_q4_k_m,ordinary_llm_control_forced_span,recipe_procedure,token_128_bit_hex,,,,payload_fidelity_v2,payload_aware_result_v2,forced_span,heldout_evaluator_log_probability,payload,-2.398615287673187,,-2.398615287673187,1,100,-2.398615287673187,-2.398615287673187,0,0.95,,
exploratory_smoke_v3_payload_fidelity_v2_not_for_confirmatory_pooling,ordinary_llm_control_smoke_v3,mistral_7b_instruct_v0_3_q4_k_m,ordinary_llm_control_full_message,casual_conversation,ed25519_signature_base64,,,,payload_fidelity_v2,payload_aware_result_v2,full_message,heldout_evaluator_log_probability,payload,-1.376488960918284,,-1.376488960918284,1,100,-1.376488960918284,-1.376488960918284,0,0.95,,
exploratory_smoke_v3_payload_fidelity_v2_not_for_confirmatory_pooling,ordinary_llm_control_smoke_v3,mistral_7b_instruct_v0_3_q4_k_m,ordinary_llm_control_full_message,casual_conversation,nonce_96_bit_hex,,,,payload_fidelity_v2,payload_aware_result_v2,full_message,heldout_evaluator_log_probability,payload,-1.202832867692264,,-1.202832867692264,1,100,-1.202832867692264,-1.202832867692264,0,0.95,,
exploratory_smoke_v3_payload_fidelity_v2_not_for_confirmatory_pooling,ordinary_llm_control_smoke_v3,mistral_7b_instruct_v0_3_q4_k_m,ordinary_llm_control_full_message,factual_explanatory,sha256_hex,,,,payload_fidelity_v2,payload_aware_result_v2,full_message,heldout_evaluator_log_probability,payload,-1.159709837523655,,-1.159709837523655,1,100,-1.159709837523655,-1.159709837523655,0,0.95,,
exploratory_smoke_v3_payload_fidelity_v2_not_for_confirmatory_pooling,ordinary_llm_control_smoke_v3,mistral_7b_instruct_v0_3_q4_k_m,ordinary_llm_control_full_message,factual_explanatory,token_128_bit_hex,,,,payload_fidelity_v2,payload_aware_result_v2,full_message,heldout_evaluator_log_probability,payload,-1.154289353054432,,-1.154289353054432,1,100,-1.154289353054432,-1.154289353054432,0,0.95,,
exploratory_smoke_v3_payload_fidelity_v2_not_for_confirmatory_pooling,ordinary_llm_control_smoke_v3,mistral_7b_instruct_v0_3_q4_k_m,ordinary_llm_control_full_message,forum_question_answer,aes256_gcm_base64,,,,payload_fidelity_v2,payload_aware_result_v2,full_message,heldout_evaluator_log_probability,payload,-1.325422331618952,,-1.325422331618952,1,100,-1.325422331618952,-1.325422331618952,0,0.95,,
exploratory_smoke_v3_payload_fidelity_v2_not_for_confirmatory_pooling,ordinary_llm_control_smoke_v3,mistral_7b_instruct_v0_3_q4_k_m,ordinary_llm_control_full_message,forum_question_answer,sha256_hex,,,,payload_fidelity_v2,payload_aware_result_v2,full_message,heldout_evaluator_log_probability,payload,-0.896256225107325,,-0.896256225107325,1,100,-0.896256225107325,-0.896256225107325,0,0.95,,
exploratory_smoke_v3_payload_fidelity_v2_not_for_confirmatory_pooling,ordinary_llm_control_smoke_v3,mistral_7b_instruct_v0_3_q4_k_m,ordinary_llm_control_full_message,personal_narrative_blog,nonce_96_bit_hex,,,,payload_fidelity_v2,payload_aware_result_v2,full_message,heldout_evaluator_log_probability,payload,-1.5169054798312689,,-1.5169054798312689,1,100,-1.5169054798312689,-1.5169054798312689,0,0.95,,
exploratory_smoke_v3_payload_fidelity_v2_not_for_confirmatory_pooling,ordinary_llm_control_smoke_v3,mistral_7b_instruct_v0_3_q4_k_m,ordinary_llm_control_full_message,personal_narrative_blog,token_128_bit_hex,,,,payload_fidelity_v2,payload_aware_result_v2,full_message,heldout_evaluator_log_probability,payload,-1.431780326419907,,-1.431780326419907,1,100,-1.431780326419907,-1.431780326419907,0,0.95,,
exploratory_smoke_v3_payload_fidelity_v2_not_for_confirmatory_pooling,ordinary_llm_control_smoke_v3,mistral_7b_instruct_v0_3_q4_k_m,ordinary_llm_control_full_message,professional_communication,uuid_v4,,,,payload_fidelity_v2,payload_aware_result_v2,full_message,heldout_evaluator_log_probability,payload,-1.032917361459779,,-1.032917361459779,1,100,-1.032917361459779,-1.032917361459779,0,0.95,,
exploratory_smoke_v3_payload_fidelity_v2_not_for_confirmatory_pooling,ordinary_llm_control_smoke_v3,mistral_7b_instruct_v0_3_q4_k_m,ordinary_llm_control_full_message,recipe_procedure,nonce_96_bit_hex,,,,payload_fidelity_v2,payload_aware_result_v2,full_message,heldout_evaluator_log_probability,payload,-1.546523778699369,,-1.546523778699369,1,100,-1.546523778699369,-1.546523778699369,0,0.95,,
exploratory_smoke_v3_payload_fidelity_v2_not_for_confirmatory_pooling,ordinary_llm_control_smoke_v3,mistral_7b_instruct_v0_3_q4_k_m,ordinary_llm_control_full_message,recipe_procedure,token_128_bit_hex,,,,payload_fidelity_v2,payload_aware_result_v2,full_message,heldout_evaluator_log_probability,payload,-1.633029277073412,,-1.633029277073412,1,100,-1.633029277073412,-1.633029277073412,0,0.95,,
exploratory_smoke_v3_payload_fidelity_v2_not_for_confirmatory_pooling,ordinary_llm_control_smoke_v3,qwen2_5_7b_instruct_q4_k_m,ordinary_llm_control_forced_span,casual_conversation,nonce_96_bit_hex,,,,payload_fidelity_v2,payload_aware_result_v2,forced_span,heldout_evaluator_log_probability,payload,-2.204221274933865,,-2.204221274933865,1,100,-2.204221274933865,-2.204221274933865,0,0.95,,
exploratory_smoke_v3_payload_fidelity_v2_not_for_confirmatory_pooling,ordinary_llm_control_smoke_v3,qwen2_5_7b_instruct_q4_k_m,ordinary_llm_control_forced_span,factual_explanatory,hmac_sha256_hex,,,,payload_fidelity_v2,payload_aware_result_v2,forced_span,heldout_evaluator_log_probability,payload,-0.975304131046926,,-0.975304131046926,1,100,-0.975304131046926,-0.975304131046926,0,0.95,,
exploratory_smoke_v3_payload_fidelity_v2_not_for_confirmatory_pooling,ordinary_llm_control_smoke_v3,qwen2_5_7b_instruct_q4_k_m,ordinary_llm_control_forced_span,factual_explanatory,nonce_96_bit_hex,,,,payload_fidelity_v2,payload_aware_result_v2,forced_span,heldout_evaluator_log_probability,payload,-1.6176869596102161,,-1.6176869596102161,1,100,-1.6176869596102161,-1.6176869596102161,0,0.95,,
exploratory_smoke_v3_payload_fidelity_v2_not_for_confirmatory_pooling,ordinary_llm_control_smoke_v3,qwen2_5_7b_instruct_q4_k_m,ordinary_llm_control_forced_span,forum_question_answer,token_128_bit_hex,,,,payload_fidelity_v2,payload_aware_result_v2,forced_span,heldout_evaluator_log_probability,payload,-1.740687586483408,,-1.740687586483408,1,100,-1.740687586483408,-1.740687586483408,0,0.95,,
exploratory_smoke_v3_payload_fidelity_v2_not_for_confirmatory_pooling,ordinary_llm_control_smoke_v3,qwen2_5_7b_instruct_q4_k_m,ordinary_llm_control_forced_span,personal_narrative_blog,nonce_96_bit_hex,,,,payload_fidelity_v2,payload_aware_result_v2,forced_span,heldout_evaluator_log_probability,payload,-1.5151249179463981,,-1.5151249179463981,1,100,-1.5151249179463981,-1.5151249179463981,0,0.95,,
exploratory_smoke_v3_payload_fidelity_v2_not_for_confirmatory_pooling,ordinary_llm_control_smoke_v3,qwen2_5_7b_instruct_q4_k_m,ordinary_llm_control_forced_span,personal_narrative_blog,sha256_hex,,,,payload_fidelity_v2,payload_aware_result_v2,forced_span,heldout_evaluator_log_probability,payload,-1.058518860842931,,-1.058518860842931,1,100,-1.058518860842931,-1.058518860842931,0,0.95,,
exploratory_smoke_v3_payload_fidelity_v2_not_for_confirmatory_pooling,ordinary_llm_control_smoke_v3,qwen2_5_7b_instruct_q4_k_m,ordinary_llm_control_forced_span,professional_communication,nonce_96_bit_hex,,,,payload_fidelity_v2,payload_aware_result_v2,forced_span,heldout_evaluator_log_probability,payload,-0.717293640671223,,-0.717293640671223,1,100,-0.717293640671223,-0.717293640671223,0,0.95,,
exploratory_smoke_v3_payload_fidelity_v2_not_for_confirmatory_pooling,ordinary_llm_control_smoke_v3,qwen2_5_7b_instruct_q4_k_m,ordinary_llm_control_forced_span,recipe_procedure,sha256_hex,,,,payload_fidelity_v2,payload_aware_result_v2,forced_span,heldout_evaluator_log_probability,payload,-1.6120175402700792,,-1.6120175402700792,1,100,-1.6120175402700792,-1.6120175402700792,0,0.95,,
exploratory_smoke_v3_payload_fidelity_v2_not_for_confirmatory_pooling,ordinary_llm_control_smoke_v3,qwen2_5_7b_instruct_q4_k_m,ordinary_llm_control_full_message,casual_conversation,ed25519_signature_base64,,,,payload_fidelity_v2,payload_aware_result_v2,full_message,heldout_evaluator_log_probability,payload,-1.362533765960712,,-1.362533765960712,1,100,-1.362533765960712,-1.362533765960712,0,0.95,,
exploratory_smoke_v3_payload_fidelity_v2_not_for_confirmatory_pooling,ordinary_llm_control_smoke_v3,qwen2_5_7b_instruct_q4_k_m,ordinary_llm_control_full_message,casual_conversation,nonce_96_bit_hex,,,,payload_fidelity_v2,payload_aware_result_v2,full_message,heldout_evaluator_log_probability,payload,-1.553892517027625,,-1.553892517027625,1,100,-1.553892517027625,-1.553892517027625,0,0.95,,
exploratory_smoke_v3_payload_fidelity_v2_not_for_confirmatory_pooling,ordinary_llm_control_smoke_v3,qwen2_5_7b_instruct_q4_k_m,ordinary_llm_control_full_message,factual_explanatory,hmac_sha256_hex,,,,payload_fidelity_v2,payload_aware_result_v2,full_message,heldout_evaluator_log_probability,payload,-0.7131963022336221,,-0.7131963022336221,1,100,-0.7131963022336221,-0.7131963022336221,0,0.95,,
exploratory_smoke_v3_payload_fidelity_v2_not_for_confirmatory_pooling,ordinary_llm_control_smoke_v3,qwen2_5_7b_instruct_q4_k_m,ordinary_llm_control_full_message,factual_explanatory,nonce_96_bit_hex,,,,payload_fidelity_v2,payload_aware_result_v2,full_message,heldout_evaluator_log_probability,payload,-0.8407699916660281,,-0.8407699916660281,1,100,-0.8407699916660281,-0.8407699916660281,0,0.95,,
exploratory_smoke_v3_payload_fidelity_v2_not_for_confirmatory_pooling,ordinary_llm_control_smoke_v3,qwen2_5_7b_instruct_q4_k_m,ordinary_llm_control_full_message,forum_question_answer,chacha20_poly1305_base64,,,,payload_fidelity_v2,payload_aware_result_v2,full_message,heldout_evaluator_log_probability,payload,-1.482896302316957,,-1.482896302316957,1,100,-1.482896302316957,-1.482896302316957,0,0.95,,
exploratory_smoke_v3_payload_fidelity_v2_not_for_confirmatory_pooling,ordinary_llm_control_smoke_v3,qwen2_5_7b_instruct_q4_k_m,ordinary_llm_control_full_message,forum_question_answer,token_128_bit_hex,,,,payload_fidelity_v2,payload_aware_result_v2,full_message,heldout_evaluator_log_probability,payload,-1.5432603368282192,,-1.5432603368282192,1,100,-1.5432603368282192,-1.5432603368282192,0,0.95,,
exploratory_smoke_v3_payload_fidelity_v2_not_for_confirmatory_pooling,ordinary_llm_control_smoke_v3,qwen2_5_7b_instruct_q4_k_m,ordinary_llm_control_full_message,personal_narrative_blog,nonce_96_bit_hex,,,,payload_fidelity_v2,payload_aware_result_v2,full_message,heldout_evaluator_log_probability,payload,-1.362754310415523,,-1.362754310415523,1,100,-1.362754310415523,-1.362754310415523,0,0.95,,
exploratory_smoke_v3_payload_fidelity_v2_not_for_confirmatory_pooling,ordinary_llm_control_smoke_v3,qwen2_5_7b_instruct_q4_k_m,ordinary_llm_control_full_message,personal_narrative_blog,sha256_hex,,,,payload_fidelity_v2,payload_aware_result_v2,full_message,heldout_evaluator_log_probability,payload,-0.886296266670462,,-0.886296266670462,1,100,-0.886296266670462,-0.886296266670462,0,0.95,,
exploratory_smoke_v3_payload_fidelity_v2_not_for_confirmatory_pooling,ordinary_llm_control_smoke_v3,qwen2_5_7b_instruct_q4_k_m,ordinary_llm_control_full_message,professional_communication,nonce_96_bit_hex,,,,payload_fidelity_v2,payload_aware_result_v2,full_message,heldout_evaluator_log_probability,payload,-1.090722739148323,,-1.090722739148323,1,100,-1.090722739148323,-1.090722739148323,0,0.95,,
exploratory_smoke_v3_payload_fidelity_v2_not_for_confirmatory_pooling,ordinary_llm_control_smoke_v3,qwen2_5_7b_instruct_q4_k_m,ordinary_llm_control_full_message,professional_communication,uuid_v4,,,,payload_fidelity_v2,payload_aware_result_v2,full_message,heldout_evaluator_log_probability,payload,-1.100417037034037,,-1.100417037034037,1,100,-1.100417037034037,-1.100417037034037,0,0.95,,
exploratory_smoke_v3_payload_fidelity_v2_not_for_confirmatory_pooling,ordinary_llm_control_smoke_v3,qwen2_5_7b_instruct_q4_k_m,ordinary_llm_control_full_message,recipe_procedure,sha256_hex,,,,payload_fidelity_v2,payload_aware_result_v2,full_message,heldout_evaluator_log_probability,payload,-1.5774890002669641,,-1.5774890002669641,1,100,-1.5774890002669641,-1.5774890002669641,0,0.95,,
exploratory_smoke_v3_payload_fidelity_v2_not_for_confirmatory_pooling,ordinary_llm_control_smoke_v3,qwen2_5_7b_instruct_q4_k_m,ordinary_llm_control_full_message,recipe_procedure,token_128_bit_hex,,,,payload_fidelity_v2,payload_aware_result_v2,full_message,heldout_evaluator_log_probability,payload,-1.2723275572645472,,-1.2723275572645472,1,100,-1.2723275572645472,-1.2723275572645472,0,0.95,,
exploratory_smoke_v3_payload_fidelity_v2_not_for_confirmatory_pooling,smoke_v3_exploratory,llama3_8b_instruct_q4_k_m,direct_subword_calgacus,casual_conversation,ed25519_signature_base64,,,,payload_fidelity_v2,payload_aware_result_v2,full_message,heldout_evaluator_log_probability,payload,-10.526170831451536,,-10.526170831451536,1,100,-10.526170831451536,-10.526170831451536,0,0.95,,
exploratory_smoke_v3_payload_fidelity_v2_not_for_confirmatory_pooling,smoke_v3_exploratory,llama3_8b_instruct_q4_k_m,nonseg_ascii_b16,forum_question_answer,aes256_gcm_base64,,,,payload_fidelity_v2,payload_aware_result_v2,full_message,heldout_evaluator_log_probability,payload,-5.057206114610261,,-5.057206114610261,1,100,-5.057206114610261,-5.057206114610261,0,0.95,,
exploratory_smoke_v3_payload_fidelity_v2_not_for_confirmatory_pooling,smoke_v3_exploratory,llama3_8b_instruct_q4_k_m,nonseg_ascii_b8,professional_communication,uuid_v4,,,,payload_fidelity_v2,payload_aware_result_v2,full_message,heldout_evaluator_log_probability,payload,-4.420477458421761,,-4.420477458421761,1,100,-4.420477458421761,-4.420477458421761,0,0.95,,
exploratory_smoke_v3_payload_fidelity_v2_not_for_confirmatory_pooling,smoke_v3_exploratory,llama3_8b_instruct_q4_k_m,nonseg_hex_nibble_b16,recipe_procedure,sha256_hex,,,,payload_fidelity_v2,payload_aware_result_v2,full_message,heldout_evaluator_log_probability,payload,-6.078960477054492,,-6.078960477054492,1,100,-6.078960477054492,-6.078960477054492,0,0.95,,
exploratory_smoke_v3_payload_fidelity_v2_not_for_confirmatory_pooling,smoke_v3_exploratory,llama3_8b_instruct_q4_k_m,segmented_hex_multi_topic,casual_conversation,sha256_hex,,,,payload_fidelity_v2,payload_aware_result_v2,full_message,heldout_evaluator_log_probability,payload,-2.027872510608516,,-2.027872510608516,1,100,-2.027872510608516,-2.027872510608516,0,0.95,,
exploratory_smoke_v3_payload_fidelity_v2_not_for_confirmatory_pooling,smoke_v3_exploratory,llama3_8b_instruct_q4_k_m,segmented_hex_multi_topic,factual_explanatory,nonce_96_bit_hex,,,,payload_fidelity_v2,payload_aware_result_v2,full_message,heldout_evaluator_log_probability,payload,-3.224062111769482,,-3.224062111769482,1,100,-3.224062111769482,-3.224062111769482,0,0.95,,
exploratory_smoke_v3_payload_fidelity_v2_not_for_confirmatory_pooling,smoke_v3_exploratory,llama3_8b_instruct_q4_k_m,segmented_hex_multi_topic,factual_explanatory,token_128_bit_hex,,,,payload_fidelity_v2,payload_aware_result_v2,full_message,heldout_evaluator_log_probability,payload,-2.7052633498395693,,-2.7052633498395693,1,100,-2.7052633498395693,-2.7052633498395693,0,0.95,,
exploratory_smoke_v3_payload_fidelity_v2_not_for_confirmatory_pooling,smoke_v3_exploratory,llama3_8b_instruct_q4_k_m,segmented_hex_multi_topic,forum_question_answer,nonce_96_bit_hex,,,,payload_fidelity_v2,payload_aware_result_v2,full_message,heldout_evaluator_log_probability,payload,-1.365027613906618,,-1.365027613906618,1,100,-1.365027613906618,-1.365027613906618,0,0.95,,
exploratory_smoke_v3_payload_fidelity_v2_not_for_confirmatory_pooling,smoke_v3_exploratory,llama3_8b_instruct_q4_k_m,segmented_hex_multi_topic,personal_narrative_blog,sha256_hex,,,,payload_fidelity_v2,payload_aware_result_v2,full_message,heldout_evaluator_log_probability,payload,-2.259246653099745,,-2.259246653099745,1,100,-2.259246653099745,-2.259246653099745,0,0.95,,
exploratory_smoke_v3_payload_fidelity_v2_not_for_confirmatory_pooling,smoke_v3_exploratory,llama3_8b_instruct_q4_k_m,segmented_hex_multi_topic,professional_communication,nonce_96_bit_hex,,,,payload_fidelity_v2,payload_aware_result_v2,full_message,heldout_evaluator_log_probability,payload,-1.401380050519273,,-1.401380050519273,1,100,-1.401380050519273,-1.401380050519273,0,0.95,,
exploratory_smoke_v3_payload_fidelity_v2_not_for_confirmatory_pooling,smoke_v3_exploratory,llama3_8b_instruct_q4_k_m,segmented_hex_multi_topic,recipe_procedure,token_128_bit_hex,,,,payload_fidelity_v2,payload_aware_result_v2,full_message,heldout_evaluator_log_probability,payload,-6.779114143675262,,-6.779114143675262,1,100,-6.779114143675262,-6.779114143675262,0,0.95,,
exploratory_smoke_v3_payload_fidelity_v2_not_for_confirmatory_pooling,smoke_v3_exploratory,llama3_8b_instruct_q4_k_m,segmented_hex_single_topic,personal_narrative_blog,hmac_sha256_hex,,,,payload_fidelity_v2,payload_aware_result_v2,full_message,heldout_evaluator_log_probability,payload,-3.100350658497175,,-3.100350658497175,1,100,-3.100350658497175,-3.100350658497175,0,0.95,,
exploratory_smoke_v3_payload_fidelity_v2_not_for_confirmatory_pooling,smoke_v3_exploratory,mistral_7b_instruct_v0_3_q4_k_m,direct_subword_calgacus,casual_conversation,ed25519_signature_base64,,,,payload_fidelity_v2,payload_aware_result_v2,full_message,heldout_evaluator_log_probability,payload,-7.607310488922164,,-7.607310488922164,1,100,-7.607310488922164,-7.607310488922164,0,0.95,,
exploratory_smoke_v3_payload_fidelity_v2_not_for_confirmatory_pooling,smoke_v3_exploratory,mistral_7b_instruct_v0_3_q4_k_m,nonseg_ascii_b16,forum_question_answer,aes256_gcm_base64,,,,payload_fidelity_v2,payload_aware_result_v2,full_message,heldout_evaluator_log_probability,payload,-5.470494151516934,,-5.470494151516934,1,100,-5.470494151516934,-5.470494151516934,0,0.95,,
exploratory_smoke_v3_payload_fidelity_v2_not_for_confirmatory_pooling,smoke_v3_exploratory,mistral_7b_instruct_v0_3_q4_k_m,nonseg_ascii_b8,professional_communication,uuid_v4,,,,payload_fidelity_v2,payload_aware_result_v2,full_message,heldout_evaluator_log_probability,payload,-4.64040340734507,,-4.64040340734507,1,100,-4.64040340734507,-4.64040340734507,0,0.95,,
exploratory_smoke_v3_payload_fidelity_v2_not_for_confirmatory_pooling,smoke_v3_exploratory,mistral_7b_instruct_v0_3_q4_k_m,nonseg_hex_nibble_b16,recipe_procedure,nonce_96_bit_hex,,,,payload_fidelity_v2,payload_aware_result_v2,full_message,heldout_evaluator_log_probability,payload,-5.141475426342052,,-5.141475426342052,1,100,-5.141475426342052,-5.141475426342052,0,0.95,,
exploratory_smoke_v3_payload_fidelity_v2_not_for_confirmatory_pooling,smoke_v3_exploratory,mistral_7b_instruct_v0_3_q4_k_m,segmented_hex_multi_topic,casual_conversation,nonce_96_bit_hex,,,,payload_fidelity_v2,payload_aware_result_v2,full_message,heldout_evaluator_log_probability,payload,-2.231734799410922,,-2.231734799410922,1,100,-2.231734799410922,-2.231734799410922,0,0.95,,
exploratory_smoke_v3_payload_fidelity_v2_not_for_confirmatory_pooling,smoke_v3_exploratory,mistral_7b_instruct_v0_3_q4_k_m,segmented_hex_multi_topic,factual_explanatory,sha256_hex,,,,payload_fidelity_v2,payload_aware_result_v2,full_message,heldout_evaluator_log_probability,payload,-2.671024068132087,,-2.671024068132087,1,100,-2.671024068132087,-2.671024068132087,0,0.95,,
exploratory_smoke_v3_payload_fidelity_v2_not_for_confirmatory_pooling,smoke_v3_exploratory,mistral_7b_instruct_v0_3_q4_k_m,segmented_hex_multi_topic,factual_explanatory,token_128_bit_hex,,,,payload_fidelity_v2,payload_aware_result_v2,full_message,heldout_evaluator_log_probability,payload,-2.61903258607872,,-2.61903258607872,1,100,-2.61903258607872,-2.61903258607872,0,0.95,,
exploratory_smoke_v3_payload_fidelity_v2_not_for_confirmatory_pooling,smoke_v3_exploratory,mistral_7b_instruct_v0_3_q4_k_m,segmented_hex_multi_topic,forum_question_answer,sha256_hex,,,,payload_fidelity_v2,payload_aware_result_v2,full_message,heldout_evaluator_log_probability,payload,-1.7548046853026151,,-1.7548046853026151,1,100,-1.7548046853026151,-1.7548046853026151,0,0.95,,
exploratory_smoke_v3_payload_fidelity_v2_not_for_confirmatory_pooling,smoke_v3_exploratory,mistral_7b_instruct_v0_3_q4_k_m,segmented_hex_multi_topic,personal_narrative_blog,nonce_96_bit_hex,,,,payload_fidelity_v2,payload_aware_result_v2,full_message,heldout_evaluator_log_probability,payload,-1.73165465749606,,-1.73165465749606,1,100,-1.73165465749606,-1.73165465749606,0,0.95,,
exploratory_smoke_v3_payload_fidelity_v2_not_for_confirmatory_pooling,smoke_v3_exploratory,mistral_7b_instruct_v0_3_q4_k_m,segmented_hex_multi_topic,recipe_procedure,token_128_bit_hex,,,,payload_fidelity_v2,payload_aware_result_v2,full_message,heldout_evaluator_log_probability,payload,-5.59285891903146,,-5.59285891903146,1,100,-5.59285891903146,-5.59285891903146,0,0.95,,
exploratory_smoke_v3_payload_fidelity_v2_not_for_confirmatory_pooling,smoke_v3_exploratory,mistral_7b_instruct_v0_3_q4_k_m,segmented_hex_single_topic,personal_narrative_blog,token_128_bit_hex,,,,payload_fidelity_v2,payload_aware_result_v2,full_message,heldout_evaluator_log_probability,payload,-2.539128196399696,,-2.539128196399696,1,100,-2.539128196399696,-2.539128196399696,0,0.95,,
exploratory_smoke_v3_payload_fidelity_v2_not_for_confirmatory_pooling,smoke_v3_exploratory,qwen2_5_7b_instruct_q4_k_m,direct_subword_calgacus,casual_conversation,ed25519_signature_base64,,,,payload_fidelity_v2,payload_aware_result_v2,full_message,heldout_evaluator_log_probability,payload,-7.042362869048316,,-7.042362869048316,1,100,-7.042362869048316,-7.042362869048316,0,0.95,,
exploratory_smoke_v3_payload_fidelity_v2_not_for_confirmatory_pooling,smoke_v3_exploratory,qwen2_5_7b_instruct_q4_k_m,nonseg_ascii_b16,forum_question_answer,chacha20_poly1305_base64,,,,payload_fidelity_v2,payload_aware_result_v2,full_message,heldout_evaluator_log_probability,payload,-4.0285064235574914,,-4.0285064235574914,1,100,-4.0285064235574914,-4.0285064235574914,0,0.95,,
exploratory_smoke_v3_payload_fidelity_v2_not_for_confirmatory_pooling,smoke_v3_exploratory,qwen2_5_7b_instruct_q4_k_m,nonseg_ascii_b8,professional_communication,uuid_v4,,,,payload_fidelity_v2,payload_aware_result_v2,full_message,heldout_evaluator_log_probability,payload,-3.516666921814381,,-3.516666921814381,1,100,-3.516666921814381,-3.516666921814381,0,0.95,,
exploratory_smoke_v3_payload_fidelity_v2_not_for_confirmatory_pooling,smoke_v3_exploratory,qwen2_5_7b_instruct_q4_k_m,nonseg_hex_nibble_b16,recipe_procedure,token_128_bit_hex,,,,payload_fidelity_v2,payload_aware_result_v2,full_message,heldout_evaluator_log_probability,payload,-4.611677853589607,,-4.611677853589607,1,100,-4.611677853589607,-4.611677853589607,0,0.95,,
exploratory_smoke_v3_payload_fidelity_v2_not_for_confirmatory_pooling,smoke_v3_exploratory,qwen2_5_7b_instruct_q4_k_m,segmented_hex_multi_topic,casual_conversation,nonce_96_bit_hex,,,,payload_fidelity_v2,payload_aware_result_v2,full_message,heldout_evaluator_log_probability,payload,-2.021476682683867,,-2.021476682683867,1,100,-2.021476682683867,-2.021476682683867,0,0.95,,
exploratory_smoke_v3_payload_fidelity_v2_not_for_confirmatory_pooling,smoke_v3_exploratory,qwen2_5_7b_instruct_q4_k_m,segmented_hex_multi_topic,factual_explanatory,hmac_sha256_hex,,,,payload_fidelity_v2,payload_aware_result_v2,full_message,heldout_evaluator_log_probability,payload,-1.436883094242075,,-1.436883094242075,1,100,-1.436883094242075,-1.436883094242075,0,0.95,,
exploratory_smoke_v3_payload_fidelity_v2_not_for_confirmatory_pooling,smoke_v3_exploratory,qwen2_5_7b_instruct_q4_k_m,segmented_hex_multi_topic,factual_explanatory,nonce_96_bit_hex,,,,payload_fidelity_v2,payload_aware_result_v2,full_message,heldout_evaluator_log_probability,payload,-1.176411073580036,,-1.176411073580036,1,100,-1.176411073580036,-1.176411073580036,0,0.95,,
exploratory_smoke_v3_payload_fidelity_v2_not_for_confirmatory_pooling,smoke_v3_exploratory,qwen2_5_7b_instruct_q4_k_m,segmented_hex_multi_topic,forum_question_answer,token_128_bit_hex,,,,payload_fidelity_v2,payload_aware_result_v2,full_message,heldout_evaluator_log_probability,payload,-2.209767876680222,,-2.209767876680222,1,100,-2.209767876680222,-2.209767876680222,0,0.95,,
exploratory_smoke_v3_payload_fidelity_v2_not_for_confirmatory_pooling,smoke_v3_exploratory,qwen2_5_7b_instruct_q4_k_m,segmented_hex_multi_topic,personal_narrative_blog,nonce_96_bit_hex,,,,payload_fidelity_v2,payload_aware_result_v2,full_message,heldout_evaluator_log_probability,payload,-2.260598258317923,,-2.260598258317923,1,100,-2.260598258317923,-2.260598258317923,0,0.95,,
exploratory_smoke_v3_payload_fidelity_v2_not_for_confirmatory_pooling,smoke_v3_exploratory,qwen2_5_7b_instruct_q4_k_m,segmented_hex_multi_topic,professional_communication,nonce_96_bit_hex,,,,payload_fidelity_v2,payload_aware_result_v2,full_message,heldout_evaluator_log_probability,payload,-1.262705851112677,,-1.262705851112677,1,100,-1.262705851112677,-1.262705851112677,0,0.95,,
exploratory_smoke_v3_payload_fidelity_v2_not_for_confirmatory_pooling,smoke_v3_exploratory,qwen2_5_7b_instruct_q4_k_m,segmented_hex_multi_topic,recipe_procedure,sha256_hex,,,,payload_fidelity_v2,payload_aware_result_v2,full_message,heldout_evaluator_log_probability,payload,-5.6392064767617,,-5.6392064767617,1,100,-5.6392064767617,-5.6392064767617,0,0.95,,
exploratory_smoke_v3_payload_fidelity_v2_not_for_confirmatory_pooling,smoke_v3_exploratory,qwen2_5_7b_instruct_q4_k_m,segmented_hex_single_topic,personal_narrative_blog,sha256_hex,,,,payload_fidelity_v2,payload_aware_result_v2,full_message,heldout_evaluator_log_probability,payload,-1.577506961344136,,-1.577506961344136,1,100,-1.577506961344136,-1.577506961344136,0,0.95,,
exploratory_smoke_v3_payload_fidelity_v2_not_for_confirmatory_pooling,smoke_v3_exploratory,llama3_8b_instruct_q4_k_m,direct_subword_calgacus,casual_conversation,ed25519_signature_base64,detokenized_text_retokenized,unmodified,none,payload_fidelity_v2,payload_aware_result_v2,,mean_log_probability,payload,-7.417742680973514,,-7.417742680973514,1,100,-7.417742680973514,-7.417742680973514,0,0.95,,
exploratory_smoke_v3_payload_fidelity_v2_not_for_confirmatory_pooling,smoke_v3_exploratory,llama3_8b_instruct_q4_k_m,direct_subword_calgacus,casual_conversation,ed25519_signature_base64,greedy_leadin_regeneration,unmodified,none,payload_fidelity_v2,payload_aware_result_v2,,mean_log_probability,payload,-7.417742680973514,,-7.417742680973514,1,100,-7.417742680973514,-7.417742680973514,0,0.95,,
exploratory_smoke_v3_payload_fidelity_v2_not_for_confirmatory_pooling,smoke_v3_exploratory,llama3_8b_instruct_q4_k_m,direct_subword_calgacus,casual_conversation,ed25519_signature_base64,saved_token_ids,unmodified,none,payload_fidelity_v2,payload_aware_result_v2,,mean_log_probability,payload,-7.417742680973514,,-7.417742680973514,1,100,-7.417742680973514,-7.417742680973514,0,0.95,,
exploratory_smoke_v3_payload_fidelity_v2_not_for_confirmatory_pooling,smoke_v3_exploratory,llama3_8b_instruct_q4_k_m,nonseg_ascii_b16,forum_question_answer,aes256_gcm_base64,detokenized_text_retokenized,unmodified,none,payload_fidelity_v2,payload_aware_result_v2,,mean_log_probability,payload,-3.9873135176982855,,-3.9873135176982855,1,100,-3.9873135176982855,-3.9873135176982855,0,0.95,,
exploratory_smoke_v3_payload_fidelity_v2_not_for_confirmatory_pooling,smoke_v3_exploratory,llama3_8b_instruct_q4_k_m,nonseg_ascii_b16,forum_question_answer,aes256_gcm_base64,greedy_leadin_regeneration,unmodified,none,payload_fidelity_v2,payload_aware_result_v2,,mean_log_probability,payload,-3.9873135176982855,,-3.9873135176982855,1,100,-3.9873135176982855,-3.9873135176982855,0,0.95,,
exploratory_smoke_v3_payload_fidelity_v2_not_for_confirmatory_pooling,smoke_v3_exploratory,llama3_8b_instruct_q4_k_m,nonseg_ascii_b16,forum_question_answer,aes256_gcm_base64,saved_token_ids,unmodified,none,payload_fidelity_v2,payload_aware_result_v2,,mean_log_probability,payload,-3.9873135176982855,,-3.9873135176982855,1,100,-3.9873135176982855,-3.9873135176982855,0,0.95,,
exploratory_smoke_v3_payload_fidelity_v2_not_for_confirmatory_pooling,smoke_v3_exploratory,llama3_8b_instruct_q4_k_m,nonseg_ascii_b8,professional_communication,uuid_v4,detokenized_text_retokenized,unmodified,none,payload_fidelity_v2,payload_aware_result_v2,,mean_log_probability,payload,-3.4775246579349117,,-3.4775246579349117,1,100,-3.4775246579349117,-3.4775246579349117,0,0.95,,
exploratory_smoke_v3_payload_fidelity_v2_not_for_confirmatory_pooling,smoke_v3_exploratory,llama3_8b_instruct_q4_k_m,nonseg_ascii_b8,professional_communication,uuid_v4,greedy_leadin_regeneration,unmodified,none,payload_fidelity_v2,payload_aware_result_v2,,mean_log_probability,payload,-3.4775246579349117,,-3.4775246579349117,1,100,-3.4775246579349117,-3.4775246579349117,0,0.95,,
exploratory_smoke_v3_payload_fidelity_v2_not_for_confirmatory_pooling,smoke_v3_exploratory,llama3_8b_instruct_q4_k_m,nonseg_ascii_b8,professional_communication,uuid_v4,saved_token_ids,unmodified,none,payload_fidelity_v2,payload_aware_result_v2,,mean_log_probability,payload,-3.4775246579349117,,-3.4775246579349117,1,100,-3.4775246579349117,-3.4775246579349117,0,0.95,,
exploratory_smoke_v3_payload_fidelity_v2_not_for_confirmatory_pooling,smoke_v3_exploratory,llama3_8b_instruct_q4_k_m,nonseg_hex_nibble_b16,recipe_procedure,sha256_hex,detokenized_text_retokenized,unmodified,none,payload_fidelity_v2,payload_aware_result_v2,,mean_log_probability,payload,-4.408034335083492,,-4.408034335083492,1,100,-4.408034335083492,-4.408034335083492,0,0.95,,
exploratory_smoke_v3_payload_fidelity_v2_not_for_confirmatory_pooling,smoke_v3_exploratory,llama3_8b_instruct_q4_k_m,nonseg_hex_nibble_b16,recipe_procedure,sha256_hex,greedy_leadin_regeneration,unmodified,none,payload_fidelity_v2,payload_aware_result_v2,,mean_log_probability,payload,-4.408034335083492,,-4.408034335083492,1,100,-4.408034335083492,-4.408034335083492,0,0.95,,
exploratory_smoke_v3_payload_fidelity_v2_not_for_confirmatory_pooling,smoke_v3_exploratory,llama3_8b_instruct_q4_k_m,nonseg_hex_nibble_b16,recipe_procedure,sha256_hex,saved_token_ids,unmodified,none,payload_fidelity_v2,payload_aware_result_v2,,mean_log_probability,payload,-4.408034335083492,,-4.408034335083492,1,100,-4.408034335083492,-4.408034335083492,0,0.95,,
exploratory_smoke_v3_payload_fidelity_v2_not_for_confirmatory_pooling,smoke_v3_exploratory,llama3_8b_instruct_q4_k_m,segmented_hex_multi_topic,casual_conversation,sha256_hex,detokenized_text_retokenized,unmodified,none,payload_fidelity_v2,payload_aware_result_v2,,mean_log_probability,payload,-4.892450590743378,,-4.892450590743378,1,100,-4.892450590743378,-4.892450590743378,0,0.95,,
exploratory_smoke_v3_payload_fidelity_v2_not_for_confirmatory_pooling,smoke_v3_exploratory,llama3_8b_instruct_q4_k_m,segmented_hex_multi_topic,casual_conversation,sha256_hex,greedy_leadin_regeneration,unmodified,none,payload_fidelity_v2,payload_aware_result_v2,,mean_log_probability,payload,-4.892450590743378,,-4.892450590743378,1,100,-4.892450590743378,-4.892450590743378,0,0.95,,
exploratory_smoke_v3_payload_fidelity_v2_not_for_confirmatory_pooling,smoke_v3_exploratory,llama3_8b_instruct_q4_k_m,segmented_hex_multi_topic,casual_conversation,sha256_hex,saved_token_ids,unmodified,none,payload_fidelity_v2,payload_aware_result_v2,,mean_log_probability,payload,-4.892450590743378,,-4.892450590743378,1,100,-4.892450590743378,-4.892450590743378,0,0.95,,
exploratory_smoke_v3_payload_fidelity_v2_not_for_confirmatory_pooling,smoke_v3_exploratory,llama3_8b_instruct_q4_k_m,segmented_hex_multi_topic,factual_explanatory,nonce_96_bit_hex,detokenized_text_retokenized,unmodified,none,payload_fidelity_v2,payload_aware_result_v2,,mean_log_probability,payload,-5.272749145349974,,-5.272749145349974,1,100,-5.272749145349974,-5.272749145349974,0,0.95,,
exploratory_smoke_v3_payload_fidelity_v2_not_for_confirmatory_pooling,smoke_v3_exploratory,llama3_8b_instruct_q4_k_m,segmented_hex_multi_topic,factual_explanatory,nonce_96_bit_hex,greedy_leadin_regeneration,unmodified,none,payload_fidelity_v2,payload_aware_result_v2,,mean_log_probability,payload,-5.272749145349974,,-5.272749145349974,1,100,-5.272749145349974,-5.272749145349974,0,0.95,,
exploratory_smoke_v3_payload_fidelity_v2_not_for_confirmatory_pooling,smoke_v3_exploratory,llama3_8b_instruct_q4_k_m,segmented_hex_multi_topic,factual_explanatory,nonce_96_bit_hex,saved_token_ids,unmodified,none,payload_fidelity_v2,payload_aware_result_v2,,mean_log_probability,payload,-5.272749145349974,,-5.272749145349974,1,100,-5.272749145349974,-5.272749145349974,0,0.95,,
exploratory_smoke_v3_payload_fidelity_v2_not_for_confirmatory_pooling,smoke_v3_exploratory,llama3_8b_instruct_q4_k_m,segmented_hex_multi_topic,factual_explanatory,token_128_bit_hex,detokenized_text_retokenized,unmodified,none,payload_fidelity_v2,payload_aware_result_v2,,mean_log_probability,payload,-6.656860724213452,,-6.656860724213452,1,100,-6.656860724213452,-6.656860724213452,0,0.95,,
exploratory_smoke_v3_payload_fidelity_v2_not_for_confirmatory_pooling,smoke_v3_exploratory,llama3_8b_instruct_q4_k_m,segmented_hex_multi_topic,factual_explanatory,token_128_bit_hex,greedy_leadin_regeneration,unmodified,none,payload_fidelity_v2,payload_aware_result_v2,,mean_log_probability,payload,-6.656860724213452,,-6.656860724213452,1,100,-6.656860724213452,-6.656860724213452,0,0.95,,
exploratory_smoke_v3_payload_fidelity_v2_not_for_confirmatory_pooling,smoke_v3_exploratory,llama3_8b_instruct_q4_k_m,segmented_hex_multi_topic,factual_explanatory,token_128_bit_hex,saved_token_ids,unmodified,none,payload_fidelity_v2,payload_aware_result_v2,,mean_log_probability,payload,-6.656860724213452,,-6.656860724213452,1,100,-6.656860724213452,-6.656860724213452,0,0.95,,
exploratory_smoke_v3_payload_fidelity_v2_not_for_confirmatory_pooling,smoke_v3_exploratory,llama3_8b_instruct_q4_k_m,segmented_hex_multi_topic,forum_question_answer,nonce_96_bit_hex,detokenized_text_retokenized,unmodified,none,payload_fidelity_v2,payload_aware_result_v2,,mean_log_probability,payload,-6.637829738668866,,-6.637829738668866,1,100,-6.637829738668866,-6.637829738668866,0,0.95,,
exploratory_smoke_v3_payload_fidelity_v2_not_for_confirmatory_pooling,smoke_v3_exploratory,llama3_8b_instruct_q4_k_m,segmented_hex_multi_topic,forum_question_answer,nonce_96_bit_hex,greedy_leadin_regeneration,unmodified,none,payload_fidelity_v2,payload_aware_result_v2,,mean_log_probability,payload,-6.637829738668866,,-6.637829738668866,1,100,-6.637829738668866,-6.637829738668866,0,0.95,,
exploratory_smoke_v3_payload_fidelity_v2_not_for_confirmatory_pooling,smoke_v3_exploratory,llama3_8b_instruct_q4_k_m,segmented_hex_multi_topic,forum_question_answer,nonce_96_bit_hex,saved_token_ids,unmodified,none,payload_fidelity_v2,payload_aware_result_v2,,mean_log_probability,payload,-6.637829738668866,,-6.637829738668866,1,100,-6.637829738668866,-6.637829738668866,0,0.95,,
exploratory_smoke_v3_payload_fidelity_v2_not_for_confirmatory_pooling,smoke_v3_exploratory,llama3_8b_instruct_q4_k_m,segmented_hex_multi_topic,personal_narrative_blog,sha256_hex,detokenized_text_retokenized,unmodified,none,payload_fidelity_v2,payload_aware_result_v2,,mean_log_probability,payload,-4.911269899682133,,-4.911269899682133,1,100,-4.911269899682133,-4.911269899682133,0,0.95,,
exploratory_smoke_v3_payload_fidelity_v2_not_for_confirmatory_pooling,smoke_v3_exploratory,llama3_8b_instruct_q4_k_m,segmented_hex_multi_topic,personal_narrative_blog,sha256_hex,greedy_leadin_regeneration,unmodified,none,payload_fidelity_v2,payload_aware_result_v2,,mean_log_probability,payload,-4.911269899682133,,-4.911269899682133,1,100,-4.911269899682133,-4.911269899682133,0,0.95,,
exploratory_smoke_v3_payload_fidelity_v2_not_for_confirmatory_pooling,smoke_v3_exploratory,llama3_8b_instruct_q4_k_m,segmented_hex_multi_topic,personal_narrative_blog,sha256_hex,saved_token_ids,unmodified,none,payload_fidelity_v2,payload_aware_result_v2,,mean_log_probability,payload,-4.911269899682133,,-4.911269899682133,1,100,-4.911269899682133,-4.911269899682133,0,0.95,,
exploratory_smoke_v3_payload_fidelity_v2_not_for_confirmatory_pooling,smoke_v3_exploratory,llama3_8b_instruct_q4_k_m,segmented_hex_multi_topic,professional_communication,nonce_96_bit_hex,detokenized_text_retokenized,unmodified,none,payload_fidelity_v2,payload_aware_result_v2,,mean_log_probability,payload,-5.328216427781193,,-5.328216427781193,1,100,-5.328216427781193,-5.328216427781193,0,0.95,,
exploratory_smoke_v3_payload_fidelity_v2_not_for_confirmatory_pooling,smoke_v3_exploratory,llama3_8b_instruct_q4_k_m,segmented_hex_multi_topic,professional_communication,nonce_96_bit_hex,greedy_leadin_regeneration,unmodified,none,payload_fidelity_v2,payload_aware_result_v2,,mean_log_probability,payload,-5.328216427781193,,-5.328216427781193,1,100,-5.328216427781193,-5.328216427781193,0,0.95,,
exploratory_smoke_v3_payload_fidelity_v2_not_for_confirmatory_pooling,smoke_v3_exploratory,llama3_8b_instruct_q4_k_m,segmented_hex_multi_topic,professional_communication,nonce_96_bit_hex,saved_token_ids,unmodified,none,payload_fidelity_v2,payload_aware_result_v2,,mean_log_probability,payload,-5.328216427781193,,-5.328216427781193,1,100,-5.328216427781193,-5.328216427781193,0,0.95,,
exploratory_smoke_v3_payload_fidelity_v2_not_for_confirmatory_pooling,smoke_v3_exploratory,llama3_8b_instruct_q4_k_m,segmented_hex_multi_topic,recipe_procedure,token_128_bit_hex,detokenized_text_retokenized,unmodified,none,payload_fidelity_v2,payload_aware_result_v2,,mean_log_probability,payload,-4.42217622875533,,-4.42217622875533,1,100,-4.42217622875533,-4.42217622875533,0,0.95,,
exploratory_smoke_v3_payload_fidelity_v2_not_for_confirmatory_pooling,smoke_v3_exploratory,llama3_8b_instruct_q4_k_m,segmented_hex_multi_topic,recipe_procedure,token_128_bit_hex,greedy_leadin_regeneration,unmodified,none,payload_fidelity_v2,payload_aware_result_v2,,mean_log_probability,payload,-4.42217622875533,,-4.42217622875533,1,100,-4.42217622875533,-4.42217622875533,0,0.95,,
exploratory_smoke_v3_payload_fidelity_v2_not_for_confirmatory_pooling,smoke_v3_exploratory,llama3_8b_instruct_q4_k_m,segmented_hex_multi_topic,recipe_procedure,token_128_bit_hex,saved_token_ids,unmodified,none,payload_fidelity_v2,payload_aware_result_v2,,mean_log_probability,payload,-4.42217622875533,,-4.42217622875533,1,100,-4.42217622875533,-4.42217622875533,0,0.95,,
exploratory_smoke_v3_payload_fidelity_v2_not_for_confirmatory_pooling,smoke_v3_exploratory,llama3_8b_instruct_q4_k_m,segmented_hex_single_topic,personal_narrative_blog,hmac_sha256_hex,detokenized_text_retokenized,unmodified,none,payload_fidelity_v2,payload_aware_result_v2,,mean_log_probability,payload,-4.640531875542392,,-4.640531875542392,1,100,-4.640531875542392,-4.640531875542392,0,0.95,,
exploratory_smoke_v3_payload_fidelity_v2_not_for_confirmatory_pooling,smoke_v3_exploratory,llama3_8b_instruct_q4_k_m,segmented_hex_single_topic,personal_narrative_blog,hmac_sha256_hex,greedy_leadin_regeneration,unmodified,none,payload_fidelity_v2,payload_aware_result_v2,,mean_log_probability,payload,-4.640531875542392,,-4.640531875542392,1,100,-4.640531875542392,-4.640531875542392,0,0.95,,
exploratory_smoke_v3_payload_fidelity_v2_not_for_confirmatory_pooling,smoke_v3_exploratory,llama3_8b_instruct_q4_k_m,segmented_hex_single_topic,personal_narrative_blog,hmac_sha256_hex,saved_token_ids,unmodified,none,payload_fidelity_v2,payload_aware_result_v2,,mean_log_probability,payload,-4.640531875542392,,-4.640531875542392,1,100,-4.640531875542392,-4.640531875542392,0,0.95,,
exploratory_smoke_v3_payload_fidelity_v2_not_for_confirmatory_pooling,smoke_v3_exploratory,mistral_7b_instruct_v0_3_q4_k_m,direct_subword_calgacus,casual_conversation,ed25519_signature_base64,detokenized_text_retokenized,unmodified,none,payload_fidelity_v2,payload_aware_result_v2,,mean_log_probability,payload,-6.115616872355105,,-6.115616872355105,1,100,-6.115616872355105,-6.115616872355105,0,0.95,,
exploratory_smoke_v3_payload_fidelity_v2_not_for_confirmatory_pooling,smoke_v3_exploratory,mistral_7b_instruct_v0_3_q4_k_m,direct_subword_calgacus,casual_conversation,ed25519_signature_base64,greedy_leadin_regeneration,unmodified,none,payload_fidelity_v2,payload_aware_result_v2,,mean_log_probability,payload,-6.115616872355105,,-6.115616872355105,1,100,-6.115616872355105,-6.115616872355105,0,0.95,,
exploratory_smoke_v3_payload_fidelity_v2_not_for_confirmatory_pooling,smoke_v3_exploratory,mistral_7b_instruct_v0_3_q4_k_m,direct_subword_calgacus,casual_conversation,ed25519_signature_base64,saved_token_ids,unmodified,none,payload_fidelity_v2,payload_aware_result_v2,,mean_log_probability,payload,-6.115616872355105,,-6.115616872355105,1,100,-6.115616872355105,-6.115616872355105,0,0.95,,
exploratory_smoke_v3_payload_fidelity_v2_not_for_confirmatory_pooling,smoke_v3_exploratory,mistral_7b_instruct_v0_3_q4_k_m,nonseg_ascii_b16,forum_question_answer,aes256_gcm_base64,detokenized_text_retokenized,unmodified,none,payload_fidelity_v2,payload_aware_result_v2,,mean_log_probability,payload,-4.502629656289923,,-4.502629656289923,1,100,-4.502629656289923,-4.502629656289923,0,0.95,,
exploratory_smoke_v3_payload_fidelity_v2_not_for_confirmatory_pooling,smoke_v3_exploratory,mistral_7b_instruct_v0_3_q4_k_m,nonseg_ascii_b16,forum_question_answer,aes256_gcm_base64,greedy_leadin_regeneration,unmodified,none,payload_fidelity_v2,payload_aware_result_v2,,mean_log_probability,payload,-4.502629656289923,,-4.502629656289923,1,100,-4.502629656289923,-4.502629656289923,0,0.95,,
exploratory_smoke_v3_payload_fidelity_v2_not_for_confirmatory_pooling,smoke_v3_exploratory,mistral_7b_instruct_v0_3_q4_k_m,nonseg_ascii_b16,forum_question_answer,aes256_gcm_base64,saved_token_ids,unmodified,none,payload_fidelity_v2,payload_aware_result_v2,,mean_log_probability,payload,-4.502629656289923,,-4.502629656289923,1,100,-4.502629656289923,-4.502629656289923,0,0.95,,
exploratory_smoke_v3_payload_fidelity_v2_not_for_confirmatory_pooling,smoke_v3_exploratory,mistral_7b_instruct_v0_3_q4_k_m,nonseg_ascii_b8,professional_communication,uuid_v4,detokenized_text_retokenized,unmodified,none,payload_fidelity_v2,payload_aware_result_v2,,mean_log_probability,payload,-3.82638644903491,,-3.82638644903491,1,100,-3.82638644903491,-3.82638644903491,0,0.95,,
exploratory_smoke_v3_payload_fidelity_v2_not_for_confirmatory_pooling,smoke_v3_exploratory,mistral_7b_instruct_v0_3_q4_k_m,nonseg_ascii_b8,professional_communication,uuid_v4,greedy_leadin_regeneration,unmodified,none,payload_fidelity_v2,payload_aware_result_v2,,mean_log_probability,payload,-3.82638644903491,,-3.82638644903491,1,100,-3.82638644903491,-3.82638644903491,0,0.95,,
exploratory_smoke_v3_payload_fidelity_v2_not_for_confirmatory_pooling,smoke_v3_exploratory,mistral_7b_instruct_v0_3_q4_k_m,nonseg_ascii_b8,professional_communication,uuid_v4,saved_token_ids,unmodified,none,payload_fidelity_v2,payload_aware_result_v2,,mean_log_probability,payload,-3.82638644903491,,-3.82638644903491,1,100,-3.82638644903491,-3.82638644903491,0,0.95,,
exploratory_smoke_v3_payload_fidelity_v2_not_for_confirmatory_pooling,smoke_v3_exploratory,mistral_7b_instruct_v0_3_q4_k_m,nonseg_hex_nibble_b16,recipe_procedure,nonce_96_bit_hex,detokenized_text_retokenized,unmodified,none,payload_fidelity_v2,payload_aware_result_v2,,mean_log_probability,payload,-5.347011722915165,,-5.347011722915165,1,100,-5.347011722915165,-5.347011722915165,0,0.95,,
exploratory_smoke_v3_payload_fidelity_v2_not_for_confirmatory_pooling,smoke_v3_exploratory,mistral_7b_instruct_v0_3_q4_k_m,nonseg_hex_nibble_b16,recipe_procedure,nonce_96_bit_hex,greedy_leadin_regeneration,unmodified,none,payload_fidelity_v2,payload_aware_result_v2,,mean_log_probability,payload,-5.347011722915165,,-5.347011722915165,1,100,-5.347011722915165,-5.347011722915165,0,0.95,,
exploratory_smoke_v3_payload_fidelity_v2_not_for_confirmatory_pooling,smoke_v3_exploratory,mistral_7b_instruct_v0_3_q4_k_m,nonseg_hex_nibble_b16,recipe_procedure,nonce_96_bit_hex,saved_token_ids,unmodified,none,payload_fidelity_v2,payload_aware_result_v2,,mean_log_probability,payload,-5.347011722915165,,-5.347011722915165,1,100,-5.347011722915165,-5.347011722915165,0,0.95,,
exploratory_smoke_v3_payload_fidelity_v2_not_for_confirmatory_pooling,smoke_v3_exploratory,mistral_7b_instruct_v0_3_q4_k_m,segmented_hex_multi_topic,casual_conversation,nonce_96_bit_hex,detokenized_text_retokenized,unmodified,none,payload_fidelity_v2,payload_aware_result_v2,,mean_log_probability,payload,-5.371469251515552,,-5.371469251515552,1,100,-5.371469251515552,-5.371469251515552,0,0.95,,
exploratory_smoke_v3_payload_fidelity_v2_not_for_confirmatory_pooling,smoke_v3_exploratory,mistral_7b_instruct_v0_3_q4_k_m,segmented_hex_multi_topic,casual_conversation,nonce_96_bit_hex,greedy_leadin_regeneration,unmodified,none,payload_fidelity_v2,payload_aware_result_v2,,mean_log_probability,payload,-5.371469251515552,,-5.371469251515552,1,100,-5.371469251515552,-5.371469251515552,0,0.95,,
exploratory_smoke_v3_payload_fidelity_v2_not_for_confirmatory_pooling,smoke_v3_exploratory,mistral_7b_instruct_v0_3_q4_k_m,segmented_hex_multi_topic,casual_conversation,nonce_96_bit_hex,saved_token_ids,unmodified,none,payload_fidelity_v2,payload_aware_result_v2,,mean_log_probability,payload,-5.371469251515552,,-5.371469251515552,1,100,-5.371469251515552,-5.371469251515552,0,0.95,,
exploratory_smoke_v3_payload_fidelity_v2_not_for_confirmatory_pooling,smoke_v3_exploratory,mistral_7b_instruct_v0_3_q4_k_m,segmented_hex_multi_topic,factual_explanatory,sha256_hex,detokenized_text_retokenized,unmodified,none,payload_fidelity_v2,payload_aware_result_v2,,mean_log_probability,payload,-5.302126682665638,,-5.302126682665638,1,100,-5.302126682665638,-5.302126682665638,0,0.95,,
exploratory_smoke_v3_payload_fidelity_v2_not_for_confirmatory_pooling,smoke_v3_exploratory,mistral_7b_instruct_v0_3_q4_k_m,segmented_hex_multi_topic,factual_explanatory,sha256_hex,greedy_leadin_regeneration,unmodified,none,payload_fidelity_v2,payload_aware_result_v2,,mean_log_probability,payload,-5.302126682665638,,-5.302126682665638,1,100,-5.302126682665638,-5.302126682665638,0,0.95,,
exploratory_smoke_v3_payload_fidelity_v2_not_for_confirmatory_pooling,smoke_v3_exploratory,mistral_7b_instruct_v0_3_q4_k_m,segmented_hex_multi_topic,factual_explanatory,sha256_hex,saved_token_ids,unmodified,none,payload_fidelity_v2,payload_aware_result_v2,,mean_log_probability,payload,-5.302126682665638,,-5.302126682665638,1,100,-5.302126682665638,-5.302126682665638,0,0.95,,
exploratory_smoke_v3_payload_fidelity_v2_not_for_confirmatory_pooling,smoke_v3_exploratory,mistral_7b_instruct_v0_3_q4_k_m,segmented_hex_multi_topic,factual_explanatory,token_128_bit_hex,detokenized_text_retokenized,unmodified,none,payload_fidelity_v2,payload_aware_result_v2,,mean_log_probability,payload,-6.427254824048108,,-6.427254824048108,1,100,-6.427254824048108,-6.427254824048108,0,0.95,,
exploratory_smoke_v3_payload_fidelity_v2_not_for_confirmatory_pooling,smoke_v3_exploratory,mistral_7b_instruct_v0_3_q4_k_m,segmented_hex_multi_topic,factual_explanatory,token_128_bit_hex,greedy_leadin_regeneration,unmodified,none,payload_fidelity_v2,payload_aware_result_v2,,mean_log_probability,payload,-6.427254824048108,,-6.427254824048108,1,100,-6.427254824048108,-6.427254824048108,0,0.95,,
exploratory_smoke_v3_payload_fidelity_v2_not_for_confirmatory_pooling,smoke_v3_exploratory,mistral_7b_instruct_v0_3_q4_k_m,segmented_hex_multi_topic,factual_explanatory,token_128_bit_hex,saved_token_ids,unmodified,none,payload_fidelity_v2,payload_aware_result_v2,,mean_log_probability,payload,-6.427254824048108,,-6.427254824048108,1,100,-6.427254824048108,-6.427254824048108,0,0.95,,
exploratory_smoke_v3_payload_fidelity_v2_not_for_confirmatory_pooling,smoke_v3_exploratory,mistral_7b_instruct_v0_3_q4_k_m,segmented_hex_multi_topic,forum_question_answer,sha256_hex,detokenized_text_retokenized,unmodified,none,payload_fidelity_v2,payload_aware_result_v2,,mean_log_probability,payload,-6.577981935121049,,-6.577981935121049,1,100,-6.577981935121049,-6.577981935121049,0,0.95,,
exploratory_smoke_v3_payload_fidelity_v2_not_for_confirmatory_pooling,smoke_v3_exploratory,mistral_7b_instruct_v0_3_q4_k_m,segmented_hex_multi_topic,forum_question_answer,sha256_hex,greedy_leadin_regeneration,unmodified,none,payload_fidelity_v2,payload_aware_result_v2,,mean_log_probability,payload,-6.577981935121049,,-6.577981935121049,1,100,-6.577981935121049,-6.577981935121049,0,0.95,,
exploratory_smoke_v3_payload_fidelity_v2_not_for_confirmatory_pooling,smoke_v3_exploratory,mistral_7b_instruct_v0_3_q4_k_m,segmented_hex_multi_topic,forum_question_answer,sha256_hex,saved_token_ids,unmodified,none,payload_fidelity_v2,payload_aware_result_v2,,mean_log_probability,payload,-6.577981935121049,,-6.577981935121049,1,100,-6.577981935121049,-6.577981935121049,0,0.95,,
exploratory_smoke_v3_payload_fidelity_v2_not_for_confirmatory_pooling,smoke_v3_exploratory,mistral_7b_instruct_v0_3_q4_k_m,segmented_hex_multi_topic,personal_narrative_blog,nonce_96_bit_hex,detokenized_text_retokenized,unmodified,none,payload_fidelity_v2,payload_aware_result_v2,,mean_log_probability,payload,-5.069214422561667,,-5.069214422561667,1,100,-5.069214422561667,-5.069214422561667,0,0.95,,
exploratory_smoke_v3_payload_fidelity_v2_not_for_confirmatory_pooling,smoke_v3_exploratory,mistral_7b_instruct_v0_3_q4_k_m,segmented_hex_multi_topic,personal_narrative_blog,nonce_96_bit_hex,greedy_leadin_regeneration,unmodified,none,payload_fidelity_v2,payload_aware_result_v2,,mean_log_probability,payload,-5.069214422561667,,-5.069214422561667,1,100,-5.069214422561667,-5.069214422561667,0,0.95,,
exploratory_smoke_v3_payload_fidelity_v2_not_for_confirmatory_pooling,smoke_v3_exploratory,mistral_7b_instruct_v0_3_q4_k_m,segmented_hex_multi_topic,personal_narrative_blog,nonce_96_bit_hex,saved_token_ids,unmodified,none,payload_fidelity_v2,payload_aware_result_v2,,mean_log_probability,payload,-5.069214422561667,,-5.069214422561667,1,100,-5.069214422561667,-5.069214422561667,0,0.95,,
exploratory_smoke_v3_payload_fidelity_v2_not_for_confirmatory_pooling,smoke_v3_exploratory,mistral_7b_instruct_v0_3_q4_k_m,segmented_hex_multi_topic,recipe_procedure,token_128_bit_hex,detokenized_text_retokenized,unmodified,none,payload_fidelity_v2,payload_aware_result_v2,,mean_log_probability,payload,-4.598775760408845,,-4.598775760408845,1,100,-4.598775760408845,-4.598775760408845,0,0.95,,
exploratory_smoke_v3_payload_fidelity_v2_not_for_confirmatory_pooling,smoke_v3_exploratory,mistral_7b_instruct_v0_3_q4_k_m,segmented_hex_multi_topic,recipe_procedure,token_128_bit_hex,greedy_leadin_regeneration,unmodified,none,payload_fidelity_v2,payload_aware_result_v2,,mean_log_probability,payload,-4.598775760408845,,-4.598775760408845,1,100,-4.598775760408845,-4.598775760408845,0,0.95,,
exploratory_smoke_v3_payload_fidelity_v2_not_for_confirmatory_pooling,smoke_v3_exploratory,mistral_7b_instruct_v0_3_q4_k_m,segmented_hex_multi_topic,recipe_procedure,token_128_bit_hex,saved_token_ids,unmodified,none,payload_fidelity_v2,payload_aware_result_v2,,mean_log_probability,payload,-4.598775760408845,,-4.598775760408845,1,100,-4.598775760408845,-4.598775760408845,0,0.95,,
exploratory_smoke_v3_payload_fidelity_v2_not_for_confirmatory_pooling,smoke_v3_exploratory,mistral_7b_instruct_v0_3_q4_k_m,segmented_hex_single_topic,personal_narrative_blog,token_128_bit_hex,detokenized_text_retokenized,unmodified,none,payload_fidelity_v2,payload_aware_result_v2,,mean_log_probability,payload,-4.912280988133592,,-4.912280988133592,1,100,-4.912280988133592,-4.912280988133592,0,0.95,,
exploratory_smoke_v3_payload_fidelity_v2_not_for_confirmatory_pooling,smoke_v3_exploratory,mistral_7b_instruct_v0_3_q4_k_m,segmented_hex_single_topic,personal_narrative_blog,token_128_bit_hex,greedy_leadin_regeneration,unmodified,none,payload_fidelity_v2,payload_aware_result_v2,,mean_log_probability,payload,-4.912280988133592,,-4.912280988133592,1,100,-4.912280988133592,-4.912280988133592,0,0.95,,
exploratory_smoke_v3_payload_fidelity_v2_not_for_confirmatory_pooling,smoke_v3_exploratory,mistral_7b_instruct_v0_3_q4_k_m,segmented_hex_single_topic,personal_narrative_blog,token_128_bit_hex,saved_token_ids,unmodified,none,payload_fidelity_v2,payload_aware_result_v2,,mean_log_probability,payload,-4.912280988133592,,-4.912280988133592,1,100,-4.912280988133592,-4.912280988133592,0,0.95,,
exploratory_smoke_v3_payload_fidelity_v2_not_for_confirmatory_pooling,smoke_v3_exploratory,qwen2_5_7b_instruct_q4_k_m,direct_subword_calgacus,casual_conversation,ed25519_signature_base64,detokenized_text_retokenized,unmodified,none,payload_fidelity_v2,payload_aware_result_v2,,mean_log_probability,payload,-6.920611851177172,,-6.920611851177172,1,100,-6.920611851177172,-6.920611851177172,0,0.95,,
exploratory_smoke_v3_payload_fidelity_v2_not_for_confirmatory_pooling,smoke_v3_exploratory,qwen2_5_7b_instruct_q4_k_m,direct_subword_calgacus,casual_conversation,ed25519_signature_base64,greedy_leadin_regeneration,unmodified,none,payload_fidelity_v2,payload_aware_result_v2,,mean_log_probability,payload,-6.920611851177172,,-6.920611851177172,1,100,-6.920611851177172,-6.920611851177172,0,0.95,,
exploratory_smoke_v3_payload_fidelity_v2_not_for_confirmatory_pooling,smoke_v3_exploratory,qwen2_5_7b_instruct_q4_k_m,direct_subword_calgacus,casual_conversation,ed25519_signature_base64,saved_token_ids,unmodified,none,payload_fidelity_v2,payload_aware_result_v2,,mean_log_probability,payload,-6.920611851177172,,-6.920611851177172,1,100,-6.920611851177172,-6.920611851177172,0,0.95,,
exploratory_smoke_v3_payload_fidelity_v2_not_for_confirmatory_pooling,smoke_v3_exploratory,qwen2_5_7b_instruct_q4_k_m,nonseg_ascii_b16,forum_question_answer,chacha20_poly1305_base64,detokenized_text_retokenized,unmodified,none,payload_fidelity_v2,payload_aware_result_v2,,mean_log_probability,payload,-4.264520432753695,,-4.264520432753695,1,100,-4.264520432753695,-4.264520432753695,0,0.95,,
exploratory_smoke_v3_payload_fidelity_v2_not_for_confirmatory_pooling,smoke_v3_exploratory,qwen2_5_7b_instruct_q4_k_m,nonseg_ascii_b16,forum_question_answer,chacha20_poly1305_base64,greedy_leadin_regeneration,unmodified,none,payload_fidelity_v2,payload_aware_result_v2,,mean_log_probability,payload,-4.264520432753695,,-4.264520432753695,1,100,-4.264520432753695,-4.264520432753695,0,0.95,,
exploratory_smoke_v3_payload_fidelity_v2_not_for_confirmatory_pooling,smoke_v3_exploratory,qwen2_5_7b_instruct_q4_k_m,nonseg_ascii_b16,forum_question_answer,chacha20_poly1305_base64,saved_token_ids,unmodified,none,payload_fidelity_v2,payload_aware_result_v2,,mean_log_probability,payload,-4.264520432753695,,-4.264520432753695,1,100,-4.264520432753695,-4.264520432753695,0,0.95,,
exploratory_smoke_v3_payload_fidelity_v2_not_for_confirmatory_pooling,smoke_v3_exploratory,qwen2_5_7b_instruct_q4_k_m,nonseg_ascii_b8,professional_communication,uuid_v4,detokenized_text_retokenized,unmodified,none,payload_fidelity_v2,payload_aware_result_v2,,mean_log_probability,payload,-3.548937311736136,,-3.548937311736136,1,100,-3.548937311736136,-3.548937311736136,0,0.95,,
exploratory_smoke_v3_payload_fidelity_v2_not_for_confirmatory_pooling,smoke_v3_exploratory,qwen2_5_7b_instruct_q4_k_m,nonseg_ascii_b8,professional_communication,uuid_v4,greedy_leadin_regeneration,unmodified,none,payload_fidelity_v2,payload_aware_result_v2,,mean_log_probability,payload,-3.548937311736136,,-3.548937311736136,1,100,-3.548937311736136,-3.548937311736136,0,0.95,,
exploratory_smoke_v3_payload_fidelity_v2_not_for_confirmatory_pooling,smoke_v3_exploratory,qwen2_5_7b_instruct_q4_k_m,nonseg_ascii_b8,professional_communication,uuid_v4,saved_token_ids,unmodified,none,payload_fidelity_v2,payload_aware_result_v2,,mean_log_probability,payload,-3.548937311736136,,-3.548937311736136,1,100,-3.548937311736136,-3.548937311736136,0,0.95,,
exploratory_smoke_v3_payload_fidelity_v2_not_for_confirmatory_pooling,smoke_v3_exploratory,qwen2_5_7b_instruct_q4_k_m,nonseg_hex_nibble_b16,recipe_procedure,token_128_bit_hex,detokenized_text_retokenized,unmodified,none,payload_fidelity_v2,payload_aware_result_v2,,mean_log_probability,payload,-5.3346084361608845,,-5.3346084361608845,1,100,-5.3346084361608845,-5.3346084361608845,0,0.95,,
exploratory_smoke_v3_payload_fidelity_v2_not_for_confirmatory_pooling,smoke_v3_exploratory,qwen2_5_7b_instruct_q4_k_m,nonseg_hex_nibble_b16,recipe_procedure,token_128_bit_hex,greedy_leadin_regeneration,unmodified,none,payload_fidelity_v2,payload_aware_result_v2,,mean_log_probability,payload,-5.3346084361608845,,-5.3346084361608845,1,100,-5.3346084361608845,-5.3346084361608845,0,0.95,,
exploratory_smoke_v3_payload_fidelity_v2_not_for_confirmatory_pooling,smoke_v3_exploratory,qwen2_5_7b_instruct_q4_k_m,nonseg_hex_nibble_b16,recipe_procedure,token_128_bit_hex,saved_token_ids,unmodified,none,payload_fidelity_v2,payload_aware_result_v2,,mean_log_probability,payload,-5.3346084361608845,,-5.3346084361608845,1,100,-5.3346084361608845,-5.3346084361608845,0,0.95,,
exploratory_smoke_v3_payload_fidelity_v2_not_for_confirmatory_pooling,smoke_v3_exploratory,qwen2_5_7b_instruct_q4_k_m,segmented_hex_multi_topic,casual_conversation,nonce_96_bit_hex,detokenized_text_retokenized,unmodified,none,payload_fidelity_v2,payload_aware_result_v2,,mean_log_probability,payload,-7.055633450873313,,-7.055633450873313,1,100,-7.055633450873313,-7.055633450873313,0,0.95,,
exploratory_smoke_v3_payload_fidelity_v2_not_for_confirmatory_pooling,smoke_v3_exploratory,qwen2_5_7b_instruct_q4_k_m,segmented_hex_multi_topic,casual_conversation,nonce_96_bit_hex,greedy_leadin_regeneration,unmodified,none,payload_fidelity_v2,payload_aware_result_v2,,mean_log_probability,payload,-7.055633450873313,,-7.055633450873313,1,100,-7.055633450873313,-7.055633450873313,0,0.95,,
exploratory_smoke_v3_payload_fidelity_v2_not_for_confirmatory_pooling,smoke_v3_exploratory,qwen2_5_7b_instruct_q4_k_m,segmented_hex_multi_topic,casual_conversation,nonce_96_bit_hex,saved_token_ids,unmodified,none,payload_fidelity_v2,payload_aware_result_v2,,mean_log_probability,payload,-7.055633450873313,,-7.055633450873313,1,100,-7.055633450873313,-7.055633450873313,0,0.95,,
exploratory_smoke_v3_payload_fidelity_v2_not_for_confirmatory_pooling,smoke_v3_exploratory,qwen2_5_7b_instruct_q4_k_m,segmented_hex_multi_topic,factual_explanatory,hmac_sha256_hex,detokenized_text_retokenized,unmodified,none,payload_fidelity_v2,payload_aware_result_v2,,mean_log_probability,payload,-5.2649509559774605,,-5.2649509559774605,1,100,-5.2649509559774605,-5.2649509559774605,0,0.95,,
exploratory_smoke_v3_payload_fidelity_v2_not_for_confirmatory_pooling,smoke_v3_exploratory,qwen2_5_7b_instruct_q4_k_m,segmented_hex_multi_topic,factual_explanatory,hmac_sha256_hex,greedy_leadin_regeneration,unmodified,none,payload_fidelity_v2,payload_aware_result_v2,,mean_log_probability,payload,-5.2649509559774605,,-5.2649509559774605,1,100,-5.2649509559774605,-5.2649509559774605,0,0.95,,
exploratory_smoke_v3_payload_fidelity_v2_not_for_confirmatory_pooling,smoke_v3_exploratory,qwen2_5_7b_instruct_q4_k_m,segmented_hex_multi_topic,factual_explanatory,hmac_sha256_hex,saved_token_ids,unmodified,none,payload_fidelity_v2,payload_aware_result_v2,,mean_log_probability,payload,-5.2649509559774605,,-5.2649509559774605,1,100,-5.2649509559774605,-5.2649509559774605,0,0.95,,
exploratory_smoke_v3_payload_fidelity_v2_not_for_confirmatory_pooling,smoke_v3_exploratory,qwen2_5_7b_instruct_q4_k_m,segmented_hex_multi_topic,factual_explanatory,nonce_96_bit_hex,detokenized_text_retokenized,unmodified,none,payload_fidelity_v2,payload_aware_result_v2,,mean_log_probability,payload,-6.106879055846122,,-6.106879055846122,1,100,-6.106879055846122,-6.106879055846122,0,0.95,,
exploratory_smoke_v3_payload_fidelity_v2_not_for_confirmatory_pooling,smoke_v3_exploratory,qwen2_5_7b_instruct_q4_k_m,segmented_hex_multi_topic,factual_explanatory,nonce_96_bit_hex,greedy_leadin_regeneration,unmodified,none,payload_fidelity_v2,payload_aware_result_v2,,mean_log_probability,payload,-6.106879055846122,,-6.106879055846122,1,100,-6.106879055846122,-6.106879055846122,0,0.95,,
exploratory_smoke_v3_payload_fidelity_v2_not_for_confirmatory_pooling,smoke_v3_exploratory,qwen2_5_7b_instruct_q4_k_m,segmented_hex_multi_topic,factual_explanatory,nonce_96_bit_hex,saved_token_ids,unmodified,none,payload_fidelity_v2,payload_aware_result_v2,,mean_log_probability,payload,-6.106879055846122,,-6.106879055846122,1,100,-6.106879055846122,-6.106879055846122,0,0.95,,
exploratory_smoke_v3_payload_fidelity_v2_not_for_confirmatory_pooling,smoke_v3_exploratory,qwen2_5_7b_instruct_q4_k_m,segmented_hex_multi_topic,forum_question_answer,token_128_bit_hex,detokenized_text_retokenized,unmodified,none,payload_fidelity_v2,payload_aware_result_v2,,mean_log_probability,payload,-5.788504283105755,,-5.788504283105755,1,100,-5.788504283105755,-5.788504283105755,0,0.95,,
exploratory_smoke_v3_payload_fidelity_v2_not_for_confirmatory_pooling,smoke_v3_exploratory,qwen2_5_7b_instruct_q4_k_m,segmented_hex_multi_topic,forum_question_answer,token_128_bit_hex,greedy_leadin_regeneration,unmodified,none,payload_fidelity_v2,payload_aware_result_v2,,mean_log_probability,payload,-5.788504283105755,,-5.788504283105755,1,100,-5.788504283105755,-5.788504283105755,0,0.95,,
exploratory_smoke_v3_payload_fidelity_v2_not_for_confirmatory_pooling,smoke_v3_exploratory,qwen2_5_7b_instruct_q4_k_m,segmented_hex_multi_topic,forum_question_answer,token_128_bit_hex,saved_token_ids,unmodified,none,payload_fidelity_v2,payload_aware_result_v2,,mean_log_probability,payload,-5.788504283105755,,-5.788504283105755,1,100,-5.788504283105755,-5.788504283105755,0,0.95,,
exploratory_smoke_v3_payload_fidelity_v2_not_for_confirmatory_pooling,smoke_v3_exploratory,qwen2_5_7b_instruct_q4_k_m,segmented_hex_multi_topic,personal_narrative_blog,nonce_96_bit_hex,detokenized_text_retokenized,unmodified,none,payload_fidelity_v2,payload_aware_result_v2,,mean_log_probability,payload,-6.138920443634873,,-6.138920443634873,1,100,-6.138920443634873,-6.138920443634873,0,0.95,,
exploratory_smoke_v3_payload_fidelity_v2_not_for_confirmatory_pooling,smoke_v3_exploratory,qwen2_5_7b_instruct_q4_k_m,segmented_hex_multi_topic,personal_narrative_blog,nonce_96_bit_hex,greedy_leadin_regeneration,unmodified,none,payload_fidelity_v2,payload_aware_result_v2,,mean_log_probability,payload,-6.138920443634873,,-6.138920443634873,1,100,-6.138920443634873,-6.138920443634873,0,0.95,,
exploratory_smoke_v3_payload_fidelity_v2_not_for_confirmatory_pooling,smoke_v3_exploratory,qwen2_5_7b_instruct_q4_k_m,segmented_hex_multi_topic,personal_narrative_blog,nonce_96_bit_hex,saved_token_ids,unmodified,none,payload_fidelity_v2,payload_aware_result_v2,,mean_log_probability,payload,-6.138920443634873,,-6.138920443634873,1,100,-6.138920443634873,-6.138920443634873,0,0.95,,
exploratory_smoke_v3_payload_fidelity_v2_not_for_confirmatory_pooling,smoke_v3_exploratory,qwen2_5_7b_instruct_q4_k_m,segmented_hex_multi_topic,professional_communication,nonce_96_bit_hex,detokenized_text_retokenized,unmodified,none,payload_fidelity_v2,payload_aware_result_v2,,mean_log_probability,payload,-4.856329880578552,,-4.856329880578552,1,100,-4.856329880578552,-4.856329880578552,0,0.95,,
exploratory_smoke_v3_payload_fidelity_v2_not_for_confirmatory_pooling,smoke_v3_exploratory,qwen2_5_7b_instruct_q4_k_m,segmented_hex_multi_topic,professional_communication,nonce_96_bit_hex,greedy_leadin_regeneration,unmodified,none,payload_fidelity_v2,payload_aware_result_v2,,mean_log_probability,payload,-4.856329880578552,,-4.856329880578552,1,100,-4.856329880578552,-4.856329880578552,0,0.95,,
exploratory_smoke_v3_payload_fidelity_v2_not_for_confirmatory_pooling,smoke_v3_exploratory,qwen2_5_7b_instruct_q4_k_m,segmented_hex_multi_topic,professional_communication,nonce_96_bit_hex,saved_token_ids,unmodified,none,payload_fidelity_v2,payload_aware_result_v2,,mean_log_probability,payload,-4.856329880578552,,-4.856329880578552,1,100,-4.856329880578552,-4.856329880578552,0,0.95,,
exploratory_smoke_v3_payload_fidelity_v2_not_for_confirmatory_pooling,smoke_v3_exploratory,qwen2_5_7b_instruct_q4_k_m,segmented_hex_multi_topic,recipe_procedure,sha256_hex,detokenized_text_retokenized,unmodified,none,payload_fidelity_v2,payload_aware_result_v2,,mean_log_probability,payload,-6.07604259445054,,-6.07604259445054,1,100,-6.07604259445054,-6.07604259445054,0,0.95,,
exploratory_smoke_v3_payload_fidelity_v2_not_for_confirmatory_pooling,smoke_v3_exploratory,qwen2_5_7b_instruct_q4_k_m,segmented_hex_multi_topic,recipe_procedure,sha256_hex,greedy_leadin_regeneration,unmodified,none,payload_fidelity_v2,payload_aware_result_v2,,mean_log_probability,payload,-6.07604259445054,,-6.07604259445054,1,100,-6.07604259445054,-6.07604259445054,0,0.95,,
exploratory_smoke_v3_payload_fidelity_v2_not_for_confirmatory_pooling,smoke_v3_exploratory,qwen2_5_7b_instruct_q4_k_m,segmented_hex_multi_topic,recipe_procedure,sha256_hex,saved_token_ids,unmodified,none,payload_fidelity_v2,payload_aware_result_v2,,mean_log_probability,payload,-6.07604259445054,,-6.07604259445054,1,100,-6.07604259445054,-6.07604259445054,0,0.95,,
exploratory_smoke_v3_payload_fidelity_v2_not_for_confirmatory_pooling,smoke_v3_exploratory,qwen2_5_7b_instruct_q4_k_m,segmented_hex_single_topic,personal_narrative_blog,sha256_hex,detokenized_text_retokenized,unmodified,none,payload_fidelity_v2,payload_aware_result_v2,,mean_log_probability,payload,-5.543460512091175,,-5.543460512091175,1,100,-5.543460512091175,-5.543460512091175,0,0.95,,
exploratory_smoke_v3_payload_fidelity_v2_not_for_confirmatory_pooling,smoke_v3_exploratory,qwen2_5_7b_instruct_q4_k_m,segmented_hex_single_topic,personal_narrative_blog,sha256_hex,greedy_leadin_regeneration,unmodified,none,payload_fidelity_v2,payload_aware_result_v2,,mean_log_probability,payload,-5.543460512091175,,-5.543460512091175,1,100,-5.543460512091175,-5.543460512091175,0,0.95,,
exploratory_smoke_v3_payload_fidelity_v2_not_for_confirmatory_pooling,smoke_v3_exploratory,qwen2_5_7b_instruct_q4_k_m,segmented_hex_single_topic,personal_narrative_blog,sha256_hex,saved_token_ids,unmodified,none,payload_fidelity_v2,payload_aware_result_v2,,mean_log_probability,payload,-5.543460512091175,,-5.543460512091175,1,100,-5.543460512091175,-5.543460512091175,0,0.95,,
exploratory_smoke_v3_payload_fidelity_v2_not_for_confirmatory_pooling,smoke_v3_exploratory,llama3_8b_instruct_q4_k_m,direct_subword_calgacus,casual_conversation,ed25519_signature_base64,detokenized_text_retokenized,unmodified,none,payload_fidelity_v2,payload_aware_result_v2,,effective_payload_rate,payload,8.533333333333333,,8.533333333333333,1,100,8.533333333333333,8.533333333333333,0,0.95,,
exploratory_smoke_v3_payload_fidelity_v2_not_for_confirmatory_pooling,smoke_v3_exploratory,llama3_8b_instruct_q4_k_m,direct_subword_calgacus,casual_conversation,ed25519_signature_base64,greedy_leadin_regeneration,unmodified,none,payload_fidelity_v2,payload_aware_result_v2,,effective_payload_rate,payload,8.533333333333333,,8.533333333333333,1,100,8.533333333333333,8.533333333333333,0,0.95,,
exploratory_smoke_v3_payload_fidelity_v2_not_for_confirmatory_pooling,smoke_v3_exploratory,llama3_8b_instruct_q4_k_m,direct_subword_calgacus,casual_conversation,ed25519_signature_base64,saved_token_ids,unmodified,none,payload_fidelity_v2,payload_aware_result_v2,,effective_payload_rate,payload,8.533333333333333,,8.533333333333333,1,100,8.533333333333333,8.533333333333333,0,0.95,,
exploratory_smoke_v3_payload_fidelity_v2_not_for_confirmatory_pooling,smoke_v3_exploratory,llama3_8b_instruct_q4_k_m,nonseg_ascii_b16,forum_question_answer,aes256_gcm_base64,detokenized_text_retokenized,unmodified,none,payload_fidelity_v2,payload_aware_result_v2,,effective_payload_rate,payload,3.0,,3.0,1,100,3.0,3.0,0,0.95,,
exploratory_smoke_v3_payload_fidelity_v2_not_for_confirmatory_pooling,smoke_v3_exploratory,llama3_8b_instruct_q4_k_m,nonseg_ascii_b16,forum_question_answer,aes256_gcm_base64,greedy_leadin_regeneration,unmodified,none,payload_fidelity_v2,payload_aware_result_v2,,effective_payload_rate,payload,3.0,,3.0,1,100,3.0,3.0,0,0.95,,
exploratory_smoke_v3_payload_fidelity_v2_not_for_confirmatory_pooling,smoke_v3_exploratory,llama3_8b_instruct_q4_k_m,nonseg_ascii_b16,forum_question_answer,aes256_gcm_base64,saved_token_ids,unmodified,none,payload_fidelity_v2,payload_aware_result_v2,,effective_payload_rate,payload,3.0,,3.0,1,100,3.0,3.0,0,0.95,,
exploratory_smoke_v3_payload_fidelity_v2_not_for_confirmatory_pooling,smoke_v3_exploratory,llama3_8b_instruct_q4_k_m,nonseg_ascii_b8,professional_communication,uuid_v4,detokenized_text_retokenized,unmodified,none,payload_fidelity_v2,payload_aware_result_v2,,effective_payload_rate,payload,1.3333333333333333,,1.3333333333333333,1,100,1.3333333333333333,1.3333333333333333,0,0.95,,
exploratory_smoke_v3_payload_fidelity_v2_not_for_confirmatory_pooling,smoke_v3_exploratory,llama3_8b_instruct_q4_k_m,nonseg_ascii_b8,professional_communication,uuid_v4,greedy_leadin_regeneration,unmodified,none,payload_fidelity_v2,payload_aware_result_v2,,effective_payload_rate,payload,1.3333333333333333,,1.3333333333333333,1,100,1.3333333333333333,1.3333333333333333,0,0.95,,
exploratory_smoke_v3_payload_fidelity_v2_not_for_confirmatory_pooling,smoke_v3_exploratory,llama3_8b_instruct_q4_k_m,nonseg_ascii_b8,professional_communication,uuid_v4,saved_token_ids,unmodified,none,payload_fidelity_v2,payload_aware_result_v2,,effective_payload_rate,payload,1.3333333333333333,,1.3333333333333333,1,100,1.3333333333333333,1.3333333333333333,0,0.95,,
exploratory_smoke_v3_payload_fidelity_v2_not_for_confirmatory_pooling,smoke_v3_exploratory,llama3_8b_instruct_q4_k_m,nonseg_hex_nibble_b16,recipe_procedure,sha256_hex,detokenized_text_retokenized,unmodified,none,payload_fidelity_v2,payload_aware_result_v2,,effective_payload_rate,payload,4.0,,4.0,1,100,4.0,4.0,0,0.95,,
exploratory_smoke_v3_payload_fidelity_v2_not_for_confirmatory_pooling,smoke_v3_exploratory,llama3_8b_instruct_q4_k_m,nonseg_hex_nibble_b16,recipe_procedure,sha256_hex,greedy_leadin_regeneration,unmodified,none,payload_fidelity_v2,payload_aware_result_v2,,effective_payload_rate,payload,4.0,,4.0,1,100,4.0,4.0,0,0.95,,
exploratory_smoke_v3_payload_fidelity_v2_not_for_confirmatory_pooling,smoke_v3_exploratory,llama3_8b_instruct_q4_k_m,nonseg_hex_nibble_b16,recipe_procedure,sha256_hex,saved_token_ids,unmodified,none,payload_fidelity_v2,payload_aware_result_v2,,effective_payload_rate,payload,4.0,,4.0,1,100,4.0,4.0,0,0.95,,
exploratory_smoke_v3_payload_fidelity_v2_not_for_confirmatory_pooling,smoke_v3_exploratory,llama3_8b_instruct_q4_k_m,segmented_hex_multi_topic,casual_conversation,sha256_hex,detokenized_text_retokenized,unmodified,none,payload_fidelity_v2,payload_aware_result_v2,,effective_payload_rate,payload,0.6666666666666666,,0.6666666666666666,1,100,0.6666666666666666,0.6666666666666666,0,0.95,,
exploratory_smoke_v3_payload_fidelity_v2_not_for_confirmatory_pooling,smoke_v3_exploratory,llama3_8b_instruct_q4_k_m,segmented_hex_multi_topic,casual_conversation,sha256_hex,greedy_leadin_regeneration,unmodified,none,payload_fidelity_v2,payload_aware_result_v2,,effective_payload_rate,payload,0.6666666666666666,,0.6666666666666666,1,100,0.6666666666666666,0.6666666666666666,0,0.95,,
exploratory_smoke_v3_payload_fidelity_v2_not_for_confirmatory_pooling,smoke_v3_exploratory,llama3_8b_instruct_q4_k_m,segmented_hex_multi_topic,casual_conversation,sha256_hex,saved_token_ids,unmodified,none,payload_fidelity_v2,payload_aware_result_v2,,effective_payload_rate,payload,0.6666666666666666,,0.6666666666666666,1,100,0.6666666666666666,0.6666666666666666,0,0.95,,
exploratory_smoke_v3_payload_fidelity_v2_not_for_confirmatory_pooling,smoke_v3_exploratory,llama3_8b_instruct_q4_k_m,segmented_hex_multi_topic,factual_explanatory,nonce_96_bit_hex,detokenized_text_retokenized,unmodified,none,payload_fidelity_v2,payload_aware_result_v2,,effective_payload_rate,payload,1.2151898734177216,,1.2151898734177216,1,100,1.2151898734177216,1.2151898734177216,0,0.95,,
exploratory_smoke_v3_payload_fidelity_v2_not_for_confirmatory_pooling,smoke_v3_exploratory,llama3_8b_instruct_q4_k_m,segmented_hex_multi_topic,factual_explanatory,nonce_96_bit_hex,greedy_leadin_regeneration,unmodified,none,payload_fidelity_v2,payload_aware_result_v2,,effective_payload_rate,payload,1.2151898734177216,,1.2151898734177216,1,100,1.2151898734177216,1.2151898734177216,0,0.95,,
exploratory_smoke_v3_payload_fidelity_v2_not_for_confirmatory_pooling,smoke_v3_exploratory,llama3_8b_instruct_q4_k_m,segmented_hex_multi_topic,factual_explanatory,nonce_96_bit_hex,saved_token_ids,unmodified,none,payload_fidelity_v2,payload_aware_result_v2,,effective_payload_rate,payload,1.2151898734177216,,1.2151898734177216,1,100,1.2151898734177216,1.2151898734177216,0,0.95,,
exploratory_smoke_v3_payload_fidelity_v2_not_for_confirmatory_pooling,smoke_v3_exploratory,llama3_8b_instruct_q4_k_m,segmented_hex_multi_topic,factual_explanatory,token_128_bit_hex,detokenized_text_retokenized,unmodified,none,payload_fidelity_v2,payload_aware_result_v2,,effective_payload_rate,payload,0.9411764705882352,,0.9411764705882352,1,100,0.9411764705882352,0.9411764705882352,0,0.95,,
exploratory_smoke_v3_payload_fidelity_v2_not_for_confirmatory_pooling,smoke_v3_exploratory,llama3_8b_instruct_q4_k_m,segmented_hex_multi_topic,factual_explanatory,token_128_bit_hex,greedy_leadin_regeneration,unmodified,none,payload_fidelity_v2,payload_aware_result_v2,,effective_payload_rate,payload,0.9411764705882352,,0.9411764705882352,1,100,0.9411764705882352,0.9411764705882352,0,0.95,,
exploratory_smoke_v3_payload_fidelity_v2_not_for_confirmatory_pooling,smoke_v3_exploratory,llama3_8b_instruct_q4_k_m,segmented_hex_multi_topic,factual_explanatory,token_128_bit_hex,saved_token_ids,unmodified,none,payload_fidelity_v2,payload_aware_result_v2,,effective_payload_rate,payload,0.9411764705882352,,0.9411764705882352,1,100,0.9411764705882352,0.9411764705882352,0,0.95,,
exploratory_smoke_v3_payload_fidelity_v2_not_for_confirmatory_pooling,smoke_v3_exploratory,llama3_8b_instruct_q4_k_m,segmented_hex_multi_topic,forum_question_answer,nonce_96_bit_hex,detokenized_text_retokenized,unmodified,none,payload_fidelity_v2,payload_aware_result_v2,,effective_payload_rate,payload,0.2735042735042735,,0.2735042735042735,1,100,0.2735042735042735,0.2735042735042735,0,0.95,,
exploratory_smoke_v3_payload_fidelity_v2_not_for_confirmatory_pooling,smoke_v3_exploratory,llama3_8b_instruct_q4_k_m,segmented_hex_multi_topic,forum_question_answer,nonce_96_bit_hex,greedy_leadin_regeneration,unmodified,none,payload_fidelity_v2,payload_aware_result_v2,,effective_payload_rate,payload,0.2735042735042735,,0.2735042735042735,1,100,0.2735042735042735,0.2735042735042735,0,0.95,,
exploratory_smoke_v3_payload_fidelity_v2_not_for_confirmatory_pooling,smoke_v3_exploratory,llama3_8b_instruct_q4_k_m,segmented_hex_multi_topic,forum_question_answer,nonce_96_bit_hex,saved_token_ids,unmodified,none,payload_fidelity_v2,payload_aware_result_v2,,effective_payload_rate,payload,0.2735042735042735,,0.2735042735042735,1,100,0.2735042735042735,0.2735042735042735,0,0.95,,
exploratory_smoke_v3_payload_fidelity_v2_not_for_confirmatory_pooling,smoke_v3_exploratory,llama3_8b_instruct_q4_k_m,segmented_hex_multi_topic,personal_narrative_blog,sha256_hex,detokenized_text_retokenized,unmodified,none,payload_fidelity_v2,payload_aware_result_v2,,effective_payload_rate,payload,0.7252124645892352,,0.7252124645892352,1,100,0.7252124645892352,0.7252124645892352,0,0.95,,
exploratory_smoke_v3_payload_fidelity_v2_not_for_confirmatory_pooling,smoke_v3_exploratory,llama3_8b_instruct_q4_k_m,segmented_hex_multi_topic,personal_narrative_blog,sha256_hex,greedy_leadin_regeneration,unmodified,none,payload_fidelity_v2,payload_aware_result_v2,,effective_payload_rate,payload,0.7252124645892352,,0.7252124645892352,1,100,0.7252124645892352,0.7252124645892352,0,0.95,,
exploratory_smoke_v3_payload_fidelity_v2_not_for_confirmatory_pooling,smoke_v3_exploratory,llama3_8b_instruct_q4_k_m,segmented_hex_multi_topic,personal_narrative_blog,sha256_hex,saved_token_ids,unmodified,none,payload_fidelity_v2,payload_aware_result_v2,,effective_payload_rate,payload,0.7252124645892352,,0.7252124645892352,1,100,0.7252124645892352,0.7252124645892352,0,0.95,,
exploratory_smoke_v3_payload_fidelity_v2_not_for_confirmatory_pooling,smoke_v3_exploratory,llama3_8b_instruct_q4_k_m,segmented_hex_multi_topic,professional_communication,nonce_96_bit_hex,detokenized_text_retokenized,unmodified,none,payload_fidelity_v2,payload_aware_result_v2,,effective_payload_rate,payload,0.4383561643835616,,0.4383561643835616,1,100,0.4383561643835616,0.4383561643835616,0,0.95,,
exploratory_smoke_v3_payload_fidelity_v2_not_for_confirmatory_pooling,smoke_v3_exploratory,llama3_8b_instruct_q4_k_m,segmented_hex_multi_topic,professional_communication,nonce_96_bit_hex,greedy_leadin_regeneration,unmodified,none,payload_fidelity_v2,payload_aware_result_v2,,effective_payload_rate,payload,0.4383561643835616,,0.4383561643835616,1,100,0.4383561643835616,0.4383561643835616,0,0.95,,
exploratory_smoke_v3_payload_fidelity_v2_not_for_confirmatory_pooling,smoke_v3_exploratory,llama3_8b_instruct_q4_k_m,segmented_hex_multi_topic,professional_communication,nonce_96_bit_hex,saved_token_ids,unmodified,none,payload_fidelity_v2,payload_aware_result_v2,,effective_payload_rate,payload,0.4383561643835616,,0.4383561643835616,1,100,0.4383561643835616,0.4383561643835616,0,0.95,,
exploratory_smoke_v3_payload_fidelity_v2_not_for_confirmatory_pooling,smoke_v3_exploratory,llama3_8b_instruct_q4_k_m,segmented_hex_multi_topic,recipe_procedure,token_128_bit_hex,detokenized_text_retokenized,unmodified,none,payload_fidelity_v2,payload_aware_result_v2,,effective_payload_rate,payload,4.0,,4.0,1,100,4.0,4.0,0,0.95,,
exploratory_smoke_v3_payload_fidelity_v2_not_for_confirmatory_pooling,smoke_v3_exploratory,llama3_8b_instruct_q4_k_m,segmented_hex_multi_topic,recipe_procedure,token_128_bit_hex,greedy_leadin_regeneration,unmodified,none,payload_fidelity_v2,payload_aware_result_v2,,effective_payload_rate,payload,4.0,,4.0,1,100,4.0,4.0,0,0.95,,
exploratory_smoke_v3_payload_fidelity_v2_not_for_confirmatory_pooling,smoke_v3_exploratory,llama3_8b_instruct_q4_k_m,segmented_hex_multi_topic,recipe_procedure,token_128_bit_hex,saved_token_ids,unmodified,none,payload_fidelity_v2,payload_aware_result_v2,,effective_payload_rate,payload,4.0,,4.0,1,100,4.0,4.0,0,0.95,,
exploratory_smoke_v3_payload_fidelity_v2_not_for_confirmatory_pooling,smoke_v3_exploratory,llama3_8b_instruct_q4_k_m,segmented_hex_single_topic,personal_narrative_blog,hmac_sha256_hex,detokenized_text_retokenized,unmodified,none,payload_fidelity_v2,payload_aware_result_v2,,effective_payload_rate,payload,1.2132701421800949,,1.2132701421800949,1,100,1.2132701421800949,1.2132701421800949,0,0.95,,
exploratory_smoke_v3_payload_fidelity_v2_not_for_confirmatory_pooling,smoke_v3_exploratory,llama3_8b_instruct_q4_k_m,segmented_hex_single_topic,personal_narrative_blog,hmac_sha256_hex,greedy_leadin_regeneration,unmodified,none,payload_fidelity_v2,payload_aware_result_v2,,effective_payload_rate,payload,1.2132701421800949,,1.2132701421800949,1,100,1.2132701421800949,1.2132701421800949,0,0.95,,
exploratory_smoke_v3_payload_fidelity_v2_not_for_confirmatory_pooling,smoke_v3_exploratory,llama3_8b_instruct_q4_k_m,segmented_hex_single_topic,personal_narrative_blog,hmac_sha256_hex,saved_token_ids,unmodified,none,payload_fidelity_v2,payload_aware_result_v2,,effective_payload_rate,payload,1.2132701421800949,,1.2132701421800949,1,100,1.2132701421800949,1.2132701421800949,0,0.95,,
exploratory_smoke_v3_payload_fidelity_v2_not_for_confirmatory_pooling,smoke_v3_exploratory,mistral_7b_instruct_v0_3_q4_k_m,direct_subword_calgacus,casual_conversation,ed25519_signature_base64,detokenized_text_retokenized,unmodified,none,payload_fidelity_v2,payload_aware_result_v2,,effective_payload_rate,payload,7.013698630136986,,7.013698630136986,1,100,7.013698630136986,7.013698630136986,0,0.95,,
exploratory_smoke_v3_payload_fidelity_v2_not_for_confirmatory_pooling,smoke_v3_exploratory,mistral_7b_instruct_v0_3_q4_k_m,direct_subword_calgacus,casual_conversation,ed25519_signature_base64,greedy_leadin_regeneration,unmodified,none,payload_fidelity_v2,payload_aware_result_v2,,effective_payload_rate,payload,7.013698630136986,,7.013698630136986,1,100,7.013698630136986,7.013698630136986,0,0.95,,
exploratory_smoke_v3_payload_fidelity_v2_not_for_confirmatory_pooling,smoke_v3_exploratory,mistral_7b_instruct_v0_3_q4_k_m,direct_subword_calgacus,casual_conversation,ed25519_signature_base64,saved_token_ids,unmodified,none,payload_fidelity_v2,payload_aware_result_v2,,effective_payload_rate,payload,7.013698630136986,,7.013698630136986,1,100,7.013698630136986,7.013698630136986,0,0.95,,
exploratory_smoke_v3_payload_fidelity_v2_not_for_confirmatory_pooling,smoke_v3_exploratory,mistral_7b_instruct_v0_3_q4_k_m,nonseg_ascii_b16,forum_question_answer,aes256_gcm_base64,detokenized_text_retokenized,unmodified,none,payload_fidelity_v2,payload_aware_result_v2,,effective_payload_rate,payload,3.0,,3.0,1,100,3.0,3.0,0,0.95,,
exploratory_smoke_v3_payload_fidelity_v2_not_for_confirmatory_pooling,smoke_v3_exploratory,mistral_7b_instruct_v0_3_q4_k_m,nonseg_ascii_b16,forum_question_answer,aes256_gcm_base64,greedy_leadin_regeneration,unmodified,none,payload_fidelity_v2,payload_aware_result_v2,,effective_payload_rate,payload,3.0,,3.0,1,100,3.0,3.0,0,0.95,,
exploratory_smoke_v3_payload_fidelity_v2_not_for_confirmatory_pooling,smoke_v3_exploratory,mistral_7b_instruct_v0_3_q4_k_m,nonseg_ascii_b16,forum_question_answer,aes256_gcm_base64,saved_token_ids,unmodified,none,payload_fidelity_v2,payload_aware_result_v2,,effective_payload_rate,payload,3.0,,3.0,1,100,3.0,3.0,0,0.95,,
exploratory_smoke_v3_payload_fidelity_v2_not_for_confirmatory_pooling,smoke_v3_exploratory,mistral_7b_instruct_v0_3_q4_k_m,nonseg_ascii_b8,professional_communication,uuid_v4,detokenized_text_retokenized,unmodified,none,payload_fidelity_v2,payload_aware_result_v2,,effective_payload_rate,payload,1.3333333333333333,,1.3333333333333333,1,100,1.3333333333333333,1.3333333333333333,0,0.95,,
exploratory_smoke_v3_payload_fidelity_v2_not_for_confirmatory_pooling,smoke_v3_exploratory,mistral_7b_instruct_v0_3_q4_k_m,nonseg_ascii_b8,professional_communication,uuid_v4,greedy_leadin_regeneration,unmodified,none,payload_fidelity_v2,payload_aware_result_v2,,effective_payload_rate,payload,1.3333333333333333,,1.3333333333333333,1,100,1.3333333333333333,1.3333333333333333,0,0.95,,
exploratory_smoke_v3_payload_fidelity_v2_not_for_confirmatory_pooling,smoke_v3_exploratory,mistral_7b_instruct_v0_3_q4_k_m,nonseg_ascii_b8,professional_communication,uuid_v4,saved_token_ids,unmodified,none,payload_fidelity_v2,payload_aware_result_v2,,effective_payload_rate,payload,1.3333333333333333,,1.3333333333333333,1,100,1.3333333333333333,1.3333333333333333,0,0.95,,
exploratory_smoke_v3_payload_fidelity_v2_not_for_confirmatory_pooling,smoke_v3_exploratory,mistral_7b_instruct_v0_3_q4_k_m,nonseg_hex_nibble_b16,recipe_procedure,nonce_96_bit_hex,detokenized_text_retokenized,unmodified,none,payload_fidelity_v2,payload_aware_result_v2,,effective_payload_rate,payload,4.0,,4.0,1,100,4.0,4.0,0,0.95,,
exploratory_smoke_v3_payload_fidelity_v2_not_for_confirmatory_pooling,smoke_v3_exploratory,mistral_7b_instruct_v0_3_q4_k_m,nonseg_hex_nibble_b16,recipe_procedure,nonce_96_bit_hex,greedy_leadin_regeneration,unmodified,none,payload_fidelity_v2,payload_aware_result_v2,,effective_payload_rate,payload,4.0,,4.0,1,100,4.0,4.0,0,0.95,,
exploratory_smoke_v3_payload_fidelity_v2_not_for_confirmatory_pooling,smoke_v3_exploratory,mistral_7b_instruct_v0_3_q4_k_m,nonseg_hex_nibble_b16,recipe_procedure,nonce_96_bit_hex,saved_token_ids,unmodified,none,payload_fidelity_v2,payload_aware_result_v2,,effective_payload_rate,payload,4.0,,4.0,1,100,4.0,4.0,0,0.95,,
exploratory_smoke_v3_payload_fidelity_v2_not_for_confirmatory_pooling,smoke_v3_exploratory,mistral_7b_instruct_v0_3_q4_k_m,segmented_hex_multi_topic,casual_conversation,nonce_96_bit_hex,detokenized_text_retokenized,unmodified,none,payload_fidelity_v2,payload_aware_result_v2,,effective_payload_rate,payload,0.6666666666666666,,0.6666666666666666,1,100,0.6666666666666666,0.6666666666666666,0,0.95,,
exploratory_smoke_v3_payload_fidelity_v2_not_for_confirmatory_pooling,smoke_v3_exploratory,mistral_7b_instruct_v0_3_q4_k_m,segmented_hex_multi_topic,casual_conversation,nonce_96_bit_hex,greedy_leadin_regeneration,unmodified,none,payload_fidelity_v2,payload_aware_result_v2,,effective_payload_rate,payload,0.6666666666666666,,0.6666666666666666,1,100,0.6666666666666666,0.6666666666666666,0,0.95,,
exploratory_smoke_v3_payload_fidelity_v2_not_for_confirmatory_pooling,smoke_v3_exploratory,mistral_7b_instruct_v0_3_q4_k_m,segmented_hex_multi_topic,casual_conversation,nonce_96_bit_hex,saved_token_ids,unmodified,none,payload_fidelity_v2,payload_aware_result_v2,,effective_payload_rate,payload,0.6666666666666666,,0.6666666666666666,1,100,0.6666666666666666,0.6666666666666666,0,0.95,,
exploratory_smoke_v3_payload_fidelity_v2_not_for_confirmatory_pooling,smoke_v3_exploratory,mistral_7b_instruct_v0_3_q4_k_m,segmented_hex_multi_topic,factual_explanatory,sha256_hex,detokenized_text_retokenized,unmodified,none,payload_fidelity_v2,payload_aware_result_v2,,effective_payload_rate,payload,0.9552238805970148,,0.9552238805970148,1,100,0.9552238805970148,0.9552238805970148,0,0.95,,
exploratory_smoke_v3_payload_fidelity_v2_not_for_confirmatory_pooling,smoke_v3_exploratory,mistral_7b_instruct_v0_3_q4_k_m,segmented_hex_multi_topic,factual_explanatory,sha256_hex,greedy_leadin_regeneration,unmodified,none,payload_fidelity_v2,payload_aware_result_v2,,effective_payload_rate,payload,0.9552238805970148,,0.9552238805970148,1,100,0.9552238805970148,0.9552238805970148,0,0.95,,
exploratory_smoke_v3_payload_fidelity_v2_not_for_confirmatory_pooling,smoke_v3_exploratory,mistral_7b_instruct_v0_3_q4_k_m,segmented_hex_multi_topic,factual_explanatory,sha256_hex,saved_token_ids,unmodified,none,payload_fidelity_v2,payload_aware_result_v2,,effective_payload_rate,payload,0.9552238805970148,,0.9552238805970148,1,100,0.9552238805970148,0.9552238805970148,0,0.95,,
exploratory_smoke_v3_payload_fidelity_v2_not_for_confirmatory_pooling,smoke_v3_exploratory,mistral_7b_instruct_v0_3_q4_k_m,segmented_hex_multi_topic,factual_explanatory,token_128_bit_hex,detokenized_text_retokenized,unmodified,none,payload_fidelity_v2,payload_aware_result_v2,,effective_payload_rate,payload,0.8707482993197279,,0.8707482993197279,1,100,0.8707482993197279,0.8707482993197279,0,0.95,,
exploratory_smoke_v3_payload_fidelity_v2_not_for_confirmatory_pooling,smoke_v3_exploratory,mistral_7b_instruct_v0_3_q4_k_m,segmented_hex_multi_topic,factual_explanatory,token_128_bit_hex,greedy_leadin_regeneration,unmodified,none,payload_fidelity_v2,payload_aware_result_v2,,effective_payload_rate,payload,0.8707482993197279,,0.8707482993197279,1,100,0.8707482993197279,0.8707482993197279,0,0.95,,
exploratory_smoke_v3_payload_fidelity_v2_not_for_confirmatory_pooling,smoke_v3_exploratory,mistral_7b_instruct_v0_3_q4_k_m,segmented_hex_multi_topic,factual_explanatory,token_128_bit_hex,saved_token_ids,unmodified,none,payload_fidelity_v2,payload_aware_result_v2,,effective_payload_rate,payload,0.8707482993197279,,0.8707482993197279,1,100,0.8707482993197279,0.8707482993197279,0,0.95,,
exploratory_smoke_v3_payload_fidelity_v2_not_for_confirmatory_pooling,smoke_v3_exploratory,mistral_7b_instruct_v0_3_q4_k_m,segmented_hex_multi_topic,forum_question_answer,sha256_hex,detokenized_text_retokenized,unmodified,none,payload_fidelity_v2,payload_aware_result_v2,,effective_payload_rate,payload,0.3478260869565217,,0.3478260869565217,1,100,0.3478260869565217,0.3478260869565217,0,0.95,,
exploratory_smoke_v3_payload_fidelity_v2_not_for_confirmatory_pooling,smoke_v3_exploratory,mistral_7b_instruct_v0_3_q4_k_m,segmented_hex_multi_topic,forum_question_answer,sha256_hex,greedy_leadin_regeneration,unmodified,none,payload_fidelity_v2,payload_aware_result_v2,,effective_payload_rate,payload,0.3478260869565217,,0.3478260869565217,1,100,0.3478260869565217,0.3478260869565217,0,0.95,,
exploratory_smoke_v3_payload_fidelity_v2_not_for_confirmatory_pooling,smoke_v3_exploratory,mistral_7b_instruct_v0_3_q4_k_m,segmented_hex_multi_topic,forum_question_answer,sha256_hex,saved_token_ids,unmodified,none,payload_fidelity_v2,payload_aware_result_v2,,effective_payload_rate,payload,0.3478260869565217,,0.3478260869565217,1,100,0.3478260869565217,0.3478260869565217,0,0.95,,
exploratory_smoke_v3_payload_fidelity_v2_not_for_confirmatory_pooling,smoke_v3_exploratory,mistral_7b_instruct_v0_3_q4_k_m,segmented_hex_multi_topic,personal_narrative_blog,nonce_96_bit_hex,detokenized_text_retokenized,unmodified,none,payload_fidelity_v2,payload_aware_result_v2,,effective_payload_rate,payload,0.6857142857142857,,0.6857142857142857,1,100,0.6857142857142857,0.6857142857142857,0,0.95,,
exploratory_smoke_v3_payload_fidelity_v2_not_for_confirmatory_pooling,smoke_v3_exploratory,mistral_7b_instruct_v0_3_q4_k_m,segmented_hex_multi_topic,personal_narrative_blog,nonce_96_bit_hex,greedy_leadin_regeneration,unmodified,none,payload_fidelity_v2,payload_aware_result_v2,,effective_payload_rate,payload,0.6857142857142857,,0.6857142857142857,1,100,0.6857142857142857,0.6857142857142857,0,0.95,,
exploratory_smoke_v3_payload_fidelity_v2_not_for_confirmatory_pooling,smoke_v3_exploratory,mistral_7b_instruct_v0_3_q4_k_m,segmented_hex_multi_topic,personal_narrative_blog,nonce_96_bit_hex,saved_token_ids,unmodified,none,payload_fidelity_v2,payload_aware_result_v2,,effective_payload_rate,payload,0.6857142857142857,,0.6857142857142857,1,100,0.6857142857142857,0.6857142857142857,0,0.95,,
exploratory_smoke_v3_payload_fidelity_v2_not_for_confirmatory_pooling,smoke_v3_exploratory,mistral_7b_instruct_v0_3_q4_k_m,segmented_hex_multi_topic,recipe_procedure,token_128_bit_hex,detokenized_text_retokenized,unmodified,none,payload_fidelity_v2,payload_aware_result_v2,,effective_payload_rate,payload,4.0,,4.0,1,100,4.0,4.0,0,0.95,,
exploratory_smoke_v3_payload_fidelity_v2_not_for_confirmatory_pooling,smoke_v3_exploratory,mistral_7b_instruct_v0_3_q4_k_m,segmented_hex_multi_topic,recipe_procedure,token_128_bit_hex,greedy_leadin_regeneration,unmodified,none,payload_fidelity_v2,payload_aware_result_v2,,effective_payload_rate,payload,4.0,,4.0,1,100,4.0,4.0,0,0.95,,
exploratory_smoke_v3_payload_fidelity_v2_not_for_confirmatory_pooling,smoke_v3_exploratory,mistral_7b_instruct_v0_3_q4_k_m,segmented_hex_multi_topic,recipe_procedure,token_128_bit_hex,saved_token_ids,unmodified,none,payload_fidelity_v2,payload_aware_result_v2,,effective_payload_rate,payload,4.0,,4.0,1,100,4.0,4.0,0,0.95,,
exploratory_smoke_v3_payload_fidelity_v2_not_for_confirmatory_pooling,smoke_v3_exploratory,mistral_7b_instruct_v0_3_q4_k_m,segmented_hex_single_topic,personal_narrative_blog,token_128_bit_hex,detokenized_text_retokenized,unmodified,none,payload_fidelity_v2,payload_aware_result_v2,,effective_payload_rate,payload,0.8707482993197279,,0.8707482993197279,1,100,0.8707482993197279,0.8707482993197279,0,0.95,,
exploratory_smoke_v3_payload_fidelity_v2_not_for_confirmatory_pooling,smoke_v3_exploratory,mistral_7b_instruct_v0_3_q4_k_m,segmented_hex_single_topic,personal_narrative_blog,token_128_bit_hex,greedy_leadin_regeneration,unmodified,none,payload_fidelity_v2,payload_aware_result_v2,,effective_payload_rate,payload,0.8707482993197279,,0.8707482993197279,1,100,0.8707482993197279,0.8707482993197279,0,0.95,,
exploratory_smoke_v3_payload_fidelity_v2_not_for_confirmatory_pooling,smoke_v3_exploratory,mistral_7b_instruct_v0_3_q4_k_m,segmented_hex_single_topic,personal_narrative_blog,token_128_bit_hex,saved_token_ids,unmodified,none,payload_fidelity_v2,payload_aware_result_v2,,effective_payload_rate,payload,0.8707482993197279,,0.8707482993197279,1,100,0.8707482993197279,0.8707482993197279,0,0.95,,
exploratory_smoke_v3_payload_fidelity_v2_not_for_confirmatory_pooling,smoke_v3_exploratory,qwen2_5_7b_instruct_q4_k_m,direct_subword_calgacus,casual_conversation,ed25519_signature_base64,detokenized_text_retokenized,unmodified,none,payload_fidelity_v2,payload_aware_result_v2,,effective_payload_rate,payload,7.757575757575758,,7.757575757575758,1,100,7.757575757575758,7.757575757575758,0,0.95,,
exploratory_smoke_v3_payload_fidelity_v2_not_for_confirmatory_pooling,smoke_v3_exploratory,qwen2_5_7b_instruct_q4_k_m,direct_subword_calgacus,casual_conversation,ed25519_signature_base64,greedy_leadin_regeneration,unmodified,none,payload_fidelity_v2,payload_aware_result_v2,,effective_payload_rate,payload,7.757575757575758,,7.757575757575758,1,100,7.757575757575758,7.757575757575758,0,0.95,,
exploratory_smoke_v3_payload_fidelity_v2_not_for_confirmatory_pooling,smoke_v3_exploratory,qwen2_5_7b_instruct_q4_k_m,direct_subword_calgacus,casual_conversation,ed25519_signature_base64,saved_token_ids,unmodified,none,payload_fidelity_v2,payload_aware_result_v2,,effective_payload_rate,payload,7.757575757575758,,7.757575757575758,1,100,7.757575757575758,7.757575757575758,0,0.95,,
exploratory_smoke_v3_payload_fidelity_v2_not_for_confirmatory_pooling,smoke_v3_exploratory,qwen2_5_7b_instruct_q4_k_m,nonseg_ascii_b16,forum_question_answer,chacha20_poly1305_base64,detokenized_text_retokenized,unmodified,none,payload_fidelity_v2,payload_aware_result_v2,,effective_payload_rate,payload,3.0,,3.0,1,100,3.0,3.0,0,0.95,,
exploratory_smoke_v3_payload_fidelity_v2_not_for_confirmatory_pooling,smoke_v3_exploratory,qwen2_5_7b_instruct_q4_k_m,nonseg_ascii_b16,forum_question_answer,chacha20_poly1305_base64,greedy_leadin_regeneration,unmodified,none,payload_fidelity_v2,payload_aware_result_v2,,effective_payload_rate,payload,3.0,,3.0,1,100,3.0,3.0,0,0.95,,
exploratory_smoke_v3_payload_fidelity_v2_not_for_confirmatory_pooling,smoke_v3_exploratory,qwen2_5_7b_instruct_q4_k_m,nonseg_ascii_b16,forum_question_answer,chacha20_poly1305_base64,saved_token_ids,unmodified,none,payload_fidelity_v2,payload_aware_result_v2,,effective_payload_rate,payload,3.0,,3.0,1,100,3.0,3.0,0,0.95,,
exploratory_smoke_v3_payload_fidelity_v2_not_for_confirmatory_pooling,smoke_v3_exploratory,qwen2_5_7b_instruct_q4_k_m,nonseg_ascii_b8,professional_communication,uuid_v4,detokenized_text_retokenized,unmodified,none,payload_fidelity_v2,payload_aware_result_v2,,effective_payload_rate,payload,1.3333333333333333,,1.3333333333333333,1,100,1.3333333333333333,1.3333333333333333,0,0.95,,
exploratory_smoke_v3_payload_fidelity_v2_not_for_confirmatory_pooling,smoke_v3_exploratory,qwen2_5_7b_instruct_q4_k_m,nonseg_ascii_b8,professional_communication,uuid_v4,greedy_leadin_regeneration,unmodified,none,payload_fidelity_v2,payload_aware_result_v2,,effective_payload_rate,payload,1.3333333333333333,,1.3333333333333333,1,100,1.3333333333333333,1.3333333333333333,0,0.95,,
exploratory_smoke_v3_payload_fidelity_v2_not_for_confirmatory_pooling,smoke_v3_exploratory,qwen2_5_7b_instruct_q4_k_m,nonseg_ascii_b8,professional_communication,uuid_v4,saved_token_ids,unmodified,none,payload_fidelity_v2,payload_aware_result_v2,,effective_payload_rate,payload,1.3333333333333333,,1.3333333333333333,1,100,1.3333333333333333,1.3333333333333333,0,0.95,,
exploratory_smoke_v3_payload_fidelity_v2_not_for_confirmatory_pooling,smoke_v3_exploratory,qwen2_5_7b_instruct_q4_k_m,nonseg_hex_nibble_b16,recipe_procedure,token_128_bit_hex,detokenized_text_retokenized,unmodified,none,payload_fidelity_v2,payload_aware_result_v2,,effective_payload_rate,payload,4.0,,4.0,1,100,4.0,4.0,0,0.95,,
exploratory_smoke_v3_payload_fidelity_v2_not_for_confirmatory_pooling,smoke_v3_exploratory,qwen2_5_7b_instruct_q4_k_m,nonseg_hex_nibble_b16,recipe_procedure,token_128_bit_hex,greedy_leadin_regeneration,unmodified,none,payload_fidelity_v2,payload_aware_result_v2,,effective_payload_rate,payload,4.0,,4.0,1,100,4.0,4.0,0,0.95,,
exploratory_smoke_v3_payload_fidelity_v2_not_for_confirmatory_pooling,smoke_v3_exploratory,qwen2_5_7b_instruct_q4_k_m,nonseg_hex_nibble_b16,recipe_procedure,token_128_bit_hex,saved_token_ids,unmodified,none,payload_fidelity_v2,payload_aware_result_v2,,effective_payload_rate,payload,4.0,,4.0,1,100,4.0,4.0,0,0.95,,
exploratory_smoke_v3_payload_fidelity_v2_not_for_confirmatory_pooling,smoke_v3_exploratory,qwen2_5_7b_instruct_q4_k_m,segmented_hex_multi_topic,casual_conversation,nonce_96_bit_hex,detokenized_text_retokenized,unmodified,none,payload_fidelity_v2,payload_aware_result_v2,,effective_payload_rate,payload,0.6666666666666666,,0.6666666666666666,1,100,0.6666666666666666,0.6666666666666666,0,0.95,,
exploratory_smoke_v3_payload_fidelity_v2_not_for_confirmatory_pooling,smoke_v3_exploratory,qwen2_5_7b_instruct_q4_k_m,segmented_hex_multi_topic,casual_conversation,nonce_96_bit_hex,greedy_leadin_regeneration,unmodified,none,payload_fidelity_v2,payload_aware_result_v2,,effective_payload_rate,payload,0.6666666666666666,,0.6666666666666666,1,100,0.6666666666666666,0.6666666666666666,0,0.95,,
exploratory_smoke_v3_payload_fidelity_v2_not_for_confirmatory_pooling,smoke_v3_exploratory,qwen2_5_7b_instruct_q4_k_m,segmented_hex_multi_topic,casual_conversation,nonce_96_bit_hex,saved_token_ids,unmodified,none,payload_fidelity_v2,payload_aware_result_v2,,effective_payload_rate,payload,0.6666666666666666,,0.6666666666666666,1,100,0.6666666666666666,0.6666666666666666,0,0.95,,
exploratory_smoke_v3_payload_fidelity_v2_not_for_confirmatory_pooling,smoke_v3_exploratory,qwen2_5_7b_instruct_q4_k_m,segmented_hex_multi_topic,factual_explanatory,hmac_sha256_hex,detokenized_text_retokenized,unmodified,none,payload_fidelity_v2,payload_aware_result_v2,,effective_payload_rate,payload,0.3849624060150376,,0.3849624060150376,1,100,0.3849624060150376,0.3849624060150376,0,0.95,,
exploratory_smoke_v3_payload_fidelity_v2_not_for_confirmatory_pooling,smoke_v3_exploratory,qwen2_5_7b_instruct_q4_k_m,segmented_hex_multi_topic,factual_explanatory,hmac_sha256_hex,greedy_leadin_regeneration,unmodified,none,payload_fidelity_v2,payload_aware_result_v2,,effective_payload_rate,payload,0.3849624060150376,,0.3849624060150376,1,100,0.3849624060150376,0.3849624060150376,0,0.95,,
exploratory_smoke_v3_payload_fidelity_v2_not_for_confirmatory_pooling,smoke_v3_exploratory,qwen2_5_7b_instruct_q4_k_m,segmented_hex_multi_topic,factual_explanatory,hmac_sha256_hex,saved_token_ids,unmodified,none,payload_fidelity_v2,payload_aware_result_v2,,effective_payload_rate,payload,0.3849624060150376,,0.3849624060150376,1,100,0.3849624060150376,0.3849624060150376,0,0.95,,
exploratory_smoke_v3_payload_fidelity_v2_not_for_confirmatory_pooling,smoke_v3_exploratory,qwen2_5_7b_instruct_q4_k_m,segmented_hex_multi_topic,factual_explanatory,nonce_96_bit_hex,detokenized_text_retokenized,unmodified,none,payload_fidelity_v2,payload_aware_result_v2,,effective_payload_rate,payload,0.2666666666666666,,0.2666666666666666,1,100,0.2666666666666666,0.2666666666666666,0,0.95,,
exploratory_smoke_v3_payload_fidelity_v2_not_for_confirmatory_pooling,smoke_v3_exploratory,qwen2_5_7b_instruct_q4_k_m,segmented_hex_multi_topic,factual_explanatory,nonce_96_bit_hex,greedy_leadin_regeneration,unmodified,none,payload_fidelity_v2,payload_aware_result_v2,,effective_payload_rate,payload,0.2666666666666666,,0.2666666666666666,1,100,0.2666666666666666,0.2666666666666666,0,0.95,,
exploratory_smoke_v3_payload_fidelity_v2_not_for_confirmatory_pooling,smoke_v3_exploratory,qwen2_5_7b_instruct_q4_k_m,segmented_hex_multi_topic,factual_explanatory,nonce_96_bit_hex,saved_token_ids,unmodified,none,payload_fidelity_v2,payload_aware_result_v2,,effective_payload_rate,payload,0.2666666666666666,,0.2666666666666666,1,100,0.2666666666666666,0.2666666666666666,0,0.95,,
exploratory_smoke_v3_payload_fidelity_v2_not_for_confirmatory_pooling,smoke_v3_exploratory,qwen2_5_7b_instruct_q4_k_m,segmented_hex_multi_topic,forum_question_answer,token_128_bit_hex,detokenized_text_retokenized,unmodified,none,payload_fidelity_v2,payload_aware_result_v2,,effective_payload_rate,payload,0.9481481481481482,,0.9481481481481482,1,100,0.9481481481481482,0.9481481481481482,0,0.95,,
exploratory_smoke_v3_payload_fidelity_v2_not_for_confirmatory_pooling,smoke_v3_exploratory,qwen2_5_7b_instruct_q4_k_m,segmented_hex_multi_topic,forum_question_answer,token_128_bit_hex,greedy_leadin_regeneration,unmodified,none,payload_fidelity_v2,payload_aware_result_v2,,effective_payload_rate,payload,0.9481481481481482,,0.9481481481481482,1,100,0.9481481481481482,0.9481481481481482,0,0.95,,
exploratory_smoke_v3_payload_fidelity_v2_not_for_confirmatory_pooling,smoke_v3_exploratory,qwen2_5_7b_instruct_q4_k_m,segmented_hex_multi_topic,forum_question_answer,token_128_bit_hex,saved_token_ids,unmodified,none,payload_fidelity_v2,payload_aware_result_v2,,effective_payload_rate,payload,0.9481481481481482,,0.9481481481481482,1,100,0.9481481481481482,0.9481481481481482,0,0.95,,
exploratory_smoke_v3_payload_fidelity_v2_not_for_confirmatory_pooling,smoke_v3_exploratory,qwen2_5_7b_instruct_q4_k_m,segmented_hex_multi_topic,personal_narrative_blog,nonce_96_bit_hex,detokenized_text_retokenized,unmodified,none,payload_fidelity_v2,payload_aware_result_v2,,effective_payload_rate,payload,0.8888888888888888,,0.8888888888888888,1,100,0.8888888888888888,0.8888888888888888,0,0.95,,
exploratory_smoke_v3_payload_fidelity_v2_not_for_confirmatory_pooling,smoke_v3_exploratory,qwen2_5_7b_instruct_q4_k_m,segmented_hex_multi_topic,personal_narrative_blog,nonce_96_bit_hex,greedy_leadin_regeneration,unmodified,none,payload_fidelity_v2,payload_aware_result_v2,,effective_payload_rate,payload,0.8888888888888888,,0.8888888888888888,1,100,0.8888888888888888,0.8888888888888888,0,0.95,,
exploratory_smoke_v3_payload_fidelity_v2_not_for_confirmatory_pooling,smoke_v3_exploratory,qwen2_5_7b_instruct_q4_k_m,segmented_hex_multi_topic,personal_narrative_blog,nonce_96_bit_hex,saved_token_ids,unmodified,none,payload_fidelity_v2,payload_aware_result_v2,,effective_payload_rate,payload,0.8888888888888888,,0.8888888888888888,1,100,0.8888888888888888,0.8888888888888888,0,0.95,,
exploratory_smoke_v3_payload_fidelity_v2_not_for_confirmatory_pooling,smoke_v3_exploratory,qwen2_5_7b_instruct_q4_k_m,segmented_hex_multi_topic,professional_communication,nonce_96_bit_hex,detokenized_text_retokenized,unmodified,none,payload_fidelity_v2,payload_aware_result_v2,,effective_payload_rate,payload,0.3076923076923077,,0.3076923076923077,1,100,0.3076923076923077,0.3076923076923077,0,0.95,,
exploratory_smoke_v3_payload_fidelity_v2_not_for_confirmatory_pooling,smoke_v3_exploratory,qwen2_5_7b_instruct_q4_k_m,segmented_hex_multi_topic,professional_communication,nonce_96_bit_hex,greedy_leadin_regeneration,unmodified,none,payload_fidelity_v2,payload_aware_result_v2,,effective_payload_rate,payload,0.3076923076923077,,0.3076923076923077,1,100,0.3076923076923077,0.3076923076923077,0,0.95,,
exploratory_smoke_v3_payload_fidelity_v2_not_for_confirmatory_pooling,smoke_v3_exploratory,qwen2_5_7b_instruct_q4_k_m,segmented_hex_multi_topic,professional_communication,nonce_96_bit_hex,saved_token_ids,unmodified,none,payload_fidelity_v2,payload_aware_result_v2,,effective_payload_rate,payload,0.3076923076923077,,0.3076923076923077,1,100,0.3076923076923077,0.3076923076923077,0,0.95,,
exploratory_smoke_v3_payload_fidelity_v2_not_for_confirmatory_pooling,smoke_v3_exploratory,qwen2_5_7b_instruct_q4_k_m,segmented_hex_multi_topic,recipe_procedure,sha256_hex,detokenized_text_retokenized,unmodified,none,payload_fidelity_v2,payload_aware_result_v2,,effective_payload_rate,payload,4.0,,4.0,1,100,4.0,4.0,0,0.95,,
exploratory_smoke_v3_payload_fidelity_v2_not_for_confirmatory_pooling,smoke_v3_exploratory,qwen2_5_7b_instruct_q4_k_m,segmented_hex_multi_topic,recipe_procedure,sha256_hex,greedy_leadin_regeneration,unmodified,none,payload_fidelity_v2,payload_aware_result_v2,,effective_payload_rate,payload,4.0,,4.0,1,100,4.0,4.0,0,0.95,,
exploratory_smoke_v3_payload_fidelity_v2_not_for_confirmatory_pooling,smoke_v3_exploratory,qwen2_5_7b_instruct_q4_k_m,segmented_hex_multi_topic,recipe_procedure,sha256_hex,saved_token_ids,unmodified,none,payload_fidelity_v2,payload_aware_result_v2,,effective_payload_rate,payload,4.0,,4.0,1,100,4.0,4.0,0,0.95,,
exploratory_smoke_v3_payload_fidelity_v2_not_for_confirmatory_pooling,smoke_v3_exploratory,qwen2_5_7b_instruct_q4_k_m,segmented_hex_single_topic,personal_narrative_blog,sha256_hex,detokenized_text_retokenized,unmodified,none,payload_fidelity_v2,payload_aware_result_v2,,effective_payload_rate,payload,0.5765765765765766,,0.5765765765765766,1,100,0.5765765765765766,0.5765765765765766,0,0.95,,
exploratory_smoke_v3_payload_fidelity_v2_not_for_confirmatory_pooling,smoke_v3_exploratory,qwen2_5_7b_instruct_q4_k_m,segmented_hex_single_topic,personal_narrative_blog,sha256_hex,greedy_leadin_regeneration,unmodified,none,payload_fidelity_v2,payload_aware_result_v2,,effective_payload_rate,payload,0.5765765765765766,,0.5765765765765766,1,100,0.5765765765765766,0.5765765765765766,0,0.95,,
exploratory_smoke_v3_payload_fidelity_v2_not_for_confirmatory_pooling,smoke_v3_exploratory,qwen2_5_7b_instruct_q4_k_m,segmented_hex_single_topic,personal_narrative_blog,sha256_hex,saved_token_ids,unmodified,none,payload_fidelity_v2,payload_aware_result_v2,,effective_payload_rate,payload,0.5765765765765766,,0.5765765765765766,1,100,0.5765765765765766,0.5765765765765766,0,0.95,,
exploratory_smoke_v3_payload_fidelity_v2_not_for_confirmatory_pooling,ordinary_llm_control_smoke_v3,llama3_8b_instruct_q4_k_m,ordinary_llm_control,casual_conversation,ed25519_signature_base64,,,,payload_fidelity_v2,payload_aware_result_v2,,flesch_reading_ease_heuristic,payload,92.15592307692307,,92.15592307692307,1,100,92.15592307692307,92.15592307692307,0,0.95,full_message,
exploratory_smoke_v3_payload_fidelity_v2_not_for_confirmatory_pooling,ordinary_llm_control_smoke_v3,llama3_8b_instruct_q4_k_m,ordinary_llm_control,casual_conversation,sha256_hex,,,,payload_fidelity_v2,payload_aware_result_v2,,flesch_reading_ease_heuristic,payload,92.5408455882353,,92.5408455882353,1,100,92.5408455882353,92.5408455882353,0,0.95,forced_span,
exploratory_smoke_v3_payload_fidelity_v2_not_for_confirmatory_pooling,ordinary_llm_control_smoke_v3,llama3_8b_instruct_q4_k_m,ordinary_llm_control,casual_conversation,sha256_hex,,,,payload_fidelity_v2,payload_aware_result_v2,,flesch_reading_ease_heuristic,payload,86.35058455565145,,86.35058455565145,1,100,86.35058455565145,86.35058455565145,0,0.95,full_message,
exploratory_smoke_v3_payload_fidelity_v2_not_for_confirmatory_pooling,ordinary_llm_control_smoke_v3,llama3_8b_instruct_q4_k_m,ordinary_llm_control,factual_explanatory,nonce_96_bit_hex,,,,payload_fidelity_v2,payload_aware_result_v2,,flesch_reading_ease_heuristic,payload,41.60424242424244,,41.60424242424244,1,100,41.60424242424244,41.60424242424244,0,0.95,forced_span,
exploratory_smoke_v3_payload_fidelity_v2_not_for_confirmatory_pooling,ordinary_llm_control_smoke_v3,llama3_8b_instruct_q4_k_m,ordinary_llm_control,factual_explanatory,nonce_96_bit_hex,,,,payload_fidelity_v2,payload_aware_result_v2,,flesch_reading_ease_heuristic,payload,80.89736585365856,,80.89736585365856,1,100,80.89736585365856,80.89736585365856,0,0.95,full_message,
exploratory_smoke_v3_payload_fidelity_v2_not_for_confirmatory_pooling,ordinary_llm_control_smoke_v3,llama3_8b_instruct_q4_k_m,ordinary_llm_control,factual_explanatory,token_128_bit_hex,,,,payload_fidelity_v2,payload_aware_result_v2,,flesch_reading_ease_heuristic,payload,71.58195402298851,,71.58195402298851,1,100,71.58195402298851,71.58195402298851,0,0.95,forced_span,
exploratory_smoke_v3_payload_fidelity_v2_not_for_confirmatory_pooling,ordinary_llm_control_smoke_v3,llama3_8b_instruct_q4_k_m,ordinary_llm_control,factual_explanatory,token_128_bit_hex,,,,payload_fidelity_v2,payload_aware_result_v2,,flesch_reading_ease_heuristic,payload,75.11861842105263,,75.11861842105263,1,100,75.11861842105263,75.11861842105263,0,0.95,full_message,
exploratory_smoke_v3_payload_fidelity_v2_not_for_confirmatory_pooling,ordinary_llm_control_smoke_v3,llama3_8b_instruct_q4_k_m,ordinary_llm_control,forum_question_answer,aes256_gcm_base64,,,,payload_fidelity_v2,payload_aware_result_v2,,flesch_reading_ease_heuristic,payload,64.38273948598132,,64.38273948598132,1,100,64.38273948598132,64.38273948598132,0,0.95,full_message,
exploratory_smoke_v3_payload_fidelity_v2_not_for_confirmatory_pooling,ordinary_llm_control_smoke_v3,llama3_8b_instruct_q4_k_m,ordinary_llm_control,forum_question_answer,nonce_96_bit_hex,,,,payload_fidelity_v2,payload_aware_result_v2,,flesch_reading_ease_heuristic,payload,94.30000000000001,,94.30000000000001,1,100,94.30000000000001,94.30000000000001,0,0.95,forced_span,
exploratory_smoke_v3_payload_fidelity_v2_not_for_confirmatory_pooling,ordinary_llm_control_smoke_v3,llama3_8b_instruct_q4_k_m,ordinary_llm_control,forum_question_answer,nonce_96_bit_hex,,,,payload_fidelity_v2,payload_aware_result_v2,,flesch_reading_ease_heuristic,payload,74.9189734848485,,74.9189734848485,1,100,74.9189734848485,74.9189734848485,0,0.95,full_message,
exploratory_smoke_v3_payload_fidelity_v2_not_for_confirmatory_pooling,ordinary_llm_control_smoke_v3,llama3_8b_instruct_q4_k_m,ordinary_llm_control,personal_narrative_blog,hmac_sha256_hex,,,,payload_fidelity_v2,payload_aware_result_v2,,flesch_reading_ease_heuristic,payload,60.69028248587571,,60.69028248587571,1,100,60.69028248587571,60.69028248587571,0,0.95,forced_span,
exploratory_smoke_v3_payload_fidelity_v2_not_for_confirmatory_pooling,ordinary_llm_control_smoke_v3,llama3_8b_instruct_q4_k_m,ordinary_llm_control,personal_narrative_blog,hmac_sha256_hex,,,,payload_fidelity_v2,payload_aware_result_v2,,flesch_reading_ease_heuristic,payload,70.2923908523909,,70.2923908523909,1,100,70.2923908523909,70.2923908523909,0,0.95,full_message,
exploratory_smoke_v3_payload_fidelity_v2_not_for_confirmatory_pooling,ordinary_llm_control_smoke_v3,llama3_8b_instruct_q4_k_m,ordinary_llm_control,personal_narrative_blog,sha256_hex,,,,payload_fidelity_v2,payload_aware_result_v2,,flesch_reading_ease_heuristic,payload,79.09150000000001,,79.09150000000001,1,100,79.09150000000001,79.09150000000001,0,0.95,forced_span,
exploratory_smoke_v3_payload_fidelity_v2_not_for_confirmatory_pooling,ordinary_llm_control_smoke_v3,llama3_8b_instruct_q4_k_m,ordinary_llm_control,personal_narrative_blog,sha256_hex,,,,payload_fidelity_v2,payload_aware_result_v2,,flesch_reading_ease_heuristic,payload,76.32138463551892,,76.32138463551892,1,100,76.32138463551892,76.32138463551892,0,0.95,full_message,
exploratory_smoke_v3_payload_fidelity_v2_not_for_confirmatory_pooling,ordinary_llm_control_smoke_v3,llama3_8b_instruct_q4_k_m,ordinary_llm_control,professional_communication,nonce_96_bit_hex,,,,payload_fidelity_v2,payload_aware_result_v2,,flesch_reading_ease_heuristic,payload,-18.235000000000014,,-18.235000000000014,1,100,-18.235000000000014,-18.235000000000014,0,0.95,forced_span,
exploratory_smoke_v3_payload_fidelity_v2_not_for_confirmatory_pooling,ordinary_llm_control_smoke_v3,llama3_8b_instruct_q4_k_m,ordinary_llm_control,professional_communication,nonce_96_bit_hex,,,,payload_fidelity_v2,payload_aware_result_v2,,flesch_reading_ease_heuristic,payload,50.80651130595294,,50.80651130595294,1,100,50.80651130595294,50.80651130595294,0,0.95,full_message,
exploratory_smoke_v3_payload_fidelity_v2_not_for_confirmatory_pooling,ordinary_llm_control_smoke_v3,llama3_8b_instruct_q4_k_m,ordinary_llm_control,professional_communication,uuid_v4,,,,payload_fidelity_v2,payload_aware_result_v2,,flesch_reading_ease_heuristic,payload,63.37764383561645,,63.37764383561645,1,100,63.37764383561645,63.37764383561645,0,0.95,full_message,
exploratory_smoke_v3_payload_fidelity_v2_not_for_confirmatory_pooling,ordinary_llm_control_smoke_v3,llama3_8b_instruct_q4_k_m,ordinary_llm_control,recipe_procedure,sha256_hex,,,,payload_fidelity_v2,payload_aware_result_v2,,flesch_reading_ease_heuristic,payload,68.90875000000001,,68.90875000000001,1,100,68.90875000000001,68.90875000000001,0,0.95,full_message,
exploratory_smoke_v3_payload_fidelity_v2_not_for_confirmatory_pooling,ordinary_llm_control_smoke_v3,llama3_8b_instruct_q4_k_m,ordinary_llm_control,recipe_procedure,token_128_bit_hex,,,,payload_fidelity_v2,payload_aware_result_v2,,flesch_reading_ease_heuristic,payload,53.655,,53.655,1,100,53.655,53.655,0,0.95,forced_span,
exploratory_smoke_v3_payload_fidelity_v2_not_for_confirmatory_pooling,ordinary_llm_control_smoke_v3,llama3_8b_instruct_q4_k_m,ordinary_llm_control,recipe_procedure,token_128_bit_hex,,,,payload_fidelity_v2,payload_aware_result_v2,,flesch_reading_ease_heuristic,payload,37.900000000000034,,37.900000000000034,1,100,37.900000000000034,37.900000000000034,0,0.95,full_message,
exploratory_smoke_v3_payload_fidelity_v2_not_for_confirmatory_pooling,ordinary_llm_control_smoke_v3,mistral_7b_instruct_v0_3_q4_k_m,ordinary_llm_control,casual_conversation,ed25519_signature_base64,,,,payload_fidelity_v2,payload_aware_result_v2,,flesch_reading_ease_heuristic,payload,69.82420454545455,,69.82420454545455,1,100,69.82420454545455,69.82420454545455,0,0.95,full_message,
exploratory_smoke_v3_payload_fidelity_v2_not_for_confirmatory_pooling,ordinary_llm_control_smoke_v3,mistral_7b_instruct_v0_3_q4_k_m,ordinary_llm_control,casual_conversation,nonce_96_bit_hex,,,,payload_fidelity_v2,payload_aware_result_v2,,flesch_reading_ease_heuristic,payload,69.78500000000001,,69.78500000000001,1,100,69.78500000000001,69.78500000000001,0,0.95,forced_span,
exploratory_smoke_v3_payload_fidelity_v2_not_for_confirmatory_pooling,ordinary_llm_control_smoke_v3,mistral_7b_instruct_v0_3_q4_k_m,ordinary_llm_control,casual_conversation,nonce_96_bit_hex,,,,payload_fidelity_v2,payload_aware_result_v2,,flesch_reading_ease_heuristic,payload,80.9038235294118,,80.9038235294118,1,100,80.9038235294118,80.9038235294118,0,0.95,full_message,
exploratory_smoke_v3_payload_fidelity_v2_not_for_confirmatory_pooling,ordinary_llm_control_smoke_v3,mistral_7b_instruct_v0_3_q4_k_m,ordinary_llm_control,factual_explanatory,sha256_hex,,,,payload_fidelity_v2,payload_aware_result_v2,,flesch_reading_ease_heuristic,payload,43.89833333333337,,43.89833333333337,1,100,43.89833333333337,43.89833333333337,0,0.95,forced_span,
exploratory_smoke_v3_payload_fidelity_v2_not_for_confirmatory_pooling,ordinary_llm_control_smoke_v3,mistral_7b_instruct_v0_3_q4_k_m,ordinary_llm_control,factual_explanatory,sha256_hex,,,,payload_fidelity_v2,payload_aware_result_v2,,flesch_reading_ease_heuristic,payload,30.903954248366034,,30.903954248366034,1,100,30.903954248366034,30.903954248366034,0,0.95,full_message,
exploratory_smoke_v3_payload_fidelity_v2_not_for_confirmatory_pooling,ordinary_llm_control_smoke_v3,mistral_7b_instruct_v0_3_q4_k_m,ordinary_llm_control,factual_explanatory,token_128_bit_hex,,,,payload_fidelity_v2,payload_aware_result_v2,,flesch_reading_ease_heuristic,payload,15.644000000000034,,15.644000000000034,1,100,15.644000000000034,15.644000000000034,0,0.95,forced_span,
exploratory_smoke_v3_payload_fidelity_v2_not_for_confirmatory_pooling,ordinary_llm_control_smoke_v3,mistral_7b_instruct_v0_3_q4_k_m,ordinary_llm_control,factual_explanatory,token_128_bit_hex,,,,payload_fidelity_v2,payload_aware_result_v2,,flesch_reading_ease_heuristic,payload,66.53493877551023,,66.53493877551023,1,100,66.53493877551023,66.53493877551023,0,0.95,full_message,
exploratory_smoke_v3_payload_fidelity_v2_not_for_confirmatory_pooling,ordinary_llm_control_smoke_v3,mistral_7b_instruct_v0_3_q4_k_m,ordinary_llm_control,forum_question_answer,aes256_gcm_base64,,,,payload_fidelity_v2,payload_aware_result_v2,,flesch_reading_ease_heuristic,payload,71.31949596774196,,71.31949596774196,1,100,71.31949596774196,71.31949596774196,0,0.95,full_message,
exploratory_smoke_v3_payload_fidelity_v2_not_for_confirmatory_pooling,ordinary_llm_control_smoke_v3,mistral_7b_instruct_v0_3_q4_k_m,ordinary_llm_control,forum_question_answer,sha256_hex,,,,payload_fidelity_v2,payload_aware_result_v2,,flesch_reading_ease_heuristic,payload,69.08027272727276,,69.08027272727276,1,100,69.08027272727276,69.08027272727276,0,0.95,forced_span,
exploratory_smoke_v3_payload_fidelity_v2_not_for_confirmatory_pooling,ordinary_llm_control_smoke_v3,mistral_7b_instruct_v0_3_q4_k_m,ordinary_llm_control,forum_question_answer,sha256_hex,,,,payload_fidelity_v2,payload_aware_result_v2,,flesch_reading_ease_heuristic,payload,67.57537414965988,,67.57537414965988,1,100,67.57537414965988,67.57537414965988,0,0.95,full_message,
exploratory_smoke_v3_payload_fidelity_v2_not_for_confirmatory_pooling,ordinary_llm_control_smoke_v3,mistral_7b_instruct_v0_3_q4_k_m,ordinary_llm_control,personal_narrative_blog,nonce_96_bit_hex,,,,payload_fidelity_v2,payload_aware_result_v2,,flesch_reading_ease_heuristic,payload,79.5575,,79.5575,1,100,79.5575,79.5575,0,0.95,forced_span,
exploratory_smoke_v3_payload_fidelity_v2_not_for_confirmatory_pooling,ordinary_llm_control_smoke_v3,mistral_7b_instruct_v0_3_q4_k_m,ordinary_llm_control,personal_narrative_blog,nonce_96_bit_hex,,,,payload_fidelity_v2,payload_aware_result_v2,,flesch_reading_ease_heuristic,payload,53.090291262135935,,53.090291262135935,1,100,53.090291262135935,53.090291262135935,0,0.95,full_message,
exploratory_smoke_v3_payload_fidelity_v2_not_for_confirmatory_pooling,ordinary_llm_control_smoke_v3,mistral_7b_instruct_v0_3_q4_k_m,ordinary_llm_control,personal_narrative_blog,token_128_bit_hex,,,,payload_fidelity_v2,payload_aware_result_v2,,flesch_reading_ease_heuristic,payload,30.332941176470626,,30.332941176470626,1,100,30.332941176470626,30.332941176470626,0,0.95,forced_span,
exploratory_smoke_v3_payload_fidelity_v2_not_for_confirmatory_pooling,ordinary_llm_control_smoke_v3,mistral_7b_instruct_v0_3_q4_k_m,ordinary_llm_control,personal_narrative_blog,token_128_bit_hex,,,,payload_fidelity_v2,payload_aware_result_v2,,flesch_reading_ease_heuristic,payload,52.906785714285746,,52.906785714285746,1,100,52.906785714285746,52.906785714285746,0,0.95,full_message,
exploratory_smoke_v3_payload_fidelity_v2_not_for_confirmatory_pooling,ordinary_llm_control_smoke_v3,mistral_7b_instruct_v0_3_q4_k_m,ordinary_llm_control,professional_communication,uuid_v4,,,,payload_fidelity_v2,payload_aware_result_v2,,flesch_reading_ease_heuristic,payload,64.65347368421055,,64.65347368421055,1,100,64.65347368421055,64.65347368421055,0,0.95,full_message,
exploratory_smoke_v3_payload_fidelity_v2_not_for_confirmatory_pooling,ordinary_llm_control_smoke_v3,mistral_7b_instruct_v0_3_q4_k_m,ordinary_llm_control,recipe_procedure,nonce_96_bit_hex,,,,payload_fidelity_v2,payload_aware_result_v2,,flesch_reading_ease_heuristic,payload,83.32000000000004,,83.32000000000004,1,100,83.32000000000004,83.32000000000004,0,0.95,full_message,
exploratory_smoke_v3_payload_fidelity_v2_not_for_confirmatory_pooling,ordinary_llm_control_smoke_v3,mistral_7b_instruct_v0_3_q4_k_m,ordinary_llm_control,recipe_procedure,token_128_bit_hex,,,,payload_fidelity_v2,payload_aware_result_v2,,flesch_reading_ease_heuristic,payload,79.34892857142859,,79.34892857142859,1,100,79.34892857142859,79.34892857142859,0,0.95,forced_span,
exploratory_smoke_v3_payload_fidelity_v2_not_for_confirmatory_pooling,ordinary_llm_control_smoke_v3,mistral_7b_instruct_v0_3_q4_k_m,ordinary_llm_control,recipe_procedure,token_128_bit_hex,,,,payload_fidelity_v2,payload_aware_result_v2,,flesch_reading_ease_heuristic,payload,64.70833333333334,,64.70833333333334,1,100,64.70833333333334,64.70833333333334,0,0.95,full_message,
exploratory_smoke_v3_payload_fidelity_v2_not_for_confirmatory_pooling,ordinary_llm_control_smoke_v3,qwen2_5_7b_instruct_q4_k_m,ordinary_llm_control,casual_conversation,ed25519_signature_base64,,,,payload_fidelity_v2,payload_aware_result_v2,,flesch_reading_ease_heuristic,payload,69.55039473684211,,69.55039473684211,1,100,69.55039473684211,69.55039473684211,0,0.95,full_message,
exploratory_smoke_v3_payload_fidelity_v2_not_for_confirmatory_pooling,ordinary_llm_control_smoke_v3,qwen2_5_7b_instruct_q4_k_m,ordinary_llm_control,casual_conversation,nonce_96_bit_hex,,,,payload_fidelity_v2,payload_aware_result_v2,,flesch_reading_ease_heuristic,payload,70.66750000000002,,70.66750000000002,1,100,70.66750000000002,70.66750000000002,0,0.95,forced_span,
exploratory_smoke_v3_payload_fidelity_v2_not_for_confirmatory_pooling,ordinary_llm_control_smoke_v3,qwen2_5_7b_instruct_q4_k_m,ordinary_llm_control,casual_conversation,nonce_96_bit_hex,,,,payload_fidelity_v2,payload_aware_result_v2,,flesch_reading_ease_heuristic,payload,69.55002024291497,,69.55002024291497,1,100,69.55002024291497,69.55002024291497,0,0.95,full_message,
exploratory_smoke_v3_payload_fidelity_v2_not_for_confirmatory_pooling,ordinary_llm_control_smoke_v3,qwen2_5_7b_instruct_q4_k_m,ordinary_llm_control,factual_explanatory,hmac_sha256_hex,,,,payload_fidelity_v2,payload_aware_result_v2,,flesch_reading_ease_heuristic,payload,33.79547619047622,,33.79547619047622,1,100,33.79547619047622,33.79547619047622,0,0.95,forced_span,
exploratory_smoke_v3_payload_fidelity_v2_not_for_confirmatory_pooling,ordinary_llm_control_smoke_v3,qwen2_5_7b_instruct_q4_k_m,ordinary_llm_control,factual_explanatory,hmac_sha256_hex,,,,payload_fidelity_v2,payload_aware_result_v2,,flesch_reading_ease_heuristic,payload,32.83587970615247,,32.83587970615247,1,100,32.83587970615247,32.83587970615247,0,0.95,full_message,
exploratory_smoke_v3_payload_fidelity_v2_not_for_confirmatory_pooling,ordinary_llm_control_smoke_v3,qwen2_5_7b_instruct_q4_k_m,ordinary_llm_control,factual_explanatory,nonce_96_bit_hex,,,,payload_fidelity_v2,payload_aware_result_v2,,flesch_reading_ease_heuristic,payload,38.37772727272727,,38.37772727272727,1,100,38.37772727272727,38.37772727272727,0,0.95,forced_span,
exploratory_smoke_v3_payload_fidelity_v2_not_for_confirmatory_pooling,ordinary_llm_control_smoke_v3,qwen2_5_7b_instruct_q4_k_m,ordinary_llm_control,factual_explanatory,nonce_96_bit_hex,,,,payload_fidelity_v2,payload_aware_result_v2,,flesch_reading_ease_heuristic,payload,29.667976338729773,,29.667976338729773,1,100,29.667976338729773,29.667976338729773,0,0.95,full_message,
exploratory_smoke_v3_payload_fidelity_v2_not_for_confirmatory_pooling,ordinary_llm_control_smoke_v3,qwen2_5_7b_instruct_q4_k_m,ordinary_llm_control,forum_question_answer,chacha20_poly1305_base64,,,,payload_fidelity_v2,payload_aware_result_v2,,flesch_reading_ease_heuristic,payload,39.02000000000001,,39.02000000000001,1,100,39.02000000000001,39.02000000000001,0,0.95,full_message,
exploratory_smoke_v3_payload_fidelity_v2_not_for_confirmatory_pooling,ordinary_llm_control_smoke_v3,qwen2_5_7b_instruct_q4_k_m,ordinary_llm_control,forum_question_answer,token_128_bit_hex,,,,payload_fidelity_v2,payload_aware_result_v2,,flesch_reading_ease_heuristic,payload,64.66583333333335,,64.66583333333335,1,100,64.66583333333335,64.66583333333335,0,0.95,forced_span,
exploratory_smoke_v3_payload_fidelity_v2_not_for_confirmatory_pooling,ordinary_llm_control_smoke_v3,qwen2_5_7b_instruct_q4_k_m,ordinary_llm_control,forum_question_answer,token_128_bit_hex,,,,payload_fidelity_v2,payload_aware_result_v2,,flesch_reading_ease_heuristic,payload,46.32307203389831,,46.32307203389831,1,100,46.32307203389831,46.32307203389831,0,0.95,full_message,
exploratory_smoke_v3_payload_fidelity_v2_not_for_confirmatory_pooling,ordinary_llm_control_smoke_v3,qwen2_5_7b_instruct_q4_k_m,ordinary_llm_control,personal_narrative_blog,nonce_96_bit_hex,,,,payload_fidelity_v2,payload_aware_result_v2,,flesch_reading_ease_heuristic,payload,61.07909090909095,,61.07909090909095,1,100,61.07909090909095,61.07909090909095,0,0.95,forced_span,
exploratory_smoke_v3_payload_fidelity_v2_not_for_confirmatory_pooling,ordinary_llm_control_smoke_v3,qwen2_5_7b_instruct_q4_k_m,ordinary_llm_control,personal_narrative_blog,nonce_96_bit_hex,,,,payload_fidelity_v2,payload_aware_result_v2,,flesch_reading_ease_heuristic,payload,67.77750000000002,,67.77750000000002,1,100,67.77750000000002,67.77750000000002,0,0.95,full_message,
exploratory_smoke_v3_payload_fidelity_v2_not_for_confirmatory_pooling,ordinary_llm_control_smoke_v3,qwen2_5_7b_instruct_q4_k_m,ordinary_llm_control,personal_narrative_blog,sha256_hex,,,,payload_fidelity_v2,payload_aware_result_v2,,flesch_reading_ease_heuristic,payload,76.8864655172414,,76.8864655172414,1,100,76.8864655172414,76.8864655172414,0,0.95,forced_span,
exploratory_smoke_v3_payload_fidelity_v2_not_for_confirmatory_pooling,ordinary_llm_control_smoke_v3,qwen2_5_7b_instruct_q4_k_m,ordinary_llm_control,personal_narrative_blog,sha256_hex,,,,payload_fidelity_v2,payload_aware_result_v2,,flesch_reading_ease_heuristic,payload,69.96920864661656,,69.96920864661656,1,100,69.96920864661656,69.96920864661656,0,0.95,full_message,
exploratory_smoke_v3_payload_fidelity_v2_not_for_confirmatory_pooling,ordinary_llm_control_smoke_v3,qwen2_5_7b_instruct_q4_k_m,ordinary_llm_control,professional_communication,nonce_96_bit_hex,,,,payload_fidelity_v2,payload_aware_result_v2,,flesch_reading_ease_heuristic,payload,55.21529411764709,,55.21529411764709,1,100,55.21529411764709,55.21529411764709,0,0.95,forced_span,
exploratory_smoke_v3_payload_fidelity_v2_not_for_confirmatory_pooling,ordinary_llm_control_smoke_v3,qwen2_5_7b_instruct_q4_k_m,ordinary_llm_control,professional_communication,nonce_96_bit_hex,,,,payload_fidelity_v2,payload_aware_result_v2,,flesch_reading_ease_heuristic,payload,59.72796266233769,,59.72796266233769,1,100,59.72796266233769,59.72796266233769,0,0.95,full_message,
exploratory_smoke_v3_payload_fidelity_v2_not_for_confirmatory_pooling,ordinary_llm_control_smoke_v3,qwen2_5_7b_instruct_q4_k_m,ordinary_llm_control,professional_communication,uuid_v4,,,,payload_fidelity_v2,payload_aware_result_v2,,flesch_reading_ease_heuristic,payload,52.71946917808219,,52.71946917808219,1,100,52.71946917808219,52.71946917808219,0,0.95,full_message,
exploratory_smoke_v3_payload_fidelity_v2_not_for_confirmatory_pooling,ordinary_llm_control_smoke_v3,qwen2_5_7b_instruct_q4_k_m,ordinary_llm_control,recipe_procedure,sha256_hex,,,,payload_fidelity_v2,payload_aware_result_v2,,flesch_reading_ease_heuristic,payload,53.889852941176486,,53.889852941176486,1,100,53.889852941176486,53.889852941176486,0,0.95,forced_span,
exploratory_smoke_v3_payload_fidelity_v2_not_for_confirmatory_pooling,ordinary_llm_control_smoke_v3,qwen2_5_7b_instruct_q4_k_m,ordinary_llm_control,recipe_procedure,sha256_hex,,,,payload_fidelity_v2,payload_aware_result_v2,,flesch_reading_ease_heuristic,payload,31.782500000000027,,31.782500000000027,1,100,31.782500000000027,31.782500000000027,0,0.95,full_message,
exploratory_smoke_v3_payload_fidelity_v2_not_for_confirmatory_pooling,ordinary_llm_control_smoke_v3,qwen2_5_7b_instruct_q4_k_m,ordinary_llm_control,recipe_procedure,token_128_bit_hex,,,,payload_fidelity_v2,payload_aware_result_v2,,flesch_reading_ease_heuristic,payload,62.37508771929825,,62.37508771929825,1,100,62.37508771929825,62.37508771929825,0,0.95,full_message,
exploratory_smoke_v3_payload_fidelity_v2_not_for_confirmatory_pooling,smoke_v3_exploratory,llama3_8b_instruct_q4_k_m,direct_subword_calgacus,casual_conversation,ed25519_signature_base64,,,,payload_fidelity_v2,payload_aware_result_v2,,flesch_reading_ease_heuristic,payload,68.51500000000004,,68.51500000000004,1,100,68.51500000000004,68.51500000000004,0,0.95,forced_span,
exploratory_smoke_v3_payload_fidelity_v2_not_for_confirmatory_pooling,smoke_v3_exploratory,llama3_8b_instruct_q4_k_m,direct_subword_calgacus,casual_conversation,ed25519_signature_base64,,,,payload_fidelity_v2,payload_aware_result_v2,,flesch_reading_ease_heuristic,payload,68.51500000000004,,68.51500000000004,1,100,68.51500000000004,68.51500000000004,0,0.95,full_message,
exploratory_smoke_v3_payload_fidelity_v2_not_for_confirmatory_pooling,smoke_v3_exploratory,llama3_8b_instruct_q4_k_m,nonseg_ascii_b16,forum_question_answer,aes256_gcm_base64,,,,payload_fidelity_v2,payload_aware_result_v2,,flesch_reading_ease_heuristic,payload,72.5461320754717,,72.5461320754717,1,100,72.5461320754717,72.5461320754717,0,0.95,forced_span,
exploratory_smoke_v3_payload_fidelity_v2_not_for_confirmatory_pooling,smoke_v3_exploratory,llama3_8b_instruct_q4_k_m,nonseg_ascii_b16,forum_question_answer,aes256_gcm_base64,,,,payload_fidelity_v2,payload_aware_result_v2,,flesch_reading_ease_heuristic,payload,72.5461320754717,,72.5461320754717,1,100,72.5461320754717,72.5461320754717,0,0.95,full_message,
exploratory_smoke_v3_payload_fidelity_v2_not_for_confirmatory_pooling,smoke_v3_exploratory,llama3_8b_instruct_q4_k_m,nonseg_ascii_b8,professional_communication,uuid_v4,,,,payload_fidelity_v2,payload_aware_result_v2,,flesch_reading_ease_heuristic,payload,34.89131782945739,,34.89131782945739,1,100,34.89131782945739,34.89131782945739,0,0.95,forced_span,
exploratory_smoke_v3_payload_fidelity_v2_not_for_confirmatory_pooling,smoke_v3_exploratory,llama3_8b_instruct_q4_k_m,nonseg_ascii_b8,professional_communication,uuid_v4,,,,payload_fidelity_v2,payload_aware_result_v2,,flesch_reading_ease_heuristic,payload,34.89131782945739,,34.89131782945739,1,100,34.89131782945739,34.89131782945739,0,0.95,full_message,
exploratory_smoke_v3_payload_fidelity_v2_not_for_confirmatory_pooling,smoke_v3_exploratory,llama3_8b_instruct_q4_k_m,nonseg_hex_nibble_b16,recipe_procedure,sha256_hex,,,,payload_fidelity_v2,payload_aware_result_v2,,flesch_reading_ease_heuristic,payload,67.8246153846154,,67.8246153846154,1,100,67.8246153846154,67.8246153846154,0,0.95,forced_span,
exploratory_smoke_v3_payload_fidelity_v2_not_for_confirmatory_pooling,smoke_v3_exploratory,llama3_8b_instruct_q4_k_m,nonseg_hex_nibble_b16,recipe_procedure,sha256_hex,,,,payload_fidelity_v2,payload_aware_result_v2,,flesch_reading_ease_heuristic,payload,67.8246153846154,,67.8246153846154,1,100,67.8246153846154,67.8246153846154,0,0.95,full_message,
exploratory_smoke_v3_payload_fidelity_v2_not_for_confirmatory_pooling,smoke_v3_exploratory,llama3_8b_instruct_q4_k_m,segmented_hex_multi_topic,casual_conversation,sha256_hex,,,,payload_fidelity_v2,payload_aware_result_v2,,flesch_reading_ease_heuristic,payload,45.133333333333354,,45.133333333333354,1,100,45.133333333333354,45.133333333333354,0,0.95,forced_span,
exploratory_smoke_v3_payload_fidelity_v2_not_for_confirmatory_pooling,smoke_v3_exploratory,llama3_8b_instruct_q4_k_m,segmented_hex_multi_topic,casual_conversation,sha256_hex,,,,payload_fidelity_v2,payload_aware_result_v2,,flesch_reading_ease_heuristic,payload,61.229405825242736,,61.229405825242736,1,100,61.229405825242736,61.229405825242736,0,0.95,full_message,
exploratory_smoke_v3_payload_fidelity_v2_not_for_confirmatory_pooling,smoke_v3_exploratory,llama3_8b_instruct_q4_k_m,segmented_hex_multi_topic,factual_explanatory,nonce_96_bit_hex,,,,payload_fidelity_v2,payload_aware_result_v2,,flesch_reading_ease_heuristic,payload,33.57500000000002,,33.57500000000002,1,100,33.57500000000002,33.57500000000002,0,0.95,forced_span,
exploratory_smoke_v3_payload_fidelity_v2_not_for_confirmatory_pooling,smoke_v3_exploratory,llama3_8b_instruct_q4_k_m,segmented_hex_multi_topic,factual_explanatory,nonce_96_bit_hex,,,,payload_fidelity_v2,payload_aware_result_v2,,flesch_reading_ease_heuristic,payload,55.685,,55.685,1,100,55.685,55.685,0,0.95,full_message,
exploratory_smoke_v3_payload_fidelity_v2_not_for_confirmatory_pooling,smoke_v3_exploratory,llama3_8b_instruct_q4_k_m,segmented_hex_multi_topic,factual_explanatory,token_128_bit_hex,,,,payload_fidelity_v2,payload_aware_result_v2,,flesch_reading_ease_heuristic,payload,77.64602564102567,,77.64602564102567,1,100,77.64602564102567,77.64602564102567,0,0.95,forced_span,
exploratory_smoke_v3_payload_fidelity_v2_not_for_confirmatory_pooling,smoke_v3_exploratory,llama3_8b_instruct_q4_k_m,segmented_hex_multi_topic,factual_explanatory,token_128_bit_hex,,,,payload_fidelity_v2,payload_aware_result_v2,,flesch_reading_ease_heuristic,payload,80.46434059633029,,80.46434059633029,1,100,80.46434059633029,80.46434059633029,0,0.95,full_message,
exploratory_smoke_v3_payload_fidelity_v2_not_for_confirmatory_pooling,smoke_v3_exploratory,llama3_8b_instruct_q4_k_m,segmented_hex_multi_topic,forum_question_answer,nonce_96_bit_hex,,,,payload_fidelity_v2,payload_aware_result_v2,,flesch_reading_ease_heuristic,payload,73.84500000000001,,73.84500000000001,1,100,73.84500000000001,73.84500000000001,0,0.95,forced_span,
exploratory_smoke_v3_payload_fidelity_v2_not_for_confirmatory_pooling,smoke_v3_exploratory,llama3_8b_instruct_q4_k_m,segmented_hex_multi_topic,forum_question_answer,nonce_96_bit_hex,,,,payload_fidelity_v2,payload_aware_result_v2,,flesch_reading_ease_heuristic,payload,71.39753968253969,,71.39753968253969,1,100,71.39753968253969,71.39753968253969,0,0.95,full_message,
exploratory_smoke_v3_payload_fidelity_v2_not_for_confirmatory_pooling,smoke_v3_exploratory,llama3_8b_instruct_q4_k_m,segmented_hex_multi_topic,personal_narrative_blog,sha256_hex,,,,payload_fidelity_v2,payload_aware_result_v2,,flesch_reading_ease_heuristic,payload,70.19100000000002,,70.19100000000002,1,100,70.19100000000002,70.19100000000002,0,0.95,forced_span,
exploratory_smoke_v3_payload_fidelity_v2_not_for_confirmatory_pooling,smoke_v3_exploratory,llama3_8b_instruct_q4_k_m,segmented_hex_multi_topic,personal_narrative_blog,sha256_hex,,,,payload_fidelity_v2,payload_aware_result_v2,,flesch_reading_ease_heuristic,payload,57.875696969697,,57.875696969697,1,100,57.875696969697,57.875696969697,0,0.95,full_message,
exploratory_smoke_v3_payload_fidelity_v2_not_for_confirmatory_pooling,smoke_v3_exploratory,llama3_8b_instruct_q4_k_m,segmented_hex_multi_topic,professional_communication,nonce_96_bit_hex,,,,payload_fidelity_v2,payload_aware_result_v2,,flesch_reading_ease_heuristic,payload,52.58250000000001,,52.58250000000001,1,100,52.58250000000001,52.58250000000001,0,0.95,forced_span,
exploratory_smoke_v3_payload_fidelity_v2_not_for_confirmatory_pooling,smoke_v3_exploratory,llama3_8b_instruct_q4_k_m,segmented_hex_multi_topic,professional_communication,nonce_96_bit_hex,,,,payload_fidelity_v2,payload_aware_result_v2,,flesch_reading_ease_heuristic,payload,48.236428571428576,,48.236428571428576,1,100,48.236428571428576,48.236428571428576,0,0.95,full_message,
exploratory_smoke_v3_payload_fidelity_v2_not_for_confirmatory_pooling,smoke_v3_exploratory,llama3_8b_instruct_q4_k_m,segmented_hex_multi_topic,recipe_procedure,token_128_bit_hex,,,,payload_fidelity_v2,payload_aware_result_v2,,flesch_reading_ease_heuristic,payload,53.56666666666669,,53.56666666666669,1,100,53.56666666666669,53.56666666666669,0,0.95,forced_span,
exploratory_smoke_v3_payload_fidelity_v2_not_for_confirmatory_pooling,smoke_v3_exploratory,llama3_8b_instruct_q4_k_m,segmented_hex_multi_topic,recipe_procedure,token_128_bit_hex,,,,payload_fidelity_v2,payload_aware_result_v2,,flesch_reading_ease_heuristic,payload,53.56666666666669,,53.56666666666669,1,100,53.56666666666669,53.56666666666669,0,0.95,full_message,
exploratory_smoke_v3_payload_fidelity_v2_not_for_confirmatory_pooling,smoke_v3_exploratory,llama3_8b_instruct_q4_k_m,segmented_hex_single_topic,personal_narrative_blog,hmac_sha256_hex,,,,payload_fidelity_v2,payload_aware_result_v2,,flesch_reading_ease_heuristic,payload,11.03545454545457,,11.03545454545457,1,100,11.03545454545457,11.03545454545457,0,0.95,forced_span,
exploratory_smoke_v3_payload_fidelity_v2_not_for_confirmatory_pooling,smoke_v3_exploratory,llama3_8b_instruct_q4_k_m,segmented_hex_single_topic,personal_narrative_blog,hmac_sha256_hex,,,,payload_fidelity_v2,payload_aware_result_v2,,flesch_reading_ease_heuristic,payload,57.43818965517241,,57.43818965517241,1,100,57.43818965517241,57.43818965517241,0,0.95,full_message,
exploratory_smoke_v3_payload_fidelity_v2_not_for_confirmatory_pooling,smoke_v3_exploratory,mistral_7b_instruct_v0_3_q4_k_m,direct_subword_calgacus,casual_conversation,ed25519_signature_base64,,,,payload_fidelity_v2,payload_aware_result_v2,,flesch_reading_ease_heuristic,payload,84.15181818181821,,84.15181818181821,1,100,84.15181818181821,84.15181818181821,0,0.95,forced_span,
exploratory_smoke_v3_payload_fidelity_v2_not_for_confirmatory_pooling,smoke_v3_exploratory,mistral_7b_instruct_v0_3_q4_k_m,direct_subword_calgacus,casual_conversation,ed25519_signature_base64,,,,payload_fidelity_v2,payload_aware_result_v2,,flesch_reading_ease_heuristic,payload,84.15181818181821,,84.15181818181821,1,100,84.15181818181821,84.15181818181821,0,0.95,full_message,
exploratory_smoke_v3_payload_fidelity_v2_not_for_confirmatory_pooling,smoke_v3_exploratory,mistral_7b_instruct_v0_3_q4_k_m,nonseg_ascii_b16,forum_question_answer,aes256_gcm_base64,,,,payload_fidelity_v2,payload_aware_result_v2,,flesch_reading_ease_heuristic,payload,62.630795918367355,,62.630795918367355,1,100,62.630795918367355,62.630795918367355,0,0.95,forced_span,
exploratory_smoke_v3_payload_fidelity_v2_not_for_confirmatory_pooling,smoke_v3_exploratory,mistral_7b_instruct_v0_3_q4_k_m,nonseg_ascii_b16,forum_question_answer,aes256_gcm_base64,,,,payload_fidelity_v2,payload_aware_result_v2,,flesch_reading_ease_heuristic,payload,62.630795918367355,,62.630795918367355,1,100,62.630795918367355,62.630795918367355,0,0.95,full_message,
exploratory_smoke_v3_payload_fidelity_v2_not_for_confirmatory_pooling,smoke_v3_exploratory,mistral_7b_instruct_v0_3_q4_k_m,nonseg_ascii_b8,professional_communication,uuid_v4,,,,payload_fidelity_v2,payload_aware_result_v2,,flesch_reading_ease_heuristic,payload,35.91379310344831,,35.91379310344831,1,100,35.91379310344831,35.91379310344831,0,0.95,forced_span,
exploratory_smoke_v3_payload_fidelity_v2_not_for_confirmatory_pooling,smoke_v3_exploratory,mistral_7b_instruct_v0_3_q4_k_m,nonseg_ascii_b8,professional_communication,uuid_v4,,,,payload_fidelity_v2,payload_aware_result_v2,,flesch_reading_ease_heuristic,payload,35.91379310344831,,35.91379310344831,1,100,35.91379310344831,35.91379310344831,0,0.95,full_message,
exploratory_smoke_v3_payload_fidelity_v2_not_for_confirmatory_pooling,smoke_v3_exploratory,mistral_7b_instruct_v0_3_q4_k_m,nonseg_hex_nibble_b16,recipe_procedure,nonce_96_bit_hex,,,,payload_fidelity_v2,payload_aware_result_v2,,flesch_reading_ease_heuristic,payload,65.16823529411766,,65.16823529411766,1,100,65.16823529411766,65.16823529411766,0,0.95,forced_span,
exploratory_smoke_v3_payload_fidelity_v2_not_for_confirmatory_pooling,smoke_v3_exploratory,mistral_7b_instruct_v0_3_q4_k_m,nonseg_hex_nibble_b16,recipe_procedure,nonce_96_bit_hex,,,,payload_fidelity_v2,payload_aware_result_v2,,flesch_reading_ease_heuristic,payload,65.16823529411766,,65.16823529411766,1,100,65.16823529411766,65.16823529411766,0,0.95,full_message,
exploratory_smoke_v3_payload_fidelity_v2_not_for_confirmatory_pooling,smoke_v3_exploratory,mistral_7b_instruct_v0_3_q4_k_m,segmented_hex_multi_topic,casual_conversation,nonce_96_bit_hex,,,,payload_fidelity_v2,payload_aware_result_v2,,flesch_reading_ease_heuristic,payload,27.255263157894774,,27.255263157894774,1,100,27.255263157894774,27.255263157894774,0,0.95,forced_span,
exploratory_smoke_v3_payload_fidelity_v2_not_for_confirmatory_pooling,smoke_v3_exploratory,mistral_7b_instruct_v0_3_q4_k_m,segmented_hex_multi_topic,casual_conversation,nonce_96_bit_hex,,,,payload_fidelity_v2,payload_aware_result_v2,,flesch_reading_ease_heuristic,payload,71.93121495327105,,71.93121495327105,1,100,71.93121495327105,71.93121495327105,0,0.95,full_message,
exploratory_smoke_v3_payload_fidelity_v2_not_for_confirmatory_pooling,smoke_v3_exploratory,mistral_7b_instruct_v0_3_q4_k_m,segmented_hex_multi_topic,factual_explanatory,sha256_hex,,,,payload_fidelity_v2,payload_aware_result_v2,,flesch_reading_ease_heuristic,payload,18.56250000000003,,18.56250000000003,1,100,18.56250000000003,18.56250000000003,0,0.95,forced_span,
exploratory_smoke_v3_payload_fidelity_v2_not_for_confirmatory_pooling,smoke_v3_exploratory,mistral_7b_instruct_v0_3_q4_k_m,segmented_hex_multi_topic,factual_explanatory,sha256_hex,,,,payload_fidelity_v2,payload_aware_result_v2,,flesch_reading_ease_heuristic,payload,52.0103956043956,,52.0103956043956,1,100,52.0103956043956,52.0103956043956,0,0.95,full_message,
exploratory_smoke_v3_payload_fidelity_v2_not_for_confirmatory_pooling,smoke_v3_exploratory,mistral_7b_instruct_v0_3_q4_k_m,segmented_hex_multi_topic,factual_explanatory,token_128_bit_hex,,,,payload_fidelity_v2,payload_aware_result_v2,,flesch_reading_ease_heuristic,payload,21.006538461538497,,21.006538461538497,1,100,21.006538461538497,21.006538461538497,0,0.95,forced_span,
exploratory_smoke_v3_payload_fidelity_v2_not_for_confirmatory_pooling,smoke_v3_exploratory,mistral_7b_instruct_v0_3_q4_k_m,segmented_hex_multi_topic,factual_explanatory,token_128_bit_hex,,,,payload_fidelity_v2,payload_aware_result_v2,,flesch_reading_ease_heuristic,payload,45.25300000000004,,45.25300000000004,1,100,45.25300000000004,45.25300000000004,0,0.95,full_message,
exploratory_smoke_v3_payload_fidelity_v2_not_for_confirmatory_pooling,smoke_v3_exploratory,mistral_7b_instruct_v0_3_q4_k_m,segmented_hex_multi_topic,forum_question_answer,sha256_hex,,,,payload_fidelity_v2,payload_aware_result_v2,,flesch_reading_ease_heuristic,payload,15.129999999999995,,15.129999999999995,1,100,15.129999999999995,15.129999999999995,0,0.95,forced_span,
exploratory_smoke_v3_payload_fidelity_v2_not_for_confirmatory_pooling,smoke_v3_exploratory,mistral_7b_instruct_v0_3_q4_k_m,segmented_hex_multi_topic,forum_question_answer,sha256_hex,,,,payload_fidelity_v2,payload_aware_result_v2,,flesch_reading_ease_heuristic,payload,63.40692607256443,,63.40692607256443,1,100,63.40692607256443,63.40692607256443,0,0.95,full_message,
exploratory_smoke_v3_payload_fidelity_v2_not_for_confirmatory_pooling,smoke_v3_exploratory,mistral_7b_instruct_v0_3_q4_k_m,segmented_hex_multi_topic,personal_narrative_blog,nonce_96_bit_hex,,,,payload_fidelity_v2,payload_aware_result_v2,,flesch_reading_ease_heuristic,payload,25.795000000000044,,25.795000000000044,1,100,25.795000000000044,25.795000000000044,0,0.95,forced_span,
exploratory_smoke_v3_payload_fidelity_v2_not_for_confirmatory_pooling,smoke_v3_exploratory,mistral_7b_instruct_v0_3_q4_k_m,segmented_hex_multi_topic,personal_narrative_blog,nonce_96_bit_hex,,,,payload_fidelity_v2,payload_aware_result_v2,,flesch_reading_ease_heuristic,payload,50.328333333333376,,50.328333333333376,1,100,50.328333333333376,50.328333333333376,0,0.95,full_message,
exploratory_smoke_v3_payload_fidelity_v2_not_for_confirmatory_pooling,smoke_v3_exploratory,mistral_7b_instruct_v0_3_q4_k_m,segmented_hex_multi_topic,recipe_procedure,token_128_bit_hex,,,,payload_fidelity_v2,payload_aware_result_v2,,flesch_reading_ease_heuristic,payload,85.85950000000001,,85.85950000000001,1,100,85.85950000000001,85.85950000000001,0,0.95,forced_span,
exploratory_smoke_v3_payload_fidelity_v2_not_for_confirmatory_pooling,smoke_v3_exploratory,mistral_7b_instruct_v0_3_q4_k_m,segmented_hex_multi_topic,recipe_procedure,token_128_bit_hex,,,,payload_fidelity_v2,payload_aware_result_v2,,flesch_reading_ease_heuristic,payload,85.85950000000001,,85.85950000000001,1,100,85.85950000000001,85.85950000000001,0,0.95,full_message,
exploratory_smoke_v3_payload_fidelity_v2_not_for_confirmatory_pooling,smoke_v3_exploratory,mistral_7b_instruct_v0_3_q4_k_m,segmented_hex_single_topic,personal_narrative_blog,token_128_bit_hex,,,,payload_fidelity_v2,payload_aware_result_v2,,flesch_reading_ease_heuristic,payload,58.429130434782635,,58.429130434782635,1,100,58.429130434782635,58.429130434782635,0,0.95,forced_span,
exploratory_smoke_v3_payload_fidelity_v2_not_for_confirmatory_pooling,smoke_v3_exploratory,mistral_7b_instruct_v0_3_q4_k_m,segmented_hex_single_topic,personal_narrative_blog,token_128_bit_hex,,,,payload_fidelity_v2,payload_aware_result_v2,,flesch_reading_ease_heuristic,payload,59.513000000000005,,59.513000000000005,1,100,59.513000000000005,59.513000000000005,0,0.95,full_message,
exploratory_smoke_v3_payload_fidelity_v2_not_for_confirmatory_pooling,smoke_v3_exploratory,qwen2_5_7b_instruct_q4_k_m,direct_subword_calgacus,casual_conversation,ed25519_signature_base64,,,,payload_fidelity_v2,payload_aware_result_v2,,flesch_reading_ease_heuristic,payload,66.82705882352944,,66.82705882352944,1,100,66.82705882352944,66.82705882352944,0,0.95,forced_span,
exploratory_smoke_v3_payload_fidelity_v2_not_for_confirmatory_pooling,smoke_v3_exploratory,qwen2_5_7b_instruct_q4_k_m,direct_subword_calgacus,casual_conversation,ed25519_signature_base64,,,,payload_fidelity_v2,payload_aware_result_v2,,flesch_reading_ease_heuristic,payload,66.82705882352944,,66.82705882352944,1,100,66.82705882352944,66.82705882352944,0,0.95,full_message,
exploratory_smoke_v3_payload_fidelity_v2_not_for_confirmatory_pooling,smoke_v3_exploratory,qwen2_5_7b_instruct_q4_k_m,nonseg_ascii_b16,forum_question_answer,chacha20_poly1305_base64,,,,payload_fidelity_v2,payload_aware_result_v2,,flesch_reading_ease_heuristic,payload,30.67275442477876,,30.67275442477876,1,100,30.67275442477876,30.67275442477876,0,0.95,forced_span,
exploratory_smoke_v3_payload_fidelity_v2_not_for_confirmatory_pooling,smoke_v3_exploratory,qwen2_5_7b_instruct_q4_k_m,nonseg_ascii_b16,forum_question_answer,chacha20_poly1305_base64,,,,payload_fidelity_v2,payload_aware_result_v2,,flesch_reading_ease_heuristic,payload,30.67275442477876,,30.67275442477876,1,100,30.67275442477876,30.67275442477876,0,0.95,full_message,
exploratory_smoke_v3_payload_fidelity_v2_not_for_confirmatory_pooling,smoke_v3_exploratory,qwen2_5_7b_instruct_q4_k_m,nonseg_ascii_b8,professional_communication,uuid_v4,,,,payload_fidelity_v2,payload_aware_result_v2,,flesch_reading_ease_heuristic,payload,56.18555555555557,,56.18555555555557,1,100,56.18555555555557,56.18555555555557,0,0.95,forced_span,
exploratory_smoke_v3_payload_fidelity_v2_not_for_confirmatory_pooling,smoke_v3_exploratory,qwen2_5_7b_instruct_q4_k_m,nonseg_ascii_b8,professional_communication,uuid_v4,,,,payload_fidelity_v2,payload_aware_result_v2,,flesch_reading_ease_heuristic,payload,56.18555555555557,,56.18555555555557,1,100,56.18555555555557,56.18555555555557,0,0.95,full_message,
exploratory_smoke_v3_payload_fidelity_v2_not_for_confirmatory_pooling,smoke_v3_exploratory,qwen2_5_7b_instruct_q4_k_m,nonseg_hex_nibble_b16,recipe_procedure,token_128_bit_hex,,,,payload_fidelity_v2,payload_aware_result_v2,,flesch_reading_ease_heuristic,payload,44.57500000000002,,44.57500000000002,1,100,44.57500000000002,44.57500000000002,0,0.95,forced_span,
exploratory_smoke_v3_payload_fidelity_v2_not_for_confirmatory_pooling,smoke_v3_exploratory,qwen2_5_7b_instruct_q4_k_m,nonseg_hex_nibble_b16,recipe_procedure,token_128_bit_hex,,,,payload_fidelity_v2,payload_aware_result_v2,,flesch_reading_ease_heuristic,payload,44.57500000000002,,44.57500000000002,1,100,44.57500000000002,44.57500000000002,0,0.95,full_message,
exploratory_smoke_v3_payload_fidelity_v2_not_for_confirmatory_pooling,smoke_v3_exploratory,qwen2_5_7b_instruct_q4_k_m,segmented_hex_multi_topic,casual_conversation,nonce_96_bit_hex,,,,payload_fidelity_v2,payload_aware_result_v2,,flesch_reading_ease_heuristic,payload,35.94500000000002,,35.94500000000002,1,100,35.94500000000002,35.94500000000002,0,0.95,forced_span,
exploratory_smoke_v3_payload_fidelity_v2_not_for_confirmatory_pooling,smoke_v3_exploratory,qwen2_5_7b_instruct_q4_k_m,segmented_hex_multi_topic,casual_conversation,nonce_96_bit_hex,,,,payload_fidelity_v2,payload_aware_result_v2,,flesch_reading_ease_heuristic,payload,62.52456722689078,,62.52456722689078,1,100,62.52456722689078,62.52456722689078,0,0.95,full_message,
exploratory_smoke_v3_payload_fidelity_v2_not_for_confirmatory_pooling,smoke_v3_exploratory,qwen2_5_7b_instruct_q4_k_m,segmented_hex_multi_topic,factual_explanatory,hmac_sha256_hex,,,,payload_fidelity_v2,payload_aware_result_v2,,flesch_reading_ease_heuristic,payload,68.00090909090912,,68.00090909090912,1,100,68.00090909090912,68.00090909090912,0,0.95,forced_span,
exploratory_smoke_v3_payload_fidelity_v2_not_for_confirmatory_pooling,smoke_v3_exploratory,qwen2_5_7b_instruct_q4_k_m,segmented_hex_multi_topic,factual_explanatory,hmac_sha256_hex,,,,payload_fidelity_v2,payload_aware_result_v2,,flesch_reading_ease_heuristic,payload,61.942490259740254,,61.942490259740254,1,100,61.942490259740254,61.942490259740254,0,0.95,full_message,
exploratory_smoke_v3_payload_fidelity_v2_not_for_confirmatory_pooling,smoke_v3_exploratory,qwen2_5_7b_instruct_q4_k_m,segmented_hex_multi_topic,factual_explanatory,nonce_96_bit_hex,,,,payload_fidelity_v2,payload_aware_result_v2,,flesch_reading_ease_heuristic,payload,5.729342105263186,,5.729342105263186,1,100,5.729342105263186,5.729342105263186,0,0.95,forced_span,
exploratory_smoke_v3_payload_fidelity_v2_not_for_confirmatory_pooling,smoke_v3_exploratory,qwen2_5_7b_instruct_q4_k_m,segmented_hex_multi_topic,factual_explanatory,nonce_96_bit_hex,,,,payload_fidelity_v2,payload_aware_result_v2,,flesch_reading_ease_heuristic,payload,47.843472573839676,,47.843472573839676,1,100,47.843472573839676,47.843472573839676,0,0.95,full_message,
exploratory_smoke_v3_payload_fidelity_v2_not_for_confirmatory_pooling,smoke_v3_exploratory,qwen2_5_7b_instruct_q4_k_m,segmented_hex_multi_topic,forum_question_answer,token_128_bit_hex,,,,payload_fidelity_v2,payload_aware_result_v2,,flesch_reading_ease_heuristic,payload,-1.2749999999999773,,-1.2749999999999773,1,100,-1.2749999999999773,-1.2749999999999773,0,0.95,forced_span,
exploratory_smoke_v3_payload_fidelity_v2_not_for_confirmatory_pooling,smoke_v3_exploratory,qwen2_5_7b_instruct_q4_k_m,segmented_hex_multi_topic,forum_question_answer,token_128_bit_hex,,,,payload_fidelity_v2,payload_aware_result_v2,,flesch_reading_ease_heuristic,payload,42.386519607843155,,42.386519607843155,1,100,42.386519607843155,42.386519607843155,0,0.95,full_message,
exploratory_smoke_v3_payload_fidelity_v2_not_for_confirmatory_pooling,smoke_v3_exploratory,qwen2_5_7b_instruct_q4_k_m,segmented_hex_multi_topic,personal_narrative_blog,nonce_96_bit_hex,,,,payload_fidelity_v2,payload_aware_result_v2,,flesch_reading_ease_heuristic,payload,40.17500000000001,,40.17500000000001,1,100,40.17500000000001,40.17500000000001,0,0.95,forced_span,
exploratory_smoke_v3_payload_fidelity_v2_not_for_confirmatory_pooling,smoke_v3_exploratory,qwen2_5_7b_instruct_q4_k_m,segmented_hex_multi_topic,personal_narrative_blog,nonce_96_bit_hex,,,,payload_fidelity_v2,payload_aware_result_v2,,flesch_reading_ease_heuristic,payload,49.742389705882346,,49.742389705882346,1,100,49.742389705882346,49.742389705882346,0,0.95,full_message,
exploratory_smoke_v3_payload_fidelity_v2_not_for_confirmatory_pooling,smoke_v3_exploratory,qwen2_5_7b_instruct_q4_k_m,segmented_hex_multi_topic,professional_communication,nonce_96_bit_hex,,,,payload_fidelity_v2,payload_aware_result_v2,,flesch_reading_ease_heuristic,payload,65.16823529411766,,65.16823529411766,1,100,65.16823529411766,65.16823529411766,0,0.95,forced_span,
exploratory_smoke_v3_payload_fidelity_v2_not_for_confirmatory_pooling,smoke_v3_exploratory,qwen2_5_7b_instruct_q4_k_m,segmented_hex_multi_topic,professional_communication,nonce_96_bit_hex,,,,payload_fidelity_v2,payload_aware_result_v2,,flesch_reading_ease_heuristic,payload,69.88679448621554,,69.88679448621554,1,100,69.88679448621554,69.88679448621554,0,0.95,full_message,
exploratory_smoke_v3_payload_fidelity_v2_not_for_confirmatory_pooling,smoke_v3_exploratory,qwen2_5_7b_instruct_q4_k_m,segmented_hex_multi_topic,recipe_procedure,sha256_hex,,,,payload_fidelity_v2,payload_aware_result_v2,,flesch_reading_ease_heuristic,payload,52.86500000000001,,52.86500000000001,1,100,52.86500000000001,52.86500000000001,0,0.95,forced_span,
exploratory_smoke_v3_payload_fidelity_v2_not_for_confirmatory_pooling,smoke_v3_exploratory,qwen2_5_7b_instruct_q4_k_m,segmented_hex_multi_topic,recipe_procedure,sha256_hex,,,,payload_fidelity_v2,payload_aware_result_v2,,flesch_reading_ease_heuristic,payload,52.86500000000001,,52.86500000000001,1,100,52.86500000000001,52.86500000000001,0,0.95,full_message,
exploratory_smoke_v3_payload_fidelity_v2_not_for_confirmatory_pooling,smoke_v3_exploratory,qwen2_5_7b_instruct_q4_k_m,segmented_hex_single_topic,personal_narrative_blog,sha256_hex,,,,payload_fidelity_v2,payload_aware_result_v2,,flesch_reading_ease_heuristic,payload,25.06864406779664,,25.06864406779664,1,100,25.06864406779664,25.06864406779664,0,0.95,forced_span,
exploratory_smoke_v3_payload_fidelity_v2_not_for_confirmatory_pooling,smoke_v3_exploratory,qwen2_5_7b_instruct_q4_k_m,segmented_hex_single_topic,personal_narrative_blog,sha256_hex,,,,payload_fidelity_v2,payload_aware_result_v2,,flesch_reading_ease_heuristic,payload,71.21616928446772,,71.21616928446772,1,100,71.21616928446772,71.21616928446772,0,0.95,full_message,
exploratory_smoke_v3_payload_fidelity_v2_not_for_confirmatory_pooling,ordinary_llm_control_smoke_v3,llama3_8b_instruct_q4_k_m,ordinary_llm_control,casual_conversation,ed25519_signature_base64,,,,payload_fidelity_v2,payload_aware_result_v2,,flesch_kincaid_grade_heuristic,payload,2.989076923076926,,2.989076923076926,1,100,2.989076923076926,2.989076923076926,0,0.95,full_message,
exploratory_smoke_v3_payload_fidelity_v2_not_for_confirmatory_pooling,ordinary_llm_control_smoke_v3,llama3_8b_instruct_q4_k_m,ordinary_llm_control,casual_conversation,sha256_hex,,,,payload_fidelity_v2,payload_aware_result_v2,,flesch_kincaid_grade_heuristic,payload,1.935465686274508,,1.935465686274508,1,100,1.935465686274508,1.935465686274508,0,0.95,forced_span,
exploratory_smoke_v3_payload_fidelity_v2_not_for_confirmatory_pooling,ordinary_llm_control_smoke_v3,llama3_8b_instruct_q4_k_m,ordinary_llm_control,casual_conversation,sha256_hex,,,,payload_fidelity_v2,payload_aware_result_v2,,flesch_kincaid_grade_heuristic,payload,3.209115616911131,,3.209115616911131,1,100,3.209115616911131,3.209115616911131,0,0.95,full_message,
exploratory_smoke_v3_payload_fidelity_v2_not_for_confirmatory_pooling,ordinary_llm_control_smoke_v3,llama3_8b_instruct_q4_k_m,ordinary_llm_control,factual_explanatory,nonce_96_bit_hex,,,,payload_fidelity_v2,payload_aware_result_v2,,flesch_kincaid_grade_heuristic,payload,8.36727272727273,,8.36727272727273,1,100,8.36727272727273,8.36727272727273,0,0.95,forced_span,
exploratory_smoke_v3_payload_fidelity_v2_not_for_confirmatory_pooling,ordinary_llm_control_smoke_v3,llama3_8b_instruct_q4_k_m,ordinary_llm_control,factual_explanatory,nonce_96_bit_hex,,,,payload_fidelity_v2,payload_aware_result_v2,,flesch_kincaid_grade_heuristic,payload,4.01287804878049,,4.01287804878049,1,100,4.01287804878049,4.01287804878049,0,0.95,full_message,
exploratory_smoke_v3_payload_fidelity_v2_not_for_confirmatory_pooling,ordinary_llm_control_smoke_v3,llama3_8b_instruct_q4_k_m,ordinary_llm_control,factual_explanatory,token_128_bit_hex,,,,payload_fidelity_v2,payload_aware_result_v2,,flesch_kincaid_grade_heuristic,payload,5.6765517241379335,,5.6765517241379335,1,100,5.6765517241379335,5.6765517241379335,0,0.95,forced_span,
exploratory_smoke_v3_payload_fidelity_v2_not_for_confirmatory_pooling,ordinary_llm_control_smoke_v3,llama3_8b_instruct_q4_k_m,ordinary_llm_control,factual_explanatory,token_128_bit_hex,,,,payload_fidelity_v2,payload_aware_result_v2,,flesch_kincaid_grade_heuristic,payload,6.321885964912283,,6.321885964912283,1,100,6.321885964912283,6.321885964912283,0,0.95,full_message,
exploratory_smoke_v3_payload_fidelity_v2_not_for_confirmatory_pooling,ordinary_llm_control_smoke_v3,llama3_8b_instruct_q4_k_m,ordinary_llm_control,forum_question_answer,aes256_gcm_base64,,,,payload_fidelity_v2,payload_aware_result_v2,,flesch_kincaid_grade_heuristic,payload,7.601950934579438,,7.601950934579438,1,100,7.601950934579438,7.601950934579438,0,0.95,full_message,
exploratory_smoke_v3_payload_fidelity_v2_not_for_confirmatory_pooling,ordinary_llm_control_smoke_v3,llama3_8b_instruct_q4_k_m,ordinary_llm_control,forum_question_answer,nonce_96_bit_hex,,,,payload_fidelity_v2,payload_aware_result_v2,,flesch_kincaid_grade_heuristic,payload,2.342222222222226,,2.342222222222226,1,100,2.342222222222226,2.342222222222226,0,0.95,forced_span,
exploratory_smoke_v3_payload_fidelity_v2_not_for_confirmatory_pooling,ordinary_llm_control_smoke_v3,llama3_8b_instruct_q4_k_m,ordinary_llm_control,forum_question_answer,nonce_96_bit_hex,,,,payload_fidelity_v2,payload_aware_result_v2,,flesch_kincaid_grade_heuristic,payload,5.656204545454546,,5.656204545454546,1,100,5.656204545454546,5.656204545454546,0,0.95,full_message,
exploratory_smoke_v3_payload_fidelity_v2_not_for_confirmatory_pooling,ordinary_llm_control_smoke_v3,llama3_8b_instruct_q4_k_m,ordinary_llm_control,personal_narrative_blog,hmac_sha256_hex,,,,payload_fidelity_v2,payload_aware_result_v2,,flesch_kincaid_grade_heuristic,payload,9.680000000000003,,9.680000000000003,1,100,9.680000000000003,9.680000000000003,0,0.95,forced_span,
exploratory_smoke_v3_payload_fidelity_v2_not_for_confirmatory_pooling,ordinary_llm_control_smoke_v3,llama3_8b_instruct_q4_k_m,ordinary_llm_control,personal_narrative_blog,hmac_sha256_hex,,,,payload_fidelity_v2,payload_aware_result_v2,,flesch_kincaid_grade_heuristic,payload,6.990270270270273,,6.990270270270273,1,100,6.990270270270273,6.990270270270273,0,0.95,full_message,
exploratory_smoke_v3_payload_fidelity_v2_not_for_confirmatory_pooling,ordinary_llm_control_smoke_v3,llama3_8b_instruct_q4_k_m,ordinary_llm_control,personal_narrative_blog,sha256_hex,,,,payload_fidelity_v2,payload_aware_result_v2,,flesch_kincaid_grade_heuristic,payload,5.333000000000002,,5.333000000000002,1,100,5.333000000000002,5.333000000000002,0,0.95,forced_span,
exploratory_smoke_v3_payload_fidelity_v2_not_for_confirmatory_pooling,ordinary_llm_control_smoke_v3,llama3_8b_instruct_q4_k_m,ordinary_llm_control,personal_narrative_blog,sha256_hex,,,,payload_fidelity_v2,payload_aware_result_v2,,flesch_kincaid_grade_heuristic,payload,5.2179191205339635,,5.2179191205339635,1,100,5.2179191205339635,5.2179191205339635,0,0.95,full_message,
exploratory_smoke_v3_payload_fidelity_v2_not_for_confirmatory_pooling,ordinary_llm_control_smoke_v3,llama3_8b_instruct_q4_k_m,ordinary_llm_control,professional_communication,nonce_96_bit_hex,,,,payload_fidelity_v2,payload_aware_result_v2,,flesch_kincaid_grade_heuristic,payload,20.274444444444452,,20.274444444444452,1,100,20.274444444444452,20.274444444444452,0,0.95,forced_span,
exploratory_smoke_v3_payload_fidelity_v2_not_for_confirmatory_pooling,ordinary_llm_control_smoke_v3,llama3_8b_instruct_q4_k_m,ordinary_llm_control,professional_communication,nonce_96_bit_hex,,,,payload_fidelity_v2,payload_aware_result_v2,,flesch_kincaid_grade_heuristic,payload,10.621956622058146,,10.621956622058146,1,100,10.621956622058146,10.621956622058146,0,0.95,full_message,
exploratory_smoke_v3_payload_fidelity_v2_not_for_confirmatory_pooling,ordinary_llm_control_smoke_v3,llama3_8b_instruct_q4_k_m,ordinary_llm_control,professional_communication,uuid_v4,,,,payload_fidelity_v2,payload_aware_result_v2,,flesch_kincaid_grade_heuristic,payload,8.046465753424659,,8.046465753424659,1,100,8.046465753424659,8.046465753424659,0,0.95,full_message,
exploratory_smoke_v3_payload_fidelity_v2_not_for_confirmatory_pooling,ordinary_llm_control_smoke_v3,llama3_8b_instruct_q4_k_m,ordinary_llm_control,recipe_procedure,sha256_hex,,,,payload_fidelity_v2,payload_aware_result_v2,,flesch_kincaid_grade_heuristic,payload,6.566968085106382,,6.566968085106382,1,100,6.566968085106382,6.566968085106382,0,0.95,full_message,
exploratory_smoke_v3_payload_fidelity_v2_not_for_confirmatory_pooling,ordinary_llm_control_smoke_v3,llama3_8b_instruct_q4_k_m,ordinary_llm_control,recipe_procedure,token_128_bit_hex,,,,payload_fidelity_v2,payload_aware_result_v2,,flesch_kincaid_grade_heuristic,payload,8.756666666666668,,8.756666666666668,1,100,8.756666666666668,8.756666666666668,0,0.95,forced_span,
exploratory_smoke_v3_payload_fidelity_v2_not_for_confirmatory_pooling,ordinary_llm_control_smoke_v3,llama3_8b_instruct_q4_k_m,ordinary_llm_control,recipe_procedure,token_128_bit_hex,,,,payload_fidelity_v2,payload_aware_result_v2,,flesch_kincaid_grade_heuristic,payload,10.208888888888893,,10.208888888888893,1,100,10.208888888888893,10.208888888888893,0,0.95,full_message,
exploratory_smoke_v3_payload_fidelity_v2_not_for_confirmatory_pooling,ordinary_llm_control_smoke_v3,mistral_7b_instruct_v0_3_q4_k_m,ordinary_llm_control,casual_conversation,ed25519_signature_base64,,,,payload_fidelity_v2,payload_aware_result_v2,,flesch_kincaid_grade_heuristic,payload,6.936136363636365,,6.936136363636365,1,100,6.936136363636365,6.936136363636365,0,0.95,full_message,
exploratory_smoke_v3_payload_fidelity_v2_not_for_confirmatory_pooling,ordinary_llm_control_smoke_v3,mistral_7b_instruct_v0_3_q4_k_m,ordinary_llm_control,casual_conversation,nonce_96_bit_hex,,,,payload_fidelity_v2,payload_aware_result_v2,,flesch_kincaid_grade_heuristic,payload,6.010000000000002,,6.010000000000002,1,100,6.010000000000002,6.010000000000002,0,0.95,forced_span,
exploratory_smoke_v3_payload_fidelity_v2_not_for_confirmatory_pooling,ordinary_llm_control_smoke_v3,mistral_7b_instruct_v0_3_q4_k_m,ordinary_llm_control,casual_conversation,nonce_96_bit_hex,,,,payload_fidelity_v2,payload_aware_result_v2,,flesch_kincaid_grade_heuristic,payload,5.594817927170869,,5.594817927170869,1,100,5.594817927170869,5.594817927170869,0,0.95,full_message,
exploratory_smoke_v3_payload_fidelity_v2_not_for_confirmatory_pooling,ordinary_llm_control_smoke_v3,mistral_7b_instruct_v0_3_q4_k_m,ordinary_llm_control,factual_explanatory,sha256_hex,,,,payload_fidelity_v2,payload_aware_result_v2,,flesch_kincaid_grade_heuristic,payload,10.780000000000001,,10.780000000000001,1,100,10.780000000000001,10.780000000000001,0,0.95,forced_span,
exploratory_smoke_v3_payload_fidelity_v2_not_for_confirmatory_pooling,ordinary_llm_control_smoke_v3,mistral_7b_instruct_v0_3_q4_k_m,ordinary_llm_control,factual_explanatory,sha256_hex,,,,payload_fidelity_v2,payload_aware_result_v2,,flesch_kincaid_grade_heuristic,payload,13.64137254901961,,13.64137254901961,1,100,13.64137254901961,13.64137254901961,0,0.95,full_message,
exploratory_smoke_v3_payload_fidelity_v2_not_for_confirmatory_pooling,ordinary_llm_control_smoke_v3,mistral_7b_instruct_v0_3_q4_k_m,ordinary_llm_control,factual_explanatory,token_128_bit_hex,,,,payload_fidelity_v2,payload_aware_result_v2,,flesch_kincaid_grade_heuristic,payload,17.288,,17.288,1,100,17.288,17.288,0,0.95,forced_span,
exploratory_smoke_v3_payload_fidelity_v2_not_for_confirmatory_pooling,ordinary_llm_control_smoke_v3,mistral_7b_instruct_v0_3_q4_k_m,ordinary_llm_control,factual_explanatory,token_128_bit_hex,,,,payload_fidelity_v2,payload_aware_result_v2,,flesch_kincaid_grade_heuristic,payload,6.413632653061224,,6.413632653061224,1,100,6.413632653061224,6.413632653061224,0,0.95,full_message,
exploratory_smoke_v3_payload_fidelity_v2_not_for_confirmatory_pooling,ordinary_llm_control_smoke_v3,mistral_7b_instruct_v0_3_q4_k_m,ordinary_llm_control,forum_question_answer,aes256_gcm_base64,,,,payload_fidelity_v2,payload_aware_result_v2,,flesch_kincaid_grade_heuristic,payload,6.199663978494627,,6.199663978494627,1,100,6.199663978494627,6.199663978494627,0,0.95,full_message,
exploratory_smoke_v3_payload_fidelity_v2_not_for_confirmatory_pooling,ordinary_llm_control_smoke_v3,mistral_7b_instruct_v0_3_q4_k_m,ordinary_llm_control,forum_question_answer,sha256_hex,,,,payload_fidelity_v2,payload_aware_result_v2,,flesch_kincaid_grade_heuristic,payload,5.810181818181821,,5.810181818181821,1,100,5.810181818181821,5.810181818181821,0,0.95,forced_span,
exploratory_smoke_v3_payload_fidelity_v2_not_for_confirmatory_pooling,ordinary_llm_control_smoke_v3,mistral_7b_instruct_v0_3_q4_k_m,ordinary_llm_control,forum_question_answer,sha256_hex,,,,payload_fidelity_v2,payload_aware_result_v2,,flesch_kincaid_grade_heuristic,payload,6.732244897959188,,6.732244897959188,1,100,6.732244897959188,6.732244897959188,0,0.95,full_message,
exploratory_smoke_v3_payload_fidelity_v2_not_for_confirmatory_pooling,ordinary_llm_control_smoke_v3,mistral_7b_instruct_v0_3_q4_k_m,ordinary_llm_control,personal_narrative_blog,nonce_96_bit_hex,,,,payload_fidelity_v2,payload_aware_result_v2,,flesch_kincaid_grade_heuristic,payload,6.137499999999999,,6.137499999999999,1,100,6.137499999999999,6.137499999999999,0,0.95,forced_span,
exploratory_smoke_v3_payload_fidelity_v2_not_for_confirmatory_pooling,ordinary_llm_control_smoke_v3,mistral_7b_instruct_v0_3_q4_k_m,ordinary_llm_control,personal_narrative_blog,nonce_96_bit_hex,,,,payload_fidelity_v2,payload_aware_result_v2,,flesch_kincaid_grade_heuristic,payload,9.50973647711512,,9.50973647711512,1,100,9.50973647711512,9.50973647711512,0,0.95,full_message,
exploratory_smoke_v3_payload_fidelity_v2_not_for_confirmatory_pooling,ordinary_llm_control_smoke_v3,mistral_7b_instruct_v0_3_q4_k_m,ordinary_llm_control,personal_narrative_blog,token_128_bit_hex,,,,payload_fidelity_v2,payload_aware_result_v2,,flesch_kincaid_grade_heuristic,payload,13.251764705882355,,13.251764705882355,1,100,13.251764705882355,13.251764705882355,0,0.95,forced_span,
exploratory_smoke_v3_payload_fidelity_v2_not_for_confirmatory_pooling,ordinary_llm_control_smoke_v3,mistral_7b_instruct_v0_3_q4_k_m,ordinary_llm_control,personal_narrative_blog,token_128_bit_hex,,,,payload_fidelity_v2,payload_aware_result_v2,,flesch_kincaid_grade_heuristic,payload,10.227380952380955,,10.227380952380955,1,100,10.227380952380955,10.227380952380955,0,0.95,full_message,
exploratory_smoke_v3_payload_fidelity_v2_not_for_confirmatory_pooling,ordinary_llm_control_smoke_v3,mistral_7b_instruct_v0_3_q4_k_m,ordinary_llm_control,professional_communication,uuid_v4,,,,payload_fidelity_v2,payload_aware_result_v2,,flesch_kincaid_grade_heuristic,payload,7.073543859649124,,7.073543859649124,1,100,7.073543859649124,7.073543859649124,0,0.95,full_message,
exploratory_smoke_v3_payload_fidelity_v2_not_for_confirmatory_pooling,ordinary_llm_control_smoke_v3,mistral_7b_instruct_v0_3_q4_k_m,ordinary_llm_control,recipe_procedure,nonce_96_bit_hex,,,,payload_fidelity_v2,payload_aware_result_v2,,flesch_kincaid_grade_heuristic,payload,2.879999999999999,,2.879999999999999,1,100,2.879999999999999,2.879999999999999,0,0.95,full_message,
exploratory_smoke_v3_payload_fidelity_v2_not_for_confirmatory_pooling,ordinary_llm_control_smoke_v3,mistral_7b_instruct_v0_3_q4_k_m,ordinary_llm_control,recipe_procedure,token_128_bit_hex,,,,payload_fidelity_v2,payload_aware_result_v2,,flesch_kincaid_grade_heuristic,payload,4.800238095238097,,4.800238095238097,1,100,4.800238095238097,4.800238095238097,0,0.95,forced_span,
exploratory_smoke_v3_payload_fidelity_v2_not_for_confirmatory_pooling,ordinary_llm_control_smoke_v3,mistral_7b_instruct_v0_3_q4_k_m,ordinary_llm_control,recipe_procedure,token_128_bit_hex,,,,payload_fidelity_v2,payload_aware_result_v2,,flesch_kincaid_grade_heuristic,payload,5.890000000000004,,5.890000000000004,1,100,5.890000000000004,5.890000000000004,0,0.95,full_message,
exploratory_smoke_v3_payload_fidelity_v2_not_for_confirmatory_pooling,ordinary_llm_control_smoke_v3,qwen2_5_7b_instruct_q4_k_m,ordinary_llm_control,casual_conversation,ed25519_signature_base64,,,,payload_fidelity_v2,payload_aware_result_v2,,flesch_kincaid_grade_heuristic,payload,5.918508771929826,,5.918508771929826,1,100,5.918508771929826,5.918508771929826,0,0.95,full_message,
exploratory_smoke_v3_payload_fidelity_v2_not_for_confirmatory_pooling,ordinary_llm_control_smoke_v3,qwen2_5_7b_instruct_q4_k_m,ordinary_llm_control,casual_conversation,nonce_96_bit_hex,,,,payload_fidelity_v2,payload_aware_result_v2,,flesch_kincaid_grade_heuristic,payload,4.520555555555557,,4.520555555555557,1,100,4.520555555555557,4.520555555555557,0,0.95,forced_span,
exploratory_smoke_v3_payload_fidelity_v2_not_for_confirmatory_pooling,ordinary_llm_control_smoke_v3,qwen2_5_7b_instruct_q4_k_m,ordinary_llm_control,casual_conversation,nonce_96_bit_hex,,,,payload_fidelity_v2,payload_aware_result_v2,,flesch_kincaid_grade_heuristic,payload,5.737017543859654,,5.737017543859654,1,100,5.737017543859654,5.737017543859654,0,0.95,full_message,
exploratory_smoke_v3_payload_fidelity_v2_not_for_confirmatory_pooling,ordinary_llm_control_smoke_v3,qwen2_5_7b_instruct_q4_k_m,ordinary_llm_control,factual_explanatory,hmac_sha256_hex,,,,payload_fidelity_v2,payload_aware_result_v2,,flesch_kincaid_grade_heuristic,payload,13.182857142857145,,13.182857142857145,1,100,13.182857142857145,13.182857142857145,0,0.95,forced_span,
exploratory_smoke_v3_payload_fidelity_v2_not_for_confirmatory_pooling,ordinary_llm_control_smoke_v3,qwen2_5_7b_instruct_q4_k_m,ordinary_llm_control,factual_explanatory,hmac_sha256_hex,,,,payload_fidelity_v2,payload_aware_result_v2,,flesch_kincaid_grade_heuristic,payload,11.3513608815427,,11.3513608815427,1,100,11.3513608815427,11.3513608815427,0,0.95,full_message,
exploratory_smoke_v3_payload_fidelity_v2_not_for_confirmatory_pooling,ordinary_llm_control_smoke_v3,qwen2_5_7b_instruct_q4_k_m,ordinary_llm_control,factual_explanatory,nonce_96_bit_hex,,,,payload_fidelity_v2,payload_aware_result_v2,,flesch_kincaid_grade_heuristic,payload,13.371818181818181,,13.371818181818181,1,100,13.371818181818181,13.371818181818181,0,0.95,forced_span,
exploratory_smoke_v3_payload_fidelity_v2_not_for_confirmatory_pooling,ordinary_llm_control_smoke_v3,qwen2_5_7b_instruct_q4_k_m,ordinary_llm_control,factual_explanatory,nonce_96_bit_hex,,,,payload_fidelity_v2,payload_aware_result_v2,,flesch_kincaid_grade_heuristic,payload,12.418555417185555,,12.418555417185555,1,100,12.418555417185555,12.418555417185555,0,0.95,full_message,
exploratory_smoke_v3_payload_fidelity_v2_not_for_confirmatory_pooling,ordinary_llm_control_smoke_v3,qwen2_5_7b_instruct_q4_k_m,ordinary_llm_control,forum_question_answer,chacha20_poly1305_base64,,,,payload_fidelity_v2,payload_aware_result_v2,,flesch_kincaid_grade_heuristic,payload,11.791666666666668,,11.791666666666668,1,100,11.791666666666668,11.791666666666668,0,0.95,full_message,
exploratory_smoke_v3_payload_fidelity_v2_not_for_confirmatory_pooling,ordinary_llm_control_smoke_v3,qwen2_5_7b_instruct_q4_k_m,ordinary_llm_control,forum_question_answer,token_128_bit_hex,,,,payload_fidelity_v2,payload_aware_result_v2,,flesch_kincaid_grade_heuristic,payload,7.593518518518522,,7.593518518518522,1,100,7.593518518518522,7.593518518518522,0,0.95,forced_span,
exploratory_smoke_v3_payload_fidelity_v2_not_for_confirmatory_pooling,ordinary_llm_control_smoke_v3,qwen2_5_7b_instruct_q4_k_m,ordinary_llm_control,forum_question_answer,token_128_bit_hex,,,,payload_fidelity_v2,payload_aware_result_v2,,flesch_kincaid_grade_heuristic,payload,10.462500000000002,,10.462500000000002,1,100,10.462500000000002,10.462500000000002,0,0.95,full_message,
exploratory_smoke_v3_payload_fidelity_v2_not_for_confirmatory_pooling,ordinary_llm_control_smoke_v3,qwen2_5_7b_instruct_q4_k_m,ordinary_llm_control,personal_narrative_blog,nonce_96_bit_hex,,,,payload_fidelity_v2,payload_aware_result_v2,,flesch_kincaid_grade_heuristic,payload,7.472727272727273,,7.472727272727273,1,100,7.472727272727273,7.472727272727273,0,0.95,forced_span,
exploratory_smoke_v3_payload_fidelity_v2_not_for_confirmatory_pooling,ordinary_llm_control_smoke_v3,qwen2_5_7b_instruct_q4_k_m,ordinary_llm_control,personal_narrative_blog,nonce_96_bit_hex,,,,payload_fidelity_v2,payload_aware_result_v2,,flesch_kincaid_grade_heuristic,payload,7.212738095238098,,7.212738095238098,1,100,7.212738095238098,7.212738095238098,0,0.95,full_message,
exploratory_smoke_v3_payload_fidelity_v2_not_for_confirmatory_pooling,ordinary_llm_control_smoke_v3,qwen2_5_7b_instruct_q4_k_m,ordinary_llm_control,personal_narrative_blog,sha256_hex,,,,payload_fidelity_v2,payload_aware_result_v2,,flesch_kincaid_grade_heuristic,payload,6.137413793103448,,6.137413793103448,1,100,6.137413793103448,6.137413793103448,0,0.95,forced_span,
exploratory_smoke_v3_payload_fidelity_v2_not_for_confirmatory_pooling,ordinary_llm_control_smoke_v3,qwen2_5_7b_instruct_q4_k_m,ordinary_llm_control,personal_narrative_blog,sha256_hex,,,,payload_fidelity_v2,payload_aware_result_v2,,flesch_kincaid_grade_heuristic,payload,8.456164160401006,,8.456164160401006,1,100,8.456164160401006,8.456164160401006,0,0.95,full_message,
exploratory_smoke_v3_payload_fidelity_v2_not_for_confirmatory_pooling,ordinary_llm_control_smoke_v3,qwen2_5_7b_instruct_q4_k_m,ordinary_llm_control,professional_communication,nonce_96_bit_hex,,,,payload_fidelity_v2,payload_aware_result_v2,,flesch_kincaid_grade_heuristic,payload,9.781176470588235,,9.781176470588235,1,100,9.781176470588235,9.781176470588235,0,0.95,forced_span,
exploratory_smoke_v3_payload_fidelity_v2_not_for_confirmatory_pooling,ordinary_llm_control_smoke_v3,qwen2_5_7b_instruct_q4_k_m,ordinary_llm_control,professional_communication,nonce_96_bit_hex,,,,payload_fidelity_v2,payload_aware_result_v2,,flesch_kincaid_grade_heuristic,payload,7.3195941558441575,,7.3195941558441575,1,100,7.3195941558441575,7.3195941558441575,0,0.95,full_message,
exploratory_smoke_v3_payload_fidelity_v2_not_for_confirmatory_pooling,ordinary_llm_control_smoke_v3,qwen2_5_7b_instruct_q4_k_m,ordinary_llm_control,professional_communication,uuid_v4,,,,payload_fidelity_v2,payload_aware_result_v2,,flesch_kincaid_grade_heuristic,payload,10.439828767123288,,10.439828767123288,1,100,10.439828767123288,10.439828767123288,0,0.95,full_message,
exploratory_smoke_v3_payload_fidelity_v2_not_for_confirmatory_pooling,ordinary_llm_control_smoke_v3,qwen2_5_7b_instruct_q4_k_m,ordinary_llm_control,recipe_procedure,sha256_hex,,,,payload_fidelity_v2,payload_aware_result_v2,,flesch_kincaid_grade_heuristic,payload,7.854411764705883,,7.854411764705883,1,100,7.854411764705883,7.854411764705883,0,0.95,forced_span,
exploratory_smoke_v3_payload_fidelity_v2_not_for_confirmatory_pooling,ordinary_llm_control_smoke_v3,qwen2_5_7b_instruct_q4_k_m,ordinary_llm_control,recipe_procedure,sha256_hex,,,,payload_fidelity_v2,payload_aware_result_v2,,flesch_kincaid_grade_heuristic,payload,14.66436170212766,,14.66436170212766,1,100,14.66436170212766,14.66436170212766,0,0.95,full_message,
exploratory_smoke_v3_payload_fidelity_v2_not_for_confirmatory_pooling,ordinary_llm_control_smoke_v3,qwen2_5_7b_instruct_q4_k_m,ordinary_llm_control,recipe_procedure,token_128_bit_hex,,,,payload_fidelity_v2,payload_aware_result_v2,,flesch_kincaid_grade_heuristic,payload,6.132631578947368,,6.132631578947368,1,100,6.132631578947368,6.132631578947368,0,0.95,full_message,
exploratory_smoke_v3_payload_fidelity_v2_not_for_confirmatory_pooling,smoke_v3_exploratory,llama3_8b_instruct_q4_k_m,direct_subword_calgacus,casual_conversation,ed25519_signature_base64,,,,payload_fidelity_v2,payload_aware_result_v2,,flesch_kincaid_grade_heuristic,payload,4.945,,4.945,1,100,4.945,4.945,0,0.95,forced_span,
exploratory_smoke_v3_payload_fidelity_v2_not_for_confirmatory_pooling,smoke_v3_exploratory,llama3_8b_instruct_q4_k_m,direct_subword_calgacus,casual_conversation,ed25519_signature_base64,,,,payload_fidelity_v2,payload_aware_result_v2,,flesch_kincaid_grade_heuristic,payload,4.945,,4.945,1,100,4.945,4.945,0,0.95,full_message,
exploratory_smoke_v3_payload_fidelity_v2_not_for_confirmatory_pooling,smoke_v3_exploratory,llama3_8b_instruct_q4_k_m,nonseg_ascii_b16,forum_question_answer,aes256_gcm_base64,,,,payload_fidelity_v2,payload_aware_result_v2,,flesch_kincaid_grade_heuristic,payload,6.902506738544474,,6.902506738544474,1,100,6.902506738544474,6.902506738544474,0,0.95,forced_span,
exploratory_smoke_v3_payload_fidelity_v2_not_for_confirmatory_pooling,smoke_v3_exploratory,llama3_8b_instruct_q4_k_m,nonseg_ascii_b16,forum_question_answer,aes256_gcm_base64,,,,payload_fidelity_v2,payload_aware_result_v2,,flesch_kincaid_grade_heuristic,payload,6.902506738544474,,6.902506738544474,1,100,6.902506738544474,6.902506738544474,0,0.95,full_message,
exploratory_smoke_v3_payload_fidelity_v2_not_for_confirmatory_pooling,smoke_v3_exploratory,llama3_8b_instruct_q4_k_m,nonseg_ascii_b8,professional_communication,uuid_v4,,,,payload_fidelity_v2,payload_aware_result_v2,,flesch_kincaid_grade_heuristic,payload,11.953488372093023,,11.953488372093023,1,100,11.953488372093023,11.953488372093023,0,0.95,forced_span,
exploratory_smoke_v3_payload_fidelity_v2_not_for_confirmatory_pooling,smoke_v3_exploratory,llama3_8b_instruct_q4_k_m,nonseg_ascii_b8,professional_communication,uuid_v4,,,,payload_fidelity_v2,payload_aware_result_v2,,flesch_kincaid_grade_heuristic,payload,11.953488372093023,,11.953488372093023,1,100,11.953488372093023,11.953488372093023,0,0.95,full_message,
exploratory_smoke_v3_payload_fidelity_v2_not_for_confirmatory_pooling,smoke_v3_exploratory,llama3_8b_instruct_q4_k_m,nonseg_hex_nibble_b16,recipe_procedure,sha256_hex,,,,payload_fidelity_v2,payload_aware_result_v2,,flesch_kincaid_grade_heuristic,payload,7.028717948717951,,7.028717948717951,1,100,7.028717948717951,7.028717948717951,0,0.95,forced_span,
exploratory_smoke_v3_payload_fidelity_v2_not_for_confirmatory_pooling,smoke_v3_exploratory,llama3_8b_instruct_q4_k_m,nonseg_hex_nibble_b16,recipe_procedure,sha256_hex,,,,payload_fidelity_v2,payload_aware_result_v2,,flesch_kincaid_grade_heuristic,payload,7.028717948717951,,7.028717948717951,1,100,7.028717948717951,7.028717948717951,0,0.95,full_message,
exploratory_smoke_v3_payload_fidelity_v2_not_for_confirmatory_pooling,smoke_v3_exploratory,llama3_8b_instruct_q4_k_m,segmented_hex_multi_topic,casual_conversation,sha256_hex,,,,payload_fidelity_v2,payload_aware_result_v2,,flesch_kincaid_grade_heuristic,payload,10.856170212765957,,10.856170212765957,1,100,10.856170212765957,10.856170212765957,0,0.95,forced_span,
exploratory_smoke_v3_payload_fidelity_v2_not_for_confirmatory_pooling,smoke_v3_exploratory,llama3_8b_instruct_q4_k_m,segmented_hex_multi_topic,casual_conversation,sha256_hex,,,,payload_fidelity_v2,payload_aware_result_v2,,flesch_kincaid_grade_heuristic,payload,7.789623300970874,,7.789623300970874,1,100,7.789623300970874,7.789623300970874,0,0.95,full_message,
exploratory_smoke_v3_payload_fidelity_v2_not_for_confirmatory_pooling,smoke_v3_exploratory,llama3_8b_instruct_q4_k_m,segmented_hex_multi_topic,factual_explanatory,nonce_96_bit_hex,,,,payload_fidelity_v2,payload_aware_result_v2,,flesch_kincaid_grade_heuristic,payload,9.57,,9.57,1,100,9.57,9.57,0,0.95,forced_span,
exploratory_smoke_v3_payload_fidelity_v2_not_for_confirmatory_pooling,smoke_v3_exploratory,llama3_8b_instruct_q4_k_m,segmented_hex_multi_topic,factual_explanatory,nonce_96_bit_hex,,,,payload_fidelity_v2,payload_aware_result_v2,,flesch_kincaid_grade_heuristic,payload,7.97666666666667,,7.97666666666667,1,100,7.97666666666667,7.97666666666667,0,0.95,full_message,
exploratory_smoke_v3_payload_fidelity_v2_not_for_confirmatory_pooling,smoke_v3_exploratory,llama3_8b_instruct_q4_k_m,segmented_hex_multi_topic,factual_explanatory,token_128_bit_hex,,,,payload_fidelity_v2,payload_aware_result_v2,,flesch_kincaid_grade_heuristic,payload,4.582307692307694,,4.582307692307694,1,100,4.582307692307694,4.582307692307694,0,0.95,forced_span,
exploratory_smoke_v3_payload_fidelity_v2_not_for_confirmatory_pooling,smoke_v3_exploratory,llama3_8b_instruct_q4_k_m,segmented_hex_multi_topic,factual_explanatory,token_128_bit_hex,,,,payload_fidelity_v2,payload_aware_result_v2,,flesch_kincaid_grade_heuristic,payload,5.420997706422021,,5.420997706422021,1,100,5.420997706422021,5.420997706422021,0,0.95,full_message,
exploratory_smoke_v3_payload_fidelity_v2_not_for_confirmatory_pooling,smoke_v3_exploratory,llama3_8b_instruct_q4_k_m,segmented_hex_multi_topic,forum_question_answer,nonce_96_bit_hex,,,,payload_fidelity_v2,payload_aware_result_v2,,flesch_kincaid_grade_heuristic,payload,4.450000000000003,,4.450000000000003,1,100,4.450000000000003,4.450000000000003,0,0.95,forced_span,
exploratory_smoke_v3_payload_fidelity_v2_not_for_confirmatory_pooling,smoke_v3_exploratory,llama3_8b_instruct_q4_k_m,segmented_hex_multi_topic,forum_question_answer,nonce_96_bit_hex,,,,payload_fidelity_v2,payload_aware_result_v2,,flesch_kincaid_grade_heuristic,payload,7.165238095238099,,7.165238095238099,1,100,7.165238095238099,7.165238095238099,0,0.95,full_message,
exploratory_smoke_v3_payload_fidelity_v2_not_for_confirmatory_pooling,smoke_v3_exploratory,llama3_8b_instruct_q4_k_m,segmented_hex_multi_topic,personal_narrative_blog,sha256_hex,,,,payload_fidelity_v2,payload_aware_result_v2,,flesch_kincaid_grade_heuristic,payload,5.854000000000003,,5.854000000000003,1,100,5.854000000000003,5.854000000000003,0,0.95,forced_span,
exploratory_smoke_v3_payload_fidelity_v2_not_for_confirmatory_pooling,smoke_v3_exploratory,llama3_8b_instruct_q4_k_m,segmented_hex_multi_topic,personal_narrative_blog,sha256_hex,,,,payload_fidelity_v2,payload_aware_result_v2,,flesch_kincaid_grade_heuristic,payload,8.440051948051948,,8.440051948051948,1,100,8.440051948051948,8.440051948051948,0,0.95,full_message,
exploratory_smoke_v3_payload_fidelity_v2_not_for_confirmatory_pooling,smoke_v3_exploratory,llama3_8b_instruct_q4_k_m,segmented_hex_multi_topic,professional_communication,nonce_96_bit_hex,,,,payload_fidelity_v2,payload_aware_result_v2,,flesch_kincaid_grade_heuristic,payload,7.7883333333333375,,7.7883333333333375,1,100,7.7883333333333375,7.7883333333333375,0,0.95,forced_span,
exploratory_smoke_v3_payload_fidelity_v2_not_for_confirmatory_pooling,smoke_v3_exploratory,llama3_8b_instruct_q4_k_m,segmented_hex_multi_topic,professional_communication,nonce_96_bit_hex,,,,payload_fidelity_v2,payload_aware_result_v2,,flesch_kincaid_grade_heuristic,payload,11.003015873015876,,11.003015873015876,1,100,11.003015873015876,11.003015873015876,0,0.95,full_message,
exploratory_smoke_v3_payload_fidelity_v2_not_for_confirmatory_pooling,smoke_v3_exploratory,llama3_8b_instruct_q4_k_m,segmented_hex_multi_topic,recipe_procedure,token_128_bit_hex,,,,payload_fidelity_v2,payload_aware_result_v2,,flesch_kincaid_grade_heuristic,payload,8.023703703703706,,8.023703703703706,1,100,8.023703703703706,8.023703703703706,0,0.95,forced_span,
exploratory_smoke_v3_payload_fidelity_v2_not_for_confirmatory_pooling,smoke_v3_exploratory,llama3_8b_instruct_q4_k_m,segmented_hex_multi_topic,recipe_procedure,token_128_bit_hex,,,,payload_fidelity_v2,payload_aware_result_v2,,flesch_kincaid_grade_heuristic,payload,8.023703703703706,,8.023703703703706,1,100,8.023703703703706,8.023703703703706,0,0.95,full_message,
exploratory_smoke_v3_payload_fidelity_v2_not_for_confirmatory_pooling,smoke_v3_exploratory,llama3_8b_instruct_q4_k_m,segmented_hex_single_topic,personal_narrative_blog,hmac_sha256_hex,,,,payload_fidelity_v2,payload_aware_result_v2,,flesch_kincaid_grade_heuristic,payload,25.38363636363636,,25.38363636363636,1,100,25.38363636363636,25.38363636363636,0,0.95,forced_span,
exploratory_smoke_v3_payload_fidelity_v2_not_for_confirmatory_pooling,smoke_v3_exploratory,llama3_8b_instruct_q4_k_m,segmented_hex_single_topic,personal_narrative_blog,hmac_sha256_hex,,,,payload_fidelity_v2,payload_aware_result_v2,,flesch_kincaid_grade_heuristic,payload,8.850057471264371,,8.850057471264371,1,100,8.850057471264371,8.850057471264371,0,0.95,full_message,
exploratory_smoke_v3_payload_fidelity_v2_not_for_confirmatory_pooling,smoke_v3_exploratory,mistral_7b_instruct_v0_3_q4_k_m,direct_subword_calgacus,casual_conversation,ed25519_signature_base64,,,,payload_fidelity_v2,payload_aware_result_v2,,flesch_kincaid_grade_heuristic,payload,4.254545454545454,,4.254545454545454,1,100,4.254545454545454,4.254545454545454,0,0.95,forced_span,
exploratory_smoke_v3_payload_fidelity_v2_not_for_confirmatory_pooling,smoke_v3_exploratory,mistral_7b_instruct_v0_3_q4_k_m,direct_subword_calgacus,casual_conversation,ed25519_signature_base64,,,,payload_fidelity_v2,payload_aware_result_v2,,flesch_kincaid_grade_heuristic,payload,4.254545454545454,,4.254545454545454,1,100,4.254545454545454,4.254545454545454,0,0.95,full_message,
exploratory_smoke_v3_payload_fidelity_v2_not_for_confirmatory_pooling,smoke_v3_exploratory,mistral_7b_instruct_v0_3_q4_k_m,nonseg_ascii_b16,forum_question_answer,aes256_gcm_base64,,,,payload_fidelity_v2,payload_aware_result_v2,,flesch_kincaid_grade_heuristic,payload,9.392775510204086,,9.392775510204086,1,100,9.392775510204086,9.392775510204086,0,0.95,forced_span,
exploratory_smoke_v3_payload_fidelity_v2_not_for_confirmatory_pooling,smoke_v3_exploratory,mistral_7b_instruct_v0_3_q4_k_m,nonseg_ascii_b16,forum_question_answer,aes256_gcm_base64,,,,payload_fidelity_v2,payload_aware_result_v2,,flesch_kincaid_grade_heuristic,payload,9.392775510204086,,9.392775510204086,1,100,9.392775510204086,9.392775510204086,0,0.95,full_message,
exploratory_smoke_v3_payload_fidelity_v2_not_for_confirmatory_pooling,smoke_v3_exploratory,mistral_7b_instruct_v0_3_q4_k_m,nonseg_ascii_b8,professional_communication,uuid_v4,,,,payload_fidelity_v2,payload_aware_result_v2,,flesch_kincaid_grade_heuristic,payload,15.454482758620689,,15.454482758620689,1,100,15.454482758620689,15.454482758620689,0,0.95,forced_span,
exploratory_smoke_v3_payload_fidelity_v2_not_for_confirmatory_pooling,smoke_v3_exploratory,mistral_7b_instruct_v0_3_q4_k_m,nonseg_ascii_b8,professional_communication,uuid_v4,,,,payload_fidelity_v2,payload_aware_result_v2,,flesch_kincaid_grade_heuristic,payload,15.454482758620689,,15.454482758620689,1,100,15.454482758620689,15.454482758620689,0,0.95,full_message,
exploratory_smoke_v3_payload_fidelity_v2_not_for_confirmatory_pooling,smoke_v3_exploratory,mistral_7b_instruct_v0_3_q4_k_m,nonseg_hex_nibble_b16,recipe_procedure,nonce_96_bit_hex,,,,payload_fidelity_v2,payload_aware_result_v2,,flesch_kincaid_grade_heuristic,payload,8.39294117647059,,8.39294117647059,1,100,8.39294117647059,8.39294117647059,0,0.95,forced_span,
exploratory_smoke_v3_payload_fidelity_v2_not_for_confirmatory_pooling,smoke_v3_exploratory,mistral_7b_instruct_v0_3_q4_k_m,nonseg_hex_nibble_b16,recipe_procedure,nonce_96_bit_hex,,,,payload_fidelity_v2,payload_aware_result_v2,,flesch_kincaid_grade_heuristic,payload,8.39294117647059,,8.39294117647059,1,100,8.39294117647059,8.39294117647059,0,0.95,full_message,
exploratory_smoke_v3_payload_fidelity_v2_not_for_confirmatory_pooling,smoke_v3_exploratory,mistral_7b_instruct_v0_3_q4_k_m,segmented_hex_multi_topic,casual_conversation,nonce_96_bit_hex,,,,payload_fidelity_v2,payload_aware_result_v2,,flesch_kincaid_grade_heuristic,payload,14.177894736842106,,14.177894736842106,1,100,14.177894736842106,14.177894736842106,0,0.95,forced_span,
exploratory_smoke_v3_payload_fidelity_v2_not_for_confirmatory_pooling,smoke_v3_exploratory,mistral_7b_instruct_v0_3_q4_k_m,segmented_hex_multi_topic,casual_conversation,nonce_96_bit_hex,,,,payload_fidelity_v2,payload_aware_result_v2,,flesch_kincaid_grade_heuristic,payload,7.023765020026705,,7.023765020026705,1,100,7.023765020026705,7.023765020026705,0,0.95,full_message,
exploratory_smoke_v3_payload_fidelity_v2_not_for_confirmatory_pooling,smoke_v3_exploratory,mistral_7b_instruct_v0_3_q4_k_m,segmented_hex_multi_topic,factual_explanatory,sha256_hex,,,,payload_fidelity_v2,payload_aware_result_v2,,flesch_kincaid_grade_heuristic,payload,16.632499999999997,,16.632499999999997,1,100,16.632499999999997,16.632499999999997,0,0.95,forced_span,
exploratory_smoke_v3_payload_fidelity_v2_not_for_confirmatory_pooling,smoke_v3_exploratory,mistral_7b_instruct_v0_3_q4_k_m,segmented_hex_multi_topic,factual_explanatory,sha256_hex,,,,payload_fidelity_v2,payload_aware_result_v2,,flesch_kincaid_grade_heuristic,payload,9.349142857142859,,9.349142857142859,1,100,9.349142857142859,9.349142857142859,0,0.95,full_message,
exploratory_smoke_v3_payload_fidelity_v2_not_for_confirmatory_pooling,smoke_v3_exploratory,mistral_7b_instruct_v0_3_q4_k_m,segmented_hex_multi_topic,factual_explanatory,token_128_bit_hex,,,,payload_fidelity_v2,payload_aware_result_v2,,flesch_kincaid_grade_heuristic,payload,16.788461538461537,,16.788461538461537,1,100,16.788461538461537,16.788461538461537,0,0.95,forced_span,
exploratory_smoke_v3_payload_fidelity_v2_not_for_confirmatory_pooling,smoke_v3_exploratory,mistral_7b_instruct_v0_3_q4_k_m,segmented_hex_multi_topic,factual_explanatory,token_128_bit_hex,,,,payload_fidelity_v2,payload_aware_result_v2,,flesch_kincaid_grade_heuristic,payload,11.916,,11.916,1,100,11.916,11.916,0,0.95,full_message,
exploratory_smoke_v3_payload_fidelity_v2_not_for_confirmatory_pooling,smoke_v3_exploratory,mistral_7b_instruct_v0_3_q4_k_m,segmented_hex_multi_topic,forum_question_answer,sha256_hex,,,,payload_fidelity_v2,payload_aware_result_v2,,flesch_kincaid_grade_heuristic,payload,22.825106382978728,,22.825106382978728,1,100,22.825106382978728,22.825106382978728,0,0.95,forced_span,
exploratory_smoke_v3_payload_fidelity_v2_not_for_confirmatory_pooling,smoke_v3_exploratory,mistral_7b_instruct_v0_3_q4_k_m,segmented_hex_multi_topic,forum_question_answer,sha256_hex,,,,payload_fidelity_v2,payload_aware_result_v2,,flesch_kincaid_grade_heuristic,payload,8.398194327253844,,8.398194327253844,1,100,8.398194327253844,8.398194327253844,0,0.95,full_message,
exploratory_smoke_v3_payload_fidelity_v2_not_for_confirmatory_pooling,smoke_v3_exploratory,mistral_7b_instruct_v0_3_q4_k_m,segmented_hex_multi_topic,personal_narrative_blog,nonce_96_bit_hex,,,,payload_fidelity_v2,payload_aware_result_v2,,flesch_kincaid_grade_heuristic,payload,14.630000000000003,,14.630000000000003,1,100,14.630000000000003,14.630000000000003,0,0.95,forced_span,
exploratory_smoke_v3_payload_fidelity_v2_not_for_confirmatory_pooling,smoke_v3_exploratory,mistral_7b_instruct_v0_3_q4_k_m,segmented_hex_multi_topic,personal_narrative_blog,nonce_96_bit_hex,,,,payload_fidelity_v2,payload_aware_result_v2,,flesch_kincaid_grade_heuristic,payload,10.379999999999999,,10.379999999999999,1,100,10.379999999999999,10.379999999999999,0,0.95,full_message,
exploratory_smoke_v3_payload_fidelity_v2_not_for_confirmatory_pooling,smoke_v3_exploratory,mistral_7b_instruct_v0_3_q4_k_m,segmented_hex_multi_topic,recipe_procedure,token_128_bit_hex,,,,payload_fidelity_v2,payload_aware_result_v2,,flesch_kincaid_grade_heuristic,payload,4.388999999999999,,4.388999999999999,1,100,4.388999999999999,4.388999999999999,0,0.95,forced_span,
exploratory_smoke_v3_payload_fidelity_v2_not_for_confirmatory_pooling,smoke_v3_exploratory,mistral_7b_instruct_v0_3_q4_k_m,segmented_hex_multi_topic,recipe_procedure,token_128_bit_hex,,,,payload_fidelity_v2,payload_aware_result_v2,,flesch_kincaid_grade_heuristic,payload,4.388999999999999,,4.388999999999999,1,100,4.388999999999999,4.388999999999999,0,0.95,full_message,
exploratory_smoke_v3_payload_fidelity_v2_not_for_confirmatory_pooling,smoke_v3_exploratory,mistral_7b_instruct_v0_3_q4_k_m,segmented_hex_single_topic,personal_narrative_blog,token_128_bit_hex,,,,payload_fidelity_v2,payload_aware_result_v2,,flesch_kincaid_grade_heuristic,payload,10.823478260869567,,10.823478260869567,1,100,10.823478260869567,10.823478260869567,0,0.95,forced_span,
exploratory_smoke_v3_payload_fidelity_v2_not_for_confirmatory_pooling,smoke_v3_exploratory,mistral_7b_instruct_v0_3_q4_k_m,segmented_hex_single_topic,personal_narrative_blog,token_128_bit_hex,,,,payload_fidelity_v2,payload_aware_result_v2,,flesch_kincaid_grade_heuristic,payload,8.507428571428576,,8.507428571428576,1,100,8.507428571428576,8.507428571428576,0,0.95,full_message,
exploratory_smoke_v3_payload_fidelity_v2_not_for_confirmatory_pooling,smoke_v3_exploratory,qwen2_5_7b_instruct_q4_k_m,direct_subword_calgacus,casual_conversation,ed25519_signature_base64,,,,payload_fidelity_v2,payload_aware_result_v2,,flesch_kincaid_grade_heuristic,payload,8.161568627450979,,8.161568627450979,1,100,8.161568627450979,8.161568627450979,0,0.95,forced_span,
exploratory_smoke_v3_payload_fidelity_v2_not_for_confirmatory_pooling,smoke_v3_exploratory,qwen2_5_7b_instruct_q4_k_m,direct_subword_calgacus,casual_conversation,ed25519_signature_base64,,,,payload_fidelity_v2,payload_aware_result_v2,,flesch_kincaid_grade_heuristic,payload,8.161568627450979,,8.161568627450979,1,100,8.161568627450979,8.161568627450979,0,0.95,full_message,
exploratory_smoke_v3_payload_fidelity_v2_not_for_confirmatory_pooling,smoke_v3_exploratory,qwen2_5_7b_instruct_q4_k_m,nonseg_ascii_b16,forum_question_answer,chacha20_poly1305_base64,,,,payload_fidelity_v2,payload_aware_result_v2,,flesch_kincaid_grade_heuristic,payload,15.999181415929204,,15.999181415929204,1,100,15.999181415929204,15.999181415929204,0,0.95,forced_span,
exploratory_smoke_v3_payload_fidelity_v2_not_for_confirmatory_pooling,smoke_v3_exploratory,qwen2_5_7b_instruct_q4_k_m,nonseg_ascii_b16,forum_question_answer,chacha20_poly1305_base64,,,,payload_fidelity_v2,payload_aware_result_v2,,flesch_kincaid_grade_heuristic,payload,15.999181415929204,,15.999181415929204,1,100,15.999181415929204,15.999181415929204,0,0.95,full_message,
exploratory_smoke_v3_payload_fidelity_v2_not_for_confirmatory_pooling,smoke_v3_exploratory,qwen2_5_7b_instruct_q4_k_m,nonseg_ascii_b8,professional_communication,uuid_v4,,,,payload_fidelity_v2,payload_aware_result_v2,,flesch_kincaid_grade_heuristic,payload,12.130123456790127,,12.130123456790127,1,100,12.130123456790127,12.130123456790127,0,0.95,forced_span,
exploratory_smoke_v3_payload_fidelity_v2_not_for_confirmatory_pooling,smoke_v3_exploratory,qwen2_5_7b_instruct_q4_k_m,nonseg_ascii_b8,professional_communication,uuid_v4,,,,payload_fidelity_v2,payload_aware_result_v2,,flesch_kincaid_grade_heuristic,payload,12.130123456790127,,12.130123456790127,1,100,12.130123456790127,12.130123456790127,0,0.95,full_message,
exploratory_smoke_v3_payload_fidelity_v2_not_for_confirmatory_pooling,smoke_v3_exploratory,qwen2_5_7b_instruct_q4_k_m,nonseg_hex_nibble_b16,recipe_procedure,token_128_bit_hex,,,,payload_fidelity_v2,payload_aware_result_v2,,flesch_kincaid_grade_heuristic,payload,10.520000000000003,,10.520000000000003,1,100,10.520000000000003,10.520000000000003,0,0.95,forced_span,
exploratory_smoke_v3_payload_fidelity_v2_not_for_confirmatory_pooling,smoke_v3_exploratory,qwen2_5_7b_instruct_q4_k_m,nonseg_hex_nibble_b16,recipe_procedure,token_128_bit_hex,,,,payload_fidelity_v2,payload_aware_result_v2,,flesch_kincaid_grade_heuristic,payload,10.520000000000003,,10.520000000000003,1,100,10.520000000000003,10.520000000000003,0,0.95,full_message,
exploratory_smoke_v3_payload_fidelity_v2_not_for_confirmatory_pooling,smoke_v3_exploratory,qwen2_5_7b_instruct_q4_k_m,segmented_hex_multi_topic,casual_conversation,nonce_96_bit_hex,,,,payload_fidelity_v2,payload_aware_result_v2,,flesch_kincaid_grade_heuristic,payload,10.73,,10.73,1,100,10.73,10.73,0,0.95,forced_span,
exploratory_smoke_v3_payload_fidelity_v2_not_for_confirmatory_pooling,smoke_v3_exploratory,qwen2_5_7b_instruct_q4_k_m,segmented_hex_multi_topic,casual_conversation,nonce_96_bit_hex,,,,payload_fidelity_v2,payload_aware_result_v2,,flesch_kincaid_grade_heuristic,payload,7.4946974789916005,,7.4946974789916005,1,100,7.4946974789916005,7.4946974789916005,0,0.95,full_message,
exploratory_smoke_v3_payload_fidelity_v2_not_for_confirmatory_pooling,smoke_v3_exploratory,qwen2_5_7b_instruct_q4_k_m,segmented_hex_multi_topic,factual_explanatory,hmac_sha256_hex,,,,payload_fidelity_v2,payload_aware_result_v2,,flesch_kincaid_grade_heuristic,payload,6.507272727272728,,6.507272727272728,1,100,6.507272727272728,6.507272727272728,0,0.95,forced_span,
exploratory_smoke_v3_payload_fidelity_v2_not_for_confirmatory_pooling,smoke_v3_exploratory,qwen2_5_7b_instruct_q4_k_m,segmented_hex_multi_topic,factual_explanatory,hmac_sha256_hex,,,,payload_fidelity_v2,payload_aware_result_v2,,flesch_kincaid_grade_heuristic,payload,7.583790043290044,,7.583790043290044,1,100,7.583790043290044,7.583790043290044,0,0.95,full_message,
exploratory_smoke_v3_payload_fidelity_v2_not_for_confirmatory_pooling,smoke_v3_exploratory,qwen2_5_7b_instruct_q4_k_m,segmented_hex_multi_topic,factual_explanatory,nonce_96_bit_hex,,,,payload_fidelity_v2,payload_aware_result_v2,,flesch_kincaid_grade_heuristic,payload,14.82026315789474,,14.82026315789474,1,100,14.82026315789474,14.82026315789474,0,0.95,forced_span,
exploratory_smoke_v3_payload_fidelity_v2_not_for_confirmatory_pooling,smoke_v3_exploratory,qwen2_5_7b_instruct_q4_k_m,segmented_hex_multi_topic,factual_explanatory,nonce_96_bit_hex,,,,payload_fidelity_v2,payload_aware_result_v2,,flesch_kincaid_grade_heuristic,payload,11.81967088607595,,11.81967088607595,1,100,11.81967088607595,11.81967088607595,0,0.95,full_message,
exploratory_smoke_v3_payload_fidelity_v2_not_for_confirmatory_pooling,smoke_v3_exploratory,qwen2_5_7b_instruct_q4_k_m,segmented_hex_multi_topic,forum_question_answer,token_128_bit_hex,,,,payload_fidelity_v2,payload_aware_result_v2,,flesch_kincaid_grade_heuristic,payload,20.890000000000004,,20.890000000000004,1,100,20.890000000000004,20.890000000000004,0,0.95,forced_span,
exploratory_smoke_v3_payload_fidelity_v2_not_for_confirmatory_pooling,smoke_v3_exploratory,qwen2_5_7b_instruct_q4_k_m,segmented_hex_multi_topic,forum_question_answer,token_128_bit_hex,,,,payload_fidelity_v2,payload_aware_result_v2,,flesch_kincaid_grade_heuristic,payload,12.274411764705881,,12.274411764705881,1,100,12.274411764705881,12.274411764705881,0,0.95,full_message,
exploratory_smoke_v3_payload_fidelity_v2_not_for_confirmatory_pooling,smoke_v3_exploratory,qwen2_5_7b_instruct_q4_k_m,segmented_hex_multi_topic,personal_narrative_blog,nonce_96_bit_hex,,,,payload_fidelity_v2,payload_aware_result_v2,,flesch_kincaid_grade_heuristic,payload,10.140000000000004,,10.140000000000004,1,100,10.140000000000004,10.140000000000004,0,0.95,forced_span,
exploratory_smoke_v3_payload_fidelity_v2_not_for_confirmatory_pooling,smoke_v3_exploratory,qwen2_5_7b_instruct_q4_k_m,segmented_hex_multi_topic,personal_narrative_blog,nonce_96_bit_hex,,,,payload_fidelity_v2,payload_aware_result_v2,,flesch_kincaid_grade_heuristic,payload,8.960808823529415,,8.960808823529415,1,100,8.960808823529415,8.960808823529415,0,0.95,full_message,
exploratory_smoke_v3_payload_fidelity_v2_not_for_confirmatory_pooling,smoke_v3_exploratory,qwen2_5_7b_instruct_q4_k_m,segmented_hex_multi_topic,professional_communication,nonce_96_bit_hex,,,,payload_fidelity_v2,payload_aware_result_v2,,flesch_kincaid_grade_heuristic,payload,8.39294117647059,,8.39294117647059,1,100,8.39294117647059,8.39294117647059,0,0.95,forced_span,
exploratory_smoke_v3_payload_fidelity_v2_not_for_confirmatory_pooling,smoke_v3_exploratory,qwen2_5_7b_instruct_q4_k_m,segmented_hex_multi_topic,professional_communication,nonce_96_bit_hex,,,,payload_fidelity_v2,payload_aware_result_v2,,flesch_kincaid_grade_heuristic,payload,7.916977443609024,,7.916977443609024,1,100,7.916977443609024,7.916977443609024,0,0.95,full_message,
exploratory_smoke_v3_payload_fidelity_v2_not_for_confirmatory_pooling,smoke_v3_exploratory,qwen2_5_7b_instruct_q4_k_m,segmented_hex_multi_topic,recipe_procedure,sha256_hex,,,,payload_fidelity_v2,payload_aware_result_v2,,flesch_kincaid_grade_heuristic,payload,8.370000000000001,,8.370000000000001,1,100,8.370000000000001,8.370000000000001,0,0.95,forced_span,
exploratory_smoke_v3_payload_fidelity_v2_not_for_confirmatory_pooling,smoke_v3_exploratory,qwen2_5_7b_instruct_q4_k_m,segmented_hex_multi_topic,recipe_procedure,sha256_hex,,,,payload_fidelity_v2,payload_aware_result_v2,,flesch_kincaid_grade_heuristic,payload,8.370000000000001,,8.370000000000001,1,100,8.370000000000001,8.370000000000001,0,0.95,full_message,
exploratory_smoke_v3_payload_fidelity_v2_not_for_confirmatory_pooling,smoke_v3_exploratory,qwen2_5_7b_instruct_q4_k_m,segmented_hex_single_topic,personal_narrative_blog,sha256_hex,,,,payload_fidelity_v2,payload_aware_result_v2,,flesch_kincaid_grade_heuristic,payload,24.420000000000005,,24.420000000000005,1,100,24.420000000000005,24.420000000000005,0,0.95,forced_span,
exploratory_smoke_v3_payload_fidelity_v2_not_for_confirmatory_pooling,smoke_v3_exploratory,qwen2_5_7b_instruct_q4_k_m,segmented_hex_single_topic,personal_narrative_blog,sha256_hex,,,,payload_fidelity_v2,payload_aware_result_v2,,flesch_kincaid_grade_heuristic,payload,7.845123410620793,,7.845123410620793,1,100,7.845123410620793,7.845123410620793,0,0.95,full_message,
exploratory_smoke_v3_payload_fidelity_v2_not_for_confirmatory_pooling,ordinary_llm_control_smoke_v3,llama3_8b_instruct_q4_k_m,ordinary_llm_control,casual_conversation,ed25519_signature_base64,,,,payload_fidelity_v2,payload_aware_result_v2,,coleman_liau_index,payload,3.9692307692307693,,3.9692307692307693,1,100,3.9692307692307693,3.9692307692307693,0,0.95,full_message,
exploratory_smoke_v3_payload_fidelity_v2_not_for_confirmatory_pooling,ordinary_llm_control_smoke_v3,llama3_8b_instruct_q4_k_m,ordinary_llm_control,casual_conversation,sha256_hex,,,,payload_fidelity_v2,payload_aware_result_v2,,coleman_liau_index,payload,4.229803921568628,,4.229803921568628,1,100,4.229803921568628,4.229803921568628,0,0.95,forced_span,
exploratory_smoke_v3_payload_fidelity_v2_not_for_confirmatory_pooling,ordinary_llm_control_smoke_v3,llama3_8b_instruct_q4_k_m,ordinary_llm_control,casual_conversation,sha256_hex,,,,payload_fidelity_v2,payload_aware_result_v2,,coleman_liau_index,payload,5.053901639344261,,5.053901639344261,1,100,5.053901639344261,5.053901639344261,0,0.95,full_message,
exploratory_smoke_v3_payload_fidelity_v2_not_for_confirmatory_pooling,ordinary_llm_control_smoke_v3,llama3_8b_instruct_q4_k_m,ordinary_llm_control,factual_explanatory,nonce_96_bit_hex,,,,payload_fidelity_v2,payload_aware_result_v2,,coleman_liau_index,payload,13.545454545454543,,13.545454545454543,1,100,13.545454545454543,13.545454545454543,0,0.95,forced_span,
exploratory_smoke_v3_payload_fidelity_v2_not_for_confirmatory_pooling,ordinary_llm_control_smoke_v3,llama3_8b_instruct_q4_k_m,ordinary_llm_control,factual_explanatory,nonce_96_bit_hex,,,,payload_fidelity_v2,payload_aware_result_v2,,coleman_liau_index,payload,8.699512195121947,,8.699512195121947,1,100,8.699512195121947,8.699512195121947,0,0.95,full_message,
exploratory_smoke_v3_payload_fidelity_v2_not_for_confirmatory_pooling,ordinary_llm_control_smoke_v3,llama3_8b_instruct_q4_k_m,ordinary_llm_control,factual_explanatory,token_128_bit_hex,,,,payload_fidelity_v2,payload_aware_result_v2,,coleman_liau_index,payload,7.091034482758619,,7.091034482758619,1,100,7.091034482758619,7.091034482758619,0,0.95,forced_span,
exploratory_smoke_v3_payload_fidelity_v2_not_for_confirmatory_pooling,ordinary_llm_control_smoke_v3,llama3_8b_instruct_q4_k_m,ordinary_llm_control,factual_explanatory,token_128_bit_hex,,,,payload_fidelity_v2,payload_aware_result_v2,,coleman_liau_index,payload,7.448070175438595,,7.448070175438595,1,100,7.448070175438595,7.448070175438595,0,0.95,full_message,
exploratory_smoke_v3_payload_fidelity_v2_not_for_confirmatory_pooling,ordinary_llm_control_smoke_v3,llama3_8b_instruct_q4_k_m,ordinary_llm_control,forum_question_answer,aes256_gcm_base64,,,,payload_fidelity_v2,payload_aware_result_v2,,coleman_liau_index,payload,8.41943925233645,,8.41943925233645,1,100,8.41943925233645,8.41943925233645,0,0.95,full_message,
exploratory_smoke_v3_payload_fidelity_v2_not_for_confirmatory_pooling,ordinary_llm_control_smoke_v3,llama3_8b_instruct_q4_k_m,ordinary_llm_control,forum_question_answer,nonce_96_bit_hex,,,,payload_fidelity_v2,payload_aware_result_v2,,coleman_liau_index,payload,4.104444444444443,,4.104444444444443,1,100,4.104444444444443,4.104444444444443,0,0.95,forced_span,
exploratory_smoke_v3_payload_fidelity_v2_not_for_confirmatory_pooling,ordinary_llm_control_smoke_v3,llama3_8b_instruct_q4_k_m,ordinary_llm_control,forum_question_answer,nonce_96_bit_hex,,,,payload_fidelity_v2,payload_aware_result_v2,,coleman_liau_index,payload,7.082472727272727,,7.082472727272727,1,100,7.082472727272727,7.082472727272727,0,0.95,full_message,
exploratory_smoke_v3_payload_fidelity_v2_not_for_confirmatory_pooling,ordinary_llm_control_smoke_v3,llama3_8b_instruct_q4_k_m,ordinary_llm_control,personal_narrative_blog,hmac_sha256_hex,,,,payload_fidelity_v2,payload_aware_result_v2,,coleman_liau_index,payload,8.507118644067795,,8.507118644067795,1,100,8.507118644067795,8.507118644067795,0,0.95,forced_span,
exploratory_smoke_v3_payload_fidelity_v2_not_for_confirmatory_pooling,ordinary_llm_control_smoke_v3,llama3_8b_instruct_q4_k_m,ordinary_llm_control,personal_narrative_blog,hmac_sha256_hex,,,,payload_fidelity_v2,payload_aware_result_v2,,coleman_liau_index,payload,7.038486486486487,,7.038486486486487,1,100,7.038486486486487,7.038486486486487,0,0.95,full_message,
exploratory_smoke_v3_payload_fidelity_v2_not_for_confirmatory_pooling,ordinary_llm_control_smoke_v3,llama3_8b_instruct_q4_k_m,ordinary_llm_control,personal_narrative_blog,sha256_hex,,,,payload_fidelity_v2,payload_aware_result_v2,,coleman_liau_index,payload,5.822399999999998,,5.822399999999998,1,100,5.822399999999998,5.822399999999998,0,0.95,forced_span,
exploratory_smoke_v3_payload_fidelity_v2_not_for_confirmatory_pooling,ordinary_llm_control_smoke_v3,llama3_8b_instruct_q4_k_m,ordinary_llm_control,personal_narrative_blog,sha256_hex,,,,payload_fidelity_v2,payload_aware_result_v2,,coleman_liau_index,payload,6.599717314487631,,6.599717314487631,1,100,6.599717314487631,6.599717314487631,0,0.95,full_message,
exploratory_smoke_v3_payload_fidelity_v2_not_for_confirmatory_pooling,ordinary_llm_control_smoke_v3,llama3_8b_instruct_q4_k_m,ordinary_llm_control,professional_communication,nonce_96_bit_hex,,,,payload_fidelity_v2,payload_aware_result_v2,,coleman_liau_index,payload,27.308888888888884,,27.308888888888884,1,100,27.308888888888884,27.308888888888884,0,0.95,forced_span,
exploratory_smoke_v3_payload_fidelity_v2_not_for_confirmatory_pooling,ordinary_llm_control_smoke_v3,llama3_8b_instruct_q4_k_m,ordinary_llm_control,professional_communication,nonce_96_bit_hex,,,,payload_fidelity_v2,payload_aware_result_v2,,coleman_liau_index,payload,11.797969543147207,,11.797969543147207,1,100,11.797969543147207,11.797969543147207,0,0.95,full_message,
exploratory_smoke_v3_payload_fidelity_v2_not_for_confirmatory_pooling,ordinary_llm_control_smoke_v3,llama3_8b_instruct_q4_k_m,ordinary_llm_control,professional_communication,uuid_v4,,,,payload_fidelity_v2,payload_aware_result_v2,,coleman_liau_index,payload,11.250410958904109,,11.250410958904109,1,100,11.250410958904109,11.250410958904109,0,0.95,full_message,
exploratory_smoke_v3_payload_fidelity_v2_not_for_confirmatory_pooling,ordinary_llm_control_smoke_v3,llama3_8b_instruct_q4_k_m,ordinary_llm_control,recipe_procedure,sha256_hex,,,,payload_fidelity_v2,payload_aware_result_v2,,coleman_liau_index,payload,7.9531914893617,,7.9531914893617,1,100,7.9531914893617,7.9531914893617,0,0.95,full_message,
exploratory_smoke_v3_payload_fidelity_v2_not_for_confirmatory_pooling,ordinary_llm_control_smoke_v3,llama3_8b_instruct_q4_k_m,ordinary_llm_control,recipe_procedure,token_128_bit_hex,,,,payload_fidelity_v2,payload_aware_result_v2,,coleman_liau_index,payload,15.543333333333337,,15.543333333333337,1,100,15.543333333333337,15.543333333333337,0,0.95,forced_span,
exploratory_smoke_v3_payload_fidelity_v2_not_for_confirmatory_pooling,ordinary_llm_control_smoke_v3,llama3_8b_instruct_q4_k_m,ordinary_llm_control,recipe_procedure,token_128_bit_hex,,,,payload_fidelity_v2,payload_aware_result_v2,,coleman_liau_index,payload,16.191111111111113,,16.191111111111113,1,100,16.191111111111113,16.191111111111113,0,0.95,full_message,
exploratory_smoke_v3_payload_fidelity_v2_not_for_confirmatory_pooling,ordinary_llm_control_smoke_v3,mistral_7b_instruct_v0_3_q4_k_m,ordinary_llm_control,casual_conversation,ed25519_signature_base64,,,,payload_fidelity_v2,payload_aware_result_v2,,coleman_liau_index,payload,7.812363636363635,,7.812363636363635,1,100,7.812363636363635,7.812363636363635,0,0.95,full_message,
exploratory_smoke_v3_payload_fidelity_v2_not_for_confirmatory_pooling,ordinary_llm_control_smoke_v3,mistral_7b_instruct_v0_3_q4_k_m,ordinary_llm_control,casual_conversation,nonce_96_bit_hex,,,,payload_fidelity_v2,payload_aware_result_v2,,coleman_liau_index,payload,14.167999999999996,,14.167999999999996,1,100,14.167999999999996,14.167999999999996,0,0.95,forced_span,
exploratory_smoke_v3_payload_fidelity_v2_not_for_confirmatory_pooling,ordinary_llm_control_smoke_v3,mistral_7b_instruct_v0_3_q4_k_m,ordinary_llm_control,casual_conversation,nonce_96_bit_hex,,,,payload_fidelity_v2,payload_aware_result_v2,,coleman_liau_index,payload,6.841568627450979,,6.841568627450979,1,100,6.841568627450979,6.841568627450979,0,0.95,full_message,
exploratory_smoke_v3_payload_fidelity_v2_not_for_confirmatory_pooling,ordinary_llm_control_smoke_v3,mistral_7b_instruct_v0_3_q4_k_m,ordinary_llm_control,factual_explanatory,sha256_hex,,,,payload_fidelity_v2,payload_aware_result_v2,,coleman_liau_index,payload,11.98272727272727,,11.98272727272727,1,100,11.98272727272727,11.98272727272727,0,0.95,forced_span,
exploratory_smoke_v3_payload_fidelity_v2_not_for_confirmatory_pooling,ordinary_llm_control_smoke_v3,mistral_7b_instruct_v0_3_q4_k_m,ordinary_llm_control,factual_explanatory,sha256_hex,,,,payload_fidelity_v2,payload_aware_result_v2,,coleman_liau_index,payload,14.557882352941178,,14.557882352941178,1,100,14.557882352941178,14.557882352941178,0,0.95,full_message,
exploratory_smoke_v3_payload_fidelity_v2_not_for_confirmatory_pooling,ordinary_llm_control_smoke_v3,mistral_7b_instruct_v0_3_q4_k_m,ordinary_llm_control,factual_explanatory,token_128_bit_hex,,,,payload_fidelity_v2,payload_aware_result_v2,,coleman_liau_index,payload,15.708799999999997,,15.708799999999997,1,100,15.708799999999997,15.708799999999997,0,0.95,forced_span,
exploratory_smoke_v3_payload_fidelity_v2_not_for_confirmatory_pooling,ordinary_llm_control_smoke_v3,mistral_7b_instruct_v0_3_q4_k_m,ordinary_llm_control,factual_explanatory,token_128_bit_hex,,,,payload_fidelity_v2,payload_aware_result_v2,,coleman_liau_index,payload,8.959591836734692,,8.959591836734692,1,100,8.959591836734692,8.959591836734692,0,0.95,full_message,
exploratory_smoke_v3_payload_fidelity_v2_not_for_confirmatory_pooling,ordinary_llm_control_smoke_v3,mistral_7b_instruct_v0_3_q4_k_m,ordinary_llm_control,forum_question_answer,aes256_gcm_base64,,,,payload_fidelity_v2,payload_aware_result_v2,,coleman_liau_index,payload,9.220215053763443,,9.220215053763443,1,100,9.220215053763443,9.220215053763443,0,0.95,full_message,
exploratory_smoke_v3_payload_fidelity_v2_not_for_confirmatory_pooling,ordinary_llm_control_smoke_v3,mistral_7b_instruct_v0_3_q4_k_m,ordinary_llm_control,forum_question_answer,sha256_hex,,,,payload_fidelity_v2,payload_aware_result_v2,,coleman_liau_index,payload,7.162727272727274,,7.162727272727274,1,100,7.162727272727274,7.162727272727274,0,0.95,forced_span,
exploratory_smoke_v3_payload_fidelity_v2_not_for_confirmatory_pooling,ordinary_llm_control_smoke_v3,mistral_7b_instruct_v0_3_q4_k_m,ordinary_llm_control,forum_question_answer,sha256_hex,,,,payload_fidelity_v2,payload_aware_result_v2,,coleman_liau_index,payload,8.446857142857144,,8.446857142857144,1,100,8.446857142857144,8.446857142857144,0,0.95,full_message,
exploratory_smoke_v3_payload_fidelity_v2_not_for_confirmatory_pooling,ordinary_llm_control_smoke_v3,mistral_7b_instruct_v0_3_q4_k_m,ordinary_llm_control,personal_narrative_blog,nonce_96_bit_hex,,,,payload_fidelity_v2,payload_aware_result_v2,,coleman_liau_index,payload,4.032499999999999,,4.032499999999999,1,100,4.032499999999999,4.032499999999999,0,0.95,forced_span,
exploratory_smoke_v3_payload_fidelity_v2_not_for_confirmatory_pooling,ordinary_llm_control_smoke_v3,mistral_7b_instruct_v0_3_q4_k_m,ordinary_llm_control,personal_narrative_blog,nonce_96_bit_hex,,,,payload_fidelity_v2,payload_aware_result_v2,,coleman_liau_index,payload,9.761553398058254,,9.761553398058254,1,100,9.761553398058254,9.761553398058254,0,0.95,full_message,
exploratory_smoke_v3_payload_fidelity_v2_not_for_confirmatory_pooling,ordinary_llm_control_smoke_v3,mistral_7b_instruct_v0_3_q4_k_m,ordinary_llm_control,personal_narrative_blog,token_128_bit_hex,,,,payload_fidelity_v2,payload_aware_result_v2,,coleman_liau_index,payload,12.20470588235294,,12.20470588235294,1,100,12.20470588235294,12.20470588235294,0,0.95,forced_span,
exploratory_smoke_v3_payload_fidelity_v2_not_for_confirmatory_pooling,ordinary_llm_control_smoke_v3,mistral_7b_instruct_v0_3_q4_k_m,ordinary_llm_control,personal_narrative_blog,token_128_bit_hex,,,,payload_fidelity_v2,payload_aware_result_v2,,coleman_liau_index,payload,10.11657142857143,,10.11657142857143,1,100,10.11657142857143,10.11657142857143,0,0.95,full_message,
exploratory_smoke_v3_payload_fidelity_v2_not_for_confirmatory_pooling,ordinary_llm_control_smoke_v3,mistral_7b_instruct_v0_3_q4_k_m,ordinary_llm_control,professional_communication,uuid_v4,,,,payload_fidelity_v2,payload_aware_result_v2,,coleman_liau_index,payload,11.106666666666662,,11.106666666666662,1,100,11.106666666666662,11.106666666666662,0,0.95,full_message,
exploratory_smoke_v3_payload_fidelity_v2_not_for_confirmatory_pooling,ordinary_llm_control_smoke_v3,mistral_7b_instruct_v0_3_q4_k_m,ordinary_llm_control,recipe_procedure,nonce_96_bit_hex,,,,payload_fidelity_v2,payload_aware_result_v2,,coleman_liau_index,payload,4.152000000000005,,4.152000000000005,1,100,4.152000000000005,4.152000000000005,0,0.95,full_message,
exploratory_smoke_v3_payload_fidelity_v2_not_for_confirmatory_pooling,ordinary_llm_control_smoke_v3,mistral_7b_instruct_v0_3_q4_k_m,ordinary_llm_control,recipe_procedure,token_128_bit_hex,,,,payload_fidelity_v2,payload_aware_result_v2,,coleman_liau_index,payload,7.140952380952381,,7.140952380952381,1,100,7.140952380952381,7.140952380952381,0,0.95,forced_span,
exploratory_smoke_v3_payload_fidelity_v2_not_for_confirmatory_pooling,ordinary_llm_control_smoke_v3,mistral_7b_instruct_v0_3_q4_k_m,ordinary_llm_control,recipe_procedure,token_128_bit_hex,,,,payload_fidelity_v2,payload_aware_result_v2,,coleman_liau_index,payload,8.572,,8.572,1,100,8.572,8.572,0,0.95,full_message,
exploratory_smoke_v3_payload_fidelity_v2_not_for_confirmatory_pooling,ordinary_llm_control_smoke_v3,qwen2_5_7b_instruct_q4_k_m,ordinary_llm_control,casual_conversation,ed25519_signature_base64,,,,payload_fidelity_v2,payload_aware_result_v2,,coleman_liau_index,payload,8.111578947368418,,8.111578947368418,1,100,8.111578947368418,8.111578947368418,0,0.95,full_message,
exploratory_smoke_v3_payload_fidelity_v2_not_for_confirmatory_pooling,ordinary_llm_control_smoke_v3,qwen2_5_7b_instruct_q4_k_m,ordinary_llm_control,casual_conversation,nonce_96_bit_hex,,,,payload_fidelity_v2,payload_aware_result_v2,,coleman_liau_index,payload,5.715555555555557,,5.715555555555557,1,100,5.715555555555557,5.715555555555557,0,0.95,forced_span,
exploratory_smoke_v3_payload_fidelity_v2_not_for_confirmatory_pooling,ordinary_llm_control_smoke_v3,qwen2_5_7b_instruct_q4_k_m,ordinary_llm_control,casual_conversation,nonce_96_bit_hex,,,,payload_fidelity_v2,payload_aware_result_v2,,coleman_liau_index,payload,7.284561403508771,,7.284561403508771,1,100,7.284561403508771,7.284561403508771,0,0.95,full_message,
exploratory_smoke_v3_payload_fidelity_v2_not_for_confirmatory_pooling,ordinary_llm_control_smoke_v3,qwen2_5_7b_instruct_q4_k_m,ordinary_llm_control,factual_explanatory,hmac_sha256_hex,,,,payload_fidelity_v2,payload_aware_result_v2,,coleman_liau_index,payload,11.594285714285714,,11.594285714285714,1,100,11.594285714285714,11.594285714285714,0,0.95,forced_span,
exploratory_smoke_v3_payload_fidelity_v2_not_for_confirmatory_pooling,ordinary_llm_control_smoke_v3,qwen2_5_7b_instruct_q4_k_m,ordinary_llm_control,factual_explanatory,hmac_sha256_hex,,,,payload_fidelity_v2,payload_aware_result_v2,,coleman_liau_index,payload,15.18504132231405,,15.18504132231405,1,100,15.18504132231405,15.18504132231405,0,0.95,full_message,
exploratory_smoke_v3_payload_fidelity_v2_not_for_confirmatory_pooling,ordinary_llm_control_smoke_v3,qwen2_5_7b_instruct_q4_k_m,ordinary_llm_control,factual_explanatory,nonce_96_bit_hex,,,,payload_fidelity_v2,payload_aware_result_v2,,coleman_liau_index,payload,11.185454545454544,,11.185454545454544,1,100,11.185454545454544,11.185454545454544,0,0.95,forced_span,
exploratory_smoke_v3_payload_fidelity_v2_not_for_confirmatory_pooling,ordinary_llm_control_smoke_v3,qwen2_5_7b_instruct_q4_k_m,ordinary_llm_control,factual_explanatory,nonce_96_bit_hex,,,,payload_fidelity_v2,payload_aware_result_v2,,coleman_liau_index,payload,14.632054794520549,,14.632054794520549,1,100,14.632054794520549,14.632054794520549,0,0.95,full_message,
exploratory_smoke_v3_payload_fidelity_v2_not_for_confirmatory_pooling,ordinary_llm_control_smoke_v3,qwen2_5_7b_instruct_q4_k_m,ordinary_llm_control,forum_question_answer,chacha20_poly1305_base64,,,,payload_fidelity_v2,payload_aware_result_v2,,coleman_liau_index,payload,13.0975,,13.0975,1,100,13.0975,13.0975,0,0.95,full_message,
exploratory_smoke_v3_payload_fidelity_v2_not_for_confirmatory_pooling,ordinary_llm_control_smoke_v3,qwen2_5_7b_instruct_q4_k_m,ordinary_llm_control,forum_question_answer,token_128_bit_hex,,,,payload_fidelity_v2,payload_aware_result_v2,,coleman_liau_index,payload,8.576296296296292,,8.576296296296292,1,100,8.576296296296292,8.576296296296292,0,0.95,forced_span,
exploratory_smoke_v3_payload_fidelity_v2_not_for_confirmatory_pooling,ordinary_llm_control_smoke_v3,qwen2_5_7b_instruct_q4_k_m,ordinary_llm_control,forum_question_answer,token_128_bit_hex,,,,payload_fidelity_v2,payload_aware_result_v2,,coleman_liau_index,payload,11.991864406779658,,11.991864406779658,1,100,11.991864406779658,11.991864406779658,0,0.95,full_message,
exploratory_smoke_v3_payload_fidelity_v2_not_for_confirmatory_pooling,ordinary_llm_control_smoke_v3,qwen2_5_7b_instruct_q4_k_m,ordinary_llm_control,personal_narrative_blog,nonce_96_bit_hex,,,,payload_fidelity_v2,payload_aware_result_v2,,coleman_liau_index,payload,9.038181818181815,,9.038181818181815,1,100,9.038181818181815,9.038181818181815,0,0.95,forced_span,
exploratory_smoke_v3_payload_fidelity_v2_not_for_confirmatory_pooling,ordinary_llm_control_smoke_v3,qwen2_5_7b_instruct_q4_k_m,ordinary_llm_control,personal_narrative_blog,nonce_96_bit_hex,,,,payload_fidelity_v2,payload_aware_result_v2,,coleman_liau_index,payload,8.807916666666667,,8.807916666666667,1,100,8.807916666666667,8.807916666666667,0,0.95,full_message,
exploratory_smoke_v3_payload_fidelity_v2_not_for_confirmatory_pooling,ordinary_llm_control_smoke_v3,qwen2_5_7b_instruct_q4_k_m,ordinary_llm_control,personal_narrative_blog,sha256_hex,,,,payload_fidelity_v2,payload_aware_result_v2,,coleman_liau_index,payload,5.070344827586204,,5.070344827586204,1,100,5.070344827586204,5.070344827586204,0,0.95,forced_span,
exploratory_smoke_v3_payload_fidelity_v2_not_for_confirmatory_pooling,ordinary_llm_control_smoke_v3,qwen2_5_7b_instruct_q4_k_m,ordinary_llm_control,personal_narrative_blog,sha256_hex,,,,payload_fidelity_v2,payload_aware_result_v2,,coleman_liau_index,payload,6.9731328320802,,6.9731328320802,1,100,6.9731328320802,6.9731328320802,0,0.95,full_message,
exploratory_smoke_v3_payload_fidelity_v2_not_for_confirmatory_pooling,ordinary_llm_control_smoke_v3,qwen2_5_7b_instruct_q4_k_m,ordinary_llm_control,professional_communication,nonce_96_bit_hex,,,,payload_fidelity_v2,payload_aware_result_v2,,coleman_liau_index,payload,14.62588235294118,,14.62588235294118,1,100,14.62588235294118,14.62588235294118,0,0.95,forced_span,
exploratory_smoke_v3_payload_fidelity_v2_not_for_confirmatory_pooling,ordinary_llm_control_smoke_v3,qwen2_5_7b_instruct_q4_k_m,ordinary_llm_control,professional_communication,nonce_96_bit_hex,,,,payload_fidelity_v2,payload_aware_result_v2,,coleman_liau_index,payload,10.015584415584414,,10.015584415584414,1,100,10.015584415584414,10.015584415584414,0,0.95,full_message,
exploratory_smoke_v3_payload_fidelity_v2_not_for_confirmatory_pooling,ordinary_llm_control_smoke_v3,qwen2_5_7b_instruct_q4_k_m,ordinary_llm_control,professional_communication,uuid_v4,,,,payload_fidelity_v2,payload_aware_result_v2,,coleman_liau_index,payload,9.400547945205478,,9.400547945205478,1,100,9.400547945205478,9.400547945205478,0,0.95,full_message,
exploratory_smoke_v3_payload_fidelity_v2_not_for_confirmatory_pooling,ordinary_llm_control_smoke_v3,qwen2_5_7b_instruct_q4_k_m,ordinary_llm_control,recipe_procedure,sha256_hex,,,,payload_fidelity_v2,payload_aware_result_v2,,coleman_liau_index,payload,11.616470588235295,,11.616470588235295,1,100,11.616470588235295,11.616470588235295,0,0.95,forced_span,
exploratory_smoke_v3_payload_fidelity_v2_not_for_confirmatory_pooling,ordinary_llm_control_smoke_v3,qwen2_5_7b_instruct_q4_k_m,ordinary_llm_control,recipe_procedure,sha256_hex,,,,payload_fidelity_v2,payload_aware_result_v2,,coleman_liau_index,payload,13.716595744680856,,13.716595744680856,1,100,13.716595744680856,13.716595744680856,0,0.95,full_message,
exploratory_smoke_v3_payload_fidelity_v2_not_for_confirmatory_pooling,ordinary_llm_control_smoke_v3,qwen2_5_7b_instruct_q4_k_m,ordinary_llm_control,recipe_procedure,token_128_bit_hex,,,,payload_fidelity_v2,payload_aware_result_v2,,coleman_liau_index,payload,7.3789473684210485,,7.3789473684210485,1,100,7.3789473684210485,7.3789473684210485,0,0.95,full_message,
exploratory_smoke_v3_payload_fidelity_v2_not_for_confirmatory_pooling,smoke_v3_exploratory,llama3_8b_instruct_q4_k_m,direct_subword_calgacus,casual_conversation,ed25519_signature_base64,,,,payload_fidelity_v2,payload_aware_result_v2,,coleman_liau_index,payload,2.9759999999999955,,2.9759999999999955,1,100,2.9759999999999955,2.9759999999999955,0,0.95,forced_span,
exploratory_smoke_v3_payload_fidelity_v2_not_for_confirmatory_pooling,smoke_v3_exploratory,llama3_8b_instruct_q4_k_m,direct_subword_calgacus,casual_conversation,ed25519_signature_base64,,,,payload_fidelity_v2,payload_aware_result_v2,,coleman_liau_index,payload,2.9759999999999955,,2.9759999999999955,1,100,2.9759999999999955,2.9759999999999955,0,0.95,full_message,
exploratory_smoke_v3_payload_fidelity_v2_not_for_confirmatory_pooling,smoke_v3_exploratory,llama3_8b_instruct_q4_k_m,nonseg_ascii_b16,forum_question_answer,aes256_gcm_base64,,,,payload_fidelity_v2,payload_aware_result_v2,,coleman_liau_index,payload,9.204528301886786,,9.204528301886786,1,100,9.204528301886786,9.204528301886786,0,0.95,forced_span,
exploratory_smoke_v3_payload_fidelity_v2_not_for_confirmatory_pooling,smoke_v3_exploratory,llama3_8b_instruct_q4_k_m,nonseg_ascii_b16,forum_question_answer,aes256_gcm_base64,,,,payload_fidelity_v2,payload_aware_result_v2,,coleman_liau_index,payload,9.204528301886786,,9.204528301886786,1,100,9.204528301886786,9.204528301886786,0,0.95,full_message,
exploratory_smoke_v3_payload_fidelity_v2_not_for_confirmatory_pooling,smoke_v3_exploratory,llama3_8b_instruct_q4_k_m,nonseg_ascii_b8,professional_communication,uuid_v4,,,,payload_fidelity_v2,payload_aware_result_v2,,coleman_liau_index,payload,16.184186046511627,,16.184186046511627,1,100,16.184186046511627,16.184186046511627,0,0.95,forced_span,
exploratory_smoke_v3_payload_fidelity_v2_not_for_confirmatory_pooling,smoke_v3_exploratory,llama3_8b_instruct_q4_k_m,nonseg_ascii_b8,professional_communication,uuid_v4,,,,payload_fidelity_v2,payload_aware_result_v2,,coleman_liau_index,payload,16.184186046511627,,16.184186046511627,1,100,16.184186046511627,16.184186046511627,0,0.95,full_message,
exploratory_smoke_v3_payload_fidelity_v2_not_for_confirmatory_pooling,smoke_v3_exploratory,llama3_8b_instruct_q4_k_m,nonseg_hex_nibble_b16,recipe_procedure,sha256_hex,,,,payload_fidelity_v2,payload_aware_result_v2,,coleman_liau_index,payload,9.061538461538458,,9.061538461538458,1,100,9.061538461538458,9.061538461538458,0,0.95,forced_span,
exploratory_smoke_v3_payload_fidelity_v2_not_for_confirmatory_pooling,smoke_v3_exploratory,llama3_8b_instruct_q4_k_m,nonseg_hex_nibble_b16,recipe_procedure,sha256_hex,,,,payload_fidelity_v2,payload_aware_result_v2,,coleman_liau_index,payload,9.061538461538458,,9.061538461538458,1,100,9.061538461538458,9.061538461538458,0,0.95,full_message,
exploratory_smoke_v3_payload_fidelity_v2_not_for_confirmatory_pooling,smoke_v3_exploratory,llama3_8b_instruct_q4_k_m,segmented_hex_multi_topic,casual_conversation,sha256_hex,,,,payload_fidelity_v2,payload_aware_result_v2,,coleman_liau_index,payload,14.08765957446808,,14.08765957446808,1,100,14.08765957446808,14.08765957446808,0,0.95,forced_span,
exploratory_smoke_v3_payload_fidelity_v2_not_for_confirmatory_pooling,smoke_v3_exploratory,llama3_8b_instruct_q4_k_m,segmented_hex_multi_topic,casual_conversation,sha256_hex,,,,payload_fidelity_v2,payload_aware_result_v2,,coleman_liau_index,payload,9.930226537216829,,9.930226537216829,1,100,9.930226537216829,9.930226537216829,0,0.95,full_message,
exploratory_smoke_v3_payload_fidelity_v2_not_for_confirmatory_pooling,smoke_v3_exploratory,llama3_8b_instruct_q4_k_m,segmented_hex_multi_topic,factual_explanatory,nonce_96_bit_hex,,,,payload_fidelity_v2,payload_aware_result_v2,,coleman_liau_index,payload,8.159999999999997,,8.159999999999997,1,100,8.159999999999997,8.159999999999997,0,0.95,forced_span,
exploratory_smoke_v3_payload_fidelity_v2_not_for_confirmatory_pooling,smoke_v3_exploratory,llama3_8b_instruct_q4_k_m,segmented_hex_multi_topic,factual_explanatory,nonce_96_bit_hex,,,,payload_fidelity_v2,payload_aware_result_v2,,coleman_liau_index,payload,11.424,,11.424,1,100,11.424,11.424,0,0.95,full_message,
exploratory_smoke_v3_payload_fidelity_v2_not_for_confirmatory_pooling,smoke_v3_exploratory,llama3_8b_instruct_q4_k_m,segmented_hex_multi_topic,factual_explanatory,token_128_bit_hex,,,,payload_fidelity_v2,payload_aware_result_v2,,coleman_liau_index,payload,8.149230769230773,,8.149230769230773,1,100,8.149230769230773,8.149230769230773,0,0.95,forced_span,
exploratory_smoke_v3_payload_fidelity_v2_not_for_confirmatory_pooling,smoke_v3_exploratory,llama3_8b_instruct_q4_k_m,segmented_hex_multi_topic,factual_explanatory,token_128_bit_hex,,,,payload_fidelity_v2,payload_aware_result_v2,,coleman_liau_index,payload,6.842201834862383,,6.842201834862383,1,100,6.842201834862383,6.842201834862383,0,0.95,full_message,
exploratory_smoke_v3_payload_fidelity_v2_not_for_confirmatory_pooling,smoke_v3_exploratory,llama3_8b_instruct_q4_k_m,segmented_hex_multi_topic,forum_question_answer,nonce_96_bit_hex,,,,payload_fidelity_v2,payload_aware_result_v2,,coleman_liau_index,payload,6.053333333333331,,6.053333333333331,1,100,6.053333333333331,6.053333333333331,0,0.95,forced_span,
exploratory_smoke_v3_payload_fidelity_v2_not_for_confirmatory_pooling,smoke_v3_exploratory,llama3_8b_instruct_q4_k_m,segmented_hex_multi_topic,forum_question_answer,nonce_96_bit_hex,,,,payload_fidelity_v2,payload_aware_result_v2,,coleman_liau_index,payload,7.749142857142854,,7.749142857142854,1,100,7.749142857142854,7.749142857142854,0,0.95,full_message,
exploratory_smoke_v3_payload_fidelity_v2_not_for_confirmatory_pooling,smoke_v3_exploratory,llama3_8b_instruct_q4_k_m,segmented_hex_multi_topic,personal_narrative_blog,sha256_hex,,,,payload_fidelity_v2,payload_aware_result_v2,,coleman_liau_index,payload,6.596666666666664,,6.596666666666664,1,100,6.596666666666664,6.596666666666664,0,0.95,forced_span,
exploratory_smoke_v3_payload_fidelity_v2_not_for_confirmatory_pooling,smoke_v3_exploratory,llama3_8b_instruct_q4_k_m,segmented_hex_multi_topic,personal_narrative_blog,sha256_hex,,,,payload_fidelity_v2,payload_aware_result_v2,,coleman_liau_index,payload,10.12087272727273,,10.12087272727273,1,100,10.12087272727273,10.12087272727273,0,0.95,full_message,
exploratory_smoke_v3_payload_fidelity_v2_not_for_confirmatory_pooling,smoke_v3_exploratory,llama3_8b_instruct_q4_k_m,segmented_hex_multi_topic,professional_communication,nonce_96_bit_hex,,,,payload_fidelity_v2,payload_aware_result_v2,,coleman_liau_index,payload,12.397333333333332,,12.397333333333332,1,100,12.397333333333332,12.397333333333332,0,0.95,forced_span,
exploratory_smoke_v3_payload_fidelity_v2_not_for_confirmatory_pooling,smoke_v3_exploratory,llama3_8b_instruct_q4_k_m,segmented_hex_multi_topic,professional_communication,nonce_96_bit_hex,,,,payload_fidelity_v2,payload_aware_result_v2,,coleman_liau_index,payload,12.562222222222218,,12.562222222222218,1,100,12.562222222222218,12.562222222222218,0,0.95,full_message,
exploratory_smoke_v3_payload_fidelity_v2_not_for_confirmatory_pooling,smoke_v3_exploratory,llama3_8b_instruct_q4_k_m,segmented_hex_multi_topic,recipe_procedure,token_128_bit_hex,,,,payload_fidelity_v2,payload_aware_result_v2,,coleman_liau_index,payload,10.74666666666667,,10.74666666666667,1,100,10.74666666666667,10.74666666666667,0,0.95,forced_span,
exploratory_smoke_v3_payload_fidelity_v2_not_for_confirmatory_pooling,smoke_v3_exploratory,llama3_8b_instruct_q4_k_m,segmented_hex_multi_topic,recipe_procedure,token_128_bit_hex,,,,payload_fidelity_v2,payload_aware_result_v2,,coleman_liau_index,payload,10.74666666666667,,10.74666666666667,1,100,10.74666666666667,10.74666666666667,0,0.95,full_message,
exploratory_smoke_v3_payload_fidelity_v2_not_for_confirmatory_pooling,smoke_v3_exploratory,llama3_8b_instruct_q4_k_m,segmented_hex_single_topic,personal_narrative_blog,hmac_sha256_hex,,,,payload_fidelity_v2,payload_aware_result_v2,,coleman_liau_index,payload,12.634181818181816,,12.634181818181816,1,100,12.634181818181816,12.634181818181816,0,0.95,forced_span,
exploratory_smoke_v3_payload_fidelity_v2_not_for_confirmatory_pooling,smoke_v3_exploratory,llama3_8b_instruct_q4_k_m,segmented_hex_single_topic,personal_narrative_blog,hmac_sha256_hex,,,,payload_fidelity_v2,payload_aware_result_v2,,coleman_liau_index,payload,9.395862068965517,,9.395862068965517,1,100,9.395862068965517,9.395862068965517,0,0.95,full_message,
exploratory_smoke_v3_payload_fidelity_v2_not_for_confirmatory_pooling,smoke_v3_exploratory,mistral_7b_instruct_v0_3_q4_k_m,direct_subword_calgacus,casual_conversation,ed25519_signature_base64,,,,payload_fidelity_v2,payload_aware_result_v2,,coleman_liau_index,payload,10.374545454545455,,10.374545454545455,1,100,10.374545454545455,10.374545454545455,0,0.95,forced_span,
exploratory_smoke_v3_payload_fidelity_v2_not_for_confirmatory_pooling,smoke_v3_exploratory,mistral_7b_instruct_v0_3_q4_k_m,direct_subword_calgacus,casual_conversation,ed25519_signature_base64,,,,payload_fidelity_v2,payload_aware_result_v2,,coleman_liau_index,payload,10.374545454545455,,10.374545454545455,1,100,10.374545454545455,10.374545454545455,0,0.95,full_message,
exploratory_smoke_v3_payload_fidelity_v2_not_for_confirmatory_pooling,smoke_v3_exploratory,mistral_7b_instruct_v0_3_q4_k_m,nonseg_ascii_b16,forum_question_answer,aes256_gcm_base64,,,,payload_fidelity_v2,payload_aware_result_v2,,coleman_liau_index,payload,8.669795918367342,,8.669795918367342,1,100,8.669795918367342,8.669795918367342,0,0.95,forced_span,
exploratory_smoke_v3_payload_fidelity_v2_not_for_confirmatory_pooling,smoke_v3_exploratory,mistral_7b_instruct_v0_3_q4_k_m,nonseg_ascii_b16,forum_question_answer,aes256_gcm_base64,,,,payload_fidelity_v2,payload_aware_result_v2,,coleman_liau_index,payload,8.669795918367342,,8.669795918367342,1,100,8.669795918367342,8.669795918367342,0,0.95,full_message,
exploratory_smoke_v3_payload_fidelity_v2_not_for_confirmatory_pooling,smoke_v3_exploratory,mistral_7b_instruct_v0_3_q4_k_m,nonseg_ascii_b8,professional_communication,uuid_v4,,,,payload_fidelity_v2,payload_aware_result_v2,,coleman_liau_index,payload,10.754482758620682,,10.754482758620682,1,100,10.754482758620682,10.754482758620682,0,0.95,forced_span,
exploratory_smoke_v3_payload_fidelity_v2_not_for_confirmatory_pooling,smoke_v3_exploratory,mistral_7b_instruct_v0_3_q4_k_m,nonseg_ascii_b8,professional_communication,uuid_v4,,,,payload_fidelity_v2,payload_aware_result_v2,,coleman_liau_index,payload,10.754482758620682,,10.754482758620682,1,100,10.754482758620682,10.754482758620682,0,0.95,full_message,
exploratory_smoke_v3_payload_fidelity_v2_not_for_confirmatory_pooling,smoke_v3_exploratory,mistral_7b_instruct_v0_3_q4_k_m,nonseg_hex_nibble_b16,recipe_procedure,nonce_96_bit_hex,,,,payload_fidelity_v2,payload_aware_result_v2,,coleman_liau_index,payload,6.670588235294115,,6.670588235294115,1,100,6.670588235294115,6.670588235294115,0,0.95,forced_span,
exploratory_smoke_v3_payload_fidelity_v2_not_for_confirmatory_pooling,smoke_v3_exploratory,mistral_7b_instruct_v0_3_q4_k_m,nonseg_hex_nibble_b16,recipe_procedure,nonce_96_bit_hex,,,,payload_fidelity_v2,payload_aware_result_v2,,coleman_liau_index,payload,6.670588235294115,,6.670588235294115,1,100,6.670588235294115,6.670588235294115,0,0.95,full_message,
exploratory_smoke_v3_payload_fidelity_v2_not_for_confirmatory_pooling,smoke_v3_exploratory,mistral_7b_instruct_v0_3_q4_k_m,segmented_hex_multi_topic,casual_conversation,nonce_96_bit_hex,,,,payload_fidelity_v2,payload_aware_result_v2,,coleman_liau_index,payload,13.898947368421052,,13.898947368421052,1,100,13.898947368421052,13.898947368421052,0,0.95,forced_span,
exploratory_smoke_v3_payload_fidelity_v2_not_for_confirmatory_pooling,smoke_v3_exploratory,mistral_7b_instruct_v0_3_q4_k_m,segmented_hex_multi_topic,casual_conversation,nonce_96_bit_hex,,,,payload_fidelity_v2,payload_aware_result_v2,,coleman_liau_index,payload,8.421308411214952,,8.421308411214952,1,100,8.421308411214952,8.421308411214952,0,0.95,full_message,
exploratory_smoke_v3_payload_fidelity_v2_not_for_confirmatory_pooling,smoke_v3_exploratory,mistral_7b_instruct_v0_3_q4_k_m,segmented_hex_multi_topic,factual_explanatory,sha256_hex,,,,payload_fidelity_v2,payload_aware_result_v2,,coleman_liau_index,payload,17.021666666666672,,17.021666666666672,1,100,17.021666666666672,17.021666666666672,0,0.95,forced_span,
exploratory_smoke_v3_payload_fidelity_v2_not_for_confirmatory_pooling,smoke_v3_exploratory,mistral_7b_instruct_v0_3_q4_k_m,segmented_hex_multi_topic,factual_explanatory,sha256_hex,,,,payload_fidelity_v2,payload_aware_result_v2,,coleman_liau_index,payload,11.636342857142854,,11.636342857142854,1,100,11.636342857142854,11.636342857142854,0,0.95,full_message,
exploratory_smoke_v3_payload_fidelity_v2_not_for_confirmatory_pooling,smoke_v3_exploratory,mistral_7b_instruct_v0_3_q4_k_m,segmented_hex_multi_topic,factual_explanatory,token_128_bit_hex,,,,payload_fidelity_v2,payload_aware_result_v2,,coleman_liau_index,payload,15.627692307692307,,15.627692307692307,1,100,15.627692307692307,15.627692307692307,0,0.95,forced_span,
exploratory_smoke_v3_payload_fidelity_v2_not_for_confirmatory_pooling,smoke_v3_exploratory,mistral_7b_instruct_v0_3_q4_k_m,segmented_hex_multi_topic,factual_explanatory,token_128_bit_hex,,,,payload_fidelity_v2,payload_aware_result_v2,,coleman_liau_index,payload,12.237599999999993,,12.237599999999993,1,100,12.237599999999993,12.237599999999993,0,0.95,full_message,
exploratory_smoke_v3_payload_fidelity_v2_not_for_confirmatory_pooling,smoke_v3_exploratory,mistral_7b_instruct_v0_3_q4_k_m,segmented_hex_multi_topic,forum_question_answer,sha256_hex,,,,payload_fidelity_v2,payload_aware_result_v2,,coleman_liau_index,payload,13.345531914893616,,13.345531914893616,1,100,13.345531914893616,13.345531914893616,0,0.95,forced_span,
exploratory_smoke_v3_payload_fidelity_v2_not_for_confirmatory_pooling,smoke_v3_exploratory,mistral_7b_instruct_v0_3_q4_k_m,segmented_hex_multi_topic,forum_question_answer,sha256_hex,,,,payload_fidelity_v2,payload_aware_result_v2,,coleman_liau_index,payload,9.11541247484909,,9.11541247484909,1,100,9.11541247484909,9.11541247484909,0,0.95,full_message,
exploratory_smoke_v3_payload_fidelity_v2_not_for_confirmatory_pooling,smoke_v3_exploratory,mistral_7b_instruct_v0_3_q4_k_m,segmented_hex_multi_topic,personal_narrative_blog,nonce_96_bit_hex,,,,payload_fidelity_v2,payload_aware_result_v2,,coleman_liau_index,payload,11.237999999999996,,11.237999999999996,1,100,11.237999999999996,11.237999999999996,0,0.95,forced_span,
exploratory_smoke_v3_payload_fidelity_v2_not_for_confirmatory_pooling,smoke_v3_exploratory,mistral_7b_instruct_v0_3_q4_k_m,segmented_hex_multi_topic,personal_narrative_blog,nonce_96_bit_hex,,,,payload_fidelity_v2,payload_aware_result_v2,,coleman_liau_index,payload,10.1188,,10.1188,1,100,10.1188,10.1188,0,0.95,full_message,
exploratory_smoke_v3_payload_fidelity_v2_not_for_confirmatory_pooling,smoke_v3_exploratory,mistral_7b_instruct_v0_3_q4_k_m,segmented_hex_multi_topic,recipe_procedure,token_128_bit_hex,,,,payload_fidelity_v2,payload_aware_result_v2,,coleman_liau_index,payload,6.2928,,6.2928,1,100,6.2928,6.2928,0,0.95,forced_span,
exploratory_smoke_v3_payload_fidelity_v2_not_for_confirmatory_pooling,smoke_v3_exploratory,mistral_7b_instruct_v0_3_q4_k_m,segmented_hex_multi_topic,recipe_procedure,token_128_bit_hex,,,,payload_fidelity_v2,payload_aware_result_v2,,coleman_liau_index,payload,6.2928,,6.2928,1,100,6.2928,6.2928,0,0.95,full_message,
exploratory_smoke_v3_payload_fidelity_v2_not_for_confirmatory_pooling,smoke_v3_exploratory,mistral_7b_instruct_v0_3_q4_k_m,segmented_hex_single_topic,personal_narrative_blog,token_128_bit_hex,,,,payload_fidelity_v2,payload_aware_result_v2,,coleman_liau_index,payload,8.22260869565217,,8.22260869565217,1,100,8.22260869565217,8.22260869565217,0,0.95,forced_span,
exploratory_smoke_v3_payload_fidelity_v2_not_for_confirmatory_pooling,smoke_v3_exploratory,mistral_7b_instruct_v0_3_q4_k_m,segmented_hex_single_topic,personal_narrative_blog,token_128_bit_hex,,,,payload_fidelity_v2,payload_aware_result_v2,,coleman_liau_index,payload,9.940400000000004,,9.940400000000004,1,100,9.940400000000004,9.940400000000004,0,0.95,full_message,
exploratory_smoke_v3_payload_fidelity_v2_not_for_confirmatory_pooling,smoke_v3_exploratory,qwen2_5_7b_instruct_q4_k_m,direct_subword_calgacus,casual_conversation,ed25519_signature_base64,,,,payload_fidelity_v2,payload_aware_result_v2,,coleman_liau_index,payload,8.51529411764706,,8.51529411764706,1,100,8.51529411764706,8.51529411764706,0,0.95,forced_span,
exploratory_smoke_v3_payload_fidelity_v2_not_for_confirmatory_pooling,smoke_v3_exploratory,qwen2_5_7b_instruct_q4_k_m,direct_subword_calgacus,casual_conversation,ed25519_signature_base64,,,,payload_fidelity_v2,payload_aware_result_v2,,coleman_liau_index,payload,8.51529411764706,,8.51529411764706,1,100,8.51529411764706,8.51529411764706,0,0.95,full_message,
exploratory_smoke_v3_payload_fidelity_v2_not_for_confirmatory_pooling,smoke_v3_exploratory,qwen2_5_7b_instruct_q4_k_m,nonseg_ascii_b16,forum_question_answer,chacha20_poly1305_base64,,,,payload_fidelity_v2,payload_aware_result_v2,,coleman_liau_index,payload,15.310088495575215,,15.310088495575215,1,100,15.310088495575215,15.310088495575215,0,0.95,forced_span,
exploratory_smoke_v3_payload_fidelity_v2_not_for_confirmatory_pooling,smoke_v3_exploratory,qwen2_5_7b_instruct_q4_k_m,nonseg_ascii_b16,forum_question_answer,chacha20_poly1305_base64,,,,payload_fidelity_v2,payload_aware_result_v2,,coleman_liau_index,payload,15.310088495575215,,15.310088495575215,1,100,15.310088495575215,15.310088495575215,0,0.95,full_message,
exploratory_smoke_v3_payload_fidelity_v2_not_for_confirmatory_pooling,smoke_v3_exploratory,qwen2_5_7b_instruct_q4_k_m,nonseg_ascii_b8,professional_communication,uuid_v4,,,,payload_fidelity_v2,payload_aware_result_v2,,coleman_liau_index,payload,8.293333333333337,,8.293333333333337,1,100,8.293333333333337,8.293333333333337,0,0.95,forced_span,
exploratory_smoke_v3_payload_fidelity_v2_not_for_confirmatory_pooling,smoke_v3_exploratory,qwen2_5_7b_instruct_q4_k_m,nonseg_ascii_b8,professional_communication,uuid_v4,,,,payload_fidelity_v2,payload_aware_result_v2,,coleman_liau_index,payload,8.293333333333337,,8.293333333333337,1,100,8.293333333333337,8.293333333333337,0,0.95,full_message,
exploratory_smoke_v3_payload_fidelity_v2_not_for_confirmatory_pooling,smoke_v3_exploratory,qwen2_5_7b_instruct_q4_k_m,nonseg_hex_nibble_b16,recipe_procedure,token_128_bit_hex,,,,payload_fidelity_v2,payload_aware_result_v2,,coleman_liau_index,payload,15.895714285714288,,15.895714285714288,1,100,15.895714285714288,15.895714285714288,0,0.95,forced_span,
exploratory_smoke_v3_payload_fidelity_v2_not_for_confirmatory_pooling,smoke_v3_exploratory,qwen2_5_7b_instruct_q4_k_m,nonseg_hex_nibble_b16,recipe_procedure,token_128_bit_hex,,,,payload_fidelity_v2,payload_aware_result_v2,,coleman_liau_index,payload,15.895714285714288,,15.895714285714288,1,100,15.895714285714288,15.895714285714288,0,0.95,full_message,
exploratory_smoke_v3_payload_fidelity_v2_not_for_confirmatory_pooling,smoke_v3_exploratory,qwen2_5_7b_instruct_q4_k_m,segmented_hex_multi_topic,casual_conversation,nonce_96_bit_hex,,,,payload_fidelity_v2,payload_aware_result_v2,,coleman_liau_index,payload,15.637999999999995,,15.637999999999995,1,100,15.637999999999995,15.637999999999995,0,0.95,forced_span,
exploratory_smoke_v3_payload_fidelity_v2_not_for_confirmatory_pooling,smoke_v3_exploratory,qwen2_5_7b_instruct_q4_k_m,segmented_hex_multi_topic,casual_conversation,nonce_96_bit_hex,,,,payload_fidelity_v2,payload_aware_result_v2,,coleman_liau_index,payload,10.470252100840337,,10.470252100840337,1,100,10.470252100840337,10.470252100840337,0,0.95,full_message,
exploratory_smoke_v3_payload_fidelity_v2_not_for_confirmatory_pooling,smoke_v3_exploratory,qwen2_5_7b_instruct_q4_k_m,segmented_hex_multi_topic,factual_explanatory,hmac_sha256_hex,,,,payload_fidelity_v2,payload_aware_result_v2,,coleman_liau_index,payload,8.984727272727273,,8.984727272727273,1,100,8.984727272727273,8.984727272727273,0,0.95,forced_span,
exploratory_smoke_v3_payload_fidelity_v2_not_for_confirmatory_pooling,smoke_v3_exploratory,qwen2_5_7b_instruct_q4_k_m,segmented_hex_multi_topic,factual_explanatory,hmac_sha256_hex,,,,payload_fidelity_v2,payload_aware_result_v2,,coleman_liau_index,payload,9.506438095238096,,9.506438095238096,1,100,9.506438095238096,9.506438095238096,0,0.95,full_message,
exploratory_smoke_v3_payload_fidelity_v2_not_for_confirmatory_pooling,smoke_v3_exploratory,qwen2_5_7b_instruct_q4_k_m,segmented_hex_multi_topic,factual_explanatory,nonce_96_bit_hex,,,,payload_fidelity_v2,payload_aware_result_v2,,coleman_liau_index,payload,18.84,,18.84,1,100,18.84,18.84,0,0.95,forced_span,
exploratory_smoke_v3_payload_fidelity_v2_not_for_confirmatory_pooling,smoke_v3_exploratory,qwen2_5_7b_instruct_q4_k_m,segmented_hex_multi_topic,factual_explanatory,nonce_96_bit_hex,,,,payload_fidelity_v2,payload_aware_result_v2,,coleman_liau_index,payload,9.682911392405064,,9.682911392405064,1,100,9.682911392405064,9.682911392405064,0,0.95,full_message,
exploratory_smoke_v3_payload_fidelity_v2_not_for_confirmatory_pooling,smoke_v3_exploratory,qwen2_5_7b_instruct_q4_k_m,segmented_hex_multi_topic,forum_question_answer,token_128_bit_hex,,,,payload_fidelity_v2,payload_aware_result_v2,,coleman_liau_index,payload,17.70933333333333,,17.70933333333333,1,100,17.70933333333333,17.70933333333333,0,0.95,forced_span,
exploratory_smoke_v3_payload_fidelity_v2_not_for_confirmatory_pooling,smoke_v3_exploratory,qwen2_5_7b_instruct_q4_k_m,segmented_hex_multi_topic,forum_question_answer,token_128_bit_hex,,,,payload_fidelity_v2,payload_aware_result_v2,,coleman_liau_index,payload,11.465210084033618,,11.465210084033618,1,100,11.465210084033618,11.465210084033618,0,0.95,full_message,
exploratory_smoke_v3_payload_fidelity_v2_not_for_confirmatory_pooling,smoke_v3_exploratory,qwen2_5_7b_instruct_q4_k_m,segmented_hex_multi_topic,personal_narrative_blog,nonce_96_bit_hex,,,,payload_fidelity_v2,payload_aware_result_v2,,coleman_liau_index,payload,12.403999999999996,,12.403999999999996,1,100,12.403999999999996,12.403999999999996,0,0.95,forced_span,
exploratory_smoke_v3_payload_fidelity_v2_not_for_confirmatory_pooling,smoke_v3_exploratory,qwen2_5_7b_instruct_q4_k_m,segmented_hex_multi_topic,personal_narrative_blog,nonce_96_bit_hex,,,,payload_fidelity_v2,payload_aware_result_v2,,coleman_liau_index,payload,11.090823529411761,,11.090823529411761,1,100,11.090823529411761,11.090823529411761,0,0.95,full_message,
exploratory_smoke_v3_payload_fidelity_v2_not_for_confirmatory_pooling,smoke_v3_exploratory,qwen2_5_7b_instruct_q4_k_m,segmented_hex_multi_topic,professional_communication,nonce_96_bit_hex,,,,payload_fidelity_v2,payload_aware_result_v2,,coleman_liau_index,payload,12.550588235294114,,12.550588235294114,1,100,12.550588235294114,12.550588235294114,0,0.95,forced_span,
exploratory_smoke_v3_payload_fidelity_v2_not_for_confirmatory_pooling,smoke_v3_exploratory,qwen2_5_7b_instruct_q4_k_m,segmented_hex_multi_topic,professional_communication,nonce_96_bit_hex,,,,payload_fidelity_v2,payload_aware_result_v2,,coleman_liau_index,payload,8.26135338345864,,8.26135338345864,1,100,8.26135338345864,8.26135338345864,0,0.95,full_message,
exploratory_smoke_v3_payload_fidelity_v2_not_for_confirmatory_pooling,smoke_v3_exploratory,qwen2_5_7b_instruct_q4_k_m,segmented_hex_multi_topic,recipe_procedure,sha256_hex,,,,payload_fidelity_v2,payload_aware_result_v2,,coleman_liau_index,payload,11.227999999999994,,11.227999999999994,1,100,11.227999999999994,11.227999999999994,0,0.95,forced_span,
exploratory_smoke_v3_payload_fidelity_v2_not_for_confirmatory_pooling,smoke_v3_exploratory,qwen2_5_7b_instruct_q4_k_m,segmented_hex_multi_topic,recipe_procedure,sha256_hex,,,,payload_fidelity_v2,payload_aware_result_v2,,coleman_liau_index,payload,11.227999999999994,,11.227999999999994,1,100,11.227999999999994,11.227999999999994,0,0.95,full_message,
exploratory_smoke_v3_payload_fidelity_v2_not_for_confirmatory_pooling,smoke_v3_exploratory,qwen2_5_7b_instruct_q4_k_m,segmented_hex_single_topic,personal_narrative_blog,sha256_hex,,,,payload_fidelity_v2,payload_aware_result_v2,,coleman_liau_index,payload,11.703050847457622,,11.703050847457622,1,100,11.703050847457622,11.703050847457622,0,0.95,forced_span,
exploratory_smoke_v3_payload_fidelity_v2_not_for_confirmatory_pooling,smoke_v3_exploratory,qwen2_5_7b_instruct_q4_k_m,segmented_hex_single_topic,personal_narrative_blog,sha256_hex,,,,payload_fidelity_v2,payload_aware_result_v2,,coleman_liau_index,payload,8.801884816753926,,8.801884816753926,1,100,8.801884816753926,8.801884816753926,0,0.95,full_message,
exploratory_smoke_v3_payload_fidelity_v2_not_for_confirmatory_pooling,ordinary_llm_control_smoke_v3,llama3_8b_instruct_q4_k_m,ordinary_llm_control,casual_conversation,ed25519_signature_base64,,,,payload_fidelity_v2,payload_aware_result_v2,,unique_word_fraction,payload,0.8653846153846154,,0.8653846153846154,1,100,0.8653846153846154,0.8653846153846154,0,0.95,full_message,
exploratory_smoke_v3_payload_fidelity_v2_not_for_confirmatory_pooling,ordinary_llm_control_smoke_v3,llama3_8b_instruct_q4_k_m,ordinary_llm_control,casual_conversation,sha256_hex,,,,payload_fidelity_v2,payload_aware_result_v2,,unique_word_fraction,payload,0.9019607843137255,,0.9019607843137255,1,100,0.9019607843137255,0.9019607843137255,0,0.95,forced_span,
exploratory_smoke_v3_payload_fidelity_v2_not_for_confirmatory_pooling,ordinary_llm_control_smoke_v3,llama3_8b_instruct_q4_k_m,ordinary_llm_control,casual_conversation,sha256_hex,,,,payload_fidelity_v2,payload_aware_result_v2,,unique_word_fraction,payload,0.4426229508196721,,0.4426229508196721,1,100,0.4426229508196721,0.4426229508196721,0,0.95,full_message,
exploratory_smoke_v3_payload_fidelity_v2_not_for_confirmatory_pooling,ordinary_llm_control_smoke_v3,llama3_8b_instruct_q4_k_m,ordinary_llm_control,factual_explanatory,nonce_96_bit_hex,,,,payload_fidelity_v2,payload_aware_result_v2,,unique_word_fraction,payload,1.0,,1.0,1,100,1.0,1.0,0,0.95,forced_span,
exploratory_smoke_v3_payload_fidelity_v2_not_for_confirmatory_pooling,ordinary_llm_control_smoke_v3,llama3_8b_instruct_q4_k_m,ordinary_llm_control,factual_explanatory,nonce_96_bit_hex,,,,payload_fidelity_v2,payload_aware_result_v2,,unique_word_fraction,payload,0.7317073170731707,,0.7317073170731707,1,100,0.7317073170731707,0.7317073170731707,0,0.95,full_message,
exploratory_smoke_v3_payload_fidelity_v2_not_for_confirmatory_pooling,ordinary_llm_control_smoke_v3,llama3_8b_instruct_q4_k_m,ordinary_llm_control,factual_explanatory,token_128_bit_hex,,,,payload_fidelity_v2,payload_aware_result_v2,,unique_word_fraction,payload,0.8620689655172413,,0.8620689655172413,1,100,0.8620689655172413,0.8620689655172413,0,0.95,forced_span,
exploratory_smoke_v3_payload_fidelity_v2_not_for_confirmatory_pooling,ordinary_llm_control_smoke_v3,llama3_8b_instruct_q4_k_m,ordinary_llm_control,factual_explanatory,token_128_bit_hex,,,,payload_fidelity_v2,payload_aware_result_v2,,unique_word_fraction,payload,0.631578947368421,,0.631578947368421,1,100,0.631578947368421,0.631578947368421,0,0.95,full_message,
exploratory_smoke_v3_payload_fidelity_v2_not_for_confirmatory_pooling,ordinary_llm_control_smoke_v3,llama3_8b_instruct_q4_k_m,ordinary_llm_control,forum_question_answer,aes256_gcm_base64,,,,payload_fidelity_v2,payload_aware_result_v2,,unique_word_fraction,payload,0.6355140186915887,,0.6355140186915887,1,100,0.6355140186915887,0.6355140186915887,0,0.95,full_message,
exploratory_smoke_v3_payload_fidelity_v2_not_for_confirmatory_pooling,ordinary_llm_control_smoke_v3,llama3_8b_instruct_q4_k_m,ordinary_llm_control,forum_question_answer,nonce_96_bit_hex,,,,payload_fidelity_v2,payload_aware_result_v2,,unique_word_fraction,payload,1.0,,1.0,1,100,1.0,1.0,0,0.95,forced_span,
exploratory_smoke_v3_payload_fidelity_v2_not_for_confirmatory_pooling,ordinary_llm_control_smoke_v3,llama3_8b_instruct_q4_k_m,ordinary_llm_control,forum_question_answer,nonce_96_bit_hex,,,,payload_fidelity_v2,payload_aware_result_v2,,unique_word_fraction,payload,0.5818181818181818,,0.5818181818181818,1,100,0.5818181818181818,0.5818181818181818,0,0.95,full_message,
exploratory_smoke_v3_payload_fidelity_v2_not_for_confirmatory_pooling,ordinary_llm_control_smoke_v3,llama3_8b_instruct_q4_k_m,ordinary_llm_control,personal_narrative_blog,hmac_sha256_hex,,,,payload_fidelity_v2,payload_aware_result_v2,,unique_word_fraction,payload,0.8135593220338984,,0.8135593220338984,1,100,0.8135593220338984,0.8135593220338984,0,0.95,forced_span,
exploratory_smoke_v3_payload_fidelity_v2_not_for_confirmatory_pooling,ordinary_llm_control_smoke_v3,llama3_8b_instruct_q4_k_m,ordinary_llm_control,personal_narrative_blog,hmac_sha256_hex,,,,payload_fidelity_v2,payload_aware_result_v2,,unique_word_fraction,payload,0.5891891891891892,,0.5891891891891892,1,100,0.5891891891891892,0.5891891891891892,0,0.95,full_message,
exploratory_smoke_v3_payload_fidelity_v2_not_for_confirmatory_pooling,ordinary_llm_control_smoke_v3,llama3_8b_instruct_q4_k_m,ordinary_llm_control,personal_narrative_blog,sha256_hex,,,,payload_fidelity_v2,payload_aware_result_v2,,unique_word_fraction,payload,0.78,,0.78,1,100,0.78,0.78,0,0.95,forced_span,
exploratory_smoke_v3_payload_fidelity_v2_not_for_confirmatory_pooling,ordinary_llm_control_smoke_v3,llama3_8b_instruct_q4_k_m,ordinary_llm_control,personal_narrative_blog,sha256_hex,,,,payload_fidelity_v2,payload_aware_result_v2,,unique_word_fraction,payload,0.5406360424028268,,0.5406360424028268,1,100,0.5406360424028268,0.5406360424028268,0,0.95,full_message,
exploratory_smoke_v3_payload_fidelity_v2_not_for_confirmatory_pooling,ordinary_llm_control_smoke_v3,llama3_8b_instruct_q4_k_m,ordinary_llm_control,professional_communication,nonce_96_bit_hex,,,,payload_fidelity_v2,payload_aware_result_v2,,unique_word_fraction,payload,0.9444444444444444,,0.9444444444444444,1,100,0.9444444444444444,0.9444444444444444,0,0.95,forced_span,
exploratory_smoke_v3_payload_fidelity_v2_not_for_confirmatory_pooling,ordinary_llm_control_smoke_v3,llama3_8b_instruct_q4_k_m,ordinary_llm_control,professional_communication,nonce_96_bit_hex,,,,payload_fidelity_v2,payload_aware_result_v2,,unique_word_fraction,payload,0.39593908629441626,,0.39593908629441626,1,100,0.39593908629441626,0.39593908629441626,0,0.95,full_message,
exploratory_smoke_v3_payload_fidelity_v2_not_for_confirmatory_pooling,ordinary_llm_control_smoke_v3,llama3_8b_instruct_q4_k_m,ordinary_llm_control,professional_communication,uuid_v4,,,,payload_fidelity_v2,payload_aware_result_v2,,unique_word_fraction,payload,0.6986301369863014,,0.6986301369863014,1,100,0.6986301369863014,0.6986301369863014,0,0.95,full_message,
exploratory_smoke_v3_payload_fidelity_v2_not_for_confirmatory_pooling,ordinary_llm_control_smoke_v3,llama3_8b_instruct_q4_k_m,ordinary_llm_control,recipe_procedure,sha256_hex,,,,payload_fidelity_v2,payload_aware_result_v2,,unique_word_fraction,payload,0.723404255319149,,0.723404255319149,1,100,0.723404255319149,0.723404255319149,0,0.95,full_message,
exploratory_smoke_v3_payload_fidelity_v2_not_for_confirmatory_pooling,ordinary_llm_control_smoke_v3,llama3_8b_instruct_q4_k_m,ordinary_llm_control,recipe_procedure,token_128_bit_hex,,,,payload_fidelity_v2,payload_aware_result_v2,,unique_word_fraction,payload,0.9166666666666666,,0.9166666666666666,1,100,0.9166666666666666,0.9166666666666666,0,0.95,forced_span,
exploratory_smoke_v3_payload_fidelity_v2_not_for_confirmatory_pooling,ordinary_llm_control_smoke_v3,llama3_8b_instruct_q4_k_m,ordinary_llm_control,recipe_procedure,token_128_bit_hex,,,,payload_fidelity_v2,payload_aware_result_v2,,unique_word_fraction,payload,0.8888888888888888,,0.8888888888888888,1,100,0.8888888888888888,0.8888888888888888,0,0.95,full_message,
exploratory_smoke_v3_payload_fidelity_v2_not_for_confirmatory_pooling,ordinary_llm_control_smoke_v3,mistral_7b_instruct_v0_3_q4_k_m,ordinary_llm_control,casual_conversation,ed25519_signature_base64,,,,payload_fidelity_v2,payload_aware_result_v2,,unique_word_fraction,payload,0.8181818181818182,,0.8181818181818182,1,100,0.8181818181818182,0.8181818181818182,0,0.95,full_message,
exploratory_smoke_v3_payload_fidelity_v2_not_for_confirmatory_pooling,ordinary_llm_control_smoke_v3,mistral_7b_instruct_v0_3_q4_k_m,ordinary_llm_control,casual_conversation,nonce_96_bit_hex,,,,payload_fidelity_v2,payload_aware_result_v2,,unique_word_fraction,payload,1.0,,1.0,1,100,1.0,1.0,0,0.95,forced_span,
exploratory_smoke_v3_payload_fidelity_v2_not_for_confirmatory_pooling,ordinary_llm_control_smoke_v3,mistral_7b_instruct_v0_3_q4_k_m,ordinary_llm_control,casual_conversation,nonce_96_bit_hex,,,,payload_fidelity_v2,payload_aware_result_v2,,unique_word_fraction,payload,0.7352941176470589,,0.7352941176470589,1,100,0.7352941176470589,0.7352941176470589,0,0.95,full_message,
exploratory_smoke_v3_payload_fidelity_v2_not_for_confirmatory_pooling,ordinary_llm_control_smoke_v3,mistral_7b_instruct_v0_3_q4_k_m,ordinary_llm_control,factual_explanatory,sha256_hex,,,,payload_fidelity_v2,payload_aware_result_v2,,unique_word_fraction,payload,0.7954545454545454,,0.7954545454545454,1,100,0.7954545454545454,0.7954545454545454,0,0.95,forced_span,
exploratory_smoke_v3_payload_fidelity_v2_not_for_confirmatory_pooling,ordinary_llm_control_smoke_v3,mistral_7b_instruct_v0_3_q4_k_m,ordinary_llm_control,factual_explanatory,sha256_hex,,,,payload_fidelity_v2,payload_aware_result_v2,,unique_word_fraction,payload,0.5764705882352941,,0.5764705882352941,1,100,0.5764705882352941,0.5764705882352941,0,0.95,full_message,
exploratory_smoke_v3_payload_fidelity_v2_not_for_confirmatory_pooling,ordinary_llm_control_smoke_v3,mistral_7b_instruct_v0_3_q4_k_m,ordinary_llm_control,factual_explanatory,token_128_bit_hex,,,,payload_fidelity_v2,payload_aware_result_v2,,unique_word_fraction,payload,0.88,,0.88,1,100,0.88,0.88,0,0.95,forced_span,
exploratory_smoke_v3_payload_fidelity_v2_not_for_confirmatory_pooling,ordinary_llm_control_smoke_v3,mistral_7b_instruct_v0_3_q4_k_m,ordinary_llm_control,factual_explanatory,token_128_bit_hex,,,,payload_fidelity_v2,payload_aware_result_v2,,unique_word_fraction,payload,0.6428571428571429,,0.6428571428571429,1,100,0.6428571428571429,0.6428571428571429,0,0.95,full_message,
exploratory_smoke_v3_payload_fidelity_v2_not_for_confirmatory_pooling,ordinary_llm_control_smoke_v3,mistral_7b_instruct_v0_3_q4_k_m,ordinary_llm_control,forum_question_answer,aes256_gcm_base64,,,,payload_fidelity_v2,payload_aware_result_v2,,unique_word_fraction,payload,0.6881720430107527,,0.6881720430107527,1,100,0.6881720430107527,0.6881720430107527,0,0.95,full_message,
exploratory_smoke_v3_payload_fidelity_v2_not_for_confirmatory_pooling,ordinary_llm_control_smoke_v3,mistral_7b_instruct_v0_3_q4_k_m,ordinary_llm_control,forum_question_answer,sha256_hex,,,,payload_fidelity_v2,payload_aware_result_v2,,unique_word_fraction,payload,0.7272727272727273,,0.7272727272727273,1,100,0.7272727272727273,0.7272727272727273,0,0.95,forced_span,
exploratory_smoke_v3_payload_fidelity_v2_not_for_confirmatory_pooling,ordinary_llm_control_smoke_v3,mistral_7b_instruct_v0_3_q4_k_m,ordinary_llm_control,forum_question_answer,sha256_hex,,,,payload_fidelity_v2,payload_aware_result_v2,,unique_word_fraction,payload,0.4306122448979592,,0.4306122448979592,1,100,0.4306122448979592,0.4306122448979592,0,0.95,full_message,
exploratory_smoke_v3_payload_fidelity_v2_not_for_confirmatory_pooling,ordinary_llm_control_smoke_v3,mistral_7b_instruct_v0_3_q4_k_m,ordinary_llm_control,personal_narrative_blog,nonce_96_bit_hex,,,,payload_fidelity_v2,payload_aware_result_v2,,unique_word_fraction,payload,1.0,,1.0,1,100,1.0,1.0,0,0.95,forced_span,
exploratory_smoke_v3_payload_fidelity_v2_not_for_confirmatory_pooling,ordinary_llm_control_smoke_v3,mistral_7b_instruct_v0_3_q4_k_m,ordinary_llm_control,personal_narrative_blog,nonce_96_bit_hex,,,,payload_fidelity_v2,payload_aware_result_v2,,unique_word_fraction,payload,0.6990291262135923,,0.6990291262135923,1,100,0.6990291262135923,0.6990291262135923,0,0.95,full_message,
exploratory_smoke_v3_payload_fidelity_v2_not_for_confirmatory_pooling,ordinary_llm_control_smoke_v3,mistral_7b_instruct_v0_3_q4_k_m,ordinary_llm_control,personal_narrative_blog,token_128_bit_hex,,,,payload_fidelity_v2,payload_aware_result_v2,,unique_word_fraction,payload,1.0,,1.0,1,100,1.0,1.0,0,0.95,forced_span,
exploratory_smoke_v3_payload_fidelity_v2_not_for_confirmatory_pooling,ordinary_llm_control_smoke_v3,mistral_7b_instruct_v0_3_q4_k_m,ordinary_llm_control,personal_narrative_blog,token_128_bit_hex,,,,payload_fidelity_v2,payload_aware_result_v2,,unique_word_fraction,payload,0.7619047619047619,,0.7619047619047619,1,100,0.7619047619047619,0.7619047619047619,0,0.95,full_message,
exploratory_smoke_v3_payload_fidelity_v2_not_for_confirmatory_pooling,ordinary_llm_control_smoke_v3,mistral_7b_instruct_v0_3_q4_k_m,ordinary_llm_control,professional_communication,uuid_v4,,,,payload_fidelity_v2,payload_aware_result_v2,,unique_word_fraction,payload,0.7017543859649122,,0.7017543859649122,1,100,0.7017543859649122,0.7017543859649122,0,0.95,full_message,
exploratory_smoke_v3_payload_fidelity_v2_not_for_confirmatory_pooling,ordinary_llm_control_smoke_v3,mistral_7b_instruct_v0_3_q4_k_m,ordinary_llm_control,recipe_procedure,nonce_96_bit_hex,,,,payload_fidelity_v2,payload_aware_result_v2,,unique_word_fraction,payload,0.9,,0.9,1,100,0.9,0.9,0,0.95,full_message,
exploratory_smoke_v3_payload_fidelity_v2_not_for_confirmatory_pooling,ordinary_llm_control_smoke_v3,mistral_7b_instruct_v0_3_q4_k_m,ordinary_llm_control,recipe_procedure,token_128_bit_hex,,,,payload_fidelity_v2,payload_aware_result_v2,,unique_word_fraction,payload,0.8571428571428571,,0.8571428571428571,1,100,0.8571428571428571,0.8571428571428571,0,0.95,forced_span,
exploratory_smoke_v3_payload_fidelity_v2_not_for_confirmatory_pooling,ordinary_llm_control_smoke_v3,mistral_7b_instruct_v0_3_q4_k_m,ordinary_llm_control,recipe_procedure,token_128_bit_hex,,,,payload_fidelity_v2,payload_aware_result_v2,,unique_word_fraction,payload,0.85,,0.85,1,100,0.85,0.85,0,0.95,full_message,
exploratory_smoke_v3_payload_fidelity_v2_not_for_confirmatory_pooling,ordinary_llm_control_smoke_v3,qwen2_5_7b_instruct_q4_k_m,ordinary_llm_control,casual_conversation,ed25519_signature_base64,,,,payload_fidelity_v2,payload_aware_result_v2,,unique_word_fraction,payload,0.8771929824561403,,0.8771929824561403,1,100,0.8771929824561403,0.8771929824561403,0,0.95,full_message,
exploratory_smoke_v3_payload_fidelity_v2_not_for_confirmatory_pooling,ordinary_llm_control_smoke_v3,qwen2_5_7b_instruct_q4_k_m,ordinary_llm_control,casual_conversation,nonce_96_bit_hex,,,,payload_fidelity_v2,payload_aware_result_v2,,unique_word_fraction,payload,1.0,,1.0,1,100,1.0,1.0,0,0.95,forced_span,
exploratory_smoke_v3_payload_fidelity_v2_not_for_confirmatory_pooling,ordinary_llm_control_smoke_v3,qwen2_5_7b_instruct_q4_k_m,ordinary_llm_control,casual_conversation,nonce_96_bit_hex,,,,payload_fidelity_v2,payload_aware_result_v2,,unique_word_fraction,payload,0.7894736842105263,,0.7894736842105263,1,100,0.7894736842105263,0.7894736842105263,0,0.95,full_message,
exploratory_smoke_v3_payload_fidelity_v2_not_for_confirmatory_pooling,ordinary_llm_control_smoke_v3,qwen2_5_7b_instruct_q4_k_m,ordinary_llm_control,factual_explanatory,hmac_sha256_hex,,,,payload_fidelity_v2,payload_aware_result_v2,,unique_word_fraction,payload,0.625,,0.625,1,100,0.625,0.625,0,0.95,forced_span,
exploratory_smoke_v3_payload_fidelity_v2_not_for_confirmatory_pooling,ordinary_llm_control_smoke_v3,qwen2_5_7b_instruct_q4_k_m,ordinary_llm_control,factual_explanatory,hmac_sha256_hex,,,,payload_fidelity_v2,payload_aware_result_v2,,unique_word_fraction,payload,0.44214876033057854,,0.44214876033057854,1,100,0.44214876033057854,0.44214876033057854,0,0.95,full_message,
exploratory_smoke_v3_payload_fidelity_v2_not_for_confirmatory_pooling,ordinary_llm_control_smoke_v3,qwen2_5_7b_instruct_q4_k_m,ordinary_llm_control,factual_explanatory,nonce_96_bit_hex,,,,payload_fidelity_v2,payload_aware_result_v2,,unique_word_fraction,payload,0.7727272727272727,,0.7727272727272727,1,100,0.7727272727272727,0.7727272727272727,0,0.95,forced_span,
exploratory_smoke_v3_payload_fidelity_v2_not_for_confirmatory_pooling,ordinary_llm_control_smoke_v3,qwen2_5_7b_instruct_q4_k_m,ordinary_llm_control,factual_explanatory,nonce_96_bit_hex,,,,payload_fidelity_v2,payload_aware_result_v2,,unique_word_fraction,payload,0.5445205479452054,,0.5445205479452054,1,100,0.5445205479452054,0.5445205479452054,0,0.95,full_message,
exploratory_smoke_v3_payload_fidelity_v2_not_for_confirmatory_pooling,ordinary_llm_control_smoke_v3,qwen2_5_7b_instruct_q4_k_m,ordinary_llm_control,forum_question_answer,chacha20_poly1305_base64,,,,payload_fidelity_v2,payload_aware_result_v2,,unique_word_fraction,payload,0.7708333333333334,,0.7708333333333334,1,100,0.7708333333333334,0.7708333333333334,0,0.95,full_message,
exploratory_smoke_v3_payload_fidelity_v2_not_for_confirmatory_pooling,ordinary_llm_control_smoke_v3,qwen2_5_7b_instruct_q4_k_m,ordinary_llm_control,forum_question_answer,token_128_bit_hex,,,,payload_fidelity_v2,payload_aware_result_v2,,unique_word_fraction,payload,0.9259259259259259,,0.9259259259259259,1,100,0.9259259259259259,0.9259259259259259,0,0.95,forced_span,
exploratory_smoke_v3_payload_fidelity_v2_not_for_confirmatory_pooling,ordinary_llm_control_smoke_v3,qwen2_5_7b_instruct_q4_k_m,ordinary_llm_control,forum_question_answer,token_128_bit_hex,,,,payload_fidelity_v2,payload_aware_result_v2,,unique_word_fraction,payload,0.7542372881355932,,0.7542372881355932,1,100,0.7542372881355932,0.7542372881355932,0,0.95,full_message,
exploratory_smoke_v3_payload_fidelity_v2_not_for_confirmatory_pooling,ordinary_llm_control_smoke_v3,qwen2_5_7b_instruct_q4_k_m,ordinary_llm_control,personal_narrative_blog,nonce_96_bit_hex,,,,payload_fidelity_v2,payload_aware_result_v2,,unique_word_fraction,payload,0.8636363636363636,,0.8636363636363636,1,100,0.8636363636363636,0.8636363636363636,0,0.95,forced_span,
exploratory_smoke_v3_payload_fidelity_v2_not_for_confirmatory_pooling,ordinary_llm_control_smoke_v3,qwen2_5_7b_instruct_q4_k_m,ordinary_llm_control,personal_narrative_blog,nonce_96_bit_hex,,,,payload_fidelity_v2,payload_aware_result_v2,,unique_word_fraction,payload,0.75,,0.75,1,100,0.75,0.75,0,0.95,full_message,
exploratory_smoke_v3_payload_fidelity_v2_not_for_confirmatory_pooling,ordinary_llm_control_smoke_v3,qwen2_5_7b_instruct_q4_k_m,ordinary_llm_control,personal_narrative_blog,sha256_hex,,,,payload_fidelity_v2,payload_aware_result_v2,,unique_word_fraction,payload,0.7586206896551724,,0.7586206896551724,1,100,0.7586206896551724,0.7586206896551724,0,0.95,forced_span,
exploratory_smoke_v3_payload_fidelity_v2_not_for_confirmatory_pooling,ordinary_llm_control_smoke_v3,qwen2_5_7b_instruct_q4_k_m,ordinary_llm_control,personal_narrative_blog,sha256_hex,,,,payload_fidelity_v2,payload_aware_result_v2,,unique_word_fraction,payload,0.41604010025062654,,0.41604010025062654,1,100,0.41604010025062654,0.41604010025062654,0,0.95,full_message,
exploratory_smoke_v3_payload_fidelity_v2_not_for_confirmatory_pooling,ordinary_llm_control_smoke_v3,qwen2_5_7b_instruct_q4_k_m,ordinary_llm_control,professional_communication,nonce_96_bit_hex,,,,payload_fidelity_v2,payload_aware_result_v2,,unique_word_fraction,payload,1.0,,1.0,1,100,1.0,1.0,0,0.95,forced_span,
exploratory_smoke_v3_payload_fidelity_v2_not_for_confirmatory_pooling,ordinary_llm_control_smoke_v3,qwen2_5_7b_instruct_q4_k_m,ordinary_llm_control,professional_communication,nonce_96_bit_hex,,,,payload_fidelity_v2,payload_aware_result_v2,,unique_word_fraction,payload,0.5844155844155844,,0.5844155844155844,1,100,0.5844155844155844,0.5844155844155844,0,0.95,full_message,
exploratory_smoke_v3_payload_fidelity_v2_not_for_confirmatory_pooling,ordinary_llm_control_smoke_v3,qwen2_5_7b_instruct_q4_k_m,ordinary_llm_control,professional_communication,uuid_v4,,,,payload_fidelity_v2,payload_aware_result_v2,,unique_word_fraction,payload,0.684931506849315,,0.684931506849315,1,100,0.684931506849315,0.684931506849315,0,0.95,full_message,
exploratory_smoke_v3_payload_fidelity_v2_not_for_confirmatory_pooling,ordinary_llm_control_smoke_v3,qwen2_5_7b_instruct_q4_k_m,ordinary_llm_control,recipe_procedure,sha256_hex,,,,payload_fidelity_v2,payload_aware_result_v2,,unique_word_fraction,payload,0.7450980392156863,,0.7450980392156863,1,100,0.7450980392156863,0.7450980392156863,0,0.95,forced_span,
exploratory_smoke_v3_payload_fidelity_v2_not_for_confirmatory_pooling,ordinary_llm_control_smoke_v3,qwen2_5_7b_instruct_q4_k_m,ordinary_llm_control,recipe_procedure,sha256_hex,,,,payload_fidelity_v2,payload_aware_result_v2,,unique_word_fraction,payload,0.7021276595744681,,0.7021276595744681,1,100,0.7021276595744681,0.7021276595744681,0,0.95,full_message,
exploratory_smoke_v3_payload_fidelity_v2_not_for_confirmatory_pooling,ordinary_llm_control_smoke_v3,qwen2_5_7b_instruct_q4_k_m,ordinary_llm_control,recipe_procedure,token_128_bit_hex,,,,payload_fidelity_v2,payload_aware_result_v2,,unique_word_fraction,payload,0.8947368421052632,,0.8947368421052632,1,100,0.8947368421052632,0.8947368421052632,0,0.95,full_message,
exploratory_smoke_v3_payload_fidelity_v2_not_for_confirmatory_pooling,smoke_v3_exploratory,llama3_8b_instruct_q4_k_m,direct_subword_calgacus,casual_conversation,ed25519_signature_base64,,,,payload_fidelity_v2,payload_aware_result_v2,,unique_word_fraction,payload,0.875,,0.875,1,100,0.875,0.875,0,0.95,forced_span,
exploratory_smoke_v3_payload_fidelity_v2_not_for_confirmatory_pooling,smoke_v3_exploratory,llama3_8b_instruct_q4_k_m,direct_subword_calgacus,casual_conversation,ed25519_signature_base64,,,,payload_fidelity_v2,payload_aware_result_v2,,unique_word_fraction,payload,0.875,,0.875,1,100,0.875,0.875,0,0.95,full_message,
exploratory_smoke_v3_payload_fidelity_v2_not_for_confirmatory_pooling,smoke_v3_exploratory,llama3_8b_instruct_q4_k_m,nonseg_ascii_b16,forum_question_answer,aes256_gcm_base64,,,,payload_fidelity_v2,payload_aware_result_v2,,unique_word_fraction,payload,0.8301886792452831,,0.8301886792452831,1,100,0.8301886792452831,0.8301886792452831,0,0.95,forced_span,
exploratory_smoke_v3_payload_fidelity_v2_not_for_confirmatory_pooling,smoke_v3_exploratory,llama3_8b_instruct_q4_k_m,nonseg_ascii_b16,forum_question_answer,aes256_gcm_base64,,,,payload_fidelity_v2,payload_aware_result_v2,,unique_word_fraction,payload,0.8301886792452831,,0.8301886792452831,1,100,0.8301886792452831,0.8301886792452831,0,0.95,full_message,
exploratory_smoke_v3_payload_fidelity_v2_not_for_confirmatory_pooling,smoke_v3_exploratory,llama3_8b_instruct_q4_k_m,nonseg_ascii_b8,professional_communication,uuid_v4,,,,payload_fidelity_v2,payload_aware_result_v2,,unique_word_fraction,payload,0.872093023255814,,0.872093023255814,1,100,0.872093023255814,0.872093023255814,0,0.95,forced_span,
exploratory_smoke_v3_payload_fidelity_v2_not_for_confirmatory_pooling,smoke_v3_exploratory,llama3_8b_instruct_q4_k_m,nonseg_ascii_b8,professional_communication,uuid_v4,,,,payload_fidelity_v2,payload_aware_result_v2,,unique_word_fraction,payload,0.872093023255814,,0.872093023255814,1,100,0.872093023255814,0.872093023255814,0,0.95,full_message,
exploratory_smoke_v3_payload_fidelity_v2_not_for_confirmatory_pooling,smoke_v3_exploratory,llama3_8b_instruct_q4_k_m,nonseg_hex_nibble_b16,recipe_procedure,sha256_hex,,,,payload_fidelity_v2,payload_aware_result_v2,,unique_word_fraction,payload,0.9230769230769231,,0.9230769230769231,1,100,0.9230769230769231,0.9230769230769231,0,0.95,forced_span,
exploratory_smoke_v3_payload_fidelity_v2_not_for_confirmatory_pooling,smoke_v3_exploratory,llama3_8b_instruct_q4_k_m,nonseg_hex_nibble_b16,recipe_procedure,sha256_hex,,,,payload_fidelity_v2,payload_aware_result_v2,,unique_word_fraction,payload,0.9230769230769231,,0.9230769230769231,1,100,0.9230769230769231,0.9230769230769231,0,0.95,full_message,
exploratory_smoke_v3_payload_fidelity_v2_not_for_confirmatory_pooling,smoke_v3_exploratory,llama3_8b_instruct_q4_k_m,segmented_hex_multi_topic,casual_conversation,sha256_hex,,,,payload_fidelity_v2,payload_aware_result_v2,,unique_word_fraction,payload,0.8723404255319149,,0.8723404255319149,1,100,0.8723404255319149,0.8723404255319149,0,0.95,forced_span,
exploratory_smoke_v3_payload_fidelity_v2_not_for_confirmatory_pooling,smoke_v3_exploratory,llama3_8b_instruct_q4_k_m,segmented_hex_multi_topic,casual_conversation,sha256_hex,,,,payload_fidelity_v2,payload_aware_result_v2,,unique_word_fraction,payload,0.6213592233009708,,0.6213592233009708,1,100,0.6213592233009708,0.6213592233009708,0,0.95,full_message,
exploratory_smoke_v3_payload_fidelity_v2_not_for_confirmatory_pooling,smoke_v3_exploratory,llama3_8b_instruct_q4_k_m,segmented_hex_multi_topic,factual_explanatory,nonce_96_bit_hex,,,,payload_fidelity_v2,payload_aware_result_v2,,unique_word_fraction,payload,1.0,,1.0,1,100,1.0,1.0,0,0.95,forced_span,
exploratory_smoke_v3_payload_fidelity_v2_not_for_confirmatory_pooling,smoke_v3_exploratory,llama3_8b_instruct_q4_k_m,segmented_hex_multi_topic,factual_explanatory,nonce_96_bit_hex,,,,payload_fidelity_v2,payload_aware_result_v2,,unique_word_fraction,payload,0.9,,0.9,1,100,0.9,0.9,0,0.95,full_message,
exploratory_smoke_v3_payload_fidelity_v2_not_for_confirmatory_pooling,smoke_v3_exploratory,llama3_8b_instruct_q4_k_m,segmented_hex_multi_topic,factual_explanatory,token_128_bit_hex,,,,payload_fidelity_v2,payload_aware_result_v2,,unique_word_fraction,payload,0.9230769230769231,,0.9230769230769231,1,100,0.9230769230769231,0.9230769230769231,0,0.95,forced_span,
exploratory_smoke_v3_payload_fidelity_v2_not_for_confirmatory_pooling,smoke_v3_exploratory,llama3_8b_instruct_q4_k_m,segmented_hex_multi_topic,factual_explanatory,token_128_bit_hex,,,,payload_fidelity_v2,payload_aware_result_v2,,unique_word_fraction,payload,0.7706422018348624,,0.7706422018348624,1,100,0.7706422018348624,0.7706422018348624,0,0.95,full_message,
exploratory_smoke_v3_payload_fidelity_v2_not_for_confirmatory_pooling,smoke_v3_exploratory,llama3_8b_instruct_q4_k_m,segmented_hex_multi_topic,forum_question_answer,nonce_96_bit_hex,,,,payload_fidelity_v2,payload_aware_result_v2,,unique_word_fraction,payload,0.8888888888888888,,0.8888888888888888,1,100,0.8888888888888888,0.8888888888888888,0,0.95,forced_span,
exploratory_smoke_v3_payload_fidelity_v2_not_for_confirmatory_pooling,smoke_v3_exploratory,llama3_8b_instruct_q4_k_m,segmented_hex_multi_topic,forum_question_answer,nonce_96_bit_hex,,,,payload_fidelity_v2,payload_aware_result_v2,,unique_word_fraction,payload,0.5571428571428572,,0.5571428571428572,1,100,0.5571428571428572,0.5571428571428572,0,0.95,full_message,
exploratory_smoke_v3_payload_fidelity_v2_not_for_confirmatory_pooling,smoke_v3_exploratory,llama3_8b_instruct_q4_k_m,segmented_hex_multi_topic,personal_narrative_blog,sha256_hex,,,,payload_fidelity_v2,payload_aware_result_v2,,unique_word_fraction,payload,0.8958333333333334,,0.8958333333333334,1,100,0.8958333333333334,0.8958333333333334,0,0.95,forced_span,
exploratory_smoke_v3_payload_fidelity_v2_not_for_confirmatory_pooling,smoke_v3_exploratory,llama3_8b_instruct_q4_k_m,segmented_hex_multi_topic,personal_narrative_blog,sha256_hex,,,,payload_fidelity_v2,payload_aware_result_v2,,unique_word_fraction,payload,0.6581818181818182,,0.6581818181818182,1,100,0.6581818181818182,0.6581818181818182,0,0.95,full_message,
exploratory_smoke_v3_payload_fidelity_v2_not_for_confirmatory_pooling,smoke_v3_exploratory,llama3_8b_instruct_q4_k_m,segmented_hex_multi_topic,professional_communication,nonce_96_bit_hex,,,,payload_fidelity_v2,payload_aware_result_v2,,unique_word_fraction,payload,1.0,,1.0,1,100,1.0,1.0,0,0.95,forced_span,
exploratory_smoke_v3_payload_fidelity_v2_not_for_confirmatory_pooling,smoke_v3_exploratory,llama3_8b_instruct_q4_k_m,segmented_hex_multi_topic,professional_communication,nonce_96_bit_hex,,,,payload_fidelity_v2,payload_aware_result_v2,,unique_word_fraction,payload,0.8174603174603174,,0.8174603174603174,1,100,0.8174603174603174,0.8174603174603174,0,0.95,full_message,
exploratory_smoke_v3_payload_fidelity_v2_not_for_confirmatory_pooling,smoke_v3_exploratory,llama3_8b_instruct_q4_k_m,segmented_hex_multi_topic,recipe_procedure,token_128_bit_hex,,,,payload_fidelity_v2,payload_aware_result_v2,,unique_word_fraction,payload,0.9629629629629629,,0.9629629629629629,1,100,0.9629629629629629,0.9629629629629629,0,0.95,forced_span,
exploratory_smoke_v3_payload_fidelity_v2_not_for_confirmatory_pooling,smoke_v3_exploratory,llama3_8b_instruct_q4_k_m,segmented_hex_multi_topic,recipe_procedure,token_128_bit_hex,,,,payload_fidelity_v2,payload_aware_result_v2,,unique_word_fraction,payload,0.9629629629629629,,0.9629629629629629,1,100,0.9629629629629629,0.9629629629629629,0,0.95,full_message,
exploratory_smoke_v3_payload_fidelity_v2_not_for_confirmatory_pooling,smoke_v3_exploratory,llama3_8b_instruct_q4_k_m,segmented_hex_single_topic,personal_narrative_blog,hmac_sha256_hex,,,,payload_fidelity_v2,payload_aware_result_v2,,unique_word_fraction,payload,0.9272727272727272,,0.9272727272727272,1,100,0.9272727272727272,0.9272727272727272,0,0.95,forced_span,
exploratory_smoke_v3_payload_fidelity_v2_not_for_confirmatory_pooling,smoke_v3_exploratory,llama3_8b_instruct_q4_k_m,segmented_hex_single_topic,personal_narrative_blog,hmac_sha256_hex,,,,payload_fidelity_v2,payload_aware_result_v2,,unique_word_fraction,payload,0.6839080459770115,,0.6839080459770115,1,100,0.6839080459770115,0.6839080459770115,0,0.95,full_message,
exploratory_smoke_v3_payload_fidelity_v2_not_for_confirmatory_pooling,smoke_v3_exploratory,mistral_7b_instruct_v0_3_q4_k_m,direct_subword_calgacus,casual_conversation,ed25519_signature_base64,,,,payload_fidelity_v2,payload_aware_result_v2,,unique_word_fraction,payload,0.9545454545454546,,0.9545454545454546,1,100,0.9545454545454546,0.9545454545454546,0,0.95,forced_span,
exploratory_smoke_v3_payload_fidelity_v2_not_for_confirmatory_pooling,smoke_v3_exploratory,mistral_7b_instruct_v0_3_q4_k_m,direct_subword_calgacus,casual_conversation,ed25519_signature_base64,,,,payload_fidelity_v2,payload_aware_result_v2,,unique_word_fraction,payload,0.9545454545454546,,0.9545454545454546,1,100,0.9545454545454546,0.9545454545454546,0,0.95,full_message,
exploratory_smoke_v3_payload_fidelity_v2_not_for_confirmatory_pooling,smoke_v3_exploratory,mistral_7b_instruct_v0_3_q4_k_m,nonseg_ascii_b16,forum_question_answer,aes256_gcm_base64,,,,payload_fidelity_v2,payload_aware_result_v2,,unique_word_fraction,payload,0.7755102040816326,,0.7755102040816326,1,100,0.7755102040816326,0.7755102040816326,0,0.95,forced_span,
exploratory_smoke_v3_payload_fidelity_v2_not_for_confirmatory_pooling,smoke_v3_exploratory,mistral_7b_instruct_v0_3_q4_k_m,nonseg_ascii_b16,forum_question_answer,aes256_gcm_base64,,,,payload_fidelity_v2,payload_aware_result_v2,,unique_word_fraction,payload,0.7755102040816326,,0.7755102040816326,1,100,0.7755102040816326,0.7755102040816326,0,0.95,full_message,
exploratory_smoke_v3_payload_fidelity_v2_not_for_confirmatory_pooling,smoke_v3_exploratory,mistral_7b_instruct_v0_3_q4_k_m,nonseg_ascii_b8,professional_communication,uuid_v4,,,,payload_fidelity_v2,payload_aware_result_v2,,unique_word_fraction,payload,0.8448275862068966,,0.8448275862068966,1,100,0.8448275862068966,0.8448275862068966,0,0.95,forced_span,
exploratory_smoke_v3_payload_fidelity_v2_not_for_confirmatory_pooling,smoke_v3_exploratory,mistral_7b_instruct_v0_3_q4_k_m,nonseg_ascii_b8,professional_communication,uuid_v4,,,,payload_fidelity_v2,payload_aware_result_v2,,unique_word_fraction,payload,0.8448275862068966,,0.8448275862068966,1,100,0.8448275862068966,0.8448275862068966,0,0.95,full_message,
exploratory_smoke_v3_payload_fidelity_v2_not_for_confirmatory_pooling,smoke_v3_exploratory,mistral_7b_instruct_v0_3_q4_k_m,nonseg_hex_nibble_b16,recipe_procedure,nonce_96_bit_hex,,,,payload_fidelity_v2,payload_aware_result_v2,,unique_word_fraction,payload,1.0,,1.0,1,100,1.0,1.0,0,0.95,forced_span,
exploratory_smoke_v3_payload_fidelity_v2_not_for_confirmatory_pooling,smoke_v3_exploratory,mistral_7b_instruct_v0_3_q4_k_m,nonseg_hex_nibble_b16,recipe_procedure,nonce_96_bit_hex,,,,payload_fidelity_v2,payload_aware_result_v2,,unique_word_fraction,payload,1.0,,1.0,1,100,1.0,1.0,0,0.95,full_message,
exploratory_smoke_v3_payload_fidelity_v2_not_for_confirmatory_pooling,smoke_v3_exploratory,mistral_7b_instruct_v0_3_q4_k_m,segmented_hex_multi_topic,casual_conversation,nonce_96_bit_hex,,,,payload_fidelity_v2,payload_aware_result_v2,,unique_word_fraction,payload,0.9473684210526315,,0.9473684210526315,1,100,0.9473684210526315,0.9473684210526315,0,0.95,forced_span,
exploratory_smoke_v3_payload_fidelity_v2_not_for_confirmatory_pooling,smoke_v3_exploratory,mistral_7b_instruct_v0_3_q4_k_m,segmented_hex_multi_topic,casual_conversation,nonce_96_bit_hex,,,,payload_fidelity_v2,payload_aware_result_v2,,unique_word_fraction,payload,0.7383177570093458,,0.7383177570093458,1,100,0.7383177570093458,0.7383177570093458,0,0.95,full_message,
exploratory_smoke_v3_payload_fidelity_v2_not_for_confirmatory_pooling,smoke_v3_exploratory,mistral_7b_instruct_v0_3_q4_k_m,segmented_hex_multi_topic,factual_explanatory,sha256_hex,,,,payload_fidelity_v2,payload_aware_result_v2,,unique_word_fraction,payload,0.8958333333333334,,0.8958333333333334,1,100,0.8958333333333334,0.8958333333333334,0,0.95,forced_span,
exploratory_smoke_v3_payload_fidelity_v2_not_for_confirmatory_pooling,smoke_v3_exploratory,mistral_7b_instruct_v0_3_q4_k_m,segmented_hex_multi_topic,factual_explanatory,sha256_hex,,,,payload_fidelity_v2,payload_aware_result_v2,,unique_word_fraction,payload,0.6914285714285714,,0.6914285714285714,1,100,0.6914285714285714,0.6914285714285714,0,0.95,full_message,
exploratory_smoke_v3_payload_fidelity_v2_not_for_confirmatory_pooling,smoke_v3_exploratory,mistral_7b_instruct_v0_3_q4_k_m,segmented_hex_multi_topic,factual_explanatory,token_128_bit_hex,,,,payload_fidelity_v2,payload_aware_result_v2,,unique_word_fraction,payload,1.0,,1.0,1,100,1.0,1.0,0,0.95,forced_span,
exploratory_smoke_v3_payload_fidelity_v2_not_for_confirmatory_pooling,smoke_v3_exploratory,mistral_7b_instruct_v0_3_q4_k_m,segmented_hex_multi_topic,factual_explanatory,token_128_bit_hex,,,,payload_fidelity_v2,payload_aware_result_v2,,unique_word_fraction,payload,0.74,,0.74,1,100,0.74,0.74,0,0.95,full_message,
exploratory_smoke_v3_payload_fidelity_v2_not_for_confirmatory_pooling,smoke_v3_exploratory,mistral_7b_instruct_v0_3_q4_k_m,segmented_hex_multi_topic,forum_question_answer,sha256_hex,,,,payload_fidelity_v2,payload_aware_result_v2,,unique_word_fraction,payload,0.9787234042553191,,0.9787234042553191,1,100,0.9787234042553191,0.9787234042553191,0,0.95,forced_span,
exploratory_smoke_v3_payload_fidelity_v2_not_for_confirmatory_pooling,smoke_v3_exploratory,mistral_7b_instruct_v0_3_q4_k_m,segmented_hex_multi_topic,forum_question_answer,sha256_hex,,,,payload_fidelity_v2,payload_aware_result_v2,,unique_word_fraction,payload,0.49899396378269617,,0.49899396378269617,1,100,0.49899396378269617,0.49899396378269617,0,0.95,full_message,
exploratory_smoke_v3_payload_fidelity_v2_not_for_confirmatory_pooling,smoke_v3_exploratory,mistral_7b_instruct_v0_3_q4_k_m,segmented_hex_multi_topic,personal_narrative_blog,nonce_96_bit_hex,,,,payload_fidelity_v2,payload_aware_result_v2,,unique_word_fraction,payload,1.0,,1.0,1,100,1.0,1.0,0,0.95,forced_span,
exploratory_smoke_v3_payload_fidelity_v2_not_for_confirmatory_pooling,smoke_v3_exploratory,mistral_7b_instruct_v0_3_q4_k_m,segmented_hex_multi_topic,personal_narrative_blog,nonce_96_bit_hex,,,,payload_fidelity_v2,payload_aware_result_v2,,unique_word_fraction,payload,0.77,,0.77,1,100,0.77,0.77,0,0.95,full_message,
exploratory_smoke_v3_payload_fidelity_v2_not_for_confirmatory_pooling,smoke_v3_exploratory,mistral_7b_instruct_v0_3_q4_k_m,segmented_hex_multi_topic,recipe_procedure,token_128_bit_hex,,,,payload_fidelity_v2,payload_aware_result_v2,,unique_word_fraction,payload,0.88,,0.88,1,100,0.88,0.88,0,0.95,forced_span,
exploratory_smoke_v3_payload_fidelity_v2_not_for_confirmatory_pooling,smoke_v3_exploratory,mistral_7b_instruct_v0_3_q4_k_m,segmented_hex_multi_topic,recipe_procedure,token_128_bit_hex,,,,payload_fidelity_v2,payload_aware_result_v2,,unique_word_fraction,payload,0.88,,0.88,1,100,0.88,0.88,0,0.95,full_message,
exploratory_smoke_v3_payload_fidelity_v2_not_for_confirmatory_pooling,smoke_v3_exploratory,mistral_7b_instruct_v0_3_q4_k_m,segmented_hex_single_topic,personal_narrative_blog,token_128_bit_hex,,,,payload_fidelity_v2,payload_aware_result_v2,,unique_word_fraction,payload,0.9130434782608695,,0.9130434782608695,1,100,0.9130434782608695,0.9130434782608695,0,0.95,forced_span,
exploratory_smoke_v3_payload_fidelity_v2_not_for_confirmatory_pooling,smoke_v3_exploratory,mistral_7b_instruct_v0_3_q4_k_m,segmented_hex_single_topic,personal_narrative_blog,token_128_bit_hex,,,,payload_fidelity_v2,payload_aware_result_v2,,unique_word_fraction,payload,0.73,,0.73,1,100,0.73,0.73,0,0.95,full_message,
exploratory_smoke_v3_payload_fidelity_v2_not_for_confirmatory_pooling,smoke_v3_exploratory,qwen2_5_7b_instruct_q4_k_m,direct_subword_calgacus,casual_conversation,ed25519_signature_base64,,,,payload_fidelity_v2,payload_aware_result_v2,,unique_word_fraction,payload,0.9411764705882353,,0.9411764705882353,1,100,0.9411764705882353,0.9411764705882353,0,0.95,forced_span,
exploratory_smoke_v3_payload_fidelity_v2_not_for_confirmatory_pooling,smoke_v3_exploratory,qwen2_5_7b_instruct_q4_k_m,direct_subword_calgacus,casual_conversation,ed25519_signature_base64,,,,payload_fidelity_v2,payload_aware_result_v2,,unique_word_fraction,payload,0.9411764705882353,,0.9411764705882353,1,100,0.9411764705882353,0.9411764705882353,0,0.95,full_message,
exploratory_smoke_v3_payload_fidelity_v2_not_for_confirmatory_pooling,smoke_v3_exploratory,qwen2_5_7b_instruct_q4_k_m,nonseg_ascii_b16,forum_question_answer,chacha20_poly1305_base64,,,,payload_fidelity_v2,payload_aware_result_v2,,unique_word_fraction,payload,0.8141592920353983,,0.8141592920353983,1,100,0.8141592920353983,0.8141592920353983,0,0.95,forced_span,
exploratory_smoke_v3_payload_fidelity_v2_not_for_confirmatory_pooling,smoke_v3_exploratory,qwen2_5_7b_instruct_q4_k_m,nonseg_ascii_b16,forum_question_answer,chacha20_poly1305_base64,,,,payload_fidelity_v2,payload_aware_result_v2,,unique_word_fraction,payload,0.8141592920353983,,0.8141592920353983,1,100,0.8141592920353983,0.8141592920353983,0,0.95,full_message,
exploratory_smoke_v3_payload_fidelity_v2_not_for_confirmatory_pooling,smoke_v3_exploratory,qwen2_5_7b_instruct_q4_k_m,nonseg_ascii_b8,professional_communication,uuid_v4,,,,payload_fidelity_v2,payload_aware_result_v2,,unique_word_fraction,payload,0.8024691358024691,,0.8024691358024691,1,100,0.8024691358024691,0.8024691358024691,0,0.95,forced_span,
exploratory_smoke_v3_payload_fidelity_v2_not_for_confirmatory_pooling,smoke_v3_exploratory,qwen2_5_7b_instruct_q4_k_m,nonseg_ascii_b8,professional_communication,uuid_v4,,,,payload_fidelity_v2,payload_aware_result_v2,,unique_word_fraction,payload,0.8024691358024691,,0.8024691358024691,1,100,0.8024691358024691,0.8024691358024691,0,0.95,full_message,
exploratory_smoke_v3_payload_fidelity_v2_not_for_confirmatory_pooling,smoke_v3_exploratory,qwen2_5_7b_instruct_q4_k_m,nonseg_hex_nibble_b16,recipe_procedure,token_128_bit_hex,,,,payload_fidelity_v2,payload_aware_result_v2,,unique_word_fraction,payload,0.8928571428571429,,0.8928571428571429,1,100,0.8928571428571429,0.8928571428571429,0,0.95,forced_span,
exploratory_smoke_v3_payload_fidelity_v2_not_for_confirmatory_pooling,smoke_v3_exploratory,qwen2_5_7b_instruct_q4_k_m,nonseg_hex_nibble_b16,recipe_procedure,token_128_bit_hex,,,,payload_fidelity_v2,payload_aware_result_v2,,unique_word_fraction,payload,0.8928571428571429,,0.8928571428571429,1,100,0.8928571428571429,0.8928571428571429,0,0.95,full_message,
exploratory_smoke_v3_payload_fidelity_v2_not_for_confirmatory_pooling,smoke_v3_exploratory,qwen2_5_7b_instruct_q4_k_m,segmented_hex_multi_topic,casual_conversation,nonce_96_bit_hex,,,,payload_fidelity_v2,payload_aware_result_v2,,unique_word_fraction,payload,0.9,,0.9,1,100,0.9,0.9,0,0.95,forced_span,
exploratory_smoke_v3_payload_fidelity_v2_not_for_confirmatory_pooling,smoke_v3_exploratory,qwen2_5_7b_instruct_q4_k_m,segmented_hex_multi_topic,casual_conversation,nonce_96_bit_hex,,,,payload_fidelity_v2,payload_aware_result_v2,,unique_word_fraction,payload,0.6974789915966386,,0.6974789915966386,1,100,0.6974789915966386,0.6974789915966386,0,0.95,full_message,
exploratory_smoke_v3_payload_fidelity_v2_not_for_confirmatory_pooling,smoke_v3_exploratory,qwen2_5_7b_instruct_q4_k_m,segmented_hex_multi_topic,factual_explanatory,hmac_sha256_hex,,,,payload_fidelity_v2,payload_aware_result_v2,,unique_word_fraction,payload,0.8909090909090909,,0.8909090909090909,1,100,0.8909090909090909,0.8909090909090909,0,0.95,forced_span,
exploratory_smoke_v3_payload_fidelity_v2_not_for_confirmatory_pooling,smoke_v3_exploratory,qwen2_5_7b_instruct_q4_k_m,segmented_hex_multi_topic,factual_explanatory,hmac_sha256_hex,,,,payload_fidelity_v2,payload_aware_result_v2,,unique_word_fraction,payload,0.5561904761904762,,0.5561904761904762,1,100,0.5561904761904762,0.5561904761904762,0,0.95,full_message,
exploratory_smoke_v3_payload_fidelity_v2_not_for_confirmatory_pooling,smoke_v3_exploratory,qwen2_5_7b_instruct_q4_k_m,segmented_hex_multi_topic,factual_explanatory,nonce_96_bit_hex,,,,payload_fidelity_v2,payload_aware_result_v2,,unique_word_fraction,payload,1.0,,1.0,1,100,1.0,1.0,0,0.95,forced_span,
exploratory_smoke_v3_payload_fidelity_v2_not_for_confirmatory_pooling,smoke_v3_exploratory,qwen2_5_7b_instruct_q4_k_m,segmented_hex_multi_topic,factual_explanatory,nonce_96_bit_hex,,,,payload_fidelity_v2,payload_aware_result_v2,,unique_word_fraction,payload,0.43037974683544306,,0.43037974683544306,1,100,0.43037974683544306,0.43037974683544306,0,0.95,full_message,
exploratory_smoke_v3_payload_fidelity_v2_not_for_confirmatory_pooling,smoke_v3_exploratory,qwen2_5_7b_instruct_q4_k_m,segmented_hex_multi_topic,forum_question_answer,token_128_bit_hex,,,,payload_fidelity_v2,payload_aware_result_v2,,unique_word_fraction,payload,0.9333333333333333,,0.9333333333333333,1,100,0.9333333333333333,0.9333333333333333,0,0.95,forced_span,
exploratory_smoke_v3_payload_fidelity_v2_not_for_confirmatory_pooling,smoke_v3_exploratory,qwen2_5_7b_instruct_q4_k_m,segmented_hex_multi_topic,forum_question_answer,token_128_bit_hex,,,,payload_fidelity_v2,payload_aware_result_v2,,unique_word_fraction,payload,0.7394957983193278,,0.7394957983193278,1,100,0.7394957983193278,0.7394957983193278,0,0.95,full_message,
exploratory_smoke_v3_payload_fidelity_v2_not_for_confirmatory_pooling,smoke_v3_exploratory,qwen2_5_7b_instruct_q4_k_m,segmented_hex_multi_topic,personal_narrative_blog,nonce_96_bit_hex,,,,payload_fidelity_v2,payload_aware_result_v2,,unique_word_fraction,payload,0.95,,0.95,1,100,0.95,0.95,0,0.95,forced_span,
exploratory_smoke_v3_payload_fidelity_v2_not_for_confirmatory_pooling,smoke_v3_exploratory,qwen2_5_7b_instruct_q4_k_m,segmented_hex_multi_topic,personal_narrative_blog,nonce_96_bit_hex,,,,payload_fidelity_v2,payload_aware_result_v2,,unique_word_fraction,payload,0.7529411764705882,,0.7529411764705882,1,100,0.7529411764705882,0.7529411764705882,0,0.95,full_message,
exploratory_smoke_v3_payload_fidelity_v2_not_for_confirmatory_pooling,smoke_v3_exploratory,qwen2_5_7b_instruct_q4_k_m,segmented_hex_multi_topic,professional_communication,nonce_96_bit_hex,,,,payload_fidelity_v2,payload_aware_result_v2,,unique_word_fraction,payload,1.0,,1.0,1,100,1.0,1.0,0,0.95,forced_span,
exploratory_smoke_v3_payload_fidelity_v2_not_for_confirmatory_pooling,smoke_v3_exploratory,qwen2_5_7b_instruct_q4_k_m,segmented_hex_multi_topic,professional_communication,nonce_96_bit_hex,,,,payload_fidelity_v2,payload_aware_result_v2,,unique_word_fraction,payload,0.5375939849624061,,0.5375939849624061,1,100,0.5375939849624061,0.5375939849624061,0,0.95,full_message,
exploratory_smoke_v3_payload_fidelity_v2_not_for_confirmatory_pooling,smoke_v3_exploratory,qwen2_5_7b_instruct_q4_k_m,segmented_hex_multi_topic,recipe_procedure,sha256_hex,,,,payload_fidelity_v2,payload_aware_result_v2,,unique_word_fraction,payload,0.96,,0.96,1,100,0.96,0.96,0,0.95,forced_span,
exploratory_smoke_v3_payload_fidelity_v2_not_for_confirmatory_pooling,smoke_v3_exploratory,qwen2_5_7b_instruct_q4_k_m,segmented_hex_multi_topic,recipe_procedure,sha256_hex,,,,payload_fidelity_v2,payload_aware_result_v2,,unique_word_fraction,payload,0.96,,0.96,1,100,0.96,0.96,0,0.95,full_message,
exploratory_smoke_v3_payload_fidelity_v2_not_for_confirmatory_pooling,smoke_v3_exploratory,qwen2_5_7b_instruct_q4_k_m,segmented_hex_single_topic,personal_narrative_blog,sha256_hex,,,,payload_fidelity_v2,payload_aware_result_v2,,unique_word_fraction,payload,0.847457627118644,,0.847457627118644,1,100,0.847457627118644,0.847457627118644,0,0.95,forced_span,
exploratory_smoke_v3_payload_fidelity_v2_not_for_confirmatory_pooling,smoke_v3_exploratory,qwen2_5_7b_instruct_q4_k_m,segmented_hex_single_topic,personal_narrative_blog,sha256_hex,,,,payload_fidelity_v2,payload_aware_result_v2,,unique_word_fraction,payload,0.5078534031413613,,0.5078534031413613,1,100,0.5078534031413613,0.5078534031413613,0,0.95,full_message,
exploratory_smoke_v3_payload_fidelity_v2_not_for_confirmatory_pooling,ordinary_llm_control_smoke_v3,llama3_8b_instruct_q4_k_m,ordinary_llm_control,casual_conversation,ed25519_signature_base64,,,,payload_fidelity_v2,payload_aware_result_v2,,repeated_bigram_fraction,payload,0.0,,0.0,1,100,0.0,0.0,0,0.95,full_message,
exploratory_smoke_v3_payload_fidelity_v2_not_for_confirmatory_pooling,ordinary_llm_control_smoke_v3,llama3_8b_instruct_q4_k_m,ordinary_llm_control,casual_conversation,sha256_hex,,,,payload_fidelity_v2,payload_aware_result_v2,,repeated_bigram_fraction,payload,0.020000000000000018,,0.020000000000000018,1,100,0.020000000000000018,0.020000000000000018,0,0.95,forced_span,
exploratory_smoke_v3_payload_fidelity_v2_not_for_confirmatory_pooling,ordinary_llm_control_smoke_v3,llama3_8b_instruct_q4_k_m,ordinary_llm_control,casual_conversation,sha256_hex,,,,payload_fidelity_v2,payload_aware_result_v2,,repeated_bigram_fraction,payload,0.23684210526315785,,0.23684210526315785,1,100,0.23684210526315785,0.23684210526315785,0,0.95,full_message,
exploratory_smoke_v3_payload_fidelity_v2_not_for_confirmatory_pooling,ordinary_llm_control_smoke_v3,llama3_8b_instruct_q4_k_m,ordinary_llm_control,factual_explanatory,nonce_96_bit_hex,,,,payload_fidelity_v2,payload_aware_result_v2,,repeated_bigram_fraction,payload,0.0,,0.0,1,100,0.0,0.0,0,0.95,forced_span,
exploratory_smoke_v3_payload_fidelity_v2_not_for_confirmatory_pooling,ordinary_llm_control_smoke_v3,llama3_8b_instruct_q4_k_m,ordinary_llm_control,factual_explanatory,nonce_96_bit_hex,,,,payload_fidelity_v2,payload_aware_result_v2,,repeated_bigram_fraction,payload,0.09999999999999998,,0.09999999999999998,1,100,0.09999999999999998,0.09999999999999998,0,0.95,full_message,
exploratory_smoke_v3_payload_fidelity_v2_not_for_confirmatory_pooling,ordinary_llm_control_smoke_v3,llama3_8b_instruct_q4_k_m,ordinary_llm_control,factual_explanatory,token_128_bit_hex,,,,payload_fidelity_v2,payload_aware_result_v2,,repeated_bigram_fraction,payload,0.0,,0.0,1,100,0.0,0.0,0,0.95,forced_span,
exploratory_smoke_v3_payload_fidelity_v2_not_for_confirmatory_pooling,ordinary_llm_control_smoke_v3,llama3_8b_instruct_q4_k_m,ordinary_llm_control,factual_explanatory,token_128_bit_hex,,,,payload_fidelity_v2,payload_aware_result_v2,,repeated_bigram_fraction,payload,0.07964601769911506,,0.07964601769911506,1,100,0.07964601769911506,0.07964601769911506,0,0.95,full_message,
exploratory_smoke_v3_payload_fidelity_v2_not_for_confirmatory_pooling,ordinary_llm_control_smoke_v3,llama3_8b_instruct_q4_k_m,ordinary_llm_control,forum_question_answer,aes256_gcm_base64,,,,payload_fidelity_v2,payload_aware_result_v2,,repeated_bigram_fraction,payload,0.1132075471698113,,0.1132075471698113,1,100,0.1132075471698113,0.1132075471698113,0,0.95,full_message,
exploratory_smoke_v3_payload_fidelity_v2_not_for_confirmatory_pooling,ordinary_llm_control_smoke_v3,llama3_8b_instruct_q4_k_m,ordinary_llm_control,forum_question_answer,nonce_96_bit_hex,,,,payload_fidelity_v2,payload_aware_result_v2,,repeated_bigram_fraction,payload,0.0,,0.0,1,100,0.0,0.0,0,0.95,forced_span,
exploratory_smoke_v3_payload_fidelity_v2_not_for_confirmatory_pooling,ordinary_llm_control_smoke_v3,llama3_8b_instruct_q4_k_m,ordinary_llm_control,forum_question_answer,nonce_96_bit_hex,,,,payload_fidelity_v2,payload_aware_result_v2,,repeated_bigram_fraction,payload,0.06934306569343063,,0.06934306569343063,1,100,0.06934306569343063,0.06934306569343063,0,0.95,full_message,
exploratory_smoke_v3_payload_fidelity_v2_not_for_confirmatory_pooling,ordinary_llm_control_smoke_v3,llama3_8b_instruct_q4_k_m,ordinary_llm_control,personal_narrative_blog,hmac_sha256_hex,,,,payload_fidelity_v2,payload_aware_result_v2,,repeated_bigram_fraction,payload,0.017241379310344862,,0.017241379310344862,1,100,0.017241379310344862,0.017241379310344862,0,0.95,forced_span,
exploratory_smoke_v3_payload_fidelity_v2_not_for_confirmatory_pooling,ordinary_llm_control_smoke_v3,llama3_8b_instruct_q4_k_m,ordinary_llm_control,personal_narrative_blog,hmac_sha256_hex,,,,payload_fidelity_v2,payload_aware_result_v2,,repeated_bigram_fraction,payload,0.04347826086956519,,0.04347826086956519,1,100,0.04347826086956519,0.04347826086956519,0,0.95,full_message,
exploratory_smoke_v3_payload_fidelity_v2_not_for_confirmatory_pooling,ordinary_llm_control_smoke_v3,llama3_8b_instruct_q4_k_m,ordinary_llm_control,personal_narrative_blog,sha256_hex,,,,payload_fidelity_v2,payload_aware_result_v2,,repeated_bigram_fraction,payload,0.020408163265306145,,0.020408163265306145,1,100,0.020408163265306145,0.020408163265306145,0,0.95,forced_span,
exploratory_smoke_v3_payload_fidelity_v2_not_for_confirmatory_pooling,ordinary_llm_control_smoke_v3,llama3_8b_instruct_q4_k_m,ordinary_llm_control,personal_narrative_blog,sha256_hex,,,,payload_fidelity_v2,payload_aware_result_v2,,repeated_bigram_fraction,payload,0.09219858156028371,,0.09219858156028371,1,100,0.09219858156028371,0.09219858156028371,0,0.95,full_message,
exploratory_smoke_v3_payload_fidelity_v2_not_for_confirmatory_pooling,ordinary_llm_control_smoke_v3,llama3_8b_instruct_q4_k_m,ordinary_llm_control,professional_communication,nonce_96_bit_hex,,,,payload_fidelity_v2,payload_aware_result_v2,,repeated_bigram_fraction,payload,0.0,,0.0,1,100,0.0,0.0,0,0.95,forced_span,
exploratory_smoke_v3_payload_fidelity_v2_not_for_confirmatory_pooling,ordinary_llm_control_smoke_v3,llama3_8b_instruct_q4_k_m,ordinary_llm_control,professional_communication,nonce_96_bit_hex,,,,payload_fidelity_v2,payload_aware_result_v2,,repeated_bigram_fraction,payload,0.27040816326530615,,0.27040816326530615,1,100,0.27040816326530615,0.27040816326530615,0,0.95,full_message,
exploratory_smoke_v3_payload_fidelity_v2_not_for_confirmatory_pooling,ordinary_llm_control_smoke_v3,llama3_8b_instruct_q4_k_m,ordinary_llm_control,professional_communication,uuid_v4,,,,payload_fidelity_v2,payload_aware_result_v2,,repeated_bigram_fraction,payload,0.04166666666666663,,0.04166666666666663,1,100,0.04166666666666663,0.04166666666666663,0,0.95,full_message,
exploratory_smoke_v3_payload_fidelity_v2_not_for_confirmatory_pooling,ordinary_llm_control_smoke_v3,llama3_8b_instruct_q4_k_m,ordinary_llm_control,recipe_procedure,sha256_hex,,,,payload_fidelity_v2,payload_aware_result_v2,,repeated_bigram_fraction,payload,0.04347826086956519,,0.04347826086956519,1,100,0.04347826086956519,0.04347826086956519,0,0.95,full_message,
exploratory_smoke_v3_payload_fidelity_v2_not_for_confirmatory_pooling,ordinary_llm_control_smoke_v3,llama3_8b_instruct_q4_k_m,ordinary_llm_control,recipe_procedure,token_128_bit_hex,,,,payload_fidelity_v2,payload_aware_result_v2,,repeated_bigram_fraction,payload,0.0,,0.0,1,100,0.0,0.0,0,0.95,forced_span,
exploratory_smoke_v3_payload_fidelity_v2_not_for_confirmatory_pooling,ordinary_llm_control_smoke_v3,llama3_8b_instruct_q4_k_m,ordinary_llm_control,recipe_procedure,token_128_bit_hex,,,,payload_fidelity_v2,payload_aware_result_v2,,repeated_bigram_fraction,payload,0.0,,0.0,1,100,0.0,0.0,0,0.95,full_message,
exploratory_smoke_v3_payload_fidelity_v2_not_for_confirmatory_pooling,ordinary_llm_control_smoke_v3,mistral_7b_instruct_v0_3_q4_k_m,ordinary_llm_control,casual_conversation,ed25519_signature_base64,,,,payload_fidelity_v2,payload_aware_result_v2,,repeated_bigram_fraction,payload,0.05555555555555558,,0.05555555555555558,1,100,0.05555555555555558,0.05555555555555558,0,0.95,full_message,
exploratory_smoke_v3_payload_fidelity_v2_not_for_confirmatory_pooling,ordinary_llm_control_smoke_v3,mistral_7b_instruct_v0_3_q4_k_m,ordinary_llm_control,casual_conversation,nonce_96_bit_hex,,,,payload_fidelity_v2,payload_aware_result_v2,,repeated_bigram_fraction,payload,0.0,,0.0,1,100,0.0,0.0,0,0.95,forced_span,
exploratory_smoke_v3_payload_fidelity_v2_not_for_confirmatory_pooling,ordinary_llm_control_smoke_v3,mistral_7b_instruct_v0_3_q4_k_m,ordinary_llm_control,casual_conversation,nonce_96_bit_hex,,,,payload_fidelity_v2,payload_aware_result_v2,,repeated_bigram_fraction,payload,0.04950495049504955,,0.04950495049504955,1,100,0.04950495049504955,0.04950495049504955,0,0.95,full_message,
exploratory_smoke_v3_payload_fidelity_v2_not_for_confirmatory_pooling,ordinary_llm_control_smoke_v3,mistral_7b_instruct_v0_3_q4_k_m,ordinary_llm_control,factual_explanatory,sha256_hex,,,,payload_fidelity_v2,payload_aware_result_v2,,repeated_bigram_fraction,payload,0.0,,0.0,1,100,0.0,0.0,0,0.95,forced_span,
exploratory_smoke_v3_payload_fidelity_v2_not_for_confirmatory_pooling,ordinary_llm_control_smoke_v3,mistral_7b_instruct_v0_3_q4_k_m,ordinary_llm_control,factual_explanatory,sha256_hex,,,,payload_fidelity_v2,payload_aware_result_v2,,repeated_bigram_fraction,payload,0.059171597633136064,,0.059171597633136064,1,100,0.059171597633136064,0.059171597633136064,0,0.95,full_message,
exploratory_smoke_v3_payload_fidelity_v2_not_for_confirmatory_pooling,ordinary_llm_control_smoke_v3,mistral_7b_instruct_v0_3_q4_k_m,ordinary_llm_control,factual_explanatory,token_128_bit_hex,,,,payload_fidelity_v2,payload_aware_result_v2,,repeated_bigram_fraction,payload,0.0,,0.0,1,100,0.0,0.0,0,0.95,forced_span,
exploratory_smoke_v3_payload_fidelity_v2_not_for_confirmatory_pooling,ordinary_llm_control_smoke_v3,mistral_7b_instruct_v0_3_q4_k_m,ordinary_llm_control,factual_explanatory,token_128_bit_hex,,,,payload_fidelity_v2,payload_aware_result_v2,,repeated_bigram_fraction,payload,0.05154639175257736,,0.05154639175257736,1,100,0.05154639175257736,0.05154639175257736,0,0.95,full_message,
exploratory_smoke_v3_payload_fidelity_v2_not_for_confirmatory_pooling,ordinary_llm_control_smoke_v3,mistral_7b_instruct_v0_3_q4_k_m,ordinary_llm_control,forum_question_answer,aes256_gcm_base64,,,,payload_fidelity_v2,payload_aware_result_v2,,repeated_bigram_fraction,payload,0.03260869565217395,,0.03260869565217395,1,100,0.03260869565217395,0.03260869565217395,0,0.95,full_message,
exploratory_smoke_v3_payload_fidelity_v2_not_for_confirmatory_pooling,ordinary_llm_control_smoke_v3,mistral_7b_instruct_v0_3_q4_k_m,ordinary_llm_control,forum_question_answer,sha256_hex,,,,payload_fidelity_v2,payload_aware_result_v2,,repeated_bigram_fraction,payload,0.023255813953488413,,0.023255813953488413,1,100,0.023255813953488413,0.023255813953488413,0,0.95,forced_span,
exploratory_smoke_v3_payload_fidelity_v2_not_for_confirmatory_pooling,ordinary_llm_control_smoke_v3,mistral_7b_instruct_v0_3_q4_k_m,ordinary_llm_control,forum_question_answer,sha256_hex,,,,payload_fidelity_v2,payload_aware_result_v2,,repeated_bigram_fraction,payload,0.18813905930470343,,0.18813905930470343,1,100,0.18813905930470343,0.18813905930470343,0,0.95,full_message,
exploratory_smoke_v3_payload_fidelity_v2_not_for_confirmatory_pooling,ordinary_llm_control_smoke_v3,mistral_7b_instruct_v0_3_q4_k_m,ordinary_llm_control,personal_narrative_blog,nonce_96_bit_hex,,,,payload_fidelity_v2,payload_aware_result_v2,,repeated_bigram_fraction,payload,0.0,,0.0,1,100,0.0,0.0,0,0.95,forced_span,
exploratory_smoke_v3_payload_fidelity_v2_not_for_confirmatory_pooling,ordinary_llm_control_smoke_v3,mistral_7b_instruct_v0_3_q4_k_m,ordinary_llm_control,personal_narrative_blog,nonce_96_bit_hex,,,,payload_fidelity_v2,payload_aware_result_v2,,repeated_bigram_fraction,payload,0.019607843137254943,,0.019607843137254943,1,100,0.019607843137254943,0.019607843137254943,0,0.95,full_message,
exploratory_smoke_v3_payload_fidelity_v2_not_for_confirmatory_pooling,ordinary_llm_control_smoke_v3,mistral_7b_instruct_v0_3_q4_k_m,ordinary_llm_control,personal_narrative_blog,token_128_bit_hex,,,,payload_fidelity_v2,payload_aware_result_v2,,repeated_bigram_fraction,payload,0.0,,0.0,1,100,0.0,0.0,0,0.95,forced_span,
exploratory_smoke_v3_payload_fidelity_v2_not_for_confirmatory_pooling,ordinary_llm_control_smoke_v3,mistral_7b_instruct_v0_3_q4_k_m,ordinary_llm_control,personal_narrative_blog,token_128_bit_hex,,,,payload_fidelity_v2,payload_aware_result_v2,,repeated_bigram_fraction,payload,0.009615384615384581,,0.009615384615384581,1,100,0.009615384615384581,0.009615384615384581,0,0.95,full_message,
exploratory_smoke_v3_payload_fidelity_v2_not_for_confirmatory_pooling,ordinary_llm_control_smoke_v3,mistral_7b_instruct_v0_3_q4_k_m,ordinary_llm_control,professional_communication,uuid_v4,,,,payload_fidelity_v2,payload_aware_result_v2,,repeated_bigram_fraction,payload,0.0892857142857143,,0.0892857142857143,1,100,0.0892857142857143,0.0892857142857143,0,0.95,full_message,
exploratory_smoke_v3_payload_fidelity_v2_not_for_confirmatory_pooling,ordinary_llm_control_smoke_v3,mistral_7b_instruct_v0_3_q4_k_m,ordinary_llm_control,recipe_procedure,nonce_96_bit_hex,,,,payload_fidelity_v2,payload_aware_result_v2,,repeated_bigram_fraction,payload,0.0,,0.0,1,100,0.0,0.0,0,0.95,full_message,
exploratory_smoke_v3_payload_fidelity_v2_not_for_confirmatory_pooling,ordinary_llm_control_smoke_v3,mistral_7b_instruct_v0_3_q4_k_m,ordinary_llm_control,recipe_procedure,token_128_bit_hex,,,,payload_fidelity_v2,payload_aware_result_v2,,repeated_bigram_fraction,payload,0.050000000000000044,,0.050000000000000044,1,100,0.050000000000000044,0.050000000000000044,0,0.95,forced_span,
exploratory_smoke_v3_payload_fidelity_v2_not_for_confirmatory_pooling,ordinary_llm_control_smoke_v3,mistral_7b_instruct_v0_3_q4_k_m,ordinary_llm_control,recipe_procedure,token_128_bit_hex,,,,payload_fidelity_v2,payload_aware_result_v2,,repeated_bigram_fraction,payload,0.10526315789473684,,0.10526315789473684,1,100,0.10526315789473684,0.10526315789473684,0,0.95,full_message,
exploratory_smoke_v3_payload_fidelity_v2_not_for_confirmatory_pooling,ordinary_llm_control_smoke_v3,qwen2_5_7b_instruct_q4_k_m,ordinary_llm_control,casual_conversation,ed25519_signature_base64,,,,payload_fidelity_v2,payload_aware_result_v2,,repeated_bigram_fraction,payload,0.0,,0.0,1,100,0.0,0.0,0,0.95,full_message,
exploratory_smoke_v3_payload_fidelity_v2_not_for_confirmatory_pooling,ordinary_llm_control_smoke_v3,qwen2_5_7b_instruct_q4_k_m,ordinary_llm_control,casual_conversation,nonce_96_bit_hex,,,,payload_fidelity_v2,payload_aware_result_v2,,repeated_bigram_fraction,payload,0.0,,0.0,1,100,0.0,0.0,0,0.95,forced_span,
exploratory_smoke_v3_payload_fidelity_v2_not_for_confirmatory_pooling,ordinary_llm_control_smoke_v3,qwen2_5_7b_instruct_q4_k_m,ordinary_llm_control,casual_conversation,nonce_96_bit_hex,,,,payload_fidelity_v2,payload_aware_result_v2,,repeated_bigram_fraction,payload,0.0,,0.0,1,100,0.0,0.0,0,0.95,full_message,
exploratory_smoke_v3_payload_fidelity_v2_not_for_confirmatory_pooling,ordinary_llm_control_smoke_v3,qwen2_5_7b_instruct_q4_k_m,ordinary_llm_control,factual_explanatory,hmac_sha256_hex,,,,payload_fidelity_v2,payload_aware_result_v2,,repeated_bigram_fraction,payload,0.10909090909090913,,0.10909090909090913,1,100,0.10909090909090913,0.10909090909090913,0,0.95,forced_span,
exploratory_smoke_v3_payload_fidelity_v2_not_for_confirmatory_pooling,ordinary_llm_control_smoke_v3,qwen2_5_7b_instruct_q4_k_m,ordinary_llm_control,factual_explanatory,hmac_sha256_hex,,,,payload_fidelity_v2,payload_aware_result_v2,,repeated_bigram_fraction,payload,0.15527950310559002,,0.15527950310559002,1,100,0.15527950310559002,0.15527950310559002,0,0.95,full_message,
exploratory_smoke_v3_payload_fidelity_v2_not_for_confirmatory_pooling,ordinary_llm_control_smoke_v3,qwen2_5_7b_instruct_q4_k_m,ordinary_llm_control,factual_explanatory,nonce_96_bit_hex,,,,payload_fidelity_v2,payload_aware_result_v2,,repeated_bigram_fraction,payload,0.0,,0.0,1,100,0.0,0.0,0,0.95,forced_span,
exploratory_smoke_v3_payload_fidelity_v2_not_for_confirmatory_pooling,ordinary_llm_control_smoke_v3,qwen2_5_7b_instruct_q4_k_m,ordinary_llm_control,factual_explanatory,nonce_96_bit_hex,,,,payload_fidelity_v2,payload_aware_result_v2,,repeated_bigram_fraction,payload,0.09621993127147765,,0.09621993127147765,1,100,0.09621993127147765,0.09621993127147765,0,0.95,full_message,
exploratory_smoke_v3_payload_fidelity_v2_not_for_confirmatory_pooling,ordinary_llm_control_smoke_v3,qwen2_5_7b_instruct_q4_k_m,ordinary_llm_control,forum_question_answer,chacha20_poly1305_base64,,,,payload_fidelity_v2,payload_aware_result_v2,,repeated_bigram_fraction,payload,0.021052631578947323,,0.021052631578947323,1,100,0.021052631578947323,0.021052631578947323,0,0.95,full_message,
exploratory_smoke_v3_payload_fidelity_v2_not_for_confirmatory_pooling,ordinary_llm_control_smoke_v3,qwen2_5_7b_instruct_q4_k_m,ordinary_llm_control,forum_question_answer,token_128_bit_hex,,,,payload_fidelity_v2,payload_aware_result_v2,,repeated_bigram_fraction,payload,0.0,,0.0,1,100,0.0,0.0,0,0.95,forced_span,
exploratory_smoke_v3_payload_fidelity_v2_not_for_confirmatory_pooling,ordinary_llm_control_smoke_v3,qwen2_5_7b_instruct_q4_k_m,ordinary_llm_control,forum_question_answer,token_128_bit_hex,,,,payload_fidelity_v2,payload_aware_result_v2,,repeated_bigram_fraction,payload,0.017094017094017144,,0.017094017094017144,1,100,0.017094017094017144,0.017094017094017144,0,0.95,full_message,
exploratory_smoke_v3_payload_fidelity_v2_not_for_confirmatory_pooling,ordinary_llm_control_smoke_v3,qwen2_5_7b_instruct_q4_k_m,ordinary_llm_control,personal_narrative_blog,nonce_96_bit_hex,,,,payload_fidelity_v2,payload_aware_result_v2,,repeated_bigram_fraction,payload,0.0,,0.0,1,100,0.0,0.0,0,0.95,forced_span,
exploratory_smoke_v3_payload_fidelity_v2_not_for_confirmatory_pooling,ordinary_llm_control_smoke_v3,qwen2_5_7b_instruct_q4_k_m,ordinary_llm_control,personal_narrative_blog,nonce_96_bit_hex,,,,payload_fidelity_v2,payload_aware_result_v2,,repeated_bigram_fraction,payload,0.0,,0.0,1,100,0.0,0.0,0,0.95,full_message,
exploratory_smoke_v3_payload_fidelity_v2_not_for_confirmatory_pooling,ordinary_llm_control_smoke_v3,qwen2_5_7b_instruct_q4_k_m,ordinary_llm_control,personal_narrative_blog,sha256_hex,,,,payload_fidelity_v2,payload_aware_result_v2,,repeated_bigram_fraction,payload,0.03508771929824561,,0.03508771929824561,1,100,0.03508771929824561,0.03508771929824561,0,0.95,forced_span,
exploratory_smoke_v3_payload_fidelity_v2_not_for_confirmatory_pooling,ordinary_llm_control_smoke_v3,qwen2_5_7b_instruct_q4_k_m,ordinary_llm_control,personal_narrative_blog,sha256_hex,,,,payload_fidelity_v2,payload_aware_result_v2,,repeated_bigram_fraction,payload,0.19095477386934678,,0.19095477386934678,1,100,0.19095477386934678,0.19095477386934678,0,0.95,full_message,
exploratory_smoke_v3_payload_fidelity_v2_not_for_confirmatory_pooling,ordinary_llm_control_smoke_v3,qwen2_5_7b_instruct_q4_k_m,ordinary_llm_control,professional_communication,nonce_96_bit_hex,,,,payload_fidelity_v2,payload_aware_result_v2,,repeated_bigram_fraction,payload,0.0,,0.0,1,100,0.0,0.0,0,0.95,forced_span,
exploratory_smoke_v3_payload_fidelity_v2_not_for_confirmatory_pooling,ordinary_llm_control_smoke_v3,qwen2_5_7b_instruct_q4_k_m,ordinary_llm_control,professional_communication,nonce_96_bit_hex,,,,payload_fidelity_v2,payload_aware_result_v2,,repeated_bigram_fraction,payload,0.05217391304347829,,0.05217391304347829,1,100,0.05217391304347829,0.05217391304347829,0,0.95,full_message,
exploratory_smoke_v3_payload_fidelity_v2_not_for_confirmatory_pooling,ordinary_llm_control_smoke_v3,qwen2_5_7b_instruct_q4_k_m,ordinary_llm_control,professional_communication,uuid_v4,,,,payload_fidelity_v2,payload_aware_result_v2,,repeated_bigram_fraction,payload,0.02777777777777779,,0.02777777777777779,1,100,0.02777777777777779,0.02777777777777779,0,0.95,full_message,
exploratory_smoke_v3_payload_fidelity_v2_not_for_confirmatory_pooling,ordinary_llm_control_smoke_v3,qwen2_5_7b_instruct_q4_k_m,ordinary_llm_control,recipe_procedure,sha256_hex,,,,payload_fidelity_v2,payload_aware_result_v2,,repeated_bigram_fraction,payload,0.040000000000000036,,0.040000000000000036,1,100,0.040000000000000036,0.040000000000000036,0,0.95,forced_span,
exploratory_smoke_v3_payload_fidelity_v2_not_for_confirmatory_pooling,ordinary_llm_control_smoke_v3,qwen2_5_7b_instruct_q4_k_m,ordinary_llm_control,recipe_procedure,sha256_hex,,,,payload_fidelity_v2,payload_aware_result_v2,,repeated_bigram_fraction,payload,0.0,,0.0,1,100,0.0,0.0,0,0.95,full_message,
exploratory_smoke_v3_payload_fidelity_v2_not_for_confirmatory_pooling,ordinary_llm_control_smoke_v3,qwen2_5_7b_instruct_q4_k_m,ordinary_llm_control,recipe_procedure,token_128_bit_hex,,,,payload_fidelity_v2,payload_aware_result_v2,,repeated_bigram_fraction,payload,0.0,,0.0,1,100,0.0,0.0,0,0.95,full_message,
exploratory_smoke_v3_payload_fidelity_v2_not_for_confirmatory_pooling,smoke_v3_exploratory,llama3_8b_instruct_q4_k_m,direct_subword_calgacus,casual_conversation,ed25519_signature_base64,,,,payload_fidelity_v2,payload_aware_result_v2,,repeated_bigram_fraction,payload,0.0,,0.0,1,100,0.0,0.0,0,0.95,forced_span,
exploratory_smoke_v3_payload_fidelity_v2_not_for_confirmatory_pooling,smoke_v3_exploratory,llama3_8b_instruct_q4_k_m,direct_subword_calgacus,casual_conversation,ed25519_signature_base64,,,,payload_fidelity_v2,payload_aware_result_v2,,repeated_bigram_fraction,payload,0.0,,0.0,1,100,0.0,0.0,0,0.95,full_message,
exploratory_smoke_v3_payload_fidelity_v2_not_for_confirmatory_pooling,smoke_v3_exploratory,llama3_8b_instruct_q4_k_m,nonseg_ascii_b16,forum_question_answer,aes256_gcm_base64,,,,payload_fidelity_v2,payload_aware_result_v2,,repeated_bigram_fraction,payload,0.00952380952380949,,0.00952380952380949,1,100,0.00952380952380949,0.00952380952380949,0,0.95,forced_span,
exploratory_smoke_v3_payload_fidelity_v2_not_for_confirmatory_pooling,smoke_v3_exploratory,llama3_8b_instruct_q4_k_m,nonseg_ascii_b16,forum_question_answer,aes256_gcm_base64,,,,payload_fidelity_v2,payload_aware_result_v2,,repeated_bigram_fraction,payload,0.00952380952380949,,0.00952380952380949,1,100,0.00952380952380949,0.00952380952380949,0,0.95,full_message,
exploratory_smoke_v3_payload_fidelity_v2_not_for_confirmatory_pooling,smoke_v3_exploratory,llama3_8b_instruct_q4_k_m,nonseg_ascii_b8,professional_communication,uuid_v4,,,,payload_fidelity_v2,payload_aware_result_v2,,repeated_bigram_fraction,payload,0.0,,0.0,1,100,0.0,0.0,0,0.95,forced_span,
exploratory_smoke_v3_payload_fidelity_v2_not_for_confirmatory_pooling,smoke_v3_exploratory,llama3_8b_instruct_q4_k_m,nonseg_ascii_b8,professional_communication,uuid_v4,,,,payload_fidelity_v2,payload_aware_result_v2,,repeated_bigram_fraction,payload,0.0,,0.0,1,100,0.0,0.0,0,0.95,full_message,
exploratory_smoke_v3_payload_fidelity_v2_not_for_confirmatory_pooling,smoke_v3_exploratory,llama3_8b_instruct_q4_k_m,nonseg_hex_nibble_b16,recipe_procedure,sha256_hex,,,,payload_fidelity_v2,payload_aware_result_v2,,repeated_bigram_fraction,payload,0.0,,0.0,1,100,0.0,0.0,0,0.95,forced_span,
exploratory_smoke_v3_payload_fidelity_v2_not_for_confirmatory_pooling,smoke_v3_exploratory,llama3_8b_instruct_q4_k_m,nonseg_hex_nibble_b16,recipe_procedure,sha256_hex,,,,payload_fidelity_v2,payload_aware_result_v2,,repeated_bigram_fraction,payload,0.0,,0.0,1,100,0.0,0.0,0,0.95,full_message,
exploratory_smoke_v3_payload_fidelity_v2_not_for_confirmatory_pooling,smoke_v3_exploratory,llama3_8b_instruct_q4_k_m,segmented_hex_multi_topic,casual_conversation,sha256_hex,,,,payload_fidelity_v2,payload_aware_result_v2,,repeated_bigram_fraction,payload,0.0,,0.0,1,100,0.0,0.0,0,0.95,forced_span,
exploratory_smoke_v3_payload_fidelity_v2_not_for_confirmatory_pooling,smoke_v3_exploratory,llama3_8b_instruct_q4_k_m,segmented_hex_multi_topic,casual_conversation,sha256_hex,,,,payload_fidelity_v2,payload_aware_result_v2,,repeated_bigram_fraction,payload,0.07792207792207795,,0.07792207792207795,1,100,0.07792207792207795,0.07792207792207795,0,0.95,full_message,
exploratory_smoke_v3_payload_fidelity_v2_not_for_confirmatory_pooling,smoke_v3_exploratory,llama3_8b_instruct_q4_k_m,segmented_hex_multi_topic,factual_explanatory,nonce_96_bit_hex,,,,payload_fidelity_v2,payload_aware_result_v2,,repeated_bigram_fraction,payload,0.0,,0.0,1,100,0.0,0.0,0,0.95,forced_span,
exploratory_smoke_v3_payload_fidelity_v2_not_for_confirmatory_pooling,smoke_v3_exploratory,llama3_8b_instruct_q4_k_m,segmented_hex_multi_topic,factual_explanatory,nonce_96_bit_hex,,,,payload_fidelity_v2,payload_aware_result_v2,,repeated_bigram_fraction,payload,0.0,,0.0,1,100,0.0,0.0,0,0.95,full_message,
exploratory_smoke_v3_payload_fidelity_v2_not_for_confirmatory_pooling,smoke_v3_exploratory,llama3_8b_instruct_q4_k_m,segmented_hex_multi_topic,factual_explanatory,token_128_bit_hex,,,,payload_fidelity_v2,payload_aware_result_v2,,repeated_bigram_fraction,payload,0.0,,0.0,1,100,0.0,0.0,0,0.95,forced_span,
exploratory_smoke_v3_payload_fidelity_v2_not_for_confirmatory_pooling,smoke_v3_exploratory,llama3_8b_instruct_q4_k_m,segmented_hex_multi_topic,factual_explanatory,token_128_bit_hex,,,,payload_fidelity_v2,payload_aware_result_v2,,repeated_bigram_fraction,payload,0.0092592592592593,,0.0092592592592593,1,100,0.0092592592592593,0.0092592592592593,0,0.95,full_message,
exploratory_smoke_v3_payload_fidelity_v2_not_for_confirmatory_pooling,smoke_v3_exploratory,llama3_8b_instruct_q4_k_m,segmented_hex_multi_topic,forum_question_answer,nonce_96_bit_hex,,,,payload_fidelity_v2,payload_aware_result_v2,,repeated_bigram_fraction,payload,0.0,,0.0,1,100,0.0,0.0,0,0.95,forced_span,
exploratory_smoke_v3_payload_fidelity_v2_not_for_confirmatory_pooling,smoke_v3_exploratory,llama3_8b_instruct_q4_k_m,segmented_hex_multi_topic,forum_question_answer,nonce_96_bit_hex,,,,payload_fidelity_v2,payload_aware_result_v2,,repeated_bigram_fraction,payload,0.11469534050179209,,0.11469534050179209,1,100,0.11469534050179209,0.11469534050179209,0,0.95,full_message,
exploratory_smoke_v3_payload_fidelity_v2_not_for_confirmatory_pooling,smoke_v3_exploratory,llama3_8b_instruct_q4_k_m,segmented_hex_multi_topic,personal_narrative_blog,sha256_hex,,,,payload_fidelity_v2,payload_aware_result_v2,,repeated_bigram_fraction,payload,0.0,,0.0,1,100,0.0,0.0,0,0.95,forced_span,
exploratory_smoke_v3_payload_fidelity_v2_not_for_confirmatory_pooling,smoke_v3_exploratory,llama3_8b_instruct_q4_k_m,segmented_hex_multi_topic,personal_narrative_blog,sha256_hex,,,,payload_fidelity_v2,payload_aware_result_v2,,repeated_bigram_fraction,payload,0.04014598540145986,,0.04014598540145986,1,100,0.04014598540145986,0.04014598540145986,0,0.95,full_message,
exploratory_smoke_v3_payload_fidelity_v2_not_for_confirmatory_pooling,smoke_v3_exploratory,llama3_8b_instruct_q4_k_m,segmented_hex_multi_topic,professional_communication,nonce_96_bit_hex,,,,payload_fidelity_v2,payload_aware_result_v2,,repeated_bigram_fraction,payload,0.0,,0.0,1,100,0.0,0.0,0,0.95,forced_span,
exploratory_smoke_v3_payload_fidelity_v2_not_for_confirmatory_pooling,smoke_v3_exploratory,llama3_8b_instruct_q4_k_m,segmented_hex_multi_topic,professional_communication,nonce_96_bit_hex,,,,payload_fidelity_v2,payload_aware_result_v2,,repeated_bigram_fraction,payload,0.008000000000000007,,0.008000000000000007,1,100,0.008000000000000007,0.008000000000000007,0,0.95,full_message,
exploratory_smoke_v3_payload_fidelity_v2_not_for_confirmatory_pooling,smoke_v3_exploratory,llama3_8b_instruct_q4_k_m,segmented_hex_multi_topic,recipe_procedure,token_128_bit_hex,,,,payload_fidelity_v2,payload_aware_result_v2,,repeated_bigram_fraction,payload,0.0,,0.0,1,100,0.0,0.0,0,0.95,forced_span,
exploratory_smoke_v3_payload_fidelity_v2_not_for_confirmatory_pooling,smoke_v3_exploratory,llama3_8b_instruct_q4_k_m,segmented_hex_multi_topic,recipe_procedure,token_128_bit_hex,,,,payload_fidelity_v2,payload_aware_result_v2,,repeated_bigram_fraction,payload,0.0,,0.0,1,100,0.0,0.0,0,0.95,full_message,
exploratory_smoke_v3_payload_fidelity_v2_not_for_confirmatory_pooling,smoke_v3_exploratory,llama3_8b_instruct_q4_k_m,segmented_hex_single_topic,personal_narrative_blog,hmac_sha256_hex,,,,payload_fidelity_v2,payload_aware_result_v2,,repeated_bigram_fraction,payload,0.0,,0.0,1,100,0.0,0.0,0,0.95,forced_span,
exploratory_smoke_v3_payload_fidelity_v2_not_for_confirmatory_pooling,smoke_v3_exploratory,llama3_8b_instruct_q4_k_m,segmented_hex_single_topic,personal_narrative_blog,hmac_sha256_hex,,,,payload_fidelity_v2,payload_aware_result_v2,,repeated_bigram_fraction,payload,0.023121387283236983,,0.023121387283236983,1,100,0.023121387283236983,0.023121387283236983,0,0.95,full_message,
exploratory_smoke_v3_payload_fidelity_v2_not_for_confirmatory_pooling,smoke_v3_exploratory,mistral_7b_instruct_v0_3_q4_k_m,direct_subword_calgacus,casual_conversation,ed25519_signature_base64,,,,payload_fidelity_v2,payload_aware_result_v2,,repeated_bigram_fraction,payload,0.0,,0.0,1,100,0.0,0.0,0,0.95,forced_span,
exploratory_smoke_v3_payload_fidelity_v2_not_for_confirmatory_pooling,smoke_v3_exploratory,mistral_7b_instruct_v0_3_q4_k_m,direct_subword_calgacus,casual_conversation,ed25519_signature_base64,,,,payload_fidelity_v2,payload_aware_result_v2,,repeated_bigram_fraction,payload,0.0,,0.0,1,100,0.0,0.0,0,0.95,full_message,
exploratory_smoke_v3_payload_fidelity_v2_not_for_confirmatory_pooling,smoke_v3_exploratory,mistral_7b_instruct_v0_3_q4_k_m,nonseg_ascii_b16,forum_question_answer,aes256_gcm_base64,,,,payload_fidelity_v2,payload_aware_result_v2,,repeated_bigram_fraction,payload,0.010309278350515427,,0.010309278350515427,1,100,0.010309278350515427,0.010309278350515427,0,0.95,forced_span,
exploratory_smoke_v3_payload_fidelity_v2_not_for_confirmatory_pooling,smoke_v3_exploratory,mistral_7b_instruct_v0_3_q4_k_m,nonseg_ascii_b16,forum_question_answer,aes256_gcm_base64,,,,payload_fidelity_v2,payload_aware_result_v2,,repeated_bigram_fraction,payload,0.010309278350515427,,0.010309278350515427,1,100,0.010309278350515427,0.010309278350515427,0,0.95,full_message,
exploratory_smoke_v3_payload_fidelity_v2_not_for_confirmatory_pooling,smoke_v3_exploratory,mistral_7b_instruct_v0_3_q4_k_m,nonseg_ascii_b8,professional_communication,uuid_v4,,,,payload_fidelity_v2,payload_aware_result_v2,,repeated_bigram_fraction,payload,0.01754385964912286,,0.01754385964912286,1,100,0.01754385964912286,0.01754385964912286,0,0.95,forced_span,
exploratory_smoke_v3_payload_fidelity_v2_not_for_confirmatory_pooling,smoke_v3_exploratory,mistral_7b_instruct_v0_3_q4_k_m,nonseg_ascii_b8,professional_communication,uuid_v4,,,,payload_fidelity_v2,payload_aware_result_v2,,repeated_bigram_fraction,payload,0.01754385964912286,,0.01754385964912286,1,100,0.01754385964912286,0.01754385964912286,0,0.95,full_message,
exploratory_smoke_v3_payload_fidelity_v2_not_for_confirmatory_pooling,smoke_v3_exploratory,mistral_7b_instruct_v0_3_q4_k_m,nonseg_hex_nibble_b16,recipe_procedure,nonce_96_bit_hex,,,,payload_fidelity_v2,payload_aware_result_v2,,repeated_bigram_fraction,payload,0.0,,0.0,1,100,0.0,0.0,0,0.95,forced_span,
exploratory_smoke_v3_payload_fidelity_v2_not_for_confirmatory_pooling,smoke_v3_exploratory,mistral_7b_instruct_v0_3_q4_k_m,nonseg_hex_nibble_b16,recipe_procedure,nonce_96_bit_hex,,,,payload_fidelity_v2,payload_aware_result_v2,,repeated_bigram_fraction,payload,0.0,,0.0,1,100,0.0,0.0,0,0.95,full_message,
exploratory_smoke_v3_payload_fidelity_v2_not_for_confirmatory_pooling,smoke_v3_exploratory,mistral_7b_instruct_v0_3_q4_k_m,segmented_hex_multi_topic,casual_conversation,nonce_96_bit_hex,,,,payload_fidelity_v2,payload_aware_result_v2,,repeated_bigram_fraction,payload,0.0,,0.0,1,100,0.0,0.0,0,0.95,forced_span,
exploratory_smoke_v3_payload_fidelity_v2_not_for_confirmatory_pooling,smoke_v3_exploratory,mistral_7b_instruct_v0_3_q4_k_m,segmented_hex_multi_topic,casual_conversation,nonce_96_bit_hex,,,,payload_fidelity_v2,payload_aware_result_v2,,repeated_bigram_fraction,payload,0.018867924528301883,,0.018867924528301883,1,100,0.018867924528301883,0.018867924528301883,0,0.95,full_message,
exploratory_smoke_v3_payload_fidelity_v2_not_for_confirmatory_pooling,smoke_v3_exploratory,mistral_7b_instruct_v0_3_q4_k_m,segmented_hex_multi_topic,factual_explanatory,sha256_hex,,,,payload_fidelity_v2,payload_aware_result_v2,,repeated_bigram_fraction,payload,0.0,,0.0,1,100,0.0,0.0,0,0.95,forced_span,
exploratory_smoke_v3_payload_fidelity_v2_not_for_confirmatory_pooling,smoke_v3_exploratory,mistral_7b_instruct_v0_3_q4_k_m,segmented_hex_multi_topic,factual_explanatory,sha256_hex,,,,payload_fidelity_v2,payload_aware_result_v2,,repeated_bigram_fraction,payload,0.05747126436781613,,0.05747126436781613,1,100,0.05747126436781613,0.05747126436781613,0,0.95,full_message,
exploratory_smoke_v3_payload_fidelity_v2_not_for_confirmatory_pooling,smoke_v3_exploratory,mistral_7b_instruct_v0_3_q4_k_m,segmented_hex_multi_topic,factual_explanatory,token_128_bit_hex,,,,payload_fidelity_v2,payload_aware_result_v2,,repeated_bigram_fraction,payload,0.0,,0.0,1,100,0.0,0.0,0,0.95,forced_span,
exploratory_smoke_v3_payload_fidelity_v2_not_for_confirmatory_pooling,smoke_v3_exploratory,mistral_7b_instruct_v0_3_q4_k_m,segmented_hex_multi_topic,factual_explanatory,token_128_bit_hex,,,,payload_fidelity_v2,payload_aware_result_v2,,repeated_bigram_fraction,payload,0.0505050505050505,,0.0505050505050505,1,100,0.0505050505050505,0.0505050505050505,0,0.95,full_message,
exploratory_smoke_v3_payload_fidelity_v2_not_for_confirmatory_pooling,smoke_v3_exploratory,mistral_7b_instruct_v0_3_q4_k_m,segmented_hex_multi_topic,forum_question_answer,sha256_hex,,,,payload_fidelity_v2,payload_aware_result_v2,,repeated_bigram_fraction,payload,0.0,,0.0,1,100,0.0,0.0,0,0.95,forced_span,
exploratory_smoke_v3_payload_fidelity_v2_not_for_confirmatory_pooling,smoke_v3_exploratory,mistral_7b_instruct_v0_3_q4_k_m,segmented_hex_multi_topic,forum_question_answer,sha256_hex,,,,payload_fidelity_v2,payload_aware_result_v2,,repeated_bigram_fraction,payload,0.11895161290322576,,0.11895161290322576,1,100,0.11895161290322576,0.11895161290322576,0,0.95,full_message,
exploratory_smoke_v3_payload_fidelity_v2_not_for_confirmatory_pooling,smoke_v3_exploratory,mistral_7b_instruct_v0_3_q4_k_m,segmented_hex_multi_topic,personal_narrative_blog,nonce_96_bit_hex,,,,payload_fidelity_v2,payload_aware_result_v2,,repeated_bigram_fraction,payload,0.0,,0.0,1,100,0.0,0.0,0,0.95,forced_span,
exploratory_smoke_v3_payload_fidelity_v2_not_for_confirmatory_pooling,smoke_v3_exploratory,mistral_7b_instruct_v0_3_q4_k_m,segmented_hex_multi_topic,personal_narrative_blog,nonce_96_bit_hex,,,,payload_fidelity_v2,payload_aware_result_v2,,repeated_bigram_fraction,payload,0.030303030303030276,,0.030303030303030276,1,100,0.030303030303030276,0.030303030303030276,0,0.95,full_message,
exploratory_smoke_v3_payload_fidelity_v2_not_for_confirmatory_pooling,smoke_v3_exploratory,mistral_7b_instruct_v0_3_q4_k_m,segmented_hex_multi_topic,recipe_procedure,token_128_bit_hex,,,,payload_fidelity_v2,payload_aware_result_v2,,repeated_bigram_fraction,payload,0.0,,0.0,1,100,0.0,0.0,0,0.95,forced_span,
exploratory_smoke_v3_payload_fidelity_v2_not_for_confirmatory_pooling,smoke_v3_exploratory,mistral_7b_instruct_v0_3_q4_k_m,segmented_hex_multi_topic,recipe_procedure,token_128_bit_hex,,,,payload_fidelity_v2,payload_aware_result_v2,,repeated_bigram_fraction,payload,0.0,,0.0,1,100,0.0,0.0,0,0.95,full_message,
exploratory_smoke_v3_payload_fidelity_v2_not_for_confirmatory_pooling,smoke_v3_exploratory,mistral_7b_instruct_v0_3_q4_k_m,segmented_hex_single_topic,personal_narrative_blog,token_128_bit_hex,,,,payload_fidelity_v2,payload_aware_result_v2,,repeated_bigram_fraction,payload,0.0,,0.0,1,100,0.0,0.0,0,0.95,forced_span,
exploratory_smoke_v3_payload_fidelity_v2_not_for_confirmatory_pooling,smoke_v3_exploratory,mistral_7b_instruct_v0_3_q4_k_m,segmented_hex_single_topic,personal_narrative_blog,token_128_bit_hex,,,,payload_fidelity_v2,payload_aware_result_v2,,repeated_bigram_fraction,payload,0.07070707070707072,,0.07070707070707072,1,100,0.07070707070707072,0.07070707070707072,0,0.95,full_message,
exploratory_smoke_v3_payload_fidelity_v2_not_for_confirmatory_pooling,smoke_v3_exploratory,qwen2_5_7b_instruct_q4_k_m,direct_subword_calgacus,casual_conversation,ed25519_signature_base64,,,,payload_fidelity_v2,payload_aware_result_v2,,repeated_bigram_fraction,payload,0.0,,0.0,1,100,0.0,0.0,0,0.95,forced_span,
exploratory_smoke_v3_payload_fidelity_v2_not_for_confirmatory_pooling,smoke_v3_exploratory,qwen2_5_7b_instruct_q4_k_m,direct_subword_calgacus,casual_conversation,ed25519_signature_base64,,,,payload_fidelity_v2,payload_aware_result_v2,,repeated_bigram_fraction,payload,0.0,,0.0,1,100,0.0,0.0,0,0.95,full_message,
exploratory_smoke_v3_payload_fidelity_v2_not_for_confirmatory_pooling,smoke_v3_exploratory,qwen2_5_7b_instruct_q4_k_m,nonseg_ascii_b16,forum_question_answer,chacha20_poly1305_base64,,,,payload_fidelity_v2,payload_aware_result_v2,,repeated_bigram_fraction,payload,0.008928571428571397,,0.008928571428571397,1,100,0.008928571428571397,0.008928571428571397,0,0.95,forced_span,
exploratory_smoke_v3_payload_fidelity_v2_not_for_confirmatory_pooling,smoke_v3_exploratory,qwen2_5_7b_instruct_q4_k_m,nonseg_ascii_b16,forum_question_answer,chacha20_poly1305_base64,,,,payload_fidelity_v2,payload_aware_result_v2,,repeated_bigram_fraction,payload,0.008928571428571397,,0.008928571428571397,1,100,0.008928571428571397,0.008928571428571397,0,0.95,full_message,
exploratory_smoke_v3_payload_fidelity_v2_not_for_confirmatory_pooling,smoke_v3_exploratory,qwen2_5_7b_instruct_q4_k_m,nonseg_ascii_b8,professional_communication,uuid_v4,,,,payload_fidelity_v2,payload_aware_result_v2,,repeated_bigram_fraction,payload,0.0,,0.0,1,100,0.0,0.0,0,0.95,forced_span,
exploratory_smoke_v3_payload_fidelity_v2_not_for_confirmatory_pooling,smoke_v3_exploratory,qwen2_5_7b_instruct_q4_k_m,nonseg_ascii_b8,professional_communication,uuid_v4,,,,payload_fidelity_v2,payload_aware_result_v2,,repeated_bigram_fraction,payload,0.0,,0.0,1,100,0.0,0.0,0,0.95,full_message,
exploratory_smoke_v3_payload_fidelity_v2_not_for_confirmatory_pooling,smoke_v3_exploratory,qwen2_5_7b_instruct_q4_k_m,nonseg_hex_nibble_b16,recipe_procedure,token_128_bit_hex,,,,payload_fidelity_v2,payload_aware_result_v2,,repeated_bigram_fraction,payload,0.0,,0.0,1,100,0.0,0.0,0,0.95,forced_span,
exploratory_smoke_v3_payload_fidelity_v2_not_for_confirmatory_pooling,smoke_v3_exploratory,qwen2_5_7b_instruct_q4_k_m,nonseg_hex_nibble_b16,recipe_procedure,token_128_bit_hex,,,,payload_fidelity_v2,payload_aware_result_v2,,repeated_bigram_fraction,payload,0.0,,0.0,1,100,0.0,0.0,0,0.95,full_message,
exploratory_smoke_v3_payload_fidelity_v2_not_for_confirmatory_pooling,smoke_v3_exploratory,qwen2_5_7b_instruct_q4_k_m,segmented_hex_multi_topic,casual_conversation,nonce_96_bit_hex,,,,payload_fidelity_v2,payload_aware_result_v2,,repeated_bigram_fraction,payload,0.0,,0.0,1,100,0.0,0.0,0,0.95,forced_span,
exploratory_smoke_v3_payload_fidelity_v2_not_for_confirmatory_pooling,smoke_v3_exploratory,qwen2_5_7b_instruct_q4_k_m,segmented_hex_multi_topic,casual_conversation,nonce_96_bit_hex,,,,payload_fidelity_v2,payload_aware_result_v2,,repeated_bigram_fraction,payload,0.008474576271186418,,0.008474576271186418,1,100,0.008474576271186418,0.008474576271186418,0,0.95,full_message,
exploratory_smoke_v3_payload_fidelity_v2_not_for_confirmatory_pooling,smoke_v3_exploratory,qwen2_5_7b_instruct_q4_k_m,segmented_hex_multi_topic,factual_explanatory,hmac_sha256_hex,,,,payload_fidelity_v2,payload_aware_result_v2,,repeated_bigram_fraction,payload,0.0,,0.0,1,100,0.0,0.0,0,0.95,forced_span,
exploratory_smoke_v3_payload_fidelity_v2_not_for_confirmatory_pooling,smoke_v3_exploratory,qwen2_5_7b_instruct_q4_k_m,segmented_hex_multi_topic,factual_explanatory,hmac_sha256_hex,,,,payload_fidelity_v2,payload_aware_result_v2,,repeated_bigram_fraction,payload,0.05534351145038163,,0.05534351145038163,1,100,0.05534351145038163,0.05534351145038163,0,0.95,full_message,
exploratory_smoke_v3_payload_fidelity_v2_not_for_confirmatory_pooling,smoke_v3_exploratory,qwen2_5_7b_instruct_q4_k_m,segmented_hex_multi_topic,factual_explanatory,nonce_96_bit_hex,,,,payload_fidelity_v2,payload_aware_result_v2,,repeated_bigram_fraction,payload,0.0,,0.0,1,100,0.0,0.0,0,0.95,forced_span,
exploratory_smoke_v3_payload_fidelity_v2_not_for_confirmatory_pooling,smoke_v3_exploratory,qwen2_5_7b_instruct_q4_k_m,segmented_hex_multi_topic,factual_explanatory,nonce_96_bit_hex,,,,payload_fidelity_v2,payload_aware_result_v2,,repeated_bigram_fraction,payload,0.25396825396825395,,0.25396825396825395,1,100,0.25396825396825395,0.25396825396825395,0,0.95,full_message,
exploratory_smoke_v3_payload_fidelity_v2_not_for_confirmatory_pooling,smoke_v3_exploratory,qwen2_5_7b_instruct_q4_k_m,segmented_hex_multi_topic,forum_question_answer,token_128_bit_hex,,,,payload_fidelity_v2,payload_aware_result_v2,,repeated_bigram_fraction,payload,0.0,,0.0,1,100,0.0,0.0,0,0.95,forced_span,
exploratory_smoke_v3_payload_fidelity_v2_not_for_confirmatory_pooling,smoke_v3_exploratory,qwen2_5_7b_instruct_q4_k_m,segmented_hex_multi_topic,forum_question_answer,token_128_bit_hex,,,,payload_fidelity_v2,payload_aware_result_v2,,repeated_bigram_fraction,payload,0.0,,0.0,1,100,0.0,0.0,0,0.95,full_message,
exploratory_smoke_v3_payload_fidelity_v2_not_for_confirmatory_pooling,smoke_v3_exploratory,qwen2_5_7b_instruct_q4_k_m,segmented_hex_multi_topic,personal_narrative_blog,nonce_96_bit_hex,,,,payload_fidelity_v2,payload_aware_result_v2,,repeated_bigram_fraction,payload,0.0,,0.0,1,100,0.0,0.0,0,0.95,forced_span,
exploratory_smoke_v3_payload_fidelity_v2_not_for_confirmatory_pooling,smoke_v3_exploratory,qwen2_5_7b_instruct_q4_k_m,segmented_hex_multi_topic,personal_narrative_blog,nonce_96_bit_hex,,,,payload_fidelity_v2,payload_aware_result_v2,,repeated_bigram_fraction,payload,0.0357142857142857,,0.0357142857142857,1,100,0.0357142857142857,0.0357142857142857,0,0.95,full_message,
exploratory_smoke_v3_payload_fidelity_v2_not_for_confirmatory_pooling,smoke_v3_exploratory,qwen2_5_7b_instruct_q4_k_m,segmented_hex_multi_topic,professional_communication,nonce_96_bit_hex,,,,payload_fidelity_v2,payload_aware_result_v2,,repeated_bigram_fraction,payload,0.0,,0.0,1,100,0.0,0.0,0,0.95,forced_span,
exploratory_smoke_v3_payload_fidelity_v2_not_for_confirmatory_pooling,smoke_v3_exploratory,qwen2_5_7b_instruct_q4_k_m,segmented_hex_multi_topic,professional_communication,nonce_96_bit_hex,,,,payload_fidelity_v2,payload_aware_result_v2,,repeated_bigram_fraction,payload,0.1132075471698113,,0.1132075471698113,1,100,0.1132075471698113,0.1132075471698113,0,0.95,full_message,
exploratory_smoke_v3_payload_fidelity_v2_not_for_confirmatory_pooling,smoke_v3_exploratory,qwen2_5_7b_instruct_q4_k_m,segmented_hex_multi_topic,recipe_procedure,sha256_hex,,,,payload_fidelity_v2,payload_aware_result_v2,,repeated_bigram_fraction,payload,0.0,,0.0,1,100,0.0,0.0,0,0.95,forced_span,
exploratory_smoke_v3_payload_fidelity_v2_not_for_confirmatory_pooling,smoke_v3_exploratory,qwen2_5_7b_instruct_q4_k_m,segmented_hex_multi_topic,recipe_procedure,sha256_hex,,,,payload_fidelity_v2,payload_aware_result_v2,,repeated_bigram_fraction,payload,0.0,,0.0,1,100,0.0,0.0,0,0.95,full_message,
exploratory_smoke_v3_payload_fidelity_v2_not_for_confirmatory_pooling,smoke_v3_exploratory,qwen2_5_7b_instruct_q4_k_m,segmented_hex_single_topic,personal_narrative_blog,sha256_hex,,,,payload_fidelity_v2,payload_aware_result_v2,,repeated_bigram_fraction,payload,0.0,,0.0,1,100,0.0,0.0,0,0.95,forced_span,
exploratory_smoke_v3_payload_fidelity_v2_not_for_confirmatory_pooling,smoke_v3_exploratory,qwen2_5_7b_instruct_q4_k_m,segmented_hex_single_topic,personal_narrative_blog,sha256_hex,,,,payload_fidelity_v2,payload_aware_result_v2,,repeated_bigram_fraction,payload,0.10498687664041995,,0.10498687664041995,1,100,0.10498687664041995,0.10498687664041995,0,0.95,full_message,
exploratory_smoke_v3_payload_fidelity_v2_not_for_confirmatory_pooling,ordinary_llm_control_smoke_v3,llama3_8b_instruct_q4_k_m,ordinary_llm_control,casual_conversation,ed25519_signature_base64,,,,payload_fidelity_v2,payload_aware_result_v2,,surface_flag_total,payload,2.0,,2.0,1,100,2.0,2.0,0,0.95,full_message,
exploratory_smoke_v3_payload_fidelity_v2_not_for_confirmatory_pooling,ordinary_llm_control_smoke_v3,llama3_8b_instruct_q4_k_m,ordinary_llm_control,casual_conversation,sha256_hex,,,,payload_fidelity_v2,payload_aware_result_v2,,surface_flag_total,payload,2.0,,2.0,1,100,2.0,2.0,0,0.95,forced_span,
exploratory_smoke_v3_payload_fidelity_v2_not_for_confirmatory_pooling,ordinary_llm_control_smoke_v3,llama3_8b_instruct_q4_k_m,ordinary_llm_control,casual_conversation,sha256_hex,,,,payload_fidelity_v2,payload_aware_result_v2,,surface_flag_total,payload,1.0,,1.0,1,100,1.0,1.0,0,0.95,full_message,
exploratory_smoke_v3_payload_fidelity_v2_not_for_confirmatory_pooling,ordinary_llm_control_smoke_v3,llama3_8b_instruct_q4_k_m,ordinary_llm_control,factual_explanatory,nonce_96_bit_hex,,,,payload_fidelity_v2,payload_aware_result_v2,,surface_flag_total,payload,4.0,,4.0,1,100,4.0,4.0,0,0.95,forced_span,
exploratory_smoke_v3_payload_fidelity_v2_not_for_confirmatory_pooling,ordinary_llm_control_smoke_v3,llama3_8b_instruct_q4_k_m,ordinary_llm_control,factual_explanatory,nonce_96_bit_hex,,,,payload_fidelity_v2,payload_aware_result_v2,,surface_flag_total,payload,2.0,,2.0,1,100,2.0,2.0,0,0.95,full_message,
exploratory_smoke_v3_payload_fidelity_v2_not_for_confirmatory_pooling,ordinary_llm_control_smoke_v3,llama3_8b_instruct_q4_k_m,ordinary_llm_control,factual_explanatory,token_128_bit_hex,,,,payload_fidelity_v2,payload_aware_result_v2,,surface_flag_total,payload,1.0,,1.0,1,100,1.0,1.0,0,0.95,forced_span,
exploratory_smoke_v3_payload_fidelity_v2_not_for_confirmatory_pooling,ordinary_llm_control_smoke_v3,llama3_8b_instruct_q4_k_m,ordinary_llm_control,factual_explanatory,token_128_bit_hex,,,,payload_fidelity_v2,payload_aware_result_v2,,surface_flag_total,payload,1.0,,1.0,1,100,1.0,1.0,0,0.95,full_message,
exploratory_smoke_v3_payload_fidelity_v2_not_for_confirmatory_pooling,ordinary_llm_control_smoke_v3,llama3_8b_instruct_q4_k_m,ordinary_llm_control,forum_question_answer,aes256_gcm_base64,,,,payload_fidelity_v2,payload_aware_result_v2,,surface_flag_total,payload,1.0,,1.0,1,100,1.0,1.0,0,0.95,full_message,
exploratory_smoke_v3_payload_fidelity_v2_not_for_confirmatory_pooling,ordinary_llm_control_smoke_v3,llama3_8b_instruct_q4_k_m,ordinary_llm_control,forum_question_answer,nonce_96_bit_hex,,,,payload_fidelity_v2,payload_aware_result_v2,,surface_flag_total,payload,1.0,,1.0,1,100,1.0,1.0,0,0.95,forced_span,
exploratory_smoke_v3_payload_fidelity_v2_not_for_confirmatory_pooling,ordinary_llm_control_smoke_v3,llama3_8b_instruct_q4_k_m,ordinary_llm_control,forum_question_answer,nonce_96_bit_hex,,,,payload_fidelity_v2,payload_aware_result_v2,,surface_flag_total,payload,1.0,,1.0,1,100,1.0,1.0,0,0.95,full_message,
exploratory_smoke_v3_payload_fidelity_v2_not_for_confirmatory_pooling,ordinary_llm_control_smoke_v3,llama3_8b_instruct_q4_k_m,ordinary_llm_control,personal_narrative_blog,hmac_sha256_hex,,,,payload_fidelity_v2,payload_aware_result_v2,,surface_flag_total,payload,1.0,,1.0,1,100,1.0,1.0,0,0.95,forced_span,
exploratory_smoke_v3_payload_fidelity_v2_not_for_confirmatory_pooling,ordinary_llm_control_smoke_v3,llama3_8b_instruct_q4_k_m,ordinary_llm_control,personal_narrative_blog,hmac_sha256_hex,,,,payload_fidelity_v2,payload_aware_result_v2,,surface_flag_total,payload,7.0,,7.0,1,100,7.0,7.0,0,0.95,full_message,
exploratory_smoke_v3_payload_fidelity_v2_not_for_confirmatory_pooling,ordinary_llm_control_smoke_v3,llama3_8b_instruct_q4_k_m,ordinary_llm_control,personal_narrative_blog,sha256_hex,,,,payload_fidelity_v2,payload_aware_result_v2,,surface_flag_total,payload,1.0,,1.0,1,100,1.0,1.0,0,0.95,forced_span,
exploratory_smoke_v3_payload_fidelity_v2_not_for_confirmatory_pooling,ordinary_llm_control_smoke_v3,llama3_8b_instruct_q4_k_m,ordinary_llm_control,personal_narrative_blog,sha256_hex,,,,payload_fidelity_v2,payload_aware_result_v2,,surface_flag_total,payload,11.0,,11.0,1,100,11.0,11.0,0,0.95,full_message,
exploratory_smoke_v3_payload_fidelity_v2_not_for_confirmatory_pooling,ordinary_llm_control_smoke_v3,llama3_8b_instruct_q4_k_m,ordinary_llm_control,professional_communication,nonce_96_bit_hex,,,,payload_fidelity_v2,payload_aware_result_v2,,surface_flag_total,payload,1.0,,1.0,1,100,1.0,1.0,0,0.95,forced_span,
exploratory_smoke_v3_payload_fidelity_v2_not_for_confirmatory_pooling,ordinary_llm_control_smoke_v3,llama3_8b_instruct_q4_k_m,ordinary_llm_control,professional_communication,nonce_96_bit_hex,,,,payload_fidelity_v2,payload_aware_result_v2,,surface_flag_total,payload,1.0,,1.0,1,100,1.0,1.0,0,0.95,full_message,
exploratory_smoke_v3_payload_fidelity_v2_not_for_confirmatory_pooling,ordinary_llm_control_smoke_v3,llama3_8b_instruct_q4_k_m,ordinary_llm_control,professional_communication,uuid_v4,,,,payload_fidelity_v2,payload_aware_result_v2,,surface_flag_total,payload,2.0,,2.0,1,100,2.0,2.0,0,0.95,full_message,
exploratory_smoke_v3_payload_fidelity_v2_not_for_confirmatory_pooling,ordinary_llm_control_smoke_v3,llama3_8b_instruct_q4_k_m,ordinary_llm_control,recipe_procedure,sha256_hex,,,,payload_fidelity_v2,payload_aware_result_v2,,surface_flag_total,payload,1.0,,1.0,1,100,1.0,1.0,0,0.95,full_message,
exploratory_smoke_v3_payload_fidelity_v2_not_for_confirmatory_pooling,ordinary_llm_control_smoke_v3,llama3_8b_instruct_q4_k_m,ordinary_llm_control,recipe_procedure,token_128_bit_hex,,,,payload_fidelity_v2,payload_aware_result_v2,,surface_flag_total,payload,2.0,,2.0,1,100,2.0,2.0,0,0.95,forced_span,
exploratory_smoke_v3_payload_fidelity_v2_not_for_confirmatory_pooling,ordinary_llm_control_smoke_v3,llama3_8b_instruct_q4_k_m,ordinary_llm_control,recipe_procedure,token_128_bit_hex,,,,payload_fidelity_v2,payload_aware_result_v2,,surface_flag_total,payload,1.0,,1.0,1,100,1.0,1.0,0,0.95,full_message,
exploratory_smoke_v3_payload_fidelity_v2_not_for_confirmatory_pooling,ordinary_llm_control_smoke_v3,mistral_7b_instruct_v0_3_q4_k_m,ordinary_llm_control,casual_conversation,ed25519_signature_base64,,,,payload_fidelity_v2,payload_aware_result_v2,,surface_flag_total,payload,1.0,,1.0,1,100,1.0,1.0,0,0.95,full_message,
exploratory_smoke_v3_payload_fidelity_v2_not_for_confirmatory_pooling,ordinary_llm_control_smoke_v3,mistral_7b_instruct_v0_3_q4_k_m,ordinary_llm_control,casual_conversation,nonce_96_bit_hex,,,,payload_fidelity_v2,payload_aware_result_v2,,surface_flag_total,payload,1.0,,1.0,1,100,1.0,1.0,0,0.95,forced_span,
exploratory_smoke_v3_payload_fidelity_v2_not_for_confirmatory_pooling,ordinary_llm_control_smoke_v3,mistral_7b_instruct_v0_3_q4_k_m,ordinary_llm_control,casual_conversation,nonce_96_bit_hex,,,,payload_fidelity_v2,payload_aware_result_v2,,surface_flag_total,payload,1.0,,1.0,1,100,1.0,1.0,0,0.95,full_message,
exploratory_smoke_v3_payload_fidelity_v2_not_for_confirmatory_pooling,ordinary_llm_control_smoke_v3,mistral_7b_instruct_v0_3_q4_k_m,ordinary_llm_control,factual_explanatory,sha256_hex,,,,payload_fidelity_v2,payload_aware_result_v2,,surface_flag_total,payload,1.0,,1.0,1,100,1.0,1.0,0,0.95,forced_span,
exploratory_smoke_v3_payload_fidelity_v2_not_for_confirmatory_pooling,ordinary_llm_control_smoke_v3,mistral_7b_instruct_v0_3_q4_k_m,ordinary_llm_control,factual_explanatory,sha256_hex,,,,payload_fidelity_v2,payload_aware_result_v2,,surface_flag_total,payload,0.0,,0.0,1,100,0.0,0.0,0,0.95,full_message,
exploratory_smoke_v3_payload_fidelity_v2_not_for_confirmatory_pooling,ordinary_llm_control_smoke_v3,mistral_7b_instruct_v0_3_q4_k_m,ordinary_llm_control,factual_explanatory,token_128_bit_hex,,,,payload_fidelity_v2,payload_aware_result_v2,,surface_flag_total,payload,1.0,,1.0,1,100,1.0,1.0,0,0.95,forced_span,
exploratory_smoke_v3_payload_fidelity_v2_not_for_confirmatory_pooling,ordinary_llm_control_smoke_v3,mistral_7b_instruct_v0_3_q4_k_m,ordinary_llm_control,factual_explanatory,token_128_bit_hex,,,,payload_fidelity_v2,payload_aware_result_v2,,surface_flag_total,payload,1.0,,1.0,1,100,1.0,1.0,0,0.95,full_message,
exploratory_smoke_v3_payload_fidelity_v2_not_for_confirmatory_pooling,ordinary_llm_control_smoke_v3,mistral_7b_instruct_v0_3_q4_k_m,ordinary_llm_control,forum_question_answer,aes256_gcm_base64,,,,payload_fidelity_v2,payload_aware_result_v2,,surface_flag_total,payload,1.0,,1.0,1,100,1.0,1.0,0,0.95,full_message,
exploratory_smoke_v3_payload_fidelity_v2_not_for_confirmatory_pooling,ordinary_llm_control_smoke_v3,mistral_7b_instruct_v0_3_q4_k_m,ordinary_llm_control,forum_question_answer,sha256_hex,,,,payload_fidelity_v2,payload_aware_result_v2,,surface_flag_total,payload,1.0,,1.0,1,100,1.0,1.0,0,0.95,forced_span,
exploratory_smoke_v3_payload_fidelity_v2_not_for_confirmatory_pooling,ordinary_llm_control_smoke_v3,mistral_7b_instruct_v0_3_q4_k_m,ordinary_llm_control,forum_question_answer,sha256_hex,,,,payload_fidelity_v2,payload_aware_result_v2,,surface_flag_total,payload,1.0,,1.0,1,100,1.0,1.0,0,0.95,full_message,
exploratory_smoke_v3_payload_fidelity_v2_not_for_confirmatory_pooling,ordinary_llm_control_smoke_v3,mistral_7b_instruct_v0_3_q4_k_m,ordinary_llm_control,personal_narrative_blog,nonce_96_bit_hex,,,,payload_fidelity_v2,payload_aware_result_v2,,surface_flag_total,payload,1.0,,1.0,1,100,1.0,1.0,0,0.95,forced_span,
exploratory_smoke_v3_payload_fidelity_v2_not_for_confirmatory_pooling,ordinary_llm_control_smoke_v3,mistral_7b_instruct_v0_3_q4_k_m,ordinary_llm_control,personal_narrative_blog,nonce_96_bit_hex,,,,payload_fidelity_v2,payload_aware_result_v2,,surface_flag_total,payload,1.0,,1.0,1,100,1.0,1.0,0,0.95,full_message,
exploratory_smoke_v3_payload_fidelity_v2_not_for_confirmatory_pooling,ordinary_llm_control_smoke_v3,mistral_7b_instruct_v0_3_q4_k_m,ordinary_llm_control,personal_narrative_blog,token_128_bit_hex,,,,payload_fidelity_v2,payload_aware_result_v2,,surface_flag_total,payload,0.0,,0.0,1,100,0.0,0.0,0,0.95,forced_span,
exploratory_smoke_v3_payload_fidelity_v2_not_for_confirmatory_pooling,ordinary_llm_control_smoke_v3,mistral_7b_instruct_v0_3_q4_k_m,ordinary_llm_control,personal_narrative_blog,token_128_bit_hex,,,,payload_fidelity_v2,payload_aware_result_v2,,surface_flag_total,payload,1.0,,1.0,1,100,1.0,1.0,0,0.95,full_message,
exploratory_smoke_v3_payload_fidelity_v2_not_for_confirmatory_pooling,ordinary_llm_control_smoke_v3,mistral_7b_instruct_v0_3_q4_k_m,ordinary_llm_control,professional_communication,uuid_v4,,,,payload_fidelity_v2,payload_aware_result_v2,,surface_flag_total,payload,2.0,,2.0,1,100,2.0,2.0,0,0.95,full_message,
exploratory_smoke_v3_payload_fidelity_v2_not_for_confirmatory_pooling,ordinary_llm_control_smoke_v3,mistral_7b_instruct_v0_3_q4_k_m,ordinary_llm_control,recipe_procedure,nonce_96_bit_hex,,,,payload_fidelity_v2,payload_aware_result_v2,,surface_flag_total,payload,1.0,,1.0,1,100,1.0,1.0,0,0.95,full_message,
exploratory_smoke_v3_payload_fidelity_v2_not_for_confirmatory_pooling,ordinary_llm_control_smoke_v3,mistral_7b_instruct_v0_3_q4_k_m,ordinary_llm_control,recipe_procedure,token_128_bit_hex,,,,payload_fidelity_v2,payload_aware_result_v2,,surface_flag_total,payload,1.0,,1.0,1,100,1.0,1.0,0,0.95,forced_span,
exploratory_smoke_v3_payload_fidelity_v2_not_for_confirmatory_pooling,ordinary_llm_control_smoke_v3,mistral_7b_instruct_v0_3_q4_k_m,ordinary_llm_control,recipe_procedure,token_128_bit_hex,,,,payload_fidelity_v2,payload_aware_result_v2,,surface_flag_total,payload,1.0,,1.0,1,100,1.0,1.0,0,0.95,full_message,
exploratory_smoke_v3_payload_fidelity_v2_not_for_confirmatory_pooling,ordinary_llm_control_smoke_v3,qwen2_5_7b_instruct_q4_k_m,ordinary_llm_control,casual_conversation,ed25519_signature_base64,,,,payload_fidelity_v2,payload_aware_result_v2,,surface_flag_total,payload,1.0,,1.0,1,100,1.0,1.0,0,0.95,full_message,
exploratory_smoke_v3_payload_fidelity_v2_not_for_confirmatory_pooling,ordinary_llm_control_smoke_v3,qwen2_5_7b_instruct_q4_k_m,ordinary_llm_control,casual_conversation,nonce_96_bit_hex,,,,payload_fidelity_v2,payload_aware_result_v2,,surface_flag_total,payload,1.0,,1.0,1,100,1.0,1.0,0,0.95,forced_span,
exploratory_smoke_v3_payload_fidelity_v2_not_for_confirmatory_pooling,ordinary_llm_control_smoke_v3,qwen2_5_7b_instruct_q4_k_m,ordinary_llm_control,casual_conversation,nonce_96_bit_hex,,,,payload_fidelity_v2,payload_aware_result_v2,,surface_flag_total,payload,1.0,,1.0,1,100,1.0,1.0,0,0.95,full_message,
exploratory_smoke_v3_payload_fidelity_v2_not_for_confirmatory_pooling,ordinary_llm_control_smoke_v3,qwen2_5_7b_instruct_q4_k_m,ordinary_llm_control,factual_explanatory,hmac_sha256_hex,,,,payload_fidelity_v2,payload_aware_result_v2,,surface_flag_total,payload,1.0,,1.0,1,100,1.0,1.0,0,0.95,forced_span,
exploratory_smoke_v3_payload_fidelity_v2_not_for_confirmatory_pooling,ordinary_llm_control_smoke_v3,qwen2_5_7b_instruct_q4_k_m,ordinary_llm_control,factual_explanatory,hmac_sha256_hex,,,,payload_fidelity_v2,payload_aware_result_v2,,surface_flag_total,payload,2.0,,2.0,1,100,2.0,2.0,0,0.95,full_message,
exploratory_smoke_v3_payload_fidelity_v2_not_for_confirmatory_pooling,ordinary_llm_control_smoke_v3,qwen2_5_7b_instruct_q4_k_m,ordinary_llm_control,factual_explanatory,nonce_96_bit_hex,,,,payload_fidelity_v2,payload_aware_result_v2,,surface_flag_total,payload,1.0,,1.0,1,100,1.0,1.0,0,0.95,forced_span,
exploratory_smoke_v3_payload_fidelity_v2_not_for_confirmatory_pooling,ordinary_llm_control_smoke_v3,qwen2_5_7b_instruct_q4_k_m,ordinary_llm_control,factual_explanatory,nonce_96_bit_hex,,,,payload_fidelity_v2,payload_aware_result_v2,,surface_flag_total,payload,0.0,,0.0,1,100,0.0,0.0,0,0.95,full_message,
exploratory_smoke_v3_payload_fidelity_v2_not_for_confirmatory_pooling,ordinary_llm_control_smoke_v3,qwen2_5_7b_instruct_q4_k_m,ordinary_llm_control,forum_question_answer,chacha20_poly1305_base64,,,,payload_fidelity_v2,payload_aware_result_v2,,surface_flag_total,payload,1.0,,1.0,1,100,1.0,1.0,0,0.95,full_message,
exploratory_smoke_v3_payload_fidelity_v2_not_for_confirmatory_pooling,ordinary_llm_control_smoke_v3,qwen2_5_7b_instruct_q4_k_m,ordinary_llm_control,forum_question_answer,token_128_bit_hex,,,,payload_fidelity_v2,payload_aware_result_v2,,surface_flag_total,payload,1.0,,1.0,1,100,1.0,1.0,0,0.95,forced_span,
exploratory_smoke_v3_payload_fidelity_v2_not_for_confirmatory_pooling,ordinary_llm_control_smoke_v3,qwen2_5_7b_instruct_q4_k_m,ordinary_llm_control,forum_question_answer,token_128_bit_hex,,,,payload_fidelity_v2,payload_aware_result_v2,,surface_flag_total,payload,1.0,,1.0,1,100,1.0,1.0,0,0.95,full_message,
exploratory_smoke_v3_payload_fidelity_v2_not_for_confirmatory_pooling,ordinary_llm_control_smoke_v3,qwen2_5_7b_instruct_q4_k_m,ordinary_llm_control,personal_narrative_blog,nonce_96_bit_hex,,,,payload_fidelity_v2,payload_aware_result_v2,,surface_flag_total,payload,1.0,,1.0,1,100,1.0,1.0,0,0.95,forced_span,
exploratory_smoke_v3_payload_fidelity_v2_not_for_confirmatory_pooling,ordinary_llm_control_smoke_v3,qwen2_5_7b_instruct_q4_k_m,ordinary_llm_control,personal_narrative_blog,nonce_96_bit_hex,,,,payload_fidelity_v2,payload_aware_result_v2,,surface_flag_total,payload,1.0,,1.0,1,100,1.0,1.0,0,0.95,full_message,
exploratory_smoke_v3_payload_fidelity_v2_not_for_confirmatory_pooling,ordinary_llm_control_smoke_v3,qwen2_5_7b_instruct_q4_k_m,ordinary_llm_control,personal_narrative_blog,sha256_hex,,,,payload_fidelity_v2,payload_aware_result_v2,,surface_flag_total,payload,1.0,,1.0,1,100,1.0,1.0,0,0.95,forced_span,
exploratory_smoke_v3_payload_fidelity_v2_not_for_confirmatory_pooling,ordinary_llm_control_smoke_v3,qwen2_5_7b_instruct_q4_k_m,ordinary_llm_control,personal_narrative_blog,sha256_hex,,,,payload_fidelity_v2,payload_aware_result_v2,,surface_flag_total,payload,1.0,,1.0,1,100,1.0,1.0,0,0.95,full_message,
exploratory_smoke_v3_payload_fidelity_v2_not_for_confirmatory_pooling,ordinary_llm_control_smoke_v3,qwen2_5_7b_instruct_q4_k_m,ordinary_llm_control,professional_communication,nonce_96_bit_hex,,,,payload_fidelity_v2,payload_aware_result_v2,,surface_flag_total,payload,0.0,,0.0,1,100,0.0,0.0,0,0.95,forced_span,
exploratory_smoke_v3_payload_fidelity_v2_not_for_confirmatory_pooling,ordinary_llm_control_smoke_v3,qwen2_5_7b_instruct_q4_k_m,ordinary_llm_control,professional_communication,nonce_96_bit_hex,,,,payload_fidelity_v2,payload_aware_result_v2,,surface_flag_total,payload,7.0,,7.0,1,100,7.0,7.0,0,0.95,full_message,
exploratory_smoke_v3_payload_fidelity_v2_not_for_confirmatory_pooling,ordinary_llm_control_smoke_v3,qwen2_5_7b_instruct_q4_k_m,ordinary_llm_control,professional_communication,uuid_v4,,,,payload_fidelity_v2,payload_aware_result_v2,,surface_flag_total,payload,1.0,,1.0,1,100,1.0,1.0,0,0.95,full_message,
exploratory_smoke_v3_payload_fidelity_v2_not_for_confirmatory_pooling,ordinary_llm_control_smoke_v3,qwen2_5_7b_instruct_q4_k_m,ordinary_llm_control,recipe_procedure,sha256_hex,,,,payload_fidelity_v2,payload_aware_result_v2,,surface_flag_total,payload,1.0,,1.0,1,100,1.0,1.0,0,0.95,forced_span,
exploratory_smoke_v3_payload_fidelity_v2_not_for_confirmatory_pooling,ordinary_llm_control_smoke_v3,qwen2_5_7b_instruct_q4_k_m,ordinary_llm_control,recipe_procedure,sha256_hex,,,,payload_fidelity_v2,payload_aware_result_v2,,surface_flag_total,payload,1.0,,1.0,1,100,1.0,1.0,0,0.95,full_message,
exploratory_smoke_v3_payload_fidelity_v2_not_for_confirmatory_pooling,ordinary_llm_control_smoke_v3,qwen2_5_7b_instruct_q4_k_m,ordinary_llm_control,recipe_procedure,token_128_bit_hex,,,,payload_fidelity_v2,payload_aware_result_v2,,surface_flag_total,payload,1.0,,1.0,1,100,1.0,1.0,0,0.95,full_message,
exploratory_smoke_v3_payload_fidelity_v2_not_for_confirmatory_pooling,smoke_v3_exploratory,llama3_8b_instruct_q4_k_m,direct_subword_calgacus,casual_conversation,ed25519_signature_base64,,,,payload_fidelity_v2,payload_aware_result_v2,,surface_flag_total,payload,9.0,,9.0,1,100,9.0,9.0,0,0.95,forced_span,
exploratory_smoke_v3_payload_fidelity_v2_not_for_confirmatory_pooling,smoke_v3_exploratory,llama3_8b_instruct_q4_k_m,direct_subword_calgacus,casual_conversation,ed25519_signature_base64,,,,payload_fidelity_v2,payload_aware_result_v2,,surface_flag_total,payload,9.0,,9.0,1,100,9.0,9.0,0,0.95,full_message,
exploratory_smoke_v3_payload_fidelity_v2_not_for_confirmatory_pooling,smoke_v3_exploratory,llama3_8b_instruct_q4_k_m,nonseg_ascii_b16,forum_question_answer,aes256_gcm_base64,,,,payload_fidelity_v2,payload_aware_result_v2,,surface_flag_total,payload,4.0,,4.0,1,100,4.0,4.0,0,0.95,forced_span,
exploratory_smoke_v3_payload_fidelity_v2_not_for_confirmatory_pooling,smoke_v3_exploratory,llama3_8b_instruct_q4_k_m,nonseg_ascii_b16,forum_question_answer,aes256_gcm_base64,,,,payload_fidelity_v2,payload_aware_result_v2,,surface_flag_total,payload,4.0,,4.0,1,100,4.0,4.0,0,0.95,full_message,
exploratory_smoke_v3_payload_fidelity_v2_not_for_confirmatory_pooling,smoke_v3_exploratory,llama3_8b_instruct_q4_k_m,nonseg_ascii_b8,professional_communication,uuid_v4,,,,payload_fidelity_v2,payload_aware_result_v2,,surface_flag_total,payload,1.0,,1.0,1,100,1.0,1.0,0,0.95,forced_span,
exploratory_smoke_v3_payload_fidelity_v2_not_for_confirmatory_pooling,smoke_v3_exploratory,llama3_8b_instruct_q4_k_m,nonseg_ascii_b8,professional_communication,uuid_v4,,,,payload_fidelity_v2,payload_aware_result_v2,,surface_flag_total,payload,1.0,,1.0,1,100,1.0,1.0,0,0.95,full_message,
exploratory_smoke_v3_payload_fidelity_v2_not_for_confirmatory_pooling,smoke_v3_exploratory,llama3_8b_instruct_q4_k_m,nonseg_hex_nibble_b16,recipe_procedure,sha256_hex,,,,payload_fidelity_v2,payload_aware_result_v2,,surface_flag_total,payload,1.0,,1.0,1,100,1.0,1.0,0,0.95,forced_span,
exploratory_smoke_v3_payload_fidelity_v2_not_for_confirmatory_pooling,smoke_v3_exploratory,llama3_8b_instruct_q4_k_m,nonseg_hex_nibble_b16,recipe_procedure,sha256_hex,,,,payload_fidelity_v2,payload_aware_result_v2,,surface_flag_total,payload,1.0,,1.0,1,100,1.0,1.0,0,0.95,full_message,
exploratory_smoke_v3_payload_fidelity_v2_not_for_confirmatory_pooling,smoke_v3_exploratory,llama3_8b_instruct_q4_k_m,segmented_hex_multi_topic,casual_conversation,sha256_hex,,,,payload_fidelity_v2,payload_aware_result_v2,,surface_flag_total,payload,3.0,,3.0,1,100,3.0,3.0,0,0.95,forced_span,
exploratory_smoke_v3_payload_fidelity_v2_not_for_confirmatory_pooling,smoke_v3_exploratory,llama3_8b_instruct_q4_k_m,segmented_hex_multi_topic,casual_conversation,sha256_hex,,,,payload_fidelity_v2,payload_aware_result_v2,,surface_flag_total,payload,3.0,,3.0,1,100,3.0,3.0,0,0.95,full_message,
exploratory_smoke_v3_payload_fidelity_v2_not_for_confirmatory_pooling,smoke_v3_exploratory,llama3_8b_instruct_q4_k_m,segmented_hex_multi_topic,factual_explanatory,nonce_96_bit_hex,,,,payload_fidelity_v2,payload_aware_result_v2,,surface_flag_total,payload,1.0,,1.0,1,100,1.0,1.0,0,0.95,forced_span,
exploratory_smoke_v3_payload_fidelity_v2_not_for_confirmatory_pooling,smoke_v3_exploratory,llama3_8b_instruct_q4_k_m,segmented_hex_multi_topic,factual_explanatory,nonce_96_bit_hex,,,,payload_fidelity_v2,payload_aware_result_v2,,surface_flag_total,payload,1.0,,1.0,1,100,1.0,1.0,0,0.95,full_message,
exploratory_smoke_v3_payload_fidelity_v2_not_for_confirmatory_pooling,smoke_v3_exploratory,llama3_8b_instruct_q4_k_m,segmented_hex_multi_topic,factual_explanatory,token_128_bit_hex,,,,payload_fidelity_v2,payload_aware_result_v2,,surface_flag_total,payload,2.0,,2.0,1,100,2.0,2.0,0,0.95,forced_span,
exploratory_smoke_v3_payload_fidelity_v2_not_for_confirmatory_pooling,smoke_v3_exploratory,llama3_8b_instruct_q4_k_m,segmented_hex_multi_topic,factual_explanatory,token_128_bit_hex,,,,payload_fidelity_v2,payload_aware_result_v2,,surface_flag_total,payload,0.0,,0.0,1,100,0.0,0.0,0,0.95,full_message,
exploratory_smoke_v3_payload_fidelity_v2_not_for_confirmatory_pooling,smoke_v3_exploratory,llama3_8b_instruct_q4_k_m,segmented_hex_multi_topic,forum_question_answer,nonce_96_bit_hex,,,,payload_fidelity_v2,payload_aware_result_v2,,surface_flag_total,payload,6.0,,6.0,1,100,6.0,6.0,0,0.95,forced_span,
exploratory_smoke_v3_payload_fidelity_v2_not_for_confirmatory_pooling,smoke_v3_exploratory,llama3_8b_instruct_q4_k_m,segmented_hex_multi_topic,forum_question_answer,nonce_96_bit_hex,,,,payload_fidelity_v2,payload_aware_result_v2,,surface_flag_total,payload,3.0,,3.0,1,100,3.0,3.0,0,0.95,full_message,
exploratory_smoke_v3_payload_fidelity_v2_not_for_confirmatory_pooling,smoke_v3_exploratory,llama3_8b_instruct_q4_k_m,segmented_hex_multi_topic,personal_narrative_blog,sha256_hex,,,,payload_fidelity_v2,payload_aware_result_v2,,surface_flag_total,payload,5.0,,5.0,1,100,5.0,5.0,0,0.95,forced_span,
exploratory_smoke_v3_payload_fidelity_v2_not_for_confirmatory_pooling,smoke_v3_exploratory,llama3_8b_instruct_q4_k_m,segmented_hex_multi_topic,personal_narrative_blog,sha256_hex,,,,payload_fidelity_v2,payload_aware_result_v2,,surface_flag_total,payload,3.0,,3.0,1,100,3.0,3.0,0,0.95,full_message,
exploratory_smoke_v3_payload_fidelity_v2_not_for_confirmatory_pooling,smoke_v3_exploratory,llama3_8b_instruct_q4_k_m,segmented_hex_multi_topic,professional_communication,nonce_96_bit_hex,,,,payload_fidelity_v2,payload_aware_result_v2,,surface_flag_total,payload,1.0,,1.0,1,100,1.0,1.0,0,0.95,forced_span,
exploratory_smoke_v3_payload_fidelity_v2_not_for_confirmatory_pooling,smoke_v3_exploratory,llama3_8b_instruct_q4_k_m,segmented_hex_multi_topic,professional_communication,nonce_96_bit_hex,,,,payload_fidelity_v2,payload_aware_result_v2,,surface_flag_total,payload,2.0,,2.0,1,100,2.0,2.0,0,0.95,full_message,
exploratory_smoke_v3_payload_fidelity_v2_not_for_confirmatory_pooling,smoke_v3_exploratory,llama3_8b_instruct_q4_k_m,segmented_hex_multi_topic,recipe_procedure,token_128_bit_hex,,,,payload_fidelity_v2,payload_aware_result_v2,,surface_flag_total,payload,5.0,,5.0,1,100,5.0,5.0,0,0.95,forced_span,
exploratory_smoke_v3_payload_fidelity_v2_not_for_confirmatory_pooling,smoke_v3_exploratory,llama3_8b_instruct_q4_k_m,segmented_hex_multi_topic,recipe_procedure,token_128_bit_hex,,,,payload_fidelity_v2,payload_aware_result_v2,,surface_flag_total,payload,5.0,,5.0,1,100,5.0,5.0,0,0.95,full_message,
exploratory_smoke_v3_payload_fidelity_v2_not_for_confirmatory_pooling,smoke_v3_exploratory,llama3_8b_instruct_q4_k_m,segmented_hex_single_topic,personal_narrative_blog,hmac_sha256_hex,,,,payload_fidelity_v2,payload_aware_result_v2,,surface_flag_total,payload,3.0,,3.0,1,100,3.0,3.0,0,0.95,forced_span,
exploratory_smoke_v3_payload_fidelity_v2_not_for_confirmatory_pooling,smoke_v3_exploratory,llama3_8b_instruct_q4_k_m,segmented_hex_single_topic,personal_narrative_blog,hmac_sha256_hex,,,,payload_fidelity_v2,payload_aware_result_v2,,surface_flag_total,payload,6.0,,6.0,1,100,6.0,6.0,0,0.95,full_message,
exploratory_smoke_v3_payload_fidelity_v2_not_for_confirmatory_pooling,smoke_v3_exploratory,mistral_7b_instruct_v0_3_q4_k_m,direct_subword_calgacus,casual_conversation,ed25519_signature_base64,,,,payload_fidelity_v2,payload_aware_result_v2,,surface_flag_total,payload,4.0,,4.0,1,100,4.0,4.0,0,0.95,forced_span,
exploratory_smoke_v3_payload_fidelity_v2_not_for_confirmatory_pooling,smoke_v3_exploratory,mistral_7b_instruct_v0_3_q4_k_m,direct_subword_calgacus,casual_conversation,ed25519_signature_base64,,,,payload_fidelity_v2,payload_aware_result_v2,,surface_flag_total,payload,4.0,,4.0,1,100,4.0,4.0,0,0.95,full_message,
exploratory_smoke_v3_payload_fidelity_v2_not_for_confirmatory_pooling,smoke_v3_exploratory,mistral_7b_instruct_v0_3_q4_k_m,nonseg_ascii_b16,forum_question_answer,aes256_gcm_base64,,,,payload_fidelity_v2,payload_aware_result_v2,,surface_flag_total,payload,1.0,,1.0,1,100,1.0,1.0,0,0.95,forced_span,
exploratory_smoke_v3_payload_fidelity_v2_not_for_confirmatory_pooling,smoke_v3_exploratory,mistral_7b_instruct_v0_3_q4_k_m,nonseg_ascii_b16,forum_question_answer,aes256_gcm_base64,,,,payload_fidelity_v2,payload_aware_result_v2,,surface_flag_total,payload,1.0,,1.0,1,100,1.0,1.0,0,0.95,full_message,
exploratory_smoke_v3_payload_fidelity_v2_not_for_confirmatory_pooling,smoke_v3_exploratory,mistral_7b_instruct_v0_3_q4_k_m,nonseg_ascii_b8,professional_communication,uuid_v4,,,,payload_fidelity_v2,payload_aware_result_v2,,surface_flag_total,payload,2.0,,2.0,1,100,2.0,2.0,0,0.95,forced_span,
exploratory_smoke_v3_payload_fidelity_v2_not_for_confirmatory_pooling,smoke_v3_exploratory,mistral_7b_instruct_v0_3_q4_k_m,nonseg_ascii_b8,professional_communication,uuid_v4,,,,payload_fidelity_v2,payload_aware_result_v2,,surface_flag_total,payload,2.0,,2.0,1,100,2.0,2.0,0,0.95,full_message,
exploratory_smoke_v3_payload_fidelity_v2_not_for_confirmatory_pooling,smoke_v3_exploratory,mistral_7b_instruct_v0_3_q4_k_m,nonseg_hex_nibble_b16,recipe_procedure,nonce_96_bit_hex,,,,payload_fidelity_v2,payload_aware_result_v2,,surface_flag_total,payload,1.0,,1.0,1,100,1.0,1.0,0,0.95,forced_span,
exploratory_smoke_v3_payload_fidelity_v2_not_for_confirmatory_pooling,smoke_v3_exploratory,mistral_7b_instruct_v0_3_q4_k_m,nonseg_hex_nibble_b16,recipe_procedure,nonce_96_bit_hex,,,,payload_fidelity_v2,payload_aware_result_v2,,surface_flag_total,payload,1.0,,1.0,1,100,1.0,1.0,0,0.95,full_message,
exploratory_smoke_v3_payload_fidelity_v2_not_for_confirmatory_pooling,smoke_v3_exploratory,mistral_7b_instruct_v0_3_q4_k_m,segmented_hex_multi_topic,casual_conversation,nonce_96_bit_hex,,,,payload_fidelity_v2,payload_aware_result_v2,,surface_flag_total,payload,1.0,,1.0,1,100,1.0,1.0,0,0.95,forced_span,
exploratory_smoke_v3_payload_fidelity_v2_not_for_confirmatory_pooling,smoke_v3_exploratory,mistral_7b_instruct_v0_3_q4_k_m,segmented_hex_multi_topic,casual_conversation,nonce_96_bit_hex,,,,payload_fidelity_v2,payload_aware_result_v2,,surface_flag_total,payload,1.0,,1.0,1,100,1.0,1.0,0,0.95,full_message,
exploratory_smoke_v3_payload_fidelity_v2_not_for_confirmatory_pooling,smoke_v3_exploratory,mistral_7b_instruct_v0_3_q4_k_m,segmented_hex_multi_topic,factual_explanatory,sha256_hex,,,,payload_fidelity_v2,payload_aware_result_v2,,surface_flag_total,payload,1.0,,1.0,1,100,1.0,1.0,0,0.95,forced_span,
exploratory_smoke_v3_payload_fidelity_v2_not_for_confirmatory_pooling,smoke_v3_exploratory,mistral_7b_instruct_v0_3_q4_k_m,segmented_hex_multi_topic,factual_explanatory,sha256_hex,,,,payload_fidelity_v2,payload_aware_result_v2,,surface_flag_total,payload,0.0,,0.0,1,100,0.0,0.0,0,0.95,full_message,
exploratory_smoke_v3_payload_fidelity_v2_not_for_confirmatory_pooling,smoke_v3_exploratory,mistral_7b_instruct_v0_3_q4_k_m,segmented_hex_multi_topic,factual_explanatory,token_128_bit_hex,,,,payload_fidelity_v2,payload_aware_result_v2,,surface_flag_total,payload,2.0,,2.0,1,100,2.0,2.0,0,0.95,forced_span,
exploratory_smoke_v3_payload_fidelity_v2_not_for_confirmatory_pooling,smoke_v3_exploratory,mistral_7b_instruct_v0_3_q4_k_m,segmented_hex_multi_topic,factual_explanatory,token_128_bit_hex,,,,payload_fidelity_v2,payload_aware_result_v2,,surface_flag_total,payload,0.0,,0.0,1,100,0.0,0.0,0,0.95,full_message,
exploratory_smoke_v3_payload_fidelity_v2_not_for_confirmatory_pooling,smoke_v3_exploratory,mistral_7b_instruct_v0_3_q4_k_m,segmented_hex_multi_topic,forum_question_answer,sha256_hex,,,,payload_fidelity_v2,payload_aware_result_v2,,surface_flag_total,payload,6.0,,6.0,1,100,6.0,6.0,0,0.95,forced_span,
exploratory_smoke_v3_payload_fidelity_v2_not_for_confirmatory_pooling,smoke_v3_exploratory,mistral_7b_instruct_v0_3_q4_k_m,segmented_hex_multi_topic,forum_question_answer,sha256_hex,,,,payload_fidelity_v2,payload_aware_result_v2,,surface_flag_total,payload,1.0,,1.0,1,100,1.0,1.0,0,0.95,full_message,
exploratory_smoke_v3_payload_fidelity_v2_not_for_confirmatory_pooling,smoke_v3_exploratory,mistral_7b_instruct_v0_3_q4_k_m,segmented_hex_multi_topic,personal_narrative_blog,nonce_96_bit_hex,,,,payload_fidelity_v2,payload_aware_result_v2,,surface_flag_total,payload,2.0,,2.0,1,100,2.0,2.0,0,0.95,forced_span,
exploratory_smoke_v3_payload_fidelity_v2_not_for_confirmatory_pooling,smoke_v3_exploratory,mistral_7b_instruct_v0_3_q4_k_m,segmented_hex_multi_topic,personal_narrative_blog,nonce_96_bit_hex,,,,payload_fidelity_v2,payload_aware_result_v2,,surface_flag_total,payload,0.0,,0.0,1,100,0.0,0.0,0,0.95,full_message,
exploratory_smoke_v3_payload_fidelity_v2_not_for_confirmatory_pooling,smoke_v3_exploratory,mistral_7b_instruct_v0_3_q4_k_m,segmented_hex_multi_topic,recipe_procedure,token_128_bit_hex,,,,payload_fidelity_v2,payload_aware_result_v2,,surface_flag_total,payload,3.0,,3.0,1,100,3.0,3.0,0,0.95,forced_span,
exploratory_smoke_v3_payload_fidelity_v2_not_for_confirmatory_pooling,smoke_v3_exploratory,mistral_7b_instruct_v0_3_q4_k_m,segmented_hex_multi_topic,recipe_procedure,token_128_bit_hex,,,,payload_fidelity_v2,payload_aware_result_v2,,surface_flag_total,payload,3.0,,3.0,1,100,3.0,3.0,0,0.95,full_message,
exploratory_smoke_v3_payload_fidelity_v2_not_for_confirmatory_pooling,smoke_v3_exploratory,mistral_7b_instruct_v0_3_q4_k_m,segmented_hex_single_topic,personal_narrative_blog,token_128_bit_hex,,,,payload_fidelity_v2,payload_aware_result_v2,,surface_flag_total,payload,1.0,,1.0,1,100,1.0,1.0,0,0.95,forced_span,
exploratory_smoke_v3_payload_fidelity_v2_not_for_confirmatory_pooling,smoke_v3_exploratory,mistral_7b_instruct_v0_3_q4_k_m,segmented_hex_single_topic,personal_narrative_blog,token_128_bit_hex,,,,payload_fidelity_v2,payload_aware_result_v2,,surface_flag_total,payload,0.0,,0.0,1,100,0.0,0.0,0,0.95,full_message,
exploratory_smoke_v3_payload_fidelity_v2_not_for_confirmatory_pooling,smoke_v3_exploratory,qwen2_5_7b_instruct_q4_k_m,direct_subword_calgacus,casual_conversation,ed25519_signature_base64,,,,payload_fidelity_v2,payload_aware_result_v2,,surface_flag_total,payload,3.0,,3.0,1,100,3.0,3.0,0,0.95,forced_span,
exploratory_smoke_v3_payload_fidelity_v2_not_for_confirmatory_pooling,smoke_v3_exploratory,qwen2_5_7b_instruct_q4_k_m,direct_subword_calgacus,casual_conversation,ed25519_signature_base64,,,,payload_fidelity_v2,payload_aware_result_v2,,surface_flag_total,payload,3.0,,3.0,1,100,3.0,3.0,0,0.95,full_message,
exploratory_smoke_v3_payload_fidelity_v2_not_for_confirmatory_pooling,smoke_v3_exploratory,qwen2_5_7b_instruct_q4_k_m,nonseg_ascii_b16,forum_question_answer,chacha20_poly1305_base64,,,,payload_fidelity_v2,payload_aware_result_v2,,surface_flag_total,payload,2.0,,2.0,1,100,2.0,2.0,0,0.95,forced_span,
exploratory_smoke_v3_payload_fidelity_v2_not_for_confirmatory_pooling,smoke_v3_exploratory,qwen2_5_7b_instruct_q4_k_m,nonseg_ascii_b16,forum_question_answer,chacha20_poly1305_base64,,,,payload_fidelity_v2,payload_aware_result_v2,,surface_flag_total,payload,2.0,,2.0,1,100,2.0,2.0,0,0.95,full_message,
exploratory_smoke_v3_payload_fidelity_v2_not_for_confirmatory_pooling,smoke_v3_exploratory,qwen2_5_7b_instruct_q4_k_m,nonseg_ascii_b8,professional_communication,uuid_v4,,,,payload_fidelity_v2,payload_aware_result_v2,,surface_flag_total,payload,2.0,,2.0,1,100,2.0,2.0,0,0.95,forced_span,
exploratory_smoke_v3_payload_fidelity_v2_not_for_confirmatory_pooling,smoke_v3_exploratory,qwen2_5_7b_instruct_q4_k_m,nonseg_ascii_b8,professional_communication,uuid_v4,,,,payload_fidelity_v2,payload_aware_result_v2,,surface_flag_total,payload,2.0,,2.0,1,100,2.0,2.0,0,0.95,full_message,
exploratory_smoke_v3_payload_fidelity_v2_not_for_confirmatory_pooling,smoke_v3_exploratory,qwen2_5_7b_instruct_q4_k_m,nonseg_hex_nibble_b16,recipe_procedure,token_128_bit_hex,,,,payload_fidelity_v2,payload_aware_result_v2,,surface_flag_total,payload,1.0,,1.0,1,100,1.0,1.0,0,0.95,forced_span,
exploratory_smoke_v3_payload_fidelity_v2_not_for_confirmatory_pooling,smoke_v3_exploratory,qwen2_5_7b_instruct_q4_k_m,nonseg_hex_nibble_b16,recipe_procedure,token_128_bit_hex,,,,payload_fidelity_v2,payload_aware_result_v2,,surface_flag_total,payload,1.0,,1.0,1,100,1.0,1.0,0,0.95,full_message,
exploratory_smoke_v3_payload_fidelity_v2_not_for_confirmatory_pooling,smoke_v3_exploratory,qwen2_5_7b_instruct_q4_k_m,segmented_hex_multi_topic,casual_conversation,nonce_96_bit_hex,,,,payload_fidelity_v2,payload_aware_result_v2,,surface_flag_total,payload,2.0,,2.0,1,100,2.0,2.0,0,0.95,forced_span,
exploratory_smoke_v3_payload_fidelity_v2_not_for_confirmatory_pooling,smoke_v3_exploratory,qwen2_5_7b_instruct_q4_k_m,segmented_hex_multi_topic,casual_conversation,nonce_96_bit_hex,,,,payload_fidelity_v2,payload_aware_result_v2,,surface_flag_total,payload,3.0,,3.0,1,100,3.0,3.0,0,0.95,full_message,
exploratory_smoke_v3_payload_fidelity_v2_not_for_confirmatory_pooling,smoke_v3_exploratory,qwen2_5_7b_instruct_q4_k_m,segmented_hex_multi_topic,factual_explanatory,hmac_sha256_hex,,,,payload_fidelity_v2,payload_aware_result_v2,,surface_flag_total,payload,3.0,,3.0,1,100,3.0,3.0,0,0.95,forced_span,
exploratory_smoke_v3_payload_fidelity_v2_not_for_confirmatory_pooling,smoke_v3_exploratory,qwen2_5_7b_instruct_q4_k_m,segmented_hex_multi_topic,factual_explanatory,hmac_sha256_hex,,,,payload_fidelity_v2,payload_aware_result_v2,,surface_flag_total,payload,1.0,,1.0,1,100,1.0,1.0,0,0.95,full_message,
exploratory_smoke_v3_payload_fidelity_v2_not_for_confirmatory_pooling,smoke_v3_exploratory,qwen2_5_7b_instruct_q4_k_m,segmented_hex_multi_topic,factual_explanatory,nonce_96_bit_hex,,,,payload_fidelity_v2,payload_aware_result_v2,,surface_flag_total,payload,4.0,,4.0,1,100,4.0,4.0,0,0.95,forced_span,
exploratory_smoke_v3_payload_fidelity_v2_not_for_confirmatory_pooling,smoke_v3_exploratory,qwen2_5_7b_instruct_q4_k_m,segmented_hex_multi_topic,factual_explanatory,nonce_96_bit_hex,,,,payload_fidelity_v2,payload_aware_result_v2,,surface_flag_total,payload,2.0,,2.0,1,100,2.0,2.0,0,0.95,full_message,
exploratory_smoke_v3_payload_fidelity_v2_not_for_confirmatory_pooling,smoke_v3_exploratory,qwen2_5_7b_instruct_q4_k_m,segmented_hex_multi_topic,forum_question_answer,token_128_bit_hex,,,,payload_fidelity_v2,payload_aware_result_v2,,surface_flag_total,payload,2.0,,2.0,1,100,2.0,2.0,0,0.95,forced_span,
exploratory_smoke_v3_payload_fidelity_v2_not_for_confirmatory_pooling,smoke_v3_exploratory,qwen2_5_7b_instruct_q4_k_m,segmented_hex_multi_topic,forum_question_answer,token_128_bit_hex,,,,payload_fidelity_v2,payload_aware_result_v2,,surface_flag_total,payload,0.0,,0.0,1,100,0.0,0.0,0,0.95,full_message,
exploratory_smoke_v3_payload_fidelity_v2_not_for_confirmatory_pooling,smoke_v3_exploratory,qwen2_5_7b_instruct_q4_k_m,segmented_hex_multi_topic,personal_narrative_blog,nonce_96_bit_hex,,,,payload_fidelity_v2,payload_aware_result_v2,,surface_flag_total,payload,1.0,,1.0,1,100,1.0,1.0,0,0.95,forced_span,
exploratory_smoke_v3_payload_fidelity_v2_not_for_confirmatory_pooling,smoke_v3_exploratory,qwen2_5_7b_instruct_q4_k_m,segmented_hex_multi_topic,personal_narrative_blog,nonce_96_bit_hex,,,,payload_fidelity_v2,payload_aware_result_v2,,surface_flag_total,payload,0.0,,0.0,1,100,0.0,0.0,0,0.95,full_message,
exploratory_smoke_v3_payload_fidelity_v2_not_for_confirmatory_pooling,smoke_v3_exploratory,qwen2_5_7b_instruct_q4_k_m,segmented_hex_multi_topic,professional_communication,nonce_96_bit_hex,,,,payload_fidelity_v2,payload_aware_result_v2,,surface_flag_total,payload,2.0,,2.0,1,100,2.0,2.0,0,0.95,forced_span,
exploratory_smoke_v3_payload_fidelity_v2_not_for_confirmatory_pooling,smoke_v3_exploratory,qwen2_5_7b_instruct_q4_k_m,segmented_hex_multi_topic,professional_communication,nonce_96_bit_hex,,,,payload_fidelity_v2,payload_aware_result_v2,,surface_flag_total,payload,0.0,,0.0,1,100,0.0,0.0,0,0.95,full_message,
exploratory_smoke_v3_payload_fidelity_v2_not_for_confirmatory_pooling,smoke_v3_exploratory,qwen2_5_7b_instruct_q4_k_m,segmented_hex_multi_topic,recipe_procedure,sha256_hex,,,,payload_fidelity_v2,payload_aware_result_v2,,surface_flag_total,payload,2.0,,2.0,1,100,2.0,2.0,0,0.95,forced_span,
exploratory_smoke_v3_payload_fidelity_v2_not_for_confirmatory_pooling,smoke_v3_exploratory,qwen2_5_7b_instruct_q4_k_m,segmented_hex_multi_topic,recipe_procedure,sha256_hex,,,,payload_fidelity_v2,payload_aware_result_v2,,surface_flag_total,payload,2.0,,2.0,1,100,2.0,2.0,0,0.95,full_message,
exploratory_smoke_v3_payload_fidelity_v2_not_for_confirmatory_pooling,smoke_v3_exploratory,qwen2_5_7b_instruct_q4_k_m,segmented_hex_single_topic,personal_narrative_blog,sha256_hex,,,,payload_fidelity_v2,payload_aware_result_v2,,surface_flag_total,payload,3.0,,3.0,1,100,3.0,3.0,0,0.95,forced_span,
exploratory_smoke_v3_payload_fidelity_v2_not_for_confirmatory_pooling,smoke_v3_exploratory,qwen2_5_7b_instruct_q4_k_m,segmented_hex_single_topic,personal_narrative_blog,sha256_hex,,,,payload_fidelity_v2,payload_aware_result_v2,,surface_flag_total,payload,0.0,,0.0,1,100,0.0,0.0,0,0.95,full_message,
exploratory_smoke_v3_payload_fidelity_v2_not_for_confirmatory_pooling,ordinary_llm_control_smoke_v3,llama3_8b_instruct_q4_k_m,ordinary_llm_control,casual_conversation,ed25519_signature_base64,,,,payload_fidelity_v2,payload_aware_result_v2,,tfidf_prompt_similarity,payload,0.10670074603434676,,0.10670074603434676,1,100,0.10670074603434676,0.10670074603434676,0,0.95,full_message,
exploratory_smoke_v3_payload_fidelity_v2_not_for_confirmatory_pooling,ordinary_llm_control_smoke_v3,llama3_8b_instruct_q4_k_m,ordinary_llm_control,casual_conversation,sha256_hex,,,,payload_fidelity_v2,payload_aware_result_v2,,tfidf_prompt_similarity,payload,0.12874317735521437,,0.12874317735521437,1,100,0.12874317735521437,0.12874317735521437,0,0.95,forced_span,
exploratory_smoke_v3_payload_fidelity_v2_not_for_confirmatory_pooling,ordinary_llm_control_smoke_v3,llama3_8b_instruct_q4_k_m,ordinary_llm_control,casual_conversation,sha256_hex,,,,payload_fidelity_v2,payload_aware_result_v2,,tfidf_prompt_similarity,payload,0.14064705081477497,,0.14064705081477497,1,100,0.14064705081477497,0.14064705081477497,0,0.95,full_message,
exploratory_smoke_v3_payload_fidelity_v2_not_for_confirmatory_pooling,ordinary_llm_control_smoke_v3,llama3_8b_instruct_q4_k_m,ordinary_llm_control,factual_explanatory,nonce_96_bit_hex,,,,payload_fidelity_v2,payload_aware_result_v2,,tfidf_prompt_similarity,payload,0.019031278251455404,,0.019031278251455404,1,100,0.019031278251455404,0.019031278251455404,0,0.95,forced_span,
exploratory_smoke_v3_payload_fidelity_v2_not_for_confirmatory_pooling,ordinary_llm_control_smoke_v3,llama3_8b_instruct_q4_k_m,ordinary_llm_control,factual_explanatory,nonce_96_bit_hex,,,,payload_fidelity_v2,payload_aware_result_v2,,tfidf_prompt_similarity,payload,0.07811396553639283,,0.07811396553639283,1,100,0.07811396553639283,0.07811396553639283,0,0.95,full_message,
exploratory_smoke_v3_payload_fidelity_v2_not_for_confirmatory_pooling,ordinary_llm_control_smoke_v3,llama3_8b_instruct_q4_k_m,ordinary_llm_control,factual_explanatory,token_128_bit_hex,,,,payload_fidelity_v2,payload_aware_result_v2,,tfidf_prompt_similarity,payload,0.09807214172464349,,0.09807214172464349,1,100,0.09807214172464349,0.09807214172464349,0,0.95,forced_span,
exploratory_smoke_v3_payload_fidelity_v2_not_for_confirmatory_pooling,ordinary_llm_control_smoke_v3,llama3_8b_instruct_q4_k_m,ordinary_llm_control,factual_explanatory,token_128_bit_hex,,,,payload_fidelity_v2,payload_aware_result_v2,,tfidf_prompt_similarity,payload,0.03223918703737602,,0.03223918703737602,1,100,0.03223918703737602,0.03223918703737602,0,0.95,full_message,
exploratory_smoke_v3_payload_fidelity_v2_not_for_confirmatory_pooling,ordinary_llm_control_smoke_v3,llama3_8b_instruct_q4_k_m,ordinary_llm_control,forum_question_answer,aes256_gcm_base64,,,,payload_fidelity_v2,payload_aware_result_v2,,tfidf_prompt_similarity,payload,0.02770943694727806,,0.02770943694727806,1,100,0.02770943694727806,0.02770943694727806,0,0.95,full_message,
exploratory_smoke_v3_payload_fidelity_v2_not_for_confirmatory_pooling,ordinary_llm_control_smoke_v3,llama3_8b_instruct_q4_k_m,ordinary_llm_control,forum_question_answer,nonce_96_bit_hex,,,,payload_fidelity_v2,payload_aware_result_v2,,tfidf_prompt_similarity,payload,0.06351042199971188,,0.06351042199971188,1,100,0.06351042199971188,0.06351042199971188,0,0.95,forced_span,
exploratory_smoke_v3_payload_fidelity_v2_not_for_confirmatory_pooling,ordinary_llm_control_smoke_v3,llama3_8b_instruct_q4_k_m,ordinary_llm_control,forum_question_answer,nonce_96_bit_hex,,,,payload_fidelity_v2,payload_aware_result_v2,,tfidf_prompt_similarity,payload,0.09583847742852705,,0.09583847742852705,1,100,0.09583847742852705,0.09583847742852705,0,0.95,full_message,
exploratory_smoke_v3_payload_fidelity_v2_not_for_confirmatory_pooling,ordinary_llm_control_smoke_v3,llama3_8b_instruct_q4_k_m,ordinary_llm_control,personal_narrative_blog,hmac_sha256_hex,,,,payload_fidelity_v2,payload_aware_result_v2,,tfidf_prompt_similarity,payload,0.037416642092976356,,0.037416642092976356,1,100,0.037416642092976356,0.037416642092976356,0,0.95,forced_span,
exploratory_smoke_v3_payload_fidelity_v2_not_for_confirmatory_pooling,ordinary_llm_control_smoke_v3,llama3_8b_instruct_q4_k_m,ordinary_llm_control,personal_narrative_blog,hmac_sha256_hex,,,,payload_fidelity_v2,payload_aware_result_v2,,tfidf_prompt_similarity,payload,0.0937636552747403,,0.0937636552747403,1,100,0.0937636552747403,0.0937636552747403,0,0.95,full_message,
exploratory_smoke_v3_payload_fidelity_v2_not_for_confirmatory_pooling,ordinary_llm_control_smoke_v3,llama3_8b_instruct_q4_k_m,ordinary_llm_control,personal_narrative_blog,sha256_hex,,,,payload_fidelity_v2,payload_aware_result_v2,,tfidf_prompt_similarity,payload,0.03338755657745434,,0.03338755657745434,1,100,0.03338755657745434,0.03338755657745434,0,0.95,forced_span,
exploratory_smoke_v3_payload_fidelity_v2_not_for_confirmatory_pooling,ordinary_llm_control_smoke_v3,llama3_8b_instruct_q4_k_m,ordinary_llm_control,personal_narrative_blog,sha256_hex,,,,payload_fidelity_v2,payload_aware_result_v2,,tfidf_prompt_similarity,payload,0.14147004209033334,,0.14147004209033334,1,100,0.14147004209033334,0.14147004209033334,0,0.95,full_message,
exploratory_smoke_v3_payload_fidelity_v2_not_for_confirmatory_pooling,ordinary_llm_control_smoke_v3,llama3_8b_instruct_q4_k_m,ordinary_llm_control,professional_communication,nonce_96_bit_hex,,,,payload_fidelity_v2,payload_aware_result_v2,,tfidf_prompt_similarity,payload,0.11256927542745086,,0.11256927542745086,1,100,0.11256927542745086,0.11256927542745086,0,0.95,forced_span,
exploratory_smoke_v3_payload_fidelity_v2_not_for_confirmatory_pooling,ordinary_llm_control_smoke_v3,llama3_8b_instruct_q4_k_m,ordinary_llm_control,professional_communication,nonce_96_bit_hex,,,,payload_fidelity_v2,payload_aware_result_v2,,tfidf_prompt_similarity,payload,0.17603745192642614,,0.17603745192642614,1,100,0.17603745192642614,0.17603745192642614,0,0.95,full_message,
exploratory_smoke_v3_payload_fidelity_v2_not_for_confirmatory_pooling,ordinary_llm_control_smoke_v3,llama3_8b_instruct_q4_k_m,ordinary_llm_control,professional_communication,uuid_v4,,,,payload_fidelity_v2,payload_aware_result_v2,,tfidf_prompt_similarity,payload,0.13639493928125748,,0.13639493928125748,1,100,0.13639493928125748,0.13639493928125748,0,0.95,full_message,
exploratory_smoke_v3_payload_fidelity_v2_not_for_confirmatory_pooling,ordinary_llm_control_smoke_v3,llama3_8b_instruct_q4_k_m,ordinary_llm_control,recipe_procedure,sha256_hex,,,,payload_fidelity_v2,payload_aware_result_v2,,tfidf_prompt_similarity,payload,0.05550652073908204,,0.05550652073908204,1,100,0.05550652073908204,0.05550652073908204,0,0.95,full_message,
exploratory_smoke_v3_payload_fidelity_v2_not_for_confirmatory_pooling,ordinary_llm_control_smoke_v3,llama3_8b_instruct_q4_k_m,ordinary_llm_control,recipe_procedure,token_128_bit_hex,,,,payload_fidelity_v2,payload_aware_result_v2,,tfidf_prompt_similarity,payload,0.014418833770390447,,0.014418833770390447,1,100,0.014418833770390447,0.014418833770390447,0,0.95,forced_span,
exploratory_smoke_v3_payload_fidelity_v2_not_for_confirmatory_pooling,ordinary_llm_control_smoke_v3,llama3_8b_instruct_q4_k_m,ordinary_llm_control,recipe_procedure,token_128_bit_hex,,,,payload_fidelity_v2,payload_aware_result_v2,,tfidf_prompt_similarity,payload,0.03704342825808711,,0.03704342825808711,1,100,0.03704342825808711,0.03704342825808711,0,0.95,full_message,
exploratory_smoke_v3_payload_fidelity_v2_not_for_confirmatory_pooling,ordinary_llm_control_smoke_v3,mistral_7b_instruct_v0_3_q4_k_m,ordinary_llm_control,casual_conversation,ed25519_signature_base64,,,,payload_fidelity_v2,payload_aware_result_v2,,tfidf_prompt_similarity,payload,0.05049945238794963,,0.05049945238794963,1,100,0.05049945238794963,0.05049945238794963,0,0.95,full_message,
exploratory_smoke_v3_payload_fidelity_v2_not_for_confirmatory_pooling,ordinary_llm_control_smoke_v3,mistral_7b_instruct_v0_3_q4_k_m,ordinary_llm_control,casual_conversation,nonce_96_bit_hex,,,,payload_fidelity_v2,payload_aware_result_v2,,tfidf_prompt_similarity,payload,0.03771422861478511,,0.03771422861478511,1,100,0.03771422861478511,0.03771422861478511,0,0.95,forced_span,
exploratory_smoke_v3_payload_fidelity_v2_not_for_confirmatory_pooling,ordinary_llm_control_smoke_v3,mistral_7b_instruct_v0_3_q4_k_m,ordinary_llm_control,casual_conversation,nonce_96_bit_hex,,,,payload_fidelity_v2,payload_aware_result_v2,,tfidf_prompt_similarity,payload,0.06629386140888846,,0.06629386140888846,1,100,0.06629386140888846,0.06629386140888846,0,0.95,full_message,
exploratory_smoke_v3_payload_fidelity_v2_not_for_confirmatory_pooling,ordinary_llm_control_smoke_v3,mistral_7b_instruct_v0_3_q4_k_m,ordinary_llm_control,factual_explanatory,sha256_hex,,,,payload_fidelity_v2,payload_aware_result_v2,,tfidf_prompt_similarity,payload,0.14738963015004183,,0.14738963015004183,1,100,0.14738963015004183,0.14738963015004183,0,0.95,forced_span,
exploratory_smoke_v3_payload_fidelity_v2_not_for_confirmatory_pooling,ordinary_llm_control_smoke_v3,mistral_7b_instruct_v0_3_q4_k_m,ordinary_llm_control,factual_explanatory,sha256_hex,,,,payload_fidelity_v2,payload_aware_result_v2,,tfidf_prompt_similarity,payload,0.14964127180739012,,0.14964127180739012,1,100,0.14964127180739012,0.14964127180739012,0,0.95,full_message,
exploratory_smoke_v3_payload_fidelity_v2_not_for_confirmatory_pooling,ordinary_llm_control_smoke_v3,mistral_7b_instruct_v0_3_q4_k_m,ordinary_llm_control,factual_explanatory,token_128_bit_hex,,,,payload_fidelity_v2,payload_aware_result_v2,,tfidf_prompt_similarity,payload,0.08801429124534066,,0.08801429124534066,1,100,0.08801429124534066,0.08801429124534066,0,0.95,forced_span,
exploratory_smoke_v3_payload_fidelity_v2_not_for_confirmatory_pooling,ordinary_llm_control_smoke_v3,mistral_7b_instruct_v0_3_q4_k_m,ordinary_llm_control,factual_explanatory,token_128_bit_hex,,,,payload_fidelity_v2,payload_aware_result_v2,,tfidf_prompt_similarity,payload,0.18477347364685207,,0.18477347364685207,1,100,0.18477347364685207,0.18477347364685207,0,0.95,full_message,
exploratory_smoke_v3_payload_fidelity_v2_not_for_confirmatory_pooling,ordinary_llm_control_smoke_v3,mistral_7b_instruct_v0_3_q4_k_m,ordinary_llm_control,forum_question_answer,aes256_gcm_base64,,,,payload_fidelity_v2,payload_aware_result_v2,,tfidf_prompt_similarity,payload,0.06939189746782597,,0.06939189746782597,1,100,0.06939189746782597,0.06939189746782597,0,0.95,full_message,
exploratory_smoke_v3_payload_fidelity_v2_not_for_confirmatory_pooling,ordinary_llm_control_smoke_v3,mistral_7b_instruct_v0_3_q4_k_m,ordinary_llm_control,forum_question_answer,sha256_hex,,,,payload_fidelity_v2,payload_aware_result_v2,,tfidf_prompt_similarity,payload,0.0600941033571441,,0.0600941033571441,1,100,0.0600941033571441,0.0600941033571441,0,0.95,forced_span,
exploratory_smoke_v3_payload_fidelity_v2_not_for_confirmatory_pooling,ordinary_llm_control_smoke_v3,mistral_7b_instruct_v0_3_q4_k_m,ordinary_llm_control,forum_question_answer,sha256_hex,,,,payload_fidelity_v2,payload_aware_result_v2,,tfidf_prompt_similarity,payload,0.07247600156620543,,0.07247600156620543,1,100,0.07247600156620543,0.07247600156620543,0,0.95,full_message,
exploratory_smoke_v3_payload_fidelity_v2_not_for_confirmatory_pooling,ordinary_llm_control_smoke_v3,mistral_7b_instruct_v0_3_q4_k_m,ordinary_llm_control,personal_narrative_blog,nonce_96_bit_hex,,,,payload_fidelity_v2,payload_aware_result_v2,,tfidf_prompt_similarity,payload,0.01780292647519609,,0.01780292647519609,1,100,0.01780292647519609,0.01780292647519609,0,0.95,forced_span,
exploratory_smoke_v3_payload_fidelity_v2_not_for_confirmatory_pooling,ordinary_llm_control_smoke_v3,mistral_7b_instruct_v0_3_q4_k_m,ordinary_llm_control,personal_narrative_blog,nonce_96_bit_hex,,,,payload_fidelity_v2,payload_aware_result_v2,,tfidf_prompt_similarity,payload,0.01825850625368229,,0.01825850625368229,1,100,0.01825850625368229,0.01825850625368229,0,0.95,full_message,
exploratory_smoke_v3_payload_fidelity_v2_not_for_confirmatory_pooling,ordinary_llm_control_smoke_v3,mistral_7b_instruct_v0_3_q4_k_m,ordinary_llm_control,personal_narrative_blog,token_128_bit_hex,,,,payload_fidelity_v2,payload_aware_result_v2,,tfidf_prompt_similarity,payload,0.0,,0.0,1,100,0.0,0.0,0,0.95,forced_span,
exploratory_smoke_v3_payload_fidelity_v2_not_for_confirmatory_pooling,ordinary_llm_control_smoke_v3,mistral_7b_instruct_v0_3_q4_k_m,ordinary_llm_control,personal_narrative_blog,token_128_bit_hex,,,,payload_fidelity_v2,payload_aware_result_v2,,tfidf_prompt_similarity,payload,0.04674215412588621,,0.04674215412588621,1,100,0.04674215412588621,0.04674215412588621,0,0.95,full_message,
exploratory_smoke_v3_payload_fidelity_v2_not_for_confirmatory_pooling,ordinary_llm_control_smoke_v3,mistral_7b_instruct_v0_3_q4_k_m,ordinary_llm_control,professional_communication,uuid_v4,,,,payload_fidelity_v2,payload_aware_result_v2,,tfidf_prompt_similarity,payload,0.09605002042241614,,0.09605002042241614,1,100,0.09605002042241614,0.09605002042241614,0,0.95,full_message,
exploratory_smoke_v3_payload_fidelity_v2_not_for_confirmatory_pooling,ordinary_llm_control_smoke_v3,mistral_7b_instruct_v0_3_q4_k_m,ordinary_llm_control,recipe_procedure,nonce_96_bit_hex,,,,payload_fidelity_v2,payload_aware_result_v2,,tfidf_prompt_similarity,payload,0.0,,0.0,1,100,0.0,0.0,0,0.95,full_message,
exploratory_smoke_v3_payload_fidelity_v2_not_for_confirmatory_pooling,ordinary_llm_control_smoke_v3,mistral_7b_instruct_v0_3_q4_k_m,ordinary_llm_control,recipe_procedure,token_128_bit_hex,,,,payload_fidelity_v2,payload_aware_result_v2,,tfidf_prompt_similarity,payload,0.02678437138574835,,0.02678437138574835,1,100,0.02678437138574835,0.02678437138574835,0,0.95,forced_span,
exploratory_smoke_v3_payload_fidelity_v2_not_for_confirmatory_pooling,ordinary_llm_control_smoke_v3,mistral_7b_instruct_v0_3_q4_k_m,ordinary_llm_control,recipe_procedure,token_128_bit_hex,,,,payload_fidelity_v2,payload_aware_result_v2,,tfidf_prompt_similarity,payload,0.0381759364136329,,0.0381759364136329,1,100,0.0381759364136329,0.0381759364136329,0,0.95,full_message,
exploratory_smoke_v3_payload_fidelity_v2_not_for_confirmatory_pooling,ordinary_llm_control_smoke_v3,qwen2_5_7b_instruct_q4_k_m,ordinary_llm_control,casual_conversation,ed25519_signature_base64,,,,payload_fidelity_v2,payload_aware_result_v2,,tfidf_prompt_similarity,payload,0.1060973455155611,,0.1060973455155611,1,100,0.1060973455155611,0.1060973455155611,0,0.95,full_message,
exploratory_smoke_v3_payload_fidelity_v2_not_for_confirmatory_pooling,ordinary_llm_control_smoke_v3,qwen2_5_7b_instruct_q4_k_m,ordinary_llm_control,casual_conversation,nonce_96_bit_hex,,,,payload_fidelity_v2,payload_aware_result_v2,,tfidf_prompt_similarity,payload,0.05954011616776597,,0.05954011616776597,1,100,0.05954011616776597,0.05954011616776597,0,0.95,forced_span,
exploratory_smoke_v3_payload_fidelity_v2_not_for_confirmatory_pooling,ordinary_llm_control_smoke_v3,qwen2_5_7b_instruct_q4_k_m,ordinary_llm_control,casual_conversation,nonce_96_bit_hex,,,,payload_fidelity_v2,payload_aware_result_v2,,tfidf_prompt_similarity,payload,0.09769947179500946,,0.09769947179500946,1,100,0.09769947179500946,0.09769947179500946,0,0.95,full_message,
exploratory_smoke_v3_payload_fidelity_v2_not_for_confirmatory_pooling,ordinary_llm_control_smoke_v3,qwen2_5_7b_instruct_q4_k_m,ordinary_llm_control,factual_explanatory,hmac_sha256_hex,,,,payload_fidelity_v2,payload_aware_result_v2,,tfidf_prompt_similarity,payload,0.09629857611106432,,0.09629857611106432,1,100,0.09629857611106432,0.09629857611106432,0,0.95,forced_span,
exploratory_smoke_v3_payload_fidelity_v2_not_for_confirmatory_pooling,ordinary_llm_control_smoke_v3,qwen2_5_7b_instruct_q4_k_m,ordinary_llm_control,factual_explanatory,hmac_sha256_hex,,,,payload_fidelity_v2,payload_aware_result_v2,,tfidf_prompt_similarity,payload,0.11768487656863953,,0.11768487656863953,1,100,0.11768487656863953,0.11768487656863953,0,0.95,full_message,
exploratory_smoke_v3_payload_fidelity_v2_not_for_confirmatory_pooling,ordinary_llm_control_smoke_v3,qwen2_5_7b_instruct_q4_k_m,ordinary_llm_control,factual_explanatory,nonce_96_bit_hex,,,,payload_fidelity_v2,payload_aware_result_v2,,tfidf_prompt_similarity,payload,0.05527678618937818,,0.05527678618937818,1,100,0.05527678618937818,0.05527678618937818,0,0.95,forced_span,
exploratory_smoke_v3_payload_fidelity_v2_not_for_confirmatory_pooling,ordinary_llm_control_smoke_v3,qwen2_5_7b_instruct_q4_k_m,ordinary_llm_control,factual_explanatory,nonce_96_bit_hex,,,,payload_fidelity_v2,payload_aware_result_v2,,tfidf_prompt_similarity,payload,0.1418054903118676,,0.1418054903118676,1,100,0.1418054903118676,0.1418054903118676,0,0.95,full_message,
exploratory_smoke_v3_payload_fidelity_v2_not_for_confirmatory_pooling,ordinary_llm_control_smoke_v3,qwen2_5_7b_instruct_q4_k_m,ordinary_llm_control,forum_question_answer,chacha20_poly1305_base64,,,,payload_fidelity_v2,payload_aware_result_v2,,tfidf_prompt_similarity,payload,0.0719227298410913,,0.0719227298410913,1,100,0.0719227298410913,0.0719227298410913,0,0.95,full_message,
exploratory_smoke_v3_payload_fidelity_v2_not_for_confirmatory_pooling,ordinary_llm_control_smoke_v3,qwen2_5_7b_instruct_q4_k_m,ordinary_llm_control,forum_question_answer,token_128_bit_hex,,,,payload_fidelity_v2,payload_aware_result_v2,,tfidf_prompt_similarity,payload,0.1196915904660084,,0.1196915904660084,1,100,0.1196915904660084,0.1196915904660084,0,0.95,forced_span,
exploratory_smoke_v3_payload_fidelity_v2_not_for_confirmatory_pooling,ordinary_llm_control_smoke_v3,qwen2_5_7b_instruct_q4_k_m,ordinary_llm_control,forum_question_answer,token_128_bit_hex,,,,payload_fidelity_v2,payload_aware_result_v2,,tfidf_prompt_similarity,payload,0.02733536645901468,,0.02733536645901468,1,100,0.02733536645901468,0.02733536645901468,0,0.95,full_message,
exploratory_smoke_v3_payload_fidelity_v2_not_for_confirmatory_pooling,ordinary_llm_control_smoke_v3,qwen2_5_7b_instruct_q4_k_m,ordinary_llm_control,personal_narrative_blog,nonce_96_bit_hex,,,,payload_fidelity_v2,payload_aware_result_v2,,tfidf_prompt_similarity,payload,0.0982826870710635,,0.0982826870710635,1,100,0.0982826870710635,0.0982826870710635,0,0.95,forced_span,
exploratory_smoke_v3_payload_fidelity_v2_not_for_confirmatory_pooling,ordinary_llm_control_smoke_v3,qwen2_5_7b_instruct_q4_k_m,ordinary_llm_control,personal_narrative_blog,nonce_96_bit_hex,,,,payload_fidelity_v2,payload_aware_result_v2,,tfidf_prompt_similarity,payload,0.1331384436981037,,0.1331384436981037,1,100,0.1331384436981037,0.1331384436981037,0,0.95,full_message,
exploratory_smoke_v3_payload_fidelity_v2_not_for_confirmatory_pooling,ordinary_llm_control_smoke_v3,qwen2_5_7b_instruct_q4_k_m,ordinary_llm_control,personal_narrative_blog,sha256_hex,,,,payload_fidelity_v2,payload_aware_result_v2,,tfidf_prompt_similarity,payload,0.07415789845829221,,0.07415789845829221,1,100,0.07415789845829221,0.07415789845829221,0,0.95,forced_span,
exploratory_smoke_v3_payload_fidelity_v2_not_for_confirmatory_pooling,ordinary_llm_control_smoke_v3,qwen2_5_7b_instruct_q4_k_m,ordinary_llm_control,personal_narrative_blog,sha256_hex,,,,payload_fidelity_v2,payload_aware_result_v2,,tfidf_prompt_similarity,payload,0.16677345940418628,,0.16677345940418628,1,100,0.16677345940418628,0.16677345940418628,0,0.95,full_message,
exploratory_smoke_v3_payload_fidelity_v2_not_for_confirmatory_pooling,ordinary_llm_control_smoke_v3,qwen2_5_7b_instruct_q4_k_m,ordinary_llm_control,professional_communication,nonce_96_bit_hex,,,,payload_fidelity_v2,payload_aware_result_v2,,tfidf_prompt_similarity,payload,0.09200069079926279,,0.09200069079926279,1,100,0.09200069079926279,0.09200069079926279,0,0.95,forced_span,
exploratory_smoke_v3_payload_fidelity_v2_not_for_confirmatory_pooling,ordinary_llm_control_smoke_v3,qwen2_5_7b_instruct_q4_k_m,ordinary_llm_control,professional_communication,nonce_96_bit_hex,,,,payload_fidelity_v2,payload_aware_result_v2,,tfidf_prompt_similarity,payload,0.06006294670298417,,0.06006294670298417,1,100,0.06006294670298417,0.06006294670298417,0,0.95,full_message,
exploratory_smoke_v3_payload_fidelity_v2_not_for_confirmatory_pooling,ordinary_llm_control_smoke_v3,qwen2_5_7b_instruct_q4_k_m,ordinary_llm_control,professional_communication,uuid_v4,,,,payload_fidelity_v2,payload_aware_result_v2,,tfidf_prompt_similarity,payload,0.07777052043842442,,0.07777052043842442,1,100,0.07777052043842442,0.07777052043842442,0,0.95,full_message,
exploratory_smoke_v3_payload_fidelity_v2_not_for_confirmatory_pooling,ordinary_llm_control_smoke_v3,qwen2_5_7b_instruct_q4_k_m,ordinary_llm_control,recipe_procedure,sha256_hex,,,,payload_fidelity_v2,payload_aware_result_v2,,tfidf_prompt_similarity,payload,0.11974764184087532,,0.11974764184087532,1,100,0.11974764184087532,0.11974764184087532,0,0.95,forced_span,
exploratory_smoke_v3_payload_fidelity_v2_not_for_confirmatory_pooling,ordinary_llm_control_smoke_v3,qwen2_5_7b_instruct_q4_k_m,ordinary_llm_control,recipe_procedure,sha256_hex,,,,payload_fidelity_v2,payload_aware_result_v2,,tfidf_prompt_similarity,payload,0.05230754099964059,,0.05230754099964059,1,100,0.05230754099964059,0.05230754099964059,0,0.95,full_message,
exploratory_smoke_v3_payload_fidelity_v2_not_for_confirmatory_pooling,ordinary_llm_control_smoke_v3,qwen2_5_7b_instruct_q4_k_m,ordinary_llm_control,recipe_procedure,token_128_bit_hex,,,,payload_fidelity_v2,payload_aware_result_v2,,tfidf_prompt_similarity,payload,0.0702979773392293,,0.0702979773392293,1,100,0.0702979773392293,0.0702979773392293,0,0.95,full_message,
exploratory_smoke_v3_payload_fidelity_v2_not_for_confirmatory_pooling,smoke_v3_exploratory,llama3_8b_instruct_q4_k_m,direct_subword_calgacus,casual_conversation,ed25519_signature_base64,,,,payload_fidelity_v2,payload_aware_result_v2,,tfidf_prompt_similarity,payload,0.0,,0.0,1,100,0.0,0.0,0,0.95,forced_span,
exploratory_smoke_v3_payload_fidelity_v2_not_for_confirmatory_pooling,smoke_v3_exploratory,llama3_8b_instruct_q4_k_m,direct_subword_calgacus,casual_conversation,ed25519_signature_base64,,,,payload_fidelity_v2,payload_aware_result_v2,,tfidf_prompt_similarity,payload,0.0,,0.0,1,100,0.0,0.0,0,0.95,full_message,
exploratory_smoke_v3_payload_fidelity_v2_not_for_confirmatory_pooling,smoke_v3_exploratory,llama3_8b_instruct_q4_k_m,nonseg_ascii_b16,forum_question_answer,aes256_gcm_base64,,,,payload_fidelity_v2,payload_aware_result_v2,,tfidf_prompt_similarity,payload,0.05058012231415981,,0.05058012231415981,1,100,0.05058012231415981,0.05058012231415981,0,0.95,forced_span,
exploratory_smoke_v3_payload_fidelity_v2_not_for_confirmatory_pooling,smoke_v3_exploratory,llama3_8b_instruct_q4_k_m,nonseg_ascii_b16,forum_question_answer,aes256_gcm_base64,,,,payload_fidelity_v2,payload_aware_result_v2,,tfidf_prompt_similarity,payload,0.05058012231415981,,0.05058012231415981,1,100,0.05058012231415981,0.05058012231415981,0,0.95,full_message,
exploratory_smoke_v3_payload_fidelity_v2_not_for_confirmatory_pooling,smoke_v3_exploratory,llama3_8b_instruct_q4_k_m,nonseg_ascii_b8,professional_communication,uuid_v4,,,,payload_fidelity_v2,payload_aware_result_v2,,tfidf_prompt_similarity,payload,0.06978792671272113,,0.06978792671272113,1,100,0.06978792671272113,0.06978792671272113,0,0.95,forced_span,
exploratory_smoke_v3_payload_fidelity_v2_not_for_confirmatory_pooling,smoke_v3_exploratory,llama3_8b_instruct_q4_k_m,nonseg_ascii_b8,professional_communication,uuid_v4,,,,payload_fidelity_v2,payload_aware_result_v2,,tfidf_prompt_similarity,payload,0.06978792671272113,,0.06978792671272113,1,100,0.06978792671272113,0.06978792671272113,0,0.95,full_message,
exploratory_smoke_v3_payload_fidelity_v2_not_for_confirmatory_pooling,smoke_v3_exploratory,llama3_8b_instruct_q4_k_m,nonseg_hex_nibble_b16,recipe_procedure,sha256_hex,,,,payload_fidelity_v2,payload_aware_result_v2,,tfidf_prompt_similarity,payload,0.045515740924665454,,0.045515740924665454,1,100,0.045515740924665454,0.045515740924665454,0,0.95,forced_span,
exploratory_smoke_v3_payload_fidelity_v2_not_for_confirmatory_pooling,smoke_v3_exploratory,llama3_8b_instruct_q4_k_m,nonseg_hex_nibble_b16,recipe_procedure,sha256_hex,,,,payload_fidelity_v2,payload_aware_result_v2,,tfidf_prompt_similarity,payload,0.045515740924665454,,0.045515740924665454,1,100,0.045515740924665454,0.045515740924665454,0,0.95,full_message,
exploratory_smoke_v3_payload_fidelity_v2_not_for_confirmatory_pooling,smoke_v3_exploratory,llama3_8b_instruct_q4_k_m,segmented_hex_multi_topic,casual_conversation,sha256_hex,,,,payload_fidelity_v2,payload_aware_result_v2,,tfidf_prompt_similarity,payload,0.12766714273374935,,0.12766714273374935,1,100,0.12766714273374935,0.12766714273374935,0,0.95,forced_span,
exploratory_smoke_v3_payload_fidelity_v2_not_for_confirmatory_pooling,smoke_v3_exploratory,llama3_8b_instruct_q4_k_m,segmented_hex_multi_topic,casual_conversation,sha256_hex,,,,payload_fidelity_v2,payload_aware_result_v2,,tfidf_prompt_similarity,payload,0.26240448096026253,,0.26240448096026253,1,100,0.26240448096026253,0.26240448096026253,0,0.95,full_message,
exploratory_smoke_v3_payload_fidelity_v2_not_for_confirmatory_pooling,smoke_v3_exploratory,llama3_8b_instruct_q4_k_m,segmented_hex_multi_topic,factual_explanatory,nonce_96_bit_hex,,,,payload_fidelity_v2,payload_aware_result_v2,,tfidf_prompt_similarity,payload,0.009720835122593452,,0.009720835122593452,1,100,0.009720835122593452,0.009720835122593452,0,0.95,forced_span,
exploratory_smoke_v3_payload_fidelity_v2_not_for_confirmatory_pooling,smoke_v3_exploratory,llama3_8b_instruct_q4_k_m,segmented_hex_multi_topic,factual_explanatory,nonce_96_bit_hex,,,,payload_fidelity_v2,payload_aware_result_v2,,tfidf_prompt_similarity,payload,0.26026333626682757,,0.26026333626682757,1,100,0.26026333626682757,0.26026333626682757,0,0.95,full_message,
exploratory_smoke_v3_payload_fidelity_v2_not_for_confirmatory_pooling,smoke_v3_exploratory,llama3_8b_instruct_q4_k_m,segmented_hex_multi_topic,factual_explanatory,token_128_bit_hex,,,,payload_fidelity_v2,payload_aware_result_v2,,tfidf_prompt_similarity,payload,0.015833021403275426,,0.015833021403275426,1,100,0.015833021403275426,0.015833021403275426,0,0.95,forced_span,
exploratory_smoke_v3_payload_fidelity_v2_not_for_confirmatory_pooling,smoke_v3_exploratory,llama3_8b_instruct_q4_k_m,segmented_hex_multi_topic,factual_explanatory,token_128_bit_hex,,,,payload_fidelity_v2,payload_aware_result_v2,,tfidf_prompt_similarity,payload,0.06745927817451235,,0.06745927817451235,1,100,0.06745927817451235,0.06745927817451235,0,0.95,full_message,
exploratory_smoke_v3_payload_fidelity_v2_not_for_confirmatory_pooling,smoke_v3_exploratory,llama3_8b_instruct_q4_k_m,segmented_hex_multi_topic,forum_question_answer,nonce_96_bit_hex,,,,payload_fidelity_v2,payload_aware_result_v2,,tfidf_prompt_similarity,payload,0.09177122728203774,,0.09177122728203774,1,100,0.09177122728203774,0.09177122728203774,0,0.95,forced_span,
exploratory_smoke_v3_payload_fidelity_v2_not_for_confirmatory_pooling,smoke_v3_exploratory,llama3_8b_instruct_q4_k_m,segmented_hex_multi_topic,forum_question_answer,nonce_96_bit_hex,,,,payload_fidelity_v2,payload_aware_result_v2,,tfidf_prompt_similarity,payload,0.1918187649687496,,0.1918187649687496,1,100,0.1918187649687496,0.1918187649687496,0,0.95,full_message,
exploratory_smoke_v3_payload_fidelity_v2_not_for_confirmatory_pooling,smoke_v3_exploratory,llama3_8b_instruct_q4_k_m,segmented_hex_multi_topic,personal_narrative_blog,sha256_hex,,,,payload_fidelity_v2,payload_aware_result_v2,,tfidf_prompt_similarity,payload,0.10954009718275216,,0.10954009718275216,1,100,0.10954009718275216,0.10954009718275216,0,0.95,forced_span,
exploratory_smoke_v3_payload_fidelity_v2_not_for_confirmatory_pooling,smoke_v3_exploratory,llama3_8b_instruct_q4_k_m,segmented_hex_multi_topic,personal_narrative_blog,sha256_hex,,,,payload_fidelity_v2,payload_aware_result_v2,,tfidf_prompt_similarity,payload,0.29524619376748706,,0.29524619376748706,1,100,0.29524619376748706,0.29524619376748706,0,0.95,full_message,
exploratory_smoke_v3_payload_fidelity_v2_not_for_confirmatory_pooling,smoke_v3_exploratory,llama3_8b_instruct_q4_k_m,segmented_hex_multi_topic,professional_communication,nonce_96_bit_hex,,,,payload_fidelity_v2,payload_aware_result_v2,,tfidf_prompt_similarity,payload,0.049370509910561765,,0.049370509910561765,1,100,0.049370509910561765,0.049370509910561765,0,0.95,forced_span,
exploratory_smoke_v3_payload_fidelity_v2_not_for_confirmatory_pooling,smoke_v3_exploratory,llama3_8b_instruct_q4_k_m,segmented_hex_multi_topic,professional_communication,nonce_96_bit_hex,,,,payload_fidelity_v2,payload_aware_result_v2,,tfidf_prompt_similarity,payload,0.14180482470208416,,0.14180482470208416,1,100,0.14180482470208416,0.14180482470208416,0,0.95,full_message,
exploratory_smoke_v3_payload_fidelity_v2_not_for_confirmatory_pooling,smoke_v3_exploratory,llama3_8b_instruct_q4_k_m,segmented_hex_multi_topic,recipe_procedure,token_128_bit_hex,,,,payload_fidelity_v2,payload_aware_result_v2,,tfidf_prompt_similarity,payload,0.06726818265224094,,0.06726818265224094,1,100,0.06726818265224094,0.06726818265224094,0,0.95,forced_span,
exploratory_smoke_v3_payload_fidelity_v2_not_for_confirmatory_pooling,smoke_v3_exploratory,llama3_8b_instruct_q4_k_m,segmented_hex_multi_topic,recipe_procedure,token_128_bit_hex,,,,payload_fidelity_v2,payload_aware_result_v2,,tfidf_prompt_similarity,payload,0.06726818265224094,,0.06726818265224094,1,100,0.06726818265224094,0.06726818265224094,0,0.95,full_message,
exploratory_smoke_v3_payload_fidelity_v2_not_for_confirmatory_pooling,smoke_v3_exploratory,llama3_8b_instruct_q4_k_m,segmented_hex_single_topic,personal_narrative_blog,hmac_sha256_hex,,,,payload_fidelity_v2,payload_aware_result_v2,,tfidf_prompt_similarity,payload,0.0938791753362507,,0.0938791753362507,1,100,0.0938791753362507,0.0938791753362507,0,0.95,forced_span,
exploratory_smoke_v3_payload_fidelity_v2_not_for_confirmatory_pooling,smoke_v3_exploratory,llama3_8b_instruct_q4_k_m,segmented_hex_single_topic,personal_narrative_blog,hmac_sha256_hex,,,,payload_fidelity_v2,payload_aware_result_v2,,tfidf_prompt_similarity,payload,0.11491897526910273,,0.11491897526910273,1,100,0.11491897526910273,0.11491897526910273,0,0.95,full_message,
exploratory_smoke_v3_payload_fidelity_v2_not_for_confirmatory_pooling,smoke_v3_exploratory,mistral_7b_instruct_v0_3_q4_k_m,direct_subword_calgacus,casual_conversation,ed25519_signature_base64,,,,payload_fidelity_v2,payload_aware_result_v2,,tfidf_prompt_similarity,payload,0.0,,0.0,1,100,0.0,0.0,0,0.95,forced_span,
exploratory_smoke_v3_payload_fidelity_v2_not_for_confirmatory_pooling,smoke_v3_exploratory,mistral_7b_instruct_v0_3_q4_k_m,direct_subword_calgacus,casual_conversation,ed25519_signature_base64,,,,payload_fidelity_v2,payload_aware_result_v2,,tfidf_prompt_similarity,payload,0.0,,0.0,1,100,0.0,0.0,0,0.95,full_message,
exploratory_smoke_v3_payload_fidelity_v2_not_for_confirmatory_pooling,smoke_v3_exploratory,mistral_7b_instruct_v0_3_q4_k_m,nonseg_ascii_b16,forum_question_answer,aes256_gcm_base64,,,,payload_fidelity_v2,payload_aware_result_v2,,tfidf_prompt_similarity,payload,0.04285388210073305,,0.04285388210073305,1,100,0.04285388210073305,0.04285388210073305,0,0.95,forced_span,
exploratory_smoke_v3_payload_fidelity_v2_not_for_confirmatory_pooling,smoke_v3_exploratory,mistral_7b_instruct_v0_3_q4_k_m,nonseg_ascii_b16,forum_question_answer,aes256_gcm_base64,,,,payload_fidelity_v2,payload_aware_result_v2,,tfidf_prompt_similarity,payload,0.04285388210073305,,0.04285388210073305,1,100,0.04285388210073305,0.04285388210073305,0,0.95,full_message,
exploratory_smoke_v3_payload_fidelity_v2_not_for_confirmatory_pooling,smoke_v3_exploratory,mistral_7b_instruct_v0_3_q4_k_m,nonseg_ascii_b8,professional_communication,uuid_v4,,,,payload_fidelity_v2,payload_aware_result_v2,,tfidf_prompt_similarity,payload,0.016908182363158483,,0.016908182363158483,1,100,0.016908182363158483,0.016908182363158483,0,0.95,forced_span,
exploratory_smoke_v3_payload_fidelity_v2_not_for_confirmatory_pooling,smoke_v3_exploratory,mistral_7b_instruct_v0_3_q4_k_m,nonseg_ascii_b8,professional_communication,uuid_v4,,,,payload_fidelity_v2,payload_aware_result_v2,,tfidf_prompt_similarity,payload,0.016908182363158483,,0.016908182363158483,1,100,0.016908182363158483,0.016908182363158483,0,0.95,full_message,
exploratory_smoke_v3_payload_fidelity_v2_not_for_confirmatory_pooling,smoke_v3_exploratory,mistral_7b_instruct_v0_3_q4_k_m,nonseg_hex_nibble_b16,recipe_procedure,nonce_96_bit_hex,,,,payload_fidelity_v2,payload_aware_result_v2,,tfidf_prompt_similarity,payload,0.031689811749357054,,0.031689811749357054,1,100,0.031689811749357054,0.031689811749357054,0,0.95,forced_span,
exploratory_smoke_v3_payload_fidelity_v2_not_for_confirmatory_pooling,smoke_v3_exploratory,mistral_7b_instruct_v0_3_q4_k_m,nonseg_hex_nibble_b16,recipe_procedure,nonce_96_bit_hex,,,,payload_fidelity_v2,payload_aware_result_v2,,tfidf_prompt_similarity,payload,0.031689811749357054,,0.031689811749357054,1,100,0.031689811749357054,0.031689811749357054,0,0.95,full_message,
exploratory_smoke_v3_payload_fidelity_v2_not_for_confirmatory_pooling,smoke_v3_exploratory,mistral_7b_instruct_v0_3_q4_k_m,segmented_hex_multi_topic,casual_conversation,nonce_96_bit_hex,,,,payload_fidelity_v2,payload_aware_result_v2,,tfidf_prompt_similarity,payload,0.051263732003671944,,0.051263732003671944,1,100,0.051263732003671944,0.051263732003671944,0,0.95,forced_span,
exploratory_smoke_v3_payload_fidelity_v2_not_for_confirmatory_pooling,smoke_v3_exploratory,mistral_7b_instruct_v0_3_q4_k_m,segmented_hex_multi_topic,casual_conversation,nonce_96_bit_hex,,,,payload_fidelity_v2,payload_aware_result_v2,,tfidf_prompt_similarity,payload,0.0999023173619887,,0.0999023173619887,1,100,0.0999023173619887,0.0999023173619887,0,0.95,full_message,
exploratory_smoke_v3_payload_fidelity_v2_not_for_confirmatory_pooling,smoke_v3_exploratory,mistral_7b_instruct_v0_3_q4_k_m,segmented_hex_multi_topic,factual_explanatory,sha256_hex,,,,payload_fidelity_v2,payload_aware_result_v2,,tfidf_prompt_similarity,payload,0.0663851329005144,,0.0663851329005144,1,100,0.0663851329005144,0.0663851329005144,0,0.95,forced_span,
exploratory_smoke_v3_payload_fidelity_v2_not_for_confirmatory_pooling,smoke_v3_exploratory,mistral_7b_instruct_v0_3_q4_k_m,segmented_hex_multi_topic,factual_explanatory,sha256_hex,,,,payload_fidelity_v2,payload_aware_result_v2,,tfidf_prompt_similarity,payload,0.17612702064385655,,0.17612702064385655,1,100,0.17612702064385655,0.17612702064385655,0,0.95,full_message,
exploratory_smoke_v3_payload_fidelity_v2_not_for_confirmatory_pooling,smoke_v3_exploratory,mistral_7b_instruct_v0_3_q4_k_m,segmented_hex_multi_topic,factual_explanatory,token_128_bit_hex,,,,payload_fidelity_v2,payload_aware_result_v2,,tfidf_prompt_similarity,payload,0.024126530912003508,,0.024126530912003508,1,100,0.024126530912003508,0.024126530912003508,0,0.95,forced_span,
exploratory_smoke_v3_payload_fidelity_v2_not_for_confirmatory_pooling,smoke_v3_exploratory,mistral_7b_instruct_v0_3_q4_k_m,segmented_hex_multi_topic,factual_explanatory,token_128_bit_hex,,,,payload_fidelity_v2,payload_aware_result_v2,,tfidf_prompt_similarity,payload,0.11527248669154805,,0.11527248669154805,1,100,0.11527248669154805,0.11527248669154805,0,0.95,full_message,
exploratory_smoke_v3_payload_fidelity_v2_not_for_confirmatory_pooling,smoke_v3_exploratory,mistral_7b_instruct_v0_3_q4_k_m,segmented_hex_multi_topic,forum_question_answer,sha256_hex,,,,payload_fidelity_v2,payload_aware_result_v2,,tfidf_prompt_similarity,payload,0.043716168055503504,,0.043716168055503504,1,100,0.043716168055503504,0.043716168055503504,0,0.95,forced_span,
exploratory_smoke_v3_payload_fidelity_v2_not_for_confirmatory_pooling,smoke_v3_exploratory,mistral_7b_instruct_v0_3_q4_k_m,segmented_hex_multi_topic,forum_question_answer,sha256_hex,,,,payload_fidelity_v2,payload_aware_result_v2,,tfidf_prompt_similarity,payload,0.17145973185035282,,0.17145973185035282,1,100,0.17145973185035282,0.17145973185035282,0,0.95,full_message,
exploratory_smoke_v3_payload_fidelity_v2_not_for_confirmatory_pooling,smoke_v3_exploratory,mistral_7b_instruct_v0_3_q4_k_m,segmented_hex_multi_topic,personal_narrative_blog,nonce_96_bit_hex,,,,payload_fidelity_v2,payload_aware_result_v2,,tfidf_prompt_similarity,payload,0.038171872958813885,,0.038171872958813885,1,100,0.038171872958813885,0.038171872958813885,0,0.95,forced_span,
exploratory_smoke_v3_payload_fidelity_v2_not_for_confirmatory_pooling,smoke_v3_exploratory,mistral_7b_instruct_v0_3_q4_k_m,segmented_hex_multi_topic,personal_narrative_blog,nonce_96_bit_hex,,,,payload_fidelity_v2,payload_aware_result_v2,,tfidf_prompt_similarity,payload,0.1254122240884772,,0.1254122240884772,1,100,0.1254122240884772,0.1254122240884772,0,0.95,full_message,
exploratory_smoke_v3_payload_fidelity_v2_not_for_confirmatory_pooling,smoke_v3_exploratory,mistral_7b_instruct_v0_3_q4_k_m,segmented_hex_multi_topic,recipe_procedure,token_128_bit_hex,,,,payload_fidelity_v2,payload_aware_result_v2,,tfidf_prompt_similarity,payload,0.03712278157581652,,0.03712278157581652,1,100,0.03712278157581652,0.03712278157581652,0,0.95,forced_span,
exploratory_smoke_v3_payload_fidelity_v2_not_for_confirmatory_pooling,smoke_v3_exploratory,mistral_7b_instruct_v0_3_q4_k_m,segmented_hex_multi_topic,recipe_procedure,token_128_bit_hex,,,,payload_fidelity_v2,payload_aware_result_v2,,tfidf_prompt_similarity,payload,0.03712278157581652,,0.03712278157581652,1,100,0.03712278157581652,0.03712278157581652,0,0.95,full_message,
exploratory_smoke_v3_payload_fidelity_v2_not_for_confirmatory_pooling,smoke_v3_exploratory,mistral_7b_instruct_v0_3_q4_k_m,segmented_hex_single_topic,personal_narrative_blog,token_128_bit_hex,,,,payload_fidelity_v2,payload_aware_result_v2,,tfidf_prompt_similarity,payload,0.04026481905978845,,0.04026481905978845,1,100,0.04026481905978845,0.04026481905978845,0,0.95,forced_span,
exploratory_smoke_v3_payload_fidelity_v2_not_for_confirmatory_pooling,smoke_v3_exploratory,mistral_7b_instruct_v0_3_q4_k_m,segmented_hex_single_topic,personal_narrative_blog,token_128_bit_hex,,,,payload_fidelity_v2,payload_aware_result_v2,,tfidf_prompt_similarity,payload,0.021458467774237253,,0.021458467774237253,1,100,0.021458467774237253,0.021458467774237253,0,0.95,full_message,
exploratory_smoke_v3_payload_fidelity_v2_not_for_confirmatory_pooling,smoke_v3_exploratory,qwen2_5_7b_instruct_q4_k_m,direct_subword_calgacus,casual_conversation,ed25519_signature_base64,,,,payload_fidelity_v2,payload_aware_result_v2,,tfidf_prompt_similarity,payload,0.026074027415949858,,0.026074027415949858,1,100,0.026074027415949858,0.026074027415949858,0,0.95,forced_span,
exploratory_smoke_v3_payload_fidelity_v2_not_for_confirmatory_pooling,smoke_v3_exploratory,qwen2_5_7b_instruct_q4_k_m,direct_subword_calgacus,casual_conversation,ed25519_signature_base64,,,,payload_fidelity_v2,payload_aware_result_v2,,tfidf_prompt_similarity,payload,0.026074027415949858,,0.026074027415949858,1,100,0.026074027415949858,0.026074027415949858,0,0.95,full_message,
exploratory_smoke_v3_payload_fidelity_v2_not_for_confirmatory_pooling,smoke_v3_exploratory,qwen2_5_7b_instruct_q4_k_m,nonseg_ascii_b16,forum_question_answer,chacha20_poly1305_base64,,,,payload_fidelity_v2,payload_aware_result_v2,,tfidf_prompt_similarity,payload,0.011053744495981574,,0.011053744495981574,1,100,0.011053744495981574,0.011053744495981574,0,0.95,forced_span,
exploratory_smoke_v3_payload_fidelity_v2_not_for_confirmatory_pooling,smoke_v3_exploratory,qwen2_5_7b_instruct_q4_k_m,nonseg_ascii_b16,forum_question_answer,chacha20_poly1305_base64,,,,payload_fidelity_v2,payload_aware_result_v2,,tfidf_prompt_similarity,payload,0.011053744495981574,,0.011053744495981574,1,100,0.011053744495981574,0.011053744495981574,0,0.95,full_message,
exploratory_smoke_v3_payload_fidelity_v2_not_for_confirmatory_pooling,smoke_v3_exploratory,qwen2_5_7b_instruct_q4_k_m,nonseg_ascii_b8,professional_communication,uuid_v4,,,,payload_fidelity_v2,payload_aware_result_v2,,tfidf_prompt_similarity,payload,0.07342268290087338,,0.07342268290087338,1,100,0.07342268290087338,0.07342268290087338,0,0.95,forced_span,
exploratory_smoke_v3_payload_fidelity_v2_not_for_confirmatory_pooling,smoke_v3_exploratory,qwen2_5_7b_instruct_q4_k_m,nonseg_ascii_b8,professional_communication,uuid_v4,,,,payload_fidelity_v2,payload_aware_result_v2,,tfidf_prompt_similarity,payload,0.07342268290087338,,0.07342268290087338,1,100,0.07342268290087338,0.07342268290087338,0,0.95,full_message,
exploratory_smoke_v3_payload_fidelity_v2_not_for_confirmatory_pooling,smoke_v3_exploratory,qwen2_5_7b_instruct_q4_k_m,nonseg_hex_nibble_b16,recipe_procedure,token_128_bit_hex,,,,payload_fidelity_v2,payload_aware_result_v2,,tfidf_prompt_similarity,payload,0.06653518759930241,,0.06653518759930241,1,100,0.06653518759930241,0.06653518759930241,0,0.95,forced_span,
exploratory_smoke_v3_payload_fidelity_v2_not_for_confirmatory_pooling,smoke_v3_exploratory,qwen2_5_7b_instruct_q4_k_m,nonseg_hex_nibble_b16,recipe_procedure,token_128_bit_hex,,,,payload_fidelity_v2,payload_aware_result_v2,,tfidf_prompt_similarity,payload,0.06653518759930241,,0.06653518759930241,1,100,0.06653518759930241,0.06653518759930241,0,0.95,full_message,
exploratory_smoke_v3_payload_fidelity_v2_not_for_confirmatory_pooling,smoke_v3_exploratory,qwen2_5_7b_instruct_q4_k_m,segmented_hex_multi_topic,casual_conversation,nonce_96_bit_hex,,,,payload_fidelity_v2,payload_aware_result_v2,,tfidf_prompt_similarity,payload,0.03070775510452009,,0.03070775510452009,1,100,0.03070775510452009,0.03070775510452009,0,0.95,forced_span,
exploratory_smoke_v3_payload_fidelity_v2_not_for_confirmatory_pooling,smoke_v3_exploratory,qwen2_5_7b_instruct_q4_k_m,segmented_hex_multi_topic,casual_conversation,nonce_96_bit_hex,,,,payload_fidelity_v2,payload_aware_result_v2,,tfidf_prompt_similarity,payload,0.12639028535925342,,0.12639028535925342,1,100,0.12639028535925342,0.12639028535925342,0,0.95,full_message,
exploratory_smoke_v3_payload_fidelity_v2_not_for_confirmatory_pooling,smoke_v3_exploratory,qwen2_5_7b_instruct_q4_k_m,segmented_hex_multi_topic,factual_explanatory,hmac_sha256_hex,,,,payload_fidelity_v2,payload_aware_result_v2,,tfidf_prompt_similarity,payload,0.06015170310441989,,0.06015170310441989,1,100,0.06015170310441989,0.06015170310441989,0,0.95,forced_span,
exploratory_smoke_v3_payload_fidelity_v2_not_for_confirmatory_pooling,smoke_v3_exploratory,qwen2_5_7b_instruct_q4_k_m,segmented_hex_multi_topic,factual_explanatory,hmac_sha256_hex,,,,payload_fidelity_v2,payload_aware_result_v2,,tfidf_prompt_similarity,payload,0.210260993401343,,0.210260993401343,1,100,0.210260993401343,0.210260993401343,0,0.95,full_message,
exploratory_smoke_v3_payload_fidelity_v2_not_for_confirmatory_pooling,smoke_v3_exploratory,qwen2_5_7b_instruct_q4_k_m,segmented_hex_multi_topic,factual_explanatory,nonce_96_bit_hex,,,,payload_fidelity_v2,payload_aware_result_v2,,tfidf_prompt_similarity,payload,0.029720313636137866,,0.029720313636137866,1,100,0.029720313636137866,0.029720313636137866,0,0.95,forced_span,
exploratory_smoke_v3_payload_fidelity_v2_not_for_confirmatory_pooling,smoke_v3_exploratory,qwen2_5_7b_instruct_q4_k_m,segmented_hex_multi_topic,factual_explanatory,nonce_96_bit_hex,,,,payload_fidelity_v2,payload_aware_result_v2,,tfidf_prompt_similarity,payload,0.14809081759500883,,0.14809081759500883,1,100,0.14809081759500883,0.14809081759500883,0,0.95,full_message,
exploratory_smoke_v3_payload_fidelity_v2_not_for_confirmatory_pooling,smoke_v3_exploratory,qwen2_5_7b_instruct_q4_k_m,segmented_hex_multi_topic,forum_question_answer,token_128_bit_hex,,,,payload_fidelity_v2,payload_aware_result_v2,,tfidf_prompt_similarity,payload,0.07565648622744761,,0.07565648622744761,1,100,0.07565648622744761,0.07565648622744761,0,0.95,forced_span,
exploratory_smoke_v3_payload_fidelity_v2_not_for_confirmatory_pooling,smoke_v3_exploratory,qwen2_5_7b_instruct_q4_k_m,segmented_hex_multi_topic,forum_question_answer,token_128_bit_hex,,,,payload_fidelity_v2,payload_aware_result_v2,,tfidf_prompt_similarity,payload,0.16531969430515386,,0.16531969430515386,1,100,0.16531969430515386,0.16531969430515386,0,0.95,full_message,
exploratory_smoke_v3_payload_fidelity_v2_not_for_confirmatory_pooling,smoke_v3_exploratory,qwen2_5_7b_instruct_q4_k_m,segmented_hex_multi_topic,personal_narrative_blog,nonce_96_bit_hex,,,,payload_fidelity_v2,payload_aware_result_v2,,tfidf_prompt_similarity,payload,0.03102961499777294,,0.03102961499777294,1,100,0.03102961499777294,0.03102961499777294,0,0.95,forced_span,
exploratory_smoke_v3_payload_fidelity_v2_not_for_confirmatory_pooling,smoke_v3_exploratory,qwen2_5_7b_instruct_q4_k_m,segmented_hex_multi_topic,personal_narrative_blog,nonce_96_bit_hex,,,,payload_fidelity_v2,payload_aware_result_v2,,tfidf_prompt_similarity,payload,0.1315130091367348,,0.1315130091367348,1,100,0.1315130091367348,0.1315130091367348,0,0.95,full_message,
exploratory_smoke_v3_payload_fidelity_v2_not_for_confirmatory_pooling,smoke_v3_exploratory,qwen2_5_7b_instruct_q4_k_m,segmented_hex_multi_topic,professional_communication,nonce_96_bit_hex,,,,payload_fidelity_v2,payload_aware_result_v2,,tfidf_prompt_similarity,payload,0.008371208424977643,,0.008371208424977643,1,100,0.008371208424977643,0.008371208424977643,0,0.95,forced_span,
exploratory_smoke_v3_payload_fidelity_v2_not_for_confirmatory_pooling,smoke_v3_exploratory,qwen2_5_7b_instruct_q4_k_m,segmented_hex_multi_topic,professional_communication,nonce_96_bit_hex,,,,payload_fidelity_v2,payload_aware_result_v2,,tfidf_prompt_similarity,payload,0.09220423882770123,,0.09220423882770123,1,100,0.09220423882770123,0.09220423882770123,0,0.95,full_message,
exploratory_smoke_v3_payload_fidelity_v2_not_for_confirmatory_pooling,smoke_v3_exploratory,qwen2_5_7b_instruct_q4_k_m,segmented_hex_multi_topic,recipe_procedure,sha256_hex,,,,payload_fidelity_v2,payload_aware_result_v2,,tfidf_prompt_similarity,payload,0.04449250647872953,,0.04449250647872953,1,100,0.04449250647872953,0.04449250647872953,0,0.95,forced_span,
exploratory_smoke_v3_payload_fidelity_v2_not_for_confirmatory_pooling,smoke_v3_exploratory,qwen2_5_7b_instruct_q4_k_m,segmented_hex_multi_topic,recipe_procedure,sha256_hex,,,,payload_fidelity_v2,payload_aware_result_v2,,tfidf_prompt_similarity,payload,0.04449250647872953,,0.04449250647872953,1,100,0.04449250647872953,0.04449250647872953,0,0.95,full_message,
exploratory_smoke_v3_payload_fidelity_v2_not_for_confirmatory_pooling,smoke_v3_exploratory,qwen2_5_7b_instruct_q4_k_m,segmented_hex_single_topic,personal_narrative_blog,sha256_hex,,,,payload_fidelity_v2,payload_aware_result_v2,,tfidf_prompt_similarity,payload,0.06959518907613012,,0.06959518907613012,1,100,0.06959518907613012,0.06959518907613012,0,0.95,forced_span,
exploratory_smoke_v3_payload_fidelity_v2_not_for_confirmatory_pooling,smoke_v3_exploratory,qwen2_5_7b_instruct_q4_k_m,segmented_hex_single_topic,personal_narrative_blog,sha256_hex,,,,payload_fidelity_v2,payload_aware_result_v2,,tfidf_prompt_similarity,payload,0.2634884365137502,,0.2634884365137502,1,100,0.2634884365137502,0.2634884365137502,0,0.95,full_message,
exploratory_smoke_v3_payload_fidelity_v2_not_for_confirmatory_pooling,smoke_v3_exploratory,llama3_8b_instruct_q4_k_m,direct_subword_calgacus,,ed25519_signature_base64,,,,,,,payload_bits_per_second,payload,115.24449897229088,,115.24449897229088,1,100,115.24449897229088,115.24449897229088,0,0.95,,GPU-10d1f16f-9e79-08bb-b2ba-3353c04422cf
exploratory_smoke_v3_payload_fidelity_v2_not_for_confirmatory_pooling,smoke_v3_exploratory,llama3_8b_instruct_q4_k_m,nonseg_ascii_b16,,aes256_gcm_base64,,,,,,,payload_bits_per_second,payload,51.12879489061896,,51.12879489061896,1,100,51.12879489061896,51.12879489061896,0,0.95,,GPU-10d1f16f-9e79-08bb-b2ba-3353c04422cf
exploratory_smoke_v3_payload_fidelity_v2_not_for_confirmatory_pooling,smoke_v3_exploratory,llama3_8b_instruct_q4_k_m,nonseg_ascii_b8,,uuid_v4,,,,,,,payload_bits_per_second,payload,22.51552327779837,,22.51552327779837,1,100,22.51552327779837,22.51552327779837,0,0.95,,GPU-10d1f16f-9e79-08bb-b2ba-3353c04422cf
exploratory_smoke_v3_payload_fidelity_v2_not_for_confirmatory_pooling,smoke_v3_exploratory,llama3_8b_instruct_q4_k_m,nonseg_hex_nibble_b16,,sha256_hex,,,,,,,payload_bits_per_second,payload,63.82334382927972,,63.82334382927972,1,100,63.82334382927972,63.82334382927972,0,0.95,,GPU-10d1f16f-9e79-08bb-b2ba-3353c04422cf
exploratory_smoke_v3_payload_fidelity_v2_not_for_confirmatory_pooling,smoke_v3_exploratory,llama3_8b_instruct_q4_k_m,segmented_hex_multi_topic,,nonce_96_bit_hex,,,,,,,payload_bits_per_second,payload,12.52987923125833,7.808970777429908,8.780136978971644,3,100,7.3030182177179865,21.50648249708536,100,0.95,,GPU-10d1f16f-9e79-08bb-b2ba-3353c04422cf
exploratory_smoke_v3_payload_fidelity_v2_not_for_confirmatory_pooling,smoke_v3_exploratory,llama3_8b_instruct_q4_k_m,segmented_hex_multi_topic,,sha256_hex,,,,,,,payload_bits_per_second,payload,15.057703283607976,0.7149877881220894,15.057703283607976,2,100,14.552130570161276,15.563275997054676,100,0.95,,GPU-10d1f16f-9e79-08bb-b2ba-3353c04422cf
exploratory_smoke_v3_payload_fidelity_v2_not_for_confirmatory_pooling,smoke_v3_exploratory,llama3_8b_instruct_q4_k_m,segmented_hex_multi_topic,,token_128_bit_hex,,,,,,,payload_bits_per_second,payload,27.762784078891954,9.147100396123628,27.762784078891954,2,100,21.29480736059878,34.23076079718513,100,0.95,,GPU-10d1f16f-9e79-08bb-b2ba-3353c04422cf
exploratory_smoke_v3_payload_fidelity_v2_not_for_confirmatory_pooling,smoke_v3_exploratory,llama3_8b_instruct_q4_k_m,segmented_hex_single_topic,,hmac_sha256_hex,,,,,,,payload_bits_per_second,payload,19.79205836472221,,19.79205836472221,1,100,19.79205836472221,19.79205836472221,0,0.95,,GPU-10d1f16f-9e79-08bb-b2ba-3353c04422cf
exploratory_smoke_v3_payload_fidelity_v2_not_for_confirmatory_pooling,smoke_v3_exploratory,mistral_7b_instruct_v0_3_q4_k_m,direct_subword_calgacus,,ed25519_signature_base64,,,,,,,payload_bits_per_second,payload,136.09117633167162,,136.09117633167162,1,100,136.09117633167162,136.09117633167162,0,0.95,,GPU-10d1f16f-9e79-08bb-b2ba-3353c04422cf
exploratory_smoke_v3_payload_fidelity_v2_not_for_confirmatory_pooling,smoke_v3_exploratory,mistral_7b_instruct_v0_3_q4_k_m,nonseg_ascii_b16,,aes256_gcm_base64,,,,,,,payload_bits_per_second,payload,96.85015851187536,,96.85015851187536,1,100,96.85015851187536,96.85015851187536,0,0.95,,GPU-10d1f16f-9e79-08bb-b2ba-3353c04422cf
exploratory_smoke_v3_payload_fidelity_v2_not_for_confirmatory_pooling,smoke_v3_exploratory,mistral_7b_instruct_v0_3_q4_k_m,nonseg_ascii_b8,,uuid_v4,,,,,,,payload_bits_per_second,payload,41.73728521563283,,41.73728521563283,1,100,41.73728521563283,41.73728521563283,0,0.95,,GPU-10d1f16f-9e79-08bb-b2ba-3353c04422cf
exploratory_smoke_v3_payload_fidelity_v2_not_for_confirmatory_pooling,smoke_v3_exploratory,mistral_7b_instruct_v0_3_q4_k_m,nonseg_hex_nibble_b16,,nonce_96_bit_hex,,,,,,,payload_bits_per_second,payload,85.04988256230072,,85.04988256230072,1,100,85.04988256230072,85.04988256230072,0,0.95,,GPU-10d1f16f-9e79-08bb-b2ba-3353c04422cf
exploratory_smoke_v3_payload_fidelity_v2_not_for_confirmatory_pooling,smoke_v3_exploratory,mistral_7b_instruct_v0_3_q4_k_m,segmented_hex_multi_topic,,nonce_96_bit_hex,,,,,,,payload_bits_per_second,payload,20.236777495894692,0.3331058228644093,20.236777495894692,2,100,20.001236109694545,20.472318882094843,100,0.95,,GPU-10d1f16f-9e79-08bb-b2ba-3353c04422cf
exploratory_smoke_v3_payload_fidelity_v2_not_for_confirmatory_pooling,smoke_v3_exploratory,mistral_7b_instruct_v0_3_q4_k_m,segmented_hex_multi_topic,,sha256_hex,,,,,,,payload_bits_per_second,payload,18.826346824786626,9.04686798108833,18.826346824786626,2,100,12.429245126859618,25.223448522713635,100,0.95,,GPU-10d1f16f-9e79-08bb-b2ba-3353c04422cf
exploratory_smoke_v3_payload_fidelity_v2_not_for_confirmatory_pooling,smoke_v3_exploratory,mistral_7b_instruct_v0_3_q4_k_m,segmented_hex_multi_topic,,token_128_bit_hex,,,,,,,payload_bits_per_second,payload,37.42479339901914,11.356224994529551,37.42479339901914,2,100,29.394729696707124,45.45485710133114,100,0.95,,GPU-10d1f16f-9e79-08bb-b2ba-3353c04422cf
exploratory_smoke_v3_payload_fidelity_v2_not_for_confirmatory_pooling,smoke_v3_exploratory,mistral_7b_instruct_v0_3_q4_k_m,segmented_hex_single_topic,,token_128_bit_hex,,,,,,,payload_bits_per_second,payload,22.27152468865024,,22.27152468865024,1,100,22.27152468865024,22.27152468865024,0,0.95,,GPU-10d1f16f-9e79-08bb-b2ba-3353c04422cf
exploratory_smoke_v3_payload_fidelity_v2_not_for_confirmatory_pooling,smoke_v3_exploratory,qwen2_5_7b_instruct_q4_k_m,direct_subword_calgacus,,ed25519_signature_base64,,,,,,,payload_bits_per_second,payload,101.33104791319384,,101.33104791319384,1,100,101.33104791319384,101.33104791319384,0,0.95,,GPU-10d1f16f-9e79-08bb-b2ba-3353c04422cf
exploratory_smoke_v3_payload_fidelity_v2_not_for_confirmatory_pooling,smoke_v3_exploratory,qwen2_5_7b_instruct_q4_k_m,nonseg_ascii_b16,,chacha20_poly1305_base64,,,,,,,payload_bits_per_second,payload,46.100073177790975,,46.100073177790975,1,100,46.100073177790975,46.100073177790975,0,0.95,,GPU-10d1f16f-9e79-08bb-b2ba-3353c04422cf
exploratory_smoke_v3_payload_fidelity_v2_not_for_confirmatory_pooling,smoke_v3_exploratory,qwen2_5_7b_instruct_q4_k_m,nonseg_ascii_b8,,uuid_v4,,,,,,,payload_bits_per_second,payload,19.86717972995357,,19.86717972995357,1,100,19.86717972995357,19.86717972995357,0,0.95,,GPU-10d1f16f-9e79-08bb-b2ba-3353c04422cf
exploratory_smoke_v3_payload_fidelity_v2_not_for_confirmatory_pooling,smoke_v3_exploratory,qwen2_5_7b_instruct_q4_k_m,nonseg_hex_nibble_b16,,token_128_bit_hex,,,,,,,payload_bits_per_second,payload,50.38903519930317,,50.38903519930317,1,100,50.38903519930317,50.38903519930317,0,0.95,,GPU-10d1f16f-9e79-08bb-b2ba-3353c04422cf
exploratory_smoke_v3_payload_fidelity_v2_not_for_confirmatory_pooling,smoke_v3_exploratory,qwen2_5_7b_instruct_q4_k_m,segmented_hex_multi_topic,,hmac_sha256_hex,,,,,,,payload_bits_per_second,payload,9.2496721931468,,9.2496721931468,1,100,9.2496721931468,9.2496721931468,0,0.95,,GPU-10d1f16f-9e79-08bb-b2ba-3353c04422cf
exploratory_smoke_v3_payload_fidelity_v2_not_for_confirmatory_pooling,smoke_v3_exploratory,qwen2_5_7b_instruct_q4_k_m,segmented_hex_multi_topic,,nonce_96_bit_hex,,,,,,,payload_bits_per_second,payload,10.930894764679099,5.2903051934881296,10.458877506126683,4,100,6.730570368249827,16.105970448205827,100,0.95,,GPU-10d1f16f-9e79-08bb-b2ba-3353c04422cf
exploratory_smoke_v3_payload_fidelity_v2_not_for_confirmatory_pooling,smoke_v3_exploratory,qwen2_5_7b_instruct_q4_k_m,segmented_hex_multi_topic,,sha256_hex,,,,,,,payload_bits_per_second,payload,34.45676910593834,,34.45676910593834,1,100,34.45676910593834,34.45676910593834,0,0.95,,GPU-10d1f16f-9e79-08bb-b2ba-3353c04422cf
exploratory_smoke_v3_payload_fidelity_v2_not_for_confirmatory_pooling,smoke_v3_exploratory,qwen2_5_7b_instruct_q4_k_m,segmented_hex_multi_topic,,token_128_bit_hex,,,,,,,payload_bits_per_second,payload,17.414020525900582,,17.414020525900582,1,100,17.414020525900582,17.414020525900582,0,0.95,,GPU-10d1f16f-9e79-08bb-b2ba-3353c04422cf
exploratory_smoke_v3_payload_fidelity_v2_not_for_confirmatory_pooling,smoke_v3_exploratory,qwen2_5_7b_instruct_q4_k_m,segmented_hex_single_topic,,sha256_hex,,,,,,,payload_bits_per_second,payload,11.981205548605956,,11.981205548605956,1,100,11.981205548605956,11.981205548605956,0,0.95,,GPU-10d1f16f-9e79-08bb-b2ba-3353c04422cf
exploratory_smoke_v3_payload_fidelity_v2_not_for_confirmatory_pooling,smoke_v3_exploratory,llama3_8b_instruct_q4_k_m,direct_subword_calgacus,,ed25519_signature_base64,,,,,,,encoding_tokens_per_second,payload,13.50521472331534,,13.50521472331534,1,100,13.50521472331534,13.50521472331534,0,0.95,,GPU-10d1f16f-9e79-08bb-b2ba-3353c04422cf
exploratory_smoke_v3_payload_fidelity_v2_not_for_confirmatory_pooling,smoke_v3_exploratory,llama3_8b_instruct_q4_k_m,nonseg_ascii_b16,,aes256_gcm_base64,,,,,,,encoding_tokens_per_second,payload,17.042931630206322,,17.042931630206322,1,100,17.042931630206322,17.042931630206322,0,0.95,,GPU-10d1f16f-9e79-08bb-b2ba-3353c04422cf
exploratory_smoke_v3_payload_fidelity_v2_not_for_confirmatory_pooling,smoke_v3_exploratory,llama3_8b_instruct_q4_k_m,nonseg_ascii_b8,,uuid_v4,,,,,,,encoding_tokens_per_second,payload,16.886642458348778,,16.886642458348778,1,100,16.886642458348778,16.886642458348778,0,0.95,,GPU-10d1f16f-9e79-08bb-b2ba-3353c04422cf
exploratory_smoke_v3_payload_fidelity_v2_not_for_confirmatory_pooling,smoke_v3_exploratory,llama3_8b_instruct_q4_k_m,nonseg_hex_nibble_b16,,sha256_hex,,,,,,,encoding_tokens_per_second,payload,15.95583595731993,,15.95583595731993,1,100,15.95583595731993,15.95583595731993,0,0.95,,GPU-10d1f16f-9e79-08bb-b2ba-3353c04422cf
exploratory_smoke_v3_payload_fidelity_v2_not_for_confirmatory_pooling,smoke_v3_exploratory,llama3_8b_instruct_q4_k_m,segmented_hex_multi_topic,,nonce_96_bit_hex,,,,,,,encoding_tokens_per_second,payload,21.47646357667898,4.6729169355146905,20.029687483279066,3,100,17.698042888226492,26.701660358531385,100,0.95,,GPU-10d1f16f-9e79-08bb-b2ba-3353c04422cf
exploratory_smoke_v3_payload_fidelity_v2_not_for_confirmatory_pooling,smoke_v3_exploratory,llama3_8b_instruct_q4_k_m,segmented_hex_multi_topic,,sha256_hex,,,,,,,encoding_tokens_per_second,payload,21.644247199027795,0.26014268439831245,21.644247199027795,2,100,21.460298542813675,21.828195855241912,100,0.95,,GPU-10d1f16f-9e79-08bb-b2ba-3353c04422cf
exploratory_smoke_v3_payload_fidelity_v2_not_for_confirmatory_pooling,smoke_v3_exploratory,llama3_8b_instruct_q4_k_m,segmented_hex_multi_topic,,token_128_bit_hex,,,,,,,encoding_tokens_per_second,payload,15.591711509966244,9.947608335570834,15.591711509966244,2,100,8.557690199296282,22.625732820636205,100,0.95,,GPU-10d1f16f-9e79-08bb-b2ba-3353c04422cf
exploratory_smoke_v3_payload_fidelity_v2_not_for_confirmatory_pooling,smoke_v3_exploratory,llama3_8b_instruct_q4_k_m,segmented_hex_single_topic,,hmac_sha256_hex,,,,,,,encoding_tokens_per_second,payload,16.312985605298383,,16.312985605298383,1,100,16.312985605298383,16.312985605298383,0,0.95,,GPU-10d1f16f-9e79-08bb-b2ba-3353c04422cf
exploratory_smoke_v3_payload_fidelity_v2_not_for_confirmatory_pooling,smoke_v3_exploratory,mistral_7b_instruct_v0_3_q4_k_m,direct_subword_calgacus,,ed25519_signature_base64,,,,,,,encoding_tokens_per_second,payload,19.40362475041412,,19.40362475041412,1,100,19.40362475041412,19.40362475041412,0,0.95,,GPU-10d1f16f-9e79-08bb-b2ba-3353c04422cf
exploratory_smoke_v3_payload_fidelity_v2_not_for_confirmatory_pooling,smoke_v3_exploratory,mistral_7b_instruct_v0_3_q4_k_m,nonseg_ascii_b16,,aes256_gcm_base64,,,,,,,encoding_tokens_per_second,payload,32.28338617062512,,32.28338617062512,1,100,32.28338617062512,32.28338617062512,0,0.95,,GPU-10d1f16f-9e79-08bb-b2ba-3353c04422cf
exploratory_smoke_v3_payload_fidelity_v2_not_for_confirmatory_pooling,smoke_v3_exploratory,mistral_7b_instruct_v0_3_q4_k_m,nonseg_ascii_b8,,uuid_v4,,,,,,,encoding_tokens_per_second,payload,31.302963911724625,,31.302963911724625,1,100,31.302963911724625,31.302963911724625,0,0.95,,GPU-10d1f16f-9e79-08bb-b2ba-3353c04422cf
exploratory_smoke_v3_payload_fidelity_v2_not_for_confirmatory_pooling,smoke_v3_exploratory,mistral_7b_instruct_v0_3_q4_k_m,nonseg_hex_nibble_b16,,nonce_96_bit_hex,,,,,,,encoding_tokens_per_second,payload,21.26247064057518,,21.26247064057518,1,100,21.26247064057518,21.26247064057518,0,0.95,,GPU-10d1f16f-9e79-08bb-b2ba-3353c04422cf
exploratory_smoke_v3_payload_fidelity_v2_not_for_confirmatory_pooling,smoke_v3_exploratory,mistral_7b_instruct_v0_3_q4_k_m,segmented_hex_multi_topic,,nonce_96_bit_hex,,,,,,,encoding_tokens_per_second,payload,29.928659600465068,0.10351274520932476,29.928659600465068,2,100,29.855465036388317,30.001854164541815,100,0.95,,GPU-10d1f16f-9e79-08bb-b2ba-3353c04422cf
exploratory_smoke_v3_payload_fidelity_v2_not_for_confirmatory_pooling,smoke_v3_exploratory,mistral_7b_instruct_v0_3_q4_k_m,segmented_hex_multi_topic,,sha256_hex,,,,,,,encoding_tokens_per_second,payload,31.06993870596862,6.596091506754051,31.06993870596862,2,100,26.40579767221584,35.7340797397214,100,0.95,,GPU-10d1f16f-9e79-08bb-b2ba-3353c04422cf
exploratory_smoke_v3_payload_fidelity_v2_not_for_confirmatory_pooling,smoke_v3_exploratory,mistral_7b_instruct_v0_3_q4_k_m,segmented_hex_multi_topic,,token_128_bit_hex,,,,,,,encoding_tokens_per_second,payload,22.56086208069744,15.835158286242828,22.56086208069744,2,100,11.363714275332786,33.75800988606209,100,0.95,,GPU-10d1f16f-9e79-08bb-b2ba-3353c04422cf
exploratory_smoke_v3_payload_fidelity_v2_not_for_confirmatory_pooling,smoke_v3_exploratory,mistral_7b_instruct_v0_3_q4_k_m,segmented_hex_single_topic,,token_128_bit_hex,,,,,,,encoding_tokens_per_second,payload,25.57745413462176,,25.57745413462176,1,100,25.57745413462176,25.57745413462176,0,0.95,,GPU-10d1f16f-9e79-08bb-b2ba-3353c04422cf
exploratory_smoke_v3_payload_fidelity_v2_not_for_confirmatory_pooling,smoke_v3_exploratory,qwen2_5_7b_instruct_q4_k_m,direct_subword_calgacus,,ed25519_signature_base64,,,,,,,encoding_tokens_per_second,payload,13.062205395060143,,13.062205395060143,1,100,13.062205395060143,13.062205395060143,0,0.95,,GPU-10d1f16f-9e79-08bb-b2ba-3353c04422cf
exploratory_smoke_v3_payload_fidelity_v2_not_for_confirmatory_pooling,smoke_v3_exploratory,qwen2_5_7b_instruct_q4_k_m,nonseg_ascii_b16,,chacha20_poly1305_base64,,,,,,,encoding_tokens_per_second,payload,15.36669105926366,,15.36669105926366,1,100,15.36669105926366,15.36669105926366,0,0.95,,GPU-10d1f16f-9e79-08bb-b2ba-3353c04422cf
exploratory_smoke_v3_payload_fidelity_v2_not_for_confirmatory_pooling,smoke_v3_exploratory,qwen2_5_7b_instruct_q4_k_m,nonseg_ascii_b8,,uuid_v4,,,,,,,encoding_tokens_per_second,payload,14.900384797465176,,14.900384797465176,1,100,14.900384797465176,14.900384797465176,0,0.95,,GPU-10d1f16f-9e79-08bb-b2ba-3353c04422cf
exploratory_smoke_v3_payload_fidelity_v2_not_for_confirmatory_pooling,smoke_v3_exploratory,qwen2_5_7b_instruct_q4_k_m,nonseg_hex_nibble_b16,,token_128_bit_hex,,,,,,,encoding_tokens_per_second,payload,12.597258799825791,,12.597258799825791,1,100,12.597258799825791,12.597258799825791,0,0.95,,GPU-10d1f16f-9e79-08bb-b2ba-3353c04422cf
exploratory_smoke_v3_payload_fidelity_v2_not_for_confirmatory_pooling,smoke_v3_exploratory,qwen2_5_7b_instruct_q4_k_m,segmented_hex_multi_topic,,hmac_sha256_hex,,,,,,,encoding_tokens_per_second,payload,24.027468782979,,24.027468782979,1,100,24.027468782979,24.027468782979,0,0.95,,GPU-10d1f16f-9e79-08bb-b2ba-3353c04422cf
exploratory_smoke_v3_payload_fidelity_v2_not_for_confirmatory_pooling,smoke_v3_exploratory,qwen2_5_7b_instruct_q4_k_m,segmented_hex_multi_topic,,nonce_96_bit_hex,,,,,,,encoding_tokens_per_second,payload,21.36063524946745,3.3217752228911173,20.163625876125685,4,100,19.17214341882604,24.686856614481414,100,0.95,,GPU-10d1f16f-9e79-08bb-b2ba-3353c04422cf
exploratory_smoke_v3_payload_fidelity_v2_not_for_confirmatory_pooling,smoke_v3_exploratory,qwen2_5_7b_instruct_q4_k_m,segmented_hex_multi_topic,,sha256_hex,,,,,,,encoding_tokens_per_second,payload,8.614192276484586,,8.614192276484586,1,100,8.614192276484586,8.614192276484586,0,0.95,,GPU-10d1f16f-9e79-08bb-b2ba-3353c04422cf
exploratory_smoke_v3_payload_fidelity_v2_not_for_confirmatory_pooling,smoke_v3_exploratory,qwen2_5_7b_instruct_q4_k_m,segmented_hex_multi_topic,,token_128_bit_hex,,,,,,,encoding_tokens_per_second,payload,18.36634977341077,,18.36634977341077,1,100,18.36634977341077,18.36634977341077,0,0.95,,GPU-10d1f16f-9e79-08bb-b2ba-3353c04422cf
exploratory_smoke_v3_payload_fidelity_v2_not_for_confirmatory_pooling,smoke_v3_exploratory,qwen2_5_7b_instruct_q4_k_m,segmented_hex_single_topic,,sha256_hex,,,,,,,encoding_tokens_per_second,payload,20.779903373363453,,20.779903373363453,1,100,20.779903373363453,20.779903373363453,0,0.95,,GPU-10d1f16f-9e79-08bb-b2ba-3353c04422cf
exploratory_smoke_v3_payload_fidelity_v2_not_for_confirmatory_pooling,smoke_v3_exploratory,llama3_8b_instruct_q4_k_m,direct_subword_calgacus,,ed25519_signature_base64,,,,,,,decoding_tokens_per_second,payload,16.2533306264005,,16.2533306264005,1,100,16.2533306264005,16.2533306264005,0,0.95,,GPU-10d1f16f-9e79-08bb-b2ba-3353c04422cf
exploratory_smoke_v3_payload_fidelity_v2_not_for_confirmatory_pooling,smoke_v3_exploratory,llama3_8b_instruct_q4_k_m,nonseg_ascii_b16,,aes256_gcm_base64,,,,,,,decoding_tokens_per_second,payload,39.33277264795645,,39.33277264795645,1,100,39.33277264795645,39.33277264795645,0,0.95,,GPU-10d1f16f-9e79-08bb-b2ba-3353c04422cf
exploratory_smoke_v3_payload_fidelity_v2_not_for_confirmatory_pooling,smoke_v3_exploratory,llama3_8b_instruct_q4_k_m,nonseg_ascii_b8,,uuid_v4,,,,,,,decoding_tokens_per_second,payload,37.72648775656373,,37.72648775656373,1,100,37.72648775656373,37.72648775656373,0,0.95,,GPU-10d1f16f-9e79-08bb-b2ba-3353c04422cf
exploratory_smoke_v3_payload_fidelity_v2_not_for_confirmatory_pooling,smoke_v3_exploratory,llama3_8b_instruct_q4_k_m,nonseg_hex_nibble_b16,,sha256_hex,,,,,,,decoding_tokens_per_second,payload,32.98179970716349,,32.98179970716349,1,100,32.98179970716349,32.98179970716349,0,0.95,,GPU-10d1f16f-9e79-08bb-b2ba-3353c04422cf
exploratory_smoke_v3_payload_fidelity_v2_not_for_confirmatory_pooling,smoke_v3_exploratory,llama3_8b_instruct_q4_k_m,segmented_hex_multi_topic,,nonce_96_bit_hex,,,,,,,decoding_tokens_per_second,payload,11.321399232900594,1.5005891690271982,12.020230029149388,3,100,9.59885074113143,12.345116928420959,100,0.95,,GPU-10d1f16f-9e79-08bb-b2ba-3353c04422cf
exploratory_smoke_v3_payload_fidelity_v2_not_for_confirmatory_pooling,smoke_v3_exploratory,llama3_8b_instruct_q4_k_m,segmented_hex_multi_topic,,sha256_hex,,,,,,,decoding_tokens_per_second,payload,12.171996778130334,0.037895715186159265,12.171996778130334,2,100,12.145200460944286,12.19879309531638,100,0.95,,GPU-10d1f16f-9e79-08bb-b2ba-3353c04422cf
exploratory_smoke_v3_payload_fidelity_v2_not_for_confirmatory_pooling,smoke_v3_exploratory,llama3_8b_instruct_q4_k_m,segmented_hex_multi_topic,,token_128_bit_hex,,,,,,,decoding_tokens_per_second,payload,11.30214960966168,0.8781808538415495,11.30214960966168,2,100,10.681181972802127,11.923117246521231,100,0.95,,GPU-10d1f16f-9e79-08bb-b2ba-3353c04422cf
exploratory_smoke_v3_payload_fidelity_v2_not_for_confirmatory_pooling,smoke_v3_exploratory,llama3_8b_instruct_q4_k_m,segmented_hex_single_topic,,hmac_sha256_hex,,,,,,,decoding_tokens_per_second,payload,12.42098269116678,,12.42098269116678,1,100,12.42098269116678,12.42098269116678,0,0.95,,GPU-10d1f16f-9e79-08bb-b2ba-3353c04422cf
exploratory_smoke_v3_payload_fidelity_v2_not_for_confirmatory_pooling,smoke_v3_exploratory,mistral_7b_instruct_v0_3_q4_k_m,direct_subword_calgacus,,ed25519_signature_base64,,,,,,,decoding_tokens_per_second,payload,20.60417182907334,,20.60417182907334,1,100,20.60417182907334,20.60417182907334,0,0.95,,GPU-10d1f16f-9e79-08bb-b2ba-3353c04422cf
exploratory_smoke_v3_payload_fidelity_v2_not_for_confirmatory_pooling,smoke_v3_exploratory,mistral_7b_instruct_v0_3_q4_k_m,nonseg_ascii_b16,,aes256_gcm_base64,,,,,,,decoding_tokens_per_second,payload,41.78045977472767,,41.78045977472767,1,100,41.78045977472767,41.78045977472767,0,0.95,,GPU-10d1f16f-9e79-08bb-b2ba-3353c04422cf
exploratory_smoke_v3_payload_fidelity_v2_not_for_confirmatory_pooling,smoke_v3_exploratory,mistral_7b_instruct_v0_3_q4_k_m,nonseg_ascii_b8,,uuid_v4,,,,,,,decoding_tokens_per_second,payload,39.75140410983935,,39.75140410983935,1,100,39.75140410983935,39.75140410983935,0,0.95,,GPU-10d1f16f-9e79-08bb-b2ba-3353c04422cf
exploratory_smoke_v3_payload_fidelity_v2_not_for_confirmatory_pooling,smoke_v3_exploratory,mistral_7b_instruct_v0_3_q4_k_m,nonseg_hex_nibble_b16,,nonce_96_bit_hex,,,,,,,decoding_tokens_per_second,payload,24.61755686865359,,24.61755686865359,1,100,24.61755686865359,24.61755686865359,0,0.95,,GPU-10d1f16f-9e79-08bb-b2ba-3353c04422cf
exploratory_smoke_v3_payload_fidelity_v2_not_for_confirmatory_pooling,smoke_v3_exploratory,mistral_7b_instruct_v0_3_q4_k_m,segmented_hex_multi_topic,,nonce_96_bit_hex,,,,,,,decoding_tokens_per_second,payload,12.307556930539613,0.07133923747358596,12.307556930539613,2,100,12.257112471957363,12.358001389121863,100,0.95,,GPU-10d1f16f-9e79-08bb-b2ba-3353c04422cf
exploratory_smoke_v3_payload_fidelity_v2_not_for_confirmatory_pooling,smoke_v3_exploratory,mistral_7b_instruct_v0_3_q4_k_m,segmented_hex_multi_topic,,sha256_hex,,,,,,,decoding_tokens_per_second,payload,11.07042049413005,1.6994456398029234,11.07042049413005,2,100,9.868730957967491,12.272110030292607,100,0.95,,GPU-10d1f16f-9e79-08bb-b2ba-3353c04422cf
exploratory_smoke_v3_payload_fidelity_v2_not_for_confirmatory_pooling,smoke_v3_exploratory,mistral_7b_instruct_v0_3_q4_k_m,segmented_hex_multi_topic,,token_128_bit_hex,,,,,,,decoding_tokens_per_second,payload,11.749870557794967,0.8041228569772204,11.749870557794967,2,100,11.181269832719275,12.31847128287066,100,0.95,,GPU-10d1f16f-9e79-08bb-b2ba-3353c04422cf
exploratory_smoke_v3_payload_fidelity_v2_not_for_confirmatory_pooling,smoke_v3_exploratory,mistral_7b_instruct_v0_3_q4_k_m,segmented_hex_single_topic,,token_128_bit_hex,,,,,,,decoding_tokens_per_second,payload,12.3137755306349,,12.3137755306349,1,100,12.3137755306349,12.3137755306349,0,0.95,,GPU-10d1f16f-9e79-08bb-b2ba-3353c04422cf
exploratory_smoke_v3_payload_fidelity_v2_not_for_confirmatory_pooling,smoke_v3_exploratory,qwen2_5_7b_instruct_q4_k_m,direct_subword_calgacus,,ed25519_signature_base64,,,,,,,decoding_tokens_per_second,payload,16.202161493985116,,16.202161493985116,1,100,16.202161493985116,16.202161493985116,0,0.95,,GPU-10d1f16f-9e79-08bb-b2ba-3353c04422cf
exploratory_smoke_v3_payload_fidelity_v2_not_for_confirmatory_pooling,smoke_v3_exploratory,qwen2_5_7b_instruct_q4_k_m,nonseg_ascii_b16,,chacha20_poly1305_base64,,,,,,,decoding_tokens_per_second,payload,41.25720878625326,,41.25720878625326,1,100,41.25720878625326,41.25720878625326,0,0.95,,GPU-10d1f16f-9e79-08bb-b2ba-3353c04422cf
exploratory_smoke_v3_payload_fidelity_v2_not_for_confirmatory_pooling,smoke_v3_exploratory,qwen2_5_7b_instruct_q4_k_m,nonseg_ascii_b8,,uuid_v4,,,,,,,decoding_tokens_per_second,payload,40.32709555891193,,40.32709555891193,1,100,40.32709555891193,40.32709555891193,0,0.95,,GPU-10d1f16f-9e79-08bb-b2ba-3353c04422cf
exploratory_smoke_v3_payload_fidelity_v2_not_for_confirmatory_pooling,smoke_v3_exploratory,qwen2_5_7b_instruct_q4_k_m,nonseg_hex_nibble_b16,,token_128_bit_hex,,,,,,,decoding_tokens_per_second,payload,27.036039915773785,,27.036039915773785,1,100,27.036039915773785,27.036039915773785,0,0.95,,GPU-10d1f16f-9e79-08bb-b2ba-3353c04422cf
exploratory_smoke_v3_payload_fidelity_v2_not_for_confirmatory_pooling,smoke_v3_exploratory,qwen2_5_7b_instruct_q4_k_m,segmented_hex_multi_topic,,hmac_sha256_hex,,,,,,,decoding_tokens_per_second,payload,12.830974938438253,,12.830974938438253,1,100,12.830974938438253,12.830974938438253,0,0.95,,GPU-10d1f16f-9e79-08bb-b2ba-3353c04422cf
exploratory_smoke_v3_payload_fidelity_v2_not_for_confirmatory_pooling,smoke_v3_exploratory,qwen2_5_7b_instruct_q4_k_m,segmented_hex_multi_topic,,nonce_96_bit_hex,,,,,,,decoding_tokens_per_second,payload,12.109931757852031,2.288902912363253,13.067101957338977,4,100,9.821265659212791,13.55801498398314,100,0.95,,GPU-10d1f16f-9e79-08bb-b2ba-3353c04422cf
exploratory_smoke_v3_payload_fidelity_v2_not_for_confirmatory_pooling,smoke_v3_exploratory,qwen2_5_7b_instruct_q4_k_m,segmented_hex_multi_topic,,sha256_hex,,,,,,,decoding_tokens_per_second,payload,13.015553139539351,,13.015553139539351,1,100,13.015553139539351,13.015553139539351,0,0.95,,GPU-10d1f16f-9e79-08bb-b2ba-3353c04422cf
exploratory_smoke_v3_payload_fidelity_v2_not_for_confirmatory_pooling,smoke_v3_exploratory,qwen2_5_7b_instruct_q4_k_m,segmented_hex_multi_topic,,token_128_bit_hex,,,,,,,decoding_tokens_per_second,payload,10.329085250017435,,10.329085250017435,1,100,10.329085250017435,10.329085250017435,0,0.95,,GPU-10d1f16f-9e79-08bb-b2ba-3353c04422cf
exploratory_smoke_v3_payload_fidelity_v2_not_for_confirmatory_pooling,smoke_v3_exploratory,qwen2_5_7b_instruct_q4_k_m,segmented_hex_single_topic,,sha256_hex,,,,,,,decoding_tokens_per_second,payload,13.396830062645847,,13.396830062645847,1,100,13.396830062645847,13.396830062645847,0,0.95,,GPU-10d1f16f-9e79-08bb-b2ba-3353c04422cf
exploratory_smoke_v3_payload_fidelity_v2_not_for_confirmatory_pooling,smoke_v3_exploratory,llama3_8b_instruct_q4_k_m,direct_subword_calgacus,,ed25519_signature_base64,,,,,,,encoding_seconds,payload,4.442728326001088,,4.442728326001088,1,100,4.442728326001088,4.442728326001088,0,0.95,,GPU-10d1f16f-9e79-08bb-b2ba-3353c04422cf
exploratory_smoke_v3_payload_fidelity_v2_not_for_confirmatory_pooling,smoke_v3_exploratory,llama3_8b_instruct_q4_k_m,nonseg_ascii_b16,,aes256_gcm_base64,,,,,,,encoding_seconds,payload,7.510444962012116,,7.510444962012116,1,100,7.510444962012116,7.510444962012116,0,0.95,,GPU-10d1f16f-9e79-08bb-b2ba-3353c04422cf
exploratory_smoke_v3_payload_fidelity_v2_not_for_confirmatory_pooling,smoke_v3_exploratory,llama3_8b_instruct_q4_k_m,nonseg_ascii_b8,,uuid_v4,,,,,,,encoding_seconds,payload,5.684966697008349,,5.684966697008349,1,100,5.684966697008349,5.684966697008349,0,0.95,,GPU-10d1f16f-9e79-08bb-b2ba-3353c04422cf
exploratory_smoke_v3_payload_fidelity_v2_not_for_confirmatory_pooling,smoke_v3_exploratory,llama3_8b_instruct_q4_k_m,nonseg_hex_nibble_b16,,sha256_hex,,,,,,,encoding_seconds,payload,4.011071571003413,,4.011071571003413,1,100,4.011071571003413,4.011071571003413,0,0.95,,GPU-10d1f16f-9e79-08bb-b2ba-3353c04422cf
exploratory_smoke_v3_payload_fidelity_v2_not_for_confirmatory_pooling,smoke_v3_exploratory,llama3_8b_instruct_q4_k_m,segmented_hex_multi_topic,,nonce_96_bit_hex,,,,,,,encoding_seconds,payload,9.51426352133179,4.51145999292,10.933770194009412,3,100,4.46377040099469,13.145249968991266,100,0.95,,GPU-10d1f16f-9e79-08bb-b2ba-3353c04422cf
exploratory_smoke_v3_payload_fidelity_v2_not_for_confirmatory_pooling,smoke_v3_exploratory,llama3_8b_instruct_q4_k_m,segmented_hex_multi_topic,,sha256_hex,,,,,,,encoding_seconds,payload,17.020452356504393,0.8081853755520805,17.020452356504393,2,100,16.44897899699572,17.591925716013066,100,0.95,,GPU-10d1f16f-9e79-08bb-b2ba-3353c04422cf
exploratory_smoke_v3_payload_fidelity_v2_not_for_confirmatory_pooling,smoke_v3_exploratory,llama3_8b_instruct_q4_k_m,segmented_hex_multi_topic,,token_128_bit_hex,,,,,,,encoding_seconds,payload,4.875090898480266,1.6062130426800947,4.875090898480266,2,100,3.739326763970894,6.010855032989639,100,0.95,,GPU-10d1f16f-9e79-08bb-b2ba-3353c04422cf
exploratory_smoke_v3_payload_fidelity_v2_not_for_confirmatory_pooling,smoke_v3_exploratory,llama3_8b_instruct_q4_k_m,segmented_hex_single_topic,,hmac_sha256_hex,,,,,,,encoding_seconds,payload,12.93448085502314,,12.93448085502314,1,100,12.93448085502314,12.93448085502314,0,0.95,,GPU-10d1f16f-9e79-08bb-b2ba-3353c04422cf
exploratory_smoke_v3_payload_fidelity_v2_not_for_confirmatory_pooling,smoke_v3_exploratory,mistral_7b_instruct_v0_3_q4_k_m,direct_subword_calgacus,,ed25519_signature_base64,,,,,,,encoding_seconds,payload,3.762183660990559,,3.762183660990559,1,100,3.762183660990559,3.762183660990559,0,0.95,,GPU-10d1f16f-9e79-08bb-b2ba-3353c04422cf
exploratory_smoke_v3_payload_fidelity_v2_not_for_confirmatory_pooling,smoke_v3_exploratory,mistral_7b_instruct_v0_3_q4_k_m,nonseg_ascii_b16,,aes256_gcm_base64,,,,,,,encoding_seconds,payload,3.964887677007937,,3.964887677007937,1,100,3.964887677007937,3.964887677007937,0,0.95,,GPU-10d1f16f-9e79-08bb-b2ba-3353c04422cf
exploratory_smoke_v3_payload_fidelity_v2_not_for_confirmatory_pooling,smoke_v3_exploratory,mistral_7b_instruct_v0_3_q4_k_m,nonseg_ascii_b8,,uuid_v4,,,,,,,encoding_seconds,payload,3.066802245011786,,3.066802245011786,1,100,3.066802245011786,3.066802245011786,0,0.95,,GPU-10d1f16f-9e79-08bb-b2ba-3353c04422cf
exploratory_smoke_v3_payload_fidelity_v2_not_for_confirmatory_pooling,smoke_v3_exploratory,mistral_7b_instruct_v0_3_q4_k_m,nonseg_hex_nibble_b16,,nonce_96_bit_hex,,,,,,,encoding_seconds,payload,1.1287493540003195,,1.1287493540003195,1,100,1.1287493540003195,1.1287493540003195,0,0.95,,GPU-10d1f16f-9e79-08bb-b2ba-3353c04422cf
exploratory_smoke_v3_payload_fidelity_v2_not_for_confirmatory_pooling,smoke_v3_exploratory,mistral_7b_instruct_v0_3_q4_k_m,segmented_hex_multi_topic,,nonce_96_bit_hex,,,,,,,encoding_seconds,payload,4.744481039997481,0.07809614259056606,4.744481039997481,2,100,4.6892587279871805,4.799703352007782,100,0.95,,GPU-10d1f16f-9e79-08bb-b2ba-3353c04422cf
exploratory_smoke_v3_payload_fidelity_v2_not_for_confirmatory_pooling,smoke_v3_exploratory,mistral_7b_instruct_v0_3_q4_k_m,segmented_hex_multi_topic,,sha256_hex,,,,,,,encoding_seconds,payload,15.372935488987423,7.387355557879618,15.372935488987423,2,100,10.149286278974614,20.596584699000232,100,0.95,,GPU-10d1f16f-9e79-08bb-b2ba-3353c04422cf
exploratory_smoke_v3_payload_fidelity_v2_not_for_confirmatory_pooling,smoke_v3_exploratory,mistral_7b_instruct_v0_3_q4_k_m,segmented_hex_multi_topic,,token_128_bit_hex,,,,,,,encoding_seconds,payload,3.585251395001251,1.0879130599195839,3.585251395001251,2,100,2.8159806929907063,4.354522097011795,100,0.95,,GPU-10d1f16f-9e79-08bb-b2ba-3353c04422cf
exploratory_smoke_v3_payload_fidelity_v2_not_for_confirmatory_pooling,smoke_v3_exploratory,mistral_7b_instruct_v0_3_q4_k_m,segmented_hex_single_topic,,token_128_bit_hex,,,,,,,encoding_seconds,payload,5.747249090010882,,5.747249090010882,1,100,5.747249090010882,5.747249090010882,0,0.95,,GPU-10d1f16f-9e79-08bb-b2ba-3353c04422cf
exploratory_smoke_v3_payload_fidelity_v2_not_for_confirmatory_pooling,smoke_v3_exploratory,qwen2_5_7b_instruct_q4_k_m,direct_subword_calgacus,,ed25519_signature_base64,,,,,,,encoding_seconds,payload,5.052745535984286,,5.052745535984286,1,100,5.052745535984286,5.052745535984286,0,0.95,,GPU-10d1f16f-9e79-08bb-b2ba-3353c04422cf
exploratory_smoke_v3_payload_fidelity_v2_not_for_confirmatory_pooling,smoke_v3_exploratory,qwen2_5_7b_instruct_q4_k_m,nonseg_ascii_b16,,chacha20_poly1305_base64,,,,,,,encoding_seconds,payload,8.329704782008776,,8.329704782008776,1,100,8.329704782008776,8.329704782008776,0,0.95,,GPU-10d1f16f-9e79-08bb-b2ba-3353c04422cf
exploratory_smoke_v3_payload_fidelity_v2_not_for_confirmatory_pooling,smoke_v3_exploratory,qwen2_5_7b_instruct_q4_k_m,nonseg_ascii_b8,,uuid_v4,,,,,,,encoding_seconds,payload,6.442786633022479,,6.442786633022479,1,100,6.442786633022479,6.442786633022479,0,0.95,,GPU-10d1f16f-9e79-08bb-b2ba-3353c04422cf
exploratory_smoke_v3_payload_fidelity_v2_not_for_confirmatory_pooling,smoke_v3_exploratory,qwen2_5_7b_instruct_q4_k_m,nonseg_hex_nibble_b16,,token_128_bit_hex,,,,,,,encoding_seconds,payload,2.5402351819939213,,2.5402351819939213,1,100,2.5402351819939213,2.5402351819939213,0,0.95,,GPU-10d1f16f-9e79-08bb-b2ba-3353c04422cf
exploratory_smoke_v3_payload_fidelity_v2_not_for_confirmatory_pooling,smoke_v3_exploratory,qwen2_5_7b_instruct_q4_k_m,segmented_hex_multi_topic,,hmac_sha256_hex,,,,,,,encoding_seconds,payload,27.67665649704577,,27.67665649704577,1,100,27.67665649704577,27.67665649704577,0,0.95,,GPU-10d1f16f-9e79-08bb-b2ba-3353c04422cf
exploratory_smoke_v3_payload_fidelity_v2_not_for_confirmatory_pooling,smoke_v3_exploratory,qwen2_5_7b_instruct_q4_k_m,segmented_hex_multi_topic,,nonce_96_bit_hex,,,,,,,encoding_seconds,payload,10.601450800764724,5.082866648003017,10.319244576014171,4,100,6.000419873755163,14.328072817519569,100,0.95,,GPU-10d1f16f-9e79-08bb-b2ba-3353c04422cf
exploratory_smoke_v3_payload_fidelity_v2_not_for_confirmatory_pooling,smoke_v3_exploratory,qwen2_5_7b_instruct_q4_k_m,segmented_hex_multi_topic,,sha256_hex,,,,,,,encoding_seconds,payload,7.42959965900809,,7.42959965900809,1,100,7.42959965900809,7.42959965900809,0,0.95,,GPU-10d1f16f-9e79-08bb-b2ba-3353c04422cf
exploratory_smoke_v3_payload_fidelity_v2_not_for_confirmatory_pooling,smoke_v3_exploratory,qwen2_5_7b_instruct_q4_k_m,segmented_hex_multi_topic,,token_128_bit_hex,,,,,,,encoding_seconds,payload,7.350399054004811,,7.350399054004811,1,100,7.350399054004811,7.350399054004811,0,0.95,,GPU-10d1f16f-9e79-08bb-b2ba-3353c04422cf
exploratory_smoke_v3_payload_fidelity_v2_not_for_confirmatory_pooling,smoke_v3_exploratory,qwen2_5_7b_instruct_q4_k_m,segmented_hex_single_topic,,sha256_hex,,,,,,,encoding_seconds,payload,21.366798104034388,,21.366798104034388,1,100,21.366798104034388,21.366798104034388,0,0.95,,GPU-10d1f16f-9e79-08bb-b2ba-3353c04422cf
exploratory_smoke_v3_payload_fidelity_v2_not_for_confirmatory_pooling,smoke_v3_exploratory,llama3_8b_instruct_q4_k_m,direct_subword_calgacus,,ed25519_signature_base64,,,,,,,decoding_seconds,payload,3.69155106600374,,3.69155106600374,1,100,3.69155106600374,3.69155106600374,0,0.95,,GPU-10d1f16f-9e79-08bb-b2ba-3353c04422cf
exploratory_smoke_v3_payload_fidelity_v2_not_for_confirmatory_pooling,smoke_v3_exploratory,llama3_8b_instruct_q4_k_m,nonseg_ascii_b16,,aes256_gcm_base64,,,,,,,decoding_seconds,payload,3.254283677015337,,3.254283677015337,1,100,3.254283677015337,3.254283677015337,0,0.95,,GPU-10d1f16f-9e79-08bb-b2ba-3353c04422cf
exploratory_smoke_v3_payload_fidelity_v2_not_for_confirmatory_pooling,smoke_v3_exploratory,llama3_8b_instruct_q4_k_m,nonseg_ascii_b8,,uuid_v4,,,,,,,decoding_seconds,payload,2.5446312580024824,,2.5446312580024824,1,100,2.5446312580024824,2.5446312580024824,0,0.95,,GPU-10d1f16f-9e79-08bb-b2ba-3353c04422cf
exploratory_smoke_v3_payload_fidelity_v2_not_for_confirmatory_pooling,smoke_v3_exploratory,llama3_8b_instruct_q4_k_m,nonseg_hex_nibble_b16,,sha256_hex,,,,,,,decoding_seconds,payload,1.9404641519940924,,1.9404641519940924,1,100,1.9404641519940924,1.9404641519940924,0,0.95,,GPU-10d1f16f-9e79-08bb-b2ba-3353c04422cf
exploratory_smoke_v3_payload_fidelity_v2_not_for_confirmatory_pooling,smoke_v3_exploratory,llama3_8b_instruct_q4_k_m,segmented_hex_multi_topic,,nonce_96_bit_hex,,,,,,,decoding_seconds,payload,2.1470072790010213,0.30708583146853424,1.9966340029932328,3,100,1.944088512012968,2.500299321996863,100,0.95,,GPU-10d1f16f-9e79-08bb-b2ba-3353c04422cf
exploratory_smoke_v3_payload_fidelity_v2_not_for_confirmatory_pooling,smoke_v3_exploratory,llama3_8b_instruct_q4_k_m,segmented_hex_multi_topic,,sha256_hex,,,,,,,decoding_seconds,payload,5.257995983971341,0.016369994331295653,5.257995983971341,2,100,5.2464206499716965,5.2695713179709855,100,0.95,,GPU-10d1f16f-9e79-08bb-b2ba-3353c04422cf
exploratory_smoke_v3_payload_fidelity_v2_not_for_confirmatory_pooling,smoke_v3_exploratory,llama3_8b_instruct_q4_k_m,segmented_hex_multi_topic,,token_128_bit_hex,,,,,,,decoding_seconds,payload,2.8398925045112264,0.2206606097567435,2.8398925045112264,2,100,2.6838618910114747,2.995923118010978,100,0.95,,GPU-10d1f16f-9e79-08bb-b2ba-3353c04422cf
exploratory_smoke_v3_payload_fidelity_v2_not_for_confirmatory_pooling,smoke_v3_exploratory,llama3_8b_instruct_q4_k_m,segmented_hex_single_topic,,hmac_sha256_hex,,,,,,,decoding_seconds,payload,5.152571385959163,,5.152571385959163,1,100,5.152571385959163,5.152571385959163,0,0.95,,GPU-10d1f16f-9e79-08bb-b2ba-3353c04422cf
exploratory_smoke_v3_payload_fidelity_v2_not_for_confirmatory_pooling,smoke_v3_exploratory,mistral_7b_instruct_v0_3_q4_k_m,direct_subword_calgacus,,ed25519_signature_base64,,,,,,,decoding_seconds,payload,3.5429718119994504,,3.5429718119994504,1,100,3.5429718119994504,3.5429718119994504,0,0.95,,GPU-10d1f16f-9e79-08bb-b2ba-3353c04422cf
exploratory_smoke_v3_payload_fidelity_v2_not_for_confirmatory_pooling,smoke_v3_exploratory,mistral_7b_instruct_v0_3_q4_k_m,nonseg_ascii_b16,,aes256_gcm_base64,,,,,,,decoding_seconds,payload,3.063633111989475,,3.063633111989475,1,100,3.063633111989475,3.063633111989475,0,0.95,,GPU-10d1f16f-9e79-08bb-b2ba-3353c04422cf
exploratory_smoke_v3_payload_fidelity_v2_not_for_confirmatory_pooling,smoke_v3_exploratory,mistral_7b_instruct_v0_3_q4_k_m,nonseg_ascii_b8,,uuid_v4,,,,,,,decoding_seconds,payload,2.415009033007664,,2.415009033007664,1,100,2.415009033007664,2.415009033007664,0,0.95,,GPU-10d1f16f-9e79-08bb-b2ba-3353c04422cf
exploratory_smoke_v3_payload_fidelity_v2_not_for_confirmatory_pooling,smoke_v3_exploratory,mistral_7b_instruct_v0_3_q4_k_m,nonseg_hex_nibble_b16,,nonce_96_bit_hex,,,,,,,decoding_seconds,payload,0.9749139659979846,,0.9749139659979846,1,100,0.9749139659979846,0.9749139659979846,0,0.95,,GPU-10d1f16f-9e79-08bb-b2ba-3353c04422cf
exploratory_smoke_v3_payload_fidelity_v2_not_for_confirmatory_pooling,smoke_v3_exploratory,mistral_7b_instruct_v0_3_q4_k_m,segmented_hex_multi_topic,,nonce_96_bit_hex,,,,,,,decoding_seconds,payload,1.950054207998619,0.011303248972636229,1.950054207998619,2,100,1.942061604000628,1.95804681199661,100,0.95,,GPU-10d1f16f-9e79-08bb-b2ba-3353c04422cf
exploratory_smoke_v3_payload_fidelity_v2_not_for_confirmatory_pooling,smoke_v3_exploratory,mistral_7b_instruct_v0_3_q4_k_m,segmented_hex_multi_topic,,sha256_hex,,,,,,,decoding_seconds,payload,5.850103388504067,0.898062788243781,5.850103388504067,2,100,5.215077101005591,6.485129676002543,100,0.95,,GPU-10d1f16f-9e79-08bb-b2ba-3353c04422cf
exploratory_smoke_v3_payload_fidelity_v2_not_for_confirmatory_pooling,smoke_v3_exploratory,mistral_7b_instruct_v0_3_q4_k_m,segmented_hex_multi_topic,,token_128_bit_hex,,,,,,,decoding_seconds,payload,2.7298269495004206,0.18682046196921087,2.7298269495004206,2,100,2.597724933977588,2.861928965023253,100,0.95,,GPU-10d1f16f-9e79-08bb-b2ba-3353c04422cf
exploratory_smoke_v3_payload_fidelity_v2_not_for_confirmatory_pooling,smoke_v3_exploratory,mistral_7b_instruct_v0_3_q4_k_m,segmented_hex_single_topic,,token_128_bit_hex,,,,,,,decoding_seconds,payload,2.5987155540060485,,2.5987155540060485,1,100,2.5987155540060485,2.5987155540060485,0,0.95,,GPU-10d1f16f-9e79-08bb-b2ba-3353c04422cf
exploratory_smoke_v3_payload_fidelity_v2_not_for_confirmatory_pooling,smoke_v3_exploratory,qwen2_5_7b_instruct_q4_k_m,direct_subword_calgacus,,ed25519_signature_base64,,,,,,,decoding_seconds,payload,4.073530560999643,,4.073530560999643,1,100,4.073530560999643,4.073530560999643,0,0.95,,GPU-10d1f16f-9e79-08bb-b2ba-3353c04422cf
exploratory_smoke_v3_payload_fidelity_v2_not_for_confirmatory_pooling,smoke_v3_exploratory,qwen2_5_7b_instruct_q4_k_m,nonseg_ascii_b16,,chacha20_poly1305_base64,,,,,,,decoding_seconds,payload,3.102488117001485,,3.102488117001485,1,100,3.102488117001485,3.102488117001485,0,0.95,,GPU-10d1f16f-9e79-08bb-b2ba-3353c04422cf
exploratory_smoke_v3_payload_fidelity_v2_not_for_confirmatory_pooling,smoke_v3_exploratory,qwen2_5_7b_instruct_q4_k_m,nonseg_ascii_b8,,uuid_v4,,,,,,,decoding_seconds,payload,2.380533452000236,,2.380533452000236,1,100,2.380533452000236,2.380533452000236,0,0.95,,GPU-10d1f16f-9e79-08bb-b2ba-3353c04422cf
exploratory_smoke_v3_payload_fidelity_v2_not_for_confirmatory_pooling,smoke_v3_exploratory,qwen2_5_7b_instruct_q4_k_m,nonseg_hex_nibble_b16,,token_128_bit_hex,,,,,,,decoding_seconds,payload,1.183605294994777,,1.183605294994777,1,100,1.183605294994777,1.183605294994777,0,0.95,,GPU-10d1f16f-9e79-08bb-b2ba-3353c04422cf
exploratory_smoke_v3_payload_fidelity_v2_not_for_confirmatory_pooling,smoke_v3_exploratory,qwen2_5_7b_instruct_q4_k_m,segmented_hex_multi_topic,,hmac_sha256_hex,,,,,,,decoding_seconds,payload,4.987929623981472,,4.987929623981472,1,100,4.987929623981472,4.987929623981472,0,0.95,,GPU-10d1f16f-9e79-08bb-b2ba-3353c04422cf
exploratory_smoke_v3_payload_fidelity_v2_not_for_confirmatory_pooling,smoke_v3_exploratory,qwen2_5_7b_instruct_q4_k_m,segmented_hex_multi_topic,,nonce_96_bit_hex,,,,,,,decoding_seconds,payload,2.0480872680018365,0.4682560520635968,1.8392694164940622,4,100,1.7701706354769158,2.518411381274745,100,0.95,,GPU-10d1f16f-9e79-08bb-b2ba-3353c04422cf
exploratory_smoke_v3_payload_fidelity_v2_not_for_confirmatory_pooling,smoke_v3_exploratory,qwen2_5_7b_instruct_q4_k_m,segmented_hex_multi_topic,,sha256_hex,,,,,,,decoding_seconds,payload,4.917194015026325,,4.917194015026325,1,100,4.917194015026325,4.917194015026325,0,0.95,,GPU-10d1f16f-9e79-08bb-b2ba-3353c04422cf
exploratory_smoke_v3_payload_fidelity_v2_not_for_confirmatory_pooling,smoke_v3_exploratory,qwen2_5_7b_instruct_q4_k_m,segmented_hex_multi_topic,,token_128_bit_hex,,,,,,,decoding_seconds,payload,3.098047815990867,,3.098047815990867,1,100,3.098047815990867,3.098047815990867,0,0.95,,GPU-10d1f16f-9e79-08bb-b2ba-3353c04422cf
exploratory_smoke_v3_payload_fidelity_v2_not_for_confirmatory_pooling,smoke_v3_exploratory,qwen2_5_7b_instruct_q4_k_m,segmented_hex_single_topic,,sha256_hex,,,,,,,decoding_seconds,payload,4.777249521022895,,4.777249521022895,1,100,4.777249521022895,4.777249521022895,0,0.95,,GPU-10d1f16f-9e79-08bb-b2ba-3353c04422cf
exploratory_smoke_v3_payload_fidelity_v2_not_for_confirmatory_pooling,smoke_v3_exploratory,llama3_8b_instruct_q4_k_m,direct_subword_calgacus,,ed25519_signature_base64,,,,,,,peak_ram_mib,payload,5044.69140625,,5044.69140625,1,100,5044.69140625,5044.69140625,0,0.95,,GPU-10d1f16f-9e79-08bb-b2ba-3353c04422cf
exploratory_smoke_v3_payload_fidelity_v2_not_for_confirmatory_pooling,smoke_v3_exploratory,llama3_8b_instruct_q4_k_m,nonseg_ascii_b16,,aes256_gcm_base64,,,,,,,peak_ram_mib,payload,5044.69140625,,5044.69140625,1,100,5044.69140625,5044.69140625,0,0.95,,GPU-10d1f16f-9e79-08bb-b2ba-3353c04422cf
exploratory_smoke_v3_payload_fidelity_v2_not_for_confirmatory_pooling,smoke_v3_exploratory,llama3_8b_instruct_q4_k_m,nonseg_ascii_b8,,uuid_v4,,,,,,,peak_ram_mib,payload,5044.69140625,,5044.69140625,1,100,5044.69140625,5044.69140625,0,0.95,,GPU-10d1f16f-9e79-08bb-b2ba-3353c04422cf
exploratory_smoke_v3_payload_fidelity_v2_not_for_confirmatory_pooling,smoke_v3_exploratory,llama3_8b_instruct_q4_k_m,nonseg_hex_nibble_b16,,sha256_hex,,,,,,,peak_ram_mib,payload,5044.69140625,,5044.69140625,1,100,5044.69140625,5044.69140625,0,0.95,,GPU-10d1f16f-9e79-08bb-b2ba-3353c04422cf
exploratory_smoke_v3_payload_fidelity_v2_not_for_confirmatory_pooling,smoke_v3_exploratory,llama3_8b_instruct_q4_k_m,segmented_hex_multi_topic,,nonce_96_bit_hex,,,,,,,peak_ram_mib,payload,5044.69140625,0.0,5044.69140625,3,100,5044.69140625,5044.69140625,100,0.95,,GPU-10d1f16f-9e79-08bb-b2ba-3353c04422cf
exploratory_smoke_v3_payload_fidelity_v2_not_for_confirmatory_pooling,smoke_v3_exploratory,llama3_8b_instruct_q4_k_m,segmented_hex_multi_topic,,sha256_hex,,,,,,,peak_ram_mib,payload,5044.69140625,0.0,5044.69140625,2,100,5044.69140625,5044.69140625,100,0.95,,GPU-10d1f16f-9e79-08bb-b2ba-3353c04422cf
exploratory_smoke_v3_payload_fidelity_v2_not_for_confirmatory_pooling,smoke_v3_exploratory,llama3_8b_instruct_q4_k_m,segmented_hex_multi_topic,,token_128_bit_hex,,,,,,,peak_ram_mib,payload,5044.69140625,0.0,5044.69140625,2,100,5044.69140625,5044.69140625,100,0.95,,GPU-10d1f16f-9e79-08bb-b2ba-3353c04422cf
exploratory_smoke_v3_payload_fidelity_v2_not_for_confirmatory_pooling,smoke_v3_exploratory,llama3_8b_instruct_q4_k_m,segmented_hex_single_topic,,hmac_sha256_hex,,,,,,,peak_ram_mib,payload,5044.69140625,,5044.69140625,1,100,5044.69140625,5044.69140625,0,0.95,,GPU-10d1f16f-9e79-08bb-b2ba-3353c04422cf
exploratory_smoke_v3_payload_fidelity_v2_not_for_confirmatory_pooling,smoke_v3_exploratory,mistral_7b_instruct_v0_3_q4_k_m,direct_subword_calgacus,,ed25519_signature_base64,,,,,,,peak_ram_mib,payload,4462.640625,,4462.640625,1,100,4462.640625,4462.640625,0,0.95,,GPU-10d1f16f-9e79-08bb-b2ba-3353c04422cf
exploratory_smoke_v3_payload_fidelity_v2_not_for_confirmatory_pooling,smoke_v3_exploratory,mistral_7b_instruct_v0_3_q4_k_m,nonseg_ascii_b16,,aes256_gcm_base64,,,,,,,peak_ram_mib,payload,4462.640625,,4462.640625,1,100,4462.640625,4462.640625,0,0.95,,GPU-10d1f16f-9e79-08bb-b2ba-3353c04422cf
exploratory_smoke_v3_payload_fidelity_v2_not_for_confirmatory_pooling,smoke_v3_exploratory,mistral_7b_instruct_v0_3_q4_k_m,nonseg_ascii_b8,,uuid_v4,,,,,,,peak_ram_mib,payload,4462.640625,,4462.640625,1,100,4462.640625,4462.640625,0,0.95,,GPU-10d1f16f-9e79-08bb-b2ba-3353c04422cf
exploratory_smoke_v3_payload_fidelity_v2_not_for_confirmatory_pooling,smoke_v3_exploratory,mistral_7b_instruct_v0_3_q4_k_m,nonseg_hex_nibble_b16,,nonce_96_bit_hex,,,,,,,peak_ram_mib,payload,4462.640625,,4462.640625,1,100,4462.640625,4462.640625,0,0.95,,GPU-10d1f16f-9e79-08bb-b2ba-3353c04422cf
exploratory_smoke_v3_payload_fidelity_v2_not_for_confirmatory_pooling,smoke_v3_exploratory,mistral_7b_instruct_v0_3_q4_k_m,segmented_hex_multi_topic,,nonce_96_bit_hex,,,,,,,peak_ram_mib,payload,4462.640625,0.0,4462.640625,2,100,4462.640625,4462.640625,100,0.95,,GPU-10d1f16f-9e79-08bb-b2ba-3353c04422cf
exploratory_smoke_v3_payload_fidelity_v2_not_for_confirmatory_pooling,smoke_v3_exploratory,mistral_7b_instruct_v0_3_q4_k_m,segmented_hex_multi_topic,,sha256_hex,,,,,,,peak_ram_mib,payload,4462.640625,0.0,4462.640625,2,100,4462.640625,4462.640625,100,0.95,,GPU-10d1f16f-9e79-08bb-b2ba-3353c04422cf
exploratory_smoke_v3_payload_fidelity_v2_not_for_confirmatory_pooling,smoke_v3_exploratory,mistral_7b_instruct_v0_3_q4_k_m,segmented_hex_multi_topic,,token_128_bit_hex,,,,,,,peak_ram_mib,payload,4462.640625,0.0,4462.640625,2,100,4462.640625,4462.640625,100,0.95,,GPU-10d1f16f-9e79-08bb-b2ba-3353c04422cf
exploratory_smoke_v3_payload_fidelity_v2_not_for_confirmatory_pooling,smoke_v3_exploratory,mistral_7b_instruct_v0_3_q4_k_m,segmented_hex_single_topic,,token_128_bit_hex,,,,,,,peak_ram_mib,payload,4462.640625,,4462.640625,1,100,4462.640625,4462.640625,0,0.95,,GPU-10d1f16f-9e79-08bb-b2ba-3353c04422cf
exploratory_smoke_v3_payload_fidelity_v2_not_for_confirmatory_pooling,smoke_v3_exploratory,qwen2_5_7b_instruct_q4_k_m,direct_subword_calgacus,,ed25519_signature_base64,,,,,,,peak_ram_mib,payload,4804.10546875,,4804.10546875,1,100,4804.10546875,4804.10546875,0,0.95,,GPU-10d1f16f-9e79-08bb-b2ba-3353c04422cf
exploratory_smoke_v3_payload_fidelity_v2_not_for_confirmatory_pooling,smoke_v3_exploratory,qwen2_5_7b_instruct_q4_k_m,nonseg_ascii_b16,,chacha20_poly1305_base64,,,,,,,peak_ram_mib,payload,4804.10546875,,4804.10546875,1,100,4804.10546875,4804.10546875,0,0.95,,GPU-10d1f16f-9e79-08bb-b2ba-3353c04422cf
exploratory_smoke_v3_payload_fidelity_v2_not_for_confirmatory_pooling,smoke_v3_exploratory,qwen2_5_7b_instruct_q4_k_m,nonseg_ascii_b8,,uuid_v4,,,,,,,peak_ram_mib,payload,4804.10546875,,4804.10546875,1,100,4804.10546875,4804.10546875,0,0.95,,GPU-10d1f16f-9e79-08bb-b2ba-3353c04422cf
exploratory_smoke_v3_payload_fidelity_v2_not_for_confirmatory_pooling,smoke_v3_exploratory,qwen2_5_7b_instruct_q4_k_m,nonseg_hex_nibble_b16,,token_128_bit_hex,,,,,,,peak_ram_mib,payload,4804.10546875,,4804.10546875,1,100,4804.10546875,4804.10546875,0,0.95,,GPU-10d1f16f-9e79-08bb-b2ba-3353c04422cf
exploratory_smoke_v3_payload_fidelity_v2_not_for_confirmatory_pooling,smoke_v3_exploratory,qwen2_5_7b_instruct_q4_k_m,segmented_hex_multi_topic,,hmac_sha256_hex,,,,,,,peak_ram_mib,payload,4804.10546875,,4804.10546875,1,100,4804.10546875,4804.10546875,0,0.95,,GPU-10d1f16f-9e79-08bb-b2ba-3353c04422cf
exploratory_smoke_v3_payload_fidelity_v2_not_for_confirmatory_pooling,smoke_v3_exploratory,qwen2_5_7b_instruct_q4_k_m,segmented_hex_multi_topic,,nonce_96_bit_hex,,,,,,,peak_ram_mib,payload,4804.10546875,0.0,4804.10546875,4,100,4804.10546875,4804.10546875,100,0.95,,GPU-10d1f16f-9e79-08bb-b2ba-3353c04422cf
exploratory_smoke_v3_payload_fidelity_v2_not_for_confirmatory_pooling,smoke_v3_exploratory,qwen2_5_7b_instruct_q4_k_m,segmented_hex_multi_topic,,sha256_hex,,,,,,,peak_ram_mib,payload,4804.10546875,,4804.10546875,1,100,4804.10546875,4804.10546875,0,0.95,,GPU-10d1f16f-9e79-08bb-b2ba-3353c04422cf
exploratory_smoke_v3_payload_fidelity_v2_not_for_confirmatory_pooling,smoke_v3_exploratory,qwen2_5_7b_instruct_q4_k_m,segmented_hex_multi_topic,,token_128_bit_hex,,,,,,,peak_ram_mib,payload,4804.10546875,,4804.10546875,1,100,4804.10546875,4804.10546875,0,0.95,,GPU-10d1f16f-9e79-08bb-b2ba-3353c04422cf
exploratory_smoke_v3_payload_fidelity_v2_not_for_confirmatory_pooling,smoke_v3_exploratory,qwen2_5_7b_instruct_q4_k_m,segmented_hex_single_topic,,sha256_hex,,,,,,,peak_ram_mib,payload,4804.10546875,,4804.10546875,1,100,4804.10546875,4804.10546875,0,0.95,,GPU-10d1f16f-9e79-08bb-b2ba-3353c04422cf
exploratory_smoke_v3_payload_fidelity_v2_not_for_confirmatory_pooling,smoke_v3_memory_profile,llama3_8b_instruct_q4_k_m,not_applicable_memory_profile,,not_applicable_memory_profile,,,,,,,peak_ram_mib,payload,5044.69140625,,5044.69140625,1,100,5044.69140625,5044.69140625,0,0.95,,GPU-10d1f16f-9e79-08bb-b2ba-3353c04422cf
exploratory_smoke_v3_payload_fidelity_v2_not_for_confirmatory_pooling,smoke_v3_memory_profile,mistral_7b_instruct_v0_3_q4_k_m,not_applicable_memory_profile,,not_applicable_memory_profile,,,,,,,peak_ram_mib,payload,4462.640625,,4462.640625,1,100,4462.640625,4462.640625,0,0.95,,GPU-10d1f16f-9e79-08bb-b2ba-3353c04422cf
exploratory_smoke_v3_payload_fidelity_v2_not_for_confirmatory_pooling,smoke_v3_memory_profile,qwen2_5_7b_instruct_q4_k_m,not_applicable_memory_profile,,not_applicable_memory_profile,,,,,,,peak_ram_mib,payload,4804.10546875,,4804.10546875,1,100,4804.10546875,4804.10546875,0,0.95,,GPU-10d1f16f-9e79-08bb-b2ba-3353c04422cf
exploratory_smoke_v3_payload_fidelity_v2_not_for_confirmatory_pooling,smoke_v3_memory_profile,llama3_8b_instruct_q4_k_m,not_applicable_memory_profile,,not_applicable_memory_profile,,,,,,,peak_gpu_memory_mib,payload,5279.0,,5279.0,1,100,5279.0,5279.0,0,0.95,,GPU-10d1f16f-9e79-08bb-b2ba-3353c04422cf
exploratory_smoke_v3_payload_fidelity_v2_not_for_confirmatory_pooling,smoke_v3_memory_profile,mistral_7b_instruct_v0_3_q4_k_m,not_applicable_memory_profile,,not_applicable_memory_profile,,,,,,,peak_gpu_memory_mib,payload,4973.0,,4973.0,1,100,4973.0,4973.0,0,0.95,,GPU-10d1f16f-9e79-08bb-b2ba-3353c04422cf
exploratory_smoke_v3_payload_fidelity_v2_not_for_confirmatory_pooling,smoke_v3_memory_profile,qwen2_5_7b_instruct_q4_k_m,not_applicable_memory_profile,,not_applicable_memory_profile,,,,,,,peak_gpu_memory_mib,payload,4757.0,,4757.0,1,100,4757.0,4757.0,0,0.95,,GPU-10d1f16f-9e79-08bb-b2ba-3353c04422cf
exploratory_smoke_v3_payload_fidelity_v2_not_for_confirmatory_pooling,smoke_v3_exploratory,llama3_8b_instruct_q4_k_m,direct_subword_calgacus,,ed25519_signature_base64,,,,,,,cover_tokens_per_payload_byte,payload,0.6818181818181818,,0.6818181818181818,1,100,0.6818181818181818,0.6818181818181818,0,0.95,,GPU-10d1f16f-9e79-08bb-b2ba-3353c04422cf
exploratory_smoke_v3_payload_fidelity_v2_not_for_confirmatory_pooling,smoke_v3_exploratory,llama3_8b_instruct_q4_k_m,nonseg_ascii_b16,,aes256_gcm_base64,,,,,,,cover_tokens_per_payload_byte,payload,2.0,,2.0,1,100,2.0,2.0,0,0.95,,GPU-10d1f16f-9e79-08bb-b2ba-3353c04422cf
exploratory_smoke_v3_payload_fidelity_v2_not_for_confirmatory_pooling,smoke_v3_exploratory,llama3_8b_instruct_q4_k_m,nonseg_ascii_b8,,uuid_v4,,,,,,,cover_tokens_per_payload_byte,payload,2.6666666666666665,,2.6666666666666665,1,100,2.6666666666666665,2.6666666666666665,0,0.95,,GPU-10d1f16f-9e79-08bb-b2ba-3353c04422cf
exploratory_smoke_v3_payload_fidelity_v2_not_for_confirmatory_pooling,smoke_v3_exploratory,llama3_8b_instruct_q4_k_m,nonseg_hex_nibble_b16,,sha256_hex,,,,,,,cover_tokens_per_payload_byte,payload,1.0,,1.0,1,100,1.0,1.0,0,0.95,,GPU-10d1f16f-9e79-08bb-b2ba-3353c04422cf
exploratory_smoke_v3_payload_fidelity_v2_not_for_confirmatory_pooling,smoke_v3_exploratory,llama3_8b_instruct_q4_k_m,segmented_hex_multi_topic,,nonce_96_bit_hex,,,,,,,cover_tokens_per_payload_byte,payload,9.01388888888889,5.667483601244063,9.125,3,100,3.2916666666666665,14.625,100,0.95,,GPU-10d1f16f-9e79-08bb-b2ba-3353c04422cf
exploratory_smoke_v3_payload_fidelity_v2_not_for_confirmatory_pooling,smoke_v3_exploratory,llama3_8b_instruct_q4_k_m,segmented_hex_multi_topic,,sha256_hex,,,,,,,cover_tokens_per_payload_byte,payload,5.7578125,0.34250484713723395,5.7578125,2,100,5.515625,6.0,100,0.95,,GPU-10d1f16f-9e79-08bb-b2ba-3353c04422cf
exploratory_smoke_v3_payload_fidelity_v2_not_for_confirmatory_pooling,smoke_v3_exploratory,llama3_8b_instruct_q4_k_m,segmented_hex_multi_topic,,token_128_bit_hex,,,,,,,cover_tokens_per_payload_byte,payload,2.625,2.2980970388562794,2.625,2,100,1.0,4.25,100,0.95,,GPU-10d1f16f-9e79-08bb-b2ba-3353c04422cf
exploratory_smoke_v3_payload_fidelity_v2_not_for_confirmatory_pooling,smoke_v3_exploratory,llama3_8b_instruct_q4_k_m,segmented_hex_single_topic,,hmac_sha256_hex,,,,,,,cover_tokens_per_payload_byte,payload,3.296875,,3.296875,1,100,3.296875,3.296875,0,0.95,,GPU-10d1f16f-9e79-08bb-b2ba-3353c04422cf
exploratory_smoke_v3_payload_fidelity_v2_not_for_confirmatory_pooling,smoke_v3_exploratory,mistral_7b_instruct_v0_3_q4_k_m,direct_subword_calgacus,,ed25519_signature_base64,,,,,,,cover_tokens_per_payload_byte,payload,0.8295454545454546,,0.8295454545454546,1,100,0.8295454545454546,0.8295454545454546,0,0.95,,GPU-10d1f16f-9e79-08bb-b2ba-3353c04422cf
exploratory_smoke_v3_payload_fidelity_v2_not_for_confirmatory_pooling,smoke_v3_exploratory,mistral_7b_instruct_v0_3_q4_k_m,nonseg_ascii_b16,,aes256_gcm_base64,,,,,,,cover_tokens_per_payload_byte,payload,2.0,,2.0,1,100,2.0,2.0,0,0.95,,GPU-10d1f16f-9e79-08bb-b2ba-3353c04422cf
exploratory_smoke_v3_payload_fidelity_v2_not_for_confirmatory_pooling,smoke_v3_exploratory,mistral_7b_instruct_v0_3_q4_k_m,nonseg_ascii_b8,,uuid_v4,,,,,,,cover_tokens_per_payload_byte,payload,2.6666666666666665,,2.6666666666666665,1,100,2.6666666666666665,2.6666666666666665,0,0.95,,GPU-10d1f16f-9e79-08bb-b2ba-3353c04422cf
exploratory_smoke_v3_payload_fidelity_v2_not_for_confirmatory_pooling,smoke_v3_exploratory,mistral_7b_instruct_v0_3_q4_k_m,nonseg_hex_nibble_b16,,nonce_96_bit_hex,,,,,,,cover_tokens_per_payload_byte,payload,1.0,,1.0,1,100,1.0,1.0,0,0.95,,GPU-10d1f16f-9e79-08bb-b2ba-3353c04422cf
exploratory_smoke_v3_payload_fidelity_v2_not_for_confirmatory_pooling,smoke_v3_exploratory,mistral_7b_instruct_v0_3_q4_k_m,segmented_hex_multi_topic,,nonce_96_bit_hex,,,,,,,cover_tokens_per_payload_byte,payload,5.916666666666666,0.11785113019775813,5.916666666666666,2,100,5.833333333333333,6.0,100,0.95,,GPU-10d1f16f-9e79-08bb-b2ba-3353c04422cf
exploratory_smoke_v3_payload_fidelity_v2_not_for_confirmatory_pooling,smoke_v3_exploratory,mistral_7b_instruct_v0_3_q4_k_m,segmented_hex_multi_topic,,sha256_hex,,,,,,,cover_tokens_per_payload_byte,payload,7.84375,5.170718337426629,7.84375,2,100,4.1875,11.5,100,0.95,,GPU-10d1f16f-9e79-08bb-b2ba-3353c04422cf
exploratory_smoke_v3_payload_fidelity_v2_not_for_confirmatory_pooling,smoke_v3_exploratory,mistral_7b_instruct_v0_3_q4_k_m,segmented_hex_multi_topic,,token_128_bit_hex,,,,,,,cover_tokens_per_payload_byte,payload,2.796875,2.5411649948891553,2.796875,2,100,1.0,4.59375,100,0.95,,GPU-10d1f16f-9e79-08bb-b2ba-3353c04422cf
exploratory_smoke_v3_payload_fidelity_v2_not_for_confirmatory_pooling,smoke_v3_exploratory,mistral_7b_instruct_v0_3_q4_k_m,segmented_hex_single_topic,,token_128_bit_hex,,,,,,,cover_tokens_per_payload_byte,payload,4.59375,,4.59375,1,100,4.59375,4.59375,0,0.95,,GPU-10d1f16f-9e79-08bb-b2ba-3353c04422cf
exploratory_smoke_v3_payload_fidelity_v2_not_for_confirmatory_pooling,smoke_v3_exploratory,qwen2_5_7b_instruct_q4_k_m,direct_subword_calgacus,,ed25519_signature_base64,,,,,,,cover_tokens_per_payload_byte,payload,0.75,,0.75,1,100,0.75,0.75,0,0.95,,GPU-10d1f16f-9e79-08bb-b2ba-3353c04422cf
exploratory_smoke_v3_payload_fidelity_v2_not_for_confirmatory_pooling,smoke_v3_exploratory,qwen2_5_7b_instruct_q4_k_m,nonseg_ascii_b16,,chacha20_poly1305_base64,,,,,,,cover_tokens_per_payload_byte,payload,2.0,,2.0,1,100,2.0,2.0,0,0.95,,GPU-10d1f16f-9e79-08bb-b2ba-3353c04422cf
exploratory_smoke_v3_payload_fidelity_v2_not_for_confirmatory_pooling,smoke_v3_exploratory,qwen2_5_7b_instruct_q4_k_m,nonseg_ascii_b8,,uuid_v4,,,,,,,cover_tokens_per_payload_byte,payload,2.6666666666666665,,2.6666666666666665,1,100,2.6666666666666665,2.6666666666666665,0,0.95,,GPU-10d1f16f-9e79-08bb-b2ba-3353c04422cf
exploratory_smoke_v3_payload_fidelity_v2_not_for_confirmatory_pooling,smoke_v3_exploratory,qwen2_5_7b_instruct_q4_k_m,nonseg_hex_nibble_b16,,token_128_bit_hex,,,,,,,cover_tokens_per_payload_byte,payload,1.0,,1.0,1,100,1.0,1.0,0,0.95,,GPU-10d1f16f-9e79-08bb-b2ba-3353c04422cf
exploratory_smoke_v3_payload_fidelity_v2_not_for_confirmatory_pooling,smoke_v3_exploratory,qwen2_5_7b_instruct_q4_k_m,segmented_hex_multi_topic,,hmac_sha256_hex,,,,,,,cover_tokens_per_payload_byte,payload,10.390625,,10.390625,1,100,10.390625,10.390625,0,0.95,,GPU-10d1f16f-9e79-08bb-b2ba-3353c04422cf
exploratory_smoke_v3_payload_fidelity_v2_not_for_confirmatory_pooling,smoke_v3_exploratory,qwen2_5_7b_instruct_q4_k_m,segmented_hex_multi_topic,,nonce_96_bit_hex,,,,,,,cover_tokens_per_payload_byte,payload,9.625,5.153882032022076,9.5,4,100,4.875,13.762499999999996,100,0.95,,GPU-10d1f16f-9e79-08bb-b2ba-3353c04422cf
exploratory_smoke_v3_payload_fidelity_v2_not_for_confirmatory_pooling,smoke_v3_exploratory,qwen2_5_7b_instruct_q4_k_m,segmented_hex_multi_topic,,sha256_hex,,,,,,,cover_tokens_per_payload_byte,payload,1.0,,1.0,1,100,1.0,1.0,0,0.95,,GPU-10d1f16f-9e79-08bb-b2ba-3353c04422cf
exploratory_smoke_v3_payload_fidelity_v2_not_for_confirmatory_pooling,smoke_v3_exploratory,qwen2_5_7b_instruct_q4_k_m,segmented_hex_multi_topic,,token_128_bit_hex,,,,,,,cover_tokens_per_payload_byte,payload,4.21875,,4.21875,1,100,4.21875,4.21875,0,0.95,,GPU-10d1f16f-9e79-08bb-b2ba-3353c04422cf
exploratory_smoke_v3_payload_fidelity_v2_not_for_confirmatory_pooling,smoke_v3_exploratory,qwen2_5_7b_instruct_q4_k_m,segmented_hex_single_topic,,sha256_hex,,,,,,,cover_tokens_per_payload_byte,payload,6.9375,,6.9375,1,100,6.9375,6.9375,0,0.95,,GPU-10d1f16f-9e79-08bb-b2ba-3353c04422cf
