row_id,candidate_id,prompt_template_id,word_count,character_count,message_text_sha256,canonical_text_sha256,source_record_id,source_record_sha256,source_category,source_dataset_revision,source_file_sha256,license_identifier,dedup_cluster_id,partition
human-HC-021b0f4686309c2536d69781,HC-021b0f4686309c2536d69781,forum_purchase_advice,145,812,021b0f4686309c2536d6978105bb455c654ee46498ce79491a87cc7387d86d71,b91f8a45d53efbb29b29f4cf8463a147baa2238de1d84b7cf244ddd7ca13a37b,jsonl-line-08853-6bff2168405436db,6bff2168405436dbd19ad481aa621f0ccc7b4031bb989a6eedfe20155937d6d8,open_qa,bdd27f4d94b9c1f951818a7da7fd7aeea5dbff1a,2df9083338b4abd6bceb5635764dab5d833b393b55759dffb0959b6fcbf794ec,CC-BY-SA-3.0,human-dedup-cluster-dbfb54c82fb494a897f2f8f1,human_test_only
human-HC-038180638a5bf28e58b63ddf,HC-038180638a5bf28e58b63ddf,procedure_simple_meal,89,487,038180638a5bf28e58b63ddfac517f678184df5cd6c483c39df1fe28f5c6cdf6,6f7aebee5f6fe139dd44d152cd87da1021f3753ac94f6b584835ec3fd194bdd5,jsonl-line-06078-db8ca578219cca33,db8ca578219cca3320b32e5969d5dc46519107c05f35e2b82c137c8b24839920,open_qa,bdd27f4d94b9c1f951818a7da7fd7aeea5dbff1a,2df9083338b4abd6bceb5635764dab5d833b393b55759dffb0959b6fcbf794ec,CC-BY-SA-3.0,human-dedup-cluster-7672907f9247cf5ade94547c,human_test_only
human-HC-0431965f909fc3cddd6ce444,HC-0431965f909fc3cddd6ce444,forum_purchase_advice,120,742,0431965f909fc3cddd6ce444cfbbbc8f5f01320e8b44139120cf408e7480d615,46f51ca08b4a5cb695e9af1c15ed25042d3757551d4fbf0101fbca1e2d73bb28,jsonl-line-14062-3ac544c049393829,3ac544c04939382953f0c1ccd1e4529b0ead7a59bd8130a65f9e946b6d44ff32,general_qa,bdd27f4d94b9c1f951818a7da7fd7aeea5dbff1a,2df9083338b4abd6bceb5635764dab5d833b393b55759dffb0959b6fcbf794ec,CC-BY-SA-3.0,human-dedup-cluster-4006f8ef80064ecf3825db21,human_test_only
human-HC-046b9118f98d827ad0f1d6ba,HC-046b9118f98d827ad0f1d6ba,explain_weather_pattern,63,367,046b9118f98d827ad0f1d6ba8ad3e46260c100d1650e5b825e234d810f2107b9,75175eaa642baf31da402e867cc238479c04c4ad75396da3f3079da16a86eec1,jsonl-line-06948-1d7deaa403be8ca0,1d7deaa403be8ca061eaad1555ccea0ca2e314d56f10289e7bf2cb01dea1b235,general_qa,bdd27f4d94b9c1f951818a7da7fd7aeea5dbff1a,2df9083338b4abd6bceb5635764dab5d833b393b55759dffb0959b6fcbf794ec,CC-BY-SA-3.0,human-dedup-cluster-38ffe47c31dbe948965ce7e6,human_test_only
human-HC-069d238d66a9eeeba9d2d40d,HC-069d238d66a9eeeba9d2d40d,explain_biological_process,191,1218,069d238d66a9eeeba9d2d40deddea112e5c4f2aa4ed02a78b963f2cb68a3b506,f3635b39f6cebf8d681b16cbbdc2cec4d77d1c09980183b7c881675c62cb0a71,jsonl-line-02448-4ddfb0030d97f8f8,4ddfb0030d97f8f892ce58ad0ceae9898002d23c80e7dc42a1ae32e53d540bb4,open_qa,bdd27f4d94b9c1f951818a7da7fd7aeea5dbff1a,2df9083338b4abd6bceb5635764dab5d833b393b55759dffb0959b6fcbf794ec,CC-BY-SA-3.0,human-dedup-cluster-e3b65c274ef19d880fae9d0a,human_test_only
human-HC-07b5355dbbd1594e72d2a8fa,HC-07b5355dbbd1594e72d2a8fa,procedure_home_task,214,1200,07b5355dbbd1594e72d2a8fa8384868737688a5e66623d146acd01591fb85d1d,b46acdb820546505df28c60b95230441f0d0d2e445fbcbdc3c7353ce5dfdb8d8,jsonl-line-06209-cfad34c1740086af,cfad34c1740086afa2f0119b23b57bb6245dfbd10fbb7404e83cd804d1e27514,creative_writing,bdd27f4d94b9c1f951818a7da7fd7aeea5dbff1a,2df9083338b4abd6bceb5635764dab5d833b393b55759dffb0959b6fcbf794ec,CC-BY-SA-3.0,human-dedup-cluster-2ebcbb70bce5b355adc64b42,human_test_only
human-HC-07daa8dadda9beaddc4a04a0,HC-07daa8dadda9beaddc4a04a0,explain_weather_pattern,63,359,07daa8dadda9beaddc4a04a01efbf379b87306d7ce2feaab2459f7ed17e44b2c,3f1854cf7e51b20d9d77899849b9debea70fb7d809e1a40760da84350a2aad14,jsonl-line-00197-132f83d7821ddfc8,132f83d7821ddfc884cbc60be29d2addb167c079d8e695f311a39000e2f23710,general_qa,bdd27f4d94b9c1f951818a7da7fd7aeea5dbff1a,2df9083338b4abd6bceb5635764dab5d833b393b55759dffb0959b6fcbf794ec,CC-BY-SA-3.0,human-dedup-cluster-ec9519a965ad76c2368bb452,human_test_only
human-HC-08e46c6a998888b056200ef1,HC-08e46c6a998888b056200ef1,procedure_garden_task,96,505,08e46c6a998888b056200ef1fec75df8999b4b91125e8366b5cf7b6dcad61d75,a8b0a5fe8604b0af13ae9dc61b881bd37a0c338104024fc09505917bd595e500,jsonl-line-01023-e11ae93815f0f640,e11ae93815f0f640223e9585084e2c0e5a4ded867bdd754f2b1f93986d6c9533,general_qa,bdd27f4d94b9c1f951818a7da7fd7aeea5dbff1a,2df9083338b4abd6bceb5635764dab5d833b393b55759dffb0959b6fcbf794ec,CC-BY-SA-3.0,human-dedup-cluster-fb6e67fe5af7d690e7686128,human_test_only
human-HC-0a3253fec12462ee13068ebd,HC-0a3253fec12462ee13068ebd,procedure_simple_meal,106,515,0a3253fec12462ee13068ebdf085099f47b6fe61dcb43a284ea7eb54d9131984,3dc81dc42fe4583819ed5c80b7c961f585b6125b56b99615d95c5f7342c30969,jsonl-line-09074-79b899995393dc1f,79b899995393dc1f94b7989282f696bc74bac6eaf63f2fc64549f9e2d50e11fc,general_qa,bdd27f4d94b9c1f951818a7da7fd7aeea5dbff1a,2df9083338b4abd6bceb5635764dab5d833b393b55759dffb0959b6fcbf794ec,CC-BY-SA-3.0,human-dedup-cluster-56e9989536fa0368d3fbb8c1,human_test_only
human-HC-0b0b827bf2f1c8b15522741c,HC-0b0b827bf2f1c8b15522741c,forum_practical_answer,101,579,0b0b827bf2f1c8b15522741c84d628d0be268140586e5a6a3db3eb48a0f5ef5c,4bb1f7ee54ac6c1d1e544811635cc8c78512b759bf0fe4b3614a192f79d849ac,jsonl-line-08020-17652f948478dca3,17652f948478dca3bcf6c75a8f73bddbca140deb10ada0ef5927ce3d62a8d3d2,general_qa,bdd27f4d94b9c1f951818a7da7fd7aeea5dbff1a,2df9083338b4abd6bceb5635764dab5d833b393b55759dffb0959b6fcbf794ec,CC-BY-SA-3.0,human-dedup-cluster-2c9eca20d57fa7a73f7efbc3,human_test_only
human-HC-0b4f9630a4d1feed9bae13aa,HC-0b4f9630a4d1feed9bae13aa,procedure_simple_meal,124,640,0b4f9630a4d1feed9bae13aa0ecb1259f03e4e4893754f0309e1a6833defbfe6,1a4764be251425ce2ef51118a5be0a2fdd0336f0a2344269b925b5a5fa2e7d73,jsonl-line-12027-41d09a6cbc9544e2,41d09a6cbc9544e2969a2eef9b1c85c2b9545056a4b8c2f23082e29fc2408dec,creative_writing,bdd27f4d94b9c1f951818a7da7fd7aeea5dbff1a,2df9083338b4abd6bceb5635764dab5d833b393b55759dffb0959b6fcbf794ec,CC-BY-SA-3.0,human-dedup-cluster-cb37f0bc8e102709a5f87591,human_test_only
human-HC-0c1e20a94a4d33b18de719e7,HC-0c1e20a94a4d33b18de719e7,casual_weekend_chat,128,691,0c1e20a94a4d33b18de719e73f5c2ee7f2da9606d6582143b4fe7047cdf86e81,27530cc50ce5259bbbf13aac932f8befd405d5543271885d30b38dc46e219c3b,jsonl-line-13825-73513678c3d248ba,73513678c3d248ba366b231949f7ac2145e9aafcdca85e5b84b646f21f76ba77,creative_writing,bdd27f4d94b9c1f951818a7da7fd7aeea5dbff1a,2df9083338b4abd6bceb5635764dab5d833b393b55759dffb0959b6fcbf794ec,CC-BY-SA-3.0,human-dedup-cluster-cd41a621c2de1096e8177d35,human_test_only
human-HC-10f519df3739cd363ba302f5,HC-10f519df3739cd363ba302f5,explain_weather_pattern,160,909,10f519df3739cd363ba302f5c78ef6f9ed744076915a8855e6b26f550662f6be,98a18d7732ab91c467e86f0ad1cd4f74ea8bb7b9e1d66f46f880554207b50957,jsonl-line-12001-a3f71a45c0b24a3d,a3f71a45c0b24a3d5b42e838f55626827875d8d736206fc4bb64eddd098f0bbe,general_qa,bdd27f4d94b9c1f951818a7da7fd7aeea5dbff1a,2df9083338b4abd6bceb5635764dab5d833b393b55759dffb0959b6fcbf794ec,CC-BY-SA-3.0,human-dedup-cluster-8d422ce19d1e3b832f2e55b6,human_test_only
human-HC-17a152c36ae9d67930756877,HC-17a152c36ae9d67930756877,explain_biological_process,72,415,17a152c36ae9d67930756877de1e4b99f4357c241ceae18525f477fc5ccc15ce,1cf6b0649db190a91079e628cc712f7b91133f14b2c4f535a3be214a3e872d5f,jsonl-line-14683-0cad6d6ca42aa917,0cad6d6ca42aa917f260793ef12040cbb2ae20afb5a729e6aeb389781e396c6b,open_qa,bdd27f4d94b9c1f951818a7da7fd7aeea5dbff1a,2df9083338b4abd6bceb5635764dab5d833b393b55759dffb0959b6fcbf794ec,CC-BY-SA-3.0,human-dedup-cluster-d2e5ebfb87b998c0ba9531d0,human_test_only
human-HC-18691d3da3a87cf99e458a56,HC-18691d3da3a87cf99e458a56,procedure_simple_meal,255,1490,18691d3da3a87cf99e458a56dd941f755a560f945c11abf00113f59240d3078e,1ef8e2f28a8b3f74c10868938b521aea60e344912dadeb97337df154109402fb,jsonl-line-12958-08210ffe4a215001,08210ffe4a215001bb7f88437404bc0a909ea84949a4bcd556bf6853c25e4700,creative_writing,bdd27f4d94b9c1f951818a7da7fd7aeea5dbff1a,2df9083338b4abd6bceb5635764dab5d833b393b55759dffb0959b6fcbf794ec,CC-BY-SA-3.0,human-dedup-cluster-4dab078baafe4c74f77ac201,human_test_only
human-HC-188541d115c12b82459dc44f,HC-188541d115c12b82459dc44f,forum_learning_answer,57,320,188541d115c12b82459dc44f0d38e7626da7525e531371c850025027d5853cf2,10fab14aa8084302968d381cfadd2bfbc37d198be026d9377d4146706195aee0,jsonl-line-13982-594a2270a6b41cd7,594a2270a6b41cd731c6540e0bba2dd87777823559eec8e44f48c2ea6321c14b,general_qa,bdd27f4d94b9c1f951818a7da7fd7aeea5dbff1a,2df9083338b4abd6bceb5635764dab5d833b393b55759dffb0959b6fcbf794ec,CC-BY-SA-3.0,human-dedup-cluster-9c0b96c1a0ae3cafb9d7f769,human_test_only
human-HC-18a9206dc88fc8aeb9b45071,HC-18a9206dc88fc8aeb9b45071,forum_learning_answer,58,301,18a9206dc88fc8aeb9b450716f8d7e872f2d83c784838cc09318169c76e1e53b,0fe292df6584eb9b84971409c5d98541966c2c29ee0e986776c230d628a21b1c,jsonl-line-06374-6bd25c16fca07a68,6bd25c16fca07a685b418dffea1bfcdaa1d435f347f5438f2fca99c4c5e41213,open_qa,bdd27f4d94b9c1f951818a7da7fd7aeea5dbff1a,2df9083338b4abd6bceb5635764dab5d833b393b55759dffb0959b6fcbf794ec,CC-BY-SA-3.0,human-dedup-cluster-8654bce7cfe9579c02e02cab,human_test_only
human-HC-197eaa9bf81ecbc808021335,HC-197eaa9bf81ecbc808021335,forum_learning_answer,207,1218,197eaa9bf81ecbc80802133547aaad9c7071d7f8bd9f0de62c8d47836020e767,456f1a8045bf49a1d08d6b8bc889a1c925f546f56a9df351ac5cf27d84cb8fe1,jsonl-line-11859-e450138658f18d15,e450138658f18d15412b0725fd19ce1bea3f55fb3ee2fa1ae7cec1ff2a850276,general_qa,bdd27f4d94b9c1f951818a7da7fd7aeea5dbff1a,2df9083338b4abd6bceb5635764dab5d833b393b55759dffb0959b6fcbf794ec,CC-BY-SA-3.0,human-dedup-cluster-d5d6d4fb4f18a2d96fa0bbbf,human_test_only
human-HC-1ba487cb4bf0b6bec1d5d88b,HC-1ba487cb4bf0b6bec1d5d88b,procedure_garden_task,231,1312,1ba487cb4bf0b6bec1d5d88b22546705441759920a67eb2cd2402b2df640ea57,f587857023e5ac2c303f717192342930a62f1305272b5b3e9efa92505fbefb88,jsonl-line-05872-e813aec931df2d7f,e813aec931df2d7f1554659c0d19dada36b50247c44f9bee432ecc91e0a4bd71,general_qa,bdd27f4d94b9c1f951818a7da7fd7aeea5dbff1a,2df9083338b4abd6bceb5635764dab5d833b393b55759dffb0959b6fcbf794ec,CC-BY-SA-3.0,human-dedup-cluster-4dc9e8be55dc03ecd63b4df4,human_test_only
human-HC-1bf66d2decc4d3a48e2a5641,HC-1bf66d2decc4d3a48e2a5641,explain_biological_process,57,347,1bf66d2decc4d3a48e2a56415ab1712c61858d1a9b1b9bf5138054ab51d8ebee,9a9e9acad78a2174c547975f77d167f6d8f64588ad07e303cbc0bdcf876ecbc5,jsonl-line-09718-6c540f4e99afab56,6c540f4e99afab56bf55a764aa94980e8d414cf7a9c8e02ccaa9e0c614a23eda,open_qa,bdd27f4d94b9c1f951818a7da7fd7aeea5dbff1a,2df9083338b4abd6bceb5635764dab5d833b393b55759dffb0959b6fcbf794ec,CC-BY-SA-3.0,human-dedup-cluster-3090a300fbc2f79606463c9a,human_test_only
human-HC-1e098fbffac0f6bf329b7e9e,HC-1e098fbffac0f6bf329b7e9e,forum_learning_answer,62,396,1e098fbffac0f6bf329b7e9e9dc7a277d4e46aa23ca00ea7ccf678a64ed37740,4e79b6bed8be3385c0c92a9870091f157f3ef9bf6e0f34f2380acf93f3daa3a0,jsonl-line-05915-62f06901cea896eb,62f06901cea896eb8edd1b78327318c40a5ebbe0ceccefcc38af43ebab9c4ad1,general_qa,bdd27f4d94b9c1f951818a7da7fd7aeea5dbff1a,2df9083338b4abd6bceb5635764dab5d833b393b55759dffb0959b6fcbf794ec,CC-BY-SA-3.0,human-dedup-cluster-99d6dd6ddfe4348a6257fd84,human_test_only
human-HC-1e9deb7fb191adcc29bde789,HC-1e9deb7fb191adcc29bde789,forum_learning_answer,62,355,1e9deb7fb191adcc29bde7891888a9b6d30e074f44885f589ca7c234fa45317c,ae9b6dc025c3127f56ab3b74e9fe4c53ce98a455eec6bda405172a8ff61fe642,jsonl-line-01134-164f869570aa3b91,164f869570aa3b911fc8ad9f3c584a91c1a67f12bbdfa0005918467e65b69719,creative_writing,bdd27f4d94b9c1f951818a7da7fd7aeea5dbff1a,2df9083338b4abd6bceb5635764dab5d833b393b55759dffb0959b6fcbf794ec,CC-BY-SA-3.0,human-dedup-cluster-fda051607c86c0272e3c6152,human_test_only
human-HC-1eacc38a913aff9089dcdbcb,HC-1eacc38a913aff9089dcdbcb,explain_biological_process,140,851,1eacc38a913aff9089dcdbcbbfa94b156bd2a5f1b7e5e86310dbd42822ac2266,114a7eec35b01b52e1a61434d8e606a4b502dc8af4201f97cf8b538c7d076fed,jsonl-line-04836-f5fcbd9befa11990,f5fcbd9befa119903a816dca6b470b2fedd698345230bc523fcd84e98b68fa29,open_qa,bdd27f4d94b9c1f951818a7da7fd7aeea5dbff1a,2df9083338b4abd6bceb5635764dab5d833b393b55759dffb0959b6fcbf794ec,CC-BY-SA-3.0,human-dedup-cluster-c17bef0f8e1a81b7d7e043ea,human_test_only
human-HC-200b717ca65ce52fad970b20,HC-200b717ca65ce52fad970b20,forum_learning_answer,63,320,200b717ca65ce52fad970b205ddedc174fbe3ae0a7cc42fadd422765443a8cb8,f14c2cfd6667528b78a328187d730b394ed6b9ee7ab737ea68b9f9d14b642972,jsonl-line-01610-def6321bcde52e69,def6321bcde52e69768a54abe4190f104ce01fe04ca2ad873b71814e54a31241,open_qa,bdd27f4d94b9c1f951818a7da7fd7aeea5dbff1a,2df9083338b4abd6bceb5635764dab5d833b393b55759dffb0959b6fcbf794ec,CC-BY-SA-3.0,human-dedup-cluster-a1cb67a362b9769e3b17e4e3,human_test_only
human-HC-207541e5e69f42689527199a,HC-207541e5e69f42689527199a,forum_purchase_advice,155,820,207541e5e69f42689527199ae67155ed7ee8a435be5e45c30738ac961e6f4494,4f9348023cdcadd680746e783eb7bc7208ee5b021cd585f845abd41e51455898,jsonl-line-13517-ebcc1cab4ebb9deb,ebcc1cab4ebb9deb50c4622d0f8274a4ea81852d828d3acea405edd4ce6045fd,open_qa,bdd27f4d94b9c1f951818a7da7fd7aeea5dbff1a,2df9083338b4abd6bceb5635764dab5d833b393b55759dffb0959b6fcbf794ec,CC-BY-SA-3.0,human-dedup-cluster-67e042c2efbb1985f31d3f9e,human_test_only
human-HC-22cf7ae5724f16356e9c0895,HC-22cf7ae5724f16356e9c0895,explain_weather_pattern,57,378,22cf7ae5724f16356e9c089537129b653b5c7acdf9c38a267a1bd0a3245d4721,e2c79a29203a17e6ffa9fffa8df29a75f63311f1b17eecfd31f3c4cc5b38edf0,jsonl-line-00349-d81ba68d4a0eff1b,d81ba68d4a0eff1b3a937573154756ef2e9533606e7a084c9d1b1f04dd8ca0fc,general_qa,bdd27f4d94b9c1f951818a7da7fd7aeea5dbff1a,2df9083338b4abd6bceb5635764dab5d833b393b55759dffb0959b6fcbf794ec,CC-BY-SA-3.0,human-dedup-cluster-64cfa4400cb9a64124575276,human_test_only
human-HC-2418bc945c5e74b81f4084a1,HC-2418bc945c5e74b81f4084a1,explain_weather_pattern,113,701,2418bc945c5e74b81f4084a19c7937fc7ef4d8025f198361c3bace21afd78d01,37a0d824ffc0bcb6d3c4ea343286d5011723767773d4a52fce539d9055a4bbca,jsonl-line-05488-a22e19bcfaadf1d5,a22e19bcfaadf1d5e7bdb039961e9440cb34446a4ed92546e143aeb405890e1e,open_qa,bdd27f4d94b9c1f951818a7da7fd7aeea5dbff1a,2df9083338b4abd6bceb5635764dab5d833b393b55759dffb0959b6fcbf794ec,CC-BY-SA-3.0,human-dedup-cluster-5e70370c7160cb2cf61f3f03,human_test_only
human-HC-250543e048d1228460921322,HC-250543e048d1228460921322,forum_purchase_advice,290,1792,250543e048d122846092132295277610532f345b455427acce85ad210c728d83,b943ebfd0177e51a91e60aaf90786a35567b63f067d0a85eac14ce7c8d1ca524,jsonl-line-01069-6754bf2dc78203b3,6754bf2dc78203b38ec50a14c776bff2fb2c8bab127a060c98bb3ba9483c2530,general_qa,bdd27f4d94b9c1f951818a7da7fd7aeea5dbff1a,2df9083338b4abd6bceb5635764dab5d833b393b55759dffb0959b6fcbf794ec,CC-BY-SA-3.0,human-dedup-cluster-52776edd80e9272bdf80d61f,human_test_only
human-HC-25242dd8b3b9d3d53ae0d0e3,HC-25242dd8b3b9d3d53ae0d0e3,forum_learning_answer,152,889,25242dd8b3b9d3d53ae0d0e3381f581b4230c2637104af5706c1666badba589d,aaf487781fce2eb581a4f4e0c515ad8490deb991fb16fba8e62b8a09bd84081e,jsonl-line-07836-7c492510d7c3261a,7c492510d7c3261ac28abe2564ab33b138413352e869bb1bce762d99c8ee1263,general_qa,bdd27f4d94b9c1f951818a7da7fd7aeea5dbff1a,2df9083338b4abd6bceb5635764dab5d833b393b55759dffb0959b6fcbf794ec,CC-BY-SA-3.0,human-dedup-cluster-5031b779744c005aa18a83b8,human_test_only
human-HC-25cc77f69f070edb9d73c3e7,HC-25cc77f69f070edb9d73c3e7,explain_biological_process,52,310,25cc77f69f070edb9d73c3e7e8695b35b8ce2a442162d208ac0ae70b5dff60c2,876f4999c2184636bf8e0935bc4cdf1865e1306fbf30783aff7f796f2360ddb9,jsonl-line-04005-b2b840577ab9350c,b2b840577ab9350cef79e4e6a00193f73c029d74c04e1c14d0a0488032ba2571,open_qa,bdd27f4d94b9c1f951818a7da7fd7aeea5dbff1a,2df9083338b4abd6bceb5635764dab5d833b393b55759dffb0959b6fcbf794ec,CC-BY-SA-3.0,human-dedup-cluster-dbaeaeff8bf5545562e5d8c0,human_test_only
human-HC-260486bf75d545c5d5cacd91,HC-260486bf75d545c5d5cacd91,forum_practical_answer,111,629,260486bf75d545c5d5cacd91b44606008b5219525d9e5bdaf0deaaf4a8462498,6aff3c33d24dd12f2eba15a6dfcf2a74d884c249931f62ef31e56dd788420bfb,jsonl-line-00467-44f0d282562bd14d,44f0d282562bd14d7ab7b3de56f7c88d7cfb0288baec8f5ec58fa3de5f10019c,open_qa,bdd27f4d94b9c1f951818a7da7fd7aeea5dbff1a,2df9083338b4abd6bceb5635764dab5d833b393b55759dffb0959b6fcbf794ec,CC-BY-SA-3.0,human-dedup-cluster-741d83178bdcb068dc27a003,human_test_only
human-HC-26b2dc2cdb9d9654bd4ec0a7,HC-26b2dc2cdb9d9654bd4ec0a7,professional_project_update,258,1555,26b2dc2cdb9d9654bd4ec0a7ba899f553861fc1034fe7f45c095bb27cab35f9c,f495e2fbfd975ed0473a37d4ab0edcc8767e983e47e79667fbc2348a572ebacd,jsonl-line-07348-78ef1484a1c1922f,78ef1484a1c1922fffefa9a5766fc8b5ef1d99af82fd08457d668fe06dea9fd5,creative_writing,bdd27f4d94b9c1f951818a7da7fd7aeea5dbff1a,2df9083338b4abd6bceb5635764dab5d833b393b55759dffb0959b6fcbf794ec,CC-BY-SA-3.0,human-dedup-cluster-06b59aa335d85ddb82a7b7f6,human_test_only
human-HC-26f6f45fb5b8742ef9917de6,HC-26f6f45fb5b8742ef9917de6,narrative_learning_moment,208,1136,26f6f45fb5b8742ef9917de6589f047c79c411fbb8da721ea4360f25eee958a9,73350494f3ca05b763f5aeefbad6f82b628c203be2d5f686a31771e572a0b54b,jsonl-line-06802-38f96824d7d465c9,38f96824d7d465c9b8140194a069c92b40c99e3a7df96421f32dab13be772209,creative_writing,bdd27f4d94b9c1f951818a7da7fd7aeea5dbff1a,2df9083338b4abd6bceb5635764dab5d833b393b55759dffb0959b6fcbf794ec,CC-BY-SA-3.0,human-dedup-cluster-d95ddb07a243783ade4198ea,human_test_only
human-HC-296b252a413676ef7afbf145,HC-296b252a413676ef7afbf145,explain_weather_pattern,76,411,296b252a413676ef7afbf1455f8286bd6647c4aee3b7ecb0769e176bdf557726,eee6b016d60a1b6abcb5d591b0b45d9c7280aa7fdd1b29e71100bcd7290cbc7c,jsonl-line-08272-72b8407990da7818,72b8407990da7818df1b0d79a1a2c270e5885769f9d360f32832ac69112ae79b,general_qa,bdd27f4d94b9c1f951818a7da7fd7aeea5dbff1a,2df9083338b4abd6bceb5635764dab5d833b393b55759dffb0959b6fcbf794ec,CC-BY-SA-3.0,human-dedup-cluster-1ee4f33e1791cea0d7c65818,human_test_only
human-HC-2d0c2f9e70009e38b61be6d7,HC-2d0c2f9e70009e38b61be6d7,forum_learning_answer,206,1182,2d0c2f9e70009e38b61be6d7472104c46e5df3b8086e3a1c52dbf26b513ee4bd,728d53a5d0f367cec89e73644b0ae52a4548e53eea135451bf97f024eac0c210,jsonl-line-03888-5b6bcbf20067a1eb,5b6bcbf20067a1eb8a67d16e531433ec5a9ff8ca4eeb380a9fd2b7e8f2a07885,open_qa,bdd27f4d94b9c1f951818a7da7fd7aeea5dbff1a,2df9083338b4abd6bceb5635764dab5d833b393b55759dffb0959b6fcbf794ec,CC-BY-SA-3.0,human-dedup-cluster-8834a5cd2c5a744839d03ef4,human_test_only
human-HC-2ef4115d2b0fc53d5f5d1f83,HC-2ef4115d2b0fc53d5f5d1f83,forum_learning_answer,91,527,2ef4115d2b0fc53d5f5d1f835f90f3e9562bf1b65661136fd0c3e1103d292d08,ec6a7aab9f4f61fece3eb115c6047d0132d66c050f0bedfaab0bc68bca19c8a4,jsonl-line-09518-501b40ab491b00ca,501b40ab491b00ca2dc66c6b505b6c888311cf5f8af82532243ab25b60e6aa5a,general_qa,bdd27f4d94b9c1f951818a7da7fd7aeea5dbff1a,2df9083338b4abd6bceb5635764dab5d833b393b55759dffb0959b6fcbf794ec,CC-BY-SA-3.0,human-dedup-cluster-ac61197ca71068aa22e54b5d,human_test_only
human-HC-30502ec1fd271b60cbe72f97,HC-30502ec1fd271b60cbe72f97,forum_purchase_advice,121,750,30502ec1fd271b60cbe72f97bc02fe9b7ad3ef47778384380c816f701da3536c,cd48456407785150d42c3879a3cc0bc64630ff9d90062179e3a087709aef56e5,jsonl-line-00609-cf3443becc3787ed,cf3443becc3787ed9915bab6b1a9091d2a0d256c4b44c6fc4a1ac9d3d4d63a1c,general_qa,bdd27f4d94b9c1f951818a7da7fd7aeea5dbff1a,2df9083338b4abd6bceb5635764dab5d833b393b55759dffb0959b6fcbf794ec,CC-BY-SA-3.0,human-dedup-cluster-a5bfa407bb1ee09c7db0d1b0,human_test_only
human-HC-34311a4a4e72302cbbbd8413,HC-34311a4a4e72302cbbbd8413,forum_practical_answer,131,726,34311a4a4e72302cbbbd8413da0d5ed2dcc95767ce4861ec4e805fa5203b20b1,f199ea4f3f72f97459436c78f1f4760a5d30b0e2110050ef71b603d1efbd92d6,jsonl-line-09255-bc19f674eab565de,bc19f674eab565def8dc68b10bbd435c02b5e0a42a10609eb4f01d32b64a1367,open_qa,bdd27f4d94b9c1f951818a7da7fd7aeea5dbff1a,2df9083338b4abd6bceb5635764dab5d833b393b55759dffb0959b6fcbf794ec,CC-BY-SA-3.0,human-dedup-cluster-bb357e95f5962c23710392e7,human_test_only
human-HC-34bc8b975f0a21114d74348a,HC-34bc8b975f0a21114d74348a,explain_biological_process,133,840,34bc8b975f0a21114d74348a82a8d3b26ce0f717f0d8de1b7f578911082b840f,c5590b745025693e509f4352915085f502e444c8ecc8edf513275820535d021a,jsonl-line-05578-145e132cefef5ff7,145e132cefef5ff79c3dc047075a1ccfdcb8f676cbd9a8c546bd4d3a64aa8fcc,general_qa,bdd27f4d94b9c1f951818a7da7fd7aeea5dbff1a,2df9083338b4abd6bceb5635764dab5d833b393b55759dffb0959b6fcbf794ec,CC-BY-SA-3.0,human-dedup-cluster-80a39e9598fb5974a40a1285,human_test_only
human-HC-370505ef7c40bfabd2160533,HC-370505ef7c40bfabd2160533,procedure_home_task,87,450,370505ef7c40bfabd2160533fd9a3f7e58205fd82dc19913cd1066dc89c8804c,26b14d281c3de1f81aa354108edad481010646ddbd9221657470493e55249a38,jsonl-line-08161-2b7e6c6e8d6bc669,2b7e6c6e8d6bc669efc10fe36a38ed149f227900c5d29bdeafb8b95c4ca1696f,general_qa,bdd27f4d94b9c1f951818a7da7fd7aeea5dbff1a,2df9083338b4abd6bceb5635764dab5d833b393b55759dffb0959b6fcbf794ec,CC-BY-SA-3.0,human-dedup-cluster-73ba5162cd976f7992b7e6c9,human_test_only
human-HC-3743211f193145f4bae525c0,HC-3743211f193145f4bae525c0,explain_biological_process,39,230,3743211f193145f4bae525c05dbebc76c9ca7371cbd2d74871af66f4aa1347da,fb8b190e8ed2676850f144128766fb82c7d7370a106935caa3dda5dcdc34e0bd,jsonl-line-14245-03e2df64047431ad,03e2df64047431ad34df5101edb3554ee69268b0402022746109f45f9eea4552,open_qa,bdd27f4d94b9c1f951818a7da7fd7aeea5dbff1a,2df9083338b4abd6bceb5635764dab5d833b393b55759dffb0959b6fcbf794ec,CC-BY-SA-3.0,human-dedup-cluster-f2a36b4d4ad6d846dd33dbdd,human_test_only
human-HC-3885dd48ed190c350267737a,HC-3885dd48ed190c350267737a,procedure_home_task,88,483,3885dd48ed190c350267737a5ae4a4c89c9e2e4800a077cf96906b1544f35e0e,9a3d4160bc59ff5489a87f91a6ba2252084b6794262f3906895f28eb14b632ce,jsonl-line-05369-33b8520516beeaba,33b8520516beeaba0d846dd2da5ae265f8b4d9639068a3103acd8aa3979265db,creative_writing,bdd27f4d94b9c1f951818a7da7fd7aeea5dbff1a,2df9083338b4abd6bceb5635764dab5d833b393b55759dffb0959b6fcbf794ec,CC-BY-SA-3.0,human-dedup-cluster-b8d495ea37081403d7e2c72f,human_test_only
human-HC-3ab1f6d5e4a614d843fe9e4f,HC-3ab1f6d5e4a614d843fe9e4f,explain_everyday_system,101,664,3ab1f6d5e4a614d843fe9e4f4fb7cfee6e15ac37e45ba9a0688fe9938a14923f,91f2c14cc9f73ac168756430b258864af88a39594acbcf280c2fe96ce9f4e470,jsonl-line-03169-2069c0177636a3ef,2069c0177636a3ef18251949cdd774678ebbd3a197c44f5e2eabec0c0c33e518,open_qa,bdd27f4d94b9c1f951818a7da7fd7aeea5dbff1a,2df9083338b4abd6bceb5635764dab5d833b393b55759dffb0959b6fcbf794ec,CC-BY-SA-3.0,human-dedup-cluster-9effc982de2bebad178fae2c,human_test_only
human-HC-3ac78f6efbceb56636ec3e09,HC-3ac78f6efbceb56636ec3e09,procedure_simple_meal,103,568,3ac78f6efbceb56636ec3e09a5d514f11d44ee42331dcbd210c105eddbec57dc,ff947a1136d72ebfe6db80b768e77a436dd4ef1673eaffcff7f2fe3d56c3f164,jsonl-line-00480-9a68c735d458f2b0,9a68c735d458f2b0621f7cabd8bce66288c078e1415a230b4438c262dc074093,general_qa,bdd27f4d94b9c1f951818a7da7fd7aeea5dbff1a,2df9083338b4abd6bceb5635764dab5d833b393b55759dffb0959b6fcbf794ec,CC-BY-SA-3.0,human-dedup-cluster-fcea08a1284c75baf83d5c8f,human_test_only
human-HC-3b86c344d4537cdab6e2ccf2,HC-3b86c344d4537cdab6e2ccf2,narrative_learning_moment,199,1187,3b86c344d4537cdab6e2ccf2fd15fc93ea5953b00e2ff1b8acca0f9f4494de83,de7206bad00efbb1a4d7afc4d416e951b276e3c2b1809c58cd384cde1f09215e,jsonl-line-03182-c74ca3d9f744ad0c,c74ca3d9f744ad0c626ac4002637f7c190725982ea91cea49348b4b9a1f440c0,general_qa,bdd27f4d94b9c1f951818a7da7fd7aeea5dbff1a,2df9083338b4abd6bceb5635764dab5d833b393b55759dffb0959b6fcbf794ec,CC-BY-SA-3.0,human-dedup-cluster-e58cda26208b053a898dea27,human_test_only
human-HC-3c52307a53626f72c9e56f3e,HC-3c52307a53626f72c9e56f3e,forum_practical_answer,247,1364,3c52307a53626f72c9e56f3e3b278a29b9261d739d260dcf32203632840596d3,43a4679c525b2e5b46cc0be90e6b278e20e99e34872432a30d4815f5f5428f24,jsonl-line-13953-c5305c3bb0d41027,c5305c3bb0d4102719e89616124d0de7dd925f1af356f2bd1d56335f742f00cf,creative_writing,bdd27f4d94b9c1f951818a7da7fd7aeea5dbff1a,2df9083338b4abd6bceb5635764dab5d833b393b55759dffb0959b6fcbf794ec,CC-BY-SA-3.0,human-dedup-cluster-4c5cb15dcc9840e180dda7d8,human_test_only
human-HC-3ca11d8dd624698ecc81ae34,HC-3ca11d8dd624698ecc81ae34,forum_purchase_advice,192,1152,3ca11d8dd624698ecc81ae347f2d07a8bc7b33495f31980ab57938be9323ae7c,8c50fb4bd708cbd997d0a92468788d54c236889c01fd262cc9e8a7470daaba91,jsonl-line-06718-b1931f394eed8697,b1931f394eed86971f85ba88e22c0b0318f0fb49c9ecf5989e2916b52a08167a,general_qa,bdd27f4d94b9c1f951818a7da7fd7aeea5dbff1a,2df9083338b4abd6bceb5635764dab5d833b393b55759dffb0959b6fcbf794ec,CC-BY-SA-3.0,human-dedup-cluster-e29b5edbc2c6159a5a9c313d,human_test_only
human-HC-3ddfa790c0a5c907946700bf,HC-3ddfa790c0a5c907946700bf,explain_biological_process,293,1778,3ddfa790c0a5c907946700bf16ce8ffdd4749c8b36e9895bd1f897574278b8da,5b1d3ae49d36806eedc5a02c6e4dfa31244b7cc1d58ec0495a05826321a05617,jsonl-line-13409-edb9429ef356489a,edb9429ef356489ad0f76aaaeb002402a4fb2f4064638d497b25912fc97bc26a,open_qa,bdd27f4d94b9c1f951818a7da7fd7aeea5dbff1a,2df9083338b4abd6bceb5635764dab5d833b393b55759dffb0959b6fcbf794ec,CC-BY-SA-3.0,human-dedup-cluster-b4aa1c42b2931a37fb60b880,human_test_only
human-HC-3eb6debca43ce4a6d2e02223,HC-3eb6debca43ce4a6d2e02223,procedure_home_task,150,880,3eb6debca43ce4a6d2e0222396935d986d5ac33ebe57a3ba75690e02ff4424ea,799e0d7524e598b63e13fb0f0eaf752eada29968b78510f880d92374f52cbbed,jsonl-line-12924-a3da3cca9794c5f5,a3da3cca9794c5f5e4647767e76bffe6fdeb835ef8d0b1cefab5684af0fd9ba6,open_qa,bdd27f4d94b9c1f951818a7da7fd7aeea5dbff1a,2df9083338b4abd6bceb5635764dab5d833b393b55759dffb0959b6fcbf794ec,CC-BY-SA-3.0,human-dedup-cluster-e7173fb12f23d7df9c2b198d,human_test_only
human-HC-3f02b8e24495cc40d7ef29f1,HC-3f02b8e24495cc40d7ef29f1,forum_learning_answer,78,435,3f02b8e24495cc40d7ef29f16cfbf5c410104453e0ddb94cb7f8f5dbaf1d6b42,d1ffacc704959e7eaefb8666a7fb3303afdefc76974054cce91e35fd5569b6ad,jsonl-line-05396-da2d3eec0d81a6df,da2d3eec0d81a6df1d1d6fc7cf5efc0d3eec0b37fa6a19b53ca49e810101e1ea,open_qa,bdd27f4d94b9c1f951818a7da7fd7aeea5dbff1a,2df9083338b4abd6bceb5635764dab5d833b393b55759dffb0959b6fcbf794ec,CC-BY-SA-3.0,human-dedup-cluster-802dbfe9b77992d73efdf232,human_test_only
human-HC-3fa31d515c5b130d8fee1de1,HC-3fa31d515c5b130d8fee1de1,procedure_home_task,201,1206,3fa31d515c5b130d8fee1de14fe58aac68d5c7bc1a50d477f1ee9f9c74d35595,601d147c8259489db829d5c265ea50e34ebca458521a65f00d3da5b589bb0b5d,jsonl-line-04674-3c9d4b155f722ab0,3c9d4b155f722ab0460317813a8657d4fe86689c3f054e634bba431de6ceb695,general_qa,bdd27f4d94b9c1f951818a7da7fd7aeea5dbff1a,2df9083338b4abd6bceb5635764dab5d833b393b55759dffb0959b6fcbf794ec,CC-BY-SA-3.0,human-dedup-cluster-c8b1ed1936317a24d4b55850,human_test_only
human-HC-40658de38733684ea2cf88e5,HC-40658de38733684ea2cf88e5,explain_weather_pattern,81,554,40658de38733684ea2cf88e528af12565ef3c33ece4971f70e1eca73a54a5a97,58d901144a516aed87af0914cb9627e9f9ec28f78ee775c022a75873c52fe8f1,jsonl-line-11758-790541257fafc7e9,790541257fafc7e90bf39e77765da641b039ec79377533d981d75797beea1aae,general_qa,bdd27f4d94b9c1f951818a7da7fd7aeea5dbff1a,2df9083338b4abd6bceb5635764dab5d833b393b55759dffb0959b6fcbf794ec,CC-BY-SA-3.0,human-dedup-cluster-adeb18586db7a774ad5a1aba,human_test_only
human-HC-4083868a77e88448392fe2f9,HC-4083868a77e88448392fe2f9,forum_purchase_advice,101,564,4083868a77e88448392fe2f9537053883c00eb39a2f61d90e358e9f15736cb84,b5a1954c5e09176ff33a44d2ff95d6f130b19a3d5b76a4cef5d5d79c09bada50,jsonl-line-11742-67dc492e694e6a4b,67dc492e694e6a4b4395431abe465fa2bf7328f5f41735e3e7a730d441db9e0a,general_qa,bdd27f4d94b9c1f951818a7da7fd7aeea5dbff1a,2df9083338b4abd6bceb5635764dab5d833b393b55759dffb0959b6fcbf794ec,CC-BY-SA-3.0,human-dedup-cluster-ec8c6af4694754306821bc8b,human_test_only
human-HC-425b0b5e1375e3268b001a66,HC-425b0b5e1375e3268b001a66,explain_weather_pattern,71,435,425b0b5e1375e3268b001a665e10c47620e66ab5b2045b6a48c1b660abef24a0,d231ceee4e685badbb12bae67c9c14c254704498f3fc796bc09ff6e74548cc79,jsonl-line-04616-165e602c922dc2ac,165e602c922dc2ac8b3dd0e82bf8a3d50e2a4d0c82073c5bca770d1c705cbcad,general_qa,bdd27f4d94b9c1f951818a7da7fd7aeea5dbff1a,2df9083338b4abd6bceb5635764dab5d833b393b55759dffb0959b6fcbf794ec,CC-BY-SA-3.0,human-dedup-cluster-0e78a631bfb8ffdffa236ea3,human_test_only
human-HC-4358d920aacfd6e94125d8ac,HC-4358d920aacfd6e94125d8ac,procedure_simple_meal,118,682,4358d920aacfd6e94125d8ac8a1957a6da68956885f5ad62e6d80dc59941fa09,d5ad8c1f92f9ac4b07dafba9fcdb43f76dfbd09eddbf6eaa2b4281019292d082,jsonl-line-04704-072edc6086fddde9,072edc6086fddde94c222fbeb755bc82e8284117ed734e9c0d7b308988245969,general_qa,bdd27f4d94b9c1f951818a7da7fd7aeea5dbff1a,2df9083338b4abd6bceb5635764dab5d833b393b55759dffb0959b6fcbf794ec,CC-BY-SA-3.0,human-dedup-cluster-b95af112ceeafcdbc8eb0b1a,human_test_only
human-HC-44598c997eb984ee9c08f7cf,HC-44598c997eb984ee9c08f7cf,forum_purchase_advice,255,1715,44598c997eb984ee9c08f7cf72d45226353e35e4e850263611076abf38adff0b,1227c4f4b4838606309523eba2bcaa945e95ee1bb834a1a0707d8353431537fd,jsonl-line-11312-0aa6dfaf2fd8a8f3,0aa6dfaf2fd8a8f39855db3c77747bc80049042c6ab79ef2e8809c3c7d32eff9,general_qa,bdd27f4d94b9c1f951818a7da7fd7aeea5dbff1a,2df9083338b4abd6bceb5635764dab5d833b393b55759dffb0959b6fcbf794ec,CC-BY-SA-3.0,human-dedup-cluster-7a1ac8ffadbec29c12aed448,human_test_only
human-HC-44d3decdeafddf396803a59c,HC-44d3decdeafddf396803a59c,forum_learning_answer,52,313,44d3decdeafddf396803a59c28e2cad22f61671919ec76269d149f342383b628,9c743cc1206652d758570ebd664b115405f86a2b0b0d2dbee090d76cd61dbb22,jsonl-line-00699-39b86a56e756da99,39b86a56e756da99b1ab84ff3d0f1a63b5475d93670a6ba065a003f09adaa310,open_qa,bdd27f4d94b9c1f951818a7da7fd7aeea5dbff1a,2df9083338b4abd6bceb5635764dab5d833b393b55759dffb0959b6fcbf794ec,CC-BY-SA-3.0,human-dedup-cluster-dfe0ab160a8bb35f6eed6ab7,human_test_only
human-HC-458a8624bee08b18389c979e,HC-458a8624bee08b18389c979e,forum_purchase_advice,114,628,458a8624bee08b18389c979e60b28233ee6967466329c7dfaa5f087fac86ab6e,ca793b7d471cff89530337915518c1cb7bb72e4b00f2f81a9b0e06e64c769f00,jsonl-line-07649-38b8712ea85df4bc,38b8712ea85df4bcb8d57368ab43c0d97632e53b1057c2fa71f37c660630c670,open_qa,bdd27f4d94b9c1f951818a7da7fd7aeea5dbff1a,2df9083338b4abd6bceb5635764dab5d833b393b55759dffb0959b6fcbf794ec,CC-BY-SA-3.0,human-dedup-cluster-91b6237fb6deed9dd4f1fe3d,human_test_only
human-HC-45d5f866a003bc263c112176,HC-45d5f866a003bc263c112176,forum_practical_answer,142,719,45d5f866a003bc263c112176150c95cd1add97f2c43afd61a7ae2a83f5ebde1d,697b28c2ed0e8e0e0867d790b70d326fb4b41cabe7a790ef806bcb62a29a5b92,jsonl-line-01605-c76ba934c36e5da1,c76ba934c36e5da1379b763241843b875b92c0810751936d6094bbb8d71139f4,open_qa,bdd27f4d94b9c1f951818a7da7fd7aeea5dbff1a,2df9083338b4abd6bceb5635764dab5d833b393b55759dffb0959b6fcbf794ec,CC-BY-SA-3.0,human-dedup-cluster-e51071f56f2a6f8c3b7c8eb5,human_test_only
human-HC-4650acd7f63f95a26a6be58f,HC-4650acd7f63f95a26a6be58f,forum_learning_answer,146,857,4650acd7f63f95a26a6be58f6ebc6df910458121e818b338afc502a13cc7f965,66160c079c677f1f455973c3d4da1bdebe284f30810f4aaf315a8189d1065d27,jsonl-line-02413-7a760767d4179ddd,7a760767d4179ddd6e98d64d20e133d75ac19060b2bba91cf104c954b002ddde,general_qa,bdd27f4d94b9c1f951818a7da7fd7aeea5dbff1a,2df9083338b4abd6bceb5635764dab5d833b393b55759dffb0959b6fcbf794ec,CC-BY-SA-3.0,human-dedup-cluster-ba8a0d5a437df658be85fa94,human_test_only
human-HC-466776e9adcc6e626791969a,HC-466776e9adcc6e626791969a,explain_weather_pattern,130,840,466776e9adcc6e626791969ac1fb529b7ebc5ce0b42642e51ec089200fd562a9,08d85640a39a41b442b7be78b70f388bd8dc9e4c88580bb2e961d091d65c2299,jsonl-line-00762-556e5c7b6ba57fdd,556e5c7b6ba57fdd97c29966e38df3c63d600601f2bb53555a52b0dd1b72fb70,general_qa,bdd27f4d94b9c1f951818a7da7fd7aeea5dbff1a,2df9083338b4abd6bceb5635764dab5d833b393b55759dffb0959b6fcbf794ec,CC-BY-SA-3.0,human-dedup-cluster-95271c7bc53f413b8d2ecbbd,human_test_only
human-HC-4734bec78d3287fd162524e3,HC-4734bec78d3287fd162524e3,forum_learning_answer,141,830,4734bec78d3287fd162524e310bc05eb65adc8ee5d1d2273ee8dd259f1c1a12b,09ce462c180a25d76dd8d7386adfd433762f71541a4da696b30cd7c5dad85ee9,jsonl-line-07290-beba2e1e6e09f636,beba2e1e6e09f636c1ac5fa3fe551ea1867f79c2627ca35eb668d2bc8a6799d8,creative_writing,bdd27f4d94b9c1f951818a7da7fd7aeea5dbff1a,2df9083338b4abd6bceb5635764dab5d833b393b55759dffb0959b6fcbf794ec,CC-BY-SA-3.0,human-dedup-cluster-b3624439021505a0b670ab34,human_test_only
human-HC-478ed64f08dea8bc42c2fd7b,HC-478ed64f08dea8bc42c2fd7b,procedure_simple_meal,108,628,478ed64f08dea8bc42c2fd7bfcc32d7e207c182faf329ccc11f3d17507e66827,bf026eef43ee62610251da3fffd24ac85a4d46158c6584f394bf5183d6973f98,jsonl-line-03844-b9d0c501678f7305,b9d0c501678f730533716e1dd087c10170df29fd6e30d008ede5a0f84d83ea2b,general_qa,bdd27f4d94b9c1f951818a7da7fd7aeea5dbff1a,2df9083338b4abd6bceb5635764dab5d833b393b55759dffb0959b6fcbf794ec,CC-BY-SA-3.0,human-dedup-cluster-de0e0d744ff7aa4cd08d813d,human_test_only
human-HC-47f4fca97d95afa9f39ad905,HC-47f4fca97d95afa9f39ad905,forum_learning_answer,194,1162,47f4fca97d95afa9f39ad905fac738192117bcdaea1d509416c090d3f7e74725,7e549be6236f31a7bcecc72732ba7034ac718df012511db65982907554a6ab2e,jsonl-line-10785-ff109fbc9c99c511,ff109fbc9c99c51124628678f51085329abcad815a657c058337b5fb97061f8e,general_qa,bdd27f4d94b9c1f951818a7da7fd7aeea5dbff1a,2df9083338b4abd6bceb5635764dab5d833b393b55759dffb0959b6fcbf794ec,CC-BY-SA-3.0,human-dedup-cluster-caea1022c7799e25476e36a2,human_test_only
human-HC-484e305ce891331c5f9d91c0,HC-484e305ce891331c5f9d91c0,forum_practical_answer,132,734,484e305ce891331c5f9d91c0f15849cf79f4cb66a5b178af348980601e35d7f8,83b1d81429f04d05b74df1aa7c7cb19cbe7069303d88d4f3fadc78951ce2b90e,jsonl-line-14827-dda3e642d006ac31,dda3e642d006ac31cb6530c4e659239c0bae3854d914a5fe5d51c7c3db9f3f80,open_qa,bdd27f4d94b9c1f951818a7da7fd7aeea5dbff1a,2df9083338b4abd6bceb5635764dab5d833b393b55759dffb0959b6fcbf794ec,CC-BY-SA-3.0,human-dedup-cluster-ad48aac881b7f3693106d3a1,human_test_only
human-HC-4ac78803b565051e0a0ebaf0,HC-4ac78803b565051e0a0ebaf0,explain_biological_process,50,315,4ac78803b565051e0a0ebaf02d9f48666ce7786b7a2e3a0d38bdd2858cf5be88,49c1359a9af76ee18a48c12f4d0d6b11dd0e647453721d7cb83fe35cf53d82a0,jsonl-line-04210-a5f1bfdda5f7e50d,a5f1bfdda5f7e50dfb8c3f24f04524589909b4893152cc40e89761a73022c3f4,general_qa,bdd27f4d94b9c1f951818a7da7fd7aeea5dbff1a,2df9083338b4abd6bceb5635764dab5d833b393b55759dffb0959b6fcbf794ec,CC-BY-SA-3.0,human-dedup-cluster-08b4e2aad9bd6aeb3dafb464,human_test_only
human-HC-4d39e0f2079a80476dd4da19,HC-4d39e0f2079a80476dd4da19,explain_biological_process,179,1020,4d39e0f2079a80476dd4da19190a64d32d6353168bf2e9148ac3e5758cf897a0,c0f6a6b1fdbb67fa00c66150ab68f12c4cb2439f7d60768768897f13bb714292,jsonl-line-01201-e5b3c6c689e368a8,e5b3c6c689e368a85e212824529089ef2a6ddd90f0bc938f34bfc9953c60cb19,general_qa,bdd27f4d94b9c1f951818a7da7fd7aeea5dbff1a,2df9083338b4abd6bceb5635764dab5d833b393b55759dffb0959b6fcbf794ec,CC-BY-SA-3.0,human-dedup-cluster-7509f8322a8dc8302265d177,human_test_only
human-HC-4d39f8db039e0f19cb3a667e,HC-4d39f8db039e0f19cb3a667e,forum_purchase_advice,273,1551,4d39f8db039e0f19cb3a667ed48b591104ca3f966fcce7526ef530afedeecb1e,07172d08d4b220d708832a8d2a08786fa55919cab6b867665e7c193da0ac0527,jsonl-line-05616-dfc81ef22b8dcd96,dfc81ef22b8dcd9693b25632e322576457d4122c04ebbfb8a4b66197da0727f2,creative_writing,bdd27f4d94b9c1f951818a7da7fd7aeea5dbff1a,2df9083338b4abd6bceb5635764dab5d833b393b55759dffb0959b6fcbf794ec,CC-BY-SA-3.0,human-dedup-cluster-854dfc5c8adc38292a76bb3b,human_test_only
human-HC-4d7b08ec62513582a95d1247,HC-4d7b08ec62513582a95d1247,forum_learning_answer,54,349,4d7b08ec62513582a95d124752a588d2e5d144c1d5f152390515f807ca8efdf4,816c03c3b9e4d7a355a51e25a14ed6ef79ab7ec071ac442e73b65c394bc0ce9d,jsonl-line-14223-b78abb880f71581f,b78abb880f71581f0297c2650a24607be51ba1f53324d7119c7e4bd536a7f53e,open_qa,bdd27f4d94b9c1f951818a7da7fd7aeea5dbff1a,2df9083338b4abd6bceb5635764dab5d833b393b55759dffb0959b6fcbf794ec,CC-BY-SA-3.0,human-dedup-cluster-22c6de00c7370da2ebceba90,human_test_only
human-HC-4e4f310b31a4ba23ec071cd7,HC-4e4f310b31a4ba23ec071cd7,explain_weather_pattern,40,223,4e4f310b31a4ba23ec071cd76a939b49a7ba34e4fcb3cb3bbb5fab0d4a83876d,15b81e8e99b9617b5dcc464073334fca036335c2cf58f7aa338d2caf7638f5c0,jsonl-line-02860-807ea764a62387ba,807ea764a62387ba2d9070810b8f0e1b27cf23365084c4663687acab4c337a9b,general_qa,bdd27f4d94b9c1f951818a7da7fd7aeea5dbff1a,2df9083338b4abd6bceb5635764dab5d833b393b55759dffb0959b6fcbf794ec,CC-BY-SA-3.0,human-dedup-cluster-e9a9239d44ad112435643387,human_test_only
human-HC-4eed1553928613044b1ce882,HC-4eed1553928613044b1ce882,explain_everyday_system,60,368,4eed1553928613044b1ce8824eead9a2f154b0e3669d4544768a223cd354cded,a444684e842b83bacffe9aee3709c75f3319913e69ecb1689e74a1248eec7321,jsonl-line-03357-31e2469087ce33b2,31e2469087ce33b24c146f18edc715e6a33dd9b690354a0ad8f35c9a531b8a0c,general_qa,bdd27f4d94b9c1f951818a7da7fd7aeea5dbff1a,2df9083338b4abd6bceb5635764dab5d833b393b55759dffb0959b6fcbf794ec,CC-BY-SA-3.0,human-dedup-cluster-d52727b8a657b6020398eb9e,human_test_only
human-HC-4f95245a1060ee14d87a56f9,HC-4f95245a1060ee14d87a56f9,explain_weather_pattern,74,437,4f95245a1060ee14d87a56f94dd4782d04d93cd94a884e9939243d91a0c97a22,00ae1843575f563f5629dd507942b871afa2f9a39303dda58e9d04aae43465e9,jsonl-line-07821-c790ff0b5eafb6f1,c790ff0b5eafb6f1f65ac2db4ef8c4fe04b8accf656bd8438b7397ac68383b79,general_qa,bdd27f4d94b9c1f951818a7da7fd7aeea5dbff1a,2df9083338b4abd6bceb5635764dab5d833b393b55759dffb0959b6fcbf794ec,CC-BY-SA-3.0,human-dedup-cluster-a74ae8a15a885d04c29f19eb,human_test_only
human-HC-4fad15da24e74f3e07dd5479,HC-4fad15da24e74f3e07dd5479,forum_practical_answer,119,725,4fad15da24e74f3e07dd5479ec04184419a52eca36c3b8a14755a5abfee064bb,9135f6ad7bc3057c0d0df9fb7d9a391e198e1e69aaae15d10724b9200f3c15df,jsonl-line-02722-15560710c75cea56,15560710c75cea56bd39bc02887d8a4698379835d6a28faf63160e374dd449c0,general_qa,bdd27f4d94b9c1f951818a7da7fd7aeea5dbff1a,2df9083338b4abd6bceb5635764dab5d833b393b55759dffb0959b6fcbf794ec,CC-BY-SA-3.0,human-dedup-cluster-6bca58963a7c341f320a1716,human_test_only
human-HC-5031cc35dc189bd62a42b6de,HC-5031cc35dc189bd62a42b6de,procedure_simple_meal,87,557,5031cc35dc189bd62a42b6de328363fdc75da171d47b5bc84c7b2918dbcf1c2b,15fdbceb21e6bcdb593402244a494aef8e559a6f0a446901513facefb74ad556,jsonl-line-02022-905a0e626690a175,905a0e626690a17532a36a6935160adf150c90cc024213758a95655730dcb174,general_qa,bdd27f4d94b9c1f951818a7da7fd7aeea5dbff1a,2df9083338b4abd6bceb5635764dab5d833b393b55759dffb0959b6fcbf794ec,CC-BY-SA-3.0,human-dedup-cluster-8c7460dfde3d1dfe2d46eca2,human_test_only
human-HC-50587b6c228cac0d1633375b,HC-50587b6c228cac0d1633375b,forum_learning_answer,138,814,50587b6c228cac0d1633375b6b3bd628f6d8233e162d0996a0c1ca4d41789771,7e0f7ae30768d7ef5ee5fd32c212664885413cd92dd5f3c341b79a84aeb421d1,jsonl-line-04894-1facf9e35afef791,1facf9e35afef791bc06645f6c22319951ff106ba15afe75a06b5d65761ba1f0,general_qa,bdd27f4d94b9c1f951818a7da7fd7aeea5dbff1a,2df9083338b4abd6bceb5635764dab5d833b393b55759dffb0959b6fcbf794ec,CC-BY-SA-3.0,human-dedup-cluster-c0647f49c80188bcfcff3f6f,human_test_only
human-HC-50e970bcf9ab01e1f5d190af,HC-50e970bcf9ab01e1f5d190af,forum_learning_answer,288,1689,50e970bcf9ab01e1f5d190af9ed54acebe4797ec283922df044b43df86c30b8d,087335e371f134d5dfbc048382667c8aca69c3e8b561ce90800ee37e9e25b035,jsonl-line-10879-2dd7af6c8afab527,2dd7af6c8afab527c0b615267facf93d4ab7a4f2eb421548ed64b1c63199c4d1,general_qa,bdd27f4d94b9c1f951818a7da7fd7aeea5dbff1a,2df9083338b4abd6bceb5635764dab5d833b393b55759dffb0959b6fcbf794ec,CC-BY-SA-3.0,human-dedup-cluster-273adf0fb62a4657af5fac2c,human_test_only
human-HC-5105a1f223bfbb9d4d897a6c,HC-5105a1f223bfbb9d4d897a6c,forum_purchase_advice,107,541,5105a1f223bfbb9d4d897a6c915fd21fd72a86f07d4c78fdffb805987a83a752,6ca15844ec18c240724cb1c826899e5cc8b2b9c23452063aaddaff67d0e4e634,jsonl-line-13044-1d22e485b8fbaf70,1d22e485b8fbaf70bfde18ee5f564a2bed1224224588158e970fc4171a912f76,open_qa,bdd27f4d94b9c1f951818a7da7fd7aeea5dbff1a,2df9083338b4abd6bceb5635764dab5d833b393b55759dffb0959b6fcbf794ec,CC-BY-SA-3.0,human-dedup-cluster-4c634930619563233bc55642,human_test_only
human-HC-51d863fca287cbb6612ef8ba,HC-51d863fca287cbb6612ef8ba,narrative_local_walk,140,712,51d863fca287cbb6612ef8ba3734343ce7daf22e0ea57907254bfc8a96439b9e,89235ee32bd9fe22c287ab3fb8d34a4416a39cf1040f908c3e024b68cfb43a3b,jsonl-line-08440-ffb78065ef8fb076,ffb78065ef8fb0760e762ec9583f4d592eb0e4585fc8f7e58ba3fb53c428fcb1,creative_writing,bdd27f4d94b9c1f951818a7da7fd7aeea5dbff1a,2df9083338b4abd6bceb5635764dab5d833b393b55759dffb0959b6fcbf794ec,CC-BY-SA-3.0,human-dedup-cluster-469fed604a7b0a659d943163,human_test_only
human-HC-52bf9ded66675b431bce000f,HC-52bf9ded66675b431bce000f,forum_learning_answer,127,725,52bf9ded66675b431bce000f10b00a042949c0022daa278d4cd2649242b45fbe,6f7e7349c9fc86e1da42b866dadc341b2b42499ff2fce2110027d3d98cd73a84,jsonl-line-06274-5d370d24efbb9fac,5d370d24efbb9fac62972a453b5a93ad4cf70ce6e7056f7cd777f4b12e0e2481,general_qa,bdd27f4d94b9c1f951818a7da7fd7aeea5dbff1a,2df9083338b4abd6bceb5635764dab5d833b393b55759dffb0959b6fcbf794ec,CC-BY-SA-3.0,human-dedup-cluster-6edcf9c1d9bdb068cae29c38,human_test_only
human-HC-532227eef0a8d47ea900eaf9,HC-532227eef0a8d47ea900eaf9,procedure_garden_task,80,443,532227eef0a8d47ea900eaf987a0f18434b26052c55e4905994daa6f3f525e58,41bf3ad3bd3ed6eadc8113e0f901305ad6730e60fb781267ada60baa8cf6e776,jsonl-line-01407-d8701ea33ed52337,d8701ea33ed52337facb1af7d7880d02f9619d9d0f389ec630e25b851a3c60d6,general_qa,bdd27f4d94b9c1f951818a7da7fd7aeea5dbff1a,2df9083338b4abd6bceb5635764dab5d833b393b55759dffb0959b6fcbf794ec,CC-BY-SA-3.0,human-dedup-cluster-c88dc49f1f38819244dd4eae,human_test_only
human-HC-543ca3e87d2dcc2690d12305,HC-543ca3e87d2dcc2690d12305,explain_biological_process,246,1741,543ca3e87d2dcc2690d12305d111496de5d67e5d042212ac38eba5160d6c54a2,e2b848764a35938088f29b937b9a2f657cfeff92cd937a6d09868e3fc9180c55,jsonl-line-02839-6624dcd2ad736820,6624dcd2ad736820e15c28a58c9667aa3ed0f9a812cb280a2b48d187a69f38b5,open_qa,bdd27f4d94b9c1f951818a7da7fd7aeea5dbff1a,2df9083338b4abd6bceb5635764dab5d833b393b55759dffb0959b6fcbf794ec,CC-BY-SA-3.0,human-dedup-cluster-9c6c15cb81bf30c506a05402,human_test_only
human-HC-545349cd21e875ef95f590e5,HC-545349cd21e875ef95f590e5,procedure_garden_task,56,279,545349cd21e875ef95f590e51684a29117e2cd0dfa8e0ac14618cd3a9f625a16,dd2b1823ee5fd561cd40fb0e7db04c2f4f32b31cca1810ac4a76c6f0589b95fc,jsonl-line-11341-82f48533ce6566dd,82f48533ce6566dd039b083df8ff519a0f0a6d3682878ae5831bae5d275d25e1,general_qa,bdd27f4d94b9c1f951818a7da7fd7aeea5dbff1a,2df9083338b4abd6bceb5635764dab5d833b393b55759dffb0959b6fcbf794ec,CC-BY-SA-3.0,human-dedup-cluster-b794a878923929217d2e7e32,human_test_only
human-HC-54abe42bf13c0372845eb891,HC-54abe42bf13c0372845eb891,procedure_simple_meal,192,1194,54abe42bf13c0372845eb891d5813b5498b11053741b9f9c497dd05216e1185c,17161a15abc0bd38eecb90225150255d0e468edfed99c6bbe166bc733d971259,jsonl-line-10048-a6c6fc13dbd3bf12,a6c6fc13dbd3bf12e7fd8db2ffa06dd4dc53014e80114bffd1847493896e8f4e,general_qa,bdd27f4d94b9c1f951818a7da7fd7aeea5dbff1a,2df9083338b4abd6bceb5635764dab5d833b393b55759dffb0959b6fcbf794ec,CC-BY-SA-3.0,human-dedup-cluster-a31108db1cfd3b2c3f53f6c9,human_test_only
human-HC-5609be9eb56b7d425f0b0ea7,HC-5609be9eb56b7d425f0b0ea7,forum_purchase_advice,174,1026,5609be9eb56b7d425f0b0ea77db06591990d76fc43d5194b670f4a2025815f56,ac0f80b607089092cc68a66950ed37fff7a75ee965fb395a3f6cf6e2836ec6ab,jsonl-line-01673-75c69acf4ab050ee,75c69acf4ab050eef09c7f71c21339cd9211e161d9e553900f8dc6b4914b5ae2,open_qa,bdd27f4d94b9c1f951818a7da7fd7aeea5dbff1a,2df9083338b4abd6bceb5635764dab5d833b393b55759dffb0959b6fcbf794ec,CC-BY-SA-3.0,human-dedup-cluster-8274012efdf8db5b17254ced,human_test_only
human-HC-56c5b32198873be9d47d83e6,HC-56c5b32198873be9d47d83e6,forum_learning_answer,162,976,56c5b32198873be9d47d83e60673896d19d3284a6c8e310dad2d0903c479b6d4,474c3a1158a6f5383764f518550a67bb39a3ea6ef97e0b64ec1df58a7d4cd222,jsonl-line-02779-7af677131004bbaa,7af677131004bbaa71acaa560a1558d7e5ecba9340f1dffcc89d0f287bf42ac4,general_qa,bdd27f4d94b9c1f951818a7da7fd7aeea5dbff1a,2df9083338b4abd6bceb5635764dab5d833b393b55759dffb0959b6fcbf794ec,CC-BY-SA-3.0,human-dedup-cluster-6b0007eb12b0874218014f92,human_test_only
human-HC-57b86b2fe42ce1142027880c,HC-57b86b2fe42ce1142027880c,explain_weather_pattern,67,374,57b86b2fe42ce1142027880c739378a7e384a7faee380e139be8537c15f626e3,fed29038ee670d4e77a40854fd4244d94bec27d1d5bed27bd34c59d30eedb5af,jsonl-line-10860-ac9a3026cba19b24,ac9a3026cba19b24cfccf9bfe064e3e3bbd58fb62d35a386e38ead6e800ce877,open_qa,bdd27f4d94b9c1f951818a7da7fd7aeea5dbff1a,2df9083338b4abd6bceb5635764dab5d833b393b55759dffb0959b6fcbf794ec,CC-BY-SA-3.0,human-dedup-cluster-c519661f4b873058acd58b57,human_test_only
human-HC-58800bbdf872441f0918a1df,HC-58800bbdf872441f0918a1df,procedure_home_task,188,1100,58800bbdf872441f0918a1df3a56f11da46bdf3c34ab3ef79cf5a53882080267,997a6429ad18176ef299a1d6afd695ce83313af656774db8fcd3cc311bf68adf,jsonl-line-04014-bcaa76b615dc439e,bcaa76b615dc439e6c3ca9e3daa859ef9589bfc285d9bfff5aeece96d43e7fd8,general_qa,bdd27f4d94b9c1f951818a7da7fd7aeea5dbff1a,2df9083338b4abd6bceb5635764dab5d833b393b55759dffb0959b6fcbf794ec,CC-BY-SA-3.0,human-dedup-cluster-9d9332d02515767f1cc0c98e,human_test_only
human-HC-59e515564f64a9f8d329b765,HC-59e515564f64a9f8d329b765,explain_weather_pattern,69,384,59e515564f64a9f8d329b765306ea58f5d6ac5eda7f48f499c5ab7ee1436177e,a07c0e91a56aab8791f4f6f98c7a23a768c385b068e1f5e6811a679b429e72c9,jsonl-line-07952-0e5767b292eab421,0e5767b292eab42130adbe6921f1a1164420426142773490b86f8f6ea5c48458,open_qa,bdd27f4d94b9c1f951818a7da7fd7aeea5dbff1a,2df9083338b4abd6bceb5635764dab5d833b393b55759dffb0959b6fcbf794ec,CC-BY-SA-3.0,human-dedup-cluster-c0a7e96914c802fc6c5c4299,human_test_only
human-HC-5a6832fe9e348b41a976075b,HC-5a6832fe9e348b41a976075b,explain_weather_pattern,163,890,5a6832fe9e348b41a976075b3b451fb9452a8f15ad826f426ca5b1fc57fdfb2a,52b41c095c3468743efa14ade501ed4134e524615595fb5bf074d3df299fd0cf,jsonl-line-00913-3cb0333bad93d7f5,3cb0333bad93d7f5f997a9797d31dcc9b4e0d91ab7321ac8271cd10db6b807b1,general_qa,bdd27f4d94b9c1f951818a7da7fd7aeea5dbff1a,2df9083338b4abd6bceb5635764dab5d833b393b55759dffb0959b6fcbf794ec,CC-BY-SA-3.0,human-dedup-cluster-512f4006ff73d66fcf89ba14,human_test_only
human-HC-5e501b99f694b35b28e6073c,HC-5e501b99f694b35b28e6073c,forum_learning_answer,55,327,5e501b99f694b35b28e6073cfabc099fd0c9b7df0f4225b546352ab5afc0f3c3,f017cd348cf755979de5a12cf775653c2fc4e2c6c57c97dff96e7f2a2a71d918,jsonl-line-06610-0eec040d07711c81,0eec040d07711c8130e2f57dd907db5e104edd9b14c7daee6a900d1a2c40fda7,general_qa,bdd27f4d94b9c1f951818a7da7fd7aeea5dbff1a,2df9083338b4abd6bceb5635764dab5d833b393b55759dffb0959b6fcbf794ec,CC-BY-SA-3.0,human-dedup-cluster-3d9f7f09b5f0737dcfef616a,human_test_only
human-HC-5eb9af9f59a22eeaaaa7e3dd,HC-5eb9af9f59a22eeaaaa7e3dd,forum_learning_answer,53,343,5eb9af9f59a22eeaaaa7e3dd7d13d7805b2c178125e2cfa9ef3fb12153ce5509,39cfd3da3bc66a267053e83b2db6324b27c6d2af4c5e6457b1d12f7dd62c7a64,jsonl-line-07325-79a5b3a77068f815,79a5b3a77068f815321992c40c75a4af89d94eba0fa80f52efd9ec2a57c3a85f,general_qa,bdd27f4d94b9c1f951818a7da7fd7aeea5dbff1a,2df9083338b4abd6bceb5635764dab5d833b393b55759dffb0959b6fcbf794ec,CC-BY-SA-3.0,human-dedup-cluster-7ed33af3f1a89c9d217711cb,human_test_only
human-HC-5efa35d98b948ea6fc1fd88f,HC-5efa35d98b948ea6fc1fd88f,explain_weather_pattern,107,638,5efa35d98b948ea6fc1fd88fc8201564067ab4a508b1bc003d2f83d8e73352e5,5d36e73f4c3592da810b72815082a2a4b64eb49b10b765ff7b97a90ee943d346,jsonl-line-05075-ee2284ec0919b77f,ee2284ec0919b77f65c6fd18440829f0982b4f67923273ff247dce01392d4b7d,creative_writing,bdd27f4d94b9c1f951818a7da7fd7aeea5dbff1a,2df9083338b4abd6bceb5635764dab5d833b393b55759dffb0959b6fcbf794ec,CC-BY-SA-3.0,human-dedup-cluster-ccd03c9bb94ec5b96e62eb45,human_test_only
human-HC-5f1616433e5a907b68899b22,HC-5f1616433e5a907b68899b22,forum_purchase_advice,139,794,5f1616433e5a907b68899b22566961bb08846ad58eb1d37bba83a9cb08762486,bcb293643da75c6fab701ab86e00224add0353b5104a585f3f7ddc9097a1bd92,jsonl-line-04854-9c7f9a28912ff1c6,9c7f9a28912ff1c6eb57108d9cf50e7fb74ff5e168dbfc5b29d83addec9ee83d,general_qa,bdd27f4d94b9c1f951818a7da7fd7aeea5dbff1a,2df9083338b4abd6bceb5635764dab5d833b393b55759dffb0959b6fcbf794ec,CC-BY-SA-3.0,human-dedup-cluster-28f248957972708e5f8f3070,human_test_only
human-HC-6033e694a71e650c8ba84f3f,HC-6033e694a71e650c8ba84f3f,explain_biological_process,60,332,6033e694a71e650c8ba84f3fc1b0064bc3f5e3ff98034327387897b205e131b7,d4e21e9529b1cb5336cd073905eb6d446d236526caf4fb04493b8f2964a44078,jsonl-line-05974-a161fcd6c0ec0323,a161fcd6c0ec03239668a2f0625c0fe3dc7f0c5dad39e2029625da2b99e4effd,open_qa,bdd27f4d94b9c1f951818a7da7fd7aeea5dbff1a,2df9083338b4abd6bceb5635764dab5d833b393b55759dffb0959b6fcbf794ec,CC-BY-SA-3.0,human-dedup-cluster-26ec78b64f6afbb538f165b0,human_test_only
human-HC-604ff4260a36be93a1e82dfc,HC-604ff4260a36be93a1e82dfc,forum_learning_answer,57,439,604ff4260a36be93a1e82dfc6d4ecf3c06e035f6748d31ece8c2d5d67195aef3,2a638f3631466312ac82a56b2f63b0d38e83ebdb17361e9f152d9549e51b3e53,jsonl-line-05073-25d25676653542bd,25d25676653542bd68b1a9d0c110a64fcdca1880b509e324908f48963b069e59,general_qa,bdd27f4d94b9c1f951818a7da7fd7aeea5dbff1a,2df9083338b4abd6bceb5635764dab5d833b393b55759dffb0959b6fcbf794ec,CC-BY-SA-3.0,human-dedup-cluster-2933f0df1889d716c59d63c7,human_test_only
human-HC-60e1c16d82d152f4cdcff8e6,HC-60e1c16d82d152f4cdcff8e6,forum_learning_answer,184,1072,60e1c16d82d152f4cdcff8e69377dcb23f41a14f4fb819c0a1904efefba91b2f,1487c54933873ffdaa4bf184ed3969fb2a79c84ec8cd046bdcb339a8dcb81abc,jsonl-line-02118-0bcd203a7f1d98e5,0bcd203a7f1d98e558a42632e9828f75ea19022afb30125890e679f5aafee89f,general_qa,bdd27f4d94b9c1f951818a7da7fd7aeea5dbff1a,2df9083338b4abd6bceb5635764dab5d833b393b55759dffb0959b6fcbf794ec,CC-BY-SA-3.0,human-dedup-cluster-93cb6906d451f03e6cae27f1,human_test_only
human-HC-6310db1bbc61bf65260fdc39,HC-6310db1bbc61bf65260fdc39,forum_purchase_advice,117,713,6310db1bbc61bf65260fdc391cbfa584df0cdbb6382abceaca6b310f60af246d,8b2dff211ff5c8bc02fb26e85b5b59ce6a4cdfdaddfb1fe6a6e4311fd74748b9,jsonl-line-00376-298b89064079674e,298b89064079674e08f7ccc23d488996e19484a82b23b1c6c0b3448d819ed7c6,general_qa,bdd27f4d94b9c1f951818a7da7fd7aeea5dbff1a,2df9083338b4abd6bceb5635764dab5d833b393b55759dffb0959b6fcbf794ec,CC-BY-SA-3.0,human-dedup-cluster-2e8d02fb0dc9b42e5f6cd39a,human_test_only
human-HC-644132f9887a30f451e8d6d1,HC-644132f9887a30f451e8d6d1,explain_weather_pattern,110,651,644132f9887a30f451e8d6d1e18df04cf3787cf3aa23ddba7177df0c0e30a6e8,e089d4acd188d8e0c337f2b65db66cedff5e3e801db10a0866f865041211eea8,jsonl-line-06278-b8340b374bfbec98,b8340b374bfbec981ac9364ac105ed2a500f11e726b847d55b53599f2cea6891,general_qa,bdd27f4d94b9c1f951818a7da7fd7aeea5dbff1a,2df9083338b4abd6bceb5635764dab5d833b393b55759dffb0959b6fcbf794ec,CC-BY-SA-3.0,human-dedup-cluster-a08133f86a6b4aab4b42b916,human_test_only
human-HC-64c017273ad4d21dea86de2a,HC-64c017273ad4d21dea86de2a,explain_biological_process,83,478,64c017273ad4d21dea86de2a6e4b21d4eb57861e5713e94754c99362e9bd1ad2,02d271b48a783f1c58d150e2d0bae75fa37299134162c652e06fc27ae5c22cc5,jsonl-line-09047-aef0a01427284f4c,aef0a01427284f4c75aa51bd4f4bf6a46989fd14b9264908330d5c4dec4d95fb,open_qa,bdd27f4d94b9c1f951818a7da7fd7aeea5dbff1a,2df9083338b4abd6bceb5635764dab5d833b393b55759dffb0959b6fcbf794ec,CC-BY-SA-3.0,human-dedup-cluster-146dbac70e852bf718781d84,human_test_only
human-HC-66cd4ca0aaaed0ec9cfe2cf6,HC-66cd4ca0aaaed0ec9cfe2cf6,explain_weather_pattern,52,311,66cd4ca0aaaed0ec9cfe2cf6beb66e2a33f31fa7f56cb3e8329e3fb50327bf1d,eed6b6498bcd53a76dd85d6b4fe894cf45a4076b66fc8929144e49937ae644fc,jsonl-line-13006-e6d091e537fa3ac8,e6d091e537fa3ac86c805946c87837be1dd80e7a13ec53276f2e8ea43fddabff,open_qa,bdd27f4d94b9c1f951818a7da7fd7aeea5dbff1a,2df9083338b4abd6bceb5635764dab5d833b393b55759dffb0959b6fcbf794ec,CC-BY-SA-3.0,human-dedup-cluster-e25be8bb012e739b28dbbe6f,human_test_only
human-HC-67425afecafd42bc75c98219,HC-67425afecafd42bc75c98219,forum_learning_answer,110,594,67425afecafd42bc75c982193dcd3fa96a5a5fbb2f12742a9eda2ec0e2e3888b,6e3968730979ce814d1ea53d4c78c5e0cf1bd36911fac2a80673456bcaac80d6,jsonl-line-12157-501bc2cf234c7d22,501bc2cf234c7d22fcac5efdfd3acf8ec673b320351701afe0de7b4e580f0cb8,general_qa,bdd27f4d94b9c1f951818a7da7fd7aeea5dbff1a,2df9083338b4abd6bceb5635764dab5d833b393b55759dffb0959b6fcbf794ec,CC-BY-SA-3.0,human-dedup-cluster-2fd83b7751f428a87906c4e1,human_test_only
human-HC-676c527c0d2622fde8ea7ad4,HC-676c527c0d2622fde8ea7ad4,casual_neighborhood_chat,40,220,676c527c0d2622fde8ea7ad4f066642fe47fdf0b0749551bcb30a96162cb6022,622d71908d610cb90366c0e521cce5dc77d2c6036226509c1c0414c0f27d2541,jsonl-line-03898-c4961426df02bee2,c4961426df02bee21740f534c1134d08965e1aa7ebf9c3bb3df5bb917add05b0,creative_writing,bdd27f4d94b9c1f951818a7da7fd7aeea5dbff1a,2df9083338b4abd6bceb5635764dab5d833b393b55759dffb0959b6fcbf794ec,CC-BY-SA-3.0,human-dedup-cluster-4e1d75685df3ea9197438a10,human_test_only
human-HC-67a856ce6a0850d2db762364,HC-67a856ce6a0850d2db762364,forum_learning_answer,63,356,67a856ce6a0850d2db7623648eb1ac72bce572bacdd594d50db5bf67b95a080b,ad25cde5e411885915a08e487c2027ad70e006feb231dda34e7acb5dfa5883c7,jsonl-line-11826-9f3e0d1279f2f7fd,9f3e0d1279f2f7fd245f6eaef624588bde66dcf9dbb126325404ad89d8cbc7f2,general_qa,bdd27f4d94b9c1f951818a7da7fd7aeea5dbff1a,2df9083338b4abd6bceb5635764dab5d833b393b55759dffb0959b6fcbf794ec,CC-BY-SA-3.0,human-dedup-cluster-537f4b783c1a509757560dfa,human_test_only
human-HC-69263bc399c34ccb7afca482,HC-69263bc399c34ccb7afca482,forum_practical_answer,190,1037,69263bc399c34ccb7afca482cc2483db014d3255321d67e59cef05bf54fffdae,a2cbdd06edcdd75339ca77d73cb9774a98720c372e5d64f934f11c6bca012612,jsonl-line-04696-7a6c8ac222075601,7a6c8ac222075601b5e9aeeca262b99ad91fb27a9229e6ec203686dbd223ea5f,general_qa,bdd27f4d94b9c1f951818a7da7fd7aeea5dbff1a,2df9083338b4abd6bceb5635764dab5d833b393b55759dffb0959b6fcbf794ec,CC-BY-SA-3.0,human-dedup-cluster-0d6aee4f7ae140f325a9b7eb,human_test_only
human-HC-6975ca246563b8be89b14749,HC-6975ca246563b8be89b14749,explain_biological_process,74,434,6975ca246563b8be89b147496c2f96cb8c7c5c78568a60ae0aa85aa249d09152,a270ab35590014a8c42369dbab82de9e4200daf72a48e94fced5a9ddecfd6ffc,jsonl-line-02748-f4c442c47e9bafbd,f4c442c47e9bafbdcacc0bd8b58f1615f1499abd6ba7d68b246b8340b6bd5594,general_qa,bdd27f4d94b9c1f951818a7da7fd7aeea5dbff1a,2df9083338b4abd6bceb5635764dab5d833b393b55759dffb0959b6fcbf794ec,CC-BY-SA-3.0,human-dedup-cluster-423a1c3b09074465161ef406,human_test_only
human-HC-69df8614d17aa6438e2e88d7,HC-69df8614d17aa6438e2e88d7,forum_practical_answer,227,1274,69df8614d17aa6438e2e88d7043351a801d1ba1c838b4434b1f7ecbcf2adc3f4,7bf0094aaaabc889a7a28fbaa2d61203d5812c56f0d5693c50bb74a8c28a582c,jsonl-line-09618-708f9ec980102d86,708f9ec980102d86a505fb95b292e83a1e913eab90b59435f08c235da1f176f4,open_qa,bdd27f4d94b9c1f951818a7da7fd7aeea5dbff1a,2df9083338b4abd6bceb5635764dab5d833b393b55759dffb0959b6fcbf794ec,CC-BY-SA-3.0,human-dedup-cluster-c6da51067f3f777a00630d94,human_test_only
human-HC-6a460abd860de5f2d766da29,HC-6a460abd860de5f2d766da29,procedure_simple_meal,63,332,6a460abd860de5f2d766da29a54d4b62704a36bf5d49f2e1d605b5b9bc86d8bf,8d7cd4983b29836d4b8a9ef1b4a9f2f795e6751e93db71a0f04e3884e9b0c5b4,jsonl-line-10606-9ab10ef0d5f49861,9ab10ef0d5f49861e53beebb8bb7f34712a659f625d7304f45dcfa331e36f8b5,general_qa,bdd27f4d94b9c1f951818a7da7fd7aeea5dbff1a,2df9083338b4abd6bceb5635764dab5d833b393b55759dffb0959b6fcbf794ec,CC-BY-SA-3.0,human-dedup-cluster-950050a59006ce15935c098a,human_test_only
human-HC-6a9c9f13366cc4e431b2c7c3,HC-6a9c9f13366cc4e431b2c7c3,procedure_simple_meal,104,568,6a9c9f13366cc4e431b2c7c3b52077363ceafc625bee450a124f9a26c0f2edb1,4f4716ba2a3aaa3f7fa432b28f6ad9c1cfdf6782bcc8f323dbc3345806636897,jsonl-line-01702-573ddba79cd66865,573ddba79cd6686507e154d55b64878ce4ee73e5677554d5ffa2f064b208ef21,general_qa,bdd27f4d94b9c1f951818a7da7fd7aeea5dbff1a,2df9083338b4abd6bceb5635764dab5d833b393b55759dffb0959b6fcbf794ec,CC-BY-SA-3.0,human-dedup-cluster-368031783441e80392bead14,human_test_only
human-HC-6ac5483452473701c8992990,HC-6ac5483452473701c8992990,forum_purchase_advice,109,667,6ac5483452473701c8992990aa4214b9aa910505db1c3a1ebaaa75486972d1fc,da4e8f06832004a96b24f7da72308874b52f70ac2d4b6494b9f0af8949623dce,jsonl-line-08841-3a0a30e5b961598e,3a0a30e5b961598e9266a5f6893a86060ae9d001596192b9bb051158766e4516,open_qa,bdd27f4d94b9c1f951818a7da7fd7aeea5dbff1a,2df9083338b4abd6bceb5635764dab5d833b393b55759dffb0959b6fcbf794ec,CC-BY-SA-3.0,human-dedup-cluster-b118fc7fbe238bb61cc9daf3,human_test_only
human-HC-6b7fdd601414bd3b5ac8c147,HC-6b7fdd601414bd3b5ac8c147,explain_weather_pattern,62,364,6b7fdd601414bd3b5ac8c147c3d9de28d09ca68ed66d9fb35cacfdca71da67ec,231fb38833c4bf3f3ccf91b9ac0733a5587aa5cf10dfeaa0f9156aa13fe449bf,jsonl-line-06650-ee15283498861e27,ee15283498861e271c6d123e2b5ca81ff91a0a367b8fa608be23fa337188a683,general_qa,bdd27f4d94b9c1f951818a7da7fd7aeea5dbff1a,2df9083338b4abd6bceb5635764dab5d833b393b55759dffb0959b6fcbf794ec,CC-BY-SA-3.0,human-dedup-cluster-21225fc0acfa4062f68344e2,human_test_only
human-HC-6c203f1ac4d1546ddb1e7621,HC-6c203f1ac4d1546ddb1e7621,explain_weather_pattern,232,1367,6c203f1ac4d1546ddb1e7621b59bb686a83a77439a3deb99066f6af2dc7130c8,b7c237d0d7385171596cd1699cc53e44ec2b67126432e378d4330073f2fa54ac,jsonl-line-06794-7a8df235a8c57d62,7a8df235a8c57d62fd835a651be7898034651490918714fa954caa8345f69859,general_qa,bdd27f4d94b9c1f951818a7da7fd7aeea5dbff1a,2df9083338b4abd6bceb5635764dab5d833b393b55759dffb0959b6fcbf794ec,CC-BY-SA-3.0,human-dedup-cluster-adb722efc702a93bb2309c12,human_test_only
human-HC-6cd7e4460335a8debfb4e53e,HC-6cd7e4460335a8debfb4e53e,explain_weather_pattern,69,420,6cd7e4460335a8debfb4e53ef6ee2d330119ede07a1ab69a120b166c4a6fa87a,2d4dd40c5a814dbad61da01ca420122bf4a711e5d16f993383c8275d88c7a53e,jsonl-line-01682-0f30ab164e43ed5e,0f30ab164e43ed5e59d8270761737bfb18beef3bdeacfa31b5c28a220ddd6116,general_qa,bdd27f4d94b9c1f951818a7da7fd7aeea5dbff1a,2df9083338b4abd6bceb5635764dab5d833b393b55759dffb0959b6fcbf794ec,CC-BY-SA-3.0,human-dedup-cluster-7d7a708aa5191e1ec67b1701,human_test_only
human-HC-6e7fbf8742016b0dfffade7c,HC-6e7fbf8742016b0dfffade7c,forum_learning_answer,58,319,6e7fbf8742016b0dfffade7c8fc5b83ccb5313a76b287172a630acf255e3e488,c07c4036cebe16cb0112ed2e4a3c430e212bd885435d8c2afd2b1f0465d68b0e,jsonl-line-08290-2e96f85d6eda3667,2e96f85d6eda3667fe3ab21f84de8ffa7ec4d8eb0cc3fc30a2cedc945a145e67,general_qa,bdd27f4d94b9c1f951818a7da7fd7aeea5dbff1a,2df9083338b4abd6bceb5635764dab5d833b393b55759dffb0959b6fcbf794ec,CC-BY-SA-3.0,human-dedup-cluster-cecea4abd39c02d7be082008,human_test_only
human-HC-71515c9d14c692558282b3dd,HC-71515c9d14c692558282b3dd,procedure_simple_meal,63,382,71515c9d14c692558282b3dd88042e35018eb44c2b984ccf4d4052c12e6d4ef8,b464861701d7fad3e4b29dadc2e3504cf764d8a676b642a92b806d549e8e3672,jsonl-line-11009-7f871a92c5c1a58d,7f871a92c5c1a58d0e83d1da35f481623888ebe421c1c4327a123dd87a009272,general_qa,bdd27f4d94b9c1f951818a7da7fd7aeea5dbff1a,2df9083338b4abd6bceb5635764dab5d833b393b55759dffb0959b6fcbf794ec,CC-BY-SA-3.0,human-dedup-cluster-9d9a0a146b61056f7aac1ced,human_test_only
human-HC-7201f42360dd8606bf46a45d,HC-7201f42360dd8606bf46a45d,forum_learning_answer,242,1308,7201f42360dd8606bf46a45d82e19614fa15a077454800726b86f81916c3849a,39296fecca7c958f46b02c1dbe558e09d528fb829b5f0b37d29d475a3432ff00,jsonl-line-14546-cf548b9ced5be816,cf548b9ced5be816529060e48383523c4302ea9fd5cf7b456e4ae006308aeca4,creative_writing,bdd27f4d94b9c1f951818a7da7fd7aeea5dbff1a,2df9083338b4abd6bceb5635764dab5d833b393b55759dffb0959b6fcbf794ec,CC-BY-SA-3.0,human-dedup-cluster-7b21728e8347db44e7b36ce0,human_test_only
human-HC-73b3625361b9a4c111ea74d4,HC-73b3625361b9a4c111ea74d4,forum_purchase_advice,98,562,73b3625361b9a4c111ea74d466d8683eac994d17b1bcdbe1ab43de9932614533,35623e60a29a62823bfe9dfa2d462ebde3db2c3f183a18c23f95fe0b627e9987,jsonl-line-13439-7adde10bccad74db,7adde10bccad74dbd0fc7d5d0a438a7b72232b45da38475a0b824ad201cbd6c5,general_qa,bdd27f4d94b9c1f951818a7da7fd7aeea5dbff1a,2df9083338b4abd6bceb5635764dab5d833b393b55759dffb0959b6fcbf794ec,CC-BY-SA-3.0,human-dedup-cluster-9512d8ccc7de57987a57b8ed,human_test_only
human-HC-75edffcd5fa22b8dc3b7dffe,HC-75edffcd5fa22b8dc3b7dffe,explain_biological_process,138,923,75edffcd5fa22b8dc3b7dffe4377362ff4d17b849eb9f2018ddd1943bcd223ae,8d8282f1dff9add777ade31b0a8b0718c02cad8db5055dc5cdd52780d01c494c,jsonl-line-13124-2d676eef9b7d780f,2d676eef9b7d780fc63b6450c63dbe8a9cd33ada99ba9b432d00a90a0ee771c0,open_qa,bdd27f4d94b9c1f951818a7da7fd7aeea5dbff1a,2df9083338b4abd6bceb5635764dab5d833b393b55759dffb0959b6fcbf794ec,CC-BY-SA-3.0,human-dedup-cluster-ac1213a3ace91aecd752ac9f,human_test_only
human-HC-7bd502ccfe6c595b2f84cc1b,HC-7bd502ccfe6c595b2f84cc1b,explain_biological_process,129,765,7bd502ccfe6c595b2f84cc1b00b25bda570d70e9aa73c02b16393eacc167d50c,da1ae50e490534ffccae27bc6d5d338547ab6e1a5d023902ba79cf66a9519f32,jsonl-line-12336-daa557c65a2e4275,daa557c65a2e42755c1d2642003388a6939241d921ce022b35c2696aa7ac9f1f,open_qa,bdd27f4d94b9c1f951818a7da7fd7aeea5dbff1a,2df9083338b4abd6bceb5635764dab5d833b393b55759dffb0959b6fcbf794ec,CC-BY-SA-3.0,human-dedup-cluster-b25a99cd393a2122e3effc74,human_test_only
human-HC-7be577fd9291a353ca61cd9f,HC-7be577fd9291a353ca61cd9f,forum_purchase_advice,107,659,7be577fd9291a353ca61cd9f05433d3cc52aba16998ba5720a96aed18ac854fc,a46e1dfe55adbe7debff2b670a9cbda953b8603c909fcc3fd28ba997aa133164,jsonl-line-13530-e6e46869a93f4e5a,e6e46869a93f4e5ae22472ad7ab49e4e64a4a0fd53dddceb9384d504eb7b489a,general_qa,bdd27f4d94b9c1f951818a7da7fd7aeea5dbff1a,2df9083338b4abd6bceb5635764dab5d833b393b55759dffb0959b6fcbf794ec,CC-BY-SA-3.0,human-dedup-cluster-99194b4ed5a2e2891fa14734,human_test_only
human-HC-7d152943f941f259e59d58ab,HC-7d152943f941f259e59d58ab,explain_weather_pattern,97,562,7d152943f941f259e59d58abe7d837efb512694c9237dac3c1a24d3f6dc0ce7d,86ba3c770b1f5459be3b71a73cad779d8477d9e9f4170e99f85876652196ea8d,jsonl-line-14752-8768c6bc287a03f2,8768c6bc287a03f2e3b357bf4b86e64aa79c337de094055c7a7d0bde890f1f82,general_qa,bdd27f4d94b9c1f951818a7da7fd7aeea5dbff1a,2df9083338b4abd6bceb5635764dab5d833b393b55759dffb0959b6fcbf794ec,CC-BY-SA-3.0,human-dedup-cluster-2426ea12f275e00cdd36e662,human_test_only
human-HC-7f1404ac2b66818cb914c402,HC-7f1404ac2b66818cb914c402,forum_learning_answer,143,835,7f1404ac2b66818cb914c402e47cccd963a7a06261c084c41734b1fcd73aa4de,ca099ff44eecb82f569bfec096cd29049ad1f064d102b86f4f23b8d79aef912e,jsonl-line-09694-07ec09955ff974ff,07ec09955ff974ffac60dbeb21d037063cad3655cf42fee0bf8a64cd18b5bfe7,general_qa,bdd27f4d94b9c1f951818a7da7fd7aeea5dbff1a,2df9083338b4abd6bceb5635764dab5d833b393b55759dffb0959b6fcbf794ec,CC-BY-SA-3.0,human-dedup-cluster-ab95501f38fca54fa51cbbd9,human_test_only
human-HC-804f0765065cd4b44857a0d3,HC-804f0765065cd4b44857a0d3,forum_learning_answer,132,731,804f0765065cd4b44857a0d37963553b1721f7d148eb272b53262afed1ed30cd,4697b076760bb9426184f223fcd120d0625bbd2dc83f0fe4016f8df1b48f6582,jsonl-line-04330-a4e543c06f4030eb,a4e543c06f4030ebf297545995efa502d66fafd22d4c677116a6a15c7965c194,general_qa,bdd27f4d94b9c1f951818a7da7fd7aeea5dbff1a,2df9083338b4abd6bceb5635764dab5d833b393b55759dffb0959b6fcbf794ec,CC-BY-SA-3.0,human-dedup-cluster-17cc9891e4f1dd9721d580ef,human_test_only
human-HC-8239c4f5703cb98e96b58818,HC-8239c4f5703cb98e96b58818,procedure_simple_meal,118,695,8239c4f5703cb98e96b5881862fe50eb1c63895e1098d9c1163041b1b0fbf503,2890e10493d8ba57b230c1d1633514ab30272540254d2255078fea5f03ca875e,jsonl-line-12788-e6f6433be1189546,e6f6433be1189546a8191ea7b733bdbbae3620b6de7478cd30e307af28127911,general_qa,bdd27f4d94b9c1f951818a7da7fd7aeea5dbff1a,2df9083338b4abd6bceb5635764dab5d833b393b55759dffb0959b6fcbf794ec,CC-BY-SA-3.0,human-dedup-cluster-d779717069a1834acf8b0207,human_test_only
human-HC-82e6fc46fa16b594eee81bdd,HC-82e6fc46fa16b594eee81bdd,forum_learning_answer,105,599,82e6fc46fa16b594eee81bdd94b398f6f89cd1b67c79055f44554fed238a3df3,3e9475adb021848cd2709579311da2e8b3c8c3769a7dab88c50afdf59cee8399,jsonl-line-01499-d3151c7e83ab0557,d3151c7e83ab0557d1ea45a4737d10df572b031545530dd7d9a691715d74f223,general_qa,bdd27f4d94b9c1f951818a7da7fd7aeea5dbff1a,2df9083338b4abd6bceb5635764dab5d833b393b55759dffb0959b6fcbf794ec,CC-BY-SA-3.0,human-dedup-cluster-c5c1742802d4019aa06881b5,human_test_only
human-HC-837863843a7e1d9dcc6a1b09,HC-837863843a7e1d9dcc6a1b09,forum_practical_answer,130,881,837863843a7e1d9dcc6a1b0981e6a876e5e1650fbd84211f1067d7497915393f,c70e9e8316f68eb7fdc2a6d83b2023d6ce8cff47fea1fc28dacbfeb08b0895ac,jsonl-line-01303-c59a2a4c89f1dc8e,c59a2a4c89f1dc8e40e55850e818952f90e555d24d17c586f9abbf48b7e3eb0a,general_qa,bdd27f4d94b9c1f951818a7da7fd7aeea5dbff1a,2df9083338b4abd6bceb5635764dab5d833b393b55759dffb0959b6fcbf794ec,CC-BY-SA-3.0,human-dedup-cluster-459c8f973a1e0f1f6a82aec0,human_test_only
human-HC-847bdb9a249c887534ba5636,HC-847bdb9a249c887534ba5636,explain_weather_pattern,60,362,847bdb9a249c887534ba56363aeb36ae67302d489414becd9e1be2b442620971,4a5f1995c690b4baa9b8a6bd14a6fea3e2559c89d69752f04d86295582b39efe,jsonl-line-01410-40b9ddf6b1cf9332,40b9ddf6b1cf9332c8be4da8c55b6af1e806e2a4529657cf35b0272f344f6679,open_qa,bdd27f4d94b9c1f951818a7da7fd7aeea5dbff1a,2df9083338b4abd6bceb5635764dab5d833b393b55759dffb0959b6fcbf794ec,CC-BY-SA-3.0,human-dedup-cluster-cf27f9cf0d0c98036ff6ef29,human_test_only
human-HC-874d7e8b4d70669850749ad5,HC-874d7e8b4d70669850749ad5,forum_practical_answer,144,814,874d7e8b4d70669850749ad5d3c7150151b096bb98fcaf17122abf271b016ea8,2e6679e3b7fe0fb1f8741f7657d492d076378e118f777866fc5ba7e1f1951fbf,jsonl-line-14051-345dcc5eb442eecd,345dcc5eb442eecd810c85e48724f8d1252dbb2222e5fa9514a338367847ad96,general_qa,bdd27f4d94b9c1f951818a7da7fd7aeea5dbff1a,2df9083338b4abd6bceb5635764dab5d833b393b55759dffb0959b6fcbf794ec,CC-BY-SA-3.0,human-dedup-cluster-876aced30ed9cd63050e1955,human_test_only
human-HC-8a66f7771b39ce137772b1b2,HC-8a66f7771b39ce137772b1b2,forum_learning_answer,104,646,8a66f7771b39ce137772b1b2d99e9bd88571f31331c3536dca980238a9149fb8,fc1a4548acc472062b247c509e40461826dd83d0fb9e26cf46d334e40e9b656a,jsonl-line-03749-31164f33d0cf1c6e,31164f33d0cf1c6e7781481eb62776a320952d6e88b876b10855e874839f0f8f,open_qa,bdd27f4d94b9c1f951818a7da7fd7aeea5dbff1a,2df9083338b4abd6bceb5635764dab5d833b393b55759dffb0959b6fcbf794ec,CC-BY-SA-3.0,human-dedup-cluster-8678e3b890f5116ca0547e45,human_test_only
human-HC-8b2a1619dacd224871468959,HC-8b2a1619dacd224871468959,procedure_home_task,222,1195,8b2a1619dacd2248714689598657273812bdc74f42dbc5bdd1734c67b319d5fc,21cb7898e49cb0ddf091a513607f61c68f718b7cd1495a6a0ddd8567382bfd61,jsonl-line-03059-1f320f15064a816d,1f320f15064a816deeecec8bbc5f96a4bc4cdbce41b3f613c4c6191f0a8f2514,creative_writing,bdd27f4d94b9c1f951818a7da7fd7aeea5dbff1a,2df9083338b4abd6bceb5635764dab5d833b393b55759dffb0959b6fcbf794ec,CC-BY-SA-3.0,human-dedup-cluster-b3b32c18416470e086888820,human_test_only
human-HC-8b43da8a0e59f8dfbabc3abb,HC-8b43da8a0e59f8dfbabc3abb,explain_weather_pattern,67,389,8b43da8a0e59f8dfbabc3abb2f05b7257b081921f786093411e884b721222db6,4d09c0077c143efcbc721476ff2ec69b5948aa96b8f1ef78dbfb697ccfceb7d4,jsonl-line-03222-8efea8e6f366202e,8efea8e6f366202ec2c8b4be69fd3de3aab6764f30ec3fee107987eb57086c4b,open_qa,bdd27f4d94b9c1f951818a7da7fd7aeea5dbff1a,2df9083338b4abd6bceb5635764dab5d833b393b55759dffb0959b6fcbf794ec,CC-BY-SA-3.0,human-dedup-cluster-46f6597ba1301e85f72ae844,human_test_only
human-HC-8c2ea48e035c12548598e2e8,HC-8c2ea48e035c12548598e2e8,explain_weather_pattern,113,704,8c2ea48e035c12548598e2e8f12551907d6fec998c4f6a9358ad46120cc70cc1,ab18ff38b3421da775d16d1597ffc3e96f09144fd7409ce441c02c044f706cd4,jsonl-line-03712-5139c4eceec29af3,5139c4eceec29af3714bc8ddb9f21e109ac50f2252ba3dae49da2c37d2e12cb0,open_qa,bdd27f4d94b9c1f951818a7da7fd7aeea5dbff1a,2df9083338b4abd6bceb5635764dab5d833b393b55759dffb0959b6fcbf794ec,CC-BY-SA-3.0,human-dedup-cluster-27ea3ff1a2ad50d0d29d60aa,human_test_only
human-HC-8d7c88399e1b3a00e6e1569a,HC-8d7c88399e1b3a00e6e1569a,procedure_garden_task,48,293,8d7c88399e1b3a00e6e1569aa2f0d4e6f8f2746dd39119fba81d60a7f193c7a3,579886a6d10be2ab98f01705b99c7f4eaaa867133c86f568bfb7b24959fd4b17,jsonl-line-06456-aa405d77e53dc585,aa405d77e53dc5854bfc4ccd61c78384afc7a015cc53fe15e49232e212a89f15,open_qa,bdd27f4d94b9c1f951818a7da7fd7aeea5dbff1a,2df9083338b4abd6bceb5635764dab5d833b393b55759dffb0959b6fcbf794ec,CC-BY-SA-3.0,human-dedup-cluster-19bb365f067644bbd08e80fe,human_test_only
human-HC-8dfffb2426bf9a60cd2ec604,HC-8dfffb2426bf9a60cd2ec604,explain_weather_pattern,36,252,8dfffb2426bf9a60cd2ec6044ac49826ed1b57b1559175f22d5e7d04d95740c4,5be726a9cfe45e4dc444cfb3ec53d8822f238d1dfaa8e59ff5ce95c5cb45b2f4,jsonl-line-07272-9b1a0ee500408090,9b1a0ee500408090e72dcebfd01160336c3d3ddc9f009ebc6bd28978926cffaf,open_qa,bdd27f4d94b9c1f951818a7da7fd7aeea5dbff1a,2df9083338b4abd6bceb5635764dab5d833b393b55759dffb0959b6fcbf794ec,CC-BY-SA-3.0,human-dedup-cluster-18779c3c85b952bffe0b84ab,human_test_only
human-HC-8ee1417b782884a5ab04f65d,HC-8ee1417b782884a5ab04f65d,procedure_simple_meal,290,1689,8ee1417b782884a5ab04f65df20cb82b105f6c808083e7b2c769d932676da55e,9668fef86fe97250730b7f7a49b4d1b9971e216d115f7a201d6068ea18024bbb,jsonl-line-13063-77697b6b85db37cf,77697b6b85db37cf013cb32374c516459680556f65819e2a88f0cb5ffba3b2a8,open_qa,bdd27f4d94b9c1f951818a7da7fd7aeea5dbff1a,2df9083338b4abd6bceb5635764dab5d833b393b55759dffb0959b6fcbf794ec,CC-BY-SA-3.0,human-dedup-cluster-e7502810f924ff7c0e536361,human_test_only
human-HC-8eef333af22eb27a5f90b0e6,HC-8eef333af22eb27a5f90b0e6,explain_weather_pattern,126,863,8eef333af22eb27a5f90b0e66390a929696e6a9e0b059bade007d558765570db,e11e4de8bf1069e648b8f4eb478a67e5b727a3b05ba64c6e2536a538164e9541,jsonl-line-00799-4fbf98f867dd521d,4fbf98f867dd521d35c75a4c16c8317d67aeff90af38751b9f054f6e61547856,general_qa,bdd27f4d94b9c1f951818a7da7fd7aeea5dbff1a,2df9083338b4abd6bceb5635764dab5d833b393b55759dffb0959b6fcbf794ec,CC-BY-SA-3.0,human-dedup-cluster-6ea263521fcde0ba31b0aed0,human_test_only
human-HC-8f172d6073d738a9532e7772,HC-8f172d6073d738a9532e7772,procedure_home_task,173,990,8f172d6073d738a9532e77729aaf0e283b43155a96ce482279eedf9c7ad48f6c,c81c11dee6002ca2dc676964c641a6e54482a8439784b999000ee195af74d913,jsonl-line-12407-62bdfbe676062b27,62bdfbe676062b273ea6e8ddc7266514beba4221708aef8eaf9644d216b23da6,general_qa,bdd27f4d94b9c1f951818a7da7fd7aeea5dbff1a,2df9083338b4abd6bceb5635764dab5d833b393b55759dffb0959b6fcbf794ec,CC-BY-SA-3.0,human-dedup-cluster-2638e4cf16c5042ce3e9dce5,human_test_only
human-HC-90dd6a72f603d983cdcae033,HC-90dd6a72f603d983cdcae033,explain_weather_pattern,149,914,90dd6a72f603d983cdcae0339c54f753069226a5fce68ca97beb797b11df40e3,4e796151ed22541eebf97b33071f579795e953311db2b030b880708239032516,jsonl-line-06191-90b408a5431776ba,90b408a5431776baca042274ba12ff697a75264252a600e69a4ce3214cf13d72,general_qa,bdd27f4d94b9c1f951818a7da7fd7aeea5dbff1a,2df9083338b4abd6bceb5635764dab5d833b393b55759dffb0959b6fcbf794ec,CC-BY-SA-3.0,human-dedup-cluster-81e3142b0d3df8613f89b618,human_test_only
human-HC-92f0bf0fd77aa5d8c8d9fae4,HC-92f0bf0fd77aa5d8c8d9fae4,explain_weather_pattern,155,896,92f0bf0fd77aa5d8c8d9fae47b406202f901fea7545a1efcb81ac98c5d433da5,1e85561f9fb6e9e48b093db51def02628c628667cb7bd085d6cc4adfa4b8771b,jsonl-line-09155-1aa4af4695fd08ba,1aa4af4695fd08ba420b814cb1f92f3c317c97222f634c3a3d554e4fb81d633b,general_qa,bdd27f4d94b9c1f951818a7da7fd7aeea5dbff1a,2df9083338b4abd6bceb5635764dab5d833b393b55759dffb0959b6fcbf794ec,CC-BY-SA-3.0,human-dedup-cluster-686e0774992e3876c3e622c7,human_test_only
human-HC-93b5ddfdd07fd4a96ddbbc15,HC-93b5ddfdd07fd4a96ddbbc15,forum_practical_answer,126,696,93b5ddfdd07fd4a96ddbbc15e569cfc9b6caca06d11c30a1b7d1b7ecdbc9057a,a5508116ed7c0699b217dd4f4b336fc17804d21ed3ac7247db6635351dd867f5,jsonl-line-13710-ad40f6aba29a2838,ad40f6aba29a28380c5e10349bd1c17c726da29335d78ccf059ae4366d5b101b,open_qa,bdd27f4d94b9c1f951818a7da7fd7aeea5dbff1a,2df9083338b4abd6bceb5635764dab5d833b393b55759dffb0959b6fcbf794ec,CC-BY-SA-3.0,human-dedup-cluster-13072377da5b6a6efcd34741,human_test_only
human-HC-93bc6daaad25b7b8f4046d5d,HC-93bc6daaad25b7b8f4046d5d,forum_learning_answer,56,351,93bc6daaad25b7b8f4046d5d928542fb0ac4b2f59cdf86363922e6692059c335,1ec05b7db69acf595d2d231d23271da651c90f0514ffe02be35cb30d0a2d31d7,jsonl-line-07807-3a179300fdc2550b,3a179300fdc2550b0398eb7ae8cdfdcc5be7b8dbe2bb094e351c719ed8fcc3ad,open_qa,bdd27f4d94b9c1f951818a7da7fd7aeea5dbff1a,2df9083338b4abd6bceb5635764dab5d833b393b55759dffb0959b6fcbf794ec,CC-BY-SA-3.0,human-dedup-cluster-8602147ca574fc2a43637edf,human_test_only
human-HC-93d0809e61003b0504cf230d,HC-93d0809e61003b0504cf230d,explain_weather_pattern,182,1020,93d0809e61003b0504cf230def9ddd92f6ecdccb0416b66d417f46be8f351efa,a7aca2b2255b7744824c87099ff3362c545f0edf49a578d3a7d31b84233208e2,jsonl-line-02713-8631c8804e633c47,8631c8804e633c47afd83d4fe30c8b18a15cb5a003384b6a8b950901c5a9a630,open_qa,bdd27f4d94b9c1f951818a7da7fd7aeea5dbff1a,2df9083338b4abd6bceb5635764dab5d833b393b55759dffb0959b6fcbf794ec,CC-BY-SA-3.0,human-dedup-cluster-513150ce5ce65602875317ee,human_test_only
human-HC-93dfd78cc58743cd891230e3,HC-93dfd78cc58743cd891230e3,explain_weather_pattern,164,845,93dfd78cc58743cd891230e308508f05c5df9f8342e9382c14750cda72424ae5,55d9aa4e004431bb58655bdbcca7d82493b7e33bf392b3c78f9a83c5d3142d51,jsonl-line-11908-f91155dea269f50c,f91155dea269f50c77c81dcbc6b904dde436dc557ebf3000f20c498cb3f8d2d6,general_qa,bdd27f4d94b9c1f951818a7da7fd7aeea5dbff1a,2df9083338b4abd6bceb5635764dab5d833b393b55759dffb0959b6fcbf794ec,CC-BY-SA-3.0,human-dedup-cluster-093b2b82ce38bb1f8aff5268,human_test_only
human-HC-94c3c1278df1112200aad8bc,HC-94c3c1278df1112200aad8bc,explain_weather_pattern,63,370,94c3c1278df1112200aad8bcb948a9efb18d77eb2574e261cf8a9fa895c9b3e9,e369e8202be2080fb69a5b8311975d4ee677c818a08eb83a21c2691033c4ea04,jsonl-line-10906-5f388c13432d136b,5f388c13432d136b5bb6ed8092ee93aadf1be555f3a3b4f0648b68b3ee8b2574,open_qa,bdd27f4d94b9c1f951818a7da7fd7aeea5dbff1a,2df9083338b4abd6bceb5635764dab5d833b393b55759dffb0959b6fcbf794ec,CC-BY-SA-3.0,human-dedup-cluster-bc9980164db1dfa7f780aa18,human_test_only
human-HC-9526e880faa8d73953595cf9,HC-9526e880faa8d73953595cf9,procedure_garden_task,94,574,9526e880faa8d73953595cf98a507dda36cc5c5d64cdaacdda77300b83cda64a,a0cf163ca613dd2baf025d3dada468a0dc05157bc72ab61ce5f6c84df8fb08bb,jsonl-line-03307-96e61c90e0abb864,96e61c90e0abb864b61bee064de0a8db9dd34ee08d1d0c81de668a546768d8bf,general_qa,bdd27f4d94b9c1f951818a7da7fd7aeea5dbff1a,2df9083338b4abd6bceb5635764dab5d833b393b55759dffb0959b6fcbf794ec,CC-BY-SA-3.0,human-dedup-cluster-520dc49df1e5ce7634f4ae90,human_test_only
human-HC-95cbd8522b4705418bbbc728,HC-95cbd8522b4705418bbbc728,forum_practical_answer,273,1661,95cbd8522b4705418bbbc7288de87683fffcb324135c73c2d62fcd53a8f218c3,0d9be4fdd4cbafa8948e7a45dfa7785053db72f50bfb5edce3a11a7631929cfa,jsonl-line-00578-edc161e474656d52,edc161e474656d52c9c22d1dfdfa8f7277b790504ea20990df814bfaebd8b103,creative_writing,bdd27f4d94b9c1f951818a7da7fd7aeea5dbff1a,2df9083338b4abd6bceb5635764dab5d833b393b55759dffb0959b6fcbf794ec,CC-BY-SA-3.0,human-dedup-cluster-920bf5e1c2bd3b1e71eb78e3,human_test_only
human-HC-9712b41cd9340509f9e5588b,HC-9712b41cd9340509f9e5588b,forum_practical_answer,272,1389,9712b41cd9340509f9e5588bd6df4ab6679a7f639f2ca42ebebf846eab49903e,37c4c0d6836f8a0eab2ae5ab0666f40a7af0639cf146a11bcf442b217f4cb6e4,jsonl-line-00114-7304eaa08767aef1,7304eaa08767aef1192ff771a88c76b6168ae96b5a4c89a4895387f606fc80c6,general_qa,bdd27f4d94b9c1f951818a7da7fd7aeea5dbff1a,2df9083338b4abd6bceb5635764dab5d833b393b55759dffb0959b6fcbf794ec,CC-BY-SA-3.0,human-dedup-cluster-a1df0f0827dd6c0ea6cf7178,human_test_only
human-HC-979bd77624991d745683745b,HC-979bd77624991d745683745b,explain_biological_process,159,1066,979bd77624991d745683745bfddcc1630564c2243ca7dc7bf7df33257cb52374,690123e8eebeca2f497156a6f2c7b6374c312b1d84cc9c55fb6ebb3d8658f1a8,jsonl-line-01680-48a512346202a77e,48a512346202a77e63fa03655f681b7d4cfed30a76b07081c8bd5d539f84a4d0,open_qa,bdd27f4d94b9c1f951818a7da7fd7aeea5dbff1a,2df9083338b4abd6bceb5635764dab5d833b393b55759dffb0959b6fcbf794ec,CC-BY-SA-3.0,human-dedup-cluster-ce76705324925098c3931b13,human_test_only
human-HC-98d1a6e03817a1cd08448e92,HC-98d1a6e03817a1cd08448e92,forum_learning_answer,56,319,98d1a6e03817a1cd08448e920aa091271e80f2ec40dadcfb3c68cbec1f396627,c0ad83c380eb8adc275c8afdec131f5ad57d2aec9a25785c647b673607d2580f,jsonl-line-07416-6aa837687cc16827,6aa837687cc168273689081e32ac5b14d71db1a944d1ffd444e7a57e895c1740,general_qa,bdd27f4d94b9c1f951818a7da7fd7aeea5dbff1a,2df9083338b4abd6bceb5635764dab5d833b393b55759dffb0959b6fcbf794ec,CC-BY-SA-3.0,human-dedup-cluster-2899132427e7f3ed1bfbbdea,human_test_only
human-HC-98e611bd7b70ff63f0505aa3,HC-98e611bd7b70ff63f0505aa3,explain_biological_process,76,509,98e611bd7b70ff63f0505aa34e072d43a5cdbd786af03e5194030d3f32a4f520,3e2ea7c6985c1be8093007667af655dd1703df2e05335ff538314aceb0d78809,jsonl-line-06621-9595adf1cbbfb8b8,9595adf1cbbfb8b8d2e88c14e6e3fc973e91eb546a25414e29cb092e52a7209a,general_qa,bdd27f4d94b9c1f951818a7da7fd7aeea5dbff1a,2df9083338b4abd6bceb5635764dab5d833b393b55759dffb0959b6fcbf794ec,CC-BY-SA-3.0,human-dedup-cluster-39951adedcf920e71002b6c3,human_test_only
human-HC-998cd9b3c3eca61d4ce41599,HC-998cd9b3c3eca61d4ce41599,explain_weather_pattern,142,809,998cd9b3c3eca61d4ce41599bec973822ec3ba2d898be9553bd94713fba05554,0e21f01ff2498b8b8833b0f34864bd50f284cf5d88fcccb8079076744e315f25,jsonl-line-09865-7f51393a747ae33e,7f51393a747ae33e652febd6d6e260a865af8535e2f695979b576694581fdff4,general_qa,bdd27f4d94b9c1f951818a7da7fd7aeea5dbff1a,2df9083338b4abd6bceb5635764dab5d833b393b55759dffb0959b6fcbf794ec,CC-BY-SA-3.0,human-dedup-cluster-5edf26766a30a023decfd4bb,human_test_only
human-HC-9af444355af9ab8c2ece8f55,HC-9af444355af9ab8c2ece8f55,forum_purchase_advice,104,516,9af444355af9ab8c2ece8f5590a5923fb81a4bbe26473d232cf5e69698d7befb,294e29a949d7b14d221a3b2a0792af07c2f7729cb0f7226faf363e618ec0edde,jsonl-line-12132-27b6961ce0691906,27b6961ce0691906187f67c72d10bf170a2b79d1e19eaa7ab5bfd70780a1b8b1,general_qa,bdd27f4d94b9c1f951818a7da7fd7aeea5dbff1a,2df9083338b4abd6bceb5635764dab5d833b393b55759dffb0959b6fcbf794ec,CC-BY-SA-3.0,human-dedup-cluster-5646dcfd631c55faea961ff8,human_test_only
human-HC-9c23d686343460eefe07cc66,HC-9c23d686343460eefe07cc66,forum_practical_answer,175,967,9c23d686343460eefe07cc66fd94ef9370afb699047ea144b07c7c6e5902c044,0e10fa808caa1db7abddac884f2d21509ae2cfd2091a305a40cb4b1e3557ca54,jsonl-line-08956-cf1582284ac4ea39,cf1582284ac4ea390581b9242812d1bcdfeacd05a8dcec9997ba4099437eba6d,general_qa,bdd27f4d94b9c1f951818a7da7fd7aeea5dbff1a,2df9083338b4abd6bceb5635764dab5d833b393b55759dffb0959b6fcbf794ec,CC-BY-SA-3.0,human-dedup-cluster-1f0a1c0f0c116d1f93e3e907,human_test_only
human-HC-9c5df260bfb684be7dc9a523,HC-9c5df260bfb684be7dc9a523,forum_learning_answer,59,378,9c5df260bfb684be7dc9a52338d144af9ecb3f95c0d63afd683af9a0325df63c,349358ab144d236e78f15d68dd7225bf58378cd7f6490022f13915a486d02e29,jsonl-line-02592-aa1db5c18c340557,aa1db5c18c3405570e8cdee969b4c4ed7336d887cd996061266450a85c547a0f,general_qa,bdd27f4d94b9c1f951818a7da7fd7aeea5dbff1a,2df9083338b4abd6bceb5635764dab5d833b393b55759dffb0959b6fcbf794ec,CC-BY-SA-3.0,human-dedup-cluster-12bee4f0cefb6e9fb63585fa,human_test_only
human-HC-9cc48c8e93c220d038436167,HC-9cc48c8e93c220d038436167,procedure_home_task,246,1265,9cc48c8e93c220d038436167389793b4163eba93d6b8ecf68de80ab3be682c65,4fdb9cd8e7b30ce1abceff7402f959cf68153d8a99dd9aac2e0f7078bbc945b8,jsonl-line-11083-e95c482620d99609,e95c482620d99609695de8f9a1b701dec3e7b12acc0c4390da8fa6b2cb541a96,open_qa,bdd27f4d94b9c1f951818a7da7fd7aeea5dbff1a,2df9083338b4abd6bceb5635764dab5d833b393b55759dffb0959b6fcbf794ec,CC-BY-SA-3.0,human-dedup-cluster-e0da017b994943524ec8aea1,human_test_only
human-HC-9d48b50b5e8a0c9a9818ecd7,HC-9d48b50b5e8a0c9a9818ecd7,forum_learning_answer,111,667,9d48b50b5e8a0c9a9818ecd71ca8488547a3cf0a93ec341afeabe6328f4c674d,7b313e31b0786003d7ababe3449b42eb2c0c3de742801291a6b8c86ad7ac862c,jsonl-line-13752-e249df7d0915a8d8,e249df7d0915a8d82465501555157490ed4ab32134e3a419260f47804c998531,general_qa,bdd27f4d94b9c1f951818a7da7fd7aeea5dbff1a,2df9083338b4abd6bceb5635764dab5d833b393b55759dffb0959b6fcbf794ec,CC-BY-SA-3.0,human-dedup-cluster-feff7d0339f30f33384d82ba,human_test_only
human-HC-9d866e9209cb66244807980e,HC-9d866e9209cb66244807980e,explain_biological_process,250,1602,9d866e9209cb66244807980eb7fd365774c05a6caadbc50668935f9cdc940d0f,b689932be419a64da93b987326eae8a42a825db99bfe42380d93b93dfdd6217c,jsonl-line-14325-56b36dec747de17a,56b36dec747de17a59eddd82870018395389a72cf0a46ab0962b7cd32edba542,open_qa,bdd27f4d94b9c1f951818a7da7fd7aeea5dbff1a,2df9083338b4abd6bceb5635764dab5d833b393b55759dffb0959b6fcbf794ec,CC-BY-SA-3.0,human-dedup-cluster-c63b65b4a892b52107d27b06,human_test_only
human-HC-9f02ef81c76294623831b3b8,HC-9f02ef81c76294623831b3b8,explain_biological_process,250,1755,9f02ef81c76294623831b3b86eac4c8409d3aa8bce5b65b8c08be7e93a0daa84,cf7ea8a8fbe7a60eb7be00b1b206b1587ede37e63003f007487348733b6df856,jsonl-line-14719-b7be926280af61b3,b7be926280af61b37d7e2c42d48447a8e062b7328a2b5af4d2f0183519f7d39b,open_qa,bdd27f4d94b9c1f951818a7da7fd7aeea5dbff1a,2df9083338b4abd6bceb5635764dab5d833b393b55759dffb0959b6fcbf794ec,CC-BY-SA-3.0,human-dedup-cluster-8ebf83609af199c0d5d297f7,human_test_only
human-HC-a1ac201957f8413d27ca8ebf,HC-a1ac201957f8413d27ca8ebf,forum_practical_answer,158,901,a1ac201957f8413d27ca8ebfa68cc501f947d5bc27262dc80e9fe82f3e34930b,40363a4e68d4e4611b38192e1c9c423404bb6a8906563e96693c8523a8f7ba23,jsonl-line-02968-ffddb1d8133bed9b,ffddb1d8133bed9b590ec17d4cdfe0e54899fa948e17b7b42d40b0c9b5addf44,general_qa,bdd27f4d94b9c1f951818a7da7fd7aeea5dbff1a,2df9083338b4abd6bceb5635764dab5d833b393b55759dffb0959b6fcbf794ec,CC-BY-SA-3.0,human-dedup-cluster-895b1111e1c9811b527dfda7,human_test_only
human-HC-a1ac5e2a01ffb6908ea38c20,HC-a1ac5e2a01ffb6908ea38c20,forum_practical_answer,283,1568,a1ac5e2a01ffb6908ea38c204682b233c5f9cf24e48fa0b60f382b5df404aca4,6689a45f800f3eeef7d76540bda8ac562d8fb44839fecbaf2a0b73640aca80bc,jsonl-line-14430-345dd09072a6fa2f,345dd09072a6fa2f2bf0fa013f11375b5cfb2b68ce1cc68edc4094be3fd06ae0,creative_writing,bdd27f4d94b9c1f951818a7da7fd7aeea5dbff1a,2df9083338b4abd6bceb5635764dab5d833b393b55759dffb0959b6fcbf794ec,CC-BY-SA-3.0,human-dedup-cluster-3fe93979d95b7380cbd0eff2,human_test_only
human-HC-a1efb061370afdaecbea8cb5,HC-a1efb061370afdaecbea8cb5,narrative_local_walk,257,1252,a1efb061370afdaecbea8cb5c762d910c7d0245b65e4d18bbecbc2bf120bb1ec,8c827cf72838da435b3bc9b7f06662516353c33bbef2e4e63175aee92e6aea0a,jsonl-line-09520-ff2912e7c4b3dfe9,ff2912e7c4b3dfe9876fd2bf54932a117fb678c20f53b820ab74278b44e7f3a4,creative_writing,bdd27f4d94b9c1f951818a7da7fd7aeea5dbff1a,2df9083338b4abd6bceb5635764dab5d833b393b55759dffb0959b6fcbf794ec,CC-BY-SA-3.0,human-dedup-cluster-3cbdcaa2cae9c5c8a8d8054c,human_test_only
human-HC-a4ce6bb5165ecaca7d3e20e7,HC-a4ce6bb5165ecaca7d3e20e7,forum_purchase_advice,149,892,a4ce6bb5165ecaca7d3e20e713a2aa8bb16d5aa40e87fc5c08602c53ec4cb72e,b8a28fae14ceacbe70e1f32f2cc7128b64c8b0e7674a476bb3f3e9fd73380179,jsonl-line-06555-13c54000b1137b32,13c54000b1137b32f397a71dce682bf5a16b4e54b5d49526ea53ae86b0c906d6,creative_writing,bdd27f4d94b9c1f951818a7da7fd7aeea5dbff1a,2df9083338b4abd6bceb5635764dab5d833b393b55759dffb0959b6fcbf794ec,CC-BY-SA-3.0,human-dedup-cluster-f99004fc256e22c207f0bfa2,human_test_only
human-HC-a5b5973fcb8bd561557b8874,HC-a5b5973fcb8bd561557b8874,professional_process_email,127,759,a5b5973fcb8bd561557b88749840c15849e484ba2f9c336aa55614c9006086d2,d9a09cf426c51614178050b26fb34f2d37790b4dc9d1ab0ed8fc6514430d36d9,jsonl-line-09221-bb578446055509da,bb578446055509da76240ab007f4e0c8cbfbfac50917f29de6230303bc357461,general_qa,bdd27f4d94b9c1f951818a7da7fd7aeea5dbff1a,2df9083338b4abd6bceb5635764dab5d833b393b55759dffb0959b6fcbf794ec,CC-BY-SA-3.0,human-dedup-cluster-68938334e86ba936c286f7ee,human_test_only
human-HC-a5d5d3a3ada8838821bba5b7,HC-a5d5d3a3ada8838821bba5b7,procedure_home_task,129,666,a5d5d3a3ada8838821bba5b7233b779828964fe217711effaf9ff207a9ec0a63,3232cb3a84ca7bd771fc79eec711315ff77911d6b38f106fcd01e2b3022eef22,jsonl-line-06866-09488898f5290341,09488898f52903419172b1a7c6db87f307cbfea3d9adebd179965d4b426bbf9c,general_qa,bdd27f4d94b9c1f951818a7da7fd7aeea5dbff1a,2df9083338b4abd6bceb5635764dab5d833b393b55759dffb0959b6fcbf794ec,CC-BY-SA-3.0,human-dedup-cluster-1cd04dc82fdc8833ee33e56d,human_test_only
human-HC-a734be0d5bcd46731353e001,HC-a734be0d5bcd46731353e001,forum_practical_answer,150,997,a734be0d5bcd46731353e0010ad71828ae59091e0126b7bb5ce16cd998a5c55d,2fdb56f1ebeba064cab6301bbb71d7fceeebd977cc56aff5fd0c94b73565f22e,jsonl-line-03471-87812c2243c0d52f,87812c2243c0d52f05dcc87119344bc85c1e7813a75eaad4242c45c552ccc37b,general_qa,bdd27f4d94b9c1f951818a7da7fd7aeea5dbff1a,2df9083338b4abd6bceb5635764dab5d833b393b55759dffb0959b6fcbf794ec,CC-BY-SA-3.0,human-dedup-cluster-664c2b3d56986433d59835de,human_test_only
human-HC-a78ecdffe78334fa65adca80,HC-a78ecdffe78334fa65adca80,forum_learning_answer,128,733,a78ecdffe78334fa65adca80b6e440bac6aa2ed18e974035359d899f70e41778,e142a091b5ba71691133b8646e18ffc7a7ae9262281a91412cd8cafce2795b29,jsonl-line-05226-243e50968525726b,243e50968525726bf6e4563a48306ed1f33b89cc14ec73973485f5556103a433,general_qa,bdd27f4d94b9c1f951818a7da7fd7aeea5dbff1a,2df9083338b4abd6bceb5635764dab5d833b393b55759dffb0959b6fcbf794ec,CC-BY-SA-3.0,human-dedup-cluster-8ab85dd5b0840afcd0bdeb5f,human_test_only
human-HC-a9ae85f4b14a1dcfcdfc77bc,HC-a9ae85f4b14a1dcfcdfc77bc,forum_practical_answer,121,759,a9ae85f4b14a1dcfcdfc77bcee5723d0dcf019cfe644d8ec577457117f3ff26e,186579db223e70489254149e314b58c414fab3c96b655e8790298b459365c5d8,jsonl-line-06222-a53979fb03e3c253,a53979fb03e3c253679cbf48de6b539f30fe5bcd439a17aea106c82e3eb5e82d,open_qa,bdd27f4d94b9c1f951818a7da7fd7aeea5dbff1a,2df9083338b4abd6bceb5635764dab5d833b393b55759dffb0959b6fcbf794ec,CC-BY-SA-3.0,human-dedup-cluster-d0f43033bafa6053b11ccc56,human_test_only
human-HC-a9d93f6e4037442c87bf73c6,HC-a9d93f6e4037442c87bf73c6,explain_weather_pattern,87,502,a9d93f6e4037442c87bf73c6e45721a97d6bea8665f741acbe95a7280b08cd9e,fc447f154d173fe87c516488c42abc1400af267286871e962392b7052d407508,jsonl-line-06458-4cf601359569a21a,4cf601359569a21a0a7fb1d8ff23007b35e2f16c80207414bc8b578e089f0a22,general_qa,bdd27f4d94b9c1f951818a7da7fd7aeea5dbff1a,2df9083338b4abd6bceb5635764dab5d833b393b55759dffb0959b6fcbf794ec,CC-BY-SA-3.0,human-dedup-cluster-e9d00b06bd8da9e87792b92b,human_test_only
human-HC-ad2816645077001509aee7c3,HC-ad2816645077001509aee7c3,explain_biological_process,192,1320,ad2816645077001509aee7c3ca3943ee905379fef0c54016349a59d7d822fda8,f8c91422746b55a3356c2dd78658446201562c12266d36f1bb7f2220b605d6b0,jsonl-line-14803-9eeab3ffbb755d98,9eeab3ffbb755d98a763a15f71a396bfa01a2b9db2c8c996f5e8595ec36a3fbc,open_qa,bdd27f4d94b9c1f951818a7da7fd7aeea5dbff1a,2df9083338b4abd6bceb5635764dab5d833b393b55759dffb0959b6fcbf794ec,CC-BY-SA-3.0,human-dedup-cluster-d924e95e92c3e6468d8df6c6,human_test_only
human-HC-ad9c13055b90b012c72e4d22,HC-ad9c13055b90b012c72e4d22,forum_learning_answer,58,355,ad9c13055b90b012c72e4d22fe14d667dfab522e3330486bb4cf5f3a00fb5bf6,bbc28eecaee9c6f5e590a02e466ba533d7217a32f7fff8ff52370f6808a74265,jsonl-line-00607-c68eacef103ddbb3,c68eacef103ddbb36042e36cb089167acd5a003acd114e869935f702fa0995e0,general_qa,bdd27f4d94b9c1f951818a7da7fd7aeea5dbff1a,2df9083338b4abd6bceb5635764dab5d833b393b55759dffb0959b6fcbf794ec,CC-BY-SA-3.0,human-dedup-cluster-183a1f4d24f1eec4efd1e78d,human_test_only
human-HC-ad9f5825c73bf4ec7b3bd89e,HC-ad9f5825c73bf4ec7b3bd89e,explain_weather_pattern,92,504,ad9f5825c73bf4ec7b3bd89e4c6c3a44edf95ecf9e19ec5f78f42069eb41ba94,9415f8730839452ae145f014b6aa3201f965b774f2599711d59efd0b080c9c10,jsonl-line-04543-09932d3eb166b8f3,09932d3eb166b8f36cba1f6f9fc2e27a9fee9e79d364240ba625152d4e7c5cb5,open_qa,bdd27f4d94b9c1f951818a7da7fd7aeea5dbff1a,2df9083338b4abd6bceb5635764dab5d833b393b55759dffb0959b6fcbf794ec,CC-BY-SA-3.0,human-dedup-cluster-58b6004cf5ad1b856a32f123,human_test_only
human-HC-ae36de5c6f9ec943393dc6b6,HC-ae36de5c6f9ec943393dc6b6,forum_purchase_advice,235,1435,ae36de5c6f9ec943393dc6b634f9eb662ae38c53bb4f9808483b75803f794db9,cf727ef93b84973fcdbb9711a268abc146e4d6c754a36043c0360b3d8e884de3,jsonl-line-01863-7f10183458836eb7,7f10183458836eb74d0014609a54981e961fef5df389a280126701f352fa4f8f,creative_writing,bdd27f4d94b9c1f951818a7da7fd7aeea5dbff1a,2df9083338b4abd6bceb5635764dab5d833b393b55759dffb0959b6fcbf794ec,CC-BY-SA-3.0,human-dedup-cluster-c7912aaa21fd800b13c739e5,human_test_only
human-HC-b07394c93fc41ae1cf015500,HC-b07394c93fc41ae1cf015500,forum_learning_answer,212,1208,b07394c93fc41ae1cf0155001ede356f1573d12ea707cd9ef408ad141e7ae9ef,ac4aa799b43590c6aa20ebdb45e2a94022e03666e8e932bcd25c968d9acc9f16,jsonl-line-02552-07ac72b16687ae4e,07ac72b16687ae4eecf7ff01b29ee7895884af3a3cf8213a4c3bd99e6287cc91,general_qa,bdd27f4d94b9c1f951818a7da7fd7aeea5dbff1a,2df9083338b4abd6bceb5635764dab5d833b393b55759dffb0959b6fcbf794ec,CC-BY-SA-3.0,human-dedup-cluster-3775e3ed070fd03172f239bd,human_test_only
human-HC-b0b64da48710ce92352aa911,HC-b0b64da48710ce92352aa911,forum_learning_answer,244,1403,b0b64da48710ce92352aa911fda1c24acac7be14d84e710ce381d7e743058f17,230b43f9138f153c1ad473f616d136bf925e78b524a114ceb7d6c06ff33fd25d,jsonl-line-08169-541e6586078c116b,541e6586078c116ba88b80abe40154609b86a3cf38ef2504f925d3454e7ccc39,general_qa,bdd27f4d94b9c1f951818a7da7fd7aeea5dbff1a,2df9083338b4abd6bceb5635764dab5d833b393b55759dffb0959b6fcbf794ec,CC-BY-SA-3.0,human-dedup-cluster-b44fc301be518e9ced4313c5,human_test_only
human-HC-b0b82a60eb9a251e5ee65e31,HC-b0b82a60eb9a251e5ee65e31,forum_practical_answer,168,1120,b0b82a60eb9a251e5ee65e31ba4f8e51386b9afab38c8fed527b94079d535dad,b907b1852cd71e2f88a4dcfae8ffd548dcdbdfa795bbb238e6bac793eee0434a,jsonl-line-04284-3dd90fc772f77bbc,3dd90fc772f77bbc65e1816c87bee2a2b00bcfa95704bd52e5fe38f65dba382e,general_qa,bdd27f4d94b9c1f951818a7da7fd7aeea5dbff1a,2df9083338b4abd6bceb5635764dab5d833b393b55759dffb0959b6fcbf794ec,CC-BY-SA-3.0,human-dedup-cluster-a4ba763444e68b173d40a97c,human_test_only
human-HC-b0ba6e02c4b1c7698b300f09,HC-b0ba6e02c4b1c7698b300f09,explain_weather_pattern,108,602,b0ba6e02c4b1c7698b300f0917aa98620c4c3595bb78477e4461c89c6afa78b5,cb05d1a1d62f12d81aac1c1a5872e203dbab6c134cd4597189ec97b8cdb5e460,jsonl-line-12804-8d9906158af03baa,8d9906158af03baa0e00cdffca5c014f32599218bf8304c78485a0f6b9dd2e8a,general_qa,bdd27f4d94b9c1f951818a7da7fd7aeea5dbff1a,2df9083338b4abd6bceb5635764dab5d833b393b55759dffb0959b6fcbf794ec,CC-BY-SA-3.0,human-dedup-cluster-305adce5a31cfb1724517613,human_test_only
human-HC-b1049ac6e25601fb53574ac7,HC-b1049ac6e25601fb53574ac7,forum_practical_answer,110,580,b1049ac6e25601fb53574ac71923a179e4e57890a2e1d7db81e6578accb80fa9,df3a794e172cc64941fb16db7132c46351d8f1d185b0a462356dd83783cda56d,jsonl-line-04414-36c620868faf964f,36c620868faf964f1fb91d1683ca1715c89fde167ab4bbe2586544d80bbce5d0,general_qa,bdd27f4d94b9c1f951818a7da7fd7aeea5dbff1a,2df9083338b4abd6bceb5635764dab5d833b393b55759dffb0959b6fcbf794ec,CC-BY-SA-3.0,human-dedup-cluster-a763e13d9f973dec947c8bd6,human_test_only
human-HC-b1911643669c92aed58df2ee,HC-b1911643669c92aed58df2ee,forum_purchase_advice,98,599,b1911643669c92aed58df2eeeb700c793e65fcada58a9120f8153be9705f9bda,91ccc683837c52779109444f74800f83cb5c17119f70aef596e80dc519f8ac58,jsonl-line-04174-814fbfb3434758e3,814fbfb3434758e3aebd34f2f1bd48a5477967c3c517d1634c092a1d7045c9cd,general_qa,bdd27f4d94b9c1f951818a7da7fd7aeea5dbff1a,2df9083338b4abd6bceb5635764dab5d833b393b55759dffb0959b6fcbf794ec,CC-BY-SA-3.0,human-dedup-cluster-9fbd45b0bd0828f98cde8c11,human_test_only
human-HC-b27074a8787c7f28c8b11419,HC-b27074a8787c7f28c8b11419,forum_purchase_advice,96,571,b27074a8787c7f28c8b1141907f861c3d08b1da0557efb17ccaa3fb21b3eab43,a5842cacae79b0a69d8ffd294961879c0bc6d7b19911f4998939b8045206e3e3,jsonl-line-01515-3e59c560d86083ee,3e59c560d86083eeb4eedc6442bbf4d7b026a5d517f352b480276a0f0121f621,general_qa,bdd27f4d94b9c1f951818a7da7fd7aeea5dbff1a,2df9083338b4abd6bceb5635764dab5d833b393b55759dffb0959b6fcbf794ec,CC-BY-SA-3.0,human-dedup-cluster-4bc8d553d6de8c682e77226e,human_test_only
human-HC-b2f8aa36cff800fcd1801d9c,HC-b2f8aa36cff800fcd1801d9c,explain_weather_pattern,45,291,b2f8aa36cff800fcd1801d9c4f5b609a9f73096fa2fa56b62d24ce746b370006,6e399efb4e5e459db54024c03d98173df55ffb75d05fa3b5563b3ecbb7b509d7,jsonl-line-03224-f1a5ad081c85e501,f1a5ad081c85e5018ccbb6af7675c3f28904341f7270f72c03a96cead6f55e36,general_qa,bdd27f4d94b9c1f951818a7da7fd7aeea5dbff1a,2df9083338b4abd6bceb5635764dab5d833b393b55759dffb0959b6fcbf794ec,CC-BY-SA-3.0,human-dedup-cluster-b0923a016681edf227d8a84c,human_test_only
human-HC-b5252f9273e6dc3606070f14,HC-b5252f9273e6dc3606070f14,forum_purchase_advice,228,1329,b5252f9273e6dc3606070f14adafe0b927d3cf7f5a227f3a0772a0783a760e22,627ab49a9148dbd1500f9bea39f72e4030056ea29627962e86ac983b31a2c082,jsonl-line-06636-a8bc4f358352f11a,a8bc4f358352f11afa0240b1e08061ad54a321bb9b37856e0e7caadb402a2c3d,general_qa,bdd27f4d94b9c1f951818a7da7fd7aeea5dbff1a,2df9083338b4abd6bceb5635764dab5d833b393b55759dffb0959b6fcbf794ec,CC-BY-SA-3.0,human-dedup-cluster-1f07f634f8a569c4bf63b72c,human_test_only
human-HC-b5492cc7510b3ee9e4a9de4c,HC-b5492cc7510b3ee9e4a9de4c,forum_learning_answer,57,328,b5492cc7510b3ee9e4a9de4c970405584d44fc5c1c6e2c107d00e1769cf5506a,575fb61046f462f3a88bcda13571eda4e7fd7f32863a865c1f8afe3f3be2dcd2,jsonl-line-00976-f24e168daed8ab86,f24e168daed8ab865ed2f779753513dd9aa291b50f878e7bd0c56e1d093f0285,general_qa,bdd27f4d94b9c1f951818a7da7fd7aeea5dbff1a,2df9083338b4abd6bceb5635764dab5d833b393b55759dffb0959b6fcbf794ec,CC-BY-SA-3.0,human-dedup-cluster-1de747115b2ffa6e241d12c9,human_test_only
human-HC-b598188727787081a1fe2d21,HC-b598188727787081a1fe2d21,forum_learning_answer,132,803,b598188727787081a1fe2d21406ff056336fabc6fe2190c4fdee1bc35de22305,cd6dab804d2788d7cdeb379d908f993e25e90c593015aea038aa13b9e030af55,jsonl-line-10602-80fb0a5cb495c151,80fb0a5cb495c1514bdc188dfcddc614497cfff34d7e39b1ff9424adb463111f,general_qa,bdd27f4d94b9c1f951818a7da7fd7aeea5dbff1a,2df9083338b4abd6bceb5635764dab5d833b393b55759dffb0959b6fcbf794ec,CC-BY-SA-3.0,human-dedup-cluster-520dce88fa67c096a375fd9c,human_test_only
human-HC-b5de57e5d6f6a8824b274cad,HC-b5de57e5d6f6a8824b274cad,procedure_simple_meal,99,505,b5de57e5d6f6a8824b274cad0fb2f462560ec42c8539e7038c6704d33e0a900c,6af2c8a630037f150293ff1faf3dd2963b1dee617a160a8faae332e63fd3eb16,jsonl-line-00393-c37ae09bc06ff142,c37ae09bc06ff142776a655b210190529042932312843c7f676eff790e6d8986,general_qa,bdd27f4d94b9c1f951818a7da7fd7aeea5dbff1a,2df9083338b4abd6bceb5635764dab5d833b393b55759dffb0959b6fcbf794ec,CC-BY-SA-3.0,human-dedup-cluster-b9231a3acf579f8385b7c994,human_test_only
human-HC-be1566c6b7799b672cb2a622,HC-be1566c6b7799b672cb2a622,forum_practical_answer,146,838,be1566c6b7799b672cb2a622de958108e7b137124cdbf93bae875ccbe7a5a4a8,0e9236cc4ca2f31136cdbaec239b06ab39ad87b0c4e873779d495e1b0df5a32b,jsonl-line-10030-1d16202255703b5e,1d16202255703b5e44d4c732b6d2843ff82e87fc6fb5cc1e6a08e76140b06d3e,general_qa,bdd27f4d94b9c1f951818a7da7fd7aeea5dbff1a,2df9083338b4abd6bceb5635764dab5d833b393b55759dffb0959b6fcbf794ec,CC-BY-SA-3.0,human-dedup-cluster-ab72aca5967e5d0f1c3cb882,human_test_only
human-HC-be42b6cbe91ae9712e5e50a0,HC-be42b6cbe91ae9712e5e50a0,procedure_home_task,136,890,be42b6cbe91ae9712e5e50a060cab61b250a269fe887527e609547c3da14e135,3cf34694455079d8b3dc0fa55448efda24712e057b59a3e8403b83f32347ae10,jsonl-line-11926-61dab7fa7beb49b3,61dab7fa7beb49b37f1571d63745709f7534037ff12bfb6fa46f49069a796bad,open_qa,bdd27f4d94b9c1f951818a7da7fd7aeea5dbff1a,2df9083338b4abd6bceb5635764dab5d833b393b55759dffb0959b6fcbf794ec,CC-BY-SA-3.0,human-dedup-cluster-337bdd8917332b546920cf8c,human_test_only
human-HC-be742a3110f92e40af4995ac,HC-be742a3110f92e40af4995ac,explain_biological_process,77,423,be742a3110f92e40af4995acdf89c9b13199c037d5c537a2f9d09a5b3f97eb07,c15eeed4e1c136c5d1a776bf3e4c9a726522163d70a65bad21f00a943e639989,jsonl-line-03087-095ddec2be11a5de,095ddec2be11a5de9c1be84a680844403fe3263ce12247d60de1ce276fe089a6,open_qa,bdd27f4d94b9c1f951818a7da7fd7aeea5dbff1a,2df9083338b4abd6bceb5635764dab5d833b393b55759dffb0959b6fcbf794ec,CC-BY-SA-3.0,human-dedup-cluster-ac36ed51345aaf8e0a946a91,human_test_only
human-HC-bff5416c897c398420edd326,HC-bff5416c897c398420edd326,procedure_simple_meal,134,700,bff5416c897c398420edd326859b0c4f329dbdfae0f2464a5291007aaabdd556,57283114308847c83006c9cce39f183204eca8f92885d22178f574ad4b2dee19,jsonl-line-05900-293e34695d502597,293e34695d5025972ec462747d5e9afa652da5c6d86ca014ae9c5cc0f403be4b,open_qa,bdd27f4d94b9c1f951818a7da7fd7aeea5dbff1a,2df9083338b4abd6bceb5635764dab5d833b393b55759dffb0959b6fcbf794ec,CC-BY-SA-3.0,human-dedup-cluster-d2a41a196d3500d7f8ce9fdb,human_test_only
human-HC-c130085f102d2ab7c5a5ff15,HC-c130085f102d2ab7c5a5ff15,explain_biological_process,61,366,c130085f102d2ab7c5a5ff158705ef80a0b8fe640d861981a26e6daa7d169414,f65f1aa46a38ed074470db98006736642f2725b79b9549c934505a2bc5b6e5a7,jsonl-line-04343-3dd1ebb2d1f791d5,3dd1ebb2d1f791d50b8036ab28ddc913290ce72c6a5eba93d7a64c6bea491c1e,general_qa,bdd27f4d94b9c1f951818a7da7fd7aeea5dbff1a,2df9083338b4abd6bceb5635764dab5d833b393b55759dffb0959b6fcbf794ec,CC-BY-SA-3.0,human-dedup-cluster-4621b6b735c8a8c32c94243b,human_test_only
human-HC-c1a95f8c0b0b74ca17cc9db8,HC-c1a95f8c0b0b74ca17cc9db8,forum_learning_answer,81,461,c1a95f8c0b0b74ca17cc9db891c2e19101d073e7cad4de213a03097ea9707d3d,c00eb4be1edea2d9e2453add0847257decd786a616b3f7afa2446a444da8acdb,jsonl-line-00441-94027a7a845f92b7,94027a7a845f92b7c027a35983052410ea6fad19b0ad497e5284552953fe1f24,general_qa,bdd27f4d94b9c1f951818a7da7fd7aeea5dbff1a,2df9083338b4abd6bceb5635764dab5d833b393b55759dffb0959b6fcbf794ec,CC-BY-SA-3.0,human-dedup-cluster-94b561f1278e308b74aa0122,human_test_only
human-HC-c3ba11bc5616706cdde933c8,HC-c3ba11bc5616706cdde933c8,explain_weather_pattern,111,628,c3ba11bc5616706cdde933c8c92ed522a110913163b515e1e97bda436a950022,f42f4fc38a803d4df656b54c1c3e5ab4648fb7cba7f0d9d1fb74f1c2eb7e18f3,jsonl-line-08949-399e8060678e39d8,399e8060678e39d8c56727776668225edbdccc66e3b4ca2346483c36de44a236,open_qa,bdd27f4d94b9c1f951818a7da7fd7aeea5dbff1a,2df9083338b4abd6bceb5635764dab5d833b393b55759dffb0959b6fcbf794ec,CC-BY-SA-3.0,human-dedup-cluster-1817c719fe7dbca1226393a3,human_test_only
human-HC-c4ab8641fadcb9525eb0c510,HC-c4ab8641fadcb9525eb0c510,forum_learning_answer,98,540,c4ab8641fadcb9525eb0c510a69c27e73dc195368449069515f3b6796e2c8256,bdb33faac2a0d78ff95299451ee3f2737138652a0390bb730c77aba4b2ed7859,jsonl-line-12288-e72e357e3474629a,e72e357e3474629a5ab6f2b3be764cbb46320ea9ee43203363367c947ddfc5c7,open_qa,bdd27f4d94b9c1f951818a7da7fd7aeea5dbff1a,2df9083338b4abd6bceb5635764dab5d833b393b55759dffb0959b6fcbf794ec,CC-BY-SA-3.0,human-dedup-cluster-d50b5a0f8a87af16d69c7d3f,human_test_only
human-HC-c518ebdc6b009b9f4863df1f,HC-c518ebdc6b009b9f4863df1f,explain_weather_pattern,164,948,c518ebdc6b009b9f4863df1f8cd9291c1cc1de63f41376913d3d8786ae588860,22a4fcdbbf795189aba8a65c3957ec65fc6c09fe1b39faa66612bd5469f8c0bf,jsonl-line-10274-28d4e3626bb3a2a2,28d4e3626bb3a2a213dd79eb593903af997d5610998570f85febfe8d4fb5e8eb,general_qa,bdd27f4d94b9c1f951818a7da7fd7aeea5dbff1a,2df9083338b4abd6bceb5635764dab5d833b393b55759dffb0959b6fcbf794ec,CC-BY-SA-3.0,human-dedup-cluster-fa93f852ccf8898aa4bd5db5,human_test_only
human-HC-c8b8c913d37f1c6397fabc5d,HC-c8b8c913d37f1c6397fabc5d,forum_learning_answer,123,729,c8b8c913d37f1c6397fabc5dd11202be9feceff025d9f361750bd39da18c717b,7175db7dda7c9f4b88c8c8890ba88e7c00758ae8e6d511e32d387f489d4dce36,jsonl-line-03556-49e67b39e65dfa62,49e67b39e65dfa62a976074b2277294ffdb5844c15d622652495092502281c4e,general_qa,bdd27f4d94b9c1f951818a7da7fd7aeea5dbff1a,2df9083338b4abd6bceb5635764dab5d833b393b55759dffb0959b6fcbf794ec,CC-BY-SA-3.0,human-dedup-cluster-a191e563b5084f36b985a4c8,human_test_only
human-HC-c920d2776df9caa27cbf03fb,HC-c920d2776df9caa27cbf03fb,explain_weather_pattern,103,601,c920d2776df9caa27cbf03fbe23f34f4de267a4621cd239cd0ceb5cb050a3c41,c68c4a736d1b4e4693233427a70db486bb92c6fb1348b58da05c715f778036de,jsonl-line-02644-e2cc063714f2fe1b,e2cc063714f2fe1b3558be321a81c19ecc8f8b86ffd50b737e22c233cc8a53fb,general_qa,bdd27f4d94b9c1f951818a7da7fd7aeea5dbff1a,2df9083338b4abd6bceb5635764dab5d833b393b55759dffb0959b6fcbf794ec,CC-BY-SA-3.0,human-dedup-cluster-f4fae41e7a4129d97141c5e8,human_test_only
human-HC-c992c3d0ca0b03de95214a91,HC-c992c3d0ca0b03de95214a91,explain_weather_pattern,56,307,c992c3d0ca0b03de95214a91c74646fbc4b5ac085a06bcb80ceaec52811ea4bc,3feb6f82d1d54e2308e5e0961b72a28e67f0d2ecf5057556ded5ce06a80ba0b6,jsonl-line-10131-b2fb389d984d0bb2,b2fb389d984d0bb2d5dbd9ae2cbc5d7fb6b03786817d5d95c0ca20acbbb44f0e,open_qa,bdd27f4d94b9c1f951818a7da7fd7aeea5dbff1a,2df9083338b4abd6bceb5635764dab5d833b393b55759dffb0959b6fcbf794ec,CC-BY-SA-3.0,human-dedup-cluster-e595951d85b0b6ec3fcde261,human_test_only
human-HC-ca10edd306e7d43530e78dab,HC-ca10edd306e7d43530e78dab,forum_learning_answer,101,579,ca10edd306e7d43530e78dab90d43fbb8f7a6ba4e9a922b3004516d42df4b091,3ec5d1bf58fe7f988fd7b143dabf99125bea871d14a842005790fc67b4d436f8,jsonl-line-02798-5fe1714a5bf2520b,5fe1714a5bf2520b084e80ae8ef69142223da97d2f68f3512ea54cbab287be72,general_qa,bdd27f4d94b9c1f951818a7da7fd7aeea5dbff1a,2df9083338b4abd6bceb5635764dab5d833b393b55759dffb0959b6fcbf794ec,CC-BY-SA-3.0,human-dedup-cluster-c9a549648e46cbc95136f5be,human_test_only
human-HC-cac89d36789840d6ab33b01b,HC-cac89d36789840d6ab33b01b,procedure_garden_task,260,1421,cac89d36789840d6ab33b01b4105909219aa9f582b813290bda13ee4e739620c,d1b07d7d6ce9830455a3d84cbc7cf1f6dd6bdeb77579cc861f8bd61fa9fe8f93,jsonl-line-00479-22aec94ecafbb776,22aec94ecafbb776e9dbf87a5494d7fe71b8ed337c513bfc89276d880218604d,general_qa,bdd27f4d94b9c1f951818a7da7fd7aeea5dbff1a,2df9083338b4abd6bceb5635764dab5d833b393b55759dffb0959b6fcbf794ec,CC-BY-SA-3.0,human-dedup-cluster-3231fd64ecafcc2430776dc4,human_test_only
human-HC-cc34e5d59c1a6086efd6ace7,HC-cc34e5d59c1a6086efd6ace7,explain_biological_process,37,237,cc34e5d59c1a6086efd6ace7e7802fd44be1e98d0c498ccf761d59e49298eb03,a18df16389f7a4a6d5a310f2017f91dd472551c33db3feeeba8ca8376692e38f,jsonl-line-14957-504a2e7bda99b929,504a2e7bda99b92982189248064fc267adf269e2b038d9c11b25ccfb26ddb12a,general_qa,bdd27f4d94b9c1f951818a7da7fd7aeea5dbff1a,2df9083338b4abd6bceb5635764dab5d833b393b55759dffb0959b6fcbf794ec,CC-BY-SA-3.0,human-dedup-cluster-41f337566ed70815b773d740,human_test_only
human-HC-ce62fda77f9fc52c551afa13,HC-ce62fda77f9fc52c551afa13,forum_practical_answer,135,795,ce62fda77f9fc52c551afa1325e3a67ec9c6e61951ab3a2e3cef302715fa739e,2dc30bbe4f1db674585a9da1217790df98c19d3f23f9a68c2ba1f85e92e9a765,jsonl-line-02702-2dd2efd76bfb7e3a,2dd2efd76bfb7e3a7458c5c9d8bcb5132ff7f9f181ab7b86bb8492f3a9506cc9,general_qa,bdd27f4d94b9c1f951818a7da7fd7aeea5dbff1a,2df9083338b4abd6bceb5635764dab5d833b393b55759dffb0959b6fcbf794ec,CC-BY-SA-3.0,human-dedup-cluster-c39fdd63134b5ed54c8e8f7c,human_test_only
human-HC-cebaefc8356baab43116866e,HC-cebaefc8356baab43116866e,forum_practical_answer,160,803,cebaefc8356baab43116866e436d985a6251753639414f539f7f5f77492547d9,933b7e7b884a398982f6c0e8a1d504b95e0b2549fcf2010d1feb6b306e674e9f,jsonl-line-01552-2405c99941b141b8,2405c99941b141b8f875080cf5b40b2e81ad1986b124be06e1adb36f878316e6,creative_writing,bdd27f4d94b9c1f951818a7da7fd7aeea5dbff1a,2df9083338b4abd6bceb5635764dab5d833b393b55759dffb0959b6fcbf794ec,CC-BY-SA-3.0,human-dedup-cluster-98545f4e2490aec24db2e468,human_test_only
human-HC-cf284a37b6046fe9605e0c07,HC-cf284a37b6046fe9605e0c07,explain_biological_process,79,480,cf284a37b6046fe9605e0c0783f48cae23cc8c0ea1f8017c252b61853fe07496,fe24c7ad0b4baab9b6e10c13efce2cee4f6993e5e44c92ea2f5e62aed6cc21aa,jsonl-line-13925-343a2501c67191c5,343a2501c67191c55ef6282469cf32a5215fb83c2ba7bf27c78bdb3fd03402b9,general_qa,bdd27f4d94b9c1f951818a7da7fd7aeea5dbff1a,2df9083338b4abd6bceb5635764dab5d833b393b55759dffb0959b6fcbf794ec,CC-BY-SA-3.0,human-dedup-cluster-d34c933f8b6cd87766c96cd9,human_test_only
human-HC-cf28e0763d5194fa51b59216,HC-cf28e0763d5194fa51b59216,explain_weather_pattern,83,456,cf28e0763d5194fa51b5921606c8839551df0ec8992624507cb989cc58022e11,14c474918ed23ef453b63aa8804ffe89dbc70f54569b1d9379f4b9fd850cc514,jsonl-line-09035-b343aadd42482f3b,b343aadd42482f3bf8fea9cf4f90158dadc4fe938835c49679f9f551155d20eb,creative_writing,bdd27f4d94b9c1f951818a7da7fd7aeea5dbff1a,2df9083338b4abd6bceb5635764dab5d833b393b55759dffb0959b6fcbf794ec,CC-BY-SA-3.0,human-dedup-cluster-54c1e2214670ff47dbc49f39,human_test_only
human-HC-cfed85d64e40f50d4d004612,HC-cfed85d64e40f50d4d004612,explain_weather_pattern,44,263,cfed85d64e40f50d4d004612ed3ade4c331e03721ef08abfe70cfb0e6aacbbfb,f399f48ac14dc57b01da36047100ae3f7dda208d2b6b3279bd6c05749bdfe596,jsonl-line-02353-749dcbba62e0111a,749dcbba62e0111ae79bc031e6747d0f5c6153f22d4759d1a2411125e61ca9fc,general_qa,bdd27f4d94b9c1f951818a7da7fd7aeea5dbff1a,2df9083338b4abd6bceb5635764dab5d833b393b55759dffb0959b6fcbf794ec,CC-BY-SA-3.0,human-dedup-cluster-5ca8808bee2a3bb1c52f6730,human_test_only
human-HC-d03a31f03af249e8fc406729,HC-d03a31f03af249e8fc406729,explain_weather_pattern,145,769,d03a31f03af249e8fc4067295bc79076d0da909ed0c502867c55b97f9553d1e1,07fa343a541d5bf8f100c4bc7bba20443fe5c2a0dae06069727457388b958221,jsonl-line-11915-0bb7d3f203a1e778,0bb7d3f203a1e77837eeb88cd58b8b9678ca94dff80d7758dfe136717295196b,creative_writing,bdd27f4d94b9c1f951818a7da7fd7aeea5dbff1a,2df9083338b4abd6bceb5635764dab5d833b393b55759dffb0959b6fcbf794ec,CC-BY-SA-3.0,human-dedup-cluster-1179c0c43230e3fbca26605e,human_test_only
human-HC-d0f8d2ec0ae0de4931ca51b1,HC-d0f8d2ec0ae0de4931ca51b1,explain_biological_process,167,1072,d0f8d2ec0ae0de4931ca51b14c4258a7a9bcd0110238267fd174def073724cc4,4dd5d93d7a2e7c39cb00f1fc30e9bb3fb28e0dca019312b58029dd68931f3257,jsonl-line-08187-261067efa66016b0,261067efa66016b040941e65792e9adbfc66df33d5284bd80d1dd1791c9bc95f,open_qa,bdd27f4d94b9c1f951818a7da7fd7aeea5dbff1a,2df9083338b4abd6bceb5635764dab5d833b393b55759dffb0959b6fcbf794ec,CC-BY-SA-3.0,human-dedup-cluster-b820bd11943eb04195b115a1,human_test_only
human-HC-d14cfc7669c305837dee75a5,HC-d14cfc7669c305837dee75a5,forum_learning_answer,55,323,d14cfc7669c305837dee75a5fb3980dd98a858c709ddf48a9d16ff73f8b5d890,bffa2f54f5cb8348eeacbe705a4cd962e3f8adc1eea2720dc18928ae24d4b0df,jsonl-line-05120-f7f923ef0b136485,f7f923ef0b1364857a0d0d31f1624c88c867b7d7e0bf5b404c6286dfcfe85382,open_qa,bdd27f4d94b9c1f951818a7da7fd7aeea5dbff1a,2df9083338b4abd6bceb5635764dab5d833b393b55759dffb0959b6fcbf794ec,CC-BY-SA-3.0,human-dedup-cluster-543629a06236c80b3b824570,human_test_only
human-HC-d300929b480e633605fd8a8d,HC-d300929b480e633605fd8a8d,forum_learning_answer,73,498,d300929b480e633605fd8a8d0944af6d3b65727e4c1906963c8df6db3e00545d,2fadc50d5c2b12ffdbed1d1cfd1b8eb840ef0650037f38da7f312a2fffef3190,jsonl-line-03928-7bdd20a34579ed35,7bdd20a34579ed35300e38d87dcae7f4e74e2ac607688591b7f27378a3811cc6,open_qa,bdd27f4d94b9c1f951818a7da7fd7aeea5dbff1a,2df9083338b4abd6bceb5635764dab5d833b393b55759dffb0959b6fcbf794ec,CC-BY-SA-3.0,human-dedup-cluster-9e815f3e0276b57659047736,human_test_only
human-HC-d322c982048bf39479b10d94,HC-d322c982048bf39479b10d94,forum_learning_answer,60,372,d322c982048bf39479b10d940538952785469792c843daf85d402022dd958909,dd7c2df73129e650ef8733ad60cfa1cb2c8e5073a24242308f621cf7153a4401,jsonl-line-10092-6dc470da8e8aa3c0,6dc470da8e8aa3c08dc4aa8fb887484677c84a00acf2ee5094f486dbc469c827,general_qa,bdd27f4d94b9c1f951818a7da7fd7aeea5dbff1a,2df9083338b4abd6bceb5635764dab5d833b393b55759dffb0959b6fcbf794ec,CC-BY-SA-3.0,human-dedup-cluster-e21581ecf702d228349c4314,human_test_only
human-HC-d467c6d38c99da64294605da,HC-d467c6d38c99da64294605da,forum_learning_answer,154,906,d467c6d38c99da64294605da7eb0f2084d4192591272ab722250008ff5043834,25fb22d929e9bd4794d1634e6c4257b8f0f2c4da4abe4abbc0625ce96e645a2a,jsonl-line-09593-0a15d4f25f8b461d,0a15d4f25f8b461dbf6a9f8dd4802f914911f947c723da466af93102ba4a9f6b,general_qa,bdd27f4d94b9c1f951818a7da7fd7aeea5dbff1a,2df9083338b4abd6bceb5635764dab5d833b393b55759dffb0959b6fcbf794ec,CC-BY-SA-3.0,human-dedup-cluster-1729587e68c81cbd4f82f18f,human_test_only
human-HC-d4c5a5f11b8319dbc1b672ae,HC-d4c5a5f11b8319dbc1b672ae,forum_practical_answer,114,690,d4c5a5f11b8319dbc1b672aee1a86e7ba158236a78a87042102199eefdd92a81,a239ef4b626948865f6967650411894efcdcee831d3135b5ddc20126e1d27199,jsonl-line-14114-6d328dbc43284c91,6d328dbc43284c919a8ec65ecd4c56516a362c568222f39b9640b923f0ef6fc7,general_qa,bdd27f4d94b9c1f951818a7da7fd7aeea5dbff1a,2df9083338b4abd6bceb5635764dab5d833b393b55759dffb0959b6fcbf794ec,CC-BY-SA-3.0,human-dedup-cluster-19f9320f8ce0a9c1cd0ebc21,human_test_only
human-HC-d53e38318f9bfd54cddbd825,HC-d53e38318f9bfd54cddbd825,explain_biological_process,270,1563,d53e38318f9bfd54cddbd825875b0aea97eb2038179be459aab60f6071a6339a,bbb0a96e345913f6109319e930a228706f45c060f2236ea12e2d92bae986a3db,jsonl-line-14194-00482d430ce60a66,00482d430ce60a66550099938acea9becf68b1beee7654cf7d43f6fc71d1977d,open_qa,bdd27f4d94b9c1f951818a7da7fd7aeea5dbff1a,2df9083338b4abd6bceb5635764dab5d833b393b55759dffb0959b6fcbf794ec,CC-BY-SA-3.0,human-dedup-cluster-a928cdb96d0b32b6f8c166c5,human_test_only
human-HC-d729e73e118c226644d69ae4,HC-d729e73e118c226644d69ae4,explain_weather_pattern,39,248,d729e73e118c226644d69ae4d1027b9b9d7e987eec1b8f6b6dec6a972a5d6e0e,5758e7d7b32a59f486b40e20fce104dc15a35339e400b4b6e57161be0290913b,jsonl-line-06138-9dae87ab37df628d,9dae87ab37df628d8a1130ac9b3ffbbfbb4ecc99207dd040593f533ef7b0bd63,general_qa,bdd27f4d94b9c1f951818a7da7fd7aeea5dbff1a,2df9083338b4abd6bceb5635764dab5d833b393b55759dffb0959b6fcbf794ec,CC-BY-SA-3.0,human-dedup-cluster-14382c347ecbe7075847560a,human_test_only
human-HC-d8db361e591c41f9f265b558,HC-d8db361e591c41f9f265b558,forum_learning_answer,55,324,d8db361e591c41f9f265b55806242d3832091dd14c1917b21ba5ae21b1f44bea,d96e325bdb091a2b6a5400f0d000c8d110e1eb394c3e65f4bdd12e2247b231c8,jsonl-line-14984-1fd7a979af474b77,1fd7a979af474b7772bf87cbc245643fc79cd713c9590f86522e7947691aee2f,creative_writing,bdd27f4d94b9c1f951818a7da7fd7aeea5dbff1a,2df9083338b4abd6bceb5635764dab5d833b393b55759dffb0959b6fcbf794ec,CC-BY-SA-3.0,human-dedup-cluster-c4500baac7e49fccc1168991,human_test_only
human-HC-d99cd958bc487ac57b1cfb2b,HC-d99cd958bc487ac57b1cfb2b,explain_weather_pattern,148,859,d99cd958bc487ac57b1cfb2b823d86ec4eae56a6004dcb2aefe3d6dada03fbba,3ebdc97849efd9830eec8b477af28d715a1bd29c99ec4d156782c07130ff3dcf,jsonl-line-03687-fee9400a8c95411c,fee9400a8c95411c89d4d1589a4cc9f2a5646f3ccaa608234694355d41bb6920,general_qa,bdd27f4d94b9c1f951818a7da7fd7aeea5dbff1a,2df9083338b4abd6bceb5635764dab5d833b393b55759dffb0959b6fcbf794ec,CC-BY-SA-3.0,human-dedup-cluster-415a877e68363bb01c28fc75,human_test_only
human-HC-db466892d10a4317f0d67fb0,HC-db466892d10a4317f0d67fb0,forum_purchase_advice,153,933,db466892d10a4317f0d67fb04b49b5c380cf5cf58a1ce875e8ca398f1335629a,40e6f9a033c2abc81dca5470d8a2e26bd93ecbd259b14055e399d995f83d7f0c,jsonl-line-11222-7c293173a42d88c3,7c293173a42d88c3b0cdaab32fa5d08dcf4416fad7c0d5fd9d3da76d3d2c89db,general_qa,bdd27f4d94b9c1f951818a7da7fd7aeea5dbff1a,2df9083338b4abd6bceb5635764dab5d833b393b55759dffb0959b6fcbf794ec,CC-BY-SA-3.0,human-dedup-cluster-a95b224ff1074f5aee95d1f2,human_test_only
human-HC-db635164d3bb40325183d486,HC-db635164d3bb40325183d486,explain_weather_pattern,136,854,db635164d3bb40325183d4869abef2baba3fb12c25e9f9786f171f2a8daf2cd3,60980fe0e282622ba6f815cc0379db9afcf71788360a641b6c0b732178ab97c9,jsonl-line-04016-702d8ffa804a8720,702d8ffa804a87205034476be91a1f9f0613e3e00ad1a0d4bf355288e39d3af3,open_qa,bdd27f4d94b9c1f951818a7da7fd7aeea5dbff1a,2df9083338b4abd6bceb5635764dab5d833b393b55759dffb0959b6fcbf794ec,CC-BY-SA-3.0,human-dedup-cluster-5c88bc4b8f7513836a5c1a35,human_test_only
human-HC-dba0f68706868af509e6f310,HC-dba0f68706868af509e6f310,forum_practical_answer,258,1445,dba0f68706868af509e6f31093e28977fa8c0dac4bdef1469ac60bdcdd116508,302dba4ad7a8dcc7eec951dc712662d06d1bea8a83378a0743cc73b63527d13e,jsonl-line-02768-d062dd24b8167dbe,d062dd24b8167dbef32fa0e1e375bfd768198e139cd2d5ff1c3cd1aab643c6b7,open_qa,bdd27f4d94b9c1f951818a7da7fd7aeea5dbff1a,2df9083338b4abd6bceb5635764dab5d833b393b55759dffb0959b6fcbf794ec,CC-BY-SA-3.0,human-dedup-cluster-c8c5e38a2703dfad80db8a62,human_test_only
human-HC-e027c7a52a8bb22a0abb857a,HC-e027c7a52a8bb22a0abb857a,explain_biological_process,69,401,e027c7a52a8bb22a0abb857ad1e40aad73b1994ff3e4d2cd4107eed40f659421,42fc9f7b90127278523e8a7704b2b703c15ba89ccdc2c6cb287ef756f484b2d2,jsonl-line-03949-f3bbf3cc37e8cbce,f3bbf3cc37e8cbce55b3305bb7bb7a9f8b8bc164206cd9ea1fe84315a208b1dd,general_qa,bdd27f4d94b9c1f951818a7da7fd7aeea5dbff1a,2df9083338b4abd6bceb5635764dab5d833b393b55759dffb0959b6fcbf794ec,CC-BY-SA-3.0,human-dedup-cluster-a658ddbafa45a2062914d53b,human_test_only
human-HC-e0bf2fc6da125cf584a5f764,HC-e0bf2fc6da125cf584a5f764,explain_weather_pattern,51,338,e0bf2fc6da125cf584a5f76403898645f3615991939e0e44731467d5c92a1681,013f4b3b22311c42eab9e84792c53e5fb2a174015da2d5d8280a66ac29a6c4eb,jsonl-line-00484-1b8eb367cc02c533,1b8eb367cc02c5334a7b0072e8dd0dd318e4384c332138c3ddcd728cdba03283,general_qa,bdd27f4d94b9c1f951818a7da7fd7aeea5dbff1a,2df9083338b4abd6bceb5635764dab5d833b393b55759dffb0959b6fcbf794ec,CC-BY-SA-3.0,human-dedup-cluster-192f835128a064da9cdb2513,human_test_only
human-HC-e109dda6338a3f6b0deab1e6,HC-e109dda6338a3f6b0deab1e6,forum_purchase_advice,110,629,e109dda6338a3f6b0deab1e636ba7e3dd045cd8a052f3f8aac9274a353931b05,64f9f4cfab8abfe195534d3842674f066fa4388572d9c470cef8a8152647ecf6,jsonl-line-05848-0a553090790a04af,0a553090790a04af9f2e10d55c415472e8e3c4b30105c775f077eb9248d1c3e8,general_qa,bdd27f4d94b9c1f951818a7da7fd7aeea5dbff1a,2df9083338b4abd6bceb5635764dab5d833b393b55759dffb0959b6fcbf794ec,CC-BY-SA-3.0,human-dedup-cluster-f7216900643fd02c0bd74ff3,human_test_only
human-HC-e148e9da1f8af5c1a53f7eba,HC-e148e9da1f8af5c1a53f7eba,forum_learning_answer,253,1606,e148e9da1f8af5c1a53f7eba0f19cb9e1d74b55f3e8f333d713e1876253f68de,12f77eb4a0aa83db5bef8a60489a5883718e71ca516e7126b653ba0aef32e181,jsonl-line-08647-396bf0517b62289b,396bf0517b62289b7faf7662ca41bd3c04b8c6e3ce55ae4c23ca020d92e22d57,open_qa,bdd27f4d94b9c1f951818a7da7fd7aeea5dbff1a,2df9083338b4abd6bceb5635764dab5d833b393b55759dffb0959b6fcbf794ec,CC-BY-SA-3.0,human-dedup-cluster-026cdf04d7a63486ee47143f,human_test_only
human-HC-e2cdd12b5fb847120dc7b0f8,HC-e2cdd12b5fb847120dc7b0f8,explain_weather_pattern,78,461,e2cdd12b5fb847120dc7b0f80f10135b2ed0aae74a7160735436e0da5e6b3abd,30510cbe854692d47b140de4ffca296a1caf41ae0785326627d00643619e8565,jsonl-line-01209-49ba8f9bcb267189,49ba8f9bcb267189bd54b9ce5893b369549839dbedccafcf3759477fb669d7c1,general_qa,bdd27f4d94b9c1f951818a7da7fd7aeea5dbff1a,2df9083338b4abd6bceb5635764dab5d833b393b55759dffb0959b6fcbf794ec,CC-BY-SA-3.0,human-dedup-cluster-dc45c6916740d3fe44c23f53,human_test_only
human-HC-e30e4ab09d9e9d11966f906b,HC-e30e4ab09d9e9d11966f906b,forum_learning_answer,60,379,e30e4ab09d9e9d11966f906ba615bc7434d29d9544660d8545a563e4f332d449,42540ae9227385238c3534eee7459f82c4f1a767ca4a93f6db886e6b31434102,jsonl-line-10358-c43c607464623473,c43c607464623473dcf7d5897c32e5451e8b59e3c1a15c731f632f696b2a5b7a,general_qa,bdd27f4d94b9c1f951818a7da7fd7aeea5dbff1a,2df9083338b4abd6bceb5635764dab5d833b393b55759dffb0959b6fcbf794ec,CC-BY-SA-3.0,human-dedup-cluster-5023559327a023cd9524a5ba,human_test_only
human-HC-e3fb9eea3d6070f0e868aadc,HC-e3fb9eea3d6070f0e868aadc,forum_learning_answer,113,681,e3fb9eea3d6070f0e868aadc95c2462a443da00290c38fa3ad35999eb78b7745,5605a1da57daec2f004ce7fa5847fe4ae68185afac20ed836fcb66d2d92edbbb,jsonl-line-12634-4ede37be13d9b224,4ede37be13d9b22428a1222336ef2be1810c5929cc139cd37a65cd6a26e18b08,general_qa,bdd27f4d94b9c1f951818a7da7fd7aeea5dbff1a,2df9083338b4abd6bceb5635764dab5d833b393b55759dffb0959b6fcbf794ec,CC-BY-SA-3.0,human-dedup-cluster-622ee4254075ec2f4ab9f232,human_test_only
human-HC-e7a2237ffb1911899f463c16,HC-e7a2237ffb1911899f463c16,procedure_simple_meal,203,1110,e7a2237ffb1911899f463c16b2983490891dbc4e4fb3abfddac85fd6ad3bec10,f6629529219f9bfc431ae0a1871a700a39d28e679c2c42a5e9cdbedd7aba29c1,jsonl-line-04785-007bdf82bc1594ff,007bdf82bc1594ff3bef3be265e57379d601284ab2f9b3c9baf46556ab38426d,general_qa,bdd27f4d94b9c1f951818a7da7fd7aeea5dbff1a,2df9083338b4abd6bceb5635764dab5d833b393b55759dffb0959b6fcbf794ec,CC-BY-SA-3.0,human-dedup-cluster-a7a7ebd48551d2d40fd64cec,human_test_only
human-HC-e7c96673d8cff0e766803b38,HC-e7c96673d8cff0e766803b38,explain_weather_pattern,105,555,e7c96673d8cff0e766803b3893361dd669cc7f2c1a36843110f7e038efd73f67,15ed4f93fc3d202d97c7321d54d6c53fa1a7d8ac5940fb3748d3945f95bf1b74,jsonl-line-05319-e535b77178985310,e535b77178985310d49e09899d4e97a641eb38cf568888e228f2e3a6ca24ef4f,open_qa,bdd27f4d94b9c1f951818a7da7fd7aeea5dbff1a,2df9083338b4abd6bceb5635764dab5d833b393b55759dffb0959b6fcbf794ec,CC-BY-SA-3.0,human-dedup-cluster-4ebd0f68a2f3323506d7c83b,human_test_only
human-HC-e85a2101502961e0e874d722,HC-e85a2101502961e0e874d722,forum_purchase_advice,99,511,e85a2101502961e0e874d7223fbf58ed0189274feed03ebb2cde7b6ebec39ff3,7e145368e0cf8c26b2aaecccd51d68228078d587e9c4f76f725e380c7ca38496,jsonl-line-12840-452c93288437a610,452c93288437a610e19d8210943bebb9ac952bd7e4b75f24f23a802145de2d21,creative_writing,bdd27f4d94b9c1f951818a7da7fd7aeea5dbff1a,2df9083338b4abd6bceb5635764dab5d833b393b55759dffb0959b6fcbf794ec,CC-BY-SA-3.0,human-dedup-cluster-fe8ecfe1f78ac217172ea6fd,human_test_only
human-HC-e9acb6396e6a0e0277781f0d,HC-e9acb6396e6a0e0277781f0d,procedure_simple_meal,173,949,e9acb6396e6a0e0277781f0d216d29b995b75b43f88febc6f01a3b2edc69d073,2ba458fdae617b99d106f0ccbe1b83d4bb80436450879a8b7f1cc32ffa4d87e4,jsonl-line-01779-48565f430e6dffab,48565f430e6dffab86e3ce2a44abb424523f999444b8dc589e75ab6c859fdd9a,open_qa,bdd27f4d94b9c1f951818a7da7fd7aeea5dbff1a,2df9083338b4abd6bceb5635764dab5d833b393b55759dffb0959b6fcbf794ec,CC-BY-SA-3.0,human-dedup-cluster-c49316888b4538503b6abd29,human_test_only
human-HC-e9c2499a0d31ac5f920ed2a6,HC-e9c2499a0d31ac5f920ed2a6,explain_weather_pattern,72,446,e9c2499a0d31ac5f920ed2a602ec1d85a2f1f106bc87cb3daa6685cc40630383,e3985bd675340849a02560799cabd72e442d85a7d6f1dc9d91b84b4f211f4070,jsonl-line-08553-1472ae21d4e8aad9,1472ae21d4e8aad92f2510ec02946c8ce8e8c426c53006275c272e3a7768ced9,open_qa,bdd27f4d94b9c1f951818a7da7fd7aeea5dbff1a,2df9083338b4abd6bceb5635764dab5d833b393b55759dffb0959b6fcbf794ec,CC-BY-SA-3.0,human-dedup-cluster-5ca11d915bc9cc2d677720f9,human_test_only
human-HC-e9ff8bf59666b29f6ca0084b,HC-e9ff8bf59666b29f6ca0084b,procedure_simple_meal,81,421,e9ff8bf59666b29f6ca0084bc5235605375f32bd8c0956650ab44030af510096,dcafbaea02c22bb7afc125e99cbb2aa7ea35c8a67393842e42486ee5e58332a6,jsonl-line-04304-f5fb050142131745,f5fb050142131745e8ab02139f8130bed0b9205e6ef3e259f5dd162f1565b587,creative_writing,bdd27f4d94b9c1f951818a7da7fd7aeea5dbff1a,2df9083338b4abd6bceb5635764dab5d833b393b55759dffb0959b6fcbf794ec,CC-BY-SA-3.0,human-dedup-cluster-f13d9da786ed68ba47678314,human_test_only
human-HC-ea3cb73bd800986f8c79ce6a,HC-ea3cb73bd800986f8c79ce6a,forum_purchase_advice,134,910,ea3cb73bd800986f8c79ce6ae08c04b67d9fa0d95d41c6b6369ec7c5a035da86,31ff6bd500f2d66cbf3e8ebc8771eebf3c21b68f24bb550c88ed0991034269c2,jsonl-line-05671-762f189bc66122f3,762f189bc66122f33cf246a9178939039b145e4f320c4471db5227b7ba4cdc28,open_qa,bdd27f4d94b9c1f951818a7da7fd7aeea5dbff1a,2df9083338b4abd6bceb5635764dab5d833b393b55759dffb0959b6fcbf794ec,CC-BY-SA-3.0,human-dedup-cluster-e8de8745fe7ed5d22ea74432,human_test_only
human-HC-eba7acae0a98cf473ea04a66,HC-eba7acae0a98cf473ea04a66,forum_learning_answer,109,663,eba7acae0a98cf473ea04a661a44a63dfdbd920c9a1cf1889c4e25d091922b9b,989b8d65dbe8b5846368c16466b7098c62fd67713e51af5072e7d8cca4adf67c,jsonl-line-08388-b54628c37def4354,b54628c37def4354050dd09968624edf97a9860b47a5e812daccd3c91212d147,open_qa,bdd27f4d94b9c1f951818a7da7fd7aeea5dbff1a,2df9083338b4abd6bceb5635764dab5d833b393b55759dffb0959b6fcbf794ec,CC-BY-SA-3.0,human-dedup-cluster-9949e897410c2a6eef293869,human_test_only
human-HC-ee567084759ca035871dfa70,HC-ee567084759ca035871dfa70,forum_learning_answer,136,721,ee567084759ca035871dfa70b8b30ba53c5033d4ffc135bfc08c6c21306d79ed,59518915fcacc216c6d19351f0ea047985a4b87e90e66ebcc27fd41b874673f4,jsonl-line-05284-8798765c4f1ccac4,8798765c4f1ccac497802a0d3c16f4658a7961d6b0b156ea8e0571ced9bc67c3,general_qa,bdd27f4d94b9c1f951818a7da7fd7aeea5dbff1a,2df9083338b4abd6bceb5635764dab5d833b393b55759dffb0959b6fcbf794ec,CC-BY-SA-3.0,human-dedup-cluster-4818aff0b41156121ca5c2df,human_test_only
human-HC-f104b3d0b4b203892a3976b8,HC-f104b3d0b4b203892a3976b8,forum_purchase_advice,130,748,f104b3d0b4b203892a3976b840396d3e407a9881d455e6dd3d054beeea9b9700,dad9956b8c698c037e741b33f50c951dd02b8eaee7dccd020e3bda663f1d2062,jsonl-line-04316-851c280773156deb,851c280773156debf2fe62012cfecb4969c0f92e1020222fafe3492927341847,open_qa,bdd27f4d94b9c1f951818a7da7fd7aeea5dbff1a,2df9083338b4abd6bceb5635764dab5d833b393b55759dffb0959b6fcbf794ec,CC-BY-SA-3.0,human-dedup-cluster-ce8e1a12bf1eea6c87740a10,human_test_only
human-HC-f108ccf720f21a1f9db619a5,HC-f108ccf720f21a1f9db619a5,explain_biological_process,176,1003,f108ccf720f21a1f9db619a5a4b2ade61a34d69805d4ea810768737635c21b2b,b0610a43f7f2be101e8b0b0bf3bd99a4b6d31a92069c5b21a8cbe7926f97a3e3,jsonl-line-07640-29a602f45a7b36ac,29a602f45a7b36ac05416c60e30ae9dc01a4d799469e28c0f9683a73a9d30181,open_qa,bdd27f4d94b9c1f951818a7da7fd7aeea5dbff1a,2df9083338b4abd6bceb5635764dab5d833b393b55759dffb0959b6fcbf794ec,CC-BY-SA-3.0,human-dedup-cluster-009ca8a6d9fd3dfd00524560,human_test_only
human-HC-f212d6b4a3aca8e1cd443ad8,HC-f212d6b4a3aca8e1cd443ad8,forum_learning_answer,126,789,f212d6b4a3aca8e1cd443ad8265702b1aa4a0bfcf58550fa5c836dd1ccf90e08,bd7e30547103bdfbc649779bd4e246ed7ebb0f32bd68501b574e3235c947be22,jsonl-line-03957-8eb6079950e10f04,8eb6079950e10f049b7bfa2aaa9a636bf37d172ce5534f19e5e3bdef79c1dbc7,open_qa,bdd27f4d94b9c1f951818a7da7fd7aeea5dbff1a,2df9083338b4abd6bceb5635764dab5d833b393b55759dffb0959b6fcbf794ec,CC-BY-SA-3.0,human-dedup-cluster-770e087e9b076596a6fa97e9,human_test_only
human-HC-f2801d916805a0ba2e8fbd02,HC-f2801d916805a0ba2e8fbd02,procedure_garden_task,261,1373,f2801d916805a0ba2e8fbd02a7bd649275e0a78369455e4b80a1e7534a6b0356,37209afa49550d1d8fc111e661565514bf9cc1e50cefc89f901d8bb5f5cdd267,jsonl-line-10150-8ccb922ba887025f,8ccb922ba887025fc57c73e05c1d243b31d9242cdf86df4585a036b381138881,general_qa,bdd27f4d94b9c1f951818a7da7fd7aeea5dbff1a,2df9083338b4abd6bceb5635764dab5d833b393b55759dffb0959b6fcbf794ec,CC-BY-SA-3.0,human-dedup-cluster-99e926028a1b0b469ba54793,human_test_only
human-HC-f2b215299da1e854fb051f00,HC-f2b215299da1e854fb051f00,explain_weather_pattern,108,671,f2b215299da1e854fb051f00b463267b7cc9a3a78169ce52b17193b2ee2df109,f2fa1f0c53bb28927ff3f28544beb10a5008eb467bb45eb39a287e52f170eea3,jsonl-line-14555-9e61354abc8ff8db,9e61354abc8ff8db5ceb56adb215d62e3c041fbad8511470e4ed024e0fc2d5ce,general_qa,bdd27f4d94b9c1f951818a7da7fd7aeea5dbff1a,2df9083338b4abd6bceb5635764dab5d833b393b55759dffb0959b6fcbf794ec,CC-BY-SA-3.0,human-dedup-cluster-7df00b8407bf4831979a7d01,human_test_only
human-HC-f39c47bfa38a58e0de35ab51,HC-f39c47bfa38a58e0de35ab51,forum_learning_answer,108,638,f39c47bfa38a58e0de35ab514e6e5abb3f53a800604b9e5bf25a0417b9eeb78b,ef0ccb7405b290b55ed2a90b688c315570b12487fbcdb735a5275b26ec30b2be,jsonl-line-00199-4611042c4fa058cd,4611042c4fa058cdc06bdde855078cff204fd1d11fa73f1cbd595b067eb9a4e7,general_qa,bdd27f4d94b9c1f951818a7da7fd7aeea5dbff1a,2df9083338b4abd6bceb5635764dab5d833b393b55759dffb0959b6fcbf794ec,CC-BY-SA-3.0,human-dedup-cluster-f0b1d27da92d4b5b85338651,human_test_only
human-HC-f3f4174c28e467d9c85d864b,HC-f3f4174c28e467d9c85d864b,forum_purchase_advice,104,653,f3f4174c28e467d9c85d864b3d9803710b607580ecee103dc6bc7de5a83263e9,08b7094595cb421b03b800e60412307a8efabd34633a471e5a44570292a79bff,jsonl-line-13013-48e9f30004871f45,48e9f30004871f45c69c38796e65212432d53bb2c25edd1849d65512aed50c96,general_qa,bdd27f4d94b9c1f951818a7da7fd7aeea5dbff1a,2df9083338b4abd6bceb5635764dab5d833b393b55759dffb0959b6fcbf794ec,CC-BY-SA-3.0,human-dedup-cluster-97ed7fd4352d0666110b4a8e,human_test_only
human-HC-f4bc265d671fedf0c078b083,HC-f4bc265d671fedf0c078b083,explain_biological_process,55,343,f4bc265d671fedf0c078b0832219c9be5391ecc91f279b824e0da131df21fcc8,eccc87bbe38cacb77d03544fa4ff2bf34c20c756b5f0958187345f2a4f950324,jsonl-line-11655-40b860b06f46fb28,40b860b06f46fb28e929fab1cd2c1ee6600b1ea97ed56848e71d39bfdfa0aaf3,general_qa,bdd27f4d94b9c1f951818a7da7fd7aeea5dbff1a,2df9083338b4abd6bceb5635764dab5d833b393b55759dffb0959b6fcbf794ec,CC-BY-SA-3.0,human-dedup-cluster-550286625e68bdd6fc2b0a57,human_test_only
human-HC-f6e7b3493d7770b95cde6c0d,HC-f6e7b3493d7770b95cde6c0d,explain_biological_process,116,836,f6e7b3493d7770b95cde6c0d1fc338fced88548e53d4640637b4a242e79c9c26,f0cae41989f3cd8b84c7cff833a206d3695ca4eb79912eeba46afcfdbab1c526,jsonl-line-07284-3f89a4a6fd4f7be0,3f89a4a6fd4f7be031b754af4b16a5da930f321b59aa96aa41d2f8bc04c054f7,open_qa,bdd27f4d94b9c1f951818a7da7fd7aeea5dbff1a,2df9083338b4abd6bceb5635764dab5d833b393b55759dffb0959b6fcbf794ec,CC-BY-SA-3.0,human-dedup-cluster-fcb5c2f0903ddcbe3a369515,human_test_only
human-HC-fafb722ec080f1c3c0d06211,HC-fafb722ec080f1c3c0d06211,forum_learning_answer,59,411,fafb722ec080f1c3c0d0621168a9a53ba57534db9f7d087e38b18f38e1eda4c6,207a7a750befe3080ce0569f1ba2d46d4175b084eb2c6d8ee35850d04211c5f1,jsonl-line-01085-006ddff81febcb4d,006ddff81febcb4de8291fac9f92a4fed30db5dfabc30c6bd11e910042951fb4,general_qa,bdd27f4d94b9c1f951818a7da7fd7aeea5dbff1a,2df9083338b4abd6bceb5635764dab5d833b393b55759dffb0959b6fcbf794ec,CC-BY-SA-3.0,human-dedup-cluster-3e498e88e8f262d9484dd648,human_test_only
human-HC-fb3031381fcf83193fd8e516,HC-fb3031381fcf83193fd8e516,explain_everyday_system,42,247,fb3031381fcf83193fd8e5164e569a5d8b05b37e4d3649ab464e6742a9c4890c,93496a3f722e7c1e4be9e17ab76393821d5f549e69c8ce4d5c44ac0bd20ad86d,jsonl-line-10365-6b2d4a2b96b4f16a,6b2d4a2b96b4f16a94396ebc2068880bb0b51e382f09114987a8c8315772d3a6,creative_writing,bdd27f4d94b9c1f951818a7da7fd7aeea5dbff1a,2df9083338b4abd6bceb5635764dab5d833b393b55759dffb0959b6fcbf794ec,CC-BY-SA-3.0,human-dedup-cluster-1b9c8e5d5be801a357cdb0df,human_test_only
human-HC-fb3800991467f44c8afcb0ea,HC-fb3800991467f44c8afcb0ea,explain_biological_process,80,502,fb3800991467f44c8afcb0ea9d2f0211a09e96ba44a0989b4b10bb61e2c3689f,bcc6f098f531811028d8cca0a7c465546e43d1eb9a1428f79374c726c386259f,jsonl-line-13094-32524ac2bf9cd574,32524ac2bf9cd57440510b86ee00877acc6ec7b757443f522ea074c3e4ff844d,general_qa,bdd27f4d94b9c1f951818a7da7fd7aeea5dbff1a,2df9083338b4abd6bceb5635764dab5d833b393b55759dffb0959b6fcbf794ec,CC-BY-SA-3.0,human-dedup-cluster-6e76a0a25256f7e4a333a7d0,human_test_only
human-HC-fb51617f6c1357c09b6602c1,HC-fb51617f6c1357c09b6602c1,explain_weather_pattern,62,402,fb51617f6c1357c09b6602c1566901ae5e74ae3ee10fb86fe07489e485bf2b48,fdd85921485100bb932e7151907635edb8ec32c3c9d292b50d788a88c652d2e0,jsonl-line-01771-85a146ea5522a7f0,85a146ea5522a7f024ced67ebd042eef0229da388969bf44f22de4d9ed04cbae,general_qa,bdd27f4d94b9c1f951818a7da7fd7aeea5dbff1a,2df9083338b4abd6bceb5635764dab5d833b393b55759dffb0959b6fcbf794ec,CC-BY-SA-3.0,human-dedup-cluster-bd344e20a3ad63ad889f7d59,human_test_only
human-HC-fc687018ffc00582088365d7,HC-fc687018ffc00582088365d7,professional_schedule_note,84,372,fc687018ffc00582088365d7e8595fad542c5f2d053f8382a3034946fbecba74,39d4923503199605ecab65d1182833b395b39d98b21a1da1601283d5ef54114d,jsonl-line-09094-c6ca9ac28bd8b9e9,c6ca9ac28bd8b9e920cfd0c2da2f77f1d297ff5804329f25d892c3721affe219,general_qa,bdd27f4d94b9c1f951818a7da7fd7aeea5dbff1a,2df9083338b4abd6bceb5635764dab5d833b393b55759dffb0959b6fcbf794ec,CC-BY-SA-3.0,human-dedup-cluster-aff19f4874b7836fc2828992,human_test_only
human-HC-fc69237661196fea66e9ba69,HC-fc69237661196fea66e9ba69,explain_biological_process,83,553,fc69237661196fea66e9ba696b0c72f8a9a0b51efb748e0770f331b4922cbfe6,04f29982706e451efcbdc8b7dbd15ada06af3d6f337ac61e96e8b7d62335668f,jsonl-line-05632-84c62e90df80e35a,84c62e90df80e35a305df65c57e39d863adacf5d9b5a0304e6ba0b30f78dbc30,open_qa,bdd27f4d94b9c1f951818a7da7fd7aeea5dbff1a,2df9083338b4abd6bceb5635764dab5d833b393b55759dffb0959b6fcbf794ec,CC-BY-SA-3.0,human-dedup-cluster-0887d1ee1b1e8faba82659ac,human_test_only
human-HC-fe049d2e2a15b7a886bf4b70,HC-fe049d2e2a15b7a886bf4b70,procedure_simple_meal,83,478,fe049d2e2a15b7a886bf4b70ffb3d2942b46a45408909e4302ed1844e1287abd,6c2456fd5742ad59c6a6eef6263b8b2ac14f03247241a029d17527ec3a4e4272,jsonl-line-02634-9d49d00b5f2e1e86,9d49d00b5f2e1e866c7ac24974b10886976a80cb23c74fb755f59da952009e03,general_qa,bdd27f4d94b9c1f951818a7da7fd7aeea5dbff1a,2df9083338b4abd6bceb5635764dab5d833b393b55759dffb0959b6fcbf794ec,CC-BY-SA-3.0,human-dedup-cluster-eba805e63351586f193b21e3,human_test_only
human-HC-fefa0514cf84f2a3e5961aaf,HC-fefa0514cf84f2a3e5961aaf,procedure_simple_meal,60,360,fefa0514cf84f2a3e5961aaf85c18192b6089d15548e9c7f1eeda1a43470923a,b2e33d4d61bfb94eeab5e050f2f455264810140e0da527468c54f34b11774029,jsonl-line-01818-f808f7688be9f5c2,f808f7688be9f5c2ef68227ffa11ef469fc353f3f055b1b658557dc7ba0145b1,open_qa,bdd27f4d94b9c1f951818a7da7fd7aeea5dbff1a,2df9083338b4abd6bceb5635764dab5d833b393b55759dffb0959b6fcbf794ec,CC-BY-SA-3.0,human-dedup-cluster-9cd224e5065f67947dcd6b64,human_test_only
