row_id,label,score,detector,evaluation_id,evaluation_role,control_population,dedup_cluster_id,payload_group_id,model_id,codec_id,payload_class,prompt_template_id
detector_pair__0027f5be50e27a77f759768b__ordinary_control,0,0.001099404296837747,deberta,leave_one_model__qwen2_5_7b_instruct_q4_k_m,validation,matched_clean_llm,dedup-cluster-48d7da6cd06bde46d05aad3f,revision_v1_sha256_hex_056,llama3_8b_instruct_q4_k_m,segmented_hex_multi_topic,sha256_hex,forum_practical_answer
detector_pair__0027f5be50e27a77f759768b__rankcloak,1,0.9876614809036255,deberta,leave_one_model__qwen2_5_7b_instruct_q4_k_m,validation,matched_clean_llm,dedup-cluster-48d7da6cd06bde46d05aad3f,revision_v1_sha256_hex_056,llama3_8b_instruct_q4_k_m,segmented_hex_multi_topic,sha256_hex,forum_practical_answer
detector_pair__003d0aa984022f67a75f5b6e__ordinary_control,0,0.0015922716120257974,deberta,leave_one_model__qwen2_5_7b_instruct_q4_k_m,validation,matched_clean_llm,dedup-cluster-a9a56840e2c7d4a59a486e62,revision_v1_nonce_96_bit_hex_025,llama3_8b_instruct_q4_k_m,segmented_hex_single_topic,nonce_96_bit_hex,procedure_simple_meal
detector_pair__003d0aa984022f67a75f5b6e__rankcloak,1,0.9591044783592224,deberta,leave_one_model__qwen2_5_7b_instruct_q4_k_m,validation,matched_clean_llm,dedup-cluster-a9a56840e2c7d4a59a486e62,revision_v1_nonce_96_bit_hex_025,llama3_8b_instruct_q4_k_m,segmented_hex_single_topic,nonce_96_bit_hex,procedure_simple_meal
detector_pair__00436abf99461506842541b8__ordinary_control,0,0.0008722283528186381,deberta,leave_one_model__qwen2_5_7b_instruct_q4_k_m,validation,matched_clean_llm,dedup-cluster-edb6b099f1dff5a3bddeca8c,revision_v1_sha256_hex_012,mistral_7b_instruct_v0_3_q4_k_m,segmented_hex_single_topic,sha256_hex,forum_purchase_advice
detector_pair__00436abf99461506842541b8__rankcloak,1,0.903745174407959,deberta,leave_one_model__qwen2_5_7b_instruct_q4_k_m,validation,matched_clean_llm,dedup-cluster-edb6b099f1dff5a3bddeca8c,revision_v1_sha256_hex_012,mistral_7b_instruct_v0_3_q4_k_m,segmented_hex_single_topic,sha256_hex,forum_purchase_advice
detector_pair__005aba6bf1c23bd504dd23af__ordinary_control,0,0.0005768662667833269,deberta,leave_one_model__qwen2_5_7b_instruct_q4_k_m,validation,matched_clean_llm,dedup-cluster-edb6b099f1dff5a3bddeca8c,revision_v1_sha256_hex_012,llama3_8b_instruct_q4_k_m,segmented_hex_single_topic,sha256_hex,casual_neighborhood_chat
detector_pair__005aba6bf1c23bd504dd23af__rankcloak,1,0.9992830157279968,deberta,leave_one_model__qwen2_5_7b_instruct_q4_k_m,validation,matched_clean_llm,dedup-cluster-edb6b099f1dff5a3bddeca8c,revision_v1_sha256_hex_012,llama3_8b_instruct_q4_k_m,segmented_hex_single_topic,sha256_hex,casual_neighborhood_chat
detector_pair__0099ce84ab0fb457f55e2ede__ordinary_control,0,0.0003190615097992122,deberta,leave_one_model__qwen2_5_7b_instruct_q4_k_m,validation,matched_clean_llm,dedup-cluster-0eb47bf23cdaa7b54a0335a2,revision_v1_token_128_bit_hex_055,mistral_7b_instruct_v0_3_q4_k_m,nonseg_ascii_b16,token_128_bit_hex,casual_neighborhood_chat
detector_pair__0099ce84ab0fb457f55e2ede__rankcloak,1,0.9993778467178345,deberta,leave_one_model__qwen2_5_7b_instruct_q4_k_m,validation,matched_clean_llm,dedup-cluster-0eb47bf23cdaa7b54a0335a2,revision_v1_token_128_bit_hex_055,mistral_7b_instruct_v0_3_q4_k_m,nonseg_ascii_b16,token_128_bit_hex,casual_neighborhood_chat
detector_pair__00a525b9d6415a544b51e1b4__ordinary_control,0,0.0013632436748594046,deberta,leave_one_model__qwen2_5_7b_instruct_q4_k_m,validation,matched_clean_llm,dedup-cluster-edb6b099f1dff5a3bddeca8c,revision_v1_sha256_hex_012,mistral_7b_instruct_v0_3_q4_k_m,nonseg_ascii_b16,sha256_hex,forum_purchase_advice
detector_pair__00a525b9d6415a544b51e1b4__rankcloak,1,0.9995693564414978,deberta,leave_one_model__qwen2_5_7b_instruct_q4_k_m,validation,matched_clean_llm,dedup-cluster-edb6b099f1dff5a3bddeca8c,revision_v1_sha256_hex_012,mistral_7b_instruct_v0_3_q4_k_m,nonseg_ascii_b16,sha256_hex,forum_purchase_advice
detector_pair__00efc7bfa5adbba28cbd9b95__ordinary_control,0,0.0003902832104358822,deberta,leave_one_model__qwen2_5_7b_instruct_q4_k_m,validation,matched_clean_llm,dedup-cluster-17900f3eff20bb84e24fa1da,revision_v1_token_128_bit_hex_021,mistral_7b_instruct_v0_3_q4_k_m,nonseg_ascii_b8,token_128_bit_hex,forum_learning_answer
detector_pair__00efc7bfa5adbba28cbd9b95__rankcloak,1,0.9995236396789551,deberta,leave_one_model__qwen2_5_7b_instruct_q4_k_m,validation,matched_clean_llm,dedup-cluster-17900f3eff20bb84e24fa1da,revision_v1_token_128_bit_hex_021,mistral_7b_instruct_v0_3_q4_k_m,nonseg_ascii_b8,token_128_bit_hex,forum_learning_answer
detector_pair__00fd02bf5153ce74af3137d8__ordinary_control,0,0.0029672635719180107,deberta,leave_one_model__qwen2_5_7b_instruct_q4_k_m,validation,matched_clean_llm,dedup-cluster-bced2ec523557c720d4ecf66,revision_v1_token_128_bit_hex_036,llama3_8b_instruct_q4_k_m,nonseg_ascii_b8,token_128_bit_hex,procedure_simple_meal
detector_pair__00fd02bf5153ce74af3137d8__rankcloak,1,0.8805271983146667,deberta,leave_one_model__qwen2_5_7b_instruct_q4_k_m,validation,matched_clean_llm,dedup-cluster-bced2ec523557c720d4ecf66,revision_v1_token_128_bit_hex_036,llama3_8b_instruct_q4_k_m,nonseg_ascii_b8,token_128_bit_hex,procedure_simple_meal
detector_pair__010cfe5a4756ec7e75637569__ordinary_control,0,0.00042864709394052625,deberta,leave_one_model__qwen2_5_7b_instruct_q4_k_m,validation,matched_clean_llm,dedup-cluster-8372a615906d4a4146d45c75,revision_v1_aes256_gcm_base64_005,llama3_8b_instruct_q4_k_m,direct_subword_calgacus,aes256_gcm_base64,narrative_learning_moment
detector_pair__010cfe5a4756ec7e75637569__rankcloak,1,0.9996868371963501,deberta,leave_one_model__qwen2_5_7b_instruct_q4_k_m,validation,matched_clean_llm,dedup-cluster-8372a615906d4a4146d45c75,revision_v1_aes256_gcm_base64_005,llama3_8b_instruct_q4_k_m,direct_subword_calgacus,aes256_gcm_base64,narrative_learning_moment
detector_pair__012cb35e3bd8c6db048f0c31__ordinary_control,0,0.0007924757665023208,deberta,leave_one_model__qwen2_5_7b_instruct_q4_k_m,validation,matched_clean_llm,dedup-cluster-cb374f9ca23dfd168fe55742,revision_v1_hmac_sha256_hex_055,llama3_8b_instruct_q4_k_m,segmented_hex_multi_topic,hmac_sha256_hex,forum_purchase_advice
detector_pair__012cb35e3bd8c6db048f0c31__rankcloak,1,0.9997770190238953,deberta,leave_one_model__qwen2_5_7b_instruct_q4_k_m,validation,matched_clean_llm,dedup-cluster-cb374f9ca23dfd168fe55742,revision_v1_hmac_sha256_hex_055,llama3_8b_instruct_q4_k_m,segmented_hex_multi_topic,hmac_sha256_hex,forum_purchase_advice
detector_pair__0179a6a5719a029cf59c41d2__ordinary_control,0,0.00040319949039258063,deberta,leave_one_model__qwen2_5_7b_instruct_q4_k_m,validation,matched_clean_llm,dedup-cluster-4c7d81d9bc771045be64324c,revision_v1_nonce_96_bit_hex_001,llama3_8b_instruct_q4_k_m,nonseg_ascii_b16,nonce_96_bit_hex,procedure_garden_task
detector_pair__0179a6a5719a029cf59c41d2__rankcloak,1,0.05414554104208946,deberta,leave_one_model__qwen2_5_7b_instruct_q4_k_m,validation,matched_clean_llm,dedup-cluster-4c7d81d9bc771045be64324c,revision_v1_nonce_96_bit_hex_001,llama3_8b_instruct_q4_k_m,nonseg_ascii_b16,nonce_96_bit_hex,procedure_garden_task
detector_pair__017bb88665357dc36d2ddc09__ordinary_control,0,0.00034593569580465555,deberta,leave_one_model__qwen2_5_7b_instruct_q4_k_m,validation,matched_clean_llm,dedup-cluster-e303bfe023e32c25389ebaf9,revision_v1_token_128_bit_hex_057,mistral_7b_instruct_v0_3_q4_k_m,segmented_hex_multi_topic,token_128_bit_hex,forum_learning_answer
detector_pair__017bb88665357dc36d2ddc09__rankcloak,1,0.9961218237876892,deberta,leave_one_model__qwen2_5_7b_instruct_q4_k_m,validation,matched_clean_llm,dedup-cluster-e303bfe023e32c25389ebaf9,revision_v1_token_128_bit_hex_057,mistral_7b_instruct_v0_3_q4_k_m,segmented_hex_multi_topic,token_128_bit_hex,forum_learning_answer
detector_pair__01aa2394379404f903148b7d__ordinary_control,0,0.001945792930200696,deberta,leave_one_model__qwen2_5_7b_instruct_q4_k_m,validation,matched_clean_llm,dedup-cluster-bced2ec523557c720d4ecf66,revision_v1_token_128_bit_hex_036,mistral_7b_instruct_v0_3_q4_k_m,nonseg_ascii_b8,token_128_bit_hex,explain_biological_process
detector_pair__01aa2394379404f903148b7d__rankcloak,1,0.9995623230934143,deberta,leave_one_model__qwen2_5_7b_instruct_q4_k_m,validation,matched_clean_llm,dedup-cluster-bced2ec523557c720d4ecf66,revision_v1_token_128_bit_hex_036,mistral_7b_instruct_v0_3_q4_k_m,nonseg_ascii_b8,token_128_bit_hex,explain_biological_process
detector_pair__0242529f72e118506d53d10f__ordinary_control,0,0.0018290872685611248,deberta,leave_one_model__qwen2_5_7b_instruct_q4_k_m,validation,matched_clean_llm,dedup-cluster-d24ae4dc1ca2dcb4473005f9,revision_v1_hmac_sha256_hex_036,mistral_7b_instruct_v0_3_q4_k_m,segmented_hex_multi_topic,hmac_sha256_hex,procedure_simple_meal
detector_pair__0242529f72e118506d53d10f__rankcloak,1,0.7653030753135681,deberta,leave_one_model__qwen2_5_7b_instruct_q4_k_m,validation,matched_clean_llm,dedup-cluster-d24ae4dc1ca2dcb4473005f9,revision_v1_hmac_sha256_hex_036,mistral_7b_instruct_v0_3_q4_k_m,segmented_hex_multi_topic,hmac_sha256_hex,procedure_simple_meal
detector_pair__02721193a448f281ec6b6db8__ordinary_control,0,0.0008042050176300108,deberta,leave_one_model__qwen2_5_7b_instruct_q4_k_m,validation,matched_clean_llm,dedup-cluster-725b5797405341915f74ba63,revision_v1_token_128_bit_hex_006,llama3_8b_instruct_q4_k_m,segmented_hex_multi_topic,token_128_bit_hex,procedure_home_task
detector_pair__02721193a448f281ec6b6db8__rankcloak,1,0.762287437915802,deberta,leave_one_model__qwen2_5_7b_instruct_q4_k_m,validation,matched_clean_llm,dedup-cluster-725b5797405341915f74ba63,revision_v1_token_128_bit_hex_006,llama3_8b_instruct_q4_k_m,segmented_hex_multi_topic,token_128_bit_hex,procedure_home_task
detector_pair__02cbcb48484091918445392f__ordinary_control,0,0.001872464781627059,deberta,leave_one_model__qwen2_5_7b_instruct_q4_k_m,validation,matched_clean_llm,dedup-cluster-a48caa544001e5d183a57eea,revision_v1_nonce_96_bit_hex_049,llama3_8b_instruct_q4_k_m,direct_subword_calgacus,nonce_96_bit_hex,procedure_home_task
detector_pair__02cbcb48484091918445392f__rankcloak,1,0.8413581252098083,deberta,leave_one_model__qwen2_5_7b_instruct_q4_k_m,validation,matched_clean_llm,dedup-cluster-a48caa544001e5d183a57eea,revision_v1_nonce_96_bit_hex_049,llama3_8b_instruct_q4_k_m,direct_subword_calgacus,nonce_96_bit_hex,procedure_home_task
detector_pair__02cd888c05d5759709478a47__ordinary_control,0,0.0006488853832706809,deberta,leave_one_model__qwen2_5_7b_instruct_q4_k_m,validation,matched_clean_llm,dedup-cluster-32ad4bf593b222d70a8ca962,revision_v1_hmac_sha256_hex_053,mistral_7b_instruct_v0_3_q4_k_m,segmented_hex_multi_topic,hmac_sha256_hex,forum_learning_answer
detector_pair__02cd888c05d5759709478a47__rankcloak,1,0.9880198836326599,deberta,leave_one_model__qwen2_5_7b_instruct_q4_k_m,validation,matched_clean_llm,dedup-cluster-32ad4bf593b222d70a8ca962,revision_v1_hmac_sha256_hex_053,mistral_7b_instruct_v0_3_q4_k_m,segmented_hex_multi_topic,hmac_sha256_hex,forum_learning_answer
detector_pair__02d62556265a0f19d771e1c8__ordinary_control,0,0.00044171311310492456,deberta,leave_one_model__qwen2_5_7b_instruct_q4_k_m,validation,matched_clean_llm,dedup-cluster-729f0f62c71d15bb8d8f7eff,revision_v1_token_128_bit_hex_004,llama3_8b_instruct_q4_k_m,nonseg_hex_nibble_b16,token_128_bit_hex,professional_project_update
detector_pair__02d62556265a0f19d771e1c8__rankcloak,1,0.8864642977714539,deberta,leave_one_model__qwen2_5_7b_instruct_q4_k_m,validation,matched_clean_llm,dedup-cluster-729f0f62c71d15bb8d8f7eff,revision_v1_token_128_bit_hex_004,llama3_8b_instruct_q4_k_m,nonseg_hex_nibble_b16,token_128_bit_hex,professional_project_update
detector_pair__02f75613e760a7fc660dcce5__ordinary_control,0,0.0004264929739292711,deberta,leave_one_model__qwen2_5_7b_instruct_q4_k_m,validation,matched_clean_llm,dedup-cluster-21724430ac9765521f1234e5,revision_v1_token_128_bit_hex_056,mistral_7b_instruct_v0_3_q4_k_m,segmented_hex_single_topic,token_128_bit_hex,professional_process_email
detector_pair__02f75613e760a7fc660dcce5__rankcloak,1,0.9997323155403137,deberta,leave_one_model__qwen2_5_7b_instruct_q4_k_m,validation,matched_clean_llm,dedup-cluster-21724430ac9765521f1234e5,revision_v1_token_128_bit_hex_056,mistral_7b_instruct_v0_3_q4_k_m,segmented_hex_single_topic,token_128_bit_hex,professional_process_email
detector_pair__03014ab7e493aa04e3b2589c__ordinary_control,0,0.0008487327140755951,deberta,leave_one_model__qwen2_5_7b_instruct_q4_k_m,validation,matched_clean_llm,dedup-cluster-21724430ac9765521f1234e5,revision_v1_token_128_bit_hex_056,llama3_8b_instruct_q4_k_m,direct_subword_calgacus,token_128_bit_hex,explain_weather_pattern
detector_pair__03014ab7e493aa04e3b2589c__rankcloak,1,0.9034788012504578,deberta,leave_one_model__qwen2_5_7b_instruct_q4_k_m,validation,matched_clean_llm,dedup-cluster-21724430ac9765521f1234e5,revision_v1_token_128_bit_hex_056,llama3_8b_instruct_q4_k_m,direct_subword_calgacus,token_128_bit_hex,explain_weather_pattern
detector_pair__0340234c32c702c89227a96e__ordinary_control,0,0.0005367353442125022,deberta,leave_one_model__qwen2_5_7b_instruct_q4_k_m,validation,matched_clean_llm,dedup-cluster-d80c78b75330766130b70bf5,revision_v1_hmac_sha256_hex_030,mistral_7b_instruct_v0_3_q4_k_m,direct_subword_calgacus,hmac_sha256_hex,procedure_garden_task
detector_pair__0340234c32c702c89227a96e__rankcloak,1,0.9996483325958252,deberta,leave_one_model__qwen2_5_7b_instruct_q4_k_m,validation,matched_clean_llm,dedup-cluster-d80c78b75330766130b70bf5,revision_v1_hmac_sha256_hex_030,mistral_7b_instruct_v0_3_q4_k_m,direct_subword_calgacus,hmac_sha256_hex,procedure_garden_task
detector_pair__036b292c46ca8f1a38d9efbe__ordinary_control,0,0.00111172697506845,deberta,leave_one_model__qwen2_5_7b_instruct_q4_k_m,validation,matched_clean_llm,dedup-cluster-17900f3eff20bb84e24fa1da,revision_v1_token_128_bit_hex_021,mistral_7b_instruct_v0_3_q4_k_m,segmented_hex_multi_topic,token_128_bit_hex,forum_learning_answer
detector_pair__036b292c46ca8f1a38d9efbe__rankcloak,1,0.9997121691703796,deberta,leave_one_model__qwen2_5_7b_instruct_q4_k_m,validation,matched_clean_llm,dedup-cluster-17900f3eff20bb84e24fa1da,revision_v1_token_128_bit_hex_021,mistral_7b_instruct_v0_3_q4_k_m,segmented_hex_multi_topic,token_128_bit_hex,forum_learning_answer
detector_pair__0378d53eacbb5011b7ff8011__ordinary_control,0,0.0026621820870786905,deberta,leave_one_model__qwen2_5_7b_instruct_q4_k_m,validation,matched_clean_llm,dedup-cluster-37d4a9d7e9509ca2f58035f8,revision_v1_hmac_sha256_hex_022,llama3_8b_instruct_q4_k_m,segmented_hex_multi_topic,hmac_sha256_hex,explain_everyday_system
detector_pair__0378d53eacbb5011b7ff8011__rankcloak,1,0.9997695088386536,deberta,leave_one_model__qwen2_5_7b_instruct_q4_k_m,validation,matched_clean_llm,dedup-cluster-37d4a9d7e9509ca2f58035f8,revision_v1_hmac_sha256_hex_022,llama3_8b_instruct_q4_k_m,segmented_hex_multi_topic,hmac_sha256_hex,explain_everyday_system
detector_pair__038343b4762fb7f1d921663e__ordinary_control,0,0.0008876408101059496,deberta,leave_one_model__qwen2_5_7b_instruct_q4_k_m,validation,matched_clean_llm,dedup-cluster-23821a91b342f8bd757bd354,revision_v1_aes256_gcm_base64_009,llama3_8b_instruct_q4_k_m,nonseg_ascii_b16,aes256_gcm_base64,forum_practical_answer
detector_pair__038343b4762fb7f1d921663e__rankcloak,1,0.937318742275238,deberta,leave_one_model__qwen2_5_7b_instruct_q4_k_m,validation,matched_clean_llm,dedup-cluster-23821a91b342f8bd757bd354,revision_v1_aes256_gcm_base64_009,llama3_8b_instruct_q4_k_m,nonseg_ascii_b16,aes256_gcm_base64,forum_practical_answer
detector_pair__03de3e0d86bc6c1e17f0a733__ordinary_control,0,0.0002913770149461925,deberta,leave_one_model__qwen2_5_7b_instruct_q4_k_m,validation,matched_clean_llm,dedup-cluster-8150a67016c09420f58d3140,revision_v1_sha256_hex_053,mistral_7b_instruct_v0_3_q4_k_m,nonseg_ascii_b16,sha256_hex,professional_schedule_note
detector_pair__03de3e0d86bc6c1e17f0a733__rankcloak,1,0.9968823194503784,deberta,leave_one_model__qwen2_5_7b_instruct_q4_k_m,validation,matched_clean_llm,dedup-cluster-8150a67016c09420f58d3140,revision_v1_sha256_hex_053,mistral_7b_instruct_v0_3_q4_k_m,nonseg_ascii_b16,sha256_hex,professional_schedule_note
detector_pair__0417deb78a0fd906ac29cf7f__ordinary_control,0,0.0003611462889239192,deberta,leave_one_model__qwen2_5_7b_instruct_q4_k_m,validation,matched_clean_llm,dedup-cluster-17900f3eff20bb84e24fa1da,revision_v1_token_128_bit_hex_021,mistral_7b_instruct_v0_3_q4_k_m,segmented_hex_multi_topic,token_128_bit_hex,forum_learning_answer
detector_pair__0417deb78a0fd906ac29cf7f__rankcloak,1,0.9062336683273315,deberta,leave_one_model__qwen2_5_7b_instruct_q4_k_m,validation,matched_clean_llm,dedup-cluster-17900f3eff20bb84e24fa1da,revision_v1_token_128_bit_hex_021,mistral_7b_instruct_v0_3_q4_k_m,segmented_hex_multi_topic,token_128_bit_hex,forum_learning_answer
detector_pair__0428132c904c1149a623fc85__ordinary_control,0,0.000914885604288429,deberta,leave_one_model__qwen2_5_7b_instruct_q4_k_m,validation,matched_clean_llm,dedup-cluster-804389a06ddc24189a12fcd5,revision_v1_chacha20_poly1305_base64_041,llama3_8b_instruct_q4_k_m,direct_subword_calgacus,chacha20_poly1305_base64,explain_weather_pattern
detector_pair__0428132c904c1149a623fc85__rankcloak,1,0.9951353669166565,deberta,leave_one_model__qwen2_5_7b_instruct_q4_k_m,validation,matched_clean_llm,dedup-cluster-804389a06ddc24189a12fcd5,revision_v1_chacha20_poly1305_base64_041,llama3_8b_instruct_q4_k_m,direct_subword_calgacus,chacha20_poly1305_base64,explain_weather_pattern
detector_pair__0469039f97b13a5c01845f8f__ordinary_control,0,0.0006285335985012352,deberta,leave_one_model__qwen2_5_7b_instruct_q4_k_m,validation,matched_clean_llm,dedup-cluster-339659e6d45626f95acf4c5b,revision_v1_nonce_96_bit_hex_052,llama3_8b_instruct_q4_k_m,segmented_hex_multi_topic,nonce_96_bit_hex,casual_hobby_chat
detector_pair__0469039f97b13a5c01845f8f__rankcloak,1,0.985131561756134,deberta,leave_one_model__qwen2_5_7b_instruct_q4_k_m,validation,matched_clean_llm,dedup-cluster-339659e6d45626f95acf4c5b,revision_v1_nonce_96_bit_hex_052,llama3_8b_instruct_q4_k_m,segmented_hex_multi_topic,nonce_96_bit_hex,casual_hobby_chat
detector_pair__050242ca717692539427703b__ordinary_control,0,0.018728597089648247,deberta,leave_one_model__qwen2_5_7b_instruct_q4_k_m,validation,matched_clean_llm,dedup-cluster-6ace02c4c66fff411127a281,revision_v1_token_128_bit_hex_012,llama3_8b_instruct_q4_k_m,segmented_hex_single_topic,token_128_bit_hex,procedure_garden_task
detector_pair__050242ca717692539427703b__rankcloak,1,0.9466250538825989,deberta,leave_one_model__qwen2_5_7b_instruct_q4_k_m,validation,matched_clean_llm,dedup-cluster-6ace02c4c66fff411127a281,revision_v1_token_128_bit_hex_012,llama3_8b_instruct_q4_k_m,segmented_hex_single_topic,token_128_bit_hex,procedure_garden_task
detector_pair__0503d88a3acad412e776a75f__ordinary_control,0,0.0015748252626508474,deberta,leave_one_model__qwen2_5_7b_instruct_q4_k_m,validation,matched_clean_llm,dedup-cluster-5ace189a35be6720f7c9dc5e,revision_v1_chacha20_poly1305_base64_057,llama3_8b_instruct_q4_k_m,nonseg_ascii_b8,chacha20_poly1305_base64,procedure_simple_meal
detector_pair__0503d88a3acad412e776a75f__rankcloak,1,0.9996557235717773,deberta,leave_one_model__qwen2_5_7b_instruct_q4_k_m,validation,matched_clean_llm,dedup-cluster-5ace189a35be6720f7c9dc5e,revision_v1_chacha20_poly1305_base64_057,llama3_8b_instruct_q4_k_m,nonseg_ascii_b8,chacha20_poly1305_base64,procedure_simple_meal
detector_pair__0547cd95ba55585fa449432d__ordinary_control,0,0.0010446833912283182,deberta,leave_one_model__qwen2_5_7b_instruct_q4_k_m,validation,matched_clean_llm,dedup-cluster-48d7da6cd06bde46d05aad3f,revision_v1_sha256_hex_056,mistral_7b_instruct_v0_3_q4_k_m,nonseg_ascii_b16,sha256_hex,narrative_learning_moment
detector_pair__0547cd95ba55585fa449432d__rankcloak,1,0.9996201992034912,deberta,leave_one_model__qwen2_5_7b_instruct_q4_k_m,validation,matched_clean_llm,dedup-cluster-48d7da6cd06bde46d05aad3f,revision_v1_sha256_hex_056,mistral_7b_instruct_v0_3_q4_k_m,nonseg_ascii_b16,sha256_hex,narrative_learning_moment
detector_pair__057f163526c96c7bfa6d0b63__ordinary_control,0,0.0013082355726510286,deberta,leave_one_model__qwen2_5_7b_instruct_q4_k_m,validation,matched_clean_llm,dedup-cluster-92db4da9195620c7435535fe,revision_v1_ed25519_signature_base64_008,mistral_7b_instruct_v0_3_q4_k_m,nonseg_ascii_b8,ed25519_signature_base64,explain_everyday_system
detector_pair__057f163526c96c7bfa6d0b63__rankcloak,1,0.9994630217552185,deberta,leave_one_model__qwen2_5_7b_instruct_q4_k_m,validation,matched_clean_llm,dedup-cluster-92db4da9195620c7435535fe,revision_v1_ed25519_signature_base64_008,mistral_7b_instruct_v0_3_q4_k_m,nonseg_ascii_b8,ed25519_signature_base64,explain_everyday_system
detector_pair__059586bc42d385b925c3bf72__ordinary_control,0,0.0004124983388464898,deberta,leave_one_model__qwen2_5_7b_instruct_q4_k_m,validation,matched_clean_llm,dedup-cluster-37d4a9d7e9509ca2f58035f8,revision_v1_hmac_sha256_hex_022,mistral_7b_instruct_v0_3_q4_k_m,nonseg_ascii_b8,hmac_sha256_hex,professional_project_update
detector_pair__059586bc42d385b925c3bf72__rankcloak,1,0.9995772242546082,deberta,leave_one_model__qwen2_5_7b_instruct_q4_k_m,validation,matched_clean_llm,dedup-cluster-37d4a9d7e9509ca2f58035f8,revision_v1_hmac_sha256_hex_022,mistral_7b_instruct_v0_3_q4_k_m,nonseg_ascii_b8,hmac_sha256_hex,professional_project_update
detector_pair__05b5fad0d21c3643ead86a73__ordinary_control,0,0.0007127071148715913,deberta,leave_one_model__qwen2_5_7b_instruct_q4_k_m,validation,matched_clean_llm,dedup-cluster-d24ae4dc1ca2dcb4473005f9,revision_v1_hmac_sha256_hex_036,mistral_7b_instruct_v0_3_q4_k_m,nonseg_ascii_b8,hmac_sha256_hex,procedure_simple_meal
detector_pair__05b5fad0d21c3643ead86a73__rankcloak,1,0.9995846152305603,deberta,leave_one_model__qwen2_5_7b_instruct_q4_k_m,validation,matched_clean_llm,dedup-cluster-d24ae4dc1ca2dcb4473005f9,revision_v1_hmac_sha256_hex_036,mistral_7b_instruct_v0_3_q4_k_m,nonseg_ascii_b8,hmac_sha256_hex,procedure_simple_meal
detector_pair__05e0c35c734a0bc36234890a__ordinary_control,0,0.000632935028988868,deberta,leave_one_model__qwen2_5_7b_instruct_q4_k_m,validation,matched_clean_llm,dedup-cluster-729f0f62c71d15bb8d8f7eff,revision_v1_token_128_bit_hex_004,mistral_7b_instruct_v0_3_q4_k_m,direct_subword_calgacus,token_128_bit_hex,procedure_garden_task
detector_pair__05e0c35c734a0bc36234890a__rankcloak,1,0.9991588592529297,deberta,leave_one_model__qwen2_5_7b_instruct_q4_k_m,validation,matched_clean_llm,dedup-cluster-729f0f62c71d15bb8d8f7eff,revision_v1_token_128_bit_hex_004,mistral_7b_instruct_v0_3_q4_k_m,direct_subword_calgacus,token_128_bit_hex,procedure_garden_task
detector_pair__05f9b8a64ae5b8a53e21d322__ordinary_control,0,0.0016144888941198587,deberta,leave_one_model__qwen2_5_7b_instruct_q4_k_m,validation,matched_clean_llm,dedup-cluster-d80c78b75330766130b70bf5,revision_v1_hmac_sha256_hex_030,llama3_8b_instruct_q4_k_m,nonseg_hex_nibble_b16,hmac_sha256_hex,professional_project_update
detector_pair__05f9b8a64ae5b8a53e21d322__rankcloak,1,0.9983238577842712,deberta,leave_one_model__qwen2_5_7b_instruct_q4_k_m,validation,matched_clean_llm,dedup-cluster-d80c78b75330766130b70bf5,revision_v1_hmac_sha256_hex_030,llama3_8b_instruct_q4_k_m,nonseg_hex_nibble_b16,hmac_sha256_hex,professional_project_update
detector_pair__0669e30091751347f9f4aebc__ordinary_control,0,0.0003975803847424686,deberta,leave_one_model__qwen2_5_7b_instruct_q4_k_m,validation,matched_clean_llm,dedup-cluster-d95563a927f567b6601e551e,revision_v1_uuid_v4_020,mistral_7b_instruct_v0_3_q4_k_m,nonseg_ascii_b8,uuid_v4,forum_practical_answer
detector_pair__0669e30091751347f9f4aebc__rankcloak,1,0.9988566637039185,deberta,leave_one_model__qwen2_5_7b_instruct_q4_k_m,validation,matched_clean_llm,dedup-cluster-d95563a927f567b6601e551e,revision_v1_uuid_v4_020,mistral_7b_instruct_v0_3_q4_k_m,nonseg_ascii_b8,uuid_v4,forum_practical_answer
detector_pair__0671121b53563c0e52094704__ordinary_control,0,0.0016465394292026758,deberta,leave_one_model__qwen2_5_7b_instruct_q4_k_m,validation,matched_clean_llm,dedup-cluster-a48caa544001e5d183a57eea,revision_v1_nonce_96_bit_hex_049,llama3_8b_instruct_q4_k_m,segmented_hex_single_topic,nonce_96_bit_hex,procedure_home_task
detector_pair__0671121b53563c0e52094704__rankcloak,1,0.9744449853897095,deberta,leave_one_model__qwen2_5_7b_instruct_q4_k_m,validation,matched_clean_llm,dedup-cluster-a48caa544001e5d183a57eea,revision_v1_nonce_96_bit_hex_049,llama3_8b_instruct_q4_k_m,segmented_hex_single_topic,nonce_96_bit_hex,procedure_home_task
detector_pair__06a8913723c9d487cdc1ac21__ordinary_control,0,0.0008331795106641948,deberta,leave_one_model__qwen2_5_7b_instruct_q4_k_m,validation,matched_clean_llm,dedup-cluster-f71f239b6ba6105b60b970fe,revision_v1_aes256_gcm_base64_049,llama3_8b_instruct_q4_k_m,nonseg_ascii_b8,aes256_gcm_base64,casual_hobby_chat
detector_pair__06a8913723c9d487cdc1ac21__rankcloak,1,0.8013625144958496,deberta,leave_one_model__qwen2_5_7b_instruct_q4_k_m,validation,matched_clean_llm,dedup-cluster-f71f239b6ba6105b60b970fe,revision_v1_aes256_gcm_base64_049,llama3_8b_instruct_q4_k_m,nonseg_ascii_b8,aes256_gcm_base64,casual_hobby_chat
detector_pair__07fa834de5f0fd49e92d19b0__ordinary_control,0,0.0007195744547061622,deberta,leave_one_model__qwen2_5_7b_instruct_q4_k_m,validation,matched_clean_llm,dedup-cluster-6d140bf45feadd3404291e51,revision_v1_uuid_v4_049,mistral_7b_instruct_v0_3_q4_k_m,nonseg_ascii_b8,uuid_v4,professional_process_email
detector_pair__07fa834de5f0fd49e92d19b0__rankcloak,1,0.9994193315505981,deberta,leave_one_model__qwen2_5_7b_instruct_q4_k_m,validation,matched_clean_llm,dedup-cluster-6d140bf45feadd3404291e51,revision_v1_uuid_v4_049,mistral_7b_instruct_v0_3_q4_k_m,nonseg_ascii_b8,uuid_v4,professional_process_email
detector_pair__09034e0d7d947c2f07f15ce8__ordinary_control,0,0.0016012791311368346,deberta,leave_one_model__qwen2_5_7b_instruct_q4_k_m,validation,matched_clean_llm,dedup-cluster-895f397b7b83bd34e4862c58,revision_v1_chacha20_poly1305_base64_033,llama3_8b_instruct_q4_k_m,nonseg_ascii_b16,chacha20_poly1305_base64,procedure_garden_task
detector_pair__09034e0d7d947c2f07f15ce8__rankcloak,1,0.9799652099609375,deberta,leave_one_model__qwen2_5_7b_instruct_q4_k_m,validation,matched_clean_llm,dedup-cluster-895f397b7b83bd34e4862c58,revision_v1_chacha20_poly1305_base64_033,llama3_8b_instruct_q4_k_m,nonseg_ascii_b16,chacha20_poly1305_base64,procedure_garden_task
detector_pair__092d1e2dfc416e8ba0522512__ordinary_control,0,0.0006203989032655954,deberta,leave_one_model__qwen2_5_7b_instruct_q4_k_m,validation,matched_clean_llm,dedup-cluster-a1f09603de61d42b17c60f90,revision_v1_nonce_96_bit_hex_058,mistral_7b_instruct_v0_3_q4_k_m,segmented_hex_multi_topic,nonce_96_bit_hex,forum_purchase_advice
detector_pair__092d1e2dfc416e8ba0522512__rankcloak,1,0.998273491859436,deberta,leave_one_model__qwen2_5_7b_instruct_q4_k_m,validation,matched_clean_llm,dedup-cluster-a1f09603de61d42b17c60f90,revision_v1_nonce_96_bit_hex_058,mistral_7b_instruct_v0_3_q4_k_m,segmented_hex_multi_topic,nonce_96_bit_hex,forum_purchase_advice
detector_pair__09552c750af835f313e8f30a__ordinary_control,0,0.00336050009354949,deberta,leave_one_model__qwen2_5_7b_instruct_q4_k_m,validation,matched_clean_llm,dedup-cluster-cb374f9ca23dfd168fe55742,revision_v1_hmac_sha256_hex_055,llama3_8b_instruct_q4_k_m,nonseg_ascii_b16,hmac_sha256_hex,forum_purchase_advice
detector_pair__09552c750af835f313e8f30a__rankcloak,1,0.999661922454834,deberta,leave_one_model__qwen2_5_7b_instruct_q4_k_m,validation,matched_clean_llm,dedup-cluster-cb374f9ca23dfd168fe55742,revision_v1_hmac_sha256_hex_055,llama3_8b_instruct_q4_k_m,nonseg_ascii_b16,hmac_sha256_hex,forum_purchase_advice
detector_pair__09bca7fd18e103c1aa22f978__ordinary_control,0,0.0013487417018041015,deberta,leave_one_model__qwen2_5_7b_instruct_q4_k_m,validation,matched_clean_llm,dedup-cluster-2e7f1969791ae609498a9082,revision_v1_hmac_sha256_hex_020,mistral_7b_instruct_v0_3_q4_k_m,nonseg_ascii_b16,hmac_sha256_hex,explain_weather_pattern
detector_pair__09bca7fd18e103c1aa22f978__rankcloak,1,0.9992983341217041,deberta,leave_one_model__qwen2_5_7b_instruct_q4_k_m,validation,matched_clean_llm,dedup-cluster-2e7f1969791ae609498a9082,revision_v1_hmac_sha256_hex_020,mistral_7b_instruct_v0_3_q4_k_m,nonseg_ascii_b16,hmac_sha256_hex,explain_weather_pattern
detector_pair__09bd849ebd1ab35e17ccb4c9__ordinary_control,0,0.0003401704307179898,deberta,leave_one_model__qwen2_5_7b_instruct_q4_k_m,validation,matched_clean_llm,dedup-cluster-298834ce3caac8f77b13ddc3,revision_v1_aes256_gcm_base64_031,mistral_7b_instruct_v0_3_q4_k_m,direct_subword_calgacus,aes256_gcm_base64,forum_practical_answer
detector_pair__09bd849ebd1ab35e17ccb4c9__rankcloak,1,0.9990118741989136,deberta,leave_one_model__qwen2_5_7b_instruct_q4_k_m,validation,matched_clean_llm,dedup-cluster-298834ce3caac8f77b13ddc3,revision_v1_aes256_gcm_base64_031,mistral_7b_instruct_v0_3_q4_k_m,direct_subword_calgacus,aes256_gcm_base64,forum_practical_answer
detector_pair__0a818f8a14caaadde3e4bae7__ordinary_control,0,0.0009080906747840345,deberta,leave_one_model__qwen2_5_7b_instruct_q4_k_m,validation,matched_clean_llm,dedup-cluster-4f6ab2ce0956867e1b0b1bad,revision_v1_hmac_sha256_hex_043,mistral_7b_instruct_v0_3_q4_k_m,segmented_hex_single_topic,hmac_sha256_hex,narrative_local_walk
detector_pair__0a818f8a14caaadde3e4bae7__rankcloak,1,0.9997178912162781,deberta,leave_one_model__qwen2_5_7b_instruct_q4_k_m,validation,matched_clean_llm,dedup-cluster-4f6ab2ce0956867e1b0b1bad,revision_v1_hmac_sha256_hex_043,mistral_7b_instruct_v0_3_q4_k_m,segmented_hex_single_topic,hmac_sha256_hex,narrative_local_walk
detector_pair__0a8d5300233822c6b3f021ef__ordinary_control,0,0.0002961490536108613,deberta,leave_one_model__qwen2_5_7b_instruct_q4_k_m,validation,matched_clean_llm,dedup-cluster-e39d52527261844e25cbad0b,revision_v1_uuid_v4_006,mistral_7b_instruct_v0_3_q4_k_m,nonseg_ascii_b16,uuid_v4,casual_hobby_chat
detector_pair__0a8d5300233822c6b3f021ef__rankcloak,1,0.9998034834861755,deberta,leave_one_model__qwen2_5_7b_instruct_q4_k_m,validation,matched_clean_llm,dedup-cluster-e39d52527261844e25cbad0b,revision_v1_uuid_v4_006,mistral_7b_instruct_v0_3_q4_k_m,nonseg_ascii_b16,uuid_v4,casual_hobby_chat
detector_pair__0a9c23614787f0be62d3820e__ordinary_control,0,0.0003171270072925836,deberta,leave_one_model__qwen2_5_7b_instruct_q4_k_m,validation,matched_clean_llm,dedup-cluster-c581ece2a3e5e2c3b74d6d5e,revision_v1_chacha20_poly1305_base64_016,mistral_7b_instruct_v0_3_q4_k_m,nonseg_ascii_b16,chacha20_poly1305_base64,casual_hobby_chat
detector_pair__0a9c23614787f0be62d3820e__rankcloak,1,0.999535083770752,deberta,leave_one_model__qwen2_5_7b_instruct_q4_k_m,validation,matched_clean_llm,dedup-cluster-c581ece2a3e5e2c3b74d6d5e,revision_v1_chacha20_poly1305_base64_016,mistral_7b_instruct_v0_3_q4_k_m,nonseg_ascii_b16,chacha20_poly1305_base64,casual_hobby_chat
detector_pair__0ab58a070a2d92c1e97b38f5__ordinary_control,0,0.00045528486953116953,deberta,leave_one_model__qwen2_5_7b_instruct_q4_k_m,validation,matched_clean_llm,dedup-cluster-60a1e2f88d4e40514869d20f,revision_v1_ed25519_signature_base64_051,llama3_8b_instruct_q4_k_m,direct_subword_calgacus,ed25519_signature_base64,narrative_small_discovery
detector_pair__0ab58a070a2d92c1e97b38f5__rankcloak,1,0.999731719493866,deberta,leave_one_model__qwen2_5_7b_instruct_q4_k_m,validation,matched_clean_llm,dedup-cluster-60a1e2f88d4e40514869d20f,revision_v1_ed25519_signature_base64_051,llama3_8b_instruct_q4_k_m,direct_subword_calgacus,ed25519_signature_base64,narrative_small_discovery
detector_pair__0af28fa282efbd5b6ae3e110__ordinary_control,0,0.0013239048421382904,deberta,leave_one_model__qwen2_5_7b_instruct_q4_k_m,validation,matched_clean_llm,dedup-cluster-cdae81a0da256f43636cdb0c,revision_v1_chacha20_poly1305_base64_024,mistral_7b_instruct_v0_3_q4_k_m,nonseg_ascii_b8,chacha20_poly1305_base64,forum_practical_answer
detector_pair__0af28fa282efbd5b6ae3e110__rankcloak,1,0.9980465173721313,deberta,leave_one_model__qwen2_5_7b_instruct_q4_k_m,validation,matched_clean_llm,dedup-cluster-cdae81a0da256f43636cdb0c,revision_v1_chacha20_poly1305_base64_024,mistral_7b_instruct_v0_3_q4_k_m,nonseg_ascii_b8,chacha20_poly1305_base64,forum_practical_answer
detector_pair__0b2efbf404b570e8a611a2f0__ordinary_control,0,0.0005654114647768438,deberta,leave_one_model__qwen2_5_7b_instruct_q4_k_m,validation,matched_clean_llm,dedup-cluster-631342e4862923cce8d3242b,revision_v1_sha256_hex_029,llama3_8b_instruct_q4_k_m,nonseg_hex_nibble_b16,sha256_hex,explain_everyday_system
detector_pair__0b2efbf404b570e8a611a2f0__rankcloak,1,0.9997819066047668,deberta,leave_one_model__qwen2_5_7b_instruct_q4_k_m,validation,matched_clean_llm,dedup-cluster-631342e4862923cce8d3242b,revision_v1_sha256_hex_029,llama3_8b_instruct_q4_k_m,nonseg_hex_nibble_b16,sha256_hex,explain_everyday_system
detector_pair__0b626171cb8b7ca7227b064c__ordinary_control,0,0.00030400865944102407,deberta,leave_one_model__qwen2_5_7b_instruct_q4_k_m,validation,matched_clean_llm,dedup-cluster-847d23bf1ef334bb559efd28,revision_v1_aes256_gcm_base64_000,mistral_7b_instruct_v0_3_q4_k_m,nonseg_ascii_b16,aes256_gcm_base64,professional_schedule_note
detector_pair__0b626171cb8b7ca7227b064c__rankcloak,1,0.9997562766075134,deberta,leave_one_model__qwen2_5_7b_instruct_q4_k_m,validation,matched_clean_llm,dedup-cluster-847d23bf1ef334bb559efd28,revision_v1_aes256_gcm_base64_000,mistral_7b_instruct_v0_3_q4_k_m,nonseg_ascii_b16,aes256_gcm_base64,professional_schedule_note
detector_pair__0bdd62745a9cfc64c8a4aa16__ordinary_control,0,0.010566690005362034,deberta,leave_one_model__qwen2_5_7b_instruct_q4_k_m,validation,matched_clean_llm,dedup-cluster-e39d52527261844e25cbad0b,revision_v1_uuid_v4_006,llama3_8b_instruct_q4_k_m,nonseg_ascii_b16,uuid_v4,narrative_learning_moment
detector_pair__0bdd62745a9cfc64c8a4aa16__rankcloak,1,0.9930724501609802,deberta,leave_one_model__qwen2_5_7b_instruct_q4_k_m,validation,matched_clean_llm,dedup-cluster-e39d52527261844e25cbad0b,revision_v1_uuid_v4_006,llama3_8b_instruct_q4_k_m,nonseg_ascii_b16,uuid_v4,narrative_learning_moment
detector_pair__0c07ddd912da20070fa5436a__ordinary_control,0,0.0004178991657681763,deberta,leave_one_model__qwen2_5_7b_instruct_q4_k_m,validation,matched_clean_llm,dedup-cluster-895f397b7b83bd34e4862c58,revision_v1_chacha20_poly1305_base64_033,mistral_7b_instruct_v0_3_q4_k_m,direct_subword_calgacus,chacha20_poly1305_base64,explain_everyday_system
detector_pair__0c07ddd912da20070fa5436a__rankcloak,1,0.9996962547302246,deberta,leave_one_model__qwen2_5_7b_instruct_q4_k_m,validation,matched_clean_llm,dedup-cluster-895f397b7b83bd34e4862c58,revision_v1_chacha20_poly1305_base64_033,mistral_7b_instruct_v0_3_q4_k_m,direct_subword_calgacus,chacha20_poly1305_base64,explain_everyday_system
detector_pair__0c2f4857473f2ff400057777__ordinary_control,0,0.0006197734037414193,deberta,leave_one_model__qwen2_5_7b_instruct_q4_k_m,validation,matched_clean_llm,dedup-cluster-631342e4862923cce8d3242b,revision_v1_sha256_hex_029,llama3_8b_instruct_q4_k_m,segmented_hex_multi_topic,sha256_hex,explain_everyday_system
detector_pair__0c2f4857473f2ff400057777__rankcloak,1,0.9996271133422852,deberta,leave_one_model__qwen2_5_7b_instruct_q4_k_m,validation,matched_clean_llm,dedup-cluster-631342e4862923cce8d3242b,revision_v1_sha256_hex_029,llama3_8b_instruct_q4_k_m,segmented_hex_multi_topic,sha256_hex,explain_everyday_system
detector_pair__0c497448d4193f5d9517cef0__ordinary_control,0,0.0011804556706920266,deberta,leave_one_model__qwen2_5_7b_instruct_q4_k_m,validation,matched_clean_llm,dedup-cluster-6011fbb5ee1115e93ddfe3e1,revision_v1_chacha20_poly1305_base64_047,mistral_7b_instruct_v0_3_q4_k_m,nonseg_ascii_b8,chacha20_poly1305_base64,professional_project_update
detector_pair__0c497448d4193f5d9517cef0__rankcloak,1,0.9994444251060486,deberta,leave_one_model__qwen2_5_7b_instruct_q4_k_m,validation,matched_clean_llm,dedup-cluster-6011fbb5ee1115e93ddfe3e1,revision_v1_chacha20_poly1305_base64_047,mistral_7b_instruct_v0_3_q4_k_m,nonseg_ascii_b8,chacha20_poly1305_base64,professional_project_update
detector_pair__0c70187613d8bd9ac43b1005__ordinary_control,0,0.0005058320239186287,deberta,leave_one_model__qwen2_5_7b_instruct_q4_k_m,validation,matched_clean_llm,dedup-cluster-7c84aa0ced3be32342082f66,revision_v1_uuid_v4_002,llama3_8b_instruct_q4_k_m,direct_subword_calgacus,uuid_v4,casual_hobby_chat
detector_pair__0c70187613d8bd9ac43b1005__rankcloak,1,0.9731429219245911,deberta,leave_one_model__qwen2_5_7b_instruct_q4_k_m,validation,matched_clean_llm,dedup-cluster-7c84aa0ced3be32342082f66,revision_v1_uuid_v4_002,llama3_8b_instruct_q4_k_m,direct_subword_calgacus,uuid_v4,casual_hobby_chat
detector_pair__0ccd8bf478967186ede5ef8d__ordinary_control,0,0.0017753230640664697,deberta,leave_one_model__qwen2_5_7b_instruct_q4_k_m,validation,matched_clean_llm,dedup-cluster-d24ae4dc1ca2dcb4473005f9,revision_v1_hmac_sha256_hex_036,mistral_7b_instruct_v0_3_q4_k_m,nonseg_ascii_b16,hmac_sha256_hex,procedure_simple_meal
detector_pair__0ccd8bf478967186ede5ef8d__rankcloak,1,0.9997422099113464,deberta,leave_one_model__qwen2_5_7b_instruct_q4_k_m,validation,matched_clean_llm,dedup-cluster-d24ae4dc1ca2dcb4473005f9,revision_v1_hmac_sha256_hex_036,mistral_7b_instruct_v0_3_q4_k_m,nonseg_ascii_b16,hmac_sha256_hex,procedure_simple_meal
detector_pair__0cf893d96e7e1aaca781d653__ordinary_control,0,0.0012481801677495241,deberta,leave_one_model__qwen2_5_7b_instruct_q4_k_m,validation,matched_clean_llm,dedup-cluster-6ace02c4c66fff411127a281,revision_v1_token_128_bit_hex_012,mistral_7b_instruct_v0_3_q4_k_m,nonseg_ascii_b8,token_128_bit_hex,explain_everyday_system
detector_pair__0cf893d96e7e1aaca781d653__rankcloak,1,0.9925912618637085,deberta,leave_one_model__qwen2_5_7b_instruct_q4_k_m,validation,matched_clean_llm,dedup-cluster-6ace02c4c66fff411127a281,revision_v1_token_128_bit_hex_012,mistral_7b_instruct_v0_3_q4_k_m,nonseg_ascii_b8,token_128_bit_hex,explain_everyday_system
detector_pair__0d4d54376afc4fc38675f732__ordinary_control,0,0.0015273911412805319,deberta,leave_one_model__qwen2_5_7b_instruct_q4_k_m,validation,matched_clean_llm,dedup-cluster-e8b46972e25b5d16f253b139,revision_v1_nonce_96_bit_hex_005,llama3_8b_instruct_q4_k_m,segmented_hex_multi_topic,nonce_96_bit_hex,professional_process_email
detector_pair__0d4d54376afc4fc38675f732__rankcloak,1,0.9962683320045471,deberta,leave_one_model__qwen2_5_7b_instruct_q4_k_m,validation,matched_clean_llm,dedup-cluster-e8b46972e25b5d16f253b139,revision_v1_nonce_96_bit_hex_005,llama3_8b_instruct_q4_k_m,segmented_hex_multi_topic,nonce_96_bit_hex,professional_process_email
detector_pair__0d6c6e2486e07ba88d13df95__ordinary_control,0,0.0007355052512139082,deberta,leave_one_model__qwen2_5_7b_instruct_q4_k_m,validation,matched_clean_llm,dedup-cluster-484bc3854d49e18198bd3802,revision_v1_hmac_sha256_hex_050,mistral_7b_instruct_v0_3_q4_k_m,nonseg_ascii_b16,hmac_sha256_hex,explain_biological_process
detector_pair__0d6c6e2486e07ba88d13df95__rankcloak,1,0.9997096657752991,deberta,leave_one_model__qwen2_5_7b_instruct_q4_k_m,validation,matched_clean_llm,dedup-cluster-484bc3854d49e18198bd3802,revision_v1_hmac_sha256_hex_050,mistral_7b_instruct_v0_3_q4_k_m,nonseg_ascii_b16,hmac_sha256_hex,explain_biological_process
detector_pair__0da4d10a21102e336ca80cb9__ordinary_control,0,0.001341242459602654,deberta,leave_one_model__qwen2_5_7b_instruct_q4_k_m,validation,matched_clean_llm,dedup-cluster-d028afde8d3446e776f3bdbf,revision_v1_hmac_sha256_hex_013,mistral_7b_instruct_v0_3_q4_k_m,segmented_hex_single_topic,hmac_sha256_hex,narrative_learning_moment
detector_pair__0da4d10a21102e336ca80cb9__rankcloak,1,0.9927911758422852,deberta,leave_one_model__qwen2_5_7b_instruct_q4_k_m,validation,matched_clean_llm,dedup-cluster-d028afde8d3446e776f3bdbf,revision_v1_hmac_sha256_hex_013,mistral_7b_instruct_v0_3_q4_k_m,segmented_hex_single_topic,hmac_sha256_hex,narrative_learning_moment
detector_pair__0da6df1a462569b18fbef4e0__ordinary_control,0,0.0006359596736729145,deberta,leave_one_model__qwen2_5_7b_instruct_q4_k_m,validation,matched_clean_llm,dedup-cluster-a518c0db7bd9dc8b2ff3b50a,revision_v1_uuid_v4_010,mistral_7b_instruct_v0_3_q4_k_m,nonseg_ascii_b16,uuid_v4,narrative_local_walk
detector_pair__0da6df1a462569b18fbef4e0__rankcloak,1,0.9782087802886963,deberta,leave_one_model__qwen2_5_7b_instruct_q4_k_m,validation,matched_clean_llm,dedup-cluster-a518c0db7bd9dc8b2ff3b50a,revision_v1_uuid_v4_010,mistral_7b_instruct_v0_3_q4_k_m,nonseg_ascii_b16,uuid_v4,narrative_local_walk
detector_pair__0e7e8112dc9382900c69573e__ordinary_control,0,0.0009820567211136222,deberta,leave_one_model__qwen2_5_7b_instruct_q4_k_m,validation,matched_clean_llm,dedup-cluster-92db4da9195620c7435535fe,revision_v1_ed25519_signature_base64_008,llama3_8b_instruct_q4_k_m,nonseg_ascii_b8,ed25519_signature_base64,procedure_garden_task
detector_pair__0e7e8112dc9382900c69573e__rankcloak,1,0.9951942563056946,deberta,leave_one_model__qwen2_5_7b_instruct_q4_k_m,validation,matched_clean_llm,dedup-cluster-92db4da9195620c7435535fe,revision_v1_ed25519_signature_base64_008,llama3_8b_instruct_q4_k_m,nonseg_ascii_b8,ed25519_signature_base64,procedure_garden_task
detector_pair__0e7e96b51ea4538007f92ea8__ordinary_control,0,0.004032662138342857,deberta,leave_one_model__qwen2_5_7b_instruct_q4_k_m,validation,matched_clean_llm,dedup-cluster-bced2ec523557c720d4ecf66,revision_v1_token_128_bit_hex_036,mistral_7b_instruct_v0_3_q4_k_m,direct_subword_calgacus,token_128_bit_hex,explain_biological_process
detector_pair__0e7e96b51ea4538007f92ea8__rankcloak,1,0.9994623064994812,deberta,leave_one_model__qwen2_5_7b_instruct_q4_k_m,validation,matched_clean_llm,dedup-cluster-bced2ec523557c720d4ecf66,revision_v1_token_128_bit_hex_036,mistral_7b_instruct_v0_3_q4_k_m,direct_subword_calgacus,token_128_bit_hex,explain_biological_process
detector_pair__0e8e4d31c4d7a61a329f50bc__ordinary_control,0,0.0007111449376679957,deberta,leave_one_model__qwen2_5_7b_instruct_q4_k_m,validation,matched_clean_llm,dedup-cluster-b3aacb3da0049b4608f31b89,revision_v1_aes256_gcm_base64_033,llama3_8b_instruct_q4_k_m,direct_subword_calgacus,aes256_gcm_base64,forum_purchase_advice
detector_pair__0e8e4d31c4d7a61a329f50bc__rankcloak,1,0.9997816681861877,deberta,leave_one_model__qwen2_5_7b_instruct_q4_k_m,validation,matched_clean_llm,dedup-cluster-b3aacb3da0049b4608f31b89,revision_v1_aes256_gcm_base64_033,llama3_8b_instruct_q4_k_m,direct_subword_calgacus,aes256_gcm_base64,forum_purchase_advice
detector_pair__0ecb18552e7491548ea46138__ordinary_control,0,0.0003990864206571132,deberta,leave_one_model__qwen2_5_7b_instruct_q4_k_m,validation,matched_clean_llm,dedup-cluster-d24ae4dc1ca2dcb4473005f9,revision_v1_hmac_sha256_hex_036,llama3_8b_instruct_q4_k_m,segmented_hex_multi_topic,hmac_sha256_hex,professional_schedule_note
detector_pair__0ecb18552e7491548ea46138__rankcloak,1,0.9941609501838684,deberta,leave_one_model__qwen2_5_7b_instruct_q4_k_m,validation,matched_clean_llm,dedup-cluster-d24ae4dc1ca2dcb4473005f9,revision_v1_hmac_sha256_hex_036,llama3_8b_instruct_q4_k_m,segmented_hex_multi_topic,hmac_sha256_hex,professional_schedule_note
detector_pair__0f6196383358aa19d2a196f5__ordinary_control,0,0.0005612631211988628,deberta,leave_one_model__qwen2_5_7b_instruct_q4_k_m,validation,matched_clean_llm,dedup-cluster-59f7511f5e7a9e62060c4324,revision_v1_uuid_v4_058,mistral_7b_instruct_v0_3_q4_k_m,direct_subword_calgacus,uuid_v4,narrative_small_discovery
detector_pair__0f6196383358aa19d2a196f5__rankcloak,1,0.9149265289306641,deberta,leave_one_model__qwen2_5_7b_instruct_q4_k_m,validation,matched_clean_llm,dedup-cluster-59f7511f5e7a9e62060c4324,revision_v1_uuid_v4_058,mistral_7b_instruct_v0_3_q4_k_m,direct_subword_calgacus,uuid_v4,narrative_small_discovery
detector_pair__0f8a190b1108da6b9ddea4db__ordinary_control,0,0.0006732810288667679,deberta,leave_one_model__qwen2_5_7b_instruct_q4_k_m,validation,matched_clean_llm,dedup-cluster-00eccca339b70a566fc600ea,revision_v1_ed25519_signature_base64_041,llama3_8b_instruct_q4_k_m,nonseg_ascii_b8,ed25519_signature_base64,casual_hobby_chat
detector_pair__0f8a190b1108da6b9ddea4db__rankcloak,1,0.994387686252594,deberta,leave_one_model__qwen2_5_7b_instruct_q4_k_m,validation,matched_clean_llm,dedup-cluster-00eccca339b70a566fc600ea,revision_v1_ed25519_signature_base64_041,llama3_8b_instruct_q4_k_m,nonseg_ascii_b8,ed25519_signature_base64,casual_hobby_chat
detector_pair__0ff2b58b18cf6e015be9c0e8__ordinary_control,0,0.001726452261209488,deberta,leave_one_model__qwen2_5_7b_instruct_q4_k_m,validation,matched_clean_llm,dedup-cluster-a1abcb49aa12280f617295a6,revision_v1_sha256_hex_034,llama3_8b_instruct_q4_k_m,direct_subword_calgacus,sha256_hex,narrative_learning_moment
detector_pair__0ff2b58b18cf6e015be9c0e8__rankcloak,1,0.9992774128913879,deberta,leave_one_model__qwen2_5_7b_instruct_q4_k_m,validation,matched_clean_llm,dedup-cluster-a1abcb49aa12280f617295a6,revision_v1_sha256_hex_034,llama3_8b_instruct_q4_k_m,direct_subword_calgacus,sha256_hex,narrative_learning_moment
detector_pair__10cb36cbe010057ad005f714__ordinary_control,0,0.0004057408368680626,deberta,leave_one_model__qwen2_5_7b_instruct_q4_k_m,validation,matched_clean_llm,dedup-cluster-e303bfe023e32c25389ebaf9,revision_v1_token_128_bit_hex_057,mistral_7b_instruct_v0_3_q4_k_m,nonseg_hex_nibble_b16,token_128_bit_hex,forum_learning_answer
detector_pair__10cb36cbe010057ad005f714__rankcloak,1,0.9883441925048828,deberta,leave_one_model__qwen2_5_7b_instruct_q4_k_m,validation,matched_clean_llm,dedup-cluster-e303bfe023e32c25389ebaf9,revision_v1_token_128_bit_hex_057,mistral_7b_instruct_v0_3_q4_k_m,nonseg_hex_nibble_b16,token_128_bit_hex,forum_learning_answer
detector_pair__10d344da38bce204be9d80b6__ordinary_control,0,0.0007786037749610841,deberta,leave_one_model__qwen2_5_7b_instruct_q4_k_m,validation,matched_clean_llm,dedup-cluster-bced2ec523557c720d4ecf66,revision_v1_token_128_bit_hex_036,mistral_7b_instruct_v0_3_q4_k_m,nonseg_hex_nibble_b16,token_128_bit_hex,explain_biological_process
detector_pair__10d344da38bce204be9d80b6__rankcloak,1,0.9963082075119019,deberta,leave_one_model__qwen2_5_7b_instruct_q4_k_m,validation,matched_clean_llm,dedup-cluster-bced2ec523557c720d4ecf66,revision_v1_token_128_bit_hex_036,mistral_7b_instruct_v0_3_q4_k_m,nonseg_hex_nibble_b16,token_128_bit_hex,explain_biological_process
detector_pair__10f2f75ac4d781387799544e__ordinary_control,0,0.0021125345956534147,deberta,leave_one_model__qwen2_5_7b_instruct_q4_k_m,validation,matched_clean_llm,dedup-cluster-0401b1baba09fb1c1437ea35,revision_v1_nonce_96_bit_hex_011,mistral_7b_instruct_v0_3_q4_k_m,nonseg_hex_nibble_b16,nonce_96_bit_hex,procedure_garden_task
detector_pair__10f2f75ac4d781387799544e__rankcloak,1,0.9995162487030029,deberta,leave_one_model__qwen2_5_7b_instruct_q4_k_m,validation,matched_clean_llm,dedup-cluster-0401b1baba09fb1c1437ea35,revision_v1_nonce_96_bit_hex_011,mistral_7b_instruct_v0_3_q4_k_m,nonseg_hex_nibble_b16,nonce_96_bit_hex,procedure_garden_task
detector_pair__1150a9476fb4e7a50113d27c__ordinary_control,0,0.0017185162287205458,deberta,leave_one_model__qwen2_5_7b_instruct_q4_k_m,validation,matched_clean_llm,dedup-cluster-a2b2305f32aed49b82a74ffb,revision_v1_chacha20_poly1305_base64_051,mistral_7b_instruct_v0_3_q4_k_m,nonseg_ascii_b8,chacha20_poly1305_base64,explain_everyday_system
detector_pair__1150a9476fb4e7a50113d27c__rankcloak,1,0.9993807077407837,deberta,leave_one_model__qwen2_5_7b_instruct_q4_k_m,validation,matched_clean_llm,dedup-cluster-a2b2305f32aed49b82a74ffb,revision_v1_chacha20_poly1305_base64_051,mistral_7b_instruct_v0_3_q4_k_m,nonseg_ascii_b8,chacha20_poly1305_base64,explain_everyday_system
detector_pair__1174c4df5b1c19a5d01b39e8__ordinary_control,0,0.0011905835708603263,deberta,leave_one_model__qwen2_5_7b_instruct_q4_k_m,validation,matched_clean_llm,dedup-cluster-339659e6d45626f95acf4c5b,revision_v1_nonce_96_bit_hex_052,llama3_8b_instruct_q4_k_m,segmented_hex_single_topic,nonce_96_bit_hex,casual_hobby_chat
detector_pair__1174c4df5b1c19a5d01b39e8__rankcloak,1,0.993216335773468,deberta,leave_one_model__qwen2_5_7b_instruct_q4_k_m,validation,matched_clean_llm,dedup-cluster-339659e6d45626f95acf4c5b,revision_v1_nonce_96_bit_hex_052,llama3_8b_instruct_q4_k_m,segmented_hex_single_topic,nonce_96_bit_hex,casual_hobby_chat
detector_pair__11aef4f1a7972cb35280af02__ordinary_control,0,0.0013670283369719982,deberta,leave_one_model__qwen2_5_7b_instruct_q4_k_m,validation,matched_clean_llm,dedup-cluster-cc1d79c541da66daf8e9d81d,revision_v1_chacha20_poly1305_base64_040,mistral_7b_instruct_v0_3_q4_k_m,nonseg_ascii_b16,chacha20_poly1305_base64,casual_neighborhood_chat
detector_pair__11aef4f1a7972cb35280af02__rankcloak,1,0.9997567534446716,deberta,leave_one_model__qwen2_5_7b_instruct_q4_k_m,validation,matched_clean_llm,dedup-cluster-cc1d79c541da66daf8e9d81d,revision_v1_chacha20_poly1305_base64_040,mistral_7b_instruct_v0_3_q4_k_m,nonseg_ascii_b16,chacha20_poly1305_base64,casual_neighborhood_chat
detector_pair__1265d6d4d23d47759b0c6bf5__ordinary_control,0,0.001956279156729579,deberta,leave_one_model__qwen2_5_7b_instruct_q4_k_m,validation,matched_clean_llm,dedup-cluster-4df1f95590c9f69533ae0634,revision_v1_nonce_96_bit_hex_027,llama3_8b_instruct_q4_k_m,segmented_hex_single_topic,nonce_96_bit_hex,explain_weather_pattern
detector_pair__1265d6d4d23d47759b0c6bf5__rankcloak,1,0.8202318549156189,deberta,leave_one_model__qwen2_5_7b_instruct_q4_k_m,validation,matched_clean_llm,dedup-cluster-4df1f95590c9f69533ae0634,revision_v1_nonce_96_bit_hex_027,llama3_8b_instruct_q4_k_m,segmented_hex_single_topic,nonce_96_bit_hex,explain_weather_pattern
detector_pair__12a609c03d4628f08a57f9f5__ordinary_control,0,0.000947530148550868,deberta,leave_one_model__qwen2_5_7b_instruct_q4_k_m,validation,matched_clean_llm,dedup-cluster-02520044ca48813bb14ebc78,revision_v1_aes256_gcm_base64_003,llama3_8b_instruct_q4_k_m,nonseg_ascii_b16,aes256_gcm_base64,forum_learning_answer
detector_pair__12a609c03d4628f08a57f9f5__rankcloak,1,0.9964393973350525,deberta,leave_one_model__qwen2_5_7b_instruct_q4_k_m,validation,matched_clean_llm,dedup-cluster-02520044ca48813bb14ebc78,revision_v1_aes256_gcm_base64_003,llama3_8b_instruct_q4_k_m,nonseg_ascii_b16,aes256_gcm_base64,forum_learning_answer
detector_pair__13091217dd618bbc3648676c__ordinary_control,0,0.001539345714263618,deberta,leave_one_model__qwen2_5_7b_instruct_q4_k_m,validation,matched_clean_llm,dedup-cluster-23821a91b342f8bd757bd354,revision_v1_aes256_gcm_base64_009,mistral_7b_instruct_v0_3_q4_k_m,nonseg_ascii_b8,aes256_gcm_base64,narrative_learning_moment
detector_pair__13091217dd618bbc3648676c__rankcloak,1,0.999264657497406,deberta,leave_one_model__qwen2_5_7b_instruct_q4_k_m,validation,matched_clean_llm,dedup-cluster-23821a91b342f8bd757bd354,revision_v1_aes256_gcm_base64_009,mistral_7b_instruct_v0_3_q4_k_m,nonseg_ascii_b8,aes256_gcm_base64,narrative_learning_moment
detector_pair__1318d3b7b09616e84a6f6151__ordinary_control,0,0.0012816810049116611,deberta,leave_one_model__qwen2_5_7b_instruct_q4_k_m,validation,matched_clean_llm,dedup-cluster-02520044ca48813bb14ebc78,revision_v1_aes256_gcm_base64_003,llama3_8b_instruct_q4_k_m,nonseg_ascii_b8,aes256_gcm_base64,forum_learning_answer
detector_pair__1318d3b7b09616e84a6f6151__rankcloak,1,0.9958488941192627,deberta,leave_one_model__qwen2_5_7b_instruct_q4_k_m,validation,matched_clean_llm,dedup-cluster-02520044ca48813bb14ebc78,revision_v1_aes256_gcm_base64_003,llama3_8b_instruct_q4_k_m,nonseg_ascii_b8,aes256_gcm_base64,forum_learning_answer
detector_pair__1442200e73d11e67dcffef0c__ordinary_control,0,0.006001513451337814,deberta,leave_one_model__qwen2_5_7b_instruct_q4_k_m,validation,matched_clean_llm,dedup-cluster-bced2ec523557c720d4ecf66,revision_v1_token_128_bit_hex_036,mistral_7b_instruct_v0_3_q4_k_m,segmented_hex_single_topic,token_128_bit_hex,explain_biological_process
detector_pair__1442200e73d11e67dcffef0c__rankcloak,1,0.07834208011627197,deberta,leave_one_model__qwen2_5_7b_instruct_q4_k_m,validation,matched_clean_llm,dedup-cluster-bced2ec523557c720d4ecf66,revision_v1_token_128_bit_hex_036,mistral_7b_instruct_v0_3_q4_k_m,segmented_hex_single_topic,token_128_bit_hex,explain_biological_process
detector_pair__147b7d43e5a69889305b8418__ordinary_control,0,0.00031390003277920187,deberta,leave_one_model__qwen2_5_7b_instruct_q4_k_m,validation,matched_clean_llm,dedup-cluster-60a1e2f88d4e40514869d20f,revision_v1_ed25519_signature_base64_051,mistral_7b_instruct_v0_3_q4_k_m,direct_subword_calgacus,ed25519_signature_base64,casual_neighborhood_chat
detector_pair__147b7d43e5a69889305b8418__rankcloak,1,0.9997956156730652,deberta,leave_one_model__qwen2_5_7b_instruct_q4_k_m,validation,matched_clean_llm,dedup-cluster-60a1e2f88d4e40514869d20f,revision_v1_ed25519_signature_base64_051,mistral_7b_instruct_v0_3_q4_k_m,direct_subword_calgacus,ed25519_signature_base64,casual_neighborhood_chat
detector_pair__147e4ea5bc209bce6bce4852__ordinary_control,0,0.00612462405115366,deberta,leave_one_model__qwen2_5_7b_instruct_q4_k_m,validation,matched_clean_llm,dedup-cluster-48d7da6cd06bde46d05aad3f,revision_v1_sha256_hex_056,llama3_8b_instruct_q4_k_m,direct_subword_calgacus,sha256_hex,forum_practical_answer
detector_pair__147e4ea5bc209bce6bce4852__rankcloak,1,0.9996007084846497,deberta,leave_one_model__qwen2_5_7b_instruct_q4_k_m,validation,matched_clean_llm,dedup-cluster-48d7da6cd06bde46d05aad3f,revision_v1_sha256_hex_056,llama3_8b_instruct_q4_k_m,direct_subword_calgacus,sha256_hex,forum_practical_answer
detector_pair__14bc85ba6a3a8941cd5cf49e__ordinary_control,0,0.0006481249001808465,deberta,leave_one_model__qwen2_5_7b_instruct_q4_k_m,validation,matched_clean_llm,dedup-cluster-087cbaaa2408a99991319532,revision_v1_uuid_v4_052,mistral_7b_instruct_v0_3_q4_k_m,nonseg_ascii_b8,uuid_v4,narrative_learning_moment
detector_pair__14bc85ba6a3a8941cd5cf49e__rankcloak,1,0.9984397292137146,deberta,leave_one_model__qwen2_5_7b_instruct_q4_k_m,validation,matched_clean_llm,dedup-cluster-087cbaaa2408a99991319532,revision_v1_uuid_v4_052,mistral_7b_instruct_v0_3_q4_k_m,nonseg_ascii_b8,uuid_v4,narrative_learning_moment
detector_pair__14d991390ad33d170e27a96f__ordinary_control,0,0.0012230060528963804,deberta,leave_one_model__qwen2_5_7b_instruct_q4_k_m,validation,matched_clean_llm,dedup-cluster-48d7da6cd06bde46d05aad3f,revision_v1_sha256_hex_056,mistral_7b_instruct_v0_3_q4_k_m,segmented_hex_single_topic,sha256_hex,narrative_learning_moment
detector_pair__14d991390ad33d170e27a96f__rankcloak,1,0.5532294511795044,deberta,leave_one_model__qwen2_5_7b_instruct_q4_k_m,validation,matched_clean_llm,dedup-cluster-48d7da6cd06bde46d05aad3f,revision_v1_sha256_hex_056,mistral_7b_instruct_v0_3_q4_k_m,segmented_hex_single_topic,sha256_hex,narrative_learning_moment
detector_pair__1528c5be0c43d279b12dab04__ordinary_control,0,0.001994909020140767,deberta,leave_one_model__qwen2_5_7b_instruct_q4_k_m,validation,matched_clean_llm,dedup-cluster-cb374f9ca23dfd168fe55742,revision_v1_hmac_sha256_hex_055,mistral_7b_instruct_v0_3_q4_k_m,segmented_hex_single_topic,hmac_sha256_hex,narrative_small_discovery
detector_pair__1528c5be0c43d279b12dab04__rankcloak,1,0.05431825667619705,deberta,leave_one_model__qwen2_5_7b_instruct_q4_k_m,validation,matched_clean_llm,dedup-cluster-cb374f9ca23dfd168fe55742,revision_v1_hmac_sha256_hex_055,mistral_7b_instruct_v0_3_q4_k_m,segmented_hex_single_topic,hmac_sha256_hex,narrative_small_discovery
detector_pair__159fbef0a3e36425471ebd74__ordinary_control,0,0.0019572610035538673,deberta,leave_one_model__qwen2_5_7b_instruct_q4_k_m,validation,matched_clean_llm,dedup-cluster-b3aacb3da0049b4608f31b89,revision_v1_aes256_gcm_base64_033,mistral_7b_instruct_v0_3_q4_k_m,nonseg_ascii_b8,aes256_gcm_base64,narrative_small_discovery
detector_pair__159fbef0a3e36425471ebd74__rankcloak,1,0.9989390969276428,deberta,leave_one_model__qwen2_5_7b_instruct_q4_k_m,validation,matched_clean_llm,dedup-cluster-b3aacb3da0049b4608f31b89,revision_v1_aes256_gcm_base64_033,mistral_7b_instruct_v0_3_q4_k_m,nonseg_ascii_b8,aes256_gcm_base64,narrative_small_discovery
detector_pair__15c17076de9333b9a678506d__ordinary_control,0,0.00120765739120543,deberta,leave_one_model__qwen2_5_7b_instruct_q4_k_m,validation,matched_clean_llm,dedup-cluster-4df1f95590c9f69533ae0634,revision_v1_nonce_96_bit_hex_027,llama3_8b_instruct_q4_k_m,segmented_hex_single_topic,nonce_96_bit_hex,explain_weather_pattern
detector_pair__15c17076de9333b9a678506d__rankcloak,1,0.9992619156837463,deberta,leave_one_model__qwen2_5_7b_instruct_q4_k_m,validation,matched_clean_llm,dedup-cluster-4df1f95590c9f69533ae0634,revision_v1_nonce_96_bit_hex_027,llama3_8b_instruct_q4_k_m,segmented_hex_single_topic,nonce_96_bit_hex,explain_weather_pattern
detector_pair__15d0d9f8d95bdaa351b23d25__ordinary_control,0,0.0003787204041145742,deberta,leave_one_model__qwen2_5_7b_instruct_q4_k_m,validation,matched_clean_llm,dedup-cluster-17900f3eff20bb84e24fa1da,revision_v1_token_128_bit_hex_021,llama3_8b_instruct_q4_k_m,nonseg_ascii_b16,token_128_bit_hex,casual_weekend_chat
detector_pair__15d0d9f8d95bdaa351b23d25__rankcloak,1,0.9158329963684082,deberta,leave_one_model__qwen2_5_7b_instruct_q4_k_m,validation,matched_clean_llm,dedup-cluster-17900f3eff20bb84e24fa1da,revision_v1_token_128_bit_hex_021,llama3_8b_instruct_q4_k_m,nonseg_ascii_b16,token_128_bit_hex,casual_weekend_chat
detector_pair__16293a5f425a41659ed6ca4e__ordinary_control,0,0.0005860932869836688,deberta,leave_one_model__qwen2_5_7b_instruct_q4_k_m,validation,matched_clean_llm,dedup-cluster-8150a67016c09420f58d3140,revision_v1_sha256_hex_053,mistral_7b_instruct_v0_3_q4_k_m,nonseg_ascii_b8,sha256_hex,professional_schedule_note
detector_pair__16293a5f425a41659ed6ca4e__rankcloak,1,0.9994990825653076,deberta,leave_one_model__qwen2_5_7b_instruct_q4_k_m,validation,matched_clean_llm,dedup-cluster-8150a67016c09420f58d3140,revision_v1_sha256_hex_053,mistral_7b_instruct_v0_3_q4_k_m,nonseg_ascii_b8,sha256_hex,professional_schedule_note
detector_pair__166158108385111acb9a0380__ordinary_control,0,0.0006018130225129426,deberta,leave_one_model__qwen2_5_7b_instruct_q4_k_m,validation,matched_clean_llm,dedup-cluster-c85ea4286eb44389809ba8c7,revision_v1_uuid_v4_034,llama3_8b_instruct_q4_k_m,direct_subword_calgacus,uuid_v4,forum_practical_answer
detector_pair__166158108385111acb9a0380__rankcloak,1,0.9930294156074524,deberta,leave_one_model__qwen2_5_7b_instruct_q4_k_m,validation,matched_clean_llm,dedup-cluster-c85ea4286eb44389809ba8c7,revision_v1_uuid_v4_034,llama3_8b_instruct_q4_k_m,direct_subword_calgacus,uuid_v4,forum_practical_answer
detector_pair__167ac21d7b1e825967412b3b__ordinary_control,0,0.0009102433687075973,deberta,leave_one_model__qwen2_5_7b_instruct_q4_k_m,validation,matched_clean_llm,dedup-cluster-17900f3eff20bb84e24fa1da,revision_v1_token_128_bit_hex_021,mistral_7b_instruct_v0_3_q4_k_m,direct_subword_calgacus,token_128_bit_hex,forum_learning_answer
detector_pair__167ac21d7b1e825967412b3b__rankcloak,1,0.9992677569389343,deberta,leave_one_model__qwen2_5_7b_instruct_q4_k_m,validation,matched_clean_llm,dedup-cluster-17900f3eff20bb84e24fa1da,revision_v1_token_128_bit_hex_021,mistral_7b_instruct_v0_3_q4_k_m,direct_subword_calgacus,token_128_bit_hex,forum_learning_answer
detector_pair__1686f9b8f41a212e549b81a4__ordinary_control,0,0.0033278672490268946,deberta,leave_one_model__qwen2_5_7b_instruct_q4_k_m,validation,matched_clean_llm,dedup-cluster-2e7f1969791ae609498a9082,revision_v1_hmac_sha256_hex_020,llama3_8b_instruct_q4_k_m,nonseg_ascii_b8,hmac_sha256_hex,procedure_home_task
detector_pair__1686f9b8f41a212e549b81a4__rankcloak,1,0.9977091550827026,deberta,leave_one_model__qwen2_5_7b_instruct_q4_k_m,validation,matched_clean_llm,dedup-cluster-2e7f1969791ae609498a9082,revision_v1_hmac_sha256_hex_020,llama3_8b_instruct_q4_k_m,nonseg_ascii_b8,hmac_sha256_hex,procedure_home_task
detector_pair__16bdc28d4752aab1f4600129__ordinary_control,0,0.0012501415330916643,deberta,leave_one_model__qwen2_5_7b_instruct_q4_k_m,validation,matched_clean_llm,dedup-cluster-7b810f2afbcabc7ee462bff7,revision_v1_nonce_96_bit_hex_023,mistral_7b_instruct_v0_3_q4_k_m,segmented_hex_multi_topic,nonce_96_bit_hex,procedure_home_task
detector_pair__16bdc28d4752aab1f4600129__rankcloak,1,0.9961624145507812,deberta,leave_one_model__qwen2_5_7b_instruct_q4_k_m,validation,matched_clean_llm,dedup-cluster-7b810f2afbcabc7ee462bff7,revision_v1_nonce_96_bit_hex_023,mistral_7b_instruct_v0_3_q4_k_m,segmented_hex_multi_topic,nonce_96_bit_hex,procedure_home_task
detector_pair__16c8d9c3cb13f83304d9666e__ordinary_control,0,0.0007927460828796029,deberta,leave_one_model__qwen2_5_7b_instruct_q4_k_m,validation,matched_clean_llm,dedup-cluster-32ad4bf593b222d70a8ca962,revision_v1_hmac_sha256_hex_053,llama3_8b_instruct_q4_k_m,nonseg_ascii_b8,hmac_sha256_hex,casual_weekend_chat
detector_pair__16c8d9c3cb13f83304d9666e__rankcloak,1,0.9990825653076172,deberta,leave_one_model__qwen2_5_7b_instruct_q4_k_m,validation,matched_clean_llm,dedup-cluster-32ad4bf593b222d70a8ca962,revision_v1_hmac_sha256_hex_053,llama3_8b_instruct_q4_k_m,nonseg_ascii_b8,hmac_sha256_hex,casual_weekend_chat
detector_pair__16e2a223dc4ae28c42a8d987__ordinary_control,0,0.0009303910192102194,deberta,leave_one_model__qwen2_5_7b_instruct_q4_k_m,validation,matched_clean_llm,dedup-cluster-a573a5d868303e7f802ba83e,revision_v1_chacha20_poly1305_base64_008,llama3_8b_instruct_q4_k_m,direct_subword_calgacus,chacha20_poly1305_base64,forum_purchase_advice
detector_pair__16e2a223dc4ae28c42a8d987__rankcloak,1,0.9997250437736511,deberta,leave_one_model__qwen2_5_7b_instruct_q4_k_m,validation,matched_clean_llm,dedup-cluster-a573a5d868303e7f802ba83e,revision_v1_chacha20_poly1305_base64_008,llama3_8b_instruct_q4_k_m,direct_subword_calgacus,chacha20_poly1305_base64,forum_purchase_advice
detector_pair__16f3c73c1b46e9c4ca247b35__ordinary_control,0,0.0007752551464363933,deberta,leave_one_model__qwen2_5_7b_instruct_q4_k_m,validation,matched_clean_llm,dedup-cluster-40d7dc0aae7327885c0b7431,revision_v1_aes256_gcm_base64_057,llama3_8b_instruct_q4_k_m,direct_subword_calgacus,aes256_gcm_base64,forum_learning_answer
detector_pair__16f3c73c1b46e9c4ca247b35__rankcloak,1,0.9996311664581299,deberta,leave_one_model__qwen2_5_7b_instruct_q4_k_m,validation,matched_clean_llm,dedup-cluster-40d7dc0aae7327885c0b7431,revision_v1_aes256_gcm_base64_057,llama3_8b_instruct_q4_k_m,direct_subword_calgacus,aes256_gcm_base64,forum_learning_answer
detector_pair__171cdc2b88ee8541d08091d6__ordinary_control,0,0.0004187705344520509,deberta,leave_one_model__qwen2_5_7b_instruct_q4_k_m,validation,matched_clean_llm,dedup-cluster-a48caa544001e5d183a57eea,revision_v1_nonce_96_bit_hex_049,mistral_7b_instruct_v0_3_q4_k_m,segmented_hex_single_topic,nonce_96_bit_hex,explain_weather_pattern
detector_pair__171cdc2b88ee8541d08091d6__rankcloak,1,0.9996193647384644,deberta,leave_one_model__qwen2_5_7b_instruct_q4_k_m,validation,matched_clean_llm,dedup-cluster-a48caa544001e5d183a57eea,revision_v1_nonce_96_bit_hex_049,mistral_7b_instruct_v0_3_q4_k_m,segmented_hex_single_topic,nonce_96_bit_hex,explain_weather_pattern
detector_pair__1783a02f9ade7999aa5b91d6__ordinary_control,0,0.0006512700347229838,deberta,leave_one_model__qwen2_5_7b_instruct_q4_k_m,validation,matched_clean_llm,dedup-cluster-c1384975805483ef72db522a,revision_v1_uuid_v4_047,mistral_7b_instruct_v0_3_q4_k_m,nonseg_ascii_b8,uuid_v4,explain_everyday_system
detector_pair__1783a02f9ade7999aa5b91d6__rankcloak,1,0.9984323382377625,deberta,leave_one_model__qwen2_5_7b_instruct_q4_k_m,validation,matched_clean_llm,dedup-cluster-c1384975805483ef72db522a,revision_v1_uuid_v4_047,mistral_7b_instruct_v0_3_q4_k_m,nonseg_ascii_b8,uuid_v4,explain_everyday_system
detector_pair__17f0368914d90dd6c7312866__ordinary_control,0,0.001161135034635663,deberta,leave_one_model__qwen2_5_7b_instruct_q4_k_m,validation,matched_clean_llm,dedup-cluster-21724430ac9765521f1234e5,revision_v1_token_128_bit_hex_056,llama3_8b_instruct_q4_k_m,nonseg_ascii_b8,token_128_bit_hex,explain_weather_pattern
detector_pair__17f0368914d90dd6c7312866__rankcloak,1,0.944197952747345,deberta,leave_one_model__qwen2_5_7b_instruct_q4_k_m,validation,matched_clean_llm,dedup-cluster-21724430ac9765521f1234e5,revision_v1_token_128_bit_hex_056,llama3_8b_instruct_q4_k_m,nonseg_ascii_b8,token_128_bit_hex,explain_weather_pattern
detector_pair__1824b0f6ad5dd4233f98d684__ordinary_control,0,0.0005371212027966976,deberta,leave_one_model__qwen2_5_7b_instruct_q4_k_m,validation,matched_clean_llm,dedup-cluster-339659e6d45626f95acf4c5b,revision_v1_nonce_96_bit_hex_052,mistral_7b_instruct_v0_3_q4_k_m,direct_subword_calgacus,nonce_96_bit_hex,forum_practical_answer
detector_pair__1824b0f6ad5dd4233f98d684__rankcloak,1,0.9937463998794556,deberta,leave_one_model__qwen2_5_7b_instruct_q4_k_m,validation,matched_clean_llm,dedup-cluster-339659e6d45626f95acf4c5b,revision_v1_nonce_96_bit_hex_052,mistral_7b_instruct_v0_3_q4_k_m,direct_subword_calgacus,nonce_96_bit_hex,forum_practical_answer
detector_pair__18514bb0a01a77c2cda23693__ordinary_control,0,0.001086718519218266,deberta,leave_one_model__qwen2_5_7b_instruct_q4_k_m,validation,matched_clean_llm,dedup-cluster-1d730332b470450b93b8b767,revision_v1_hmac_sha256_hex_006,mistral_7b_instruct_v0_3_q4_k_m,nonseg_ascii_b8,hmac_sha256_hex,procedure_home_task
detector_pair__18514bb0a01a77c2cda23693__rankcloak,1,0.999432384967804,deberta,leave_one_model__qwen2_5_7b_instruct_q4_k_m,validation,matched_clean_llm,dedup-cluster-1d730332b470450b93b8b767,revision_v1_hmac_sha256_hex_006,mistral_7b_instruct_v0_3_q4_k_m,nonseg_ascii_b8,hmac_sha256_hex,procedure_home_task
detector_pair__186097f7a4a7d1a7092a3129__ordinary_control,0,0.0005072217900305986,deberta,leave_one_model__qwen2_5_7b_instruct_q4_k_m,validation,matched_clean_llm,dedup-cluster-40d7dc0aae7327885c0b7431,revision_v1_aes256_gcm_base64_057,mistral_7b_instruct_v0_3_q4_k_m,direct_subword_calgacus,aes256_gcm_base64,narrative_local_walk
detector_pair__186097f7a4a7d1a7092a3129__rankcloak,1,0.9996638298034668,deberta,leave_one_model__qwen2_5_7b_instruct_q4_k_m,validation,matched_clean_llm,dedup-cluster-40d7dc0aae7327885c0b7431,revision_v1_aes256_gcm_base64_057,mistral_7b_instruct_v0_3_q4_k_m,direct_subword_calgacus,aes256_gcm_base64,narrative_local_walk
detector_pair__18d6a7050a6150b6b4a992b0__ordinary_control,0,0.0007097041816450655,deberta,leave_one_model__qwen2_5_7b_instruct_q4_k_m,validation,matched_clean_llm,dedup-cluster-e2f7268932e937ee54d92fe1,revision_v1_uuid_v4_016,llama3_8b_instruct_q4_k_m,direct_subword_calgacus,uuid_v4,forum_practical_answer
detector_pair__18d6a7050a6150b6b4a992b0__rankcloak,1,0.9903462529182434,deberta,leave_one_model__qwen2_5_7b_instruct_q4_k_m,validation,matched_clean_llm,dedup-cluster-e2f7268932e937ee54d92fe1,revision_v1_uuid_v4_016,llama3_8b_instruct_q4_k_m,direct_subword_calgacus,uuid_v4,forum_practical_answer
detector_pair__196531d820e567cecd8d984b__ordinary_control,0,0.0008547482430003583,deberta,leave_one_model__qwen2_5_7b_instruct_q4_k_m,validation,matched_clean_llm,dedup-cluster-68e08a4fc96aff3403abad93,revision_v1_nonce_96_bit_hex_031,mistral_7b_instruct_v0_3_q4_k_m,nonseg_hex_nibble_b16,nonce_96_bit_hex,explain_weather_pattern
detector_pair__196531d820e567cecd8d984b__rankcloak,1,0.5100758075714111,deberta,leave_one_model__qwen2_5_7b_instruct_q4_k_m,validation,matched_clean_llm,dedup-cluster-68e08a4fc96aff3403abad93,revision_v1_nonce_96_bit_hex_031,mistral_7b_instruct_v0_3_q4_k_m,nonseg_hex_nibble_b16,nonce_96_bit_hex,explain_weather_pattern
detector_pair__1987ec97973a48de03d6716b__ordinary_control,0,0.0020798284094780684,deberta,leave_one_model__qwen2_5_7b_instruct_q4_k_m,validation,matched_clean_llm,dedup-cluster-0401b1baba09fb1c1437ea35,revision_v1_nonce_96_bit_hex_011,llama3_8b_instruct_q4_k_m,nonseg_hex_nibble_b16,nonce_96_bit_hex,professional_project_update
detector_pair__1987ec97973a48de03d6716b__rankcloak,1,0.9961624145507812,deberta,leave_one_model__qwen2_5_7b_instruct_q4_k_m,validation,matched_clean_llm,dedup-cluster-0401b1baba09fb1c1437ea35,revision_v1_nonce_96_bit_hex_011,llama3_8b_instruct_q4_k_m,nonseg_hex_nibble_b16,nonce_96_bit_hex,professional_project_update
detector_pair__1a7bbd2b6796cb969c00e8db__ordinary_control,0,0.0005329705309122801,deberta,leave_one_model__qwen2_5_7b_instruct_q4_k_m,validation,matched_clean_llm,dedup-cluster-a48caa544001e5d183a57eea,revision_v1_nonce_96_bit_hex_049,mistral_7b_instruct_v0_3_q4_k_m,segmented_hex_multi_topic,nonce_96_bit_hex,explain_weather_pattern
detector_pair__1a7bbd2b6796cb969c00e8db__rankcloak,1,0.9992859959602356,deberta,leave_one_model__qwen2_5_7b_instruct_q4_k_m,validation,matched_clean_llm,dedup-cluster-a48caa544001e5d183a57eea,revision_v1_nonce_96_bit_hex_049,mistral_7b_instruct_v0_3_q4_k_m,segmented_hex_multi_topic,nonce_96_bit_hex,explain_weather_pattern
detector_pair__1a8bf7984bade97647c8ee2a__ordinary_control,0,0.00047568039735779166,deberta,leave_one_model__qwen2_5_7b_instruct_q4_k_m,validation,matched_clean_llm,dedup-cluster-064db5ffad9ed683b6e0fdbd,revision_v1_sha256_hex_035,mistral_7b_instruct_v0_3_q4_k_m,segmented_hex_single_topic,sha256_hex,professional_schedule_note
detector_pair__1a8bf7984bade97647c8ee2a__rankcloak,1,0.9997712969779968,deberta,leave_one_model__qwen2_5_7b_instruct_q4_k_m,validation,matched_clean_llm,dedup-cluster-064db5ffad9ed683b6e0fdbd,revision_v1_sha256_hex_035,mistral_7b_instruct_v0_3_q4_k_m,segmented_hex_single_topic,sha256_hex,professional_schedule_note
detector_pair__1b297ecec998fe103c2a51d9__ordinary_control,0,0.0007467808318324387,deberta,leave_one_model__qwen2_5_7b_instruct_q4_k_m,validation,matched_clean_llm,dedup-cluster-9e865129af4def1fc2a2442c,revision_v1_ed25519_signature_base64_017,llama3_8b_instruct_q4_k_m,nonseg_ascii_b16,ed25519_signature_base64,casual_weekend_chat
detector_pair__1b297ecec998fe103c2a51d9__rankcloak,1,0.9996681213378906,deberta,leave_one_model__qwen2_5_7b_instruct_q4_k_m,validation,matched_clean_llm,dedup-cluster-9e865129af4def1fc2a2442c,revision_v1_ed25519_signature_base64_017,llama3_8b_instruct_q4_k_m,nonseg_ascii_b16,ed25519_signature_base64,casual_weekend_chat
detector_pair__1b69dc27fce6fa7ee50ac431__ordinary_control,0,0.0021971494425088167,deberta,leave_one_model__qwen2_5_7b_instruct_q4_k_m,validation,matched_clean_llm,dedup-cluster-b3aacb3da0049b4608f31b89,revision_v1_aes256_gcm_base64_033,llama3_8b_instruct_q4_k_m,nonseg_ascii_b8,aes256_gcm_base64,forum_purchase_advice
detector_pair__1b69dc27fce6fa7ee50ac431__rankcloak,1,0.010236786678433418,deberta,leave_one_model__qwen2_5_7b_instruct_q4_k_m,validation,matched_clean_llm,dedup-cluster-b3aacb3da0049b4608f31b89,revision_v1_aes256_gcm_base64_033,llama3_8b_instruct_q4_k_m,nonseg_ascii_b8,aes256_gcm_base64,forum_purchase_advice
detector_pair__1b7a179ef70668ae9991a2c0__ordinary_control,0,0.0005168013740330935,deberta,leave_one_model__qwen2_5_7b_instruct_q4_k_m,validation,matched_clean_llm,dedup-cluster-f71f239b6ba6105b60b970fe,revision_v1_aes256_gcm_base64_049,mistral_7b_instruct_v0_3_q4_k_m,nonseg_ascii_b16,aes256_gcm_base64,forum_practical_answer
detector_pair__1b7a179ef70668ae9991a2c0__rankcloak,1,0.9996786117553711,deberta,leave_one_model__qwen2_5_7b_instruct_q4_k_m,validation,matched_clean_llm,dedup-cluster-f71f239b6ba6105b60b970fe,revision_v1_aes256_gcm_base64_049,mistral_7b_instruct_v0_3_q4_k_m,nonseg_ascii_b16,aes256_gcm_base64,forum_practical_answer
detector_pair__1c27890a3bf5108ff353fde7__ordinary_control,0,0.00042751096771098673,deberta,leave_one_model__qwen2_5_7b_instruct_q4_k_m,validation,matched_clean_llm,dedup-cluster-e39d52527261844e25cbad0b,revision_v1_uuid_v4_006,llama3_8b_instruct_q4_k_m,direct_subword_calgacus,uuid_v4,narrative_learning_moment
detector_pair__1c27890a3bf5108ff353fde7__rankcloak,1,0.9884167313575745,deberta,leave_one_model__qwen2_5_7b_instruct_q4_k_m,validation,matched_clean_llm,dedup-cluster-e39d52527261844e25cbad0b,revision_v1_uuid_v4_006,llama3_8b_instruct_q4_k_m,direct_subword_calgacus,uuid_v4,narrative_learning_moment
detector_pair__1cb6c2680ce9c0098e0c768a__ordinary_control,0,0.0011978306574746966,deberta,leave_one_model__qwen2_5_7b_instruct_q4_k_m,validation,matched_clean_llm,dedup-cluster-d028afde8d3446e776f3bdbf,revision_v1_hmac_sha256_hex_013,mistral_7b_instruct_v0_3_q4_k_m,nonseg_ascii_b16,hmac_sha256_hex,narrative_learning_moment
detector_pair__1cb6c2680ce9c0098e0c768a__rankcloak,1,0.9984697699546814,deberta,leave_one_model__qwen2_5_7b_instruct_q4_k_m,validation,matched_clean_llm,dedup-cluster-d028afde8d3446e776f3bdbf,revision_v1_hmac_sha256_hex_013,mistral_7b_instruct_v0_3_q4_k_m,nonseg_ascii_b16,hmac_sha256_hex,narrative_learning_moment
detector_pair__1cc68283a963a3c412c5763b__ordinary_control,0,0.0008145137107931077,deberta,leave_one_model__qwen2_5_7b_instruct_q4_k_m,validation,matched_clean_llm,dedup-cluster-484bc3854d49e18198bd3802,revision_v1_hmac_sha256_hex_050,mistral_7b_instruct_v0_3_q4_k_m,segmented_hex_single_topic,hmac_sha256_hex,explain_biological_process
detector_pair__1cc68283a963a3c412c5763b__rankcloak,1,0.9997702240943909,deberta,leave_one_model__qwen2_5_7b_instruct_q4_k_m,validation,matched_clean_llm,dedup-cluster-484bc3854d49e18198bd3802,revision_v1_hmac_sha256_hex_050,mistral_7b_instruct_v0_3_q4_k_m,segmented_hex_single_topic,hmac_sha256_hex,explain_biological_process
detector_pair__1cdda357398a80ada6ed379c__ordinary_control,0,0.002530256751924753,deberta,leave_one_model__qwen2_5_7b_instruct_q4_k_m,validation,matched_clean_llm,dedup-cluster-6ce30f9a3e80626084969f2a,revision_v1_ed25519_signature_base64_043,llama3_8b_instruct_q4_k_m,direct_subword_calgacus,ed25519_signature_base64,forum_learning_answer
detector_pair__1cdda357398a80ada6ed379c__rankcloak,1,0.9997914433479309,deberta,leave_one_model__qwen2_5_7b_instruct_q4_k_m,validation,matched_clean_llm,dedup-cluster-6ce30f9a3e80626084969f2a,revision_v1_ed25519_signature_base64_043,llama3_8b_instruct_q4_k_m,direct_subword_calgacus,ed25519_signature_base64,forum_learning_answer
detector_pair__1d32b4cfac2134bb151f0278__ordinary_control,0,0.06929989904165268,deberta,leave_one_model__qwen2_5_7b_instruct_q4_k_m,validation,matched_clean_llm,dedup-cluster-40f1050b751f94d4062ce3bb,revision_v1_aes256_gcm_base64_032,mistral_7b_instruct_v0_3_q4_k_m,nonseg_ascii_b8,aes256_gcm_base64,procedure_simple_meal
detector_pair__1d32b4cfac2134bb151f0278__rankcloak,1,0.99969482421875,deberta,leave_one_model__qwen2_5_7b_instruct_q4_k_m,validation,matched_clean_llm,dedup-cluster-40f1050b751f94d4062ce3bb,revision_v1_aes256_gcm_base64_032,mistral_7b_instruct_v0_3_q4_k_m,nonseg_ascii_b8,aes256_gcm_base64,procedure_simple_meal
detector_pair__1dc5ed5416c0d12b4946e988__ordinary_control,0,0.0003415368846617639,deberta,leave_one_model__qwen2_5_7b_instruct_q4_k_m,validation,matched_clean_llm,dedup-cluster-1e608c8c5860067de2774eaa,revision_v1_uuid_v4_008,llama3_8b_instruct_q4_k_m,nonseg_ascii_b8,uuid_v4,casual_neighborhood_chat
detector_pair__1dc5ed5416c0d12b4946e988__rankcloak,1,0.7923789620399475,deberta,leave_one_model__qwen2_5_7b_instruct_q4_k_m,validation,matched_clean_llm,dedup-cluster-1e608c8c5860067de2774eaa,revision_v1_uuid_v4_008,llama3_8b_instruct_q4_k_m,nonseg_ascii_b8,uuid_v4,casual_neighborhood_chat
detector_pair__1dde7538dcf6edd7b53196d9__ordinary_control,0,0.000299464154522866,deberta,leave_one_model__qwen2_5_7b_instruct_q4_k_m,validation,matched_clean_llm,dedup-cluster-c581ece2a3e5e2c3b74d6d5e,revision_v1_chacha20_poly1305_base64_016,mistral_7b_instruct_v0_3_q4_k_m,direct_subword_calgacus,chacha20_poly1305_base64,casual_hobby_chat
detector_pair__1dde7538dcf6edd7b53196d9__rankcloak,1,0.9996888637542725,deberta,leave_one_model__qwen2_5_7b_instruct_q4_k_m,validation,matched_clean_llm,dedup-cluster-c581ece2a3e5e2c3b74d6d5e,revision_v1_chacha20_poly1305_base64_016,mistral_7b_instruct_v0_3_q4_k_m,direct_subword_calgacus,chacha20_poly1305_base64,casual_hobby_chat
detector_pair__1e0d548993f83752e97427d0__ordinary_control,0,0.0016124993562698364,deberta,leave_one_model__qwen2_5_7b_instruct_q4_k_m,validation,matched_clean_llm,dedup-cluster-729f0f62c71d15bb8d8f7eff,revision_v1_token_128_bit_hex_004,mistral_7b_instruct_v0_3_q4_k_m,segmented_hex_single_topic,token_128_bit_hex,procedure_garden_task
detector_pair__1e0d548993f83752e97427d0__rankcloak,1,0.9996721744537354,deberta,leave_one_model__qwen2_5_7b_instruct_q4_k_m,validation,matched_clean_llm,dedup-cluster-729f0f62c71d15bb8d8f7eff,revision_v1_token_128_bit_hex_004,mistral_7b_instruct_v0_3_q4_k_m,segmented_hex_single_topic,token_128_bit_hex,procedure_garden_task
detector_pair__1e5aa00de8aceadb3eaf6693__ordinary_control,0,0.0008674849523231387,deberta,leave_one_model__qwen2_5_7b_instruct_q4_k_m,validation,matched_clean_llm,dedup-cluster-d95563a927f567b6601e551e,revision_v1_uuid_v4_020,mistral_7b_instruct_v0_3_q4_k_m,direct_subword_calgacus,uuid_v4,forum_practical_answer
detector_pair__1e5aa00de8aceadb3eaf6693__rankcloak,1,0.9933962225914001,deberta,leave_one_model__qwen2_5_7b_instruct_q4_k_m,validation,matched_clean_llm,dedup-cluster-d95563a927f567b6601e551e,revision_v1_uuid_v4_020,mistral_7b_instruct_v0_3_q4_k_m,direct_subword_calgacus,uuid_v4,forum_practical_answer
detector_pair__1e9ff615ce64c751a1a4ea30__ordinary_control,0,0.00039995057159103453,deberta,leave_one_model__qwen2_5_7b_instruct_q4_k_m,validation,matched_clean_llm,dedup-cluster-a1abcb49aa12280f617295a6,revision_v1_sha256_hex_034,mistral_7b_instruct_v0_3_q4_k_m,segmented_hex_single_topic,sha256_hex,casual_hobby_chat
detector_pair__1e9ff615ce64c751a1a4ea30__rankcloak,1,0.9996620416641235,deberta,leave_one_model__qwen2_5_7b_instruct_q4_k_m,validation,matched_clean_llm,dedup-cluster-a1abcb49aa12280f617295a6,revision_v1_sha256_hex_034,mistral_7b_instruct_v0_3_q4_k_m,segmented_hex_single_topic,sha256_hex,casual_hobby_chat
detector_pair__1ea9c3e376b5d215901c8f08__ordinary_control,0,0.00166063301730901,deberta,leave_one_model__qwen2_5_7b_instruct_q4_k_m,validation,matched_clean_llm,dedup-cluster-0de80089e8762fad04cb9524,revision_v1_ed25519_signature_base64_046,llama3_8b_instruct_q4_k_m,direct_subword_calgacus,ed25519_signature_base64,explain_biological_process
detector_pair__1ea9c3e376b5d215901c8f08__rankcloak,1,0.9996733665466309,deberta,leave_one_model__qwen2_5_7b_instruct_q4_k_m,validation,matched_clean_llm,dedup-cluster-0de80089e8762fad04cb9524,revision_v1_ed25519_signature_base64_046,llama3_8b_instruct_q4_k_m,direct_subword_calgacus,ed25519_signature_base64,explain_biological_process
detector_pair__1ecb74d437f1ffd1ebc139d7__ordinary_control,0,0.003347542602568865,deberta,leave_one_model__qwen2_5_7b_instruct_q4_k_m,validation,matched_clean_llm,dedup-cluster-a9a56840e2c7d4a59a486e62,revision_v1_nonce_96_bit_hex_025,llama3_8b_instruct_q4_k_m,segmented_hex_multi_topic,nonce_96_bit_hex,procedure_simple_meal
detector_pair__1ecb74d437f1ffd1ebc139d7__rankcloak,1,0.887148916721344,deberta,leave_one_model__qwen2_5_7b_instruct_q4_k_m,validation,matched_clean_llm,dedup-cluster-a9a56840e2c7d4a59a486e62,revision_v1_nonce_96_bit_hex_025,llama3_8b_instruct_q4_k_m,segmented_hex_multi_topic,nonce_96_bit_hex,procedure_simple_meal
detector_pair__1ed17a8a66946c54d48a8766__ordinary_control,0,0.0004874910810030997,deberta,leave_one_model__qwen2_5_7b_instruct_q4_k_m,validation,matched_clean_llm,dedup-cluster-0eb47bf23cdaa7b54a0335a2,revision_v1_token_128_bit_hex_055,mistral_7b_instruct_v0_3_q4_k_m,segmented_hex_single_topic,token_128_bit_hex,casual_neighborhood_chat
detector_pair__1ed17a8a66946c54d48a8766__rankcloak,1,0.0008089106995612383,deberta,leave_one_model__qwen2_5_7b_instruct_q4_k_m,validation,matched_clean_llm,dedup-cluster-0eb47bf23cdaa7b54a0335a2,revision_v1_token_128_bit_hex_055,mistral_7b_instruct_v0_3_q4_k_m,segmented_hex_single_topic,token_128_bit_hex,casual_neighborhood_chat
detector_pair__1eda3a9a556b7a3c631fa7fc__ordinary_control,0,0.001191566465422511,deberta,leave_one_model__qwen2_5_7b_instruct_q4_k_m,validation,matched_clean_llm,dedup-cluster-d028afde8d3446e776f3bdbf,revision_v1_hmac_sha256_hex_013,llama3_8b_instruct_q4_k_m,direct_subword_calgacus,hmac_sha256_hex,forum_practical_answer
detector_pair__1eda3a9a556b7a3c631fa7fc__rankcloak,1,0.9997592568397522,deberta,leave_one_model__qwen2_5_7b_instruct_q4_k_m,validation,matched_clean_llm,dedup-cluster-d028afde8d3446e776f3bdbf,revision_v1_hmac_sha256_hex_013,llama3_8b_instruct_q4_k_m,direct_subword_calgacus,hmac_sha256_hex,forum_practical_answer
detector_pair__1eeb11ebd5b543df325f233e__ordinary_control,0,0.00034954806324094534,deberta,leave_one_model__qwen2_5_7b_instruct_q4_k_m,validation,matched_clean_llm,dedup-cluster-9b8e2659fd534e6fb2b81afc,revision_v1_ed25519_signature_base64_027,mistral_7b_instruct_v0_3_q4_k_m,nonseg_ascii_b8,ed25519_signature_base64,casual_hobby_chat
detector_pair__1eeb11ebd5b543df325f233e__rankcloak,1,0.9983036518096924,deberta,leave_one_model__qwen2_5_7b_instruct_q4_k_m,validation,matched_clean_llm,dedup-cluster-9b8e2659fd534e6fb2b81afc,revision_v1_ed25519_signature_base64_027,mistral_7b_instruct_v0_3_q4_k_m,nonseg_ascii_b8,ed25519_signature_base64,casual_hobby_chat
detector_pair__1ffa94210e6a6b67cd2a4997__ordinary_control,0,0.0007959518115967512,deberta,leave_one_model__qwen2_5_7b_instruct_q4_k_m,validation,matched_clean_llm,dedup-cluster-1d730332b470450b93b8b767,revision_v1_hmac_sha256_hex_006,mistral_7b_instruct_v0_3_q4_k_m,segmented_hex_multi_topic,hmac_sha256_hex,procedure_home_task
detector_pair__1ffa94210e6a6b67cd2a4997__rankcloak,1,0.9998248219490051,deberta,leave_one_model__qwen2_5_7b_instruct_q4_k_m,validation,matched_clean_llm,dedup-cluster-1d730332b470450b93b8b767,revision_v1_hmac_sha256_hex_006,mistral_7b_instruct_v0_3_q4_k_m,segmented_hex_multi_topic,hmac_sha256_hex,procedure_home_task
detector_pair__1ffba14f88a2e10e89580c13__ordinary_control,0,0.0003059620794374496,deberta,leave_one_model__qwen2_5_7b_instruct_q4_k_m,validation,matched_clean_llm,dedup-cluster-0401b1baba09fb1c1437ea35,revision_v1_nonce_96_bit_hex_011,mistral_7b_instruct_v0_3_q4_k_m,segmented_hex_single_topic,nonce_96_bit_hex,procedure_garden_task
detector_pair__1ffba14f88a2e10e89580c13__rankcloak,1,0.9817748069763184,deberta,leave_one_model__qwen2_5_7b_instruct_q4_k_m,validation,matched_clean_llm,dedup-cluster-0401b1baba09fb1c1437ea35,revision_v1_nonce_96_bit_hex_011,mistral_7b_instruct_v0_3_q4_k_m,segmented_hex_single_topic,nonce_96_bit_hex,procedure_garden_task
detector_pair__209229a01da174742a10a250__ordinary_control,0,0.0006289734155870974,deberta,leave_one_model__qwen2_5_7b_instruct_q4_k_m,validation,matched_clean_llm,dedup-cluster-cc1d79c541da66daf8e9d81d,revision_v1_chacha20_poly1305_base64_040,llama3_8b_instruct_q4_k_m,direct_subword_calgacus,chacha20_poly1305_base64,narrative_small_discovery
detector_pair__209229a01da174742a10a250__rankcloak,1,0.998449444770813,deberta,leave_one_model__qwen2_5_7b_instruct_q4_k_m,validation,matched_clean_llm,dedup-cluster-cc1d79c541da66daf8e9d81d,revision_v1_chacha20_poly1305_base64_040,llama3_8b_instruct_q4_k_m,direct_subword_calgacus,chacha20_poly1305_base64,narrative_small_discovery
detector_pair__20a9e2fab576cf040e4148db__ordinary_control,0,0.000879003491718322,deberta,leave_one_model__qwen2_5_7b_instruct_q4_k_m,validation,matched_clean_llm,dedup-cluster-298834ce3caac8f77b13ddc3,revision_v1_aes256_gcm_base64_031,mistral_7b_instruct_v0_3_q4_k_m,nonseg_ascii_b16,aes256_gcm_base64,forum_practical_answer
detector_pair__20a9e2fab576cf040e4148db__rankcloak,1,0.9995853304862976,deberta,leave_one_model__qwen2_5_7b_instruct_q4_k_m,validation,matched_clean_llm,dedup-cluster-298834ce3caac8f77b13ddc3,revision_v1_aes256_gcm_base64_031,mistral_7b_instruct_v0_3_q4_k_m,nonseg_ascii_b16,aes256_gcm_base64,forum_practical_answer
detector_pair__2128c33e65340a6cf8c00352__ordinary_control,0,0.002572982106357813,deberta,leave_one_model__qwen2_5_7b_instruct_q4_k_m,validation,matched_clean_llm,dedup-cluster-725b5797405341915f74ba63,revision_v1_token_128_bit_hex_006,llama3_8b_instruct_q4_k_m,segmented_hex_single_topic,token_128_bit_hex,procedure_home_task
detector_pair__2128c33e65340a6cf8c00352__rankcloak,1,0.9973793029785156,deberta,leave_one_model__qwen2_5_7b_instruct_q4_k_m,validation,matched_clean_llm,dedup-cluster-725b5797405341915f74ba63,revision_v1_token_128_bit_hex_006,llama3_8b_instruct_q4_k_m,segmented_hex_single_topic,token_128_bit_hex,procedure_home_task
detector_pair__2138330e611d45d1ec717741__ordinary_control,0,0.000291612115688622,deberta,leave_one_model__qwen2_5_7b_instruct_q4_k_m,validation,matched_clean_llm,dedup-cluster-d24ae4dc1ca2dcb4473005f9,revision_v1_hmac_sha256_hex_036,llama3_8b_instruct_q4_k_m,nonseg_ascii_b16,hmac_sha256_hex,professional_schedule_note
detector_pair__2138330e611d45d1ec717741__rankcloak,1,0.9961798191070557,deberta,leave_one_model__qwen2_5_7b_instruct_q4_k_m,validation,matched_clean_llm,dedup-cluster-d24ae4dc1ca2dcb4473005f9,revision_v1_hmac_sha256_hex_036,llama3_8b_instruct_q4_k_m,nonseg_ascii_b16,hmac_sha256_hex,professional_schedule_note
detector_pair__213b38aab5ec02e36d910c88__ordinary_control,0,0.0005156174302101135,deberta,leave_one_model__qwen2_5_7b_instruct_q4_k_m,validation,matched_clean_llm,dedup-cluster-d80c78b75330766130b70bf5,revision_v1_hmac_sha256_hex_030,llama3_8b_instruct_q4_k_m,nonseg_ascii_b16,hmac_sha256_hex,professional_project_update
detector_pair__213b38aab5ec02e36d910c88__rankcloak,1,0.9990066885948181,deberta,leave_one_model__qwen2_5_7b_instruct_q4_k_m,validation,matched_clean_llm,dedup-cluster-d80c78b75330766130b70bf5,revision_v1_hmac_sha256_hex_030,llama3_8b_instruct_q4_k_m,nonseg_ascii_b16,hmac_sha256_hex,professional_project_update
detector_pair__21613caa2d8cb21cc19ccf79__ordinary_control,0,0.0006262118113227189,deberta,leave_one_model__qwen2_5_7b_instruct_q4_k_m,validation,matched_clean_llm,dedup-cluster-37d4a9d7e9509ca2f58035f8,revision_v1_hmac_sha256_hex_022,llama3_8b_instruct_q4_k_m,direct_subword_calgacus,hmac_sha256_hex,explain_everyday_system
detector_pair__21613caa2d8cb21cc19ccf79__rankcloak,1,0.999710738658905,deberta,leave_one_model__qwen2_5_7b_instruct_q4_k_m,validation,matched_clean_llm,dedup-cluster-37d4a9d7e9509ca2f58035f8,revision_v1_hmac_sha256_hex_022,llama3_8b_instruct_q4_k_m,direct_subword_calgacus,hmac_sha256_hex,explain_everyday_system
detector_pair__222c55376ec5e1e5f1d7233f__ordinary_control,0,0.0007618810050189495,deberta,leave_one_model__qwen2_5_7b_instruct_q4_k_m,validation,matched_clean_llm,dedup-cluster-4df1f95590c9f69533ae0634,revision_v1_nonce_96_bit_hex_027,mistral_7b_instruct_v0_3_q4_k_m,direct_subword_calgacus,nonce_96_bit_hex,professional_process_email
detector_pair__222c55376ec5e1e5f1d7233f__rankcloak,1,0.9997879862785339,deberta,leave_one_model__qwen2_5_7b_instruct_q4_k_m,validation,matched_clean_llm,dedup-cluster-4df1f95590c9f69533ae0634,revision_v1_nonce_96_bit_hex_027,mistral_7b_instruct_v0_3_q4_k_m,direct_subword_calgacus,nonce_96_bit_hex,professional_process_email
detector_pair__22a28fcb174981aa9ec8f2ab__ordinary_control,0,0.0010873874416574836,deberta,leave_one_model__qwen2_5_7b_instruct_q4_k_m,validation,matched_clean_llm,dedup-cluster-a573a5d868303e7f802ba83e,revision_v1_chacha20_poly1305_base64_008,llama3_8b_instruct_q4_k_m,nonseg_ascii_b16,chacha20_poly1305_base64,forum_purchase_advice
detector_pair__22a28fcb174981aa9ec8f2ab__rankcloak,1,0.9931542873382568,deberta,leave_one_model__qwen2_5_7b_instruct_q4_k_m,validation,matched_clean_llm,dedup-cluster-a573a5d868303e7f802ba83e,revision_v1_chacha20_poly1305_base64_008,llama3_8b_instruct_q4_k_m,nonseg_ascii_b16,chacha20_poly1305_base64,forum_purchase_advice
detector_pair__22ca18fb4cfe8bc2d57c8024__ordinary_control,0,0.0025519048795104027,deberta,leave_one_model__qwen2_5_7b_instruct_q4_k_m,validation,matched_clean_llm,dedup-cluster-0401b1baba09fb1c1437ea35,revision_v1_nonce_96_bit_hex_011,llama3_8b_instruct_q4_k_m,segmented_hex_multi_topic,nonce_96_bit_hex,professional_project_update
detector_pair__22ca18fb4cfe8bc2d57c8024__rankcloak,1,0.9522988200187683,deberta,leave_one_model__qwen2_5_7b_instruct_q4_k_m,validation,matched_clean_llm,dedup-cluster-0401b1baba09fb1c1437ea35,revision_v1_nonce_96_bit_hex_011,llama3_8b_instruct_q4_k_m,segmented_hex_multi_topic,nonce_96_bit_hex,professional_project_update
detector_pair__22dad54d16314ebc2e8ce2e6__ordinary_control,0,0.0011979172704741359,deberta,leave_one_model__qwen2_5_7b_instruct_q4_k_m,validation,matched_clean_llm,dedup-cluster-4df1f95590c9f69533ae0634,revision_v1_nonce_96_bit_hex_027,llama3_8b_instruct_q4_k_m,segmented_hex_multi_topic,nonce_96_bit_hex,explain_weather_pattern
detector_pair__22dad54d16314ebc2e8ce2e6__rankcloak,1,0.9954174757003784,deberta,leave_one_model__qwen2_5_7b_instruct_q4_k_m,validation,matched_clean_llm,dedup-cluster-4df1f95590c9f69533ae0634,revision_v1_nonce_96_bit_hex_027,llama3_8b_instruct_q4_k_m,segmented_hex_multi_topic,nonce_96_bit_hex,explain_weather_pattern
detector_pair__22ecb85a9ab499a876d28f84__ordinary_control,0,0.0003540196339599788,deberta,leave_one_model__qwen2_5_7b_instruct_q4_k_m,validation,matched_clean_llm,dedup-cluster-895f397b7b83bd34e4862c58,revision_v1_chacha20_poly1305_base64_033,llama3_8b_instruct_q4_k_m,direct_subword_calgacus,chacha20_poly1305_base64,procedure_garden_task
detector_pair__22ecb85a9ab499a876d28f84__rankcloak,1,0.9997879862785339,deberta,leave_one_model__qwen2_5_7b_instruct_q4_k_m,validation,matched_clean_llm,dedup-cluster-895f397b7b83bd34e4862c58,revision_v1_chacha20_poly1305_base64_033,llama3_8b_instruct_q4_k_m,direct_subword_calgacus,chacha20_poly1305_base64,procedure_garden_task
detector_pair__239fa5584e5d8a4c7df300ec__ordinary_control,0,0.0006357741658575833,deberta,leave_one_model__qwen2_5_7b_instruct_q4_k_m,validation,matched_clean_llm,dedup-cluster-c588a294c6263bec1e8ad56d,revision_v1_token_128_bit_hex_054,llama3_8b_instruct_q4_k_m,nonseg_ascii_b16,token_128_bit_hex,procedure_simple_meal
detector_pair__239fa5584e5d8a4c7df300ec__rankcloak,1,0.9989860653877258,deberta,leave_one_model__qwen2_5_7b_instruct_q4_k_m,validation,matched_clean_llm,dedup-cluster-c588a294c6263bec1e8ad56d,revision_v1_token_128_bit_hex_054,llama3_8b_instruct_q4_k_m,nonseg_ascii_b16,token_128_bit_hex,procedure_simple_meal
detector_pair__23aa479d9d53f171fdbb3627__ordinary_control,0,0.0021432065404951572,deberta,leave_one_model__qwen2_5_7b_instruct_q4_k_m,validation,matched_clean_llm,dedup-cluster-6011fbb5ee1115e93ddfe3e1,revision_v1_chacha20_poly1305_base64_047,llama3_8b_instruct_q4_k_m,nonseg_ascii_b16,chacha20_poly1305_base64,explain_everyday_system
detector_pair__23aa479d9d53f171fdbb3627__rankcloak,1,0.9733387231826782,deberta,leave_one_model__qwen2_5_7b_instruct_q4_k_m,validation,matched_clean_llm,dedup-cluster-6011fbb5ee1115e93ddfe3e1,revision_v1_chacha20_poly1305_base64_047,llama3_8b_instruct_q4_k_m,nonseg_ascii_b16,chacha20_poly1305_base64,explain_everyday_system
detector_pair__240f6f5ae7d6fb6732952b20__ordinary_control,0,0.0006922173197381198,deberta,leave_one_model__qwen2_5_7b_instruct_q4_k_m,validation,matched_clean_llm,dedup-cluster-4c7d81d9bc771045be64324c,revision_v1_nonce_96_bit_hex_001,llama3_8b_instruct_q4_k_m,segmented_hex_single_topic,nonce_96_bit_hex,procedure_garden_task
detector_pair__240f6f5ae7d6fb6732952b20__rankcloak,1,0.9982877373695374,deberta,leave_one_model__qwen2_5_7b_instruct_q4_k_m,validation,matched_clean_llm,dedup-cluster-4c7d81d9bc771045be64324c,revision_v1_nonce_96_bit_hex_001,llama3_8b_instruct_q4_k_m,segmented_hex_single_topic,nonce_96_bit_hex,procedure_garden_task
detector_pair__2439eb999d325e1c72867491__ordinary_control,0,0.0009400164126418531,deberta,leave_one_model__qwen2_5_7b_instruct_q4_k_m,validation,matched_clean_llm,dedup-cluster-a1f09603de61d42b17c60f90,revision_v1_nonce_96_bit_hex_058,mistral_7b_instruct_v0_3_q4_k_m,segmented_hex_single_topic,nonce_96_bit_hex,forum_purchase_advice
detector_pair__2439eb999d325e1c72867491__rankcloak,1,0.8289292454719543,deberta,leave_one_model__qwen2_5_7b_instruct_q4_k_m,validation,matched_clean_llm,dedup-cluster-a1f09603de61d42b17c60f90,revision_v1_nonce_96_bit_hex_058,mistral_7b_instruct_v0_3_q4_k_m,segmented_hex_single_topic,nonce_96_bit_hex,forum_purchase_advice
detector_pair__244ffd49d74fe05baebe0dcd__ordinary_control,0,0.00035916591878049076,deberta,leave_one_model__qwen2_5_7b_instruct_q4_k_m,validation,matched_clean_llm,dedup-cluster-32ad4bf593b222d70a8ca962,revision_v1_hmac_sha256_hex_053,mistral_7b_instruct_v0_3_q4_k_m,direct_subword_calgacus,hmac_sha256_hex,forum_learning_answer
detector_pair__244ffd49d74fe05baebe0dcd__rankcloak,1,0.9996145963668823,deberta,leave_one_model__qwen2_5_7b_instruct_q4_k_m,validation,matched_clean_llm,dedup-cluster-32ad4bf593b222d70a8ca962,revision_v1_hmac_sha256_hex_053,mistral_7b_instruct_v0_3_q4_k_m,direct_subword_calgacus,hmac_sha256_hex,forum_learning_answer
detector_pair__246426e18aa6d54131dafa64__ordinary_control,0,0.0005389633006416261,deberta,leave_one_model__qwen2_5_7b_instruct_q4_k_m,validation,matched_clean_llm,dedup-cluster-23688669a27f472f3b4c7be0,revision_v1_uuid_v4_038,mistral_7b_instruct_v0_3_q4_k_m,nonseg_ascii_b8,uuid_v4,forum_practical_answer
detector_pair__246426e18aa6d54131dafa64__rankcloak,1,0.998557984828949,deberta,leave_one_model__qwen2_5_7b_instruct_q4_k_m,validation,matched_clean_llm,dedup-cluster-23688669a27f472f3b4c7be0,revision_v1_uuid_v4_038,mistral_7b_instruct_v0_3_q4_k_m,nonseg_ascii_b8,uuid_v4,forum_practical_answer
detector_pair__24d9b849bf558a3297333c99__ordinary_control,0,0.000737324240617454,deberta,leave_one_model__qwen2_5_7b_instruct_q4_k_m,validation,matched_clean_llm,dedup-cluster-4f6ab2ce0956867e1b0b1bad,revision_v1_hmac_sha256_hex_043,mistral_7b_instruct_v0_3_q4_k_m,nonseg_hex_nibble_b16,hmac_sha256_hex,narrative_local_walk
detector_pair__24d9b849bf558a3297333c99__rankcloak,1,0.9926135540008545,deberta,leave_one_model__qwen2_5_7b_instruct_q4_k_m,validation,matched_clean_llm,dedup-cluster-4f6ab2ce0956867e1b0b1bad,revision_v1_hmac_sha256_hex_043,mistral_7b_instruct_v0_3_q4_k_m,nonseg_hex_nibble_b16,hmac_sha256_hex,narrative_local_walk
detector_pair__254bf3907fc3c72fda607405__ordinary_control,0,0.0016767524648457766,deberta,leave_one_model__qwen2_5_7b_instruct_q4_k_m,validation,matched_clean_llm,dedup-cluster-1658921bbd26cede8f32a38a,revision_v1_ed25519_signature_base64_033,llama3_8b_instruct_q4_k_m,nonseg_ascii_b8,ed25519_signature_base64,narrative_small_discovery
detector_pair__254bf3907fc3c72fda607405__rankcloak,1,0.9706559777259827,deberta,leave_one_model__qwen2_5_7b_instruct_q4_k_m,validation,matched_clean_llm,dedup-cluster-1658921bbd26cede8f32a38a,revision_v1_ed25519_signature_base64_033,llama3_8b_instruct_q4_k_m,nonseg_ascii_b8,ed25519_signature_base64,narrative_small_discovery
detector_pair__2571505114af272acf467dca__ordinary_control,0,0.00047653086949139833,deberta,leave_one_model__qwen2_5_7b_instruct_q4_k_m,validation,matched_clean_llm,dedup-cluster-d028afde8d3446e776f3bdbf,revision_v1_hmac_sha256_hex_013,mistral_7b_instruct_v0_3_q4_k_m,segmented_hex_single_topic,hmac_sha256_hex,narrative_learning_moment
detector_pair__2571505114af272acf467dca__rankcloak,1,0.999731719493866,deberta,leave_one_model__qwen2_5_7b_instruct_q4_k_m,validation,matched_clean_llm,dedup-cluster-d028afde8d3446e776f3bdbf,revision_v1_hmac_sha256_hex_013,mistral_7b_instruct_v0_3_q4_k_m,segmented_hex_single_topic,hmac_sha256_hex,narrative_learning_moment
detector_pair__25821a50f45a407590b52330__ordinary_control,0,0.0003361509880051017,deberta,leave_one_model__qwen2_5_7b_instruct_q4_k_m,validation,matched_clean_llm,dedup-cluster-60a1e2f88d4e40514869d20f,revision_v1_ed25519_signature_base64_051,mistral_7b_instruct_v0_3_q4_k_m,nonseg_ascii_b8,ed25519_signature_base64,casual_neighborhood_chat
detector_pair__25821a50f45a407590b52330__rankcloak,1,0.9994015693664551,deberta,leave_one_model__qwen2_5_7b_instruct_q4_k_m,validation,matched_clean_llm,dedup-cluster-60a1e2f88d4e40514869d20f,revision_v1_ed25519_signature_base64_051,mistral_7b_instruct_v0_3_q4_k_m,nonseg_ascii_b8,ed25519_signature_base64,casual_neighborhood_chat
detector_pair__2597a9c4d12eba1122dad4cf__ordinary_control,0,0.0011227872455492616,deberta,leave_one_model__qwen2_5_7b_instruct_q4_k_m,validation,matched_clean_llm,dedup-cluster-6ace02c4c66fff411127a281,revision_v1_token_128_bit_hex_012,llama3_8b_instruct_q4_k_m,nonseg_ascii_b16,token_128_bit_hex,procedure_garden_task
detector_pair__2597a9c4d12eba1122dad4cf__rankcloak,1,0.9473803639411926,deberta,leave_one_model__qwen2_5_7b_instruct_q4_k_m,validation,matched_clean_llm,dedup-cluster-6ace02c4c66fff411127a281,revision_v1_token_128_bit_hex_012,llama3_8b_instruct_q4_k_m,nonseg_ascii_b16,token_128_bit_hex,procedure_garden_task
detector_pair__25d3d6c47bed96f21fb962da__ordinary_control,0,0.0009745883871801198,deberta,leave_one_model__qwen2_5_7b_instruct_q4_k_m,validation,matched_clean_llm,dedup-cluster-6ace02c4c66fff411127a281,revision_v1_token_128_bit_hex_012,mistral_7b_instruct_v0_3_q4_k_m,nonseg_ascii_b16,token_128_bit_hex,explain_everyday_system
detector_pair__25d3d6c47bed96f21fb962da__rankcloak,1,0.9756431579589844,deberta,leave_one_model__qwen2_5_7b_instruct_q4_k_m,validation,matched_clean_llm,dedup-cluster-6ace02c4c66fff411127a281,revision_v1_token_128_bit_hex_012,mistral_7b_instruct_v0_3_q4_k_m,nonseg_ascii_b16,token_128_bit_hex,explain_everyday_system
detector_pair__26735cb5d122341d85c2f0ea__ordinary_control,0,0.012421902269124985,deberta,leave_one_model__qwen2_5_7b_instruct_q4_k_m,validation,matched_clean_llm,dedup-cluster-298834ce3caac8f77b13ddc3,revision_v1_aes256_gcm_base64_031,llama3_8b_instruct_q4_k_m,nonseg_ascii_b16,aes256_gcm_base64,casual_hobby_chat
detector_pair__26735cb5d122341d85c2f0ea__rankcloak,1,0.9593282341957092,deberta,leave_one_model__qwen2_5_7b_instruct_q4_k_m,validation,matched_clean_llm,dedup-cluster-298834ce3caac8f77b13ddc3,revision_v1_aes256_gcm_base64_031,llama3_8b_instruct_q4_k_m,nonseg_ascii_b16,aes256_gcm_base64,casual_hobby_chat
detector_pair__269c3d80ea08e56084d2afad__ordinary_control,0,0.0006879954016767442,deberta,leave_one_model__qwen2_5_7b_instruct_q4_k_m,validation,matched_clean_llm,dedup-cluster-6ce30f9a3e80626084969f2a,revision_v1_ed25519_signature_base64_043,mistral_7b_instruct_v0_3_q4_k_m,nonseg_ascii_b16,ed25519_signature_base64,narrative_local_walk
detector_pair__269c3d80ea08e56084d2afad__rankcloak,1,0.9989296793937683,deberta,leave_one_model__qwen2_5_7b_instruct_q4_k_m,validation,matched_clean_llm,dedup-cluster-6ce30f9a3e80626084969f2a,revision_v1_ed25519_signature_base64_043,mistral_7b_instruct_v0_3_q4_k_m,nonseg_ascii_b16,ed25519_signature_base64,narrative_local_walk
detector_pair__26a9fd6e8cfd82ed5b7c11e0__ordinary_control,0,0.0017241726163774729,deberta,leave_one_model__qwen2_5_7b_instruct_q4_k_m,validation,matched_clean_llm,dedup-cluster-d028afde8d3446e776f3bdbf,revision_v1_hmac_sha256_hex_013,llama3_8b_instruct_q4_k_m,nonseg_ascii_b16,hmac_sha256_hex,forum_practical_answer
detector_pair__26a9fd6e8cfd82ed5b7c11e0__rankcloak,1,0.9948209524154663,deberta,leave_one_model__qwen2_5_7b_instruct_q4_k_m,validation,matched_clean_llm,dedup-cluster-d028afde8d3446e776f3bdbf,revision_v1_hmac_sha256_hex_013,llama3_8b_instruct_q4_k_m,nonseg_ascii_b16,hmac_sha256_hex,forum_practical_answer
detector_pair__26e310a031132832fa77d1e5__ordinary_control,0,0.002299313899129629,deberta,leave_one_model__qwen2_5_7b_instruct_q4_k_m,validation,matched_clean_llm,dedup-cluster-c588a294c6263bec1e8ad56d,revision_v1_token_128_bit_hex_054,mistral_7b_instruct_v0_3_q4_k_m,segmented_hex_single_topic,token_128_bit_hex,explain_biological_process
detector_pair__26e310a031132832fa77d1e5__rankcloak,1,0.9955065250396729,deberta,leave_one_model__qwen2_5_7b_instruct_q4_k_m,validation,matched_clean_llm,dedup-cluster-c588a294c6263bec1e8ad56d,revision_v1_token_128_bit_hex_054,mistral_7b_instruct_v0_3_q4_k_m,segmented_hex_single_topic,token_128_bit_hex,explain_biological_process
detector_pair__275ae4ec9083b13308086e72__ordinary_control,0,0.021689338609576225,deberta,leave_one_model__qwen2_5_7b_instruct_q4_k_m,validation,matched_clean_llm,dedup-cluster-4f6ab2ce0956867e1b0b1bad,revision_v1_hmac_sha256_hex_043,llama3_8b_instruct_q4_k_m,segmented_hex_single_topic,hmac_sha256_hex,forum_learning_answer
detector_pair__275ae4ec9083b13308086e72__rankcloak,1,0.9997856020927429,deberta,leave_one_model__qwen2_5_7b_instruct_q4_k_m,validation,matched_clean_llm,dedup-cluster-4f6ab2ce0956867e1b0b1bad,revision_v1_hmac_sha256_hex_043,llama3_8b_instruct_q4_k_m,segmented_hex_single_topic,hmac_sha256_hex,forum_learning_answer
detector_pair__277d4a6fbdf9b9778d557f64__ordinary_control,0,0.00034727214369922876,deberta,leave_one_model__qwen2_5_7b_instruct_q4_k_m,validation,matched_clean_llm,dedup-cluster-e303bfe023e32c25389ebaf9,revision_v1_token_128_bit_hex_057,llama3_8b_instruct_q4_k_m,segmented_hex_single_topic,token_128_bit_hex,casual_weekend_chat
detector_pair__277d4a6fbdf9b9778d557f64__rankcloak,1,0.9989446997642517,deberta,leave_one_model__qwen2_5_7b_instruct_q4_k_m,validation,matched_clean_llm,dedup-cluster-e303bfe023e32c25389ebaf9,revision_v1_token_128_bit_hex_057,llama3_8b_instruct_q4_k_m,segmented_hex_single_topic,token_128_bit_hex,casual_weekend_chat
detector_pair__27cedf457fb6a7a7b9e4c9a4__ordinary_control,0,0.00043666225974448025,deberta,leave_one_model__qwen2_5_7b_instruct_q4_k_m,validation,matched_clean_llm,dedup-cluster-54d0f843ac4646811be4dfd1,revision_v1_sha256_hex_000,mistral_7b_instruct_v0_3_q4_k_m,segmented_hex_multi_topic,sha256_hex,forum_learning_answer
detector_pair__27cedf457fb6a7a7b9e4c9a4__rankcloak,1,0.9937528967857361,deberta,leave_one_model__qwen2_5_7b_instruct_q4_k_m,validation,matched_clean_llm,dedup-cluster-54d0f843ac4646811be4dfd1,revision_v1_sha256_hex_000,mistral_7b_instruct_v0_3_q4_k_m,segmented_hex_multi_topic,sha256_hex,forum_learning_answer
detector_pair__27dd9f09d85006970770a6ed__ordinary_control,0,0.0028551206924021244,deberta,leave_one_model__qwen2_5_7b_instruct_q4_k_m,validation,matched_clean_llm,dedup-cluster-064db5ffad9ed683b6e0fdbd,revision_v1_sha256_hex_035,llama3_8b_instruct_q4_k_m,segmented_hex_multi_topic,sha256_hex,explain_biological_process
detector_pair__27dd9f09d85006970770a6ed__rankcloak,1,0.7959569692611694,deberta,leave_one_model__qwen2_5_7b_instruct_q4_k_m,validation,matched_clean_llm,dedup-cluster-064db5ffad9ed683b6e0fdbd,revision_v1_sha256_hex_035,llama3_8b_instruct_q4_k_m,segmented_hex_multi_topic,sha256_hex,explain_biological_process
detector_pair__27f2f27b8c678fc9eb70eef4__ordinary_control,0,0.0010920733911916614,deberta,leave_one_model__qwen2_5_7b_instruct_q4_k_m,validation,matched_clean_llm,dedup-cluster-a573a5d868303e7f802ba83e,revision_v1_chacha20_poly1305_base64_008,mistral_7b_instruct_v0_3_q4_k_m,nonseg_ascii_b8,chacha20_poly1305_base64,narrative_small_discovery
detector_pair__27f2f27b8c678fc9eb70eef4__rankcloak,1,0.9993276596069336,deberta,leave_one_model__qwen2_5_7b_instruct_q4_k_m,validation,matched_clean_llm,dedup-cluster-a573a5d868303e7f802ba83e,revision_v1_chacha20_poly1305_base64_008,mistral_7b_instruct_v0_3_q4_k_m,nonseg_ascii_b8,chacha20_poly1305_base64,narrative_small_discovery
detector_pair__27f836d735e0fdbf8f034d1c__ordinary_control,0,0.00038386828964576125,deberta,leave_one_model__qwen2_5_7b_instruct_q4_k_m,validation,matched_clean_llm,dedup-cluster-17900f3eff20bb84e24fa1da,revision_v1_token_128_bit_hex_021,mistral_7b_instruct_v0_3_q4_k_m,segmented_hex_single_topic,token_128_bit_hex,forum_learning_answer
detector_pair__27f836d735e0fdbf8f034d1c__rankcloak,1,0.8913132548332214,deberta,leave_one_model__qwen2_5_7b_instruct_q4_k_m,validation,matched_clean_llm,dedup-cluster-17900f3eff20bb84e24fa1da,revision_v1_token_128_bit_hex_021,mistral_7b_instruct_v0_3_q4_k_m,segmented_hex_single_topic,token_128_bit_hex,forum_learning_answer
detector_pair__28156cf151cf26584ad0da18__ordinary_control,0,0.0018727980786934495,deberta,leave_one_model__qwen2_5_7b_instruct_q4_k_m,validation,matched_clean_llm,dedup-cluster-1d730332b470450b93b8b767,revision_v1_hmac_sha256_hex_006,llama3_8b_instruct_q4_k_m,segmented_hex_single_topic,hmac_sha256_hex,professional_process_email
detector_pair__28156cf151cf26584ad0da18__rankcloak,1,0.9995563626289368,deberta,leave_one_model__qwen2_5_7b_instruct_q4_k_m,validation,matched_clean_llm,dedup-cluster-1d730332b470450b93b8b767,revision_v1_hmac_sha256_hex_006,llama3_8b_instruct_q4_k_m,segmented_hex_single_topic,hmac_sha256_hex,professional_process_email
detector_pair__2816bd20372bfdf068ad64d5__ordinary_control,0,0.001059103524312377,deberta,leave_one_model__qwen2_5_7b_instruct_q4_k_m,validation,matched_clean_llm,dedup-cluster-a9a56840e2c7d4a59a486e62,revision_v1_nonce_96_bit_hex_025,llama3_8b_instruct_q4_k_m,nonseg_ascii_b16,nonce_96_bit_hex,procedure_simple_meal
detector_pair__2816bd20372bfdf068ad64d5__rankcloak,1,0.8580272197723389,deberta,leave_one_model__qwen2_5_7b_instruct_q4_k_m,validation,matched_clean_llm,dedup-cluster-a9a56840e2c7d4a59a486e62,revision_v1_nonce_96_bit_hex_025,llama3_8b_instruct_q4_k_m,nonseg_ascii_b16,nonce_96_bit_hex,procedure_simple_meal
detector_pair__289f7c4296f2274dad749747__ordinary_control,0,0.0004661899001803249,deberta,leave_one_model__qwen2_5_7b_instruct_q4_k_m,validation,matched_clean_llm,dedup-cluster-32ad4bf593b222d70a8ca962,revision_v1_hmac_sha256_hex_053,llama3_8b_instruct_q4_k_m,segmented_hex_single_topic,hmac_sha256_hex,casual_weekend_chat
detector_pair__289f7c4296f2274dad749747__rankcloak,1,0.9944391250610352,deberta,leave_one_model__qwen2_5_7b_instruct_q4_k_m,validation,matched_clean_llm,dedup-cluster-32ad4bf593b222d70a8ca962,revision_v1_hmac_sha256_hex_053,llama3_8b_instruct_q4_k_m,segmented_hex_single_topic,hmac_sha256_hex,casual_weekend_chat
detector_pair__29006251d4964503bc7d6161__ordinary_control,0,0.0008893165504559875,deberta,leave_one_model__qwen2_5_7b_instruct_q4_k_m,validation,matched_clean_llm,dedup-cluster-6ace02c4c66fff411127a281,revision_v1_token_128_bit_hex_012,llama3_8b_instruct_q4_k_m,nonseg_hex_nibble_b16,token_128_bit_hex,procedure_garden_task
detector_pair__29006251d4964503bc7d6161__rankcloak,1,0.9992178678512573,deberta,leave_one_model__qwen2_5_7b_instruct_q4_k_m,validation,matched_clean_llm,dedup-cluster-6ace02c4c66fff411127a281,revision_v1_token_128_bit_hex_012,llama3_8b_instruct_q4_k_m,nonseg_hex_nibble_b16,token_128_bit_hex,procedure_garden_task
detector_pair__291116eb5e7af025d470863c__ordinary_control,0,0.003074039937928319,deberta,leave_one_model__qwen2_5_7b_instruct_q4_k_m,validation,matched_clean_llm,dedup-cluster-c588a294c6263bec1e8ad56d,revision_v1_token_128_bit_hex_054,mistral_7b_instruct_v0_3_q4_k_m,segmented_hex_single_topic,token_128_bit_hex,explain_biological_process
detector_pair__291116eb5e7af025d470863c__rankcloak,1,0.0052580987103283405,deberta,leave_one_model__qwen2_5_7b_instruct_q4_k_m,validation,matched_clean_llm,dedup-cluster-c588a294c6263bec1e8ad56d,revision_v1_token_128_bit_hex_054,mistral_7b_instruct_v0_3_q4_k_m,segmented_hex_single_topic,token_128_bit_hex,explain_biological_process
detector_pair__29269598d23b0888a1445f1f__ordinary_control,0,0.0007113672909326851,deberta,leave_one_model__qwen2_5_7b_instruct_q4_k_m,validation,matched_clean_llm,dedup-cluster-53ddb375f906007b9492f105,revision_v1_sha256_hex_033,mistral_7b_instruct_v0_3_q4_k_m,segmented_hex_single_topic,sha256_hex,explain_everyday_system
detector_pair__29269598d23b0888a1445f1f__rankcloak,1,0.9997095465660095,deberta,leave_one_model__qwen2_5_7b_instruct_q4_k_m,validation,matched_clean_llm,dedup-cluster-53ddb375f906007b9492f105,revision_v1_sha256_hex_033,mistral_7b_instruct_v0_3_q4_k_m,segmented_hex_single_topic,sha256_hex,explain_everyday_system
detector_pair__29531f7d713d022b2de326c7__ordinary_control,0,0.0010195717914029956,deberta,leave_one_model__qwen2_5_7b_instruct_q4_k_m,validation,matched_clean_llm,dedup-cluster-bc86fac7c4db3068f8c80ad3,revision_v1_chacha20_poly1305_base64_048,llama3_8b_instruct_q4_k_m,nonseg_ascii_b16,chacha20_poly1305_base64,casual_neighborhood_chat
detector_pair__29531f7d713d022b2de326c7__rankcloak,1,0.9660395383834839,deberta,leave_one_model__qwen2_5_7b_instruct_q4_k_m,validation,matched_clean_llm,dedup-cluster-bc86fac7c4db3068f8c80ad3,revision_v1_chacha20_poly1305_base64_048,llama3_8b_instruct_q4_k_m,nonseg_ascii_b16,chacha20_poly1305_base64,casual_neighborhood_chat
detector_pair__29869fa8397bfc0525f09a90__ordinary_control,0,0.0015080752782523632,deberta,leave_one_model__qwen2_5_7b_instruct_q4_k_m,validation,matched_clean_llm,dedup-cluster-cdae81a0da256f43636cdb0c,revision_v1_chacha20_poly1305_base64_024,mistral_7b_instruct_v0_3_q4_k_m,direct_subword_calgacus,chacha20_poly1305_base64,forum_practical_answer
detector_pair__29869fa8397bfc0525f09a90__rankcloak,1,0.9997609257698059,deberta,leave_one_model__qwen2_5_7b_instruct_q4_k_m,validation,matched_clean_llm,dedup-cluster-cdae81a0da256f43636cdb0c,revision_v1_chacha20_poly1305_base64_024,mistral_7b_instruct_v0_3_q4_k_m,direct_subword_calgacus,chacha20_poly1305_base64,forum_practical_answer
detector_pair__29ab3b95f0079cfd88af1b91__ordinary_control,0,0.0006687654531560838,deberta,leave_one_model__qwen2_5_7b_instruct_q4_k_m,validation,matched_clean_llm,dedup-cluster-54d0f843ac4646811be4dfd1,revision_v1_sha256_hex_000,mistral_7b_instruct_v0_3_q4_k_m,segmented_hex_single_topic,sha256_hex,forum_learning_answer
detector_pair__29ab3b95f0079cfd88af1b91__rankcloak,1,0.9888045191764832,deberta,leave_one_model__qwen2_5_7b_instruct_q4_k_m,validation,matched_clean_llm,dedup-cluster-54d0f843ac4646811be4dfd1,revision_v1_sha256_hex_000,mistral_7b_instruct_v0_3_q4_k_m,segmented_hex_single_topic,sha256_hex,forum_learning_answer
detector_pair__2a0a389604d2d578414cd8f9__ordinary_control,0,0.0005297278403304517,deberta,leave_one_model__qwen2_5_7b_instruct_q4_k_m,validation,matched_clean_llm,dedup-cluster-00eccca339b70a566fc600ea,revision_v1_ed25519_signature_base64_041,mistral_7b_instruct_v0_3_q4_k_m,nonseg_ascii_b8,ed25519_signature_base64,forum_practical_answer
detector_pair__2a0a389604d2d578414cd8f9__rankcloak,1,0.9977085590362549,deberta,leave_one_model__qwen2_5_7b_instruct_q4_k_m,validation,matched_clean_llm,dedup-cluster-00eccca339b70a566fc600ea,revision_v1_ed25519_signature_base64_041,mistral_7b_instruct_v0_3_q4_k_m,nonseg_ascii_b8,ed25519_signature_base64,forum_practical_answer
detector_pair__2a133f5c1b060e22e4805054__ordinary_control,0,0.011927963234484196,deberta,leave_one_model__qwen2_5_7b_instruct_q4_k_m,validation,matched_clean_llm,dedup-cluster-8bfe7043c327d3a82a41f9ad,revision_v1_ed25519_signature_base64_050,mistral_7b_instruct_v0_3_q4_k_m,nonseg_ascii_b16,ed25519_signature_base64,explain_biological_process
detector_pair__2a133f5c1b060e22e4805054__rankcloak,1,0.9996548891067505,deberta,leave_one_model__qwen2_5_7b_instruct_q4_k_m,validation,matched_clean_llm,dedup-cluster-8bfe7043c327d3a82a41f9ad,revision_v1_ed25519_signature_base64_050,mistral_7b_instruct_v0_3_q4_k_m,nonseg_ascii_b16,ed25519_signature_base64,explain_biological_process
detector_pair__2a1c6f4363730d7b54e1547d__ordinary_control,0,0.0006920675514265895,deberta,leave_one_model__qwen2_5_7b_instruct_q4_k_m,validation,matched_clean_llm,dedup-cluster-4c7d81d9bc771045be64324c,revision_v1_nonce_96_bit_hex_001,mistral_7b_instruct_v0_3_q4_k_m,direct_subword_calgacus,nonce_96_bit_hex,explain_everyday_system
detector_pair__2a1c6f4363730d7b54e1547d__rankcloak,1,0.9955447316169739,deberta,leave_one_model__qwen2_5_7b_instruct_q4_k_m,validation,matched_clean_llm,dedup-cluster-4c7d81d9bc771045be64324c,revision_v1_nonce_96_bit_hex_001,mistral_7b_instruct_v0_3_q4_k_m,direct_subword_calgacus,nonce_96_bit_hex,explain_everyday_system
detector_pair__2a3b5944de8685cea23f8b6d__ordinary_control,0,0.0013303167652338743,deberta,leave_one_model__qwen2_5_7b_instruct_q4_k_m,validation,matched_clean_llm,dedup-cluster-4f6ab2ce0956867e1b0b1bad,revision_v1_hmac_sha256_hex_043,mistral_7b_instruct_v0_3_q4_k_m,segmented_hex_multi_topic,hmac_sha256_hex,narrative_local_walk
detector_pair__2a3b5944de8685cea23f8b6d__rankcloak,1,0.021557219326496124,deberta,leave_one_model__qwen2_5_7b_instruct_q4_k_m,validation,matched_clean_llm,dedup-cluster-4f6ab2ce0956867e1b0b1bad,revision_v1_hmac_sha256_hex_043,mistral_7b_instruct_v0_3_q4_k_m,segmented_hex_multi_topic,hmac_sha256_hex,narrative_local_walk
detector_pair__2a954a189eaee0ba69ada04b__ordinary_control,0,0.002164557809010148,deberta,leave_one_model__qwen2_5_7b_instruct_q4_k_m,validation,matched_clean_llm,dedup-cluster-0401b1baba09fb1c1437ea35,revision_v1_nonce_96_bit_hex_011,mistral_7b_instruct_v0_3_q4_k_m,segmented_hex_multi_topic,nonce_96_bit_hex,procedure_garden_task
detector_pair__2a954a189eaee0ba69ada04b__rankcloak,1,0.9800252914428711,deberta,leave_one_model__qwen2_5_7b_instruct_q4_k_m,validation,matched_clean_llm,dedup-cluster-0401b1baba09fb1c1437ea35,revision_v1_nonce_96_bit_hex_011,mistral_7b_instruct_v0_3_q4_k_m,segmented_hex_multi_topic,nonce_96_bit_hex,procedure_garden_task
detector_pair__2ab4bd87bf2d57218180e753__ordinary_control,0,0.0005747601971961558,deberta,leave_one_model__qwen2_5_7b_instruct_q4_k_m,validation,matched_clean_llm,dedup-cluster-6136de4e90d44eb994005d2a,revision_v1_uuid_v4_051,mistral_7b_instruct_v0_3_q4_k_m,nonseg_ascii_b8,uuid_v4,procedure_garden_task
detector_pair__2ab4bd87bf2d57218180e753__rankcloak,1,0.9874487519264221,deberta,leave_one_model__qwen2_5_7b_instruct_q4_k_m,validation,matched_clean_llm,dedup-cluster-6136de4e90d44eb994005d2a,revision_v1_uuid_v4_051,mistral_7b_instruct_v0_3_q4_k_m,nonseg_ascii_b8,uuid_v4,procedure_garden_task
detector_pair__2b19e2c4da4ec1c7e4635219__ordinary_control,0,0.0007591517642140388,deberta,leave_one_model__qwen2_5_7b_instruct_q4_k_m,validation,matched_clean_llm,dedup-cluster-5ace189a35be6720f7c9dc5e,revision_v1_chacha20_poly1305_base64_057,mistral_7b_instruct_v0_3_q4_k_m,nonseg_ascii_b16,chacha20_poly1305_base64,explain_biological_process
detector_pair__2b19e2c4da4ec1c7e4635219__rankcloak,1,0.9996495246887207,deberta,leave_one_model__qwen2_5_7b_instruct_q4_k_m,validation,matched_clean_llm,dedup-cluster-5ace189a35be6720f7c9dc5e,revision_v1_chacha20_poly1305_base64_057,mistral_7b_instruct_v0_3_q4_k_m,nonseg_ascii_b16,chacha20_poly1305_base64,explain_biological_process
detector_pair__2c071a659083042df7fdaeb7__ordinary_control,0,0.0004104247491341084,deberta,leave_one_model__qwen2_5_7b_instruct_q4_k_m,validation,matched_clean_llm,dedup-cluster-897bd4c0922eb43a17664a25,revision_v1_aes256_gcm_base64_025,mistral_7b_instruct_v0_3_q4_k_m,direct_subword_calgacus,aes256_gcm_base64,forum_learning_answer
detector_pair__2c071a659083042df7fdaeb7__rankcloak,1,0.9997896552085876,deberta,leave_one_model__qwen2_5_7b_instruct_q4_k_m,validation,matched_clean_llm,dedup-cluster-897bd4c0922eb43a17664a25,revision_v1_aes256_gcm_base64_025,mistral_7b_instruct_v0_3_q4_k_m,direct_subword_calgacus,aes256_gcm_base64,forum_learning_answer
detector_pair__2c2d536e926c573095011eee__ordinary_control,0,0.0003310389874968678,deberta,leave_one_model__qwen2_5_7b_instruct_q4_k_m,validation,matched_clean_llm,dedup-cluster-d24ae4dc1ca2dcb4473005f9,revision_v1_hmac_sha256_hex_036,llama3_8b_instruct_q4_k_m,nonseg_hex_nibble_b16,hmac_sha256_hex,professional_schedule_note
detector_pair__2c2d536e926c573095011eee__rankcloak,1,0.9628458023071289,deberta,leave_one_model__qwen2_5_7b_instruct_q4_k_m,validation,matched_clean_llm,dedup-cluster-d24ae4dc1ca2dcb4473005f9,revision_v1_hmac_sha256_hex_036,llama3_8b_instruct_q4_k_m,nonseg_hex_nibble_b16,hmac_sha256_hex,professional_schedule_note
detector_pair__2c61a6d9bfad01743052e32c__ordinary_control,0,0.0017226116033270955,deberta,leave_one_model__qwen2_5_7b_instruct_q4_k_m,validation,matched_clean_llm,dedup-cluster-5ace189a35be6720f7c9dc5e,revision_v1_chacha20_poly1305_base64_057,mistral_7b_instruct_v0_3_q4_k_m,nonseg_ascii_b8,chacha20_poly1305_base64,explain_biological_process
detector_pair__2c61a6d9bfad01743052e32c__rankcloak,1,0.9995700716972351,deberta,leave_one_model__qwen2_5_7b_instruct_q4_k_m,validation,matched_clean_llm,dedup-cluster-5ace189a35be6720f7c9dc5e,revision_v1_chacha20_poly1305_base64_057,mistral_7b_instruct_v0_3_q4_k_m,nonseg_ascii_b8,chacha20_poly1305_base64,explain_biological_process
detector_pair__2cc05b555bca0d2728b3b132__ordinary_control,0,0.0004027266113553196,deberta,leave_one_model__qwen2_5_7b_instruct_q4_k_m,validation,matched_clean_llm,dedup-cluster-8150a67016c09420f58d3140,revision_v1_sha256_hex_053,mistral_7b_instruct_v0_3_q4_k_m,segmented_hex_single_topic,sha256_hex,professional_schedule_note
detector_pair__2cc05b555bca0d2728b3b132__rankcloak,1,0.6092743277549744,deberta,leave_one_model__qwen2_5_7b_instruct_q4_k_m,validation,matched_clean_llm,dedup-cluster-8150a67016c09420f58d3140,revision_v1_sha256_hex_053,mistral_7b_instruct_v0_3_q4_k_m,segmented_hex_single_topic,sha256_hex,professional_schedule_note
detector_pair__2d8c38f3101126310f90814b__ordinary_control,0,0.00035185093292966485,deberta,leave_one_model__qwen2_5_7b_instruct_q4_k_m,validation,matched_clean_llm,dedup-cluster-8372a615906d4a4146d45c75,revision_v1_aes256_gcm_base64_005,mistral_7b_instruct_v0_3_q4_k_m,nonseg_ascii_b16,aes256_gcm_base64,casual_hobby_chat
detector_pair__2d8c38f3101126310f90814b__rankcloak,1,0.9997046589851379,deberta,leave_one_model__qwen2_5_7b_instruct_q4_k_m,validation,matched_clean_llm,dedup-cluster-8372a615906d4a4146d45c75,revision_v1_aes256_gcm_base64_005,mistral_7b_instruct_v0_3_q4_k_m,nonseg_ascii_b16,aes256_gcm_base64,casual_hobby_chat
detector_pair__2dabdc45bd75cc6cf50ac2d9__ordinary_control,0,0.00046619080239906907,deberta,leave_one_model__qwen2_5_7b_instruct_q4_k_m,validation,matched_clean_llm,dedup-cluster-23821a91b342f8bd757bd354,revision_v1_aes256_gcm_base64_009,mistral_7b_instruct_v0_3_q4_k_m,direct_subword_calgacus,aes256_gcm_base64,narrative_learning_moment
detector_pair__2dabdc45bd75cc6cf50ac2d9__rankcloak,1,0.9996541738510132,deberta,leave_one_model__qwen2_5_7b_instruct_q4_k_m,validation,matched_clean_llm,dedup-cluster-23821a91b342f8bd757bd354,revision_v1_aes256_gcm_base64_009,mistral_7b_instruct_v0_3_q4_k_m,direct_subword_calgacus,aes256_gcm_base64,narrative_learning_moment
detector_pair__2db6549ed29ab489d3a5cf10__ordinary_control,0,0.0008656781865283847,deberta,leave_one_model__qwen2_5_7b_instruct_q4_k_m,validation,matched_clean_llm,dedup-cluster-0eb47bf23cdaa7b54a0335a2,revision_v1_token_128_bit_hex_055,llama3_8b_instruct_q4_k_m,segmented_hex_multi_topic,token_128_bit_hex,narrative_small_discovery
detector_pair__2db6549ed29ab489d3a5cf10__rankcloak,1,0.9945604205131531,deberta,leave_one_model__qwen2_5_7b_instruct_q4_k_m,validation,matched_clean_llm,dedup-cluster-0eb47bf23cdaa7b54a0335a2,revision_v1_token_128_bit_hex_055,llama3_8b_instruct_q4_k_m,segmented_hex_multi_topic,token_128_bit_hex,narrative_small_discovery
detector_pair__2ddf3bc9d8811643df64bb74__ordinary_control,0,0.0009891149820759892,deberta,leave_one_model__qwen2_5_7b_instruct_q4_k_m,validation,matched_clean_llm,dedup-cluster-a48caa544001e5d183a57eea,revision_v1_nonce_96_bit_hex_049,llama3_8b_instruct_q4_k_m,segmented_hex_multi_topic,nonce_96_bit_hex,procedure_home_task
detector_pair__2ddf3bc9d8811643df64bb74__rankcloak,1,0.6566286087036133,deberta,leave_one_model__qwen2_5_7b_instruct_q4_k_m,validation,matched_clean_llm,dedup-cluster-a48caa544001e5d183a57eea,revision_v1_nonce_96_bit_hex_049,llama3_8b_instruct_q4_k_m,segmented_hex_multi_topic,nonce_96_bit_hex,procedure_home_task
detector_pair__2e853a874694e2b90f796420__ordinary_control,0,0.00274588237516582,deberta,leave_one_model__qwen2_5_7b_instruct_q4_k_m,validation,matched_clean_llm,dedup-cluster-6ace02c4c66fff411127a281,revision_v1_token_128_bit_hex_012,llama3_8b_instruct_q4_k_m,segmented_hex_multi_topic,token_128_bit_hex,procedure_garden_task
detector_pair__2e853a874694e2b90f796420__rankcloak,1,0.8088524341583252,deberta,leave_one_model__qwen2_5_7b_instruct_q4_k_m,validation,matched_clean_llm,dedup-cluster-6ace02c4c66fff411127a281,revision_v1_token_128_bit_hex_012,llama3_8b_instruct_q4_k_m,segmented_hex_multi_topic,token_128_bit_hex,procedure_garden_task
detector_pair__2ec04ca25e6221c2c3866849__ordinary_control,0,0.0005971250939182937,deberta,leave_one_model__qwen2_5_7b_instruct_q4_k_m,validation,matched_clean_llm,dedup-cluster-48d7da6cd06bde46d05aad3f,revision_v1_sha256_hex_056,llama3_8b_instruct_q4_k_m,segmented_hex_multi_topic,sha256_hex,forum_practical_answer
detector_pair__2ec04ca25e6221c2c3866849__rankcloak,1,0.9997535347938538,deberta,leave_one_model__qwen2_5_7b_instruct_q4_k_m,validation,matched_clean_llm,dedup-cluster-48d7da6cd06bde46d05aad3f,revision_v1_sha256_hex_056,llama3_8b_instruct_q4_k_m,segmented_hex_multi_topic,sha256_hex,forum_practical_answer
detector_pair__2f57415c2390c0a5288b1a7f__ordinary_control,0,0.000812293030321598,deberta,leave_one_model__qwen2_5_7b_instruct_q4_k_m,validation,matched_clean_llm,dedup-cluster-02520044ca48813bb14ebc78,revision_v1_aes256_gcm_base64_003,mistral_7b_instruct_v0_3_q4_k_m,nonseg_ascii_b8,aes256_gcm_base64,narrative_local_walk
detector_pair__2f57415c2390c0a5288b1a7f__rankcloak,1,0.9995898604393005,deberta,leave_one_model__qwen2_5_7b_instruct_q4_k_m,validation,matched_clean_llm,dedup-cluster-02520044ca48813bb14ebc78,revision_v1_aes256_gcm_base64_003,mistral_7b_instruct_v0_3_q4_k_m,nonseg_ascii_b8,aes256_gcm_base64,narrative_local_walk
detector_pair__2f9f377b277297bc3473f209__ordinary_control,0,0.0008307021344080567,deberta,leave_one_model__qwen2_5_7b_instruct_q4_k_m,validation,matched_clean_llm,dedup-cluster-8bfe7043c327d3a82a41f9ad,revision_v1_ed25519_signature_base64_050,llama3_8b_instruct_q4_k_m,nonseg_ascii_b16,ed25519_signature_base64,procedure_simple_meal
detector_pair__2f9f377b277297bc3473f209__rankcloak,1,0.9992583394050598,deberta,leave_one_model__qwen2_5_7b_instruct_q4_k_m,validation,matched_clean_llm,dedup-cluster-8bfe7043c327d3a82a41f9ad,revision_v1_ed25519_signature_base64_050,llama3_8b_instruct_q4_k_m,nonseg_ascii_b16,ed25519_signature_base64,procedure_simple_meal
detector_pair__301afe87f08b04ca4f2c565c__ordinary_control,0,0.0015519941225647926,deberta,leave_one_model__qwen2_5_7b_instruct_q4_k_m,validation,matched_clean_llm,dedup-cluster-4f6ab2ce0956867e1b0b1bad,revision_v1_hmac_sha256_hex_043,llama3_8b_instruct_q4_k_m,segmented_hex_multi_topic,hmac_sha256_hex,forum_learning_answer
detector_pair__301afe87f08b04ca4f2c565c__rankcloak,1,0.7926018834114075,deberta,leave_one_model__qwen2_5_7b_instruct_q4_k_m,validation,matched_clean_llm,dedup-cluster-4f6ab2ce0956867e1b0b1bad,revision_v1_hmac_sha256_hex_043,llama3_8b_instruct_q4_k_m,segmented_hex_multi_topic,hmac_sha256_hex,forum_learning_answer
detector_pair__3039e3fe74577c1c9c645cc7__ordinary_control,0,0.0018447970505803823,deberta,leave_one_model__qwen2_5_7b_instruct_q4_k_m,validation,matched_clean_llm,dedup-cluster-c588a294c6263bec1e8ad56d,revision_v1_token_128_bit_hex_054,mistral_7b_instruct_v0_3_q4_k_m,segmented_hex_multi_topic,token_128_bit_hex,explain_biological_process
detector_pair__3039e3fe74577c1c9c645cc7__rankcloak,1,0.9986675977706909,deberta,leave_one_model__qwen2_5_7b_instruct_q4_k_m,validation,matched_clean_llm,dedup-cluster-c588a294c6263bec1e8ad56d,revision_v1_token_128_bit_hex_054,mistral_7b_instruct_v0_3_q4_k_m,segmented_hex_multi_topic,token_128_bit_hex,explain_biological_process
detector_pair__308d05b22a6deae204547194__ordinary_control,0,0.0005693006096407771,deberta,leave_one_model__qwen2_5_7b_instruct_q4_k_m,validation,matched_clean_llm,dedup-cluster-c588a294c6263bec1e8ad56d,revision_v1_token_128_bit_hex_054,mistral_7b_instruct_v0_3_q4_k_m,nonseg_hex_nibble_b16,token_128_bit_hex,explain_biological_process
detector_pair__308d05b22a6deae204547194__rankcloak,1,0.06352829933166504,deberta,leave_one_model__qwen2_5_7b_instruct_q4_k_m,validation,matched_clean_llm,dedup-cluster-c588a294c6263bec1e8ad56d,revision_v1_token_128_bit_hex_054,mistral_7b_instruct_v0_3_q4_k_m,nonseg_hex_nibble_b16,token_128_bit_hex,explain_biological_process
detector_pair__30b24f3bc8a378d382149ffb__ordinary_control,0,0.001477754325605929,deberta,leave_one_model__qwen2_5_7b_instruct_q4_k_m,validation,matched_clean_llm,dedup-cluster-d24ae4dc1ca2dcb4473005f9,revision_v1_hmac_sha256_hex_036,mistral_7b_instruct_v0_3_q4_k_m,segmented_hex_multi_topic,hmac_sha256_hex,procedure_simple_meal
detector_pair__30b24f3bc8a378d382149ffb__rankcloak,1,0.9997406601905823,deberta,leave_one_model__qwen2_5_7b_instruct_q4_k_m,validation,matched_clean_llm,dedup-cluster-d24ae4dc1ca2dcb4473005f9,revision_v1_hmac_sha256_hex_036,mistral_7b_instruct_v0_3_q4_k_m,segmented_hex_multi_topic,hmac_sha256_hex,procedure_simple_meal
detector_pair__30d6a66299d678f4eae0bbb6__ordinary_control,0,0.00029550568433478475,deberta,leave_one_model__qwen2_5_7b_instruct_q4_k_m,validation,matched_clean_llm,dedup-cluster-1e608c8c5860067de2774eaa,revision_v1_uuid_v4_008,llama3_8b_instruct_q4_k_m,nonseg_ascii_b16,uuid_v4,casual_neighborhood_chat
detector_pair__30d6a66299d678f4eae0bbb6__rankcloak,1,0.9989045858383179,deberta,leave_one_model__qwen2_5_7b_instruct_q4_k_m,validation,matched_clean_llm,dedup-cluster-1e608c8c5860067de2774eaa,revision_v1_uuid_v4_008,llama3_8b_instruct_q4_k_m,nonseg_ascii_b16,uuid_v4,casual_neighborhood_chat
detector_pair__30e2408d1f7a2425cb7f80d5__ordinary_control,0,0.002328952308744192,deberta,leave_one_model__qwen2_5_7b_instruct_q4_k_m,validation,matched_clean_llm,dedup-cluster-631342e4862923cce8d3242b,revision_v1_sha256_hex_029,mistral_7b_instruct_v0_3_q4_k_m,nonseg_ascii_b8,sha256_hex,professional_project_update
detector_pair__30e2408d1f7a2425cb7f80d5__rankcloak,1,0.9990806579589844,deberta,leave_one_model__qwen2_5_7b_instruct_q4_k_m,validation,matched_clean_llm,dedup-cluster-631342e4862923cce8d3242b,revision_v1_sha256_hex_029,mistral_7b_instruct_v0_3_q4_k_m,nonseg_ascii_b8,sha256_hex,professional_project_update
detector_pair__3155619e1de51e911dc24635__ordinary_control,0,0.0004705431347247213,deberta,leave_one_model__qwen2_5_7b_instruct_q4_k_m,validation,matched_clean_llm,dedup-cluster-897bd4c0922eb43a17664a25,revision_v1_aes256_gcm_base64_025,llama3_8b_instruct_q4_k_m,nonseg_ascii_b16,aes256_gcm_base64,casual_weekend_chat
detector_pair__3155619e1de51e911dc24635__rankcloak,1,0.9458425045013428,deberta,leave_one_model__qwen2_5_7b_instruct_q4_k_m,validation,matched_clean_llm,dedup-cluster-897bd4c0922eb43a17664a25,revision_v1_aes256_gcm_base64_025,llama3_8b_instruct_q4_k_m,nonseg_ascii_b16,aes256_gcm_base64,casual_weekend_chat
detector_pair__316626a5b103e40b1148291c__ordinary_control,0,0.0016835699789226055,deberta,leave_one_model__qwen2_5_7b_instruct_q4_k_m,validation,matched_clean_llm,dedup-cluster-68e08a4fc96aff3403abad93,revision_v1_nonce_96_bit_hex_031,llama3_8b_instruct_q4_k_m,nonseg_ascii_b16,nonce_96_bit_hex,procedure_home_task
detector_pair__316626a5b103e40b1148291c__rankcloak,1,0.4020731747150421,deberta,leave_one_model__qwen2_5_7b_instruct_q4_k_m,validation,matched_clean_llm,dedup-cluster-68e08a4fc96aff3403abad93,revision_v1_nonce_96_bit_hex_031,llama3_8b_instruct_q4_k_m,nonseg_ascii_b16,nonce_96_bit_hex,procedure_home_task
detector_pair__31b367805175791ea4de9419__ordinary_control,0,0.0009388335747644305,deberta,leave_one_model__qwen2_5_7b_instruct_q4_k_m,validation,matched_clean_llm,dedup-cluster-7b810f2afbcabc7ee462bff7,revision_v1_nonce_96_bit_hex_023,llama3_8b_instruct_q4_k_m,nonseg_ascii_b8,nonce_96_bit_hex,professional_process_email
detector_pair__31b367805175791ea4de9419__rankcloak,1,0.834925651550293,deberta,leave_one_model__qwen2_5_7b_instruct_q4_k_m,validation,matched_clean_llm,dedup-cluster-7b810f2afbcabc7ee462bff7,revision_v1_nonce_96_bit_hex_023,llama3_8b_instruct_q4_k_m,nonseg_ascii_b8,nonce_96_bit_hex,professional_process_email
detector_pair__31c982cc1ed4a45cd0b80dc6__ordinary_control,0,0.0015612534480169415,deberta,leave_one_model__qwen2_5_7b_instruct_q4_k_m,validation,matched_clean_llm,dedup-cluster-edb6b099f1dff5a3bddeca8c,revision_v1_sha256_hex_012,mistral_7b_instruct_v0_3_q4_k_m,nonseg_ascii_b8,sha256_hex,forum_purchase_advice
detector_pair__31c982cc1ed4a45cd0b80dc6__rankcloak,1,0.999323844909668,deberta,leave_one_model__qwen2_5_7b_instruct_q4_k_m,validation,matched_clean_llm,dedup-cluster-edb6b099f1dff5a3bddeca8c,revision_v1_sha256_hex_012,mistral_7b_instruct_v0_3_q4_k_m,nonseg_ascii_b8,sha256_hex,forum_purchase_advice
detector_pair__31ca862324e3a8b7bec09159__ordinary_control,0,0.001040480099618435,deberta,leave_one_model__qwen2_5_7b_instruct_q4_k_m,validation,matched_clean_llm,dedup-cluster-298834ce3caac8f77b13ddc3,revision_v1_aes256_gcm_base64_031,llama3_8b_instruct_q4_k_m,nonseg_ascii_b8,aes256_gcm_base64,casual_hobby_chat
detector_pair__31ca862324e3a8b7bec09159__rankcloak,1,0.9573574066162109,deberta,leave_one_model__qwen2_5_7b_instruct_q4_k_m,validation,matched_clean_llm,dedup-cluster-298834ce3caac8f77b13ddc3,revision_v1_aes256_gcm_base64_031,llama3_8b_instruct_q4_k_m,nonseg_ascii_b8,aes256_gcm_base64,casual_hobby_chat
detector_pair__31e283f52defe246575ee4ef__ordinary_control,0,0.0006236238987185061,deberta,leave_one_model__qwen2_5_7b_instruct_q4_k_m,validation,matched_clean_llm,dedup-cluster-087cbaaa2408a99991319532,revision_v1_uuid_v4_052,llama3_8b_instruct_q4_k_m,direct_subword_calgacus,uuid_v4,forum_practical_answer
detector_pair__31e283f52defe246575ee4ef__rankcloak,1,0.9995622038841248,deberta,leave_one_model__qwen2_5_7b_instruct_q4_k_m,validation,matched_clean_llm,dedup-cluster-087cbaaa2408a99991319532,revision_v1_uuid_v4_052,llama3_8b_instruct_q4_k_m,direct_subword_calgacus,uuid_v4,forum_practical_answer
detector_pair__323efaa8418903a15e694c2e__ordinary_control,0,0.0013603793922811747,deberta,leave_one_model__qwen2_5_7b_instruct_q4_k_m,validation,matched_clean_llm,dedup-cluster-a48caa544001e5d183a57eea,revision_v1_nonce_96_bit_hex_049,llama3_8b_instruct_q4_k_m,segmented_hex_single_topic,nonce_96_bit_hex,procedure_home_task
detector_pair__323efaa8418903a15e694c2e__rankcloak,1,0.9995751976966858,deberta,leave_one_model__qwen2_5_7b_instruct_q4_k_m,validation,matched_clean_llm,dedup-cluster-a48caa544001e5d183a57eea,revision_v1_nonce_96_bit_hex_049,llama3_8b_instruct_q4_k_m,segmented_hex_single_topic,nonce_96_bit_hex,procedure_home_task
detector_pair__3299e8a28b97e57a7afd76d4__ordinary_control,0,0.0004523605457507074,deberta,leave_one_model__qwen2_5_7b_instruct_q4_k_m,validation,matched_clean_llm,dedup-cluster-48d7da6cd06bde46d05aad3f,revision_v1_sha256_hex_056,llama3_8b_instruct_q4_k_m,nonseg_hex_nibble_b16,sha256_hex,forum_practical_answer
detector_pair__3299e8a28b97e57a7afd76d4__rankcloak,1,0.9411045908927917,deberta,leave_one_model__qwen2_5_7b_instruct_q4_k_m,validation,matched_clean_llm,dedup-cluster-48d7da6cd06bde46d05aad3f,revision_v1_sha256_hex_056,llama3_8b_instruct_q4_k_m,nonseg_hex_nibble_b16,sha256_hex,forum_practical_answer
detector_pair__3394970b55a3268e5d5e4543__ordinary_control,0,0.0004917195183224976,deberta,leave_one_model__qwen2_5_7b_instruct_q4_k_m,validation,matched_clean_llm,dedup-cluster-54d0f843ac4646811be4dfd1,revision_v1_sha256_hex_000,llama3_8b_instruct_q4_k_m,segmented_hex_single_topic,sha256_hex,casual_weekend_chat
detector_pair__3394970b55a3268e5d5e4543__rankcloak,1,0.9997474551200867,deberta,leave_one_model__qwen2_5_7b_instruct_q4_k_m,validation,matched_clean_llm,dedup-cluster-54d0f843ac4646811be4dfd1,revision_v1_sha256_hex_000,llama3_8b_instruct_q4_k_m,segmented_hex_single_topic,sha256_hex,casual_weekend_chat
detector_pair__3423f0b3e7439bad43e48bf0__ordinary_control,0,0.0007606609142385423,deberta,leave_one_model__qwen2_5_7b_instruct_q4_k_m,validation,matched_clean_llm,dedup-cluster-72a697706958756a5d98abe5,revision_v1_aes256_gcm_base64_042,llama3_8b_instruct_q4_k_m,direct_subword_calgacus,aes256_gcm_base64,explain_weather_pattern
detector_pair__3423f0b3e7439bad43e48bf0__rankcloak,1,0.9997760653495789,deberta,leave_one_model__qwen2_5_7b_instruct_q4_k_m,validation,matched_clean_llm,dedup-cluster-72a697706958756a5d98abe5,revision_v1_aes256_gcm_base64_042,llama3_8b_instruct_q4_k_m,direct_subword_calgacus,aes256_gcm_base64,explain_weather_pattern
detector_pair__342ac5963b7b3351580bed70__ordinary_control,0,0.002093819435685873,deberta,leave_one_model__qwen2_5_7b_instruct_q4_k_m,validation,matched_clean_llm,dedup-cluster-0de80089e8762fad04cb9524,revision_v1_ed25519_signature_base64_046,llama3_8b_instruct_q4_k_m,nonseg_ascii_b8,ed25519_signature_base64,explain_biological_process
detector_pair__342ac5963b7b3351580bed70__rankcloak,1,0.9987806677818298,deberta,leave_one_model__qwen2_5_7b_instruct_q4_k_m,validation,matched_clean_llm,dedup-cluster-0de80089e8762fad04cb9524,revision_v1_ed25519_signature_base64_046,llama3_8b_instruct_q4_k_m,nonseg_ascii_b8,ed25519_signature_base64,explain_biological_process
detector_pair__344484eda7bc150815a1bd25__ordinary_control,0,0.0007759317522868514,deberta,leave_one_model__qwen2_5_7b_instruct_q4_k_m,validation,matched_clean_llm,dedup-cluster-1658921bbd26cede8f32a38a,revision_v1_ed25519_signature_base64_033,mistral_7b_instruct_v0_3_q4_k_m,nonseg_ascii_b16,ed25519_signature_base64,casual_neighborhood_chat
detector_pair__344484eda7bc150815a1bd25__rankcloak,1,0.9995874762535095,deberta,leave_one_model__qwen2_5_7b_instruct_q4_k_m,validation,matched_clean_llm,dedup-cluster-1658921bbd26cede8f32a38a,revision_v1_ed25519_signature_base64_033,mistral_7b_instruct_v0_3_q4_k_m,nonseg_ascii_b16,ed25519_signature_base64,casual_neighborhood_chat
detector_pair__347e74c4cdab745b0f90554b__ordinary_control,0,0.00039945560274645686,deberta,leave_one_model__qwen2_5_7b_instruct_q4_k_m,validation,matched_clean_llm,dedup-cluster-32ad4bf593b222d70a8ca962,revision_v1_hmac_sha256_hex_053,mistral_7b_instruct_v0_3_q4_k_m,nonseg_ascii_b16,hmac_sha256_hex,forum_learning_answer
detector_pair__347e74c4cdab745b0f90554b__rankcloak,1,0.9997944235801697,deberta,leave_one_model__qwen2_5_7b_instruct_q4_k_m,validation,matched_clean_llm,dedup-cluster-32ad4bf593b222d70a8ca962,revision_v1_hmac_sha256_hex_053,mistral_7b_instruct_v0_3_q4_k_m,nonseg_ascii_b16,hmac_sha256_hex,forum_learning_answer
detector_pair__351ec6f9c3e6ad5031e30c9a__ordinary_control,0,0.0013621782418340445,deberta,leave_one_model__qwen2_5_7b_instruct_q4_k_m,validation,matched_clean_llm,dedup-cluster-6011fbb5ee1115e93ddfe3e1,revision_v1_chacha20_poly1305_base64_047,llama3_8b_instruct_q4_k_m,nonseg_ascii_b8,chacha20_poly1305_base64,explain_everyday_system
detector_pair__351ec6f9c3e6ad5031e30c9a__rankcloak,1,0.9981222748756409,deberta,leave_one_model__qwen2_5_7b_instruct_q4_k_m,validation,matched_clean_llm,dedup-cluster-6011fbb5ee1115e93ddfe3e1,revision_v1_chacha20_poly1305_base64_047,llama3_8b_instruct_q4_k_m,nonseg_ascii_b8,chacha20_poly1305_base64,explain_everyday_system
detector_pair__35203bb8a1d8aa0bdaa559f2__ordinary_control,0,0.001036731991916895,deberta,leave_one_model__qwen2_5_7b_instruct_q4_k_m,validation,matched_clean_llm,dedup-cluster-00eccca339b70a566fc600ea,revision_v1_ed25519_signature_base64_041,llama3_8b_instruct_q4_k_m,direct_subword_calgacus,ed25519_signature_base64,casual_hobby_chat
detector_pair__35203bb8a1d8aa0bdaa559f2__rankcloak,1,0.999754011631012,deberta,leave_one_model__qwen2_5_7b_instruct_q4_k_m,validation,matched_clean_llm,dedup-cluster-00eccca339b70a566fc600ea,revision_v1_ed25519_signature_base64_041,llama3_8b_instruct_q4_k_m,direct_subword_calgacus,ed25519_signature_base64,casual_hobby_chat
detector_pair__352b26616f2ad03e460e2569__ordinary_control,0,0.001114727114327252,deberta,leave_one_model__qwen2_5_7b_instruct_q4_k_m,validation,matched_clean_llm,dedup-cluster-cb374f9ca23dfd168fe55742,revision_v1_hmac_sha256_hex_055,llama3_8b_instruct_q4_k_m,segmented_hex_single_topic,hmac_sha256_hex,forum_purchase_advice
detector_pair__352b26616f2ad03e460e2569__rankcloak,1,0.9995915293693542,deberta,leave_one_model__qwen2_5_7b_instruct_q4_k_m,validation,matched_clean_llm,dedup-cluster-cb374f9ca23dfd168fe55742,revision_v1_hmac_sha256_hex_055,llama3_8b_instruct_q4_k_m,segmented_hex_single_topic,hmac_sha256_hex,forum_purchase_advice
detector_pair__35921a20fea0c1a75529658f__ordinary_control,0,0.0005196054116822779,deberta,leave_one_model__qwen2_5_7b_instruct_q4_k_m,validation,matched_clean_llm,dedup-cluster-c85ea4286eb44389809ba8c7,revision_v1_uuid_v4_034,llama3_8b_instruct_q4_k_m,nonseg_ascii_b16,uuid_v4,forum_practical_answer
detector_pair__35921a20fea0c1a75529658f__rankcloak,1,0.9472259283065796,deberta,leave_one_model__qwen2_5_7b_instruct_q4_k_m,validation,matched_clean_llm,dedup-cluster-c85ea4286eb44389809ba8c7,revision_v1_uuid_v4_034,llama3_8b_instruct_q4_k_m,nonseg_ascii_b16,uuid_v4,forum_practical_answer
detector_pair__35a62c84f953a55bfea4f767__ordinary_control,0,0.0005890518659725785,deberta,leave_one_model__qwen2_5_7b_instruct_q4_k_m,validation,matched_clean_llm,dedup-cluster-60a1e2f88d4e40514869d20f,revision_v1_ed25519_signature_base64_051,llama3_8b_instruct_q4_k_m,nonseg_ascii_b8,ed25519_signature_base64,narrative_small_discovery
detector_pair__35a62c84f953a55bfea4f767__rankcloak,1,0.7854053974151611,deberta,leave_one_model__qwen2_5_7b_instruct_q4_k_m,validation,matched_clean_llm,dedup-cluster-60a1e2f88d4e40514869d20f,revision_v1_ed25519_signature_base64_051,llama3_8b_instruct_q4_k_m,nonseg_ascii_b8,ed25519_signature_base64,narrative_small_discovery
detector_pair__363a0ffe5a61eb300b214421__ordinary_control,0,0.002632020739838481,deberta,leave_one_model__qwen2_5_7b_instruct_q4_k_m,validation,matched_clean_llm,dedup-cluster-484bc3854d49e18198bd3802,revision_v1_hmac_sha256_hex_050,llama3_8b_instruct_q4_k_m,nonseg_ascii_b8,hmac_sha256_hex,procedure_simple_meal
detector_pair__363a0ffe5a61eb300b214421__rankcloak,1,0.9979534149169922,deberta,leave_one_model__qwen2_5_7b_instruct_q4_k_m,validation,matched_clean_llm,dedup-cluster-484bc3854d49e18198bd3802,revision_v1_hmac_sha256_hex_050,llama3_8b_instruct_q4_k_m,nonseg_ascii_b8,hmac_sha256_hex,procedure_simple_meal
detector_pair__366d08528b315b0f865ee1fd__ordinary_control,0,0.0009915824048221111,deberta,leave_one_model__qwen2_5_7b_instruct_q4_k_m,validation,matched_clean_llm,dedup-cluster-d80c78b75330766130b70bf5,revision_v1_hmac_sha256_hex_030,llama3_8b_instruct_q4_k_m,direct_subword_calgacus,hmac_sha256_hex,professional_project_update
detector_pair__366d08528b315b0f865ee1fd__rankcloak,1,0.9996474981307983,deberta,leave_one_model__qwen2_5_7b_instruct_q4_k_m,validation,matched_clean_llm,dedup-cluster-d80c78b75330766130b70bf5,revision_v1_hmac_sha256_hex_030,llama3_8b_instruct_q4_k_m,direct_subword_calgacus,hmac_sha256_hex,professional_project_update
detector_pair__36ac745ce08a14a6fa7b73a8__ordinary_control,0,0.0024662052746862173,deberta,leave_one_model__qwen2_5_7b_instruct_q4_k_m,validation,matched_clean_llm,dedup-cluster-2e7f1969791ae609498a9082,revision_v1_hmac_sha256_hex_020,llama3_8b_instruct_q4_k_m,segmented_hex_single_topic,hmac_sha256_hex,procedure_home_task
detector_pair__36ac745ce08a14a6fa7b73a8__rankcloak,1,0.9994403719902039,deberta,leave_one_model__qwen2_5_7b_instruct_q4_k_m,validation,matched_clean_llm,dedup-cluster-2e7f1969791ae609498a9082,revision_v1_hmac_sha256_hex_020,llama3_8b_instruct_q4_k_m,segmented_hex_single_topic,hmac_sha256_hex,procedure_home_task
detector_pair__36f13ced5eda9772c5f2ebc2__ordinary_control,0,0.0008608686039224267,deberta,leave_one_model__qwen2_5_7b_instruct_q4_k_m,validation,matched_clean_llm,dedup-cluster-bc86fac7c4db3068f8c80ad3,revision_v1_chacha20_poly1305_base64_048,mistral_7b_instruct_v0_3_q4_k_m,nonseg_ascii_b16,chacha20_poly1305_base64,forum_purchase_advice
detector_pair__36f13ced5eda9772c5f2ebc2__rankcloak,1,0.9994970560073853,deberta,leave_one_model__qwen2_5_7b_instruct_q4_k_m,validation,matched_clean_llm,dedup-cluster-bc86fac7c4db3068f8c80ad3,revision_v1_chacha20_poly1305_base64_048,mistral_7b_instruct_v0_3_q4_k_m,nonseg_ascii_b16,chacha20_poly1305_base64,forum_purchase_advice
detector_pair__370f05ed78ded1974a1ffb81__ordinary_control,0,0.00030327800777740777,deberta,leave_one_model__qwen2_5_7b_instruct_q4_k_m,validation,matched_clean_llm,dedup-cluster-982d753609ba3daf81c7d866,revision_v1_sha256_hex_046,mistral_7b_instruct_v0_3_q4_k_m,nonseg_ascii_b16,sha256_hex,casual_weekend_chat
detector_pair__370f05ed78ded1974a1ffb81__rankcloak,1,0.9996367692947388,deberta,leave_one_model__qwen2_5_7b_instruct_q4_k_m,validation,matched_clean_llm,dedup-cluster-982d753609ba3daf81c7d866,revision_v1_sha256_hex_046,mistral_7b_instruct_v0_3_q4_k_m,nonseg_ascii_b16,sha256_hex,casual_weekend_chat
detector_pair__37caf110f1d09a0896abf291__ordinary_control,0,0.0012810223270207644,deberta,leave_one_model__qwen2_5_7b_instruct_q4_k_m,validation,matched_clean_llm,dedup-cluster-0401b1baba09fb1c1437ea35,revision_v1_nonce_96_bit_hex_011,mistral_7b_instruct_v0_3_q4_k_m,segmented_hex_single_topic,nonce_96_bit_hex,procedure_garden_task
detector_pair__37caf110f1d09a0896abf291__rankcloak,1,0.9995442032814026,deberta,leave_one_model__qwen2_5_7b_instruct_q4_k_m,validation,matched_clean_llm,dedup-cluster-0401b1baba09fb1c1437ea35,revision_v1_nonce_96_bit_hex_011,mistral_7b_instruct_v0_3_q4_k_m,segmented_hex_single_topic,nonce_96_bit_hex,procedure_garden_task
detector_pair__38221cb40a36aa135c984736__ordinary_control,0,0.0006094100535847247,deberta,leave_one_model__qwen2_5_7b_instruct_q4_k_m,validation,matched_clean_llm,dedup-cluster-59f7511f5e7a9e62060c4324,revision_v1_uuid_v4_058,mistral_7b_instruct_v0_3_q4_k_m,nonseg_ascii_b8,uuid_v4,narrative_small_discovery
detector_pair__38221cb40a36aa135c984736__rankcloak,1,0.9942519664764404,deberta,leave_one_model__qwen2_5_7b_instruct_q4_k_m,validation,matched_clean_llm,dedup-cluster-59f7511f5e7a9e62060c4324,revision_v1_uuid_v4_058,mistral_7b_instruct_v0_3_q4_k_m,nonseg_ascii_b8,uuid_v4,narrative_small_discovery
detector_pair__3831c6ce1b67ed94f627d7c0__ordinary_control,0,0.0007105918484739959,deberta,leave_one_model__qwen2_5_7b_instruct_q4_k_m,validation,matched_clean_llm,dedup-cluster-9b8e2659fd534e6fb2b81afc,revision_v1_ed25519_signature_base64_027,llama3_8b_instruct_q4_k_m,nonseg_ascii_b16,ed25519_signature_base64,narrative_learning_moment
detector_pair__3831c6ce1b67ed94f627d7c0__rankcloak,1,0.9989483952522278,deberta,leave_one_model__qwen2_5_7b_instruct_q4_k_m,validation,matched_clean_llm,dedup-cluster-9b8e2659fd534e6fb2b81afc,revision_v1_ed25519_signature_base64_027,llama3_8b_instruct_q4_k_m,nonseg_ascii_b16,ed25519_signature_base64,narrative_learning_moment
detector_pair__38524efd3b6146da064a8f6c__ordinary_control,0,0.0003143672365695238,deberta,leave_one_model__qwen2_5_7b_instruct_q4_k_m,validation,matched_clean_llm,dedup-cluster-8150a67016c09420f58d3140,revision_v1_sha256_hex_053,mistral_7b_instruct_v0_3_q4_k_m,segmented_hex_multi_topic,sha256_hex,professional_schedule_note
detector_pair__38524efd3b6146da064a8f6c__rankcloak,1,0.9984683394432068,deberta,leave_one_model__qwen2_5_7b_instruct_q4_k_m,validation,matched_clean_llm,dedup-cluster-8150a67016c09420f58d3140,revision_v1_sha256_hex_053,mistral_7b_instruct_v0_3_q4_k_m,segmented_hex_multi_topic,sha256_hex,professional_schedule_note
detector_pair__3856376c0fb0ed876b0258ab__ordinary_control,0,0.001448240946047008,deberta,leave_one_model__qwen2_5_7b_instruct_q4_k_m,validation,matched_clean_llm,dedup-cluster-21724430ac9765521f1234e5,revision_v1_token_128_bit_hex_056,mistral_7b_instruct_v0_3_q4_k_m,direct_subword_calgacus,token_128_bit_hex,professional_process_email
detector_pair__3856376c0fb0ed876b0258ab__rankcloak,1,0.23909296095371246,deberta,leave_one_model__qwen2_5_7b_instruct_q4_k_m,validation,matched_clean_llm,dedup-cluster-21724430ac9765521f1234e5,revision_v1_token_128_bit_hex_056,mistral_7b_instruct_v0_3_q4_k_m,direct_subword_calgacus,token_128_bit_hex,professional_process_email
detector_pair__385e1673e13389819424d368__ordinary_control,0,0.0017497953958809376,deberta,leave_one_model__qwen2_5_7b_instruct_q4_k_m,validation,matched_clean_llm,dedup-cluster-729f0f62c71d15bb8d8f7eff,revision_v1_token_128_bit_hex_004,mistral_7b_instruct_v0_3_q4_k_m,nonseg_ascii_b8,token_128_bit_hex,procedure_garden_task
detector_pair__385e1673e13389819424d368__rankcloak,1,0.998374342918396,deberta,leave_one_model__qwen2_5_7b_instruct_q4_k_m,validation,matched_clean_llm,dedup-cluster-729f0f62c71d15bb8d8f7eff,revision_v1_token_128_bit_hex_004,mistral_7b_instruct_v0_3_q4_k_m,nonseg_ascii_b8,token_128_bit_hex,procedure_garden_task
detector_pair__38bf274840a84108233b761d__ordinary_control,0,0.0004909381386823952,deberta,leave_one_model__qwen2_5_7b_instruct_q4_k_m,validation,matched_clean_llm,dedup-cluster-cb374f9ca23dfd168fe55742,revision_v1_hmac_sha256_hex_055,llama3_8b_instruct_q4_k_m,nonseg_hex_nibble_b16,hmac_sha256_hex,forum_purchase_advice
detector_pair__38bf274840a84108233b761d__rankcloak,1,0.9634844064712524,deberta,leave_one_model__qwen2_5_7b_instruct_q4_k_m,validation,matched_clean_llm,dedup-cluster-cb374f9ca23dfd168fe55742,revision_v1_hmac_sha256_hex_055,llama3_8b_instruct_q4_k_m,nonseg_hex_nibble_b16,hmac_sha256_hex,forum_purchase_advice
detector_pair__38cb71c6b30b0fbffedf62b3__ordinary_control,0,0.0011167246848344803,deberta,leave_one_model__qwen2_5_7b_instruct_q4_k_m,validation,matched_clean_llm,dedup-cluster-7c84aa0ced3be32342082f66,revision_v1_uuid_v4_002,llama3_8b_instruct_q4_k_m,nonseg_ascii_b16,uuid_v4,casual_hobby_chat
detector_pair__38cb71c6b30b0fbffedf62b3__rankcloak,1,0.9991040825843811,deberta,leave_one_model__qwen2_5_7b_instruct_q4_k_m,validation,matched_clean_llm,dedup-cluster-7c84aa0ced3be32342082f66,revision_v1_uuid_v4_002,llama3_8b_instruct_q4_k_m,nonseg_ascii_b16,uuid_v4,casual_hobby_chat
detector_pair__38e94266351b6b11f33e4978__ordinary_control,0,0.0012611804995685816,deberta,leave_one_model__qwen2_5_7b_instruct_q4_k_m,validation,matched_clean_llm,dedup-cluster-d24ae4dc1ca2dcb4473005f9,revision_v1_hmac_sha256_hex_036,mistral_7b_instruct_v0_3_q4_k_m,segmented_hex_single_topic,hmac_sha256_hex,procedure_simple_meal
detector_pair__38e94266351b6b11f33e4978__rankcloak,1,0.9997779726982117,deberta,leave_one_model__qwen2_5_7b_instruct_q4_k_m,validation,matched_clean_llm,dedup-cluster-d24ae4dc1ca2dcb4473005f9,revision_v1_hmac_sha256_hex_036,mistral_7b_instruct_v0_3_q4_k_m,segmented_hex_single_topic,hmac_sha256_hex,procedure_simple_meal
detector_pair__3963a4b66c6c69d3827263f5__ordinary_control,0,0.0004493244632612914,deberta,leave_one_model__qwen2_5_7b_instruct_q4_k_m,validation,matched_clean_llm,dedup-cluster-53ddb375f906007b9492f105,revision_v1_sha256_hex_033,mistral_7b_instruct_v0_3_q4_k_m,direct_subword_calgacus,sha256_hex,explain_everyday_system
detector_pair__3963a4b66c6c69d3827263f5__rankcloak,1,0.9984875917434692,deberta,leave_one_model__qwen2_5_7b_instruct_q4_k_m,validation,matched_clean_llm,dedup-cluster-53ddb375f906007b9492f105,revision_v1_sha256_hex_033,mistral_7b_instruct_v0_3_q4_k_m,direct_subword_calgacus,sha256_hex,explain_everyday_system
detector_pair__3974d0f6cae242a695b3cfc1__ordinary_control,0,0.0005897661321796477,deberta,leave_one_model__qwen2_5_7b_instruct_q4_k_m,validation,matched_clean_llm,dedup-cluster-a9a56840e2c7d4a59a486e62,revision_v1_nonce_96_bit_hex_025,mistral_7b_instruct_v0_3_q4_k_m,direct_subword_calgacus,nonce_96_bit_hex,explain_biological_process
detector_pair__3974d0f6cae242a695b3cfc1__rankcloak,1,0.9978931546211243,deberta,leave_one_model__qwen2_5_7b_instruct_q4_k_m,validation,matched_clean_llm,dedup-cluster-a9a56840e2c7d4a59a486e62,revision_v1_nonce_96_bit_hex_025,mistral_7b_instruct_v0_3_q4_k_m,direct_subword_calgacus,nonce_96_bit_hex,explain_biological_process
detector_pair__3988cf40a3081f828fa91bd2__ordinary_control,0,0.0015932203968986869,deberta,leave_one_model__qwen2_5_7b_instruct_q4_k_m,validation,matched_clean_llm,dedup-cluster-37d4a9d7e9509ca2f58035f8,revision_v1_hmac_sha256_hex_022,llama3_8b_instruct_q4_k_m,nonseg_ascii_b8,hmac_sha256_hex,explain_everyday_system
detector_pair__3988cf40a3081f828fa91bd2__rankcloak,1,0.994333028793335,deberta,leave_one_model__qwen2_5_7b_instruct_q4_k_m,validation,matched_clean_llm,dedup-cluster-37d4a9d7e9509ca2f58035f8,revision_v1_hmac_sha256_hex_022,llama3_8b_instruct_q4_k_m,nonseg_ascii_b8,hmac_sha256_hex,explain_everyday_system
detector_pair__39a8e804731786075748c4f7__ordinary_control,0,0.0006837864639237523,deberta,leave_one_model__qwen2_5_7b_instruct_q4_k_m,validation,matched_clean_llm,dedup-cluster-d028afde8d3446e776f3bdbf,revision_v1_hmac_sha256_hex_013,mistral_7b_instruct_v0_3_q4_k_m,nonseg_hex_nibble_b16,hmac_sha256_hex,narrative_learning_moment
detector_pair__39a8e804731786075748c4f7__rankcloak,1,0.9996803998947144,deberta,leave_one_model__qwen2_5_7b_instruct_q4_k_m,validation,matched_clean_llm,dedup-cluster-d028afde8d3446e776f3bdbf,revision_v1_hmac_sha256_hex_013,mistral_7b_instruct_v0_3_q4_k_m,nonseg_hex_nibble_b16,hmac_sha256_hex,narrative_learning_moment
detector_pair__39b65259ac27aa2badd9b791__ordinary_control,0,0.0010295857209712267,deberta,leave_one_model__qwen2_5_7b_instruct_q4_k_m,validation,matched_clean_llm,dedup-cluster-4df1f95590c9f69533ae0634,revision_v1_nonce_96_bit_hex_027,mistral_7b_instruct_v0_3_q4_k_m,nonseg_ascii_b16,nonce_96_bit_hex,professional_process_email
detector_pair__39b65259ac27aa2badd9b791__rankcloak,1,0.9891455173492432,deberta,leave_one_model__qwen2_5_7b_instruct_q4_k_m,validation,matched_clean_llm,dedup-cluster-4df1f95590c9f69533ae0634,revision_v1_nonce_96_bit_hex_027,mistral_7b_instruct_v0_3_q4_k_m,nonseg_ascii_b16,nonce_96_bit_hex,professional_process_email
detector_pair__39e1a6a19dfc5cf29fb32a16__ordinary_control,0,0.0012317823711782694,deberta,leave_one_model__qwen2_5_7b_instruct_q4_k_m,validation,matched_clean_llm,dedup-cluster-40d7dc0aae7327885c0b7431,revision_v1_aes256_gcm_base64_057,mistral_7b_instruct_v0_3_q4_k_m,nonseg_ascii_b8,aes256_gcm_base64,narrative_local_walk
detector_pair__39e1a6a19dfc5cf29fb32a16__rankcloak,1,0.9993667006492615,deberta,leave_one_model__qwen2_5_7b_instruct_q4_k_m,validation,matched_clean_llm,dedup-cluster-40d7dc0aae7327885c0b7431,revision_v1_aes256_gcm_base64_057,mistral_7b_instruct_v0_3_q4_k_m,nonseg_ascii_b8,aes256_gcm_base64,narrative_local_walk
detector_pair__39f960e4e4360c18e435e8a6__ordinary_control,0,0.003548548324033618,deberta,leave_one_model__qwen2_5_7b_instruct_q4_k_m,validation,matched_clean_llm,dedup-cluster-a9a56840e2c7d4a59a486e62,revision_v1_nonce_96_bit_hex_025,mistral_7b_instruct_v0_3_q4_k_m,segmented_hex_multi_topic,nonce_96_bit_hex,explain_biological_process
detector_pair__39f960e4e4360c18e435e8a6__rankcloak,1,0.9910348057746887,deberta,leave_one_model__qwen2_5_7b_instruct_q4_k_m,validation,matched_clean_llm,dedup-cluster-a9a56840e2c7d4a59a486e62,revision_v1_nonce_96_bit_hex_025,mistral_7b_instruct_v0_3_q4_k_m,segmented_hex_multi_topic,nonce_96_bit_hex,explain_biological_process
detector_pair__3a1147758424c49b72e5dc3e__ordinary_control,0,0.002553387312218547,deberta,leave_one_model__qwen2_5_7b_instruct_q4_k_m,validation,matched_clean_llm,dedup-cluster-525f817201e5e26510c04739,revision_v1_uuid_v4_017,llama3_8b_instruct_q4_k_m,nonseg_ascii_b16,uuid_v4,procedure_simple_meal
detector_pair__3a1147758424c49b72e5dc3e__rankcloak,1,0.9634075164794922,deberta,leave_one_model__qwen2_5_7b_instruct_q4_k_m,validation,matched_clean_llm,dedup-cluster-525f817201e5e26510c04739,revision_v1_uuid_v4_017,llama3_8b_instruct_q4_k_m,nonseg_ascii_b16,uuid_v4,procedure_simple_meal
detector_pair__3a705721927f8e299f8d49c1__ordinary_control,0,0.001495906850323081,deberta,leave_one_model__qwen2_5_7b_instruct_q4_k_m,validation,matched_clean_llm,dedup-cluster-6ace02c4c66fff411127a281,revision_v1_token_128_bit_hex_012,llama3_8b_instruct_q4_k_m,segmented_hex_multi_topic,token_128_bit_hex,procedure_garden_task
detector_pair__3a705721927f8e299f8d49c1__rankcloak,1,0.9994350075721741,deberta,leave_one_model__qwen2_5_7b_instruct_q4_k_m,validation,matched_clean_llm,dedup-cluster-6ace02c4c66fff411127a281,revision_v1_token_128_bit_hex_012,llama3_8b_instruct_q4_k_m,segmented_hex_multi_topic,token_128_bit_hex,procedure_garden_task
detector_pair__3a83599a264e07a34ac0063e__ordinary_control,0,0.0016410056268796325,deberta,leave_one_model__qwen2_5_7b_instruct_q4_k_m,validation,matched_clean_llm,dedup-cluster-484bc3854d49e18198bd3802,revision_v1_hmac_sha256_hex_050,llama3_8b_instruct_q4_k_m,segmented_hex_multi_topic,hmac_sha256_hex,procedure_simple_meal
detector_pair__3a83599a264e07a34ac0063e__rankcloak,1,0.9997348189353943,deberta,leave_one_model__qwen2_5_7b_instruct_q4_k_m,validation,matched_clean_llm,dedup-cluster-484bc3854d49e18198bd3802,revision_v1_hmac_sha256_hex_050,llama3_8b_instruct_q4_k_m,segmented_hex_multi_topic,hmac_sha256_hex,procedure_simple_meal
detector_pair__3a9d151b1fa0b4506f130842__ordinary_control,0,0.0017110825283452868,deberta,leave_one_model__qwen2_5_7b_instruct_q4_k_m,validation,matched_clean_llm,dedup-cluster-53ddb375f906007b9492f105,revision_v1_sha256_hex_033,mistral_7b_instruct_v0_3_q4_k_m,segmented_hex_multi_topic,sha256_hex,explain_everyday_system
detector_pair__3a9d151b1fa0b4506f130842__rankcloak,1,0.7329221963882446,deberta,leave_one_model__qwen2_5_7b_instruct_q4_k_m,validation,matched_clean_llm,dedup-cluster-53ddb375f906007b9492f105,revision_v1_sha256_hex_033,mistral_7b_instruct_v0_3_q4_k_m,segmented_hex_multi_topic,sha256_hex,explain_everyday_system
detector_pair__3b15696f293e88bc588cbd4b__ordinary_control,0,0.0011151630897074938,deberta,leave_one_model__qwen2_5_7b_instruct_q4_k_m,validation,matched_clean_llm,dedup-cluster-525f817201e5e26510c04739,revision_v1_uuid_v4_017,mistral_7b_instruct_v0_3_q4_k_m,nonseg_ascii_b8,uuid_v4,explain_biological_process
detector_pair__3b15696f293e88bc588cbd4b__rankcloak,1,0.9994387030601501,deberta,leave_one_model__qwen2_5_7b_instruct_q4_k_m,validation,matched_clean_llm,dedup-cluster-525f817201e5e26510c04739,revision_v1_uuid_v4_017,mistral_7b_instruct_v0_3_q4_k_m,nonseg_ascii_b8,uuid_v4,explain_biological_process
detector_pair__3b374103f9c7f44c86363691__ordinary_control,0,0.0005193969700485468,deberta,leave_one_model__qwen2_5_7b_instruct_q4_k_m,validation,matched_clean_llm,dedup-cluster-48d7da6cd06bde46d05aad3f,revision_v1_sha256_hex_056,mistral_7b_instruct_v0_3_q4_k_m,nonseg_hex_nibble_b16,sha256_hex,narrative_learning_moment
detector_pair__3b374103f9c7f44c86363691__rankcloak,1,0.9771956205368042,deberta,leave_one_model__qwen2_5_7b_instruct_q4_k_m,validation,matched_clean_llm,dedup-cluster-48d7da6cd06bde46d05aad3f,revision_v1_sha256_hex_056,mistral_7b_instruct_v0_3_q4_k_m,nonseg_hex_nibble_b16,sha256_hex,narrative_learning_moment
detector_pair__3b47b8d183a506f92643e837__ordinary_control,0,0.00048412749310955405,deberta,leave_one_model__qwen2_5_7b_instruct_q4_k_m,validation,matched_clean_llm,dedup-cluster-edb6b099f1dff5a3bddeca8c,revision_v1_sha256_hex_012,mistral_7b_instruct_v0_3_q4_k_m,segmented_hex_multi_topic,sha256_hex,forum_purchase_advice
detector_pair__3b47b8d183a506f92643e837__rankcloak,1,0.8129403591156006,deberta,leave_one_model__qwen2_5_7b_instruct_q4_k_m,validation,matched_clean_llm,dedup-cluster-edb6b099f1dff5a3bddeca8c,revision_v1_sha256_hex_012,mistral_7b_instruct_v0_3_q4_k_m,segmented_hex_multi_topic,sha256_hex,forum_purchase_advice
detector_pair__3b6ef0cd5fbff32d8027105e__ordinary_control,0,0.0015167291276156902,deberta,leave_one_model__qwen2_5_7b_instruct_q4_k_m,validation,matched_clean_llm,dedup-cluster-7b810f2afbcabc7ee462bff7,revision_v1_nonce_96_bit_hex_023,llama3_8b_instruct_q4_k_m,segmented_hex_multi_topic,nonce_96_bit_hex,professional_process_email
detector_pair__3b6ef0cd5fbff32d8027105e__rankcloak,1,0.9962741136550903,deberta,leave_one_model__qwen2_5_7b_instruct_q4_k_m,validation,matched_clean_llm,dedup-cluster-7b810f2afbcabc7ee462bff7,revision_v1_nonce_96_bit_hex_023,llama3_8b_instruct_q4_k_m,segmented_hex_multi_topic,nonce_96_bit_hex,professional_process_email
detector_pair__3bbee65c73f31f6f908ce117__ordinary_control,0,0.0006334540667012334,deberta,leave_one_model__qwen2_5_7b_instruct_q4_k_m,validation,matched_clean_llm,dedup-cluster-a1abcb49aa12280f617295a6,revision_v1_sha256_hex_034,llama3_8b_instruct_q4_k_m,segmented_hex_multi_topic,sha256_hex,narrative_learning_moment
detector_pair__3bbee65c73f31f6f908ce117__rankcloak,1,0.9991900324821472,deberta,leave_one_model__qwen2_5_7b_instruct_q4_k_m,validation,matched_clean_llm,dedup-cluster-a1abcb49aa12280f617295a6,revision_v1_sha256_hex_034,llama3_8b_instruct_q4_k_m,segmented_hex_multi_topic,sha256_hex,narrative_learning_moment
detector_pair__3be107b304b1108f519f63de__ordinary_control,0,0.004277560394257307,deberta,leave_one_model__qwen2_5_7b_instruct_q4_k_m,validation,matched_clean_llm,dedup-cluster-c588a294c6263bec1e8ad56d,revision_v1_token_128_bit_hex_054,llama3_8b_instruct_q4_k_m,segmented_hex_multi_topic,token_128_bit_hex,procedure_simple_meal
detector_pair__3be107b304b1108f519f63de__rankcloak,1,0.9978356957435608,deberta,leave_one_model__qwen2_5_7b_instruct_q4_k_m,validation,matched_clean_llm,dedup-cluster-c588a294c6263bec1e8ad56d,revision_v1_token_128_bit_hex_054,llama3_8b_instruct_q4_k_m,segmented_hex_multi_topic,token_128_bit_hex,procedure_simple_meal
detector_pair__3c123dd595121164c91a4c54__ordinary_control,0,0.0003627034311648458,deberta,leave_one_model__qwen2_5_7b_instruct_q4_k_m,validation,matched_clean_llm,dedup-cluster-e303bfe023e32c25389ebaf9,revision_v1_token_128_bit_hex_057,llama3_8b_instruct_q4_k_m,nonseg_hex_nibble_b16,token_128_bit_hex,casual_weekend_chat
detector_pair__3c123dd595121164c91a4c54__rankcloak,1,0.7344335913658142,deberta,leave_one_model__qwen2_5_7b_instruct_q4_k_m,validation,matched_clean_llm,dedup-cluster-e303bfe023e32c25389ebaf9,revision_v1_token_128_bit_hex_057,llama3_8b_instruct_q4_k_m,nonseg_hex_nibble_b16,token_128_bit_hex,casual_weekend_chat
detector_pair__3c141c46c687ea4397eb64a0__ordinary_control,0,0.0002934648946393281,deberta,leave_one_model__qwen2_5_7b_instruct_q4_k_m,validation,matched_clean_llm,dedup-cluster-8150a67016c09420f58d3140,revision_v1_sha256_hex_053,mistral_7b_instruct_v0_3_q4_k_m,direct_subword_calgacus,sha256_hex,professional_schedule_note
detector_pair__3c141c46c687ea4397eb64a0__rankcloak,1,0.9976621866226196,deberta,leave_one_model__qwen2_5_7b_instruct_q4_k_m,validation,matched_clean_llm,dedup-cluster-8150a67016c09420f58d3140,revision_v1_sha256_hex_053,mistral_7b_instruct_v0_3_q4_k_m,direct_subword_calgacus,sha256_hex,professional_schedule_note
detector_pair__3c23328d6e8a0ae3d4ba093e__ordinary_control,0,0.002160783624276519,deberta,leave_one_model__qwen2_5_7b_instruct_q4_k_m,validation,matched_clean_llm,dedup-cluster-37d4a9d7e9509ca2f58035f8,revision_v1_hmac_sha256_hex_022,llama3_8b_instruct_q4_k_m,nonseg_ascii_b16,hmac_sha256_hex,explain_everyday_system
detector_pair__3c23328d6e8a0ae3d4ba093e__rankcloak,1,0.9987346529960632,deberta,leave_one_model__qwen2_5_7b_instruct_q4_k_m,validation,matched_clean_llm,dedup-cluster-37d4a9d7e9509ca2f58035f8,revision_v1_hmac_sha256_hex_022,llama3_8b_instruct_q4_k_m,nonseg_ascii_b16,hmac_sha256_hex,explain_everyday_system
detector_pair__3cc6329e6d7a6453b8d1849b__ordinary_control,0,0.0010624697897583246,deberta,leave_one_model__qwen2_5_7b_instruct_q4_k_m,validation,matched_clean_llm,dedup-cluster-bc86fac7c4db3068f8c80ad3,revision_v1_chacha20_poly1305_base64_048,mistral_7b_instruct_v0_3_q4_k_m,direct_subword_calgacus,chacha20_poly1305_base64,forum_purchase_advice
detector_pair__3cc6329e6d7a6453b8d1849b__rankcloak,1,0.9996706247329712,deberta,leave_one_model__qwen2_5_7b_instruct_q4_k_m,validation,matched_clean_llm,dedup-cluster-bc86fac7c4db3068f8c80ad3,revision_v1_chacha20_poly1305_base64_048,mistral_7b_instruct_v0_3_q4_k_m,direct_subword_calgacus,chacha20_poly1305_base64,forum_purchase_advice
detector_pair__3d0937e13ef705d2d1bcc999__ordinary_control,0,0.0021469094790518284,deberta,leave_one_model__qwen2_5_7b_instruct_q4_k_m,validation,matched_clean_llm,dedup-cluster-5ace189a35be6720f7c9dc5e,revision_v1_chacha20_poly1305_base64_057,llama3_8b_instruct_q4_k_m,direct_subword_calgacus,chacha20_poly1305_base64,procedure_simple_meal
detector_pair__3d0937e13ef705d2d1bcc999__rankcloak,1,0.9998032450675964,deberta,leave_one_model__qwen2_5_7b_instruct_q4_k_m,validation,matched_clean_llm,dedup-cluster-5ace189a35be6720f7c9dc5e,revision_v1_chacha20_poly1305_base64_057,llama3_8b_instruct_q4_k_m,direct_subword_calgacus,chacha20_poly1305_base64,procedure_simple_meal
detector_pair__3d0f8080531a9ed6edf097b8__ordinary_control,0,0.00028721257694996893,deberta,leave_one_model__qwen2_5_7b_instruct_q4_k_m,validation,matched_clean_llm,dedup-cluster-d24ae4dc1ca2dcb4473005f9,revision_v1_hmac_sha256_hex_036,llama3_8b_instruct_q4_k_m,segmented_hex_multi_topic,hmac_sha256_hex,professional_schedule_note
detector_pair__3d0f8080531a9ed6edf097b8__rankcloak,1,0.9998536109924316,deberta,leave_one_model__qwen2_5_7b_instruct_q4_k_m,validation,matched_clean_llm,dedup-cluster-d24ae4dc1ca2dcb4473005f9,revision_v1_hmac_sha256_hex_036,llama3_8b_instruct_q4_k_m,segmented_hex_multi_topic,hmac_sha256_hex,professional_schedule_note
detector_pair__3d95c93a9624f09446df8eec__ordinary_control,0,0.0019287328468635678,deberta,leave_one_model__qwen2_5_7b_instruct_q4_k_m,validation,matched_clean_llm,dedup-cluster-9e865129af4def1fc2a2442c,revision_v1_ed25519_signature_base64_017,llama3_8b_instruct_q4_k_m,direct_subword_calgacus,ed25519_signature_base64,casual_weekend_chat
detector_pair__3d95c93a9624f09446df8eec__rankcloak,1,0.9997366070747375,deberta,leave_one_model__qwen2_5_7b_instruct_q4_k_m,validation,matched_clean_llm,dedup-cluster-9e865129af4def1fc2a2442c,revision_v1_ed25519_signature_base64_017,llama3_8b_instruct_q4_k_m,direct_subword_calgacus,ed25519_signature_base64,casual_weekend_chat
detector_pair__3daa925c41375aeb0b1792dc__ordinary_control,0,0.00046843013842590153,deberta,leave_one_model__qwen2_5_7b_instruct_q4_k_m,validation,matched_clean_llm,dedup-cluster-e2f7268932e937ee54d92fe1,revision_v1_uuid_v4_016,mistral_7b_instruct_v0_3_q4_k_m,nonseg_ascii_b16,uuid_v4,narrative_learning_moment
detector_pair__3daa925c41375aeb0b1792dc__rankcloak,1,0.9990543723106384,deberta,leave_one_model__qwen2_5_7b_instruct_q4_k_m,validation,matched_clean_llm,dedup-cluster-e2f7268932e937ee54d92fe1,revision_v1_uuid_v4_016,mistral_7b_instruct_v0_3_q4_k_m,nonseg_ascii_b16,uuid_v4,narrative_learning_moment
detector_pair__3e11f43faf68dcb51c066f96__ordinary_control,0,0.003459206083789468,deberta,leave_one_model__qwen2_5_7b_instruct_q4_k_m,validation,matched_clean_llm,dedup-cluster-895f397b7b83bd34e4862c58,revision_v1_chacha20_poly1305_base64_033,mistral_7b_instruct_v0_3_q4_k_m,nonseg_ascii_b8,chacha20_poly1305_base64,explain_everyday_system
detector_pair__3e11f43faf68dcb51c066f96__rankcloak,1,0.9990682005882263,deberta,leave_one_model__qwen2_5_7b_instruct_q4_k_m,validation,matched_clean_llm,dedup-cluster-895f397b7b83bd34e4862c58,revision_v1_chacha20_poly1305_base64_033,mistral_7b_instruct_v0_3_q4_k_m,nonseg_ascii_b8,chacha20_poly1305_base64,explain_everyday_system
detector_pair__3e26855b1f0642291125a427__ordinary_control,0,0.001372024999000132,deberta,leave_one_model__qwen2_5_7b_instruct_q4_k_m,validation,matched_clean_llm,dedup-cluster-c85ea4286eb44389809ba8c7,revision_v1_uuid_v4_034,mistral_7b_instruct_v0_3_q4_k_m,nonseg_ascii_b8,uuid_v4,narrative_learning_moment
detector_pair__3e26855b1f0642291125a427__rankcloak,1,0.9989364743232727,deberta,leave_one_model__qwen2_5_7b_instruct_q4_k_m,validation,matched_clean_llm,dedup-cluster-c85ea4286eb44389809ba8c7,revision_v1_uuid_v4_034,mistral_7b_instruct_v0_3_q4_k_m,nonseg_ascii_b8,uuid_v4,narrative_learning_moment
detector_pair__3e3fc4b7cf9d5a811011cad3__ordinary_control,0,0.00027442455757409334,deberta,leave_one_model__qwen2_5_7b_instruct_q4_k_m,validation,matched_clean_llm,dedup-cluster-3f1509f18c269716bcce76a3,revision_v1_aes256_gcm_base64_050,llama3_8b_instruct_q4_k_m,direct_subword_calgacus,aes256_gcm_base64,professional_schedule_note
detector_pair__3e3fc4b7cf9d5a811011cad3__rankcloak,1,0.9995099306106567,deberta,leave_one_model__qwen2_5_7b_instruct_q4_k_m,validation,matched_clean_llm,dedup-cluster-3f1509f18c269716bcce76a3,revision_v1_aes256_gcm_base64_050,llama3_8b_instruct_q4_k_m,direct_subword_calgacus,aes256_gcm_base64,professional_schedule_note
detector_pair__3e5fd3601b178e6049be87d5__ordinary_control,0,0.001020939787849784,deberta,leave_one_model__qwen2_5_7b_instruct_q4_k_m,validation,matched_clean_llm,dedup-cluster-6136de4e90d44eb994005d2a,revision_v1_uuid_v4_051,llama3_8b_instruct_q4_k_m,nonseg_ascii_b8,uuid_v4,professional_project_update
detector_pair__3e5fd3601b178e6049be87d5__rankcloak,1,0.9746192097663879,deberta,leave_one_model__qwen2_5_7b_instruct_q4_k_m,validation,matched_clean_llm,dedup-cluster-6136de4e90d44eb994005d2a,revision_v1_uuid_v4_051,llama3_8b_instruct_q4_k_m,nonseg_ascii_b8,uuid_v4,professional_project_update
detector_pair__3eab600bdbb4fdb3d2f05c38__ordinary_control,0,0.0003502584295347333,deberta,leave_one_model__qwen2_5_7b_instruct_q4_k_m,validation,matched_clean_llm,dedup-cluster-339659e6d45626f95acf4c5b,revision_v1_nonce_96_bit_hex_052,mistral_7b_instruct_v0_3_q4_k_m,nonseg_ascii_b16,nonce_96_bit_hex,forum_practical_answer
detector_pair__3eab600bdbb4fdb3d2f05c38__rankcloak,1,0.9639778137207031,deberta,leave_one_model__qwen2_5_7b_instruct_q4_k_m,validation,matched_clean_llm,dedup-cluster-339659e6d45626f95acf4c5b,revision_v1_nonce_96_bit_hex_052,mistral_7b_instruct_v0_3_q4_k_m,nonseg_ascii_b16,nonce_96_bit_hex,forum_practical_answer
detector_pair__3eb78d20ae3b65b02d3046e2__ordinary_control,0,0.0005945056909695268,deberta,leave_one_model__qwen2_5_7b_instruct_q4_k_m,validation,matched_clean_llm,dedup-cluster-a9a56840e2c7d4a59a486e62,revision_v1_nonce_96_bit_hex_025,llama3_8b_instruct_q4_k_m,segmented_hex_multi_topic,nonce_96_bit_hex,procedure_simple_meal
detector_pair__3eb78d20ae3b65b02d3046e2__rankcloak,1,0.9994425177574158,deberta,leave_one_model__qwen2_5_7b_instruct_q4_k_m,validation,matched_clean_llm,dedup-cluster-a9a56840e2c7d4a59a486e62,revision_v1_nonce_96_bit_hex_025,llama3_8b_instruct_q4_k_m,segmented_hex_multi_topic,nonce_96_bit_hex,procedure_simple_meal
detector_pair__3f09d2099ee117b9ce1c199e__ordinary_control,0,0.0005420500528998673,deberta,leave_one_model__qwen2_5_7b_instruct_q4_k_m,validation,matched_clean_llm,dedup-cluster-bc077faa1a8a103220224e85,revision_v1_chacha20_poly1305_base64_036,mistral_7b_instruct_v0_3_q4_k_m,nonseg_ascii_b8,chacha20_poly1305_base64,forum_learning_answer
detector_pair__3f09d2099ee117b9ce1c199e__rankcloak,1,0.9989919066429138,deberta,leave_one_model__qwen2_5_7b_instruct_q4_k_m,validation,matched_clean_llm,dedup-cluster-bc077faa1a8a103220224e85,revision_v1_chacha20_poly1305_base64_036,mistral_7b_instruct_v0_3_q4_k_m,nonseg_ascii_b8,chacha20_poly1305_base64,forum_learning_answer
detector_pair__3f206faec3d47437d95d1426__ordinary_control,0,0.0014910117024555802,deberta,leave_one_model__qwen2_5_7b_instruct_q4_k_m,validation,matched_clean_llm,dedup-cluster-59f7511f5e7a9e62060c4324,revision_v1_uuid_v4_058,llama3_8b_instruct_q4_k_m,nonseg_ascii_b16,uuid_v4,forum_purchase_advice
detector_pair__3f206faec3d47437d95d1426__rankcloak,1,0.9035912752151489,deberta,leave_one_model__qwen2_5_7b_instruct_q4_k_m,validation,matched_clean_llm,dedup-cluster-59f7511f5e7a9e62060c4324,revision_v1_uuid_v4_058,llama3_8b_instruct_q4_k_m,nonseg_ascii_b16,uuid_v4,forum_purchase_advice
detector_pair__3f6985ebe679d0b8df3fc7aa__ordinary_control,0,0.0002889046154450625,deberta,leave_one_model__qwen2_5_7b_instruct_q4_k_m,validation,matched_clean_llm,dedup-cluster-1658921bbd26cede8f32a38a,revision_v1_ed25519_signature_base64_033,mistral_7b_instruct_v0_3_q4_k_m,direct_subword_calgacus,ed25519_signature_base64,casual_neighborhood_chat
detector_pair__3f6985ebe679d0b8df3fc7aa__rankcloak,1,0.9997174143791199,deberta,leave_one_model__qwen2_5_7b_instruct_q4_k_m,validation,matched_clean_llm,dedup-cluster-1658921bbd26cede8f32a38a,revision_v1_ed25519_signature_base64_033,mistral_7b_instruct_v0_3_q4_k_m,direct_subword_calgacus,ed25519_signature_base64,casual_neighborhood_chat
detector_pair__3f9b11a18092b7fbdf282c9c__ordinary_control,0,0.0014493943890556693,deberta,leave_one_model__qwen2_5_7b_instruct_q4_k_m,validation,matched_clean_llm,dedup-cluster-dcb1b73d5ccfd69dfe23f428,revision_v1_ed25519_signature_base64_000,mistral_7b_instruct_v0_3_q4_k_m,nonseg_ascii_b8,ed25519_signature_base64,procedure_simple_meal
detector_pair__3f9b11a18092b7fbdf282c9c__rankcloak,1,0.999366819858551,deberta,leave_one_model__qwen2_5_7b_instruct_q4_k_m,validation,matched_clean_llm,dedup-cluster-dcb1b73d5ccfd69dfe23f428,revision_v1_ed25519_signature_base64_000,mistral_7b_instruct_v0_3_q4_k_m,nonseg_ascii_b8,ed25519_signature_base64,procedure_simple_meal
detector_pair__3ff3b4d21a1a4f3b2dd0ec1d__ordinary_control,0,0.0005684385541826487,deberta,leave_one_model__qwen2_5_7b_instruct_q4_k_m,validation,matched_clean_llm,dedup-cluster-f71f239b6ba6105b60b970fe,revision_v1_aes256_gcm_base64_049,mistral_7b_instruct_v0_3_q4_k_m,nonseg_ascii_b8,aes256_gcm_base64,forum_practical_answer
detector_pair__3ff3b4d21a1a4f3b2dd0ec1d__rankcloak,1,0.9997076392173767,deberta,leave_one_model__qwen2_5_7b_instruct_q4_k_m,validation,matched_clean_llm,dedup-cluster-f71f239b6ba6105b60b970fe,revision_v1_aes256_gcm_base64_049,mistral_7b_instruct_v0_3_q4_k_m,nonseg_ascii_b8,aes256_gcm_base64,forum_practical_answer
detector_pair__3ffafb4ff1b8c6a897a67cc0__ordinary_control,0,0.0004922185325995088,deberta,leave_one_model__qwen2_5_7b_instruct_q4_k_m,validation,matched_clean_llm,dedup-cluster-32ad4bf593b222d70a8ca962,revision_v1_hmac_sha256_hex_053,llama3_8b_instruct_q4_k_m,segmented_hex_multi_topic,hmac_sha256_hex,casual_weekend_chat
detector_pair__3ffafb4ff1b8c6a897a67cc0__rankcloak,1,0.9995494484901428,deberta,leave_one_model__qwen2_5_7b_instruct_q4_k_m,validation,matched_clean_llm,dedup-cluster-32ad4bf593b222d70a8ca962,revision_v1_hmac_sha256_hex_053,llama3_8b_instruct_q4_k_m,segmented_hex_multi_topic,hmac_sha256_hex,casual_weekend_chat
detector_pair__40eddbb3c33f16942367653e__ordinary_control,0,0.002375529846176505,deberta,leave_one_model__qwen2_5_7b_instruct_q4_k_m,validation,matched_clean_llm,dedup-cluster-2e7f1969791ae609498a9082,revision_v1_hmac_sha256_hex_020,mistral_7b_instruct_v0_3_q4_k_m,nonseg_ascii_b8,hmac_sha256_hex,explain_weather_pattern
detector_pair__40eddbb3c33f16942367653e__rankcloak,1,0.9996287822723389,deberta,leave_one_model__qwen2_5_7b_instruct_q4_k_m,validation,matched_clean_llm,dedup-cluster-2e7f1969791ae609498a9082,revision_v1_hmac_sha256_hex_020,mistral_7b_instruct_v0_3_q4_k_m,nonseg_ascii_b8,hmac_sha256_hex,explain_weather_pattern
detector_pair__41065245895fa5822e80e9db__ordinary_control,0,0.003674823557958007,deberta,leave_one_model__qwen2_5_7b_instruct_q4_k_m,validation,matched_clean_llm,dedup-cluster-b814eb53fabc825fc651b86a,revision_v1_chacha20_poly1305_base64_029,llama3_8b_instruct_q4_k_m,nonseg_ascii_b16,chacha20_poly1305_base64,explain_everyday_system
detector_pair__41065245895fa5822e80e9db__rankcloak,1,0.9984738230705261,deberta,leave_one_model__qwen2_5_7b_instruct_q4_k_m,validation,matched_clean_llm,dedup-cluster-b814eb53fabc825fc651b86a,revision_v1_chacha20_poly1305_base64_029,llama3_8b_instruct_q4_k_m,nonseg_ascii_b16,chacha20_poly1305_base64,explain_everyday_system
detector_pair__413d4a3ff52eaead8c0cde4e__ordinary_control,0,0.0006756287766620517,deberta,leave_one_model__qwen2_5_7b_instruct_q4_k_m,validation,matched_clean_llm,dedup-cluster-631342e4862923cce8d3242b,revision_v1_sha256_hex_029,llama3_8b_instruct_q4_k_m,segmented_hex_single_topic,sha256_hex,explain_everyday_system
detector_pair__413d4a3ff52eaead8c0cde4e__rankcloak,1,0.9383787512779236,deberta,leave_one_model__qwen2_5_7b_instruct_q4_k_m,validation,matched_clean_llm,dedup-cluster-631342e4862923cce8d3242b,revision_v1_sha256_hex_029,llama3_8b_instruct_q4_k_m,segmented_hex_single_topic,sha256_hex,explain_everyday_system
detector_pair__4162da92f572125feeaa62bd__ordinary_control,0,0.0004726787155959755,deberta,leave_one_model__qwen2_5_7b_instruct_q4_k_m,validation,matched_clean_llm,dedup-cluster-a1abcb49aa12280f617295a6,revision_v1_sha256_hex_034,llama3_8b_instruct_q4_k_m,nonseg_ascii_b8,sha256_hex,narrative_learning_moment
detector_pair__4162da92f572125feeaa62bd__rankcloak,1,0.9937312006950378,deberta,leave_one_model__qwen2_5_7b_instruct_q4_k_m,validation,matched_clean_llm,dedup-cluster-a1abcb49aa12280f617295a6,revision_v1_sha256_hex_034,llama3_8b_instruct_q4_k_m,nonseg_ascii_b8,sha256_hex,narrative_learning_moment
detector_pair__4178f43c3a5fdf08c1495596__ordinary_control,0,0.001582033233717084,deberta,leave_one_model__qwen2_5_7b_instruct_q4_k_m,validation,matched_clean_llm,dedup-cluster-a518c0db7bd9dc8b2ff3b50a,revision_v1_uuid_v4_010,llama3_8b_instruct_q4_k_m,nonseg_ascii_b8,uuid_v4,forum_learning_answer
detector_pair__4178f43c3a5fdf08c1495596__rankcloak,1,0.9989952445030212,deberta,leave_one_model__qwen2_5_7b_instruct_q4_k_m,validation,matched_clean_llm,dedup-cluster-a518c0db7bd9dc8b2ff3b50a,revision_v1_uuid_v4_010,llama3_8b_instruct_q4_k_m,nonseg_ascii_b8,uuid_v4,forum_learning_answer
detector_pair__417efb0288f2e0aeb3dcfde3__ordinary_control,0,0.0005689198151230812,deberta,leave_one_model__qwen2_5_7b_instruct_q4_k_m,validation,matched_clean_llm,dedup-cluster-02520044ca48813bb14ebc78,revision_v1_aes256_gcm_base64_003,mistral_7b_instruct_v0_3_q4_k_m,nonseg_ascii_b16,aes256_gcm_base64,narrative_local_walk
detector_pair__417efb0288f2e0aeb3dcfde3__rankcloak,1,0.9997426867485046,deberta,leave_one_model__qwen2_5_7b_instruct_q4_k_m,validation,matched_clean_llm,dedup-cluster-02520044ca48813bb14ebc78,revision_v1_aes256_gcm_base64_003,mistral_7b_instruct_v0_3_q4_k_m,nonseg_ascii_b16,aes256_gcm_base64,narrative_local_walk
detector_pair__4184700d34c31cac092e97da__ordinary_control,0,0.0004487140686251223,deberta,leave_one_model__qwen2_5_7b_instruct_q4_k_m,validation,matched_clean_llm,dedup-cluster-32ad4bf593b222d70a8ca962,revision_v1_hmac_sha256_hex_053,mistral_7b_instruct_v0_3_q4_k_m,segmented_hex_multi_topic,hmac_sha256_hex,forum_learning_answer
detector_pair__4184700d34c31cac092e97da__rankcloak,1,0.9997288584709167,deberta,leave_one_model__qwen2_5_7b_instruct_q4_k_m,validation,matched_clean_llm,dedup-cluster-32ad4bf593b222d70a8ca962,revision_v1_hmac_sha256_hex_053,mistral_7b_instruct_v0_3_q4_k_m,segmented_hex_multi_topic,hmac_sha256_hex,forum_learning_answer
detector_pair__41ab29e72409b08bb62616de__ordinary_control,0,0.0002880775136873126,deberta,leave_one_model__qwen2_5_7b_instruct_q4_k_m,validation,matched_clean_llm,dedup-cluster-a1abcb49aa12280f617295a6,revision_v1_sha256_hex_034,mistral_7b_instruct_v0_3_q4_k_m,direct_subword_calgacus,sha256_hex,casual_hobby_chat
detector_pair__41ab29e72409b08bb62616de__rankcloak,1,0.9589125514030457,deberta,leave_one_model__qwen2_5_7b_instruct_q4_k_m,validation,matched_clean_llm,dedup-cluster-a1abcb49aa12280f617295a6,revision_v1_sha256_hex_034,mistral_7b_instruct_v0_3_q4_k_m,direct_subword_calgacus,sha256_hex,casual_hobby_chat
detector_pair__41e06173c6d3d1c017cdf1fa__ordinary_control,0,0.0011524321744218469,deberta,leave_one_model__qwen2_5_7b_instruct_q4_k_m,validation,matched_clean_llm,dedup-cluster-c588a294c6263bec1e8ad56d,revision_v1_token_128_bit_hex_054,llama3_8b_instruct_q4_k_m,direct_subword_calgacus,token_128_bit_hex,procedure_simple_meal
detector_pair__41e06173c6d3d1c017cdf1fa__rankcloak,1,0.9990148544311523,deberta,leave_one_model__qwen2_5_7b_instruct_q4_k_m,validation,matched_clean_llm,dedup-cluster-c588a294c6263bec1e8ad56d,revision_v1_token_128_bit_hex_054,llama3_8b_instruct_q4_k_m,direct_subword_calgacus,token_128_bit_hex,procedure_simple_meal
detector_pair__4207d4c1ef4a6146d79b804d__ordinary_control,0,0.00033172930125147104,deberta,leave_one_model__qwen2_5_7b_instruct_q4_k_m,validation,matched_clean_llm,dedup-cluster-064db5ffad9ed683b6e0fdbd,revision_v1_sha256_hex_035,mistral_7b_instruct_v0_3_q4_k_m,nonseg_ascii_b8,sha256_hex,professional_schedule_note
detector_pair__4207d4c1ef4a6146d79b804d__rankcloak,1,0.9996411800384521,deberta,leave_one_model__qwen2_5_7b_instruct_q4_k_m,validation,matched_clean_llm,dedup-cluster-064db5ffad9ed683b6e0fdbd,revision_v1_sha256_hex_035,mistral_7b_instruct_v0_3_q4_k_m,nonseg_ascii_b8,sha256_hex,professional_schedule_note
detector_pair__424064417221594c4aa6a086__ordinary_control,0,0.0015315536875277758,deberta,leave_one_model__qwen2_5_7b_instruct_q4_k_m,validation,matched_clean_llm,dedup-cluster-37d4a9d7e9509ca2f58035f8,revision_v1_hmac_sha256_hex_022,llama3_8b_instruct_q4_k_m,segmented_hex_multi_topic,hmac_sha256_hex,explain_everyday_system
detector_pair__424064417221594c4aa6a086__rankcloak,1,0.9663691520690918,deberta,leave_one_model__qwen2_5_7b_instruct_q4_k_m,validation,matched_clean_llm,dedup-cluster-37d4a9d7e9509ca2f58035f8,revision_v1_hmac_sha256_hex_022,llama3_8b_instruct_q4_k_m,segmented_hex_multi_topic,hmac_sha256_hex,explain_everyday_system
detector_pair__429566658011bec4b84dfc6e__ordinary_control,0,0.0009690140141174197,deberta,leave_one_model__qwen2_5_7b_instruct_q4_k_m,validation,matched_clean_llm,dedup-cluster-cb374f9ca23dfd168fe55742,revision_v1_hmac_sha256_hex_055,mistral_7b_instruct_v0_3_q4_k_m,nonseg_ascii_b16,hmac_sha256_hex,narrative_small_discovery
detector_pair__429566658011bec4b84dfc6e__rankcloak,1,0.9995800852775574,deberta,leave_one_model__qwen2_5_7b_instruct_q4_k_m,validation,matched_clean_llm,dedup-cluster-cb374f9ca23dfd168fe55742,revision_v1_hmac_sha256_hex_055,mistral_7b_instruct_v0_3_q4_k_m,nonseg_ascii_b16,hmac_sha256_hex,narrative_small_discovery
detector_pair__4315cab3b807e64070d72025__ordinary_control,0,0.0003370933700352907,deberta,leave_one_model__qwen2_5_7b_instruct_q4_k_m,validation,matched_clean_llm,dedup-cluster-32ad4bf593b222d70a8ca962,revision_v1_hmac_sha256_hex_053,llama3_8b_instruct_q4_k_m,nonseg_hex_nibble_b16,hmac_sha256_hex,casual_weekend_chat
detector_pair__4315cab3b807e64070d72025__rankcloak,1,0.999428927898407,deberta,leave_one_model__qwen2_5_7b_instruct_q4_k_m,validation,matched_clean_llm,dedup-cluster-32ad4bf593b222d70a8ca962,revision_v1_hmac_sha256_hex_053,llama3_8b_instruct_q4_k_m,nonseg_hex_nibble_b16,hmac_sha256_hex,casual_weekend_chat
detector_pair__43350e8f55f7899640fe2285__ordinary_control,0,0.0009513357654213905,deberta,leave_one_model__qwen2_5_7b_instruct_q4_k_m,validation,matched_clean_llm,dedup-cluster-92db4da9195620c7435535fe,revision_v1_ed25519_signature_base64_008,mistral_7b_instruct_v0_3_q4_k_m,direct_subword_calgacus,ed25519_signature_base64,explain_everyday_system
detector_pair__43350e8f55f7899640fe2285__rankcloak,1,0.9997591376304626,deberta,leave_one_model__qwen2_5_7b_instruct_q4_k_m,validation,matched_clean_llm,dedup-cluster-92db4da9195620c7435535fe,revision_v1_ed25519_signature_base64_008,mistral_7b_instruct_v0_3_q4_k_m,direct_subword_calgacus,ed25519_signature_base64,explain_everyday_system
detector_pair__433eaf7133f2c1a687871ff1__ordinary_control,0,0.0006757439696229994,deberta,leave_one_model__qwen2_5_7b_instruct_q4_k_m,validation,matched_clean_llm,dedup-cluster-a877ac9e15d9982c5f795957,revision_v1_sha256_hex_048,mistral_7b_instruct_v0_3_q4_k_m,segmented_hex_single_topic,sha256_hex,forum_purchase_advice
detector_pair__433eaf7133f2c1a687871ff1__rankcloak,1,0.999666690826416,deberta,leave_one_model__qwen2_5_7b_instruct_q4_k_m,validation,matched_clean_llm,dedup-cluster-a877ac9e15d9982c5f795957,revision_v1_sha256_hex_048,mistral_7b_instruct_v0_3_q4_k_m,segmented_hex_single_topic,sha256_hex,forum_purchase_advice
detector_pair__435ead50bc70481be6053983__ordinary_control,0,0.0005840180674567819,deberta,leave_one_model__qwen2_5_7b_instruct_q4_k_m,validation,matched_clean_llm,dedup-cluster-edb6b099f1dff5a3bddeca8c,revision_v1_sha256_hex_012,mistral_7b_instruct_v0_3_q4_k_m,direct_subword_calgacus,sha256_hex,forum_purchase_advice
detector_pair__435ead50bc70481be6053983__rankcloak,1,0.9995693564414978,deberta,leave_one_model__qwen2_5_7b_instruct_q4_k_m,validation,matched_clean_llm,dedup-cluster-edb6b099f1dff5a3bddeca8c,revision_v1_sha256_hex_012,mistral_7b_instruct_v0_3_q4_k_m,direct_subword_calgacus,sha256_hex,forum_purchase_advice
detector_pair__4382af8a838900506be306ed__ordinary_control,0,0.0005543582956306636,deberta,leave_one_model__qwen2_5_7b_instruct_q4_k_m,validation,matched_clean_llm,dedup-cluster-729f0f62c71d15bb8d8f7eff,revision_v1_token_128_bit_hex_004,mistral_7b_instruct_v0_3_q4_k_m,segmented_hex_multi_topic,token_128_bit_hex,procedure_garden_task
detector_pair__4382af8a838900506be306ed__rankcloak,1,0.9982714653015137,deberta,leave_one_model__qwen2_5_7b_instruct_q4_k_m,validation,matched_clean_llm,dedup-cluster-729f0f62c71d15bb8d8f7eff,revision_v1_token_128_bit_hex_004,mistral_7b_instruct_v0_3_q4_k_m,segmented_hex_multi_topic,token_128_bit_hex,procedure_garden_task
detector_pair__439564d75fcbe38c35fec63e__ordinary_control,0,0.001678692875429988,deberta,leave_one_model__qwen2_5_7b_instruct_q4_k_m,validation,matched_clean_llm,dedup-cluster-a1f09603de61d42b17c60f90,revision_v1_nonce_96_bit_hex_058,mistral_7b_instruct_v0_3_q4_k_m,nonseg_hex_nibble_b16,nonce_96_bit_hex,forum_purchase_advice
detector_pair__439564d75fcbe38c35fec63e__rankcloak,1,0.9961735606193542,deberta,leave_one_model__qwen2_5_7b_instruct_q4_k_m,validation,matched_clean_llm,dedup-cluster-a1f09603de61d42b17c60f90,revision_v1_nonce_96_bit_hex_058,mistral_7b_instruct_v0_3_q4_k_m,nonseg_hex_nibble_b16,nonce_96_bit_hex,forum_purchase_advice
detector_pair__43a5d43a0a29acfba817bf85__ordinary_control,0,0.00030501786386594176,deberta,leave_one_model__qwen2_5_7b_instruct_q4_k_m,validation,matched_clean_llm,dedup-cluster-0eb47bf23cdaa7b54a0335a2,revision_v1_token_128_bit_hex_055,mistral_7b_instruct_v0_3_q4_k_m,direct_subword_calgacus,token_128_bit_hex,casual_neighborhood_chat
detector_pair__43a5d43a0a29acfba817bf85__rankcloak,1,0.9964085221290588,deberta,leave_one_model__qwen2_5_7b_instruct_q4_k_m,validation,matched_clean_llm,dedup-cluster-0eb47bf23cdaa7b54a0335a2,revision_v1_token_128_bit_hex_055,mistral_7b_instruct_v0_3_q4_k_m,direct_subword_calgacus,token_128_bit_hex,casual_neighborhood_chat
detector_pair__43b6d825e5a4bab440473241__ordinary_control,0,0.0009478669380769134,deberta,leave_one_model__qwen2_5_7b_instruct_q4_k_m,validation,matched_clean_llm,dedup-cluster-631342e4862923cce8d3242b,revision_v1_sha256_hex_029,llama3_8b_instruct_q4_k_m,segmented_hex_single_topic,sha256_hex,explain_everyday_system
detector_pair__43b6d825e5a4bab440473241__rankcloak,1,0.9995408058166504,deberta,leave_one_model__qwen2_5_7b_instruct_q4_k_m,validation,matched_clean_llm,dedup-cluster-631342e4862923cce8d3242b,revision_v1_sha256_hex_029,llama3_8b_instruct_q4_k_m,segmented_hex_single_topic,sha256_hex,explain_everyday_system
detector_pair__44620a62a33bb565b133f28f__ordinary_control,0,0.0007580297533422709,deberta,leave_one_model__qwen2_5_7b_instruct_q4_k_m,validation,matched_clean_llm,dedup-cluster-4c7d81d9bc771045be64324c,revision_v1_nonce_96_bit_hex_001,mistral_7b_instruct_v0_3_q4_k_m,segmented_hex_single_topic,nonce_96_bit_hex,explain_everyday_system
detector_pair__44620a62a33bb565b133f28f__rankcloak,1,0.8913013339042664,deberta,leave_one_model__qwen2_5_7b_instruct_q4_k_m,validation,matched_clean_llm,dedup-cluster-4c7d81d9bc771045be64324c,revision_v1_nonce_96_bit_hex_001,mistral_7b_instruct_v0_3_q4_k_m,segmented_hex_single_topic,nonce_96_bit_hex,explain_everyday_system
detector_pair__449430563483f4c47c277cc5__ordinary_control,0,0.0004640498082153499,deberta,leave_one_model__qwen2_5_7b_instruct_q4_k_m,validation,matched_clean_llm,dedup-cluster-a1abcb49aa12280f617295a6,revision_v1_sha256_hex_034,mistral_7b_instruct_v0_3_q4_k_m,segmented_hex_multi_topic,sha256_hex,casual_hobby_chat
detector_pair__449430563483f4c47c277cc5__rankcloak,1,0.9996132254600525,deberta,leave_one_model__qwen2_5_7b_instruct_q4_k_m,validation,matched_clean_llm,dedup-cluster-a1abcb49aa12280f617295a6,revision_v1_sha256_hex_034,mistral_7b_instruct_v0_3_q4_k_m,segmented_hex_multi_topic,sha256_hex,casual_hobby_chat
detector_pair__452b446142d4da80b56165ed__ordinary_control,0,0.0004449905245564878,deberta,leave_one_model__qwen2_5_7b_instruct_q4_k_m,validation,matched_clean_llm,dedup-cluster-1a58c45e1a5617daccb29f6e,revision_v1_aes256_gcm_base64_035,llama3_8b_instruct_q4_k_m,direct_subword_calgacus,aes256_gcm_base64,narrative_local_walk
detector_pair__452b446142d4da80b56165ed__rankcloak,1,0.9997643828392029,deberta,leave_one_model__qwen2_5_7b_instruct_q4_k_m,validation,matched_clean_llm,dedup-cluster-1a58c45e1a5617daccb29f6e,revision_v1_aes256_gcm_base64_035,llama3_8b_instruct_q4_k_m,direct_subword_calgacus,aes256_gcm_base64,narrative_local_walk
detector_pair__454b5e00bde6f908c8187afa__ordinary_control,0,0.0004440151678863913,deberta,leave_one_model__qwen2_5_7b_instruct_q4_k_m,validation,matched_clean_llm,dedup-cluster-a518c0db7bd9dc8b2ff3b50a,revision_v1_uuid_v4_010,llama3_8b_instruct_q4_k_m,direct_subword_calgacus,uuid_v4,forum_learning_answer
detector_pair__454b5e00bde6f908c8187afa__rankcloak,1,0.9952306151390076,deberta,leave_one_model__qwen2_5_7b_instruct_q4_k_m,validation,matched_clean_llm,dedup-cluster-a518c0db7bd9dc8b2ff3b50a,revision_v1_uuid_v4_010,llama3_8b_instruct_q4_k_m,direct_subword_calgacus,uuid_v4,forum_learning_answer
detector_pair__459a94b50f56d4a0b67197fb__ordinary_control,0,0.0007267790497280657,deberta,leave_one_model__qwen2_5_7b_instruct_q4_k_m,validation,matched_clean_llm,dedup-cluster-d80c78b75330766130b70bf5,revision_v1_hmac_sha256_hex_030,mistral_7b_instruct_v0_3_q4_k_m,nonseg_hex_nibble_b16,hmac_sha256_hex,procedure_garden_task
detector_pair__459a94b50f56d4a0b67197fb__rankcloak,1,0.9886577725410461,deberta,leave_one_model__qwen2_5_7b_instruct_q4_k_m,validation,matched_clean_llm,dedup-cluster-d80c78b75330766130b70bf5,revision_v1_hmac_sha256_hex_030,mistral_7b_instruct_v0_3_q4_k_m,nonseg_hex_nibble_b16,hmac_sha256_hex,procedure_garden_task
detector_pair__45acd7f635c58fe059ca6c79__ordinary_control,0,0.0010312899248674512,deberta,leave_one_model__qwen2_5_7b_instruct_q4_k_m,validation,matched_clean_llm,dedup-cluster-8bfe7043c327d3a82a41f9ad,revision_v1_ed25519_signature_base64_050,llama3_8b_instruct_q4_k_m,direct_subword_calgacus,ed25519_signature_base64,procedure_simple_meal
detector_pair__45acd7f635c58fe059ca6c79__rankcloak,1,0.9995587468147278,deberta,leave_one_model__qwen2_5_7b_instruct_q4_k_m,validation,matched_clean_llm,dedup-cluster-8bfe7043c327d3a82a41f9ad,revision_v1_ed25519_signature_base64_050,llama3_8b_instruct_q4_k_m,direct_subword_calgacus,ed25519_signature_base64,procedure_simple_meal
detector_pair__45cb28cae07e968692d5ddc8__ordinary_control,0,0.0006197470938786864,deberta,leave_one_model__qwen2_5_7b_instruct_q4_k_m,validation,matched_clean_llm,dedup-cluster-804389a06ddc24189a12fcd5,revision_v1_chacha20_poly1305_base64_041,mistral_7b_instruct_v0_3_q4_k_m,direct_subword_calgacus,chacha20_poly1305_base64,professional_process_email
detector_pair__45cb28cae07e968692d5ddc8__rankcloak,1,0.9997186064720154,deberta,leave_one_model__qwen2_5_7b_instruct_q4_k_m,validation,matched_clean_llm,dedup-cluster-804389a06ddc24189a12fcd5,revision_v1_chacha20_poly1305_base64_041,mistral_7b_instruct_v0_3_q4_k_m,direct_subword_calgacus,chacha20_poly1305_base64,professional_process_email
detector_pair__469dad3ddafe530f6c79516d__ordinary_control,0,0.001512323971837759,deberta,leave_one_model__qwen2_5_7b_instruct_q4_k_m,validation,matched_clean_llm,dedup-cluster-f71f239b6ba6105b60b970fe,revision_v1_aes256_gcm_base64_049,mistral_7b_instruct_v0_3_q4_k_m,direct_subword_calgacus,aes256_gcm_base64,forum_practical_answer
detector_pair__469dad3ddafe530f6c79516d__rankcloak,1,0.9994033575057983,deberta,leave_one_model__qwen2_5_7b_instruct_q4_k_m,validation,matched_clean_llm,dedup-cluster-f71f239b6ba6105b60b970fe,revision_v1_aes256_gcm_base64_049,mistral_7b_instruct_v0_3_q4_k_m,direct_subword_calgacus,aes256_gcm_base64,forum_practical_answer
detector_pair__46f97db7dcec64f1bdf8f9d1__ordinary_control,0,0.004967409186065197,deberta,leave_one_model__qwen2_5_7b_instruct_q4_k_m,validation,matched_clean_llm,dedup-cluster-7b810f2afbcabc7ee462bff7,revision_v1_nonce_96_bit_hex_023,mistral_7b_instruct_v0_3_q4_k_m,nonseg_ascii_b8,nonce_96_bit_hex,procedure_home_task
detector_pair__46f97db7dcec64f1bdf8f9d1__rankcloak,1,0.9990805387496948,deberta,leave_one_model__qwen2_5_7b_instruct_q4_k_m,validation,matched_clean_llm,dedup-cluster-7b810f2afbcabc7ee462bff7,revision_v1_nonce_96_bit_hex_023,mistral_7b_instruct_v0_3_q4_k_m,nonseg_ascii_b8,nonce_96_bit_hex,procedure_home_task
detector_pair__477cab3afc6202971131f2b9__ordinary_control,0,0.013764997944235802,deberta,leave_one_model__qwen2_5_7b_instruct_q4_k_m,validation,matched_clean_llm,dedup-cluster-c588a294c6263bec1e8ad56d,revision_v1_token_128_bit_hex_054,llama3_8b_instruct_q4_k_m,segmented_hex_single_topic,token_128_bit_hex,procedure_simple_meal
detector_pair__477cab3afc6202971131f2b9__rankcloak,1,0.012189758010208607,deberta,leave_one_model__qwen2_5_7b_instruct_q4_k_m,validation,matched_clean_llm,dedup-cluster-c588a294c6263bec1e8ad56d,revision_v1_token_128_bit_hex_054,llama3_8b_instruct_q4_k_m,segmented_hex_single_topic,token_128_bit_hex,procedure_simple_meal
detector_pair__4787a05be7f9dd3e76887394__ordinary_control,0,0.0005847315769642591,deberta,leave_one_model__qwen2_5_7b_instruct_q4_k_m,validation,matched_clean_llm,dedup-cluster-d6ec75465813ed2c729c38e9,revision_v1_aes256_gcm_base64_053,llama3_8b_instruct_q4_k_m,nonseg_ascii_b8,aes256_gcm_base64,narrative_local_walk
detector_pair__4787a05be7f9dd3e76887394__rankcloak,1,0.9991995692253113,deberta,leave_one_model__qwen2_5_7b_instruct_q4_k_m,validation,matched_clean_llm,dedup-cluster-d6ec75465813ed2c729c38e9,revision_v1_aes256_gcm_base64_053,llama3_8b_instruct_q4_k_m,nonseg_ascii_b8,aes256_gcm_base64,narrative_local_walk
detector_pair__47f52d962d7e223dd30edafe__ordinary_control,0,0.0004010701668448746,deberta,leave_one_model__qwen2_5_7b_instruct_q4_k_m,validation,matched_clean_llm,dedup-cluster-d24ae4dc1ca2dcb4473005f9,revision_v1_hmac_sha256_hex_036,llama3_8b_instruct_q4_k_m,nonseg_ascii_b8,hmac_sha256_hex,professional_schedule_note
detector_pair__47f52d962d7e223dd30edafe__rankcloak,1,0.9885027408599854,deberta,leave_one_model__qwen2_5_7b_instruct_q4_k_m,validation,matched_clean_llm,dedup-cluster-d24ae4dc1ca2dcb4473005f9,revision_v1_hmac_sha256_hex_036,llama3_8b_instruct_q4_k_m,nonseg_ascii_b8,hmac_sha256_hex,professional_schedule_note
detector_pair__4842e0ddf277553849c8229e__ordinary_control,0,0.00031479308381676674,deberta,leave_one_model__qwen2_5_7b_instruct_q4_k_m,validation,matched_clean_llm,dedup-cluster-e303bfe023e32c25389ebaf9,revision_v1_token_128_bit_hex_057,llama3_8b_instruct_q4_k_m,segmented_hex_multi_topic,token_128_bit_hex,casual_weekend_chat
detector_pair__4842e0ddf277553849c8229e__rankcloak,1,0.9672217965126038,deberta,leave_one_model__qwen2_5_7b_instruct_q4_k_m,validation,matched_clean_llm,dedup-cluster-e303bfe023e32c25389ebaf9,revision_v1_token_128_bit_hex_057,llama3_8b_instruct_q4_k_m,segmented_hex_multi_topic,token_128_bit_hex,casual_weekend_chat
detector_pair__4888c24667b3b1d099d6878b__ordinary_control,0,0.0008362663793377578,deberta,leave_one_model__qwen2_5_7b_instruct_q4_k_m,validation,matched_clean_llm,dedup-cluster-48d7da6cd06bde46d05aad3f,revision_v1_sha256_hex_056,llama3_8b_instruct_q4_k_m,nonseg_ascii_b8,sha256_hex,forum_practical_answer
detector_pair__4888c24667b3b1d099d6878b__rankcloak,1,0.3323483467102051,deberta,leave_one_model__qwen2_5_7b_instruct_q4_k_m,validation,matched_clean_llm,dedup-cluster-48d7da6cd06bde46d05aad3f,revision_v1_sha256_hex_056,llama3_8b_instruct_q4_k_m,nonseg_ascii_b8,sha256_hex,forum_practical_answer
detector_pair__48dcf0c848ec52bc0f0a92b9__ordinary_control,0,0.0016697223763912916,deberta,leave_one_model__qwen2_5_7b_instruct_q4_k_m,validation,matched_clean_llm,dedup-cluster-4f6ab2ce0956867e1b0b1bad,revision_v1_hmac_sha256_hex_043,llama3_8b_instruct_q4_k_m,nonseg_ascii_b16,hmac_sha256_hex,forum_learning_answer
detector_pair__48dcf0c848ec52bc0f0a92b9__rankcloak,1,0.9950748085975647,deberta,leave_one_model__qwen2_5_7b_instruct_q4_k_m,validation,matched_clean_llm,dedup-cluster-4f6ab2ce0956867e1b0b1bad,revision_v1_hmac_sha256_hex_043,llama3_8b_instruct_q4_k_m,nonseg_ascii_b16,hmac_sha256_hex,forum_learning_answer
detector_pair__49045d6ec6b2750fb069f0d9__ordinary_control,0,0.0005283444188535213,deberta,leave_one_model__qwen2_5_7b_instruct_q4_k_m,validation,matched_clean_llm,dedup-cluster-e39d52527261844e25cbad0b,revision_v1_uuid_v4_006,llama3_8b_instruct_q4_k_m,nonseg_ascii_b8,uuid_v4,narrative_learning_moment
detector_pair__49045d6ec6b2750fb069f0d9__rankcloak,1,0.9954902529716492,deberta,leave_one_model__qwen2_5_7b_instruct_q4_k_m,validation,matched_clean_llm,dedup-cluster-e39d52527261844e25cbad0b,revision_v1_uuid_v4_006,llama3_8b_instruct_q4_k_m,nonseg_ascii_b8,uuid_v4,narrative_learning_moment
detector_pair__49e6cd75b3976c01501bc17f__ordinary_control,0,0.005789144895970821,deberta,leave_one_model__qwen2_5_7b_instruct_q4_k_m,validation,matched_clean_llm,dedup-cluster-484bc3854d49e18198bd3802,revision_v1_hmac_sha256_hex_050,llama3_8b_instruct_q4_k_m,nonseg_ascii_b16,hmac_sha256_hex,procedure_simple_meal
detector_pair__49e6cd75b3976c01501bc17f__rankcloak,1,0.9979830980300903,deberta,leave_one_model__qwen2_5_7b_instruct_q4_k_m,validation,matched_clean_llm,dedup-cluster-484bc3854d49e18198bd3802,revision_v1_hmac_sha256_hex_050,llama3_8b_instruct_q4_k_m,nonseg_ascii_b16,hmac_sha256_hex,procedure_simple_meal
detector_pair__4b056fe0607f9df9773359aa__ordinary_control,0,0.0006411001668311656,deberta,leave_one_model__qwen2_5_7b_instruct_q4_k_m,validation,matched_clean_llm,dedup-cluster-48d7da6cd06bde46d05aad3f,revision_v1_sha256_hex_056,mistral_7b_instruct_v0_3_q4_k_m,segmented_hex_single_topic,sha256_hex,narrative_learning_moment
detector_pair__4b056fe0607f9df9773359aa__rankcloak,1,0.9997573494911194,deberta,leave_one_model__qwen2_5_7b_instruct_q4_k_m,validation,matched_clean_llm,dedup-cluster-48d7da6cd06bde46d05aad3f,revision_v1_sha256_hex_056,mistral_7b_instruct_v0_3_q4_k_m,segmented_hex_single_topic,sha256_hex,narrative_learning_moment
detector_pair__4b14363f0875ded667780401__ordinary_control,0,0.000323150452459231,deberta,leave_one_model__qwen2_5_7b_instruct_q4_k_m,validation,matched_clean_llm,dedup-cluster-f71f239b6ba6105b60b970fe,revision_v1_aes256_gcm_base64_049,llama3_8b_instruct_q4_k_m,nonseg_ascii_b16,aes256_gcm_base64,casual_hobby_chat
detector_pair__4b14363f0875ded667780401__rankcloak,1,0.9994396567344666,deberta,leave_one_model__qwen2_5_7b_instruct_q4_k_m,validation,matched_clean_llm,dedup-cluster-f71f239b6ba6105b60b970fe,revision_v1_aes256_gcm_base64_049,llama3_8b_instruct_q4_k_m,nonseg_ascii_b16,aes256_gcm_base64,casual_hobby_chat
detector_pair__4b43f76b5ed3ab6b772f4e3a__ordinary_control,0,0.0006693819887004793,deberta,leave_one_model__qwen2_5_7b_instruct_q4_k_m,validation,matched_clean_llm,dedup-cluster-7b810f2afbcabc7ee462bff7,revision_v1_nonce_96_bit_hex_023,llama3_8b_instruct_q4_k_m,segmented_hex_single_topic,nonce_96_bit_hex,professional_process_email
detector_pair__4b43f76b5ed3ab6b772f4e3a__rankcloak,1,0.05677724629640579,deberta,leave_one_model__qwen2_5_7b_instruct_q4_k_m,validation,matched_clean_llm,dedup-cluster-7b810f2afbcabc7ee462bff7,revision_v1_nonce_96_bit_hex_023,llama3_8b_instruct_q4_k_m,segmented_hex_single_topic,nonce_96_bit_hex,professional_process_email
detector_pair__4b643d33adfdd86830e3ce59__ordinary_control,0,0.001972795696929097,deberta,leave_one_model__qwen2_5_7b_instruct_q4_k_m,validation,matched_clean_llm,dedup-cluster-a877ac9e15d9982c5f795957,revision_v1_sha256_hex_048,mistral_7b_instruct_v0_3_q4_k_m,segmented_hex_multi_topic,sha256_hex,forum_purchase_advice
detector_pair__4b643d33adfdd86830e3ce59__rankcloak,1,0.9988308548927307,deberta,leave_one_model__qwen2_5_7b_instruct_q4_k_m,validation,matched_clean_llm,dedup-cluster-a877ac9e15d9982c5f795957,revision_v1_sha256_hex_048,mistral_7b_instruct_v0_3_q4_k_m,segmented_hex_multi_topic,sha256_hex,forum_purchase_advice
detector_pair__4bc756e804c58464e7c22862__ordinary_control,0,0.0005179807776585221,deberta,leave_one_model__qwen2_5_7b_instruct_q4_k_m,validation,matched_clean_llm,dedup-cluster-a518c0db7bd9dc8b2ff3b50a,revision_v1_uuid_v4_010,mistral_7b_instruct_v0_3_q4_k_m,nonseg_ascii_b8,uuid_v4,narrative_local_walk
detector_pair__4bc756e804c58464e7c22862__rankcloak,1,0.9322975277900696,deberta,leave_one_model__qwen2_5_7b_instruct_q4_k_m,validation,matched_clean_llm,dedup-cluster-a518c0db7bd9dc8b2ff3b50a,revision_v1_uuid_v4_010,mistral_7b_instruct_v0_3_q4_k_m,nonseg_ascii_b8,uuid_v4,narrative_local_walk
detector_pair__4be268a10ea58df70725adfd__ordinary_control,0,0.0015323800034821033,deberta,leave_one_model__qwen2_5_7b_instruct_q4_k_m,validation,matched_clean_llm,dedup-cluster-48d7da6cd06bde46d05aad3f,revision_v1_sha256_hex_056,mistral_7b_instruct_v0_3_q4_k_m,segmented_hex_multi_topic,sha256_hex,narrative_learning_moment
detector_pair__4be268a10ea58df70725adfd__rankcloak,1,0.9987190961837769,deberta,leave_one_model__qwen2_5_7b_instruct_q4_k_m,validation,matched_clean_llm,dedup-cluster-48d7da6cd06bde46d05aad3f,revision_v1_sha256_hex_056,mistral_7b_instruct_v0_3_q4_k_m,segmented_hex_multi_topic,sha256_hex,narrative_learning_moment
detector_pair__4dd3b48769096b765b3d4fe2__ordinary_control,0,0.001835073810070753,deberta,leave_one_model__qwen2_5_7b_instruct_q4_k_m,validation,matched_clean_llm,dedup-cluster-d80c78b75330766130b70bf5,revision_v1_hmac_sha256_hex_030,llama3_8b_instruct_q4_k_m,segmented_hex_single_topic,hmac_sha256_hex,professional_project_update
detector_pair__4dd3b48769096b765b3d4fe2__rankcloak,1,0.9966303706169128,deberta,leave_one_model__qwen2_5_7b_instruct_q4_k_m,validation,matched_clean_llm,dedup-cluster-d80c78b75330766130b70bf5,revision_v1_hmac_sha256_hex_030,llama3_8b_instruct_q4_k_m,segmented_hex_single_topic,hmac_sha256_hex,professional_project_update
detector_pair__4e0d4adf364c5a087cb01cd2__ordinary_control,0,0.0007377852452918887,deberta,leave_one_model__qwen2_5_7b_instruct_q4_k_m,validation,matched_clean_llm,dedup-cluster-729f0f62c71d15bb8d8f7eff,revision_v1_token_128_bit_hex_004,mistral_7b_instruct_v0_3_q4_k_m,nonseg_ascii_b16,token_128_bit_hex,procedure_garden_task
detector_pair__4e0d4adf364c5a087cb01cd2__rankcloak,1,0.9992815852165222,deberta,leave_one_model__qwen2_5_7b_instruct_q4_k_m,validation,matched_clean_llm,dedup-cluster-729f0f62c71d15bb8d8f7eff,revision_v1_token_128_bit_hex_004,mistral_7b_instruct_v0_3_q4_k_m,nonseg_ascii_b16,token_128_bit_hex,procedure_garden_task
detector_pair__4e14d6442169a771e70a9a96__ordinary_control,0,0.0004320404550526291,deberta,leave_one_model__qwen2_5_7b_instruct_q4_k_m,validation,matched_clean_llm,dedup-cluster-064db5ffad9ed683b6e0fdbd,revision_v1_sha256_hex_035,mistral_7b_instruct_v0_3_q4_k_m,segmented_hex_single_topic,sha256_hex,professional_schedule_note
detector_pair__4e14d6442169a771e70a9a96__rankcloak,1,0.9987736344337463,deberta,leave_one_model__qwen2_5_7b_instruct_q4_k_m,validation,matched_clean_llm,dedup-cluster-064db5ffad9ed683b6e0fdbd,revision_v1_sha256_hex_035,mistral_7b_instruct_v0_3_q4_k_m,segmented_hex_single_topic,sha256_hex,professional_schedule_note
detector_pair__4e276bddc35d59b49d514ca4__ordinary_control,0,0.002254137769341469,deberta,leave_one_model__qwen2_5_7b_instruct_q4_k_m,validation,matched_clean_llm,dedup-cluster-54d0f843ac4646811be4dfd1,revision_v1_sha256_hex_000,llama3_8b_instruct_q4_k_m,segmented_hex_single_topic,sha256_hex,casual_weekend_chat
detector_pair__4e276bddc35d59b49d514ca4__rankcloak,1,0.9935937523841858,deberta,leave_one_model__qwen2_5_7b_instruct_q4_k_m,validation,matched_clean_llm,dedup-cluster-54d0f843ac4646811be4dfd1,revision_v1_sha256_hex_000,llama3_8b_instruct_q4_k_m,segmented_hex_single_topic,sha256_hex,casual_weekend_chat
detector_pair__4e6e0b8ea06f0a0d4367446c__ordinary_control,0,0.0007065142854116857,deberta,leave_one_model__qwen2_5_7b_instruct_q4_k_m,validation,matched_clean_llm,dedup-cluster-a877ac9e15d9982c5f795957,revision_v1_sha256_hex_048,llama3_8b_instruct_q4_k_m,nonseg_ascii_b8,sha256_hex,casual_neighborhood_chat
detector_pair__4e6e0b8ea06f0a0d4367446c__rankcloak,1,0.9403398036956787,deberta,leave_one_model__qwen2_5_7b_instruct_q4_k_m,validation,matched_clean_llm,dedup-cluster-a877ac9e15d9982c5f795957,revision_v1_sha256_hex_048,llama3_8b_instruct_q4_k_m,nonseg_ascii_b8,sha256_hex,casual_neighborhood_chat
detector_pair__4e6f5f053ae8e13e528700d7__ordinary_control,0,0.0020069507881999016,deberta,leave_one_model__qwen2_5_7b_instruct_q4_k_m,validation,matched_clean_llm,dedup-cluster-6ace02c4c66fff411127a281,revision_v1_token_128_bit_hex_012,mistral_7b_instruct_v0_3_q4_k_m,segmented_hex_single_topic,token_128_bit_hex,explain_everyday_system
detector_pair__4e6f5f053ae8e13e528700d7__rankcloak,1,0.651644766330719,deberta,leave_one_model__qwen2_5_7b_instruct_q4_k_m,validation,matched_clean_llm,dedup-cluster-6ace02c4c66fff411127a281,revision_v1_token_128_bit_hex_012,mistral_7b_instruct_v0_3_q4_k_m,segmented_hex_single_topic,token_128_bit_hex,explain_everyday_system
detector_pair__4ed5df804ff596f2cf11a258__ordinary_control,0,0.0006888470379635692,deberta,leave_one_model__qwen2_5_7b_instruct_q4_k_m,validation,matched_clean_llm,dedup-cluster-7b810f2afbcabc7ee462bff7,revision_v1_nonce_96_bit_hex_023,llama3_8b_instruct_q4_k_m,nonseg_ascii_b16,nonce_96_bit_hex,professional_process_email
detector_pair__4ed5df804ff596f2cf11a258__rankcloak,1,0.9983208775520325,deberta,leave_one_model__qwen2_5_7b_instruct_q4_k_m,validation,matched_clean_llm,dedup-cluster-7b810f2afbcabc7ee462bff7,revision_v1_nonce_96_bit_hex_023,llama3_8b_instruct_q4_k_m,nonseg_ascii_b16,nonce_96_bit_hex,professional_process_email
detector_pair__4efe18d6075093c9e8ecb71e__ordinary_control,0,0.00039248770917765796,deberta,leave_one_model__qwen2_5_7b_instruct_q4_k_m,validation,matched_clean_llm,dedup-cluster-9e865129af4def1fc2a2442c,revision_v1_ed25519_signature_base64_017,mistral_7b_instruct_v0_3_q4_k_m,nonseg_ascii_b16,ed25519_signature_base64,forum_learning_answer
detector_pair__4efe18d6075093c9e8ecb71e__rankcloak,1,0.9996439218521118,deberta,leave_one_model__qwen2_5_7b_instruct_q4_k_m,validation,matched_clean_llm,dedup-cluster-9e865129af4def1fc2a2442c,revision_v1_ed25519_signature_base64_017,mistral_7b_instruct_v0_3_q4_k_m,nonseg_ascii_b16,ed25519_signature_base64,forum_learning_answer
detector_pair__4f887a3cc9efa33e9238ffcc__ordinary_control,0,0.0013242886634543538,deberta,leave_one_model__qwen2_5_7b_instruct_q4_k_m,validation,matched_clean_llm,dedup-cluster-21724430ac9765521f1234e5,revision_v1_token_128_bit_hex_056,mistral_7b_instruct_v0_3_q4_k_m,nonseg_ascii_b8,token_128_bit_hex,professional_process_email
detector_pair__4f887a3cc9efa33e9238ffcc__rankcloak,1,0.9992157220840454,deberta,leave_one_model__qwen2_5_7b_instruct_q4_k_m,validation,matched_clean_llm,dedup-cluster-21724430ac9765521f1234e5,revision_v1_token_128_bit_hex_056,mistral_7b_instruct_v0_3_q4_k_m,nonseg_ascii_b8,token_128_bit_hex,professional_process_email
detector_pair__4fc03293286b281551791cd6__ordinary_control,0,0.00041713734390214086,deberta,leave_one_model__qwen2_5_7b_instruct_q4_k_m,validation,matched_clean_llm,dedup-cluster-e2f7268932e937ee54d92fe1,revision_v1_uuid_v4_016,mistral_7b_instruct_v0_3_q4_k_m,nonseg_ascii_b8,uuid_v4,narrative_learning_moment
detector_pair__4fc03293286b281551791cd6__rankcloak,1,0.9848971962928772,deberta,leave_one_model__qwen2_5_7b_instruct_q4_k_m,validation,matched_clean_llm,dedup-cluster-e2f7268932e937ee54d92fe1,revision_v1_uuid_v4_016,mistral_7b_instruct_v0_3_q4_k_m,nonseg_ascii_b8,uuid_v4,narrative_learning_moment
detector_pair__4fdd5b87e34ad6287b40f9b7__ordinary_control,0,0.0026990126352757215,deberta,leave_one_model__qwen2_5_7b_instruct_q4_k_m,validation,matched_clean_llm,dedup-cluster-6d140bf45feadd3404291e51,revision_v1_uuid_v4_049,llama3_8b_instruct_q4_k_m,direct_subword_calgacus,uuid_v4,explain_weather_pattern
detector_pair__4fdd5b87e34ad6287b40f9b7__rankcloak,1,0.9669014811515808,deberta,leave_one_model__qwen2_5_7b_instruct_q4_k_m,validation,matched_clean_llm,dedup-cluster-6d140bf45feadd3404291e51,revision_v1_uuid_v4_049,llama3_8b_instruct_q4_k_m,direct_subword_calgacus,uuid_v4,explain_weather_pattern
detector_pair__50119a58bab17cd01a922b9b__ordinary_control,0,0.0006459200521931052,deberta,leave_one_model__qwen2_5_7b_instruct_q4_k_m,validation,matched_clean_llm,dedup-cluster-e8b46972e25b5d16f253b139,revision_v1_nonce_96_bit_hex_005,mistral_7b_instruct_v0_3_q4_k_m,segmented_hex_multi_topic,nonce_96_bit_hex,procedure_home_task
detector_pair__50119a58bab17cd01a922b9b__rankcloak,1,0.9995928406715393,deberta,leave_one_model__qwen2_5_7b_instruct_q4_k_m,validation,matched_clean_llm,dedup-cluster-e8b46972e25b5d16f253b139,revision_v1_nonce_96_bit_hex_005,mistral_7b_instruct_v0_3_q4_k_m,segmented_hex_multi_topic,nonce_96_bit_hex,procedure_home_task
detector_pair__501e968307ca630c12e3bd05__ordinary_control,0,0.0010529255960136652,deberta,leave_one_model__qwen2_5_7b_instruct_q4_k_m,validation,matched_clean_llm,dedup-cluster-6011fbb5ee1115e93ddfe3e1,revision_v1_chacha20_poly1305_base64_047,mistral_7b_instruct_v0_3_q4_k_m,nonseg_ascii_b16,chacha20_poly1305_base64,professional_project_update
detector_pair__501e968307ca630c12e3bd05__rankcloak,1,0.9993780851364136,deberta,leave_one_model__qwen2_5_7b_instruct_q4_k_m,validation,matched_clean_llm,dedup-cluster-6011fbb5ee1115e93ddfe3e1,revision_v1_chacha20_poly1305_base64_047,mistral_7b_instruct_v0_3_q4_k_m,nonseg_ascii_b16,chacha20_poly1305_base64,professional_project_update
detector_pair__5045b4eb5dae30bae069ee90__ordinary_control,0,0.0007051178836263716,deberta,leave_one_model__qwen2_5_7b_instruct_q4_k_m,validation,matched_clean_llm,dedup-cluster-00eccca339b70a566fc600ea,revision_v1_ed25519_signature_base64_041,mistral_7b_instruct_v0_3_q4_k_m,nonseg_ascii_b16,ed25519_signature_base64,forum_practical_answer
detector_pair__5045b4eb5dae30bae069ee90__rankcloak,1,0.9996711015701294,deberta,leave_one_model__qwen2_5_7b_instruct_q4_k_m,validation,matched_clean_llm,dedup-cluster-00eccca339b70a566fc600ea,revision_v1_ed25519_signature_base64_041,mistral_7b_instruct_v0_3_q4_k_m,nonseg_ascii_b16,ed25519_signature_base64,forum_practical_answer
detector_pair__506cf123ae837590db83bc9f__ordinary_control,0,0.0008176694391295314,deberta,leave_one_model__qwen2_5_7b_instruct_q4_k_m,validation,matched_clean_llm,dedup-cluster-68e08a4fc96aff3403abad93,revision_v1_nonce_96_bit_hex_031,mistral_7b_instruct_v0_3_q4_k_m,nonseg_ascii_b8,nonce_96_bit_hex,explain_weather_pattern
detector_pair__506cf123ae837590db83bc9f__rankcloak,1,0.8909450769424438,deberta,leave_one_model__qwen2_5_7b_instruct_q4_k_m,validation,matched_clean_llm,dedup-cluster-68e08a4fc96aff3403abad93,revision_v1_nonce_96_bit_hex_031,mistral_7b_instruct_v0_3_q4_k_m,nonseg_ascii_b8,nonce_96_bit_hex,explain_weather_pattern
detector_pair__508d529c7464d7fc828e8821__ordinary_control,0,0.09700347483158112,deberta,leave_one_model__qwen2_5_7b_instruct_q4_k_m,validation,matched_clean_llm,dedup-cluster-804389a06ddc24189a12fcd5,revision_v1_chacha20_poly1305_base64_041,llama3_8b_instruct_q4_k_m,nonseg_ascii_b16,chacha20_poly1305_base64,explain_weather_pattern
detector_pair__508d529c7464d7fc828e8821__rankcloak,1,0.995161235332489,deberta,leave_one_model__qwen2_5_7b_instruct_q4_k_m,validation,matched_clean_llm,dedup-cluster-804389a06ddc24189a12fcd5,revision_v1_chacha20_poly1305_base64_041,llama3_8b_instruct_q4_k_m,nonseg_ascii_b16,chacha20_poly1305_base64,explain_weather_pattern
detector_pair__50b9eaa3d9fce57d50716ed2__ordinary_control,0,0.0006391037022694945,deberta,leave_one_model__qwen2_5_7b_instruct_q4_k_m,validation,matched_clean_llm,dedup-cluster-339659e6d45626f95acf4c5b,revision_v1_nonce_96_bit_hex_052,mistral_7b_instruct_v0_3_q4_k_m,segmented_hex_multi_topic,nonce_96_bit_hex,forum_practical_answer
detector_pair__50b9eaa3d9fce57d50716ed2__rankcloak,1,0.9855119585990906,deberta,leave_one_model__qwen2_5_7b_instruct_q4_k_m,validation,matched_clean_llm,dedup-cluster-339659e6d45626f95acf4c5b,revision_v1_nonce_96_bit_hex_052,mistral_7b_instruct_v0_3_q4_k_m,segmented_hex_multi_topic,nonce_96_bit_hex,forum_practical_answer
detector_pair__50bc413ff25bda89b5fc5d76__ordinary_control,0,0.002125847153365612,deberta,leave_one_model__qwen2_5_7b_instruct_q4_k_m,validation,matched_clean_llm,dedup-cluster-484bc3854d49e18198bd3802,revision_v1_hmac_sha256_hex_050,llama3_8b_instruct_q4_k_m,nonseg_hex_nibble_b16,hmac_sha256_hex,procedure_simple_meal
detector_pair__50bc413ff25bda89b5fc5d76__rankcloak,1,0.9658677577972412,deberta,leave_one_model__qwen2_5_7b_instruct_q4_k_m,validation,matched_clean_llm,dedup-cluster-484bc3854d49e18198bd3802,revision_v1_hmac_sha256_hex_050,llama3_8b_instruct_q4_k_m,nonseg_hex_nibble_b16,hmac_sha256_hex,procedure_simple_meal
detector_pair__5154987277eb1b0d74595908__ordinary_control,0,0.001490060705691576,deberta,leave_one_model__qwen2_5_7b_instruct_q4_k_m,validation,matched_clean_llm,dedup-cluster-729f0f62c71d15bb8d8f7eff,revision_v1_token_128_bit_hex_004,llama3_8b_instruct_q4_k_m,segmented_hex_multi_topic,token_128_bit_hex,professional_project_update
detector_pair__5154987277eb1b0d74595908__rankcloak,1,0.9379534125328064,deberta,leave_one_model__qwen2_5_7b_instruct_q4_k_m,validation,matched_clean_llm,dedup-cluster-729f0f62c71d15bb8d8f7eff,revision_v1_token_128_bit_hex_004,llama3_8b_instruct_q4_k_m,segmented_hex_multi_topic,token_128_bit_hex,professional_project_update
detector_pair__5250dbc359e8c4c3819f1ca2__ordinary_control,0,0.0003747781156562269,deberta,leave_one_model__qwen2_5_7b_instruct_q4_k_m,validation,matched_clean_llm,dedup-cluster-40f1050b751f94d4062ce3bb,revision_v1_aes256_gcm_base64_032,llama3_8b_instruct_q4_k_m,nonseg_ascii_b8,aes256_gcm_base64,professional_schedule_note
detector_pair__5250dbc359e8c4c3819f1ca2__rankcloak,1,0.3862398564815521,deberta,leave_one_model__qwen2_5_7b_instruct_q4_k_m,validation,matched_clean_llm,dedup-cluster-40f1050b751f94d4062ce3bb,revision_v1_aes256_gcm_base64_032,llama3_8b_instruct_q4_k_m,nonseg_ascii_b8,aes256_gcm_base64,professional_schedule_note
detector_pair__528dba1cd6a3c4495656a273__ordinary_control,0,0.006244589574635029,deberta,leave_one_model__qwen2_5_7b_instruct_q4_k_m,validation,matched_clean_llm,dedup-cluster-7b810f2afbcabc7ee462bff7,revision_v1_nonce_96_bit_hex_023,mistral_7b_instruct_v0_3_q4_k_m,segmented_hex_single_topic,nonce_96_bit_hex,procedure_home_task
detector_pair__528dba1cd6a3c4495656a273__rankcloak,1,0.9992809891700745,deberta,leave_one_model__qwen2_5_7b_instruct_q4_k_m,validation,matched_clean_llm,dedup-cluster-7b810f2afbcabc7ee462bff7,revision_v1_nonce_96_bit_hex_023,mistral_7b_instruct_v0_3_q4_k_m,segmented_hex_single_topic,nonce_96_bit_hex,procedure_home_task
detector_pair__52c9fcd5e4d53ae5011d98af__ordinary_control,0,0.002184914890676737,deberta,leave_one_model__qwen2_5_7b_instruct_q4_k_m,validation,matched_clean_llm,dedup-cluster-68e08a4fc96aff3403abad93,revision_v1_nonce_96_bit_hex_031,mistral_7b_instruct_v0_3_q4_k_m,segmented_hex_single_topic,nonce_96_bit_hex,explain_weather_pattern
detector_pair__52c9fcd5e4d53ae5011d98af__rankcloak,1,0.9084949493408203,deberta,leave_one_model__qwen2_5_7b_instruct_q4_k_m,validation,matched_clean_llm,dedup-cluster-68e08a4fc96aff3403abad93,revision_v1_nonce_96_bit_hex_031,mistral_7b_instruct_v0_3_q4_k_m,segmented_hex_single_topic,nonce_96_bit_hex,explain_weather_pattern
detector_pair__53290aed4970035482f2afa7__ordinary_control,0,0.000908632529899478,deberta,leave_one_model__qwen2_5_7b_instruct_q4_k_m,validation,matched_clean_llm,dedup-cluster-4f6ab2ce0956867e1b0b1bad,revision_v1_hmac_sha256_hex_043,mistral_7b_instruct_v0_3_q4_k_m,nonseg_ascii_b8,hmac_sha256_hex,narrative_local_walk
detector_pair__53290aed4970035482f2afa7__rankcloak,1,0.9774541258811951,deberta,leave_one_model__qwen2_5_7b_instruct_q4_k_m,validation,matched_clean_llm,dedup-cluster-4f6ab2ce0956867e1b0b1bad,revision_v1_hmac_sha256_hex_043,mistral_7b_instruct_v0_3_q4_k_m,nonseg_ascii_b8,hmac_sha256_hex,narrative_local_walk
detector_pair__5332a51f3c6db92d2da77813__ordinary_control,0,0.0010158743243664503,deberta,leave_one_model__qwen2_5_7b_instruct_q4_k_m,validation,matched_clean_llm,dedup-cluster-418e1dfdad8a13fa38873592,revision_v1_chacha20_poly1305_base64_003,llama3_8b_instruct_q4_k_m,nonseg_ascii_b8,chacha20_poly1305_base64,procedure_simple_meal
detector_pair__5332a51f3c6db92d2da77813__rankcloak,1,0.9773029088973999,deberta,leave_one_model__qwen2_5_7b_instruct_q4_k_m,validation,matched_clean_llm,dedup-cluster-418e1dfdad8a13fa38873592,revision_v1_chacha20_poly1305_base64_003,llama3_8b_instruct_q4_k_m,nonseg_ascii_b8,chacha20_poly1305_base64,procedure_simple_meal
detector_pair__53a433162bffc006c8fccd96__ordinary_control,0,0.001189495320431888,deberta,leave_one_model__qwen2_5_7b_instruct_q4_k_m,validation,matched_clean_llm,dedup-cluster-48d7da6cd06bde46d05aad3f,revision_v1_sha256_hex_056,mistral_7b_instruct_v0_3_q4_k_m,nonseg_ascii_b8,sha256_hex,narrative_learning_moment
detector_pair__53a433162bffc006c8fccd96__rankcloak,1,0.9995765089988708,deberta,leave_one_model__qwen2_5_7b_instruct_q4_k_m,validation,matched_clean_llm,dedup-cluster-48d7da6cd06bde46d05aad3f,revision_v1_sha256_hex_056,mistral_7b_instruct_v0_3_q4_k_m,nonseg_ascii_b8,sha256_hex,narrative_learning_moment
detector_pair__541d37b77fe98b6848b30728__ordinary_control,0,0.00031064069480635226,deberta,leave_one_model__qwen2_5_7b_instruct_q4_k_m,validation,matched_clean_llm,dedup-cluster-c581ece2a3e5e2c3b74d6d5e,revision_v1_chacha20_poly1305_base64_016,mistral_7b_instruct_v0_3_q4_k_m,nonseg_ascii_b8,chacha20_poly1305_base64,casual_hobby_chat
detector_pair__541d37b77fe98b6848b30728__rankcloak,1,0.9995771050453186,deberta,leave_one_model__qwen2_5_7b_instruct_q4_k_m,validation,matched_clean_llm,dedup-cluster-c581ece2a3e5e2c3b74d6d5e,revision_v1_chacha20_poly1305_base64_016,mistral_7b_instruct_v0_3_q4_k_m,nonseg_ascii_b8,chacha20_poly1305_base64,casual_hobby_chat
detector_pair__54907f26ac596fbeb7a5e642__ordinary_control,0,0.0003472160024102777,deberta,leave_one_model__qwen2_5_7b_instruct_q4_k_m,validation,matched_clean_llm,dedup-cluster-3f1509f18c269716bcce76a3,revision_v1_aes256_gcm_base64_050,llama3_8b_instruct_q4_k_m,nonseg_ascii_b8,aes256_gcm_base64,professional_schedule_note
detector_pair__54907f26ac596fbeb7a5e642__rankcloak,1,0.9984862804412842,deberta,leave_one_model__qwen2_5_7b_instruct_q4_k_m,validation,matched_clean_llm,dedup-cluster-3f1509f18c269716bcce76a3,revision_v1_aes256_gcm_base64_050,llama3_8b_instruct_q4_k_m,nonseg_ascii_b8,aes256_gcm_base64,professional_schedule_note
detector_pair__549420544265d59e1ecddfe1__ordinary_control,0,0.0008995737298391759,deberta,leave_one_model__qwen2_5_7b_instruct_q4_k_m,validation,matched_clean_llm,dedup-cluster-5650c0ad5d795f7721100b4c,revision_v1_uuid_v4_024,llama3_8b_instruct_q4_k_m,nonseg_ascii_b16,uuid_v4,narrative_learning_moment
detector_pair__549420544265d59e1ecddfe1__rankcloak,1,0.9501369595527649,deberta,leave_one_model__qwen2_5_7b_instruct_q4_k_m,validation,matched_clean_llm,dedup-cluster-5650c0ad5d795f7721100b4c,revision_v1_uuid_v4_024,llama3_8b_instruct_q4_k_m,nonseg_ascii_b16,uuid_v4,narrative_learning_moment
detector_pair__549491b85b76fb7855742a2f__ordinary_control,0,0.00041768152732402086,deberta,leave_one_model__qwen2_5_7b_instruct_q4_k_m,validation,matched_clean_llm,dedup-cluster-6ace02c4c66fff411127a281,revision_v1_token_128_bit_hex_012,mistral_7b_instruct_v0_3_q4_k_m,nonseg_hex_nibble_b16,token_128_bit_hex,explain_everyday_system
detector_pair__549491b85b76fb7855742a2f__rankcloak,1,0.9705096483230591,deberta,leave_one_model__qwen2_5_7b_instruct_q4_k_m,validation,matched_clean_llm,dedup-cluster-6ace02c4c66fff411127a281,revision_v1_token_128_bit_hex_012,mistral_7b_instruct_v0_3_q4_k_m,nonseg_hex_nibble_b16,token_128_bit_hex,explain_everyday_system
detector_pair__5515e63ee1b77eb5682e7f38__ordinary_control,0,0.0004700259887613356,deberta,leave_one_model__qwen2_5_7b_instruct_q4_k_m,validation,matched_clean_llm,dedup-cluster-7b810f2afbcabc7ee462bff7,revision_v1_nonce_96_bit_hex_023,mistral_7b_instruct_v0_3_q4_k_m,direct_subword_calgacus,nonce_96_bit_hex,procedure_home_task
detector_pair__5515e63ee1b77eb5682e7f38__rankcloak,1,0.998849630355835,deberta,leave_one_model__qwen2_5_7b_instruct_q4_k_m,validation,matched_clean_llm,dedup-cluster-7b810f2afbcabc7ee462bff7,revision_v1_nonce_96_bit_hex_023,mistral_7b_instruct_v0_3_q4_k_m,direct_subword_calgacus,nonce_96_bit_hex,procedure_home_task
detector_pair__556d159e6f65a5f9827c6b89__ordinary_control,0,0.000818069267552346,deberta,leave_one_model__qwen2_5_7b_instruct_q4_k_m,validation,matched_clean_llm,dedup-cluster-4c7d81d9bc771045be64324c,revision_v1_nonce_96_bit_hex_001,llama3_8b_instruct_q4_k_m,nonseg_hex_nibble_b16,nonce_96_bit_hex,procedure_garden_task
detector_pair__556d159e6f65a5f9827c6b89__rankcloak,1,0.9281809329986572,deberta,leave_one_model__qwen2_5_7b_instruct_q4_k_m,validation,matched_clean_llm,dedup-cluster-4c7d81d9bc771045be64324c,revision_v1_nonce_96_bit_hex_001,llama3_8b_instruct_q4_k_m,nonseg_hex_nibble_b16,nonce_96_bit_hex,procedure_garden_task
detector_pair__55ffe175967a1164f08f18b8__ordinary_control,0,0.0015354164643213153,deberta,leave_one_model__qwen2_5_7b_instruct_q4_k_m,validation,matched_clean_llm,dedup-cluster-53ddb375f906007b9492f105,revision_v1_sha256_hex_033,mistral_7b_instruct_v0_3_q4_k_m,nonseg_ascii_b8,sha256_hex,explain_everyday_system
detector_pair__55ffe175967a1164f08f18b8__rankcloak,1,0.9995635151863098,deberta,leave_one_model__qwen2_5_7b_instruct_q4_k_m,validation,matched_clean_llm,dedup-cluster-53ddb375f906007b9492f105,revision_v1_sha256_hex_033,mistral_7b_instruct_v0_3_q4_k_m,nonseg_ascii_b8,sha256_hex,explain_everyday_system
detector_pair__5613bd4bb2b771b308267849__ordinary_control,0,0.0005556776886805892,deberta,leave_one_model__qwen2_5_7b_instruct_q4_k_m,validation,matched_clean_llm,dedup-cluster-a9a56840e2c7d4a59a486e62,revision_v1_nonce_96_bit_hex_025,llama3_8b_instruct_q4_k_m,direct_subword_calgacus,nonce_96_bit_hex,procedure_simple_meal
detector_pair__5613bd4bb2b771b308267849__rankcloak,1,0.9877524375915527,deberta,leave_one_model__qwen2_5_7b_instruct_q4_k_m,validation,matched_clean_llm,dedup-cluster-a9a56840e2c7d4a59a486e62,revision_v1_nonce_96_bit_hex_025,llama3_8b_instruct_q4_k_m,direct_subword_calgacus,nonce_96_bit_hex,procedure_simple_meal
detector_pair__563f3ba857d1c24caf644018__ordinary_control,0,0.0017219530418515205,deberta,leave_one_model__qwen2_5_7b_instruct_q4_k_m,validation,matched_clean_llm,dedup-cluster-72a697706958756a5d98abe5,revision_v1_aes256_gcm_base64_042,llama3_8b_instruct_q4_k_m,nonseg_ascii_b16,aes256_gcm_base64,explain_weather_pattern
detector_pair__563f3ba857d1c24caf644018__rankcloak,1,0.9996016621589661,deberta,leave_one_model__qwen2_5_7b_instruct_q4_k_m,validation,matched_clean_llm,dedup-cluster-72a697706958756a5d98abe5,revision_v1_aes256_gcm_base64_042,llama3_8b_instruct_q4_k_m,nonseg_ascii_b16,aes256_gcm_base64,explain_weather_pattern
detector_pair__56a0371956771b4b57293791__ordinary_control,0,0.0004249782068654895,deberta,leave_one_model__qwen2_5_7b_instruct_q4_k_m,validation,matched_clean_llm,dedup-cluster-a518c0db7bd9dc8b2ff3b50a,revision_v1_uuid_v4_010,mistral_7b_instruct_v0_3_q4_k_m,direct_subword_calgacus,uuid_v4,narrative_local_walk
detector_pair__56a0371956771b4b57293791__rankcloak,1,0.9796751737594604,deberta,leave_one_model__qwen2_5_7b_instruct_q4_k_m,validation,matched_clean_llm,dedup-cluster-a518c0db7bd9dc8b2ff3b50a,revision_v1_uuid_v4_010,mistral_7b_instruct_v0_3_q4_k_m,direct_subword_calgacus,uuid_v4,narrative_local_walk
detector_pair__57a3375f5aa7b488bce14bcd__ordinary_control,0,0.000923704996239394,deberta,leave_one_model__qwen2_5_7b_instruct_q4_k_m,validation,matched_clean_llm,dedup-cluster-8150a67016c09420f58d3140,revision_v1_sha256_hex_053,llama3_8b_instruct_q4_k_m,nonseg_ascii_b8,sha256_hex,explain_biological_process
detector_pair__57a3375f5aa7b488bce14bcd__rankcloak,1,0.9988094568252563,deberta,leave_one_model__qwen2_5_7b_instruct_q4_k_m,validation,matched_clean_llm,dedup-cluster-8150a67016c09420f58d3140,revision_v1_sha256_hex_053,llama3_8b_instruct_q4_k_m,nonseg_ascii_b8,sha256_hex,explain_biological_process
detector_pair__5873dc9358507f903955be21__ordinary_control,0,0.00027652966673485935,deberta,leave_one_model__qwen2_5_7b_instruct_q4_k_m,validation,matched_clean_llm,dedup-cluster-a1f09603de61d42b17c60f90,revision_v1_nonce_96_bit_hex_058,llama3_8b_instruct_q4_k_m,nonseg_ascii_b8,nonce_96_bit_hex,casual_neighborhood_chat
detector_pair__5873dc9358507f903955be21__rankcloak,1,0.7512052059173584,deberta,leave_one_model__qwen2_5_7b_instruct_q4_k_m,validation,matched_clean_llm,dedup-cluster-a1f09603de61d42b17c60f90,revision_v1_nonce_96_bit_hex_058,llama3_8b_instruct_q4_k_m,nonseg_ascii_b8,nonce_96_bit_hex,casual_neighborhood_chat
detector_pair__58d6eed84e7316fdaa351bd6__ordinary_control,0,0.0003853040107060224,deberta,leave_one_model__qwen2_5_7b_instruct_q4_k_m,validation,matched_clean_llm,dedup-cluster-064db5ffad9ed683b6e0fdbd,revision_v1_sha256_hex_035,mistral_7b_instruct_v0_3_q4_k_m,segmented_hex_multi_topic,sha256_hex,professional_schedule_note
detector_pair__58d6eed84e7316fdaa351bd6__rankcloak,1,0.9997202754020691,deberta,leave_one_model__qwen2_5_7b_instruct_q4_k_m,validation,matched_clean_llm,dedup-cluster-064db5ffad9ed683b6e0fdbd,revision_v1_sha256_hex_035,mistral_7b_instruct_v0_3_q4_k_m,segmented_hex_multi_topic,sha256_hex,professional_schedule_note
detector_pair__5970c54604e90f7b21ac5bd4__ordinary_control,0,0.01486168708652258,deberta,leave_one_model__qwen2_5_7b_instruct_q4_k_m,validation,matched_clean_llm,dedup-cluster-2e2ec68963e479ffd3172011,revision_v1_ed25519_signature_base64_005,mistral_7b_instruct_v0_3_q4_k_m,nonseg_ascii_b8,ed25519_signature_base64,forum_practical_answer
detector_pair__5970c54604e90f7b21ac5bd4__rankcloak,1,0.9997308850288391,deberta,leave_one_model__qwen2_5_7b_instruct_q4_k_m,validation,matched_clean_llm,dedup-cluster-2e2ec68963e479ffd3172011,revision_v1_ed25519_signature_base64_005,mistral_7b_instruct_v0_3_q4_k_m,nonseg_ascii_b8,ed25519_signature_base64,forum_practical_answer
detector_pair__598329f744548473bccb59c9__ordinary_control,0,0.0005967689212411642,deberta,leave_one_model__qwen2_5_7b_instruct_q4_k_m,validation,matched_clean_llm,dedup-cluster-729f0f62c71d15bb8d8f7eff,revision_v1_token_128_bit_hex_004,llama3_8b_instruct_q4_k_m,nonseg_ascii_b8,token_128_bit_hex,professional_project_update
detector_pair__598329f744548473bccb59c9__rankcloak,1,0.7301520109176636,deberta,leave_one_model__qwen2_5_7b_instruct_q4_k_m,validation,matched_clean_llm,dedup-cluster-729f0f62c71d15bb8d8f7eff,revision_v1_token_128_bit_hex_004,llama3_8b_instruct_q4_k_m,nonseg_ascii_b8,token_128_bit_hex,professional_project_update
detector_pair__599b016751737ebfbefa3253__ordinary_control,0,0.0009363747667521238,deberta,leave_one_model__qwen2_5_7b_instruct_q4_k_m,validation,matched_clean_llm,dedup-cluster-9e865129af4def1fc2a2442c,revision_v1_ed25519_signature_base64_017,llama3_8b_instruct_q4_k_m,nonseg_ascii_b8,ed25519_signature_base64,casual_weekend_chat
detector_pair__599b016751737ebfbefa3253__rankcloak,1,0.9988620281219482,deberta,leave_one_model__qwen2_5_7b_instruct_q4_k_m,validation,matched_clean_llm,dedup-cluster-9e865129af4def1fc2a2442c,revision_v1_ed25519_signature_base64_017,llama3_8b_instruct_q4_k_m,nonseg_ascii_b8,ed25519_signature_base64,casual_weekend_chat
detector_pair__59bf9c8678f15a779eb02fd5__ordinary_control,0,0.000789271667599678,deberta,leave_one_model__qwen2_5_7b_instruct_q4_k_m,validation,matched_clean_llm,dedup-cluster-418e1dfdad8a13fa38873592,revision_v1_chacha20_poly1305_base64_003,mistral_7b_instruct_v0_3_q4_k_m,direct_subword_calgacus,chacha20_poly1305_base64,explain_biological_process
detector_pair__59bf9c8678f15a779eb02fd5__rankcloak,1,0.9996509552001953,deberta,leave_one_model__qwen2_5_7b_instruct_q4_k_m,validation,matched_clean_llm,dedup-cluster-418e1dfdad8a13fa38873592,revision_v1_chacha20_poly1305_base64_003,mistral_7b_instruct_v0_3_q4_k_m,direct_subword_calgacus,chacha20_poly1305_base64,explain_biological_process
detector_pair__59c245704050bf8ae6f28894__ordinary_control,0,0.0004524871183093637,deberta,leave_one_model__qwen2_5_7b_instruct_q4_k_m,validation,matched_clean_llm,dedup-cluster-339659e6d45626f95acf4c5b,revision_v1_nonce_96_bit_hex_052,llama3_8b_instruct_q4_k_m,nonseg_ascii_b16,nonce_96_bit_hex,casual_hobby_chat
detector_pair__59c245704050bf8ae6f28894__rankcloak,1,0.9384232759475708,deberta,leave_one_model__qwen2_5_7b_instruct_q4_k_m,validation,matched_clean_llm,dedup-cluster-339659e6d45626f95acf4c5b,revision_v1_nonce_96_bit_hex_052,llama3_8b_instruct_q4_k_m,nonseg_ascii_b16,nonce_96_bit_hex,casual_hobby_chat
detector_pair__59c2df955bc06667d2c32b0b__ordinary_control,0,0.0006480479496531188,deberta,leave_one_model__qwen2_5_7b_instruct_q4_k_m,validation,matched_clean_llm,dedup-cluster-edb6b099f1dff5a3bddeca8c,revision_v1_sha256_hex_012,llama3_8b_instruct_q4_k_m,nonseg_ascii_b8,sha256_hex,casual_neighborhood_chat
detector_pair__59c2df955bc06667d2c32b0b__rankcloak,1,0.8091230392456055,deberta,leave_one_model__qwen2_5_7b_instruct_q4_k_m,validation,matched_clean_llm,dedup-cluster-edb6b099f1dff5a3bddeca8c,revision_v1_sha256_hex_012,llama3_8b_instruct_q4_k_m,nonseg_ascii_b8,sha256_hex,casual_neighborhood_chat
detector_pair__5a673fc6191f8401bd9aa4bb__ordinary_control,0,0.00140224932692945,deberta,leave_one_model__qwen2_5_7b_instruct_q4_k_m,validation,matched_clean_llm,dedup-cluster-bced2ec523557c720d4ecf66,revision_v1_token_128_bit_hex_036,mistral_7b_instruct_v0_3_q4_k_m,segmented_hex_multi_topic,token_128_bit_hex,explain_biological_process
detector_pair__5a673fc6191f8401bd9aa4bb__rankcloak,1,0.9997403025627136,deberta,leave_one_model__qwen2_5_7b_instruct_q4_k_m,validation,matched_clean_llm,dedup-cluster-bced2ec523557c720d4ecf66,revision_v1_token_128_bit_hex_036,mistral_7b_instruct_v0_3_q4_k_m,segmented_hex_multi_topic,token_128_bit_hex,explain_biological_process
detector_pair__5aaebf812ee32e20d5d37676__ordinary_control,0,0.00031892527476884425,deberta,leave_one_model__qwen2_5_7b_instruct_q4_k_m,validation,matched_clean_llm,dedup-cluster-064db5ffad9ed683b6e0fdbd,revision_v1_sha256_hex_035,mistral_7b_instruct_v0_3_q4_k_m,nonseg_ascii_b16,sha256_hex,professional_schedule_note
detector_pair__5aaebf812ee32e20d5d37676__rankcloak,1,0.9995958209037781,deberta,leave_one_model__qwen2_5_7b_instruct_q4_k_m,validation,matched_clean_llm,dedup-cluster-064db5ffad9ed683b6e0fdbd,revision_v1_sha256_hex_035,mistral_7b_instruct_v0_3_q4_k_m,nonseg_ascii_b16,sha256_hex,professional_schedule_note
detector_pair__5ad29e02e664424d48cbfab1__ordinary_control,0,0.00030995882116258144,deberta,leave_one_model__qwen2_5_7b_instruct_q4_k_m,validation,matched_clean_llm,dedup-cluster-54d0f843ac4646811be4dfd1,revision_v1_sha256_hex_000,llama3_8b_instruct_q4_k_m,segmented_hex_multi_topic,sha256_hex,casual_weekend_chat
detector_pair__5ad29e02e664424d48cbfab1__rankcloak,1,0.9998235106468201,deberta,leave_one_model__qwen2_5_7b_instruct_q4_k_m,validation,matched_clean_llm,dedup-cluster-54d0f843ac4646811be4dfd1,revision_v1_sha256_hex_000,llama3_8b_instruct_q4_k_m,segmented_hex_multi_topic,sha256_hex,casual_weekend_chat
detector_pair__5afc011fb9e19566456b9f17__ordinary_control,0,0.0009794712532311678,deberta,leave_one_model__qwen2_5_7b_instruct_q4_k_m,validation,matched_clean_llm,dedup-cluster-a48caa544001e5d183a57eea,revision_v1_nonce_96_bit_hex_049,mistral_7b_instruct_v0_3_q4_k_m,nonseg_ascii_b8,nonce_96_bit_hex,explain_weather_pattern
detector_pair__5afc011fb9e19566456b9f17__rankcloak,1,0.9933791160583496,deberta,leave_one_model__qwen2_5_7b_instruct_q4_k_m,validation,matched_clean_llm,dedup-cluster-a48caa544001e5d183a57eea,revision_v1_nonce_96_bit_hex_049,mistral_7b_instruct_v0_3_q4_k_m,nonseg_ascii_b8,nonce_96_bit_hex,explain_weather_pattern
detector_pair__5b25d50c8b78ca06dca098a3__ordinary_control,0,0.002689247252419591,deberta,leave_one_model__qwen2_5_7b_instruct_q4_k_m,validation,matched_clean_llm,dedup-cluster-a1f09603de61d42b17c60f90,revision_v1_nonce_96_bit_hex_058,mistral_7b_instruct_v0_3_q4_k_m,direct_subword_calgacus,nonce_96_bit_hex,forum_purchase_advice
detector_pair__5b25d50c8b78ca06dca098a3__rankcloak,1,0.998590886592865,deberta,leave_one_model__qwen2_5_7b_instruct_q4_k_m,validation,matched_clean_llm,dedup-cluster-a1f09603de61d42b17c60f90,revision_v1_nonce_96_bit_hex_058,mistral_7b_instruct_v0_3_q4_k_m,direct_subword_calgacus,nonce_96_bit_hex,forum_purchase_advice
detector_pair__5b3ac8ca0ad2bfe711c28e1e__ordinary_control,0,0.002855401486158371,deberta,leave_one_model__qwen2_5_7b_instruct_q4_k_m,validation,matched_clean_llm,dedup-cluster-0401b1baba09fb1c1437ea35,revision_v1_nonce_96_bit_hex_011,llama3_8b_instruct_q4_k_m,nonseg_ascii_b8,nonce_96_bit_hex,professional_project_update
detector_pair__5b3ac8ca0ad2bfe711c28e1e__rankcloak,1,0.856240451335907,deberta,leave_one_model__qwen2_5_7b_instruct_q4_k_m,validation,matched_clean_llm,dedup-cluster-0401b1baba09fb1c1437ea35,revision_v1_nonce_96_bit_hex_011,llama3_8b_instruct_q4_k_m,nonseg_ascii_b8,nonce_96_bit_hex,professional_project_update
detector_pair__5cfe4716c7456add0a4f18c9__ordinary_control,0,0.0005930509651079774,deberta,leave_one_model__qwen2_5_7b_instruct_q4_k_m,validation,matched_clean_llm,dedup-cluster-d24ae4dc1ca2dcb4473005f9,revision_v1_hmac_sha256_hex_036,llama3_8b_instruct_q4_k_m,segmented_hex_single_topic,hmac_sha256_hex,professional_schedule_note
detector_pair__5cfe4716c7456add0a4f18c9__rankcloak,1,0.9824272990226746,deberta,leave_one_model__qwen2_5_7b_instruct_q4_k_m,validation,matched_clean_llm,dedup-cluster-d24ae4dc1ca2dcb4473005f9,revision_v1_hmac_sha256_hex_036,llama3_8b_instruct_q4_k_m,segmented_hex_single_topic,hmac_sha256_hex,professional_schedule_note
detector_pair__5d010370329a1744112ed686__ordinary_control,0,0.000564411049708724,deberta,leave_one_model__qwen2_5_7b_instruct_q4_k_m,validation,matched_clean_llm,dedup-cluster-5c707906476e8093ab209bdf,revision_v1_ed25519_signature_base64_020,llama3_8b_instruct_q4_k_m,direct_subword_calgacus,ed25519_signature_base64,procedure_home_task
detector_pair__5d010370329a1744112ed686__rankcloak,1,0.9997314810752869,deberta,leave_one_model__qwen2_5_7b_instruct_q4_k_m,validation,matched_clean_llm,dedup-cluster-5c707906476e8093ab209bdf,revision_v1_ed25519_signature_base64_020,llama3_8b_instruct_q4_k_m,direct_subword_calgacus,ed25519_signature_base64,procedure_home_task
detector_pair__5d2bf322eeeee2e4b58d5596__ordinary_control,0,0.0007711804355494678,deberta,leave_one_model__qwen2_5_7b_instruct_q4_k_m,validation,matched_clean_llm,dedup-cluster-21724430ac9765521f1234e5,revision_v1_token_128_bit_hex_056,mistral_7b_instruct_v0_3_q4_k_m,segmented_hex_single_topic,token_128_bit_hex,professional_process_email
detector_pair__5d2bf322eeeee2e4b58d5596__rankcloak,1,0.995834231376648,deberta,leave_one_model__qwen2_5_7b_instruct_q4_k_m,validation,matched_clean_llm,dedup-cluster-21724430ac9765521f1234e5,revision_v1_token_128_bit_hex_056,mistral_7b_instruct_v0_3_q4_k_m,segmented_hex_single_topic,token_128_bit_hex,professional_process_email
detector_pair__5e5fc3b1514a7eabd9a33157__ordinary_control,0,0.0013897484168410301,deberta,leave_one_model__qwen2_5_7b_instruct_q4_k_m,validation,matched_clean_llm,dedup-cluster-8372a615906d4a4146d45c75,revision_v1_aes256_gcm_base64_005,llama3_8b_instruct_q4_k_m,nonseg_ascii_b8,aes256_gcm_base64,narrative_learning_moment
detector_pair__5e5fc3b1514a7eabd9a33157__rankcloak,1,0.9987218976020813,deberta,leave_one_model__qwen2_5_7b_instruct_q4_k_m,validation,matched_clean_llm,dedup-cluster-8372a615906d4a4146d45c75,revision_v1_aes256_gcm_base64_005,llama3_8b_instruct_q4_k_m,nonseg_ascii_b8,aes256_gcm_base64,narrative_learning_moment
detector_pair__5e66984b1a2ef38e53d22bb1__ordinary_control,0,0.00030583550687879324,deberta,leave_one_model__qwen2_5_7b_instruct_q4_k_m,validation,matched_clean_llm,dedup-cluster-bc077faa1a8a103220224e85,revision_v1_chacha20_poly1305_base64_036,llama3_8b_instruct_q4_k_m,nonseg_ascii_b8,chacha20_poly1305_base64,casual_weekend_chat
detector_pair__5e66984b1a2ef38e53d22bb1__rankcloak,1,0.9965206384658813,deberta,leave_one_model__qwen2_5_7b_instruct_q4_k_m,validation,matched_clean_llm,dedup-cluster-bc077faa1a8a103220224e85,revision_v1_chacha20_poly1305_base64_036,llama3_8b_instruct_q4_k_m,nonseg_ascii_b8,chacha20_poly1305_base64,casual_weekend_chat
detector_pair__5f0fe8925564b521c07eeb96__ordinary_control,0,0.00034046618384309113,deberta,leave_one_model__qwen2_5_7b_instruct_q4_k_m,validation,matched_clean_llm,dedup-cluster-d95563a927f567b6601e551e,revision_v1_uuid_v4_020,llama3_8b_instruct_q4_k_m,direct_subword_calgacus,uuid_v4,casual_hobby_chat
detector_pair__5f0fe8925564b521c07eeb96__rankcloak,1,0.9972254037857056,deberta,leave_one_model__qwen2_5_7b_instruct_q4_k_m,validation,matched_clean_llm,dedup-cluster-d95563a927f567b6601e551e,revision_v1_uuid_v4_020,llama3_8b_instruct_q4_k_m,direct_subword_calgacus,uuid_v4,casual_hobby_chat
detector_pair__5f6dbc8084ecc85425a1858a__ordinary_control,0,0.0006248104618862271,deberta,leave_one_model__qwen2_5_7b_instruct_q4_k_m,validation,matched_clean_llm,dedup-cluster-1e608c8c5860067de2774eaa,revision_v1_uuid_v4_008,mistral_7b_instruct_v0_3_q4_k_m,nonseg_ascii_b8,uuid_v4,forum_purchase_advice
detector_pair__5f6dbc8084ecc85425a1858a__rankcloak,1,0.9994294047355652,deberta,leave_one_model__qwen2_5_7b_instruct_q4_k_m,validation,matched_clean_llm,dedup-cluster-1e608c8c5860067de2774eaa,revision_v1_uuid_v4_008,mistral_7b_instruct_v0_3_q4_k_m,nonseg_ascii_b8,uuid_v4,forum_purchase_advice
detector_pair__5f72dada0c55e4ece4649b7c__ordinary_control,0,0.0010025950614362955,deberta,leave_one_model__qwen2_5_7b_instruct_q4_k_m,validation,matched_clean_llm,dedup-cluster-a877ac9e15d9982c5f795957,revision_v1_sha256_hex_048,mistral_7b_instruct_v0_3_q4_k_m,nonseg_ascii_b8,sha256_hex,forum_purchase_advice
detector_pair__5f72dada0c55e4ece4649b7c__rankcloak,1,0.9992844462394714,deberta,leave_one_model__qwen2_5_7b_instruct_q4_k_m,validation,matched_clean_llm,dedup-cluster-a877ac9e15d9982c5f795957,revision_v1_sha256_hex_048,mistral_7b_instruct_v0_3_q4_k_m,nonseg_ascii_b8,sha256_hex,forum_purchase_advice
detector_pair__5fef4bc0bb7a3b38f07ef6f7__ordinary_control,0,0.0014821344520896673,deberta,leave_one_model__qwen2_5_7b_instruct_q4_k_m,validation,matched_clean_llm,dedup-cluster-23821a91b342f8bd757bd354,revision_v1_aes256_gcm_base64_009,llama3_8b_instruct_q4_k_m,direct_subword_calgacus,aes256_gcm_base64,forum_practical_answer
detector_pair__5fef4bc0bb7a3b38f07ef6f7__rankcloak,1,0.9996944665908813,deberta,leave_one_model__qwen2_5_7b_instruct_q4_k_m,validation,matched_clean_llm,dedup-cluster-23821a91b342f8bd757bd354,revision_v1_aes256_gcm_base64_009,llama3_8b_instruct_q4_k_m,direct_subword_calgacus,aes256_gcm_base64,forum_practical_answer
detector_pair__6055c600c52676bb4a36012f__ordinary_control,0,0.00071635318454355,deberta,leave_one_model__qwen2_5_7b_instruct_q4_k_m,validation,matched_clean_llm,dedup-cluster-c588a294c6263bec1e8ad56d,revision_v1_token_128_bit_hex_054,mistral_7b_instruct_v0_3_q4_k_m,nonseg_ascii_b8,token_128_bit_hex,explain_biological_process
detector_pair__6055c600c52676bb4a36012f__rankcloak,1,0.9989198446273804,deberta,leave_one_model__qwen2_5_7b_instruct_q4_k_m,validation,matched_clean_llm,dedup-cluster-c588a294c6263bec1e8ad56d,revision_v1_token_128_bit_hex_054,mistral_7b_instruct_v0_3_q4_k_m,nonseg_ascii_b8,token_128_bit_hex,explain_biological_process
detector_pair__607b69fce3a3ca21a6078b3c__ordinary_control,0,0.00044373757555149496,deberta,leave_one_model__qwen2_5_7b_instruct_q4_k_m,validation,matched_clean_llm,dedup-cluster-21724430ac9765521f1234e5,revision_v1_token_128_bit_hex_056,mistral_7b_instruct_v0_3_q4_k_m,nonseg_ascii_b16,token_128_bit_hex,professional_process_email
detector_pair__607b69fce3a3ca21a6078b3c__rankcloak,1,0.9994268417358398,deberta,leave_one_model__qwen2_5_7b_instruct_q4_k_m,validation,matched_clean_llm,dedup-cluster-21724430ac9765521f1234e5,revision_v1_token_128_bit_hex_056,mistral_7b_instruct_v0_3_q4_k_m,nonseg_ascii_b16,token_128_bit_hex,professional_process_email
detector_pair__60caecb5175146ab3e5263c0__ordinary_control,0,0.0010095152538269758,deberta,leave_one_model__qwen2_5_7b_instruct_q4_k_m,validation,matched_clean_llm,dedup-cluster-a34a1c3f812dbedb8252c73c,revision_v1_ed25519_signature_base64_015,llama3_8b_instruct_q4_k_m,nonseg_ascii_b8,ed25519_signature_base64,narrative_small_discovery
detector_pair__60caecb5175146ab3e5263c0__rankcloak,1,0.9896307587623596,deberta,leave_one_model__qwen2_5_7b_instruct_q4_k_m,validation,matched_clean_llm,dedup-cluster-a34a1c3f812dbedb8252c73c,revision_v1_ed25519_signature_base64_015,llama3_8b_instruct_q4_k_m,nonseg_ascii_b8,ed25519_signature_base64,narrative_small_discovery
detector_pair__60e5db2ac9e1168c7e3eda49__ordinary_control,0,0.00040450537926517427,deberta,leave_one_model__qwen2_5_7b_instruct_q4_k_m,validation,matched_clean_llm,dedup-cluster-54d0f843ac4646811be4dfd1,revision_v1_sha256_hex_000,llama3_8b_instruct_q4_k_m,segmented_hex_multi_topic,sha256_hex,casual_weekend_chat
detector_pair__60e5db2ac9e1168c7e3eda49__rankcloak,1,0.999427318572998,deberta,leave_one_model__qwen2_5_7b_instruct_q4_k_m,validation,matched_clean_llm,dedup-cluster-54d0f843ac4646811be4dfd1,revision_v1_sha256_hex_000,llama3_8b_instruct_q4_k_m,segmented_hex_multi_topic,sha256_hex,casual_weekend_chat
detector_pair__615fffedf8531b6e72fd879c__ordinary_control,0,0.0006749500753358006,deberta,leave_one_model__qwen2_5_7b_instruct_q4_k_m,validation,matched_clean_llm,dedup-cluster-e8b46972e25b5d16f253b139,revision_v1_nonce_96_bit_hex_005,mistral_7b_instruct_v0_3_q4_k_m,nonseg_ascii_b8,nonce_96_bit_hex,procedure_home_task
detector_pair__615fffedf8531b6e72fd879c__rankcloak,1,0.9993579983711243,deberta,leave_one_model__qwen2_5_7b_instruct_q4_k_m,validation,matched_clean_llm,dedup-cluster-e8b46972e25b5d16f253b139,revision_v1_nonce_96_bit_hex_005,mistral_7b_instruct_v0_3_q4_k_m,nonseg_ascii_b8,nonce_96_bit_hex,procedure_home_task
detector_pair__619118a70b4dcd49ed54e15f__ordinary_control,0,0.003458811901509762,deberta,leave_one_model__qwen2_5_7b_instruct_q4_k_m,validation,matched_clean_llm,dedup-cluster-a48caa544001e5d183a57eea,revision_v1_nonce_96_bit_hex_049,llama3_8b_instruct_q4_k_m,nonseg_ascii_b16,nonce_96_bit_hex,procedure_home_task
detector_pair__619118a70b4dcd49ed54e15f__rankcloak,1,0.9994874000549316,deberta,leave_one_model__qwen2_5_7b_instruct_q4_k_m,validation,matched_clean_llm,dedup-cluster-a48caa544001e5d183a57eea,revision_v1_nonce_96_bit_hex_049,llama3_8b_instruct_q4_k_m,nonseg_ascii_b16,nonce_96_bit_hex,procedure_home_task
detector_pair__61e62e0e237189dfe0dffb2e__ordinary_control,0,0.0002905398141592741,deberta,leave_one_model__qwen2_5_7b_instruct_q4_k_m,validation,matched_clean_llm,dedup-cluster-54d0f843ac4646811be4dfd1,revision_v1_sha256_hex_000,llama3_8b_instruct_q4_k_m,nonseg_ascii_b16,sha256_hex,casual_weekend_chat
detector_pair__61e62e0e237189dfe0dffb2e__rankcloak,1,0.9486064910888672,deberta,leave_one_model__qwen2_5_7b_instruct_q4_k_m,validation,matched_clean_llm,dedup-cluster-54d0f843ac4646811be4dfd1,revision_v1_sha256_hex_000,llama3_8b_instruct_q4_k_m,nonseg_ascii_b16,sha256_hex,casual_weekend_chat
detector_pair__6204c75a038199529273af60__ordinary_control,0,0.0002660840982571244,deberta,leave_one_model__qwen2_5_7b_instruct_q4_k_m,validation,matched_clean_llm,dedup-cluster-a1f09603de61d42b17c60f90,revision_v1_nonce_96_bit_hex_058,llama3_8b_instruct_q4_k_m,segmented_hex_single_topic,nonce_96_bit_hex,casual_neighborhood_chat
detector_pair__6204c75a038199529273af60__rankcloak,1,0.53288733959198,deberta,leave_one_model__qwen2_5_7b_instruct_q4_k_m,validation,matched_clean_llm,dedup-cluster-a1f09603de61d42b17c60f90,revision_v1_nonce_96_bit_hex_058,llama3_8b_instruct_q4_k_m,segmented_hex_single_topic,nonce_96_bit_hex,casual_neighborhood_chat
detector_pair__6257a7594d5cbd60a6d834d3__ordinary_control,0,0.002823756542056799,deberta,leave_one_model__qwen2_5_7b_instruct_q4_k_m,validation,matched_clean_llm,dedup-cluster-2e7f1969791ae609498a9082,revision_v1_hmac_sha256_hex_020,llama3_8b_instruct_q4_k_m,segmented_hex_multi_topic,hmac_sha256_hex,procedure_home_task
detector_pair__6257a7594d5cbd60a6d834d3__rankcloak,1,0.9953160285949707,deberta,leave_one_model__qwen2_5_7b_instruct_q4_k_m,validation,matched_clean_llm,dedup-cluster-2e7f1969791ae609498a9082,revision_v1_hmac_sha256_hex_020,llama3_8b_instruct_q4_k_m,segmented_hex_multi_topic,hmac_sha256_hex,procedure_home_task
detector_pair__626c16ed2353a9b1aa7037fe__ordinary_control,0,0.000608291826210916,deberta,leave_one_model__qwen2_5_7b_instruct_q4_k_m,validation,matched_clean_llm,dedup-cluster-339659e6d45626f95acf4c5b,revision_v1_nonce_96_bit_hex_052,llama3_8b_instruct_q4_k_m,nonseg_ascii_b8,nonce_96_bit_hex,casual_hobby_chat
detector_pair__626c16ed2353a9b1aa7037fe__rankcloak,1,0.7052459120750427,deberta,leave_one_model__qwen2_5_7b_instruct_q4_k_m,validation,matched_clean_llm,dedup-cluster-339659e6d45626f95acf4c5b,revision_v1_nonce_96_bit_hex_052,llama3_8b_instruct_q4_k_m,nonseg_ascii_b8,nonce_96_bit_hex,casual_hobby_chat
detector_pair__62d1192c094b2a923eb8b933__ordinary_control,0,0.0017911989707499743,deberta,leave_one_model__qwen2_5_7b_instruct_q4_k_m,validation,matched_clean_llm,dedup-cluster-72a697706958756a5d98abe5,revision_v1_aes256_gcm_base64_042,mistral_7b_instruct_v0_3_q4_k_m,nonseg_ascii_b8,aes256_gcm_base64,professional_process_email
detector_pair__62d1192c094b2a923eb8b933__rankcloak,1,0.9995160102844238,deberta,leave_one_model__qwen2_5_7b_instruct_q4_k_m,validation,matched_clean_llm,dedup-cluster-72a697706958756a5d98abe5,revision_v1_aes256_gcm_base64_042,mistral_7b_instruct_v0_3_q4_k_m,nonseg_ascii_b8,aes256_gcm_base64,professional_process_email
detector_pair__63127f03a0c1da2c7d12bd83__ordinary_control,0,0.004980284720659256,deberta,leave_one_model__qwen2_5_7b_instruct_q4_k_m,validation,matched_clean_llm,dedup-cluster-8150a67016c09420f58d3140,revision_v1_sha256_hex_053,llama3_8b_instruct_q4_k_m,nonseg_ascii_b16,sha256_hex,explain_biological_process
detector_pair__63127f03a0c1da2c7d12bd83__rankcloak,1,0.9996053576469421,deberta,leave_one_model__qwen2_5_7b_instruct_q4_k_m,validation,matched_clean_llm,dedup-cluster-8150a67016c09420f58d3140,revision_v1_sha256_hex_053,llama3_8b_instruct_q4_k_m,nonseg_ascii_b16,sha256_hex,explain_biological_process
detector_pair__633f82e61dde6dc47ff0e649__ordinary_control,0,0.0008272266131825745,deberta,leave_one_model__qwen2_5_7b_instruct_q4_k_m,validation,matched_clean_llm,dedup-cluster-cdae81a0da256f43636cdb0c,revision_v1_chacha20_poly1305_base64_024,llama3_8b_instruct_q4_k_m,nonseg_ascii_b16,chacha20_poly1305_base64,casual_hobby_chat
detector_pair__633f82e61dde6dc47ff0e649__rankcloak,1,0.9996077418327332,deberta,leave_one_model__qwen2_5_7b_instruct_q4_k_m,validation,matched_clean_llm,dedup-cluster-cdae81a0da256f43636cdb0c,revision_v1_chacha20_poly1305_base64_024,llama3_8b_instruct_q4_k_m,nonseg_ascii_b16,chacha20_poly1305_base64,casual_hobby_chat
detector_pair__639a04c2502a39d97ea4d2cd__ordinary_control,0,0.013478062115609646,deberta,leave_one_model__qwen2_5_7b_instruct_q4_k_m,validation,matched_clean_llm,dedup-cluster-e2f7268932e937ee54d92fe1,revision_v1_uuid_v4_016,llama3_8b_instruct_q4_k_m,nonseg_ascii_b8,uuid_v4,forum_practical_answer
detector_pair__639a04c2502a39d97ea4d2cd__rankcloak,1,0.999147891998291,deberta,leave_one_model__qwen2_5_7b_instruct_q4_k_m,validation,matched_clean_llm,dedup-cluster-e2f7268932e937ee54d92fe1,revision_v1_uuid_v4_016,llama3_8b_instruct_q4_k_m,nonseg_ascii_b8,uuid_v4,forum_practical_answer
detector_pair__63c8667caa28030ad8436236__ordinary_control,0,0.001798099372535944,deberta,leave_one_model__qwen2_5_7b_instruct_q4_k_m,validation,matched_clean_llm,dedup-cluster-23821a91b342f8bd757bd354,revision_v1_aes256_gcm_base64_009,llama3_8b_instruct_q4_k_m,nonseg_ascii_b8,aes256_gcm_base64,forum_practical_answer
detector_pair__63c8667caa28030ad8436236__rankcloak,1,0.9963287711143494,deberta,leave_one_model__qwen2_5_7b_instruct_q4_k_m,validation,matched_clean_llm,dedup-cluster-23821a91b342f8bd757bd354,revision_v1_aes256_gcm_base64_009,llama3_8b_instruct_q4_k_m,nonseg_ascii_b8,aes256_gcm_base64,forum_practical_answer
detector_pair__6413ae23f3c1b862b68ca43f__ordinary_control,0,0.00048706491361372173,deberta,leave_one_model__qwen2_5_7b_instruct_q4_k_m,validation,matched_clean_llm,dedup-cluster-21724430ac9765521f1234e5,revision_v1_token_128_bit_hex_056,llama3_8b_instruct_q4_k_m,segmented_hex_single_topic,token_128_bit_hex,explain_weather_pattern
detector_pair__6413ae23f3c1b862b68ca43f__rankcloak,1,0.9922868013381958,deberta,leave_one_model__qwen2_5_7b_instruct_q4_k_m,validation,matched_clean_llm,dedup-cluster-21724430ac9765521f1234e5,revision_v1_token_128_bit_hex_056,llama3_8b_instruct_q4_k_m,segmented_hex_single_topic,token_128_bit_hex,explain_weather_pattern
detector_pair__641959aeff4e1c0982c01d97__ordinary_control,0,0.0008353512967005372,deberta,leave_one_model__qwen2_5_7b_instruct_q4_k_m,validation,matched_clean_llm,dedup-cluster-bced2ec523557c720d4ecf66,revision_v1_token_128_bit_hex_036,mistral_7b_instruct_v0_3_q4_k_m,segmented_hex_multi_topic,token_128_bit_hex,explain_biological_process
detector_pair__641959aeff4e1c0982c01d97__rankcloak,1,0.9887627959251404,deberta,leave_one_model__qwen2_5_7b_instruct_q4_k_m,validation,matched_clean_llm,dedup-cluster-bced2ec523557c720d4ecf66,revision_v1_token_128_bit_hex_036,mistral_7b_instruct_v0_3_q4_k_m,segmented_hex_multi_topic,token_128_bit_hex,explain_biological_process
detector_pair__644336fbd28daa8015a53b20__ordinary_control,0,0.0013204821152612567,deberta,leave_one_model__qwen2_5_7b_instruct_q4_k_m,validation,matched_clean_llm,dedup-cluster-b814eb53fabc825fc651b86a,revision_v1_chacha20_poly1305_base64_029,mistral_7b_instruct_v0_3_q4_k_m,nonseg_ascii_b16,chacha20_poly1305_base64,professional_project_update
detector_pair__644336fbd28daa8015a53b20__rankcloak,1,0.9991870522499084,deberta,leave_one_model__qwen2_5_7b_instruct_q4_k_m,validation,matched_clean_llm,dedup-cluster-b814eb53fabc825fc651b86a,revision_v1_chacha20_poly1305_base64_029,mistral_7b_instruct_v0_3_q4_k_m,nonseg_ascii_b16,chacha20_poly1305_base64,professional_project_update
detector_pair__64598baada612ad4fbc04b12__ordinary_control,0,0.0004181027761660516,deberta,leave_one_model__qwen2_5_7b_instruct_q4_k_m,validation,matched_clean_llm,dedup-cluster-4df1f95590c9f69533ae0634,revision_v1_nonce_96_bit_hex_027,mistral_7b_instruct_v0_3_q4_k_m,segmented_hex_multi_topic,nonce_96_bit_hex,professional_process_email
detector_pair__64598baada612ad4fbc04b12__rankcloak,1,0.9982991814613342,deberta,leave_one_model__qwen2_5_7b_instruct_q4_k_m,validation,matched_clean_llm,dedup-cluster-4df1f95590c9f69533ae0634,revision_v1_nonce_96_bit_hex_027,mistral_7b_instruct_v0_3_q4_k_m,segmented_hex_multi_topic,nonce_96_bit_hex,professional_process_email
detector_pair__64a93b1ebb43644234b9275f__ordinary_control,0,0.0005617188289761543,deberta,leave_one_model__qwen2_5_7b_instruct_q4_k_m,validation,matched_clean_llm,dedup-cluster-54d0f843ac4646811be4dfd1,revision_v1_sha256_hex_000,mistral_7b_instruct_v0_3_q4_k_m,segmented_hex_multi_topic,sha256_hex,forum_learning_answer
detector_pair__64a93b1ebb43644234b9275f__rankcloak,1,0.9996969699859619,deberta,leave_one_model__qwen2_5_7b_instruct_q4_k_m,validation,matched_clean_llm,dedup-cluster-54d0f843ac4646811be4dfd1,revision_v1_sha256_hex_000,mistral_7b_instruct_v0_3_q4_k_m,segmented_hex_multi_topic,sha256_hex,forum_learning_answer
detector_pair__64b634ca3e133a8cd5097433__ordinary_control,0,0.002661901293322444,deberta,leave_one_model__qwen2_5_7b_instruct_q4_k_m,validation,matched_clean_llm,dedup-cluster-0401b1baba09fb1c1437ea35,revision_v1_nonce_96_bit_hex_011,llama3_8b_instruct_q4_k_m,segmented_hex_multi_topic,nonce_96_bit_hex,professional_project_update
detector_pair__64b634ca3e133a8cd5097433__rankcloak,1,0.9879457950592041,deberta,leave_one_model__qwen2_5_7b_instruct_q4_k_m,validation,matched_clean_llm,dedup-cluster-0401b1baba09fb1c1437ea35,revision_v1_nonce_96_bit_hex_011,llama3_8b_instruct_q4_k_m,segmented_hex_multi_topic,nonce_96_bit_hex,professional_project_update
detector_pair__64de62ef071f2a7e185500bf__ordinary_control,0,0.0021309368312358856,deberta,leave_one_model__qwen2_5_7b_instruct_q4_k_m,validation,matched_clean_llm,dedup-cluster-d95563a927f567b6601e551e,revision_v1_uuid_v4_020,llama3_8b_instruct_q4_k_m,nonseg_ascii_b16,uuid_v4,casual_hobby_chat
detector_pair__64de62ef071f2a7e185500bf__rankcloak,1,0.9909651279449463,deberta,leave_one_model__qwen2_5_7b_instruct_q4_k_m,validation,matched_clean_llm,dedup-cluster-d95563a927f567b6601e551e,revision_v1_uuid_v4_020,llama3_8b_instruct_q4_k_m,nonseg_ascii_b16,uuid_v4,casual_hobby_chat
detector_pair__6520bdcc2006a1251b55434d__ordinary_control,0,0.0005571191431954503,deberta,leave_one_model__qwen2_5_7b_instruct_q4_k_m,validation,matched_clean_llm,dedup-cluster-729f0f62c71d15bb8d8f7eff,revision_v1_token_128_bit_hex_004,llama3_8b_instruct_q4_k_m,nonseg_ascii_b16,token_128_bit_hex,professional_project_update
detector_pair__6520bdcc2006a1251b55434d__rankcloak,1,0.9008741974830627,deberta,leave_one_model__qwen2_5_7b_instruct_q4_k_m,validation,matched_clean_llm,dedup-cluster-729f0f62c71d15bb8d8f7eff,revision_v1_token_128_bit_hex_004,llama3_8b_instruct_q4_k_m,nonseg_ascii_b16,token_128_bit_hex,professional_project_update
detector_pair__6546113f79eae82a62f3ac7b__ordinary_control,0,0.0010459707118570805,deberta,leave_one_model__qwen2_5_7b_instruct_q4_k_m,validation,matched_clean_llm,dedup-cluster-064db5ffad9ed683b6e0fdbd,revision_v1_sha256_hex_035,llama3_8b_instruct_q4_k_m,nonseg_hex_nibble_b16,sha256_hex,explain_biological_process
detector_pair__6546113f79eae82a62f3ac7b__rankcloak,1,0.9988234639167786,deberta,leave_one_model__qwen2_5_7b_instruct_q4_k_m,validation,matched_clean_llm,dedup-cluster-064db5ffad9ed683b6e0fdbd,revision_v1_sha256_hex_035,llama3_8b_instruct_q4_k_m,nonseg_hex_nibble_b16,sha256_hex,explain_biological_process
detector_pair__6579705c6847a88b6792a21f__ordinary_control,0,0.000467475998448208,deberta,leave_one_model__qwen2_5_7b_instruct_q4_k_m,validation,matched_clean_llm,dedup-cluster-0eb47bf23cdaa7b54a0335a2,revision_v1_token_128_bit_hex_055,llama3_8b_instruct_q4_k_m,segmented_hex_multi_topic,token_128_bit_hex,narrative_small_discovery
detector_pair__6579705c6847a88b6792a21f__rankcloak,1,0.9995120763778687,deberta,leave_one_model__qwen2_5_7b_instruct_q4_k_m,validation,matched_clean_llm,dedup-cluster-0eb47bf23cdaa7b54a0335a2,revision_v1_token_128_bit_hex_055,llama3_8b_instruct_q4_k_m,segmented_hex_multi_topic,token_128_bit_hex,narrative_small_discovery
detector_pair__65c4ab12ca9a89756852787f__ordinary_control,0,0.0003526051004882902,deberta,leave_one_model__qwen2_5_7b_instruct_q4_k_m,validation,matched_clean_llm,dedup-cluster-a877ac9e15d9982c5f795957,revision_v1_sha256_hex_048,llama3_8b_instruct_q4_k_m,segmented_hex_single_topic,sha256_hex,casual_neighborhood_chat
detector_pair__65c4ab12ca9a89756852787f__rankcloak,1,0.061542488634586334,deberta,leave_one_model__qwen2_5_7b_instruct_q4_k_m,validation,matched_clean_llm,dedup-cluster-a877ac9e15d9982c5f795957,revision_v1_sha256_hex_048,llama3_8b_instruct_q4_k_m,segmented_hex_single_topic,sha256_hex,casual_neighborhood_chat
detector_pair__665a8703f4d38216acc39a7c__ordinary_control,0,0.00036748338607139885,deberta,leave_one_model__qwen2_5_7b_instruct_q4_k_m,validation,matched_clean_llm,dedup-cluster-40f1050b751f94d4062ce3bb,revision_v1_aes256_gcm_base64_032,llama3_8b_instruct_q4_k_m,direct_subword_calgacus,aes256_gcm_base64,professional_schedule_note
detector_pair__665a8703f4d38216acc39a7c__rankcloak,1,0.9997196793556213,deberta,leave_one_model__qwen2_5_7b_instruct_q4_k_m,validation,matched_clean_llm,dedup-cluster-40f1050b751f94d4062ce3bb,revision_v1_aes256_gcm_base64_032,llama3_8b_instruct_q4_k_m,direct_subword_calgacus,aes256_gcm_base64,professional_schedule_note
detector_pair__669e747f1ca590c7ba417fce__ordinary_control,0,0.001513059251010418,deberta,leave_one_model__qwen2_5_7b_instruct_q4_k_m,validation,matched_clean_llm,dedup-cluster-729f0f62c71d15bb8d8f7eff,revision_v1_token_128_bit_hex_004,llama3_8b_instruct_q4_k_m,segmented_hex_multi_topic,token_128_bit_hex,professional_project_update
detector_pair__669e747f1ca590c7ba417fce__rankcloak,1,0.16756980121135712,deberta,leave_one_model__qwen2_5_7b_instruct_q4_k_m,validation,matched_clean_llm,dedup-cluster-729f0f62c71d15bb8d8f7eff,revision_v1_token_128_bit_hex_004,llama3_8b_instruct_q4_k_m,segmented_hex_multi_topic,token_128_bit_hex,professional_project_update
detector_pair__66aa30cbc7827ae820dc75b0__ordinary_control,0,0.001784435473382473,deberta,leave_one_model__qwen2_5_7b_instruct_q4_k_m,validation,matched_clean_llm,dedup-cluster-cb374f9ca23dfd168fe55742,revision_v1_hmac_sha256_hex_055,mistral_7b_instruct_v0_3_q4_k_m,segmented_hex_single_topic,hmac_sha256_hex,narrative_small_discovery
detector_pair__66aa30cbc7827ae820dc75b0__rankcloak,1,0.9997567534446716,deberta,leave_one_model__qwen2_5_7b_instruct_q4_k_m,validation,matched_clean_llm,dedup-cluster-cb374f9ca23dfd168fe55742,revision_v1_hmac_sha256_hex_055,mistral_7b_instruct_v0_3_q4_k_m,segmented_hex_single_topic,hmac_sha256_hex,narrative_small_discovery
detector_pair__66b07c4bb590d476d08c8c5e__ordinary_control,0,0.0014097702223807573,deberta,leave_one_model__qwen2_5_7b_instruct_q4_k_m,validation,matched_clean_llm,dedup-cluster-631342e4862923cce8d3242b,revision_v1_sha256_hex_029,mistral_7b_instruct_v0_3_q4_k_m,nonseg_ascii_b16,sha256_hex,professional_project_update
detector_pair__66b07c4bb590d476d08c8c5e__rankcloak,1,0.9983738660812378,deberta,leave_one_model__qwen2_5_7b_instruct_q4_k_m,validation,matched_clean_llm,dedup-cluster-631342e4862923cce8d3242b,revision_v1_sha256_hex_029,mistral_7b_instruct_v0_3_q4_k_m,nonseg_ascii_b16,sha256_hex,professional_project_update
detector_pair__66feb974d8323c58aeff6fde__ordinary_control,0,0.003268650034442544,deberta,leave_one_model__qwen2_5_7b_instruct_q4_k_m,validation,matched_clean_llm,dedup-cluster-23688669a27f472f3b4c7be0,revision_v1_uuid_v4_038,llama3_8b_instruct_q4_k_m,direct_subword_calgacus,uuid_v4,casual_hobby_chat
detector_pair__66feb974d8323c58aeff6fde__rankcloak,1,0.9783717393875122,deberta,leave_one_model__qwen2_5_7b_instruct_q4_k_m,validation,matched_clean_llm,dedup-cluster-23688669a27f472f3b4c7be0,revision_v1_uuid_v4_038,llama3_8b_instruct_q4_k_m,direct_subword_calgacus,uuid_v4,casual_hobby_chat
detector_pair__67071eb084847374ba3d3193__ordinary_control,0,0.0011275639990344644,deberta,leave_one_model__qwen2_5_7b_instruct_q4_k_m,validation,matched_clean_llm,dedup-cluster-2e7f1969791ae609498a9082,revision_v1_hmac_sha256_hex_020,mistral_7b_instruct_v0_3_q4_k_m,segmented_hex_multi_topic,hmac_sha256_hex,explain_weather_pattern
detector_pair__67071eb084847374ba3d3193__rankcloak,1,0.9398659467697144,deberta,leave_one_model__qwen2_5_7b_instruct_q4_k_m,validation,matched_clean_llm,dedup-cluster-2e7f1969791ae609498a9082,revision_v1_hmac_sha256_hex_020,mistral_7b_instruct_v0_3_q4_k_m,segmented_hex_multi_topic,hmac_sha256_hex,explain_weather_pattern
detector_pair__679c5ce6ed679b0b5a8ccf46__ordinary_control,0,0.002467505168169737,deberta,leave_one_model__qwen2_5_7b_instruct_q4_k_m,validation,matched_clean_llm,dedup-cluster-525f817201e5e26510c04739,revision_v1_uuid_v4_017,llama3_8b_instruct_q4_k_m,direct_subword_calgacus,uuid_v4,procedure_simple_meal
detector_pair__679c5ce6ed679b0b5a8ccf46__rankcloak,1,0.9887511134147644,deberta,leave_one_model__qwen2_5_7b_instruct_q4_k_m,validation,matched_clean_llm,dedup-cluster-525f817201e5e26510c04739,revision_v1_uuid_v4_017,llama3_8b_instruct_q4_k_m,direct_subword_calgacus,uuid_v4,procedure_simple_meal
detector_pair__67ebec079ad0057ba31a6fef__ordinary_control,0,0.0013796333223581314,deberta,leave_one_model__qwen2_5_7b_instruct_q4_k_m,validation,matched_clean_llm,dedup-cluster-804389a06ddc24189a12fcd5,revision_v1_chacha20_poly1305_base64_041,llama3_8b_instruct_q4_k_m,nonseg_ascii_b8,chacha20_poly1305_base64,explain_weather_pattern
detector_pair__67ebec079ad0057ba31a6fef__rankcloak,1,0.9992068409919739,deberta,leave_one_model__qwen2_5_7b_instruct_q4_k_m,validation,matched_clean_llm,dedup-cluster-804389a06ddc24189a12fcd5,revision_v1_chacha20_poly1305_base64_041,llama3_8b_instruct_q4_k_m,nonseg_ascii_b8,chacha20_poly1305_base64,explain_weather_pattern
detector_pair__67f4a07bc035e1b874eefda0__ordinary_control,0,0.00047106845886446536,deberta,leave_one_model__qwen2_5_7b_instruct_q4_k_m,validation,matched_clean_llm,dedup-cluster-21724430ac9765521f1234e5,revision_v1_token_128_bit_hex_056,mistral_7b_instruct_v0_3_q4_k_m,nonseg_hex_nibble_b16,token_128_bit_hex,professional_process_email
detector_pair__67f4a07bc035e1b874eefda0__rankcloak,1,0.997021496295929,deberta,leave_one_model__qwen2_5_7b_instruct_q4_k_m,validation,matched_clean_llm,dedup-cluster-21724430ac9765521f1234e5,revision_v1_token_128_bit_hex_056,mistral_7b_instruct_v0_3_q4_k_m,nonseg_hex_nibble_b16,token_128_bit_hex,professional_process_email
detector_pair__6806ab58731ed7be14be786a__ordinary_control,0,0.00035238335840404034,deberta,leave_one_model__qwen2_5_7b_instruct_q4_k_m,validation,matched_clean_llm,dedup-cluster-32ad4bf593b222d70a8ca962,revision_v1_hmac_sha256_hex_053,llama3_8b_instruct_q4_k_m,segmented_hex_multi_topic,hmac_sha256_hex,casual_weekend_chat
detector_pair__6806ab58731ed7be14be786a__rankcloak,1,0.0014329992700368166,deberta,leave_one_model__qwen2_5_7b_instruct_q4_k_m,validation,matched_clean_llm,dedup-cluster-32ad4bf593b222d70a8ca962,revision_v1_hmac_sha256_hex_053,llama3_8b_instruct_q4_k_m,segmented_hex_multi_topic,hmac_sha256_hex,casual_weekend_chat
detector_pair__681a6c4edf62a1ba0cc82b5a__ordinary_control,0,0.0036314339376986027,deberta,leave_one_model__qwen2_5_7b_instruct_q4_k_m,validation,matched_clean_llm,dedup-cluster-37d4a9d7e9509ca2f58035f8,revision_v1_hmac_sha256_hex_022,llama3_8b_instruct_q4_k_m,segmented_hex_single_topic,hmac_sha256_hex,explain_everyday_system
detector_pair__681a6c4edf62a1ba0cc82b5a__rankcloak,1,0.9131413698196411,deberta,leave_one_model__qwen2_5_7b_instruct_q4_k_m,validation,matched_clean_llm,dedup-cluster-37d4a9d7e9509ca2f58035f8,revision_v1_hmac_sha256_hex_022,llama3_8b_instruct_q4_k_m,segmented_hex_single_topic,hmac_sha256_hex,explain_everyday_system
detector_pair__68934425df3ac2e2679a6bbb__ordinary_control,0,0.002186765195801854,deberta,leave_one_model__qwen2_5_7b_instruct_q4_k_m,validation,matched_clean_llm,dedup-cluster-92db4da9195620c7435535fe,revision_v1_ed25519_signature_base64_008,mistral_7b_instruct_v0_3_q4_k_m,nonseg_ascii_b16,ed25519_signature_base64,explain_everyday_system
detector_pair__68934425df3ac2e2679a6bbb__rankcloak,1,0.9997194409370422,deberta,leave_one_model__qwen2_5_7b_instruct_q4_k_m,validation,matched_clean_llm,dedup-cluster-92db4da9195620c7435535fe,revision_v1_ed25519_signature_base64_008,mistral_7b_instruct_v0_3_q4_k_m,nonseg_ascii_b16,ed25519_signature_base64,explain_everyday_system
detector_pair__68fc61a47301c57d3b4b2344__ordinary_control,0,0.0007459965418092906,deberta,leave_one_model__qwen2_5_7b_instruct_q4_k_m,validation,matched_clean_llm,dedup-cluster-2e7f1969791ae609498a9082,revision_v1_hmac_sha256_hex_020,mistral_7b_instruct_v0_3_q4_k_m,nonseg_hex_nibble_b16,hmac_sha256_hex,explain_weather_pattern
detector_pair__68fc61a47301c57d3b4b2344__rankcloak,1,0.9997531771659851,deberta,leave_one_model__qwen2_5_7b_instruct_q4_k_m,validation,matched_clean_llm,dedup-cluster-2e7f1969791ae609498a9082,revision_v1_hmac_sha256_hex_020,mistral_7b_instruct_v0_3_q4_k_m,nonseg_hex_nibble_b16,hmac_sha256_hex,explain_weather_pattern
detector_pair__6a2b2aa6468ecbe152cf8d56__ordinary_control,0,0.0017274536658078432,deberta,leave_one_model__qwen2_5_7b_instruct_q4_k_m,validation,matched_clean_llm,dedup-cluster-a1abcb49aa12280f617295a6,revision_v1_sha256_hex_034,llama3_8b_instruct_q4_k_m,segmented_hex_single_topic,sha256_hex,narrative_learning_moment
detector_pair__6a2b2aa6468ecbe152cf8d56__rankcloak,1,0.9987560510635376,deberta,leave_one_model__qwen2_5_7b_instruct_q4_k_m,validation,matched_clean_llm,dedup-cluster-a1abcb49aa12280f617295a6,revision_v1_sha256_hex_034,llama3_8b_instruct_q4_k_m,segmented_hex_single_topic,sha256_hex,narrative_learning_moment
detector_pair__6a3715e8d6e5c0f212a51d24__ordinary_control,0,0.001632522325962782,deberta,leave_one_model__qwen2_5_7b_instruct_q4_k_m,validation,matched_clean_llm,dedup-cluster-804389a06ddc24189a12fcd5,revision_v1_chacha20_poly1305_base64_041,mistral_7b_instruct_v0_3_q4_k_m,nonseg_ascii_b8,chacha20_poly1305_base64,professional_process_email
detector_pair__6a3715e8d6e5c0f212a51d24__rankcloak,1,0.999489426612854,deberta,leave_one_model__qwen2_5_7b_instruct_q4_k_m,validation,matched_clean_llm,dedup-cluster-804389a06ddc24189a12fcd5,revision_v1_chacha20_poly1305_base64_041,mistral_7b_instruct_v0_3_q4_k_m,nonseg_ascii_b8,chacha20_poly1305_base64,professional_process_email
detector_pair__6a3d02b034eabc80851100d5__ordinary_control,0,0.0004953382886014879,deberta,leave_one_model__qwen2_5_7b_instruct_q4_k_m,validation,matched_clean_llm,dedup-cluster-edb6b099f1dff5a3bddeca8c,revision_v1_sha256_hex_012,llama3_8b_instruct_q4_k_m,direct_subword_calgacus,sha256_hex,casual_neighborhood_chat
detector_pair__6a3d02b034eabc80851100d5__rankcloak,1,0.9994545578956604,deberta,leave_one_model__qwen2_5_7b_instruct_q4_k_m,validation,matched_clean_llm,dedup-cluster-edb6b099f1dff5a3bddeca8c,revision_v1_sha256_hex_012,llama3_8b_instruct_q4_k_m,direct_subword_calgacus,sha256_hex,casual_neighborhood_chat
detector_pair__6a6c75900dd08615d207b1d9__ordinary_control,0,0.0015278048813343048,deberta,leave_one_model__qwen2_5_7b_instruct_q4_k_m,validation,matched_clean_llm,dedup-cluster-a34a1c3f812dbedb8252c73c,revision_v1_ed25519_signature_base64_015,llama3_8b_instruct_q4_k_m,nonseg_ascii_b16,ed25519_signature_base64,narrative_small_discovery
detector_pair__6a6c75900dd08615d207b1d9__rankcloak,1,0.9994351267814636,deberta,leave_one_model__qwen2_5_7b_instruct_q4_k_m,validation,matched_clean_llm,dedup-cluster-a34a1c3f812dbedb8252c73c,revision_v1_ed25519_signature_base64_015,llama3_8b_instruct_q4_k_m,nonseg_ascii_b16,ed25519_signature_base64,narrative_small_discovery
detector_pair__6acd65a694ab0efc4dd0d7d0__ordinary_control,0,0.02131248265504837,deberta,leave_one_model__qwen2_5_7b_instruct_q4_k_m,validation,matched_clean_llm,dedup-cluster-5c707906476e8093ab209bdf,revision_v1_ed25519_signature_base64_020,llama3_8b_instruct_q4_k_m,nonseg_ascii_b8,ed25519_signature_base64,procedure_home_task
detector_pair__6acd65a694ab0efc4dd0d7d0__rankcloak,1,0.9005473852157593,deberta,leave_one_model__qwen2_5_7b_instruct_q4_k_m,validation,matched_clean_llm,dedup-cluster-5c707906476e8093ab209bdf,revision_v1_ed25519_signature_base64_020,llama3_8b_instruct_q4_k_m,nonseg_ascii_b8,ed25519_signature_base64,procedure_home_task
detector_pair__6b1c4c52f916b6e83c3122bc__ordinary_control,0,0.0005821892991662025,deberta,leave_one_model__qwen2_5_7b_instruct_q4_k_m,validation,matched_clean_llm,dedup-cluster-339659e6d45626f95acf4c5b,revision_v1_nonce_96_bit_hex_052,llama3_8b_instruct_q4_k_m,segmented_hex_single_topic,nonce_96_bit_hex,casual_hobby_chat
detector_pair__6b1c4c52f916b6e83c3122bc__rankcloak,1,0.9102746844291687,deberta,leave_one_model__qwen2_5_7b_instruct_q4_k_m,validation,matched_clean_llm,dedup-cluster-339659e6d45626f95acf4c5b,revision_v1_nonce_96_bit_hex_052,llama3_8b_instruct_q4_k_m,segmented_hex_single_topic,nonce_96_bit_hex,casual_hobby_chat
detector_pair__6bae60c28b8bcd2279c0fd86__ordinary_control,0,0.001968809636309743,deberta,leave_one_model__qwen2_5_7b_instruct_q4_k_m,validation,matched_clean_llm,dedup-cluster-b814eb53fabc825fc651b86a,revision_v1_chacha20_poly1305_base64_029,mistral_7b_instruct_v0_3_q4_k_m,nonseg_ascii_b8,chacha20_poly1305_base64,professional_project_update
detector_pair__6bae60c28b8bcd2279c0fd86__rankcloak,1,0.9994825124740601,deberta,leave_one_model__qwen2_5_7b_instruct_q4_k_m,validation,matched_clean_llm,dedup-cluster-b814eb53fabc825fc651b86a,revision_v1_chacha20_poly1305_base64_029,mistral_7b_instruct_v0_3_q4_k_m,nonseg_ascii_b8,chacha20_poly1305_base64,professional_project_update
detector_pair__6c39daf0a9f431301e20eb29__ordinary_control,0,0.0008643425535410643,deberta,leave_one_model__qwen2_5_7b_instruct_q4_k_m,validation,matched_clean_llm,dedup-cluster-804389a06ddc24189a12fcd5,revision_v1_chacha20_poly1305_base64_041,mistral_7b_instruct_v0_3_q4_k_m,nonseg_ascii_b16,chacha20_poly1305_base64,professional_process_email
detector_pair__6c39daf0a9f431301e20eb29__rankcloak,1,0.9994658827781677,deberta,leave_one_model__qwen2_5_7b_instruct_q4_k_m,validation,matched_clean_llm,dedup-cluster-804389a06ddc24189a12fcd5,revision_v1_chacha20_poly1305_base64_041,mistral_7b_instruct_v0_3_q4_k_m,nonseg_ascii_b16,chacha20_poly1305_base64,professional_process_email
detector_pair__6cbdd8237a2a36e712680fae__ordinary_control,0,0.00029947381699457765,deberta,leave_one_model__qwen2_5_7b_instruct_q4_k_m,validation,matched_clean_llm,dedup-cluster-54d0f843ac4646811be4dfd1,revision_v1_sha256_hex_000,llama3_8b_instruct_q4_k_m,direct_subword_calgacus,sha256_hex,casual_weekend_chat
detector_pair__6cbdd8237a2a36e712680fae__rankcloak,1,0.9997369647026062,deberta,leave_one_model__qwen2_5_7b_instruct_q4_k_m,validation,matched_clean_llm,dedup-cluster-54d0f843ac4646811be4dfd1,revision_v1_sha256_hex_000,llama3_8b_instruct_q4_k_m,direct_subword_calgacus,sha256_hex,casual_weekend_chat
detector_pair__6d68831a3d6de9e4dbd86641__ordinary_control,0,0.00040723365964367986,deberta,leave_one_model__qwen2_5_7b_instruct_q4_k_m,validation,matched_clean_llm,dedup-cluster-4df1f95590c9f69533ae0634,revision_v1_nonce_96_bit_hex_027,mistral_7b_instruct_v0_3_q4_k_m,nonseg_ascii_b8,nonce_96_bit_hex,professional_process_email
detector_pair__6d68831a3d6de9e4dbd86641__rankcloak,1,0.9987781643867493,deberta,leave_one_model__qwen2_5_7b_instruct_q4_k_m,validation,matched_clean_llm,dedup-cluster-4df1f95590c9f69533ae0634,revision_v1_nonce_96_bit_hex_027,mistral_7b_instruct_v0_3_q4_k_m,nonseg_ascii_b8,nonce_96_bit_hex,professional_process_email
detector_pair__6d75c38ddaffd6930e5b1ff3__ordinary_control,0,0.002037494909018278,deberta,leave_one_model__qwen2_5_7b_instruct_q4_k_m,validation,matched_clean_llm,dedup-cluster-8150a67016c09420f58d3140,revision_v1_sha256_hex_053,llama3_8b_instruct_q4_k_m,segmented_hex_single_topic,sha256_hex,explain_biological_process
detector_pair__6d75c38ddaffd6930e5b1ff3__rankcloak,1,0.5995334982872009,deberta,leave_one_model__qwen2_5_7b_instruct_q4_k_m,validation,matched_clean_llm,dedup-cluster-8150a67016c09420f58d3140,revision_v1_sha256_hex_053,llama3_8b_instruct_q4_k_m,segmented_hex_single_topic,sha256_hex,explain_biological_process
detector_pair__6d8897afb34aaaf3d237329b__ordinary_control,0,0.0012072944082319736,deberta,leave_one_model__qwen2_5_7b_instruct_q4_k_m,validation,matched_clean_llm,dedup-cluster-4f6ab2ce0956867e1b0b1bad,revision_v1_hmac_sha256_hex_043,mistral_7b_instruct_v0_3_q4_k_m,segmented_hex_single_topic,hmac_sha256_hex,narrative_local_walk
detector_pair__6d8897afb34aaaf3d237329b__rankcloak,1,0.021557219326496124,deberta,leave_one_model__qwen2_5_7b_instruct_q4_k_m,validation,matched_clean_llm,dedup-cluster-4f6ab2ce0956867e1b0b1bad,revision_v1_hmac_sha256_hex_043,mistral_7b_instruct_v0_3_q4_k_m,segmented_hex_single_topic,hmac_sha256_hex,narrative_local_walk
detector_pair__6db23132db9f650ab87ab323__ordinary_control,0,0.000747868325561285,deberta,leave_one_model__qwen2_5_7b_instruct_q4_k_m,validation,matched_clean_llm,dedup-cluster-982d753609ba3daf81c7d866,revision_v1_sha256_hex_046,llama3_8b_instruct_q4_k_m,segmented_hex_multi_topic,sha256_hex,narrative_local_walk
detector_pair__6db23132db9f650ab87ab323__rankcloak,1,0.9995275735855103,deberta,leave_one_model__qwen2_5_7b_instruct_q4_k_m,validation,matched_clean_llm,dedup-cluster-982d753609ba3daf81c7d866,revision_v1_sha256_hex_046,llama3_8b_instruct_q4_k_m,segmented_hex_multi_topic,sha256_hex,narrative_local_walk
detector_pair__6dbc32e96a29d73f8f43138a__ordinary_control,0,0.0006405969033949077,deberta,leave_one_model__qwen2_5_7b_instruct_q4_k_m,validation,matched_clean_llm,dedup-cluster-7b810f2afbcabc7ee462bff7,revision_v1_nonce_96_bit_hex_023,llama3_8b_instruct_q4_k_m,segmented_hex_multi_topic,nonce_96_bit_hex,professional_process_email
detector_pair__6dbc32e96a29d73f8f43138a__rankcloak,1,0.9487377405166626,deberta,leave_one_model__qwen2_5_7b_instruct_q4_k_m,validation,matched_clean_llm,dedup-cluster-7b810f2afbcabc7ee462bff7,revision_v1_nonce_96_bit_hex_023,llama3_8b_instruct_q4_k_m,segmented_hex_multi_topic,nonce_96_bit_hex,professional_process_email
detector_pair__6de928a8a72a993c9bbddb71__ordinary_control,0,0.002913294592872262,deberta,leave_one_model__qwen2_5_7b_instruct_q4_k_m,validation,matched_clean_llm,dedup-cluster-729f0f62c71d15bb8d8f7eff,revision_v1_token_128_bit_hex_004,llama3_8b_instruct_q4_k_m,segmented_hex_single_topic,token_128_bit_hex,professional_project_update
detector_pair__6de928a8a72a993c9bbddb71__rankcloak,1,0.005411114543676376,deberta,leave_one_model__qwen2_5_7b_instruct_q4_k_m,validation,matched_clean_llm,dedup-cluster-729f0f62c71d15bb8d8f7eff,revision_v1_token_128_bit_hex_004,llama3_8b_instruct_q4_k_m,segmented_hex_single_topic,token_128_bit_hex,professional_project_update
detector_pair__6e0621ebfe36163671359188__ordinary_control,0,0.0007959631620906293,deberta,leave_one_model__qwen2_5_7b_instruct_q4_k_m,validation,matched_clean_llm,dedup-cluster-1d730332b470450b93b8b767,revision_v1_hmac_sha256_hex_006,llama3_8b_instruct_q4_k_m,segmented_hex_single_topic,hmac_sha256_hex,professional_process_email
detector_pair__6e0621ebfe36163671359188__rankcloak,1,0.6736884117126465,deberta,leave_one_model__qwen2_5_7b_instruct_q4_k_m,validation,matched_clean_llm,dedup-cluster-1d730332b470450b93b8b767,revision_v1_hmac_sha256_hex_006,llama3_8b_instruct_q4_k_m,segmented_hex_single_topic,hmac_sha256_hex,professional_process_email
detector_pair__6e1bbcd2f73f02dd0335eee4__ordinary_control,0,0.0017489357851445675,deberta,leave_one_model__qwen2_5_7b_instruct_q4_k_m,validation,matched_clean_llm,dedup-cluster-847d23bf1ef334bb559efd28,revision_v1_aes256_gcm_base64_000,llama3_8b_instruct_q4_k_m,nonseg_ascii_b16,aes256_gcm_base64,explain_biological_process
detector_pair__6e1bbcd2f73f02dd0335eee4__rankcloak,1,0.9997473359107971,deberta,leave_one_model__qwen2_5_7b_instruct_q4_k_m,validation,matched_clean_llm,dedup-cluster-847d23bf1ef334bb559efd28,revision_v1_aes256_gcm_base64_000,llama3_8b_instruct_q4_k_m,nonseg_ascii_b16,aes256_gcm_base64,explain_biological_process
detector_pair__6ea7b18c4d4acd7c9d766f15__ordinary_control,0,0.0002623488544486463,deberta,leave_one_model__qwen2_5_7b_instruct_q4_k_m,validation,matched_clean_llm,dedup-cluster-dcb1b73d5ccfd69dfe23f428,revision_v1_ed25519_signature_base64_000,llama3_8b_instruct_q4_k_m,direct_subword_calgacus,ed25519_signature_base64,professional_schedule_note
detector_pair__6ea7b18c4d4acd7c9d766f15__rankcloak,1,0.9997333884239197,deberta,leave_one_model__qwen2_5_7b_instruct_q4_k_m,validation,matched_clean_llm,dedup-cluster-dcb1b73d5ccfd69dfe23f428,revision_v1_ed25519_signature_base64_000,llama3_8b_instruct_q4_k_m,direct_subword_calgacus,ed25519_signature_base64,professional_schedule_note
detector_pair__6ecc29c50a4ca7825e48ff55__ordinary_control,0,0.0004191125917714089,deberta,leave_one_model__qwen2_5_7b_instruct_q4_k_m,validation,matched_clean_llm,dedup-cluster-bc077faa1a8a103220224e85,revision_v1_chacha20_poly1305_base64_036,mistral_7b_instruct_v0_3_q4_k_m,direct_subword_calgacus,chacha20_poly1305_base64,forum_learning_answer
detector_pair__6ecc29c50a4ca7825e48ff55__rankcloak,1,0.9997225403785706,deberta,leave_one_model__qwen2_5_7b_instruct_q4_k_m,validation,matched_clean_llm,dedup-cluster-bc077faa1a8a103220224e85,revision_v1_chacha20_poly1305_base64_036,mistral_7b_instruct_v0_3_q4_k_m,direct_subword_calgacus,chacha20_poly1305_base64,forum_learning_answer
detector_pair__6f3fc478c06c7a712473c404__ordinary_control,0,0.037987250834703445,deberta,leave_one_model__qwen2_5_7b_instruct_q4_k_m,validation,matched_clean_llm,dedup-cluster-8150a67016c09420f58d3140,revision_v1_sha256_hex_053,llama3_8b_instruct_q4_k_m,nonseg_hex_nibble_b16,sha256_hex,explain_biological_process
detector_pair__6f3fc478c06c7a712473c404__rankcloak,1,0.9995449185371399,deberta,leave_one_model__qwen2_5_7b_instruct_q4_k_m,validation,matched_clean_llm,dedup-cluster-8150a67016c09420f58d3140,revision_v1_sha256_hex_053,llama3_8b_instruct_q4_k_m,nonseg_hex_nibble_b16,sha256_hex,explain_biological_process
detector_pair__6f7489ac2b0338438bf94783__ordinary_control,0,0.0022053143475204706,deberta,leave_one_model__qwen2_5_7b_instruct_q4_k_m,validation,matched_clean_llm,dedup-cluster-725b5797405341915f74ba63,revision_v1_token_128_bit_hex_006,mistral_7b_instruct_v0_3_q4_k_m,segmented_hex_single_topic,token_128_bit_hex,explain_weather_pattern
detector_pair__6f7489ac2b0338438bf94783__rankcloak,1,0.9559493064880371,deberta,leave_one_model__qwen2_5_7b_instruct_q4_k_m,validation,matched_clean_llm,dedup-cluster-725b5797405341915f74ba63,revision_v1_token_128_bit_hex_006,mistral_7b_instruct_v0_3_q4_k_m,segmented_hex_single_topic,token_128_bit_hex,explain_weather_pattern
detector_pair__6f7c0fdaa2a7e5bae04f4b4f__ordinary_control,0,0.044310562312603,deberta,leave_one_model__qwen2_5_7b_instruct_q4_k_m,validation,matched_clean_llm,dedup-cluster-339659e6d45626f95acf4c5b,revision_v1_nonce_96_bit_hex_052,llama3_8b_instruct_q4_k_m,direct_subword_calgacus,nonce_96_bit_hex,casual_hobby_chat
detector_pair__6f7c0fdaa2a7e5bae04f4b4f__rankcloak,1,0.9939711093902588,deberta,leave_one_model__qwen2_5_7b_instruct_q4_k_m,validation,matched_clean_llm,dedup-cluster-339659e6d45626f95acf4c5b,revision_v1_nonce_96_bit_hex_052,llama3_8b_instruct_q4_k_m,direct_subword_calgacus,nonce_96_bit_hex,casual_hobby_chat
detector_pair__6fe2695df82cec21c8135564__ordinary_control,0,0.002227397635579109,deberta,leave_one_model__qwen2_5_7b_instruct_q4_k_m,validation,matched_clean_llm,dedup-cluster-725b5797405341915f74ba63,revision_v1_token_128_bit_hex_006,llama3_8b_instruct_q4_k_m,nonseg_hex_nibble_b16,token_128_bit_hex,procedure_home_task
detector_pair__6fe2695df82cec21c8135564__rankcloak,1,0.5492686033248901,deberta,leave_one_model__qwen2_5_7b_instruct_q4_k_m,validation,matched_clean_llm,dedup-cluster-725b5797405341915f74ba63,revision_v1_token_128_bit_hex_006,llama3_8b_instruct_q4_k_m,nonseg_hex_nibble_b16,token_128_bit_hex,procedure_home_task
detector_pair__713f22dda84731152b686bbe__ordinary_control,0,0.0005698337336070836,deberta,leave_one_model__qwen2_5_7b_instruct_q4_k_m,validation,matched_clean_llm,dedup-cluster-21724430ac9765521f1234e5,revision_v1_token_128_bit_hex_056,llama3_8b_instruct_q4_k_m,nonseg_hex_nibble_b16,token_128_bit_hex,explain_weather_pattern
detector_pair__713f22dda84731152b686bbe__rankcloak,1,0.5196861624717712,deberta,leave_one_model__qwen2_5_7b_instruct_q4_k_m,validation,matched_clean_llm,dedup-cluster-21724430ac9765521f1234e5,revision_v1_token_128_bit_hex_056,llama3_8b_instruct_q4_k_m,nonseg_hex_nibble_b16,token_128_bit_hex,explain_weather_pattern
detector_pair__715039543d0a20c6e1d1b6f0__ordinary_control,0,0.00027151708491146564,deberta,leave_one_model__qwen2_5_7b_instruct_q4_k_m,validation,matched_clean_llm,dedup-cluster-a1f09603de61d42b17c60f90,revision_v1_nonce_96_bit_hex_058,llama3_8b_instruct_q4_k_m,segmented_hex_single_topic,nonce_96_bit_hex,casual_neighborhood_chat
detector_pair__715039543d0a20c6e1d1b6f0__rankcloak,1,0.7196721434593201,deberta,leave_one_model__qwen2_5_7b_instruct_q4_k_m,validation,matched_clean_llm,dedup-cluster-a1f09603de61d42b17c60f90,revision_v1_nonce_96_bit_hex_058,llama3_8b_instruct_q4_k_m,segmented_hex_single_topic,nonce_96_bit_hex,casual_neighborhood_chat
detector_pair__71e67a2cd2f15710789de31f__ordinary_control,0,0.001624155673198402,deberta,leave_one_model__qwen2_5_7b_instruct_q4_k_m,validation,matched_clean_llm,dedup-cluster-5ace189a35be6720f7c9dc5e,revision_v1_chacha20_poly1305_base64_057,llama3_8b_instruct_q4_k_m,nonseg_ascii_b16,chacha20_poly1305_base64,procedure_simple_meal
detector_pair__71e67a2cd2f15710789de31f__rankcloak,1,0.9995019435882568,deberta,leave_one_model__qwen2_5_7b_instruct_q4_k_m,validation,matched_clean_llm,dedup-cluster-5ace189a35be6720f7c9dc5e,revision_v1_chacha20_poly1305_base64_057,llama3_8b_instruct_q4_k_m,nonseg_ascii_b16,chacha20_poly1305_base64,procedure_simple_meal
detector_pair__721108fae377b82a32e025a1__ordinary_control,0,0.00036701475619338453,deberta,leave_one_model__qwen2_5_7b_instruct_q4_k_m,validation,matched_clean_llm,dedup-cluster-e303bfe023e32c25389ebaf9,revision_v1_token_128_bit_hex_057,llama3_8b_instruct_q4_k_m,nonseg_ascii_b16,token_128_bit_hex,casual_weekend_chat
detector_pair__721108fae377b82a32e025a1__rankcloak,1,0.9996222257614136,deberta,leave_one_model__qwen2_5_7b_instruct_q4_k_m,validation,matched_clean_llm,dedup-cluster-e303bfe023e32c25389ebaf9,revision_v1_token_128_bit_hex_057,llama3_8b_instruct_q4_k_m,nonseg_ascii_b16,token_128_bit_hex,casual_weekend_chat
detector_pair__7237ccbf40335e88e5f64518__ordinary_control,0,0.00036538668791763484,deberta,leave_one_model__qwen2_5_7b_instruct_q4_k_m,validation,matched_clean_llm,dedup-cluster-7c84aa0ced3be32342082f66,revision_v1_uuid_v4_002,mistral_7b_instruct_v0_3_q4_k_m,nonseg_ascii_b16,uuid_v4,forum_practical_answer
detector_pair__7237ccbf40335e88e5f64518__rankcloak,1,0.9994377493858337,deberta,leave_one_model__qwen2_5_7b_instruct_q4_k_m,validation,matched_clean_llm,dedup-cluster-7c84aa0ced3be32342082f66,revision_v1_uuid_v4_002,mistral_7b_instruct_v0_3_q4_k_m,nonseg_ascii_b16,uuid_v4,forum_practical_answer
detector_pair__72a7047ce6f68d84f6e93e4d__ordinary_control,0,0.000657267402857542,deberta,leave_one_model__qwen2_5_7b_instruct_q4_k_m,validation,matched_clean_llm,dedup-cluster-a877ac9e15d9982c5f795957,revision_v1_sha256_hex_048,llama3_8b_instruct_q4_k_m,nonseg_hex_nibble_b16,sha256_hex,casual_neighborhood_chat
detector_pair__72a7047ce6f68d84f6e93e4d__rankcloak,1,0.9956209063529968,deberta,leave_one_model__qwen2_5_7b_instruct_q4_k_m,validation,matched_clean_llm,dedup-cluster-a877ac9e15d9982c5f795957,revision_v1_sha256_hex_048,llama3_8b_instruct_q4_k_m,nonseg_hex_nibble_b16,sha256_hex,casual_neighborhood_chat
detector_pair__72ee7dac43e10eb47223f7f7__ordinary_control,0,0.0002737138420343399,deberta,leave_one_model__qwen2_5_7b_instruct_q4_k_m,validation,matched_clean_llm,dedup-cluster-0eb47bf23cdaa7b54a0335a2,revision_v1_token_128_bit_hex_055,mistral_7b_instruct_v0_3_q4_k_m,nonseg_hex_nibble_b16,token_128_bit_hex,casual_neighborhood_chat
detector_pair__72ee7dac43e10eb47223f7f7__rankcloak,1,0.9988973140716553,deberta,leave_one_model__qwen2_5_7b_instruct_q4_k_m,validation,matched_clean_llm,dedup-cluster-0eb47bf23cdaa7b54a0335a2,revision_v1_token_128_bit_hex_055,mistral_7b_instruct_v0_3_q4_k_m,nonseg_hex_nibble_b16,token_128_bit_hex,casual_neighborhood_chat
detector_pair__731be063b5dccc69ecbcbf73__ordinary_control,0,0.0006998475291766226,deberta,leave_one_model__qwen2_5_7b_instruct_q4_k_m,validation,matched_clean_llm,dedup-cluster-9f2700a571f51133cc69754b,revision_v1_chacha20_poly1305_base64_019,llama3_8b_instruct_q4_k_m,nonseg_ascii_b16,chacha20_poly1305_base64,professional_project_update
detector_pair__731be063b5dccc69ecbcbf73__rankcloak,1,0.9997270703315735,deberta,leave_one_model__qwen2_5_7b_instruct_q4_k_m,validation,matched_clean_llm,dedup-cluster-9f2700a571f51133cc69754b,revision_v1_chacha20_poly1305_base64_019,llama3_8b_instruct_q4_k_m,nonseg_ascii_b16,chacha20_poly1305_base64,professional_project_update
detector_pair__732550832650ce5ad261cc8b__ordinary_control,0,0.0008282526978291571,deberta,leave_one_model__qwen2_5_7b_instruct_q4_k_m,validation,matched_clean_llm,dedup-cluster-847d23bf1ef334bb559efd28,revision_v1_aes256_gcm_base64_000,mistral_7b_instruct_v0_3_q4_k_m,nonseg_ascii_b8,aes256_gcm_base64,professional_schedule_note
detector_pair__732550832650ce5ad261cc8b__rankcloak,1,0.9994018077850342,deberta,leave_one_model__qwen2_5_7b_instruct_q4_k_m,validation,matched_clean_llm,dedup-cluster-847d23bf1ef334bb559efd28,revision_v1_aes256_gcm_base64_000,mistral_7b_instruct_v0_3_q4_k_m,nonseg_ascii_b8,aes256_gcm_base64,professional_schedule_note
detector_pair__7398a5cce5d6fd9cfcf2d6da__ordinary_control,0,0.004319555591791868,deberta,leave_one_model__qwen2_5_7b_instruct_q4_k_m,validation,matched_clean_llm,dedup-cluster-729f0f62c71d15bb8d8f7eff,revision_v1_token_128_bit_hex_004,llama3_8b_instruct_q4_k_m,direct_subword_calgacus,token_128_bit_hex,professional_project_update
detector_pair__7398a5cce5d6fd9cfcf2d6da__rankcloak,1,0.9897775053977966,deberta,leave_one_model__qwen2_5_7b_instruct_q4_k_m,validation,matched_clean_llm,dedup-cluster-729f0f62c71d15bb8d8f7eff,revision_v1_token_128_bit_hex_004,llama3_8b_instruct_q4_k_m,direct_subword_calgacus,token_128_bit_hex,professional_project_update
detector_pair__73e47b3128c6b9d460b4332c__ordinary_control,0,0.0003911503590643406,deberta,leave_one_model__qwen2_5_7b_instruct_q4_k_m,validation,matched_clean_llm,dedup-cluster-e303bfe023e32c25389ebaf9,revision_v1_token_128_bit_hex_057,mistral_7b_instruct_v0_3_q4_k_m,segmented_hex_multi_topic,token_128_bit_hex,forum_learning_answer
detector_pair__73e47b3128c6b9d460b4332c__rankcloak,1,0.0834503248333931,deberta,leave_one_model__qwen2_5_7b_instruct_q4_k_m,validation,matched_clean_llm,dedup-cluster-e303bfe023e32c25389ebaf9,revision_v1_token_128_bit_hex_057,mistral_7b_instruct_v0_3_q4_k_m,segmented_hex_multi_topic,token_128_bit_hex,forum_learning_answer
detector_pair__740c647cbfe8773dd080b07e__ordinary_control,0,0.0005813332390971482,deberta,leave_one_model__qwen2_5_7b_instruct_q4_k_m,validation,matched_clean_llm,dedup-cluster-dcb1b73d5ccfd69dfe23f428,revision_v1_ed25519_signature_base64_000,llama3_8b_instruct_q4_k_m,nonseg_ascii_b16,ed25519_signature_base64,professional_schedule_note
detector_pair__740c647cbfe8773dd080b07e__rankcloak,1,0.9969026446342468,deberta,leave_one_model__qwen2_5_7b_instruct_q4_k_m,validation,matched_clean_llm,dedup-cluster-dcb1b73d5ccfd69dfe23f428,revision_v1_ed25519_signature_base64_000,llama3_8b_instruct_q4_k_m,nonseg_ascii_b16,ed25519_signature_base64,professional_schedule_note
detector_pair__750156a4e9ce86aa9c192542__ordinary_control,0,0.00040156967588700354,deberta,leave_one_model__qwen2_5_7b_instruct_q4_k_m,validation,matched_clean_llm,dedup-cluster-d95563a927f567b6601e551e,revision_v1_uuid_v4_020,mistral_7b_instruct_v0_3_q4_k_m,nonseg_ascii_b16,uuid_v4,forum_practical_answer
detector_pair__750156a4e9ce86aa9c192542__rankcloak,1,0.996707558631897,deberta,leave_one_model__qwen2_5_7b_instruct_q4_k_m,validation,matched_clean_llm,dedup-cluster-d95563a927f567b6601e551e,revision_v1_uuid_v4_020,mistral_7b_instruct_v0_3_q4_k_m,nonseg_ascii_b16,uuid_v4,forum_practical_answer
detector_pair__7522e4aeb3663f9331ac623e__ordinary_control,0,0.0008951008785516024,deberta,leave_one_model__qwen2_5_7b_instruct_q4_k_m,validation,matched_clean_llm,dedup-cluster-32ad4bf593b222d70a8ca962,revision_v1_hmac_sha256_hex_053,llama3_8b_instruct_q4_k_m,nonseg_ascii_b16,hmac_sha256_hex,casual_weekend_chat
detector_pair__7522e4aeb3663f9331ac623e__rankcloak,1,0.9913856983184814,deberta,leave_one_model__qwen2_5_7b_instruct_q4_k_m,validation,matched_clean_llm,dedup-cluster-32ad4bf593b222d70a8ca962,revision_v1_hmac_sha256_hex_053,llama3_8b_instruct_q4_k_m,nonseg_ascii_b16,hmac_sha256_hex,casual_weekend_chat
detector_pair__75804d3fe34292efd8379d80__ordinary_control,0,0.00045422674156725407,deberta,leave_one_model__qwen2_5_7b_instruct_q4_k_m,validation,matched_clean_llm,dedup-cluster-897bd4c0922eb43a17664a25,revision_v1_aes256_gcm_base64_025,mistral_7b_instruct_v0_3_q4_k_m,nonseg_ascii_b16,aes256_gcm_base64,forum_learning_answer
detector_pair__75804d3fe34292efd8379d80__rankcloak,1,0.9996825456619263,deberta,leave_one_model__qwen2_5_7b_instruct_q4_k_m,validation,matched_clean_llm,dedup-cluster-897bd4c0922eb43a17664a25,revision_v1_aes256_gcm_base64_025,mistral_7b_instruct_v0_3_q4_k_m,nonseg_ascii_b16,aes256_gcm_base64,forum_learning_answer
detector_pair__75860b1efd8f5c77235f2493__ordinary_control,0,0.002025771886110306,deberta,leave_one_model__qwen2_5_7b_instruct_q4_k_m,validation,matched_clean_llm,dedup-cluster-72a697706958756a5d98abe5,revision_v1_aes256_gcm_base64_042,llama3_8b_instruct_q4_k_m,nonseg_ascii_b8,aes256_gcm_base64,explain_weather_pattern
detector_pair__75860b1efd8f5c77235f2493__rankcloak,1,0.9923272728919983,deberta,leave_one_model__qwen2_5_7b_instruct_q4_k_m,validation,matched_clean_llm,dedup-cluster-72a697706958756a5d98abe5,revision_v1_aes256_gcm_base64_042,llama3_8b_instruct_q4_k_m,nonseg_ascii_b8,aes256_gcm_base64,explain_weather_pattern
detector_pair__7596befebecb40c2085c3933__ordinary_control,0,0.00035168611793778837,deberta,leave_one_model__qwen2_5_7b_instruct_q4_k_m,validation,matched_clean_llm,dedup-cluster-17900f3eff20bb84e24fa1da,revision_v1_token_128_bit_hex_021,llama3_8b_instruct_q4_k_m,segmented_hex_single_topic,token_128_bit_hex,casual_weekend_chat
detector_pair__7596befebecb40c2085c3933__rankcloak,1,0.9997214674949646,deberta,leave_one_model__qwen2_5_7b_instruct_q4_k_m,validation,matched_clean_llm,dedup-cluster-17900f3eff20bb84e24fa1da,revision_v1_token_128_bit_hex_021,llama3_8b_instruct_q4_k_m,segmented_hex_single_topic,token_128_bit_hex,casual_weekend_chat
detector_pair__75b8906130bffcf000c98fdd__ordinary_control,0,0.000655078561976552,deberta,leave_one_model__qwen2_5_7b_instruct_q4_k_m,validation,matched_clean_llm,dedup-cluster-59f7511f5e7a9e62060c4324,revision_v1_uuid_v4_058,mistral_7b_instruct_v0_3_q4_k_m,nonseg_ascii_b16,uuid_v4,narrative_small_discovery
detector_pair__75b8906130bffcf000c98fdd__rankcloak,1,0.9994367957115173,deberta,leave_one_model__qwen2_5_7b_instruct_q4_k_m,validation,matched_clean_llm,dedup-cluster-59f7511f5e7a9e62060c4324,revision_v1_uuid_v4_058,mistral_7b_instruct_v0_3_q4_k_m,nonseg_ascii_b16,uuid_v4,narrative_small_discovery
detector_pair__764f4f37fffb9dd813bb3bbc__ordinary_control,0,0.0007754748803563416,deberta,leave_one_model__qwen2_5_7b_instruct_q4_k_m,validation,matched_clean_llm,dedup-cluster-a877ac9e15d9982c5f795957,revision_v1_sha256_hex_048,mistral_7b_instruct_v0_3_q4_k_m,segmented_hex_multi_topic,sha256_hex,forum_purchase_advice
detector_pair__764f4f37fffb9dd813bb3bbc__rankcloak,1,0.9997757077217102,deberta,leave_one_model__qwen2_5_7b_instruct_q4_k_m,validation,matched_clean_llm,dedup-cluster-a877ac9e15d9982c5f795957,revision_v1_sha256_hex_048,mistral_7b_instruct_v0_3_q4_k_m,segmented_hex_multi_topic,sha256_hex,forum_purchase_advice
detector_pair__766e00c741ecfd60ddbeb387__ordinary_control,0,0.001121139619499445,deberta,leave_one_model__qwen2_5_7b_instruct_q4_k_m,validation,matched_clean_llm,dedup-cluster-8372a615906d4a4146d45c75,revision_v1_aes256_gcm_base64_005,llama3_8b_instruct_q4_k_m,nonseg_ascii_b16,aes256_gcm_base64,narrative_learning_moment
detector_pair__766e00c741ecfd60ddbeb387__rankcloak,1,0.9970397353172302,deberta,leave_one_model__qwen2_5_7b_instruct_q4_k_m,validation,matched_clean_llm,dedup-cluster-8372a615906d4a4146d45c75,revision_v1_aes256_gcm_base64_005,llama3_8b_instruct_q4_k_m,nonseg_ascii_b16,aes256_gcm_base64,narrative_learning_moment
detector_pair__767a8452de8f827919afb3cc__ordinary_control,0,0.002956559881567955,deberta,leave_one_model__qwen2_5_7b_instruct_q4_k_m,validation,matched_clean_llm,dedup-cluster-a9a56840e2c7d4a59a486e62,revision_v1_nonce_96_bit_hex_025,llama3_8b_instruct_q4_k_m,segmented_hex_single_topic,nonce_96_bit_hex,procedure_simple_meal
detector_pair__767a8452de8f827919afb3cc__rankcloak,1,0.9993419051170349,deberta,leave_one_model__qwen2_5_7b_instruct_q4_k_m,validation,matched_clean_llm,dedup-cluster-a9a56840e2c7d4a59a486e62,revision_v1_nonce_96_bit_hex_025,llama3_8b_instruct_q4_k_m,segmented_hex_single_topic,nonce_96_bit_hex,procedure_simple_meal
detector_pair__767c70aea7c94d1dba664b60__ordinary_control,0,0.0010235118679702282,deberta,leave_one_model__qwen2_5_7b_instruct_q4_k_m,validation,matched_clean_llm,dedup-cluster-a877ac9e15d9982c5f795957,revision_v1_sha256_hex_048,llama3_8b_instruct_q4_k_m,nonseg_ascii_b16,sha256_hex,casual_neighborhood_chat
detector_pair__767c70aea7c94d1dba664b60__rankcloak,1,0.9876511096954346,deberta,leave_one_model__qwen2_5_7b_instruct_q4_k_m,validation,matched_clean_llm,dedup-cluster-a877ac9e15d9982c5f795957,revision_v1_sha256_hex_048,llama3_8b_instruct_q4_k_m,nonseg_ascii_b16,sha256_hex,casual_neighborhood_chat
detector_pair__76862be83de2972ed38ad2f8__ordinary_control,0,0.0012562882620841265,deberta,leave_one_model__qwen2_5_7b_instruct_q4_k_m,validation,matched_clean_llm,dedup-cluster-a877ac9e15d9982c5f795957,revision_v1_sha256_hex_048,mistral_7b_instruct_v0_3_q4_k_m,segmented_hex_single_topic,sha256_hex,forum_purchase_advice
detector_pair__76862be83de2972ed38ad2f8__rankcloak,1,0.3282659351825714,deberta,leave_one_model__qwen2_5_7b_instruct_q4_k_m,validation,matched_clean_llm,dedup-cluster-a877ac9e15d9982c5f795957,revision_v1_sha256_hex_048,mistral_7b_instruct_v0_3_q4_k_m,segmented_hex_single_topic,sha256_hex,forum_purchase_advice
detector_pair__769f7b5b62d7fa9f12204952__ordinary_control,0,0.00254960753954947,deberta,leave_one_model__qwen2_5_7b_instruct_q4_k_m,validation,matched_clean_llm,dedup-cluster-bced2ec523557c720d4ecf66,revision_v1_token_128_bit_hex_036,llama3_8b_instruct_q4_k_m,direct_subword_calgacus,token_128_bit_hex,procedure_simple_meal
detector_pair__769f7b5b62d7fa9f12204952__rankcloak,1,0.9991480112075806,deberta,leave_one_model__qwen2_5_7b_instruct_q4_k_m,validation,matched_clean_llm,dedup-cluster-bced2ec523557c720d4ecf66,revision_v1_token_128_bit_hex_036,llama3_8b_instruct_q4_k_m,direct_subword_calgacus,token_128_bit_hex,procedure_simple_meal
detector_pair__770c7bdc4a1f3f58c84d7db4__ordinary_control,0,0.0006521184695884585,deberta,leave_one_model__qwen2_5_7b_instruct_q4_k_m,validation,matched_clean_llm,dedup-cluster-c588a294c6263bec1e8ad56d,revision_v1_token_128_bit_hex_054,mistral_7b_instruct_v0_3_q4_k_m,nonseg_ascii_b16,token_128_bit_hex,explain_biological_process
detector_pair__770c7bdc4a1f3f58c84d7db4__rankcloak,1,0.9994605183601379,deberta,leave_one_model__qwen2_5_7b_instruct_q4_k_m,validation,matched_clean_llm,dedup-cluster-c588a294c6263bec1e8ad56d,revision_v1_token_128_bit_hex_054,mistral_7b_instruct_v0_3_q4_k_m,nonseg_ascii_b16,token_128_bit_hex,explain_biological_process
detector_pair__773cdde75f280743187aab09__ordinary_control,0,0.0018227614928036928,deberta,leave_one_model__qwen2_5_7b_instruct_q4_k_m,validation,matched_clean_llm,dedup-cluster-4c7d81d9bc771045be64324c,revision_v1_nonce_96_bit_hex_001,llama3_8b_instruct_q4_k_m,segmented_hex_single_topic,nonce_96_bit_hex,procedure_garden_task
detector_pair__773cdde75f280743187aab09__rankcloak,1,0.7768648862838745,deberta,leave_one_model__qwen2_5_7b_instruct_q4_k_m,validation,matched_clean_llm,dedup-cluster-4c7d81d9bc771045be64324c,revision_v1_nonce_96_bit_hex_001,llama3_8b_instruct_q4_k_m,segmented_hex_single_topic,nonce_96_bit_hex,procedure_garden_task
detector_pair__7741e12b6a80fd31bc0a2f61__ordinary_control,0,0.0005161406588740647,deberta,leave_one_model__qwen2_5_7b_instruct_q4_k_m,validation,matched_clean_llm,dedup-cluster-0de80089e8762fad04cb9524,revision_v1_ed25519_signature_base64_046,mistral_7b_instruct_v0_3_q4_k_m,nonseg_ascii_b8,ed25519_signature_base64,professional_schedule_note
detector_pair__7741e12b6a80fd31bc0a2f61__rankcloak,1,0.9988508224487305,deberta,leave_one_model__qwen2_5_7b_instruct_q4_k_m,validation,matched_clean_llm,dedup-cluster-0de80089e8762fad04cb9524,revision_v1_ed25519_signature_base64_046,mistral_7b_instruct_v0_3_q4_k_m,nonseg_ascii_b8,ed25519_signature_base64,professional_schedule_note
detector_pair__77fcc7cd6869d60d2176e1ed__ordinary_control,0,0.00042903292342089117,deberta,leave_one_model__qwen2_5_7b_instruct_q4_k_m,validation,matched_clean_llm,dedup-cluster-bced2ec523557c720d4ecf66,revision_v1_token_128_bit_hex_036,llama3_8b_instruct_q4_k_m,nonseg_ascii_b16,token_128_bit_hex,procedure_simple_meal
detector_pair__77fcc7cd6869d60d2176e1ed__rankcloak,1,0.9988920092582703,deberta,leave_one_model__qwen2_5_7b_instruct_q4_k_m,validation,matched_clean_llm,dedup-cluster-bced2ec523557c720d4ecf66,revision_v1_token_128_bit_hex_036,llama3_8b_instruct_q4_k_m,nonseg_ascii_b16,token_128_bit_hex,procedure_simple_meal
detector_pair__78428ab8aff7b79fcee90895__ordinary_control,0,0.0018684727838262916,deberta,leave_one_model__qwen2_5_7b_instruct_q4_k_m,validation,matched_clean_llm,dedup-cluster-725b5797405341915f74ba63,revision_v1_token_128_bit_hex_006,llama3_8b_instruct_q4_k_m,nonseg_ascii_b8,token_128_bit_hex,procedure_home_task
detector_pair__78428ab8aff7b79fcee90895__rankcloak,1,0.9857190251350403,deberta,leave_one_model__qwen2_5_7b_instruct_q4_k_m,validation,matched_clean_llm,dedup-cluster-725b5797405341915f74ba63,revision_v1_token_128_bit_hex_006,llama3_8b_instruct_q4_k_m,nonseg_ascii_b8,token_128_bit_hex,procedure_home_task
detector_pair__789ffea19598d73b826246e5__ordinary_control,0,0.0009125054348260164,deberta,leave_one_model__qwen2_5_7b_instruct_q4_k_m,validation,matched_clean_llm,dedup-cluster-087cbaaa2408a99991319532,revision_v1_uuid_v4_052,mistral_7b_instruct_v0_3_q4_k_m,nonseg_ascii_b16,uuid_v4,narrative_learning_moment
detector_pair__789ffea19598d73b826246e5__rankcloak,1,0.9909310340881348,deberta,leave_one_model__qwen2_5_7b_instruct_q4_k_m,validation,matched_clean_llm,dedup-cluster-087cbaaa2408a99991319532,revision_v1_uuid_v4_052,mistral_7b_instruct_v0_3_q4_k_m,nonseg_ascii_b16,uuid_v4,narrative_learning_moment
detector_pair__7a17874876e48e945b977902__ordinary_control,0,0.00028373533859848976,deberta,leave_one_model__qwen2_5_7b_instruct_q4_k_m,validation,matched_clean_llm,dedup-cluster-1e608c8c5860067de2774eaa,revision_v1_uuid_v4_008,llama3_8b_instruct_q4_k_m,direct_subword_calgacus,uuid_v4,casual_neighborhood_chat
detector_pair__7a17874876e48e945b977902__rankcloak,1,0.9912028312683105,deberta,leave_one_model__qwen2_5_7b_instruct_q4_k_m,validation,matched_clean_llm,dedup-cluster-1e608c8c5860067de2774eaa,revision_v1_uuid_v4_008,llama3_8b_instruct_q4_k_m,direct_subword_calgacus,uuid_v4,casual_neighborhood_chat
detector_pair__7a684d6aea83175e24364fe6__ordinary_control,0,0.0011467868462204933,deberta,leave_one_model__qwen2_5_7b_instruct_q4_k_m,validation,matched_clean_llm,dedup-cluster-d80c78b75330766130b70bf5,revision_v1_hmac_sha256_hex_030,mistral_7b_instruct_v0_3_q4_k_m,nonseg_ascii_b16,hmac_sha256_hex,procedure_garden_task
detector_pair__7a684d6aea83175e24364fe6__rankcloak,1,0.9996343851089478,deberta,leave_one_model__qwen2_5_7b_instruct_q4_k_m,validation,matched_clean_llm,dedup-cluster-d80c78b75330766130b70bf5,revision_v1_hmac_sha256_hex_030,mistral_7b_instruct_v0_3_q4_k_m,nonseg_ascii_b16,hmac_sha256_hex,procedure_garden_task
detector_pair__7a8d66f6a8bfef51582372fb__ordinary_control,0,0.001088980701752007,deberta,leave_one_model__qwen2_5_7b_instruct_q4_k_m,validation,matched_clean_llm,dedup-cluster-6011fbb5ee1115e93ddfe3e1,revision_v1_chacha20_poly1305_base64_047,llama3_8b_instruct_q4_k_m,direct_subword_calgacus,chacha20_poly1305_base64,explain_everyday_system
detector_pair__7a8d66f6a8bfef51582372fb__rankcloak,1,0.9997003078460693,deberta,leave_one_model__qwen2_5_7b_instruct_q4_k_m,validation,matched_clean_llm,dedup-cluster-6011fbb5ee1115e93ddfe3e1,revision_v1_chacha20_poly1305_base64_047,llama3_8b_instruct_q4_k_m,direct_subword_calgacus,chacha20_poly1305_base64,explain_everyday_system
detector_pair__7ab1fd0814387fafe58b5ec8__ordinary_control,0,0.0004846183001063764,deberta,leave_one_model__qwen2_5_7b_instruct_q4_k_m,validation,matched_clean_llm,dedup-cluster-0eb47bf23cdaa7b54a0335a2,revision_v1_token_128_bit_hex_055,llama3_8b_instruct_q4_k_m,nonseg_hex_nibble_b16,token_128_bit_hex,narrative_small_discovery
detector_pair__7ab1fd0814387fafe58b5ec8__rankcloak,1,0.9813516736030579,deberta,leave_one_model__qwen2_5_7b_instruct_q4_k_m,validation,matched_clean_llm,dedup-cluster-0eb47bf23cdaa7b54a0335a2,revision_v1_token_128_bit_hex_055,llama3_8b_instruct_q4_k_m,nonseg_hex_nibble_b16,token_128_bit_hex,narrative_small_discovery
detector_pair__7ab4f8da1ec7d5a45e7669f7__ordinary_control,0,0.0018274853937327862,deberta,leave_one_model__qwen2_5_7b_instruct_q4_k_m,validation,matched_clean_llm,dedup-cluster-a9a56840e2c7d4a59a486e62,revision_v1_nonce_96_bit_hex_025,mistral_7b_instruct_v0_3_q4_k_m,segmented_hex_multi_topic,nonce_96_bit_hex,explain_biological_process
detector_pair__7ab4f8da1ec7d5a45e7669f7__rankcloak,1,0.8985474705696106,deberta,leave_one_model__qwen2_5_7b_instruct_q4_k_m,validation,matched_clean_llm,dedup-cluster-a9a56840e2c7d4a59a486e62,revision_v1_nonce_96_bit_hex_025,mistral_7b_instruct_v0_3_q4_k_m,segmented_hex_multi_topic,nonce_96_bit_hex,explain_biological_process
detector_pair__7ab722fd0147bba77a93f034__ordinary_control,0,0.0021475222893059254,deberta,leave_one_model__qwen2_5_7b_instruct_q4_k_m,validation,matched_clean_llm,dedup-cluster-6ace02c4c66fff411127a281,revision_v1_token_128_bit_hex_012,mistral_7b_instruct_v0_3_q4_k_m,segmented_hex_multi_topic,token_128_bit_hex,explain_everyday_system
detector_pair__7ab722fd0147bba77a93f034__rankcloak,1,0.9196453094482422,deberta,leave_one_model__qwen2_5_7b_instruct_q4_k_m,validation,matched_clean_llm,dedup-cluster-6ace02c4c66fff411127a281,revision_v1_token_128_bit_hex_012,mistral_7b_instruct_v0_3_q4_k_m,segmented_hex_multi_topic,token_128_bit_hex,explain_everyday_system
detector_pair__7adfdfb38887662396a59c8d__ordinary_control,0,0.001343402313068509,deberta,leave_one_model__qwen2_5_7b_instruct_q4_k_m,validation,matched_clean_llm,dedup-cluster-1e608c8c5860067de2774eaa,revision_v1_uuid_v4_008,mistral_7b_instruct_v0_3_q4_k_m,direct_subword_calgacus,uuid_v4,forum_purchase_advice
detector_pair__7adfdfb38887662396a59c8d__rankcloak,1,0.9912357330322266,deberta,leave_one_model__qwen2_5_7b_instruct_q4_k_m,validation,matched_clean_llm,dedup-cluster-1e608c8c5860067de2774eaa,revision_v1_uuid_v4_008,mistral_7b_instruct_v0_3_q4_k_m,direct_subword_calgacus,uuid_v4,forum_purchase_advice
detector_pair__7aeba0a7f2e713f5453e9af1__ordinary_control,0,0.010525679215788841,deberta,leave_one_model__qwen2_5_7b_instruct_q4_k_m,validation,matched_clean_llm,dedup-cluster-60a1e2f88d4e40514869d20f,revision_v1_ed25519_signature_base64_051,llama3_8b_instruct_q4_k_m,nonseg_ascii_b16,ed25519_signature_base64,narrative_small_discovery
detector_pair__7aeba0a7f2e713f5453e9af1__rankcloak,1,0.9991514682769775,deberta,leave_one_model__qwen2_5_7b_instruct_q4_k_m,validation,matched_clean_llm,dedup-cluster-60a1e2f88d4e40514869d20f,revision_v1_ed25519_signature_base64_051,llama3_8b_instruct_q4_k_m,nonseg_ascii_b16,ed25519_signature_base64,narrative_small_discovery
detector_pair__7b0854a69bf0f451a45e252a__ordinary_control,0,0.0026386859826743603,deberta,leave_one_model__qwen2_5_7b_instruct_q4_k_m,validation,matched_clean_llm,dedup-cluster-68e08a4fc96aff3403abad93,revision_v1_nonce_96_bit_hex_031,llama3_8b_instruct_q4_k_m,segmented_hex_single_topic,nonce_96_bit_hex,procedure_home_task
detector_pair__7b0854a69bf0f451a45e252a__rankcloak,1,0.9632591605186462,deberta,leave_one_model__qwen2_5_7b_instruct_q4_k_m,validation,matched_clean_llm,dedup-cluster-68e08a4fc96aff3403abad93,revision_v1_nonce_96_bit_hex_031,llama3_8b_instruct_q4_k_m,segmented_hex_single_topic,nonce_96_bit_hex,procedure_home_task
detector_pair__7b29745e579c79daf0b561e4__ordinary_control,0,0.0003180844651069492,deberta,leave_one_model__qwen2_5_7b_instruct_q4_k_m,validation,matched_clean_llm,dedup-cluster-e39d52527261844e25cbad0b,revision_v1_uuid_v4_006,mistral_7b_instruct_v0_3_q4_k_m,direct_subword_calgacus,uuid_v4,casual_hobby_chat
detector_pair__7b29745e579c79daf0b561e4__rankcloak,1,0.5617187023162842,deberta,leave_one_model__qwen2_5_7b_instruct_q4_k_m,validation,matched_clean_llm,dedup-cluster-e39d52527261844e25cbad0b,revision_v1_uuid_v4_006,mistral_7b_instruct_v0_3_q4_k_m,direct_subword_calgacus,uuid_v4,casual_hobby_chat
detector_pair__7b2da8c80549c500026916ea__ordinary_control,0,0.001073536928743124,deberta,leave_one_model__qwen2_5_7b_instruct_q4_k_m,validation,matched_clean_llm,dedup-cluster-725b5797405341915f74ba63,revision_v1_token_128_bit_hex_006,llama3_8b_instruct_q4_k_m,nonseg_ascii_b16,token_128_bit_hex,procedure_home_task
detector_pair__7b2da8c80549c500026916ea__rankcloak,1,0.6880375742912292,deberta,leave_one_model__qwen2_5_7b_instruct_q4_k_m,validation,matched_clean_llm,dedup-cluster-725b5797405341915f74ba63,revision_v1_token_128_bit_hex_006,llama3_8b_instruct_q4_k_m,nonseg_ascii_b16,token_128_bit_hex,procedure_home_task
detector_pair__7b6b3d6e419009e445fc7e77__ordinary_control,0,0.0014587950427085161,deberta,leave_one_model__qwen2_5_7b_instruct_q4_k_m,validation,matched_clean_llm,dedup-cluster-2e7f1969791ae609498a9082,revision_v1_hmac_sha256_hex_020,mistral_7b_instruct_v0_3_q4_k_m,segmented_hex_single_topic,hmac_sha256_hex,explain_weather_pattern
detector_pair__7b6b3d6e419009e445fc7e77__rankcloak,1,0.752798855304718,deberta,leave_one_model__qwen2_5_7b_instruct_q4_k_m,validation,matched_clean_llm,dedup-cluster-2e7f1969791ae609498a9082,revision_v1_hmac_sha256_hex_020,mistral_7b_instruct_v0_3_q4_k_m,segmented_hex_single_topic,hmac_sha256_hex,explain_weather_pattern
detector_pair__7b824b4c43ad7916d0d4e2cf__ordinary_control,0,0.0018175666918978095,deberta,leave_one_model__qwen2_5_7b_instruct_q4_k_m,validation,matched_clean_llm,dedup-cluster-d028afde8d3446e776f3bdbf,revision_v1_hmac_sha256_hex_013,llama3_8b_instruct_q4_k_m,segmented_hex_single_topic,hmac_sha256_hex,forum_practical_answer
detector_pair__7b824b4c43ad7916d0d4e2cf__rankcloak,1,0.991880476474762,deberta,leave_one_model__qwen2_5_7b_instruct_q4_k_m,validation,matched_clean_llm,dedup-cluster-d028afde8d3446e776f3bdbf,revision_v1_hmac_sha256_hex_013,llama3_8b_instruct_q4_k_m,segmented_hex_single_topic,hmac_sha256_hex,forum_practical_answer
detector_pair__7b97ee74435a40a7640ad7a2__ordinary_control,0,0.0009505089838057756,deberta,leave_one_model__qwen2_5_7b_instruct_q4_k_m,validation,matched_clean_llm,dedup-cluster-53ddb375f906007b9492f105,revision_v1_sha256_hex_033,llama3_8b_instruct_q4_k_m,segmented_hex_multi_topic,sha256_hex,procedure_garden_task
detector_pair__7b97ee74435a40a7640ad7a2__rankcloak,1,0.9997252821922302,deberta,leave_one_model__qwen2_5_7b_instruct_q4_k_m,validation,matched_clean_llm,dedup-cluster-53ddb375f906007b9492f105,revision_v1_sha256_hex_033,llama3_8b_instruct_q4_k_m,segmented_hex_multi_topic,sha256_hex,procedure_garden_task
detector_pair__7bbdb10b488ed480f0284beb__ordinary_control,0,0.0008025480201467872,deberta,leave_one_model__qwen2_5_7b_instruct_q4_k_m,validation,matched_clean_llm,dedup-cluster-729f0f62c71d15bb8d8f7eff,revision_v1_token_128_bit_hex_004,mistral_7b_instruct_v0_3_q4_k_m,nonseg_hex_nibble_b16,token_128_bit_hex,procedure_garden_task
detector_pair__7bbdb10b488ed480f0284beb__rankcloak,1,0.9993805885314941,deberta,leave_one_model__qwen2_5_7b_instruct_q4_k_m,validation,matched_clean_llm,dedup-cluster-729f0f62c71d15bb8d8f7eff,revision_v1_token_128_bit_hex_004,mistral_7b_instruct_v0_3_q4_k_m,nonseg_hex_nibble_b16,token_128_bit_hex,procedure_garden_task
detector_pair__7bbf04306f726e589855b00b__ordinary_control,0,0.0018182573840022087,deberta,leave_one_model__qwen2_5_7b_instruct_q4_k_m,validation,matched_clean_llm,dedup-cluster-631342e4862923cce8d3242b,revision_v1_sha256_hex_029,llama3_8b_instruct_q4_k_m,nonseg_ascii_b16,sha256_hex,explain_everyday_system
detector_pair__7bbf04306f726e589855b00b__rankcloak,1,0.9191308617591858,deberta,leave_one_model__qwen2_5_7b_instruct_q4_k_m,validation,matched_clean_llm,dedup-cluster-631342e4862923cce8d3242b,revision_v1_sha256_hex_029,llama3_8b_instruct_q4_k_m,nonseg_ascii_b16,sha256_hex,explain_everyday_system
detector_pair__7c479bb49b07d4709dafb670__ordinary_control,0,0.0007583195110782981,deberta,leave_one_model__qwen2_5_7b_instruct_q4_k_m,validation,matched_clean_llm,dedup-cluster-1658921bbd26cede8f32a38a,revision_v1_ed25519_signature_base64_033,llama3_8b_instruct_q4_k_m,nonseg_ascii_b16,ed25519_signature_base64,narrative_small_discovery
detector_pair__7c479bb49b07d4709dafb670__rankcloak,1,0.9995396137237549,deberta,leave_one_model__qwen2_5_7b_instruct_q4_k_m,validation,matched_clean_llm,dedup-cluster-1658921bbd26cede8f32a38a,revision_v1_ed25519_signature_base64_033,llama3_8b_instruct_q4_k_m,nonseg_ascii_b16,ed25519_signature_base64,narrative_small_discovery
detector_pair__7c7fc3450713f5398de6a28e__ordinary_control,0,0.0020451457239687443,deberta,leave_one_model__qwen2_5_7b_instruct_q4_k_m,validation,matched_clean_llm,dedup-cluster-725b5797405341915f74ba63,revision_v1_token_128_bit_hex_006,llama3_8b_instruct_q4_k_m,segmented_hex_single_topic,token_128_bit_hex,procedure_home_task
detector_pair__7c7fc3450713f5398de6a28e__rankcloak,1,0.9010376930236816,deberta,leave_one_model__qwen2_5_7b_instruct_q4_k_m,validation,matched_clean_llm,dedup-cluster-725b5797405341915f74ba63,revision_v1_token_128_bit_hex_006,llama3_8b_instruct_q4_k_m,segmented_hex_single_topic,token_128_bit_hex,procedure_home_task
detector_pair__7ca7122e9317fbc60c371896__ordinary_control,0,0.0009212440927512944,deberta,leave_one_model__qwen2_5_7b_instruct_q4_k_m,validation,matched_clean_llm,dedup-cluster-bc86fac7c4db3068f8c80ad3,revision_v1_chacha20_poly1305_base64_048,llama3_8b_instruct_q4_k_m,nonseg_ascii_b8,chacha20_poly1305_base64,casual_neighborhood_chat
detector_pair__7ca7122e9317fbc60c371896__rankcloak,1,0.9988002777099609,deberta,leave_one_model__qwen2_5_7b_instruct_q4_k_m,validation,matched_clean_llm,dedup-cluster-bc86fac7c4db3068f8c80ad3,revision_v1_chacha20_poly1305_base64_048,llama3_8b_instruct_q4_k_m,nonseg_ascii_b8,chacha20_poly1305_base64,casual_neighborhood_chat
detector_pair__7cba500922e96a0e61d150ef__ordinary_control,0,0.0018554122652858496,deberta,leave_one_model__qwen2_5_7b_instruct_q4_k_m,validation,matched_clean_llm,dedup-cluster-a1abcb49aa12280f617295a6,revision_v1_sha256_hex_034,llama3_8b_instruct_q4_k_m,segmented_hex_multi_topic,sha256_hex,narrative_learning_moment
detector_pair__7cba500922e96a0e61d150ef__rankcloak,1,0.004993397276848555,deberta,leave_one_model__qwen2_5_7b_instruct_q4_k_m,validation,matched_clean_llm,dedup-cluster-a1abcb49aa12280f617295a6,revision_v1_sha256_hex_034,llama3_8b_instruct_q4_k_m,segmented_hex_multi_topic,sha256_hex,narrative_learning_moment
detector_pair__7cede9554b8ae6d50f71a157__ordinary_control,0,0.0012121200561523438,deberta,leave_one_model__qwen2_5_7b_instruct_q4_k_m,validation,matched_clean_llm,dedup-cluster-a2b2305f32aed49b82a74ffb,revision_v1_chacha20_poly1305_base64_051,mistral_7b_instruct_v0_3_q4_k_m,nonseg_ascii_b16,chacha20_poly1305_base64,explain_everyday_system
detector_pair__7cede9554b8ae6d50f71a157__rankcloak,1,0.9996607303619385,deberta,leave_one_model__qwen2_5_7b_instruct_q4_k_m,validation,matched_clean_llm,dedup-cluster-a2b2305f32aed49b82a74ffb,revision_v1_chacha20_poly1305_base64_051,mistral_7b_instruct_v0_3_q4_k_m,nonseg_ascii_b16,chacha20_poly1305_base64,explain_everyday_system
detector_pair__7d32fe4a4d171a35cec38e44__ordinary_control,0,0.0006322212284430861,deberta,leave_one_model__qwen2_5_7b_instruct_q4_k_m,validation,matched_clean_llm,dedup-cluster-a48caa544001e5d183a57eea,revision_v1_nonce_96_bit_hex_049,mistral_7b_instruct_v0_3_q4_k_m,nonseg_hex_nibble_b16,nonce_96_bit_hex,explain_weather_pattern
detector_pair__7d32fe4a4d171a35cec38e44__rankcloak,1,0.9995598196983337,deberta,leave_one_model__qwen2_5_7b_instruct_q4_k_m,validation,matched_clean_llm,dedup-cluster-a48caa544001e5d183a57eea,revision_v1_nonce_96_bit_hex_049,mistral_7b_instruct_v0_3_q4_k_m,nonseg_hex_nibble_b16,nonce_96_bit_hex,explain_weather_pattern
detector_pair__7d76d78e86975491d97f6a64__ordinary_control,0,0.0005841146921738982,deberta,leave_one_model__qwen2_5_7b_instruct_q4_k_m,validation,matched_clean_llm,dedup-cluster-ead69251c7d45a2f2e36dc76,revision_v1_ed25519_signature_base64_004,llama3_8b_instruct_q4_k_m,direct_subword_calgacus,ed25519_signature_base64,explain_everyday_system
detector_pair__7d76d78e86975491d97f6a64__rankcloak,1,0.9998127818107605,deberta,leave_one_model__qwen2_5_7b_instruct_q4_k_m,validation,matched_clean_llm,dedup-cluster-ead69251c7d45a2f2e36dc76,revision_v1_ed25519_signature_base64_004,llama3_8b_instruct_q4_k_m,direct_subword_calgacus,ed25519_signature_base64,explain_everyday_system
detector_pair__7d93819d8dc73b79ba3ee669__ordinary_control,0,0.0021857095416635275,deberta,leave_one_model__qwen2_5_7b_instruct_q4_k_m,validation,matched_clean_llm,dedup-cluster-a877ac9e15d9982c5f795957,revision_v1_sha256_hex_048,mistral_7b_instruct_v0_3_q4_k_m,direct_subword_calgacus,sha256_hex,forum_purchase_advice
detector_pair__7d93819d8dc73b79ba3ee669__rankcloak,1,0.9991402626037598,deberta,leave_one_model__qwen2_5_7b_instruct_q4_k_m,validation,matched_clean_llm,dedup-cluster-a877ac9e15d9982c5f795957,revision_v1_sha256_hex_048,mistral_7b_instruct_v0_3_q4_k_m,direct_subword_calgacus,sha256_hex,forum_purchase_advice
detector_pair__7d9c1dc2850a25324c050758__ordinary_control,0,0.000766644487157464,deberta,leave_one_model__qwen2_5_7b_instruct_q4_k_m,validation,matched_clean_llm,dedup-cluster-d028afde8d3446e776f3bdbf,revision_v1_hmac_sha256_hex_013,llama3_8b_instruct_q4_k_m,nonseg_hex_nibble_b16,hmac_sha256_hex,forum_practical_answer
detector_pair__7d9c1dc2850a25324c050758__rankcloak,1,0.982566773891449,deberta,leave_one_model__qwen2_5_7b_instruct_q4_k_m,validation,matched_clean_llm,dedup-cluster-d028afde8d3446e776f3bdbf,revision_v1_hmac_sha256_hex_013,llama3_8b_instruct_q4_k_m,nonseg_hex_nibble_b16,hmac_sha256_hex,forum_practical_answer
detector_pair__7daf59f012815b9103224108__ordinary_control,0,0.0004970485460944474,deberta,leave_one_model__qwen2_5_7b_instruct_q4_k_m,validation,matched_clean_llm,dedup-cluster-725b5797405341915f74ba63,revision_v1_token_128_bit_hex_006,mistral_7b_instruct_v0_3_q4_k_m,segmented_hex_single_topic,token_128_bit_hex,explain_weather_pattern
detector_pair__7daf59f012815b9103224108__rankcloak,1,0.999688982963562,deberta,leave_one_model__qwen2_5_7b_instruct_q4_k_m,validation,matched_clean_llm,dedup-cluster-725b5797405341915f74ba63,revision_v1_token_128_bit_hex_006,mistral_7b_instruct_v0_3_q4_k_m,segmented_hex_single_topic,token_128_bit_hex,explain_weather_pattern
detector_pair__7e1399557dbf1677a265eae2__ordinary_control,0,0.0004848252865485847,deberta,leave_one_model__qwen2_5_7b_instruct_q4_k_m,validation,matched_clean_llm,dedup-cluster-982d753609ba3daf81c7d866,revision_v1_sha256_hex_046,llama3_8b_instruct_q4_k_m,segmented_hex_single_topic,sha256_hex,narrative_local_walk
detector_pair__7e1399557dbf1677a265eae2__rankcloak,1,0.9997113347053528,deberta,leave_one_model__qwen2_5_7b_instruct_q4_k_m,validation,matched_clean_llm,dedup-cluster-982d753609ba3daf81c7d866,revision_v1_sha256_hex_046,llama3_8b_instruct_q4_k_m,segmented_hex_single_topic,sha256_hex,narrative_local_walk
detector_pair__7e3a5d392978bf0ddb3ee2fa__ordinary_control,0,0.00046596379252150655,deberta,leave_one_model__qwen2_5_7b_instruct_q4_k_m,validation,matched_clean_llm,dedup-cluster-e303bfe023e32c25389ebaf9,revision_v1_token_128_bit_hex_057,mistral_7b_instruct_v0_3_q4_k_m,direct_subword_calgacus,token_128_bit_hex,forum_learning_answer
detector_pair__7e3a5d392978bf0ddb3ee2fa__rankcloak,1,0.9597316980361938,deberta,leave_one_model__qwen2_5_7b_instruct_q4_k_m,validation,matched_clean_llm,dedup-cluster-e303bfe023e32c25389ebaf9,revision_v1_token_128_bit_hex_057,mistral_7b_instruct_v0_3_q4_k_m,direct_subword_calgacus,token_128_bit_hex,forum_learning_answer
detector_pair__7e88760d3f320d87e75f2295__ordinary_control,0,0.0016413540579378605,deberta,leave_one_model__qwen2_5_7b_instruct_q4_k_m,validation,matched_clean_llm,dedup-cluster-7b810f2afbcabc7ee462bff7,revision_v1_nonce_96_bit_hex_023,mistral_7b_instruct_v0_3_q4_k_m,nonseg_ascii_b16,nonce_96_bit_hex,procedure_home_task
detector_pair__7e88760d3f320d87e75f2295__rankcloak,1,0.9992103576660156,deberta,leave_one_model__qwen2_5_7b_instruct_q4_k_m,validation,matched_clean_llm,dedup-cluster-7b810f2afbcabc7ee462bff7,revision_v1_nonce_96_bit_hex_023,mistral_7b_instruct_v0_3_q4_k_m,nonseg_ascii_b16,nonce_96_bit_hex,procedure_home_task
detector_pair__7ec8899964c29cb832f926d5__ordinary_control,0,0.000738058122806251,deberta,leave_one_model__qwen2_5_7b_instruct_q4_k_m,validation,matched_clean_llm,dedup-cluster-9b8e2659fd534e6fb2b81afc,revision_v1_ed25519_signature_base64_027,llama3_8b_instruct_q4_k_m,direct_subword_calgacus,ed25519_signature_base64,narrative_learning_moment
detector_pair__7ec8899964c29cb832f926d5__rankcloak,1,0.9997391104698181,deberta,leave_one_model__qwen2_5_7b_instruct_q4_k_m,validation,matched_clean_llm,dedup-cluster-9b8e2659fd534e6fb2b81afc,revision_v1_ed25519_signature_base64_027,llama3_8b_instruct_q4_k_m,direct_subword_calgacus,ed25519_signature_base64,narrative_learning_moment
detector_pair__7f06559be229c19769112620__ordinary_control,0,0.0005328473052941263,deberta,leave_one_model__qwen2_5_7b_instruct_q4_k_m,validation,matched_clean_llm,dedup-cluster-6ace02c4c66fff411127a281,revision_v1_token_128_bit_hex_012,mistral_7b_instruct_v0_3_q4_k_m,segmented_hex_single_topic,token_128_bit_hex,explain_everyday_system
detector_pair__7f06559be229c19769112620__rankcloak,1,0.9989277720451355,deberta,leave_one_model__qwen2_5_7b_instruct_q4_k_m,validation,matched_clean_llm,dedup-cluster-6ace02c4c66fff411127a281,revision_v1_token_128_bit_hex_012,mistral_7b_instruct_v0_3_q4_k_m,segmented_hex_single_topic,token_128_bit_hex,explain_everyday_system
detector_pair__7f5e57d5a8d232d75cca5660__ordinary_control,0,0.0013431303668767214,deberta,leave_one_model__qwen2_5_7b_instruct_q4_k_m,validation,matched_clean_llm,dedup-cluster-e8b46972e25b5d16f253b139,revision_v1_nonce_96_bit_hex_005,llama3_8b_instruct_q4_k_m,segmented_hex_multi_topic,nonce_96_bit_hex,professional_process_email
detector_pair__7f5e57d5a8d232d75cca5660__rankcloak,1,0.5718487501144409,deberta,leave_one_model__qwen2_5_7b_instruct_q4_k_m,validation,matched_clean_llm,dedup-cluster-e8b46972e25b5d16f253b139,revision_v1_nonce_96_bit_hex_005,llama3_8b_instruct_q4_k_m,segmented_hex_multi_topic,nonce_96_bit_hex,professional_process_email
detector_pair__7fb90aa5302a4452bb56634c__ordinary_control,0,0.0009512804099358618,deberta,leave_one_model__qwen2_5_7b_instruct_q4_k_m,validation,matched_clean_llm,dedup-cluster-edb6b099f1dff5a3bddeca8c,revision_v1_sha256_hex_012,mistral_7b_instruct_v0_3_q4_k_m,segmented_hex_multi_topic,sha256_hex,forum_purchase_advice
detector_pair__7fb90aa5302a4452bb56634c__rankcloak,1,0.9997498393058777,deberta,leave_one_model__qwen2_5_7b_instruct_q4_k_m,validation,matched_clean_llm,dedup-cluster-edb6b099f1dff5a3bddeca8c,revision_v1_sha256_hex_012,mistral_7b_instruct_v0_3_q4_k_m,segmented_hex_multi_topic,sha256_hex,forum_purchase_advice
detector_pair__7fc7583ef54f19976af5e220__ordinary_control,0,0.0008256625733338296,deberta,leave_one_model__qwen2_5_7b_instruct_q4_k_m,validation,matched_clean_llm,dedup-cluster-37d4a9d7e9509ca2f58035f8,revision_v1_hmac_sha256_hex_022,mistral_7b_instruct_v0_3_q4_k_m,segmented_hex_multi_topic,hmac_sha256_hex,professional_project_update
detector_pair__7fc7583ef54f19976af5e220__rankcloak,1,0.9997044205665588,deberta,leave_one_model__qwen2_5_7b_instruct_q4_k_m,validation,matched_clean_llm,dedup-cluster-37d4a9d7e9509ca2f58035f8,revision_v1_hmac_sha256_hex_022,mistral_7b_instruct_v0_3_q4_k_m,segmented_hex_multi_topic,hmac_sha256_hex,professional_project_update
detector_pair__8063f2e405397799167ca322__ordinary_control,0,0.001050556544214487,deberta,leave_one_model__qwen2_5_7b_instruct_q4_k_m,validation,matched_clean_llm,dedup-cluster-064db5ffad9ed683b6e0fdbd,revision_v1_sha256_hex_035,llama3_8b_instruct_q4_k_m,direct_subword_calgacus,sha256_hex,explain_biological_process
detector_pair__8063f2e405397799167ca322__rankcloak,1,0.9987723231315613,deberta,leave_one_model__qwen2_5_7b_instruct_q4_k_m,validation,matched_clean_llm,dedup-cluster-064db5ffad9ed683b6e0fdbd,revision_v1_sha256_hex_035,llama3_8b_instruct_q4_k_m,direct_subword_calgacus,sha256_hex,explain_biological_process
detector_pair__8094bb02dd86e331ab428e7e__ordinary_control,0,0.017116280272603035,deberta,leave_one_model__qwen2_5_7b_instruct_q4_k_m,validation,matched_clean_llm,dedup-cluster-357353b9c6b8da3922f5c452,revision_v1_ed25519_signature_base64_025,llama3_8b_instruct_q4_k_m,nonseg_ascii_b8,ed25519_signature_base64,forum_learning_answer
detector_pair__8094bb02dd86e331ab428e7e__rankcloak,1,0.9964195489883423,deberta,leave_one_model__qwen2_5_7b_instruct_q4_k_m,validation,matched_clean_llm,dedup-cluster-357353b9c6b8da3922f5c452,revision_v1_ed25519_signature_base64_025,llama3_8b_instruct_q4_k_m,nonseg_ascii_b8,ed25519_signature_base64,forum_learning_answer
detector_pair__80adff4ea822e030daabcdcd__ordinary_control,0,0.0003226493136025965,deberta,leave_one_model__qwen2_5_7b_instruct_q4_k_m,validation,matched_clean_llm,dedup-cluster-1d730332b470450b93b8b767,revision_v1_hmac_sha256_hex_006,mistral_7b_instruct_v0_3_q4_k_m,nonseg_hex_nibble_b16,hmac_sha256_hex,procedure_home_task
detector_pair__80adff4ea822e030daabcdcd__rankcloak,1,0.9926927089691162,deberta,leave_one_model__qwen2_5_7b_instruct_q4_k_m,validation,matched_clean_llm,dedup-cluster-1d730332b470450b93b8b767,revision_v1_hmac_sha256_hex_006,mistral_7b_instruct_v0_3_q4_k_m,nonseg_hex_nibble_b16,hmac_sha256_hex,procedure_home_task
detector_pair__80d16e851dd6c829435a61cd__ordinary_control,0,0.0005935559747740626,deberta,leave_one_model__qwen2_5_7b_instruct_q4_k_m,validation,matched_clean_llm,dedup-cluster-6011fbb5ee1115e93ddfe3e1,revision_v1_chacha20_poly1305_base64_047,mistral_7b_instruct_v0_3_q4_k_m,direct_subword_calgacus,chacha20_poly1305_base64,professional_project_update
detector_pair__80d16e851dd6c829435a61cd__rankcloak,1,0.9998010993003845,deberta,leave_one_model__qwen2_5_7b_instruct_q4_k_m,validation,matched_clean_llm,dedup-cluster-6011fbb5ee1115e93ddfe3e1,revision_v1_chacha20_poly1305_base64_047,mistral_7b_instruct_v0_3_q4_k_m,direct_subword_calgacus,chacha20_poly1305_base64,professional_project_update
detector_pair__80d38980e351843b476d5e56__ordinary_control,0,0.0024830230977386236,deberta,leave_one_model__qwen2_5_7b_instruct_q4_k_m,validation,matched_clean_llm,dedup-cluster-37d4a9d7e9509ca2f58035f8,revision_v1_hmac_sha256_hex_022,mistral_7b_instruct_v0_3_q4_k_m,segmented_hex_multi_topic,hmac_sha256_hex,professional_project_update
detector_pair__80d38980e351843b476d5e56__rankcloak,1,0.9991115927696228,deberta,leave_one_model__qwen2_5_7b_instruct_q4_k_m,validation,matched_clean_llm,dedup-cluster-37d4a9d7e9509ca2f58035f8,revision_v1_hmac_sha256_hex_022,mistral_7b_instruct_v0_3_q4_k_m,segmented_hex_multi_topic,hmac_sha256_hex,professional_project_update
detector_pair__8114b23ef870f1519a8f1f97__ordinary_control,0,0.0017022499814629555,deberta,leave_one_model__qwen2_5_7b_instruct_q4_k_m,validation,matched_clean_llm,dedup-cluster-cb374f9ca23dfd168fe55742,revision_v1_hmac_sha256_hex_055,llama3_8b_instruct_q4_k_m,segmented_hex_multi_topic,hmac_sha256_hex,forum_purchase_advice
detector_pair__8114b23ef870f1519a8f1f97__rankcloak,1,0.9939451813697815,deberta,leave_one_model__qwen2_5_7b_instruct_q4_k_m,validation,matched_clean_llm,dedup-cluster-cb374f9ca23dfd168fe55742,revision_v1_hmac_sha256_hex_055,llama3_8b_instruct_q4_k_m,segmented_hex_multi_topic,hmac_sha256_hex,forum_purchase_advice
detector_pair__8154c2ce7ad90d6303baa22a__ordinary_control,0,0.0011543395230546594,deberta,leave_one_model__qwen2_5_7b_instruct_q4_k_m,validation,matched_clean_llm,dedup-cluster-a877ac9e15d9982c5f795957,revision_v1_sha256_hex_048,mistral_7b_instruct_v0_3_q4_k_m,nonseg_hex_nibble_b16,sha256_hex,forum_purchase_advice
detector_pair__8154c2ce7ad90d6303baa22a__rankcloak,1,0.9940391778945923,deberta,leave_one_model__qwen2_5_7b_instruct_q4_k_m,validation,matched_clean_llm,dedup-cluster-a877ac9e15d9982c5f795957,revision_v1_sha256_hex_048,mistral_7b_instruct_v0_3_q4_k_m,nonseg_hex_nibble_b16,sha256_hex,forum_purchase_advice
detector_pair__8269e37a46c719f4e1fa9d7a__ordinary_control,0,0.00042980254511348903,deberta,leave_one_model__qwen2_5_7b_instruct_q4_k_m,validation,matched_clean_llm,dedup-cluster-17900f3eff20bb84e24fa1da,revision_v1_token_128_bit_hex_021,llama3_8b_instruct_q4_k_m,segmented_hex_multi_topic,token_128_bit_hex,casual_weekend_chat
detector_pair__8269e37a46c719f4e1fa9d7a__rankcloak,1,0.9975647926330566,deberta,leave_one_model__qwen2_5_7b_instruct_q4_k_m,validation,matched_clean_llm,dedup-cluster-17900f3eff20bb84e24fa1da,revision_v1_token_128_bit_hex_021,llama3_8b_instruct_q4_k_m,segmented_hex_multi_topic,token_128_bit_hex,casual_weekend_chat
detector_pair__826e916161bd6c0be6996475__ordinary_control,0,0.0002886202128138393,deberta,leave_one_model__qwen2_5_7b_instruct_q4_k_m,validation,matched_clean_llm,dedup-cluster-0eb47bf23cdaa7b54a0335a2,revision_v1_token_128_bit_hex_055,mistral_7b_instruct_v0_3_q4_k_m,nonseg_ascii_b8,token_128_bit_hex,casual_neighborhood_chat
detector_pair__826e916161bd6c0be6996475__rankcloak,1,0.8868532180786133,deberta,leave_one_model__qwen2_5_7b_instruct_q4_k_m,validation,matched_clean_llm,dedup-cluster-0eb47bf23cdaa7b54a0335a2,revision_v1_token_128_bit_hex_055,mistral_7b_instruct_v0_3_q4_k_m,nonseg_ascii_b8,token_128_bit_hex,casual_neighborhood_chat
detector_pair__8274e5c46952394ad4c8ddef__ordinary_control,0,0.001447211718186736,deberta,leave_one_model__qwen2_5_7b_instruct_q4_k_m,validation,matched_clean_llm,dedup-cluster-bced2ec523557c720d4ecf66,revision_v1_token_128_bit_hex_036,llama3_8b_instruct_q4_k_m,nonseg_hex_nibble_b16,token_128_bit_hex,procedure_simple_meal
detector_pair__8274e5c46952394ad4c8ddef__rankcloak,1,0.9967238306999207,deberta,leave_one_model__qwen2_5_7b_instruct_q4_k_m,validation,matched_clean_llm,dedup-cluster-bced2ec523557c720d4ecf66,revision_v1_token_128_bit_hex_036,llama3_8b_instruct_q4_k_m,nonseg_hex_nibble_b16,token_128_bit_hex,procedure_simple_meal
detector_pair__8306c5d04322a2504e01354a__ordinary_control,0,0.0014605213655158877,deberta,leave_one_model__qwen2_5_7b_instruct_q4_k_m,validation,matched_clean_llm,dedup-cluster-5650c0ad5d795f7721100b4c,revision_v1_uuid_v4_024,llama3_8b_instruct_q4_k_m,direct_subword_calgacus,uuid_v4,narrative_learning_moment
detector_pair__8306c5d04322a2504e01354a__rankcloak,1,0.7666715979576111,deberta,leave_one_model__qwen2_5_7b_instruct_q4_k_m,validation,matched_clean_llm,dedup-cluster-5650c0ad5d795f7721100b4c,revision_v1_uuid_v4_024,llama3_8b_instruct_q4_k_m,direct_subword_calgacus,uuid_v4,narrative_learning_moment
detector_pair__84da1d5dc069ebdcb1fcb5de__ordinary_control,0,0.0016361995367333293,deberta,leave_one_model__qwen2_5_7b_instruct_q4_k_m,validation,matched_clean_llm,dedup-cluster-2e2ec68963e479ffd3172011,revision_v1_ed25519_signature_base64_005,llama3_8b_instruct_q4_k_m,direct_subword_calgacus,ed25519_signature_base64,casual_hobby_chat
detector_pair__84da1d5dc069ebdcb1fcb5de__rankcloak,1,0.9997486472129822,deberta,leave_one_model__qwen2_5_7b_instruct_q4_k_m,validation,matched_clean_llm,dedup-cluster-2e2ec68963e479ffd3172011,revision_v1_ed25519_signature_base64_005,llama3_8b_instruct_q4_k_m,direct_subword_calgacus,ed25519_signature_base64,casual_hobby_chat
detector_pair__84e46a55fb7662a2121a5c21__ordinary_control,0,0.0005798849742859602,deberta,leave_one_model__qwen2_5_7b_instruct_q4_k_m,validation,matched_clean_llm,dedup-cluster-357353b9c6b8da3922f5c452,revision_v1_ed25519_signature_base64_025,mistral_7b_instruct_v0_3_q4_k_m,direct_subword_calgacus,ed25519_signature_base64,narrative_local_walk
detector_pair__84e46a55fb7662a2121a5c21__rankcloak,1,0.9996114373207092,deberta,leave_one_model__qwen2_5_7b_instruct_q4_k_m,validation,matched_clean_llm,dedup-cluster-357353b9c6b8da3922f5c452,revision_v1_ed25519_signature_base64_025,mistral_7b_instruct_v0_3_q4_k_m,direct_subword_calgacus,ed25519_signature_base64,narrative_local_walk
detector_pair__84e7f3ceeeedbffe5c646018__ordinary_control,0,0.0003377758839633316,deberta,leave_one_model__qwen2_5_7b_instruct_q4_k_m,validation,matched_clean_llm,dedup-cluster-982d753609ba3daf81c7d866,revision_v1_sha256_hex_046,mistral_7b_instruct_v0_3_q4_k_m,segmented_hex_single_topic,sha256_hex,casual_weekend_chat
detector_pair__84e7f3ceeeedbffe5c646018__rankcloak,1,0.9974537491798401,deberta,leave_one_model__qwen2_5_7b_instruct_q4_k_m,validation,matched_clean_llm,dedup-cluster-982d753609ba3daf81c7d866,revision_v1_sha256_hex_046,mistral_7b_instruct_v0_3_q4_k_m,segmented_hex_single_topic,sha256_hex,casual_weekend_chat
detector_pair__850c0037ffeef0ef6edbc7c2__ordinary_control,0,0.00035913765896111727,deberta,leave_one_model__qwen2_5_7b_instruct_q4_k_m,validation,matched_clean_llm,dedup-cluster-0de80089e8762fad04cb9524,revision_v1_ed25519_signature_base64_046,mistral_7b_instruct_v0_3_q4_k_m,nonseg_ascii_b16,ed25519_signature_base64,professional_schedule_note
detector_pair__850c0037ffeef0ef6edbc7c2__rankcloak,1,0.9993929862976074,deberta,leave_one_model__qwen2_5_7b_instruct_q4_k_m,validation,matched_clean_llm,dedup-cluster-0de80089e8762fad04cb9524,revision_v1_ed25519_signature_base64_046,mistral_7b_instruct_v0_3_q4_k_m,nonseg_ascii_b16,ed25519_signature_base64,professional_schedule_note
detector_pair__854707ca94d1acf56a760b73__ordinary_control,0,0.00046608239063061774,deberta,leave_one_model__qwen2_5_7b_instruct_q4_k_m,validation,matched_clean_llm,dedup-cluster-6ce30f9a3e80626084969f2a,revision_v1_ed25519_signature_base64_043,mistral_7b_instruct_v0_3_q4_k_m,direct_subword_calgacus,ed25519_signature_base64,narrative_local_walk
detector_pair__854707ca94d1acf56a760b73__rankcloak,1,0.9997125267982483,deberta,leave_one_model__qwen2_5_7b_instruct_q4_k_m,validation,matched_clean_llm,dedup-cluster-6ce30f9a3e80626084969f2a,revision_v1_ed25519_signature_base64_043,mistral_7b_instruct_v0_3_q4_k_m,direct_subword_calgacus,ed25519_signature_base64,narrative_local_walk
detector_pair__85629487616a9b1028649eef__ordinary_control,0,0.0006446948973461986,deberta,leave_one_model__qwen2_5_7b_instruct_q4_k_m,validation,matched_clean_llm,dedup-cluster-484bc3854d49e18198bd3802,revision_v1_hmac_sha256_hex_050,mistral_7b_instruct_v0_3_q4_k_m,nonseg_hex_nibble_b16,hmac_sha256_hex,explain_biological_process
detector_pair__85629487616a9b1028649eef__rankcloak,1,0.9996910095214844,deberta,leave_one_model__qwen2_5_7b_instruct_q4_k_m,validation,matched_clean_llm,dedup-cluster-484bc3854d49e18198bd3802,revision_v1_hmac_sha256_hex_050,mistral_7b_instruct_v0_3_q4_k_m,nonseg_hex_nibble_b16,hmac_sha256_hex,explain_biological_process
detector_pair__856bf471ec590594a32a9d3e__ordinary_control,0,0.0004768335202243179,deberta,leave_one_model__qwen2_5_7b_instruct_q4_k_m,validation,matched_clean_llm,dedup-cluster-68e08a4fc96aff3403abad93,revision_v1_nonce_96_bit_hex_031,llama3_8b_instruct_q4_k_m,nonseg_hex_nibble_b16,nonce_96_bit_hex,procedure_home_task
detector_pair__856bf471ec590594a32a9d3e__rankcloak,1,0.7403885126113892,deberta,leave_one_model__qwen2_5_7b_instruct_q4_k_m,validation,matched_clean_llm,dedup-cluster-68e08a4fc96aff3403abad93,revision_v1_nonce_96_bit_hex_031,llama3_8b_instruct_q4_k_m,nonseg_hex_nibble_b16,nonce_96_bit_hex,procedure_home_task
detector_pair__8593fdd19bf06d3f3137c926__ordinary_control,0,0.00041618230170570314,deberta,leave_one_model__qwen2_5_7b_instruct_q4_k_m,validation,matched_clean_llm,dedup-cluster-6ace02c4c66fff411127a281,revision_v1_token_128_bit_hex_012,mistral_7b_instruct_v0_3_q4_k_m,direct_subword_calgacus,token_128_bit_hex,explain_everyday_system
detector_pair__8593fdd19bf06d3f3137c926__rankcloak,1,0.9984543323516846,deberta,leave_one_model__qwen2_5_7b_instruct_q4_k_m,validation,matched_clean_llm,dedup-cluster-6ace02c4c66fff411127a281,revision_v1_token_128_bit_hex_012,mistral_7b_instruct_v0_3_q4_k_m,direct_subword_calgacus,token_128_bit_hex,explain_everyday_system
detector_pair__859cc468ba0774c7cb329b3e__ordinary_control,0,0.00029309021192602813,deberta,leave_one_model__qwen2_5_7b_instruct_q4_k_m,validation,matched_clean_llm,dedup-cluster-982d753609ba3daf81c7d866,revision_v1_sha256_hex_046,mistral_7b_instruct_v0_3_q4_k_m,direct_subword_calgacus,sha256_hex,casual_weekend_chat
detector_pair__859cc468ba0774c7cb329b3e__rankcloak,1,0.9995414018630981,deberta,leave_one_model__qwen2_5_7b_instruct_q4_k_m,validation,matched_clean_llm,dedup-cluster-982d753609ba3daf81c7d866,revision_v1_sha256_hex_046,mistral_7b_instruct_v0_3_q4_k_m,direct_subword_calgacus,sha256_hex,casual_weekend_chat
detector_pair__86006fb2bece3e56786c7d24__ordinary_control,0,0.0022724636364728212,deberta,leave_one_model__qwen2_5_7b_instruct_q4_k_m,validation,matched_clean_llm,dedup-cluster-68e08a4fc96aff3403abad93,revision_v1_nonce_96_bit_hex_031,llama3_8b_instruct_q4_k_m,segmented_hex_multi_topic,nonce_96_bit_hex,procedure_home_task
detector_pair__86006fb2bece3e56786c7d24__rankcloak,1,0.052256591618061066,deberta,leave_one_model__qwen2_5_7b_instruct_q4_k_m,validation,matched_clean_llm,dedup-cluster-68e08a4fc96aff3403abad93,revision_v1_nonce_96_bit_hex_031,llama3_8b_instruct_q4_k_m,segmented_hex_multi_topic,nonce_96_bit_hex,procedure_home_task
detector_pair__864aec9021b58307b2567d3c__ordinary_control,0,0.0003659404464997351,deberta,leave_one_model__qwen2_5_7b_instruct_q4_k_m,validation,matched_clean_llm,dedup-cluster-4c7d81d9bc771045be64324c,revision_v1_nonce_96_bit_hex_001,mistral_7b_instruct_v0_3_q4_k_m,segmented_hex_multi_topic,nonce_96_bit_hex,explain_everyday_system
detector_pair__864aec9021b58307b2567d3c__rankcloak,1,0.999213457107544,deberta,leave_one_model__qwen2_5_7b_instruct_q4_k_m,validation,matched_clean_llm,dedup-cluster-4c7d81d9bc771045be64324c,revision_v1_nonce_96_bit_hex_001,mistral_7b_instruct_v0_3_q4_k_m,segmented_hex_multi_topic,nonce_96_bit_hex,explain_everyday_system
detector_pair__8669a68baf5a58f151a71bfc__ordinary_control,0,0.00034881936153396964,deberta,leave_one_model__qwen2_5_7b_instruct_q4_k_m,validation,matched_clean_llm,dedup-cluster-339659e6d45626f95acf4c5b,revision_v1_nonce_96_bit_hex_052,llama3_8b_instruct_q4_k_m,nonseg_hex_nibble_b16,nonce_96_bit_hex,casual_hobby_chat
detector_pair__8669a68baf5a58f151a71bfc__rankcloak,1,0.9877469539642334,deberta,leave_one_model__qwen2_5_7b_instruct_q4_k_m,validation,matched_clean_llm,dedup-cluster-339659e6d45626f95acf4c5b,revision_v1_nonce_96_bit_hex_052,llama3_8b_instruct_q4_k_m,nonseg_hex_nibble_b16,nonce_96_bit_hex,casual_hobby_chat
detector_pair__866be22a06ab29797fd4e798__ordinary_control,0,0.0005554442177526653,deberta,leave_one_model__qwen2_5_7b_instruct_q4_k_m,validation,matched_clean_llm,dedup-cluster-0401b1baba09fb1c1437ea35,revision_v1_nonce_96_bit_hex_011,mistral_7b_instruct_v0_3_q4_k_m,direct_subword_calgacus,nonce_96_bit_hex,procedure_garden_task
detector_pair__866be22a06ab29797fd4e798__rankcloak,1,0.9996891021728516,deberta,leave_one_model__qwen2_5_7b_instruct_q4_k_m,validation,matched_clean_llm,dedup-cluster-0401b1baba09fb1c1437ea35,revision_v1_nonce_96_bit_hex_011,mistral_7b_instruct_v0_3_q4_k_m,direct_subword_calgacus,nonce_96_bit_hex,procedure_garden_task
detector_pair__8677b0e26e04af55f6cd21d6__ordinary_control,0,0.0013593424810096622,deberta,leave_one_model__qwen2_5_7b_instruct_q4_k_m,validation,matched_clean_llm,dedup-cluster-a48caa544001e5d183a57eea,revision_v1_nonce_96_bit_hex_049,mistral_7b_instruct_v0_3_q4_k_m,segmented_hex_single_topic,nonce_96_bit_hex,explain_weather_pattern
detector_pair__8677b0e26e04af55f6cd21d6__rankcloak,1,0.9929437041282654,deberta,leave_one_model__qwen2_5_7b_instruct_q4_k_m,validation,matched_clean_llm,dedup-cluster-a48caa544001e5d183a57eea,revision_v1_nonce_96_bit_hex_049,mistral_7b_instruct_v0_3_q4_k_m,segmented_hex_single_topic,nonce_96_bit_hex,explain_weather_pattern
detector_pair__86c3f219c6f52671820f5b57__ordinary_control,0,0.0009756162762641907,deberta,leave_one_model__qwen2_5_7b_instruct_q4_k_m,validation,matched_clean_llm,dedup-cluster-6ce30f9a3e80626084969f2a,revision_v1_ed25519_signature_base64_043,llama3_8b_instruct_q4_k_m,nonseg_ascii_b16,ed25519_signature_base64,forum_learning_answer
detector_pair__86c3f219c6f52671820f5b57__rankcloak,1,0.9979840517044067,deberta,leave_one_model__qwen2_5_7b_instruct_q4_k_m,validation,matched_clean_llm,dedup-cluster-6ce30f9a3e80626084969f2a,revision_v1_ed25519_signature_base64_043,llama3_8b_instruct_q4_k_m,nonseg_ascii_b16,ed25519_signature_base64,forum_learning_answer
detector_pair__86defaa199d2a20155edf8eb__ordinary_control,0,0.00029944241396151483,deberta,leave_one_model__qwen2_5_7b_instruct_q4_k_m,validation,matched_clean_llm,dedup-cluster-bc077faa1a8a103220224e85,revision_v1_chacha20_poly1305_base64_036,llama3_8b_instruct_q4_k_m,nonseg_ascii_b16,chacha20_poly1305_base64,casual_weekend_chat
detector_pair__86defaa199d2a20155edf8eb__rankcloak,1,0.9993195533752441,deberta,leave_one_model__qwen2_5_7b_instruct_q4_k_m,validation,matched_clean_llm,dedup-cluster-bc077faa1a8a103220224e85,revision_v1_chacha20_poly1305_base64_036,llama3_8b_instruct_q4_k_m,nonseg_ascii_b16,chacha20_poly1305_base64,casual_weekend_chat
detector_pair__86feadbe2ba56470b8d7cf12__ordinary_control,0,0.0017387093976140022,deberta,leave_one_model__qwen2_5_7b_instruct_q4_k_m,validation,matched_clean_llm,dedup-cluster-3f1509f18c269716bcce76a3,revision_v1_aes256_gcm_base64_050,mistral_7b_instruct_v0_3_q4_k_m,nonseg_ascii_b8,aes256_gcm_base64,procedure_simple_meal
detector_pair__86feadbe2ba56470b8d7cf12__rankcloak,1,0.9991922974586487,deberta,leave_one_model__qwen2_5_7b_instruct_q4_k_m,validation,matched_clean_llm,dedup-cluster-3f1509f18c269716bcce76a3,revision_v1_aes256_gcm_base64_050,mistral_7b_instruct_v0_3_q4_k_m,nonseg_ascii_b8,aes256_gcm_base64,procedure_simple_meal
detector_pair__872d3c2c55d2c9b582ad0365__ordinary_control,0,0.0003843512968160212,deberta,leave_one_model__qwen2_5_7b_instruct_q4_k_m,validation,matched_clean_llm,dedup-cluster-21724430ac9765521f1234e5,revision_v1_token_128_bit_hex_056,mistral_7b_instruct_v0_3_q4_k_m,segmented_hex_multi_topic,token_128_bit_hex,professional_process_email
detector_pair__872d3c2c55d2c9b582ad0365__rankcloak,1,0.9995465874671936,deberta,leave_one_model__qwen2_5_7b_instruct_q4_k_m,validation,matched_clean_llm,dedup-cluster-21724430ac9765521f1234e5,revision_v1_token_128_bit_hex_056,mistral_7b_instruct_v0_3_q4_k_m,segmented_hex_multi_topic,token_128_bit_hex,professional_process_email
detector_pair__87548b0491a562b5adbb1c3c__ordinary_control,0,0.001381054986268282,deberta,leave_one_model__qwen2_5_7b_instruct_q4_k_m,validation,matched_clean_llm,dedup-cluster-4df1f95590c9f69533ae0634,revision_v1_nonce_96_bit_hex_027,llama3_8b_instruct_q4_k_m,direct_subword_calgacus,nonce_96_bit_hex,explain_weather_pattern
detector_pair__87548b0491a562b5adbb1c3c__rankcloak,1,0.9816869497299194,deberta,leave_one_model__qwen2_5_7b_instruct_q4_k_m,validation,matched_clean_llm,dedup-cluster-4df1f95590c9f69533ae0634,revision_v1_nonce_96_bit_hex_027,llama3_8b_instruct_q4_k_m,direct_subword_calgacus,nonce_96_bit_hex,explain_weather_pattern
detector_pair__87b68f52a303d9e2eea12585__ordinary_control,0,0.0003637381305452436,deberta,leave_one_model__qwen2_5_7b_instruct_q4_k_m,validation,matched_clean_llm,dedup-cluster-bc077faa1a8a103220224e85,revision_v1_chacha20_poly1305_base64_036,mistral_7b_instruct_v0_3_q4_k_m,nonseg_ascii_b16,chacha20_poly1305_base64,forum_learning_answer
detector_pair__87b68f52a303d9e2eea12585__rankcloak,1,0.9996775388717651,deberta,leave_one_model__qwen2_5_7b_instruct_q4_k_m,validation,matched_clean_llm,dedup-cluster-bc077faa1a8a103220224e85,revision_v1_chacha20_poly1305_base64_036,mistral_7b_instruct_v0_3_q4_k_m,nonseg_ascii_b16,chacha20_poly1305_base64,forum_learning_answer
detector_pair__87ba5023d8d7c5845b43017d__ordinary_control,0,0.0007216543308459222,deberta,leave_one_model__qwen2_5_7b_instruct_q4_k_m,validation,matched_clean_llm,dedup-cluster-357353b9c6b8da3922f5c452,revision_v1_ed25519_signature_base64_025,mistral_7b_instruct_v0_3_q4_k_m,nonseg_ascii_b8,ed25519_signature_base64,narrative_local_walk
detector_pair__87ba5023d8d7c5845b43017d__rankcloak,1,0.9991483688354492,deberta,leave_one_model__qwen2_5_7b_instruct_q4_k_m,validation,matched_clean_llm,dedup-cluster-357353b9c6b8da3922f5c452,revision_v1_ed25519_signature_base64_025,mistral_7b_instruct_v0_3_q4_k_m,nonseg_ascii_b8,ed25519_signature_base64,narrative_local_walk
detector_pair__87e135ddafb6c0747a79027c__ordinary_control,0,0.0013360362499952316,deberta,leave_one_model__qwen2_5_7b_instruct_q4_k_m,validation,matched_clean_llm,dedup-cluster-9b8e2659fd534e6fb2b81afc,revision_v1_ed25519_signature_base64_027,llama3_8b_instruct_q4_k_m,nonseg_ascii_b8,ed25519_signature_base64,narrative_learning_moment
detector_pair__87e135ddafb6c0747a79027c__rankcloak,1,0.9932792782783508,deberta,leave_one_model__qwen2_5_7b_instruct_q4_k_m,validation,matched_clean_llm,dedup-cluster-9b8e2659fd534e6fb2b81afc,revision_v1_ed25519_signature_base64_027,llama3_8b_instruct_q4_k_m,nonseg_ascii_b8,ed25519_signature_base64,narrative_learning_moment
detector_pair__880b65556b74de1043f11fe3__ordinary_control,0,0.0011070846812799573,deberta,leave_one_model__qwen2_5_7b_instruct_q4_k_m,validation,matched_clean_llm,dedup-cluster-48d7da6cd06bde46d05aad3f,revision_v1_sha256_hex_056,llama3_8b_instruct_q4_k_m,nonseg_ascii_b16,sha256_hex,forum_practical_answer
detector_pair__880b65556b74de1043f11fe3__rankcloak,1,0.9889668822288513,deberta,leave_one_model__qwen2_5_7b_instruct_q4_k_m,validation,matched_clean_llm,dedup-cluster-48d7da6cd06bde46d05aad3f,revision_v1_sha256_hex_056,llama3_8b_instruct_q4_k_m,nonseg_ascii_b16,sha256_hex,forum_practical_answer
detector_pair__881fbd200f3fed3f4f095811__ordinary_control,0,0.0009138131281360984,deberta,leave_one_model__qwen2_5_7b_instruct_q4_k_m,validation,matched_clean_llm,dedup-cluster-6ace02c4c66fff411127a281,revision_v1_token_128_bit_hex_012,llama3_8b_instruct_q4_k_m,nonseg_ascii_b8,token_128_bit_hex,procedure_garden_task
detector_pair__881fbd200f3fed3f4f095811__rankcloak,1,0.10283950716257095,deberta,leave_one_model__qwen2_5_7b_instruct_q4_k_m,validation,matched_clean_llm,dedup-cluster-6ace02c4c66fff411127a281,revision_v1_token_128_bit_hex_012,llama3_8b_instruct_q4_k_m,nonseg_ascii_b8,token_128_bit_hex,procedure_garden_task
detector_pair__8884468ff1ad6843e50ad004__ordinary_control,0,0.00028375539113767445,deberta,leave_one_model__qwen2_5_7b_instruct_q4_k_m,validation,matched_clean_llm,dedup-cluster-8372a615906d4a4146d45c75,revision_v1_aes256_gcm_base64_005,mistral_7b_instruct_v0_3_q4_k_m,nonseg_ascii_b8,aes256_gcm_base64,casual_hobby_chat
detector_pair__8884468ff1ad6843e50ad004__rankcloak,1,0.9995686411857605,deberta,leave_one_model__qwen2_5_7b_instruct_q4_k_m,validation,matched_clean_llm,dedup-cluster-8372a615906d4a4146d45c75,revision_v1_aes256_gcm_base64_005,mistral_7b_instruct_v0_3_q4_k_m,nonseg_ascii_b8,aes256_gcm_base64,casual_hobby_chat
detector_pair__8889103a6e1b093c4a7f8115__ordinary_control,0,0.0011054996866732836,deberta,leave_one_model__qwen2_5_7b_instruct_q4_k_m,validation,matched_clean_llm,dedup-cluster-26d0e390c431894214a50804,revision_v1_chacha20_poly1305_base64_004,mistral_7b_instruct_v0_3_q4_k_m,nonseg_ascii_b8,chacha20_poly1305_base64,casual_neighborhood_chat
detector_pair__8889103a6e1b093c4a7f8115__rankcloak,1,0.99826979637146,deberta,leave_one_model__qwen2_5_7b_instruct_q4_k_m,validation,matched_clean_llm,dedup-cluster-26d0e390c431894214a50804,revision_v1_chacha20_poly1305_base64_004,mistral_7b_instruct_v0_3_q4_k_m,nonseg_ascii_b8,chacha20_poly1305_base64,casual_neighborhood_chat
detector_pair__888b0cd5d4e5405dddd3ec39__ordinary_control,0,0.0022697667591273785,deberta,leave_one_model__qwen2_5_7b_instruct_q4_k_m,validation,matched_clean_llm,dedup-cluster-9f2700a571f51133cc69754b,revision_v1_chacha20_poly1305_base64_019,mistral_7b_instruct_v0_3_q4_k_m,direct_subword_calgacus,chacha20_poly1305_base64,procedure_garden_task
detector_pair__888b0cd5d4e5405dddd3ec39__rankcloak,1,0.9997547268867493,deberta,leave_one_model__qwen2_5_7b_instruct_q4_k_m,validation,matched_clean_llm,dedup-cluster-9f2700a571f51133cc69754b,revision_v1_chacha20_poly1305_base64_019,mistral_7b_instruct_v0_3_q4_k_m,direct_subword_calgacus,chacha20_poly1305_base64,procedure_garden_task
detector_pair__896662de6f282bb9afec2963__ordinary_control,0,0.0013513184385374188,deberta,leave_one_model__qwen2_5_7b_instruct_q4_k_m,validation,matched_clean_llm,dedup-cluster-dcb1b73d5ccfd69dfe23f428,revision_v1_ed25519_signature_base64_000,mistral_7b_instruct_v0_3_q4_k_m,nonseg_ascii_b16,ed25519_signature_base64,procedure_simple_meal
detector_pair__896662de6f282bb9afec2963__rankcloak,1,0.9996790885925293,deberta,leave_one_model__qwen2_5_7b_instruct_q4_k_m,validation,matched_clean_llm,dedup-cluster-dcb1b73d5ccfd69dfe23f428,revision_v1_ed25519_signature_base64_000,mistral_7b_instruct_v0_3_q4_k_m,nonseg_ascii_b16,ed25519_signature_base64,procedure_simple_meal
detector_pair__89b96db46cb33d910a5886ce__ordinary_control,0,0.00051971833454445,deberta,leave_one_model__qwen2_5_7b_instruct_q4_k_m,validation,matched_clean_llm,dedup-cluster-982d753609ba3daf81c7d866,revision_v1_sha256_hex_046,llama3_8b_instruct_q4_k_m,nonseg_ascii_b8,sha256_hex,narrative_local_walk
detector_pair__89b96db46cb33d910a5886ce__rankcloak,1,0.9962970614433289,deberta,leave_one_model__qwen2_5_7b_instruct_q4_k_m,validation,matched_clean_llm,dedup-cluster-982d753609ba3daf81c7d866,revision_v1_sha256_hex_046,llama3_8b_instruct_q4_k_m,nonseg_ascii_b8,sha256_hex,narrative_local_walk
detector_pair__8a01f51f311f1b86237cd73d__ordinary_control,0,0.0010677386308088899,deberta,leave_one_model__qwen2_5_7b_instruct_q4_k_m,validation,matched_clean_llm,dedup-cluster-26d0e390c431894214a50804,revision_v1_chacha20_poly1305_base64_004,llama3_8b_instruct_q4_k_m,nonseg_ascii_b16,chacha20_poly1305_base64,narrative_small_discovery
detector_pair__8a01f51f311f1b86237cd73d__rankcloak,1,0.9997280240058899,deberta,leave_one_model__qwen2_5_7b_instruct_q4_k_m,validation,matched_clean_llm,dedup-cluster-26d0e390c431894214a50804,revision_v1_chacha20_poly1305_base64_004,llama3_8b_instruct_q4_k_m,nonseg_ascii_b16,chacha20_poly1305_base64,narrative_small_discovery
detector_pair__8a48923a87d00befcb081b09__ordinary_control,0,0.0014755636220797896,deberta,leave_one_model__qwen2_5_7b_instruct_q4_k_m,validation,matched_clean_llm,dedup-cluster-c581ece2a3e5e2c3b74d6d5e,revision_v1_chacha20_poly1305_base64_016,llama3_8b_instruct_q4_k_m,nonseg_ascii_b16,chacha20_poly1305_base64,narrative_learning_moment
detector_pair__8a48923a87d00befcb081b09__rankcloak,1,0.9994089603424072,deberta,leave_one_model__qwen2_5_7b_instruct_q4_k_m,validation,matched_clean_llm,dedup-cluster-c581ece2a3e5e2c3b74d6d5e,revision_v1_chacha20_poly1305_base64_016,llama3_8b_instruct_q4_k_m,nonseg_ascii_b16,chacha20_poly1305_base64,narrative_learning_moment
detector_pair__8aa56566ef8c29cc1f73a12a__ordinary_control,0,0.0006488477229140699,deberta,leave_one_model__qwen2_5_7b_instruct_q4_k_m,validation,matched_clean_llm,dedup-cluster-40f1050b751f94d4062ce3bb,revision_v1_aes256_gcm_base64_032,mistral_7b_instruct_v0_3_q4_k_m,nonseg_ascii_b16,aes256_gcm_base64,procedure_simple_meal
detector_pair__8aa56566ef8c29cc1f73a12a__rankcloak,1,0.9997383952140808,deberta,leave_one_model__qwen2_5_7b_instruct_q4_k_m,validation,matched_clean_llm,dedup-cluster-40f1050b751f94d4062ce3bb,revision_v1_aes256_gcm_base64_032,mistral_7b_instruct_v0_3_q4_k_m,nonseg_ascii_b16,aes256_gcm_base64,procedure_simple_meal
detector_pair__8adc9484c69f425785389c93__ordinary_control,0,0.00032610484049655497,deberta,leave_one_model__qwen2_5_7b_instruct_q4_k_m,validation,matched_clean_llm,dedup-cluster-3f1509f18c269716bcce76a3,revision_v1_aes256_gcm_base64_050,llama3_8b_instruct_q4_k_m,nonseg_ascii_b16,aes256_gcm_base64,professional_schedule_note
detector_pair__8adc9484c69f425785389c93__rankcloak,1,0.9627233147621155,deberta,leave_one_model__qwen2_5_7b_instruct_q4_k_m,validation,matched_clean_llm,dedup-cluster-3f1509f18c269716bcce76a3,revision_v1_aes256_gcm_base64_050,llama3_8b_instruct_q4_k_m,nonseg_ascii_b16,aes256_gcm_base64,professional_schedule_note
detector_pair__8b413b4c4a3a310fa970aa35__ordinary_control,0,0.0011026704451069236,deberta,leave_one_model__qwen2_5_7b_instruct_q4_k_m,validation,matched_clean_llm,dedup-cluster-ead69251c7d45a2f2e36dc76,revision_v1_ed25519_signature_base64_004,mistral_7b_instruct_v0_3_q4_k_m,nonseg_ascii_b8,ed25519_signature_base64,professional_project_update
detector_pair__8b413b4c4a3a310fa970aa35__rankcloak,1,0.998957633972168,deberta,leave_one_model__qwen2_5_7b_instruct_q4_k_m,validation,matched_clean_llm,dedup-cluster-ead69251c7d45a2f2e36dc76,revision_v1_ed25519_signature_base64_004,mistral_7b_instruct_v0_3_q4_k_m,nonseg_ascii_b8,ed25519_signature_base64,professional_project_update
detector_pair__8bb017d1e166b0cf9be41b08__ordinary_control,0,0.0031032043043524027,deberta,leave_one_model__qwen2_5_7b_instruct_q4_k_m,validation,matched_clean_llm,dedup-cluster-418e1dfdad8a13fa38873592,revision_v1_chacha20_poly1305_base64_003,llama3_8b_instruct_q4_k_m,nonseg_ascii_b16,chacha20_poly1305_base64,procedure_simple_meal
detector_pair__8bb017d1e166b0cf9be41b08__rankcloak,1,0.9952285289764404,deberta,leave_one_model__qwen2_5_7b_instruct_q4_k_m,validation,matched_clean_llm,dedup-cluster-418e1dfdad8a13fa38873592,revision_v1_chacha20_poly1305_base64_003,llama3_8b_instruct_q4_k_m,nonseg_ascii_b16,chacha20_poly1305_base64,procedure_simple_meal
detector_pair__8bea6c8e657df796129eb198__ordinary_control,0,0.001976831117644906,deberta,leave_one_model__qwen2_5_7b_instruct_q4_k_m,validation,matched_clean_llm,dedup-cluster-d028afde8d3446e776f3bdbf,revision_v1_hmac_sha256_hex_013,llama3_8b_instruct_q4_k_m,segmented_hex_multi_topic,hmac_sha256_hex,forum_practical_answer
detector_pair__8bea6c8e657df796129eb198__rankcloak,1,0.9914330244064331,deberta,leave_one_model__qwen2_5_7b_instruct_q4_k_m,validation,matched_clean_llm,dedup-cluster-d028afde8d3446e776f3bdbf,revision_v1_hmac_sha256_hex_013,llama3_8b_instruct_q4_k_m,segmented_hex_multi_topic,hmac_sha256_hex,forum_practical_answer
detector_pair__8c0d8530fec0898c8b5cec58__ordinary_control,0,0.00378301995806396,deberta,leave_one_model__qwen2_5_7b_instruct_q4_k_m,validation,matched_clean_llm,dedup-cluster-e303bfe023e32c25389ebaf9,revision_v1_token_128_bit_hex_057,llama3_8b_instruct_q4_k_m,direct_subword_calgacus,token_128_bit_hex,casual_weekend_chat
detector_pair__8c0d8530fec0898c8b5cec58__rankcloak,1,0.9991514682769775,deberta,leave_one_model__qwen2_5_7b_instruct_q4_k_m,validation,matched_clean_llm,dedup-cluster-e303bfe023e32c25389ebaf9,revision_v1_token_128_bit_hex_057,llama3_8b_instruct_q4_k_m,direct_subword_calgacus,token_128_bit_hex,casual_weekend_chat
detector_pair__8c4db3930d22a5a57102b2b4__ordinary_control,0,0.0015118109295144677,deberta,leave_one_model__qwen2_5_7b_instruct_q4_k_m,validation,matched_clean_llm,dedup-cluster-a48caa544001e5d183a57eea,revision_v1_nonce_96_bit_hex_049,mistral_7b_instruct_v0_3_q4_k_m,direct_subword_calgacus,nonce_96_bit_hex,explain_weather_pattern
detector_pair__8c4db3930d22a5a57102b2b4__rankcloak,1,0.9974231719970703,deberta,leave_one_model__qwen2_5_7b_instruct_q4_k_m,validation,matched_clean_llm,dedup-cluster-a48caa544001e5d183a57eea,revision_v1_nonce_96_bit_hex_049,mistral_7b_instruct_v0_3_q4_k_m,direct_subword_calgacus,nonce_96_bit_hex,explain_weather_pattern
detector_pair__8c52cb877c1810fa58cff4e7__ordinary_control,0,0.0011763244401663542,deberta,leave_one_model__qwen2_5_7b_instruct_q4_k_m,validation,matched_clean_llm,dedup-cluster-d028afde8d3446e776f3bdbf,revision_v1_hmac_sha256_hex_013,llama3_8b_instruct_q4_k_m,segmented_hex_single_topic,hmac_sha256_hex,forum_practical_answer
detector_pair__8c52cb877c1810fa58cff4e7__rankcloak,1,0.9994449019432068,deberta,leave_one_model__qwen2_5_7b_instruct_q4_k_m,validation,matched_clean_llm,dedup-cluster-d028afde8d3446e776f3bdbf,revision_v1_hmac_sha256_hex_013,llama3_8b_instruct_q4_k_m,segmented_hex_single_topic,hmac_sha256_hex,forum_practical_answer
detector_pair__8cb61e0747797fa2572c538f__ordinary_control,0,0.0025218322407454252,deberta,leave_one_model__qwen2_5_7b_instruct_q4_k_m,validation,matched_clean_llm,dedup-cluster-9b8e2659fd534e6fb2b81afc,revision_v1_ed25519_signature_base64_027,mistral_7b_instruct_v0_3_q4_k_m,nonseg_ascii_b16,ed25519_signature_base64,casual_hobby_chat
detector_pair__8cb61e0747797fa2572c538f__rankcloak,1,0.9995536208152771,deberta,leave_one_model__qwen2_5_7b_instruct_q4_k_m,validation,matched_clean_llm,dedup-cluster-9b8e2659fd534e6fb2b81afc,revision_v1_ed25519_signature_base64_027,mistral_7b_instruct_v0_3_q4_k_m,nonseg_ascii_b16,ed25519_signature_base64,casual_hobby_chat
detector_pair__8d88c9b39b58f964c804d2ac__ordinary_control,0,0.0012652567820623517,deberta,leave_one_model__qwen2_5_7b_instruct_q4_k_m,validation,matched_clean_llm,dedup-cluster-6d140bf45feadd3404291e51,revision_v1_uuid_v4_049,llama3_8b_instruct_q4_k_m,nonseg_ascii_b8,uuid_v4,explain_weather_pattern
detector_pair__8d88c9b39b58f964c804d2ac__rankcloak,1,0.9817574620246887,deberta,leave_one_model__qwen2_5_7b_instruct_q4_k_m,validation,matched_clean_llm,dedup-cluster-6d140bf45feadd3404291e51,revision_v1_uuid_v4_049,llama3_8b_instruct_q4_k_m,nonseg_ascii_b8,uuid_v4,explain_weather_pattern
detector_pair__8df6560ee49c4aefe079b7cd__ordinary_control,0,0.0007236372330226004,deberta,leave_one_model__qwen2_5_7b_instruct_q4_k_m,validation,matched_clean_llm,dedup-cluster-40d7dc0aae7327885c0b7431,revision_v1_aes256_gcm_base64_057,mistral_7b_instruct_v0_3_q4_k_m,nonseg_ascii_b16,aes256_gcm_base64,narrative_local_walk
detector_pair__8df6560ee49c4aefe079b7cd__rankcloak,1,0.9961627721786499,deberta,leave_one_model__qwen2_5_7b_instruct_q4_k_m,validation,matched_clean_llm,dedup-cluster-40d7dc0aae7327885c0b7431,revision_v1_aes256_gcm_base64_057,mistral_7b_instruct_v0_3_q4_k_m,nonseg_ascii_b16,aes256_gcm_base64,narrative_local_walk
detector_pair__8e2335c2edb1b2191be4d099__ordinary_control,0,0.0008482379489578307,deberta,leave_one_model__qwen2_5_7b_instruct_q4_k_m,validation,matched_clean_llm,dedup-cluster-c588a294c6263bec1e8ad56d,revision_v1_token_128_bit_hex_054,llama3_8b_instruct_q4_k_m,nonseg_hex_nibble_b16,token_128_bit_hex,procedure_simple_meal
detector_pair__8e2335c2edb1b2191be4d099__rankcloak,1,0.753189742565155,deberta,leave_one_model__qwen2_5_7b_instruct_q4_k_m,validation,matched_clean_llm,dedup-cluster-c588a294c6263bec1e8ad56d,revision_v1_token_128_bit_hex_054,llama3_8b_instruct_q4_k_m,nonseg_hex_nibble_b16,token_128_bit_hex,procedure_simple_meal
detector_pair__8e357dd84a1c6d4fe2940775__ordinary_control,0,0.0003016156842932105,deberta,leave_one_model__qwen2_5_7b_instruct_q4_k_m,validation,matched_clean_llm,dedup-cluster-edb6b099f1dff5a3bddeca8c,revision_v1_sha256_hex_012,llama3_8b_instruct_q4_k_m,nonseg_hex_nibble_b16,sha256_hex,casual_neighborhood_chat
detector_pair__8e357dd84a1c6d4fe2940775__rankcloak,1,0.9977248311042786,deberta,leave_one_model__qwen2_5_7b_instruct_q4_k_m,validation,matched_clean_llm,dedup-cluster-edb6b099f1dff5a3bddeca8c,revision_v1_sha256_hex_012,llama3_8b_instruct_q4_k_m,nonseg_hex_nibble_b16,sha256_hex,casual_neighborhood_chat
detector_pair__8e509ff447531b82c5e64719__ordinary_control,0,0.0020643470343202353,deberta,leave_one_model__qwen2_5_7b_instruct_q4_k_m,validation,matched_clean_llm,dedup-cluster-e8b46972e25b5d16f253b139,revision_v1_nonce_96_bit_hex_005,mistral_7b_instruct_v0_3_q4_k_m,direct_subword_calgacus,nonce_96_bit_hex,procedure_home_task
detector_pair__8e509ff447531b82c5e64719__rankcloak,1,0.9979350566864014,deberta,leave_one_model__qwen2_5_7b_instruct_q4_k_m,validation,matched_clean_llm,dedup-cluster-e8b46972e25b5d16f253b139,revision_v1_nonce_96_bit_hex_005,mistral_7b_instruct_v0_3_q4_k_m,direct_subword_calgacus,nonce_96_bit_hex,procedure_home_task
detector_pair__8ea7322506cccf3ca64bfc78__ordinary_control,0,0.00045790153671987355,deberta,leave_one_model__qwen2_5_7b_instruct_q4_k_m,validation,matched_clean_llm,dedup-cluster-2e7f1969791ae609498a9082,revision_v1_hmac_sha256_hex_020,llama3_8b_instruct_q4_k_m,direct_subword_calgacus,hmac_sha256_hex,procedure_home_task
detector_pair__8ea7322506cccf3ca64bfc78__rankcloak,1,0.9995332956314087,deberta,leave_one_model__qwen2_5_7b_instruct_q4_k_m,validation,matched_clean_llm,dedup-cluster-2e7f1969791ae609498a9082,revision_v1_hmac_sha256_hex_020,llama3_8b_instruct_q4_k_m,direct_subword_calgacus,hmac_sha256_hex,procedure_home_task
detector_pair__8ea8a4047b2c1db54d41e81f__ordinary_control,0,0.000917940866202116,deberta,leave_one_model__qwen2_5_7b_instruct_q4_k_m,validation,matched_clean_llm,dedup-cluster-a9a56840e2c7d4a59a486e62,revision_v1_nonce_96_bit_hex_025,llama3_8b_instruct_q4_k_m,nonseg_ascii_b8,nonce_96_bit_hex,procedure_simple_meal
detector_pair__8ea8a4047b2c1db54d41e81f__rankcloak,1,0.702511727809906,deberta,leave_one_model__qwen2_5_7b_instruct_q4_k_m,validation,matched_clean_llm,dedup-cluster-a9a56840e2c7d4a59a486e62,revision_v1_nonce_96_bit_hex_025,llama3_8b_instruct_q4_k_m,nonseg_ascii_b8,nonce_96_bit_hex,procedure_simple_meal
detector_pair__8f1e6ab73833f6bd33ca83fc__ordinary_control,0,0.001124655595049262,deberta,leave_one_model__qwen2_5_7b_instruct_q4_k_m,validation,matched_clean_llm,dedup-cluster-725b5797405341915f74ba63,revision_v1_token_128_bit_hex_006,mistral_7b_instruct_v0_3_q4_k_m,nonseg_hex_nibble_b16,token_128_bit_hex,explain_weather_pattern
detector_pair__8f1e6ab73833f6bd33ca83fc__rankcloak,1,0.8790728449821472,deberta,leave_one_model__qwen2_5_7b_instruct_q4_k_m,validation,matched_clean_llm,dedup-cluster-725b5797405341915f74ba63,revision_v1_token_128_bit_hex_006,mistral_7b_instruct_v0_3_q4_k_m,nonseg_hex_nibble_b16,token_128_bit_hex,explain_weather_pattern
detector_pair__8f267b913f8661cd502f368d__ordinary_control,0,0.0015446242177858949,deberta,leave_one_model__qwen2_5_7b_instruct_q4_k_m,validation,matched_clean_llm,dedup-cluster-a1abcb49aa12280f617295a6,revision_v1_sha256_hex_034,llama3_8b_instruct_q4_k_m,nonseg_ascii_b16,sha256_hex,narrative_learning_moment
detector_pair__8f267b913f8661cd502f368d__rankcloak,1,0.9997665286064148,deberta,leave_one_model__qwen2_5_7b_instruct_q4_k_m,validation,matched_clean_llm,dedup-cluster-a1abcb49aa12280f617295a6,revision_v1_sha256_hex_034,llama3_8b_instruct_q4_k_m,nonseg_ascii_b16,sha256_hex,narrative_learning_moment
detector_pair__8f4cbc731bba2fd567b79a2e__ordinary_control,0,0.00029147896566428244,deberta,leave_one_model__qwen2_5_7b_instruct_q4_k_m,validation,matched_clean_llm,dedup-cluster-0eb47bf23cdaa7b54a0335a2,revision_v1_token_128_bit_hex_055,mistral_7b_instruct_v0_3_q4_k_m,segmented_hex_single_topic,token_128_bit_hex,casual_neighborhood_chat
detector_pair__8f4cbc731bba2fd567b79a2e__rankcloak,1,0.9992081522941589,deberta,leave_one_model__qwen2_5_7b_instruct_q4_k_m,validation,matched_clean_llm,dedup-cluster-0eb47bf23cdaa7b54a0335a2,revision_v1_token_128_bit_hex_055,mistral_7b_instruct_v0_3_q4_k_m,segmented_hex_single_topic,token_128_bit_hex,casual_neighborhood_chat
detector_pair__8f69cefffc30d8f0a805a033__ordinary_control,0,0.0018892771331593394,deberta,leave_one_model__qwen2_5_7b_instruct_q4_k_m,validation,matched_clean_llm,dedup-cluster-53ddb375f906007b9492f105,revision_v1_sha256_hex_033,llama3_8b_instruct_q4_k_m,nonseg_ascii_b8,sha256_hex,procedure_garden_task
detector_pair__8f69cefffc30d8f0a805a033__rankcloak,1,0.9570732116699219,deberta,leave_one_model__qwen2_5_7b_instruct_q4_k_m,validation,matched_clean_llm,dedup-cluster-53ddb375f906007b9492f105,revision_v1_sha256_hex_033,llama3_8b_instruct_q4_k_m,nonseg_ascii_b8,sha256_hex,procedure_garden_task
detector_pair__8f9815edaacbd5f29cf503a0__ordinary_control,0,0.0023865848779678345,deberta,leave_one_model__qwen2_5_7b_instruct_q4_k_m,validation,matched_clean_llm,dedup-cluster-484bc3854d49e18198bd3802,revision_v1_hmac_sha256_hex_050,mistral_7b_instruct_v0_3_q4_k_m,nonseg_ascii_b8,hmac_sha256_hex,explain_biological_process
detector_pair__8f9815edaacbd5f29cf503a0__rankcloak,1,0.999397873878479,deberta,leave_one_model__qwen2_5_7b_instruct_q4_k_m,validation,matched_clean_llm,dedup-cluster-484bc3854d49e18198bd3802,revision_v1_hmac_sha256_hex_050,mistral_7b_instruct_v0_3_q4_k_m,nonseg_ascii_b8,hmac_sha256_hex,explain_biological_process
detector_pair__8fb7375ae169b4948e1b130b__ordinary_control,0,0.0007557127391919494,deberta,leave_one_model__qwen2_5_7b_instruct_q4_k_m,validation,matched_clean_llm,dedup-cluster-c588a294c6263bec1e8ad56d,revision_v1_token_128_bit_hex_054,llama3_8b_instruct_q4_k_m,segmented_hex_single_topic,token_128_bit_hex,procedure_simple_meal
detector_pair__8fb7375ae169b4948e1b130b__rankcloak,1,0.999244213104248,deberta,leave_one_model__qwen2_5_7b_instruct_q4_k_m,validation,matched_clean_llm,dedup-cluster-c588a294c6263bec1e8ad56d,revision_v1_token_128_bit_hex_054,llama3_8b_instruct_q4_k_m,segmented_hex_single_topic,token_128_bit_hex,procedure_simple_meal
detector_pair__906e322418779110728a3140__ordinary_control,0,0.0003987348172813654,deberta,leave_one_model__qwen2_5_7b_instruct_q4_k_m,validation,matched_clean_llm,dedup-cluster-339659e6d45626f95acf4c5b,revision_v1_nonce_96_bit_hex_052,mistral_7b_instruct_v0_3_q4_k_m,nonseg_ascii_b8,nonce_96_bit_hex,forum_practical_answer
detector_pair__906e322418779110728a3140__rankcloak,1,0.9995303153991699,deberta,leave_one_model__qwen2_5_7b_instruct_q4_k_m,validation,matched_clean_llm,dedup-cluster-339659e6d45626f95acf4c5b,revision_v1_nonce_96_bit_hex_052,mistral_7b_instruct_v0_3_q4_k_m,nonseg_ascii_b8,nonce_96_bit_hex,forum_practical_answer
detector_pair__909d183d49d81ae03d5b8ee1__ordinary_control,0,0.0005165457259863615,deberta,leave_one_model__qwen2_5_7b_instruct_q4_k_m,validation,matched_clean_llm,dedup-cluster-0eb47bf23cdaa7b54a0335a2,revision_v1_token_128_bit_hex_055,llama3_8b_instruct_q4_k_m,nonseg_ascii_b8,token_128_bit_hex,narrative_small_discovery
detector_pair__909d183d49d81ae03d5b8ee1__rankcloak,1,0.8678140044212341,deberta,leave_one_model__qwen2_5_7b_instruct_q4_k_m,validation,matched_clean_llm,dedup-cluster-0eb47bf23cdaa7b54a0335a2,revision_v1_token_128_bit_hex_055,llama3_8b_instruct_q4_k_m,nonseg_ascii_b8,token_128_bit_hex,narrative_small_discovery
detector_pair__90dd9920e080905bc316875e__ordinary_control,0,0.00030687174876220524,deberta,leave_one_model__qwen2_5_7b_instruct_q4_k_m,validation,matched_clean_llm,dedup-cluster-40f1050b751f94d4062ce3bb,revision_v1_aes256_gcm_base64_032,llama3_8b_instruct_q4_k_m,nonseg_ascii_b16,aes256_gcm_base64,professional_schedule_note
detector_pair__90dd9920e080905bc316875e__rankcloak,1,0.935520589351654,deberta,leave_one_model__qwen2_5_7b_instruct_q4_k_m,validation,matched_clean_llm,dedup-cluster-40f1050b751f94d4062ce3bb,revision_v1_aes256_gcm_base64_032,llama3_8b_instruct_q4_k_m,nonseg_ascii_b16,aes256_gcm_base64,professional_schedule_note
detector_pair__90fe637379f478823fae9e5e__ordinary_control,0,0.0006833392544649541,deberta,leave_one_model__qwen2_5_7b_instruct_q4_k_m,validation,matched_clean_llm,dedup-cluster-68e08a4fc96aff3403abad93,revision_v1_nonce_96_bit_hex_031,llama3_8b_instruct_q4_k_m,nonseg_ascii_b8,nonce_96_bit_hex,procedure_home_task
detector_pair__90fe637379f478823fae9e5e__rankcloak,1,0.465347021818161,deberta,leave_one_model__qwen2_5_7b_instruct_q4_k_m,validation,matched_clean_llm,dedup-cluster-68e08a4fc96aff3403abad93,revision_v1_nonce_96_bit_hex_031,llama3_8b_instruct_q4_k_m,nonseg_ascii_b8,nonce_96_bit_hex,procedure_home_task
detector_pair__91281c492a15dd454dacd674__ordinary_control,0,0.0024178940802812576,deberta,leave_one_model__qwen2_5_7b_instruct_q4_k_m,validation,matched_clean_llm,dedup-cluster-5c707906476e8093ab209bdf,revision_v1_ed25519_signature_base64_020,mistral_7b_instruct_v0_3_q4_k_m,nonseg_ascii_b8,ed25519_signature_base64,explain_weather_pattern
detector_pair__91281c492a15dd454dacd674__rankcloak,1,0.9966894388198853,deberta,leave_one_model__qwen2_5_7b_instruct_q4_k_m,validation,matched_clean_llm,dedup-cluster-5c707906476e8093ab209bdf,revision_v1_ed25519_signature_base64_020,mistral_7b_instruct_v0_3_q4_k_m,nonseg_ascii_b8,ed25519_signature_base64,explain_weather_pattern
detector_pair__912c17da996a3d3f19c4d5f1__ordinary_control,0,0.00038536771899089217,deberta,leave_one_model__qwen2_5_7b_instruct_q4_k_m,validation,matched_clean_llm,dedup-cluster-edb6b099f1dff5a3bddeca8c,revision_v1_sha256_hex_012,llama3_8b_instruct_q4_k_m,nonseg_ascii_b16,sha256_hex,casual_neighborhood_chat
detector_pair__912c17da996a3d3f19c4d5f1__rankcloak,1,0.970573902130127,deberta,leave_one_model__qwen2_5_7b_instruct_q4_k_m,validation,matched_clean_llm,dedup-cluster-edb6b099f1dff5a3bddeca8c,revision_v1_sha256_hex_012,llama3_8b_instruct_q4_k_m,nonseg_ascii_b16,sha256_hex,casual_neighborhood_chat
detector_pair__9145501971bb4b149ceea2fd__ordinary_control,0,0.0007477742619812489,deberta,leave_one_model__qwen2_5_7b_instruct_q4_k_m,validation,matched_clean_llm,dedup-cluster-2e2ec68963e479ffd3172011,revision_v1_ed25519_signature_base64_005,llama3_8b_instruct_q4_k_m,nonseg_ascii_b8,ed25519_signature_base64,casual_hobby_chat
detector_pair__9145501971bb4b149ceea2fd__rankcloak,1,0.9935105443000793,deberta,leave_one_model__qwen2_5_7b_instruct_q4_k_m,validation,matched_clean_llm,dedup-cluster-2e2ec68963e479ffd3172011,revision_v1_ed25519_signature_base64_005,llama3_8b_instruct_q4_k_m,nonseg_ascii_b8,ed25519_signature_base64,casual_hobby_chat
detector_pair__919436f99bb3d94f196a40df__ordinary_control,0,0.00028096590540371835,deberta,leave_one_model__qwen2_5_7b_instruct_q4_k_m,validation,matched_clean_llm,dedup-cluster-a877ac9e15d9982c5f795957,revision_v1_sha256_hex_048,llama3_8b_instruct_q4_k_m,segmented_hex_single_topic,sha256_hex,casual_neighborhood_chat
detector_pair__919436f99bb3d94f196a40df__rankcloak,1,0.999687910079956,deberta,leave_one_model__qwen2_5_7b_instruct_q4_k_m,validation,matched_clean_llm,dedup-cluster-a877ac9e15d9982c5f795957,revision_v1_sha256_hex_048,llama3_8b_instruct_q4_k_m,segmented_hex_single_topic,sha256_hex,casual_neighborhood_chat
detector_pair__91faf4ab54134870cddb40d7__ordinary_control,0,0.0009952712571248412,deberta,leave_one_model__qwen2_5_7b_instruct_q4_k_m,validation,matched_clean_llm,dedup-cluster-37d4a9d7e9509ca2f58035f8,revision_v1_hmac_sha256_hex_022,mistral_7b_instruct_v0_3_q4_k_m,segmented_hex_single_topic,hmac_sha256_hex,professional_project_update
detector_pair__91faf4ab54134870cddb40d7__rankcloak,1,0.9997586607933044,deberta,leave_one_model__qwen2_5_7b_instruct_q4_k_m,validation,matched_clean_llm,dedup-cluster-37d4a9d7e9509ca2f58035f8,revision_v1_hmac_sha256_hex_022,mistral_7b_instruct_v0_3_q4_k_m,segmented_hex_single_topic,hmac_sha256_hex,professional_project_update
detector_pair__925f16940526d3f324be26a1__ordinary_control,0,0.0014253848930820823,deberta,leave_one_model__qwen2_5_7b_instruct_q4_k_m,validation,matched_clean_llm,dedup-cluster-725b5797405341915f74ba63,revision_v1_token_128_bit_hex_006,mistral_7b_instruct_v0_3_q4_k_m,segmented_hex_multi_topic,token_128_bit_hex,explain_weather_pattern
detector_pair__925f16940526d3f324be26a1__rankcloak,1,0.9823769330978394,deberta,leave_one_model__qwen2_5_7b_instruct_q4_k_m,validation,matched_clean_llm,dedup-cluster-725b5797405341915f74ba63,revision_v1_token_128_bit_hex_006,mistral_7b_instruct_v0_3_q4_k_m,segmented_hex_multi_topic,token_128_bit_hex,explain_weather_pattern
detector_pair__9275549d059b65f9f4e3575c__ordinary_control,0,0.0002718237228691578,deberta,leave_one_model__qwen2_5_7b_instruct_q4_k_m,validation,matched_clean_llm,dedup-cluster-e303bfe023e32c25389ebaf9,revision_v1_token_128_bit_hex_057,llama3_8b_instruct_q4_k_m,nonseg_ascii_b8,token_128_bit_hex,casual_weekend_chat
detector_pair__9275549d059b65f9f4e3575c__rankcloak,1,0.9837172031402588,deberta,leave_one_model__qwen2_5_7b_instruct_q4_k_m,validation,matched_clean_llm,dedup-cluster-e303bfe023e32c25389ebaf9,revision_v1_token_128_bit_hex_057,llama3_8b_instruct_q4_k_m,nonseg_ascii_b8,token_128_bit_hex,casual_weekend_chat
detector_pair__9296f06f8486028353b4bdd0__ordinary_control,0,0.0009578043827787042,deberta,leave_one_model__qwen2_5_7b_instruct_q4_k_m,validation,matched_clean_llm,dedup-cluster-6136de4e90d44eb994005d2a,revision_v1_uuid_v4_051,mistral_7b_instruct_v0_3_q4_k_m,nonseg_ascii_b16,uuid_v4,procedure_garden_task
detector_pair__9296f06f8486028353b4bdd0__rankcloak,1,0.9995044469833374,deberta,leave_one_model__qwen2_5_7b_instruct_q4_k_m,validation,matched_clean_llm,dedup-cluster-6136de4e90d44eb994005d2a,revision_v1_uuid_v4_051,mistral_7b_instruct_v0_3_q4_k_m,nonseg_ascii_b16,uuid_v4,procedure_garden_task
detector_pair__92ab203fdc7f03797f8be163__ordinary_control,0,0.0021094470284879208,deberta,leave_one_model__qwen2_5_7b_instruct_q4_k_m,validation,matched_clean_llm,dedup-cluster-b814eb53fabc825fc651b86a,revision_v1_chacha20_poly1305_base64_029,llama3_8b_instruct_q4_k_m,direct_subword_calgacus,chacha20_poly1305_base64,explain_everyday_system
detector_pair__92ab203fdc7f03797f8be163__rankcloak,1,0.9998055100440979,deberta,leave_one_model__qwen2_5_7b_instruct_q4_k_m,validation,matched_clean_llm,dedup-cluster-b814eb53fabc825fc651b86a,revision_v1_chacha20_poly1305_base64_029,llama3_8b_instruct_q4_k_m,direct_subword_calgacus,chacha20_poly1305_base64,explain_everyday_system
detector_pair__92d7e36adbb46d01f0e854fa__ordinary_control,0,0.0007001974154263735,deberta,leave_one_model__qwen2_5_7b_instruct_q4_k_m,validation,matched_clean_llm,dedup-cluster-d80c78b75330766130b70bf5,revision_v1_hmac_sha256_hex_030,llama3_8b_instruct_q4_k_m,segmented_hex_single_topic,hmac_sha256_hex,professional_project_update
detector_pair__92d7e36adbb46d01f0e854fa__rankcloak,1,0.9996036887168884,deberta,leave_one_model__qwen2_5_7b_instruct_q4_k_m,validation,matched_clean_llm,dedup-cluster-d80c78b75330766130b70bf5,revision_v1_hmac_sha256_hex_030,llama3_8b_instruct_q4_k_m,segmented_hex_single_topic,hmac_sha256_hex,professional_project_update
detector_pair__92ddc9beb6b8624a4a172858__ordinary_control,0,0.0003174640005454421,deberta,leave_one_model__qwen2_5_7b_instruct_q4_k_m,validation,matched_clean_llm,dedup-cluster-a1abcb49aa12280f617295a6,revision_v1_sha256_hex_034,mistral_7b_instruct_v0_3_q4_k_m,segmented_hex_single_topic,sha256_hex,casual_hobby_chat
detector_pair__92ddc9beb6b8624a4a172858__rankcloak,1,0.9997923970222473,deberta,leave_one_model__qwen2_5_7b_instruct_q4_k_m,validation,matched_clean_llm,dedup-cluster-a1abcb49aa12280f617295a6,revision_v1_sha256_hex_034,mistral_7b_instruct_v0_3_q4_k_m,segmented_hex_single_topic,sha256_hex,casual_hobby_chat
detector_pair__93307911137b9bb033a1f60a__ordinary_control,0,0.000507792632561177,deberta,leave_one_model__qwen2_5_7b_instruct_q4_k_m,validation,matched_clean_llm,dedup-cluster-4df1f95590c9f69533ae0634,revision_v1_nonce_96_bit_hex_027,mistral_7b_instruct_v0_3_q4_k_m,segmented_hex_single_topic,nonce_96_bit_hex,professional_process_email
detector_pair__93307911137b9bb033a1f60a__rankcloak,1,0.9970097541809082,deberta,leave_one_model__qwen2_5_7b_instruct_q4_k_m,validation,matched_clean_llm,dedup-cluster-4df1f95590c9f69533ae0634,revision_v1_nonce_96_bit_hex_027,mistral_7b_instruct_v0_3_q4_k_m,segmented_hex_single_topic,nonce_96_bit_hex,professional_process_email
detector_pair__93f5d807d5698f3c5521cac8__ordinary_control,0,0.00028325343737378716,deberta,leave_one_model__qwen2_5_7b_instruct_q4_k_m,validation,matched_clean_llm,dedup-cluster-d6ec75465813ed2c729c38e9,revision_v1_aes256_gcm_base64_053,mistral_7b_instruct_v0_3_q4_k_m,nonseg_ascii_b8,aes256_gcm_base64,casual_weekend_chat
detector_pair__93f5d807d5698f3c5521cac8__rankcloak,1,0.9988652467727661,deberta,leave_one_model__qwen2_5_7b_instruct_q4_k_m,validation,matched_clean_llm,dedup-cluster-d6ec75465813ed2c729c38e9,revision_v1_aes256_gcm_base64_053,mistral_7b_instruct_v0_3_q4_k_m,nonseg_ascii_b8,aes256_gcm_base64,casual_weekend_chat
detector_pair__9401b38e781c63c221a9376b__ordinary_control,0,0.0002604522742331028,deberta,leave_one_model__qwen2_5_7b_instruct_q4_k_m,validation,matched_clean_llm,dedup-cluster-74a6b9f9e3047bf7067f2ba2,revision_v1_aes256_gcm_base64_047,mistral_7b_instruct_v0_3_q4_k_m,direct_subword_calgacus,aes256_gcm_base64,casual_neighborhood_chat
detector_pair__9401b38e781c63c221a9376b__rankcloak,1,0.9997915625572205,deberta,leave_one_model__qwen2_5_7b_instruct_q4_k_m,validation,matched_clean_llm,dedup-cluster-74a6b9f9e3047bf7067f2ba2,revision_v1_aes256_gcm_base64_047,mistral_7b_instruct_v0_3_q4_k_m,direct_subword_calgacus,aes256_gcm_base64,casual_neighborhood_chat
detector_pair__94635bdba6639126c52c8247__ordinary_control,0,0.0005354767781682312,deberta,leave_one_model__qwen2_5_7b_instruct_q4_k_m,validation,matched_clean_llm,dedup-cluster-32ad4bf593b222d70a8ca962,revision_v1_hmac_sha256_hex_053,mistral_7b_instruct_v0_3_q4_k_m,segmented_hex_single_topic,hmac_sha256_hex,forum_learning_answer
detector_pair__94635bdba6639126c52c8247__rankcloak,1,0.9961202144622803,deberta,leave_one_model__qwen2_5_7b_instruct_q4_k_m,validation,matched_clean_llm,dedup-cluster-32ad4bf593b222d70a8ca962,revision_v1_hmac_sha256_hex_053,mistral_7b_instruct_v0_3_q4_k_m,segmented_hex_single_topic,hmac_sha256_hex,forum_learning_answer
detector_pair__9470e5739d5dd84b7d3ad4e6__ordinary_control,0,0.0006964553613215685,deberta,leave_one_model__qwen2_5_7b_instruct_q4_k_m,validation,matched_clean_llm,dedup-cluster-21724430ac9765521f1234e5,revision_v1_token_128_bit_hex_056,llama3_8b_instruct_q4_k_m,segmented_hex_multi_topic,token_128_bit_hex,explain_weather_pattern
detector_pair__9470e5739d5dd84b7d3ad4e6__rankcloak,1,0.048622459173202515,deberta,leave_one_model__qwen2_5_7b_instruct_q4_k_m,validation,matched_clean_llm,dedup-cluster-21724430ac9765521f1234e5,revision_v1_token_128_bit_hex_056,llama3_8b_instruct_q4_k_m,segmented_hex_multi_topic,token_128_bit_hex,explain_weather_pattern
detector_pair__94ed6cb28d472d321af815fe__ordinary_control,0,0.0003891296510118991,deberta,leave_one_model__qwen2_5_7b_instruct_q4_k_m,validation,matched_clean_llm,dedup-cluster-edb6b099f1dff5a3bddeca8c,revision_v1_sha256_hex_012,llama3_8b_instruct_q4_k_m,segmented_hex_multi_topic,sha256_hex,casual_neighborhood_chat
detector_pair__94ed6cb28d472d321af815fe__rankcloak,1,0.9997805953025818,deberta,leave_one_model__qwen2_5_7b_instruct_q4_k_m,validation,matched_clean_llm,dedup-cluster-edb6b099f1dff5a3bddeca8c,revision_v1_sha256_hex_012,llama3_8b_instruct_q4_k_m,segmented_hex_multi_topic,sha256_hex,casual_neighborhood_chat
detector_pair__957f248fdfd233fa12e11017__ordinary_control,0,0.001995755359530449,deberta,leave_one_model__qwen2_5_7b_instruct_q4_k_m,validation,matched_clean_llm,dedup-cluster-5c707906476e8093ab209bdf,revision_v1_ed25519_signature_base64_020,mistral_7b_instruct_v0_3_q4_k_m,nonseg_ascii_b16,ed25519_signature_base64,explain_weather_pattern
detector_pair__957f248fdfd233fa12e11017__rankcloak,1,0.9991270899772644,deberta,leave_one_model__qwen2_5_7b_instruct_q4_k_m,validation,matched_clean_llm,dedup-cluster-5c707906476e8093ab209bdf,revision_v1_ed25519_signature_base64_020,mistral_7b_instruct_v0_3_q4_k_m,nonseg_ascii_b16,ed25519_signature_base64,explain_weather_pattern
detector_pair__95a18294c0abeda3be7e34e9__ordinary_control,0,0.0005191625677980483,deberta,leave_one_model__qwen2_5_7b_instruct_q4_k_m,validation,matched_clean_llm,dedup-cluster-4c7d81d9bc771045be64324c,revision_v1_nonce_96_bit_hex_001,mistral_7b_instruct_v0_3_q4_k_m,nonseg_ascii_b8,nonce_96_bit_hex,explain_everyday_system
detector_pair__95a18294c0abeda3be7e34e9__rankcloak,1,0.9500430822372437,deberta,leave_one_model__qwen2_5_7b_instruct_q4_k_m,validation,matched_clean_llm,dedup-cluster-4c7d81d9bc771045be64324c,revision_v1_nonce_96_bit_hex_001,mistral_7b_instruct_v0_3_q4_k_m,nonseg_ascii_b8,nonce_96_bit_hex,explain_everyday_system
detector_pair__95b1fc44b0121b2d05176e72__ordinary_control,0,0.041847601532936096,deberta,leave_one_model__qwen2_5_7b_instruct_q4_k_m,validation,matched_clean_llm,dedup-cluster-d028afde8d3446e776f3bdbf,revision_v1_hmac_sha256_hex_013,llama3_8b_instruct_q4_k_m,segmented_hex_multi_topic,hmac_sha256_hex,forum_practical_answer
detector_pair__95b1fc44b0121b2d05176e72__rankcloak,1,0.9997437596321106,deberta,leave_one_model__qwen2_5_7b_instruct_q4_k_m,validation,matched_clean_llm,dedup-cluster-d028afde8d3446e776f3bdbf,revision_v1_hmac_sha256_hex_013,llama3_8b_instruct_q4_k_m,segmented_hex_multi_topic,hmac_sha256_hex,forum_practical_answer
detector_pair__95f583cf5f72afb721f76bd6__ordinary_control,0,0.00027932648663409054,deberta,leave_one_model__qwen2_5_7b_instruct_q4_k_m,validation,matched_clean_llm,dedup-cluster-a34a1c3f812dbedb8252c73c,revision_v1_ed25519_signature_base64_015,mistral_7b_instruct_v0_3_q4_k_m,nonseg_ascii_b16,ed25519_signature_base64,casual_neighborhood_chat
detector_pair__95f583cf5f72afb721f76bd6__rankcloak,1,0.9996311664581299,deberta,leave_one_model__qwen2_5_7b_instruct_q4_k_m,validation,matched_clean_llm,dedup-cluster-a34a1c3f812dbedb8252c73c,revision_v1_ed25519_signature_base64_015,mistral_7b_instruct_v0_3_q4_k_m,nonseg_ascii_b16,ed25519_signature_base64,casual_neighborhood_chat
detector_pair__975e213a38046b62cf6a9c51__ordinary_control,0,0.0003803108702413738,deberta,leave_one_model__qwen2_5_7b_instruct_q4_k_m,validation,matched_clean_llm,dedup-cluster-17900f3eff20bb84e24fa1da,revision_v1_token_128_bit_hex_021,llama3_8b_instruct_q4_k_m,segmented_hex_single_topic,token_128_bit_hex,casual_weekend_chat
detector_pair__975e213a38046b62cf6a9c51__rankcloak,1,0.9973697662353516,deberta,leave_one_model__qwen2_5_7b_instruct_q4_k_m,validation,matched_clean_llm,dedup-cluster-17900f3eff20bb84e24fa1da,revision_v1_token_128_bit_hex_021,llama3_8b_instruct_q4_k_m,segmented_hex_single_topic,token_128_bit_hex,casual_weekend_chat
detector_pair__979f433b2c24a49bb1bbcd8c__ordinary_control,0,0.0007019477197900414,deberta,leave_one_model__qwen2_5_7b_instruct_q4_k_m,validation,matched_clean_llm,dedup-cluster-4df1f95590c9f69533ae0634,revision_v1_nonce_96_bit_hex_027,mistral_7b_instruct_v0_3_q4_k_m,nonseg_hex_nibble_b16,nonce_96_bit_hex,professional_process_email
detector_pair__979f433b2c24a49bb1bbcd8c__rankcloak,1,0.9993263483047485,deberta,leave_one_model__qwen2_5_7b_instruct_q4_k_m,validation,matched_clean_llm,dedup-cluster-4df1f95590c9f69533ae0634,revision_v1_nonce_96_bit_hex_027,mistral_7b_instruct_v0_3_q4_k_m,nonseg_hex_nibble_b16,nonce_96_bit_hex,professional_process_email
detector_pair__97dc226cb4b3a9f020530587__ordinary_control,0,0.0004837130254600197,deberta,leave_one_model__qwen2_5_7b_instruct_q4_k_m,validation,matched_clean_llm,dedup-cluster-c581ece2a3e5e2c3b74d6d5e,revision_v1_chacha20_poly1305_base64_016,llama3_8b_instruct_q4_k_m,nonseg_ascii_b8,chacha20_poly1305_base64,narrative_learning_moment
detector_pair__97dc226cb4b3a9f020530587__rankcloak,1,0.9938443899154663,deberta,leave_one_model__qwen2_5_7b_instruct_q4_k_m,validation,matched_clean_llm,dedup-cluster-c581ece2a3e5e2c3b74d6d5e,revision_v1_chacha20_poly1305_base64_016,llama3_8b_instruct_q4_k_m,nonseg_ascii_b8,chacha20_poly1305_base64,narrative_learning_moment
detector_pair__97f6c0a3f3e6f986b88b8e37__ordinary_control,0,0.004006714094430208,deberta,leave_one_model__qwen2_5_7b_instruct_q4_k_m,validation,matched_clean_llm,dedup-cluster-e303bfe023e32c25389ebaf9,revision_v1_token_128_bit_hex_057,mistral_7b_instruct_v0_3_q4_k_m,nonseg_ascii_b16,token_128_bit_hex,forum_learning_answer
detector_pair__97f6c0a3f3e6f986b88b8e37__rankcloak,1,0.9924801588058472,deberta,leave_one_model__qwen2_5_7b_instruct_q4_k_m,validation,matched_clean_llm,dedup-cluster-e303bfe023e32c25389ebaf9,revision_v1_token_128_bit_hex_057,mistral_7b_instruct_v0_3_q4_k_m,nonseg_ascii_b16,token_128_bit_hex,forum_learning_answer
detector_pair__98129b4f2aeabd1b3d0292de__ordinary_control,0,0.000346202461514622,deberta,leave_one_model__qwen2_5_7b_instruct_q4_k_m,validation,matched_clean_llm,dedup-cluster-23688669a27f472f3b4c7be0,revision_v1_uuid_v4_038,mistral_7b_instruct_v0_3_q4_k_m,nonseg_ascii_b16,uuid_v4,forum_practical_answer
detector_pair__98129b4f2aeabd1b3d0292de__rankcloak,1,0.9695549607276917,deberta,leave_one_model__qwen2_5_7b_instruct_q4_k_m,validation,matched_clean_llm,dedup-cluster-23688669a27f472f3b4c7be0,revision_v1_uuid_v4_038,mistral_7b_instruct_v0_3_q4_k_m,nonseg_ascii_b16,uuid_v4,forum_practical_answer
detector_pair__9859ad7bda8d4743f4514e09__ordinary_control,0,0.0009729456505738199,deberta,leave_one_model__qwen2_5_7b_instruct_q4_k_m,validation,matched_clean_llm,dedup-cluster-298834ce3caac8f77b13ddc3,revision_v1_aes256_gcm_base64_031,mistral_7b_instruct_v0_3_q4_k_m,nonseg_ascii_b8,aes256_gcm_base64,forum_practical_answer
detector_pair__9859ad7bda8d4743f4514e09__rankcloak,1,0.9994288086891174,deberta,leave_one_model__qwen2_5_7b_instruct_q4_k_m,validation,matched_clean_llm,dedup-cluster-298834ce3caac8f77b13ddc3,revision_v1_aes256_gcm_base64_031,mistral_7b_instruct_v0_3_q4_k_m,nonseg_ascii_b8,aes256_gcm_base64,forum_practical_answer
detector_pair__986ef07112e5c09af5a91a70__ordinary_control,0,0.00037818317650817335,deberta,leave_one_model__qwen2_5_7b_instruct_q4_k_m,validation,matched_clean_llm,dedup-cluster-17900f3eff20bb84e24fa1da,revision_v1_token_128_bit_hex_021,mistral_7b_instruct_v0_3_q4_k_m,nonseg_hex_nibble_b16,token_128_bit_hex,forum_learning_answer
detector_pair__986ef07112e5c09af5a91a70__rankcloak,1,0.9996030926704407,deberta,leave_one_model__qwen2_5_7b_instruct_q4_k_m,validation,matched_clean_llm,dedup-cluster-17900f3eff20bb84e24fa1da,revision_v1_token_128_bit_hex_021,mistral_7b_instruct_v0_3_q4_k_m,nonseg_hex_nibble_b16,token_128_bit_hex,forum_learning_answer
detector_pair__986f581218474be266698660__ordinary_control,0,0.0004277449334040284,deberta,leave_one_model__qwen2_5_7b_instruct_q4_k_m,validation,matched_clean_llm,dedup-cluster-339659e6d45626f95acf4c5b,revision_v1_nonce_96_bit_hex_052,mistral_7b_instruct_v0_3_q4_k_m,segmented_hex_multi_topic,nonce_96_bit_hex,forum_practical_answer
detector_pair__986f581218474be266698660__rankcloak,1,0.7873342633247375,deberta,leave_one_model__qwen2_5_7b_instruct_q4_k_m,validation,matched_clean_llm,dedup-cluster-339659e6d45626f95acf4c5b,revision_v1_nonce_96_bit_hex_052,mistral_7b_instruct_v0_3_q4_k_m,segmented_hex_multi_topic,nonce_96_bit_hex,forum_practical_answer
detector_pair__988ad301a98cc223929f90ed__ordinary_control,0,0.0012700996594503522,deberta,leave_one_model__qwen2_5_7b_instruct_q4_k_m,validation,matched_clean_llm,dedup-cluster-48d7da6cd06bde46d05aad3f,revision_v1_sha256_hex_056,llama3_8b_instruct_q4_k_m,segmented_hex_single_topic,sha256_hex,forum_practical_answer
detector_pair__988ad301a98cc223929f90ed__rankcloak,1,0.9997287392616272,deberta,leave_one_model__qwen2_5_7b_instruct_q4_k_m,validation,matched_clean_llm,dedup-cluster-48d7da6cd06bde46d05aad3f,revision_v1_sha256_hex_056,llama3_8b_instruct_q4_k_m,segmented_hex_single_topic,sha256_hex,forum_practical_answer
detector_pair__9898aea5baeb34321314f2ed__ordinary_control,0,0.0006432318477891386,deberta,leave_one_model__qwen2_5_7b_instruct_q4_k_m,validation,matched_clean_llm,dedup-cluster-5ace189a35be6720f7c9dc5e,revision_v1_chacha20_poly1305_base64_057,mistral_7b_instruct_v0_3_q4_k_m,direct_subword_calgacus,chacha20_poly1305_base64,explain_biological_process
detector_pair__9898aea5baeb34321314f2ed__rankcloak,1,0.9998162388801575,deberta,leave_one_model__qwen2_5_7b_instruct_q4_k_m,validation,matched_clean_llm,dedup-cluster-5ace189a35be6720f7c9dc5e,revision_v1_chacha20_poly1305_base64_057,mistral_7b_instruct_v0_3_q4_k_m,direct_subword_calgacus,chacha20_poly1305_base64,explain_biological_process
detector_pair__99517bf1b0fbe88df12c74b1__ordinary_control,0,0.0014347545802593231,deberta,leave_one_model__qwen2_5_7b_instruct_q4_k_m,validation,matched_clean_llm,dedup-cluster-e8b46972e25b5d16f253b139,revision_v1_nonce_96_bit_hex_005,llama3_8b_instruct_q4_k_m,segmented_hex_single_topic,nonce_96_bit_hex,professional_process_email
detector_pair__99517bf1b0fbe88df12c74b1__rankcloak,1,0.9334937334060669,deberta,leave_one_model__qwen2_5_7b_instruct_q4_k_m,validation,matched_clean_llm,dedup-cluster-e8b46972e25b5d16f253b139,revision_v1_nonce_96_bit_hex_005,llama3_8b_instruct_q4_k_m,segmented_hex_single_topic,nonce_96_bit_hex,professional_process_email
detector_pair__9994751d75e3cefd741289c6__ordinary_control,0,0.0014868163270875812,deberta,leave_one_model__qwen2_5_7b_instruct_q4_k_m,validation,matched_clean_llm,dedup-cluster-0eb47bf23cdaa7b54a0335a2,revision_v1_token_128_bit_hex_055,llama3_8b_instruct_q4_k_m,segmented_hex_single_topic,token_128_bit_hex,narrative_small_discovery
detector_pair__9994751d75e3cefd741289c6__rankcloak,1,0.029974358156323433,deberta,leave_one_model__qwen2_5_7b_instruct_q4_k_m,validation,matched_clean_llm,dedup-cluster-0eb47bf23cdaa7b54a0335a2,revision_v1_token_128_bit_hex_055,llama3_8b_instruct_q4_k_m,segmented_hex_single_topic,token_128_bit_hex,narrative_small_discovery
detector_pair__9a1f14d8436a644b9a4d81dc__ordinary_control,0,0.001858819741755724,deberta,leave_one_model__qwen2_5_7b_instruct_q4_k_m,validation,matched_clean_llm,dedup-cluster-6ce30f9a3e80626084969f2a,revision_v1_ed25519_signature_base64_043,llama3_8b_instruct_q4_k_m,nonseg_ascii_b8,ed25519_signature_base64,forum_learning_answer
detector_pair__9a1f14d8436a644b9a4d81dc__rankcloak,1,0.9913817048072815,deberta,leave_one_model__qwen2_5_7b_instruct_q4_k_m,validation,matched_clean_llm,dedup-cluster-6ce30f9a3e80626084969f2a,revision_v1_ed25519_signature_base64_043,llama3_8b_instruct_q4_k_m,nonseg_ascii_b8,ed25519_signature_base64,forum_learning_answer
detector_pair__9a421efafa37b39571acfcba__ordinary_control,0,0.0007173071498982608,deberta,leave_one_model__qwen2_5_7b_instruct_q4_k_m,validation,matched_clean_llm,dedup-cluster-92db4da9195620c7435535fe,revision_v1_ed25519_signature_base64_008,llama3_8b_instruct_q4_k_m,direct_subword_calgacus,ed25519_signature_base64,procedure_garden_task
detector_pair__9a421efafa37b39571acfcba__rankcloak,1,0.9998090863227844,deberta,leave_one_model__qwen2_5_7b_instruct_q4_k_m,validation,matched_clean_llm,dedup-cluster-92db4da9195620c7435535fe,revision_v1_ed25519_signature_base64_008,llama3_8b_instruct_q4_k_m,direct_subword_calgacus,ed25519_signature_base64,procedure_garden_task
detector_pair__9a68b25a84dc6a0527c044a9__ordinary_control,0,0.0005731802084483206,deberta,leave_one_model__qwen2_5_7b_instruct_q4_k_m,validation,matched_clean_llm,dedup-cluster-725b5797405341915f74ba63,revision_v1_token_128_bit_hex_006,mistral_7b_instruct_v0_3_q4_k_m,nonseg_ascii_b8,token_128_bit_hex,explain_weather_pattern
detector_pair__9a68b25a84dc6a0527c044a9__rankcloak,1,0.9993165731430054,deberta,leave_one_model__qwen2_5_7b_instruct_q4_k_m,validation,matched_clean_llm,dedup-cluster-725b5797405341915f74ba63,revision_v1_token_128_bit_hex_006,mistral_7b_instruct_v0_3_q4_k_m,nonseg_ascii_b8,token_128_bit_hex,explain_weather_pattern
detector_pair__9a6a8496c7f8a14a160b76ea__ordinary_control,0,0.001350643578916788,deberta,leave_one_model__qwen2_5_7b_instruct_q4_k_m,validation,matched_clean_llm,dedup-cluster-bc86fac7c4db3068f8c80ad3,revision_v1_chacha20_poly1305_base64_048,mistral_7b_instruct_v0_3_q4_k_m,nonseg_ascii_b8,chacha20_poly1305_base64,forum_purchase_advice
detector_pair__9a6a8496c7f8a14a160b76ea__rankcloak,1,0.9997710585594177,deberta,leave_one_model__qwen2_5_7b_instruct_q4_k_m,validation,matched_clean_llm,dedup-cluster-bc86fac7c4db3068f8c80ad3,revision_v1_chacha20_poly1305_base64_048,mistral_7b_instruct_v0_3_q4_k_m,nonseg_ascii_b8,chacha20_poly1305_base64,forum_purchase_advice
detector_pair__9aeec470027bcc3afd844fbb__ordinary_control,0,0.000663535378407687,deberta,leave_one_model__qwen2_5_7b_instruct_q4_k_m,validation,matched_clean_llm,dedup-cluster-59f7511f5e7a9e62060c4324,revision_v1_uuid_v4_058,llama3_8b_instruct_q4_k_m,direct_subword_calgacus,uuid_v4,forum_purchase_advice
detector_pair__9aeec470027bcc3afd844fbb__rankcloak,1,0.9003942012786865,deberta,leave_one_model__qwen2_5_7b_instruct_q4_k_m,validation,matched_clean_llm,dedup-cluster-59f7511f5e7a9e62060c4324,revision_v1_uuid_v4_058,llama3_8b_instruct_q4_k_m,direct_subword_calgacus,uuid_v4,forum_purchase_advice
detector_pair__9b34209cfd631ae609c6e682__ordinary_control,0,0.0002951090282294899,deberta,leave_one_model__qwen2_5_7b_instruct_q4_k_m,validation,matched_clean_llm,dedup-cluster-e39d52527261844e25cbad0b,revision_v1_uuid_v4_006,mistral_7b_instruct_v0_3_q4_k_m,nonseg_ascii_b8,uuid_v4,casual_hobby_chat
detector_pair__9b34209cfd631ae609c6e682__rankcloak,1,0.9289649128913879,deberta,leave_one_model__qwen2_5_7b_instruct_q4_k_m,validation,matched_clean_llm,dedup-cluster-e39d52527261844e25cbad0b,revision_v1_uuid_v4_006,mistral_7b_instruct_v0_3_q4_k_m,nonseg_ascii_b8,uuid_v4,casual_hobby_chat
detector_pair__9b4590675507733c99bc26af__ordinary_control,0,0.0010885072406381369,deberta,leave_one_model__qwen2_5_7b_instruct_q4_k_m,validation,matched_clean_llm,dedup-cluster-1d730332b470450b93b8b767,revision_v1_hmac_sha256_hex_006,mistral_7b_instruct_v0_3_q4_k_m,nonseg_ascii_b16,hmac_sha256_hex,procedure_home_task
detector_pair__9b4590675507733c99bc26af__rankcloak,1,0.9996249675750732,deberta,leave_one_model__qwen2_5_7b_instruct_q4_k_m,validation,matched_clean_llm,dedup-cluster-1d730332b470450b93b8b767,revision_v1_hmac_sha256_hex_006,mistral_7b_instruct_v0_3_q4_k_m,nonseg_ascii_b16,hmac_sha256_hex,procedure_home_task
detector_pair__9b90142374667eb152671ad7__ordinary_control,0,0.0006052554817870259,deberta,leave_one_model__qwen2_5_7b_instruct_q4_k_m,validation,matched_clean_llm,dedup-cluster-631342e4862923cce8d3242b,revision_v1_sha256_hex_029,mistral_7b_instruct_v0_3_q4_k_m,segmented_hex_multi_topic,sha256_hex,professional_project_update
detector_pair__9b90142374667eb152671ad7__rankcloak,1,0.9996304512023926,deberta,leave_one_model__qwen2_5_7b_instruct_q4_k_m,validation,matched_clean_llm,dedup-cluster-631342e4862923cce8d3242b,revision_v1_sha256_hex_029,mistral_7b_instruct_v0_3_q4_k_m,segmented_hex_multi_topic,sha256_hex,professional_project_update
detector_pair__9b9956fcfa5d6eb3cf96fc29__ordinary_control,0,0.002639849204570055,deberta,leave_one_model__qwen2_5_7b_instruct_q4_k_m,validation,matched_clean_llm,dedup-cluster-a2b2305f32aed49b82a74ffb,revision_v1_chacha20_poly1305_base64_051,llama3_8b_instruct_q4_k_m,nonseg_ascii_b8,chacha20_poly1305_base64,procedure_garden_task
detector_pair__9b9956fcfa5d6eb3cf96fc29__rankcloak,1,0.9993243217468262,deberta,leave_one_model__qwen2_5_7b_instruct_q4_k_m,validation,matched_clean_llm,dedup-cluster-a2b2305f32aed49b82a74ffb,revision_v1_chacha20_poly1305_base64_051,llama3_8b_instruct_q4_k_m,nonseg_ascii_b8,chacha20_poly1305_base64,procedure_garden_task
detector_pair__9c0879902cc9f9c9597ce211__ordinary_control,0,0.0005243794294074178,deberta,leave_one_model__qwen2_5_7b_instruct_q4_k_m,validation,matched_clean_llm,dedup-cluster-d6ec75465813ed2c729c38e9,revision_v1_aes256_gcm_base64_053,llama3_8b_instruct_q4_k_m,nonseg_ascii_b16,aes256_gcm_base64,narrative_local_walk
detector_pair__9c0879902cc9f9c9597ce211__rankcloak,1,0.9970331192016602,deberta,leave_one_model__qwen2_5_7b_instruct_q4_k_m,validation,matched_clean_llm,dedup-cluster-d6ec75465813ed2c729c38e9,revision_v1_aes256_gcm_base64_053,llama3_8b_instruct_q4_k_m,nonseg_ascii_b16,aes256_gcm_base64,narrative_local_walk
detector_pair__9c199e46f7dd05df18b9f60e__ordinary_control,0,0.001225304906256497,deberta,leave_one_model__qwen2_5_7b_instruct_q4_k_m,validation,matched_clean_llm,dedup-cluster-a48caa544001e5d183a57eea,revision_v1_nonce_96_bit_hex_049,llama3_8b_instruct_q4_k_m,segmented_hex_multi_topic,nonce_96_bit_hex,procedure_home_task
detector_pair__9c199e46f7dd05df18b9f60e__rankcloak,1,0.9950575828552246,deberta,leave_one_model__qwen2_5_7b_instruct_q4_k_m,validation,matched_clean_llm,dedup-cluster-a48caa544001e5d183a57eea,revision_v1_nonce_96_bit_hex_049,llama3_8b_instruct_q4_k_m,segmented_hex_multi_topic,nonce_96_bit_hex,procedure_home_task
detector_pair__9c316b9696c3989e0408be33__ordinary_control,0,0.001992408186197281,deberta,leave_one_model__qwen2_5_7b_instruct_q4_k_m,validation,matched_clean_llm,dedup-cluster-48d7da6cd06bde46d05aad3f,revision_v1_sha256_hex_056,mistral_7b_instruct_v0_3_q4_k_m,segmented_hex_multi_topic,sha256_hex,narrative_learning_moment
detector_pair__9c316b9696c3989e0408be33__rankcloak,1,0.9997912049293518,deberta,leave_one_model__qwen2_5_7b_instruct_q4_k_m,validation,matched_clean_llm,dedup-cluster-48d7da6cd06bde46d05aad3f,revision_v1_sha256_hex_056,mistral_7b_instruct_v0_3_q4_k_m,segmented_hex_multi_topic,sha256_hex,narrative_learning_moment
detector_pair__9c6c0a61f1db299515d9231d__ordinary_control,0,0.00047359688323922455,deberta,leave_one_model__qwen2_5_7b_instruct_q4_k_m,validation,matched_clean_llm,dedup-cluster-cb374f9ca23dfd168fe55742,revision_v1_hmac_sha256_hex_055,mistral_7b_instruct_v0_3_q4_k_m,nonseg_hex_nibble_b16,hmac_sha256_hex,narrative_small_discovery
detector_pair__9c6c0a61f1db299515d9231d__rankcloak,1,0.9985581040382385,deberta,leave_one_model__qwen2_5_7b_instruct_q4_k_m,validation,matched_clean_llm,dedup-cluster-cb374f9ca23dfd168fe55742,revision_v1_hmac_sha256_hex_055,mistral_7b_instruct_v0_3_q4_k_m,nonseg_hex_nibble_b16,hmac_sha256_hex,narrative_small_discovery
detector_pair__9ca08bf3b0cfb9442e66098e__ordinary_control,0,0.001104426570236683,deberta,leave_one_model__qwen2_5_7b_instruct_q4_k_m,validation,matched_clean_llm,dedup-cluster-418e1dfdad8a13fa38873592,revision_v1_chacha20_poly1305_base64_003,llama3_8b_instruct_q4_k_m,direct_subword_calgacus,chacha20_poly1305_base64,procedure_simple_meal
detector_pair__9ca08bf3b0cfb9442e66098e__rankcloak,1,0.999783456325531,deberta,leave_one_model__qwen2_5_7b_instruct_q4_k_m,validation,matched_clean_llm,dedup-cluster-418e1dfdad8a13fa38873592,revision_v1_chacha20_poly1305_base64_003,llama3_8b_instruct_q4_k_m,direct_subword_calgacus,chacha20_poly1305_base64,procedure_simple_meal
detector_pair__9cee0f60322c9b27a584a047__ordinary_control,0,0.000853323785122484,deberta,leave_one_model__qwen2_5_7b_instruct_q4_k_m,validation,matched_clean_llm,dedup-cluster-53ddb375f906007b9492f105,revision_v1_sha256_hex_033,llama3_8b_instruct_q4_k_m,direct_subword_calgacus,sha256_hex,procedure_garden_task
detector_pair__9cee0f60322c9b27a584a047__rankcloak,1,0.9985769987106323,deberta,leave_one_model__qwen2_5_7b_instruct_q4_k_m,validation,matched_clean_llm,dedup-cluster-53ddb375f906007b9492f105,revision_v1_sha256_hex_033,llama3_8b_instruct_q4_k_m,direct_subword_calgacus,sha256_hex,procedure_garden_task
detector_pair__9d26248a8d12f74514a271f1__ordinary_control,0,0.028189189732074738,deberta,leave_one_model__qwen2_5_7b_instruct_q4_k_m,validation,matched_clean_llm,dedup-cluster-895f397b7b83bd34e4862c58,revision_v1_chacha20_poly1305_base64_033,mistral_7b_instruct_v0_3_q4_k_m,nonseg_ascii_b16,chacha20_poly1305_base64,explain_everyday_system
detector_pair__9d26248a8d12f74514a271f1__rankcloak,1,0.9997202754020691,deberta,leave_one_model__qwen2_5_7b_instruct_q4_k_m,validation,matched_clean_llm,dedup-cluster-895f397b7b83bd34e4862c58,revision_v1_chacha20_poly1305_base64_033,mistral_7b_instruct_v0_3_q4_k_m,nonseg_ascii_b16,chacha20_poly1305_base64,explain_everyday_system
detector_pair__9db3f8a1210e3f7f4f92670a__ordinary_control,0,0.0008772776345722377,deberta,leave_one_model__qwen2_5_7b_instruct_q4_k_m,validation,matched_clean_llm,dedup-cluster-c1384975805483ef72db522a,revision_v1_uuid_v4_047,llama3_8b_instruct_q4_k_m,direct_subword_calgacus,uuid_v4,procedure_garden_task
detector_pair__9db3f8a1210e3f7f4f92670a__rankcloak,1,0.170896977186203,deberta,leave_one_model__qwen2_5_7b_instruct_q4_k_m,validation,matched_clean_llm,dedup-cluster-c1384975805483ef72db522a,revision_v1_uuid_v4_047,llama3_8b_instruct_q4_k_m,direct_subword_calgacus,uuid_v4,procedure_garden_task
detector_pair__9df35c89c87dd88a30323e85__ordinary_control,0,0.0005921433330513537,deberta,leave_one_model__qwen2_5_7b_instruct_q4_k_m,validation,matched_clean_llm,dedup-cluster-68e08a4fc96aff3403abad93,revision_v1_nonce_96_bit_hex_031,llama3_8b_instruct_q4_k_m,segmented_hex_multi_topic,nonce_96_bit_hex,procedure_home_task
detector_pair__9df35c89c87dd88a30323e85__rankcloak,1,0.9916541576385498,deberta,leave_one_model__qwen2_5_7b_instruct_q4_k_m,validation,matched_clean_llm,dedup-cluster-68e08a4fc96aff3403abad93,revision_v1_nonce_96_bit_hex_031,llama3_8b_instruct_q4_k_m,segmented_hex_multi_topic,nonce_96_bit_hex,procedure_home_task
detector_pair__9e24a6b43237150a3abd195c__ordinary_control,0,0.0005031259497627616,deberta,leave_one_model__qwen2_5_7b_instruct_q4_k_m,validation,matched_clean_llm,dedup-cluster-edb6b099f1dff5a3bddeca8c,revision_v1_sha256_hex_012,llama3_8b_instruct_q4_k_m,segmented_hex_single_topic,sha256_hex,casual_neighborhood_chat
detector_pair__9e24a6b43237150a3abd195c__rankcloak,1,0.051901377737522125,deberta,leave_one_model__qwen2_5_7b_instruct_q4_k_m,validation,matched_clean_llm,dedup-cluster-edb6b099f1dff5a3bddeca8c,revision_v1_sha256_hex_012,llama3_8b_instruct_q4_k_m,segmented_hex_single_topic,sha256_hex,casual_neighborhood_chat
detector_pair__9e2e2030153fe7f6c37df06b__ordinary_control,0,0.0020305716898292303,deberta,leave_one_model__qwen2_5_7b_instruct_q4_k_m,validation,matched_clean_llm,dedup-cluster-1d730332b470450b93b8b767,revision_v1_hmac_sha256_hex_006,llama3_8b_instruct_q4_k_m,nonseg_ascii_b16,hmac_sha256_hex,professional_process_email
detector_pair__9e2e2030153fe7f6c37df06b__rankcloak,1,0.9921427965164185,deberta,leave_one_model__qwen2_5_7b_instruct_q4_k_m,validation,matched_clean_llm,dedup-cluster-1d730332b470450b93b8b767,revision_v1_hmac_sha256_hex_006,llama3_8b_instruct_q4_k_m,nonseg_ascii_b16,hmac_sha256_hex,professional_process_email
detector_pair__9e6d38abfdd51ca284ec325e__ordinary_control,0,0.0010602776892483234,deberta,leave_one_model__qwen2_5_7b_instruct_q4_k_m,validation,matched_clean_llm,dedup-cluster-d028afde8d3446e776f3bdbf,revision_v1_hmac_sha256_hex_013,mistral_7b_instruct_v0_3_q4_k_m,nonseg_ascii_b8,hmac_sha256_hex,narrative_learning_moment
detector_pair__9e6d38abfdd51ca284ec325e__rankcloak,1,0.9985232949256897,deberta,leave_one_model__qwen2_5_7b_instruct_q4_k_m,validation,matched_clean_llm,dedup-cluster-d028afde8d3446e776f3bdbf,revision_v1_hmac_sha256_hex_013,mistral_7b_instruct_v0_3_q4_k_m,nonseg_ascii_b8,hmac_sha256_hex,narrative_learning_moment
detector_pair__9e7bb23751abc81c35fbfc80__ordinary_control,0,0.0005118498811498284,deberta,leave_one_model__qwen2_5_7b_instruct_q4_k_m,validation,matched_clean_llm,dedup-cluster-6d140bf45feadd3404291e51,revision_v1_uuid_v4_049,mistral_7b_instruct_v0_3_q4_k_m,nonseg_ascii_b16,uuid_v4,professional_process_email
detector_pair__9e7bb23751abc81c35fbfc80__rankcloak,1,0.9986403584480286,deberta,leave_one_model__qwen2_5_7b_instruct_q4_k_m,validation,matched_clean_llm,dedup-cluster-6d140bf45feadd3404291e51,revision_v1_uuid_v4_049,mistral_7b_instruct_v0_3_q4_k_m,nonseg_ascii_b16,uuid_v4,professional_process_email
detector_pair__9e9952770b8d3f011638a3bd__ordinary_control,0,0.00031221669632941484,deberta,leave_one_model__qwen2_5_7b_instruct_q4_k_m,validation,matched_clean_llm,dedup-cluster-a1abcb49aa12280f617295a6,revision_v1_sha256_hex_034,mistral_7b_instruct_v0_3_q4_k_m,segmented_hex_multi_topic,sha256_hex,casual_hobby_chat
detector_pair__9e9952770b8d3f011638a3bd__rankcloak,1,0.9995527863502502,deberta,leave_one_model__qwen2_5_7b_instruct_q4_k_m,validation,matched_clean_llm,dedup-cluster-a1abcb49aa12280f617295a6,revision_v1_sha256_hex_034,mistral_7b_instruct_v0_3_q4_k_m,segmented_hex_multi_topic,sha256_hex,casual_hobby_chat
detector_pair__9f0320dfce5d5da2466c440e__ordinary_control,0,0.0009430987993255258,deberta,leave_one_model__qwen2_5_7b_instruct_q4_k_m,validation,matched_clean_llm,dedup-cluster-a2b2305f32aed49b82a74ffb,revision_v1_chacha20_poly1305_base64_051,mistral_7b_instruct_v0_3_q4_k_m,direct_subword_calgacus,chacha20_poly1305_base64,explain_everyday_system
detector_pair__9f0320dfce5d5da2466c440e__rankcloak,1,0.9998210072517395,deberta,leave_one_model__qwen2_5_7b_instruct_q4_k_m,validation,matched_clean_llm,dedup-cluster-a2b2305f32aed49b82a74ffb,revision_v1_chacha20_poly1305_base64_051,mistral_7b_instruct_v0_3_q4_k_m,direct_subword_calgacus,chacha20_poly1305_base64,explain_everyday_system
detector_pair__9f0f52b9e3f9d74b68b07bf0__ordinary_control,0,0.00039752069278620183,deberta,leave_one_model__qwen2_5_7b_instruct_q4_k_m,validation,matched_clean_llm,dedup-cluster-339659e6d45626f95acf4c5b,revision_v1_nonce_96_bit_hex_052,mistral_7b_instruct_v0_3_q4_k_m,segmented_hex_single_topic,nonce_96_bit_hex,forum_practical_answer
detector_pair__9f0f52b9e3f9d74b68b07bf0__rankcloak,1,0.9988467693328857,deberta,leave_one_model__qwen2_5_7b_instruct_q4_k_m,validation,matched_clean_llm,dedup-cluster-339659e6d45626f95acf4c5b,revision_v1_nonce_96_bit_hex_052,mistral_7b_instruct_v0_3_q4_k_m,segmented_hex_single_topic,nonce_96_bit_hex,forum_practical_answer
detector_pair__9f378d93290c10b6c09e790b__ordinary_control,0,0.0005100329872220755,deberta,leave_one_model__qwen2_5_7b_instruct_q4_k_m,validation,matched_clean_llm,dedup-cluster-d24ae4dc1ca2dcb4473005f9,revision_v1_hmac_sha256_hex_036,llama3_8b_instruct_q4_k_m,direct_subword_calgacus,hmac_sha256_hex,professional_schedule_note
detector_pair__9f378d93290c10b6c09e790b__rankcloak,1,0.9995049238204956,deberta,leave_one_model__qwen2_5_7b_instruct_q4_k_m,validation,matched_clean_llm,dedup-cluster-d24ae4dc1ca2dcb4473005f9,revision_v1_hmac_sha256_hex_036,llama3_8b_instruct_q4_k_m,direct_subword_calgacus,hmac_sha256_hex,professional_schedule_note
detector_pair__9f4f6b24ecded35cafc46e4c__ordinary_control,0,0.00045745220268145204,deberta,leave_one_model__qwen2_5_7b_instruct_q4_k_m,validation,matched_clean_llm,dedup-cluster-e2f7268932e937ee54d92fe1,revision_v1_uuid_v4_016,mistral_7b_instruct_v0_3_q4_k_m,direct_subword_calgacus,uuid_v4,narrative_learning_moment
detector_pair__9f4f6b24ecded35cafc46e4c__rankcloak,1,0.9604008793830872,deberta,leave_one_model__qwen2_5_7b_instruct_q4_k_m,validation,matched_clean_llm,dedup-cluster-e2f7268932e937ee54d92fe1,revision_v1_uuid_v4_016,mistral_7b_instruct_v0_3_q4_k_m,direct_subword_calgacus,uuid_v4,narrative_learning_moment
detector_pair__9f8ffa005fb55f252e021279__ordinary_control,0,0.000440936564700678,deberta,leave_one_model__qwen2_5_7b_instruct_q4_k_m,validation,matched_clean_llm,dedup-cluster-d6ec75465813ed2c729c38e9,revision_v1_aes256_gcm_base64_053,llama3_8b_instruct_q4_k_m,direct_subword_calgacus,aes256_gcm_base64,narrative_local_walk
detector_pair__9f8ffa005fb55f252e021279__rankcloak,1,0.9996917247772217,deberta,leave_one_model__qwen2_5_7b_instruct_q4_k_m,validation,matched_clean_llm,dedup-cluster-d6ec75465813ed2c729c38e9,revision_v1_aes256_gcm_base64_053,llama3_8b_instruct_q4_k_m,direct_subword_calgacus,aes256_gcm_base64,narrative_local_walk
detector_pair__9f904eb6f3c7bd18d71da382__ordinary_control,0,0.001646338845603168,deberta,leave_one_model__qwen2_5_7b_instruct_q4_k_m,validation,matched_clean_llm,dedup-cluster-5c707906476e8093ab209bdf,revision_v1_ed25519_signature_base64_020,llama3_8b_instruct_q4_k_m,nonseg_ascii_b16,ed25519_signature_base64,procedure_home_task
detector_pair__9f904eb6f3c7bd18d71da382__rankcloak,1,0.9985595345497131,deberta,leave_one_model__qwen2_5_7b_instruct_q4_k_m,validation,matched_clean_llm,dedup-cluster-5c707906476e8093ab209bdf,revision_v1_ed25519_signature_base64_020,llama3_8b_instruct_q4_k_m,nonseg_ascii_b16,ed25519_signature_base64,procedure_home_task
detector_pair__9fb66e663a9d03ba8082870d__ordinary_control,0,0.0002871452597901225,deberta,leave_one_model__qwen2_5_7b_instruct_q4_k_m,validation,matched_clean_llm,dedup-cluster-982d753609ba3daf81c7d866,revision_v1_sha256_hex_046,mistral_7b_instruct_v0_3_q4_k_m,segmented_hex_multi_topic,sha256_hex,casual_weekend_chat
detector_pair__9fb66e663a9d03ba8082870d__rankcloak,1,0.9997944235801697,deberta,leave_one_model__qwen2_5_7b_instruct_q4_k_m,validation,matched_clean_llm,dedup-cluster-982d753609ba3daf81c7d866,revision_v1_sha256_hex_046,mistral_7b_instruct_v0_3_q4_k_m,segmented_hex_multi_topic,sha256_hex,casual_weekend_chat
detector_pair__a036e6eb28356787658669f6__ordinary_control,0,0.00026108173187822104,deberta,leave_one_model__qwen2_5_7b_instruct_q4_k_m,validation,matched_clean_llm,dedup-cluster-17900f3eff20bb84e24fa1da,revision_v1_token_128_bit_hex_021,llama3_8b_instruct_q4_k_m,segmented_hex_multi_topic,token_128_bit_hex,casual_weekend_chat
detector_pair__a036e6eb28356787658669f6__rankcloak,1,0.8034735918045044,deberta,leave_one_model__qwen2_5_7b_instruct_q4_k_m,validation,matched_clean_llm,dedup-cluster-17900f3eff20bb84e24fa1da,revision_v1_token_128_bit_hex_021,llama3_8b_instruct_q4_k_m,segmented_hex_multi_topic,token_128_bit_hex,casual_weekend_chat
detector_pair__a1f82c90ea3b2bd4ae1e2e08__ordinary_control,0,0.0018688944401219487,deberta,leave_one_model__qwen2_5_7b_instruct_q4_k_m,validation,matched_clean_llm,dedup-cluster-53ddb375f906007b9492f105,revision_v1_sha256_hex_033,llama3_8b_instruct_q4_k_m,segmented_hex_multi_topic,sha256_hex,procedure_garden_task
detector_pair__a1f82c90ea3b2bd4ae1e2e08__rankcloak,1,0.9414353370666504,deberta,leave_one_model__qwen2_5_7b_instruct_q4_k_m,validation,matched_clean_llm,dedup-cluster-53ddb375f906007b9492f105,revision_v1_sha256_hex_033,llama3_8b_instruct_q4_k_m,segmented_hex_multi_topic,sha256_hex,procedure_garden_task
detector_pair__a203b988f0d38845ab883301__ordinary_control,0,0.0004402609483804554,deberta,leave_one_model__qwen2_5_7b_instruct_q4_k_m,validation,matched_clean_llm,dedup-cluster-d80c78b75330766130b70bf5,revision_v1_hmac_sha256_hex_030,mistral_7b_instruct_v0_3_q4_k_m,segmented_hex_multi_topic,hmac_sha256_hex,procedure_garden_task
detector_pair__a203b988f0d38845ab883301__rankcloak,1,0.9996117949485779,deberta,leave_one_model__qwen2_5_7b_instruct_q4_k_m,validation,matched_clean_llm,dedup-cluster-d80c78b75330766130b70bf5,revision_v1_hmac_sha256_hex_030,mistral_7b_instruct_v0_3_q4_k_m,segmented_hex_multi_topic,hmac_sha256_hex,procedure_garden_task
detector_pair__a2167cd2f58c27343711d8d1__ordinary_control,0,0.0021215605083853006,deberta,leave_one_model__qwen2_5_7b_instruct_q4_k_m,validation,matched_clean_llm,dedup-cluster-1d730332b470450b93b8b767,revision_v1_hmac_sha256_hex_006,mistral_7b_instruct_v0_3_q4_k_m,segmented_hex_single_topic,hmac_sha256_hex,procedure_home_task
detector_pair__a2167cd2f58c27343711d8d1__rankcloak,1,0.9942540526390076,deberta,leave_one_model__qwen2_5_7b_instruct_q4_k_m,validation,matched_clean_llm,dedup-cluster-1d730332b470450b93b8b767,revision_v1_hmac_sha256_hex_006,mistral_7b_instruct_v0_3_q4_k_m,segmented_hex_single_topic,hmac_sha256_hex,procedure_home_task
detector_pair__a27c5e27171d944256a25a55__ordinary_control,0,0.00027227503596805036,deberta,leave_one_model__qwen2_5_7b_instruct_q4_k_m,validation,matched_clean_llm,dedup-cluster-54d0f843ac4646811be4dfd1,revision_v1_sha256_hex_000,llama3_8b_instruct_q4_k_m,nonseg_hex_nibble_b16,sha256_hex,casual_weekend_chat
detector_pair__a27c5e27171d944256a25a55__rankcloak,1,0.9998021721839905,deberta,leave_one_model__qwen2_5_7b_instruct_q4_k_m,validation,matched_clean_llm,dedup-cluster-54d0f843ac4646811be4dfd1,revision_v1_sha256_hex_000,llama3_8b_instruct_q4_k_m,nonseg_hex_nibble_b16,sha256_hex,casual_weekend_chat
detector_pair__a2a4e3139da2dca4a3366604__ordinary_control,0,0.001107700983993709,deberta,leave_one_model__qwen2_5_7b_instruct_q4_k_m,validation,matched_clean_llm,dedup-cluster-982d753609ba3daf81c7d866,revision_v1_sha256_hex_046,llama3_8b_instruct_q4_k_m,nonseg_ascii_b16,sha256_hex,narrative_local_walk
detector_pair__a2a4e3139da2dca4a3366604__rankcloak,1,0.9965739250183105,deberta,leave_one_model__qwen2_5_7b_instruct_q4_k_m,validation,matched_clean_llm,dedup-cluster-982d753609ba3daf81c7d866,revision_v1_sha256_hex_046,llama3_8b_instruct_q4_k_m,nonseg_ascii_b16,sha256_hex,narrative_local_walk
detector_pair__a2a861646dd2c64dc92603ac__ordinary_control,0,0.0006253690808080137,deberta,leave_one_model__qwen2_5_7b_instruct_q4_k_m,validation,matched_clean_llm,dedup-cluster-a1abcb49aa12280f617295a6,revision_v1_sha256_hex_034,mistral_7b_instruct_v0_3_q4_k_m,nonseg_ascii_b16,sha256_hex,casual_hobby_chat
detector_pair__a2a861646dd2c64dc92603ac__rankcloak,1,0.9993178844451904,deberta,leave_one_model__qwen2_5_7b_instruct_q4_k_m,validation,matched_clean_llm,dedup-cluster-a1abcb49aa12280f617295a6,revision_v1_sha256_hex_034,mistral_7b_instruct_v0_3_q4_k_m,nonseg_ascii_b16,sha256_hex,casual_hobby_chat
detector_pair__a2c6d60395b55571d36b9a34__ordinary_control,0,0.0007967105484567583,deberta,leave_one_model__qwen2_5_7b_instruct_q4_k_m,validation,matched_clean_llm,dedup-cluster-525f817201e5e26510c04739,revision_v1_uuid_v4_017,mistral_7b_instruct_v0_3_q4_k_m,direct_subword_calgacus,uuid_v4,explain_biological_process
detector_pair__a2c6d60395b55571d36b9a34__rankcloak,1,0.9996180534362793,deberta,leave_one_model__qwen2_5_7b_instruct_q4_k_m,validation,matched_clean_llm,dedup-cluster-525f817201e5e26510c04739,revision_v1_uuid_v4_017,mistral_7b_instruct_v0_3_q4_k_m,direct_subword_calgacus,uuid_v4,explain_biological_process
detector_pair__a2ed59c906925ebc10a628e8__ordinary_control,0,0.0004969161236658692,deberta,leave_one_model__qwen2_5_7b_instruct_q4_k_m,validation,matched_clean_llm,dedup-cluster-e2f7268932e937ee54d92fe1,revision_v1_uuid_v4_016,llama3_8b_instruct_q4_k_m,nonseg_ascii_b16,uuid_v4,forum_practical_answer
detector_pair__a2ed59c906925ebc10a628e8__rankcloak,1,0.9958158135414124,deberta,leave_one_model__qwen2_5_7b_instruct_q4_k_m,validation,matched_clean_llm,dedup-cluster-e2f7268932e937ee54d92fe1,revision_v1_uuid_v4_016,llama3_8b_instruct_q4_k_m,nonseg_ascii_b16,uuid_v4,forum_practical_answer
detector_pair__a2f4adc9d16bcfe3fc29239f__ordinary_control,0,0.001500004786066711,deberta,leave_one_model__qwen2_5_7b_instruct_q4_k_m,validation,matched_clean_llm,dedup-cluster-a1f09603de61d42b17c60f90,revision_v1_nonce_96_bit_hex_058,mistral_7b_instruct_v0_3_q4_k_m,nonseg_ascii_b16,nonce_96_bit_hex,forum_purchase_advice
detector_pair__a2f4adc9d16bcfe3fc29239f__rankcloak,1,0.9933446645736694,deberta,leave_one_model__qwen2_5_7b_instruct_q4_k_m,validation,matched_clean_llm,dedup-cluster-a1f09603de61d42b17c60f90,revision_v1_nonce_96_bit_hex_058,mistral_7b_instruct_v0_3_q4_k_m,nonseg_ascii_b16,nonce_96_bit_hex,forum_purchase_advice
detector_pair__a30a9fa77bb9302eb46fd209__ordinary_control,0,0.0006407158798538148,deberta,leave_one_model__qwen2_5_7b_instruct_q4_k_m,validation,matched_clean_llm,dedup-cluster-40d7dc0aae7327885c0b7431,revision_v1_aes256_gcm_base64_057,llama3_8b_instruct_q4_k_m,nonseg_ascii_b8,aes256_gcm_base64,forum_learning_answer
detector_pair__a30a9fa77bb9302eb46fd209__rankcloak,1,0.9980747699737549,deberta,leave_one_model__qwen2_5_7b_instruct_q4_k_m,validation,matched_clean_llm,dedup-cluster-40d7dc0aae7327885c0b7431,revision_v1_aes256_gcm_base64_057,llama3_8b_instruct_q4_k_m,nonseg_ascii_b8,aes256_gcm_base64,forum_learning_answer
detector_pair__a30afe39f23646747f4448ed__ordinary_control,0,0.0018585462821647525,deberta,leave_one_model__qwen2_5_7b_instruct_q4_k_m,validation,matched_clean_llm,dedup-cluster-cb374f9ca23dfd168fe55742,revision_v1_hmac_sha256_hex_055,llama3_8b_instruct_q4_k_m,segmented_hex_single_topic,hmac_sha256_hex,forum_purchase_advice
detector_pair__a30afe39f23646747f4448ed__rankcloak,1,0.9968603849411011,deberta,leave_one_model__qwen2_5_7b_instruct_q4_k_m,validation,matched_clean_llm,dedup-cluster-cb374f9ca23dfd168fe55742,revision_v1_hmac_sha256_hex_055,llama3_8b_instruct_q4_k_m,segmented_hex_single_topic,hmac_sha256_hex,forum_purchase_advice
detector_pair__a33256b53ebf43ec4ae83f56__ordinary_control,0,0.0004776500863954425,deberta,leave_one_model__qwen2_5_7b_instruct_q4_k_m,validation,matched_clean_llm,dedup-cluster-7b810f2afbcabc7ee462bff7,revision_v1_nonce_96_bit_hex_023,mistral_7b_instruct_v0_3_q4_k_m,segmented_hex_multi_topic,nonce_96_bit_hex,procedure_home_task
detector_pair__a33256b53ebf43ec4ae83f56__rankcloak,1,0.6118602752685547,deberta,leave_one_model__qwen2_5_7b_instruct_q4_k_m,validation,matched_clean_llm,dedup-cluster-7b810f2afbcabc7ee462bff7,revision_v1_nonce_96_bit_hex_023,mistral_7b_instruct_v0_3_q4_k_m,segmented_hex_multi_topic,nonce_96_bit_hex,procedure_home_task
detector_pair__a34ca62cbbaa5bd27ccc727d__ordinary_control,0,0.0009101497125811875,deberta,leave_one_model__qwen2_5_7b_instruct_q4_k_m,validation,matched_clean_llm,dedup-cluster-53ddb375f906007b9492f105,revision_v1_sha256_hex_033,llama3_8b_instruct_q4_k_m,nonseg_hex_nibble_b16,sha256_hex,procedure_garden_task
detector_pair__a34ca62cbbaa5bd27ccc727d__rankcloak,1,0.9991528987884521,deberta,leave_one_model__qwen2_5_7b_instruct_q4_k_m,validation,matched_clean_llm,dedup-cluster-53ddb375f906007b9492f105,revision_v1_sha256_hex_033,llama3_8b_instruct_q4_k_m,nonseg_hex_nibble_b16,sha256_hex,procedure_garden_task
detector_pair__a39adc34f6e18f1aabd6964f__ordinary_control,0,0.0006369887851178646,deberta,leave_one_model__qwen2_5_7b_instruct_q4_k_m,validation,matched_clean_llm,dedup-cluster-cb374f9ca23dfd168fe55742,revision_v1_hmac_sha256_hex_055,mistral_7b_instruct_v0_3_q4_k_m,nonseg_ascii_b8,hmac_sha256_hex,narrative_small_discovery
detector_pair__a39adc34f6e18f1aabd6964f__rankcloak,1,0.9994755387306213,deberta,leave_one_model__qwen2_5_7b_instruct_q4_k_m,validation,matched_clean_llm,dedup-cluster-cb374f9ca23dfd168fe55742,revision_v1_hmac_sha256_hex_055,mistral_7b_instruct_v0_3_q4_k_m,nonseg_ascii_b8,hmac_sha256_hex,narrative_small_discovery
detector_pair__a39ef14ce4068880e355ebda__ordinary_control,0,0.0005379409994930029,deberta,leave_one_model__qwen2_5_7b_instruct_q4_k_m,validation,matched_clean_llm,dedup-cluster-17900f3eff20bb84e24fa1da,revision_v1_token_128_bit_hex_021,mistral_7b_instruct_v0_3_q4_k_m,segmented_hex_single_topic,token_128_bit_hex,forum_learning_answer
detector_pair__a39ef14ce4068880e355ebda__rankcloak,1,0.9997022747993469,deberta,leave_one_model__qwen2_5_7b_instruct_q4_k_m,validation,matched_clean_llm,dedup-cluster-17900f3eff20bb84e24fa1da,revision_v1_token_128_bit_hex_021,mistral_7b_instruct_v0_3_q4_k_m,segmented_hex_single_topic,token_128_bit_hex,forum_learning_answer
detector_pair__a495c13b8aa373b705424c16__ordinary_control,0,0.0002803007955662906,deberta,leave_one_model__qwen2_5_7b_instruct_q4_k_m,validation,matched_clean_llm,dedup-cluster-e303bfe023e32c25389ebaf9,revision_v1_token_128_bit_hex_057,llama3_8b_instruct_q4_k_m,segmented_hex_single_topic,token_128_bit_hex,casual_weekend_chat
detector_pair__a495c13b8aa373b705424c16__rankcloak,1,0.7841683626174927,deberta,leave_one_model__qwen2_5_7b_instruct_q4_k_m,validation,matched_clean_llm,dedup-cluster-e303bfe023e32c25389ebaf9,revision_v1_token_128_bit_hex_057,llama3_8b_instruct_q4_k_m,segmented_hex_single_topic,token_128_bit_hex,casual_weekend_chat
detector_pair__a5db0fd7ec0207cee35e247a__ordinary_control,0,0.0013264910085126758,deberta,leave_one_model__qwen2_5_7b_instruct_q4_k_m,validation,matched_clean_llm,dedup-cluster-8bfe7043c327d3a82a41f9ad,revision_v1_ed25519_signature_base64_050,llama3_8b_instruct_q4_k_m,nonseg_ascii_b8,ed25519_signature_base64,procedure_simple_meal
detector_pair__a5db0fd7ec0207cee35e247a__rankcloak,1,0.9989835619926453,deberta,leave_one_model__qwen2_5_7b_instruct_q4_k_m,validation,matched_clean_llm,dedup-cluster-8bfe7043c327d3a82a41f9ad,revision_v1_ed25519_signature_base64_050,llama3_8b_instruct_q4_k_m,nonseg_ascii_b8,ed25519_signature_base64,procedure_simple_meal
detector_pair__a5f3e0100e43512a71628419__ordinary_control,0,0.00047296128468587995,deberta,leave_one_model__qwen2_5_7b_instruct_q4_k_m,validation,matched_clean_llm,dedup-cluster-4df1f95590c9f69533ae0634,revision_v1_nonce_96_bit_hex_027,llama3_8b_instruct_q4_k_m,nonseg_hex_nibble_b16,nonce_96_bit_hex,explain_weather_pattern
detector_pair__a5f3e0100e43512a71628419__rankcloak,1,0.9460581541061401,deberta,leave_one_model__qwen2_5_7b_instruct_q4_k_m,validation,matched_clean_llm,dedup-cluster-4df1f95590c9f69533ae0634,revision_v1_nonce_96_bit_hex_027,llama3_8b_instruct_q4_k_m,nonseg_hex_nibble_b16,nonce_96_bit_hex,explain_weather_pattern
detector_pair__a62277ca96720a68f2808b00__ordinary_control,0,0.00220650271512568,deberta,leave_one_model__qwen2_5_7b_instruct_q4_k_m,validation,matched_clean_llm,dedup-cluster-53ddb375f906007b9492f105,revision_v1_sha256_hex_033,mistral_7b_instruct_v0_3_q4_k_m,nonseg_ascii_b16,sha256_hex,explain_everyday_system
detector_pair__a62277ca96720a68f2808b00__rankcloak,1,0.998195230960846,deberta,leave_one_model__qwen2_5_7b_instruct_q4_k_m,validation,matched_clean_llm,dedup-cluster-53ddb375f906007b9492f105,revision_v1_sha256_hex_033,mistral_7b_instruct_v0_3_q4_k_m,nonseg_ascii_b16,sha256_hex,explain_everyday_system
detector_pair__a690088bd1e735e61386fdb7__ordinary_control,0,0.01705445908010006,deberta,leave_one_model__qwen2_5_7b_instruct_q4_k_m,validation,matched_clean_llm,dedup-cluster-0401b1baba09fb1c1437ea35,revision_v1_nonce_96_bit_hex_011,llama3_8b_instruct_q4_k_m,nonseg_ascii_b16,nonce_96_bit_hex,professional_project_update
detector_pair__a690088bd1e735e61386fdb7__rankcloak,1,0.9565147161483765,deberta,leave_one_model__qwen2_5_7b_instruct_q4_k_m,validation,matched_clean_llm,dedup-cluster-0401b1baba09fb1c1437ea35,revision_v1_nonce_96_bit_hex_011,llama3_8b_instruct_q4_k_m,nonseg_ascii_b16,nonce_96_bit_hex,professional_project_update
detector_pair__a6bb6d1c4341ff58f9fbc5d3__ordinary_control,0,0.0002862628607545048,deberta,leave_one_model__qwen2_5_7b_instruct_q4_k_m,validation,matched_clean_llm,dedup-cluster-064db5ffad9ed683b6e0fdbd,revision_v1_sha256_hex_035,mistral_7b_instruct_v0_3_q4_k_m,direct_subword_calgacus,sha256_hex,professional_schedule_note
detector_pair__a6bb6d1c4341ff58f9fbc5d3__rankcloak,1,0.9789713621139526,deberta,leave_one_model__qwen2_5_7b_instruct_q4_k_m,validation,matched_clean_llm,dedup-cluster-064db5ffad9ed683b6e0fdbd,revision_v1_sha256_hex_035,mistral_7b_instruct_v0_3_q4_k_m,direct_subword_calgacus,sha256_hex,professional_schedule_note
detector_pair__a6d66c5ac1fcffa147dd8ccf__ordinary_control,0,0.0016437442973256111,deberta,leave_one_model__qwen2_5_7b_instruct_q4_k_m,validation,matched_clean_llm,dedup-cluster-0de80089e8762fad04cb9524,revision_v1_ed25519_signature_base64_046,llama3_8b_instruct_q4_k_m,nonseg_ascii_b16,ed25519_signature_base64,explain_biological_process
detector_pair__a6d66c5ac1fcffa147dd8ccf__rankcloak,1,0.9968709349632263,deberta,leave_one_model__qwen2_5_7b_instruct_q4_k_m,validation,matched_clean_llm,dedup-cluster-0de80089e8762fad04cb9524,revision_v1_ed25519_signature_base64_046,llama3_8b_instruct_q4_k_m,nonseg_ascii_b16,ed25519_signature_base64,explain_biological_process
detector_pair__a749161ad9c75eeaf25cea10__ordinary_control,0,0.003031617496162653,deberta,leave_one_model__qwen2_5_7b_instruct_q4_k_m,validation,matched_clean_llm,dedup-cluster-484bc3854d49e18198bd3802,revision_v1_hmac_sha256_hex_050,mistral_7b_instruct_v0_3_q4_k_m,segmented_hex_single_topic,hmac_sha256_hex,explain_biological_process
detector_pair__a749161ad9c75eeaf25cea10__rankcloak,1,0.9912011623382568,deberta,leave_one_model__qwen2_5_7b_instruct_q4_k_m,validation,matched_clean_llm,dedup-cluster-484bc3854d49e18198bd3802,revision_v1_hmac_sha256_hex_050,mistral_7b_instruct_v0_3_q4_k_m,segmented_hex_single_topic,hmac_sha256_hex,explain_biological_process
detector_pair__a792e14ca17d3c38473a730e__ordinary_control,0,0.00026442561647854745,deberta,leave_one_model__qwen2_5_7b_instruct_q4_k_m,validation,matched_clean_llm,dedup-cluster-0de80089e8762fad04cb9524,revision_v1_ed25519_signature_base64_046,mistral_7b_instruct_v0_3_q4_k_m,direct_subword_calgacus,ed25519_signature_base64,professional_schedule_note
detector_pair__a792e14ca17d3c38473a730e__rankcloak,1,0.9997537732124329,deberta,leave_one_model__qwen2_5_7b_instruct_q4_k_m,validation,matched_clean_llm,dedup-cluster-0de80089e8762fad04cb9524,revision_v1_ed25519_signature_base64_046,mistral_7b_instruct_v0_3_q4_k_m,direct_subword_calgacus,ed25519_signature_base64,professional_schedule_note
detector_pair__a802a3999a3fe3862bda7f41__ordinary_control,0,0.003792794421315193,deberta,leave_one_model__qwen2_5_7b_instruct_q4_k_m,validation,matched_clean_llm,dedup-cluster-d24ae4dc1ca2dcb4473005f9,revision_v1_hmac_sha256_hex_036,mistral_7b_instruct_v0_3_q4_k_m,segmented_hex_single_topic,hmac_sha256_hex,procedure_simple_meal
detector_pair__a802a3999a3fe3862bda7f41__rankcloak,1,0.9428602457046509,deberta,leave_one_model__qwen2_5_7b_instruct_q4_k_m,validation,matched_clean_llm,dedup-cluster-d24ae4dc1ca2dcb4473005f9,revision_v1_hmac_sha256_hex_036,mistral_7b_instruct_v0_3_q4_k_m,segmented_hex_single_topic,hmac_sha256_hex,procedure_simple_meal
detector_pair__a822c7343d89a49b41f012d3__ordinary_control,0,0.0014453475596383214,deberta,leave_one_model__qwen2_5_7b_instruct_q4_k_m,validation,matched_clean_llm,dedup-cluster-a9a56840e2c7d4a59a486e62,revision_v1_nonce_96_bit_hex_025,mistral_7b_instruct_v0_3_q4_k_m,nonseg_ascii_b16,nonce_96_bit_hex,explain_biological_process
detector_pair__a822c7343d89a49b41f012d3__rankcloak,1,0.9956514239311218,deberta,leave_one_model__qwen2_5_7b_instruct_q4_k_m,validation,matched_clean_llm,dedup-cluster-a9a56840e2c7d4a59a486e62,revision_v1_nonce_96_bit_hex_025,mistral_7b_instruct_v0_3_q4_k_m,nonseg_ascii_b16,nonce_96_bit_hex,explain_biological_process
detector_pair__a97738517a416711c4c1d1f7__ordinary_control,0,0.0004941896768286824,deberta,leave_one_model__qwen2_5_7b_instruct_q4_k_m,validation,matched_clean_llm,dedup-cluster-02520044ca48813bb14ebc78,revision_v1_aes256_gcm_base64_003,mistral_7b_instruct_v0_3_q4_k_m,direct_subword_calgacus,aes256_gcm_base64,narrative_local_walk
detector_pair__a97738517a416711c4c1d1f7__rankcloak,1,0.9997753500938416,deberta,leave_one_model__qwen2_5_7b_instruct_q4_k_m,validation,matched_clean_llm,dedup-cluster-02520044ca48813bb14ebc78,revision_v1_aes256_gcm_base64_003,mistral_7b_instruct_v0_3_q4_k_m,direct_subword_calgacus,aes256_gcm_base64,narrative_local_walk
detector_pair__a99839a9a058634cc444981b__ordinary_control,0,0.0016951978905126452,deberta,leave_one_model__qwen2_5_7b_instruct_q4_k_m,validation,matched_clean_llm,dedup-cluster-d028afde8d3446e776f3bdbf,revision_v1_hmac_sha256_hex_013,llama3_8b_instruct_q4_k_m,nonseg_ascii_b8,hmac_sha256_hex,forum_practical_answer
detector_pair__a99839a9a058634cc444981b__rankcloak,1,0.9720865488052368,deberta,leave_one_model__qwen2_5_7b_instruct_q4_k_m,validation,matched_clean_llm,dedup-cluster-d028afde8d3446e776f3bdbf,revision_v1_hmac_sha256_hex_013,llama3_8b_instruct_q4_k_m,nonseg_ascii_b8,hmac_sha256_hex,forum_practical_answer
detector_pair__a9e1a02a67184512d260aaa9__ordinary_control,0,0.0005453925696201622,deberta,leave_one_model__qwen2_5_7b_instruct_q4_k_m,validation,matched_clean_llm,dedup-cluster-74a6b9f9e3047bf7067f2ba2,revision_v1_aes256_gcm_base64_047,llama3_8b_instruct_q4_k_m,nonseg_ascii_b16,aes256_gcm_base64,narrative_small_discovery
detector_pair__a9e1a02a67184512d260aaa9__rankcloak,1,0.9985874891281128,deberta,leave_one_model__qwen2_5_7b_instruct_q4_k_m,validation,matched_clean_llm,dedup-cluster-74a6b9f9e3047bf7067f2ba2,revision_v1_aes256_gcm_base64_047,llama3_8b_instruct_q4_k_m,nonseg_ascii_b16,aes256_gcm_base64,narrative_small_discovery
detector_pair__aaa0ffddbf6797c3a75c2a5d__ordinary_control,0,0.00041029081330634654,deberta,leave_one_model__qwen2_5_7b_instruct_q4_k_m,validation,matched_clean_llm,dedup-cluster-0eb47bf23cdaa7b54a0335a2,revision_v1_token_128_bit_hex_055,llama3_8b_instruct_q4_k_m,segmented_hex_single_topic,token_128_bit_hex,narrative_small_discovery
detector_pair__aaa0ffddbf6797c3a75c2a5d__rankcloak,1,0.9825039505958557,deberta,leave_one_model__qwen2_5_7b_instruct_q4_k_m,validation,matched_clean_llm,dedup-cluster-0eb47bf23cdaa7b54a0335a2,revision_v1_token_128_bit_hex_055,llama3_8b_instruct_q4_k_m,segmented_hex_single_topic,token_128_bit_hex,narrative_small_discovery
detector_pair__aab0f50d5130b34f740a837f__ordinary_control,0,0.00039299612399190664,deberta,leave_one_model__qwen2_5_7b_instruct_q4_k_m,validation,matched_clean_llm,dedup-cluster-a1f09603de61d42b17c60f90,revision_v1_nonce_96_bit_hex_058,llama3_8b_instruct_q4_k_m,segmented_hex_multi_topic,nonce_96_bit_hex,casual_neighborhood_chat
detector_pair__aab0f50d5130b34f740a837f__rankcloak,1,0.9666205644607544,deberta,leave_one_model__qwen2_5_7b_instruct_q4_k_m,validation,matched_clean_llm,dedup-cluster-a1f09603de61d42b17c60f90,revision_v1_nonce_96_bit_hex_058,llama3_8b_instruct_q4_k_m,segmented_hex_multi_topic,nonce_96_bit_hex,casual_neighborhood_chat
detector_pair__aacbe590f1bcbe4f150d513b__ordinary_control,0,0.0004805170465260744,deberta,leave_one_model__qwen2_5_7b_instruct_q4_k_m,validation,matched_clean_llm,dedup-cluster-064db5ffad9ed683b6e0fdbd,revision_v1_sha256_hex_035,mistral_7b_instruct_v0_3_q4_k_m,segmented_hex_multi_topic,sha256_hex,professional_schedule_note
detector_pair__aacbe590f1bcbe4f150d513b__rankcloak,1,0.9394550323486328,deberta,leave_one_model__qwen2_5_7b_instruct_q4_k_m,validation,matched_clean_llm,dedup-cluster-064db5ffad9ed683b6e0fdbd,revision_v1_sha256_hex_035,mistral_7b_instruct_v0_3_q4_k_m,segmented_hex_multi_topic,sha256_hex,professional_schedule_note
detector_pair__ab73719759e59a3f0bfe4deb__ordinary_control,0,0.003011988243088126,deberta,leave_one_model__qwen2_5_7b_instruct_q4_k_m,validation,matched_clean_llm,dedup-cluster-37d4a9d7e9509ca2f58035f8,revision_v1_hmac_sha256_hex_022,mistral_7b_instruct_v0_3_q4_k_m,nonseg_ascii_b16,hmac_sha256_hex,professional_project_update
detector_pair__ab73719759e59a3f0bfe4deb__rankcloak,1,0.9995524287223816,deberta,leave_one_model__qwen2_5_7b_instruct_q4_k_m,validation,matched_clean_llm,dedup-cluster-37d4a9d7e9509ca2f58035f8,revision_v1_hmac_sha256_hex_022,mistral_7b_instruct_v0_3_q4_k_m,nonseg_ascii_b16,hmac_sha256_hex,professional_project_update
detector_pair__abcfe4cef74077343918f459__ordinary_control,0,0.0005681485054083169,deberta,leave_one_model__qwen2_5_7b_instruct_q4_k_m,validation,matched_clean_llm,dedup-cluster-0401b1baba09fb1c1437ea35,revision_v1_nonce_96_bit_hex_011,mistral_7b_instruct_v0_3_q4_k_m,segmented_hex_multi_topic,nonce_96_bit_hex,procedure_garden_task
detector_pair__abcfe4cef74077343918f459__rankcloak,1,0.9996248483657837,deberta,leave_one_model__qwen2_5_7b_instruct_q4_k_m,validation,matched_clean_llm,dedup-cluster-0401b1baba09fb1c1437ea35,revision_v1_nonce_96_bit_hex_011,mistral_7b_instruct_v0_3_q4_k_m,segmented_hex_multi_topic,nonce_96_bit_hex,procedure_garden_task
detector_pair__abd7dfa1924cd7cedebd4a4b__ordinary_control,0,0.0010652578203007579,deberta,leave_one_model__qwen2_5_7b_instruct_q4_k_m,validation,matched_clean_llm,dedup-cluster-982d753609ba3daf81c7d866,revision_v1_sha256_hex_046,llama3_8b_instruct_q4_k_m,direct_subword_calgacus,sha256_hex,narrative_local_walk
detector_pair__abd7dfa1924cd7cedebd4a4b__rankcloak,1,0.9994138479232788,deberta,leave_one_model__qwen2_5_7b_instruct_q4_k_m,validation,matched_clean_llm,dedup-cluster-982d753609ba3daf81c7d866,revision_v1_sha256_hex_046,llama3_8b_instruct_q4_k_m,direct_subword_calgacus,sha256_hex,narrative_local_walk
detector_pair__ac10059631b82384b22e4b65__ordinary_control,0,0.001853554043918848,deberta,leave_one_model__qwen2_5_7b_instruct_q4_k_m,validation,matched_clean_llm,dedup-cluster-d028afde8d3446e776f3bdbf,revision_v1_hmac_sha256_hex_013,mistral_7b_instruct_v0_3_q4_k_m,segmented_hex_multi_topic,hmac_sha256_hex,narrative_learning_moment
detector_pair__ac10059631b82384b22e4b65__rankcloak,1,0.9773097038269043,deberta,leave_one_model__qwen2_5_7b_instruct_q4_k_m,validation,matched_clean_llm,dedup-cluster-d028afde8d3446e776f3bdbf,revision_v1_hmac_sha256_hex_013,mistral_7b_instruct_v0_3_q4_k_m,segmented_hex_multi_topic,hmac_sha256_hex,narrative_learning_moment
detector_pair__ac1d4f40b724641d6ac7c442__ordinary_control,0,0.0006207218975760043,deberta,leave_one_model__qwen2_5_7b_instruct_q4_k_m,validation,matched_clean_llm,dedup-cluster-725b5797405341915f74ba63,revision_v1_token_128_bit_hex_006,llama3_8b_instruct_q4_k_m,direct_subword_calgacus,token_128_bit_hex,procedure_home_task
detector_pair__ac1d4f40b724641d6ac7c442__rankcloak,1,0.9963176250457764,deberta,leave_one_model__qwen2_5_7b_instruct_q4_k_m,validation,matched_clean_llm,dedup-cluster-725b5797405341915f74ba63,revision_v1_token_128_bit_hex_006,llama3_8b_instruct_q4_k_m,direct_subword_calgacus,token_128_bit_hex,procedure_home_task
detector_pair__ac506308b9eac9a8ec198c84__ordinary_control,0,0.0005047675804235041,deberta,leave_one_model__qwen2_5_7b_instruct_q4_k_m,validation,matched_clean_llm,dedup-cluster-23688669a27f472f3b4c7be0,revision_v1_uuid_v4_038,llama3_8b_instruct_q4_k_m,nonseg_ascii_b16,uuid_v4,casual_hobby_chat
detector_pair__ac506308b9eac9a8ec198c84__rankcloak,1,0.9983215928077698,deberta,leave_one_model__qwen2_5_7b_instruct_q4_k_m,validation,matched_clean_llm,dedup-cluster-23688669a27f472f3b4c7be0,revision_v1_uuid_v4_038,llama3_8b_instruct_q4_k_m,nonseg_ascii_b16,uuid_v4,casual_hobby_chat
detector_pair__acb5a711e47ac44a314aaad8__ordinary_control,0,0.0009924003388732672,deberta,leave_one_model__qwen2_5_7b_instruct_q4_k_m,validation,matched_clean_llm,dedup-cluster-982d753609ba3daf81c7d866,revision_v1_sha256_hex_046,llama3_8b_instruct_q4_k_m,segmented_hex_single_topic,sha256_hex,narrative_local_walk
detector_pair__acb5a711e47ac44a314aaad8__rankcloak,1,0.9983265995979309,deberta,leave_one_model__qwen2_5_7b_instruct_q4_k_m,validation,matched_clean_llm,dedup-cluster-982d753609ba3daf81c7d866,revision_v1_sha256_hex_046,llama3_8b_instruct_q4_k_m,segmented_hex_single_topic,sha256_hex,narrative_local_walk
detector_pair__ad79a196a683163ccfca2e6d__ordinary_control,0,0.00043931513209827244,deberta,leave_one_model__qwen2_5_7b_instruct_q4_k_m,validation,matched_clean_llm,dedup-cluster-c85ea4286eb44389809ba8c7,revision_v1_uuid_v4_034,mistral_7b_instruct_v0_3_q4_k_m,nonseg_ascii_b16,uuid_v4,narrative_learning_moment
detector_pair__ad79a196a683163ccfca2e6d__rankcloak,1,0.9988582134246826,deberta,leave_one_model__qwen2_5_7b_instruct_q4_k_m,validation,matched_clean_llm,dedup-cluster-c85ea4286eb44389809ba8c7,revision_v1_uuid_v4_034,mistral_7b_instruct_v0_3_q4_k_m,nonseg_ascii_b16,uuid_v4,narrative_learning_moment
detector_pair__aed61a14f4d80c4fb4f1ba48__ordinary_control,0,0.002554958453401923,deberta,leave_one_model__qwen2_5_7b_instruct_q4_k_m,validation,matched_clean_llm,dedup-cluster-729f0f62c71d15bb8d8f7eff,revision_v1_token_128_bit_hex_004,mistral_7b_instruct_v0_3_q4_k_m,segmented_hex_single_topic,token_128_bit_hex,procedure_garden_task
detector_pair__aed61a14f4d80c4fb4f1ba48__rankcloak,1,0.9608224034309387,deberta,leave_one_model__qwen2_5_7b_instruct_q4_k_m,validation,matched_clean_llm,dedup-cluster-729f0f62c71d15bb8d8f7eff,revision_v1_token_128_bit_hex_004,mistral_7b_instruct_v0_3_q4_k_m,segmented_hex_single_topic,token_128_bit_hex,procedure_garden_task
detector_pair__aed674404045ab786ae0564c__ordinary_control,0,0.001796797150745988,deberta,leave_one_model__qwen2_5_7b_instruct_q4_k_m,validation,matched_clean_llm,dedup-cluster-a2b2305f32aed49b82a74ffb,revision_v1_chacha20_poly1305_base64_051,llama3_8b_instruct_q4_k_m,nonseg_ascii_b16,chacha20_poly1305_base64,procedure_garden_task
detector_pair__aed674404045ab786ae0564c__rankcloak,1,0.9981446266174316,deberta,leave_one_model__qwen2_5_7b_instruct_q4_k_m,validation,matched_clean_llm,dedup-cluster-a2b2305f32aed49b82a74ffb,revision_v1_chacha20_poly1305_base64_051,llama3_8b_instruct_q4_k_m,nonseg_ascii_b16,chacha20_poly1305_base64,procedure_garden_task
detector_pair__af1881fb73d346eef707468e__ordinary_control,0,0.00115113309584558,deberta,leave_one_model__qwen2_5_7b_instruct_q4_k_m,validation,matched_clean_llm,dedup-cluster-725b5797405341915f74ba63,revision_v1_token_128_bit_hex_006,mistral_7b_instruct_v0_3_q4_k_m,segmented_hex_multi_topic,token_128_bit_hex,explain_weather_pattern
detector_pair__af1881fb73d346eef707468e__rankcloak,1,0.9989180564880371,deberta,leave_one_model__qwen2_5_7b_instruct_q4_k_m,validation,matched_clean_llm,dedup-cluster-725b5797405341915f74ba63,revision_v1_token_128_bit_hex_006,mistral_7b_instruct_v0_3_q4_k_m,segmented_hex_multi_topic,token_128_bit_hex,explain_weather_pattern
detector_pair__af422560b2d28b6297edb46b__ordinary_control,0,0.00031386682530865073,deberta,leave_one_model__qwen2_5_7b_instruct_q4_k_m,validation,matched_clean_llm,dedup-cluster-982d753609ba3daf81c7d866,revision_v1_sha256_hex_046,mistral_7b_instruct_v0_3_q4_k_m,segmented_hex_multi_topic,sha256_hex,casual_weekend_chat
detector_pair__af422560b2d28b6297edb46b__rankcloak,1,0.74276202917099,deberta,leave_one_model__qwen2_5_7b_instruct_q4_k_m,validation,matched_clean_llm,dedup-cluster-982d753609ba3daf81c7d866,revision_v1_sha256_hex_046,mistral_7b_instruct_v0_3_q4_k_m,segmented_hex_multi_topic,sha256_hex,casual_weekend_chat
detector_pair__af5eabaddef926930764dd5d__ordinary_control,0,0.0014198351418599486,deberta,leave_one_model__qwen2_5_7b_instruct_q4_k_m,validation,matched_clean_llm,dedup-cluster-2e7f1969791ae609498a9082,revision_v1_hmac_sha256_hex_020,llama3_8b_instruct_q4_k_m,segmented_hex_multi_topic,hmac_sha256_hex,procedure_home_task
detector_pair__af5eabaddef926930764dd5d__rankcloak,1,0.9997856020927429,deberta,leave_one_model__qwen2_5_7b_instruct_q4_k_m,validation,matched_clean_llm,dedup-cluster-2e7f1969791ae609498a9082,revision_v1_hmac_sha256_hex_020,llama3_8b_instruct_q4_k_m,segmented_hex_multi_topic,hmac_sha256_hex,procedure_home_task
detector_pair__af82ea768816d3578fd02ca4__ordinary_control,0,0.0004950720467604697,deberta,leave_one_model__qwen2_5_7b_instruct_q4_k_m,validation,matched_clean_llm,dedup-cluster-26d0e390c431894214a50804,revision_v1_chacha20_poly1305_base64_004,llama3_8b_instruct_q4_k_m,nonseg_ascii_b8,chacha20_poly1305_base64,narrative_small_discovery
detector_pair__af82ea768816d3578fd02ca4__rankcloak,1,0.9973964691162109,deberta,leave_one_model__qwen2_5_7b_instruct_q4_k_m,validation,matched_clean_llm,dedup-cluster-26d0e390c431894214a50804,revision_v1_chacha20_poly1305_base64_004,llama3_8b_instruct_q4_k_m,nonseg_ascii_b8,chacha20_poly1305_base64,narrative_small_discovery
detector_pair__b01a79ec19ec8270843b40f0__ordinary_control,0,0.003259895369410515,deberta,leave_one_model__qwen2_5_7b_instruct_q4_k_m,validation,matched_clean_llm,dedup-cluster-e8b46972e25b5d16f253b139,revision_v1_nonce_96_bit_hex_005,mistral_7b_instruct_v0_3_q4_k_m,segmented_hex_single_topic,nonce_96_bit_hex,procedure_home_task
detector_pair__b01a79ec19ec8270843b40f0__rankcloak,1,0.9997581839561462,deberta,leave_one_model__qwen2_5_7b_instruct_q4_k_m,validation,matched_clean_llm,dedup-cluster-e8b46972e25b5d16f253b139,revision_v1_nonce_96_bit_hex_005,mistral_7b_instruct_v0_3_q4_k_m,segmented_hex_single_topic,nonce_96_bit_hex,procedure_home_task
detector_pair__b01e951a4415df47eef4580e__ordinary_control,0,0.0005372143932618201,deberta,leave_one_model__qwen2_5_7b_instruct_q4_k_m,validation,matched_clean_llm,dedup-cluster-c1384975805483ef72db522a,revision_v1_uuid_v4_047,mistral_7b_instruct_v0_3_q4_k_m,nonseg_ascii_b16,uuid_v4,explain_everyday_system
detector_pair__b01e951a4415df47eef4580e__rankcloak,1,0.999415397644043,deberta,leave_one_model__qwen2_5_7b_instruct_q4_k_m,validation,matched_clean_llm,dedup-cluster-c1384975805483ef72db522a,revision_v1_uuid_v4_047,mistral_7b_instruct_v0_3_q4_k_m,nonseg_ascii_b16,uuid_v4,explain_everyday_system
detector_pair__b03093adb8a70c16bbe340dd__ordinary_control,0,0.0004999497323296964,deberta,leave_one_model__qwen2_5_7b_instruct_q4_k_m,validation,matched_clean_llm,dedup-cluster-6136de4e90d44eb994005d2a,revision_v1_uuid_v4_051,mistral_7b_instruct_v0_3_q4_k_m,direct_subword_calgacus,uuid_v4,procedure_garden_task
detector_pair__b03093adb8a70c16bbe340dd__rankcloak,1,0.9974178075790405,deberta,leave_one_model__qwen2_5_7b_instruct_q4_k_m,validation,matched_clean_llm,dedup-cluster-6136de4e90d44eb994005d2a,revision_v1_uuid_v4_051,mistral_7b_instruct_v0_3_q4_k_m,direct_subword_calgacus,uuid_v4,procedure_garden_task
detector_pair__b05b7f99a8670214ccee4096__ordinary_control,0,0.0005350145511329174,deberta,leave_one_model__qwen2_5_7b_instruct_q4_k_m,validation,matched_clean_llm,dedup-cluster-edb6b099f1dff5a3bddeca8c,revision_v1_sha256_hex_012,mistral_7b_instruct_v0_3_q4_k_m,nonseg_hex_nibble_b16,sha256_hex,forum_purchase_advice
detector_pair__b05b7f99a8670214ccee4096__rankcloak,1,0.9991434812545776,deberta,leave_one_model__qwen2_5_7b_instruct_q4_k_m,validation,matched_clean_llm,dedup-cluster-edb6b099f1dff5a3bddeca8c,revision_v1_sha256_hex_012,mistral_7b_instruct_v0_3_q4_k_m,nonseg_hex_nibble_b16,sha256_hex,forum_purchase_advice
detector_pair__b179a9f873b8af6e5cb36fa2__ordinary_control,0,0.004361334256827831,deberta,leave_one_model__qwen2_5_7b_instruct_q4_k_m,validation,matched_clean_llm,dedup-cluster-bced2ec523557c720d4ecf66,revision_v1_token_128_bit_hex_036,llama3_8b_instruct_q4_k_m,segmented_hex_single_topic,token_128_bit_hex,procedure_simple_meal
detector_pair__b179a9f873b8af6e5cb36fa2__rankcloak,1,0.991644561290741,deberta,leave_one_model__qwen2_5_7b_instruct_q4_k_m,validation,matched_clean_llm,dedup-cluster-bced2ec523557c720d4ecf66,revision_v1_token_128_bit_hex_036,llama3_8b_instruct_q4_k_m,segmented_hex_single_topic,token_128_bit_hex,procedure_simple_meal
detector_pair__b1b630ea65f48ee22835a8fa__ordinary_control,0,0.00041572749614715576,deberta,leave_one_model__qwen2_5_7b_instruct_q4_k_m,validation,matched_clean_llm,dedup-cluster-ead69251c7d45a2f2e36dc76,revision_v1_ed25519_signature_base64_004,mistral_7b_instruct_v0_3_q4_k_m,nonseg_ascii_b16,ed25519_signature_base64,professional_project_update
detector_pair__b1b630ea65f48ee22835a8fa__rankcloak,1,0.9997233748435974,deberta,leave_one_model__qwen2_5_7b_instruct_q4_k_m,validation,matched_clean_llm,dedup-cluster-ead69251c7d45a2f2e36dc76,revision_v1_ed25519_signature_base64_004,mistral_7b_instruct_v0_3_q4_k_m,nonseg_ascii_b16,ed25519_signature_base64,professional_project_update
detector_pair__b1cd8396fb4c99ff53e67a42__ordinary_control,0,0.000590214622206986,deberta,leave_one_model__qwen2_5_7b_instruct_q4_k_m,validation,matched_clean_llm,dedup-cluster-2e2ec68963e479ffd3172011,revision_v1_ed25519_signature_base64_005,mistral_7b_instruct_v0_3_q4_k_m,direct_subword_calgacus,ed25519_signature_base64,forum_practical_answer
detector_pair__b1cd8396fb4c99ff53e67a42__rankcloak,1,0.9997835755348206,deberta,leave_one_model__qwen2_5_7b_instruct_q4_k_m,validation,matched_clean_llm,dedup-cluster-2e2ec68963e479ffd3172011,revision_v1_ed25519_signature_base64_005,mistral_7b_instruct_v0_3_q4_k_m,direct_subword_calgacus,ed25519_signature_base64,forum_practical_answer
detector_pair__b1e2c5fb3c40ffb4dbffc7c0__ordinary_control,0,0.001307576079852879,deberta,leave_one_model__qwen2_5_7b_instruct_q4_k_m,validation,matched_clean_llm,dedup-cluster-418e1dfdad8a13fa38873592,revision_v1_chacha20_poly1305_base64_003,mistral_7b_instruct_v0_3_q4_k_m,nonseg_ascii_b8,chacha20_poly1305_base64,explain_biological_process
detector_pair__b1e2c5fb3c40ffb4dbffc7c0__rankcloak,1,0.9994586110115051,deberta,leave_one_model__qwen2_5_7b_instruct_q4_k_m,validation,matched_clean_llm,dedup-cluster-418e1dfdad8a13fa38873592,revision_v1_chacha20_poly1305_base64_003,mistral_7b_instruct_v0_3_q4_k_m,nonseg_ascii_b8,chacha20_poly1305_base64,explain_biological_process
detector_pair__b292009d40764372a66c5278__ordinary_control,0,0.0008866990683600307,deberta,leave_one_model__qwen2_5_7b_instruct_q4_k_m,validation,matched_clean_llm,dedup-cluster-4c7d81d9bc771045be64324c,revision_v1_nonce_96_bit_hex_001,llama3_8b_instruct_q4_k_m,segmented_hex_multi_topic,nonce_96_bit_hex,procedure_garden_task
detector_pair__b292009d40764372a66c5278__rankcloak,1,0.9991050362586975,deberta,leave_one_model__qwen2_5_7b_instruct_q4_k_m,validation,matched_clean_llm,dedup-cluster-4c7d81d9bc771045be64324c,revision_v1_nonce_96_bit_hex_001,llama3_8b_instruct_q4_k_m,segmented_hex_multi_topic,nonce_96_bit_hex,procedure_garden_task
detector_pair__b29909882bf537840a673608__ordinary_control,0,0.0002858227235265076,deberta,leave_one_model__qwen2_5_7b_instruct_q4_k_m,validation,matched_clean_llm,dedup-cluster-60a1e2f88d4e40514869d20f,revision_v1_ed25519_signature_base64_051,mistral_7b_instruct_v0_3_q4_k_m,nonseg_ascii_b16,ed25519_signature_base64,casual_neighborhood_chat
detector_pair__b29909882bf537840a673608__rankcloak,1,0.9998132586479187,deberta,leave_one_model__qwen2_5_7b_instruct_q4_k_m,validation,matched_clean_llm,dedup-cluster-60a1e2f88d4e40514869d20f,revision_v1_ed25519_signature_base64_051,mistral_7b_instruct_v0_3_q4_k_m,nonseg_ascii_b16,ed25519_signature_base64,casual_neighborhood_chat
detector_pair__b2b34629d573d6ff8a00ed4c__ordinary_control,0,0.0004135208437219262,deberta,leave_one_model__qwen2_5_7b_instruct_q4_k_m,validation,matched_clean_llm,dedup-cluster-e303bfe023e32c25389ebaf9,revision_v1_token_128_bit_hex_057,mistral_7b_instruct_v0_3_q4_k_m,segmented_hex_single_topic,token_128_bit_hex,forum_learning_answer
detector_pair__b2b34629d573d6ff8a00ed4c__rankcloak,1,0.6902014017105103,deberta,leave_one_model__qwen2_5_7b_instruct_q4_k_m,validation,matched_clean_llm,dedup-cluster-e303bfe023e32c25389ebaf9,revision_v1_token_128_bit_hex_057,mistral_7b_instruct_v0_3_q4_k_m,segmented_hex_single_topic,token_128_bit_hex,forum_learning_answer
detector_pair__b2c4b335a288ae42b1b60b97__ordinary_control,0,0.0005973963416181505,deberta,leave_one_model__qwen2_5_7b_instruct_q4_k_m,validation,matched_clean_llm,dedup-cluster-e8b46972e25b5d16f253b139,revision_v1_nonce_96_bit_hex_005,llama3_8b_instruct_q4_k_m,segmented_hex_single_topic,nonce_96_bit_hex,professional_process_email
detector_pair__b2c4b335a288ae42b1b60b97__rankcloak,1,0.13343951106071472,deberta,leave_one_model__qwen2_5_7b_instruct_q4_k_m,validation,matched_clean_llm,dedup-cluster-e8b46972e25b5d16f253b139,revision_v1_nonce_96_bit_hex_005,llama3_8b_instruct_q4_k_m,segmented_hex_single_topic,nonce_96_bit_hex,professional_process_email
detector_pair__b2ce043f2bfb048ebf04dd33__ordinary_control,0,0.001448385650292039,deberta,leave_one_model__qwen2_5_7b_instruct_q4_k_m,validation,matched_clean_llm,dedup-cluster-a573a5d868303e7f802ba83e,revision_v1_chacha20_poly1305_base64_008,llama3_8b_instruct_q4_k_m,nonseg_ascii_b8,chacha20_poly1305_base64,forum_purchase_advice
detector_pair__b2ce043f2bfb048ebf04dd33__rankcloak,1,0.9989581108093262,deberta,leave_one_model__qwen2_5_7b_instruct_q4_k_m,validation,matched_clean_llm,dedup-cluster-a573a5d868303e7f802ba83e,revision_v1_chacha20_poly1305_base64_008,llama3_8b_instruct_q4_k_m,nonseg_ascii_b8,chacha20_poly1305_base64,forum_purchase_advice
detector_pair__b304f9074e4dd5357531ce7c__ordinary_control,0,0.0021602921187877655,deberta,leave_one_model__qwen2_5_7b_instruct_q4_k_m,validation,matched_clean_llm,dedup-cluster-d24ae4dc1ca2dcb4473005f9,revision_v1_hmac_sha256_hex_036,mistral_7b_instruct_v0_3_q4_k_m,nonseg_hex_nibble_b16,hmac_sha256_hex,procedure_simple_meal
detector_pair__b304f9074e4dd5357531ce7c__rankcloak,1,0.9997866749763489,deberta,leave_one_model__qwen2_5_7b_instruct_q4_k_m,validation,matched_clean_llm,dedup-cluster-d24ae4dc1ca2dcb4473005f9,revision_v1_hmac_sha256_hex_036,mistral_7b_instruct_v0_3_q4_k_m,nonseg_hex_nibble_b16,hmac_sha256_hex,procedure_simple_meal
detector_pair__b32c5cfb70cc0ec5be9f702b__ordinary_control,0,0.0026137265376746655,deberta,leave_one_model__qwen2_5_7b_instruct_q4_k_m,validation,matched_clean_llm,dedup-cluster-4f6ab2ce0956867e1b0b1bad,revision_v1_hmac_sha256_hex_043,llama3_8b_instruct_q4_k_m,nonseg_hex_nibble_b16,hmac_sha256_hex,forum_learning_answer
detector_pair__b32c5cfb70cc0ec5be9f702b__rankcloak,1,0.8979498744010925,deberta,leave_one_model__qwen2_5_7b_instruct_q4_k_m,validation,matched_clean_llm,dedup-cluster-4f6ab2ce0956867e1b0b1bad,revision_v1_hmac_sha256_hex_043,llama3_8b_instruct_q4_k_m,nonseg_hex_nibble_b16,hmac_sha256_hex,forum_learning_answer
detector_pair__b3584c017ecc796eb41a9e68__ordinary_control,0,0.0013400689931586385,deberta,leave_one_model__qwen2_5_7b_instruct_q4_k_m,validation,matched_clean_llm,dedup-cluster-40d7dc0aae7327885c0b7431,revision_v1_aes256_gcm_base64_057,llama3_8b_instruct_q4_k_m,nonseg_ascii_b16,aes256_gcm_base64,forum_learning_answer
detector_pair__b3584c017ecc796eb41a9e68__rankcloak,1,0.9969224333763123,deberta,leave_one_model__qwen2_5_7b_instruct_q4_k_m,validation,matched_clean_llm,dedup-cluster-40d7dc0aae7327885c0b7431,revision_v1_aes256_gcm_base64_057,llama3_8b_instruct_q4_k_m,nonseg_ascii_b16,aes256_gcm_base64,forum_learning_answer
detector_pair__b388c57c2b0f6465bc2bc56e__ordinary_control,0,0.0005185847403481603,deberta,leave_one_model__qwen2_5_7b_instruct_q4_k_m,validation,matched_clean_llm,dedup-cluster-4f6ab2ce0956867e1b0b1bad,revision_v1_hmac_sha256_hex_043,llama3_8b_instruct_q4_k_m,segmented_hex_multi_topic,hmac_sha256_hex,forum_learning_answer
detector_pair__b388c57c2b0f6465bc2bc56e__rankcloak,1,0.9996483325958252,deberta,leave_one_model__qwen2_5_7b_instruct_q4_k_m,validation,matched_clean_llm,dedup-cluster-4f6ab2ce0956867e1b0b1bad,revision_v1_hmac_sha256_hex_043,llama3_8b_instruct_q4_k_m,segmented_hex_multi_topic,hmac_sha256_hex,forum_learning_answer
detector_pair__b38b35ea2d755e451e769bc5__ordinary_control,0,0.00031265965662896633,deberta,leave_one_model__qwen2_5_7b_instruct_q4_k_m,validation,matched_clean_llm,dedup-cluster-5650c0ad5d795f7721100b4c,revision_v1_uuid_v4_024,mistral_7b_instruct_v0_3_q4_k_m,direct_subword_calgacus,uuid_v4,casual_hobby_chat
detector_pair__b38b35ea2d755e451e769bc5__rankcloak,1,0.6038248538970947,deberta,leave_one_model__qwen2_5_7b_instruct_q4_k_m,validation,matched_clean_llm,dedup-cluster-5650c0ad5d795f7721100b4c,revision_v1_uuid_v4_024,mistral_7b_instruct_v0_3_q4_k_m,direct_subword_calgacus,uuid_v4,casual_hobby_chat
detector_pair__b39e40f1c66a226025bb0def__ordinary_control,0,0.0003222595260012895,deberta,leave_one_model__qwen2_5_7b_instruct_q4_k_m,validation,matched_clean_llm,dedup-cluster-1a58c45e1a5617daccb29f6e,revision_v1_aes256_gcm_base64_035,mistral_7b_instruct_v0_3_q4_k_m,nonseg_ascii_b8,aes256_gcm_base64,casual_weekend_chat
detector_pair__b39e40f1c66a226025bb0def__rankcloak,1,0.9988992214202881,deberta,leave_one_model__qwen2_5_7b_instruct_q4_k_m,validation,matched_clean_llm,dedup-cluster-1a58c45e1a5617daccb29f6e,revision_v1_aes256_gcm_base64_035,mistral_7b_instruct_v0_3_q4_k_m,nonseg_ascii_b8,aes256_gcm_base64,casual_weekend_chat
detector_pair__b3ec847c8f579233922ccf8e__ordinary_control,0,0.0023548630997538567,deberta,leave_one_model__qwen2_5_7b_instruct_q4_k_m,validation,matched_clean_llm,dedup-cluster-357353b9c6b8da3922f5c452,revision_v1_ed25519_signature_base64_025,llama3_8b_instruct_q4_k_m,nonseg_ascii_b16,ed25519_signature_base64,forum_learning_answer
detector_pair__b3ec847c8f579233922ccf8e__rankcloak,1,0.9985854625701904,deberta,leave_one_model__qwen2_5_7b_instruct_q4_k_m,validation,matched_clean_llm,dedup-cluster-357353b9c6b8da3922f5c452,revision_v1_ed25519_signature_base64_025,llama3_8b_instruct_q4_k_m,nonseg_ascii_b16,ed25519_signature_base64,forum_learning_answer
detector_pair__b3f49380ef6a7fb614359193__ordinary_control,0,0.0005989107303321362,deberta,leave_one_model__qwen2_5_7b_instruct_q4_k_m,validation,matched_clean_llm,dedup-cluster-7c84aa0ced3be32342082f66,revision_v1_uuid_v4_002,mistral_7b_instruct_v0_3_q4_k_m,direct_subword_calgacus,uuid_v4,forum_practical_answer
detector_pair__b3f49380ef6a7fb614359193__rankcloak,1,0.9997614026069641,deberta,leave_one_model__qwen2_5_7b_instruct_q4_k_m,validation,matched_clean_llm,dedup-cluster-7c84aa0ced3be32342082f66,revision_v1_uuid_v4_002,mistral_7b_instruct_v0_3_q4_k_m,direct_subword_calgacus,uuid_v4,forum_practical_answer
detector_pair__b3fc8937cdf49e982ae214c4__ordinary_control,0,0.7899858951568604,deberta,leave_one_model__qwen2_5_7b_instruct_q4_k_m,validation,matched_clean_llm,dedup-cluster-a1f09603de61d42b17c60f90,revision_v1_nonce_96_bit_hex_058,llama3_8b_instruct_q4_k_m,segmented_hex_multi_topic,nonce_96_bit_hex,casual_neighborhood_chat
detector_pair__b3fc8937cdf49e982ae214c4__rankcloak,1,0.9607431888580322,deberta,leave_one_model__qwen2_5_7b_instruct_q4_k_m,validation,matched_clean_llm,dedup-cluster-a1f09603de61d42b17c60f90,revision_v1_nonce_96_bit_hex_058,llama3_8b_instruct_q4_k_m,segmented_hex_multi_topic,nonce_96_bit_hex,casual_neighborhood_chat
detector_pair__b4528729d95cd07d0093342a__ordinary_control,0,0.0010252913925796747,deberta,leave_one_model__qwen2_5_7b_instruct_q4_k_m,validation,matched_clean_llm,dedup-cluster-a2b2305f32aed49b82a74ffb,revision_v1_chacha20_poly1305_base64_051,llama3_8b_instruct_q4_k_m,direct_subword_calgacus,chacha20_poly1305_base64,procedure_garden_task
detector_pair__b4528729d95cd07d0093342a__rankcloak,1,0.9997743964195251,deberta,leave_one_model__qwen2_5_7b_instruct_q4_k_m,validation,matched_clean_llm,dedup-cluster-a2b2305f32aed49b82a74ffb,revision_v1_chacha20_poly1305_base64_051,llama3_8b_instruct_q4_k_m,direct_subword_calgacus,chacha20_poly1305_base64,procedure_garden_task
detector_pair__b5609459e3052cc195e18cad__ordinary_control,0,0.0012418566038832068,deberta,leave_one_model__qwen2_5_7b_instruct_q4_k_m,validation,matched_clean_llm,dedup-cluster-2e7f1969791ae609498a9082,revision_v1_hmac_sha256_hex_020,mistral_7b_instruct_v0_3_q4_k_m,segmented_hex_multi_topic,hmac_sha256_hex,explain_weather_pattern
detector_pair__b5609459e3052cc195e18cad__rankcloak,1,0.9997945427894592,deberta,leave_one_model__qwen2_5_7b_instruct_q4_k_m,validation,matched_clean_llm,dedup-cluster-2e7f1969791ae609498a9082,revision_v1_hmac_sha256_hex_020,mistral_7b_instruct_v0_3_q4_k_m,segmented_hex_multi_topic,hmac_sha256_hex,explain_weather_pattern
detector_pair__b56c5f7f3a7ee4d08888a868__ordinary_control,0,0.000628680398222059,deberta,leave_one_model__qwen2_5_7b_instruct_q4_k_m,validation,matched_clean_llm,dedup-cluster-72a697706958756a5d98abe5,revision_v1_aes256_gcm_base64_042,mistral_7b_instruct_v0_3_q4_k_m,direct_subword_calgacus,aes256_gcm_base64,professional_process_email
detector_pair__b56c5f7f3a7ee4d08888a868__rankcloak,1,0.999610960483551,deberta,leave_one_model__qwen2_5_7b_instruct_q4_k_m,validation,matched_clean_llm,dedup-cluster-72a697706958756a5d98abe5,revision_v1_aes256_gcm_base64_042,mistral_7b_instruct_v0_3_q4_k_m,direct_subword_calgacus,aes256_gcm_base64,professional_process_email
detector_pair__b56f9ef1258dcc70f53bd2c0__ordinary_control,0,0.0008420523372478783,deberta,leave_one_model__qwen2_5_7b_instruct_q4_k_m,validation,matched_clean_llm,dedup-cluster-37d4a9d7e9509ca2f58035f8,revision_v1_hmac_sha256_hex_022,mistral_7b_instruct_v0_3_q4_k_m,direct_subword_calgacus,hmac_sha256_hex,professional_project_update
detector_pair__b56f9ef1258dcc70f53bd2c0__rankcloak,1,0.9992977380752563,deberta,leave_one_model__qwen2_5_7b_instruct_q4_k_m,validation,matched_clean_llm,dedup-cluster-37d4a9d7e9509ca2f58035f8,revision_v1_hmac_sha256_hex_022,mistral_7b_instruct_v0_3_q4_k_m,direct_subword_calgacus,hmac_sha256_hex,professional_project_update
detector_pair__b577b2278f45079bbc4ca897__ordinary_control,0,0.0007499940693378448,deberta,leave_one_model__qwen2_5_7b_instruct_q4_k_m,validation,matched_clean_llm,dedup-cluster-0401b1baba09fb1c1437ea35,revision_v1_nonce_96_bit_hex_011,mistral_7b_instruct_v0_3_q4_k_m,nonseg_ascii_b8,nonce_96_bit_hex,procedure_garden_task
detector_pair__b577b2278f45079bbc4ca897__rankcloak,1,0.11779651790857315,deberta,leave_one_model__qwen2_5_7b_instruct_q4_k_m,validation,matched_clean_llm,dedup-cluster-0401b1baba09fb1c1437ea35,revision_v1_nonce_96_bit_hex_011,mistral_7b_instruct_v0_3_q4_k_m,nonseg_ascii_b8,nonce_96_bit_hex,procedure_garden_task
detector_pair__b59c792524d972dfb3e1feac__ordinary_control,0,0.0013238114770501852,deberta,leave_one_model__qwen2_5_7b_instruct_q4_k_m,validation,matched_clean_llm,dedup-cluster-0401b1baba09fb1c1437ea35,revision_v1_nonce_96_bit_hex_011,mistral_7b_instruct_v0_3_q4_k_m,nonseg_ascii_b16,nonce_96_bit_hex,procedure_garden_task
detector_pair__b59c792524d972dfb3e1feac__rankcloak,1,0.9752222299575806,deberta,leave_one_model__qwen2_5_7b_instruct_q4_k_m,validation,matched_clean_llm,dedup-cluster-0401b1baba09fb1c1437ea35,revision_v1_nonce_96_bit_hex_011,mistral_7b_instruct_v0_3_q4_k_m,nonseg_ascii_b16,nonce_96_bit_hex,procedure_garden_task
detector_pair__b5f4d3b0688d76f7f2cdf614__ordinary_control,0,0.0003783611173275858,deberta,leave_one_model__qwen2_5_7b_instruct_q4_k_m,validation,matched_clean_llm,dedup-cluster-897bd4c0922eb43a17664a25,revision_v1_aes256_gcm_base64_025,llama3_8b_instruct_q4_k_m,direct_subword_calgacus,aes256_gcm_base64,casual_weekend_chat
detector_pair__b5f4d3b0688d76f7f2cdf614__rankcloak,1,0.9997296929359436,deberta,leave_one_model__qwen2_5_7b_instruct_q4_k_m,validation,matched_clean_llm,dedup-cluster-897bd4c0922eb43a17664a25,revision_v1_aes256_gcm_base64_025,llama3_8b_instruct_q4_k_m,direct_subword_calgacus,aes256_gcm_base64,casual_weekend_chat
detector_pair__b604678cb42344d8cf6c401d__ordinary_control,0,0.00038696377305313945,deberta,leave_one_model__qwen2_5_7b_instruct_q4_k_m,validation,matched_clean_llm,dedup-cluster-74a6b9f9e3047bf7067f2ba2,revision_v1_aes256_gcm_base64_047,mistral_7b_instruct_v0_3_q4_k_m,nonseg_ascii_b16,aes256_gcm_base64,casual_neighborhood_chat
detector_pair__b604678cb42344d8cf6c401d__rankcloak,1,0.999546468257904,deberta,leave_one_model__qwen2_5_7b_instruct_q4_k_m,validation,matched_clean_llm,dedup-cluster-74a6b9f9e3047bf7067f2ba2,revision_v1_aes256_gcm_base64_047,mistral_7b_instruct_v0_3_q4_k_m,nonseg_ascii_b16,aes256_gcm_base64,casual_neighborhood_chat
detector_pair__b60edd6ceb018c046425a96e__ordinary_control,0,0.001049806596711278,deberta,leave_one_model__qwen2_5_7b_instruct_q4_k_m,validation,matched_clean_llm,dedup-cluster-a1f09603de61d42b17c60f90,revision_v1_nonce_96_bit_hex_058,mistral_7b_instruct_v0_3_q4_k_m,nonseg_ascii_b8,nonce_96_bit_hex,forum_purchase_advice
detector_pair__b60edd6ceb018c046425a96e__rankcloak,1,0.8532382249832153,deberta,leave_one_model__qwen2_5_7b_instruct_q4_k_m,validation,matched_clean_llm,dedup-cluster-a1f09603de61d42b17c60f90,revision_v1_nonce_96_bit_hex_058,mistral_7b_instruct_v0_3_q4_k_m,nonseg_ascii_b8,nonce_96_bit_hex,forum_purchase_advice
detector_pair__b68d1e81d9abc73f227ea3e9__ordinary_control,0,0.0006118229939602315,deberta,leave_one_model__qwen2_5_7b_instruct_q4_k_m,validation,matched_clean_llm,dedup-cluster-68e08a4fc96aff3403abad93,revision_v1_nonce_96_bit_hex_031,mistral_7b_instruct_v0_3_q4_k_m,segmented_hex_multi_topic,nonce_96_bit_hex,explain_weather_pattern
detector_pair__b68d1e81d9abc73f227ea3e9__rankcloak,1,0.9996620416641235,deberta,leave_one_model__qwen2_5_7b_instruct_q4_k_m,validation,matched_clean_llm,dedup-cluster-68e08a4fc96aff3403abad93,revision_v1_nonce_96_bit_hex_031,mistral_7b_instruct_v0_3_q4_k_m,segmented_hex_multi_topic,nonce_96_bit_hex,explain_weather_pattern
detector_pair__b69582c16c1415faf5b4df55__ordinary_control,0,0.024475090205669403,deberta,leave_one_model__qwen2_5_7b_instruct_q4_k_m,validation,matched_clean_llm,dedup-cluster-21724430ac9765521f1234e5,revision_v1_token_128_bit_hex_056,llama3_8b_instruct_q4_k_m,nonseg_ascii_b16,token_128_bit_hex,explain_weather_pattern
detector_pair__b69582c16c1415faf5b4df55__rankcloak,1,0.9840340614318848,deberta,leave_one_model__qwen2_5_7b_instruct_q4_k_m,validation,matched_clean_llm,dedup-cluster-21724430ac9765521f1234e5,revision_v1_token_128_bit_hex_056,llama3_8b_instruct_q4_k_m,nonseg_ascii_b16,token_128_bit_hex,explain_weather_pattern
detector_pair__b75ea9a92b1ffedea29b5d00__ordinary_control,0,0.0003992720739915967,deberta,leave_one_model__qwen2_5_7b_instruct_q4_k_m,validation,matched_clean_llm,dedup-cluster-bc077faa1a8a103220224e85,revision_v1_chacha20_poly1305_base64_036,llama3_8b_instruct_q4_k_m,direct_subword_calgacus,chacha20_poly1305_base64,casual_weekend_chat
detector_pair__b75ea9a92b1ffedea29b5d00__rankcloak,1,0.9996984004974365,deberta,leave_one_model__qwen2_5_7b_instruct_q4_k_m,validation,matched_clean_llm,dedup-cluster-bc077faa1a8a103220224e85,revision_v1_chacha20_poly1305_base64_036,llama3_8b_instruct_q4_k_m,direct_subword_calgacus,chacha20_poly1305_base64,casual_weekend_chat
detector_pair__b79fcc632058d9cb6a84af19__ordinary_control,0,0.0014911869075149298,deberta,leave_one_model__qwen2_5_7b_instruct_q4_k_m,validation,matched_clean_llm,dedup-cluster-2e2ec68963e479ffd3172011,revision_v1_ed25519_signature_base64_005,mistral_7b_instruct_v0_3_q4_k_m,nonseg_ascii_b16,ed25519_signature_base64,forum_practical_answer
detector_pair__b79fcc632058d9cb6a84af19__rankcloak,1,0.9998074173927307,deberta,leave_one_model__qwen2_5_7b_instruct_q4_k_m,validation,matched_clean_llm,dedup-cluster-2e2ec68963e479ffd3172011,revision_v1_ed25519_signature_base64_005,mistral_7b_instruct_v0_3_q4_k_m,nonseg_ascii_b16,ed25519_signature_base64,forum_practical_answer
detector_pair__b7a0d9b84f0442ebf0aaa6f7__ordinary_control,0,0.0014805539976805449,deberta,leave_one_model__qwen2_5_7b_instruct_q4_k_m,validation,matched_clean_llm,dedup-cluster-9f2700a571f51133cc69754b,revision_v1_chacha20_poly1305_base64_019,llama3_8b_instruct_q4_k_m,direct_subword_calgacus,chacha20_poly1305_base64,professional_project_update
detector_pair__b7a0d9b84f0442ebf0aaa6f7__rankcloak,1,0.9990018010139465,deberta,leave_one_model__qwen2_5_7b_instruct_q4_k_m,validation,matched_clean_llm,dedup-cluster-9f2700a571f51133cc69754b,revision_v1_chacha20_poly1305_base64_019,llama3_8b_instruct_q4_k_m,direct_subword_calgacus,chacha20_poly1305_base64,professional_project_update
detector_pair__b7df0c4d5e898ad773118624__ordinary_control,0,0.0020974401850253344,deberta,leave_one_model__qwen2_5_7b_instruct_q4_k_m,validation,matched_clean_llm,dedup-cluster-484bc3854d49e18198bd3802,revision_v1_hmac_sha256_hex_050,llama3_8b_instruct_q4_k_m,segmented_hex_multi_topic,hmac_sha256_hex,procedure_simple_meal
detector_pair__b7df0c4d5e898ad773118624__rankcloak,1,0.9980791807174683,deberta,leave_one_model__qwen2_5_7b_instruct_q4_k_m,validation,matched_clean_llm,dedup-cluster-484bc3854d49e18198bd3802,revision_v1_hmac_sha256_hex_050,llama3_8b_instruct_q4_k_m,segmented_hex_multi_topic,hmac_sha256_hex,procedure_simple_meal
detector_pair__b7e2891d0592d4b05bac0c44__ordinary_control,0,0.001439804444089532,deberta,leave_one_model__qwen2_5_7b_instruct_q4_k_m,validation,matched_clean_llm,dedup-cluster-1d730332b470450b93b8b767,revision_v1_hmac_sha256_hex_006,llama3_8b_instruct_q4_k_m,segmented_hex_multi_topic,hmac_sha256_hex,professional_process_email
detector_pair__b7e2891d0592d4b05bac0c44__rankcloak,1,0.9997991919517517,deberta,leave_one_model__qwen2_5_7b_instruct_q4_k_m,validation,matched_clean_llm,dedup-cluster-1d730332b470450b93b8b767,revision_v1_hmac_sha256_hex_006,llama3_8b_instruct_q4_k_m,segmented_hex_multi_topic,hmac_sha256_hex,professional_process_email
detector_pair__b8036f274098bb1ec87b853e__ordinary_control,0,0.01166393980383873,deberta,leave_one_model__qwen2_5_7b_instruct_q4_k_m,validation,matched_clean_llm,dedup-cluster-847d23bf1ef334bb559efd28,revision_v1_aes256_gcm_base64_000,llama3_8b_instruct_q4_k_m,nonseg_ascii_b8,aes256_gcm_base64,explain_biological_process
detector_pair__b8036f274098bb1ec87b853e__rankcloak,1,0.9746969938278198,deberta,leave_one_model__qwen2_5_7b_instruct_q4_k_m,validation,matched_clean_llm,dedup-cluster-847d23bf1ef334bb559efd28,revision_v1_aes256_gcm_base64_000,llama3_8b_instruct_q4_k_m,nonseg_ascii_b8,aes256_gcm_base64,explain_biological_process
detector_pair__b833da8ef802690168b597f3__ordinary_control,0,0.0003169239207636565,deberta,leave_one_model__qwen2_5_7b_instruct_q4_k_m,validation,matched_clean_llm,dedup-cluster-8150a67016c09420f58d3140,revision_v1_sha256_hex_053,mistral_7b_instruct_v0_3_q4_k_m,segmented_hex_single_topic,sha256_hex,professional_schedule_note
detector_pair__b833da8ef802690168b597f3__rankcloak,1,0.9994200468063354,deberta,leave_one_model__qwen2_5_7b_instruct_q4_k_m,validation,matched_clean_llm,dedup-cluster-8150a67016c09420f58d3140,revision_v1_sha256_hex_053,mistral_7b_instruct_v0_3_q4_k_m,segmented_hex_single_topic,sha256_hex,professional_schedule_note
detector_pair__b8a8c38f4e9d46e97462560b__ordinary_control,0,0.001223303726874292,deberta,leave_one_model__qwen2_5_7b_instruct_q4_k_m,validation,matched_clean_llm,dedup-cluster-1d730332b470450b93b8b767,revision_v1_hmac_sha256_hex_006,mistral_7b_instruct_v0_3_q4_k_m,segmented_hex_single_topic,hmac_sha256_hex,procedure_home_task
detector_pair__b8a8c38f4e9d46e97462560b__rankcloak,1,0.9998179078102112,deberta,leave_one_model__qwen2_5_7b_instruct_q4_k_m,validation,matched_clean_llm,dedup-cluster-1d730332b470450b93b8b767,revision_v1_hmac_sha256_hex_006,mistral_7b_instruct_v0_3_q4_k_m,segmented_hex_single_topic,hmac_sha256_hex,procedure_home_task
detector_pair__b8d4a9800ac6013ad73585fb__ordinary_control,0,0.0005677546141669154,deberta,leave_one_model__qwen2_5_7b_instruct_q4_k_m,validation,matched_clean_llm,dedup-cluster-087cbaaa2408a99991319532,revision_v1_uuid_v4_052,llama3_8b_instruct_q4_k_m,nonseg_ascii_b16,uuid_v4,forum_practical_answer
detector_pair__b8d4a9800ac6013ad73585fb__rankcloak,1,0.9011328816413879,deberta,leave_one_model__qwen2_5_7b_instruct_q4_k_m,validation,matched_clean_llm,dedup-cluster-087cbaaa2408a99991319532,revision_v1_uuid_v4_052,llama3_8b_instruct_q4_k_m,nonseg_ascii_b16,uuid_v4,forum_practical_answer
detector_pair__b9511db951312f6000ab53cb__ordinary_control,0,0.0008156321127898991,deberta,leave_one_model__qwen2_5_7b_instruct_q4_k_m,validation,matched_clean_llm,dedup-cluster-dcb1b73d5ccfd69dfe23f428,revision_v1_ed25519_signature_base64_000,mistral_7b_instruct_v0_3_q4_k_m,direct_subword_calgacus,ed25519_signature_base64,procedure_simple_meal
detector_pair__b9511db951312f6000ab53cb__rankcloak,1,0.9995459914207458,deberta,leave_one_model__qwen2_5_7b_instruct_q4_k_m,validation,matched_clean_llm,dedup-cluster-dcb1b73d5ccfd69dfe23f428,revision_v1_ed25519_signature_base64_000,mistral_7b_instruct_v0_3_q4_k_m,direct_subword_calgacus,ed25519_signature_base64,procedure_simple_meal
detector_pair__b9654d79d4e991ce66780889__ordinary_control,0,0.0016115016769617796,deberta,leave_one_model__qwen2_5_7b_instruct_q4_k_m,validation,matched_clean_llm,dedup-cluster-2e7f1969791ae609498a9082,revision_v1_hmac_sha256_hex_020,llama3_8b_instruct_q4_k_m,nonseg_hex_nibble_b16,hmac_sha256_hex,procedure_home_task
detector_pair__b9654d79d4e991ce66780889__rankcloak,1,0.9599016904830933,deberta,leave_one_model__qwen2_5_7b_instruct_q4_k_m,validation,matched_clean_llm,dedup-cluster-2e7f1969791ae609498a9082,revision_v1_hmac_sha256_hex_020,llama3_8b_instruct_q4_k_m,nonseg_hex_nibble_b16,hmac_sha256_hex,procedure_home_task
detector_pair__b9abedef990c92890af93b98__ordinary_control,0,0.0009683587704785168,deberta,leave_one_model__qwen2_5_7b_instruct_q4_k_m,validation,matched_clean_llm,dedup-cluster-1e608c8c5860067de2774eaa,revision_v1_uuid_v4_008,mistral_7b_instruct_v0_3_q4_k_m,nonseg_ascii_b16,uuid_v4,forum_purchase_advice
detector_pair__b9abedef990c92890af93b98__rankcloak,1,0.9996503591537476,deberta,leave_one_model__qwen2_5_7b_instruct_q4_k_m,validation,matched_clean_llm,dedup-cluster-1e608c8c5860067de2774eaa,revision_v1_uuid_v4_008,mistral_7b_instruct_v0_3_q4_k_m,nonseg_ascii_b16,uuid_v4,forum_purchase_advice
detector_pair__b9d136a9a9982059cb719370__ordinary_control,0,0.0013172690523788333,deberta,leave_one_model__qwen2_5_7b_instruct_q4_k_m,validation,matched_clean_llm,dedup-cluster-cc1d79c541da66daf8e9d81d,revision_v1_chacha20_poly1305_base64_040,llama3_8b_instruct_q4_k_m,nonseg_ascii_b16,chacha20_poly1305_base64,narrative_small_discovery
detector_pair__b9d136a9a9982059cb719370__rankcloak,1,0.9926738142967224,deberta,leave_one_model__qwen2_5_7b_instruct_q4_k_m,validation,matched_clean_llm,dedup-cluster-cc1d79c541da66daf8e9d81d,revision_v1_chacha20_poly1305_base64_040,llama3_8b_instruct_q4_k_m,nonseg_ascii_b16,chacha20_poly1305_base64,narrative_small_discovery
detector_pair__ba1f705ad18b5fb194d0f7f7__ordinary_control,0,0.0007072250009514391,deberta,leave_one_model__qwen2_5_7b_instruct_q4_k_m,validation,matched_clean_llm,dedup-cluster-54d0f843ac4646811be4dfd1,revision_v1_sha256_hex_000,mistral_7b_instruct_v0_3_q4_k_m,nonseg_ascii_b8,sha256_hex,forum_learning_answer
detector_pair__ba1f705ad18b5fb194d0f7f7__rankcloak,1,0.9997193217277527,deberta,leave_one_model__qwen2_5_7b_instruct_q4_k_m,validation,matched_clean_llm,dedup-cluster-54d0f843ac4646811be4dfd1,revision_v1_sha256_hex_000,mistral_7b_instruct_v0_3_q4_k_m,nonseg_ascii_b8,sha256_hex,forum_learning_answer
detector_pair__bb1c258ad0d4ca8ca4c9cb01__ordinary_control,0,0.007077930029481649,deberta,leave_one_model__qwen2_5_7b_instruct_q4_k_m,validation,matched_clean_llm,dedup-cluster-ead69251c7d45a2f2e36dc76,revision_v1_ed25519_signature_base64_004,llama3_8b_instruct_q4_k_m,nonseg_ascii_b16,ed25519_signature_base64,explain_everyday_system
detector_pair__bb1c258ad0d4ca8ca4c9cb01__rankcloak,1,0.9997788071632385,deberta,leave_one_model__qwen2_5_7b_instruct_q4_k_m,validation,matched_clean_llm,dedup-cluster-ead69251c7d45a2f2e36dc76,revision_v1_ed25519_signature_base64_004,llama3_8b_instruct_q4_k_m,nonseg_ascii_b16,ed25519_signature_base64,explain_everyday_system
detector_pair__bb957aac8efc7177281e0fda__ordinary_control,0,0.0003395443200133741,deberta,leave_one_model__qwen2_5_7b_instruct_q4_k_m,validation,matched_clean_llm,dedup-cluster-5650c0ad5d795f7721100b4c,revision_v1_uuid_v4_024,mistral_7b_instruct_v0_3_q4_k_m,nonseg_ascii_b8,uuid_v4,casual_hobby_chat
detector_pair__bb957aac8efc7177281e0fda__rankcloak,1,0.9994142055511475,deberta,leave_one_model__qwen2_5_7b_instruct_q4_k_m,validation,matched_clean_llm,dedup-cluster-5650c0ad5d795f7721100b4c,revision_v1_uuid_v4_024,mistral_7b_instruct_v0_3_q4_k_m,nonseg_ascii_b8,uuid_v4,casual_hobby_chat
detector_pair__bbcac48f344f23bec2789d30__ordinary_control,0,0.0022790743969380856,deberta,leave_one_model__qwen2_5_7b_instruct_q4_k_m,validation,matched_clean_llm,dedup-cluster-1d730332b470450b93b8b767,revision_v1_hmac_sha256_hex_006,llama3_8b_instruct_q4_k_m,nonseg_ascii_b8,hmac_sha256_hex,professional_process_email
detector_pair__bbcac48f344f23bec2789d30__rankcloak,1,0.9922797679901123,deberta,leave_one_model__qwen2_5_7b_instruct_q4_k_m,validation,matched_clean_llm,dedup-cluster-1d730332b470450b93b8b767,revision_v1_hmac_sha256_hex_006,llama3_8b_instruct_q4_k_m,nonseg_ascii_b8,hmac_sha256_hex,professional_process_email
detector_pair__bbce4ea73dc22e58ae655573__ordinary_control,0,0.0009539402090013027,deberta,leave_one_model__qwen2_5_7b_instruct_q4_k_m,validation,matched_clean_llm,dedup-cluster-e8b46972e25b5d16f253b139,revision_v1_nonce_96_bit_hex_005,llama3_8b_instruct_q4_k_m,nonseg_ascii_b8,nonce_96_bit_hex,professional_process_email
detector_pair__bbce4ea73dc22e58ae655573__rankcloak,1,0.8738136887550354,deberta,leave_one_model__qwen2_5_7b_instruct_q4_k_m,validation,matched_clean_llm,dedup-cluster-e8b46972e25b5d16f253b139,revision_v1_nonce_96_bit_hex_005,llama3_8b_instruct_q4_k_m,nonseg_ascii_b8,nonce_96_bit_hex,professional_process_email
detector_pair__bbe52a3cef810d9f480c32a6__ordinary_control,0,0.0005969565827399492,deberta,leave_one_model__qwen2_5_7b_instruct_q4_k_m,validation,matched_clean_llm,dedup-cluster-54d0f843ac4646811be4dfd1,revision_v1_sha256_hex_000,llama3_8b_instruct_q4_k_m,nonseg_ascii_b8,sha256_hex,casual_weekend_chat
detector_pair__bbe52a3cef810d9f480c32a6__rankcloak,1,0.9177907109260559,deberta,leave_one_model__qwen2_5_7b_instruct_q4_k_m,validation,matched_clean_llm,dedup-cluster-54d0f843ac4646811be4dfd1,revision_v1_sha256_hex_000,llama3_8b_instruct_q4_k_m,nonseg_ascii_b8,sha256_hex,casual_weekend_chat
detector_pair__bc7fb669217b532b2495d007__ordinary_control,0,0.00037782048457302153,deberta,leave_one_model__qwen2_5_7b_instruct_q4_k_m,validation,matched_clean_llm,dedup-cluster-c581ece2a3e5e2c3b74d6d5e,revision_v1_chacha20_poly1305_base64_016,llama3_8b_instruct_q4_k_m,direct_subword_calgacus,chacha20_poly1305_base64,narrative_learning_moment
detector_pair__bc7fb669217b532b2495d007__rankcloak,1,0.999692440032959,deberta,leave_one_model__qwen2_5_7b_instruct_q4_k_m,validation,matched_clean_llm,dedup-cluster-c581ece2a3e5e2c3b74d6d5e,revision_v1_chacha20_poly1305_base64_016,llama3_8b_instruct_q4_k_m,direct_subword_calgacus,chacha20_poly1305_base64,narrative_learning_moment
detector_pair__bce9a36386e0669294349331__ordinary_control,0,0.001938558416441083,deberta,leave_one_model__qwen2_5_7b_instruct_q4_k_m,validation,matched_clean_llm,dedup-cluster-4f6ab2ce0956867e1b0b1bad,revision_v1_hmac_sha256_hex_043,llama3_8b_instruct_q4_k_m,nonseg_ascii_b8,hmac_sha256_hex,forum_learning_answer
detector_pair__bce9a36386e0669294349331__rankcloak,1,0.9936944842338562,deberta,leave_one_model__qwen2_5_7b_instruct_q4_k_m,validation,matched_clean_llm,dedup-cluster-4f6ab2ce0956867e1b0b1bad,revision_v1_hmac_sha256_hex_043,llama3_8b_instruct_q4_k_m,nonseg_ascii_b8,hmac_sha256_hex,forum_learning_answer
detector_pair__bd2c930c0f94de0abd9e1e46__ordinary_control,0,0.0009736393694765866,deberta,leave_one_model__qwen2_5_7b_instruct_q4_k_m,validation,matched_clean_llm,dedup-cluster-23821a91b342f8bd757bd354,revision_v1_aes256_gcm_base64_009,mistral_7b_instruct_v0_3_q4_k_m,nonseg_ascii_b16,aes256_gcm_base64,narrative_learning_moment
detector_pair__bd2c930c0f94de0abd9e1e46__rankcloak,1,0.9993643164634705,deberta,leave_one_model__qwen2_5_7b_instruct_q4_k_m,validation,matched_clean_llm,dedup-cluster-23821a91b342f8bd757bd354,revision_v1_aes256_gcm_base64_009,mistral_7b_instruct_v0_3_q4_k_m,nonseg_ascii_b16,aes256_gcm_base64,narrative_learning_moment
detector_pair__bd3b90b05fbaef1430c270c4__ordinary_control,0,0.0003597138274926692,deberta,leave_one_model__qwen2_5_7b_instruct_q4_k_m,validation,matched_clean_llm,dedup-cluster-a34a1c3f812dbedb8252c73c,revision_v1_ed25519_signature_base64_015,mistral_7b_instruct_v0_3_q4_k_m,nonseg_ascii_b8,ed25519_signature_base64,casual_neighborhood_chat
detector_pair__bd3b90b05fbaef1430c270c4__rankcloak,1,0.9989519119262695,deberta,leave_one_model__qwen2_5_7b_instruct_q4_k_m,validation,matched_clean_llm,dedup-cluster-a34a1c3f812dbedb8252c73c,revision_v1_ed25519_signature_base64_015,mistral_7b_instruct_v0_3_q4_k_m,nonseg_ascii_b8,ed25519_signature_base64,casual_neighborhood_chat
detector_pair__bdb770980dc795c40795a5f6__ordinary_control,0,0.001762449275702238,deberta,leave_one_model__qwen2_5_7b_instruct_q4_k_m,validation,matched_clean_llm,dedup-cluster-631342e4862923cce8d3242b,revision_v1_sha256_hex_029,llama3_8b_instruct_q4_k_m,nonseg_ascii_b8,sha256_hex,explain_everyday_system
detector_pair__bdb770980dc795c40795a5f6__rankcloak,1,0.8093491792678833,deberta,leave_one_model__qwen2_5_7b_instruct_q4_k_m,validation,matched_clean_llm,dedup-cluster-631342e4862923cce8d3242b,revision_v1_sha256_hex_029,llama3_8b_instruct_q4_k_m,nonseg_ascii_b8,sha256_hex,explain_everyday_system
detector_pair__bdd99cab13a1d19b9d1c6878__ordinary_control,0,0.0006760045071132481,deberta,leave_one_model__qwen2_5_7b_instruct_q4_k_m,validation,matched_clean_llm,dedup-cluster-a573a5d868303e7f802ba83e,revision_v1_chacha20_poly1305_base64_008,mistral_7b_instruct_v0_3_q4_k_m,nonseg_ascii_b16,chacha20_poly1305_base64,narrative_small_discovery
detector_pair__bdd99cab13a1d19b9d1c6878__rankcloak,1,0.9997525811195374,deberta,leave_one_model__qwen2_5_7b_instruct_q4_k_m,validation,matched_clean_llm,dedup-cluster-a573a5d868303e7f802ba83e,revision_v1_chacha20_poly1305_base64_008,mistral_7b_instruct_v0_3_q4_k_m,nonseg_ascii_b16,chacha20_poly1305_base64,narrative_small_discovery
detector_pair__bde9c831accaba9bc0f7716c__ordinary_control,0,0.000591360789258033,deberta,leave_one_model__qwen2_5_7b_instruct_q4_k_m,validation,matched_clean_llm,dedup-cluster-087cbaaa2408a99991319532,revision_v1_uuid_v4_052,mistral_7b_instruct_v0_3_q4_k_m,direct_subword_calgacus,uuid_v4,narrative_learning_moment
detector_pair__bde9c831accaba9bc0f7716c__rankcloak,1,0.9854257106781006,deberta,leave_one_model__qwen2_5_7b_instruct_q4_k_m,validation,matched_clean_llm,dedup-cluster-087cbaaa2408a99991319532,revision_v1_uuid_v4_052,mistral_7b_instruct_v0_3_q4_k_m,direct_subword_calgacus,uuid_v4,narrative_learning_moment
detector_pair__be592493a5727e1703887d10__ordinary_control,0,0.0003096383879892528,deberta,leave_one_model__qwen2_5_7b_instruct_q4_k_m,validation,matched_clean_llm,dedup-cluster-1a58c45e1a5617daccb29f6e,revision_v1_aes256_gcm_base64_035,mistral_7b_instruct_v0_3_q4_k_m,nonseg_ascii_b16,aes256_gcm_base64,casual_weekend_chat
detector_pair__be592493a5727e1703887d10__rankcloak,1,0.9997745156288147,deberta,leave_one_model__qwen2_5_7b_instruct_q4_k_m,validation,matched_clean_llm,dedup-cluster-1a58c45e1a5617daccb29f6e,revision_v1_aes256_gcm_base64_035,mistral_7b_instruct_v0_3_q4_k_m,nonseg_ascii_b16,aes256_gcm_base64,casual_weekend_chat
detector_pair__be62090a67ac9ba370dbb477__ordinary_control,0,0.0003175820456817746,deberta,leave_one_model__qwen2_5_7b_instruct_q4_k_m,validation,matched_clean_llm,dedup-cluster-5650c0ad5d795f7721100b4c,revision_v1_uuid_v4_024,mistral_7b_instruct_v0_3_q4_k_m,nonseg_ascii_b16,uuid_v4,casual_hobby_chat
detector_pair__be62090a67ac9ba370dbb477__rankcloak,1,0.9883360266685486,deberta,leave_one_model__qwen2_5_7b_instruct_q4_k_m,validation,matched_clean_llm,dedup-cluster-5650c0ad5d795f7721100b4c,revision_v1_uuid_v4_024,mistral_7b_instruct_v0_3_q4_k_m,nonseg_ascii_b16,uuid_v4,casual_hobby_chat
detector_pair__be9737b413dabd34a711cd83__ordinary_control,0,0.0004817254957742989,deberta,leave_one_model__qwen2_5_7b_instruct_q4_k_m,validation,matched_clean_llm,dedup-cluster-d028afde8d3446e776f3bdbf,revision_v1_hmac_sha256_hex_013,mistral_7b_instruct_v0_3_q4_k_m,direct_subword_calgacus,hmac_sha256_hex,narrative_learning_moment
detector_pair__be9737b413dabd34a711cd83__rankcloak,1,0.9994578957557678,deberta,leave_one_model__qwen2_5_7b_instruct_q4_k_m,validation,matched_clean_llm,dedup-cluster-d028afde8d3446e776f3bdbf,revision_v1_hmac_sha256_hex_013,mistral_7b_instruct_v0_3_q4_k_m,direct_subword_calgacus,hmac_sha256_hex,narrative_learning_moment
detector_pair__be9906db416aecd16b28986d__ordinary_control,0,0.002418891526758671,deberta,leave_one_model__qwen2_5_7b_instruct_q4_k_m,validation,matched_clean_llm,dedup-cluster-e303bfe023e32c25389ebaf9,revision_v1_token_128_bit_hex_057,mistral_7b_instruct_v0_3_q4_k_m,nonseg_ascii_b8,token_128_bit_hex,forum_learning_answer
detector_pair__be9906db416aecd16b28986d__rankcloak,1,0.997428834438324,deberta,leave_one_model__qwen2_5_7b_instruct_q4_k_m,validation,matched_clean_llm,dedup-cluster-e303bfe023e32c25389ebaf9,revision_v1_token_128_bit_hex_057,mistral_7b_instruct_v0_3_q4_k_m,nonseg_ascii_b8,token_128_bit_hex,forum_learning_answer
detector_pair__bee545616abce28ca44aab1a__ordinary_control,0,0.0006147262174636126,deberta,leave_one_model__qwen2_5_7b_instruct_q4_k_m,validation,matched_clean_llm,dedup-cluster-1658921bbd26cede8f32a38a,revision_v1_ed25519_signature_base64_033,llama3_8b_instruct_q4_k_m,direct_subword_calgacus,ed25519_signature_base64,narrative_small_discovery
detector_pair__bee545616abce28ca44aab1a__rankcloak,1,0.9997206330299377,deberta,leave_one_model__qwen2_5_7b_instruct_q4_k_m,validation,matched_clean_llm,dedup-cluster-1658921bbd26cede8f32a38a,revision_v1_ed25519_signature_base64_033,llama3_8b_instruct_q4_k_m,direct_subword_calgacus,ed25519_signature_base64,narrative_small_discovery
detector_pair__bf08b994ceb18d2853f699ee__ordinary_control,0,0.0005526645109057426,deberta,leave_one_model__qwen2_5_7b_instruct_q4_k_m,validation,matched_clean_llm,dedup-cluster-68e08a4fc96aff3403abad93,revision_v1_nonce_96_bit_hex_031,mistral_7b_instruct_v0_3_q4_k_m,direct_subword_calgacus,nonce_96_bit_hex,explain_weather_pattern
detector_pair__bf08b994ceb18d2853f699ee__rankcloak,1,0.9932820796966553,deberta,leave_one_model__qwen2_5_7b_instruct_q4_k_m,validation,matched_clean_llm,dedup-cluster-68e08a4fc96aff3403abad93,revision_v1_nonce_96_bit_hex_031,mistral_7b_instruct_v0_3_q4_k_m,direct_subword_calgacus,nonce_96_bit_hex,explain_weather_pattern
detector_pair__bf38d81544aba2afd9dd4fb0__ordinary_control,0,0.0015021632425487041,deberta,leave_one_model__qwen2_5_7b_instruct_q4_k_m,validation,matched_clean_llm,dedup-cluster-064db5ffad9ed683b6e0fdbd,revision_v1_sha256_hex_035,mistral_7b_instruct_v0_3_q4_k_m,nonseg_hex_nibble_b16,sha256_hex,professional_schedule_note
detector_pair__bf38d81544aba2afd9dd4fb0__rankcloak,1,0.9993221759796143,deberta,leave_one_model__qwen2_5_7b_instruct_q4_k_m,validation,matched_clean_llm,dedup-cluster-064db5ffad9ed683b6e0fdbd,revision_v1_sha256_hex_035,mistral_7b_instruct_v0_3_q4_k_m,nonseg_hex_nibble_b16,sha256_hex,professional_schedule_note
detector_pair__bf3aa284d14838ce724a2183__ordinary_control,0,0.002604443347081542,deberta,leave_one_model__qwen2_5_7b_instruct_q4_k_m,validation,matched_clean_llm,dedup-cluster-d80c78b75330766130b70bf5,revision_v1_hmac_sha256_hex_030,llama3_8b_instruct_q4_k_m,segmented_hex_multi_topic,hmac_sha256_hex,professional_project_update
detector_pair__bf3aa284d14838ce724a2183__rankcloak,1,0.016194026917219162,deberta,leave_one_model__qwen2_5_7b_instruct_q4_k_m,validation,matched_clean_llm,dedup-cluster-d80c78b75330766130b70bf5,revision_v1_hmac_sha256_hex_030,llama3_8b_instruct_q4_k_m,segmented_hex_multi_topic,hmac_sha256_hex,professional_project_update
detector_pair__c01a4566d7f7940fba77990d__ordinary_control,0,0.0006027176277711987,deberta,leave_one_model__qwen2_5_7b_instruct_q4_k_m,validation,matched_clean_llm,dedup-cluster-9b8e2659fd534e6fb2b81afc,revision_v1_ed25519_signature_base64_027,mistral_7b_instruct_v0_3_q4_k_m,direct_subword_calgacus,ed25519_signature_base64,casual_hobby_chat
detector_pair__c01a4566d7f7940fba77990d__rankcloak,1,0.9997450709342957,deberta,leave_one_model__qwen2_5_7b_instruct_q4_k_m,validation,matched_clean_llm,dedup-cluster-9b8e2659fd534e6fb2b81afc,revision_v1_ed25519_signature_base64_027,mistral_7b_instruct_v0_3_q4_k_m,direct_subword_calgacus,ed25519_signature_base64,casual_hobby_chat
detector_pair__c05432c8c2dfc96141e7c4ff__ordinary_control,0,0.0016347001073881984,deberta,leave_one_model__qwen2_5_7b_instruct_q4_k_m,validation,matched_clean_llm,dedup-cluster-6ace02c4c66fff411127a281,revision_v1_token_128_bit_hex_012,llama3_8b_instruct_q4_k_m,direct_subword_calgacus,token_128_bit_hex,procedure_garden_task
detector_pair__c05432c8c2dfc96141e7c4ff__rankcloak,1,0.9856552481651306,deberta,leave_one_model__qwen2_5_7b_instruct_q4_k_m,validation,matched_clean_llm,dedup-cluster-6ace02c4c66fff411127a281,revision_v1_token_128_bit_hex_012,llama3_8b_instruct_q4_k_m,direct_subword_calgacus,token_128_bit_hex,procedure_garden_task
detector_pair__c099d9ec0bef5e2c585fcb20__ordinary_control,0,0.0021061922889202833,deberta,leave_one_model__qwen2_5_7b_instruct_q4_k_m,validation,matched_clean_llm,dedup-cluster-a9a56840e2c7d4a59a486e62,revision_v1_nonce_96_bit_hex_025,mistral_7b_instruct_v0_3_q4_k_m,nonseg_hex_nibble_b16,nonce_96_bit_hex,explain_biological_process
detector_pair__c099d9ec0bef5e2c585fcb20__rankcloak,1,0.9978360533714294,deberta,leave_one_model__qwen2_5_7b_instruct_q4_k_m,validation,matched_clean_llm,dedup-cluster-a9a56840e2c7d4a59a486e62,revision_v1_nonce_96_bit_hex_025,mistral_7b_instruct_v0_3_q4_k_m,nonseg_hex_nibble_b16,nonce_96_bit_hex,explain_biological_process
detector_pair__c0a2b2cbab7caf639f3ba78f__ordinary_control,0,0.0003974655410274863,deberta,leave_one_model__qwen2_5_7b_instruct_q4_k_m,validation,matched_clean_llm,dedup-cluster-54d0f843ac4646811be4dfd1,revision_v1_sha256_hex_000,mistral_7b_instruct_v0_3_q4_k_m,nonseg_ascii_b16,sha256_hex,forum_learning_answer
detector_pair__c0a2b2cbab7caf639f3ba78f__rankcloak,1,0.9996194839477539,deberta,leave_one_model__qwen2_5_7b_instruct_q4_k_m,validation,matched_clean_llm,dedup-cluster-54d0f843ac4646811be4dfd1,revision_v1_sha256_hex_000,mistral_7b_instruct_v0_3_q4_k_m,nonseg_ascii_b16,sha256_hex,forum_learning_answer
detector_pair__c13cc0f0d8b1481f4082ec2f__ordinary_control,0,0.0008991212816908956,deberta,leave_one_model__qwen2_5_7b_instruct_q4_k_m,validation,matched_clean_llm,dedup-cluster-6136de4e90d44eb994005d2a,revision_v1_uuid_v4_051,llama3_8b_instruct_q4_k_m,direct_subword_calgacus,uuid_v4,professional_project_update
detector_pair__c13cc0f0d8b1481f4082ec2f__rankcloak,1,0.9870070219039917,deberta,leave_one_model__qwen2_5_7b_instruct_q4_k_m,validation,matched_clean_llm,dedup-cluster-6136de4e90d44eb994005d2a,revision_v1_uuid_v4_051,llama3_8b_instruct_q4_k_m,direct_subword_calgacus,uuid_v4,professional_project_update
detector_pair__c1acf8369db422c31a1c8c36__ordinary_control,0,0.003086075186729431,deberta,leave_one_model__qwen2_5_7b_instruct_q4_k_m,validation,matched_clean_llm,dedup-cluster-32ad4bf593b222d70a8ca962,revision_v1_hmac_sha256_hex_053,llama3_8b_instruct_q4_k_m,direct_subword_calgacus,hmac_sha256_hex,casual_weekend_chat
detector_pair__c1acf8369db422c31a1c8c36__rankcloak,1,0.9997825026512146,deberta,leave_one_model__qwen2_5_7b_instruct_q4_k_m,validation,matched_clean_llm,dedup-cluster-32ad4bf593b222d70a8ca962,revision_v1_hmac_sha256_hex_053,llama3_8b_instruct_q4_k_m,direct_subword_calgacus,hmac_sha256_hex,casual_weekend_chat
detector_pair__c1d606a84ed3707c98a2d159__ordinary_control,0,0.0005235483404248953,deberta,leave_one_model__qwen2_5_7b_instruct_q4_k_m,validation,matched_clean_llm,dedup-cluster-4f6ab2ce0956867e1b0b1bad,revision_v1_hmac_sha256_hex_043,mistral_7b_instruct_v0_3_q4_k_m,nonseg_ascii_b16,hmac_sha256_hex,narrative_local_walk
detector_pair__c1d606a84ed3707c98a2d159__rankcloak,1,0.9997101426124573,deberta,leave_one_model__qwen2_5_7b_instruct_q4_k_m,validation,matched_clean_llm,dedup-cluster-4f6ab2ce0956867e1b0b1bad,revision_v1_hmac_sha256_hex_043,mistral_7b_instruct_v0_3_q4_k_m,nonseg_ascii_b16,hmac_sha256_hex,narrative_local_walk
detector_pair__c21ffcc40a21e37353c8ad82__ordinary_control,0,0.0012936631683260202,deberta,leave_one_model__qwen2_5_7b_instruct_q4_k_m,validation,matched_clean_llm,dedup-cluster-725b5797405341915f74ba63,revision_v1_token_128_bit_hex_006,mistral_7b_instruct_v0_3_q4_k_m,direct_subword_calgacus,token_128_bit_hex,explain_weather_pattern
detector_pair__c21ffcc40a21e37353c8ad82__rankcloak,1,0.9573908448219299,deberta,leave_one_model__qwen2_5_7b_instruct_q4_k_m,validation,matched_clean_llm,dedup-cluster-725b5797405341915f74ba63,revision_v1_token_128_bit_hex_006,mistral_7b_instruct_v0_3_q4_k_m,direct_subword_calgacus,token_128_bit_hex,explain_weather_pattern
detector_pair__c23fec3dd1de88712663b5dc__ordinary_control,0,0.0017025142442435026,deberta,leave_one_model__qwen2_5_7b_instruct_q4_k_m,validation,matched_clean_llm,dedup-cluster-2e2ec68963e479ffd3172011,revision_v1_ed25519_signature_base64_005,llama3_8b_instruct_q4_k_m,nonseg_ascii_b16,ed25519_signature_base64,casual_hobby_chat
detector_pair__c23fec3dd1de88712663b5dc__rankcloak,1,0.9996342658996582,deberta,leave_one_model__qwen2_5_7b_instruct_q4_k_m,validation,matched_clean_llm,dedup-cluster-2e2ec68963e479ffd3172011,revision_v1_ed25519_signature_base64_005,llama3_8b_instruct_q4_k_m,nonseg_ascii_b16,ed25519_signature_base64,casual_hobby_chat
detector_pair__c277c890351998d3860f883b__ordinary_control,0,0.001421475550159812,deberta,leave_one_model__qwen2_5_7b_instruct_q4_k_m,validation,matched_clean_llm,dedup-cluster-21724430ac9765521f1234e5,revision_v1_token_128_bit_hex_056,llama3_8b_instruct_q4_k_m,segmented_hex_multi_topic,token_128_bit_hex,explain_weather_pattern
detector_pair__c277c890351998d3860f883b__rankcloak,1,0.9990813732147217,deberta,leave_one_model__qwen2_5_7b_instruct_q4_k_m,validation,matched_clean_llm,dedup-cluster-21724430ac9765521f1234e5,revision_v1_token_128_bit_hex_056,llama3_8b_instruct_q4_k_m,segmented_hex_multi_topic,token_128_bit_hex,explain_weather_pattern
detector_pair__c29d2209d3cd6b05aa14b31a__ordinary_control,0,0.0006277079810388386,deberta,leave_one_model__qwen2_5_7b_instruct_q4_k_m,validation,matched_clean_llm,dedup-cluster-9f2700a571f51133cc69754b,revision_v1_chacha20_poly1305_base64_019,mistral_7b_instruct_v0_3_q4_k_m,nonseg_ascii_b16,chacha20_poly1305_base64,procedure_garden_task
detector_pair__c29d2209d3cd6b05aa14b31a__rankcloak,1,0.9992019534111023,deberta,leave_one_model__qwen2_5_7b_instruct_q4_k_m,validation,matched_clean_llm,dedup-cluster-9f2700a571f51133cc69754b,revision_v1_chacha20_poly1305_base64_019,mistral_7b_instruct_v0_3_q4_k_m,nonseg_ascii_b16,chacha20_poly1305_base64,procedure_garden_task
detector_pair__c2b79e26ea7648e80b79605a__ordinary_control,0,0.0007985385600477457,deberta,leave_one_model__qwen2_5_7b_instruct_q4_k_m,validation,matched_clean_llm,dedup-cluster-c85ea4286eb44389809ba8c7,revision_v1_uuid_v4_034,mistral_7b_instruct_v0_3_q4_k_m,direct_subword_calgacus,uuid_v4,narrative_learning_moment
detector_pair__c2b79e26ea7648e80b79605a__rankcloak,1,0.9992470741271973,deberta,leave_one_model__qwen2_5_7b_instruct_q4_k_m,validation,matched_clean_llm,dedup-cluster-c85ea4286eb44389809ba8c7,revision_v1_uuid_v4_034,mistral_7b_instruct_v0_3_q4_k_m,direct_subword_calgacus,uuid_v4,narrative_learning_moment
detector_pair__c2db4e3356846ae4e9e48db6__ordinary_control,0,0.0004766381171066314,deberta,leave_one_model__qwen2_5_7b_instruct_q4_k_m,validation,matched_clean_llm,dedup-cluster-4f6ab2ce0956867e1b0b1bad,revision_v1_hmac_sha256_hex_043,mistral_7b_instruct_v0_3_q4_k_m,direct_subword_calgacus,hmac_sha256_hex,narrative_local_walk
detector_pair__c2db4e3356846ae4e9e48db6__rankcloak,1,0.999674916267395,deberta,leave_one_model__qwen2_5_7b_instruct_q4_k_m,validation,matched_clean_llm,dedup-cluster-4f6ab2ce0956867e1b0b1bad,revision_v1_hmac_sha256_hex_043,mistral_7b_instruct_v0_3_q4_k_m,direct_subword_calgacus,hmac_sha256_hex,narrative_local_walk
detector_pair__c32d344258c33f80fb74745e__ordinary_control,0,0.0002861234243027866,deberta,leave_one_model__qwen2_5_7b_instruct_q4_k_m,validation,matched_clean_llm,dedup-cluster-982d753609ba3daf81c7d866,revision_v1_sha256_hex_046,mistral_7b_instruct_v0_3_q4_k_m,nonseg_ascii_b8,sha256_hex,casual_weekend_chat
detector_pair__c32d344258c33f80fb74745e__rankcloak,1,0.9983183145523071,deberta,leave_one_model__qwen2_5_7b_instruct_q4_k_m,validation,matched_clean_llm,dedup-cluster-982d753609ba3daf81c7d866,revision_v1_sha256_hex_046,mistral_7b_instruct_v0_3_q4_k_m,nonseg_ascii_b8,sha256_hex,casual_weekend_chat
detector_pair__c35154f547c71dc0127d66a3__ordinary_control,0,0.0007265165913850069,deberta,leave_one_model__qwen2_5_7b_instruct_q4_k_m,validation,matched_clean_llm,dedup-cluster-00eccca339b70a566fc600ea,revision_v1_ed25519_signature_base64_041,llama3_8b_instruct_q4_k_m,nonseg_ascii_b16,ed25519_signature_base64,casual_hobby_chat
detector_pair__c35154f547c71dc0127d66a3__rankcloak,1,0.9976300001144409,deberta,leave_one_model__qwen2_5_7b_instruct_q4_k_m,validation,matched_clean_llm,dedup-cluster-00eccca339b70a566fc600ea,revision_v1_ed25519_signature_base64_041,llama3_8b_instruct_q4_k_m,nonseg_ascii_b16,ed25519_signature_base64,casual_hobby_chat
detector_pair__c378452b0301baf00916f4a1__ordinary_control,0,0.0012914802646264434,deberta,leave_one_model__qwen2_5_7b_instruct_q4_k_m,validation,matched_clean_llm,dedup-cluster-484bc3854d49e18198bd3802,revision_v1_hmac_sha256_hex_050,llama3_8b_instruct_q4_k_m,segmented_hex_single_topic,hmac_sha256_hex,procedure_simple_meal
detector_pair__c378452b0301baf00916f4a1__rankcloak,1,0.9824258089065552,deberta,leave_one_model__qwen2_5_7b_instruct_q4_k_m,validation,matched_clean_llm,dedup-cluster-484bc3854d49e18198bd3802,revision_v1_hmac_sha256_hex_050,llama3_8b_instruct_q4_k_m,segmented_hex_single_topic,hmac_sha256_hex,procedure_simple_meal
detector_pair__c3d6450d3ff52e53e45269a3__ordinary_control,0,0.0012243721866980195,deberta,leave_one_model__qwen2_5_7b_instruct_q4_k_m,validation,matched_clean_llm,dedup-cluster-064db5ffad9ed683b6e0fdbd,revision_v1_sha256_hex_035,llama3_8b_instruct_q4_k_m,nonseg_ascii_b16,sha256_hex,explain_biological_process
detector_pair__c3d6450d3ff52e53e45269a3__rankcloak,1,0.9991064667701721,deberta,leave_one_model__qwen2_5_7b_instruct_q4_k_m,validation,matched_clean_llm,dedup-cluster-064db5ffad9ed683b6e0fdbd,revision_v1_sha256_hex_035,llama3_8b_instruct_q4_k_m,nonseg_ascii_b16,sha256_hex,explain_biological_process
detector_pair__c410c40d7f230df40b5e07c2__ordinary_control,0,0.0002704541548155248,deberta,leave_one_model__qwen2_5_7b_instruct_q4_k_m,validation,matched_clean_llm,dedup-cluster-1a58c45e1a5617daccb29f6e,revision_v1_aes256_gcm_base64_035,mistral_7b_instruct_v0_3_q4_k_m,direct_subword_calgacus,aes256_gcm_base64,casual_weekend_chat
detector_pair__c410c40d7f230df40b5e07c2__rankcloak,1,0.9997512698173523,deberta,leave_one_model__qwen2_5_7b_instruct_q4_k_m,validation,matched_clean_llm,dedup-cluster-1a58c45e1a5617daccb29f6e,revision_v1_aes256_gcm_base64_035,mistral_7b_instruct_v0_3_q4_k_m,direct_subword_calgacus,aes256_gcm_base64,casual_weekend_chat
detector_pair__c43cef4a14130e88f72dc86e__ordinary_control,0,0.00280593940988183,deberta,leave_one_model__qwen2_5_7b_instruct_q4_k_m,validation,matched_clean_llm,dedup-cluster-4df1f95590c9f69533ae0634,revision_v1_nonce_96_bit_hex_027,llama3_8b_instruct_q4_k_m,nonseg_ascii_b16,nonce_96_bit_hex,explain_weather_pattern
detector_pair__c43cef4a14130e88f72dc86e__rankcloak,1,0.7671670913696289,deberta,leave_one_model__qwen2_5_7b_instruct_q4_k_m,validation,matched_clean_llm,dedup-cluster-4df1f95590c9f69533ae0634,revision_v1_nonce_96_bit_hex_027,llama3_8b_instruct_q4_k_m,nonseg_ascii_b16,nonce_96_bit_hex,explain_weather_pattern
detector_pair__c4886922ac5b0889ff3aba21__ordinary_control,0,0.0005542297149077058,deberta,leave_one_model__qwen2_5_7b_instruct_q4_k_m,validation,matched_clean_llm,dedup-cluster-a1abcb49aa12280f617295a6,revision_v1_sha256_hex_034,mistral_7b_instruct_v0_3_q4_k_m,nonseg_ascii_b8,sha256_hex,casual_hobby_chat
detector_pair__c4886922ac5b0889ff3aba21__rankcloak,1,0.9990921020507812,deberta,leave_one_model__qwen2_5_7b_instruct_q4_k_m,validation,matched_clean_llm,dedup-cluster-a1abcb49aa12280f617295a6,revision_v1_sha256_hex_034,mistral_7b_instruct_v0_3_q4_k_m,nonseg_ascii_b8,sha256_hex,casual_hobby_chat
detector_pair__c49315329c5183ce5098a57e__ordinary_control,0,0.000869482581038028,deberta,leave_one_model__qwen2_5_7b_instruct_q4_k_m,validation,matched_clean_llm,dedup-cluster-37d4a9d7e9509ca2f58035f8,revision_v1_hmac_sha256_hex_022,llama3_8b_instruct_q4_k_m,nonseg_hex_nibble_b16,hmac_sha256_hex,explain_everyday_system
detector_pair__c49315329c5183ce5098a57e__rankcloak,1,0.982040524482727,deberta,leave_one_model__qwen2_5_7b_instruct_q4_k_m,validation,matched_clean_llm,dedup-cluster-37d4a9d7e9509ca2f58035f8,revision_v1_hmac_sha256_hex_022,llama3_8b_instruct_q4_k_m,nonseg_hex_nibble_b16,hmac_sha256_hex,explain_everyday_system
detector_pair__c49c7c558f5d5031ac89202a__ordinary_control,0,0.00029780823388136923,deberta,leave_one_model__qwen2_5_7b_instruct_q4_k_m,validation,matched_clean_llm,dedup-cluster-0eb47bf23cdaa7b54a0335a2,revision_v1_token_128_bit_hex_055,mistral_7b_instruct_v0_3_q4_k_m,segmented_hex_multi_topic,token_128_bit_hex,casual_neighborhood_chat
detector_pair__c49c7c558f5d5031ac89202a__rankcloak,1,0.9987063407897949,deberta,leave_one_model__qwen2_5_7b_instruct_q4_k_m,validation,matched_clean_llm,dedup-cluster-0eb47bf23cdaa7b54a0335a2,revision_v1_token_128_bit_hex_055,mistral_7b_instruct_v0_3_q4_k_m,segmented_hex_multi_topic,token_128_bit_hex,casual_neighborhood_chat
detector_pair__c4e0c9c8bb4cfc99dcbecccf__ordinary_control,0,0.0013912181602790952,deberta,leave_one_model__qwen2_5_7b_instruct_q4_k_m,validation,matched_clean_llm,dedup-cluster-bced2ec523557c720d4ecf66,revision_v1_token_128_bit_hex_036,mistral_7b_instruct_v0_3_q4_k_m,nonseg_ascii_b16,token_128_bit_hex,explain_biological_process
detector_pair__c4e0c9c8bb4cfc99dcbecccf__rankcloak,1,0.992895781993866,deberta,leave_one_model__qwen2_5_7b_instruct_q4_k_m,validation,matched_clean_llm,dedup-cluster-bced2ec523557c720d4ecf66,revision_v1_token_128_bit_hex_036,mistral_7b_instruct_v0_3_q4_k_m,nonseg_ascii_b16,token_128_bit_hex,explain_biological_process
detector_pair__c5911904f28e0c9f835493a9__ordinary_control,0,0.000390633475035429,deberta,leave_one_model__qwen2_5_7b_instruct_q4_k_m,validation,matched_clean_llm,dedup-cluster-4f6ab2ce0956867e1b0b1bad,revision_v1_hmac_sha256_hex_043,llama3_8b_instruct_q4_k_m,direct_subword_calgacus,hmac_sha256_hex,forum_learning_answer
detector_pair__c5911904f28e0c9f835493a9__rankcloak,1,0.9969090819358826,deberta,leave_one_model__qwen2_5_7b_instruct_q4_k_m,validation,matched_clean_llm,dedup-cluster-4f6ab2ce0956867e1b0b1bad,revision_v1_hmac_sha256_hex_043,llama3_8b_instruct_q4_k_m,direct_subword_calgacus,hmac_sha256_hex,forum_learning_answer
detector_pair__c59deb86b6c960b3353fc92b__ordinary_control,0,0.0005973419174551964,deberta,leave_one_model__qwen2_5_7b_instruct_q4_k_m,validation,matched_clean_llm,dedup-cluster-cb374f9ca23dfd168fe55742,revision_v1_hmac_sha256_hex_055,llama3_8b_instruct_q4_k_m,direct_subword_calgacus,hmac_sha256_hex,forum_purchase_advice
detector_pair__c59deb86b6c960b3353fc92b__rankcloak,1,0.9959772229194641,deberta,leave_one_model__qwen2_5_7b_instruct_q4_k_m,validation,matched_clean_llm,dedup-cluster-cb374f9ca23dfd168fe55742,revision_v1_hmac_sha256_hex_055,llama3_8b_instruct_q4_k_m,direct_subword_calgacus,hmac_sha256_hex,forum_purchase_advice
detector_pair__c65912cfc023966dec0ef421__ordinary_control,0,0.001979677937924862,deberta,leave_one_model__qwen2_5_7b_instruct_q4_k_m,validation,matched_clean_llm,dedup-cluster-a877ac9e15d9982c5f795957,revision_v1_sha256_hex_048,mistral_7b_instruct_v0_3_q4_k_m,nonseg_ascii_b16,sha256_hex,forum_purchase_advice
detector_pair__c65912cfc023966dec0ef421__rankcloak,1,0.9994624257087708,deberta,leave_one_model__qwen2_5_7b_instruct_q4_k_m,validation,matched_clean_llm,dedup-cluster-a877ac9e15d9982c5f795957,revision_v1_sha256_hex_048,mistral_7b_instruct_v0_3_q4_k_m,nonseg_ascii_b16,sha256_hex,forum_purchase_advice
detector_pair__c65cd8f8492214e2a5d5e633__ordinary_control,0,0.0005984437884762883,deberta,leave_one_model__qwen2_5_7b_instruct_q4_k_m,validation,matched_clean_llm,dedup-cluster-1a58c45e1a5617daccb29f6e,revision_v1_aes256_gcm_base64_035,llama3_8b_instruct_q4_k_m,nonseg_ascii_b16,aes256_gcm_base64,narrative_local_walk
detector_pair__c65cd8f8492214e2a5d5e633__rankcloak,1,0.9991579055786133,deberta,leave_one_model__qwen2_5_7b_instruct_q4_k_m,validation,matched_clean_llm,dedup-cluster-1a58c45e1a5617daccb29f6e,revision_v1_aes256_gcm_base64_035,llama3_8b_instruct_q4_k_m,nonseg_ascii_b16,aes256_gcm_base64,narrative_local_walk
detector_pair__c6d3b539b518ae46ee215a6f__ordinary_control,0,0.0005426350398920476,deberta,leave_one_model__qwen2_5_7b_instruct_q4_k_m,validation,matched_clean_llm,dedup-cluster-c588a294c6263bec1e8ad56d,revision_v1_token_128_bit_hex_054,llama3_8b_instruct_q4_k_m,nonseg_ascii_b8,token_128_bit_hex,procedure_simple_meal
detector_pair__c6d3b539b518ae46ee215a6f__rankcloak,1,0.9474253058433533,deberta,leave_one_model__qwen2_5_7b_instruct_q4_k_m,validation,matched_clean_llm,dedup-cluster-c588a294c6263bec1e8ad56d,revision_v1_token_128_bit_hex_054,llama3_8b_instruct_q4_k_m,nonseg_ascii_b8,token_128_bit_hex,procedure_simple_meal
detector_pair__c708eeabf32c45a162b261da__ordinary_control,0,0.0005479571991600096,deberta,leave_one_model__qwen2_5_7b_instruct_q4_k_m,validation,matched_clean_llm,dedup-cluster-525f817201e5e26510c04739,revision_v1_uuid_v4_017,mistral_7b_instruct_v0_3_q4_k_m,nonseg_ascii_b16,uuid_v4,explain_biological_process
detector_pair__c708eeabf32c45a162b261da__rankcloak,1,0.9997033476829529,deberta,leave_one_model__qwen2_5_7b_instruct_q4_k_m,validation,matched_clean_llm,dedup-cluster-525f817201e5e26510c04739,revision_v1_uuid_v4_017,mistral_7b_instruct_v0_3_q4_k_m,nonseg_ascii_b16,uuid_v4,explain_biological_process
detector_pair__c79298999a45367d153036a5__ordinary_control,0,0.00033882661955431104,deberta,leave_one_model__qwen2_5_7b_instruct_q4_k_m,validation,matched_clean_llm,dedup-cluster-4df1f95590c9f69533ae0634,revision_v1_nonce_96_bit_hex_027,mistral_7b_instruct_v0_3_q4_k_m,segmented_hex_single_topic,nonce_96_bit_hex,professional_process_email
detector_pair__c79298999a45367d153036a5__rankcloak,1,0.9770045280456543,deberta,leave_one_model__qwen2_5_7b_instruct_q4_k_m,validation,matched_clean_llm,dedup-cluster-4df1f95590c9f69533ae0634,revision_v1_nonce_96_bit_hex_027,mistral_7b_instruct_v0_3_q4_k_m,segmented_hex_single_topic,nonce_96_bit_hex,professional_process_email
detector_pair__c79c320a623c3c4ae129b67d__ordinary_control,0,0.0010227779857814312,deberta,leave_one_model__qwen2_5_7b_instruct_q4_k_m,validation,matched_clean_llm,dedup-cluster-e8b46972e25b5d16f253b139,revision_v1_nonce_96_bit_hex_005,mistral_7b_instruct_v0_3_q4_k_m,nonseg_hex_nibble_b16,nonce_96_bit_hex,procedure_home_task
detector_pair__c79c320a623c3c4ae129b67d__rankcloak,1,0.9990507960319519,deberta,leave_one_model__qwen2_5_7b_instruct_q4_k_m,validation,matched_clean_llm,dedup-cluster-e8b46972e25b5d16f253b139,revision_v1_nonce_96_bit_hex_005,mistral_7b_instruct_v0_3_q4_k_m,nonseg_hex_nibble_b16,nonce_96_bit_hex,procedure_home_task
detector_pair__c7c58fbd2d88676479aec80e__ordinary_control,0,0.0005404690746217966,deberta,leave_one_model__qwen2_5_7b_instruct_q4_k_m,validation,matched_clean_llm,dedup-cluster-631342e4862923cce8d3242b,revision_v1_sha256_hex_029,mistral_7b_instruct_v0_3_q4_k_m,direct_subword_calgacus,sha256_hex,professional_project_update
detector_pair__c7c58fbd2d88676479aec80e__rankcloak,1,0.9991515874862671,deberta,leave_one_model__qwen2_5_7b_instruct_q4_k_m,validation,matched_clean_llm,dedup-cluster-631342e4862923cce8d3242b,revision_v1_sha256_hex_029,mistral_7b_instruct_v0_3_q4_k_m,direct_subword_calgacus,sha256_hex,professional_project_update
detector_pair__c811cdcd5cc61f99118c0fba__ordinary_control,0,0.000583458342589438,deberta,leave_one_model__qwen2_5_7b_instruct_q4_k_m,validation,matched_clean_llm,dedup-cluster-1d730332b470450b93b8b767,revision_v1_hmac_sha256_hex_006,llama3_8b_instruct_q4_k_m,direct_subword_calgacus,hmac_sha256_hex,professional_process_email
detector_pair__c811cdcd5cc61f99118c0fba__rankcloak,1,0.9996225833892822,deberta,leave_one_model__qwen2_5_7b_instruct_q4_k_m,validation,matched_clean_llm,dedup-cluster-1d730332b470450b93b8b767,revision_v1_hmac_sha256_hex_006,llama3_8b_instruct_q4_k_m,direct_subword_calgacus,hmac_sha256_hex,professional_process_email
detector_pair__c8e476139490c8f0a7e9e0b7__ordinary_control,0,0.0016036799643188715,deberta,leave_one_model__qwen2_5_7b_instruct_q4_k_m,validation,matched_clean_llm,dedup-cluster-40f1050b751f94d4062ce3bb,revision_v1_aes256_gcm_base64_032,mistral_7b_instruct_v0_3_q4_k_m,direct_subword_calgacus,aes256_gcm_base64,procedure_simple_meal
detector_pair__c8e476139490c8f0a7e9e0b7__rankcloak,1,0.9996887445449829,deberta,leave_one_model__qwen2_5_7b_instruct_q4_k_m,validation,matched_clean_llm,dedup-cluster-40f1050b751f94d4062ce3bb,revision_v1_aes256_gcm_base64_032,mistral_7b_instruct_v0_3_q4_k_m,direct_subword_calgacus,aes256_gcm_base64,procedure_simple_meal
detector_pair__c95b484717043a07c8efb78a__ordinary_control,0,0.002007310977205634,deberta,leave_one_model__qwen2_5_7b_instruct_q4_k_m,validation,matched_clean_llm,dedup-cluster-e8b46972e25b5d16f253b139,revision_v1_nonce_96_bit_hex_005,mistral_7b_instruct_v0_3_q4_k_m,segmented_hex_multi_topic,nonce_96_bit_hex,procedure_home_task
detector_pair__c95b484717043a07c8efb78a__rankcloak,1,0.9909055233001709,deberta,leave_one_model__qwen2_5_7b_instruct_q4_k_m,validation,matched_clean_llm,dedup-cluster-e8b46972e25b5d16f253b139,revision_v1_nonce_96_bit_hex_005,mistral_7b_instruct_v0_3_q4_k_m,segmented_hex_multi_topic,nonce_96_bit_hex,procedure_home_task
detector_pair__c98cda2f74162ec6dcc6f222__ordinary_control,0,0.0008484828867949545,deberta,leave_one_model__qwen2_5_7b_instruct_q4_k_m,validation,matched_clean_llm,dedup-cluster-bced2ec523557c720d4ecf66,revision_v1_token_128_bit_hex_036,llama3_8b_instruct_q4_k_m,segmented_hex_multi_topic,token_128_bit_hex,procedure_simple_meal
detector_pair__c98cda2f74162ec6dcc6f222__rankcloak,1,0.9997265934944153,deberta,leave_one_model__qwen2_5_7b_instruct_q4_k_m,validation,matched_clean_llm,dedup-cluster-bced2ec523557c720d4ecf66,revision_v1_token_128_bit_hex_036,llama3_8b_instruct_q4_k_m,segmented_hex_multi_topic,token_128_bit_hex,procedure_simple_meal
detector_pair__c9bcd3286a1ac217b7d9e93e__ordinary_control,0,0.0026569636538624763,deberta,leave_one_model__qwen2_5_7b_instruct_q4_k_m,validation,matched_clean_llm,dedup-cluster-0eb47bf23cdaa7b54a0335a2,revision_v1_token_128_bit_hex_055,llama3_8b_instruct_q4_k_m,nonseg_ascii_b16,token_128_bit_hex,narrative_small_discovery
detector_pair__c9bcd3286a1ac217b7d9e93e__rankcloak,1,0.9993284940719604,deberta,leave_one_model__qwen2_5_7b_instruct_q4_k_m,validation,matched_clean_llm,dedup-cluster-0eb47bf23cdaa7b54a0335a2,revision_v1_token_128_bit_hex_055,llama3_8b_instruct_q4_k_m,nonseg_ascii_b16,token_128_bit_hex,narrative_small_discovery
detector_pair__ca1edd1c0469e0c3b261562b__ordinary_control,0,0.001110179116949439,deberta,leave_one_model__qwen2_5_7b_instruct_q4_k_m,validation,matched_clean_llm,dedup-cluster-0401b1baba09fb1c1437ea35,revision_v1_nonce_96_bit_hex_011,llama3_8b_instruct_q4_k_m,segmented_hex_single_topic,nonce_96_bit_hex,professional_project_update
detector_pair__ca1edd1c0469e0c3b261562b__rankcloak,1,0.9754462838172913,deberta,leave_one_model__qwen2_5_7b_instruct_q4_k_m,validation,matched_clean_llm,dedup-cluster-0401b1baba09fb1c1437ea35,revision_v1_nonce_96_bit_hex_011,llama3_8b_instruct_q4_k_m,segmented_hex_single_topic,nonce_96_bit_hex,professional_project_update
detector_pair__cac2be098c1d2a3756444999__ordinary_control,0,0.0003862686571665108,deberta,leave_one_model__qwen2_5_7b_instruct_q4_k_m,validation,matched_clean_llm,dedup-cluster-74a6b9f9e3047bf7067f2ba2,revision_v1_aes256_gcm_base64_047,mistral_7b_instruct_v0_3_q4_k_m,nonseg_ascii_b8,aes256_gcm_base64,casual_neighborhood_chat
detector_pair__cac2be098c1d2a3756444999__rankcloak,1,0.9995875954627991,deberta,leave_one_model__qwen2_5_7b_instruct_q4_k_m,validation,matched_clean_llm,dedup-cluster-74a6b9f9e3047bf7067f2ba2,revision_v1_aes256_gcm_base64_047,mistral_7b_instruct_v0_3_q4_k_m,nonseg_ascii_b8,aes256_gcm_base64,casual_neighborhood_chat
detector_pair__cad89165529e5714dc1b748e__ordinary_control,0,0.00041674947715364397,deberta,leave_one_model__qwen2_5_7b_instruct_q4_k_m,validation,matched_clean_llm,dedup-cluster-9e865129af4def1fc2a2442c,revision_v1_ed25519_signature_base64_017,mistral_7b_instruct_v0_3_q4_k_m,direct_subword_calgacus,ed25519_signature_base64,forum_learning_answer
detector_pair__cad89165529e5714dc1b748e__rankcloak,1,0.9997593760490417,deberta,leave_one_model__qwen2_5_7b_instruct_q4_k_m,validation,matched_clean_llm,dedup-cluster-9e865129af4def1fc2a2442c,revision_v1_ed25519_signature_base64_017,mistral_7b_instruct_v0_3_q4_k_m,direct_subword_calgacus,ed25519_signature_base64,forum_learning_answer
detector_pair__cb5bb12eaca251b4b08fe849__ordinary_control,0,0.00029849924612790346,deberta,leave_one_model__qwen2_5_7b_instruct_q4_k_m,validation,matched_clean_llm,dedup-cluster-a1f09603de61d42b17c60f90,revision_v1_nonce_96_bit_hex_058,llama3_8b_instruct_q4_k_m,nonseg_ascii_b16,nonce_96_bit_hex,casual_neighborhood_chat
detector_pair__cb5bb12eaca251b4b08fe849__rankcloak,1,0.9678316116333008,deberta,leave_one_model__qwen2_5_7b_instruct_q4_k_m,validation,matched_clean_llm,dedup-cluster-a1f09603de61d42b17c60f90,revision_v1_nonce_96_bit_hex_058,llama3_8b_instruct_q4_k_m,nonseg_ascii_b16,nonce_96_bit_hex,casual_neighborhood_chat
detector_pair__cb919db2ea7e925dae70808b__ordinary_control,0,0.001106197596527636,deberta,leave_one_model__qwen2_5_7b_instruct_q4_k_m,validation,matched_clean_llm,dedup-cluster-6d140bf45feadd3404291e51,revision_v1_uuid_v4_049,llama3_8b_instruct_q4_k_m,nonseg_ascii_b16,uuid_v4,explain_weather_pattern
detector_pair__cb919db2ea7e925dae70808b__rankcloak,1,0.9964644908905029,deberta,leave_one_model__qwen2_5_7b_instruct_q4_k_m,validation,matched_clean_llm,dedup-cluster-6d140bf45feadd3404291e51,revision_v1_uuid_v4_049,llama3_8b_instruct_q4_k_m,nonseg_ascii_b16,uuid_v4,explain_weather_pattern
detector_pair__cbf7e48324a866e0167a645d__ordinary_control,0,0.0003465739428065717,deberta,leave_one_model__qwen2_5_7b_instruct_q4_k_m,validation,matched_clean_llm,dedup-cluster-a877ac9e15d9982c5f795957,revision_v1_sha256_hex_048,llama3_8b_instruct_q4_k_m,segmented_hex_multi_topic,sha256_hex,casual_neighborhood_chat
detector_pair__cbf7e48324a866e0167a645d__rankcloak,1,0.061542488634586334,deberta,leave_one_model__qwen2_5_7b_instruct_q4_k_m,validation,matched_clean_llm,dedup-cluster-a877ac9e15d9982c5f795957,revision_v1_sha256_hex_048,llama3_8b_instruct_q4_k_m,segmented_hex_multi_topic,sha256_hex,casual_neighborhood_chat
detector_pair__cc01f3c2e9ee2fea393c42e7__ordinary_control,0,0.0019451298285275698,deberta,leave_one_model__qwen2_5_7b_instruct_q4_k_m,validation,matched_clean_llm,dedup-cluster-087cbaaa2408a99991319532,revision_v1_uuid_v4_052,llama3_8b_instruct_q4_k_m,nonseg_ascii_b8,uuid_v4,forum_practical_answer
detector_pair__cc01f3c2e9ee2fea393c42e7__rankcloak,1,0.984291672706604,deberta,leave_one_model__qwen2_5_7b_instruct_q4_k_m,validation,matched_clean_llm,dedup-cluster-087cbaaa2408a99991319532,revision_v1_uuid_v4_052,llama3_8b_instruct_q4_k_m,nonseg_ascii_b8,uuid_v4,forum_practical_answer
detector_pair__cc5386a7bf9d25a630837be0__ordinary_control,0,0.001659476081840694,deberta,leave_one_model__qwen2_5_7b_instruct_q4_k_m,validation,matched_clean_llm,dedup-cluster-53ddb375f906007b9492f105,revision_v1_sha256_hex_033,mistral_7b_instruct_v0_3_q4_k_m,segmented_hex_single_topic,sha256_hex,explain_everyday_system
detector_pair__cc5386a7bf9d25a630837be0__rankcloak,1,0.007727683521807194,deberta,leave_one_model__qwen2_5_7b_instruct_q4_k_m,validation,matched_clean_llm,dedup-cluster-53ddb375f906007b9492f105,revision_v1_sha256_hex_033,mistral_7b_instruct_v0_3_q4_k_m,segmented_hex_single_topic,sha256_hex,explain_everyday_system
detector_pair__cc558114d0ffba982ed950c9__ordinary_control,0,0.0026258707512170076,deberta,leave_one_model__qwen2_5_7b_instruct_q4_k_m,validation,matched_clean_llm,dedup-cluster-484bc3854d49e18198bd3802,revision_v1_hmac_sha256_hex_050,mistral_7b_instruct_v0_3_q4_k_m,direct_subword_calgacus,hmac_sha256_hex,explain_biological_process
detector_pair__cc558114d0ffba982ed950c9__rankcloak,1,0.9996945858001709,deberta,leave_one_model__qwen2_5_7b_instruct_q4_k_m,validation,matched_clean_llm,dedup-cluster-484bc3854d49e18198bd3802,revision_v1_hmac_sha256_hex_050,mistral_7b_instruct_v0_3_q4_k_m,direct_subword_calgacus,hmac_sha256_hex,explain_biological_process
detector_pair__cc6412e92a099714695ffc73__ordinary_control,0,0.00048629436059854925,deberta,leave_one_model__qwen2_5_7b_instruct_q4_k_m,validation,matched_clean_llm,dedup-cluster-5c707906476e8093ab209bdf,revision_v1_ed25519_signature_base64_020,mistral_7b_instruct_v0_3_q4_k_m,direct_subword_calgacus,ed25519_signature_base64,explain_weather_pattern
detector_pair__cc6412e92a099714695ffc73__rankcloak,1,0.9997333884239197,deberta,leave_one_model__qwen2_5_7b_instruct_q4_k_m,validation,matched_clean_llm,dedup-cluster-5c707906476e8093ab209bdf,revision_v1_ed25519_signature_base64_020,mistral_7b_instruct_v0_3_q4_k_m,direct_subword_calgacus,ed25519_signature_base64,explain_weather_pattern
detector_pair__cce8d0c749f0cf18727c8468__ordinary_control,0,0.00034707982558757067,deberta,leave_one_model__qwen2_5_7b_instruct_q4_k_m,validation,matched_clean_llm,dedup-cluster-982d753609ba3daf81c7d866,revision_v1_sha256_hex_046,mistral_7b_instruct_v0_3_q4_k_m,nonseg_hex_nibble_b16,sha256_hex,casual_weekend_chat
detector_pair__cce8d0c749f0cf18727c8468__rankcloak,1,0.9766995906829834,deberta,leave_one_model__qwen2_5_7b_instruct_q4_k_m,validation,matched_clean_llm,dedup-cluster-982d753609ba3daf81c7d866,revision_v1_sha256_hex_046,mistral_7b_instruct_v0_3_q4_k_m,nonseg_hex_nibble_b16,sha256_hex,casual_weekend_chat
detector_pair__cd4ffa566da042faa88b82ce__ordinary_control,0,0.0021625629160553217,deberta,leave_one_model__qwen2_5_7b_instruct_q4_k_m,validation,matched_clean_llm,dedup-cluster-b814eb53fabc825fc651b86a,revision_v1_chacha20_poly1305_base64_029,llama3_8b_instruct_q4_k_m,nonseg_ascii_b8,chacha20_poly1305_base64,explain_everyday_system
detector_pair__cd4ffa566da042faa88b82ce__rankcloak,1,0.9981100559234619,deberta,leave_one_model__qwen2_5_7b_instruct_q4_k_m,validation,matched_clean_llm,dedup-cluster-b814eb53fabc825fc651b86a,revision_v1_chacha20_poly1305_base64_029,llama3_8b_instruct_q4_k_m,nonseg_ascii_b8,chacha20_poly1305_base64,explain_everyday_system
detector_pair__cd660e747a41f1acf24b536c__ordinary_control,0,0.001688416232354939,deberta,leave_one_model__qwen2_5_7b_instruct_q4_k_m,validation,matched_clean_llm,dedup-cluster-4c7d81d9bc771045be64324c,revision_v1_nonce_96_bit_hex_001,llama3_8b_instruct_q4_k_m,segmented_hex_multi_topic,nonce_96_bit_hex,procedure_garden_task
detector_pair__cd660e747a41f1acf24b536c__rankcloak,1,0.961243212223053,deberta,leave_one_model__qwen2_5_7b_instruct_q4_k_m,validation,matched_clean_llm,dedup-cluster-4c7d81d9bc771045be64324c,revision_v1_nonce_96_bit_hex_001,llama3_8b_instruct_q4_k_m,segmented_hex_multi_topic,nonce_96_bit_hex,procedure_garden_task
detector_pair__cd66f10ad8a5ba636e066811__ordinary_control,0,0.0006272080936469138,deberta,leave_one_model__qwen2_5_7b_instruct_q4_k_m,validation,matched_clean_llm,dedup-cluster-631342e4862923cce8d3242b,revision_v1_sha256_hex_029,llama3_8b_instruct_q4_k_m,direct_subword_calgacus,sha256_hex,explain_everyday_system
detector_pair__cd66f10ad8a5ba636e066811__rankcloak,1,0.921701967716217,deberta,leave_one_model__qwen2_5_7b_instruct_q4_k_m,validation,matched_clean_llm,dedup-cluster-631342e4862923cce8d3242b,revision_v1_sha256_hex_029,llama3_8b_instruct_q4_k_m,direct_subword_calgacus,sha256_hex,explain_everyday_system
detector_pair__cd95ba2cc1b0307286fcad78__ordinary_control,0,0.0003383495204616338,deberta,leave_one_model__qwen2_5_7b_instruct_q4_k_m,validation,matched_clean_llm,dedup-cluster-d6ec75465813ed2c729c38e9,revision_v1_aes256_gcm_base64_053,mistral_7b_instruct_v0_3_q4_k_m,direct_subword_calgacus,aes256_gcm_base64,casual_weekend_chat
detector_pair__cd95ba2cc1b0307286fcad78__rankcloak,1,0.9995788931846619,deberta,leave_one_model__qwen2_5_7b_instruct_q4_k_m,validation,matched_clean_llm,dedup-cluster-d6ec75465813ed2c729c38e9,revision_v1_aes256_gcm_base64_053,mistral_7b_instruct_v0_3_q4_k_m,direct_subword_calgacus,aes256_gcm_base64,casual_weekend_chat
detector_pair__cde13e4c09337b1c7ab6eca4__ordinary_control,0,0.0009536766447126865,deberta,leave_one_model__qwen2_5_7b_instruct_q4_k_m,validation,matched_clean_llm,dedup-cluster-4df1f95590c9f69533ae0634,revision_v1_nonce_96_bit_hex_027,mistral_7b_instruct_v0_3_q4_k_m,segmented_hex_multi_topic,nonce_96_bit_hex,professional_process_email
detector_pair__cde13e4c09337b1c7ab6eca4__rankcloak,1,0.9210706949234009,deberta,leave_one_model__qwen2_5_7b_instruct_q4_k_m,validation,matched_clean_llm,dedup-cluster-4df1f95590c9f69533ae0634,revision_v1_nonce_96_bit_hex_027,mistral_7b_instruct_v0_3_q4_k_m,segmented_hex_multi_topic,nonce_96_bit_hex,professional_process_email
detector_pair__cdf1891156759b08aaefd697__ordinary_control,0,0.00047186543815769255,deberta,leave_one_model__qwen2_5_7b_instruct_q4_k_m,validation,matched_clean_llm,dedup-cluster-cb374f9ca23dfd168fe55742,revision_v1_hmac_sha256_hex_055,mistral_7b_instruct_v0_3_q4_k_m,segmented_hex_multi_topic,hmac_sha256_hex,narrative_small_discovery
detector_pair__cdf1891156759b08aaefd697__rankcloak,1,0.5492770671844482,deberta,leave_one_model__qwen2_5_7b_instruct_q4_k_m,validation,matched_clean_llm,dedup-cluster-cb374f9ca23dfd168fe55742,revision_v1_hmac_sha256_hex_055,mistral_7b_instruct_v0_3_q4_k_m,segmented_hex_multi_topic,hmac_sha256_hex,narrative_small_discovery
detector_pair__ce58f9c2d1293c3eed83079c__ordinary_control,0,0.0010340638691559434,deberta,leave_one_model__qwen2_5_7b_instruct_q4_k_m,validation,matched_clean_llm,dedup-cluster-c1384975805483ef72db522a,revision_v1_uuid_v4_047,llama3_8b_instruct_q4_k_m,nonseg_ascii_b16,uuid_v4,procedure_garden_task
detector_pair__ce58f9c2d1293c3eed83079c__rankcloak,1,0.9898372292518616,deberta,leave_one_model__qwen2_5_7b_instruct_q4_k_m,validation,matched_clean_llm,dedup-cluster-c1384975805483ef72db522a,revision_v1_uuid_v4_047,llama3_8b_instruct_q4_k_m,nonseg_ascii_b16,uuid_v4,procedure_garden_task
detector_pair__ce7fa472eaa3e0904bbe1182__ordinary_control,0,0.0006467207567766309,deberta,leave_one_model__qwen2_5_7b_instruct_q4_k_m,validation,matched_clean_llm,dedup-cluster-0eb47bf23cdaa7b54a0335a2,revision_v1_token_128_bit_hex_055,llama3_8b_instruct_q4_k_m,direct_subword_calgacus,token_128_bit_hex,narrative_small_discovery
detector_pair__ce7fa472eaa3e0904bbe1182__rankcloak,1,0.9985321760177612,deberta,leave_one_model__qwen2_5_7b_instruct_q4_k_m,validation,matched_clean_llm,dedup-cluster-0eb47bf23cdaa7b54a0335a2,revision_v1_token_128_bit_hex_055,llama3_8b_instruct_q4_k_m,direct_subword_calgacus,token_128_bit_hex,narrative_small_discovery
detector_pair__ced6349bff03b591cb68d342__ordinary_control,0,0.0009004144812934101,deberta,leave_one_model__qwen2_5_7b_instruct_q4_k_m,validation,matched_clean_llm,dedup-cluster-bced2ec523557c720d4ecf66,revision_v1_token_128_bit_hex_036,llama3_8b_instruct_q4_k_m,segmented_hex_single_topic,token_128_bit_hex,procedure_simple_meal
detector_pair__ced6349bff03b591cb68d342__rankcloak,1,0.9995465874671936,deberta,leave_one_model__qwen2_5_7b_instruct_q4_k_m,validation,matched_clean_llm,dedup-cluster-bced2ec523557c720d4ecf66,revision_v1_token_128_bit_hex_036,llama3_8b_instruct_q4_k_m,segmented_hex_single_topic,token_128_bit_hex,procedure_simple_meal
detector_pair__cf1ffc066ce3129dc19d9940__ordinary_control,0,0.0023526845034211874,deberta,leave_one_model__qwen2_5_7b_instruct_q4_k_m,validation,matched_clean_llm,dedup-cluster-847d23bf1ef334bb559efd28,revision_v1_aes256_gcm_base64_000,llama3_8b_instruct_q4_k_m,direct_subword_calgacus,aes256_gcm_base64,explain_biological_process
detector_pair__cf1ffc066ce3129dc19d9940__rankcloak,1,0.9994496703147888,deberta,leave_one_model__qwen2_5_7b_instruct_q4_k_m,validation,matched_clean_llm,dedup-cluster-847d23bf1ef334bb559efd28,revision_v1_aes256_gcm_base64_000,llama3_8b_instruct_q4_k_m,direct_subword_calgacus,aes256_gcm_base64,explain_biological_process
detector_pair__cfa72d41c36b1b511b5f0154__ordinary_control,0,0.0011452825274318457,deberta,leave_one_model__qwen2_5_7b_instruct_q4_k_m,validation,matched_clean_llm,dedup-cluster-48d7da6cd06bde46d05aad3f,revision_v1_sha256_hex_056,llama3_8b_instruct_q4_k_m,segmented_hex_single_topic,sha256_hex,forum_practical_answer
detector_pair__cfa72d41c36b1b511b5f0154__rankcloak,1,0.7527876496315002,deberta,leave_one_model__qwen2_5_7b_instruct_q4_k_m,validation,matched_clean_llm,dedup-cluster-48d7da6cd06bde46d05aad3f,revision_v1_sha256_hex_056,llama3_8b_instruct_q4_k_m,segmented_hex_single_topic,sha256_hex,forum_practical_answer
detector_pair__cfd83ecff1b10a8bdfe53aef__ordinary_control,0,0.0017812498845160007,deberta,leave_one_model__qwen2_5_7b_instruct_q4_k_m,validation,matched_clean_llm,dedup-cluster-8150a67016c09420f58d3140,revision_v1_sha256_hex_053,llama3_8b_instruct_q4_k_m,segmented_hex_multi_topic,sha256_hex,explain_biological_process
detector_pair__cfd83ecff1b10a8bdfe53aef__rankcloak,1,0.9984816908836365,deberta,leave_one_model__qwen2_5_7b_instruct_q4_k_m,validation,matched_clean_llm,dedup-cluster-8150a67016c09420f58d3140,revision_v1_sha256_hex_053,llama3_8b_instruct_q4_k_m,segmented_hex_multi_topic,sha256_hex,explain_biological_process
detector_pair__d04d16fd5d5dde39aa44a021__ordinary_control,0,0.0014159339480102062,deberta,leave_one_model__qwen2_5_7b_instruct_q4_k_m,validation,matched_clean_llm,dedup-cluster-d80c78b75330766130b70bf5,revision_v1_hmac_sha256_hex_030,llama3_8b_instruct_q4_k_m,nonseg_ascii_b8,hmac_sha256_hex,professional_project_update
detector_pair__d04d16fd5d5dde39aa44a021__rankcloak,1,0.8697584271430969,deberta,leave_one_model__qwen2_5_7b_instruct_q4_k_m,validation,matched_clean_llm,dedup-cluster-d80c78b75330766130b70bf5,revision_v1_hmac_sha256_hex_030,llama3_8b_instruct_q4_k_m,nonseg_ascii_b8,hmac_sha256_hex,professional_project_update
detector_pair__d08b41cf72aa90d1d5db95c1__ordinary_control,0,0.00031993689481168985,deberta,leave_one_model__qwen2_5_7b_instruct_q4_k_m,validation,matched_clean_llm,dedup-cluster-d6ec75465813ed2c729c38e9,revision_v1_aes256_gcm_base64_053,mistral_7b_instruct_v0_3_q4_k_m,nonseg_ascii_b16,aes256_gcm_base64,casual_weekend_chat
detector_pair__d08b41cf72aa90d1d5db95c1__rankcloak,1,0.999747097492218,deberta,leave_one_model__qwen2_5_7b_instruct_q4_k_m,validation,matched_clean_llm,dedup-cluster-d6ec75465813ed2c729c38e9,revision_v1_aes256_gcm_base64_053,mistral_7b_instruct_v0_3_q4_k_m,nonseg_ascii_b16,aes256_gcm_base64,casual_weekend_chat
detector_pair__d0b68a16fe7067e4d5db6f86__ordinary_control,0,0.0004529654688667506,deberta,leave_one_model__qwen2_5_7b_instruct_q4_k_m,validation,matched_clean_llm,dedup-cluster-37d4a9d7e9509ca2f58035f8,revision_v1_hmac_sha256_hex_022,mistral_7b_instruct_v0_3_q4_k_m,nonseg_hex_nibble_b16,hmac_sha256_hex,professional_project_update
detector_pair__d0b68a16fe7067e4d5db6f86__rankcloak,1,0.9966351389884949,deberta,leave_one_model__qwen2_5_7b_instruct_q4_k_m,validation,matched_clean_llm,dedup-cluster-37d4a9d7e9509ca2f58035f8,revision_v1_hmac_sha256_hex_022,mistral_7b_instruct_v0_3_q4_k_m,nonseg_hex_nibble_b16,hmac_sha256_hex,professional_project_update
detector_pair__d0ea5b5ae6e4ec1d7a600e3b__ordinary_control,0,0.00048256307491101325,deberta,leave_one_model__qwen2_5_7b_instruct_q4_k_m,validation,matched_clean_llm,dedup-cluster-a48caa544001e5d183a57eea,revision_v1_nonce_96_bit_hex_049,mistral_7b_instruct_v0_3_q4_k_m,nonseg_ascii_b16,nonce_96_bit_hex,explain_weather_pattern
detector_pair__d0ea5b5ae6e4ec1d7a600e3b__rankcloak,1,0.9996962547302246,deberta,leave_one_model__qwen2_5_7b_instruct_q4_k_m,validation,matched_clean_llm,dedup-cluster-a48caa544001e5d183a57eea,revision_v1_nonce_96_bit_hex_049,mistral_7b_instruct_v0_3_q4_k_m,nonseg_ascii_b16,nonce_96_bit_hex,explain_weather_pattern
detector_pair__d0eb674698c760494a6f68a7__ordinary_control,0,0.00030524443718604743,deberta,leave_one_model__qwen2_5_7b_instruct_q4_k_m,validation,matched_clean_llm,dedup-cluster-982d753609ba3daf81c7d866,revision_v1_sha256_hex_046,mistral_7b_instruct_v0_3_q4_k_m,segmented_hex_single_topic,sha256_hex,casual_weekend_chat
detector_pair__d0eb674698c760494a6f68a7__rankcloak,1,0.9996941089630127,deberta,leave_one_model__qwen2_5_7b_instruct_q4_k_m,validation,matched_clean_llm,dedup-cluster-982d753609ba3daf81c7d866,revision_v1_sha256_hex_046,mistral_7b_instruct_v0_3_q4_k_m,segmented_hex_single_topic,sha256_hex,casual_weekend_chat
detector_pair__d10fc5df67717fd936b74738__ordinary_control,0,0.00036500528221949935,deberta,leave_one_model__qwen2_5_7b_instruct_q4_k_m,validation,matched_clean_llm,dedup-cluster-dcb1b73d5ccfd69dfe23f428,revision_v1_ed25519_signature_base64_000,llama3_8b_instruct_q4_k_m,nonseg_ascii_b8,ed25519_signature_base64,professional_schedule_note
detector_pair__d10fc5df67717fd936b74738__rankcloak,1,0.9821577072143555,deberta,leave_one_model__qwen2_5_7b_instruct_q4_k_m,validation,matched_clean_llm,dedup-cluster-dcb1b73d5ccfd69dfe23f428,revision_v1_ed25519_signature_base64_000,llama3_8b_instruct_q4_k_m,nonseg_ascii_b8,ed25519_signature_base64,professional_schedule_note
detector_pair__d13b3b16487a9d2c2540bf8a__ordinary_control,0,0.0004318802966736257,deberta,leave_one_model__qwen2_5_7b_instruct_q4_k_m,validation,matched_clean_llm,dedup-cluster-cb374f9ca23dfd168fe55742,revision_v1_hmac_sha256_hex_055,mistral_7b_instruct_v0_3_q4_k_m,direct_subword_calgacus,hmac_sha256_hex,narrative_small_discovery
detector_pair__d13b3b16487a9d2c2540bf8a__rankcloak,1,0.9654831290245056,deberta,leave_one_model__qwen2_5_7b_instruct_q4_k_m,validation,matched_clean_llm,dedup-cluster-cb374f9ca23dfd168fe55742,revision_v1_hmac_sha256_hex_055,mistral_7b_instruct_v0_3_q4_k_m,direct_subword_calgacus,hmac_sha256_hex,narrative_small_discovery
detector_pair__d1530dbd17ce3d4f63cae4ec__ordinary_control,0,0.001667318632826209,deberta,leave_one_model__qwen2_5_7b_instruct_q4_k_m,validation,matched_clean_llm,dedup-cluster-7b810f2afbcabc7ee462bff7,revision_v1_nonce_96_bit_hex_023,llama3_8b_instruct_q4_k_m,segmented_hex_single_topic,nonce_96_bit_hex,professional_process_email
detector_pair__d1530dbd17ce3d4f63cae4ec__rankcloak,1,0.9779982566833496,deberta,leave_one_model__qwen2_5_7b_instruct_q4_k_m,validation,matched_clean_llm,dedup-cluster-7b810f2afbcabc7ee462bff7,revision_v1_nonce_96_bit_hex_023,llama3_8b_instruct_q4_k_m,segmented_hex_single_topic,nonce_96_bit_hex,professional_process_email
detector_pair__d15549264986d5fff3c61733__ordinary_control,0,0.00035445543471723795,deberta,leave_one_model__qwen2_5_7b_instruct_q4_k_m,validation,matched_clean_llm,dedup-cluster-f71f239b6ba6105b60b970fe,revision_v1_aes256_gcm_base64_049,llama3_8b_instruct_q4_k_m,direct_subword_calgacus,aes256_gcm_base64,casual_hobby_chat
detector_pair__d15549264986d5fff3c61733__rankcloak,1,0.9998152852058411,deberta,leave_one_model__qwen2_5_7b_instruct_q4_k_m,validation,matched_clean_llm,dedup-cluster-f71f239b6ba6105b60b970fe,revision_v1_aes256_gcm_base64_049,llama3_8b_instruct_q4_k_m,direct_subword_calgacus,aes256_gcm_base64,casual_hobby_chat
detector_pair__d16b8e35254f38271241bf16__ordinary_control,0,0.006356922909617424,deberta,leave_one_model__qwen2_5_7b_instruct_q4_k_m,validation,matched_clean_llm,dedup-cluster-525f817201e5e26510c04739,revision_v1_uuid_v4_017,llama3_8b_instruct_q4_k_m,nonseg_ascii_b8,uuid_v4,procedure_simple_meal
detector_pair__d16b8e35254f38271241bf16__rankcloak,1,0.9669395685195923,deberta,leave_one_model__qwen2_5_7b_instruct_q4_k_m,validation,matched_clean_llm,dedup-cluster-525f817201e5e26510c04739,revision_v1_uuid_v4_017,llama3_8b_instruct_q4_k_m,nonseg_ascii_b8,uuid_v4,procedure_simple_meal
detector_pair__d1daa2d0a927b60782c42266__ordinary_control,0,0.002934046322479844,deberta,leave_one_model__qwen2_5_7b_instruct_q4_k_m,validation,matched_clean_llm,dedup-cluster-17900f3eff20bb84e24fa1da,revision_v1_token_128_bit_hex_021,llama3_8b_instruct_q4_k_m,nonseg_ascii_b8,token_128_bit_hex,casual_weekend_chat
detector_pair__d1daa2d0a927b60782c42266__rankcloak,1,0.8701211810112,deberta,leave_one_model__qwen2_5_7b_instruct_q4_k_m,validation,matched_clean_llm,dedup-cluster-17900f3eff20bb84e24fa1da,revision_v1_token_128_bit_hex_021,llama3_8b_instruct_q4_k_m,nonseg_ascii_b8,token_128_bit_hex,casual_weekend_chat
detector_pair__d21b936f7212450d27f644dc__ordinary_control,0,0.001159676001407206,deberta,leave_one_model__qwen2_5_7b_instruct_q4_k_m,validation,matched_clean_llm,dedup-cluster-cdae81a0da256f43636cdb0c,revision_v1_chacha20_poly1305_base64_024,llama3_8b_instruct_q4_k_m,nonseg_ascii_b8,chacha20_poly1305_base64,casual_hobby_chat
detector_pair__d21b936f7212450d27f644dc__rankcloak,1,0.9992793202400208,deberta,leave_one_model__qwen2_5_7b_instruct_q4_k_m,validation,matched_clean_llm,dedup-cluster-cdae81a0da256f43636cdb0c,revision_v1_chacha20_poly1305_base64_024,llama3_8b_instruct_q4_k_m,nonseg_ascii_b8,chacha20_poly1305_base64,casual_hobby_chat
detector_pair__d233c9276ea10d23edcc3a9f__ordinary_control,0,0.0016069600824266672,deberta,leave_one_model__qwen2_5_7b_instruct_q4_k_m,validation,matched_clean_llm,dedup-cluster-484bc3854d49e18198bd3802,revision_v1_hmac_sha256_hex_050,mistral_7b_instruct_v0_3_q4_k_m,segmented_hex_multi_topic,hmac_sha256_hex,explain_biological_process
detector_pair__d233c9276ea10d23edcc3a9f__rankcloak,1,0.9967272281646729,deberta,leave_one_model__qwen2_5_7b_instruct_q4_k_m,validation,matched_clean_llm,dedup-cluster-484bc3854d49e18198bd3802,revision_v1_hmac_sha256_hex_050,mistral_7b_instruct_v0_3_q4_k_m,segmented_hex_multi_topic,hmac_sha256_hex,explain_biological_process
detector_pair__d244ec6565913292ccc8b4ce__ordinary_control,0,0.0011328423861414194,deberta,leave_one_model__qwen2_5_7b_instruct_q4_k_m,validation,matched_clean_llm,dedup-cluster-357353b9c6b8da3922f5c452,revision_v1_ed25519_signature_base64_025,mistral_7b_instruct_v0_3_q4_k_m,nonseg_ascii_b16,ed25519_signature_base64,narrative_local_walk
detector_pair__d244ec6565913292ccc8b4ce__rankcloak,1,0.9997625946998596,deberta,leave_one_model__qwen2_5_7b_instruct_q4_k_m,validation,matched_clean_llm,dedup-cluster-357353b9c6b8da3922f5c452,revision_v1_ed25519_signature_base64_025,mistral_7b_instruct_v0_3_q4_k_m,nonseg_ascii_b16,ed25519_signature_base64,narrative_local_walk
detector_pair__d250926b16419218fa449aef__ordinary_control,0,0.0010962302330881357,deberta,leave_one_model__qwen2_5_7b_instruct_q4_k_m,validation,matched_clean_llm,dedup-cluster-339659e6d45626f95acf4c5b,revision_v1_nonce_96_bit_hex_052,mistral_7b_instruct_v0_3_q4_k_m,nonseg_hex_nibble_b16,nonce_96_bit_hex,forum_practical_answer
detector_pair__d250926b16419218fa449aef__rankcloak,1,0.9981043338775635,deberta,leave_one_model__qwen2_5_7b_instruct_q4_k_m,validation,matched_clean_llm,dedup-cluster-339659e6d45626f95acf4c5b,revision_v1_nonce_96_bit_hex_052,mistral_7b_instruct_v0_3_q4_k_m,nonseg_hex_nibble_b16,nonce_96_bit_hex,forum_practical_answer
detector_pair__d2879f5e17ebdde4f72aef0a__ordinary_control,0,0.0007480418425984681,deberta,leave_one_model__qwen2_5_7b_instruct_q4_k_m,validation,matched_clean_llm,dedup-cluster-00eccca339b70a566fc600ea,revision_v1_ed25519_signature_base64_041,mistral_7b_instruct_v0_3_q4_k_m,direct_subword_calgacus,ed25519_signature_base64,forum_practical_answer
detector_pair__d2879f5e17ebdde4f72aef0a__rankcloak,1,0.9996479749679565,deberta,leave_one_model__qwen2_5_7b_instruct_q4_k_m,validation,matched_clean_llm,dedup-cluster-00eccca339b70a566fc600ea,revision_v1_ed25519_signature_base64_041,mistral_7b_instruct_v0_3_q4_k_m,direct_subword_calgacus,ed25519_signature_base64,forum_practical_answer
detector_pair__d2dc6f724aa2d1ef994f391d__ordinary_control,0,0.00040155238821171224,deberta,leave_one_model__qwen2_5_7b_instruct_q4_k_m,validation,matched_clean_llm,dedup-cluster-339659e6d45626f95acf4c5b,revision_v1_nonce_96_bit_hex_052,mistral_7b_instruct_v0_3_q4_k_m,segmented_hex_single_topic,nonce_96_bit_hex,forum_practical_answer
detector_pair__d2dc6f724aa2d1ef994f391d__rankcloak,1,0.7696148753166199,deberta,leave_one_model__qwen2_5_7b_instruct_q4_k_m,validation,matched_clean_llm,dedup-cluster-339659e6d45626f95acf4c5b,revision_v1_nonce_96_bit_hex_052,mistral_7b_instruct_v0_3_q4_k_m,segmented_hex_single_topic,nonce_96_bit_hex,forum_practical_answer
detector_pair__d2ef14820271a00b258f6bf2__ordinary_control,0,0.0027584040071815252,deberta,leave_one_model__qwen2_5_7b_instruct_q4_k_m,validation,matched_clean_llm,dedup-cluster-7b810f2afbcabc7ee462bff7,revision_v1_nonce_96_bit_hex_023,llama3_8b_instruct_q4_k_m,nonseg_hex_nibble_b16,nonce_96_bit_hex,professional_process_email
detector_pair__d2ef14820271a00b258f6bf2__rankcloak,1,0.15046623349189758,deberta,leave_one_model__qwen2_5_7b_instruct_q4_k_m,validation,matched_clean_llm,dedup-cluster-7b810f2afbcabc7ee462bff7,revision_v1_nonce_96_bit_hex_023,llama3_8b_instruct_q4_k_m,nonseg_hex_nibble_b16,nonce_96_bit_hex,professional_process_email
detector_pair__d357847796d114c057cc3ee3__ordinary_control,0,0.002684144303202629,deberta,leave_one_model__qwen2_5_7b_instruct_q4_k_m,validation,matched_clean_llm,dedup-cluster-8bfe7043c327d3a82a41f9ad,revision_v1_ed25519_signature_base64_050,mistral_7b_instruct_v0_3_q4_k_m,nonseg_ascii_b8,ed25519_signature_base64,explain_biological_process
detector_pair__d357847796d114c057cc3ee3__rankcloak,1,0.9996312856674194,deberta,leave_one_model__qwen2_5_7b_instruct_q4_k_m,validation,matched_clean_llm,dedup-cluster-8bfe7043c327d3a82a41f9ad,revision_v1_ed25519_signature_base64_050,mistral_7b_instruct_v0_3_q4_k_m,nonseg_ascii_b8,ed25519_signature_base64,explain_biological_process
detector_pair__d3fe2a99b7c341080ec885f3__ordinary_control,0,0.00043945590732619166,deberta,leave_one_model__qwen2_5_7b_instruct_q4_k_m,validation,matched_clean_llm,dedup-cluster-a877ac9e15d9982c5f795957,revision_v1_sha256_hex_048,llama3_8b_instruct_q4_k_m,direct_subword_calgacus,sha256_hex,casual_neighborhood_chat
detector_pair__d3fe2a99b7c341080ec885f3__rankcloak,1,0.9995298385620117,deberta,leave_one_model__qwen2_5_7b_instruct_q4_k_m,validation,matched_clean_llm,dedup-cluster-a877ac9e15d9982c5f795957,revision_v1_sha256_hex_048,llama3_8b_instruct_q4_k_m,direct_subword_calgacus,sha256_hex,casual_neighborhood_chat
detector_pair__d56c330652baba71ff650420__ordinary_control,0,0.0018005291931331158,deberta,leave_one_model__qwen2_5_7b_instruct_q4_k_m,validation,matched_clean_llm,dedup-cluster-a48caa544001e5d183a57eea,revision_v1_nonce_96_bit_hex_049,llama3_8b_instruct_q4_k_m,nonseg_hex_nibble_b16,nonce_96_bit_hex,procedure_home_task
detector_pair__d56c330652baba71ff650420__rankcloak,1,0.17503130435943604,deberta,leave_one_model__qwen2_5_7b_instruct_q4_k_m,validation,matched_clean_llm,dedup-cluster-a48caa544001e5d183a57eea,revision_v1_nonce_96_bit_hex_049,llama3_8b_instruct_q4_k_m,nonseg_hex_nibble_b16,nonce_96_bit_hex,procedure_home_task
detector_pair__d58bfcf8908ba4f396956c3b__ordinary_control,0,0.0030592982657253742,deberta,leave_one_model__qwen2_5_7b_instruct_q4_k_m,validation,matched_clean_llm,dedup-cluster-37d4a9d7e9509ca2f58035f8,revision_v1_hmac_sha256_hex_022,llama3_8b_instruct_q4_k_m,segmented_hex_single_topic,hmac_sha256_hex,explain_everyday_system
detector_pair__d58bfcf8908ba4f396956c3b__rankcloak,1,0.9997819066047668,deberta,leave_one_model__qwen2_5_7b_instruct_q4_k_m,validation,matched_clean_llm,dedup-cluster-37d4a9d7e9509ca2f58035f8,revision_v1_hmac_sha256_hex_022,llama3_8b_instruct_q4_k_m,segmented_hex_single_topic,hmac_sha256_hex,explain_everyday_system
detector_pair__d5bd0456f128db922917c3cd__ordinary_control,0,0.00134174688719213,deberta,leave_one_model__qwen2_5_7b_instruct_q4_k_m,validation,matched_clean_llm,dedup-cluster-b3aacb3da0049b4608f31b89,revision_v1_aes256_gcm_base64_033,mistral_7b_instruct_v0_3_q4_k_m,nonseg_ascii_b16,aes256_gcm_base64,narrative_small_discovery
detector_pair__d5bd0456f128db922917c3cd__rankcloak,1,0.99953293800354,deberta,leave_one_model__qwen2_5_7b_instruct_q4_k_m,validation,matched_clean_llm,dedup-cluster-b3aacb3da0049b4608f31b89,revision_v1_aes256_gcm_base64_033,mistral_7b_instruct_v0_3_q4_k_m,nonseg_ascii_b16,aes256_gcm_base64,narrative_small_discovery
detector_pair__d5c5d8caea72eb0b60c94cec__ordinary_control,0,0.0005243333871476352,deberta,leave_one_model__qwen2_5_7b_instruct_q4_k_m,validation,matched_clean_llm,dedup-cluster-54d0f843ac4646811be4dfd1,revision_v1_sha256_hex_000,mistral_7b_instruct_v0_3_q4_k_m,segmented_hex_single_topic,sha256_hex,forum_learning_answer
detector_pair__d5c5d8caea72eb0b60c94cec__rankcloak,1,0.9997453093528748,deberta,leave_one_model__qwen2_5_7b_instruct_q4_k_m,validation,matched_clean_llm,dedup-cluster-54d0f843ac4646811be4dfd1,revision_v1_sha256_hex_000,mistral_7b_instruct_v0_3_q4_k_m,segmented_hex_single_topic,sha256_hex,forum_learning_answer
detector_pair__d60a73fc5650846766c3a21f__ordinary_control,0,0.000594616518355906,deberta,leave_one_model__qwen2_5_7b_instruct_q4_k_m,validation,matched_clean_llm,dedup-cluster-a9a56840e2c7d4a59a486e62,revision_v1_nonce_96_bit_hex_025,llama3_8b_instruct_q4_k_m,nonseg_hex_nibble_b16,nonce_96_bit_hex,procedure_simple_meal
detector_pair__d60a73fc5650846766c3a21f__rankcloak,1,0.9760311245918274,deberta,leave_one_model__qwen2_5_7b_instruct_q4_k_m,validation,matched_clean_llm,dedup-cluster-a9a56840e2c7d4a59a486e62,revision_v1_nonce_96_bit_hex_025,llama3_8b_instruct_q4_k_m,nonseg_hex_nibble_b16,nonce_96_bit_hex,procedure_simple_meal
detector_pair__d73fad446d9ef098d0f7bcef__ordinary_control,0,0.0012918142601847649,deberta,leave_one_model__qwen2_5_7b_instruct_q4_k_m,validation,matched_clean_llm,dedup-cluster-9f2700a571f51133cc69754b,revision_v1_chacha20_poly1305_base64_019,mistral_7b_instruct_v0_3_q4_k_m,nonseg_ascii_b8,chacha20_poly1305_base64,procedure_garden_task
detector_pair__d73fad446d9ef098d0f7bcef__rankcloak,1,0.9981206059455872,deberta,leave_one_model__qwen2_5_7b_instruct_q4_k_m,validation,matched_clean_llm,dedup-cluster-9f2700a571f51133cc69754b,revision_v1_chacha20_poly1305_base64_019,mistral_7b_instruct_v0_3_q4_k_m,nonseg_ascii_b8,chacha20_poly1305_base64,procedure_garden_task
detector_pair__d775d7498e18da9bd56afc02__ordinary_control,0,0.0002779026981443167,deberta,leave_one_model__qwen2_5_7b_instruct_q4_k_m,validation,matched_clean_llm,dedup-cluster-26d0e390c431894214a50804,revision_v1_chacha20_poly1305_base64_004,mistral_7b_instruct_v0_3_q4_k_m,direct_subword_calgacus,chacha20_poly1305_base64,casual_neighborhood_chat
detector_pair__d775d7498e18da9bd56afc02__rankcloak,1,0.9996254444122314,deberta,leave_one_model__qwen2_5_7b_instruct_q4_k_m,validation,matched_clean_llm,dedup-cluster-26d0e390c431894214a50804,revision_v1_chacha20_poly1305_base64_004,mistral_7b_instruct_v0_3_q4_k_m,direct_subword_calgacus,chacha20_poly1305_base64,casual_neighborhood_chat
detector_pair__d79ac74e4107ef06866d8dad__ordinary_control,0,0.001250383909791708,deberta,leave_one_model__qwen2_5_7b_instruct_q4_k_m,validation,matched_clean_llm,dedup-cluster-68e08a4fc96aff3403abad93,revision_v1_nonce_96_bit_hex_031,mistral_7b_instruct_v0_3_q4_k_m,segmented_hex_multi_topic,nonce_96_bit_hex,explain_weather_pattern
detector_pair__d79ac74e4107ef06866d8dad__rankcloak,1,0.9880814552307129,deberta,leave_one_model__qwen2_5_7b_instruct_q4_k_m,validation,matched_clean_llm,dedup-cluster-68e08a4fc96aff3403abad93,revision_v1_nonce_96_bit_hex_031,mistral_7b_instruct_v0_3_q4_k_m,segmented_hex_multi_topic,nonce_96_bit_hex,explain_weather_pattern
detector_pair__d7b275c2edce3b89c3010ee9__ordinary_control,0,0.0013029867550358176,deberta,leave_one_model__qwen2_5_7b_instruct_q4_k_m,validation,matched_clean_llm,dedup-cluster-a48caa544001e5d183a57eea,revision_v1_nonce_96_bit_hex_049,llama3_8b_instruct_q4_k_m,nonseg_ascii_b8,nonce_96_bit_hex,procedure_home_task
detector_pair__d7b275c2edce3b89c3010ee9__rankcloak,1,0.8615490198135376,deberta,leave_one_model__qwen2_5_7b_instruct_q4_k_m,validation,matched_clean_llm,dedup-cluster-a48caa544001e5d183a57eea,revision_v1_nonce_96_bit_hex_049,llama3_8b_instruct_q4_k_m,nonseg_ascii_b8,nonce_96_bit_hex,procedure_home_task
detector_pair__d81fce5e3d46b169e5ef3e0c__ordinary_control,0,0.0006224330281838775,deberta,leave_one_model__qwen2_5_7b_instruct_q4_k_m,validation,matched_clean_llm,dedup-cluster-d028afde8d3446e776f3bdbf,revision_v1_hmac_sha256_hex_013,mistral_7b_instruct_v0_3_q4_k_m,segmented_hex_multi_topic,hmac_sha256_hex,narrative_learning_moment
detector_pair__d81fce5e3d46b169e5ef3e0c__rankcloak,1,0.99956876039505,deberta,leave_one_model__qwen2_5_7b_instruct_q4_k_m,validation,matched_clean_llm,dedup-cluster-d028afde8d3446e776f3bdbf,revision_v1_hmac_sha256_hex_013,mistral_7b_instruct_v0_3_q4_k_m,segmented_hex_multi_topic,hmac_sha256_hex,narrative_learning_moment
detector_pair__d8946a91a966b11181a31545__ordinary_control,0,0.0008042683475650847,deberta,leave_one_model__qwen2_5_7b_instruct_q4_k_m,validation,matched_clean_llm,dedup-cluster-cc1d79c541da66daf8e9d81d,revision_v1_chacha20_poly1305_base64_040,llama3_8b_instruct_q4_k_m,nonseg_ascii_b8,chacha20_poly1305_base64,narrative_small_discovery
detector_pair__d8946a91a966b11181a31545__rankcloak,1,0.9926518797874451,deberta,leave_one_model__qwen2_5_7b_instruct_q4_k_m,validation,matched_clean_llm,dedup-cluster-cc1d79c541da66daf8e9d81d,revision_v1_chacha20_poly1305_base64_040,llama3_8b_instruct_q4_k_m,nonseg_ascii_b8,chacha20_poly1305_base64,narrative_small_discovery
detector_pair__d9048b881abd080aed7989fd__ordinary_control,0,0.0004450911364983767,deberta,leave_one_model__qwen2_5_7b_instruct_q4_k_m,validation,matched_clean_llm,dedup-cluster-e8b46972e25b5d16f253b139,revision_v1_nonce_96_bit_hex_005,mistral_7b_instruct_v0_3_q4_k_m,segmented_hex_single_topic,nonce_96_bit_hex,procedure_home_task
detector_pair__d9048b881abd080aed7989fd__rankcloak,1,0.99830162525177,deberta,leave_one_model__qwen2_5_7b_instruct_q4_k_m,validation,matched_clean_llm,dedup-cluster-e8b46972e25b5d16f253b139,revision_v1_nonce_96_bit_hex_005,mistral_7b_instruct_v0_3_q4_k_m,segmented_hex_single_topic,nonce_96_bit_hex,procedure_home_task
detector_pair__d9171f4f473d318e779f0028__ordinary_control,0,0.002337111858651042,deberta,leave_one_model__qwen2_5_7b_instruct_q4_k_m,validation,matched_clean_llm,dedup-cluster-d80c78b75330766130b70bf5,revision_v1_hmac_sha256_hex_030,mistral_7b_instruct_v0_3_q4_k_m,segmented_hex_single_topic,hmac_sha256_hex,procedure_garden_task
detector_pair__d9171f4f473d318e779f0028__rankcloak,1,0.9225715398788452,deberta,leave_one_model__qwen2_5_7b_instruct_q4_k_m,validation,matched_clean_llm,dedup-cluster-d80c78b75330766130b70bf5,revision_v1_hmac_sha256_hex_030,mistral_7b_instruct_v0_3_q4_k_m,segmented_hex_single_topic,hmac_sha256_hex,procedure_garden_task
detector_pair__d9857ba0f7045eff11430d31__ordinary_control,0,0.00040286334115080535,deberta,leave_one_model__qwen2_5_7b_instruct_q4_k_m,validation,matched_clean_llm,dedup-cluster-b814eb53fabc825fc651b86a,revision_v1_chacha20_poly1305_base64_029,mistral_7b_instruct_v0_3_q4_k_m,direct_subword_calgacus,chacha20_poly1305_base64,professional_project_update
detector_pair__d9857ba0f7045eff11430d31__rankcloak,1,0.9996591806411743,deberta,leave_one_model__qwen2_5_7b_instruct_q4_k_m,validation,matched_clean_llm,dedup-cluster-b814eb53fabc825fc651b86a,revision_v1_chacha20_poly1305_base64_029,mistral_7b_instruct_v0_3_q4_k_m,direct_subword_calgacus,chacha20_poly1305_base64,professional_project_update
detector_pair__d990599af3d32ff0e5d11af4__ordinary_control,0,0.0004425455117598176,deberta,leave_one_model__qwen2_5_7b_instruct_q4_k_m,validation,matched_clean_llm,dedup-cluster-17900f3eff20bb84e24fa1da,revision_v1_token_128_bit_hex_021,mistral_7b_instruct_v0_3_q4_k_m,nonseg_ascii_b16,token_128_bit_hex,forum_learning_answer
detector_pair__d990599af3d32ff0e5d11af4__rankcloak,1,0.8472205996513367,deberta,leave_one_model__qwen2_5_7b_instruct_q4_k_m,validation,matched_clean_llm,dedup-cluster-17900f3eff20bb84e24fa1da,revision_v1_token_128_bit_hex_021,mistral_7b_instruct_v0_3_q4_k_m,nonseg_ascii_b16,token_128_bit_hex,forum_learning_answer
detector_pair__d9f0edc0f9dbe4dfcce5ab93__ordinary_control,0,0.0005475205834954977,deberta,leave_one_model__qwen2_5_7b_instruct_q4_k_m,validation,matched_clean_llm,dedup-cluster-32ad4bf593b222d70a8ca962,revision_v1_hmac_sha256_hex_053,llama3_8b_instruct_q4_k_m,segmented_hex_single_topic,hmac_sha256_hex,casual_weekend_chat
detector_pair__d9f0edc0f9dbe4dfcce5ab93__rankcloak,1,0.9997552037239075,deberta,leave_one_model__qwen2_5_7b_instruct_q4_k_m,validation,matched_clean_llm,dedup-cluster-32ad4bf593b222d70a8ca962,revision_v1_hmac_sha256_hex_053,llama3_8b_instruct_q4_k_m,segmented_hex_single_topic,hmac_sha256_hex,casual_weekend_chat
detector_pair__da34132f6492527f2595379b__ordinary_control,0,0.0024389612954109907,deberta,leave_one_model__qwen2_5_7b_instruct_q4_k_m,validation,matched_clean_llm,dedup-cluster-54d0f843ac4646811be4dfd1,revision_v1_sha256_hex_000,mistral_7b_instruct_v0_3_q4_k_m,direct_subword_calgacus,sha256_hex,forum_learning_answer
detector_pair__da34132f6492527f2595379b__rankcloak,1,0.9780722856521606,deberta,leave_one_model__qwen2_5_7b_instruct_q4_k_m,validation,matched_clean_llm,dedup-cluster-54d0f843ac4646811be4dfd1,revision_v1_sha256_hex_000,mistral_7b_instruct_v0_3_q4_k_m,direct_subword_calgacus,sha256_hex,forum_learning_answer
detector_pair__da7c80c244e26c5992ff60f3__ordinary_control,0,0.00042968554771505296,deberta,leave_one_model__qwen2_5_7b_instruct_q4_k_m,validation,matched_clean_llm,dedup-cluster-32ad4bf593b222d70a8ca962,revision_v1_hmac_sha256_hex_053,mistral_7b_instruct_v0_3_q4_k_m,nonseg_ascii_b8,hmac_sha256_hex,forum_learning_answer
detector_pair__da7c80c244e26c5992ff60f3__rankcloak,1,0.8167855143547058,deberta,leave_one_model__qwen2_5_7b_instruct_q4_k_m,validation,matched_clean_llm,dedup-cluster-32ad4bf593b222d70a8ca962,revision_v1_hmac_sha256_hex_053,mistral_7b_instruct_v0_3_q4_k_m,nonseg_ascii_b8,hmac_sha256_hex,forum_learning_answer
detector_pair__da8a78602754d99bf2ea9a60__ordinary_control,0,0.00030193012207746506,deberta,leave_one_model__qwen2_5_7b_instruct_q4_k_m,validation,matched_clean_llm,dedup-cluster-6d140bf45feadd3404291e51,revision_v1_uuid_v4_049,mistral_7b_instruct_v0_3_q4_k_m,direct_subword_calgacus,uuid_v4,professional_process_email
detector_pair__da8a78602754d99bf2ea9a60__rankcloak,1,0.9980047345161438,deberta,leave_one_model__qwen2_5_7b_instruct_q4_k_m,validation,matched_clean_llm,dedup-cluster-6d140bf45feadd3404291e51,revision_v1_uuid_v4_049,mistral_7b_instruct_v0_3_q4_k_m,direct_subword_calgacus,uuid_v4,professional_process_email
detector_pair__da8fe18a0c00d8e89f062456__ordinary_control,0,0.0007744827307760715,deberta,leave_one_model__qwen2_5_7b_instruct_q4_k_m,validation,matched_clean_llm,dedup-cluster-d80c78b75330766130b70bf5,revision_v1_hmac_sha256_hex_030,mistral_7b_instruct_v0_3_q4_k_m,segmented_hex_single_topic,hmac_sha256_hex,procedure_garden_task
detector_pair__da8fe18a0c00d8e89f062456__rankcloak,1,0.9998002648353577,deberta,leave_one_model__qwen2_5_7b_instruct_q4_k_m,validation,matched_clean_llm,dedup-cluster-d80c78b75330766130b70bf5,revision_v1_hmac_sha256_hex_030,mistral_7b_instruct_v0_3_q4_k_m,segmented_hex_single_topic,hmac_sha256_hex,procedure_garden_task
detector_pair__daacaa7b1467ec0ecfaee1f1__ordinary_control,0,0.001851900713518262,deberta,leave_one_model__qwen2_5_7b_instruct_q4_k_m,validation,matched_clean_llm,dedup-cluster-4df1f95590c9f69533ae0634,revision_v1_nonce_96_bit_hex_027,llama3_8b_instruct_q4_k_m,nonseg_ascii_b8,nonce_96_bit_hex,explain_weather_pattern
detector_pair__daacaa7b1467ec0ecfaee1f1__rankcloak,1,0.812484622001648,deberta,leave_one_model__qwen2_5_7b_instruct_q4_k_m,validation,matched_clean_llm,dedup-cluster-4df1f95590c9f69533ae0634,revision_v1_nonce_96_bit_hex_027,llama3_8b_instruct_q4_k_m,nonseg_ascii_b8,nonce_96_bit_hex,explain_weather_pattern
detector_pair__dab64efb29d29c4f9b6ee229__ordinary_control,0,0.0005276695010252297,deberta,leave_one_model__qwen2_5_7b_instruct_q4_k_m,validation,matched_clean_llm,dedup-cluster-53ddb375f906007b9492f105,revision_v1_sha256_hex_033,llama3_8b_instruct_q4_k_m,segmented_hex_single_topic,sha256_hex,procedure_garden_task
detector_pair__dab64efb29d29c4f9b6ee229__rankcloak,1,0.9995593428611755,deberta,leave_one_model__qwen2_5_7b_instruct_q4_k_m,validation,matched_clean_llm,dedup-cluster-53ddb375f906007b9492f105,revision_v1_sha256_hex_033,llama3_8b_instruct_q4_k_m,segmented_hex_single_topic,sha256_hex,procedure_garden_task
detector_pair__dac426bd23f0c30c47cb48f7__ordinary_control,0,0.18109622597694397,deberta,leave_one_model__qwen2_5_7b_instruct_q4_k_m,validation,matched_clean_llm,dedup-cluster-484bc3854d49e18198bd3802,revision_v1_hmac_sha256_hex_050,llama3_8b_instruct_q4_k_m,direct_subword_calgacus,hmac_sha256_hex,procedure_simple_meal
detector_pair__dac426bd23f0c30c47cb48f7__rankcloak,1,0.9997509121894836,deberta,leave_one_model__qwen2_5_7b_instruct_q4_k_m,validation,matched_clean_llm,dedup-cluster-484bc3854d49e18198bd3802,revision_v1_hmac_sha256_hex_050,llama3_8b_instruct_q4_k_m,direct_subword_calgacus,hmac_sha256_hex,procedure_simple_meal
detector_pair__dad70f8960406c9f7d4e9a6b__ordinary_control,0,0.0006329335737973452,deberta,leave_one_model__qwen2_5_7b_instruct_q4_k_m,validation,matched_clean_llm,dedup-cluster-53ddb375f906007b9492f105,revision_v1_sha256_hex_033,llama3_8b_instruct_q4_k_m,nonseg_ascii_b16,sha256_hex,procedure_garden_task
detector_pair__dad70f8960406c9f7d4e9a6b__rankcloak,1,0.9963091015815735,deberta,leave_one_model__qwen2_5_7b_instruct_q4_k_m,validation,matched_clean_llm,dedup-cluster-53ddb375f906007b9492f105,revision_v1_sha256_hex_033,llama3_8b_instruct_q4_k_m,nonseg_ascii_b16,sha256_hex,procedure_garden_task
detector_pair__db4f4562eb2fe88727fab730__ordinary_control,0,0.00044189044274389744,deberta,leave_one_model__qwen2_5_7b_instruct_q4_k_m,validation,matched_clean_llm,dedup-cluster-d24ae4dc1ca2dcb4473005f9,revision_v1_hmac_sha256_hex_036,mistral_7b_instruct_v0_3_q4_k_m,direct_subword_calgacus,hmac_sha256_hex,procedure_simple_meal
detector_pair__db4f4562eb2fe88727fab730__rankcloak,1,0.812308132648468,deberta,leave_one_model__qwen2_5_7b_instruct_q4_k_m,validation,matched_clean_llm,dedup-cluster-d24ae4dc1ca2dcb4473005f9,revision_v1_hmac_sha256_hex_036,mistral_7b_instruct_v0_3_q4_k_m,direct_subword_calgacus,hmac_sha256_hex,procedure_simple_meal
detector_pair__db794072ed4fa8f2cc00c7c8__ordinary_control,0,0.0005041533149778843,deberta,leave_one_model__qwen2_5_7b_instruct_q4_k_m,validation,matched_clean_llm,dedup-cluster-68e08a4fc96aff3403abad93,revision_v1_nonce_96_bit_hex_031,mistral_7b_instruct_v0_3_q4_k_m,segmented_hex_single_topic,nonce_96_bit_hex,explain_weather_pattern
detector_pair__db794072ed4fa8f2cc00c7c8__rankcloak,1,0.998984158039093,deberta,leave_one_model__qwen2_5_7b_instruct_q4_k_m,validation,matched_clean_llm,dedup-cluster-68e08a4fc96aff3403abad93,revision_v1_nonce_96_bit_hex_031,mistral_7b_instruct_v0_3_q4_k_m,segmented_hex_single_topic,nonce_96_bit_hex,explain_weather_pattern
detector_pair__dbdb60bd7e20a84cfeb7ef15__ordinary_control,0,0.000966325169429183,deberta,leave_one_model__qwen2_5_7b_instruct_q4_k_m,validation,matched_clean_llm,dedup-cluster-b3aacb3da0049b4608f31b89,revision_v1_aes256_gcm_base64_033,llama3_8b_instruct_q4_k_m,nonseg_ascii_b16,aes256_gcm_base64,forum_purchase_advice
detector_pair__dbdb60bd7e20a84cfeb7ef15__rankcloak,1,0.9994613528251648,deberta,leave_one_model__qwen2_5_7b_instruct_q4_k_m,validation,matched_clean_llm,dedup-cluster-b3aacb3da0049b4608f31b89,revision_v1_aes256_gcm_base64_033,llama3_8b_instruct_q4_k_m,nonseg_ascii_b16,aes256_gcm_base64,forum_purchase_advice
detector_pair__dbec26719df6d88b9d439991__ordinary_control,0,0.0003172624856233597,deberta,leave_one_model__qwen2_5_7b_instruct_q4_k_m,validation,matched_clean_llm,dedup-cluster-23688669a27f472f3b4c7be0,revision_v1_uuid_v4_038,mistral_7b_instruct_v0_3_q4_k_m,direct_subword_calgacus,uuid_v4,forum_practical_answer
detector_pair__dbec26719df6d88b9d439991__rankcloak,1,0.9989475607872009,deberta,leave_one_model__qwen2_5_7b_instruct_q4_k_m,validation,matched_clean_llm,dedup-cluster-23688669a27f472f3b4c7be0,revision_v1_uuid_v4_038,mistral_7b_instruct_v0_3_q4_k_m,direct_subword_calgacus,uuid_v4,forum_practical_answer
detector_pair__dbf965c9be43e2247bf671d5__ordinary_control,0,0.001574191846884787,deberta,leave_one_model__qwen2_5_7b_instruct_q4_k_m,validation,matched_clean_llm,dedup-cluster-a9a56840e2c7d4a59a486e62,revision_v1_nonce_96_bit_hex_025,mistral_7b_instruct_v0_3_q4_k_m,segmented_hex_single_topic,nonce_96_bit_hex,explain_biological_process
detector_pair__dbf965c9be43e2247bf671d5__rankcloak,1,0.8934715986251831,deberta,leave_one_model__qwen2_5_7b_instruct_q4_k_m,validation,matched_clean_llm,dedup-cluster-a9a56840e2c7d4a59a486e62,revision_v1_nonce_96_bit_hex_025,mistral_7b_instruct_v0_3_q4_k_m,segmented_hex_single_topic,nonce_96_bit_hex,explain_biological_process
detector_pair__dc5a9adb87186d9a7c77341c__ordinary_control,0,0.0013513319427147508,deberta,leave_one_model__qwen2_5_7b_instruct_q4_k_m,validation,matched_clean_llm,dedup-cluster-2e7f1969791ae609498a9082,revision_v1_hmac_sha256_hex_020,llama3_8b_instruct_q4_k_m,nonseg_ascii_b16,hmac_sha256_hex,procedure_home_task
detector_pair__dc5a9adb87186d9a7c77341c__rankcloak,1,0.9987804293632507,deberta,leave_one_model__qwen2_5_7b_instruct_q4_k_m,validation,matched_clean_llm,dedup-cluster-2e7f1969791ae609498a9082,revision_v1_hmac_sha256_hex_020,llama3_8b_instruct_q4_k_m,nonseg_ascii_b16,hmac_sha256_hex,procedure_home_task
detector_pair__dc5e6ef8d869549217439078__ordinary_control,0,0.00039817209471948445,deberta,leave_one_model__qwen2_5_7b_instruct_q4_k_m,validation,matched_clean_llm,dedup-cluster-a518c0db7bd9dc8b2ff3b50a,revision_v1_uuid_v4_010,llama3_8b_instruct_q4_k_m,nonseg_ascii_b16,uuid_v4,forum_learning_answer
detector_pair__dc5e6ef8d869549217439078__rankcloak,1,0.9992150068283081,deberta,leave_one_model__qwen2_5_7b_instruct_q4_k_m,validation,matched_clean_llm,dedup-cluster-a518c0db7bd9dc8b2ff3b50a,revision_v1_uuid_v4_010,llama3_8b_instruct_q4_k_m,nonseg_ascii_b16,uuid_v4,forum_learning_answer
detector_pair__dcc45c2fa28b23e04e8a9666__ordinary_control,0,0.0003394641971681267,deberta,leave_one_model__qwen2_5_7b_instruct_q4_k_m,validation,matched_clean_llm,dedup-cluster-0eb47bf23cdaa7b54a0335a2,revision_v1_token_128_bit_hex_055,mistral_7b_instruct_v0_3_q4_k_m,segmented_hex_multi_topic,token_128_bit_hex,casual_neighborhood_chat
detector_pair__dcc45c2fa28b23e04e8a9666__rankcloak,1,0.0014014097396284342,deberta,leave_one_model__qwen2_5_7b_instruct_q4_k_m,validation,matched_clean_llm,dedup-cluster-0eb47bf23cdaa7b54a0335a2,revision_v1_token_128_bit_hex_055,mistral_7b_instruct_v0_3_q4_k_m,segmented_hex_multi_topic,token_128_bit_hex,casual_neighborhood_chat
detector_pair__dce68c4e26c2574af1a930cc__ordinary_control,0,0.0023644878529012203,deberta,leave_one_model__qwen2_5_7b_instruct_q4_k_m,validation,matched_clean_llm,dedup-cluster-e8b46972e25b5d16f253b139,revision_v1_nonce_96_bit_hex_005,llama3_8b_instruct_q4_k_m,direct_subword_calgacus,nonce_96_bit_hex,professional_process_email
detector_pair__dce68c4e26c2574af1a930cc__rankcloak,1,0.8785561919212341,deberta,leave_one_model__qwen2_5_7b_instruct_q4_k_m,validation,matched_clean_llm,dedup-cluster-e8b46972e25b5d16f253b139,revision_v1_nonce_96_bit_hex_005,llama3_8b_instruct_q4_k_m,direct_subword_calgacus,nonce_96_bit_hex,professional_process_email
detector_pair__dce7393fdfa7c5c4029bb65c__ordinary_control,0,0.0002779148635454476,deberta,leave_one_model__qwen2_5_7b_instruct_q4_k_m,validation,matched_clean_llm,dedup-cluster-26d0e390c431894214a50804,revision_v1_chacha20_poly1305_base64_004,mistral_7b_instruct_v0_3_q4_k_m,nonseg_ascii_b16,chacha20_poly1305_base64,casual_neighborhood_chat
detector_pair__dce7393fdfa7c5c4029bb65c__rankcloak,1,0.9997935891151428,deberta,leave_one_model__qwen2_5_7b_instruct_q4_k_m,validation,matched_clean_llm,dedup-cluster-26d0e390c431894214a50804,revision_v1_chacha20_poly1305_base64_004,mistral_7b_instruct_v0_3_q4_k_m,nonseg_ascii_b16,chacha20_poly1305_base64,casual_neighborhood_chat
detector_pair__dcf8697078630d00e6b2bf66__ordinary_control,0,0.0003101802140008658,deberta,leave_one_model__qwen2_5_7b_instruct_q4_k_m,validation,matched_clean_llm,dedup-cluster-8150a67016c09420f58d3140,revision_v1_sha256_hex_053,mistral_7b_instruct_v0_3_q4_k_m,nonseg_hex_nibble_b16,sha256_hex,professional_schedule_note
detector_pair__dcf8697078630d00e6b2bf66__rankcloak,1,0.9995899796485901,deberta,leave_one_model__qwen2_5_7b_instruct_q4_k_m,validation,matched_clean_llm,dedup-cluster-8150a67016c09420f58d3140,revision_v1_sha256_hex_053,mistral_7b_instruct_v0_3_q4_k_m,nonseg_hex_nibble_b16,sha256_hex,professional_schedule_note
detector_pair__dcf97eba12ba4e9470b10665__ordinary_control,0,0.0004028168914373964,deberta,leave_one_model__qwen2_5_7b_instruct_q4_k_m,validation,matched_clean_llm,dedup-cluster-a1f09603de61d42b17c60f90,revision_v1_nonce_96_bit_hex_058,llama3_8b_instruct_q4_k_m,nonseg_hex_nibble_b16,nonce_96_bit_hex,casual_neighborhood_chat
detector_pair__dcf97eba12ba4e9470b10665__rankcloak,1,0.9805907607078552,deberta,leave_one_model__qwen2_5_7b_instruct_q4_k_m,validation,matched_clean_llm,dedup-cluster-a1f09603de61d42b17c60f90,revision_v1_nonce_96_bit_hex_058,llama3_8b_instruct_q4_k_m,nonseg_hex_nibble_b16,nonce_96_bit_hex,casual_neighborhood_chat
detector_pair__dde1703515acc54a3f5fb211__ordinary_control,0,0.000416298775235191,deberta,leave_one_model__qwen2_5_7b_instruct_q4_k_m,validation,matched_clean_llm,dedup-cluster-6136de4e90d44eb994005d2a,revision_v1_uuid_v4_051,llama3_8b_instruct_q4_k_m,nonseg_ascii_b16,uuid_v4,professional_project_update
detector_pair__dde1703515acc54a3f5fb211__rankcloak,1,0.11145080626010895,deberta,leave_one_model__qwen2_5_7b_instruct_q4_k_m,validation,matched_clean_llm,dedup-cluster-6136de4e90d44eb994005d2a,revision_v1_uuid_v4_051,llama3_8b_instruct_q4_k_m,nonseg_ascii_b16,uuid_v4,professional_project_update
detector_pair__de005c02e33e9920ea49571a__ordinary_control,0,0.00031222891993820667,deberta,leave_one_model__qwen2_5_7b_instruct_q4_k_m,validation,matched_clean_llm,dedup-cluster-8372a615906d4a4146d45c75,revision_v1_aes256_gcm_base64_005,mistral_7b_instruct_v0_3_q4_k_m,direct_subword_calgacus,aes256_gcm_base64,casual_hobby_chat
detector_pair__de005c02e33e9920ea49571a__rankcloak,1,0.9997372031211853,deberta,leave_one_model__qwen2_5_7b_instruct_q4_k_m,validation,matched_clean_llm,dedup-cluster-8372a615906d4a4146d45c75,revision_v1_aes256_gcm_base64_005,mistral_7b_instruct_v0_3_q4_k_m,direct_subword_calgacus,aes256_gcm_base64,casual_hobby_chat
detector_pair__deaa1611e4aa18ea87149a2a__ordinary_control,0,0.022974805906414986,deberta,leave_one_model__qwen2_5_7b_instruct_q4_k_m,validation,matched_clean_llm,dedup-cluster-bced2ec523557c720d4ecf66,revision_v1_token_128_bit_hex_036,llama3_8b_instruct_q4_k_m,segmented_hex_multi_topic,token_128_bit_hex,procedure_simple_meal
detector_pair__deaa1611e4aa18ea87149a2a__rankcloak,1,0.9795857071876526,deberta,leave_one_model__qwen2_5_7b_instruct_q4_k_m,validation,matched_clean_llm,dedup-cluster-bced2ec523557c720d4ecf66,revision_v1_token_128_bit_hex_036,llama3_8b_instruct_q4_k_m,segmented_hex_multi_topic,token_128_bit_hex,procedure_simple_meal
detector_pair__deba8db59ba6bcacdfa99f4f__ordinary_control,0,0.0005571399233303964,deberta,leave_one_model__qwen2_5_7b_instruct_q4_k_m,validation,matched_clean_llm,dedup-cluster-bced2ec523557c720d4ecf66,revision_v1_token_128_bit_hex_036,mistral_7b_instruct_v0_3_q4_k_m,segmented_hex_single_topic,token_128_bit_hex,explain_biological_process
detector_pair__deba8db59ba6bcacdfa99f4f__rankcloak,1,0.9856461882591248,deberta,leave_one_model__qwen2_5_7b_instruct_q4_k_m,validation,matched_clean_llm,dedup-cluster-bced2ec523557c720d4ecf66,revision_v1_token_128_bit_hex_036,mistral_7b_instruct_v0_3_q4_k_m,segmented_hex_single_topic,token_128_bit_hex,explain_biological_process
detector_pair__df8d060f9c46f23023d92963__ordinary_control,0,0.004761536605656147,deberta,leave_one_model__qwen2_5_7b_instruct_q4_k_m,validation,matched_clean_llm,dedup-cluster-c588a294c6263bec1e8ad56d,revision_v1_token_128_bit_hex_054,llama3_8b_instruct_q4_k_m,segmented_hex_multi_topic,token_128_bit_hex,procedure_simple_meal
detector_pair__df8d060f9c46f23023d92963__rankcloak,1,0.06689083576202393,deberta,leave_one_model__qwen2_5_7b_instruct_q4_k_m,validation,matched_clean_llm,dedup-cluster-c588a294c6263bec1e8ad56d,revision_v1_token_128_bit_hex_054,llama3_8b_instruct_q4_k_m,segmented_hex_multi_topic,token_128_bit_hex,procedure_simple_meal
detector_pair__dfe49f3209a435ff63cda072__ordinary_control,0,0.0002788278798107058,deberta,leave_one_model__qwen2_5_7b_instruct_q4_k_m,validation,matched_clean_llm,dedup-cluster-a1abcb49aa12280f617295a6,revision_v1_sha256_hex_034,mistral_7b_instruct_v0_3_q4_k_m,nonseg_hex_nibble_b16,sha256_hex,casual_hobby_chat
detector_pair__dfe49f3209a435ff63cda072__rankcloak,1,0.9997218251228333,deberta,leave_one_model__qwen2_5_7b_instruct_q4_k_m,validation,matched_clean_llm,dedup-cluster-a1abcb49aa12280f617295a6,revision_v1_sha256_hex_034,mistral_7b_instruct_v0_3_q4_k_m,nonseg_hex_nibble_b16,sha256_hex,casual_hobby_chat
detector_pair__e06cd2a059b2e417386abd74__ordinary_control,0,0.0004339366569183767,deberta,leave_one_model__qwen2_5_7b_instruct_q4_k_m,validation,matched_clean_llm,dedup-cluster-68e08a4fc96aff3403abad93,revision_v1_nonce_96_bit_hex_031,mistral_7b_instruct_v0_3_q4_k_m,nonseg_ascii_b16,nonce_96_bit_hex,explain_weather_pattern
detector_pair__e06cd2a059b2e417386abd74__rankcloak,1,0.9994165897369385,deberta,leave_one_model__qwen2_5_7b_instruct_q4_k_m,validation,matched_clean_llm,dedup-cluster-68e08a4fc96aff3403abad93,revision_v1_nonce_96_bit_hex_031,mistral_7b_instruct_v0_3_q4_k_m,nonseg_ascii_b16,nonce_96_bit_hex,explain_weather_pattern
detector_pair__e0c56fa068a29f9be145fa45__ordinary_control,0,0.0037336903624236584,deberta,leave_one_model__qwen2_5_7b_instruct_q4_k_m,validation,matched_clean_llm,dedup-cluster-a877ac9e15d9982c5f795957,revision_v1_sha256_hex_048,llama3_8b_instruct_q4_k_m,segmented_hex_multi_topic,sha256_hex,casual_neighborhood_chat
detector_pair__e0c56fa068a29f9be145fa45__rankcloak,1,0.9998125433921814,deberta,leave_one_model__qwen2_5_7b_instruct_q4_k_m,validation,matched_clean_llm,dedup-cluster-a877ac9e15d9982c5f795957,revision_v1_sha256_hex_048,llama3_8b_instruct_q4_k_m,segmented_hex_multi_topic,sha256_hex,casual_neighborhood_chat
detector_pair__e16459853ce21ae506c6c2c3__ordinary_control,0,0.0005511671188287437,deberta,leave_one_model__qwen2_5_7b_instruct_q4_k_m,validation,matched_clean_llm,dedup-cluster-a1abcb49aa12280f617295a6,revision_v1_sha256_hex_034,llama3_8b_instruct_q4_k_m,segmented_hex_single_topic,sha256_hex,narrative_learning_moment
detector_pair__e16459853ce21ae506c6c2c3__rankcloak,1,0.9996994733810425,deberta,leave_one_model__qwen2_5_7b_instruct_q4_k_m,validation,matched_clean_llm,dedup-cluster-a1abcb49aa12280f617295a6,revision_v1_sha256_hex_034,llama3_8b_instruct_q4_k_m,segmented_hex_single_topic,sha256_hex,narrative_learning_moment
detector_pair__e1b0b15d6bb937fa25da428b__ordinary_control,0,0.0003598688344936818,deberta,leave_one_model__qwen2_5_7b_instruct_q4_k_m,validation,matched_clean_llm,dedup-cluster-edb6b099f1dff5a3bddeca8c,revision_v1_sha256_hex_012,llama3_8b_instruct_q4_k_m,segmented_hex_multi_topic,sha256_hex,casual_neighborhood_chat
detector_pair__e1b0b15d6bb937fa25da428b__rankcloak,1,0.9897193908691406,deberta,leave_one_model__qwen2_5_7b_instruct_q4_k_m,validation,matched_clean_llm,dedup-cluster-edb6b099f1dff5a3bddeca8c,revision_v1_sha256_hex_012,llama3_8b_instruct_q4_k_m,segmented_hex_multi_topic,sha256_hex,casual_neighborhood_chat
detector_pair__e1f47da19801ecbaff358b0b__ordinary_control,0,0.0007586563006043434,deberta,leave_one_model__qwen2_5_7b_instruct_q4_k_m,validation,matched_clean_llm,dedup-cluster-cc1d79c541da66daf8e9d81d,revision_v1_chacha20_poly1305_base64_040,mistral_7b_instruct_v0_3_q4_k_m,nonseg_ascii_b8,chacha20_poly1305_base64,casual_neighborhood_chat
detector_pair__e1f47da19801ecbaff358b0b__rankcloak,1,0.9434911608695984,deberta,leave_one_model__qwen2_5_7b_instruct_q4_k_m,validation,matched_clean_llm,dedup-cluster-cc1d79c541da66daf8e9d81d,revision_v1_chacha20_poly1305_base64_040,mistral_7b_instruct_v0_3_q4_k_m,nonseg_ascii_b8,chacha20_poly1305_base64,casual_neighborhood_chat
detector_pair__e207a218c48caa7072b5d4d5__ordinary_control,0,0.0007879065233282745,deberta,leave_one_model__qwen2_5_7b_instruct_q4_k_m,validation,matched_clean_llm,dedup-cluster-a1abcb49aa12280f617295a6,revision_v1_sha256_hex_034,llama3_8b_instruct_q4_k_m,nonseg_hex_nibble_b16,sha256_hex,narrative_learning_moment
detector_pair__e207a218c48caa7072b5d4d5__rankcloak,1,0.9945669174194336,deberta,leave_one_model__qwen2_5_7b_instruct_q4_k_m,validation,matched_clean_llm,dedup-cluster-a1abcb49aa12280f617295a6,revision_v1_sha256_hex_034,llama3_8b_instruct_q4_k_m,nonseg_hex_nibble_b16,sha256_hex,narrative_learning_moment
detector_pair__e209295e51843e602cbd2484__ordinary_control,0,0.0007076808251440525,deberta,leave_one_model__qwen2_5_7b_instruct_q4_k_m,validation,matched_clean_llm,dedup-cluster-484bc3854d49e18198bd3802,revision_v1_hmac_sha256_hex_050,llama3_8b_instruct_q4_k_m,segmented_hex_single_topic,hmac_sha256_hex,procedure_simple_meal
detector_pair__e209295e51843e602cbd2484__rankcloak,1,0.9994971752166748,deberta,leave_one_model__qwen2_5_7b_instruct_q4_k_m,validation,matched_clean_llm,dedup-cluster-484bc3854d49e18198bd3802,revision_v1_hmac_sha256_hex_050,llama3_8b_instruct_q4_k_m,segmented_hex_single_topic,hmac_sha256_hex,procedure_simple_meal
detector_pair__e230a2619c4be26c6db9da93__ordinary_control,0,0.002343822503462434,deberta,leave_one_model__qwen2_5_7b_instruct_q4_k_m,validation,matched_clean_llm,dedup-cluster-e303bfe023e32c25389ebaf9,revision_v1_token_128_bit_hex_057,llama3_8b_instruct_q4_k_m,segmented_hex_multi_topic,token_128_bit_hex,casual_weekend_chat
detector_pair__e230a2619c4be26c6db9da93__rankcloak,1,0.9996064305305481,deberta,leave_one_model__qwen2_5_7b_instruct_q4_k_m,validation,matched_clean_llm,dedup-cluster-e303bfe023e32c25389ebaf9,revision_v1_token_128_bit_hex_057,llama3_8b_instruct_q4_k_m,segmented_hex_multi_topic,token_128_bit_hex,casual_weekend_chat
detector_pair__e23e469ac7df92cef9c975ca__ordinary_control,0,0.002667763503268361,deberta,leave_one_model__qwen2_5_7b_instruct_q4_k_m,validation,matched_clean_llm,dedup-cluster-725b5797405341915f74ba63,revision_v1_token_128_bit_hex_006,llama3_8b_instruct_q4_k_m,segmented_hex_multi_topic,token_128_bit_hex,procedure_home_task
detector_pair__e23e469ac7df92cef9c975ca__rankcloak,1,0.9980674386024475,deberta,leave_one_model__qwen2_5_7b_instruct_q4_k_m,validation,matched_clean_llm,dedup-cluster-725b5797405341915f74ba63,revision_v1_token_128_bit_hex_006,llama3_8b_instruct_q4_k_m,segmented_hex_multi_topic,token_128_bit_hex,procedure_home_task
detector_pair__e269093a26013fa2df429a88__ordinary_control,0,0.0005059210234321654,deberta,leave_one_model__qwen2_5_7b_instruct_q4_k_m,validation,matched_clean_llm,dedup-cluster-2e7f1969791ae609498a9082,revision_v1_hmac_sha256_hex_020,mistral_7b_instruct_v0_3_q4_k_m,segmented_hex_single_topic,hmac_sha256_hex,explain_weather_pattern
detector_pair__e269093a26013fa2df429a88__rankcloak,1,0.999771773815155,deberta,leave_one_model__qwen2_5_7b_instruct_q4_k_m,validation,matched_clean_llm,dedup-cluster-2e7f1969791ae609498a9082,revision_v1_hmac_sha256_hex_020,mistral_7b_instruct_v0_3_q4_k_m,segmented_hex_single_topic,hmac_sha256_hex,explain_weather_pattern
detector_pair__e274b1b990223d7c6dfd04df__ordinary_control,0,0.0012190320994704962,deberta,leave_one_model__qwen2_5_7b_instruct_q4_k_m,validation,matched_clean_llm,dedup-cluster-e8b46972e25b5d16f253b139,revision_v1_nonce_96_bit_hex_005,llama3_8b_instruct_q4_k_m,nonseg_hex_nibble_b16,nonce_96_bit_hex,professional_process_email
detector_pair__e274b1b990223d7c6dfd04df__rankcloak,1,0.007970285601913929,deberta,leave_one_model__qwen2_5_7b_instruct_q4_k_m,validation,matched_clean_llm,dedup-cluster-e8b46972e25b5d16f253b139,revision_v1_nonce_96_bit_hex_005,llama3_8b_instruct_q4_k_m,nonseg_hex_nibble_b16,nonce_96_bit_hex,professional_process_email
detector_pair__e2d5d220d1baf430f930edad__ordinary_control,0,0.00033694252488203347,deberta,leave_one_model__qwen2_5_7b_instruct_q4_k_m,validation,matched_clean_llm,dedup-cluster-17900f3eff20bb84e24fa1da,revision_v1_token_128_bit_hex_021,llama3_8b_instruct_q4_k_m,nonseg_hex_nibble_b16,token_128_bit_hex,casual_weekend_chat
detector_pair__e2d5d220d1baf430f930edad__rankcloak,1,0.7235597372055054,deberta,leave_one_model__qwen2_5_7b_instruct_q4_k_m,validation,matched_clean_llm,dedup-cluster-17900f3eff20bb84e24fa1da,revision_v1_token_128_bit_hex_021,llama3_8b_instruct_q4_k_m,nonseg_hex_nibble_b16,token_128_bit_hex,casual_weekend_chat
detector_pair__e3020472c6bb0cea0219006f__ordinary_control,0,0.0005085410084575415,deberta,leave_one_model__qwen2_5_7b_instruct_q4_k_m,validation,matched_clean_llm,dedup-cluster-17900f3eff20bb84e24fa1da,revision_v1_token_128_bit_hex_021,llama3_8b_instruct_q4_k_m,direct_subword_calgacus,token_128_bit_hex,casual_weekend_chat
detector_pair__e3020472c6bb0cea0219006f__rankcloak,1,0.9995145797729492,deberta,leave_one_model__qwen2_5_7b_instruct_q4_k_m,validation,matched_clean_llm,dedup-cluster-17900f3eff20bb84e24fa1da,revision_v1_token_128_bit_hex_021,llama3_8b_instruct_q4_k_m,direct_subword_calgacus,token_128_bit_hex,casual_weekend_chat
detector_pair__e40bcbb97184d726b16d1e7a__ordinary_control,0,0.0035106458235532045,deberta,leave_one_model__qwen2_5_7b_instruct_q4_k_m,validation,matched_clean_llm,dedup-cluster-02520044ca48813bb14ebc78,revision_v1_aes256_gcm_base64_003,llama3_8b_instruct_q4_k_m,direct_subword_calgacus,aes256_gcm_base64,forum_learning_answer
detector_pair__e40bcbb97184d726b16d1e7a__rankcloak,1,0.999554455280304,deberta,leave_one_model__qwen2_5_7b_instruct_q4_k_m,validation,matched_clean_llm,dedup-cluster-02520044ca48813bb14ebc78,revision_v1_aes256_gcm_base64_003,llama3_8b_instruct_q4_k_m,direct_subword_calgacus,aes256_gcm_base64,forum_learning_answer
detector_pair__e4132f7aeb672fa67c36609d__ordinary_control,0,0.0004641928826458752,deberta,leave_one_model__qwen2_5_7b_instruct_q4_k_m,validation,matched_clean_llm,dedup-cluster-4c7d81d9bc771045be64324c,revision_v1_nonce_96_bit_hex_001,mistral_7b_instruct_v0_3_q4_k_m,nonseg_ascii_b16,nonce_96_bit_hex,explain_everyday_system
detector_pair__e4132f7aeb672fa67c36609d__rankcloak,1,0.8953201174736023,deberta,leave_one_model__qwen2_5_7b_instruct_q4_k_m,validation,matched_clean_llm,dedup-cluster-4c7d81d9bc771045be64324c,revision_v1_nonce_96_bit_hex_001,mistral_7b_instruct_v0_3_q4_k_m,nonseg_ascii_b16,nonce_96_bit_hex,explain_everyday_system
detector_pair__e42d92c220c64e9822930969__ordinary_control,0,0.0005838364013470709,deberta,leave_one_model__qwen2_5_7b_instruct_q4_k_m,validation,matched_clean_llm,dedup-cluster-26d0e390c431894214a50804,revision_v1_chacha20_poly1305_base64_004,llama3_8b_instruct_q4_k_m,direct_subword_calgacus,chacha20_poly1305_base64,narrative_small_discovery
detector_pair__e42d92c220c64e9822930969__rankcloak,1,0.9998019337654114,deberta,leave_one_model__qwen2_5_7b_instruct_q4_k_m,validation,matched_clean_llm,dedup-cluster-26d0e390c431894214a50804,revision_v1_chacha20_poly1305_base64_004,llama3_8b_instruct_q4_k_m,direct_subword_calgacus,chacha20_poly1305_base64,narrative_small_discovery
detector_pair__e466d6926e9e38de5e93f0b2__ordinary_control,0,0.0005184793844819069,deberta,leave_one_model__qwen2_5_7b_instruct_q4_k_m,validation,matched_clean_llm,dedup-cluster-32ad4bf593b222d70a8ca962,revision_v1_hmac_sha256_hex_053,mistral_7b_instruct_v0_3_q4_k_m,segmented_hex_single_topic,hmac_sha256_hex,forum_learning_answer
detector_pair__e466d6926e9e38de5e93f0b2__rankcloak,1,0.9996978044509888,deberta,leave_one_model__qwen2_5_7b_instruct_q4_k_m,validation,matched_clean_llm,dedup-cluster-32ad4bf593b222d70a8ca962,revision_v1_hmac_sha256_hex_053,mistral_7b_instruct_v0_3_q4_k_m,segmented_hex_single_topic,hmac_sha256_hex,forum_learning_answer
detector_pair__e4f8c837d60772c3d2f406d4__ordinary_control,0,0.000447072641691193,deberta,leave_one_model__qwen2_5_7b_instruct_q4_k_m,validation,matched_clean_llm,dedup-cluster-7c84aa0ced3be32342082f66,revision_v1_uuid_v4_002,mistral_7b_instruct_v0_3_q4_k_m,nonseg_ascii_b8,uuid_v4,forum_practical_answer
detector_pair__e4f8c837d60772c3d2f406d4__rankcloak,1,0.9992951154708862,deberta,leave_one_model__qwen2_5_7b_instruct_q4_k_m,validation,matched_clean_llm,dedup-cluster-7c84aa0ced3be32342082f66,revision_v1_uuid_v4_002,mistral_7b_instruct_v0_3_q4_k_m,nonseg_ascii_b8,uuid_v4,forum_practical_answer
detector_pair__e57eef0b8b5c64f4216ebce7__ordinary_control,0,0.0004971412126906216,deberta,leave_one_model__qwen2_5_7b_instruct_q4_k_m,validation,matched_clean_llm,dedup-cluster-897bd4c0922eb43a17664a25,revision_v1_aes256_gcm_base64_025,llama3_8b_instruct_q4_k_m,nonseg_ascii_b8,aes256_gcm_base64,casual_weekend_chat
detector_pair__e57eef0b8b5c64f4216ebce7__rankcloak,1,0.9637442231178284,deberta,leave_one_model__qwen2_5_7b_instruct_q4_k_m,validation,matched_clean_llm,dedup-cluster-897bd4c0922eb43a17664a25,revision_v1_aes256_gcm_base64_025,llama3_8b_instruct_q4_k_m,nonseg_ascii_b8,aes256_gcm_base64,casual_weekend_chat
detector_pair__e58412e57f33a088bebd3a9f__ordinary_control,0,0.0004520494840107858,deberta,leave_one_model__qwen2_5_7b_instruct_q4_k_m,validation,matched_clean_llm,dedup-cluster-4c7d81d9bc771045be64324c,revision_v1_nonce_96_bit_hex_001,mistral_7b_instruct_v0_3_q4_k_m,segmented_hex_single_topic,nonce_96_bit_hex,explain_everyday_system
detector_pair__e58412e57f33a088bebd3a9f__rankcloak,1,0.9930921792984009,deberta,leave_one_model__qwen2_5_7b_instruct_q4_k_m,validation,matched_clean_llm,dedup-cluster-4c7d81d9bc771045be64324c,revision_v1_nonce_96_bit_hex_001,mistral_7b_instruct_v0_3_q4_k_m,segmented_hex_single_topic,nonce_96_bit_hex,explain_everyday_system
detector_pair__e58dbadc2ecbd5cd8352f86c__ordinary_control,0,0.0008149142959155142,deberta,leave_one_model__qwen2_5_7b_instruct_q4_k_m,validation,matched_clean_llm,dedup-cluster-631342e4862923cce8d3242b,revision_v1_sha256_hex_029,mistral_7b_instruct_v0_3_q4_k_m,segmented_hex_single_topic,sha256_hex,professional_project_update
detector_pair__e58dbadc2ecbd5cd8352f86c__rankcloak,1,0.9997732043266296,deberta,leave_one_model__qwen2_5_7b_instruct_q4_k_m,validation,matched_clean_llm,dedup-cluster-631342e4862923cce8d3242b,revision_v1_sha256_hex_029,mistral_7b_instruct_v0_3_q4_k_m,segmented_hex_single_topic,sha256_hex,professional_project_update
detector_pair__e5eac93270104a7ef0d96c05__ordinary_control,0,0.0004942085361108184,deberta,leave_one_model__qwen2_5_7b_instruct_q4_k_m,validation,matched_clean_llm,dedup-cluster-d95563a927f567b6601e551e,revision_v1_uuid_v4_020,llama3_8b_instruct_q4_k_m,nonseg_ascii_b8,uuid_v4,casual_hobby_chat
detector_pair__e5eac93270104a7ef0d96c05__rankcloak,1,0.6169765591621399,deberta,leave_one_model__qwen2_5_7b_instruct_q4_k_m,validation,matched_clean_llm,dedup-cluster-d95563a927f567b6601e551e,revision_v1_uuid_v4_020,llama3_8b_instruct_q4_k_m,nonseg_ascii_b8,uuid_v4,casual_hobby_chat
detector_pair__e689d0c091fc0daf40c7a2d6__ordinary_control,0,0.00047499986249022186,deberta,leave_one_model__qwen2_5_7b_instruct_q4_k_m,validation,matched_clean_llm,dedup-cluster-e8b46972e25b5d16f253b139,revision_v1_nonce_96_bit_hex_005,llama3_8b_instruct_q4_k_m,nonseg_ascii_b16,nonce_96_bit_hex,professional_process_email
detector_pair__e689d0c091fc0daf40c7a2d6__rankcloak,1,0.923440158367157,deberta,leave_one_model__qwen2_5_7b_instruct_q4_k_m,validation,matched_clean_llm,dedup-cluster-e8b46972e25b5d16f253b139,revision_v1_nonce_96_bit_hex_005,llama3_8b_instruct_q4_k_m,nonseg_ascii_b16,nonce_96_bit_hex,professional_process_email
detector_pair__e6ced8383ba5e213e12de41c__ordinary_control,0,0.0005596397677436471,deberta,leave_one_model__qwen2_5_7b_instruct_q4_k_m,validation,matched_clean_llm,dedup-cluster-a9a56840e2c7d4a59a486e62,revision_v1_nonce_96_bit_hex_025,mistral_7b_instruct_v0_3_q4_k_m,nonseg_ascii_b8,nonce_96_bit_hex,explain_biological_process
detector_pair__e6ced8383ba5e213e12de41c__rankcloak,1,0.9995469450950623,deberta,leave_one_model__qwen2_5_7b_instruct_q4_k_m,validation,matched_clean_llm,dedup-cluster-a9a56840e2c7d4a59a486e62,revision_v1_nonce_96_bit_hex_025,mistral_7b_instruct_v0_3_q4_k_m,nonseg_ascii_b8,nonce_96_bit_hex,explain_biological_process
detector_pair__e6dd0d07220ae29d63a55c5d__ordinary_control,0,0.0005467361770570278,deberta,leave_one_model__qwen2_5_7b_instruct_q4_k_m,validation,matched_clean_llm,dedup-cluster-8150a67016c09420f58d3140,revision_v1_sha256_hex_053,llama3_8b_instruct_q4_k_m,direct_subword_calgacus,sha256_hex,explain_biological_process
detector_pair__e6dd0d07220ae29d63a55c5d__rankcloak,1,0.9984713196754456,deberta,leave_one_model__qwen2_5_7b_instruct_q4_k_m,validation,matched_clean_llm,dedup-cluster-8150a67016c09420f58d3140,revision_v1_sha256_hex_053,llama3_8b_instruct_q4_k_m,direct_subword_calgacus,sha256_hex,explain_biological_process
detector_pair__e75eb43f589acbd8e372d0fa__ordinary_control,0,0.0002674410061445087,deberta,leave_one_model__qwen2_5_7b_instruct_q4_k_m,validation,matched_clean_llm,dedup-cluster-d24ae4dc1ca2dcb4473005f9,revision_v1_hmac_sha256_hex_036,llama3_8b_instruct_q4_k_m,segmented_hex_single_topic,hmac_sha256_hex,professional_schedule_note
detector_pair__e75eb43f589acbd8e372d0fa__rankcloak,1,0.9991806149482727,deberta,leave_one_model__qwen2_5_7b_instruct_q4_k_m,validation,matched_clean_llm,dedup-cluster-d24ae4dc1ca2dcb4473005f9,revision_v1_hmac_sha256_hex_036,llama3_8b_instruct_q4_k_m,segmented_hex_single_topic,hmac_sha256_hex,professional_schedule_note
detector_pair__e75fbdc1d12662c490167c7b__ordinary_control,0,0.0006307082949206233,deberta,leave_one_model__qwen2_5_7b_instruct_q4_k_m,validation,matched_clean_llm,dedup-cluster-1d730332b470450b93b8b767,revision_v1_hmac_sha256_hex_006,llama3_8b_instruct_q4_k_m,segmented_hex_multi_topic,hmac_sha256_hex,professional_process_email
detector_pair__e75fbdc1d12662c490167c7b__rankcloak,1,0.9988044500350952,deberta,leave_one_model__qwen2_5_7b_instruct_q4_k_m,validation,matched_clean_llm,dedup-cluster-1d730332b470450b93b8b767,revision_v1_hmac_sha256_hex_006,llama3_8b_instruct_q4_k_m,segmented_hex_multi_topic,hmac_sha256_hex,professional_process_email
detector_pair__e76307d8f55005cf74168ddb__ordinary_control,0,0.0005987280746921897,deberta,leave_one_model__qwen2_5_7b_instruct_q4_k_m,validation,matched_clean_llm,dedup-cluster-6ce30f9a3e80626084969f2a,revision_v1_ed25519_signature_base64_043,mistral_7b_instruct_v0_3_q4_k_m,nonseg_ascii_b8,ed25519_signature_base64,narrative_local_walk
detector_pair__e76307d8f55005cf74168ddb__rankcloak,1,0.9979968667030334,deberta,leave_one_model__qwen2_5_7b_instruct_q4_k_m,validation,matched_clean_llm,dedup-cluster-6ce30f9a3e80626084969f2a,revision_v1_ed25519_signature_base64_043,mistral_7b_instruct_v0_3_q4_k_m,nonseg_ascii_b8,ed25519_signature_base64,narrative_local_walk
detector_pair__e7e8cb072554117c81aaf2fc__ordinary_control,0,0.0013663669815286994,deberta,leave_one_model__qwen2_5_7b_instruct_q4_k_m,validation,matched_clean_llm,dedup-cluster-4df1f95590c9f69533ae0634,revision_v1_nonce_96_bit_hex_027,llama3_8b_instruct_q4_k_m,segmented_hex_multi_topic,nonce_96_bit_hex,explain_weather_pattern
detector_pair__e7e8cb072554117c81aaf2fc__rankcloak,1,0.9876811504364014,deberta,leave_one_model__qwen2_5_7b_instruct_q4_k_m,validation,matched_clean_llm,dedup-cluster-4df1f95590c9f69533ae0634,revision_v1_nonce_96_bit_hex_027,llama3_8b_instruct_q4_k_m,segmented_hex_multi_topic,nonce_96_bit_hex,explain_weather_pattern
detector_pair__e7f990e1c187700c29c9ce44__ordinary_control,0,0.001762978034093976,deberta,leave_one_model__qwen2_5_7b_instruct_q4_k_m,validation,matched_clean_llm,dedup-cluster-68e08a4fc96aff3403abad93,revision_v1_nonce_96_bit_hex_031,llama3_8b_instruct_q4_k_m,direct_subword_calgacus,nonce_96_bit_hex,procedure_home_task
detector_pair__e7f990e1c187700c29c9ce44__rankcloak,1,0.9602617025375366,deberta,leave_one_model__qwen2_5_7b_instruct_q4_k_m,validation,matched_clean_llm,dedup-cluster-68e08a4fc96aff3403abad93,revision_v1_nonce_96_bit_hex_031,llama3_8b_instruct_q4_k_m,direct_subword_calgacus,nonce_96_bit_hex,procedure_home_task
detector_pair__e82421b83090c1f5e8914c2e__ordinary_control,0,0.000986495055258274,deberta,leave_one_model__qwen2_5_7b_instruct_q4_k_m,validation,matched_clean_llm,dedup-cluster-0401b1baba09fb1c1437ea35,revision_v1_nonce_96_bit_hex_011,llama3_8b_instruct_q4_k_m,direct_subword_calgacus,nonce_96_bit_hex,professional_project_update
detector_pair__e82421b83090c1f5e8914c2e__rankcloak,1,0.9895634055137634,deberta,leave_one_model__qwen2_5_7b_instruct_q4_k_m,validation,matched_clean_llm,dedup-cluster-0401b1baba09fb1c1437ea35,revision_v1_nonce_96_bit_hex_011,llama3_8b_instruct_q4_k_m,direct_subword_calgacus,nonce_96_bit_hex,professional_project_update
detector_pair__e826c4f0aca82e8edaa3e8ae__ordinary_control,0,0.0006057347636669874,deberta,leave_one_model__qwen2_5_7b_instruct_q4_k_m,validation,matched_clean_llm,dedup-cluster-cdae81a0da256f43636cdb0c,revision_v1_chacha20_poly1305_base64_024,llama3_8b_instruct_q4_k_m,direct_subword_calgacus,chacha20_poly1305_base64,casual_hobby_chat
detector_pair__e826c4f0aca82e8edaa3e8ae__rankcloak,1,0.9996033310890198,deberta,leave_one_model__qwen2_5_7b_instruct_q4_k_m,validation,matched_clean_llm,dedup-cluster-cdae81a0da256f43636cdb0c,revision_v1_chacha20_poly1305_base64_024,llama3_8b_instruct_q4_k_m,direct_subword_calgacus,chacha20_poly1305_base64,casual_hobby_chat
detector_pair__e88c204feb04009786ad34be__ordinary_control,0,0.0012596233282238245,deberta,leave_one_model__qwen2_5_7b_instruct_q4_k_m,validation,matched_clean_llm,dedup-cluster-a1f09603de61d42b17c60f90,revision_v1_nonce_96_bit_hex_058,mistral_7b_instruct_v0_3_q4_k_m,segmented_hex_multi_topic,nonce_96_bit_hex,forum_purchase_advice
detector_pair__e88c204feb04009786ad34be__rankcloak,1,0.9996676445007324,deberta,leave_one_model__qwen2_5_7b_instruct_q4_k_m,validation,matched_clean_llm,dedup-cluster-a1f09603de61d42b17c60f90,revision_v1_nonce_96_bit_hex_058,mistral_7b_instruct_v0_3_q4_k_m,segmented_hex_multi_topic,nonce_96_bit_hex,forum_purchase_advice
detector_pair__e89b86f0a63f5fc047ae39d4__ordinary_control,0,0.0003685862757265568,deberta,leave_one_model__qwen2_5_7b_instruct_q4_k_m,validation,matched_clean_llm,dedup-cluster-4c7d81d9bc771045be64324c,revision_v1_nonce_96_bit_hex_001,mistral_7b_instruct_v0_3_q4_k_m,nonseg_hex_nibble_b16,nonce_96_bit_hex,explain_everyday_system
detector_pair__e89b86f0a63f5fc047ae39d4__rankcloak,1,0.9680647253990173,deberta,leave_one_model__qwen2_5_7b_instruct_q4_k_m,validation,matched_clean_llm,dedup-cluster-4c7d81d9bc771045be64324c,revision_v1_nonce_96_bit_hex_001,mistral_7b_instruct_v0_3_q4_k_m,nonseg_hex_nibble_b16,nonce_96_bit_hex,explain_everyday_system
detector_pair__e926ac4c3191e745ee39ea75__ordinary_control,0,0.003185833105817437,deberta,leave_one_model__qwen2_5_7b_instruct_q4_k_m,validation,matched_clean_llm,dedup-cluster-847d23bf1ef334bb559efd28,revision_v1_aes256_gcm_base64_000,mistral_7b_instruct_v0_3_q4_k_m,direct_subword_calgacus,aes256_gcm_base64,professional_schedule_note
detector_pair__e926ac4c3191e745ee39ea75__rankcloak,1,0.9997770190238953,deberta,leave_one_model__qwen2_5_7b_instruct_q4_k_m,validation,matched_clean_llm,dedup-cluster-847d23bf1ef334bb559efd28,revision_v1_aes256_gcm_base64_000,mistral_7b_instruct_v0_3_q4_k_m,direct_subword_calgacus,aes256_gcm_base64,professional_schedule_note
detector_pair__e9be3eb0379cb61f825b00b1__ordinary_control,0,0.0005190687952563167,deberta,leave_one_model__qwen2_5_7b_instruct_q4_k_m,validation,matched_clean_llm,dedup-cluster-53ddb375f906007b9492f105,revision_v1_sha256_hex_033,mistral_7b_instruct_v0_3_q4_k_m,nonseg_hex_nibble_b16,sha256_hex,explain_everyday_system
detector_pair__e9be3eb0379cb61f825b00b1__rankcloak,1,0.9997864365577698,deberta,leave_one_model__qwen2_5_7b_instruct_q4_k_m,validation,matched_clean_llm,dedup-cluster-53ddb375f906007b9492f105,revision_v1_sha256_hex_033,mistral_7b_instruct_v0_3_q4_k_m,nonseg_hex_nibble_b16,sha256_hex,explain_everyday_system
detector_pair__e9d2466e02d49da5a28233d4__ordinary_control,0,0.0004597838269546628,deberta,leave_one_model__qwen2_5_7b_instruct_q4_k_m,validation,matched_clean_llm,dedup-cluster-b3aacb3da0049b4608f31b89,revision_v1_aes256_gcm_base64_033,mistral_7b_instruct_v0_3_q4_k_m,direct_subword_calgacus,aes256_gcm_base64,narrative_small_discovery
detector_pair__e9d2466e02d49da5a28233d4__rankcloak,1,0.9997081160545349,deberta,leave_one_model__qwen2_5_7b_instruct_q4_k_m,validation,matched_clean_llm,dedup-cluster-b3aacb3da0049b4608f31b89,revision_v1_aes256_gcm_base64_033,mistral_7b_instruct_v0_3_q4_k_m,direct_subword_calgacus,aes256_gcm_base64,narrative_small_discovery
detector_pair__ea2461fe6729fd5eb8d4e213__ordinary_control,0,0.004579151980578899,deberta,leave_one_model__qwen2_5_7b_instruct_q4_k_m,validation,matched_clean_llm,dedup-cluster-7b810f2afbcabc7ee462bff7,revision_v1_nonce_96_bit_hex_023,llama3_8b_instruct_q4_k_m,direct_subword_calgacus,nonce_96_bit_hex,professional_process_email
detector_pair__ea2461fe6729fd5eb8d4e213__rankcloak,1,0.9967635869979858,deberta,leave_one_model__qwen2_5_7b_instruct_q4_k_m,validation,matched_clean_llm,dedup-cluster-7b810f2afbcabc7ee462bff7,revision_v1_nonce_96_bit_hex_023,llama3_8b_instruct_q4_k_m,direct_subword_calgacus,nonce_96_bit_hex,professional_process_email
detector_pair__ea6124c8fb3a0f70b8cd7af3__ordinary_control,0,0.0005887813167646527,deberta,leave_one_model__qwen2_5_7b_instruct_q4_k_m,validation,matched_clean_llm,dedup-cluster-d80c78b75330766130b70bf5,revision_v1_hmac_sha256_hex_030,mistral_7b_instruct_v0_3_q4_k_m,nonseg_ascii_b8,hmac_sha256_hex,procedure_garden_task
detector_pair__ea6124c8fb3a0f70b8cd7af3__rankcloak,1,0.9902958273887634,deberta,leave_one_model__qwen2_5_7b_instruct_q4_k_m,validation,matched_clean_llm,dedup-cluster-d80c78b75330766130b70bf5,revision_v1_hmac_sha256_hex_030,mistral_7b_instruct_v0_3_q4_k_m,nonseg_ascii_b8,hmac_sha256_hex,procedure_garden_task
detector_pair__ea7228e0288269e9b26f113c__ordinary_control,0,0.0017376438481733203,deberta,leave_one_model__qwen2_5_7b_instruct_q4_k_m,validation,matched_clean_llm,dedup-cluster-21724430ac9765521f1234e5,revision_v1_token_128_bit_hex_056,llama3_8b_instruct_q4_k_m,segmented_hex_single_topic,token_128_bit_hex,explain_weather_pattern
detector_pair__ea7228e0288269e9b26f113c__rankcloak,1,0.06756793707609177,deberta,leave_one_model__qwen2_5_7b_instruct_q4_k_m,validation,matched_clean_llm,dedup-cluster-21724430ac9765521f1234e5,revision_v1_token_128_bit_hex_056,llama3_8b_instruct_q4_k_m,segmented_hex_single_topic,token_128_bit_hex,explain_weather_pattern
detector_pair__ea8f322efb10148dd7917350__ordinary_control,0,0.0006586569361388683,deberta,leave_one_model__qwen2_5_7b_instruct_q4_k_m,validation,matched_clean_llm,dedup-cluster-7c84aa0ced3be32342082f66,revision_v1_uuid_v4_002,llama3_8b_instruct_q4_k_m,nonseg_ascii_b8,uuid_v4,casual_hobby_chat
detector_pair__ea8f322efb10148dd7917350__rankcloak,1,0.9874709248542786,deberta,leave_one_model__qwen2_5_7b_instruct_q4_k_m,validation,matched_clean_llm,dedup-cluster-7c84aa0ced3be32342082f66,revision_v1_uuid_v4_002,llama3_8b_instruct_q4_k_m,nonseg_ascii_b8,uuid_v4,casual_hobby_chat
detector_pair__eab964c6552bc20a56db7c76__ordinary_control,0,0.002356206998229027,deberta,leave_one_model__qwen2_5_7b_instruct_q4_k_m,validation,matched_clean_llm,dedup-cluster-8bfe7043c327d3a82a41f9ad,revision_v1_ed25519_signature_base64_050,mistral_7b_instruct_v0_3_q4_k_m,direct_subword_calgacus,ed25519_signature_base64,explain_biological_process
detector_pair__eab964c6552bc20a56db7c76__rankcloak,1,0.9997426867485046,deberta,leave_one_model__qwen2_5_7b_instruct_q4_k_m,validation,matched_clean_llm,dedup-cluster-8bfe7043c327d3a82a41f9ad,revision_v1_ed25519_signature_base64_050,mistral_7b_instruct_v0_3_q4_k_m,direct_subword_calgacus,ed25519_signature_base64,explain_biological_process
detector_pair__eb0ac451725d848d2f2f4dd6__ordinary_control,0,0.0016351186204701662,deberta,leave_one_model__qwen2_5_7b_instruct_q4_k_m,validation,matched_clean_llm,dedup-cluster-8150a67016c09420f58d3140,revision_v1_sha256_hex_053,llama3_8b_instruct_q4_k_m,segmented_hex_multi_topic,sha256_hex,explain_biological_process
detector_pair__eb0ac451725d848d2f2f4dd6__rankcloak,1,0.9998182654380798,deberta,leave_one_model__qwen2_5_7b_instruct_q4_k_m,validation,matched_clean_llm,dedup-cluster-8150a67016c09420f58d3140,revision_v1_sha256_hex_053,llama3_8b_instruct_q4_k_m,segmented_hex_multi_topic,sha256_hex,explain_biological_process
detector_pair__eb0c05fa30d9e40a26014c10__ordinary_control,0,0.00045102337026037276,deberta,leave_one_model__qwen2_5_7b_instruct_q4_k_m,validation,matched_clean_llm,dedup-cluster-cdae81a0da256f43636cdb0c,revision_v1_chacha20_poly1305_base64_024,mistral_7b_instruct_v0_3_q4_k_m,nonseg_ascii_b16,chacha20_poly1305_base64,forum_practical_answer
detector_pair__eb0c05fa30d9e40a26014c10__rankcloak,1,0.9996294975280762,deberta,leave_one_model__qwen2_5_7b_instruct_q4_k_m,validation,matched_clean_llm,dedup-cluster-cdae81a0da256f43636cdb0c,revision_v1_chacha20_poly1305_base64_024,mistral_7b_instruct_v0_3_q4_k_m,nonseg_ascii_b16,chacha20_poly1305_base64,forum_practical_answer
detector_pair__eb2a2d75f8434d86eb71a194__ordinary_control,0,0.0006127649103291333,deberta,leave_one_model__qwen2_5_7b_instruct_q4_k_m,validation,matched_clean_llm,dedup-cluster-631342e4862923cce8d3242b,revision_v1_sha256_hex_029,mistral_7b_instruct_v0_3_q4_k_m,nonseg_hex_nibble_b16,sha256_hex,professional_project_update
detector_pair__eb2a2d75f8434d86eb71a194__rankcloak,1,0.9979495406150818,deberta,leave_one_model__qwen2_5_7b_instruct_q4_k_m,validation,matched_clean_llm,dedup-cluster-631342e4862923cce8d3242b,revision_v1_sha256_hex_029,mistral_7b_instruct_v0_3_q4_k_m,nonseg_hex_nibble_b16,sha256_hex,professional_project_update
detector_pair__eb3ca07585ef024274933fa2__ordinary_control,0,0.00029812639695592225,deberta,leave_one_model__qwen2_5_7b_instruct_q4_k_m,validation,matched_clean_llm,dedup-cluster-298834ce3caac8f77b13ddc3,revision_v1_aes256_gcm_base64_031,llama3_8b_instruct_q4_k_m,direct_subword_calgacus,aes256_gcm_base64,casual_hobby_chat
detector_pair__eb3ca07585ef024274933fa2__rankcloak,1,0.9997822642326355,deberta,leave_one_model__qwen2_5_7b_instruct_q4_k_m,validation,matched_clean_llm,dedup-cluster-298834ce3caac8f77b13ddc3,revision_v1_aes256_gcm_base64_031,llama3_8b_instruct_q4_k_m,direct_subword_calgacus,aes256_gcm_base64,casual_hobby_chat
detector_pair__eb8624b4164d2b9755029a8d__ordinary_control,0,0.0014374766033142805,deberta,leave_one_model__qwen2_5_7b_instruct_q4_k_m,validation,matched_clean_llm,dedup-cluster-a48caa544001e5d183a57eea,revision_v1_nonce_96_bit_hex_049,mistral_7b_instruct_v0_3_q4_k_m,segmented_hex_multi_topic,nonce_96_bit_hex,explain_weather_pattern
detector_pair__eb8624b4164d2b9755029a8d__rankcloak,1,0.9414272308349609,deberta,leave_one_model__qwen2_5_7b_instruct_q4_k_m,validation,matched_clean_llm,dedup-cluster-a48caa544001e5d183a57eea,revision_v1_nonce_96_bit_hex_049,mistral_7b_instruct_v0_3_q4_k_m,segmented_hex_multi_topic,nonce_96_bit_hex,explain_weather_pattern
detector_pair__eb97119a6ca232f6819ad4b1__ordinary_control,0,0.000625832355581224,deberta,leave_one_model__qwen2_5_7b_instruct_q4_k_m,validation,matched_clean_llm,dedup-cluster-418e1dfdad8a13fa38873592,revision_v1_chacha20_poly1305_base64_003,mistral_7b_instruct_v0_3_q4_k_m,nonseg_ascii_b16,chacha20_poly1305_base64,explain_biological_process
detector_pair__eb97119a6ca232f6819ad4b1__rankcloak,1,0.9997016787528992,deberta,leave_one_model__qwen2_5_7b_instruct_q4_k_m,validation,matched_clean_llm,dedup-cluster-418e1dfdad8a13fa38873592,revision_v1_chacha20_poly1305_base64_003,mistral_7b_instruct_v0_3_q4_k_m,nonseg_ascii_b16,chacha20_poly1305_base64,explain_biological_process
detector_pair__ebb238da1b650b473391b0ed__ordinary_control,0,0.0007139786030165851,deberta,leave_one_model__qwen2_5_7b_instruct_q4_k_m,validation,matched_clean_llm,dedup-cluster-8150a67016c09420f58d3140,revision_v1_sha256_hex_053,mistral_7b_instruct_v0_3_q4_k_m,segmented_hex_multi_topic,sha256_hex,professional_schedule_note
detector_pair__ebb238da1b650b473391b0ed__rankcloak,1,0.999811589717865,deberta,leave_one_model__qwen2_5_7b_instruct_q4_k_m,validation,matched_clean_llm,dedup-cluster-8150a67016c09420f58d3140,revision_v1_sha256_hex_053,mistral_7b_instruct_v0_3_q4_k_m,segmented_hex_multi_topic,sha256_hex,professional_schedule_note
detector_pair__ebe74722727bd9e67d8a9229__ordinary_control,0,0.00036237770109437406,deberta,leave_one_model__qwen2_5_7b_instruct_q4_k_m,validation,matched_clean_llm,dedup-cluster-4c7d81d9bc771045be64324c,revision_v1_nonce_96_bit_hex_001,llama3_8b_instruct_q4_k_m,nonseg_ascii_b8,nonce_96_bit_hex,procedure_garden_task
detector_pair__ebe74722727bd9e67d8a9229__rankcloak,1,0.9704124331474304,deberta,leave_one_model__qwen2_5_7b_instruct_q4_k_m,validation,matched_clean_llm,dedup-cluster-4c7d81d9bc771045be64324c,revision_v1_nonce_96_bit_hex_001,llama3_8b_instruct_q4_k_m,nonseg_ascii_b8,nonce_96_bit_hex,procedure_garden_task
detector_pair__ebf405b1820ce16bd77fc211__ordinary_control,0,0.0007548648281954229,deberta,leave_one_model__qwen2_5_7b_instruct_q4_k_m,validation,matched_clean_llm,dedup-cluster-729f0f62c71d15bb8d8f7eff,revision_v1_token_128_bit_hex_004,mistral_7b_instruct_v0_3_q4_k_m,segmented_hex_multi_topic,token_128_bit_hex,procedure_garden_task
detector_pair__ebf405b1820ce16bd77fc211__rankcloak,1,0.9997292160987854,deberta,leave_one_model__qwen2_5_7b_instruct_q4_k_m,validation,matched_clean_llm,dedup-cluster-729f0f62c71d15bb8d8f7eff,revision_v1_token_128_bit_hex_004,mistral_7b_instruct_v0_3_q4_k_m,segmented_hex_multi_topic,token_128_bit_hex,procedure_garden_task
detector_pair__ec4f2229fdf6a3554b7eba8d__ordinary_control,0,0.0014332912396639585,deberta,leave_one_model__qwen2_5_7b_instruct_q4_k_m,validation,matched_clean_llm,dedup-cluster-4c7d81d9bc771045be64324c,revision_v1_nonce_96_bit_hex_001,mistral_7b_instruct_v0_3_q4_k_m,segmented_hex_multi_topic,nonce_96_bit_hex,explain_everyday_system
detector_pair__ec4f2229fdf6a3554b7eba8d__rankcloak,1,0.9851258993148804,deberta,leave_one_model__qwen2_5_7b_instruct_q4_k_m,validation,matched_clean_llm,dedup-cluster-4c7d81d9bc771045be64324c,revision_v1_nonce_96_bit_hex_001,mistral_7b_instruct_v0_3_q4_k_m,segmented_hex_multi_topic,nonce_96_bit_hex,explain_everyday_system
detector_pair__ec5aeea2546b1c641baf4c9b__ordinary_control,0,0.002427453175187111,deberta,leave_one_model__qwen2_5_7b_instruct_q4_k_m,validation,matched_clean_llm,dedup-cluster-1d730332b470450b93b8b767,revision_v1_hmac_sha256_hex_006,llama3_8b_instruct_q4_k_m,nonseg_hex_nibble_b16,hmac_sha256_hex,professional_process_email
detector_pair__ec5aeea2546b1c641baf4c9b__rankcloak,1,0.9976509213447571,deberta,leave_one_model__qwen2_5_7b_instruct_q4_k_m,validation,matched_clean_llm,dedup-cluster-1d730332b470450b93b8b767,revision_v1_hmac_sha256_hex_006,llama3_8b_instruct_q4_k_m,nonseg_hex_nibble_b16,hmac_sha256_hex,professional_process_email
detector_pair__ecc528b24897825551115ca9__ordinary_control,0,0.001312624546699226,deberta,leave_one_model__qwen2_5_7b_instruct_q4_k_m,validation,matched_clean_llm,dedup-cluster-c588a294c6263bec1e8ad56d,revision_v1_token_128_bit_hex_054,mistral_7b_instruct_v0_3_q4_k_m,direct_subword_calgacus,token_128_bit_hex,explain_biological_process
detector_pair__ecc528b24897825551115ca9__rankcloak,1,0.999714195728302,deberta,leave_one_model__qwen2_5_7b_instruct_q4_k_m,validation,matched_clean_llm,dedup-cluster-c588a294c6263bec1e8ad56d,revision_v1_token_128_bit_hex_054,mistral_7b_instruct_v0_3_q4_k_m,direct_subword_calgacus,token_128_bit_hex,explain_biological_process
detector_pair__ece5a32accc5ddcff44fd685__ordinary_control,0,0.001738005317747593,deberta,leave_one_model__qwen2_5_7b_instruct_q4_k_m,validation,matched_clean_llm,dedup-cluster-8150a67016c09420f58d3140,revision_v1_sha256_hex_053,llama3_8b_instruct_q4_k_m,segmented_hex_single_topic,sha256_hex,explain_biological_process
detector_pair__ece5a32accc5ddcff44fd685__rankcloak,1,0.9996649026870728,deberta,leave_one_model__qwen2_5_7b_instruct_q4_k_m,validation,matched_clean_llm,dedup-cluster-8150a67016c09420f58d3140,revision_v1_sha256_hex_053,llama3_8b_instruct_q4_k_m,segmented_hex_single_topic,sha256_hex,explain_biological_process
detector_pair__ed5f15e552c9526b77a2c267__ordinary_control,0,0.010944618843495846,deberta,leave_one_model__qwen2_5_7b_instruct_q4_k_m,validation,matched_clean_llm,dedup-cluster-725b5797405341915f74ba63,revision_v1_token_128_bit_hex_006,mistral_7b_instruct_v0_3_q4_k_m,nonseg_ascii_b16,token_128_bit_hex,explain_weather_pattern
detector_pair__ed5f15e552c9526b77a2c267__rankcloak,1,0.9983955025672913,deberta,leave_one_model__qwen2_5_7b_instruct_q4_k_m,validation,matched_clean_llm,dedup-cluster-725b5797405341915f74ba63,revision_v1_token_128_bit_hex_006,mistral_7b_instruct_v0_3_q4_k_m,nonseg_ascii_b16,token_128_bit_hex,explain_weather_pattern
detector_pair__ed6e20459b17379515d23269__ordinary_control,0,0.000594140961766243,deberta,leave_one_model__qwen2_5_7b_instruct_q4_k_m,validation,matched_clean_llm,dedup-cluster-23688669a27f472f3b4c7be0,revision_v1_uuid_v4_038,llama3_8b_instruct_q4_k_m,nonseg_ascii_b8,uuid_v4,casual_hobby_chat
detector_pair__ed6e20459b17379515d23269__rankcloak,1,0.9719727635383606,deberta,leave_one_model__qwen2_5_7b_instruct_q4_k_m,validation,matched_clean_llm,dedup-cluster-23688669a27f472f3b4c7be0,revision_v1_uuid_v4_038,llama3_8b_instruct_q4_k_m,nonseg_ascii_b8,uuid_v4,casual_hobby_chat
detector_pair__ed761fb4348a7d3c01215eae__ordinary_control,0,0.0010078190825879574,deberta,leave_one_model__qwen2_5_7b_instruct_q4_k_m,validation,matched_clean_llm,dedup-cluster-339659e6d45626f95acf4c5b,revision_v1_nonce_96_bit_hex_052,llama3_8b_instruct_q4_k_m,segmented_hex_multi_topic,nonce_96_bit_hex,casual_hobby_chat
detector_pair__ed761fb4348a7d3c01215eae__rankcloak,1,0.9934126734733582,deberta,leave_one_model__qwen2_5_7b_instruct_q4_k_m,validation,matched_clean_llm,dedup-cluster-339659e6d45626f95acf4c5b,revision_v1_nonce_96_bit_hex_052,llama3_8b_instruct_q4_k_m,segmented_hex_multi_topic,nonce_96_bit_hex,casual_hobby_chat
detector_pair__edc23eb9c239d68ce5af85d7__ordinary_control,0,0.001891525462269783,deberta,leave_one_model__qwen2_5_7b_instruct_q4_k_m,validation,matched_clean_llm,dedup-cluster-c85ea4286eb44389809ba8c7,revision_v1_uuid_v4_034,llama3_8b_instruct_q4_k_m,nonseg_ascii_b8,uuid_v4,forum_practical_answer
detector_pair__edc23eb9c239d68ce5af85d7__rankcloak,1,0.9959499835968018,deberta,leave_one_model__qwen2_5_7b_instruct_q4_k_m,validation,matched_clean_llm,dedup-cluster-c85ea4286eb44389809ba8c7,revision_v1_uuid_v4_034,llama3_8b_instruct_q4_k_m,nonseg_ascii_b8,uuid_v4,forum_practical_answer
detector_pair__ede31a3e18cf7fc26d2ea18b__ordinary_control,0,0.000465372548205778,deberta,leave_one_model__qwen2_5_7b_instruct_q4_k_m,validation,matched_clean_llm,dedup-cluster-484bc3854d49e18198bd3802,revision_v1_hmac_sha256_hex_050,mistral_7b_instruct_v0_3_q4_k_m,segmented_hex_multi_topic,hmac_sha256_hex,explain_biological_process
detector_pair__ede31a3e18cf7fc26d2ea18b__rankcloak,1,0.999786913394928,deberta,leave_one_model__qwen2_5_7b_instruct_q4_k_m,validation,matched_clean_llm,dedup-cluster-484bc3854d49e18198bd3802,revision_v1_hmac_sha256_hex_050,mistral_7b_instruct_v0_3_q4_k_m,segmented_hex_multi_topic,hmac_sha256_hex,explain_biological_process
detector_pair__ee666b0dcecfd8b218ba8fab__ordinary_control,0,0.0006560100591741502,deberta,leave_one_model__qwen2_5_7b_instruct_q4_k_m,validation,matched_clean_llm,dedup-cluster-53ddb375f906007b9492f105,revision_v1_sha256_hex_033,mistral_7b_instruct_v0_3_q4_k_m,segmented_hex_multi_topic,sha256_hex,explain_everyday_system
detector_pair__ee666b0dcecfd8b218ba8fab__rankcloak,1,0.9997941851615906,deberta,leave_one_model__qwen2_5_7b_instruct_q4_k_m,validation,matched_clean_llm,dedup-cluster-53ddb375f906007b9492f105,revision_v1_sha256_hex_033,mistral_7b_instruct_v0_3_q4_k_m,segmented_hex_multi_topic,sha256_hex,explain_everyday_system
detector_pair__ee68930be8678bffc6370239__ordinary_control,0,0.0009291481110267341,deberta,leave_one_model__qwen2_5_7b_instruct_q4_k_m,validation,matched_clean_llm,dedup-cluster-74a6b9f9e3047bf7067f2ba2,revision_v1_aes256_gcm_base64_047,llama3_8b_instruct_q4_k_m,direct_subword_calgacus,aes256_gcm_base64,narrative_small_discovery
detector_pair__ee68930be8678bffc6370239__rankcloak,1,0.999760091304779,deberta,leave_one_model__qwen2_5_7b_instruct_q4_k_m,validation,matched_clean_llm,dedup-cluster-74a6b9f9e3047bf7067f2ba2,revision_v1_aes256_gcm_base64_047,llama3_8b_instruct_q4_k_m,direct_subword_calgacus,aes256_gcm_base64,narrative_small_discovery
detector_pair__eed5baf3c58069a0da307d5c__ordinary_control,0,0.0004544382682070136,deberta,leave_one_model__qwen2_5_7b_instruct_q4_k_m,validation,matched_clean_llm,dedup-cluster-897bd4c0922eb43a17664a25,revision_v1_aes256_gcm_base64_025,mistral_7b_instruct_v0_3_q4_k_m,nonseg_ascii_b8,aes256_gcm_base64,forum_learning_answer
detector_pair__eed5baf3c58069a0da307d5c__rankcloak,1,0.999707043170929,deberta,leave_one_model__qwen2_5_7b_instruct_q4_k_m,validation,matched_clean_llm,dedup-cluster-897bd4c0922eb43a17664a25,revision_v1_aes256_gcm_base64_025,mistral_7b_instruct_v0_3_q4_k_m,nonseg_ascii_b8,aes256_gcm_base64,forum_learning_answer
detector_pair__eef4c4f6663a983c3a612deb__ordinary_control,0,0.0020854948088526726,deberta,leave_one_model__qwen2_5_7b_instruct_q4_k_m,validation,matched_clean_llm,dedup-cluster-631342e4862923cce8d3242b,revision_v1_sha256_hex_029,llama3_8b_instruct_q4_k_m,segmented_hex_multi_topic,sha256_hex,explain_everyday_system
detector_pair__eef4c4f6663a983c3a612deb__rankcloak,1,0.12440485507249832,deberta,leave_one_model__qwen2_5_7b_instruct_q4_k_m,validation,matched_clean_llm,dedup-cluster-631342e4862923cce8d3242b,revision_v1_sha256_hex_029,llama3_8b_instruct_q4_k_m,segmented_hex_multi_topic,sha256_hex,explain_everyday_system
detector_pair__eef76b64015ac87683f2ffa0__ordinary_control,0,0.0010937538463622332,deberta,leave_one_model__qwen2_5_7b_instruct_q4_k_m,validation,matched_clean_llm,dedup-cluster-9f2700a571f51133cc69754b,revision_v1_chacha20_poly1305_base64_019,llama3_8b_instruct_q4_k_m,nonseg_ascii_b8,chacha20_poly1305_base64,professional_project_update
detector_pair__eef76b64015ac87683f2ffa0__rankcloak,1,0.8481096625328064,deberta,leave_one_model__qwen2_5_7b_instruct_q4_k_m,validation,matched_clean_llm,dedup-cluster-9f2700a571f51133cc69754b,revision_v1_chacha20_poly1305_base64_019,llama3_8b_instruct_q4_k_m,nonseg_ascii_b8,chacha20_poly1305_base64,professional_project_update
detector_pair__ef004b9820d46a6954f2a64e__ordinary_control,0,0.0017394662136211991,deberta,leave_one_model__qwen2_5_7b_instruct_q4_k_m,validation,matched_clean_llm,dedup-cluster-064db5ffad9ed683b6e0fdbd,revision_v1_sha256_hex_035,llama3_8b_instruct_q4_k_m,segmented_hex_single_topic,sha256_hex,explain_biological_process
detector_pair__ef004b9820d46a6954f2a64e__rankcloak,1,0.03883529454469681,deberta,leave_one_model__qwen2_5_7b_instruct_q4_k_m,validation,matched_clean_llm,dedup-cluster-064db5ffad9ed683b6e0fdbd,revision_v1_sha256_hex_035,llama3_8b_instruct_q4_k_m,segmented_hex_single_topic,sha256_hex,explain_biological_process
detector_pair__ef4280f9c85ffa3478a335d9__ordinary_control,0,0.003346787067130208,deberta,leave_one_model__qwen2_5_7b_instruct_q4_k_m,validation,matched_clean_llm,dedup-cluster-2e7f1969791ae609498a9082,revision_v1_hmac_sha256_hex_020,llama3_8b_instruct_q4_k_m,segmented_hex_single_topic,hmac_sha256_hex,procedure_home_task
detector_pair__ef4280f9c85ffa3478a335d9__rankcloak,1,0.8702369332313538,deberta,leave_one_model__qwen2_5_7b_instruct_q4_k_m,validation,matched_clean_llm,dedup-cluster-2e7f1969791ae609498a9082,revision_v1_hmac_sha256_hex_020,llama3_8b_instruct_q4_k_m,segmented_hex_single_topic,hmac_sha256_hex,procedure_home_task
detector_pair__ef643aad2f8777a67237e28c__ordinary_control,0,0.0012590428814291954,deberta,leave_one_model__qwen2_5_7b_instruct_q4_k_m,validation,matched_clean_llm,dedup-cluster-4c7d81d9bc771045be64324c,revision_v1_nonce_96_bit_hex_001,llama3_8b_instruct_q4_k_m,direct_subword_calgacus,nonce_96_bit_hex,procedure_garden_task
detector_pair__ef643aad2f8777a67237e28c__rankcloak,1,0.999407172203064,deberta,leave_one_model__qwen2_5_7b_instruct_q4_k_m,validation,matched_clean_llm,dedup-cluster-4c7d81d9bc771045be64324c,revision_v1_nonce_96_bit_hex_001,llama3_8b_instruct_q4_k_m,direct_subword_calgacus,nonce_96_bit_hex,procedure_garden_task
detector_pair__ef6f5b6ebb66aad05ec13806__ordinary_control,0,0.0015564820496365428,deberta,leave_one_model__qwen2_5_7b_instruct_q4_k_m,validation,matched_clean_llm,dedup-cluster-a9a56840e2c7d4a59a486e62,revision_v1_nonce_96_bit_hex_025,mistral_7b_instruct_v0_3_q4_k_m,segmented_hex_single_topic,nonce_96_bit_hex,explain_biological_process
detector_pair__ef6f5b6ebb66aad05ec13806__rankcloak,1,0.9950356483459473,deberta,leave_one_model__qwen2_5_7b_instruct_q4_k_m,validation,matched_clean_llm,dedup-cluster-a9a56840e2c7d4a59a486e62,revision_v1_nonce_96_bit_hex_025,mistral_7b_instruct_v0_3_q4_k_m,segmented_hex_single_topic,nonce_96_bit_hex,explain_biological_process
detector_pair__ef7fd65625fbef8c4cb2f1c3__ordinary_control,0,0.0010025850497186184,deberta,leave_one_model__qwen2_5_7b_instruct_q4_k_m,validation,matched_clean_llm,dedup-cluster-74a6b9f9e3047bf7067f2ba2,revision_v1_aes256_gcm_base64_047,llama3_8b_instruct_q4_k_m,nonseg_ascii_b8,aes256_gcm_base64,narrative_small_discovery
detector_pair__ef7fd65625fbef8c4cb2f1c3__rankcloak,1,0.9939226508140564,deberta,leave_one_model__qwen2_5_7b_instruct_q4_k_m,validation,matched_clean_llm,dedup-cluster-74a6b9f9e3047bf7067f2ba2,revision_v1_aes256_gcm_base64_047,llama3_8b_instruct_q4_k_m,nonseg_ascii_b8,aes256_gcm_base64,narrative_small_discovery
detector_pair__efc62dfeea20fae0a39f07ca__ordinary_control,0,0.0002857213548850268,deberta,leave_one_model__qwen2_5_7b_instruct_q4_k_m,validation,matched_clean_llm,dedup-cluster-cc1d79c541da66daf8e9d81d,revision_v1_chacha20_poly1305_base64_040,mistral_7b_instruct_v0_3_q4_k_m,direct_subword_calgacus,chacha20_poly1305_base64,casual_neighborhood_chat
detector_pair__efc62dfeea20fae0a39f07ca__rankcloak,1,0.9997175335884094,deberta,leave_one_model__qwen2_5_7b_instruct_q4_k_m,validation,matched_clean_llm,dedup-cluster-cc1d79c541da66daf8e9d81d,revision_v1_chacha20_poly1305_base64_040,mistral_7b_instruct_v0_3_q4_k_m,direct_subword_calgacus,chacha20_poly1305_base64,casual_neighborhood_chat
detector_pair__f029ce164a48dca9f178dc37__ordinary_control,0,0.001459808088839054,deberta,leave_one_model__qwen2_5_7b_instruct_q4_k_m,validation,matched_clean_llm,dedup-cluster-064db5ffad9ed683b6e0fdbd,revision_v1_sha256_hex_035,llama3_8b_instruct_q4_k_m,segmented_hex_multi_topic,sha256_hex,explain_biological_process
detector_pair__f029ce164a48dca9f178dc37__rankcloak,1,0.9997346997261047,deberta,leave_one_model__qwen2_5_7b_instruct_q4_k_m,validation,matched_clean_llm,dedup-cluster-064db5ffad9ed683b6e0fdbd,revision_v1_sha256_hex_035,llama3_8b_instruct_q4_k_m,segmented_hex_multi_topic,sha256_hex,explain_biological_process
detector_pair__f03e21b50218c0e0aaecae70__ordinary_control,0,0.0016257269307971,deberta,leave_one_model__qwen2_5_7b_instruct_q4_k_m,validation,matched_clean_llm,dedup-cluster-ead69251c7d45a2f2e36dc76,revision_v1_ed25519_signature_base64_004,mistral_7b_instruct_v0_3_q4_k_m,direct_subword_calgacus,ed25519_signature_base64,professional_project_update
detector_pair__f03e21b50218c0e0aaecae70__rankcloak,1,0.9996634721755981,deberta,leave_one_model__qwen2_5_7b_instruct_q4_k_m,validation,matched_clean_llm,dedup-cluster-ead69251c7d45a2f2e36dc76,revision_v1_ed25519_signature_base64_004,mistral_7b_instruct_v0_3_q4_k_m,direct_subword_calgacus,ed25519_signature_base64,professional_project_update
detector_pair__f06ab885a4d58345b42d0720__ordinary_control,0,0.0007111877202987671,deberta,leave_one_model__qwen2_5_7b_instruct_q4_k_m,validation,matched_clean_llm,dedup-cluster-7b810f2afbcabc7ee462bff7,revision_v1_nonce_96_bit_hex_023,mistral_7b_instruct_v0_3_q4_k_m,nonseg_hex_nibble_b16,nonce_96_bit_hex,procedure_home_task
detector_pair__f06ab885a4d58345b42d0720__rankcloak,1,0.9832725524902344,deberta,leave_one_model__qwen2_5_7b_instruct_q4_k_m,validation,matched_clean_llm,dedup-cluster-7b810f2afbcabc7ee462bff7,revision_v1_nonce_96_bit_hex_023,mistral_7b_instruct_v0_3_q4_k_m,nonseg_hex_nibble_b16,nonce_96_bit_hex,procedure_home_task
detector_pair__f0e602817cddd8dff550d099__ordinary_control,0,0.0005039908573962748,deberta,leave_one_model__qwen2_5_7b_instruct_q4_k_m,validation,matched_clean_llm,dedup-cluster-4f6ab2ce0956867e1b0b1bad,revision_v1_hmac_sha256_hex_043,mistral_7b_instruct_v0_3_q4_k_m,segmented_hex_multi_topic,hmac_sha256_hex,narrative_local_walk
detector_pair__f0e602817cddd8dff550d099__rankcloak,1,0.9997581839561462,deberta,leave_one_model__qwen2_5_7b_instruct_q4_k_m,validation,matched_clean_llm,dedup-cluster-4f6ab2ce0956867e1b0b1bad,revision_v1_hmac_sha256_hex_043,mistral_7b_instruct_v0_3_q4_k_m,segmented_hex_multi_topic,hmac_sha256_hex,narrative_local_walk
detector_pair__f0f2aa7f0b81d36cc8ed93dd__ordinary_control,0,0.0005764985107816756,deberta,leave_one_model__qwen2_5_7b_instruct_q4_k_m,validation,matched_clean_llm,dedup-cluster-32ad4bf593b222d70a8ca962,revision_v1_hmac_sha256_hex_053,mistral_7b_instruct_v0_3_q4_k_m,nonseg_hex_nibble_b16,hmac_sha256_hex,forum_learning_answer
detector_pair__f0f2aa7f0b81d36cc8ed93dd__rankcloak,1,0.9995875954627991,deberta,leave_one_model__qwen2_5_7b_instruct_q4_k_m,validation,matched_clean_llm,dedup-cluster-32ad4bf593b222d70a8ca962,revision_v1_hmac_sha256_hex_053,mistral_7b_instruct_v0_3_q4_k_m,nonseg_hex_nibble_b16,hmac_sha256_hex,forum_learning_answer
detector_pair__f14ed1118783a344d4545b07__ordinary_control,0,0.0006275100749917328,deberta,leave_one_model__qwen2_5_7b_instruct_q4_k_m,validation,matched_clean_llm,dedup-cluster-1d730332b470450b93b8b767,revision_v1_hmac_sha256_hex_006,mistral_7b_instruct_v0_3_q4_k_m,direct_subword_calgacus,hmac_sha256_hex,procedure_home_task
detector_pair__f14ed1118783a344d4545b07__rankcloak,1,0.9994959831237793,deberta,leave_one_model__qwen2_5_7b_instruct_q4_k_m,validation,matched_clean_llm,dedup-cluster-1d730332b470450b93b8b767,revision_v1_hmac_sha256_hex_006,mistral_7b_instruct_v0_3_q4_k_m,direct_subword_calgacus,hmac_sha256_hex,procedure_home_task
detector_pair__f194a1587231e878cd37f3f5__ordinary_control,0,0.0003649284190032631,deberta,leave_one_model__qwen2_5_7b_instruct_q4_k_m,validation,matched_clean_llm,dedup-cluster-e303bfe023e32c25389ebaf9,revision_v1_token_128_bit_hex_057,mistral_7b_instruct_v0_3_q4_k_m,segmented_hex_single_topic,token_128_bit_hex,forum_learning_answer
detector_pair__f194a1587231e878cd37f3f5__rankcloak,1,0.9847024083137512,deberta,leave_one_model__qwen2_5_7b_instruct_q4_k_m,validation,matched_clean_llm,dedup-cluster-e303bfe023e32c25389ebaf9,revision_v1_token_128_bit_hex_057,mistral_7b_instruct_v0_3_q4_k_m,segmented_hex_single_topic,token_128_bit_hex,forum_learning_answer
detector_pair__f19ef044291f86414a82ac7c__ordinary_control,0,0.0012775929644703865,deberta,leave_one_model__qwen2_5_7b_instruct_q4_k_m,validation,matched_clean_llm,dedup-cluster-c1384975805483ef72db522a,revision_v1_uuid_v4_047,llama3_8b_instruct_q4_k_m,nonseg_ascii_b8,uuid_v4,procedure_garden_task
detector_pair__f19ef044291f86414a82ac7c__rankcloak,1,0.9993287324905396,deberta,leave_one_model__qwen2_5_7b_instruct_q4_k_m,validation,matched_clean_llm,dedup-cluster-c1384975805483ef72db522a,revision_v1_uuid_v4_047,llama3_8b_instruct_q4_k_m,nonseg_ascii_b8,uuid_v4,procedure_garden_task
detector_pair__f1d247039f32faab080ba6f4__ordinary_control,0,0.00031264862627722323,deberta,leave_one_model__qwen2_5_7b_instruct_q4_k_m,validation,matched_clean_llm,dedup-cluster-1658921bbd26cede8f32a38a,revision_v1_ed25519_signature_base64_033,mistral_7b_instruct_v0_3_q4_k_m,nonseg_ascii_b8,ed25519_signature_base64,casual_neighborhood_chat
detector_pair__f1d247039f32faab080ba6f4__rankcloak,1,0.9987517595291138,deberta,leave_one_model__qwen2_5_7b_instruct_q4_k_m,validation,matched_clean_llm,dedup-cluster-1658921bbd26cede8f32a38a,revision_v1_ed25519_signature_base64_033,mistral_7b_instruct_v0_3_q4_k_m,nonseg_ascii_b8,ed25519_signature_base64,casual_neighborhood_chat
detector_pair__f36b921083eee39720a54f78__ordinary_control,0,0.0003960532776545733,deberta,leave_one_model__qwen2_5_7b_instruct_q4_k_m,validation,matched_clean_llm,dedup-cluster-edb6b099f1dff5a3bddeca8c,revision_v1_sha256_hex_012,mistral_7b_instruct_v0_3_q4_k_m,segmented_hex_single_topic,sha256_hex,forum_purchase_advice
detector_pair__f36b921083eee39720a54f78__rankcloak,1,0.9997623562812805,deberta,leave_one_model__qwen2_5_7b_instruct_q4_k_m,validation,matched_clean_llm,dedup-cluster-edb6b099f1dff5a3bddeca8c,revision_v1_sha256_hex_012,mistral_7b_instruct_v0_3_q4_k_m,segmented_hex_single_topic,sha256_hex,forum_purchase_advice
detector_pair__f3b6f5cddab12637b49d4fbb__ordinary_control,0,0.0019526630640029907,deberta,leave_one_model__qwen2_5_7b_instruct_q4_k_m,validation,matched_clean_llm,dedup-cluster-a1f09603de61d42b17c60f90,revision_v1_nonce_96_bit_hex_058,mistral_7b_instruct_v0_3_q4_k_m,segmented_hex_single_topic,nonce_96_bit_hex,forum_purchase_advice
detector_pair__f3b6f5cddab12637b49d4fbb__rankcloak,1,0.9989118576049805,deberta,leave_one_model__qwen2_5_7b_instruct_q4_k_m,validation,matched_clean_llm,dedup-cluster-a1f09603de61d42b17c60f90,revision_v1_nonce_96_bit_hex_058,mistral_7b_instruct_v0_3_q4_k_m,segmented_hex_single_topic,nonce_96_bit_hex,forum_purchase_advice
detector_pair__f412a92988c634ad958ba6fd__ordinary_control,0,0.0012004307936877012,deberta,leave_one_model__qwen2_5_7b_instruct_q4_k_m,validation,matched_clean_llm,dedup-cluster-72a697706958756a5d98abe5,revision_v1_aes256_gcm_base64_042,mistral_7b_instruct_v0_3_q4_k_m,nonseg_ascii_b16,aes256_gcm_base64,professional_process_email
detector_pair__f412a92988c634ad958ba6fd__rankcloak,1,0.9997076392173767,deberta,leave_one_model__qwen2_5_7b_instruct_q4_k_m,validation,matched_clean_llm,dedup-cluster-72a697706958756a5d98abe5,revision_v1_aes256_gcm_base64_042,mistral_7b_instruct_v0_3_q4_k_m,nonseg_ascii_b16,aes256_gcm_base64,professional_process_email
detector_pair__f4d6dbe8b0c6d30fe3c0b16e__ordinary_control,0,0.002771443920210004,deberta,leave_one_model__qwen2_5_7b_instruct_q4_k_m,validation,matched_clean_llm,dedup-cluster-3f1509f18c269716bcce76a3,revision_v1_aes256_gcm_base64_050,mistral_7b_instruct_v0_3_q4_k_m,nonseg_ascii_b16,aes256_gcm_base64,procedure_simple_meal
detector_pair__f4d6dbe8b0c6d30fe3c0b16e__rankcloak,1,0.9996138215065002,deberta,leave_one_model__qwen2_5_7b_instruct_q4_k_m,validation,matched_clean_llm,dedup-cluster-3f1509f18c269716bcce76a3,revision_v1_aes256_gcm_base64_050,mistral_7b_instruct_v0_3_q4_k_m,nonseg_ascii_b16,aes256_gcm_base64,procedure_simple_meal
detector_pair__f4f943550b1e30571162a370__ordinary_control,0,0.0016369932563975453,deberta,leave_one_model__qwen2_5_7b_instruct_q4_k_m,validation,matched_clean_llm,dedup-cluster-064db5ffad9ed683b6e0fdbd,revision_v1_sha256_hex_035,llama3_8b_instruct_q4_k_m,nonseg_ascii_b8,sha256_hex,explain_biological_process
detector_pair__f4f943550b1e30571162a370__rankcloak,1,0.9989101886749268,deberta,leave_one_model__qwen2_5_7b_instruct_q4_k_m,validation,matched_clean_llm,dedup-cluster-064db5ffad9ed683b6e0fdbd,revision_v1_sha256_hex_035,llama3_8b_instruct_q4_k_m,nonseg_ascii_b8,sha256_hex,explain_biological_process
detector_pair__f51eef1f68125f8c1e3195ac__ordinary_control,0,0.0032272464595735073,deberta,leave_one_model__qwen2_5_7b_instruct_q4_k_m,validation,matched_clean_llm,dedup-cluster-5650c0ad5d795f7721100b4c,revision_v1_uuid_v4_024,llama3_8b_instruct_q4_k_m,nonseg_ascii_b8,uuid_v4,narrative_learning_moment
detector_pair__f51eef1f68125f8c1e3195ac__rankcloak,1,0.9964459538459778,deberta,leave_one_model__qwen2_5_7b_instruct_q4_k_m,validation,matched_clean_llm,dedup-cluster-5650c0ad5d795f7721100b4c,revision_v1_uuid_v4_024,llama3_8b_instruct_q4_k_m,nonseg_ascii_b8,uuid_v4,narrative_learning_moment
detector_pair__f54eda0c176d8f6313e47294__ordinary_control,0,0.00034410410444252193,deberta,leave_one_model__qwen2_5_7b_instruct_q4_k_m,validation,matched_clean_llm,dedup-cluster-e8b46972e25b5d16f253b139,revision_v1_nonce_96_bit_hex_005,mistral_7b_instruct_v0_3_q4_k_m,nonseg_ascii_b16,nonce_96_bit_hex,procedure_home_task
detector_pair__f54eda0c176d8f6313e47294__rankcloak,1,0.9769757390022278,deberta,leave_one_model__qwen2_5_7b_instruct_q4_k_m,validation,matched_clean_llm,dedup-cluster-e8b46972e25b5d16f253b139,revision_v1_nonce_96_bit_hex_005,mistral_7b_instruct_v0_3_q4_k_m,nonseg_ascii_b16,nonce_96_bit_hex,procedure_home_task
detector_pair__f57cb5d6ad2883ce197ef9cb__ordinary_control,0,0.0005066634621471167,deberta,leave_one_model__qwen2_5_7b_instruct_q4_k_m,validation,matched_clean_llm,dedup-cluster-59f7511f5e7a9e62060c4324,revision_v1_uuid_v4_058,llama3_8b_instruct_q4_k_m,nonseg_ascii_b8,uuid_v4,forum_purchase_advice
detector_pair__f57cb5d6ad2883ce197ef9cb__rankcloak,1,0.9989637136459351,deberta,leave_one_model__qwen2_5_7b_instruct_q4_k_m,validation,matched_clean_llm,dedup-cluster-59f7511f5e7a9e62060c4324,revision_v1_uuid_v4_058,llama3_8b_instruct_q4_k_m,nonseg_ascii_b8,uuid_v4,forum_purchase_advice
detector_pair__f597676c7a9a4b7d6348a729__ordinary_control,0,0.0004325358022470027,deberta,leave_one_model__qwen2_5_7b_instruct_q4_k_m,validation,matched_clean_llm,dedup-cluster-a1f09603de61d42b17c60f90,revision_v1_nonce_96_bit_hex_058,llama3_8b_instruct_q4_k_m,direct_subword_calgacus,nonce_96_bit_hex,casual_neighborhood_chat
detector_pair__f597676c7a9a4b7d6348a729__rankcloak,1,0.9709266424179077,deberta,leave_one_model__qwen2_5_7b_instruct_q4_k_m,validation,matched_clean_llm,dedup-cluster-a1f09603de61d42b17c60f90,revision_v1_nonce_96_bit_hex_058,llama3_8b_instruct_q4_k_m,direct_subword_calgacus,nonce_96_bit_hex,casual_neighborhood_chat
detector_pair__f59922f4683b7ea18b8f028a__ordinary_control,0,0.0008590675424784422,deberta,leave_one_model__qwen2_5_7b_instruct_q4_k_m,validation,matched_clean_llm,dedup-cluster-0401b1baba09fb1c1437ea35,revision_v1_nonce_96_bit_hex_011,llama3_8b_instruct_q4_k_m,segmented_hex_single_topic,nonce_96_bit_hex,professional_project_update
detector_pair__f59922f4683b7ea18b8f028a__rankcloak,1,0.5052295327186584,deberta,leave_one_model__qwen2_5_7b_instruct_q4_k_m,validation,matched_clean_llm,dedup-cluster-0401b1baba09fb1c1437ea35,revision_v1_nonce_96_bit_hex_011,llama3_8b_instruct_q4_k_m,segmented_hex_single_topic,nonce_96_bit_hex,professional_project_update
detector_pair__f5a596b8917706443b53680b__ordinary_control,0,0.0006617882754653692,deberta,leave_one_model__qwen2_5_7b_instruct_q4_k_m,validation,matched_clean_llm,dedup-cluster-a34a1c3f812dbedb8252c73c,revision_v1_ed25519_signature_base64_015,llama3_8b_instruct_q4_k_m,direct_subword_calgacus,ed25519_signature_base64,narrative_small_discovery
detector_pair__f5a596b8917706443b53680b__rankcloak,1,0.9995998740196228,deberta,leave_one_model__qwen2_5_7b_instruct_q4_k_m,validation,matched_clean_llm,dedup-cluster-a34a1c3f812dbedb8252c73c,revision_v1_ed25519_signature_base64_015,llama3_8b_instruct_q4_k_m,direct_subword_calgacus,ed25519_signature_base64,narrative_small_discovery
detector_pair__f5f39f6f495c0ba7bf13a426__ordinary_control,0,0.00034384176251478493,deberta,leave_one_model__qwen2_5_7b_instruct_q4_k_m,validation,matched_clean_llm,dedup-cluster-7b810f2afbcabc7ee462bff7,revision_v1_nonce_96_bit_hex_023,mistral_7b_instruct_v0_3_q4_k_m,segmented_hex_single_topic,nonce_96_bit_hex,procedure_home_task
detector_pair__f5f39f6f495c0ba7bf13a426__rankcloak,1,0.9908389449119568,deberta,leave_one_model__qwen2_5_7b_instruct_q4_k_m,validation,matched_clean_llm,dedup-cluster-7b810f2afbcabc7ee462bff7,revision_v1_nonce_96_bit_hex_023,mistral_7b_instruct_v0_3_q4_k_m,segmented_hex_single_topic,nonce_96_bit_hex,procedure_home_task
detector_pair__f66b5a5b4a4b1737f566a4e9__ordinary_control,0,0.0026831652503460646,deberta,leave_one_model__qwen2_5_7b_instruct_q4_k_m,validation,matched_clean_llm,dedup-cluster-631342e4862923cce8d3242b,revision_v1_sha256_hex_029,mistral_7b_instruct_v0_3_q4_k_m,segmented_hex_multi_topic,sha256_hex,professional_project_update
detector_pair__f66b5a5b4a4b1737f566a4e9__rankcloak,1,0.9653361439704895,deberta,leave_one_model__qwen2_5_7b_instruct_q4_k_m,validation,matched_clean_llm,dedup-cluster-631342e4862923cce8d3242b,revision_v1_sha256_hex_029,mistral_7b_instruct_v0_3_q4_k_m,segmented_hex_multi_topic,sha256_hex,professional_project_update
detector_pair__f68db7ca558af2a8482934ae__ordinary_control,0,0.000861844455357641,deberta,leave_one_model__qwen2_5_7b_instruct_q4_k_m,validation,matched_clean_llm,dedup-cluster-982d753609ba3daf81c7d866,revision_v1_sha256_hex_046,llama3_8b_instruct_q4_k_m,segmented_hex_multi_topic,sha256_hex,narrative_local_walk
detector_pair__f68db7ca558af2a8482934ae__rankcloak,1,0.9957210421562195,deberta,leave_one_model__qwen2_5_7b_instruct_q4_k_m,validation,matched_clean_llm,dedup-cluster-982d753609ba3daf81c7d866,revision_v1_sha256_hex_046,llama3_8b_instruct_q4_k_m,segmented_hex_multi_topic,sha256_hex,narrative_local_walk
detector_pair__f6b1f2f735d3f0be152ae2f9__ordinary_control,0,0.000762377807404846,deberta,leave_one_model__qwen2_5_7b_instruct_q4_k_m,validation,matched_clean_llm,dedup-cluster-c1384975805483ef72db522a,revision_v1_uuid_v4_047,mistral_7b_instruct_v0_3_q4_k_m,direct_subword_calgacus,uuid_v4,explain_everyday_system
detector_pair__f6b1f2f735d3f0be152ae2f9__rankcloak,1,0.9878081679344177,deberta,leave_one_model__qwen2_5_7b_instruct_q4_k_m,validation,matched_clean_llm,dedup-cluster-c1384975805483ef72db522a,revision_v1_uuid_v4_047,mistral_7b_instruct_v0_3_q4_k_m,direct_subword_calgacus,uuid_v4,explain_everyday_system
detector_pair__f6db0a9a4211812412241fc8__ordinary_control,0,0.0009863850427791476,deberta,leave_one_model__qwen2_5_7b_instruct_q4_k_m,validation,matched_clean_llm,dedup-cluster-064db5ffad9ed683b6e0fdbd,revision_v1_sha256_hex_035,llama3_8b_instruct_q4_k_m,segmented_hex_single_topic,sha256_hex,explain_biological_process
detector_pair__f6db0a9a4211812412241fc8__rankcloak,1,0.9997034668922424,deberta,leave_one_model__qwen2_5_7b_instruct_q4_k_m,validation,matched_clean_llm,dedup-cluster-064db5ffad9ed683b6e0fdbd,revision_v1_sha256_hex_035,llama3_8b_instruct_q4_k_m,segmented_hex_single_topic,sha256_hex,explain_biological_process
detector_pair__f6f7c72ed643d7e8086187f7__ordinary_control,0,0.00033710061688907444,deberta,leave_one_model__qwen2_5_7b_instruct_q4_k_m,validation,matched_clean_llm,dedup-cluster-bc86fac7c4db3068f8c80ad3,revision_v1_chacha20_poly1305_base64_048,llama3_8b_instruct_q4_k_m,direct_subword_calgacus,chacha20_poly1305_base64,casual_neighborhood_chat
detector_pair__f6f7c72ed643d7e8086187f7__rankcloak,1,0.999649167060852,deberta,leave_one_model__qwen2_5_7b_instruct_q4_k_m,validation,matched_clean_llm,dedup-cluster-bc86fac7c4db3068f8c80ad3,revision_v1_chacha20_poly1305_base64_048,llama3_8b_instruct_q4_k_m,direct_subword_calgacus,chacha20_poly1305_base64,casual_neighborhood_chat
detector_pair__f726cd727c6956540c846fab__ordinary_control,0,0.0005510426708497107,deberta,leave_one_model__qwen2_5_7b_instruct_q4_k_m,validation,matched_clean_llm,dedup-cluster-48d7da6cd06bde46d05aad3f,revision_v1_sha256_hex_056,mistral_7b_instruct_v0_3_q4_k_m,direct_subword_calgacus,sha256_hex,narrative_learning_moment
detector_pair__f726cd727c6956540c846fab__rankcloak,1,0.9981251358985901,deberta,leave_one_model__qwen2_5_7b_instruct_q4_k_m,validation,matched_clean_llm,dedup-cluster-48d7da6cd06bde46d05aad3f,revision_v1_sha256_hex_056,mistral_7b_instruct_v0_3_q4_k_m,direct_subword_calgacus,sha256_hex,narrative_learning_moment
detector_pair__f73262087d2210baa8b9e0c0__ordinary_control,0,0.0010853186249732971,deberta,leave_one_model__qwen2_5_7b_instruct_q4_k_m,validation,matched_clean_llm,dedup-cluster-a573a5d868303e7f802ba83e,revision_v1_chacha20_poly1305_base64_008,mistral_7b_instruct_v0_3_q4_k_m,direct_subword_calgacus,chacha20_poly1305_base64,narrative_small_discovery
detector_pair__f73262087d2210baa8b9e0c0__rankcloak,1,0.9996751546859741,deberta,leave_one_model__qwen2_5_7b_instruct_q4_k_m,validation,matched_clean_llm,dedup-cluster-a573a5d868303e7f802ba83e,revision_v1_chacha20_poly1305_base64_008,mistral_7b_instruct_v0_3_q4_k_m,direct_subword_calgacus,chacha20_poly1305_base64,narrative_small_discovery
detector_pair__f7508d3bee3505c91d6dac64__ordinary_control,0,0.001495848409831524,deberta,leave_one_model__qwen2_5_7b_instruct_q4_k_m,validation,matched_clean_llm,dedup-cluster-cb374f9ca23dfd168fe55742,revision_v1_hmac_sha256_hex_055,llama3_8b_instruct_q4_k_m,nonseg_ascii_b8,hmac_sha256_hex,forum_purchase_advice
detector_pair__f7508d3bee3505c91d6dac64__rankcloak,1,0.992479681968689,deberta,leave_one_model__qwen2_5_7b_instruct_q4_k_m,validation,matched_clean_llm,dedup-cluster-cb374f9ca23dfd168fe55742,revision_v1_hmac_sha256_hex_055,llama3_8b_instruct_q4_k_m,nonseg_ascii_b8,hmac_sha256_hex,forum_purchase_advice
detector_pair__f7f0d93cbf47dd5f74f88789__ordinary_control,0,0.0005254385760053992,deberta,leave_one_model__qwen2_5_7b_instruct_q4_k_m,validation,matched_clean_llm,dedup-cluster-9e865129af4def1fc2a2442c,revision_v1_ed25519_signature_base64_017,mistral_7b_instruct_v0_3_q4_k_m,nonseg_ascii_b8,ed25519_signature_base64,forum_learning_answer
detector_pair__f7f0d93cbf47dd5f74f88789__rankcloak,1,0.9997064471244812,deberta,leave_one_model__qwen2_5_7b_instruct_q4_k_m,validation,matched_clean_llm,dedup-cluster-9e865129af4def1fc2a2442c,revision_v1_ed25519_signature_base64_017,mistral_7b_instruct_v0_3_q4_k_m,nonseg_ascii_b8,ed25519_signature_base64,forum_learning_answer
detector_pair__f7f321f8a3d04bf099b33b61__ordinary_control,0,0.0012427747715264559,deberta,leave_one_model__qwen2_5_7b_instruct_q4_k_m,validation,matched_clean_llm,dedup-cluster-ead69251c7d45a2f2e36dc76,revision_v1_ed25519_signature_base64_004,llama3_8b_instruct_q4_k_m,nonseg_ascii_b8,ed25519_signature_base64,explain_everyday_system
detector_pair__f7f321f8a3d04bf099b33b61__rankcloak,1,0.9985355138778687,deberta,leave_one_model__qwen2_5_7b_instruct_q4_k_m,validation,matched_clean_llm,dedup-cluster-ead69251c7d45a2f2e36dc76,revision_v1_ed25519_signature_base64_004,llama3_8b_instruct_q4_k_m,nonseg_ascii_b8,ed25519_signature_base64,explain_everyday_system
detector_pair__f7feeec0592a79a4f4a627fe__ordinary_control,0,0.0023033341858536005,deberta,leave_one_model__qwen2_5_7b_instruct_q4_k_m,validation,matched_clean_llm,dedup-cluster-92db4da9195620c7435535fe,revision_v1_ed25519_signature_base64_008,llama3_8b_instruct_q4_k_m,nonseg_ascii_b16,ed25519_signature_base64,procedure_garden_task
detector_pair__f7feeec0592a79a4f4a627fe__rankcloak,1,0.9959047436714172,deberta,leave_one_model__qwen2_5_7b_instruct_q4_k_m,validation,matched_clean_llm,dedup-cluster-92db4da9195620c7435535fe,revision_v1_ed25519_signature_base64_008,llama3_8b_instruct_q4_k_m,nonseg_ascii_b16,ed25519_signature_base64,procedure_garden_task
detector_pair__f836973a93340d1729c00c70__ordinary_control,0,0.000622355961240828,deberta,leave_one_model__qwen2_5_7b_instruct_q4_k_m,validation,matched_clean_llm,dedup-cluster-357353b9c6b8da3922f5c452,revision_v1_ed25519_signature_base64_025,llama3_8b_instruct_q4_k_m,direct_subword_calgacus,ed25519_signature_base64,forum_learning_answer
detector_pair__f836973a93340d1729c00c70__rankcloak,1,0.999769389629364,deberta,leave_one_model__qwen2_5_7b_instruct_q4_k_m,validation,matched_clean_llm,dedup-cluster-357353b9c6b8da3922f5c452,revision_v1_ed25519_signature_base64_025,llama3_8b_instruct_q4_k_m,direct_subword_calgacus,ed25519_signature_base64,forum_learning_answer
detector_pair__f921883003f286e8aaba8417__ordinary_control,0,0.0007696776301600039,deberta,leave_one_model__qwen2_5_7b_instruct_q4_k_m,validation,matched_clean_llm,dedup-cluster-2e7f1969791ae609498a9082,revision_v1_hmac_sha256_hex_020,mistral_7b_instruct_v0_3_q4_k_m,direct_subword_calgacus,hmac_sha256_hex,explain_weather_pattern
detector_pair__f921883003f286e8aaba8417__rankcloak,1,0.99979168176651,deberta,leave_one_model__qwen2_5_7b_instruct_q4_k_m,validation,matched_clean_llm,dedup-cluster-2e7f1969791ae609498a9082,revision_v1_hmac_sha256_hex_020,mistral_7b_instruct_v0_3_q4_k_m,direct_subword_calgacus,hmac_sha256_hex,explain_weather_pattern
detector_pair__f9c2221af38279a1bbde7aef__ordinary_control,0,0.0004015535523649305,deberta,leave_one_model__qwen2_5_7b_instruct_q4_k_m,validation,matched_clean_llm,dedup-cluster-a34a1c3f812dbedb8252c73c,revision_v1_ed25519_signature_base64_015,mistral_7b_instruct_v0_3_q4_k_m,direct_subword_calgacus,ed25519_signature_base64,casual_neighborhood_chat
detector_pair__f9c2221af38279a1bbde7aef__rankcloak,1,0.999672532081604,deberta,leave_one_model__qwen2_5_7b_instruct_q4_k_m,validation,matched_clean_llm,dedup-cluster-a34a1c3f812dbedb8252c73c,revision_v1_ed25519_signature_base64_015,mistral_7b_instruct_v0_3_q4_k_m,direct_subword_calgacus,ed25519_signature_base64,casual_neighborhood_chat
detector_pair__f9f6eda82e983d551ebf2490__ordinary_control,0,0.0007143281400203705,deberta,leave_one_model__qwen2_5_7b_instruct_q4_k_m,validation,matched_clean_llm,dedup-cluster-21724430ac9765521f1234e5,revision_v1_token_128_bit_hex_056,mistral_7b_instruct_v0_3_q4_k_m,segmented_hex_multi_topic,token_128_bit_hex,professional_process_email
detector_pair__f9f6eda82e983d551ebf2490__rankcloak,1,0.981304943561554,deberta,leave_one_model__qwen2_5_7b_instruct_q4_k_m,validation,matched_clean_llm,dedup-cluster-21724430ac9765521f1234e5,revision_v1_token_128_bit_hex_056,mistral_7b_instruct_v0_3_q4_k_m,segmented_hex_multi_topic,token_128_bit_hex,professional_process_email
detector_pair__fa42707b65b55dd1f7331bcf__ordinary_control,0,0.0030537275597453117,deberta,leave_one_model__qwen2_5_7b_instruct_q4_k_m,validation,matched_clean_llm,dedup-cluster-37d4a9d7e9509ca2f58035f8,revision_v1_hmac_sha256_hex_022,mistral_7b_instruct_v0_3_q4_k_m,segmented_hex_single_topic,hmac_sha256_hex,professional_project_update
detector_pair__fa42707b65b55dd1f7331bcf__rankcloak,1,0.9974609613418579,deberta,leave_one_model__qwen2_5_7b_instruct_q4_k_m,validation,matched_clean_llm,dedup-cluster-37d4a9d7e9509ca2f58035f8,revision_v1_hmac_sha256_hex_022,mistral_7b_instruct_v0_3_q4_k_m,segmented_hex_single_topic,hmac_sha256_hex,professional_project_update
detector_pair__fb1cf05c0c052fe50f626a35__ordinary_control,0,0.0012819457333534956,deberta,leave_one_model__qwen2_5_7b_instruct_q4_k_m,validation,matched_clean_llm,dedup-cluster-4f6ab2ce0956867e1b0b1bad,revision_v1_hmac_sha256_hex_043,llama3_8b_instruct_q4_k_m,segmented_hex_single_topic,hmac_sha256_hex,forum_learning_answer
detector_pair__fb1cf05c0c052fe50f626a35__rankcloak,1,0.7863743901252747,deberta,leave_one_model__qwen2_5_7b_instruct_q4_k_m,validation,matched_clean_llm,dedup-cluster-4f6ab2ce0956867e1b0b1bad,revision_v1_hmac_sha256_hex_043,llama3_8b_instruct_q4_k_m,segmented_hex_single_topic,hmac_sha256_hex,forum_learning_answer
detector_pair__fb9ee974561c7b5e5b94ae63__ordinary_control,0,0.0021344462875276804,deberta,leave_one_model__qwen2_5_7b_instruct_q4_k_m,validation,matched_clean_llm,dedup-cluster-1d730332b470450b93b8b767,revision_v1_hmac_sha256_hex_006,mistral_7b_instruct_v0_3_q4_k_m,segmented_hex_multi_topic,hmac_sha256_hex,procedure_home_task
detector_pair__fb9ee974561c7b5e5b94ae63__rankcloak,1,0.9726324677467346,deberta,leave_one_model__qwen2_5_7b_instruct_q4_k_m,validation,matched_clean_llm,dedup-cluster-1d730332b470450b93b8b767,revision_v1_hmac_sha256_hex_006,mistral_7b_instruct_v0_3_q4_k_m,segmented_hex_multi_topic,hmac_sha256_hex,procedure_home_task
detector_pair__fbf3813702f2d02ec8fe05cb__ordinary_control,0,0.002037683269008994,deberta,leave_one_model__qwen2_5_7b_instruct_q4_k_m,validation,matched_clean_llm,dedup-cluster-c588a294c6263bec1e8ad56d,revision_v1_token_128_bit_hex_054,mistral_7b_instruct_v0_3_q4_k_m,segmented_hex_multi_topic,token_128_bit_hex,explain_biological_process
detector_pair__fbf3813702f2d02ec8fe05cb__rankcloak,1,0.8775345087051392,deberta,leave_one_model__qwen2_5_7b_instruct_q4_k_m,validation,matched_clean_llm,dedup-cluster-c588a294c6263bec1e8ad56d,revision_v1_token_128_bit_hex_054,mistral_7b_instruct_v0_3_q4_k_m,segmented_hex_multi_topic,token_128_bit_hex,explain_biological_process
detector_pair__fc0d192164cda7142934777f__ordinary_control,0,0.0005113246734254062,deberta,leave_one_model__qwen2_5_7b_instruct_q4_k_m,validation,matched_clean_llm,dedup-cluster-cb374f9ca23dfd168fe55742,revision_v1_hmac_sha256_hex_055,mistral_7b_instruct_v0_3_q4_k_m,segmented_hex_multi_topic,hmac_sha256_hex,narrative_small_discovery
detector_pair__fc0d192164cda7142934777f__rankcloak,1,0.9997598528862,deberta,leave_one_model__qwen2_5_7b_instruct_q4_k_m,validation,matched_clean_llm,dedup-cluster-cb374f9ca23dfd168fe55742,revision_v1_hmac_sha256_hex_055,mistral_7b_instruct_v0_3_q4_k_m,segmented_hex_multi_topic,hmac_sha256_hex,narrative_small_discovery
detector_pair__fc5abd37d646a1ea6e0da078__ordinary_control,0,0.0009285034029744565,deberta,leave_one_model__qwen2_5_7b_instruct_q4_k_m,validation,matched_clean_llm,dedup-cluster-6ace02c4c66fff411127a281,revision_v1_token_128_bit_hex_012,llama3_8b_instruct_q4_k_m,segmented_hex_single_topic,token_128_bit_hex,procedure_garden_task
detector_pair__fc5abd37d646a1ea6e0da078__rankcloak,1,0.9890116453170776,deberta,leave_one_model__qwen2_5_7b_instruct_q4_k_m,validation,matched_clean_llm,dedup-cluster-6ace02c4c66fff411127a281,revision_v1_token_128_bit_hex_012,llama3_8b_instruct_q4_k_m,segmented_hex_single_topic,token_128_bit_hex,procedure_garden_task
detector_pair__fc8b54a72cc99d9e11b9438b__ordinary_control,0,0.0003666837583296001,deberta,leave_one_model__qwen2_5_7b_instruct_q4_k_m,validation,matched_clean_llm,dedup-cluster-631342e4862923cce8d3242b,revision_v1_sha256_hex_029,mistral_7b_instruct_v0_3_q4_k_m,segmented_hex_single_topic,sha256_hex,professional_project_update
detector_pair__fc8b54a72cc99d9e11b9438b__rankcloak,1,0.9976438879966736,deberta,leave_one_model__qwen2_5_7b_instruct_q4_k_m,validation,matched_clean_llm,dedup-cluster-631342e4862923cce8d3242b,revision_v1_sha256_hex_029,mistral_7b_instruct_v0_3_q4_k_m,segmented_hex_single_topic,sha256_hex,professional_project_update
detector_pair__fccc0e344c5759978bbb8798__ordinary_control,0,0.0007434654980897903,deberta,leave_one_model__qwen2_5_7b_instruct_q4_k_m,validation,matched_clean_llm,dedup-cluster-982d753609ba3daf81c7d866,revision_v1_sha256_hex_046,llama3_8b_instruct_q4_k_m,nonseg_hex_nibble_b16,sha256_hex,narrative_local_walk
detector_pair__fccc0e344c5759978bbb8798__rankcloak,1,0.9991223216056824,deberta,leave_one_model__qwen2_5_7b_instruct_q4_k_m,validation,matched_clean_llm,dedup-cluster-982d753609ba3daf81c7d866,revision_v1_sha256_hex_046,llama3_8b_instruct_q4_k_m,nonseg_hex_nibble_b16,sha256_hex,narrative_local_walk
detector_pair__fcfe4b4db63fc8bca83a9f27__ordinary_control,0,0.0033595978748053312,deberta,leave_one_model__qwen2_5_7b_instruct_q4_k_m,validation,matched_clean_llm,dedup-cluster-53ddb375f906007b9492f105,revision_v1_sha256_hex_033,llama3_8b_instruct_q4_k_m,segmented_hex_single_topic,sha256_hex,procedure_garden_task
detector_pair__fcfe4b4db63fc8bca83a9f27__rankcloak,1,0.996575653553009,deberta,leave_one_model__qwen2_5_7b_instruct_q4_k_m,validation,matched_clean_llm,dedup-cluster-53ddb375f906007b9492f105,revision_v1_sha256_hex_033,llama3_8b_instruct_q4_k_m,segmented_hex_single_topic,sha256_hex,procedure_garden_task
detector_pair__fd7678f6479a973840885aa6__ordinary_control,0,0.0008967154426500201,deberta,leave_one_model__qwen2_5_7b_instruct_q4_k_m,validation,matched_clean_llm,dedup-cluster-729f0f62c71d15bb8d8f7eff,revision_v1_token_128_bit_hex_004,llama3_8b_instruct_q4_k_m,segmented_hex_single_topic,token_128_bit_hex,professional_project_update
detector_pair__fd7678f6479a973840885aa6__rankcloak,1,0.9826510548591614,deberta,leave_one_model__qwen2_5_7b_instruct_q4_k_m,validation,matched_clean_llm,dedup-cluster-729f0f62c71d15bb8d8f7eff,revision_v1_token_128_bit_hex_004,llama3_8b_instruct_q4_k_m,segmented_hex_single_topic,token_128_bit_hex,professional_project_update
detector_pair__fe47bc9e6712bd17dd8f9dd9__ordinary_control,0,0.0006722313701175153,deberta,leave_one_model__qwen2_5_7b_instruct_q4_k_m,validation,matched_clean_llm,dedup-cluster-d80c78b75330766130b70bf5,revision_v1_hmac_sha256_hex_030,llama3_8b_instruct_q4_k_m,segmented_hex_multi_topic,hmac_sha256_hex,professional_project_update
detector_pair__fe47bc9e6712bd17dd8f9dd9__rankcloak,1,0.999783456325531,deberta,leave_one_model__qwen2_5_7b_instruct_q4_k_m,validation,matched_clean_llm,dedup-cluster-d80c78b75330766130b70bf5,revision_v1_hmac_sha256_hex_030,llama3_8b_instruct_q4_k_m,segmented_hex_multi_topic,hmac_sha256_hex,professional_project_update
detector_pair__fe77dcba4f7957f8af66fafc__ordinary_control,0,0.0006435479153878987,deberta,leave_one_model__qwen2_5_7b_instruct_q4_k_m,validation,matched_clean_llm,dedup-cluster-68e08a4fc96aff3403abad93,revision_v1_nonce_96_bit_hex_031,llama3_8b_instruct_q4_k_m,segmented_hex_single_topic,nonce_96_bit_hex,procedure_home_task
detector_pair__fe77dcba4f7957f8af66fafc__rankcloak,1,0.9616132378578186,deberta,leave_one_model__qwen2_5_7b_instruct_q4_k_m,validation,matched_clean_llm,dedup-cluster-68e08a4fc96aff3403abad93,revision_v1_nonce_96_bit_hex_031,llama3_8b_instruct_q4_k_m,segmented_hex_single_topic,nonce_96_bit_hex,procedure_home_task
detector_pair__feb8ccc459187a0c9394756f__ordinary_control,0,0.0006403020233847201,deberta,leave_one_model__qwen2_5_7b_instruct_q4_k_m,validation,matched_clean_llm,dedup-cluster-1a58c45e1a5617daccb29f6e,revision_v1_aes256_gcm_base64_035,llama3_8b_instruct_q4_k_m,nonseg_ascii_b8,aes256_gcm_base64,narrative_local_walk
detector_pair__feb8ccc459187a0c9394756f__rankcloak,1,0.9990077614784241,deberta,leave_one_model__qwen2_5_7b_instruct_q4_k_m,validation,matched_clean_llm,dedup-cluster-1a58c45e1a5617daccb29f6e,revision_v1_aes256_gcm_base64_035,llama3_8b_instruct_q4_k_m,nonseg_ascii_b8,aes256_gcm_base64,narrative_local_walk
detector_pair__febb6dbd342ee295918ec971__ordinary_control,0,0.0029945536516606808,deberta,leave_one_model__qwen2_5_7b_instruct_q4_k_m,validation,matched_clean_llm,dedup-cluster-895f397b7b83bd34e4862c58,revision_v1_chacha20_poly1305_base64_033,llama3_8b_instruct_q4_k_m,nonseg_ascii_b8,chacha20_poly1305_base64,procedure_garden_task
detector_pair__febb6dbd342ee295918ec971__rankcloak,1,0.999349057674408,deberta,leave_one_model__qwen2_5_7b_instruct_q4_k_m,validation,matched_clean_llm,dedup-cluster-895f397b7b83bd34e4862c58,revision_v1_chacha20_poly1305_base64_033,llama3_8b_instruct_q4_k_m,nonseg_ascii_b8,chacha20_poly1305_base64,procedure_garden_task
detector_pair__fed0a40131d63efb45f4db99__ordinary_control,0,0.00038516297354362905,deberta,leave_one_model__qwen2_5_7b_instruct_q4_k_m,validation,matched_clean_llm,dedup-cluster-6ace02c4c66fff411127a281,revision_v1_token_128_bit_hex_012,mistral_7b_instruct_v0_3_q4_k_m,segmented_hex_multi_topic,token_128_bit_hex,explain_everyday_system
detector_pair__fed0a40131d63efb45f4db99__rankcloak,1,0.9994394183158875,deberta,leave_one_model__qwen2_5_7b_instruct_q4_k_m,validation,matched_clean_llm,dedup-cluster-6ace02c4c66fff411127a281,revision_v1_token_128_bit_hex_012,mistral_7b_instruct_v0_3_q4_k_m,segmented_hex_multi_topic,token_128_bit_hex,explain_everyday_system
detector_pair__feee3b297a579bfd6d36300a__ordinary_control,0,0.0013725379249081016,deberta,leave_one_model__qwen2_5_7b_instruct_q4_k_m,validation,matched_clean_llm,dedup-cluster-d80c78b75330766130b70bf5,revision_v1_hmac_sha256_hex_030,mistral_7b_instruct_v0_3_q4_k_m,segmented_hex_multi_topic,hmac_sha256_hex,procedure_garden_task
detector_pair__feee3b297a579bfd6d36300a__rankcloak,1,0.9925204515457153,deberta,leave_one_model__qwen2_5_7b_instruct_q4_k_m,validation,matched_clean_llm,dedup-cluster-d80c78b75330766130b70bf5,revision_v1_hmac_sha256_hex_030,mistral_7b_instruct_v0_3_q4_k_m,segmented_hex_multi_topic,hmac_sha256_hex,procedure_garden_task
detector_pair__ffbcb3cca1ae88ff2bf0e111__ordinary_control,0,0.006460465025156736,deberta,leave_one_model__qwen2_5_7b_instruct_q4_k_m,validation,matched_clean_llm,dedup-cluster-3f1509f18c269716bcce76a3,revision_v1_aes256_gcm_base64_050,mistral_7b_instruct_v0_3_q4_k_m,direct_subword_calgacus,aes256_gcm_base64,procedure_simple_meal
detector_pair__ffbcb3cca1ae88ff2bf0e111__rankcloak,1,0.9997742772102356,deberta,leave_one_model__qwen2_5_7b_instruct_q4_k_m,validation,matched_clean_llm,dedup-cluster-3f1509f18c269716bcce76a3,revision_v1_aes256_gcm_base64_050,mistral_7b_instruct_v0_3_q4_k_m,direct_subword_calgacus,aes256_gcm_base64,procedure_simple_meal
detector_pair__fffd581d44050ff0cf01e30d__ordinary_control,0,0.00044827692909166217,deberta,leave_one_model__qwen2_5_7b_instruct_q4_k_m,validation,matched_clean_llm,dedup-cluster-54d0f843ac4646811be4dfd1,revision_v1_sha256_hex_000,mistral_7b_instruct_v0_3_q4_k_m,nonseg_hex_nibble_b16,sha256_hex,forum_learning_answer
detector_pair__fffd581d44050ff0cf01e30d__rankcloak,1,0.9986349940299988,deberta,leave_one_model__qwen2_5_7b_instruct_q4_k_m,validation,matched_clean_llm,dedup-cluster-54d0f843ac4646811be4dfd1,revision_v1_sha256_hex_000,mistral_7b_instruct_v0_3_q4_k_m,nonseg_hex_nibble_b16,sha256_hex,forum_learning_answer
detector_pair__00305873d0c1929ff856244f__ordinary_control,0,0.0007805314962752163,deberta,leave_one_model__qwen2_5_7b_instruct_q4_k_m,test,matched_clean_llm,dedup-cluster-a66afc9b25c5890a041c104a,revision_v1_ed25519_signature_base64_011,qwen2_5_7b_instruct_q4_k_m,nonseg_ascii_b16,ed25519_signature_base64,professional_project_update
detector_pair__00305873d0c1929ff856244f__rankcloak,1,0.986258864402771,deberta,leave_one_model__qwen2_5_7b_instruct_q4_k_m,test,matched_clean_llm,dedup-cluster-a66afc9b25c5890a041c104a,revision_v1_ed25519_signature_base64_011,qwen2_5_7b_instruct_q4_k_m,nonseg_ascii_b16,ed25519_signature_base64,professional_project_update
detector_pair__00d24255f6d3a9f4c591bc9e__ordinary_control,0,0.0009107526275329292,deberta,leave_one_model__qwen2_5_7b_instruct_q4_k_m,test,matched_clean_llm,dedup-cluster-a0ec330801b891c994a313b8,revision_v1_hmac_sha256_hex_057,qwen2_5_7b_instruct_q4_k_m,segmented_hex_single_topic,hmac_sha256_hex,explain_biological_process
detector_pair__00d24255f6d3a9f4c591bc9e__rankcloak,1,0.9998111128807068,deberta,leave_one_model__qwen2_5_7b_instruct_q4_k_m,test,matched_clean_llm,dedup-cluster-a0ec330801b891c994a313b8,revision_v1_hmac_sha256_hex_057,qwen2_5_7b_instruct_q4_k_m,segmented_hex_single_topic,hmac_sha256_hex,explain_biological_process
detector_pair__00fc763f2d7c2c50e5dbdc39__ordinary_control,0,0.0005953559884801507,deberta,leave_one_model__qwen2_5_7b_instruct_q4_k_m,test,matched_clean_llm,dedup-cluster-9f10381b863e019fc6de8b74,revision_v1_uuid_v4_011,qwen2_5_7b_instruct_q4_k_m,direct_subword_calgacus,uuid_v4,narrative_small_discovery
detector_pair__00fc763f2d7c2c50e5dbdc39__rankcloak,1,0.8302837014198303,deberta,leave_one_model__qwen2_5_7b_instruct_q4_k_m,test,matched_clean_llm,dedup-cluster-9f10381b863e019fc6de8b74,revision_v1_uuid_v4_011,qwen2_5_7b_instruct_q4_k_m,direct_subword_calgacus,uuid_v4,narrative_small_discovery
detector_pair__0138ce5723eec224b20ee2b1__ordinary_control,0,0.00039832809125073254,deberta,leave_one_model__qwen2_5_7b_instruct_q4_k_m,test,matched_clean_llm,dedup-cluster-c3dca9a9298a213ff99b5c53,revision_v1_sha256_hex_017,qwen2_5_7b_instruct_q4_k_m,segmented_hex_multi_topic,sha256_hex,casual_weekend_chat
detector_pair__0138ce5723eec224b20ee2b1__rankcloak,1,0.9997804760932922,deberta,leave_one_model__qwen2_5_7b_instruct_q4_k_m,test,matched_clean_llm,dedup-cluster-c3dca9a9298a213ff99b5c53,revision_v1_sha256_hex_017,qwen2_5_7b_instruct_q4_k_m,segmented_hex_multi_topic,sha256_hex,casual_weekend_chat
detector_pair__019a6da6b4a86a5ed12c8e72__ordinary_control,0,0.0005192465032450855,deberta,leave_one_model__qwen2_5_7b_instruct_q4_k_m,test,matched_clean_llm,dedup-cluster-cd5aaecb05ff01717fe8ab2b,revision_v1_uuid_v4_025,qwen2_5_7b_instruct_q4_k_m,nonseg_ascii_b16,uuid_v4,casual_weekend_chat
detector_pair__019a6da6b4a86a5ed12c8e72__rankcloak,1,0.997930645942688,deberta,leave_one_model__qwen2_5_7b_instruct_q4_k_m,test,matched_clean_llm,dedup-cluster-cd5aaecb05ff01717fe8ab2b,revision_v1_uuid_v4_025,qwen2_5_7b_instruct_q4_k_m,nonseg_ascii_b16,uuid_v4,casual_weekend_chat
detector_pair__020352c15281d8fa66e8b1a4__ordinary_control,0,0.0008285637595690787,deberta,leave_one_model__qwen2_5_7b_instruct_q4_k_m,test,matched_clean_llm,dedup-cluster-0a09c663faa5a6e644901d76,revision_v1_sha256_hex_016,qwen2_5_7b_instruct_q4_k_m,segmented_hex_single_topic,sha256_hex,explain_weather_pattern
detector_pair__020352c15281d8fa66e8b1a4__rankcloak,1,0.9185585379600525,deberta,leave_one_model__qwen2_5_7b_instruct_q4_k_m,test,matched_clean_llm,dedup-cluster-0a09c663faa5a6e644901d76,revision_v1_sha256_hex_016,qwen2_5_7b_instruct_q4_k_m,segmented_hex_single_topic,sha256_hex,explain_weather_pattern
detector_pair__028101428a3190dc96f185d8__ordinary_control,0,0.0010189363965764642,deberta,leave_one_model__qwen2_5_7b_instruct_q4_k_m,test,matched_clean_llm,dedup-cluster-47ad0bb4bd74bdd2b73605ec,revision_v1_ed25519_signature_base64_002,qwen2_5_7b_instruct_q4_k_m,nonseg_ascii_b8,ed25519_signature_base64,narrative_learning_moment
detector_pair__028101428a3190dc96f185d8__rankcloak,1,0.7195301651954651,deberta,leave_one_model__qwen2_5_7b_instruct_q4_k_m,test,matched_clean_llm,dedup-cluster-47ad0bb4bd74bdd2b73605ec,revision_v1_ed25519_signature_base64_002,qwen2_5_7b_instruct_q4_k_m,nonseg_ascii_b8,ed25519_signature_base64,narrative_learning_moment
detector_pair__028b62fb872f5609bf6ba3f1__ordinary_control,0,0.0004132309986744076,deberta,leave_one_model__qwen2_5_7b_instruct_q4_k_m,test,matched_clean_llm,dedup-cluster-00190ab339967308d13aeb9a,revision_v1_token_128_bit_hex_037,qwen2_5_7b_instruct_q4_k_m,direct_subword_calgacus,token_128_bit_hex,explain_everyday_system
detector_pair__028b62fb872f5609bf6ba3f1__rankcloak,1,0.8851754665374756,deberta,leave_one_model__qwen2_5_7b_instruct_q4_k_m,test,matched_clean_llm,dedup-cluster-00190ab339967308d13aeb9a,revision_v1_token_128_bit_hex_037,qwen2_5_7b_instruct_q4_k_m,direct_subword_calgacus,token_128_bit_hex,explain_everyday_system
detector_pair__02d4eeb23d34364bb9fcdd4c__ordinary_control,0,0.0006008355412632227,deberta,leave_one_model__qwen2_5_7b_instruct_q4_k_m,test,matched_clean_llm,dedup-cluster-1e85096517059ca2585e10f1,revision_v1_nonce_96_bit_hex_044,qwen2_5_7b_instruct_q4_k_m,direct_subword_calgacus,nonce_96_bit_hex,explain_everyday_system
detector_pair__02d4eeb23d34364bb9fcdd4c__rankcloak,1,0.9906206130981445,deberta,leave_one_model__qwen2_5_7b_instruct_q4_k_m,test,matched_clean_llm,dedup-cluster-1e85096517059ca2585e10f1,revision_v1_nonce_96_bit_hex_044,qwen2_5_7b_instruct_q4_k_m,direct_subword_calgacus,nonce_96_bit_hex,explain_everyday_system
detector_pair__02ff98801a71845a0b2a43f6__ordinary_control,0,0.0003777066885959357,deberta,leave_one_model__qwen2_5_7b_instruct_q4_k_m,test,matched_clean_llm,dedup-cluster-07152d65b441d025c2de854b,revision_v1_nonce_96_bit_hex_030,qwen2_5_7b_instruct_q4_k_m,segmented_hex_single_topic,nonce_96_bit_hex,procedure_garden_task
detector_pair__02ff98801a71845a0b2a43f6__rankcloak,1,0.9812986254692078,deberta,leave_one_model__qwen2_5_7b_instruct_q4_k_m,test,matched_clean_llm,dedup-cluster-07152d65b441d025c2de854b,revision_v1_nonce_96_bit_hex_030,qwen2_5_7b_instruct_q4_k_m,segmented_hex_single_topic,nonce_96_bit_hex,procedure_garden_task
detector_pair__04b2e2ba25cd226ce854fc34__ordinary_control,0,0.0008354134042747319,deberta,leave_one_model__qwen2_5_7b_instruct_q4_k_m,test,matched_clean_llm,dedup-cluster-f89833150d03922e848a8e4d,revision_v1_ed25519_signature_base64_026,qwen2_5_7b_instruct_q4_k_m,direct_subword_calgacus,ed25519_signature_base64,narrative_small_discovery
detector_pair__04b2e2ba25cd226ce854fc34__rankcloak,1,0.9997394680976868,deberta,leave_one_model__qwen2_5_7b_instruct_q4_k_m,test,matched_clean_llm,dedup-cluster-f89833150d03922e848a8e4d,revision_v1_ed25519_signature_base64_026,qwen2_5_7b_instruct_q4_k_m,direct_subword_calgacus,ed25519_signature_base64,narrative_small_discovery
detector_pair__04bb5d0f6e3cd023c35c0f5b__ordinary_control,0,0.000466952653368935,deberta,leave_one_model__qwen2_5_7b_instruct_q4_k_m,test,matched_clean_llm,dedup-cluster-00190ab339967308d13aeb9a,revision_v1_token_128_bit_hex_037,qwen2_5_7b_instruct_q4_k_m,nonseg_ascii_b16,token_128_bit_hex,explain_everyday_system
detector_pair__04bb5d0f6e3cd023c35c0f5b__rankcloak,1,0.8549390435218811,deberta,leave_one_model__qwen2_5_7b_instruct_q4_k_m,test,matched_clean_llm,dedup-cluster-00190ab339967308d13aeb9a,revision_v1_token_128_bit_hex_037,qwen2_5_7b_instruct_q4_k_m,nonseg_ascii_b16,token_128_bit_hex,explain_everyday_system
detector_pair__050cfcb30eb87b525b0473e0__ordinary_control,0,0.002388689434155822,deberta,leave_one_model__qwen2_5_7b_instruct_q4_k_m,test,matched_clean_llm,dedup-cluster-83b5ef276b5071a7412eb272,revision_v1_token_128_bit_hex_001,qwen2_5_7b_instruct_q4_k_m,segmented_hex_multi_topic,token_128_bit_hex,explain_everyday_system
detector_pair__050cfcb30eb87b525b0473e0__rankcloak,1,0.9997426867485046,deberta,leave_one_model__qwen2_5_7b_instruct_q4_k_m,test,matched_clean_llm,dedup-cluster-83b5ef276b5071a7412eb272,revision_v1_token_128_bit_hex_001,qwen2_5_7b_instruct_q4_k_m,segmented_hex_multi_topic,token_128_bit_hex,explain_everyday_system
detector_pair__0669e8dd8aeee2ca50356e37__ordinary_control,0,0.0005053291679359972,deberta,leave_one_model__qwen2_5_7b_instruct_q4_k_m,test,matched_clean_llm,dedup-cluster-fd9e19480ac45dd31145b893,revision_v1_hmac_sha256_hex_008,qwen2_5_7b_instruct_q4_k_m,segmented_hex_multi_topic,hmac_sha256_hex,narrative_small_discovery
detector_pair__0669e8dd8aeee2ca50356e37__rankcloak,1,0.9998113512992859,deberta,leave_one_model__qwen2_5_7b_instruct_q4_k_m,test,matched_clean_llm,dedup-cluster-fd9e19480ac45dd31145b893,revision_v1_hmac_sha256_hex_008,qwen2_5_7b_instruct_q4_k_m,segmented_hex_multi_topic,hmac_sha256_hex,narrative_small_discovery
detector_pair__06cac37fb5649ab1fc794c43__ordinary_control,0,0.000423341611167416,deberta,leave_one_model__qwen2_5_7b_instruct_q4_k_m,test,matched_clean_llm,dedup-cluster-fd9e19480ac45dd31145b893,revision_v1_hmac_sha256_hex_008,qwen2_5_7b_instruct_q4_k_m,direct_subword_calgacus,hmac_sha256_hex,narrative_small_discovery
detector_pair__06cac37fb5649ab1fc794c43__rankcloak,1,0.9997406601905823,deberta,leave_one_model__qwen2_5_7b_instruct_q4_k_m,test,matched_clean_llm,dedup-cluster-fd9e19480ac45dd31145b893,revision_v1_hmac_sha256_hex_008,qwen2_5_7b_instruct_q4_k_m,direct_subword_calgacus,hmac_sha256_hex,narrative_small_discovery
detector_pair__071911bb00e46a6ea0f23d8b__ordinary_control,0,0.00047904878738336265,deberta,leave_one_model__qwen2_5_7b_instruct_q4_k_m,test,matched_clean_llm,dedup-cluster-42ce35dd2bcd53cb8fe0bada,revision_v1_token_128_bit_hex_027,qwen2_5_7b_instruct_q4_k_m,direct_subword_calgacus,token_128_bit_hex,professional_process_email
detector_pair__071911bb00e46a6ea0f23d8b__rankcloak,1,0.998435914516449,deberta,leave_one_model__qwen2_5_7b_instruct_q4_k_m,test,matched_clean_llm,dedup-cluster-42ce35dd2bcd53cb8fe0bada,revision_v1_token_128_bit_hex_027,qwen2_5_7b_instruct_q4_k_m,direct_subword_calgacus,token_128_bit_hex,professional_process_email
detector_pair__08d770b12b7faf441682dc54__ordinary_control,0,0.0005090679042041302,deberta,leave_one_model__qwen2_5_7b_instruct_q4_k_m,test,matched_clean_llm,dedup-cluster-c31bf6d242afa63449100919,revision_v1_uuid_v4_015,qwen2_5_7b_instruct_q4_k_m,direct_subword_calgacus,uuid_v4,forum_purchase_advice
detector_pair__08d770b12b7faf441682dc54__rankcloak,1,0.9628086686134338,deberta,leave_one_model__qwen2_5_7b_instruct_q4_k_m,test,matched_clean_llm,dedup-cluster-c31bf6d242afa63449100919,revision_v1_uuid_v4_015,qwen2_5_7b_instruct_q4_k_m,direct_subword_calgacus,uuid_v4,forum_purchase_advice
detector_pair__08f328c0be6850e3e667daa3__ordinary_control,0,0.00035415193997323513,deberta,leave_one_model__qwen2_5_7b_instruct_q4_k_m,test,matched_clean_llm,dedup-cluster-d5b4f2b51dfabbdce0cd2fb8,revision_v1_sha256_hex_057,qwen2_5_7b_instruct_q4_k_m,direct_subword_calgacus,sha256_hex,narrative_local_walk
detector_pair__08f328c0be6850e3e667daa3__rankcloak,1,0.9952607750892639,deberta,leave_one_model__qwen2_5_7b_instruct_q4_k_m,test,matched_clean_llm,dedup-cluster-d5b4f2b51dfabbdce0cd2fb8,revision_v1_sha256_hex_057,qwen2_5_7b_instruct_q4_k_m,direct_subword_calgacus,sha256_hex,narrative_local_walk
detector_pair__08f441c4dfb05c004712e4de__ordinary_control,0,0.0023709191009402275,deberta,leave_one_model__qwen2_5_7b_instruct_q4_k_m,test,matched_clean_llm,dedup-cluster-60d0df848b633a552e7a097a,revision_v1_ed25519_signature_base64_007,qwen2_5_7b_instruct_q4_k_m,nonseg_ascii_b16,ed25519_signature_base64,procedure_simple_meal
detector_pair__08f441c4dfb05c004712e4de__rankcloak,1,0.9887946844100952,deberta,leave_one_model__qwen2_5_7b_instruct_q4_k_m,test,matched_clean_llm,dedup-cluster-60d0df848b633a552e7a097a,revision_v1_ed25519_signature_base64_007,qwen2_5_7b_instruct_q4_k_m,nonseg_ascii_b16,ed25519_signature_base64,procedure_simple_meal
detector_pair__09f560b87d8c223c987c500d__ordinary_control,0,0.0016330780927091837,deberta,leave_one_model__qwen2_5_7b_instruct_q4_k_m,test,matched_clean_llm,dedup-cluster-0a53df1782d32b924a429e87,revision_v1_uuid_v4_040,qwen2_5_7b_instruct_q4_k_m,nonseg_ascii_b8,uuid_v4,procedure_garden_task
detector_pair__09f560b87d8c223c987c500d__rankcloak,1,0.6579201221466064,deberta,leave_one_model__qwen2_5_7b_instruct_q4_k_m,test,matched_clean_llm,dedup-cluster-0a53df1782d32b924a429e87,revision_v1_uuid_v4_040,qwen2_5_7b_instruct_q4_k_m,nonseg_ascii_b8,uuid_v4,procedure_garden_task
detector_pair__0a81baee8246b7d7552a43f7__ordinary_control,0,0.001114711631089449,deberta,leave_one_model__qwen2_5_7b_instruct_q4_k_m,test,matched_clean_llm,dedup-cluster-3d7049c126c3e6af15cc5c6b,revision_v1_hmac_sha256_hex_016,qwen2_5_7b_instruct_q4_k_m,segmented_hex_single_topic,hmac_sha256_hex,casual_hobby_chat
detector_pair__0a81baee8246b7d7552a43f7__rankcloak,1,0.9997339844703674,deberta,leave_one_model__qwen2_5_7b_instruct_q4_k_m,test,matched_clean_llm,dedup-cluster-3d7049c126c3e6af15cc5c6b,revision_v1_hmac_sha256_hex_016,qwen2_5_7b_instruct_q4_k_m,segmented_hex_single_topic,hmac_sha256_hex,casual_hobby_chat
detector_pair__0a87cd68b555cb63277ebf42__ordinary_control,0,0.0008670263341628015,deberta,leave_one_model__qwen2_5_7b_instruct_q4_k_m,test,matched_clean_llm,dedup-cluster-92597d293b9374d8f0316f4d,revision_v1_hmac_sha256_hex_031,qwen2_5_7b_instruct_q4_k_m,nonseg_ascii_b8,hmac_sha256_hex,procedure_home_task
detector_pair__0a87cd68b555cb63277ebf42__rankcloak,1,0.9401398301124573,deberta,leave_one_model__qwen2_5_7b_instruct_q4_k_m,test,matched_clean_llm,dedup-cluster-92597d293b9374d8f0316f4d,revision_v1_hmac_sha256_hex_031,qwen2_5_7b_instruct_q4_k_m,nonseg_ascii_b8,hmac_sha256_hex,procedure_home_task
detector_pair__0d272d5b6167132a80ed210d__ordinary_control,0,0.0002617998979985714,deberta,leave_one_model__qwen2_5_7b_instruct_q4_k_m,test,matched_clean_llm,dedup-cluster-0f86d19fbad1d704affd1c2e,revision_v1_aes256_gcm_base64_007,qwen2_5_7b_instruct_q4_k_m,direct_subword_calgacus,aes256_gcm_base64,professional_schedule_note
detector_pair__0d272d5b6167132a80ed210d__rankcloak,1,0.9998146891593933,deberta,leave_one_model__qwen2_5_7b_instruct_q4_k_m,test,matched_clean_llm,dedup-cluster-0f86d19fbad1d704affd1c2e,revision_v1_aes256_gcm_base64_007,qwen2_5_7b_instruct_q4_k_m,direct_subword_calgacus,aes256_gcm_base64,professional_schedule_note
detector_pair__0d8e0e2d7513af9f63949f82__ordinary_control,0,0.0005609326181001961,deberta,leave_one_model__qwen2_5_7b_instruct_q4_k_m,test,matched_clean_llm,dedup-cluster-47ad0bb4bd74bdd2b73605ec,revision_v1_ed25519_signature_base64_002,qwen2_5_7b_instruct_q4_k_m,direct_subword_calgacus,ed25519_signature_base64,narrative_learning_moment
detector_pair__0d8e0e2d7513af9f63949f82__rankcloak,1,0.9997909665107727,deberta,leave_one_model__qwen2_5_7b_instruct_q4_k_m,test,matched_clean_llm,dedup-cluster-47ad0bb4bd74bdd2b73605ec,revision_v1_ed25519_signature_base64_002,qwen2_5_7b_instruct_q4_k_m,direct_subword_calgacus,ed25519_signature_base64,narrative_learning_moment
detector_pair__0d955c8074c3222cb77d7892__ordinary_control,0,0.0006959268357604742,deberta,leave_one_model__qwen2_5_7b_instruct_q4_k_m,test,matched_clean_llm,dedup-cluster-ae9ee8b26103dc75c9112dfb,revision_v1_ed25519_signature_base64_047,qwen2_5_7b_instruct_q4_k_m,nonseg_ascii_b8,ed25519_signature_base64,professional_project_update
detector_pair__0d955c8074c3222cb77d7892__rankcloak,1,0.9498730301856995,deberta,leave_one_model__qwen2_5_7b_instruct_q4_k_m,test,matched_clean_llm,dedup-cluster-ae9ee8b26103dc75c9112dfb,revision_v1_ed25519_signature_base64_047,qwen2_5_7b_instruct_q4_k_m,nonseg_ascii_b8,ed25519_signature_base64,professional_project_update
detector_pair__0db4cf94d7fdc799e3da427b__ordinary_control,0,0.003449039300903678,deberta,leave_one_model__qwen2_5_7b_instruct_q4_k_m,test,matched_clean_llm,dedup-cluster-1e85096517059ca2585e10f1,revision_v1_nonce_96_bit_hex_044,qwen2_5_7b_instruct_q4_k_m,segmented_hex_multi_topic,nonce_96_bit_hex,explain_everyday_system
detector_pair__0db4cf94d7fdc799e3da427b__rankcloak,1,0.9763017296791077,deberta,leave_one_model__qwen2_5_7b_instruct_q4_k_m,test,matched_clean_llm,dedup-cluster-1e85096517059ca2585e10f1,revision_v1_nonce_96_bit_hex_044,qwen2_5_7b_instruct_q4_k_m,segmented_hex_multi_topic,nonce_96_bit_hex,explain_everyday_system
detector_pair__0dc789111f220328de5a7265__ordinary_control,0,0.0009351300541311502,deberta,leave_one_model__qwen2_5_7b_instruct_q4_k_m,test,matched_clean_llm,dedup-cluster-a0ec330801b891c994a313b8,revision_v1_hmac_sha256_hex_057,qwen2_5_7b_instruct_q4_k_m,nonseg_hex_nibble_b16,hmac_sha256_hex,explain_biological_process
detector_pair__0dc789111f220328de5a7265__rankcloak,1,0.9996238946914673,deberta,leave_one_model__qwen2_5_7b_instruct_q4_k_m,test,matched_clean_llm,dedup-cluster-a0ec330801b891c994a313b8,revision_v1_hmac_sha256_hex_057,qwen2_5_7b_instruct_q4_k_m,nonseg_hex_nibble_b16,hmac_sha256_hex,explain_biological_process
detector_pair__0ef84316da1c47080c4716d8__ordinary_control,0,0.0005568271735683084,deberta,leave_one_model__qwen2_5_7b_instruct_q4_k_m,test,matched_clean_llm,dedup-cluster-a7d8804ca4431e2f7d1239fd,revision_v1_aes256_gcm_base64_048,qwen2_5_7b_instruct_q4_k_m,nonseg_ascii_b16,aes256_gcm_base64,casual_neighborhood_chat
detector_pair__0ef84316da1c47080c4716d8__rankcloak,1,0.9835583567619324,deberta,leave_one_model__qwen2_5_7b_instruct_q4_k_m,test,matched_clean_llm,dedup-cluster-a7d8804ca4431e2f7d1239fd,revision_v1_aes256_gcm_base64_048,qwen2_5_7b_instruct_q4_k_m,nonseg_ascii_b16,aes256_gcm_base64,casual_neighborhood_chat
detector_pair__0f58f94379972826d08bb310__ordinary_control,0,0.00035759067395702004,deberta,leave_one_model__qwen2_5_7b_instruct_q4_k_m,test,matched_clean_llm,dedup-cluster-0f86d19fbad1d704affd1c2e,revision_v1_aes256_gcm_base64_007,qwen2_5_7b_instruct_q4_k_m,nonseg_ascii_b8,aes256_gcm_base64,professional_schedule_note
detector_pair__0f58f94379972826d08bb310__rankcloak,1,0.9968420267105103,deberta,leave_one_model__qwen2_5_7b_instruct_q4_k_m,test,matched_clean_llm,dedup-cluster-0f86d19fbad1d704affd1c2e,revision_v1_aes256_gcm_base64_007,qwen2_5_7b_instruct_q4_k_m,nonseg_ascii_b8,aes256_gcm_base64,professional_schedule_note
detector_pair__103394a5049e125468eb4c9f__ordinary_control,0,0.00045518550905399024,deberta,leave_one_model__qwen2_5_7b_instruct_q4_k_m,test,matched_clean_llm,dedup-cluster-f9ad8da8cff8f544eb822985,revision_v1_uuid_v4_056,qwen2_5_7b_instruct_q4_k_m,nonseg_ascii_b16,uuid_v4,professional_process_email
detector_pair__103394a5049e125468eb4c9f__rankcloak,1,0.7446287870407104,deberta,leave_one_model__qwen2_5_7b_instruct_q4_k_m,test,matched_clean_llm,dedup-cluster-f9ad8da8cff8f544eb822985,revision_v1_uuid_v4_056,qwen2_5_7b_instruct_q4_k_m,nonseg_ascii_b16,uuid_v4,professional_process_email
detector_pair__10619abf9ee13f3027000316__ordinary_control,0,0.0005008307052776217,deberta,leave_one_model__qwen2_5_7b_instruct_q4_k_m,test,matched_clean_llm,dedup-cluster-87be1653d2065bc655a96c84,revision_v1_token_128_bit_hex_020,qwen2_5_7b_instruct_q4_k_m,segmented_hex_multi_topic,token_128_bit_hex,casual_hobby_chat
detector_pair__10619abf9ee13f3027000316__rankcloak,1,0.9994971752166748,deberta,leave_one_model__qwen2_5_7b_instruct_q4_k_m,test,matched_clean_llm,dedup-cluster-87be1653d2065bc655a96c84,revision_v1_token_128_bit_hex_020,qwen2_5_7b_instruct_q4_k_m,segmented_hex_multi_topic,token_128_bit_hex,casual_hobby_chat
detector_pair__111e2d5bcc2335f56039b7ff__ordinary_control,0,0.001056643552146852,deberta,leave_one_model__qwen2_5_7b_instruct_q4_k_m,test,matched_clean_llm,dedup-cluster-f8f816ecf1e0e78375afe932,revision_v1_chacha20_poly1305_base64_025,qwen2_5_7b_instruct_q4_k_m,nonseg_ascii_b8,chacha20_poly1305_base64,forum_learning_answer
detector_pair__111e2d5bcc2335f56039b7ff__rankcloak,1,0.9964159727096558,deberta,leave_one_model__qwen2_5_7b_instruct_q4_k_m,test,matched_clean_llm,dedup-cluster-f8f816ecf1e0e78375afe932,revision_v1_chacha20_poly1305_base64_025,qwen2_5_7b_instruct_q4_k_m,nonseg_ascii_b8,chacha20_poly1305_base64,forum_learning_answer
detector_pair__11b6bee5ff8a139e4fc90737__ordinary_control,0,0.0009563075727783144,deberta,leave_one_model__qwen2_5_7b_instruct_q4_k_m,test,matched_clean_llm,dedup-cluster-91605a72859a660f036d538b,revision_v1_sha256_hex_009,qwen2_5_7b_instruct_q4_k_m,segmented_hex_multi_topic,sha256_hex,narrative_learning_moment
detector_pair__11b6bee5ff8a139e4fc90737__rankcloak,1,0.9483728408813477,deberta,leave_one_model__qwen2_5_7b_instruct_q4_k_m,test,matched_clean_llm,dedup-cluster-91605a72859a660f036d538b,revision_v1_sha256_hex_009,qwen2_5_7b_instruct_q4_k_m,segmented_hex_multi_topic,sha256_hex,narrative_learning_moment
detector_pair__12fd53a14683c7204ba8239e__ordinary_control,0,0.00042345866677351296,deberta,leave_one_model__qwen2_5_7b_instruct_q4_k_m,test,matched_clean_llm,dedup-cluster-1a88735e2967b1b509e24d6b,revision_v1_token_128_bit_hex_015,qwen2_5_7b_instruct_q4_k_m,nonseg_hex_nibble_b16,token_128_bit_hex,professional_project_update
detector_pair__12fd53a14683c7204ba8239e__rankcloak,1,0.9316475987434387,deberta,leave_one_model__qwen2_5_7b_instruct_q4_k_m,test,matched_clean_llm,dedup-cluster-1a88735e2967b1b509e24d6b,revision_v1_token_128_bit_hex_015,qwen2_5_7b_instruct_q4_k_m,nonseg_hex_nibble_b16,token_128_bit_hex,professional_project_update
detector_pair__13038401e8b21c3cd8b2e6f2__ordinary_control,0,0.0004928532289341092,deberta,leave_one_model__qwen2_5_7b_instruct_q4_k_m,test,matched_clean_llm,dedup-cluster-f10c8c155e4980c1847c8ddb,revision_v1_uuid_v4_035,qwen2_5_7b_instruct_q4_k_m,nonseg_ascii_b8,uuid_v4,narrative_local_walk
detector_pair__13038401e8b21c3cd8b2e6f2__rankcloak,1,0.9130551218986511,deberta,leave_one_model__qwen2_5_7b_instruct_q4_k_m,test,matched_clean_llm,dedup-cluster-f10c8c155e4980c1847c8ddb,revision_v1_uuid_v4_035,qwen2_5_7b_instruct_q4_k_m,nonseg_ascii_b8,uuid_v4,narrative_local_walk
detector_pair__14292152fb935806391d1aba__ordinary_control,0,0.0005256414297036827,deberta,leave_one_model__qwen2_5_7b_instruct_q4_k_m,test,matched_clean_llm,dedup-cluster-089a5c41a6187c40edeb1a0c,revision_v1_nonce_96_bit_hex_007,qwen2_5_7b_instruct_q4_k_m,direct_subword_calgacus,nonce_96_bit_hex,narrative_local_walk
detector_pair__14292152fb935806391d1aba__rankcloak,1,0.9948610663414001,deberta,leave_one_model__qwen2_5_7b_instruct_q4_k_m,test,matched_clean_llm,dedup-cluster-089a5c41a6187c40edeb1a0c,revision_v1_nonce_96_bit_hex_007,qwen2_5_7b_instruct_q4_k_m,direct_subword_calgacus,nonce_96_bit_hex,narrative_local_walk
detector_pair__147193e1f4ee700adb2eb3dc__ordinary_control,0,0.00043392134830355644,deberta,leave_one_model__qwen2_5_7b_instruct_q4_k_m,test,matched_clean_llm,dedup-cluster-6ff827405e3ec8e1790ca5eb,revision_v1_sha256_hex_051,qwen2_5_7b_instruct_q4_k_m,nonseg_hex_nibble_b16,sha256_hex,narrative_small_discovery
detector_pair__147193e1f4ee700adb2eb3dc__rankcloak,1,0.9982283711433411,deberta,leave_one_model__qwen2_5_7b_instruct_q4_k_m,test,matched_clean_llm,dedup-cluster-6ff827405e3ec8e1790ca5eb,revision_v1_sha256_hex_051,qwen2_5_7b_instruct_q4_k_m,nonseg_hex_nibble_b16,sha256_hex,narrative_small_discovery
detector_pair__147bb6a8f229433be32e7af7__ordinary_control,0,0.0018903464078903198,deberta,leave_one_model__qwen2_5_7b_instruct_q4_k_m,test,matched_clean_llm,dedup-cluster-96b6945d530fbf8a209d06d3,revision_v1_chacha20_poly1305_base64_034,qwen2_5_7b_instruct_q4_k_m,nonseg_ascii_b16,chacha20_poly1305_base64,explain_weather_pattern
detector_pair__147bb6a8f229433be32e7af7__rankcloak,1,0.9923530220985413,deberta,leave_one_model__qwen2_5_7b_instruct_q4_k_m,test,matched_clean_llm,dedup-cluster-96b6945d530fbf8a209d06d3,revision_v1_chacha20_poly1305_base64_034,qwen2_5_7b_instruct_q4_k_m,nonseg_ascii_b16,chacha20_poly1305_base64,explain_weather_pattern
detector_pair__14a6109c9ac12f8d96ab18e0__ordinary_control,0,0.0005208822549320757,deberta,leave_one_model__qwen2_5_7b_instruct_q4_k_m,test,matched_clean_llm,dedup-cluster-607fc29d4914c273292301d6,revision_v1_token_128_bit_hex_052,qwen2_5_7b_instruct_q4_k_m,segmented_hex_single_topic,token_128_bit_hex,forum_practical_answer
detector_pair__14a6109c9ac12f8d96ab18e0__rankcloak,1,0.9996322393417358,deberta,leave_one_model__qwen2_5_7b_instruct_q4_k_m,test,matched_clean_llm,dedup-cluster-607fc29d4914c273292301d6,revision_v1_token_128_bit_hex_052,qwen2_5_7b_instruct_q4_k_m,segmented_hex_single_topic,token_128_bit_hex,forum_practical_answer
detector_pair__1532784bc1e906219ce88e0a__ordinary_control,0,0.0006104008643887937,deberta,leave_one_model__qwen2_5_7b_instruct_q4_k_m,test,matched_clean_llm,dedup-cluster-3835ae9c8d0c8b9133aa0f7c,revision_v1_sha256_hex_014,qwen2_5_7b_instruct_q4_k_m,direct_subword_calgacus,sha256_hex,procedure_simple_meal
detector_pair__1532784bc1e906219ce88e0a__rankcloak,1,0.9998177886009216,deberta,leave_one_model__qwen2_5_7b_instruct_q4_k_m,test,matched_clean_llm,dedup-cluster-3835ae9c8d0c8b9133aa0f7c,revision_v1_sha256_hex_014,qwen2_5_7b_instruct_q4_k_m,direct_subword_calgacus,sha256_hex,procedure_simple_meal
detector_pair__156f92814a82da2e4c12e166__ordinary_control,0,0.00041022722143679857,deberta,leave_one_model__qwen2_5_7b_instruct_q4_k_m,test,matched_clean_llm,dedup-cluster-43af11f5d2e1ab75fc7f8cd0,revision_v1_uuid_v4_037,qwen2_5_7b_instruct_q4_k_m,direct_subword_calgacus,uuid_v4,casual_neighborhood_chat
detector_pair__156f92814a82da2e4c12e166__rankcloak,1,0.8798991441726685,deberta,leave_one_model__qwen2_5_7b_instruct_q4_k_m,test,matched_clean_llm,dedup-cluster-43af11f5d2e1ab75fc7f8cd0,revision_v1_uuid_v4_037,qwen2_5_7b_instruct_q4_k_m,direct_subword_calgacus,uuid_v4,casual_neighborhood_chat
detector_pair__1671052f05093416e95b2b41__ordinary_control,0,0.0005962146096862853,deberta,leave_one_model__qwen2_5_7b_instruct_q4_k_m,test,matched_clean_llm,dedup-cluster-f1630cf66c55bafe664639a5,revision_v1_hmac_sha256_hex_009,qwen2_5_7b_instruct_q4_k_m,segmented_hex_single_topic,hmac_sha256_hex,explain_weather_pattern
detector_pair__1671052f05093416e95b2b41__rankcloak,1,0.9996634721755981,deberta,leave_one_model__qwen2_5_7b_instruct_q4_k_m,test,matched_clean_llm,dedup-cluster-f1630cf66c55bafe664639a5,revision_v1_hmac_sha256_hex_009,qwen2_5_7b_instruct_q4_k_m,segmented_hex_single_topic,hmac_sha256_hex,explain_weather_pattern
detector_pair__1689181db629533374840ac0__ordinary_control,0,0.0009079212322831154,deberta,leave_one_model__qwen2_5_7b_instruct_q4_k_m,test,matched_clean_llm,dedup-cluster-64d1f52c4a9a8a169b1930ca,revision_v1_uuid_v4_018,qwen2_5_7b_instruct_q4_k_m,nonseg_ascii_b16,uuid_v4,explain_biological_process
detector_pair__1689181db629533374840ac0__rankcloak,1,0.9762284159660339,deberta,leave_one_model__qwen2_5_7b_instruct_q4_k_m,test,matched_clean_llm,dedup-cluster-64d1f52c4a9a8a169b1930ca,revision_v1_uuid_v4_018,qwen2_5_7b_instruct_q4_k_m,nonseg_ascii_b16,uuid_v4,explain_biological_process
detector_pair__1691e5d621d7d64c3612be56__ordinary_control,0,0.0003781986888498068,deberta,leave_one_model__qwen2_5_7b_instruct_q4_k_m,test,matched_clean_llm,dedup-cluster-80b481e94169d611d3504384,revision_v1_ed25519_signature_base64_034,qwen2_5_7b_instruct_q4_k_m,nonseg_ascii_b16,ed25519_signature_base64,casual_hobby_chat
detector_pair__1691e5d621d7d64c3612be56__rankcloak,1,0.9984879493713379,deberta,leave_one_model__qwen2_5_7b_instruct_q4_k_m,test,matched_clean_llm,dedup-cluster-80b481e94169d611d3504384,revision_v1_ed25519_signature_base64_034,qwen2_5_7b_instruct_q4_k_m,nonseg_ascii_b16,ed25519_signature_base64,casual_hobby_chat
detector_pair__16c8f9fb508e4a11aed0388a__ordinary_control,0,0.0005510946502909064,deberta,leave_one_model__qwen2_5_7b_instruct_q4_k_m,test,matched_clean_llm,dedup-cluster-87be1653d2065bc655a96c84,revision_v1_token_128_bit_hex_020,qwen2_5_7b_instruct_q4_k_m,nonseg_ascii_b16,token_128_bit_hex,casual_hobby_chat
detector_pair__16c8f9fb508e4a11aed0388a__rankcloak,1,0.9990170001983643,deberta,leave_one_model__qwen2_5_7b_instruct_q4_k_m,test,matched_clean_llm,dedup-cluster-87be1653d2065bc655a96c84,revision_v1_token_128_bit_hex_020,qwen2_5_7b_instruct_q4_k_m,nonseg_ascii_b16,token_128_bit_hex,casual_hobby_chat
detector_pair__170e013f87126c484642c408__ordinary_control,0,0.0015289620496332645,deberta,leave_one_model__qwen2_5_7b_instruct_q4_k_m,test,matched_clean_llm,dedup-cluster-86d70a013a18a7f0dc80b7f5,revision_v1_hmac_sha256_hex_001,qwen2_5_7b_instruct_q4_k_m,segmented_hex_multi_topic,hmac_sha256_hex,procedure_garden_task
detector_pair__170e013f87126c484642c408__rankcloak,1,0.9996154308319092,deberta,leave_one_model__qwen2_5_7b_instruct_q4_k_m,test,matched_clean_llm,dedup-cluster-86d70a013a18a7f0dc80b7f5,revision_v1_hmac_sha256_hex_001,qwen2_5_7b_instruct_q4_k_m,segmented_hex_multi_topic,hmac_sha256_hex,procedure_garden_task
detector_pair__175341fb2a145bd07ddcbe8c__ordinary_control,0,0.0003404345188755542,deberta,leave_one_model__qwen2_5_7b_instruct_q4_k_m,test,matched_clean_llm,dedup-cluster-29c00935d1f39c68be75bfe8,revision_v1_nonce_96_bit_hex_035,qwen2_5_7b_instruct_q4_k_m,nonseg_hex_nibble_b16,nonce_96_bit_hex,forum_learning_answer
detector_pair__175341fb2a145bd07ddcbe8c__rankcloak,1,0.7048192620277405,deberta,leave_one_model__qwen2_5_7b_instruct_q4_k_m,test,matched_clean_llm,dedup-cluster-29c00935d1f39c68be75bfe8,revision_v1_nonce_96_bit_hex_035,qwen2_5_7b_instruct_q4_k_m,nonseg_hex_nibble_b16,nonce_96_bit_hex,forum_learning_answer
detector_pair__1976787a6d5b17a11bb1b6c9__ordinary_control,0,0.0004111451271455735,deberta,leave_one_model__qwen2_5_7b_instruct_q4_k_m,test,matched_clean_llm,dedup-cluster-83b5ef276b5071a7412eb272,revision_v1_token_128_bit_hex_001,qwen2_5_7b_instruct_q4_k_m,segmented_hex_single_topic,token_128_bit_hex,explain_everyday_system
detector_pair__1976787a6d5b17a11bb1b6c9__rankcloak,1,0.9995675683021545,deberta,leave_one_model__qwen2_5_7b_instruct_q4_k_m,test,matched_clean_llm,dedup-cluster-83b5ef276b5071a7412eb272,revision_v1_token_128_bit_hex_001,qwen2_5_7b_instruct_q4_k_m,segmented_hex_single_topic,token_128_bit_hex,explain_everyday_system
detector_pair__19a500832fedd492b67ccb37__ordinary_control,0,0.00036333053139969707,deberta,leave_one_model__qwen2_5_7b_instruct_q4_k_m,test,matched_clean_llm,dedup-cluster-3d7049c126c3e6af15cc5c6b,revision_v1_hmac_sha256_hex_016,qwen2_5_7b_instruct_q4_k_m,nonseg_ascii_b16,hmac_sha256_hex,casual_hobby_chat
detector_pair__19a500832fedd492b67ccb37__rankcloak,1,0.9881325364112854,deberta,leave_one_model__qwen2_5_7b_instruct_q4_k_m,test,matched_clean_llm,dedup-cluster-3d7049c126c3e6af15cc5c6b,revision_v1_hmac_sha256_hex_016,qwen2_5_7b_instruct_q4_k_m,nonseg_ascii_b16,hmac_sha256_hex,casual_hobby_chat
detector_pair__19a641ccd4c0d8b2e5a25d5a__ordinary_control,0,0.0010746425250545144,deberta,leave_one_model__qwen2_5_7b_instruct_q4_k_m,test,matched_clean_llm,dedup-cluster-4a6717280abe6dffe389b392,revision_v1_aes256_gcm_base64_034,qwen2_5_7b_instruct_q4_k_m,nonseg_ascii_b8,aes256_gcm_base64,narrative_learning_moment
detector_pair__19a641ccd4c0d8b2e5a25d5a__rankcloak,1,0.8425099849700928,deberta,leave_one_model__qwen2_5_7b_instruct_q4_k_m,test,matched_clean_llm,dedup-cluster-4a6717280abe6dffe389b392,revision_v1_aes256_gcm_base64_034,qwen2_5_7b_instruct_q4_k_m,nonseg_ascii_b8,aes256_gcm_base64,narrative_learning_moment
detector_pair__1b24a583c2bc1e809c44b7e1__ordinary_control,0,0.001599029521457851,deberta,leave_one_model__qwen2_5_7b_instruct_q4_k_m,test,matched_clean_llm,dedup-cluster-2447f2f757732f18a1468db2,revision_v1_aes256_gcm_base64_044,qwen2_5_7b_instruct_q4_k_m,direct_subword_calgacus,aes256_gcm_base64,forum_purchase_advice
detector_pair__1b24a583c2bc1e809c44b7e1__rankcloak,1,0.9997592568397522,deberta,leave_one_model__qwen2_5_7b_instruct_q4_k_m,test,matched_clean_llm,dedup-cluster-2447f2f757732f18a1468db2,revision_v1_aes256_gcm_base64_044,qwen2_5_7b_instruct_q4_k_m,direct_subword_calgacus,aes256_gcm_base64,forum_purchase_advice
detector_pair__1bb8789c4eac5528d92afd24__ordinary_control,0,0.000566100119613111,deberta,leave_one_model__qwen2_5_7b_instruct_q4_k_m,test,matched_clean_llm,dedup-cluster-089a5c41a6187c40edeb1a0c,revision_v1_nonce_96_bit_hex_007,qwen2_5_7b_instruct_q4_k_m,nonseg_hex_nibble_b16,nonce_96_bit_hex,narrative_local_walk
detector_pair__1bb8789c4eac5528d92afd24__rankcloak,1,0.8584768176078796,deberta,leave_one_model__qwen2_5_7b_instruct_q4_k_m,test,matched_clean_llm,dedup-cluster-089a5c41a6187c40edeb1a0c,revision_v1_nonce_96_bit_hex_007,qwen2_5_7b_instruct_q4_k_m,nonseg_hex_nibble_b16,nonce_96_bit_hex,narrative_local_walk
detector_pair__1ca7bfef601e7802b499bdbb__ordinary_control,0,0.001259700977243483,deberta,leave_one_model__qwen2_5_7b_instruct_q4_k_m,test,matched_clean_llm,dedup-cluster-2ecc22c7d6a07954ad922bdc,revision_v1_token_128_bit_hex_014,qwen2_5_7b_instruct_q4_k_m,nonseg_hex_nibble_b16,token_128_bit_hex,casual_weekend_chat
detector_pair__1ca7bfef601e7802b499bdbb__rankcloak,1,0.9182488322257996,deberta,leave_one_model__qwen2_5_7b_instruct_q4_k_m,test,matched_clean_llm,dedup-cluster-2ecc22c7d6a07954ad922bdc,revision_v1_token_128_bit_hex_014,qwen2_5_7b_instruct_q4_k_m,nonseg_hex_nibble_b16,token_128_bit_hex,casual_weekend_chat
detector_pair__1d1f2f2e3286e9e4ccd6563b__ordinary_control,0,0.0015442712465301156,deberta,leave_one_model__qwen2_5_7b_instruct_q4_k_m,test,matched_clean_llm,dedup-cluster-42ce35dd2bcd53cb8fe0bada,revision_v1_token_128_bit_hex_027,qwen2_5_7b_instruct_q4_k_m,segmented_hex_multi_topic,token_128_bit_hex,professional_process_email
detector_pair__1d1f2f2e3286e9e4ccd6563b__rankcloak,1,0.998815655708313,deberta,leave_one_model__qwen2_5_7b_instruct_q4_k_m,test,matched_clean_llm,dedup-cluster-42ce35dd2bcd53cb8fe0bada,revision_v1_token_128_bit_hex_027,qwen2_5_7b_instruct_q4_k_m,segmented_hex_multi_topic,token_128_bit_hex,professional_process_email
detector_pair__1d4c037df628e085fb57b113__ordinary_control,0,0.0008156558615155518,deberta,leave_one_model__qwen2_5_7b_instruct_q4_k_m,test,matched_clean_llm,dedup-cluster-530f7a325b417a884b1be200,revision_v1_nonce_96_bit_hex_032,qwen2_5_7b_instruct_q4_k_m,segmented_hex_single_topic,nonce_96_bit_hex,explain_biological_process
detector_pair__1d4c037df628e085fb57b113__rankcloak,1,0.9925734996795654,deberta,leave_one_model__qwen2_5_7b_instruct_q4_k_m,test,matched_clean_llm,dedup-cluster-530f7a325b417a884b1be200,revision_v1_nonce_96_bit_hex_032,qwen2_5_7b_instruct_q4_k_m,segmented_hex_single_topic,nonce_96_bit_hex,explain_biological_process
detector_pair__1d7f1332660a70f6fc14e6a2__ordinary_control,0,0.009430310688912868,deberta,leave_one_model__qwen2_5_7b_instruct_q4_k_m,test,matched_clean_llm,dedup-cluster-be754e26863b30c33e0e75f4,revision_v1_hmac_sha256_hex_000,qwen2_5_7b_instruct_q4_k_m,nonseg_ascii_b8,hmac_sha256_hex,forum_learning_answer
detector_pair__1d7f1332660a70f6fc14e6a2__rankcloak,1,0.9899379014968872,deberta,leave_one_model__qwen2_5_7b_instruct_q4_k_m,test,matched_clean_llm,dedup-cluster-be754e26863b30c33e0e75f4,revision_v1_hmac_sha256_hex_000,qwen2_5_7b_instruct_q4_k_m,nonseg_ascii_b8,hmac_sha256_hex,forum_learning_answer
detector_pair__1ea2e4a29e401f474434ade9__ordinary_control,0,0.0009067303035408258,deberta,leave_one_model__qwen2_5_7b_instruct_q4_k_m,test,matched_clean_llm,dedup-cluster-b84d789db2f53c6cca61a4a3,revision_v1_nonce_96_bit_hex_004,qwen2_5_7b_instruct_q4_k_m,segmented_hex_single_topic,nonce_96_bit_hex,professional_project_update
detector_pair__1ea2e4a29e401f474434ade9__rankcloak,1,0.9973033666610718,deberta,leave_one_model__qwen2_5_7b_instruct_q4_k_m,test,matched_clean_llm,dedup-cluster-b84d789db2f53c6cca61a4a3,revision_v1_nonce_96_bit_hex_004,qwen2_5_7b_instruct_q4_k_m,segmented_hex_single_topic,nonce_96_bit_hex,professional_project_update
detector_pair__1ed4faba350757c86e32d86f__ordinary_control,0,0.0008084991131909192,deberta,leave_one_model__qwen2_5_7b_instruct_q4_k_m,test,matched_clean_llm,dedup-cluster-92597d293b9374d8f0316f4d,revision_v1_hmac_sha256_hex_031,qwen2_5_7b_instruct_q4_k_m,nonseg_hex_nibble_b16,hmac_sha256_hex,procedure_home_task
detector_pair__1ed4faba350757c86e32d86f__rankcloak,1,0.4230339527130127,deberta,leave_one_model__qwen2_5_7b_instruct_q4_k_m,test,matched_clean_llm,dedup-cluster-92597d293b9374d8f0316f4d,revision_v1_hmac_sha256_hex_031,qwen2_5_7b_instruct_q4_k_m,nonseg_hex_nibble_b16,hmac_sha256_hex,procedure_home_task
detector_pair__1f2a0a937e7ab31af870db25__ordinary_control,0,0.0010050758719444275,deberta,leave_one_model__qwen2_5_7b_instruct_q4_k_m,test,matched_clean_llm,dedup-cluster-1aad62135c7a4ea593d27bdb,revision_v1_ed25519_signature_base64_014,qwen2_5_7b_instruct_q4_k_m,nonseg_ascii_b16,ed25519_signature_base64,narrative_local_walk
detector_pair__1f2a0a937e7ab31af870db25__rankcloak,1,0.9984902143478394,deberta,leave_one_model__qwen2_5_7b_instruct_q4_k_m,test,matched_clean_llm,dedup-cluster-1aad62135c7a4ea593d27bdb,revision_v1_ed25519_signature_base64_014,qwen2_5_7b_instruct_q4_k_m,nonseg_ascii_b16,ed25519_signature_base64,narrative_local_walk
detector_pair__1fa52140f858071f69abb76b__ordinary_control,0,0.000721741933375597,deberta,leave_one_model__qwen2_5_7b_instruct_q4_k_m,test,matched_clean_llm,dedup-cluster-1fbc53be5b90e4fb2159f7ea,revision_v1_ed25519_signature_base64_018,qwen2_5_7b_instruct_q4_k_m,nonseg_ascii_b8,ed25519_signature_base64,forum_learning_answer
detector_pair__1fa52140f858071f69abb76b__rankcloak,1,0.9058220386505127,deberta,leave_one_model__qwen2_5_7b_instruct_q4_k_m,test,matched_clean_llm,dedup-cluster-1fbc53be5b90e4fb2159f7ea,revision_v1_ed25519_signature_base64_018,qwen2_5_7b_instruct_q4_k_m,nonseg_ascii_b8,ed25519_signature_base64,forum_learning_answer
detector_pair__1ff1bded5c2691b212742a8a__ordinary_control,0,0.0005226527573540807,deberta,leave_one_model__qwen2_5_7b_instruct_q4_k_m,test,matched_clean_llm,dedup-cluster-29c00935d1f39c68be75bfe8,revision_v1_nonce_96_bit_hex_035,qwen2_5_7b_instruct_q4_k_m,direct_subword_calgacus,nonce_96_bit_hex,forum_learning_answer
detector_pair__1ff1bded5c2691b212742a8a__rankcloak,1,0.8517410159111023,deberta,leave_one_model__qwen2_5_7b_instruct_q4_k_m,test,matched_clean_llm,dedup-cluster-29c00935d1f39c68be75bfe8,revision_v1_nonce_96_bit_hex_035,qwen2_5_7b_instruct_q4_k_m,direct_subword_calgacus,nonce_96_bit_hex,forum_learning_answer
detector_pair__20211256b8882702eea82f58__ordinary_control,0,0.0026138569228351116,deberta,leave_one_model__qwen2_5_7b_instruct_q4_k_m,test,matched_clean_llm,dedup-cluster-3835ae9c8d0c8b9133aa0f7c,revision_v1_sha256_hex_014,qwen2_5_7b_instruct_q4_k_m,nonseg_ascii_b8,sha256_hex,procedure_simple_meal
detector_pair__20211256b8882702eea82f58__rankcloak,1,0.8136270642280579,deberta,leave_one_model__qwen2_5_7b_instruct_q4_k_m,test,matched_clean_llm,dedup-cluster-3835ae9c8d0c8b9133aa0f7c,revision_v1_sha256_hex_014,qwen2_5_7b_instruct_q4_k_m,nonseg_ascii_b8,sha256_hex,procedure_simple_meal
detector_pair__2028149ee6df2a916db9c24b__ordinary_control,0,0.0009783691493794322,deberta,leave_one_model__qwen2_5_7b_instruct_q4_k_m,test,matched_clean_llm,dedup-cluster-530f7a325b417a884b1be200,revision_v1_nonce_96_bit_hex_032,qwen2_5_7b_instruct_q4_k_m,nonseg_ascii_b16,nonce_96_bit_hex,explain_biological_process
detector_pair__2028149ee6df2a916db9c24b__rankcloak,1,0.9981429576873779,deberta,leave_one_model__qwen2_5_7b_instruct_q4_k_m,test,matched_clean_llm,dedup-cluster-530f7a325b417a884b1be200,revision_v1_nonce_96_bit_hex_032,qwen2_5_7b_instruct_q4_k_m,nonseg_ascii_b16,nonce_96_bit_hex,explain_biological_process
detector_pair__211e27416942ed7c2b1f34fc__ordinary_control,0,0.006228489801287651,deberta,leave_one_model__qwen2_5_7b_instruct_q4_k_m,test,matched_clean_llm,dedup-cluster-be754e26863b30c33e0e75f4,revision_v1_hmac_sha256_hex_000,qwen2_5_7b_instruct_q4_k_m,segmented_hex_single_topic,hmac_sha256_hex,forum_learning_answer
detector_pair__211e27416942ed7c2b1f34fc__rankcloak,1,0.9997656941413879,deberta,leave_one_model__qwen2_5_7b_instruct_q4_k_m,test,matched_clean_llm,dedup-cluster-be754e26863b30c33e0e75f4,revision_v1_hmac_sha256_hex_000,qwen2_5_7b_instruct_q4_k_m,segmented_hex_single_topic,hmac_sha256_hex,forum_learning_answer
detector_pair__2167b0e3c9261c8559e27997__ordinary_control,0,0.0013374589616432786,deberta,leave_one_model__qwen2_5_7b_instruct_q4_k_m,test,matched_clean_llm,dedup-cluster-a0ec330801b891c994a313b8,revision_v1_hmac_sha256_hex_057,qwen2_5_7b_instruct_q4_k_m,segmented_hex_multi_topic,hmac_sha256_hex,explain_biological_process
detector_pair__2167b0e3c9261c8559e27997__rankcloak,1,0.7069905400276184,deberta,leave_one_model__qwen2_5_7b_instruct_q4_k_m,test,matched_clean_llm,dedup-cluster-a0ec330801b891c994a313b8,revision_v1_hmac_sha256_hex_057,qwen2_5_7b_instruct_q4_k_m,segmented_hex_multi_topic,hmac_sha256_hex,explain_biological_process
detector_pair__21f94dda2e0396bba2e14158__ordinary_control,0,0.00046914376434870064,deberta,leave_one_model__qwen2_5_7b_instruct_q4_k_m,test,matched_clean_llm,dedup-cluster-8cd2e77d4fa5e7d635c78e1d,revision_v1_nonce_96_bit_hex_053,qwen2_5_7b_instruct_q4_k_m,segmented_hex_single_topic,nonce_96_bit_hex,forum_learning_answer
detector_pair__21f94dda2e0396bba2e14158__rankcloak,1,0.9991104006767273,deberta,leave_one_model__qwen2_5_7b_instruct_q4_k_m,test,matched_clean_llm,dedup-cluster-8cd2e77d4fa5e7d635c78e1d,revision_v1_nonce_96_bit_hex_053,qwen2_5_7b_instruct_q4_k_m,segmented_hex_single_topic,nonce_96_bit_hex,forum_learning_answer
detector_pair__21fa26967d3f7569562f83d8__ordinary_control,0,0.000876119825989008,deberta,leave_one_model__qwen2_5_7b_instruct_q4_k_m,test,matched_clean_llm,dedup-cluster-6a3b0df392337f6421c0e2eb,revision_v1_uuid_v4_026,qwen2_5_7b_instruct_q4_k_m,nonseg_ascii_b8,uuid_v4,professional_project_update
detector_pair__21fa26967d3f7569562f83d8__rankcloak,1,0.976198673248291,deberta,leave_one_model__qwen2_5_7b_instruct_q4_k_m,test,matched_clean_llm,dedup-cluster-6a3b0df392337f6421c0e2eb,revision_v1_uuid_v4_026,qwen2_5_7b_instruct_q4_k_m,nonseg_ascii_b8,uuid_v4,professional_project_update
detector_pair__22010431adc1ff1fe309ae2d__ordinary_control,0,0.000530275225173682,deberta,leave_one_model__qwen2_5_7b_instruct_q4_k_m,test,matched_clean_llm,dedup-cluster-0a09c663faa5a6e644901d76,revision_v1_sha256_hex_016,qwen2_5_7b_instruct_q4_k_m,nonseg_hex_nibble_b16,sha256_hex,explain_weather_pattern
detector_pair__22010431adc1ff1fe309ae2d__rankcloak,1,0.831400990486145,deberta,leave_one_model__qwen2_5_7b_instruct_q4_k_m,test,matched_clean_llm,dedup-cluster-0a09c663faa5a6e644901d76,revision_v1_sha256_hex_016,qwen2_5_7b_instruct_q4_k_m,nonseg_hex_nibble_b16,sha256_hex,explain_weather_pattern
detector_pair__22f57c65a067379e2b033cd8__ordinary_control,0,0.00045774728641845286,deberta,leave_one_model__qwen2_5_7b_instruct_q4_k_m,test,matched_clean_llm,dedup-cluster-95e2f27c2b585a3d4fdfda70,revision_v1_nonce_96_bit_hex_013,qwen2_5_7b_instruct_q4_k_m,nonseg_hex_nibble_b16,nonce_96_bit_hex,narrative_learning_moment
detector_pair__22f57c65a067379e2b033cd8__rankcloak,1,0.9935727119445801,deberta,leave_one_model__qwen2_5_7b_instruct_q4_k_m,test,matched_clean_llm,dedup-cluster-95e2f27c2b585a3d4fdfda70,revision_v1_nonce_96_bit_hex_013,qwen2_5_7b_instruct_q4_k_m,nonseg_hex_nibble_b16,nonce_96_bit_hex,narrative_learning_moment
detector_pair__2384a78d2d3c283bec31050d__ordinary_control,0,0.00036368300789035857,deberta,leave_one_model__qwen2_5_7b_instruct_q4_k_m,test,matched_clean_llm,dedup-cluster-8cd2e77d4fa5e7d635c78e1d,revision_v1_nonce_96_bit_hex_053,qwen2_5_7b_instruct_q4_k_m,direct_subword_calgacus,nonce_96_bit_hex,forum_learning_answer
detector_pair__2384a78d2d3c283bec31050d__rankcloak,1,0.9770670533180237,deberta,leave_one_model__qwen2_5_7b_instruct_q4_k_m,test,matched_clean_llm,dedup-cluster-8cd2e77d4fa5e7d635c78e1d,revision_v1_nonce_96_bit_hex_053,qwen2_5_7b_instruct_q4_k_m,direct_subword_calgacus,nonce_96_bit_hex,forum_learning_answer
detector_pair__23922c08f44749db23d63b03__ordinary_control,0,0.0010214740177616477,deberta,leave_one_model__qwen2_5_7b_instruct_q4_k_m,test,matched_clean_llm,dedup-cluster-530f7a325b417a884b1be200,revision_v1_nonce_96_bit_hex_032,qwen2_5_7b_instruct_q4_k_m,segmented_hex_multi_topic,nonce_96_bit_hex,explain_biological_process
detector_pair__23922c08f44749db23d63b03__rankcloak,1,0.9369300007820129,deberta,leave_one_model__qwen2_5_7b_instruct_q4_k_m,test,matched_clean_llm,dedup-cluster-530f7a325b417a884b1be200,revision_v1_nonce_96_bit_hex_032,qwen2_5_7b_instruct_q4_k_m,segmented_hex_multi_topic,nonce_96_bit_hex,explain_biological_process
detector_pair__2394559f525a075b7e1e9c7a__ordinary_control,0,0.0010232096537947655,deberta,leave_one_model__qwen2_5_7b_instruct_q4_k_m,test,matched_clean_llm,dedup-cluster-f1630cf66c55bafe664639a5,revision_v1_hmac_sha256_hex_009,qwen2_5_7b_instruct_q4_k_m,segmented_hex_single_topic,hmac_sha256_hex,explain_weather_pattern
detector_pair__2394559f525a075b7e1e9c7a__rankcloak,1,0.7585304379463196,deberta,leave_one_model__qwen2_5_7b_instruct_q4_k_m,test,matched_clean_llm,dedup-cluster-f1630cf66c55bafe664639a5,revision_v1_hmac_sha256_hex_009,qwen2_5_7b_instruct_q4_k_m,segmented_hex_single_topic,hmac_sha256_hex,explain_weather_pattern
detector_pair__23988b8a948f0cf6b0516987__ordinary_control,0,0.001866714796051383,deberta,leave_one_model__qwen2_5_7b_instruct_q4_k_m,test,matched_clean_llm,dedup-cluster-a70c2199fe9757fc3a965e41,revision_v1_sha256_hex_041,qwen2_5_7b_instruct_q4_k_m,segmented_hex_single_topic,sha256_hex,casual_hobby_chat
detector_pair__23988b8a948f0cf6b0516987__rankcloak,1,0.008905557915568352,deberta,leave_one_model__qwen2_5_7b_instruct_q4_k_m,test,matched_clean_llm,dedup-cluster-a70c2199fe9757fc3a965e41,revision_v1_sha256_hex_041,qwen2_5_7b_instruct_q4_k_m,segmented_hex_single_topic,sha256_hex,casual_hobby_chat
detector_pair__23e008da9ad36ac9c3e5413e__ordinary_control,0,0.000448270991910249,deberta,leave_one_model__qwen2_5_7b_instruct_q4_k_m,test,matched_clean_llm,dedup-cluster-60d0df848b633a552e7a097a,revision_v1_ed25519_signature_base64_007,qwen2_5_7b_instruct_q4_k_m,direct_subword_calgacus,ed25519_signature_base64,procedure_simple_meal
detector_pair__23e008da9ad36ac9c3e5413e__rankcloak,1,0.9997518658638,deberta,leave_one_model__qwen2_5_7b_instruct_q4_k_m,test,matched_clean_llm,dedup-cluster-60d0df848b633a552e7a097a,revision_v1_ed25519_signature_base64_007,qwen2_5_7b_instruct_q4_k_m,direct_subword_calgacus,ed25519_signature_base64,procedure_simple_meal
detector_pair__243402dd21b550a33a3ea7a3__ordinary_control,0,0.0009134206338785589,deberta,leave_one_model__qwen2_5_7b_instruct_q4_k_m,test,matched_clean_llm,dedup-cluster-6fa6c069ce75963f9386e415,revision_v1_aes256_gcm_base64_016,qwen2_5_7b_instruct_q4_k_m,nonseg_ascii_b8,aes256_gcm_base64,narrative_learning_moment
detector_pair__243402dd21b550a33a3ea7a3__rankcloak,1,0.764148473739624,deberta,leave_one_model__qwen2_5_7b_instruct_q4_k_m,test,matched_clean_llm,dedup-cluster-6fa6c069ce75963f9386e415,revision_v1_aes256_gcm_base64_016,qwen2_5_7b_instruct_q4_k_m,nonseg_ascii_b8,aes256_gcm_base64,narrative_learning_moment
detector_pair__24a060a458e150444b837805__ordinary_control,0,0.0016850195825099945,deberta,leave_one_model__qwen2_5_7b_instruct_q4_k_m,test,matched_clean_llm,dedup-cluster-1a88735e2967b1b509e24d6b,revision_v1_token_128_bit_hex_015,qwen2_5_7b_instruct_q4_k_m,segmented_hex_multi_topic,token_128_bit_hex,professional_project_update
detector_pair__24a060a458e150444b837805__rankcloak,1,0.9996786117553711,deberta,leave_one_model__qwen2_5_7b_instruct_q4_k_m,test,matched_clean_llm,dedup-cluster-1a88735e2967b1b509e24d6b,revision_v1_token_128_bit_hex_015,qwen2_5_7b_instruct_q4_k_m,segmented_hex_multi_topic,token_128_bit_hex,professional_project_update
detector_pair__253b5de8756f9875ee726c49__ordinary_control,0,0.0013298406265676022,deberta,leave_one_model__qwen2_5_7b_instruct_q4_k_m,test,matched_clean_llm,dedup-cluster-054651d73ab2fcb750307ee7,revision_v1_token_128_bit_hex_023,qwen2_5_7b_instruct_q4_k_m,nonseg_ascii_b8,token_128_bit_hex,procedure_home_task
detector_pair__253b5de8756f9875ee726c49__rankcloak,1,0.9504522681236267,deberta,leave_one_model__qwen2_5_7b_instruct_q4_k_m,test,matched_clean_llm,dedup-cluster-054651d73ab2fcb750307ee7,revision_v1_token_128_bit_hex_023,qwen2_5_7b_instruct_q4_k_m,nonseg_ascii_b8,token_128_bit_hex,procedure_home_task
detector_pair__25cfd2f81a68a7ac46dd8942__ordinary_control,0,0.0008015266503207386,deberta,leave_one_model__qwen2_5_7b_instruct_q4_k_m,test,matched_clean_llm,dedup-cluster-3b447f2610b594483f55ba30,revision_v1_aes256_gcm_base64_028,qwen2_5_7b_instruct_q4_k_m,direct_subword_calgacus,aes256_gcm_base64,narrative_local_walk
detector_pair__25cfd2f81a68a7ac46dd8942__rankcloak,1,0.9995977282524109,deberta,leave_one_model__qwen2_5_7b_instruct_q4_k_m,test,matched_clean_llm,dedup-cluster-3b447f2610b594483f55ba30,revision_v1_aes256_gcm_base64_028,qwen2_5_7b_instruct_q4_k_m,direct_subword_calgacus,aes256_gcm_base64,narrative_local_walk
detector_pair__25ea55ecbed7836d50dd49b5__ordinary_control,0,0.003505248110741377,deberta,leave_one_model__qwen2_5_7b_instruct_q4_k_m,test,matched_clean_llm,dedup-cluster-1e85096517059ca2585e10f1,revision_v1_nonce_96_bit_hex_044,qwen2_5_7b_instruct_q4_k_m,segmented_hex_single_topic,nonce_96_bit_hex,explain_everyday_system
detector_pair__25ea55ecbed7836d50dd49b5__rankcloak,1,0.785292387008667,deberta,leave_one_model__qwen2_5_7b_instruct_q4_k_m,test,matched_clean_llm,dedup-cluster-1e85096517059ca2585e10f1,revision_v1_nonce_96_bit_hex_044,qwen2_5_7b_instruct_q4_k_m,segmented_hex_single_topic,nonce_96_bit_hex,explain_everyday_system
detector_pair__2614b5c4268cb882a5a0af12__ordinary_control,0,0.000504310883115977,deberta,leave_one_model__qwen2_5_7b_instruct_q4_k_m,test,matched_clean_llm,dedup-cluster-4e1923627139bf11a982ad81,revision_v1_aes256_gcm_base64_030,qwen2_5_7b_instruct_q4_k_m,nonseg_ascii_b8,aes256_gcm_base64,casual_neighborhood_chat
detector_pair__2614b5c4268cb882a5a0af12__rankcloak,1,0.9712488055229187,deberta,leave_one_model__qwen2_5_7b_instruct_q4_k_m,test,matched_clean_llm,dedup-cluster-4e1923627139bf11a982ad81,revision_v1_aes256_gcm_base64_030,qwen2_5_7b_instruct_q4_k_m,nonseg_ascii_b8,aes256_gcm_base64,casual_neighborhood_chat
detector_pair__26a37a9dca2e0a4b556436ae__ordinary_control,0,0.0009005072060972452,deberta,leave_one_model__qwen2_5_7b_instruct_q4_k_m,test,matched_clean_llm,dedup-cluster-9dcfc126b0a6fc49629304d7,revision_v1_ed25519_signature_base64_054,qwen2_5_7b_instruct_q4_k_m,nonseg_ascii_b8,ed25519_signature_base64,forum_learning_answer
detector_pair__26a37a9dca2e0a4b556436ae__rankcloak,1,0.9933250546455383,deberta,leave_one_model__qwen2_5_7b_instruct_q4_k_m,test,matched_clean_llm,dedup-cluster-9dcfc126b0a6fc49629304d7,revision_v1_ed25519_signature_base64_054,qwen2_5_7b_instruct_q4_k_m,nonseg_ascii_b8,ed25519_signature_base64,forum_learning_answer
detector_pair__271e81936f182e90834383ef__ordinary_control,0,0.0007997543434612453,deberta,leave_one_model__qwen2_5_7b_instruct_q4_k_m,test,matched_clean_llm,dedup-cluster-0d14bae63cd1e6e73dd0fa7a,revision_v1_nonce_96_bit_hex_022,qwen2_5_7b_instruct_q4_k_m,segmented_hex_multi_topic,nonce_96_bit_hex,professional_project_update
detector_pair__271e81936f182e90834383ef__rankcloak,1,0.8552328944206238,deberta,leave_one_model__qwen2_5_7b_instruct_q4_k_m,test,matched_clean_llm,dedup-cluster-0d14bae63cd1e6e73dd0fa7a,revision_v1_nonce_96_bit_hex_022,qwen2_5_7b_instruct_q4_k_m,segmented_hex_multi_topic,nonce_96_bit_hex,professional_project_update
detector_pair__2782197996b037e01396542d__ordinary_control,0,0.0021605531219393015,deberta,leave_one_model__qwen2_5_7b_instruct_q4_k_m,test,matched_clean_llm,dedup-cluster-91605a72859a660f036d538b,revision_v1_sha256_hex_009,qwen2_5_7b_instruct_q4_k_m,direct_subword_calgacus,sha256_hex,narrative_learning_moment
detector_pair__2782197996b037e01396542d__rankcloak,1,0.9629492163658142,deberta,leave_one_model__qwen2_5_7b_instruct_q4_k_m,test,matched_clean_llm,dedup-cluster-91605a72859a660f036d538b,revision_v1_sha256_hex_009,qwen2_5_7b_instruct_q4_k_m,direct_subword_calgacus,sha256_hex,narrative_learning_moment
detector_pair__28b8ee81298e0ae5ab183ec9__ordinary_control,0,0.0010856537846848369,deberta,leave_one_model__qwen2_5_7b_instruct_q4_k_m,test,matched_clean_llm,dedup-cluster-86d70a013a18a7f0dc80b7f5,revision_v1_hmac_sha256_hex_001,qwen2_5_7b_instruct_q4_k_m,nonseg_ascii_b8,hmac_sha256_hex,procedure_garden_task
detector_pair__28b8ee81298e0ae5ab183ec9__rankcloak,1,0.9514215588569641,deberta,leave_one_model__qwen2_5_7b_instruct_q4_k_m,test,matched_clean_llm,dedup-cluster-86d70a013a18a7f0dc80b7f5,revision_v1_hmac_sha256_hex_001,qwen2_5_7b_instruct_q4_k_m,nonseg_ascii_b8,hmac_sha256_hex,procedure_garden_task
detector_pair__2982b5da74f83bbcb140d20b__ordinary_control,0,0.0007137926295399666,deberta,leave_one_model__qwen2_5_7b_instruct_q4_k_m,test,matched_clean_llm,dedup-cluster-1a88735e2967b1b509e24d6b,revision_v1_token_128_bit_hex_015,qwen2_5_7b_instruct_q4_k_m,segmented_hex_multi_topic,token_128_bit_hex,professional_project_update
detector_pair__2982b5da74f83bbcb140d20b__rankcloak,1,0.970606803894043,deberta,leave_one_model__qwen2_5_7b_instruct_q4_k_m,test,matched_clean_llm,dedup-cluster-1a88735e2967b1b509e24d6b,revision_v1_token_128_bit_hex_015,qwen2_5_7b_instruct_q4_k_m,segmented_hex_multi_topic,token_128_bit_hex,professional_project_update
detector_pair__29952f31c71d4c77196cc558__ordinary_control,0,0.0012888667406514287,deberta,leave_one_model__qwen2_5_7b_instruct_q4_k_m,test,matched_clean_llm,dedup-cluster-4fce714af80d0b4f14ad4961,revision_v1_sha256_hex_008,qwen2_5_7b_instruct_q4_k_m,segmented_hex_multi_topic,sha256_hex,procedure_garden_task
detector_pair__29952f31c71d4c77196cc558__rankcloak,1,0.997832715511322,deberta,leave_one_model__qwen2_5_7b_instruct_q4_k_m,test,matched_clean_llm,dedup-cluster-4fce714af80d0b4f14ad4961,revision_v1_sha256_hex_008,qwen2_5_7b_instruct_q4_k_m,segmented_hex_multi_topic,sha256_hex,procedure_garden_task
detector_pair__2a3a252a87728a75d548134d__ordinary_control,0,0.03358619660139084,deberta,leave_one_model__qwen2_5_7b_instruct_q4_k_m,test,matched_clean_llm,dedup-cluster-d3540d957b4816af4830d47f,revision_v1_chacha20_poly1305_base64_053,qwen2_5_7b_instruct_q4_k_m,nonseg_ascii_b8,chacha20_poly1305_base64,casual_weekend_chat
detector_pair__2a3a252a87728a75d548134d__rankcloak,1,0.9790852069854736,deberta,leave_one_model__qwen2_5_7b_instruct_q4_k_m,test,matched_clean_llm,dedup-cluster-d3540d957b4816af4830d47f,revision_v1_chacha20_poly1305_base64_053,qwen2_5_7b_instruct_q4_k_m,nonseg_ascii_b8,chacha20_poly1305_base64,casual_weekend_chat
detector_pair__2c0bec170897e81cbb615e79__ordinary_control,0,0.0002655501593835652,deberta,leave_one_model__qwen2_5_7b_instruct_q4_k_m,test,matched_clean_llm,dedup-cluster-0b53467e512d7aed40a8b7c5,revision_v1_hmac_sha256_hex_035,qwen2_5_7b_instruct_q4_k_m,segmented_hex_multi_topic,hmac_sha256_hex,professional_schedule_note
detector_pair__2c0bec170897e81cbb615e79__rankcloak,1,0.9996914863586426,deberta,leave_one_model__qwen2_5_7b_instruct_q4_k_m,test,matched_clean_llm,dedup-cluster-0b53467e512d7aed40a8b7c5,revision_v1_hmac_sha256_hex_035,qwen2_5_7b_instruct_q4_k_m,segmented_hex_multi_topic,hmac_sha256_hex,professional_schedule_note
detector_pair__2cb8f55b2273e55d4c21f30f__ordinary_control,0,0.00036953677772544324,deberta,leave_one_model__qwen2_5_7b_instruct_q4_k_m,test,matched_clean_llm,dedup-cluster-29c00935d1f39c68be75bfe8,revision_v1_nonce_96_bit_hex_035,qwen2_5_7b_instruct_q4_k_m,segmented_hex_multi_topic,nonce_96_bit_hex,forum_learning_answer
detector_pair__2cb8f55b2273e55d4c21f30f__rankcloak,1,0.9970851540565491,deberta,leave_one_model__qwen2_5_7b_instruct_q4_k_m,test,matched_clean_llm,dedup-cluster-29c00935d1f39c68be75bfe8,revision_v1_nonce_96_bit_hex_035,qwen2_5_7b_instruct_q4_k_m,segmented_hex_multi_topic,nonce_96_bit_hex,forum_learning_answer
detector_pair__2cbca5535489c1f1816f7698__ordinary_control,0,0.0007048760307952762,deberta,leave_one_model__qwen2_5_7b_instruct_q4_k_m,test,matched_clean_llm,dedup-cluster-047b2cb5417d30901a590a18,revision_v1_chacha20_poly1305_base64_013,qwen2_5_7b_instruct_q4_k_m,nonseg_ascii_b8,chacha20_poly1305_base64,forum_practical_answer
detector_pair__2cbca5535489c1f1816f7698__rankcloak,1,0.9967083930969238,deberta,leave_one_model__qwen2_5_7b_instruct_q4_k_m,test,matched_clean_llm,dedup-cluster-047b2cb5417d30901a590a18,revision_v1_chacha20_poly1305_base64_013,qwen2_5_7b_instruct_q4_k_m,nonseg_ascii_b8,chacha20_poly1305_base64,forum_practical_answer
detector_pair__2cd2549735ece6d1cc344429__ordinary_control,0,0.0007498415070585907,deberta,leave_one_model__qwen2_5_7b_instruct_q4_k_m,test,matched_clean_llm,dedup-cluster-054651d73ab2fcb750307ee7,revision_v1_token_128_bit_hex_023,qwen2_5_7b_instruct_q4_k_m,segmented_hex_single_topic,token_128_bit_hex,procedure_home_task
detector_pair__2cd2549735ece6d1cc344429__rankcloak,1,0.9729295372962952,deberta,leave_one_model__qwen2_5_7b_instruct_q4_k_m,test,matched_clean_llm,dedup-cluster-054651d73ab2fcb750307ee7,revision_v1_token_128_bit_hex_023,qwen2_5_7b_instruct_q4_k_m,segmented_hex_single_topic,token_128_bit_hex,procedure_home_task
detector_pair__2d5b7fc442fbe8dfda07d854__ordinary_control,0,0.0009573778370395303,deberta,leave_one_model__qwen2_5_7b_instruct_q4_k_m,test,matched_clean_llm,dedup-cluster-42ce35dd2bcd53cb8fe0bada,revision_v1_token_128_bit_hex_027,qwen2_5_7b_instruct_q4_k_m,segmented_hex_single_topic,token_128_bit_hex,professional_process_email
detector_pair__2d5b7fc442fbe8dfda07d854__rankcloak,1,0.7065522074699402,deberta,leave_one_model__qwen2_5_7b_instruct_q4_k_m,test,matched_clean_llm,dedup-cluster-42ce35dd2bcd53cb8fe0bada,revision_v1_token_128_bit_hex_027,qwen2_5_7b_instruct_q4_k_m,segmented_hex_single_topic,token_128_bit_hex,professional_process_email
detector_pair__2d7f88db1fcaa23aaa27cd73__ordinary_control,0,0.00046585005475208163,deberta,leave_one_model__qwen2_5_7b_instruct_q4_k_m,test,matched_clean_llm,dedup-cluster-a7d8804ca4431e2f7d1239fd,revision_v1_aes256_gcm_base64_048,qwen2_5_7b_instruct_q4_k_m,direct_subword_calgacus,aes256_gcm_base64,casual_neighborhood_chat
detector_pair__2d7f88db1fcaa23aaa27cd73__rankcloak,1,0.9997790455818176,deberta,leave_one_model__qwen2_5_7b_instruct_q4_k_m,test,matched_clean_llm,dedup-cluster-a7d8804ca4431e2f7d1239fd,revision_v1_aes256_gcm_base64_048,qwen2_5_7b_instruct_q4_k_m,direct_subword_calgacus,aes256_gcm_base64,casual_neighborhood_chat
detector_pair__2de5e57d0948a7800d9dd755__ordinary_control,0,0.0005175932892598212,deberta,leave_one_model__qwen2_5_7b_instruct_q4_k_m,test,matched_clean_llm,dedup-cluster-f1630cf66c55bafe664639a5,revision_v1_hmac_sha256_hex_009,qwen2_5_7b_instruct_q4_k_m,nonseg_hex_nibble_b16,hmac_sha256_hex,explain_weather_pattern
detector_pair__2de5e57d0948a7800d9dd755__rankcloak,1,0.970808207988739,deberta,leave_one_model__qwen2_5_7b_instruct_q4_k_m,test,matched_clean_llm,dedup-cluster-f1630cf66c55bafe664639a5,revision_v1_hmac_sha256_hex_009,qwen2_5_7b_instruct_q4_k_m,nonseg_hex_nibble_b16,hmac_sha256_hex,explain_weather_pattern
detector_pair__2e129008f1206659889ebbec__ordinary_control,0,0.00054983701556921,deberta,leave_one_model__qwen2_5_7b_instruct_q4_k_m,test,matched_clean_llm,dedup-cluster-309b32994a041eadb8229c21,revision_v1_chacha20_poly1305_base64_059,qwen2_5_7b_instruct_q4_k_m,nonseg_ascii_b8,chacha20_poly1305_base64,casual_hobby_chat
detector_pair__2e129008f1206659889ebbec__rankcloak,1,0.8185952305793762,deberta,leave_one_model__qwen2_5_7b_instruct_q4_k_m,test,matched_clean_llm,dedup-cluster-309b32994a041eadb8229c21,revision_v1_chacha20_poly1305_base64_059,qwen2_5_7b_instruct_q4_k_m,nonseg_ascii_b8,chacha20_poly1305_base64,casual_hobby_chat
detector_pair__2e93acbb84b7f04f623b5707__ordinary_control,0,0.0029214348178356886,deberta,leave_one_model__qwen2_5_7b_instruct_q4_k_m,test,matched_clean_llm,dedup-cluster-1a88735e2967b1b509e24d6b,revision_v1_token_128_bit_hex_015,qwen2_5_7b_instruct_q4_k_m,segmented_hex_single_topic,token_128_bit_hex,professional_project_update
detector_pair__2e93acbb84b7f04f623b5707__rankcloak,1,0.9931483864784241,deberta,leave_one_model__qwen2_5_7b_instruct_q4_k_m,test,matched_clean_llm,dedup-cluster-1a88735e2967b1b509e24d6b,revision_v1_token_128_bit_hex_015,qwen2_5_7b_instruct_q4_k_m,segmented_hex_single_topic,token_128_bit_hex,professional_project_update
detector_pair__2f6048775a35fcc385e29c5b__ordinary_control,0,0.0015015254030004144,deberta,leave_one_model__qwen2_5_7b_instruct_q4_k_m,test,matched_clean_llm,dedup-cluster-eb4a9e676533f32ebcf1a3d5,revision_v1_ed25519_signature_base64_003,qwen2_5_7b_instruct_q4_k_m,nonseg_ascii_b8,ed25519_signature_base64,explain_biological_process
detector_pair__2f6048775a35fcc385e29c5b__rankcloak,1,0.9976040720939636,deberta,leave_one_model__qwen2_5_7b_instruct_q4_k_m,test,matched_clean_llm,dedup-cluster-eb4a9e676533f32ebcf1a3d5,revision_v1_ed25519_signature_base64_003,qwen2_5_7b_instruct_q4_k_m,nonseg_ascii_b8,ed25519_signature_base64,explain_biological_process
detector_pair__2fbf09e428c02db71445c9ae__ordinary_control,0,0.00032096897484734654,deberta,leave_one_model__qwen2_5_7b_instruct_q4_k_m,test,matched_clean_llm,dedup-cluster-309b32994a041eadb8229c21,revision_v1_chacha20_poly1305_base64_059,qwen2_5_7b_instruct_q4_k_m,direct_subword_calgacus,chacha20_poly1305_base64,casual_hobby_chat
detector_pair__2fbf09e428c02db71445c9ae__rankcloak,1,0.9998201727867126,deberta,leave_one_model__qwen2_5_7b_instruct_q4_k_m,test,matched_clean_llm,dedup-cluster-309b32994a041eadb8229c21,revision_v1_chacha20_poly1305_base64_059,qwen2_5_7b_instruct_q4_k_m,direct_subword_calgacus,chacha20_poly1305_base64,casual_hobby_chat
detector_pair__2fe4dcb4cc3d5bcf768279f2__ordinary_control,0,0.0009079686715267599,deberta,leave_one_model__qwen2_5_7b_instruct_q4_k_m,test,matched_clean_llm,dedup-cluster-91605a72859a660f036d538b,revision_v1_sha256_hex_009,qwen2_5_7b_instruct_q4_k_m,nonseg_ascii_b8,sha256_hex,narrative_learning_moment
detector_pair__2fe4dcb4cc3d5bcf768279f2__rankcloak,1,0.9972952008247375,deberta,leave_one_model__qwen2_5_7b_instruct_q4_k_m,test,matched_clean_llm,dedup-cluster-91605a72859a660f036d538b,revision_v1_sha256_hex_009,qwen2_5_7b_instruct_q4_k_m,nonseg_ascii_b8,sha256_hex,narrative_learning_moment
detector_pair__300c9ce7d11d02235fd0af53__ordinary_control,0,0.0005231461836956441,deberta,leave_one_model__qwen2_5_7b_instruct_q4_k_m,test,matched_clean_llm,dedup-cluster-054651d73ab2fcb750307ee7,revision_v1_token_128_bit_hex_023,qwen2_5_7b_instruct_q4_k_m,segmented_hex_single_topic,token_128_bit_hex,procedure_home_task
detector_pair__300c9ce7d11d02235fd0af53__rankcloak,1,0.999371349811554,deberta,leave_one_model__qwen2_5_7b_instruct_q4_k_m,test,matched_clean_llm,dedup-cluster-054651d73ab2fcb750307ee7,revision_v1_token_128_bit_hex_023,qwen2_5_7b_instruct_q4_k_m,segmented_hex_single_topic,token_128_bit_hex,procedure_home_task
detector_pair__306a9c5ccc8045bf5eccda1e__ordinary_control,0,0.001275900169275701,deberta,leave_one_model__qwen2_5_7b_instruct_q4_k_m,test,matched_clean_llm,dedup-cluster-66b8f96fb6033ede0ca665e8,revision_v1_aes256_gcm_base64_020,qwen2_5_7b_instruct_q4_k_m,nonseg_ascii_b8,aes256_gcm_base64,forum_practical_answer
detector_pair__306a9c5ccc8045bf5eccda1e__rankcloak,1,0.9991955161094666,deberta,leave_one_model__qwen2_5_7b_instruct_q4_k_m,test,matched_clean_llm,dedup-cluster-66b8f96fb6033ede0ca665e8,revision_v1_aes256_gcm_base64_020,qwen2_5_7b_instruct_q4_k_m,nonseg_ascii_b8,aes256_gcm_base64,forum_practical_answer
detector_pair__310f33889a5a9cd91b00068e__ordinary_control,0,0.00044651515781879425,deberta,leave_one_model__qwen2_5_7b_instruct_q4_k_m,test,matched_clean_llm,dedup-cluster-07152d65b441d025c2de854b,revision_v1_nonce_96_bit_hex_030,qwen2_5_7b_instruct_q4_k_m,segmented_hex_multi_topic,nonce_96_bit_hex,procedure_garden_task
detector_pair__310f33889a5a9cd91b00068e__rankcloak,1,0.00636335602030158,deberta,leave_one_model__qwen2_5_7b_instruct_q4_k_m,test,matched_clean_llm,dedup-cluster-07152d65b441d025c2de854b,revision_v1_nonce_96_bit_hex_030,qwen2_5_7b_instruct_q4_k_m,segmented_hex_multi_topic,nonce_96_bit_hex,procedure_garden_task
detector_pair__31135341e2ed7452a61b88b6__ordinary_control,0,0.0034031656105071306,deberta,leave_one_model__qwen2_5_7b_instruct_q4_k_m,test,matched_clean_llm,dedup-cluster-f6fc3479f88b17e2282c2e2e,revision_v1_token_128_bit_hex_043,qwen2_5_7b_instruct_q4_k_m,segmented_hex_multi_topic,token_128_bit_hex,explain_biological_process
detector_pair__31135341e2ed7452a61b88b6__rankcloak,1,0.3803253471851349,deberta,leave_one_model__qwen2_5_7b_instruct_q4_k_m,test,matched_clean_llm,dedup-cluster-f6fc3479f88b17e2282c2e2e,revision_v1_token_128_bit_hex_043,qwen2_5_7b_instruct_q4_k_m,segmented_hex_multi_topic,token_128_bit_hex,explain_biological_process
detector_pair__31147fa0d5102669c482d7a3__ordinary_control,0,0.0002618999860715121,deberta,leave_one_model__qwen2_5_7b_instruct_q4_k_m,test,matched_clean_llm,dedup-cluster-a331d504eed2f1bff244b461,revision_v1_chacha20_poly1305_base64_000,qwen2_5_7b_instruct_q4_k_m,direct_subword_calgacus,chacha20_poly1305_base64,professional_schedule_note
detector_pair__31147fa0d5102669c482d7a3__rankcloak,1,0.9997014403343201,deberta,leave_one_model__qwen2_5_7b_instruct_q4_k_m,test,matched_clean_llm,dedup-cluster-a331d504eed2f1bff244b461,revision_v1_chacha20_poly1305_base64_000,qwen2_5_7b_instruct_q4_k_m,direct_subword_calgacus,chacha20_poly1305_base64,professional_schedule_note
detector_pair__3283e87172bb7ff95b291cd2__ordinary_control,0,0.0011361311189830303,deberta,leave_one_model__qwen2_5_7b_instruct_q4_k_m,test,matched_clean_llm,dedup-cluster-0a09c663faa5a6e644901d76,revision_v1_sha256_hex_016,qwen2_5_7b_instruct_q4_k_m,segmented_hex_single_topic,sha256_hex,explain_weather_pattern
detector_pair__3283e87172bb7ff95b291cd2__rankcloak,1,0.9995575547218323,deberta,leave_one_model__qwen2_5_7b_instruct_q4_k_m,test,matched_clean_llm,dedup-cluster-0a09c663faa5a6e644901d76,revision_v1_sha256_hex_016,qwen2_5_7b_instruct_q4_k_m,segmented_hex_single_topic,sha256_hex,explain_weather_pattern
detector_pair__329c0ef6d49127a224eff335__ordinary_control,0,0.005996633321046829,deberta,leave_one_model__qwen2_5_7b_instruct_q4_k_m,test,matched_clean_llm,dedup-cluster-bdb0cb932ce8d25533d129e7,revision_v1_uuid_v4_054,qwen2_5_7b_instruct_q4_k_m,nonseg_ascii_b8,uuid_v4,explain_biological_process
detector_pair__329c0ef6d49127a224eff335__rankcloak,1,0.9559652209281921,deberta,leave_one_model__qwen2_5_7b_instruct_q4_k_m,test,matched_clean_llm,dedup-cluster-bdb0cb932ce8d25533d129e7,revision_v1_uuid_v4_054,qwen2_5_7b_instruct_q4_k_m,nonseg_ascii_b8,uuid_v4,explain_biological_process
detector_pair__33e5bf64b389ccf0cbd05e90__ordinary_control,0,0.0012329991441220045,deberta,leave_one_model__qwen2_5_7b_instruct_q4_k_m,test,matched_clean_llm,dedup-cluster-054651d73ab2fcb750307ee7,revision_v1_token_128_bit_hex_023,qwen2_5_7b_instruct_q4_k_m,segmented_hex_multi_topic,token_128_bit_hex,procedure_home_task
detector_pair__33e5bf64b389ccf0cbd05e90__rankcloak,1,0.9986284971237183,deberta,leave_one_model__qwen2_5_7b_instruct_q4_k_m,test,matched_clean_llm,dedup-cluster-054651d73ab2fcb750307ee7,revision_v1_token_128_bit_hex_023,qwen2_5_7b_instruct_q4_k_m,segmented_hex_multi_topic,token_128_bit_hex,procedure_home_task
detector_pair__33f72001d050de677fa45d62__ordinary_control,0,0.0005840982194058597,deberta,leave_one_model__qwen2_5_7b_instruct_q4_k_m,test,matched_clean_llm,dedup-cluster-f1630cf66c55bafe664639a5,revision_v1_hmac_sha256_hex_009,qwen2_5_7b_instruct_q4_k_m,segmented_hex_multi_topic,hmac_sha256_hex,explain_weather_pattern
detector_pair__33f72001d050de677fa45d62__rankcloak,1,0.9774718880653381,deberta,leave_one_model__qwen2_5_7b_instruct_q4_k_m,test,matched_clean_llm,dedup-cluster-f1630cf66c55bafe664639a5,revision_v1_hmac_sha256_hex_009,qwen2_5_7b_instruct_q4_k_m,segmented_hex_multi_topic,hmac_sha256_hex,explain_weather_pattern
detector_pair__33fa74f2b0c39f900d700e66__ordinary_control,0,0.000906445668078959,deberta,leave_one_model__qwen2_5_7b_instruct_q4_k_m,test,matched_clean_llm,dedup-cluster-e1f89602cec0d549198e89c6,revision_v1_chacha20_poly1305_base64_046,qwen2_5_7b_instruct_q4_k_m,direct_subword_calgacus,chacha20_poly1305_base64,explain_biological_process
detector_pair__33fa74f2b0c39f900d700e66__rankcloak,1,0.9996888637542725,deberta,leave_one_model__qwen2_5_7b_instruct_q4_k_m,test,matched_clean_llm,dedup-cluster-e1f89602cec0d549198e89c6,revision_v1_chacha20_poly1305_base64_046,qwen2_5_7b_instruct_q4_k_m,direct_subword_calgacus,chacha20_poly1305_base64,explain_biological_process
detector_pair__3496f8f6cd8c6eef9c025bb7__ordinary_control,0,0.0003322306147310883,deberta,leave_one_model__qwen2_5_7b_instruct_q4_k_m,test,matched_clean_llm,dedup-cluster-cd5aaecb05ff01717fe8ab2b,revision_v1_uuid_v4_025,qwen2_5_7b_instruct_q4_k_m,direct_subword_calgacus,uuid_v4,casual_weekend_chat
detector_pair__3496f8f6cd8c6eef9c025bb7__rankcloak,1,0.9389591217041016,deberta,leave_one_model__qwen2_5_7b_instruct_q4_k_m,test,matched_clean_llm,dedup-cluster-cd5aaecb05ff01717fe8ab2b,revision_v1_uuid_v4_025,qwen2_5_7b_instruct_q4_k_m,direct_subword_calgacus,uuid_v4,casual_weekend_chat
detector_pair__34fcf9d835bf52a86c661090__ordinary_control,0,0.0013696046080440283,deberta,leave_one_model__qwen2_5_7b_instruct_q4_k_m,test,matched_clean_llm,dedup-cluster-c3dca9a9298a213ff99b5c53,revision_v1_sha256_hex_017,qwen2_5_7b_instruct_q4_k_m,direct_subword_calgacus,sha256_hex,casual_weekend_chat
detector_pair__34fcf9d835bf52a86c661090__rankcloak,1,0.9980338215827942,deberta,leave_one_model__qwen2_5_7b_instruct_q4_k_m,test,matched_clean_llm,dedup-cluster-c3dca9a9298a213ff99b5c53,revision_v1_sha256_hex_017,qwen2_5_7b_instruct_q4_k_m,direct_subword_calgacus,sha256_hex,casual_weekend_chat
detector_pair__356ef366fb036b26b7b85732__ordinary_control,0,0.00043962497147731483,deberta,leave_one_model__qwen2_5_7b_instruct_q4_k_m,test,matched_clean_llm,dedup-cluster-f8f816ecf1e0e78375afe932,revision_v1_chacha20_poly1305_base64_025,qwen2_5_7b_instruct_q4_k_m,nonseg_ascii_b16,chacha20_poly1305_base64,forum_learning_answer
detector_pair__356ef366fb036b26b7b85732__rankcloak,1,0.9804561138153076,deberta,leave_one_model__qwen2_5_7b_instruct_q4_k_m,test,matched_clean_llm,dedup-cluster-f8f816ecf1e0e78375afe932,revision_v1_chacha20_poly1305_base64_025,qwen2_5_7b_instruct_q4_k_m,nonseg_ascii_b16,chacha20_poly1305_base64,forum_learning_answer
detector_pair__3575a38533d798c950a1a2f9__ordinary_control,0,0.0008392135496251285,deberta,leave_one_model__qwen2_5_7b_instruct_q4_k_m,test,matched_clean_llm,dedup-cluster-f10c8c155e4980c1847c8ddb,revision_v1_uuid_v4_035,qwen2_5_7b_instruct_q4_k_m,nonseg_ascii_b16,uuid_v4,narrative_local_walk
detector_pair__3575a38533d798c950a1a2f9__rankcloak,1,0.9861212372779846,deberta,leave_one_model__qwen2_5_7b_instruct_q4_k_m,test,matched_clean_llm,dedup-cluster-f10c8c155e4980c1847c8ddb,revision_v1_uuid_v4_035,qwen2_5_7b_instruct_q4_k_m,nonseg_ascii_b16,uuid_v4,narrative_local_walk
detector_pair__35b1ba4cbd78ae19065ff2f4__ordinary_control,0,0.0004647333116736263,deberta,leave_one_model__qwen2_5_7b_instruct_q4_k_m,test,matched_clean_llm,dedup-cluster-3835ae9c8d0c8b9133aa0f7c,revision_v1_sha256_hex_014,qwen2_5_7b_instruct_q4_k_m,segmented_hex_single_topic,sha256_hex,procedure_simple_meal
detector_pair__35b1ba4cbd78ae19065ff2f4__rankcloak,1,0.9997437596321106,deberta,leave_one_model__qwen2_5_7b_instruct_q4_k_m,test,matched_clean_llm,dedup-cluster-3835ae9c8d0c8b9133aa0f7c,revision_v1_sha256_hex_014,qwen2_5_7b_instruct_q4_k_m,segmented_hex_single_topic,sha256_hex,procedure_simple_meal
detector_pair__35ef5d0057fe2926e2211568__ordinary_control,0,0.0006812227657064795,deberta,leave_one_model__qwen2_5_7b_instruct_q4_k_m,test,matched_clean_llm,dedup-cluster-3d7049c126c3e6af15cc5c6b,revision_v1_hmac_sha256_hex_016,qwen2_5_7b_instruct_q4_k_m,segmented_hex_multi_topic,hmac_sha256_hex,casual_hobby_chat
detector_pair__35ef5d0057fe2926e2211568__rankcloak,1,0.9094247817993164,deberta,leave_one_model__qwen2_5_7b_instruct_q4_k_m,test,matched_clean_llm,dedup-cluster-3d7049c126c3e6af15cc5c6b,revision_v1_hmac_sha256_hex_016,qwen2_5_7b_instruct_q4_k_m,segmented_hex_multi_topic,hmac_sha256_hex,casual_hobby_chat
detector_pair__36614a06f65a04cd7cec4ac1__ordinary_control,0,0.0003024472971446812,deberta,leave_one_model__qwen2_5_7b_instruct_q4_k_m,test,matched_clean_llm,dedup-cluster-d3540d957b4816af4830d47f,revision_v1_chacha20_poly1305_base64_053,qwen2_5_7b_instruct_q4_k_m,nonseg_ascii_b16,chacha20_poly1305_base64,casual_weekend_chat
detector_pair__36614a06f65a04cd7cec4ac1__rankcloak,1,0.9996094107627869,deberta,leave_one_model__qwen2_5_7b_instruct_q4_k_m,test,matched_clean_llm,dedup-cluster-d3540d957b4816af4830d47f,revision_v1_chacha20_poly1305_base64_053,qwen2_5_7b_instruct_q4_k_m,nonseg_ascii_b16,chacha20_poly1305_base64,casual_weekend_chat
detector_pair__368d91551703e581e67bab1c__ordinary_control,0,0.0006999238976277411,deberta,leave_one_model__qwen2_5_7b_instruct_q4_k_m,test,matched_clean_llm,dedup-cluster-6ff827405e3ec8e1790ca5eb,revision_v1_sha256_hex_051,qwen2_5_7b_instruct_q4_k_m,segmented_hex_single_topic,sha256_hex,narrative_small_discovery
detector_pair__368d91551703e581e67bab1c__rankcloak,1,0.9046196937561035,deberta,leave_one_model__qwen2_5_7b_instruct_q4_k_m,test,matched_clean_llm,dedup-cluster-6ff827405e3ec8e1790ca5eb,revision_v1_sha256_hex_051,qwen2_5_7b_instruct_q4_k_m,segmented_hex_single_topic,sha256_hex,narrative_small_discovery
detector_pair__373502c034e0270baf2a58df__ordinary_control,0,0.0010671197669580579,deberta,leave_one_model__qwen2_5_7b_instruct_q4_k_m,test,matched_clean_llm,dedup-cluster-4a6717280abe6dffe389b392,revision_v1_aes256_gcm_base64_034,qwen2_5_7b_instruct_q4_k_m,nonseg_ascii_b16,aes256_gcm_base64,narrative_learning_moment
detector_pair__373502c034e0270baf2a58df__rankcloak,1,0.9881646633148193,deberta,leave_one_model__qwen2_5_7b_instruct_q4_k_m,test,matched_clean_llm,dedup-cluster-4a6717280abe6dffe389b392,revision_v1_aes256_gcm_base64_034,qwen2_5_7b_instruct_q4_k_m,nonseg_ascii_b16,aes256_gcm_base64,narrative_learning_moment
detector_pair__37fdfaf47ca2f14d9df68a79__ordinary_control,0,0.0012869867496192455,deberta,leave_one_model__qwen2_5_7b_instruct_q4_k_m,test,matched_clean_llm,dedup-cluster-6ff827405e3ec8e1790ca5eb,revision_v1_sha256_hex_051,qwen2_5_7b_instruct_q4_k_m,segmented_hex_single_topic,sha256_hex,narrative_small_discovery
detector_pair__37fdfaf47ca2f14d9df68a79__rankcloak,1,0.9997087121009827,deberta,leave_one_model__qwen2_5_7b_instruct_q4_k_m,test,matched_clean_llm,dedup-cluster-6ff827405e3ec8e1790ca5eb,revision_v1_sha256_hex_051,qwen2_5_7b_instruct_q4_k_m,segmented_hex_single_topic,sha256_hex,narrative_small_discovery
detector_pair__3896c9737e5c9f9e18b98c45__ordinary_control,0,0.0011578568955883384,deberta,leave_one_model__qwen2_5_7b_instruct_q4_k_m,test,matched_clean_llm,dedup-cluster-0d14bae63cd1e6e73dd0fa7a,revision_v1_nonce_96_bit_hex_022,qwen2_5_7b_instruct_q4_k_m,segmented_hex_multi_topic,nonce_96_bit_hex,professional_project_update
detector_pair__3896c9737e5c9f9e18b98c45__rankcloak,1,0.9892433881759644,deberta,leave_one_model__qwen2_5_7b_instruct_q4_k_m,test,matched_clean_llm,dedup-cluster-0d14bae63cd1e6e73dd0fa7a,revision_v1_nonce_96_bit_hex_022,qwen2_5_7b_instruct_q4_k_m,segmented_hex_multi_topic,nonce_96_bit_hex,professional_project_update
detector_pair__38b321807afd70b7eb8c85e3__ordinary_control,0,0.0003489385999273509,deberta,leave_one_model__qwen2_5_7b_instruct_q4_k_m,test,matched_clean_llm,dedup-cluster-b160d50a48c5e58f6dd7c118,revision_v1_token_128_bit_hex_009,qwen2_5_7b_instruct_q4_k_m,segmented_hex_single_topic,token_128_bit_hex,professional_process_email
detector_pair__38b321807afd70b7eb8c85e3__rankcloak,1,0.9925738573074341,deberta,leave_one_model__qwen2_5_7b_instruct_q4_k_m,test,matched_clean_llm,dedup-cluster-b160d50a48c5e58f6dd7c118,revision_v1_token_128_bit_hex_009,qwen2_5_7b_instruct_q4_k_m,segmented_hex_single_topic,token_128_bit_hex,professional_process_email
detector_pair__38e39afb8aa3f75669e92c9a__ordinary_control,0,0.0005615563713945448,deberta,leave_one_model__qwen2_5_7b_instruct_q4_k_m,test,matched_clean_llm,dedup-cluster-054651d73ab2fcb750307ee7,revision_v1_token_128_bit_hex_023,qwen2_5_7b_instruct_q4_k_m,direct_subword_calgacus,token_128_bit_hex,procedure_home_task
detector_pair__38e39afb8aa3f75669e92c9a__rankcloak,1,0.9996806383132935,deberta,leave_one_model__qwen2_5_7b_instruct_q4_k_m,test,matched_clean_llm,dedup-cluster-054651d73ab2fcb750307ee7,revision_v1_token_128_bit_hex_023,qwen2_5_7b_instruct_q4_k_m,direct_subword_calgacus,token_128_bit_hex,procedure_home_task
detector_pair__391a155e72aafc31ccc80fc0__ordinary_control,0,0.0003129805554635823,deberta,leave_one_model__qwen2_5_7b_instruct_q4_k_m,test,matched_clean_llm,dedup-cluster-0b53467e512d7aed40a8b7c5,revision_v1_hmac_sha256_hex_035,qwen2_5_7b_instruct_q4_k_m,segmented_hex_single_topic,hmac_sha256_hex,professional_schedule_note
detector_pair__391a155e72aafc31ccc80fc0__rankcloak,1,0.5425354838371277,deberta,leave_one_model__qwen2_5_7b_instruct_q4_k_m,test,matched_clean_llm,dedup-cluster-0b53467e512d7aed40a8b7c5,revision_v1_hmac_sha256_hex_035,qwen2_5_7b_instruct_q4_k_m,segmented_hex_single_topic,hmac_sha256_hex,professional_schedule_note
detector_pair__3a75526ad332648bddc9a80a__ordinary_control,0,0.0014332953142002225,deberta,leave_one_model__qwen2_5_7b_instruct_q4_k_m,test,matched_clean_llm,dedup-cluster-f6fc3479f88b17e2282c2e2e,revision_v1_token_128_bit_hex_043,qwen2_5_7b_instruct_q4_k_m,segmented_hex_multi_topic,token_128_bit_hex,explain_biological_process
detector_pair__3a75526ad332648bddc9a80a__rankcloak,1,0.9983626008033752,deberta,leave_one_model__qwen2_5_7b_instruct_q4_k_m,test,matched_clean_llm,dedup-cluster-f6fc3479f88b17e2282c2e2e,revision_v1_token_128_bit_hex_043,qwen2_5_7b_instruct_q4_k_m,segmented_hex_multi_topic,token_128_bit_hex,explain_biological_process
detector_pair__3b245e50324bfa6c475a33c5__ordinary_control,0,0.001585648744367063,deberta,leave_one_model__qwen2_5_7b_instruct_q4_k_m,test,matched_clean_llm,dedup-cluster-607fc29d4914c273292301d6,revision_v1_token_128_bit_hex_052,qwen2_5_7b_instruct_q4_k_m,nonseg_ascii_b8,token_128_bit_hex,forum_practical_answer
detector_pair__3b245e50324bfa6c475a33c5__rankcloak,1,0.9586241245269775,deberta,leave_one_model__qwen2_5_7b_instruct_q4_k_m,test,matched_clean_llm,dedup-cluster-607fc29d4914c273292301d6,revision_v1_token_128_bit_hex_052,qwen2_5_7b_instruct_q4_k_m,nonseg_ascii_b8,token_128_bit_hex,forum_practical_answer
detector_pair__3b29906b3fe15d1ea134759a__ordinary_control,0,0.0005963577423244715,deberta,leave_one_model__qwen2_5_7b_instruct_q4_k_m,test,matched_clean_llm,dedup-cluster-3550b9941e44ba053c139eaa,revision_v1_sha256_hex_055,qwen2_5_7b_instruct_q4_k_m,nonseg_hex_nibble_b16,sha256_hex,forum_purchase_advice
detector_pair__3b29906b3fe15d1ea134759a__rankcloak,1,0.8614234328269958,deberta,leave_one_model__qwen2_5_7b_instruct_q4_k_m,test,matched_clean_llm,dedup-cluster-3550b9941e44ba053c139eaa,revision_v1_sha256_hex_055,qwen2_5_7b_instruct_q4_k_m,nonseg_hex_nibble_b16,sha256_hex,forum_purchase_advice
detector_pair__3b622031a78e2b56e7cab9fa__ordinary_control,0,0.0012756913201883435,deberta,leave_one_model__qwen2_5_7b_instruct_q4_k_m,test,matched_clean_llm,dedup-cluster-2ecc22c7d6a07954ad922bdc,revision_v1_token_128_bit_hex_014,qwen2_5_7b_instruct_q4_k_m,nonseg_ascii_b8,token_128_bit_hex,casual_weekend_chat
detector_pair__3b622031a78e2b56e7cab9fa__rankcloak,1,0.9298519492149353,deberta,leave_one_model__qwen2_5_7b_instruct_q4_k_m,test,matched_clean_llm,dedup-cluster-2ecc22c7d6a07954ad922bdc,revision_v1_token_128_bit_hex_014,qwen2_5_7b_instruct_q4_k_m,nonseg_ascii_b8,token_128_bit_hex,casual_weekend_chat
detector_pair__3ba2e15b651ca734ad491e9a__ordinary_control,0,0.0007479196065105498,deberta,leave_one_model__qwen2_5_7b_instruct_q4_k_m,test,matched_clean_llm,dedup-cluster-607fc29d4914c273292301d6,revision_v1_token_128_bit_hex_052,qwen2_5_7b_instruct_q4_k_m,direct_subword_calgacus,token_128_bit_hex,forum_practical_answer
detector_pair__3ba2e15b651ca734ad491e9a__rankcloak,1,0.9996232986450195,deberta,leave_one_model__qwen2_5_7b_instruct_q4_k_m,test,matched_clean_llm,dedup-cluster-607fc29d4914c273292301d6,revision_v1_token_128_bit_hex_052,qwen2_5_7b_instruct_q4_k_m,direct_subword_calgacus,token_128_bit_hex,forum_practical_answer
detector_pair__3c58f943c5df634cdd421246__ordinary_control,0,0.000493131869006902,deberta,leave_one_model__qwen2_5_7b_instruct_q4_k_m,test,matched_clean_llm,dedup-cluster-607fc29d4914c273292301d6,revision_v1_token_128_bit_hex_052,qwen2_5_7b_instruct_q4_k_m,nonseg_hex_nibble_b16,token_128_bit_hex,forum_practical_answer
detector_pair__3c58f943c5df634cdd421246__rankcloak,1,0.789202868938446,deberta,leave_one_model__qwen2_5_7b_instruct_q4_k_m,test,matched_clean_llm,dedup-cluster-607fc29d4914c273292301d6,revision_v1_token_128_bit_hex_052,qwen2_5_7b_instruct_q4_k_m,nonseg_hex_nibble_b16,token_128_bit_hex,forum_practical_answer
detector_pair__3c645b4f252cf50248392c08__ordinary_control,0,0.000899704871699214,deberta,leave_one_model__qwen2_5_7b_instruct_q4_k_m,test,matched_clean_llm,dedup-cluster-a70c2199fe9757fc3a965e41,revision_v1_sha256_hex_041,qwen2_5_7b_instruct_q4_k_m,segmented_hex_single_topic,sha256_hex,casual_hobby_chat
detector_pair__3c645b4f252cf50248392c08__rankcloak,1,0.9996470212936401,deberta,leave_one_model__qwen2_5_7b_instruct_q4_k_m,test,matched_clean_llm,dedup-cluster-a70c2199fe9757fc3a965e41,revision_v1_sha256_hex_041,qwen2_5_7b_instruct_q4_k_m,segmented_hex_single_topic,sha256_hex,casual_hobby_chat
detector_pair__3c66f903fba94a9faf3479c8__ordinary_control,0,0.0009795569349080324,deberta,leave_one_model__qwen2_5_7b_instruct_q4_k_m,test,matched_clean_llm,dedup-cluster-3d7049c126c3e6af15cc5c6b,revision_v1_hmac_sha256_hex_016,qwen2_5_7b_instruct_q4_k_m,nonseg_hex_nibble_b16,hmac_sha256_hex,casual_hobby_chat
detector_pair__3c66f903fba94a9faf3479c8__rankcloak,1,0.9864704012870789,deberta,leave_one_model__qwen2_5_7b_instruct_q4_k_m,test,matched_clean_llm,dedup-cluster-3d7049c126c3e6af15cc5c6b,revision_v1_hmac_sha256_hex_016,qwen2_5_7b_instruct_q4_k_m,nonseg_hex_nibble_b16,hmac_sha256_hex,casual_hobby_chat
detector_pair__3c7e9151c5a7992edf37aa5d__ordinary_control,0,0.0007008056272752583,deberta,leave_one_model__qwen2_5_7b_instruct_q4_k_m,test,matched_clean_llm,dedup-cluster-9f10381b863e019fc6de8b74,revision_v1_uuid_v4_011,qwen2_5_7b_instruct_q4_k_m,nonseg_ascii_b16,uuid_v4,narrative_small_discovery
detector_pair__3c7e9151c5a7992edf37aa5d__rankcloak,1,0.7961820363998413,deberta,leave_one_model__qwen2_5_7b_instruct_q4_k_m,test,matched_clean_llm,dedup-cluster-9f10381b863e019fc6de8b74,revision_v1_uuid_v4_011,qwen2_5_7b_instruct_q4_k_m,nonseg_ascii_b16,uuid_v4,narrative_small_discovery
detector_pair__3cfbee64b2ba78236728c1d6__ordinary_control,0,0.0004953293246217072,deberta,leave_one_model__qwen2_5_7b_instruct_q4_k_m,test,matched_clean_llm,dedup-cluster-a37fa1ef4ffc42eb7c181e4b,revision_v1_aes256_gcm_base64_056,qwen2_5_7b_instruct_q4_k_m,nonseg_ascii_b16,aes256_gcm_base64,forum_practical_answer
detector_pair__3cfbee64b2ba78236728c1d6__rankcloak,1,0.9989655017852783,deberta,leave_one_model__qwen2_5_7b_instruct_q4_k_m,test,matched_clean_llm,dedup-cluster-a37fa1ef4ffc42eb7c181e4b,revision_v1_aes256_gcm_base64_056,qwen2_5_7b_instruct_q4_k_m,nonseg_ascii_b16,aes256_gcm_base64,forum_practical_answer
detector_pair__3d4a9e4e12319ac86c3ff28f__ordinary_control,0,0.0010511495638638735,deberta,leave_one_model__qwen2_5_7b_instruct_q4_k_m,test,matched_clean_llm,dedup-cluster-0597144dc6356aef849f0b73,revision_v1_chacha20_poly1305_base64_007,qwen2_5_7b_instruct_q4_k_m,nonseg_ascii_b8,chacha20_poly1305_base64,forum_learning_answer
detector_pair__3d4a9e4e12319ac86c3ff28f__rankcloak,1,0.9914546012878418,deberta,leave_one_model__qwen2_5_7b_instruct_q4_k_m,test,matched_clean_llm,dedup-cluster-0597144dc6356aef849f0b73,revision_v1_chacha20_poly1305_base64_007,qwen2_5_7b_instruct_q4_k_m,nonseg_ascii_b8,chacha20_poly1305_base64,forum_learning_answer
detector_pair__3e32ac69732fab90c639468f__ordinary_control,0,0.0008997219847515225,deberta,leave_one_model__qwen2_5_7b_instruct_q4_k_m,test,matched_clean_llm,dedup-cluster-83b5ef276b5071a7412eb272,revision_v1_token_128_bit_hex_001,qwen2_5_7b_instruct_q4_k_m,nonseg_ascii_b16,token_128_bit_hex,explain_everyday_system
detector_pair__3e32ac69732fab90c639468f__rankcloak,1,0.9351977705955505,deberta,leave_one_model__qwen2_5_7b_instruct_q4_k_m,test,matched_clean_llm,dedup-cluster-83b5ef276b5071a7412eb272,revision_v1_token_128_bit_hex_001,qwen2_5_7b_instruct_q4_k_m,nonseg_ascii_b16,token_128_bit_hex,explain_everyday_system
detector_pair__3e3549125bf965e8b92851b7__ordinary_control,0,0.0004349708033259958,deberta,leave_one_model__qwen2_5_7b_instruct_q4_k_m,test,matched_clean_llm,dedup-cluster-1e85096517059ca2585e10f1,revision_v1_nonce_96_bit_hex_044,qwen2_5_7b_instruct_q4_k_m,segmented_hex_single_topic,nonce_96_bit_hex,explain_everyday_system
detector_pair__3e3549125bf965e8b92851b7__rankcloak,1,0.9961077570915222,deberta,leave_one_model__qwen2_5_7b_instruct_q4_k_m,test,matched_clean_llm,dedup-cluster-1e85096517059ca2585e10f1,revision_v1_nonce_96_bit_hex_044,qwen2_5_7b_instruct_q4_k_m,segmented_hex_single_topic,nonce_96_bit_hex,explain_everyday_system
detector_pair__3eb712799aa0cdc588fe7280__ordinary_control,0,0.0006306055001914501,deberta,leave_one_model__qwen2_5_7b_instruct_q4_k_m,test,matched_clean_llm,dedup-cluster-1a88735e2967b1b509e24d6b,revision_v1_token_128_bit_hex_015,qwen2_5_7b_instruct_q4_k_m,nonseg_ascii_b8,token_128_bit_hex,professional_project_update
detector_pair__3eb712799aa0cdc588fe7280__rankcloak,1,0.0265213456004858,deberta,leave_one_model__qwen2_5_7b_instruct_q4_k_m,test,matched_clean_llm,dedup-cluster-1a88735e2967b1b509e24d6b,revision_v1_token_128_bit_hex_015,qwen2_5_7b_instruct_q4_k_m,nonseg_ascii_b8,token_128_bit_hex,professional_project_update
detector_pair__3efe1daddb015a7e5eb0f2a6__ordinary_control,0,0.0006749173044227064,deberta,leave_one_model__qwen2_5_7b_instruct_q4_k_m,test,matched_clean_llm,dedup-cluster-1ad3df916a9f0ee2bcfba8d6,revision_v1_uuid_v4_027,qwen2_5_7b_instruct_q4_k_m,nonseg_ascii_b16,uuid_v4,forum_practical_answer
detector_pair__3efe1daddb015a7e5eb0f2a6__rankcloak,1,0.9994009733200073,deberta,leave_one_model__qwen2_5_7b_instruct_q4_k_m,test,matched_clean_llm,dedup-cluster-1ad3df916a9f0ee2bcfba8d6,revision_v1_uuid_v4_027,qwen2_5_7b_instruct_q4_k_m,nonseg_ascii_b16,uuid_v4,forum_practical_answer
detector_pair__4046b1c46f53b2be78124a45__ordinary_control,0,0.0007110195583663881,deberta,leave_one_model__qwen2_5_7b_instruct_q4_k_m,test,matched_clean_llm,dedup-cluster-b021f708a83df097e9b0dc22,revision_v1_aes256_gcm_base64_043,qwen2_5_7b_instruct_q4_k_m,direct_subword_calgacus,aes256_gcm_base64,professional_schedule_note
detector_pair__4046b1c46f53b2be78124a45__rankcloak,1,0.9993619322776794,deberta,leave_one_model__qwen2_5_7b_instruct_q4_k_m,test,matched_clean_llm,dedup-cluster-b021f708a83df097e9b0dc22,revision_v1_aes256_gcm_base64_043,qwen2_5_7b_instruct_q4_k_m,direct_subword_calgacus,aes256_gcm_base64,professional_schedule_note
detector_pair__406d9f65b765cf35007009e5__ordinary_control,0,0.0004030504496768117,deberta,leave_one_model__qwen2_5_7b_instruct_q4_k_m,test,matched_clean_llm,dedup-cluster-2b83d1cb5d632d6722e2a911,revision_v1_ed25519_signature_base64_022,qwen2_5_7b_instruct_q4_k_m,direct_subword_calgacus,ed25519_signature_base64,casual_neighborhood_chat
detector_pair__406d9f65b765cf35007009e5__rankcloak,1,0.9997488856315613,deberta,leave_one_model__qwen2_5_7b_instruct_q4_k_m,test,matched_clean_llm,dedup-cluster-2b83d1cb5d632d6722e2a911,revision_v1_ed25519_signature_base64_022,qwen2_5_7b_instruct_q4_k_m,direct_subword_calgacus,ed25519_signature_base64,casual_neighborhood_chat
detector_pair__41256d7bf992c39ad7f165b0__ordinary_control,0,0.0004956356133334339,deberta,leave_one_model__qwen2_5_7b_instruct_q4_k_m,test,matched_clean_llm,dedup-cluster-91605a72859a660f036d538b,revision_v1_sha256_hex_009,qwen2_5_7b_instruct_q4_k_m,nonseg_hex_nibble_b16,sha256_hex,narrative_learning_moment
detector_pair__41256d7bf992c39ad7f165b0__rankcloak,1,0.783953070640564,deberta,leave_one_model__qwen2_5_7b_instruct_q4_k_m,test,matched_clean_llm,dedup-cluster-91605a72859a660f036d538b,revision_v1_sha256_hex_009,qwen2_5_7b_instruct_q4_k_m,nonseg_hex_nibble_b16,sha256_hex,narrative_learning_moment
detector_pair__42be1e7dfb39e25db85544db__ordinary_control,0,0.0011887295404449105,deberta,leave_one_model__qwen2_5_7b_instruct_q4_k_m,test,matched_clean_llm,dedup-cluster-6ff827405e3ec8e1790ca5eb,revision_v1_sha256_hex_051,qwen2_5_7b_instruct_q4_k_m,segmented_hex_multi_topic,sha256_hex,narrative_small_discovery
detector_pair__42be1e7dfb39e25db85544db__rankcloak,1,0.9281134009361267,deberta,leave_one_model__qwen2_5_7b_instruct_q4_k_m,test,matched_clean_llm,dedup-cluster-6ff827405e3ec8e1790ca5eb,revision_v1_sha256_hex_051,qwen2_5_7b_instruct_q4_k_m,segmented_hex_multi_topic,sha256_hex,narrative_small_discovery
detector_pair__4363058d346af27e5ac47c3c__ordinary_control,0,0.0009524513152427971,deberta,leave_one_model__qwen2_5_7b_instruct_q4_k_m,test,matched_clean_llm,dedup-cluster-2ecc22c7d6a07954ad922bdc,revision_v1_token_128_bit_hex_014,qwen2_5_7b_instruct_q4_k_m,nonseg_ascii_b16,token_128_bit_hex,casual_weekend_chat
detector_pair__4363058d346af27e5ac47c3c__rankcloak,1,0.7691975235939026,deberta,leave_one_model__qwen2_5_7b_instruct_q4_k_m,test,matched_clean_llm,dedup-cluster-2ecc22c7d6a07954ad922bdc,revision_v1_token_128_bit_hex_014,qwen2_5_7b_instruct_q4_k_m,nonseg_ascii_b16,token_128_bit_hex,casual_weekend_chat
detector_pair__44b521b4cd7ff78de84976b7__ordinary_control,0,0.0012163891224190593,deberta,leave_one_model__qwen2_5_7b_instruct_q4_k_m,test,matched_clean_llm,dedup-cluster-607fc29d4914c273292301d6,revision_v1_token_128_bit_hex_052,qwen2_5_7b_instruct_q4_k_m,segmented_hex_multi_topic,token_128_bit_hex,forum_practical_answer
detector_pair__44b521b4cd7ff78de84976b7__rankcloak,1,0.9995046854019165,deberta,leave_one_model__qwen2_5_7b_instruct_q4_k_m,test,matched_clean_llm,dedup-cluster-607fc29d4914c273292301d6,revision_v1_token_128_bit_hex_052,qwen2_5_7b_instruct_q4_k_m,segmented_hex_multi_topic,token_128_bit_hex,forum_practical_answer
detector_pair__4534d52a0ba1b04298ba6a6d__ordinary_control,0,0.0006474472465924919,deberta,leave_one_model__qwen2_5_7b_instruct_q4_k_m,test,matched_clean_llm,dedup-cluster-86d70a013a18a7f0dc80b7f5,revision_v1_hmac_sha256_hex_001,qwen2_5_7b_instruct_q4_k_m,segmented_hex_single_topic,hmac_sha256_hex,procedure_garden_task
detector_pair__4534d52a0ba1b04298ba6a6d__rankcloak,1,0.9993199110031128,deberta,leave_one_model__qwen2_5_7b_instruct_q4_k_m,test,matched_clean_llm,dedup-cluster-86d70a013a18a7f0dc80b7f5,revision_v1_hmac_sha256_hex_001,qwen2_5_7b_instruct_q4_k_m,segmented_hex_single_topic,hmac_sha256_hex,procedure_garden_task
detector_pair__455a7fe2e1fc92b55bc25c7d__ordinary_control,0,0.0009269803995266557,deberta,leave_one_model__qwen2_5_7b_instruct_q4_k_m,test,matched_clean_llm,dedup-cluster-b84d789db2f53c6cca61a4a3,revision_v1_nonce_96_bit_hex_004,qwen2_5_7b_instruct_q4_k_m,segmented_hex_multi_topic,nonce_96_bit_hex,professional_project_update
detector_pair__455a7fe2e1fc92b55bc25c7d__rankcloak,1,0.9463927745819092,deberta,leave_one_model__qwen2_5_7b_instruct_q4_k_m,test,matched_clean_llm,dedup-cluster-b84d789db2f53c6cca61a4a3,revision_v1_nonce_96_bit_hex_004,qwen2_5_7b_instruct_q4_k_m,segmented_hex_multi_topic,nonce_96_bit_hex,professional_project_update
detector_pair__4578cb3945842d90c4277673__ordinary_control,0,0.0006477849092334509,deberta,leave_one_model__qwen2_5_7b_instruct_q4_k_m,test,matched_clean_llm,dedup-cluster-b160d50a48c5e58f6dd7c118,revision_v1_token_128_bit_hex_009,qwen2_5_7b_instruct_q4_k_m,nonseg_ascii_b8,token_128_bit_hex,professional_process_email
detector_pair__4578cb3945842d90c4277673__rankcloak,1,0.897601842880249,deberta,leave_one_model__qwen2_5_7b_instruct_q4_k_m,test,matched_clean_llm,dedup-cluster-b160d50a48c5e58f6dd7c118,revision_v1_token_128_bit_hex_009,qwen2_5_7b_instruct_q4_k_m,nonseg_ascii_b8,token_128_bit_hex,professional_process_email
detector_pair__46fc68ef02f1a8d0c298149c__ordinary_control,0,0.00033736132900230587,deberta,leave_one_model__qwen2_5_7b_instruct_q4_k_m,test,matched_clean_llm,dedup-cluster-2b83d1cb5d632d6722e2a911,revision_v1_ed25519_signature_base64_022,qwen2_5_7b_instruct_q4_k_m,nonseg_ascii_b16,ed25519_signature_base64,casual_neighborhood_chat
detector_pair__46fc68ef02f1a8d0c298149c__rankcloak,1,0.9977349042892456,deberta,leave_one_model__qwen2_5_7b_instruct_q4_k_m,test,matched_clean_llm,dedup-cluster-2b83d1cb5d632d6722e2a911,revision_v1_ed25519_signature_base64_022,qwen2_5_7b_instruct_q4_k_m,nonseg_ascii_b16,ed25519_signature_base64,casual_neighborhood_chat
detector_pair__4781f3bff23a36289b8f4227__ordinary_control,0,0.00093570671742782,deberta,leave_one_model__qwen2_5_7b_instruct_q4_k_m,test,matched_clean_llm,dedup-cluster-c791365cbb6a3ed856420c65,revision_v1_hmac_sha256_hex_023,qwen2_5_7b_instruct_q4_k_m,segmented_hex_multi_topic,hmac_sha256_hex,professional_process_email
detector_pair__4781f3bff23a36289b8f4227__rankcloak,1,0.984941303730011,deberta,leave_one_model__qwen2_5_7b_instruct_q4_k_m,test,matched_clean_llm,dedup-cluster-c791365cbb6a3ed856420c65,revision_v1_hmac_sha256_hex_023,qwen2_5_7b_instruct_q4_k_m,segmented_hex_multi_topic,hmac_sha256_hex,professional_process_email
detector_pair__49bef8879169fc5d052a6643__ordinary_control,0,0.0008614548714831471,deberta,leave_one_model__qwen2_5_7b_instruct_q4_k_m,test,matched_clean_llm,dedup-cluster-b84d789db2f53c6cca61a4a3,revision_v1_nonce_96_bit_hex_004,qwen2_5_7b_instruct_q4_k_m,segmented_hex_multi_topic,nonce_96_bit_hex,professional_project_update
detector_pair__49bef8879169fc5d052a6643__rankcloak,1,0.08851136267185211,deberta,leave_one_model__qwen2_5_7b_instruct_q4_k_m,test,matched_clean_llm,dedup-cluster-b84d789db2f53c6cca61a4a3,revision_v1_nonce_96_bit_hex_004,qwen2_5_7b_instruct_q4_k_m,segmented_hex_multi_topic,nonce_96_bit_hex,professional_project_update
detector_pair__4a5ec7f3c0baf8a8c4fff387__ordinary_control,0,0.001122584450058639,deberta,leave_one_model__qwen2_5_7b_instruct_q4_k_m,test,matched_clean_llm,dedup-cluster-2447f2f757732f18a1468db2,revision_v1_aes256_gcm_base64_044,qwen2_5_7b_instruct_q4_k_m,nonseg_ascii_b16,aes256_gcm_base64,forum_purchase_advice
detector_pair__4a5ec7f3c0baf8a8c4fff387__rankcloak,1,0.870060920715332,deberta,leave_one_model__qwen2_5_7b_instruct_q4_k_m,test,matched_clean_llm,dedup-cluster-2447f2f757732f18a1468db2,revision_v1_aes256_gcm_base64_044,qwen2_5_7b_instruct_q4_k_m,nonseg_ascii_b16,aes256_gcm_base64,forum_purchase_advice
detector_pair__4a9431f93e1d09d5ba54f113__ordinary_control,0,0.0004844573268201202,deberta,leave_one_model__qwen2_5_7b_instruct_q4_k_m,test,matched_clean_llm,dedup-cluster-be754e26863b30c33e0e75f4,revision_v1_hmac_sha256_hex_000,qwen2_5_7b_instruct_q4_k_m,segmented_hex_multi_topic,hmac_sha256_hex,forum_learning_answer
detector_pair__4a9431f93e1d09d5ba54f113__rankcloak,1,0.9998049139976501,deberta,leave_one_model__qwen2_5_7b_instruct_q4_k_m,test,matched_clean_llm,dedup-cluster-be754e26863b30c33e0e75f4,revision_v1_hmac_sha256_hex_000,qwen2_5_7b_instruct_q4_k_m,segmented_hex_multi_topic,hmac_sha256_hex,forum_learning_answer
detector_pair__4aacea46bc65d6a6336fd498__ordinary_control,0,0.0016348445788025856,deberta,leave_one_model__qwen2_5_7b_instruct_q4_k_m,test,matched_clean_llm,dedup-cluster-0a09c663faa5a6e644901d76,revision_v1_sha256_hex_016,qwen2_5_7b_instruct_q4_k_m,segmented_hex_multi_topic,sha256_hex,explain_weather_pattern
detector_pair__4aacea46bc65d6a6336fd498__rankcloak,1,0.9799705743789673,deberta,leave_one_model__qwen2_5_7b_instruct_q4_k_m,test,matched_clean_llm,dedup-cluster-0a09c663faa5a6e644901d76,revision_v1_sha256_hex_016,qwen2_5_7b_instruct_q4_k_m,segmented_hex_multi_topic,sha256_hex,explain_weather_pattern
detector_pair__4acd4a5dcbd4cc8bd6bb45ca__ordinary_control,0,0.001576696988195181,deberta,leave_one_model__qwen2_5_7b_instruct_q4_k_m,test,matched_clean_llm,dedup-cluster-530f7a325b417a884b1be200,revision_v1_nonce_96_bit_hex_032,qwen2_5_7b_instruct_q4_k_m,segmented_hex_single_topic,nonce_96_bit_hex,explain_biological_process
detector_pair__4acd4a5dcbd4cc8bd6bb45ca__rankcloak,1,0.9994704127311707,deberta,leave_one_model__qwen2_5_7b_instruct_q4_k_m,test,matched_clean_llm,dedup-cluster-530f7a325b417a884b1be200,revision_v1_nonce_96_bit_hex_032,qwen2_5_7b_instruct_q4_k_m,segmented_hex_single_topic,nonce_96_bit_hex,explain_biological_process
detector_pair__4b42958794ca5ca5b74d53c8__ordinary_control,0,0.0004424864600878209,deberta,leave_one_model__qwen2_5_7b_instruct_q4_k_m,test,matched_clean_llm,dedup-cluster-29c00935d1f39c68be75bfe8,revision_v1_nonce_96_bit_hex_035,qwen2_5_7b_instruct_q4_k_m,nonseg_ascii_b8,nonce_96_bit_hex,forum_learning_answer
detector_pair__4b42958794ca5ca5b74d53c8__rankcloak,1,0.9778696894645691,deberta,leave_one_model__qwen2_5_7b_instruct_q4_k_m,test,matched_clean_llm,dedup-cluster-29c00935d1f39c68be75bfe8,revision_v1_nonce_96_bit_hex_035,qwen2_5_7b_instruct_q4_k_m,nonseg_ascii_b8,nonce_96_bit_hex,forum_learning_answer
detector_pair__4b6fd7d33325d1af64b6df6e__ordinary_control,0,0.0007183949346654117,deberta,leave_one_model__qwen2_5_7b_instruct_q4_k_m,test,matched_clean_llm,dedup-cluster-c5e7aa80077f7be08ccd7015,revision_v1_nonce_96_bit_hex_018,qwen2_5_7b_instruct_q4_k_m,segmented_hex_single_topic,nonce_96_bit_hex,procedure_simple_meal
detector_pair__4b6fd7d33325d1af64b6df6e__rankcloak,1,0.07853347063064575,deberta,leave_one_model__qwen2_5_7b_instruct_q4_k_m,test,matched_clean_llm,dedup-cluster-c5e7aa80077f7be08ccd7015,revision_v1_nonce_96_bit_hex_018,qwen2_5_7b_instruct_q4_k_m,segmented_hex_single_topic,nonce_96_bit_hex,procedure_simple_meal
detector_pair__4bbdb1b44384c897ac53abe6__ordinary_control,0,0.00036073423689231277,deberta,leave_one_model__qwen2_5_7b_instruct_q4_k_m,test,matched_clean_llm,dedup-cluster-089a5c41a6187c40edeb1a0c,revision_v1_nonce_96_bit_hex_007,qwen2_5_7b_instruct_q4_k_m,segmented_hex_single_topic,nonce_96_bit_hex,narrative_local_walk
detector_pair__4bbdb1b44384c897ac53abe6__rankcloak,1,0.9993821382522583,deberta,leave_one_model__qwen2_5_7b_instruct_q4_k_m,test,matched_clean_llm,dedup-cluster-089a5c41a6187c40edeb1a0c,revision_v1_nonce_96_bit_hex_007,qwen2_5_7b_instruct_q4_k_m,segmented_hex_single_topic,nonce_96_bit_hex,narrative_local_walk
detector_pair__4c3b1de86c248039f414d13b__ordinary_control,0,0.0015762248076498508,deberta,leave_one_model__qwen2_5_7b_instruct_q4_k_m,test,matched_clean_llm,dedup-cluster-f1630cf66c55bafe664639a5,revision_v1_hmac_sha256_hex_009,qwen2_5_7b_instruct_q4_k_m,nonseg_ascii_b8,hmac_sha256_hex,explain_weather_pattern
detector_pair__4c3b1de86c248039f414d13b__rankcloak,1,0.9338564276695251,deberta,leave_one_model__qwen2_5_7b_instruct_q4_k_m,test,matched_clean_llm,dedup-cluster-f1630cf66c55bafe664639a5,revision_v1_hmac_sha256_hex_009,qwen2_5_7b_instruct_q4_k_m,nonseg_ascii_b8,hmac_sha256_hex,explain_weather_pattern
detector_pair__4d0fbf4f06e538b6296db834__ordinary_control,0,0.0008079932304099202,deberta,leave_one_model__qwen2_5_7b_instruct_q4_k_m,test,matched_clean_llm,dedup-cluster-3b447f2610b594483f55ba30,revision_v1_aes256_gcm_base64_028,qwen2_5_7b_instruct_q4_k_m,nonseg_ascii_b16,aes256_gcm_base64,narrative_local_walk
detector_pair__4d0fbf4f06e538b6296db834__rankcloak,1,0.9996637105941772,deberta,leave_one_model__qwen2_5_7b_instruct_q4_k_m,test,matched_clean_llm,dedup-cluster-3b447f2610b594483f55ba30,revision_v1_aes256_gcm_base64_028,qwen2_5_7b_instruct_q4_k_m,nonseg_ascii_b16,aes256_gcm_base64,narrative_local_walk
detector_pair__4da55c9a83764d9718540571__ordinary_control,0,0.0025887240190058947,deberta,leave_one_model__qwen2_5_7b_instruct_q4_k_m,test,matched_clean_llm,dedup-cluster-a0ec330801b891c994a313b8,revision_v1_hmac_sha256_hex_057,qwen2_5_7b_instruct_q4_k_m,nonseg_ascii_b8,hmac_sha256_hex,explain_biological_process
detector_pair__4da55c9a83764d9718540571__rankcloak,1,0.9988107681274414,deberta,leave_one_model__qwen2_5_7b_instruct_q4_k_m,test,matched_clean_llm,dedup-cluster-a0ec330801b891c994a313b8,revision_v1_hmac_sha256_hex_057,qwen2_5_7b_instruct_q4_k_m,nonseg_ascii_b8,hmac_sha256_hex,explain_biological_process
detector_pair__4de056c87176be47e64ef237__ordinary_control,0,0.0004211406921967864,deberta,leave_one_model__qwen2_5_7b_instruct_q4_k_m,test,matched_clean_llm,dedup-cluster-047b2cb5417d30901a590a18,revision_v1_chacha20_poly1305_base64_013,qwen2_5_7b_instruct_q4_k_m,direct_subword_calgacus,chacha20_poly1305_base64,forum_practical_answer
detector_pair__4de056c87176be47e64ef237__rankcloak,1,0.9997943043708801,deberta,leave_one_model__qwen2_5_7b_instruct_q4_k_m,test,matched_clean_llm,dedup-cluster-047b2cb5417d30901a590a18,revision_v1_chacha20_poly1305_base64_013,qwen2_5_7b_instruct_q4_k_m,direct_subword_calgacus,chacha20_poly1305_base64,forum_practical_answer
detector_pair__4eb23199da3d02a3e85ce0a2__ordinary_control,0,0.0005146869225427508,deberta,leave_one_model__qwen2_5_7b_instruct_q4_k_m,test,matched_clean_llm,dedup-cluster-f6fc3479f88b17e2282c2e2e,revision_v1_token_128_bit_hex_043,qwen2_5_7b_instruct_q4_k_m,direct_subword_calgacus,token_128_bit_hex,explain_biological_process
detector_pair__4eb23199da3d02a3e85ce0a2__rankcloak,1,0.7210552096366882,deberta,leave_one_model__qwen2_5_7b_instruct_q4_k_m,test,matched_clean_llm,dedup-cluster-f6fc3479f88b17e2282c2e2e,revision_v1_token_128_bit_hex_043,qwen2_5_7b_instruct_q4_k_m,direct_subword_calgacus,token_128_bit_hex,explain_biological_process
detector_pair__4fa268a758aaf967a93bc16f__ordinary_control,0,0.0005051822517998517,deberta,leave_one_model__qwen2_5_7b_instruct_q4_k_m,test,matched_clean_llm,dedup-cluster-4fce714af80d0b4f14ad4961,revision_v1_sha256_hex_008,qwen2_5_7b_instruct_q4_k_m,nonseg_ascii_b16,sha256_hex,procedure_garden_task
detector_pair__4fa268a758aaf967a93bc16f__rankcloak,1,0.9884381890296936,deberta,leave_one_model__qwen2_5_7b_instruct_q4_k_m,test,matched_clean_llm,dedup-cluster-4fce714af80d0b4f14ad4961,revision_v1_sha256_hex_008,qwen2_5_7b_instruct_q4_k_m,nonseg_ascii_b16,sha256_hex,procedure_garden_task
detector_pair__4fbcc3fd969d6c871c3afa33__ordinary_control,0,0.0016049310797825456,deberta,leave_one_model__qwen2_5_7b_instruct_q4_k_m,test,matched_clean_llm,dedup-cluster-b84d789db2f53c6cca61a4a3,revision_v1_nonce_96_bit_hex_004,qwen2_5_7b_instruct_q4_k_m,direct_subword_calgacus,nonce_96_bit_hex,professional_project_update
detector_pair__4fbcc3fd969d6c871c3afa33__rankcloak,1,0.990517795085907,deberta,leave_one_model__qwen2_5_7b_instruct_q4_k_m,test,matched_clean_llm,dedup-cluster-b84d789db2f53c6cca61a4a3,revision_v1_nonce_96_bit_hex_004,qwen2_5_7b_instruct_q4_k_m,direct_subword_calgacus,nonce_96_bit_hex,professional_project_update
detector_pair__4feb09eb3310002c7aea3d25__ordinary_control,0,0.0007478882907889783,deberta,leave_one_model__qwen2_5_7b_instruct_q4_k_m,test,matched_clean_llm,dedup-cluster-95e2f27c2b585a3d4fdfda70,revision_v1_nonce_96_bit_hex_013,qwen2_5_7b_instruct_q4_k_m,segmented_hex_multi_topic,nonce_96_bit_hex,narrative_learning_moment
detector_pair__4feb09eb3310002c7aea3d25__rankcloak,1,0.09508901089429855,deberta,leave_one_model__qwen2_5_7b_instruct_q4_k_m,test,matched_clean_llm,dedup-cluster-95e2f27c2b585a3d4fdfda70,revision_v1_nonce_96_bit_hex_013,qwen2_5_7b_instruct_q4_k_m,segmented_hex_multi_topic,nonce_96_bit_hex,narrative_learning_moment
detector_pair__50d53c6120491a2570900160__ordinary_control,0,0.001235587289556861,deberta,leave_one_model__qwen2_5_7b_instruct_q4_k_m,test,matched_clean_llm,dedup-cluster-92597d293b9374d8f0316f4d,revision_v1_hmac_sha256_hex_031,qwen2_5_7b_instruct_q4_k_m,segmented_hex_multi_topic,hmac_sha256_hex,procedure_home_task
detector_pair__50d53c6120491a2570900160__rankcloak,1,0.9992522597312927,deberta,leave_one_model__qwen2_5_7b_instruct_q4_k_m,test,matched_clean_llm,dedup-cluster-92597d293b9374d8f0316f4d,revision_v1_hmac_sha256_hex_031,qwen2_5_7b_instruct_q4_k_m,segmented_hex_multi_topic,hmac_sha256_hex,procedure_home_task
detector_pair__515c3bc8e42ffcbe69498eed__ordinary_control,0,0.0007469786796718836,deberta,leave_one_model__qwen2_5_7b_instruct_q4_k_m,test,matched_clean_llm,dedup-cluster-a0ec330801b891c994a313b8,revision_v1_hmac_sha256_hex_057,qwen2_5_7b_instruct_q4_k_m,direct_subword_calgacus,hmac_sha256_hex,explain_biological_process
detector_pair__515c3bc8e42ffcbe69498eed__rankcloak,1,0.9987155199050903,deberta,leave_one_model__qwen2_5_7b_instruct_q4_k_m,test,matched_clean_llm,dedup-cluster-a0ec330801b891c994a313b8,revision_v1_hmac_sha256_hex_057,qwen2_5_7b_instruct_q4_k_m,direct_subword_calgacus,hmac_sha256_hex,explain_biological_process
detector_pair__519050edce678d721f862de5__ordinary_control,0,0.0006125773652456701,deberta,leave_one_model__qwen2_5_7b_instruct_q4_k_m,test,matched_clean_llm,dedup-cluster-0d14bae63cd1e6e73dd0fa7a,revision_v1_nonce_96_bit_hex_022,qwen2_5_7b_instruct_q4_k_m,segmented_hex_single_topic,nonce_96_bit_hex,professional_project_update
detector_pair__519050edce678d721f862de5__rankcloak,1,0.9761985540390015,deberta,leave_one_model__qwen2_5_7b_instruct_q4_k_m,test,matched_clean_llm,dedup-cluster-0d14bae63cd1e6e73dd0fa7a,revision_v1_nonce_96_bit_hex_022,qwen2_5_7b_instruct_q4_k_m,segmented_hex_single_topic,nonce_96_bit_hex,professional_project_update
detector_pair__51c2e9f21b0663554b6b9b42__ordinary_control,0,0.002076283097267151,deberta,leave_one_model__qwen2_5_7b_instruct_q4_k_m,test,matched_clean_llm,dedup-cluster-309b32994a041eadb8229c21,revision_v1_chacha20_poly1305_base64_059,qwen2_5_7b_instruct_q4_k_m,nonseg_ascii_b16,chacha20_poly1305_base64,casual_hobby_chat
detector_pair__51c2e9f21b0663554b6b9b42__rankcloak,1,0.9997730851173401,deberta,leave_one_model__qwen2_5_7b_instruct_q4_k_m,test,matched_clean_llm,dedup-cluster-309b32994a041eadb8229c21,revision_v1_chacha20_poly1305_base64_059,qwen2_5_7b_instruct_q4_k_m,nonseg_ascii_b16,chacha20_poly1305_base64,casual_hobby_chat
detector_pair__51cc631a44496cddde4d02dd__ordinary_control,0,0.0007264422019943595,deberta,leave_one_model__qwen2_5_7b_instruct_q4_k_m,test,matched_clean_llm,dedup-cluster-f06bf1b2872f90ff6209fecd,revision_v1_uuid_v4_044,qwen2_5_7b_instruct_q4_k_m,direct_subword_calgacus,uuid_v4,professional_project_update
detector_pair__51cc631a44496cddde4d02dd__rankcloak,1,0.08258787542581558,deberta,leave_one_model__qwen2_5_7b_instruct_q4_k_m,test,matched_clean_llm,dedup-cluster-f06bf1b2872f90ff6209fecd,revision_v1_uuid_v4_044,qwen2_5_7b_instruct_q4_k_m,direct_subword_calgacus,uuid_v4,professional_project_update
detector_pair__5265391d07732b10cd2c8c1e__ordinary_control,0,0.0020914527121931314,deberta,leave_one_model__qwen2_5_7b_instruct_q4_k_m,test,matched_clean_llm,dedup-cluster-5b9dd88bf5e7e73a8e168e80,revision_v1_ed25519_signature_base64_001,qwen2_5_7b_instruct_q4_k_m,nonseg_ascii_b8,ed25519_signature_base64,procedure_garden_task
detector_pair__5265391d07732b10cd2c8c1e__rankcloak,1,0.9733769297599792,deberta,leave_one_model__qwen2_5_7b_instruct_q4_k_m,test,matched_clean_llm,dedup-cluster-5b9dd88bf5e7e73a8e168e80,revision_v1_ed25519_signature_base64_001,qwen2_5_7b_instruct_q4_k_m,nonseg_ascii_b8,ed25519_signature_base64,procedure_garden_task
detector_pair__52786df2cd6480b3481d4922__ordinary_control,0,0.001258117496035993,deberta,leave_one_model__qwen2_5_7b_instruct_q4_k_m,test,matched_clean_llm,dedup-cluster-66b8f96fb6033ede0ca665e8,revision_v1_aes256_gcm_base64_020,qwen2_5_7b_instruct_q4_k_m,nonseg_ascii_b16,aes256_gcm_base64,forum_practical_answer
detector_pair__52786df2cd6480b3481d4922__rankcloak,1,0.9885635375976562,deberta,leave_one_model__qwen2_5_7b_instruct_q4_k_m,test,matched_clean_llm,dedup-cluster-66b8f96fb6033ede0ca665e8,revision_v1_aes256_gcm_base64_020,qwen2_5_7b_instruct_q4_k_m,nonseg_ascii_b16,aes256_gcm_base64,forum_practical_answer
detector_pair__52ddf967634cfbaf27aad3d4__ordinary_control,0,0.0019817159045487642,deberta,leave_one_model__qwen2_5_7b_instruct_q4_k_m,test,matched_clean_llm,dedup-cluster-4fce714af80d0b4f14ad4961,revision_v1_sha256_hex_008,qwen2_5_7b_instruct_q4_k_m,segmented_hex_single_topic,sha256_hex,procedure_garden_task
detector_pair__52ddf967634cfbaf27aad3d4__rankcloak,1,0.9145158529281616,deberta,leave_one_model__qwen2_5_7b_instruct_q4_k_m,test,matched_clean_llm,dedup-cluster-4fce714af80d0b4f14ad4961,revision_v1_sha256_hex_008,qwen2_5_7b_instruct_q4_k_m,segmented_hex_single_topic,sha256_hex,procedure_garden_task
detector_pair__53171ac0b91e27f5036701f8__ordinary_control,0,0.002228035591542721,deberta,leave_one_model__qwen2_5_7b_instruct_q4_k_m,test,matched_clean_llm,dedup-cluster-e1f89602cec0d549198e89c6,revision_v1_chacha20_poly1305_base64_046,qwen2_5_7b_instruct_q4_k_m,nonseg_ascii_b8,chacha20_poly1305_base64,explain_biological_process
detector_pair__53171ac0b91e27f5036701f8__rankcloak,1,0.9994556307792664,deberta,leave_one_model__qwen2_5_7b_instruct_q4_k_m,test,matched_clean_llm,dedup-cluster-e1f89602cec0d549198e89c6,revision_v1_chacha20_poly1305_base64_046,qwen2_5_7b_instruct_q4_k_m,nonseg_ascii_b8,chacha20_poly1305_base64,explain_biological_process
detector_pair__535b91e4c717fc2786f31d0d__ordinary_control,0,0.0005496004596352577,deberta,leave_one_model__qwen2_5_7b_instruct_q4_k_m,test,matched_clean_llm,dedup-cluster-2ecc22c7d6a07954ad922bdc,revision_v1_token_128_bit_hex_014,qwen2_5_7b_instruct_q4_k_m,segmented_hex_multi_topic,token_128_bit_hex,casual_weekend_chat
detector_pair__535b91e4c717fc2786f31d0d__rankcloak,1,0.9993026256561279,deberta,leave_one_model__qwen2_5_7b_instruct_q4_k_m,test,matched_clean_llm,dedup-cluster-2ecc22c7d6a07954ad922bdc,revision_v1_token_128_bit_hex_014,qwen2_5_7b_instruct_q4_k_m,segmented_hex_multi_topic,token_128_bit_hex,casual_weekend_chat
detector_pair__53c409c4b488dc8ad65b400b__ordinary_control,0,0.0006896477425470948,deberta,leave_one_model__qwen2_5_7b_instruct_q4_k_m,test,matched_clean_llm,dedup-cluster-1e85096517059ca2585e10f1,revision_v1_nonce_96_bit_hex_044,qwen2_5_7b_instruct_q4_k_m,nonseg_hex_nibble_b16,nonce_96_bit_hex,explain_everyday_system
detector_pair__53c409c4b488dc8ad65b400b__rankcloak,1,0.9921966791152954,deberta,leave_one_model__qwen2_5_7b_instruct_q4_k_m,test,matched_clean_llm,dedup-cluster-1e85096517059ca2585e10f1,revision_v1_nonce_96_bit_hex_044,qwen2_5_7b_instruct_q4_k_m,nonseg_hex_nibble_b16,nonce_96_bit_hex,explain_everyday_system
detector_pair__551eb61f088c85b6206a5700__ordinary_control,0,0.00046910103992559016,deberta,leave_one_model__qwen2_5_7b_instruct_q4_k_m,test,matched_clean_llm,dedup-cluster-bedfef4695d9764d2eb3ab0f,revision_v1_uuid_v4_029,qwen2_5_7b_instruct_q4_k_m,direct_subword_calgacus,uuid_v4,narrative_small_discovery
detector_pair__551eb61f088c85b6206a5700__rankcloak,1,0.00611446239054203,deberta,leave_one_model__qwen2_5_7b_instruct_q4_k_m,test,matched_clean_llm,dedup-cluster-bedfef4695d9764d2eb3ab0f,revision_v1_uuid_v4_029,qwen2_5_7b_instruct_q4_k_m,direct_subword_calgacus,uuid_v4,narrative_small_discovery
detector_pair__56d9cb26e22011a41f63ee8d__ordinary_control,0,0.00037752199568785727,deberta,leave_one_model__qwen2_5_7b_instruct_q4_k_m,test,matched_clean_llm,dedup-cluster-c5e7aa80077f7be08ccd7015,revision_v1_nonce_96_bit_hex_018,qwen2_5_7b_instruct_q4_k_m,direct_subword_calgacus,nonce_96_bit_hex,procedure_simple_meal
detector_pair__56d9cb26e22011a41f63ee8d__rankcloak,1,0.9980917572975159,deberta,leave_one_model__qwen2_5_7b_instruct_q4_k_m,test,matched_clean_llm,dedup-cluster-c5e7aa80077f7be08ccd7015,revision_v1_nonce_96_bit_hex_018,qwen2_5_7b_instruct_q4_k_m,direct_subword_calgacus,nonce_96_bit_hex,procedure_simple_meal
detector_pair__57aaecf199c867a221ff20b1__ordinary_control,0,0.0011205284390598536,deberta,leave_one_model__qwen2_5_7b_instruct_q4_k_m,test,matched_clean_llm,dedup-cluster-f81b727c549baaf473769b12,revision_v1_chacha20_poly1305_base64_005,qwen2_5_7b_instruct_q4_k_m,nonseg_ascii_b16,chacha20_poly1305_base64,casual_hobby_chat
detector_pair__57aaecf199c867a221ff20b1__rankcloak,1,0.9976129531860352,deberta,leave_one_model__qwen2_5_7b_instruct_q4_k_m,test,matched_clean_llm,dedup-cluster-f81b727c549baaf473769b12,revision_v1_chacha20_poly1305_base64_005,qwen2_5_7b_instruct_q4_k_m,nonseg_ascii_b16,chacha20_poly1305_base64,casual_hobby_chat
detector_pair__5839af84c150ff01752c7096__ordinary_control,0,0.0008207310456782579,deberta,leave_one_model__qwen2_5_7b_instruct_q4_k_m,test,matched_clean_llm,dedup-cluster-1309181ed8aa479328b3f0a7,revision_v1_aes256_gcm_base64_004,qwen2_5_7b_instruct_q4_k_m,nonseg_ascii_b8,aes256_gcm_base64,narrative_small_discovery
detector_pair__5839af84c150ff01752c7096__rankcloak,1,0.9773327112197876,deberta,leave_one_model__qwen2_5_7b_instruct_q4_k_m,test,matched_clean_llm,dedup-cluster-1309181ed8aa479328b3f0a7,revision_v1_aes256_gcm_base64_004,qwen2_5_7b_instruct_q4_k_m,nonseg_ascii_b8,aes256_gcm_base64,narrative_small_discovery
detector_pair__5867a223e9e3f5a78eb108fc__ordinary_control,0,0.0007837946759536862,deberta,leave_one_model__qwen2_5_7b_instruct_q4_k_m,test,matched_clean_llm,dedup-cluster-a37fa1ef4ffc42eb7c181e4b,revision_v1_aes256_gcm_base64_056,qwen2_5_7b_instruct_q4_k_m,nonseg_ascii_b8,aes256_gcm_base64,forum_practical_answer
detector_pair__5867a223e9e3f5a78eb108fc__rankcloak,1,0.9847474694252014,deberta,leave_one_model__qwen2_5_7b_instruct_q4_k_m,test,matched_clean_llm,dedup-cluster-a37fa1ef4ffc42eb7c181e4b,revision_v1_aes256_gcm_base64_056,qwen2_5_7b_instruct_q4_k_m,nonseg_ascii_b8,aes256_gcm_base64,forum_practical_answer
detector_pair__59acca09ccd2b4ccb2e88383__ordinary_control,0,0.0011623634491115808,deberta,leave_one_model__qwen2_5_7b_instruct_q4_k_m,test,matched_clean_llm,dedup-cluster-1ae66c809db7c888edc24849,revision_v1_sha256_hex_020,qwen2_5_7b_instruct_q4_k_m,segmented_hex_multi_topic,sha256_hex,procedure_home_task
detector_pair__59acca09ccd2b4ccb2e88383__rankcloak,1,0.9972895383834839,deberta,leave_one_model__qwen2_5_7b_instruct_q4_k_m,test,matched_clean_llm,dedup-cluster-1ae66c809db7c888edc24849,revision_v1_sha256_hex_020,qwen2_5_7b_instruct_q4_k_m,segmented_hex_multi_topic,sha256_hex,procedure_home_task
detector_pair__59b9b3c5c199d756337db2f6__ordinary_control,0,0.0007964518154039979,deberta,leave_one_model__qwen2_5_7b_instruct_q4_k_m,test,matched_clean_llm,dedup-cluster-0a09c663faa5a6e644901d76,revision_v1_sha256_hex_016,qwen2_5_7b_instruct_q4_k_m,nonseg_ascii_b16,sha256_hex,explain_weather_pattern
detector_pair__59b9b3c5c199d756337db2f6__rankcloak,1,0.9961965084075928,deberta,leave_one_model__qwen2_5_7b_instruct_q4_k_m,test,matched_clean_llm,dedup-cluster-0a09c663faa5a6e644901d76,revision_v1_sha256_hex_016,qwen2_5_7b_instruct_q4_k_m,nonseg_ascii_b16,sha256_hex,explain_weather_pattern
detector_pair__5a1fd125b93d7db07ee2577d__ordinary_control,0,0.0014915554784238338,deberta,leave_one_model__qwen2_5_7b_instruct_q4_k_m,test,matched_clean_llm,dedup-cluster-a66afc9b25c5890a041c104a,revision_v1_ed25519_signature_base64_011,qwen2_5_7b_instruct_q4_k_m,nonseg_ascii_b8,ed25519_signature_base64,professional_project_update
detector_pair__5a1fd125b93d7db07ee2577d__rankcloak,1,0.9218757152557373,deberta,leave_one_model__qwen2_5_7b_instruct_q4_k_m,test,matched_clean_llm,dedup-cluster-a66afc9b25c5890a041c104a,revision_v1_ed25519_signature_base64_011,qwen2_5_7b_instruct_q4_k_m,nonseg_ascii_b8,ed25519_signature_base64,professional_project_update
detector_pair__5aaa685ef6a086915309b962__ordinary_control,0,0.0022318358533084393,deberta,leave_one_model__qwen2_5_7b_instruct_q4_k_m,test,matched_clean_llm,dedup-cluster-00190ab339967308d13aeb9a,revision_v1_token_128_bit_hex_037,qwen2_5_7b_instruct_q4_k_m,segmented_hex_single_topic,token_128_bit_hex,explain_everyday_system
detector_pair__5aaa685ef6a086915309b962__rankcloak,1,0.999369204044342,deberta,leave_one_model__qwen2_5_7b_instruct_q4_k_m,test,matched_clean_llm,dedup-cluster-00190ab339967308d13aeb9a,revision_v1_token_128_bit_hex_037,qwen2_5_7b_instruct_q4_k_m,segmented_hex_single_topic,token_128_bit_hex,explain_everyday_system
detector_pair__5b1ea6a6f11de9876ffdbba0__ordinary_control,0,0.00044361938489601016,deberta,leave_one_model__qwen2_5_7b_instruct_q4_k_m,test,matched_clean_llm,dedup-cluster-7e1000ec149766aba547a02b,revision_v1_aes256_gcm_base64_040,qwen2_5_7b_instruct_q4_k_m,direct_subword_calgacus,aes256_gcm_base64,narrative_small_discovery
detector_pair__5b1ea6a6f11de9876ffdbba0__rankcloak,1,0.9997709393501282,deberta,leave_one_model__qwen2_5_7b_instruct_q4_k_m,test,matched_clean_llm,dedup-cluster-7e1000ec149766aba547a02b,revision_v1_aes256_gcm_base64_040,qwen2_5_7b_instruct_q4_k_m,direct_subword_calgacus,aes256_gcm_base64,narrative_small_discovery
detector_pair__5b3bea0551024bbd4d4c6a70__ordinary_control,0,0.00041371045517735183,deberta,leave_one_model__qwen2_5_7b_instruct_q4_k_m,test,matched_clean_llm,dedup-cluster-4a2ba4b96048298d2a4a680c,revision_v1_token_128_bit_hex_008,qwen2_5_7b_instruct_q4_k_m,nonseg_hex_nibble_b16,token_128_bit_hex,casual_neighborhood_chat
detector_pair__5b3bea0551024bbd4d4c6a70__rankcloak,1,0.9995031356811523,deberta,leave_one_model__qwen2_5_7b_instruct_q4_k_m,test,matched_clean_llm,dedup-cluster-4a2ba4b96048298d2a4a680c,revision_v1_token_128_bit_hex_008,qwen2_5_7b_instruct_q4_k_m,nonseg_hex_nibble_b16,token_128_bit_hex,casual_neighborhood_chat
detector_pair__5b5075255d32cc31f24fe7c7__ordinary_control,0,0.0003736023500096053,deberta,leave_one_model__qwen2_5_7b_instruct_q4_k_m,test,matched_clean_llm,dedup-cluster-b160d50a48c5e58f6dd7c118,revision_v1_token_128_bit_hex_009,qwen2_5_7b_instruct_q4_k_m,direct_subword_calgacus,token_128_bit_hex,professional_process_email
detector_pair__5b5075255d32cc31f24fe7c7__rankcloak,1,0.9096308946609497,deberta,leave_one_model__qwen2_5_7b_instruct_q4_k_m,test,matched_clean_llm,dedup-cluster-b160d50a48c5e58f6dd7c118,revision_v1_token_128_bit_hex_009,qwen2_5_7b_instruct_q4_k_m,direct_subword_calgacus,token_128_bit_hex,professional_process_email
detector_pair__5b9c0732ed0f87f5ff206eb3__ordinary_control,0,0.0004805211501661688,deberta,leave_one_model__qwen2_5_7b_instruct_q4_k_m,test,matched_clean_llm,dedup-cluster-607fc29d4914c273292301d6,revision_v1_token_128_bit_hex_052,qwen2_5_7b_instruct_q4_k_m,segmented_hex_multi_topic,token_128_bit_hex,forum_practical_answer
detector_pair__5b9c0732ed0f87f5ff206eb3__rankcloak,1,0.9420832395553589,deberta,leave_one_model__qwen2_5_7b_instruct_q4_k_m,test,matched_clean_llm,dedup-cluster-607fc29d4914c273292301d6,revision_v1_token_128_bit_hex_052,qwen2_5_7b_instruct_q4_k_m,segmented_hex_multi_topic,token_128_bit_hex,forum_practical_answer
detector_pair__5d8365f5af2f87a02cc4394d__ordinary_control,0,0.0020040753297507763,deberta,leave_one_model__qwen2_5_7b_instruct_q4_k_m,test,matched_clean_llm,dedup-cluster-1a88735e2967b1b509e24d6b,revision_v1_token_128_bit_hex_015,qwen2_5_7b_instruct_q4_k_m,segmented_hex_single_topic,token_128_bit_hex,professional_project_update
detector_pair__5d8365f5af2f87a02cc4394d__rankcloak,1,0.025360075756907463,deberta,leave_one_model__qwen2_5_7b_instruct_q4_k_m,test,matched_clean_llm,dedup-cluster-1a88735e2967b1b509e24d6b,revision_v1_token_128_bit_hex_015,qwen2_5_7b_instruct_q4_k_m,segmented_hex_single_topic,token_128_bit_hex,professional_project_update
detector_pair__5dee2547b77783e41e80dea6__ordinary_control,0,0.000419228890677914,deberta,leave_one_model__qwen2_5_7b_instruct_q4_k_m,test,matched_clean_llm,dedup-cluster-4fce714af80d0b4f14ad4961,revision_v1_sha256_hex_008,qwen2_5_7b_instruct_q4_k_m,segmented_hex_single_topic,sha256_hex,procedure_garden_task
detector_pair__5dee2547b77783e41e80dea6__rankcloak,1,0.999692440032959,deberta,leave_one_model__qwen2_5_7b_instruct_q4_k_m,test,matched_clean_llm,dedup-cluster-4fce714af80d0b4f14ad4961,revision_v1_sha256_hex_008,qwen2_5_7b_instruct_q4_k_m,segmented_hex_single_topic,sha256_hex,procedure_garden_task
detector_pair__5e5d2c4d20267ed00775ab97__ordinary_control,0,0.0009338964591734111,deberta,leave_one_model__qwen2_5_7b_instruct_q4_k_m,test,matched_clean_llm,dedup-cluster-92597d293b9374d8f0316f4d,revision_v1_hmac_sha256_hex_031,qwen2_5_7b_instruct_q4_k_m,segmented_hex_single_topic,hmac_sha256_hex,procedure_home_task
detector_pair__5e5d2c4d20267ed00775ab97__rankcloak,1,0.8834888935089111,deberta,leave_one_model__qwen2_5_7b_instruct_q4_k_m,test,matched_clean_llm,dedup-cluster-92597d293b9374d8f0316f4d,revision_v1_hmac_sha256_hex_031,qwen2_5_7b_instruct_q4_k_m,segmented_hex_single_topic,hmac_sha256_hex,procedure_home_task
detector_pair__5efbee7af75a48a5f2776ba2__ordinary_control,0,0.0009152200073003769,deberta,leave_one_model__qwen2_5_7b_instruct_q4_k_m,test,matched_clean_llm,dedup-cluster-96b6945d530fbf8a209d06d3,revision_v1_chacha20_poly1305_base64_034,qwen2_5_7b_instruct_q4_k_m,nonseg_ascii_b8,chacha20_poly1305_base64,explain_weather_pattern
detector_pair__5efbee7af75a48a5f2776ba2__rankcloak,1,0.9734659194946289,deberta,leave_one_model__qwen2_5_7b_instruct_q4_k_m,test,matched_clean_llm,dedup-cluster-96b6945d530fbf8a209d06d3,revision_v1_chacha20_poly1305_base64_034,qwen2_5_7b_instruct_q4_k_m,nonseg_ascii_b8,chacha20_poly1305_base64,explain_weather_pattern
detector_pair__5f57abc7c49fe62f0d47f435__ordinary_control,0,0.002460109069943428,deberta,leave_one_model__qwen2_5_7b_instruct_q4_k_m,test,matched_clean_llm,dedup-cluster-83b5ef276b5071a7412eb272,revision_v1_token_128_bit_hex_001,qwen2_5_7b_instruct_q4_k_m,nonseg_ascii_b8,token_128_bit_hex,explain_everyday_system
detector_pair__5f57abc7c49fe62f0d47f435__rankcloak,1,0.6872243285179138,deberta,leave_one_model__qwen2_5_7b_instruct_q4_k_m,test,matched_clean_llm,dedup-cluster-83b5ef276b5071a7412eb272,revision_v1_token_128_bit_hex_001,qwen2_5_7b_instruct_q4_k_m,nonseg_ascii_b8,token_128_bit_hex,explain_everyday_system
detector_pair__610fbc931df360c016839111__ordinary_control,0,0.0010333163663744926,deberta,leave_one_model__qwen2_5_7b_instruct_q4_k_m,test,matched_clean_llm,dedup-cluster-c791365cbb6a3ed856420c65,revision_v1_hmac_sha256_hex_023,qwen2_5_7b_instruct_q4_k_m,nonseg_ascii_b8,hmac_sha256_hex,professional_process_email
detector_pair__610fbc931df360c016839111__rankcloak,1,0.5857782959938049,deberta,leave_one_model__qwen2_5_7b_instruct_q4_k_m,test,matched_clean_llm,dedup-cluster-c791365cbb6a3ed856420c65,revision_v1_hmac_sha256_hex_023,qwen2_5_7b_instruct_q4_k_m,nonseg_ascii_b8,hmac_sha256_hex,professional_process_email
detector_pair__61dcafbdce9dd72dd9a99520__ordinary_control,0,0.005349443294107914,deberta,leave_one_model__qwen2_5_7b_instruct_q4_k_m,test,matched_clean_llm,dedup-cluster-9dcfc126b0a6fc49629304d7,revision_v1_ed25519_signature_base64_054,qwen2_5_7b_instruct_q4_k_m,direct_subword_calgacus,ed25519_signature_base64,forum_learning_answer
detector_pair__61dcafbdce9dd72dd9a99520__rankcloak,1,0.9997783303260803,deberta,leave_one_model__qwen2_5_7b_instruct_q4_k_m,test,matched_clean_llm,dedup-cluster-9dcfc126b0a6fc49629304d7,revision_v1_ed25519_signature_base64_054,qwen2_5_7b_instruct_q4_k_m,direct_subword_calgacus,ed25519_signature_base64,forum_learning_answer
detector_pair__624602cef3759631a6dee8c5__ordinary_control,0,0.0005745900562033057,deberta,leave_one_model__qwen2_5_7b_instruct_q4_k_m,test,matched_clean_llm,dedup-cluster-07152d65b441d025c2de854b,revision_v1_nonce_96_bit_hex_030,qwen2_5_7b_instruct_q4_k_m,nonseg_hex_nibble_b16,nonce_96_bit_hex,procedure_garden_task
detector_pair__624602cef3759631a6dee8c5__rankcloak,1,0.004808584228157997,deberta,leave_one_model__qwen2_5_7b_instruct_q4_k_m,test,matched_clean_llm,dedup-cluster-07152d65b441d025c2de854b,revision_v1_nonce_96_bit_hex_030,qwen2_5_7b_instruct_q4_k_m,nonseg_hex_nibble_b16,nonce_96_bit_hex,procedure_garden_task
detector_pair__63017aef44d05aab5d1ade8c__ordinary_control,0,0.000595268327742815,deberta,leave_one_model__qwen2_5_7b_instruct_q4_k_m,test,matched_clean_llm,dedup-cluster-1ae66c809db7c888edc24849,revision_v1_sha256_hex_020,qwen2_5_7b_instruct_q4_k_m,direct_subword_calgacus,sha256_hex,procedure_home_task
detector_pair__63017aef44d05aab5d1ade8c__rankcloak,1,0.9944524168968201,deberta,leave_one_model__qwen2_5_7b_instruct_q4_k_m,test,matched_clean_llm,dedup-cluster-1ae66c809db7c888edc24849,revision_v1_sha256_hex_020,qwen2_5_7b_instruct_q4_k_m,direct_subword_calgacus,sha256_hex,procedure_home_task
detector_pair__63bcf5f65a3115024baebea3__ordinary_control,0,0.0004979348741471767,deberta,leave_one_model__qwen2_5_7b_instruct_q4_k_m,test,matched_clean_llm,dedup-cluster-c31bf6d242afa63449100919,revision_v1_uuid_v4_015,qwen2_5_7b_instruct_q4_k_m,nonseg_ascii_b8,uuid_v4,forum_purchase_advice
detector_pair__63bcf5f65a3115024baebea3__rankcloak,1,0.9967105388641357,deberta,leave_one_model__qwen2_5_7b_instruct_q4_k_m,test,matched_clean_llm,dedup-cluster-c31bf6d242afa63449100919,revision_v1_uuid_v4_015,qwen2_5_7b_instruct_q4_k_m,nonseg_ascii_b8,uuid_v4,forum_purchase_advice
detector_pair__64b15554afd3067167cecacd__ordinary_control,0,0.00028563555679284036,deberta,leave_one_model__qwen2_5_7b_instruct_q4_k_m,test,matched_clean_llm,dedup-cluster-29f0784a87261cd21c8ecb5a,revision_v1_chacha20_poly1305_base64_018,qwen2_5_7b_instruct_q4_k_m,nonseg_ascii_b8,chacha20_poly1305_base64,professional_schedule_note
detector_pair__64b15554afd3067167cecacd__rankcloak,1,0.9868055582046509,deberta,leave_one_model__qwen2_5_7b_instruct_q4_k_m,test,matched_clean_llm,dedup-cluster-29f0784a87261cd21c8ecb5a,revision_v1_chacha20_poly1305_base64_018,qwen2_5_7b_instruct_q4_k_m,nonseg_ascii_b8,chacha20_poly1305_base64,professional_schedule_note
detector_pair__650f98f659e35c4db29f0807__ordinary_control,0,0.0006601821514777839,deberta,leave_one_model__qwen2_5_7b_instruct_q4_k_m,test,matched_clean_llm,dedup-cluster-b160d50a48c5e58f6dd7c118,revision_v1_token_128_bit_hex_009,qwen2_5_7b_instruct_q4_k_m,segmented_hex_single_topic,token_128_bit_hex,professional_process_email
detector_pair__650f98f659e35c4db29f0807__rankcloak,1,0.9580897092819214,deberta,leave_one_model__qwen2_5_7b_instruct_q4_k_m,test,matched_clean_llm,dedup-cluster-b160d50a48c5e58f6dd7c118,revision_v1_token_128_bit_hex_009,qwen2_5_7b_instruct_q4_k_m,segmented_hex_single_topic,token_128_bit_hex,professional_process_email
detector_pair__66e77a8949cb65a2fcb9117d__ordinary_control,0,0.001133166835643351,deberta,leave_one_model__qwen2_5_7b_instruct_q4_k_m,test,matched_clean_llm,dedup-cluster-a0ec330801b891c994a313b8,revision_v1_hmac_sha256_hex_057,qwen2_5_7b_instruct_q4_k_m,segmented_hex_single_topic,hmac_sha256_hex,explain_biological_process
detector_pair__66e77a8949cb65a2fcb9117d__rankcloak,1,0.985031008720398,deberta,leave_one_model__qwen2_5_7b_instruct_q4_k_m,test,matched_clean_llm,dedup-cluster-a0ec330801b891c994a313b8,revision_v1_hmac_sha256_hex_057,qwen2_5_7b_instruct_q4_k_m,segmented_hex_single_topic,hmac_sha256_hex,explain_biological_process
detector_pair__689db85198206af3a022e154__ordinary_control,0,0.00038216382381506264,deberta,leave_one_model__qwen2_5_7b_instruct_q4_k_m,test,matched_clean_llm,dedup-cluster-4a2ba4b96048298d2a4a680c,revision_v1_token_128_bit_hex_008,qwen2_5_7b_instruct_q4_k_m,nonseg_ascii_b8,token_128_bit_hex,casual_neighborhood_chat
detector_pair__689db85198206af3a022e154__rankcloak,1,0.9679712057113647,deberta,leave_one_model__qwen2_5_7b_instruct_q4_k_m,test,matched_clean_llm,dedup-cluster-4a2ba4b96048298d2a4a680c,revision_v1_token_128_bit_hex_008,qwen2_5_7b_instruct_q4_k_m,nonseg_ascii_b8,token_128_bit_hex,casual_neighborhood_chat
detector_pair__6a1b34cc78f961dda0fe8eda__ordinary_control,0,0.0007371510728262365,deberta,leave_one_model__qwen2_5_7b_instruct_q4_k_m,test,matched_clean_llm,dedup-cluster-a70c2199fe9757fc3a965e41,revision_v1_sha256_hex_041,qwen2_5_7b_instruct_q4_k_m,direct_subword_calgacus,sha256_hex,casual_hobby_chat
detector_pair__6a1b34cc78f961dda0fe8eda__rankcloak,1,0.9906591176986694,deberta,leave_one_model__qwen2_5_7b_instruct_q4_k_m,test,matched_clean_llm,dedup-cluster-a70c2199fe9757fc3a965e41,revision_v1_sha256_hex_041,qwen2_5_7b_instruct_q4_k_m,direct_subword_calgacus,sha256_hex,casual_hobby_chat
detector_pair__6ace6ae1deab84d2a700c252__ordinary_control,0,0.0005343540105968714,deberta,leave_one_model__qwen2_5_7b_instruct_q4_k_m,test,matched_clean_llm,dedup-cluster-bedfef4695d9764d2eb3ab0f,revision_v1_uuid_v4_029,qwen2_5_7b_instruct_q4_k_m,nonseg_ascii_b8,uuid_v4,narrative_small_discovery
detector_pair__6ace6ae1deab84d2a700c252__rankcloak,1,0.5130788683891296,deberta,leave_one_model__qwen2_5_7b_instruct_q4_k_m,test,matched_clean_llm,dedup-cluster-bedfef4695d9764d2eb3ab0f,revision_v1_uuid_v4_029,qwen2_5_7b_instruct_q4_k_m,nonseg_ascii_b8,uuid_v4,narrative_small_discovery
detector_pair__6b1f75e9a945c75de9d99a85__ordinary_control,0,0.00032361538615077734,deberta,leave_one_model__qwen2_5_7b_instruct_q4_k_m,test,matched_clean_llm,dedup-cluster-cd5aaecb05ff01717fe8ab2b,revision_v1_uuid_v4_025,qwen2_5_7b_instruct_q4_k_m,nonseg_ascii_b8,uuid_v4,casual_weekend_chat
detector_pair__6b1f75e9a945c75de9d99a85__rankcloak,1,0.8000868558883667,deberta,leave_one_model__qwen2_5_7b_instruct_q4_k_m,test,matched_clean_llm,dedup-cluster-cd5aaecb05ff01717fe8ab2b,revision_v1_uuid_v4_025,qwen2_5_7b_instruct_q4_k_m,nonseg_ascii_b8,uuid_v4,casual_weekend_chat
detector_pair__6b858a4e0438e5e3f30139c4__ordinary_control,0,0.0016240885015577078,deberta,leave_one_model__qwen2_5_7b_instruct_q4_k_m,test,matched_clean_llm,dedup-cluster-8cd2e77d4fa5e7d635c78e1d,revision_v1_nonce_96_bit_hex_053,qwen2_5_7b_instruct_q4_k_m,segmented_hex_multi_topic,nonce_96_bit_hex,forum_learning_answer
detector_pair__6b858a4e0438e5e3f30139c4__rankcloak,1,0.00103567389305681,deberta,leave_one_model__qwen2_5_7b_instruct_q4_k_m,test,matched_clean_llm,dedup-cluster-8cd2e77d4fa5e7d635c78e1d,revision_v1_nonce_96_bit_hex_053,qwen2_5_7b_instruct_q4_k_m,segmented_hex_multi_topic,nonce_96_bit_hex,forum_learning_answer
detector_pair__6b9b5c88126b135fb2ba4c9a__ordinary_control,0,0.00097228231607005,deberta,leave_one_model__qwen2_5_7b_instruct_q4_k_m,test,matched_clean_llm,dedup-cluster-1ae66c809db7c888edc24849,revision_v1_sha256_hex_020,qwen2_5_7b_instruct_q4_k_m,segmented_hex_single_topic,sha256_hex,procedure_home_task
detector_pair__6b9b5c88126b135fb2ba4c9a__rankcloak,1,0.9994696974754333,deberta,leave_one_model__qwen2_5_7b_instruct_q4_k_m,test,matched_clean_llm,dedup-cluster-1ae66c809db7c888edc24849,revision_v1_sha256_hex_020,qwen2_5_7b_instruct_q4_k_m,segmented_hex_single_topic,sha256_hex,procedure_home_task
detector_pair__6bdb27f68f74101abe8f5675__ordinary_control,0,0.2404291033744812,deberta,leave_one_model__qwen2_5_7b_instruct_q4_k_m,test,matched_clean_llm,dedup-cluster-80b481e94169d611d3504384,revision_v1_ed25519_signature_base64_034,qwen2_5_7b_instruct_q4_k_m,direct_subword_calgacus,ed25519_signature_base64,casual_hobby_chat
detector_pair__6bdb27f68f74101abe8f5675__rankcloak,1,0.9995137453079224,deberta,leave_one_model__qwen2_5_7b_instruct_q4_k_m,test,matched_clean_llm,dedup-cluster-80b481e94169d611d3504384,revision_v1_ed25519_signature_base64_034,qwen2_5_7b_instruct_q4_k_m,direct_subword_calgacus,ed25519_signature_base64,casual_hobby_chat
detector_pair__6c23cb149b76dc6ad1ce14e9__ordinary_control,0,0.0003841700963675976,deberta,leave_one_model__qwen2_5_7b_instruct_q4_k_m,test,matched_clean_llm,dedup-cluster-1ae66c809db7c888edc24849,revision_v1_sha256_hex_020,qwen2_5_7b_instruct_q4_k_m,nonseg_hex_nibble_b16,sha256_hex,procedure_home_task
detector_pair__6c23cb149b76dc6ad1ce14e9__rankcloak,1,0.8619877696037292,deberta,leave_one_model__qwen2_5_7b_instruct_q4_k_m,test,matched_clean_llm,dedup-cluster-1ae66c809db7c888edc24849,revision_v1_sha256_hex_020,qwen2_5_7b_instruct_q4_k_m,nonseg_hex_nibble_b16,sha256_hex,procedure_home_task
detector_pair__6c5ac58465752b297f53e634__ordinary_control,0,0.0003492609248496592,deberta,leave_one_model__qwen2_5_7b_instruct_q4_k_m,test,matched_clean_llm,dedup-cluster-4a2ba4b96048298d2a4a680c,revision_v1_token_128_bit_hex_008,qwen2_5_7b_instruct_q4_k_m,segmented_hex_multi_topic,token_128_bit_hex,casual_neighborhood_chat
detector_pair__6c5ac58465752b297f53e634__rankcloak,1,0.881156861782074,deberta,leave_one_model__qwen2_5_7b_instruct_q4_k_m,test,matched_clean_llm,dedup-cluster-4a2ba4b96048298d2a4a680c,revision_v1_token_128_bit_hex_008,qwen2_5_7b_instruct_q4_k_m,segmented_hex_multi_topic,token_128_bit_hex,casual_neighborhood_chat
detector_pair__6e09450b1e7b48104f16e82a__ordinary_control,0,0.0028358111158013344,deberta,leave_one_model__qwen2_5_7b_instruct_q4_k_m,test,matched_clean_llm,dedup-cluster-02069e60ee294b6b19cc3fda,revision_v1_chacha20_poly1305_base64_028,qwen2_5_7b_instruct_q4_k_m,nonseg_ascii_b8,chacha20_poly1305_base64,explain_biological_process
detector_pair__6e09450b1e7b48104f16e82a__rankcloak,1,0.9991508722305298,deberta,leave_one_model__qwen2_5_7b_instruct_q4_k_m,test,matched_clean_llm,dedup-cluster-02069e60ee294b6b19cc3fda,revision_v1_chacha20_poly1305_base64_028,qwen2_5_7b_instruct_q4_k_m,nonseg_ascii_b8,chacha20_poly1305_base64,explain_biological_process
detector_pair__6e45a0e3c39422e2454c1483__ordinary_control,0,0.001727027934975922,deberta,leave_one_model__qwen2_5_7b_instruct_q4_k_m,test,matched_clean_llm,dedup-cluster-1e85096517059ca2585e10f1,revision_v1_nonce_96_bit_hex_044,qwen2_5_7b_instruct_q4_k_m,nonseg_ascii_b16,nonce_96_bit_hex,explain_everyday_system
detector_pair__6e45a0e3c39422e2454c1483__rankcloak,1,0.978570282459259,deberta,leave_one_model__qwen2_5_7b_instruct_q4_k_m,test,matched_clean_llm,dedup-cluster-1e85096517059ca2585e10f1,revision_v1_nonce_96_bit_hex_044,qwen2_5_7b_instruct_q4_k_m,nonseg_ascii_b16,nonce_96_bit_hex,explain_everyday_system
detector_pair__6ea3635a97bf12d50f6fb438__ordinary_control,0,0.00033640649053268135,deberta,leave_one_model__qwen2_5_7b_instruct_q4_k_m,test,matched_clean_llm,dedup-cluster-65c353c55a1ef0ebfabe11b3,revision_v1_uuid_v4_032,qwen2_5_7b_instruct_q4_k_m,nonseg_ascii_b8,uuid_v4,professional_schedule_note
detector_pair__6ea3635a97bf12d50f6fb438__rankcloak,1,0.968870222568512,deberta,leave_one_model__qwen2_5_7b_instruct_q4_k_m,test,matched_clean_llm,dedup-cluster-65c353c55a1ef0ebfabe11b3,revision_v1_uuid_v4_032,qwen2_5_7b_instruct_q4_k_m,nonseg_ascii_b8,uuid_v4,professional_schedule_note
detector_pair__6eca1ffe797d27b4d0673ada__ordinary_control,0,0.0008199043804779649,deberta,leave_one_model__qwen2_5_7b_instruct_q4_k_m,test,matched_clean_llm,dedup-cluster-089a5c41a6187c40edeb1a0c,revision_v1_nonce_96_bit_hex_007,qwen2_5_7b_instruct_q4_k_m,nonseg_ascii_b8,nonce_96_bit_hex,narrative_local_walk
detector_pair__6eca1ffe797d27b4d0673ada__rankcloak,1,0.28343451023101807,deberta,leave_one_model__qwen2_5_7b_instruct_q4_k_m,test,matched_clean_llm,dedup-cluster-089a5c41a6187c40edeb1a0c,revision_v1_nonce_96_bit_hex_007,qwen2_5_7b_instruct_q4_k_m,nonseg_ascii_b8,nonce_96_bit_hex,narrative_local_walk
detector_pair__6ef70f4b56da698394a89ba9__ordinary_control,0,0.0007525441469624639,deberta,leave_one_model__qwen2_5_7b_instruct_q4_k_m,test,matched_clean_llm,dedup-cluster-86d638dbb2173052f0f13f3d,revision_v1_chacha20_poly1305_base64_027,qwen2_5_7b_instruct_q4_k_m,nonseg_ascii_b8,chacha20_poly1305_base64,narrative_learning_moment
detector_pair__6ef70f4b56da698394a89ba9__rankcloak,1,0.9986938834190369,deberta,leave_one_model__qwen2_5_7b_instruct_q4_k_m,test,matched_clean_llm,dedup-cluster-86d638dbb2173052f0f13f3d,revision_v1_chacha20_poly1305_base64_027,qwen2_5_7b_instruct_q4_k_m,nonseg_ascii_b8,chacha20_poly1305_base64,narrative_learning_moment
detector_pair__6f2e11ed75f8d829c7cb4368__ordinary_control,0,0.0008989105699583888,deberta,leave_one_model__qwen2_5_7b_instruct_q4_k_m,test,matched_clean_llm,dedup-cluster-87be1653d2065bc655a96c84,revision_v1_token_128_bit_hex_020,qwen2_5_7b_instruct_q4_k_m,segmented_hex_single_topic,token_128_bit_hex,casual_hobby_chat
detector_pair__6f2e11ed75f8d829c7cb4368__rankcloak,1,0.9996944665908813,deberta,leave_one_model__qwen2_5_7b_instruct_q4_k_m,test,matched_clean_llm,dedup-cluster-87be1653d2065bc655a96c84,revision_v1_token_128_bit_hex_020,qwen2_5_7b_instruct_q4_k_m,segmented_hex_single_topic,token_128_bit_hex,casual_hobby_chat
detector_pair__6f30bed7a4deab5965850ad3__ordinary_control,0,0.001025039586238563,deberta,leave_one_model__qwen2_5_7b_instruct_q4_k_m,test,matched_clean_llm,dedup-cluster-a0ec330801b891c994a313b8,revision_v1_hmac_sha256_hex_057,qwen2_5_7b_instruct_q4_k_m,nonseg_ascii_b16,hmac_sha256_hex,explain_biological_process
detector_pair__6f30bed7a4deab5965850ad3__rankcloak,1,0.9993089437484741,deberta,leave_one_model__qwen2_5_7b_instruct_q4_k_m,test,matched_clean_llm,dedup-cluster-a0ec330801b891c994a313b8,revision_v1_hmac_sha256_hex_057,qwen2_5_7b_instruct_q4_k_m,nonseg_ascii_b16,hmac_sha256_hex,explain_biological_process
detector_pair__6f782c1d8bc4135f003a018f__ordinary_control,0,0.00045477476669475436,deberta,leave_one_model__qwen2_5_7b_instruct_q4_k_m,test,matched_clean_llm,dedup-cluster-d5b4f2b51dfabbdce0cd2fb8,revision_v1_sha256_hex_057,qwen2_5_7b_instruct_q4_k_m,nonseg_hex_nibble_b16,sha256_hex,narrative_local_walk
detector_pair__6f782c1d8bc4135f003a018f__rankcloak,1,0.9940515160560608,deberta,leave_one_model__qwen2_5_7b_instruct_q4_k_m,test,matched_clean_llm,dedup-cluster-d5b4f2b51dfabbdce0cd2fb8,revision_v1_sha256_hex_057,qwen2_5_7b_instruct_q4_k_m,nonseg_hex_nibble_b16,sha256_hex,narrative_local_walk
detector_pair__6fae0a60a345c4683309933c__ordinary_control,0,0.0020616711117327213,deberta,leave_one_model__qwen2_5_7b_instruct_q4_k_m,test,matched_clean_llm,dedup-cluster-64d1f52c4a9a8a169b1930ca,revision_v1_uuid_v4_018,qwen2_5_7b_instruct_q4_k_m,nonseg_ascii_b8,uuid_v4,explain_biological_process
detector_pair__6fae0a60a345c4683309933c__rankcloak,1,0.9903271794319153,deberta,leave_one_model__qwen2_5_7b_instruct_q4_k_m,test,matched_clean_llm,dedup-cluster-64d1f52c4a9a8a169b1930ca,revision_v1_uuid_v4_018,qwen2_5_7b_instruct_q4_k_m,nonseg_ascii_b8,uuid_v4,explain_biological_process
detector_pair__703ab694c38acd5d1100685e__ordinary_control,0,0.0006150106783024967,deberta,leave_one_model__qwen2_5_7b_instruct_q4_k_m,test,matched_clean_llm,dedup-cluster-a4dc36180df85cc7bf87e268,revision_v1_chacha20_poly1305_base64_056,qwen2_5_7b_instruct_q4_k_m,direct_subword_calgacus,chacha20_poly1305_base64,procedure_home_task
detector_pair__703ab694c38acd5d1100685e__rankcloak,1,0.9996387958526611,deberta,leave_one_model__qwen2_5_7b_instruct_q4_k_m,test,matched_clean_llm,dedup-cluster-a4dc36180df85cc7bf87e268,revision_v1_chacha20_poly1305_base64_056,qwen2_5_7b_instruct_q4_k_m,direct_subword_calgacus,chacha20_poly1305_base64,procedure_home_task
detector_pair__70cdbb121366abe30589a589__ordinary_control,0,0.0016315054381266236,deberta,leave_one_model__qwen2_5_7b_instruct_q4_k_m,test,matched_clean_llm,dedup-cluster-dab9c4d7024256297969359d,revision_v1_chacha20_poly1305_base64_032,qwen2_5_7b_instruct_q4_k_m,nonseg_ascii_b16,chacha20_poly1305_base64,procedure_simple_meal
detector_pair__70cdbb121366abe30589a589__rankcloak,1,0.9985232949256897,deberta,leave_one_model__qwen2_5_7b_instruct_q4_k_m,test,matched_clean_llm,dedup-cluster-dab9c4d7024256297969359d,revision_v1_chacha20_poly1305_base64_032,qwen2_5_7b_instruct_q4_k_m,nonseg_ascii_b16,chacha20_poly1305_base64,procedure_simple_meal
detector_pair__7131ccee56c06e359638f955__ordinary_control,0,0.0011463173432275653,deberta,leave_one_model__qwen2_5_7b_instruct_q4_k_m,test,matched_clean_llm,dedup-cluster-0d14bae63cd1e6e73dd0fa7a,revision_v1_nonce_96_bit_hex_022,qwen2_5_7b_instruct_q4_k_m,nonseg_ascii_b8,nonce_96_bit_hex,professional_project_update
detector_pair__7131ccee56c06e359638f955__rankcloak,1,0.9189392924308777,deberta,leave_one_model__qwen2_5_7b_instruct_q4_k_m,test,matched_clean_llm,dedup-cluster-0d14bae63cd1e6e73dd0fa7a,revision_v1_nonce_96_bit_hex_022,qwen2_5_7b_instruct_q4_k_m,nonseg_ascii_b8,nonce_96_bit_hex,professional_project_update
detector_pair__71ec6bcd97f612f57f5de8ea__ordinary_control,0,0.0039919521659612656,deberta,leave_one_model__qwen2_5_7b_instruct_q4_k_m,test,matched_clean_llm,dedup-cluster-9ce5c8433f0a2ba109d4fda8,revision_v1_aes256_gcm_base64_029,qwen2_5_7b_instruct_q4_k_m,nonseg_ascii_b8,aes256_gcm_base64,explain_everyday_system
detector_pair__71ec6bcd97f612f57f5de8ea__rankcloak,1,0.8373621106147766,deberta,leave_one_model__qwen2_5_7b_instruct_q4_k_m,test,matched_clean_llm,dedup-cluster-9ce5c8433f0a2ba109d4fda8,revision_v1_aes256_gcm_base64_029,qwen2_5_7b_instruct_q4_k_m,nonseg_ascii_b8,aes256_gcm_base64,explain_everyday_system
detector_pair__7269e9309df3ac94456e1de2__ordinary_control,0,0.001884103869087994,deberta,leave_one_model__qwen2_5_7b_instruct_q4_k_m,test,matched_clean_llm,dedup-cluster-1ae66c809db7c888edc24849,revision_v1_sha256_hex_020,qwen2_5_7b_instruct_q4_k_m,segmented_hex_single_topic,sha256_hex,procedure_home_task
detector_pair__7269e9309df3ac94456e1de2__rankcloak,1,0.4372587203979492,deberta,leave_one_model__qwen2_5_7b_instruct_q4_k_m,test,matched_clean_llm,dedup-cluster-1ae66c809db7c888edc24849,revision_v1_sha256_hex_020,qwen2_5_7b_instruct_q4_k_m,segmented_hex_single_topic,sha256_hex,procedure_home_task
detector_pair__72c0b661bb74d9be8bcca888__ordinary_control,0,0.0016518577467650175,deberta,leave_one_model__qwen2_5_7b_instruct_q4_k_m,test,matched_clean_llm,dedup-cluster-c5e7aa80077f7be08ccd7015,revision_v1_nonce_96_bit_hex_018,qwen2_5_7b_instruct_q4_k_m,nonseg_ascii_b16,nonce_96_bit_hex,procedure_simple_meal
detector_pair__72c0b661bb74d9be8bcca888__rankcloak,1,0.74168860912323,deberta,leave_one_model__qwen2_5_7b_instruct_q4_k_m,test,matched_clean_llm,dedup-cluster-c5e7aa80077f7be08ccd7015,revision_v1_nonce_96_bit_hex_018,qwen2_5_7b_instruct_q4_k_m,nonseg_ascii_b16,nonce_96_bit_hex,procedure_simple_meal
detector_pair__73a1e956f72d09ef8d0d3b5a__ordinary_control,0,0.0007739950087852776,deberta,leave_one_model__qwen2_5_7b_instruct_q4_k_m,test,matched_clean_llm,dedup-cluster-92597d293b9374d8f0316f4d,revision_v1_hmac_sha256_hex_031,qwen2_5_7b_instruct_q4_k_m,segmented_hex_multi_topic,hmac_sha256_hex,procedure_home_task
detector_pair__73a1e956f72d09ef8d0d3b5a__rankcloak,1,0.8813868165016174,deberta,leave_one_model__qwen2_5_7b_instruct_q4_k_m,test,matched_clean_llm,dedup-cluster-92597d293b9374d8f0316f4d,revision_v1_hmac_sha256_hex_031,qwen2_5_7b_instruct_q4_k_m,segmented_hex_multi_topic,hmac_sha256_hex,procedure_home_task
detector_pair__74186dd6e1b4dc5926bedd56__ordinary_control,0,0.0005181587766855955,deberta,leave_one_model__qwen2_5_7b_instruct_q4_k_m,test,matched_clean_llm,dedup-cluster-95e2f27c2b585a3d4fdfda70,revision_v1_nonce_96_bit_hex_013,qwen2_5_7b_instruct_q4_k_m,segmented_hex_single_topic,nonce_96_bit_hex,narrative_learning_moment
detector_pair__74186dd6e1b4dc5926bedd56__rankcloak,1,0.30474892258644104,deberta,leave_one_model__qwen2_5_7b_instruct_q4_k_m,test,matched_clean_llm,dedup-cluster-95e2f27c2b585a3d4fdfda70,revision_v1_nonce_96_bit_hex_013,qwen2_5_7b_instruct_q4_k_m,segmented_hex_single_topic,nonce_96_bit_hex,narrative_learning_moment
detector_pair__748886c353e9b6456b207a6b__ordinary_control,0,0.0009894618997350335,deberta,leave_one_model__qwen2_5_7b_instruct_q4_k_m,test,matched_clean_llm,dedup-cluster-530f7a325b417a884b1be200,revision_v1_nonce_96_bit_hex_032,qwen2_5_7b_instruct_q4_k_m,nonseg_hex_nibble_b16,nonce_96_bit_hex,explain_biological_process
detector_pair__748886c353e9b6456b207a6b__rankcloak,1,0.9872027039527893,deberta,leave_one_model__qwen2_5_7b_instruct_q4_k_m,test,matched_clean_llm,dedup-cluster-530f7a325b417a884b1be200,revision_v1_nonce_96_bit_hex_032,qwen2_5_7b_instruct_q4_k_m,nonseg_hex_nibble_b16,nonce_96_bit_hex,explain_biological_process
detector_pair__749d6bf0b671d70e29778039__ordinary_control,0,0.0004808020603377372,deberta,leave_one_model__qwen2_5_7b_instruct_q4_k_m,test,matched_clean_llm,dedup-cluster-c5e7aa80077f7be08ccd7015,revision_v1_nonce_96_bit_hex_018,qwen2_5_7b_instruct_q4_k_m,nonseg_ascii_b8,nonce_96_bit_hex,procedure_simple_meal
detector_pair__749d6bf0b671d70e29778039__rankcloak,1,0.9990035891532898,deberta,leave_one_model__qwen2_5_7b_instruct_q4_k_m,test,matched_clean_llm,dedup-cluster-c5e7aa80077f7be08ccd7015,revision_v1_nonce_96_bit_hex_018,qwen2_5_7b_instruct_q4_k_m,nonseg_ascii_b8,nonce_96_bit_hex,procedure_simple_meal
detector_pair__750a2db66284ea75661eecc2__ordinary_control,0,0.00037105646333657205,deberta,leave_one_model__qwen2_5_7b_instruct_q4_k_m,test,matched_clean_llm,dedup-cluster-3d7049c126c3e6af15cc5c6b,revision_v1_hmac_sha256_hex_016,qwen2_5_7b_instruct_q4_k_m,nonseg_ascii_b8,hmac_sha256_hex,casual_hobby_chat
detector_pair__750a2db66284ea75661eecc2__rankcloak,1,0.8840208053588867,deberta,leave_one_model__qwen2_5_7b_instruct_q4_k_m,test,matched_clean_llm,dedup-cluster-3d7049c126c3e6af15cc5c6b,revision_v1_hmac_sha256_hex_016,qwen2_5_7b_instruct_q4_k_m,nonseg_ascii_b8,hmac_sha256_hex,casual_hobby_chat
detector_pair__757814bef8ae953ab9ff2735__ordinary_control,0,0.002080300124362111,deberta,leave_one_model__qwen2_5_7b_instruct_q4_k_m,test,matched_clean_llm,dedup-cluster-86d638dbb2173052f0f13f3d,revision_v1_chacha20_poly1305_base64_027,qwen2_5_7b_instruct_q4_k_m,nonseg_ascii_b16,chacha20_poly1305_base64,narrative_learning_moment
detector_pair__757814bef8ae953ab9ff2735__rankcloak,1,0.9929841756820679,deberta,leave_one_model__qwen2_5_7b_instruct_q4_k_m,test,matched_clean_llm,dedup-cluster-86d638dbb2173052f0f13f3d,revision_v1_chacha20_poly1305_base64_027,qwen2_5_7b_instruct_q4_k_m,nonseg_ascii_b16,chacha20_poly1305_base64,narrative_learning_moment
detector_pair__75a7b18c81fcf3e329b5c7c1__ordinary_control,0,0.000520381610840559,deberta,leave_one_model__qwen2_5_7b_instruct_q4_k_m,test,matched_clean_llm,dedup-cluster-3550b9941e44ba053c139eaa,revision_v1_sha256_hex_055,qwen2_5_7b_instruct_q4_k_m,nonseg_ascii_b8,sha256_hex,forum_purchase_advice
detector_pair__75a7b18c81fcf3e329b5c7c1__rankcloak,1,0.8868625164031982,deberta,leave_one_model__qwen2_5_7b_instruct_q4_k_m,test,matched_clean_llm,dedup-cluster-3550b9941e44ba053c139eaa,revision_v1_sha256_hex_055,qwen2_5_7b_instruct_q4_k_m,nonseg_ascii_b8,sha256_hex,forum_purchase_advice
detector_pair__76163defdd1fe16f280dbb4a__ordinary_control,0,0.00046728929737582803,deberta,leave_one_model__qwen2_5_7b_instruct_q4_k_m,test,matched_clean_llm,dedup-cluster-a331d504eed2f1bff244b461,revision_v1_chacha20_poly1305_base64_000,qwen2_5_7b_instruct_q4_k_m,nonseg_ascii_b8,chacha20_poly1305_base64,professional_schedule_note
detector_pair__76163defdd1fe16f280dbb4a__rankcloak,1,0.9782521724700928,deberta,leave_one_model__qwen2_5_7b_instruct_q4_k_m,test,matched_clean_llm,dedup-cluster-a331d504eed2f1bff244b461,revision_v1_chacha20_poly1305_base64_000,qwen2_5_7b_instruct_q4_k_m,nonseg_ascii_b8,chacha20_poly1305_base64,professional_schedule_note
detector_pair__761f7fd6d63ca383e41b1a09__ordinary_control,0,0.0008945027366280556,deberta,leave_one_model__qwen2_5_7b_instruct_q4_k_m,test,matched_clean_llm,dedup-cluster-8cd2e77d4fa5e7d635c78e1d,revision_v1_nonce_96_bit_hex_053,qwen2_5_7b_instruct_q4_k_m,segmented_hex_multi_topic,nonce_96_bit_hex,forum_learning_answer
detector_pair__761f7fd6d63ca383e41b1a09__rankcloak,1,0.9995699524879456,deberta,leave_one_model__qwen2_5_7b_instruct_q4_k_m,test,matched_clean_llm,dedup-cluster-8cd2e77d4fa5e7d635c78e1d,revision_v1_nonce_96_bit_hex_053,qwen2_5_7b_instruct_q4_k_m,segmented_hex_multi_topic,nonce_96_bit_hex,forum_learning_answer
detector_pair__7634d4928f44d38c57718dec__ordinary_control,0,0.00046197939082048833,deberta,leave_one_model__qwen2_5_7b_instruct_q4_k_m,test,matched_clean_llm,dedup-cluster-c5e7aa80077f7be08ccd7015,revision_v1_nonce_96_bit_hex_018,qwen2_5_7b_instruct_q4_k_m,segmented_hex_multi_topic,nonce_96_bit_hex,procedure_simple_meal
detector_pair__7634d4928f44d38c57718dec__rankcloak,1,0.9827216267585754,deberta,leave_one_model__qwen2_5_7b_instruct_q4_k_m,test,matched_clean_llm,dedup-cluster-c5e7aa80077f7be08ccd7015,revision_v1_nonce_96_bit_hex_018,qwen2_5_7b_instruct_q4_k_m,segmented_hex_multi_topic,nonce_96_bit_hex,procedure_simple_meal
detector_pair__769b5a40f425c7cf5f41b086__ordinary_control,0,0.0007816479774191976,deberta,leave_one_model__qwen2_5_7b_instruct_q4_k_m,test,matched_clean_llm,dedup-cluster-6b084f6dbf9a47a93f82df24,revision_v1_aes256_gcm_base64_037,qwen2_5_7b_instruct_q4_k_m,nonseg_ascii_b8,aes256_gcm_base64,professional_project_update
detector_pair__769b5a40f425c7cf5f41b086__rankcloak,1,0.9003954529762268,deberta,leave_one_model__qwen2_5_7b_instruct_q4_k_m,test,matched_clean_llm,dedup-cluster-6b084f6dbf9a47a93f82df24,revision_v1_aes256_gcm_base64_037,qwen2_5_7b_instruct_q4_k_m,nonseg_ascii_b8,aes256_gcm_base64,professional_project_update
detector_pair__78ff1d5db88585af0b13dd31__ordinary_control,0,0.0002997108967974782,deberta,leave_one_model__qwen2_5_7b_instruct_q4_k_m,test,matched_clean_llm,dedup-cluster-42ce35dd2bcd53cb8fe0bada,revision_v1_token_128_bit_hex_027,qwen2_5_7b_instruct_q4_k_m,nonseg_hex_nibble_b16,token_128_bit_hex,professional_process_email
detector_pair__78ff1d5db88585af0b13dd31__rankcloak,1,0.9409211277961731,deberta,leave_one_model__qwen2_5_7b_instruct_q4_k_m,test,matched_clean_llm,dedup-cluster-42ce35dd2bcd53cb8fe0bada,revision_v1_token_128_bit_hex_027,qwen2_5_7b_instruct_q4_k_m,nonseg_hex_nibble_b16,token_128_bit_hex,professional_process_email
detector_pair__79d3778d08b87fa8ddfa389e__ordinary_control,0,0.0008373676100745797,deberta,leave_one_model__qwen2_5_7b_instruct_q4_k_m,test,matched_clean_llm,dedup-cluster-d5b4f2b51dfabbdce0cd2fb8,revision_v1_sha256_hex_057,qwen2_5_7b_instruct_q4_k_m,nonseg_ascii_b8,sha256_hex,narrative_local_walk
detector_pair__79d3778d08b87fa8ddfa389e__rankcloak,1,0.9685594439506531,deberta,leave_one_model__qwen2_5_7b_instruct_q4_k_m,test,matched_clean_llm,dedup-cluster-d5b4f2b51dfabbdce0cd2fb8,revision_v1_sha256_hex_057,qwen2_5_7b_instruct_q4_k_m,nonseg_ascii_b8,sha256_hex,narrative_local_walk
detector_pair__7a0de572864043d85ba2ccaf__ordinary_control,0,0.00048240830074064434,deberta,leave_one_model__qwen2_5_7b_instruct_q4_k_m,test,matched_clean_llm,dedup-cluster-6ff827405e3ec8e1790ca5eb,revision_v1_sha256_hex_051,qwen2_5_7b_instruct_q4_k_m,direct_subword_calgacus,sha256_hex,narrative_small_discovery
detector_pair__7a0de572864043d85ba2ccaf__rankcloak,1,0.9993639588356018,deberta,leave_one_model__qwen2_5_7b_instruct_q4_k_m,test,matched_clean_llm,dedup-cluster-6ff827405e3ec8e1790ca5eb,revision_v1_sha256_hex_051,qwen2_5_7b_instruct_q4_k_m,direct_subword_calgacus,sha256_hex,narrative_small_discovery
detector_pair__7a9d04bd6418a92ff3ac9df6__ordinary_control,0,0.00046368016046471894,deberta,leave_one_model__qwen2_5_7b_instruct_q4_k_m,test,matched_clean_llm,dedup-cluster-bce5a8a5d318ff689ce98a79,revision_v1_ed25519_signature_base64_023,qwen2_5_7b_instruct_q4_k_m,direct_subword_calgacus,ed25519_signature_base64,professional_process_email
detector_pair__7a9d04bd6418a92ff3ac9df6__rankcloak,1,0.9997479319572449,deberta,leave_one_model__qwen2_5_7b_instruct_q4_k_m,test,matched_clean_llm,dedup-cluster-bce5a8a5d318ff689ce98a79,revision_v1_ed25519_signature_base64_023,qwen2_5_7b_instruct_q4_k_m,direct_subword_calgacus,ed25519_signature_base64,professional_process_email
detector_pair__7b73d5b3a482442d5b67755b__ordinary_control,0,0.0008795278845354915,deberta,leave_one_model__qwen2_5_7b_instruct_q4_k_m,test,matched_clean_llm,dedup-cluster-f6fc3479f88b17e2282c2e2e,revision_v1_token_128_bit_hex_043,qwen2_5_7b_instruct_q4_k_m,nonseg_ascii_b16,token_128_bit_hex,explain_biological_process
detector_pair__7b73d5b3a482442d5b67755b__rankcloak,1,0.9996635913848877,deberta,leave_one_model__qwen2_5_7b_instruct_q4_k_m,test,matched_clean_llm,dedup-cluster-f6fc3479f88b17e2282c2e2e,revision_v1_token_128_bit_hex_043,qwen2_5_7b_instruct_q4_k_m,nonseg_ascii_b16,token_128_bit_hex,explain_biological_process
detector_pair__7bbc8e92a0f0dcfde15167d3__ordinary_control,0,0.00039155775448307395,deberta,leave_one_model__qwen2_5_7b_instruct_q4_k_m,test,matched_clean_llm,dedup-cluster-0b53467e512d7aed40a8b7c5,revision_v1_hmac_sha256_hex_035,qwen2_5_7b_instruct_q4_k_m,nonseg_ascii_b16,hmac_sha256_hex,professional_schedule_note
detector_pair__7bbc8e92a0f0dcfde15167d3__rankcloak,1,0.9721214175224304,deberta,leave_one_model__qwen2_5_7b_instruct_q4_k_m,test,matched_clean_llm,dedup-cluster-0b53467e512d7aed40a8b7c5,revision_v1_hmac_sha256_hex_035,qwen2_5_7b_instruct_q4_k_m,nonseg_ascii_b16,hmac_sha256_hex,professional_schedule_note
detector_pair__7cceed199722c0c95ab526cb__ordinary_control,0,0.025796091184020042,deberta,leave_one_model__qwen2_5_7b_instruct_q4_k_m,test,matched_clean_llm,dedup-cluster-83b5ef276b5071a7412eb272,revision_v1_token_128_bit_hex_001,qwen2_5_7b_instruct_q4_k_m,segmented_hex_single_topic,token_128_bit_hex,explain_everyday_system
detector_pair__7cceed199722c0c95ab526cb__rankcloak,1,0.8650871515274048,deberta,leave_one_model__qwen2_5_7b_instruct_q4_k_m,test,matched_clean_llm,dedup-cluster-83b5ef276b5071a7412eb272,revision_v1_token_128_bit_hex_001,qwen2_5_7b_instruct_q4_k_m,segmented_hex_single_topic,token_128_bit_hex,explain_everyday_system
detector_pair__7d3962139dca67e61fe48507__ordinary_control,0,0.0005011740722693503,deberta,leave_one_model__qwen2_5_7b_instruct_q4_k_m,test,matched_clean_llm,dedup-cluster-d5b4f2b51dfabbdce0cd2fb8,revision_v1_sha256_hex_057,qwen2_5_7b_instruct_q4_k_m,segmented_hex_multi_topic,sha256_hex,narrative_local_walk
detector_pair__7d3962139dca67e61fe48507__rankcloak,1,0.9996743202209473,deberta,leave_one_model__qwen2_5_7b_instruct_q4_k_m,test,matched_clean_llm,dedup-cluster-d5b4f2b51dfabbdce0cd2fb8,revision_v1_sha256_hex_057,qwen2_5_7b_instruct_q4_k_m,segmented_hex_multi_topic,sha256_hex,narrative_local_walk
detector_pair__7e05288a6820958c980b4869__ordinary_control,0,0.0012396707898005843,deberta,leave_one_model__qwen2_5_7b_instruct_q4_k_m,test,matched_clean_llm,dedup-cluster-dab9c4d7024256297969359d,revision_v1_chacha20_poly1305_base64_032,qwen2_5_7b_instruct_q4_k_m,nonseg_ascii_b8,chacha20_poly1305_base64,procedure_simple_meal
detector_pair__7e05288a6820958c980b4869__rankcloak,1,0.9981644749641418,deberta,leave_one_model__qwen2_5_7b_instruct_q4_k_m,test,matched_clean_llm,dedup-cluster-dab9c4d7024256297969359d,revision_v1_chacha20_poly1305_base64_032,qwen2_5_7b_instruct_q4_k_m,nonseg_ascii_b8,chacha20_poly1305_base64,procedure_simple_meal
detector_pair__7e876eee4254641759ad4da4__ordinary_control,0,0.0003824420855380595,deberta,leave_one_model__qwen2_5_7b_instruct_q4_k_m,test,matched_clean_llm,dedup-cluster-87be1653d2065bc655a96c84,revision_v1_token_128_bit_hex_020,qwen2_5_7b_instruct_q4_k_m,nonseg_ascii_b8,token_128_bit_hex,casual_hobby_chat
detector_pair__7e876eee4254641759ad4da4__rankcloak,1,0.7653020620346069,deberta,leave_one_model__qwen2_5_7b_instruct_q4_k_m,test,matched_clean_llm,dedup-cluster-87be1653d2065bc655a96c84,revision_v1_token_128_bit_hex_020,qwen2_5_7b_instruct_q4_k_m,nonseg_ascii_b8,token_128_bit_hex,casual_hobby_chat
detector_pair__7edb992804e6780d147cdc4a__ordinary_control,0,0.002065409207716584,deberta,leave_one_model__qwen2_5_7b_instruct_q4_k_m,test,matched_clean_llm,dedup-cluster-054651d73ab2fcb750307ee7,revision_v1_token_128_bit_hex_023,qwen2_5_7b_instruct_q4_k_m,segmented_hex_multi_topic,token_128_bit_hex,procedure_home_task
detector_pair__7edb992804e6780d147cdc4a__rankcloak,1,0.7737341523170471,deberta,leave_one_model__qwen2_5_7b_instruct_q4_k_m,test,matched_clean_llm,dedup-cluster-054651d73ab2fcb750307ee7,revision_v1_token_128_bit_hex_023,qwen2_5_7b_instruct_q4_k_m,segmented_hex_multi_topic,token_128_bit_hex,procedure_home_task
detector_pair__7ee58fed237388c4a07f1d3c__ordinary_control,0,0.0024886191822588444,deberta,leave_one_model__qwen2_5_7b_instruct_q4_k_m,test,matched_clean_llm,dedup-cluster-80b481e94169d611d3504384,revision_v1_ed25519_signature_base64_034,qwen2_5_7b_instruct_q4_k_m,nonseg_ascii_b8,ed25519_signature_base64,casual_hobby_chat
detector_pair__7ee58fed237388c4a07f1d3c__rankcloak,1,0.9827133417129517,deberta,leave_one_model__qwen2_5_7b_instruct_q4_k_m,test,matched_clean_llm,dedup-cluster-80b481e94169d611d3504384,revision_v1_ed25519_signature_base64_034,qwen2_5_7b_instruct_q4_k_m,nonseg_ascii_b8,ed25519_signature_base64,casual_hobby_chat
detector_pair__7f3cfbe6986851d3a32fc94c__ordinary_control,0,0.0024838533718138933,deberta,leave_one_model__qwen2_5_7b_instruct_q4_k_m,test,matched_clean_llm,dedup-cluster-c5e7aa80077f7be08ccd7015,revision_v1_nonce_96_bit_hex_018,qwen2_5_7b_instruct_q4_k_m,segmented_hex_multi_topic,nonce_96_bit_hex,procedure_simple_meal
detector_pair__7f3cfbe6986851d3a32fc94c__rankcloak,1,0.10277634114027023,deberta,leave_one_model__qwen2_5_7b_instruct_q4_k_m,test,matched_clean_llm,dedup-cluster-c5e7aa80077f7be08ccd7015,revision_v1_nonce_96_bit_hex_018,qwen2_5_7b_instruct_q4_k_m,segmented_hex_multi_topic,nonce_96_bit_hex,procedure_simple_meal
detector_pair__7f881b3031a930a0d62028bc__ordinary_control,0,0.001992807723581791,deberta,leave_one_model__qwen2_5_7b_instruct_q4_k_m,test,matched_clean_llm,dedup-cluster-1a88735e2967b1b509e24d6b,revision_v1_token_128_bit_hex_015,qwen2_5_7b_instruct_q4_k_m,nonseg_ascii_b16,token_128_bit_hex,professional_project_update
detector_pair__7f881b3031a930a0d62028bc__rankcloak,1,0.9937915205955505,deberta,leave_one_model__qwen2_5_7b_instruct_q4_k_m,test,matched_clean_llm,dedup-cluster-1a88735e2967b1b509e24d6b,revision_v1_token_128_bit_hex_015,qwen2_5_7b_instruct_q4_k_m,nonseg_ascii_b16,token_128_bit_hex,professional_project_update
detector_pair__7fb6f460d6b137bc9902fcdc__ordinary_control,0,0.0006405388121493161,deberta,leave_one_model__qwen2_5_7b_instruct_q4_k_m,test,matched_clean_llm,dedup-cluster-1ad3df916a9f0ee2bcfba8d6,revision_v1_uuid_v4_027,qwen2_5_7b_instruct_q4_k_m,direct_subword_calgacus,uuid_v4,forum_practical_answer
detector_pair__7fb6f460d6b137bc9902fcdc__rankcloak,1,0.9975391626358032,deberta,leave_one_model__qwen2_5_7b_instruct_q4_k_m,test,matched_clean_llm,dedup-cluster-1ad3df916a9f0ee2bcfba8d6,revision_v1_uuid_v4_027,qwen2_5_7b_instruct_q4_k_m,direct_subword_calgacus,uuid_v4,forum_practical_answer
detector_pair__7fe0f7e48ed57430f6eb7878__ordinary_control,0,0.0011382391676306725,deberta,leave_one_model__qwen2_5_7b_instruct_q4_k_m,test,matched_clean_llm,dedup-cluster-054651d73ab2fcb750307ee7,revision_v1_token_128_bit_hex_023,qwen2_5_7b_instruct_q4_k_m,nonseg_hex_nibble_b16,token_128_bit_hex,procedure_home_task
detector_pair__7fe0f7e48ed57430f6eb7878__rankcloak,1,0.9541807770729065,deberta,leave_one_model__qwen2_5_7b_instruct_q4_k_m,test,matched_clean_llm,dedup-cluster-054651d73ab2fcb750307ee7,revision_v1_token_128_bit_hex_023,qwen2_5_7b_instruct_q4_k_m,nonseg_hex_nibble_b16,token_128_bit_hex,procedure_home_task
detector_pair__8000ff885e37227c3812e3b7__ordinary_control,0,0.00038895910256542265,deberta,leave_one_model__qwen2_5_7b_instruct_q4_k_m,test,matched_clean_llm,dedup-cluster-07152d65b441d025c2de854b,revision_v1_nonce_96_bit_hex_030,qwen2_5_7b_instruct_q4_k_m,nonseg_ascii_b16,nonce_96_bit_hex,procedure_garden_task
detector_pair__8000ff885e37227c3812e3b7__rankcloak,1,0.8438436388969421,deberta,leave_one_model__qwen2_5_7b_instruct_q4_k_m,test,matched_clean_llm,dedup-cluster-07152d65b441d025c2de854b,revision_v1_nonce_96_bit_hex_030,qwen2_5_7b_instruct_q4_k_m,nonseg_ascii_b16,nonce_96_bit_hex,procedure_garden_task
detector_pair__805115922d095da835349529__ordinary_control,0,0.0006637166370637715,deberta,leave_one_model__qwen2_5_7b_instruct_q4_k_m,test,matched_clean_llm,dedup-cluster-6a3b0df392337f6421c0e2eb,revision_v1_uuid_v4_026,qwen2_5_7b_instruct_q4_k_m,direct_subword_calgacus,uuid_v4,professional_project_update
detector_pair__805115922d095da835349529__rankcloak,1,0.9968262910842896,deberta,leave_one_model__qwen2_5_7b_instruct_q4_k_m,test,matched_clean_llm,dedup-cluster-6a3b0df392337f6421c0e2eb,revision_v1_uuid_v4_026,qwen2_5_7b_instruct_q4_k_m,direct_subword_calgacus,uuid_v4,professional_project_update
detector_pair__807f99424bd8d4444ff9d4a6__ordinary_control,0,0.0008463133126497269,deberta,leave_one_model__qwen2_5_7b_instruct_q4_k_m,test,matched_clean_llm,dedup-cluster-1ae66c809db7c888edc24849,revision_v1_sha256_hex_020,qwen2_5_7b_instruct_q4_k_m,nonseg_ascii_b16,sha256_hex,procedure_home_task
detector_pair__807f99424bd8d4444ff9d4a6__rankcloak,1,0.9760528206825256,deberta,leave_one_model__qwen2_5_7b_instruct_q4_k_m,test,matched_clean_llm,dedup-cluster-1ae66c809db7c888edc24849,revision_v1_sha256_hex_020,qwen2_5_7b_instruct_q4_k_m,nonseg_ascii_b16,sha256_hex,procedure_home_task
detector_pair__80aa19ad6b3619525232599b__ordinary_control,0,0.00028719723923131824,deberta,leave_one_model__qwen2_5_7b_instruct_q4_k_m,test,matched_clean_llm,dedup-cluster-b160d50a48c5e58f6dd7c118,revision_v1_token_128_bit_hex_009,qwen2_5_7b_instruct_q4_k_m,nonseg_hex_nibble_b16,token_128_bit_hex,professional_process_email
detector_pair__80aa19ad6b3619525232599b__rankcloak,1,0.9954668283462524,deberta,leave_one_model__qwen2_5_7b_instruct_q4_k_m,test,matched_clean_llm,dedup-cluster-b160d50a48c5e58f6dd7c118,revision_v1_token_128_bit_hex_009,qwen2_5_7b_instruct_q4_k_m,nonseg_hex_nibble_b16,token_128_bit_hex,professional_process_email
detector_pair__810c9094f0c603d5975354ac__ordinary_control,0,0.002765464596450329,deberta,leave_one_model__qwen2_5_7b_instruct_q4_k_m,test,matched_clean_llm,dedup-cluster-0d14bae63cd1e6e73dd0fa7a,revision_v1_nonce_96_bit_hex_022,qwen2_5_7b_instruct_q4_k_m,direct_subword_calgacus,nonce_96_bit_hex,professional_project_update
detector_pair__810c9094f0c603d5975354ac__rankcloak,1,0.99125075340271,deberta,leave_one_model__qwen2_5_7b_instruct_q4_k_m,test,matched_clean_llm,dedup-cluster-0d14bae63cd1e6e73dd0fa7a,revision_v1_nonce_96_bit_hex_022,qwen2_5_7b_instruct_q4_k_m,direct_subword_calgacus,nonce_96_bit_hex,professional_project_update
detector_pair__8186e9a021a857ce00436ae2__ordinary_control,0,0.0002887212031055242,deberta,leave_one_model__qwen2_5_7b_instruct_q4_k_m,test,matched_clean_llm,dedup-cluster-b021f708a83df097e9b0dc22,revision_v1_aes256_gcm_base64_043,qwen2_5_7b_instruct_q4_k_m,nonseg_ascii_b16,aes256_gcm_base64,professional_schedule_note
detector_pair__8186e9a021a857ce00436ae2__rankcloak,1,0.9968530535697937,deberta,leave_one_model__qwen2_5_7b_instruct_q4_k_m,test,matched_clean_llm,dedup-cluster-b021f708a83df097e9b0dc22,revision_v1_aes256_gcm_base64_043,qwen2_5_7b_instruct_q4_k_m,nonseg_ascii_b16,aes256_gcm_base64,professional_schedule_note
detector_pair__81eb9459126f46ff8ef67312__ordinary_control,0,0.0006750144530087709,deberta,leave_one_model__qwen2_5_7b_instruct_q4_k_m,test,matched_clean_llm,dedup-cluster-f06bf1b2872f90ff6209fecd,revision_v1_uuid_v4_044,qwen2_5_7b_instruct_q4_k_m,nonseg_ascii_b8,uuid_v4,professional_project_update
detector_pair__81eb9459126f46ff8ef67312__rankcloak,1,0.8879299163818359,deberta,leave_one_model__qwen2_5_7b_instruct_q4_k_m,test,matched_clean_llm,dedup-cluster-f06bf1b2872f90ff6209fecd,revision_v1_uuid_v4_044,qwen2_5_7b_instruct_q4_k_m,nonseg_ascii_b8,uuid_v4,professional_project_update
detector_pair__829621785e66e12f512342ee__ordinary_control,0,0.00029301419272087514,deberta,leave_one_model__qwen2_5_7b_instruct_q4_k_m,test,matched_clean_llm,dedup-cluster-0b53467e512d7aed40a8b7c5,revision_v1_hmac_sha256_hex_035,qwen2_5_7b_instruct_q4_k_m,nonseg_ascii_b8,hmac_sha256_hex,professional_schedule_note
detector_pair__829621785e66e12f512342ee__rankcloak,1,0.9678409099578857,deberta,leave_one_model__qwen2_5_7b_instruct_q4_k_m,test,matched_clean_llm,dedup-cluster-0b53467e512d7aed40a8b7c5,revision_v1_hmac_sha256_hex_035,qwen2_5_7b_instruct_q4_k_m,nonseg_ascii_b8,hmac_sha256_hex,professional_schedule_note
detector_pair__82bd7a06003e03a62b7bf524__ordinary_control,0,0.00041148546733893454,deberta,leave_one_model__qwen2_5_7b_instruct_q4_k_m,test,matched_clean_llm,dedup-cluster-b84d789db2f53c6cca61a4a3,revision_v1_nonce_96_bit_hex_004,qwen2_5_7b_instruct_q4_k_m,nonseg_ascii_b16,nonce_96_bit_hex,professional_project_update
detector_pair__82bd7a06003e03a62b7bf524__rankcloak,1,0.9984637498855591,deberta,leave_one_model__qwen2_5_7b_instruct_q4_k_m,test,matched_clean_llm,dedup-cluster-b84d789db2f53c6cca61a4a3,revision_v1_nonce_96_bit_hex_004,qwen2_5_7b_instruct_q4_k_m,nonseg_ascii_b16,nonce_96_bit_hex,professional_project_update
detector_pair__84b50afde3988e494f6dfecd__ordinary_control,0,0.0005943893338553607,deberta,leave_one_model__qwen2_5_7b_instruct_q4_k_m,test,matched_clean_llm,dedup-cluster-f81b727c549baaf473769b12,revision_v1_chacha20_poly1305_base64_005,qwen2_5_7b_instruct_q4_k_m,direct_subword_calgacus,chacha20_poly1305_base64,casual_hobby_chat
detector_pair__84b50afde3988e494f6dfecd__rankcloak,1,0.9997389912605286,deberta,leave_one_model__qwen2_5_7b_instruct_q4_k_m,test,matched_clean_llm,dedup-cluster-f81b727c549baaf473769b12,revision_v1_chacha20_poly1305_base64_005,qwen2_5_7b_instruct_q4_k_m,direct_subword_calgacus,chacha20_poly1305_base64,casual_hobby_chat
detector_pair__85d5ab1c612aa720a42ec394__ordinary_control,0,0.00035929708974435925,deberta,leave_one_model__qwen2_5_7b_instruct_q4_k_m,test,matched_clean_llm,dedup-cluster-b021f708a83df097e9b0dc22,revision_v1_aes256_gcm_base64_043,qwen2_5_7b_instruct_q4_k_m,nonseg_ascii_b8,aes256_gcm_base64,professional_schedule_note
detector_pair__85d5ab1c612aa720a42ec394__rankcloak,1,0.9869769215583801,deberta,leave_one_model__qwen2_5_7b_instruct_q4_k_m,test,matched_clean_llm,dedup-cluster-b021f708a83df097e9b0dc22,revision_v1_aes256_gcm_base64_043,qwen2_5_7b_instruct_q4_k_m,nonseg_ascii_b8,aes256_gcm_base64,professional_schedule_note
detector_pair__8793f8a4117a84b0987fda63__ordinary_control,0,0.0002623536274768412,deberta,leave_one_model__qwen2_5_7b_instruct_q4_k_m,test,matched_clean_llm,dedup-cluster-65c353c55a1ef0ebfabe11b3,revision_v1_uuid_v4_032,qwen2_5_7b_instruct_q4_k_m,direct_subword_calgacus,uuid_v4,professional_schedule_note
detector_pair__8793f8a4117a84b0987fda63__rankcloak,1,0.11246918886899948,deberta,leave_one_model__qwen2_5_7b_instruct_q4_k_m,test,matched_clean_llm,dedup-cluster-65c353c55a1ef0ebfabe11b3,revision_v1_uuid_v4_032,qwen2_5_7b_instruct_q4_k_m,direct_subword_calgacus,uuid_v4,professional_schedule_note
detector_pair__885b74340962bf130ba6253a__ordinary_control,0,0.00034044458880089223,deberta,leave_one_model__qwen2_5_7b_instruct_q4_k_m,test,matched_clean_llm,dedup-cluster-87be1653d2065bc655a96c84,revision_v1_token_128_bit_hex_020,qwen2_5_7b_instruct_q4_k_m,nonseg_hex_nibble_b16,token_128_bit_hex,casual_hobby_chat
detector_pair__885b74340962bf130ba6253a__rankcloak,1,0.9564844965934753,deberta,leave_one_model__qwen2_5_7b_instruct_q4_k_m,test,matched_clean_llm,dedup-cluster-87be1653d2065bc655a96c84,revision_v1_token_128_bit_hex_020,qwen2_5_7b_instruct_q4_k_m,nonseg_hex_nibble_b16,token_128_bit_hex,casual_hobby_chat
detector_pair__88a8ded35b1104cc3a3ad4da__ordinary_control,0,0.00038942191167734563,deberta,leave_one_model__qwen2_5_7b_instruct_q4_k_m,test,matched_clean_llm,dedup-cluster-29f0784a87261cd21c8ecb5a,revision_v1_chacha20_poly1305_base64_018,qwen2_5_7b_instruct_q4_k_m,nonseg_ascii_b16,chacha20_poly1305_base64,professional_schedule_note
detector_pair__88a8ded35b1104cc3a3ad4da__rankcloak,1,0.9995552897453308,deberta,leave_one_model__qwen2_5_7b_instruct_q4_k_m,test,matched_clean_llm,dedup-cluster-29f0784a87261cd21c8ecb5a,revision_v1_chacha20_poly1305_base64_018,qwen2_5_7b_instruct_q4_k_m,nonseg_ascii_b16,chacha20_poly1305_base64,professional_schedule_note
detector_pair__891f1ea1924df04030026d30__ordinary_control,0,0.0007912812288850546,deberta,leave_one_model__qwen2_5_7b_instruct_q4_k_m,test,matched_clean_llm,dedup-cluster-d5b4f2b51dfabbdce0cd2fb8,revision_v1_sha256_hex_057,qwen2_5_7b_instruct_q4_k_m,nonseg_ascii_b16,sha256_hex,narrative_local_walk
detector_pair__891f1ea1924df04030026d30__rankcloak,1,0.9994382262229919,deberta,leave_one_model__qwen2_5_7b_instruct_q4_k_m,test,matched_clean_llm,dedup-cluster-d5b4f2b51dfabbdce0cd2fb8,revision_v1_sha256_hex_057,qwen2_5_7b_instruct_q4_k_m,nonseg_ascii_b16,sha256_hex,narrative_local_walk
detector_pair__8a342078f24d87b53197a834__ordinary_control,0,0.0005266856169328094,deberta,leave_one_model__qwen2_5_7b_instruct_q4_k_m,test,matched_clean_llm,dedup-cluster-1ad3df916a9f0ee2bcfba8d6,revision_v1_uuid_v4_027,qwen2_5_7b_instruct_q4_k_m,nonseg_ascii_b8,uuid_v4,forum_practical_answer
detector_pair__8a342078f24d87b53197a834__rankcloak,1,0.9757444858551025,deberta,leave_one_model__qwen2_5_7b_instruct_q4_k_m,test,matched_clean_llm,dedup-cluster-1ad3df916a9f0ee2bcfba8d6,revision_v1_uuid_v4_027,qwen2_5_7b_instruct_q4_k_m,nonseg_ascii_b8,uuid_v4,forum_practical_answer
detector_pair__8a93c06d2647ee743ac148d1__ordinary_control,0,0.0013691565254703164,deberta,leave_one_model__qwen2_5_7b_instruct_q4_k_m,test,matched_clean_llm,dedup-cluster-f81b727c549baaf473769b12,revision_v1_chacha20_poly1305_base64_005,qwen2_5_7b_instruct_q4_k_m,nonseg_ascii_b8,chacha20_poly1305_base64,casual_hobby_chat
detector_pair__8a93c06d2647ee743ac148d1__rankcloak,1,0.6723881959915161,deberta,leave_one_model__qwen2_5_7b_instruct_q4_k_m,test,matched_clean_llm,dedup-cluster-f81b727c549baaf473769b12,revision_v1_chacha20_poly1305_base64_005,qwen2_5_7b_instruct_q4_k_m,nonseg_ascii_b8,chacha20_poly1305_base64,casual_hobby_chat
detector_pair__8aef09f979c8d0c5310f192c__ordinary_control,0,0.00044323300244286656,deberta,leave_one_model__qwen2_5_7b_instruct_q4_k_m,test,matched_clean_llm,dedup-cluster-a70c2199fe9757fc3a965e41,revision_v1_sha256_hex_041,qwen2_5_7b_instruct_q4_k_m,segmented_hex_multi_topic,sha256_hex,casual_hobby_chat
detector_pair__8aef09f979c8d0c5310f192c__rankcloak,1,0.998274564743042,deberta,leave_one_model__qwen2_5_7b_instruct_q4_k_m,test,matched_clean_llm,dedup-cluster-a70c2199fe9757fc3a965e41,revision_v1_sha256_hex_041,qwen2_5_7b_instruct_q4_k_m,segmented_hex_multi_topic,sha256_hex,casual_hobby_chat
detector_pair__8db38411c2bddf1d0f01b582__ordinary_control,0,0.0005087257013656199,deberta,leave_one_model__qwen2_5_7b_instruct_q4_k_m,test,matched_clean_llm,dedup-cluster-c791365cbb6a3ed856420c65,revision_v1_hmac_sha256_hex_023,qwen2_5_7b_instruct_q4_k_m,segmented_hex_multi_topic,hmac_sha256_hex,professional_process_email
detector_pair__8db38411c2bddf1d0f01b582__rankcloak,1,0.9997128844261169,deberta,leave_one_model__qwen2_5_7b_instruct_q4_k_m,test,matched_clean_llm,dedup-cluster-c791365cbb6a3ed856420c65,revision_v1_hmac_sha256_hex_023,qwen2_5_7b_instruct_q4_k_m,segmented_hex_multi_topic,hmac_sha256_hex,professional_process_email
detector_pair__8e23ef55eaccf5f4d0065546__ordinary_control,0,0.000513624690938741,deberta,leave_one_model__qwen2_5_7b_instruct_q4_k_m,test,matched_clean_llm,dedup-cluster-054651d73ab2fcb750307ee7,revision_v1_token_128_bit_hex_023,qwen2_5_7b_instruct_q4_k_m,nonseg_ascii_b16,token_128_bit_hex,procedure_home_task
detector_pair__8e23ef55eaccf5f4d0065546__rankcloak,1,0.9398840665817261,deberta,leave_one_model__qwen2_5_7b_instruct_q4_k_m,test,matched_clean_llm,dedup-cluster-054651d73ab2fcb750307ee7,revision_v1_token_128_bit_hex_023,qwen2_5_7b_instruct_q4_k_m,nonseg_ascii_b16,token_128_bit_hex,procedure_home_task
detector_pair__8ecd1c0965d13e21ff73de5a__ordinary_control,0,0.0007762135937809944,deberta,leave_one_model__qwen2_5_7b_instruct_q4_k_m,test,matched_clean_llm,dedup-cluster-86d70a013a18a7f0dc80b7f5,revision_v1_hmac_sha256_hex_001,qwen2_5_7b_instruct_q4_k_m,nonseg_ascii_b16,hmac_sha256_hex,procedure_garden_task
detector_pair__8ecd1c0965d13e21ff73de5a__rankcloak,1,0.9280678629875183,deberta,leave_one_model__qwen2_5_7b_instruct_q4_k_m,test,matched_clean_llm,dedup-cluster-86d70a013a18a7f0dc80b7f5,revision_v1_hmac_sha256_hex_001,qwen2_5_7b_instruct_q4_k_m,nonseg_ascii_b16,hmac_sha256_hex,procedure_garden_task
detector_pair__8ee77d3b1da6132f597479cd__ordinary_control,0,0.008812692016363144,deberta,leave_one_model__qwen2_5_7b_instruct_q4_k_m,test,matched_clean_llm,dedup-cluster-83b5ef276b5071a7412eb272,revision_v1_token_128_bit_hex_001,qwen2_5_7b_instruct_q4_k_m,direct_subword_calgacus,token_128_bit_hex,explain_everyday_system
detector_pair__8ee77d3b1da6132f597479cd__rankcloak,1,0.9963104128837585,deberta,leave_one_model__qwen2_5_7b_instruct_q4_k_m,test,matched_clean_llm,dedup-cluster-83b5ef276b5071a7412eb272,revision_v1_token_128_bit_hex_001,qwen2_5_7b_instruct_q4_k_m,direct_subword_calgacus,token_128_bit_hex,explain_everyday_system
detector_pair__8fa2676bf85e7df3560df056__ordinary_control,0,0.0008206829661503434,deberta,leave_one_model__qwen2_5_7b_instruct_q4_k_m,test,matched_clean_llm,dedup-cluster-00190ab339967308d13aeb9a,revision_v1_token_128_bit_hex_037,qwen2_5_7b_instruct_q4_k_m,segmented_hex_single_topic,token_128_bit_hex,explain_everyday_system
detector_pair__8fa2676bf85e7df3560df056__rankcloak,1,0.46064794063568115,deberta,leave_one_model__qwen2_5_7b_instruct_q4_k_m,test,matched_clean_llm,dedup-cluster-00190ab339967308d13aeb9a,revision_v1_token_128_bit_hex_037,qwen2_5_7b_instruct_q4_k_m,segmented_hex_single_topic,token_128_bit_hex,explain_everyday_system
detector_pair__8fc17e215306690a2bff1ee5__ordinary_control,0,0.005800172220915556,deberta,leave_one_model__qwen2_5_7b_instruct_q4_k_m,test,matched_clean_llm,dedup-cluster-8cd2e77d4fa5e7d635c78e1d,revision_v1_nonce_96_bit_hex_053,qwen2_5_7b_instruct_q4_k_m,nonseg_ascii_b8,nonce_96_bit_hex,forum_learning_answer
detector_pair__8fc17e215306690a2bff1ee5__rankcloak,1,0.9342142939567566,deberta,leave_one_model__qwen2_5_7b_instruct_q4_k_m,test,matched_clean_llm,dedup-cluster-8cd2e77d4fa5e7d635c78e1d,revision_v1_nonce_96_bit_hex_053,qwen2_5_7b_instruct_q4_k_m,nonseg_ascii_b8,nonce_96_bit_hex,forum_learning_answer
detector_pair__9153ef9bc7083274284485d5__ordinary_control,0,0.00129108561668545,deberta,leave_one_model__qwen2_5_7b_instruct_q4_k_m,test,matched_clean_llm,dedup-cluster-f89833150d03922e848a8e4d,revision_v1_ed25519_signature_base64_026,qwen2_5_7b_instruct_q4_k_m,nonseg_ascii_b16,ed25519_signature_base64,narrative_small_discovery
detector_pair__9153ef9bc7083274284485d5__rankcloak,1,0.9983885288238525,deberta,leave_one_model__qwen2_5_7b_instruct_q4_k_m,test,matched_clean_llm,dedup-cluster-f89833150d03922e848a8e4d,revision_v1_ed25519_signature_base64_026,qwen2_5_7b_instruct_q4_k_m,nonseg_ascii_b16,ed25519_signature_base64,narrative_small_discovery
detector_pair__91b5c080922efe183d4d2dec__ordinary_control,0,0.0008373880409635603,deberta,leave_one_model__qwen2_5_7b_instruct_q4_k_m,test,matched_clean_llm,dedup-cluster-1bfe0b32bac3fbfe62622c65,revision_v1_ed25519_signature_base64_056,qwen2_5_7b_instruct_q4_k_m,nonseg_ascii_b16,ed25519_signature_base64,narrative_learning_moment
detector_pair__91b5c080922efe183d4d2dec__rankcloak,1,0.996955394744873,deberta,leave_one_model__qwen2_5_7b_instruct_q4_k_m,test,matched_clean_llm,dedup-cluster-1bfe0b32bac3fbfe62622c65,revision_v1_ed25519_signature_base64_056,qwen2_5_7b_instruct_q4_k_m,nonseg_ascii_b16,ed25519_signature_base64,narrative_learning_moment
detector_pair__91fb494d29844794ad5a7bed__ordinary_control,0,0.0018716325284913182,deberta,leave_one_model__qwen2_5_7b_instruct_q4_k_m,test,matched_clean_llm,dedup-cluster-b160d50a48c5e58f6dd7c118,revision_v1_token_128_bit_hex_009,qwen2_5_7b_instruct_q4_k_m,segmented_hex_multi_topic,token_128_bit_hex,professional_process_email
detector_pair__91fb494d29844794ad5a7bed__rankcloak,1,0.8984944224357605,deberta,leave_one_model__qwen2_5_7b_instruct_q4_k_m,test,matched_clean_llm,dedup-cluster-b160d50a48c5e58f6dd7c118,revision_v1_token_128_bit_hex_009,qwen2_5_7b_instruct_q4_k_m,segmented_hex_multi_topic,token_128_bit_hex,professional_process_email
detector_pair__921b1bfb333b41a020192c71__ordinary_control,0,0.00039662703056819737,deberta,leave_one_model__qwen2_5_7b_instruct_q4_k_m,test,matched_clean_llm,dedup-cluster-86d70a013a18a7f0dc80b7f5,revision_v1_hmac_sha256_hex_001,qwen2_5_7b_instruct_q4_k_m,nonseg_hex_nibble_b16,hmac_sha256_hex,procedure_garden_task
detector_pair__921b1bfb333b41a020192c71__rankcloak,1,0.979395866394043,deberta,leave_one_model__qwen2_5_7b_instruct_q4_k_m,test,matched_clean_llm,dedup-cluster-86d70a013a18a7f0dc80b7f5,revision_v1_hmac_sha256_hex_001,qwen2_5_7b_instruct_q4_k_m,nonseg_hex_nibble_b16,hmac_sha256_hex,procedure_garden_task
detector_pair__9278994858c36d1ce239fa2e__ordinary_control,0,0.0010758051648736,deberta,leave_one_model__qwen2_5_7b_instruct_q4_k_m,test,matched_clean_llm,dedup-cluster-0a09c663faa5a6e644901d76,revision_v1_sha256_hex_016,qwen2_5_7b_instruct_q4_k_m,segmented_hex_multi_topic,sha256_hex,explain_weather_pattern
detector_pair__9278994858c36d1ce239fa2e__rankcloak,1,0.999774158000946,deberta,leave_one_model__qwen2_5_7b_instruct_q4_k_m,test,matched_clean_llm,dedup-cluster-0a09c663faa5a6e644901d76,revision_v1_sha256_hex_016,qwen2_5_7b_instruct_q4_k_m,segmented_hex_multi_topic,sha256_hex,explain_weather_pattern
detector_pair__939414a5acf8d47aa9b0e722__ordinary_control,0,0.0022103292867541313,deberta,leave_one_model__qwen2_5_7b_instruct_q4_k_m,test,matched_clean_llm,dedup-cluster-ff49451d067828caa2ddfd75,revision_v1_chacha20_poly1305_base64_031,qwen2_5_7b_instruct_q4_k_m,nonseg_ascii_b8,chacha20_poly1305_base64,forum_practical_answer
detector_pair__939414a5acf8d47aa9b0e722__rankcloak,1,0.9751073718070984,deberta,leave_one_model__qwen2_5_7b_instruct_q4_k_m,test,matched_clean_llm,dedup-cluster-ff49451d067828caa2ddfd75,revision_v1_chacha20_poly1305_base64_031,qwen2_5_7b_instruct_q4_k_m,nonseg_ascii_b8,chacha20_poly1305_base64,forum_practical_answer
detector_pair__94148982a0608f9a3833074e__ordinary_control,0,0.002056429162621498,deberta,leave_one_model__qwen2_5_7b_instruct_q4_k_m,test,matched_clean_llm,dedup-cluster-bce5a8a5d318ff689ce98a79,revision_v1_ed25519_signature_base64_023,qwen2_5_7b_instruct_q4_k_m,nonseg_ascii_b8,ed25519_signature_base64,professional_process_email
detector_pair__94148982a0608f9a3833074e__rankcloak,1,0.9900667667388916,deberta,leave_one_model__qwen2_5_7b_instruct_q4_k_m,test,matched_clean_llm,dedup-cluster-bce5a8a5d318ff689ce98a79,revision_v1_ed25519_signature_base64_023,qwen2_5_7b_instruct_q4_k_m,nonseg_ascii_b8,ed25519_signature_base64,professional_process_email
detector_pair__94eab9d7a073b10b8b9320c9__ordinary_control,0,0.00047691346844658256,deberta,leave_one_model__qwen2_5_7b_instruct_q4_k_m,test,matched_clean_llm,dedup-cluster-00190ab339967308d13aeb9a,revision_v1_token_128_bit_hex_037,qwen2_5_7b_instruct_q4_k_m,nonseg_hex_nibble_b16,token_128_bit_hex,explain_everyday_system
detector_pair__94eab9d7a073b10b8b9320c9__rankcloak,1,0.8314011096954346,deberta,leave_one_model__qwen2_5_7b_instruct_q4_k_m,test,matched_clean_llm,dedup-cluster-00190ab339967308d13aeb9a,revision_v1_token_128_bit_hex_037,qwen2_5_7b_instruct_q4_k_m,nonseg_hex_nibble_b16,token_128_bit_hex,explain_everyday_system
detector_pair__95e31025ca6c298df2cee124__ordinary_control,0,0.0021434552036225796,deberta,leave_one_model__qwen2_5_7b_instruct_q4_k_m,test,matched_clean_llm,dedup-cluster-be754e26863b30c33e0e75f4,revision_v1_hmac_sha256_hex_000,qwen2_5_7b_instruct_q4_k_m,segmented_hex_single_topic,hmac_sha256_hex,forum_learning_answer
detector_pair__95e31025ca6c298df2cee124__rankcloak,1,0.9975132942199707,deberta,leave_one_model__qwen2_5_7b_instruct_q4_k_m,test,matched_clean_llm,dedup-cluster-be754e26863b30c33e0e75f4,revision_v1_hmac_sha256_hex_000,qwen2_5_7b_instruct_q4_k_m,segmented_hex_single_topic,hmac_sha256_hex,forum_learning_answer
detector_pair__9648d9886f9d880ad21c66c6__ordinary_control,0,0.0008839904330670834,deberta,leave_one_model__qwen2_5_7b_instruct_q4_k_m,test,matched_clean_llm,dedup-cluster-9f10381b863e019fc6de8b74,revision_v1_uuid_v4_011,qwen2_5_7b_instruct_q4_k_m,nonseg_ascii_b8,uuid_v4,narrative_small_discovery
detector_pair__9648d9886f9d880ad21c66c6__rankcloak,1,0.3127201497554779,deberta,leave_one_model__qwen2_5_7b_instruct_q4_k_m,test,matched_clean_llm,dedup-cluster-9f10381b863e019fc6de8b74,revision_v1_uuid_v4_011,qwen2_5_7b_instruct_q4_k_m,nonseg_ascii_b8,uuid_v4,narrative_small_discovery
detector_pair__96509b6bd1fa6fd125fad06d__ordinary_control,0,0.0007832562550902367,deberta,leave_one_model__qwen2_5_7b_instruct_q4_k_m,test,matched_clean_llm,dedup-cluster-f89833150d03922e848a8e4d,revision_v1_ed25519_signature_base64_026,qwen2_5_7b_instruct_q4_k_m,nonseg_ascii_b8,ed25519_signature_base64,narrative_small_discovery
detector_pair__96509b6bd1fa6fd125fad06d__rankcloak,1,0.971082866191864,deberta,leave_one_model__qwen2_5_7b_instruct_q4_k_m,test,matched_clean_llm,dedup-cluster-f89833150d03922e848a8e4d,revision_v1_ed25519_signature_base64_026,qwen2_5_7b_instruct_q4_k_m,nonseg_ascii_b8,ed25519_signature_base64,narrative_small_discovery
detector_pair__969d9484507391e928466a5c__ordinary_control,0,0.0006903914618305862,deberta,leave_one_model__qwen2_5_7b_instruct_q4_k_m,test,matched_clean_llm,dedup-cluster-d5b4f2b51dfabbdce0cd2fb8,revision_v1_sha256_hex_057,qwen2_5_7b_instruct_q4_k_m,segmented_hex_multi_topic,sha256_hex,narrative_local_walk
detector_pair__969d9484507391e928466a5c__rankcloak,1,0.9910661578178406,deberta,leave_one_model__qwen2_5_7b_instruct_q4_k_m,test,matched_clean_llm,dedup-cluster-d5b4f2b51dfabbdce0cd2fb8,revision_v1_sha256_hex_057,qwen2_5_7b_instruct_q4_k_m,segmented_hex_multi_topic,sha256_hex,narrative_local_walk
detector_pair__973a6eef3da067c1cea251e5__ordinary_control,0,0.0007976214401423931,deberta,leave_one_model__qwen2_5_7b_instruct_q4_k_m,test,matched_clean_llm,dedup-cluster-fd9e19480ac45dd31145b893,revision_v1_hmac_sha256_hex_008,qwen2_5_7b_instruct_q4_k_m,nonseg_ascii_b16,hmac_sha256_hex,narrative_small_discovery
detector_pair__973a6eef3da067c1cea251e5__rankcloak,1,0.5963869094848633,deberta,leave_one_model__qwen2_5_7b_instruct_q4_k_m,test,matched_clean_llm,dedup-cluster-fd9e19480ac45dd31145b893,revision_v1_hmac_sha256_hex_008,qwen2_5_7b_instruct_q4_k_m,nonseg_ascii_b16,hmac_sha256_hex,narrative_small_discovery
detector_pair__97f8f831b0b40dbefc3b4457__ordinary_control,0,0.0005303490906953812,deberta,leave_one_model__qwen2_5_7b_instruct_q4_k_m,test,matched_clean_llm,dedup-cluster-c791365cbb6a3ed856420c65,revision_v1_hmac_sha256_hex_023,qwen2_5_7b_instruct_q4_k_m,nonseg_ascii_b16,hmac_sha256_hex,professional_process_email
detector_pair__97f8f831b0b40dbefc3b4457__rankcloak,1,0.9726258516311646,deberta,leave_one_model__qwen2_5_7b_instruct_q4_k_m,test,matched_clean_llm,dedup-cluster-c791365cbb6a3ed856420c65,revision_v1_hmac_sha256_hex_023,qwen2_5_7b_instruct_q4_k_m,nonseg_ascii_b16,hmac_sha256_hex,professional_process_email
detector_pair__987a6e21d546e9db9036a685__ordinary_control,0,0.0005947989993728697,deberta,leave_one_model__qwen2_5_7b_instruct_q4_k_m,test,matched_clean_llm,dedup-cluster-86d70a013a18a7f0dc80b7f5,revision_v1_hmac_sha256_hex_001,qwen2_5_7b_instruct_q4_k_m,direct_subword_calgacus,hmac_sha256_hex,procedure_garden_task
detector_pair__987a6e21d546e9db9036a685__rankcloak,1,0.9933515191078186,deberta,leave_one_model__qwen2_5_7b_instruct_q4_k_m,test,matched_clean_llm,dedup-cluster-86d70a013a18a7f0dc80b7f5,revision_v1_hmac_sha256_hex_001,qwen2_5_7b_instruct_q4_k_m,direct_subword_calgacus,hmac_sha256_hex,procedure_garden_task
detector_pair__9896d92075987af72b85aaeb__ordinary_control,0,0.0009047462954185903,deberta,leave_one_model__qwen2_5_7b_instruct_q4_k_m,test,matched_clean_llm,dedup-cluster-a70c2199fe9757fc3a965e41,revision_v1_sha256_hex_041,qwen2_5_7b_instruct_q4_k_m,nonseg_ascii_b16,sha256_hex,casual_hobby_chat
detector_pair__9896d92075987af72b85aaeb__rankcloak,1,0.993881344795227,deberta,leave_one_model__qwen2_5_7b_instruct_q4_k_m,test,matched_clean_llm,dedup-cluster-a70c2199fe9757fc3a965e41,revision_v1_sha256_hex_041,qwen2_5_7b_instruct_q4_k_m,nonseg_ascii_b16,sha256_hex,casual_hobby_chat
detector_pair__98e477e17cb032112cda0620__ordinary_control,0,0.000638539029750973,deberta,leave_one_model__qwen2_5_7b_instruct_q4_k_m,test,matched_clean_llm,dedup-cluster-42ce35dd2bcd53cb8fe0bada,revision_v1_token_128_bit_hex_027,qwen2_5_7b_instruct_q4_k_m,nonseg_ascii_b16,token_128_bit_hex,professional_process_email
detector_pair__98e477e17cb032112cda0620__rankcloak,1,0.9583205580711365,deberta,leave_one_model__qwen2_5_7b_instruct_q4_k_m,test,matched_clean_llm,dedup-cluster-42ce35dd2bcd53cb8fe0bada,revision_v1_token_128_bit_hex_027,qwen2_5_7b_instruct_q4_k_m,nonseg_ascii_b16,token_128_bit_hex,professional_process_email
detector_pair__99b38323d4a1e8beeecc31a7__ordinary_control,0,0.0021407960448414087,deberta,leave_one_model__qwen2_5_7b_instruct_q4_k_m,test,matched_clean_llm,dedup-cluster-3550b9941e44ba053c139eaa,revision_v1_sha256_hex_055,qwen2_5_7b_instruct_q4_k_m,segmented_hex_single_topic,sha256_hex,forum_purchase_advice
detector_pair__99b38323d4a1e8beeecc31a7__rankcloak,1,0.0009848822373896837,deberta,leave_one_model__qwen2_5_7b_instruct_q4_k_m,test,matched_clean_llm,dedup-cluster-3550b9941e44ba053c139eaa,revision_v1_sha256_hex_055,qwen2_5_7b_instruct_q4_k_m,segmented_hex_single_topic,sha256_hex,forum_purchase_advice
detector_pair__9a55779c4f826224ca95258e__ordinary_control,0,0.0004446636594366282,deberta,leave_one_model__qwen2_5_7b_instruct_q4_k_m,test,matched_clean_llm,dedup-cluster-95e2f27c2b585a3d4fdfda70,revision_v1_nonce_96_bit_hex_013,qwen2_5_7b_instruct_q4_k_m,nonseg_ascii_b8,nonce_96_bit_hex,narrative_learning_moment
detector_pair__9a55779c4f826224ca95258e__rankcloak,1,0.6514937877655029,deberta,leave_one_model__qwen2_5_7b_instruct_q4_k_m,test,matched_clean_llm,dedup-cluster-95e2f27c2b585a3d4fdfda70,revision_v1_nonce_96_bit_hex_013,qwen2_5_7b_instruct_q4_k_m,nonseg_ascii_b8,nonce_96_bit_hex,narrative_learning_moment
detector_pair__9ad1c030d2f0c0708ad08e8d__ordinary_control,0,0.00040455939597450197,deberta,leave_one_model__qwen2_5_7b_instruct_q4_k_m,test,matched_clean_llm,dedup-cluster-a519d2b02dc9e7bccd7392ff,revision_v1_aes256_gcm_base64_026,qwen2_5_7b_instruct_q4_k_m,nonseg_ascii_b16,aes256_gcm_base64,forum_purchase_advice
detector_pair__9ad1c030d2f0c0708ad08e8d__rankcloak,1,0.9592535495758057,deberta,leave_one_model__qwen2_5_7b_instruct_q4_k_m,test,matched_clean_llm,dedup-cluster-a519d2b02dc9e7bccd7392ff,revision_v1_aes256_gcm_base64_026,qwen2_5_7b_instruct_q4_k_m,nonseg_ascii_b16,aes256_gcm_base64,forum_purchase_advice
detector_pair__9ad966a221fcc367ffb8ad80__ordinary_control,0,0.0031198749784380198,deberta,leave_one_model__qwen2_5_7b_instruct_q4_k_m,test,matched_clean_llm,dedup-cluster-95e2f27c2b585a3d4fdfda70,revision_v1_nonce_96_bit_hex_013,qwen2_5_7b_instruct_q4_k_m,nonseg_ascii_b16,nonce_96_bit_hex,narrative_learning_moment
detector_pair__9ad966a221fcc367ffb8ad80__rankcloak,1,0.9859191179275513,deberta,leave_one_model__qwen2_5_7b_instruct_q4_k_m,test,matched_clean_llm,dedup-cluster-95e2f27c2b585a3d4fdfda70,revision_v1_nonce_96_bit_hex_013,qwen2_5_7b_instruct_q4_k_m,nonseg_ascii_b16,nonce_96_bit_hex,narrative_learning_moment
detector_pair__9b2532e0567e545b6d05bea9__ordinary_control,0,0.0004518807982094586,deberta,leave_one_model__qwen2_5_7b_instruct_q4_k_m,test,matched_clean_llm,dedup-cluster-4a2ba4b96048298d2a4a680c,revision_v1_token_128_bit_hex_008,qwen2_5_7b_instruct_q4_k_m,segmented_hex_single_topic,token_128_bit_hex,casual_neighborhood_chat
detector_pair__9b2532e0567e545b6d05bea9__rankcloak,1,0.9702045917510986,deberta,leave_one_model__qwen2_5_7b_instruct_q4_k_m,test,matched_clean_llm,dedup-cluster-4a2ba4b96048298d2a4a680c,revision_v1_token_128_bit_hex_008,qwen2_5_7b_instruct_q4_k_m,segmented_hex_single_topic,token_128_bit_hex,casual_neighborhood_chat
detector_pair__9b32fe805cbc184876fa840a__ordinary_control,0,0.0010027248645201325,deberta,leave_one_model__qwen2_5_7b_instruct_q4_k_m,test,matched_clean_llm,dedup-cluster-dab9c4d7024256297969359d,revision_v1_chacha20_poly1305_base64_032,qwen2_5_7b_instruct_q4_k_m,direct_subword_calgacus,chacha20_poly1305_base64,procedure_simple_meal
detector_pair__9b32fe805cbc184876fa840a__rankcloak,1,0.9996960163116455,deberta,leave_one_model__qwen2_5_7b_instruct_q4_k_m,test,matched_clean_llm,dedup-cluster-dab9c4d7024256297969359d,revision_v1_chacha20_poly1305_base64_032,qwen2_5_7b_instruct_q4_k_m,direct_subword_calgacus,chacha20_poly1305_base64,procedure_simple_meal
detector_pair__9c46751473b1e98d1013c596__ordinary_control,0,0.00039621227188035846,deberta,leave_one_model__qwen2_5_7b_instruct_q4_k_m,test,matched_clean_llm,dedup-cluster-43af11f5d2e1ab75fc7f8cd0,revision_v1_uuid_v4_037,qwen2_5_7b_instruct_q4_k_m,nonseg_ascii_b8,uuid_v4,casual_neighborhood_chat
detector_pair__9c46751473b1e98d1013c596__rankcloak,1,0.399563729763031,deberta,leave_one_model__qwen2_5_7b_instruct_q4_k_m,test,matched_clean_llm,dedup-cluster-43af11f5d2e1ab75fc7f8cd0,revision_v1_uuid_v4_037,qwen2_5_7b_instruct_q4_k_m,nonseg_ascii_b8,uuid_v4,casual_neighborhood_chat
detector_pair__9c6645eb81591e02e7672668__ordinary_control,0,0.00042542017763480544,deberta,leave_one_model__qwen2_5_7b_instruct_q4_k_m,test,matched_clean_llm,dedup-cluster-089a5c41a6187c40edeb1a0c,revision_v1_nonce_96_bit_hex_007,qwen2_5_7b_instruct_q4_k_m,nonseg_ascii_b16,nonce_96_bit_hex,narrative_local_walk
detector_pair__9c6645eb81591e02e7672668__rankcloak,1,0.004360574763268232,deberta,leave_one_model__qwen2_5_7b_instruct_q4_k_m,test,matched_clean_llm,dedup-cluster-089a5c41a6187c40edeb1a0c,revision_v1_nonce_96_bit_hex_007,qwen2_5_7b_instruct_q4_k_m,nonseg_ascii_b16,nonce_96_bit_hex,narrative_local_walk
detector_pair__9d4ee7bb3a861a23df98bdf7__ordinary_control,0,0.0015204143710434437,deberta,leave_one_model__qwen2_5_7b_instruct_q4_k_m,test,matched_clean_llm,dedup-cluster-047b2cb5417d30901a590a18,revision_v1_chacha20_poly1305_base64_013,qwen2_5_7b_instruct_q4_k_m,nonseg_ascii_b16,chacha20_poly1305_base64,forum_practical_answer
detector_pair__9d4ee7bb3a861a23df98bdf7__rankcloak,1,0.9841085076332092,deberta,leave_one_model__qwen2_5_7b_instruct_q4_k_m,test,matched_clean_llm,dedup-cluster-047b2cb5417d30901a590a18,revision_v1_chacha20_poly1305_base64_013,qwen2_5_7b_instruct_q4_k_m,nonseg_ascii_b16,chacha20_poly1305_base64,forum_practical_answer
detector_pair__9e550576db114580d8608678__ordinary_control,0,0.001066980417817831,deberta,leave_one_model__qwen2_5_7b_instruct_q4_k_m,test,matched_clean_llm,dedup-cluster-530f7a325b417a884b1be200,revision_v1_nonce_96_bit_hex_032,qwen2_5_7b_instruct_q4_k_m,nonseg_ascii_b8,nonce_96_bit_hex,explain_biological_process
detector_pair__9e550576db114580d8608678__rankcloak,1,0.9874439835548401,deberta,leave_one_model__qwen2_5_7b_instruct_q4_k_m,test,matched_clean_llm,dedup-cluster-530f7a325b417a884b1be200,revision_v1_nonce_96_bit_hex_032,qwen2_5_7b_instruct_q4_k_m,nonseg_ascii_b8,nonce_96_bit_hex,explain_biological_process
detector_pair__9eaea88ca9078d8f57b3ad7b__ordinary_control,0,0.0009023155434988439,deberta,leave_one_model__qwen2_5_7b_instruct_q4_k_m,test,matched_clean_llm,dedup-cluster-6b084f6dbf9a47a93f82df24,revision_v1_aes256_gcm_base64_037,qwen2_5_7b_instruct_q4_k_m,nonseg_ascii_b16,aes256_gcm_base64,professional_project_update
detector_pair__9eaea88ca9078d8f57b3ad7b__rankcloak,1,0.9989458918571472,deberta,leave_one_model__qwen2_5_7b_instruct_q4_k_m,test,matched_clean_llm,dedup-cluster-6b084f6dbf9a47a93f82df24,revision_v1_aes256_gcm_base64_037,qwen2_5_7b_instruct_q4_k_m,nonseg_ascii_b16,aes256_gcm_base64,professional_project_update
detector_pair__9ec918a82b5a0a9a28dda4ba__ordinary_control,0,0.0009800354018807411,deberta,leave_one_model__qwen2_5_7b_instruct_q4_k_m,test,matched_clean_llm,dedup-cluster-a70c2199fe9757fc3a965e41,revision_v1_sha256_hex_041,qwen2_5_7b_instruct_q4_k_m,segmented_hex_multi_topic,sha256_hex,casual_hobby_chat
detector_pair__9ec918a82b5a0a9a28dda4ba__rankcloak,1,0.9996626377105713,deberta,leave_one_model__qwen2_5_7b_instruct_q4_k_m,test,matched_clean_llm,dedup-cluster-a70c2199fe9757fc3a965e41,revision_v1_sha256_hex_041,qwen2_5_7b_instruct_q4_k_m,segmented_hex_multi_topic,sha256_hex,casual_hobby_chat
detector_pair__9fccf0c13c80a5878b13bdc7__ordinary_control,0,0.0005926666781306267,deberta,leave_one_model__qwen2_5_7b_instruct_q4_k_m,test,matched_clean_llm,dedup-cluster-0a09c663faa5a6e644901d76,revision_v1_sha256_hex_016,qwen2_5_7b_instruct_q4_k_m,nonseg_ascii_b8,sha256_hex,explain_weather_pattern
detector_pair__9fccf0c13c80a5878b13bdc7__rankcloak,1,0.9901935458183289,deberta,leave_one_model__qwen2_5_7b_instruct_q4_k_m,test,matched_clean_llm,dedup-cluster-0a09c663faa5a6e644901d76,revision_v1_sha256_hex_016,qwen2_5_7b_instruct_q4_k_m,nonseg_ascii_b8,sha256_hex,explain_weather_pattern
detector_pair__9fcd0069e270c2c67855af1a__ordinary_control,0,0.000545823888387531,deberta,leave_one_model__qwen2_5_7b_instruct_q4_k_m,test,matched_clean_llm,dedup-cluster-91605a72859a660f036d538b,revision_v1_sha256_hex_009,qwen2_5_7b_instruct_q4_k_m,segmented_hex_multi_topic,sha256_hex,narrative_learning_moment
detector_pair__9fcd0069e270c2c67855af1a__rankcloak,1,0.9997170567512512,deberta,leave_one_model__qwen2_5_7b_instruct_q4_k_m,test,matched_clean_llm,dedup-cluster-91605a72859a660f036d538b,revision_v1_sha256_hex_009,qwen2_5_7b_instruct_q4_k_m,segmented_hex_multi_topic,sha256_hex,narrative_learning_moment
detector_pair__a067fc9eb920c0a7090f3eef__ordinary_control,0,0.001987478230148554,deberta,leave_one_model__qwen2_5_7b_instruct_q4_k_m,test,matched_clean_llm,dedup-cluster-c5e7aa80077f7be08ccd7015,revision_v1_nonce_96_bit_hex_018,qwen2_5_7b_instruct_q4_k_m,segmented_hex_single_topic,nonce_96_bit_hex,procedure_simple_meal
detector_pair__a067fc9eb920c0a7090f3eef__rankcloak,1,0.9584699869155884,deberta,leave_one_model__qwen2_5_7b_instruct_q4_k_m,test,matched_clean_llm,dedup-cluster-c5e7aa80077f7be08ccd7015,revision_v1_nonce_96_bit_hex_018,qwen2_5_7b_instruct_q4_k_m,segmented_hex_single_topic,nonce_96_bit_hex,procedure_simple_meal
detector_pair__a18e9908217546fe8b96066e__ordinary_control,0,0.0024002152495086193,deberta,leave_one_model__qwen2_5_7b_instruct_q4_k_m,test,matched_clean_llm,dedup-cluster-00190ab339967308d13aeb9a,revision_v1_token_128_bit_hex_037,qwen2_5_7b_instruct_q4_k_m,nonseg_ascii_b8,token_128_bit_hex,explain_everyday_system
detector_pair__a18e9908217546fe8b96066e__rankcloak,1,0.5209797024726868,deberta,leave_one_model__qwen2_5_7b_instruct_q4_k_m,test,matched_clean_llm,dedup-cluster-00190ab339967308d13aeb9a,revision_v1_token_128_bit_hex_037,qwen2_5_7b_instruct_q4_k_m,nonseg_ascii_b8,token_128_bit_hex,explain_everyday_system
detector_pair__a26e2fe29bfc1d859cb51c97__ordinary_control,0,0.0006544901407323778,deberta,leave_one_model__qwen2_5_7b_instruct_q4_k_m,test,matched_clean_llm,dedup-cluster-be754e26863b30c33e0e75f4,revision_v1_hmac_sha256_hex_000,qwen2_5_7b_instruct_q4_k_m,nonseg_ascii_b16,hmac_sha256_hex,forum_learning_answer
detector_pair__a26e2fe29bfc1d859cb51c97__rankcloak,1,0.9952318072319031,deberta,leave_one_model__qwen2_5_7b_instruct_q4_k_m,test,matched_clean_llm,dedup-cluster-be754e26863b30c33e0e75f4,revision_v1_hmac_sha256_hex_000,qwen2_5_7b_instruct_q4_k_m,nonseg_ascii_b16,hmac_sha256_hex,forum_learning_answer
detector_pair__a27248dc26ca1edf145930d0__ordinary_control,0,0.0007016576710157096,deberta,leave_one_model__qwen2_5_7b_instruct_q4_k_m,test,matched_clean_llm,dedup-cluster-f9ad8da8cff8f544eb822985,revision_v1_uuid_v4_056,qwen2_5_7b_instruct_q4_k_m,nonseg_ascii_b8,uuid_v4,professional_process_email
detector_pair__a27248dc26ca1edf145930d0__rankcloak,1,0.9995008707046509,deberta,leave_one_model__qwen2_5_7b_instruct_q4_k_m,test,matched_clean_llm,dedup-cluster-f9ad8da8cff8f544eb822985,revision_v1_uuid_v4_056,qwen2_5_7b_instruct_q4_k_m,nonseg_ascii_b8,uuid_v4,professional_process_email
detector_pair__a27cac5102fbc8351dd9c65e__ordinary_control,0,0.0016712028300389647,deberta,leave_one_model__qwen2_5_7b_instruct_q4_k_m,test,matched_clean_llm,dedup-cluster-02069e60ee294b6b19cc3fda,revision_v1_chacha20_poly1305_base64_028,qwen2_5_7b_instruct_q4_k_m,direct_subword_calgacus,chacha20_poly1305_base64,explain_biological_process
detector_pair__a27cac5102fbc8351dd9c65e__rankcloak,1,0.9997875094413757,deberta,leave_one_model__qwen2_5_7b_instruct_q4_k_m,test,matched_clean_llm,dedup-cluster-02069e60ee294b6b19cc3fda,revision_v1_chacha20_poly1305_base64_028,qwen2_5_7b_instruct_q4_k_m,direct_subword_calgacus,chacha20_poly1305_base64,explain_biological_process
detector_pair__a2d6e3cf67c7d92e47f272aa__ordinary_control,0,0.00027540195151232183,deberta,leave_one_model__qwen2_5_7b_instruct_q4_k_m,test,matched_clean_llm,dedup-cluster-29f0784a87261cd21c8ecb5a,revision_v1_chacha20_poly1305_base64_018,qwen2_5_7b_instruct_q4_k_m,direct_subword_calgacus,chacha20_poly1305_base64,professional_schedule_note
detector_pair__a2d6e3cf67c7d92e47f272aa__rankcloak,1,0.999789297580719,deberta,leave_one_model__qwen2_5_7b_instruct_q4_k_m,test,matched_clean_llm,dedup-cluster-29f0784a87261cd21c8ecb5a,revision_v1_chacha20_poly1305_base64_018,qwen2_5_7b_instruct_q4_k_m,direct_subword_calgacus,chacha20_poly1305_base64,professional_schedule_note
detector_pair__a397a1c071da60681155d4b3__ordinary_control,0,0.0009323584381490946,deberta,leave_one_model__qwen2_5_7b_instruct_q4_k_m,test,matched_clean_llm,dedup-cluster-0d14bae63cd1e6e73dd0fa7a,revision_v1_nonce_96_bit_hex_022,qwen2_5_7b_instruct_q4_k_m,nonseg_hex_nibble_b16,nonce_96_bit_hex,professional_project_update
detector_pair__a397a1c071da60681155d4b3__rankcloak,1,0.6618390083312988,deberta,leave_one_model__qwen2_5_7b_instruct_q4_k_m,test,matched_clean_llm,dedup-cluster-0d14bae63cd1e6e73dd0fa7a,revision_v1_nonce_96_bit_hex_022,qwen2_5_7b_instruct_q4_k_m,nonseg_hex_nibble_b16,nonce_96_bit_hex,professional_project_update
detector_pair__a3b1302bd1da3f66642bc3d2__ordinary_control,0,0.00040087467641569674,deberta,leave_one_model__qwen2_5_7b_instruct_q4_k_m,test,matched_clean_llm,dedup-cluster-07152d65b441d025c2de854b,revision_v1_nonce_96_bit_hex_030,qwen2_5_7b_instruct_q4_k_m,segmented_hex_multi_topic,nonce_96_bit_hex,procedure_garden_task
detector_pair__a3b1302bd1da3f66642bc3d2__rankcloak,1,0.917854905128479,deberta,leave_one_model__qwen2_5_7b_instruct_q4_k_m,test,matched_clean_llm,dedup-cluster-07152d65b441d025c2de854b,revision_v1_nonce_96_bit_hex_030,qwen2_5_7b_instruct_q4_k_m,segmented_hex_multi_topic,nonce_96_bit_hex,procedure_garden_task
detector_pair__a4178cd71b6d7130b6164799__ordinary_control,0,0.00043762422865256667,deberta,leave_one_model__qwen2_5_7b_instruct_q4_k_m,test,matched_clean_llm,dedup-cluster-42ce35dd2bcd53cb8fe0bada,revision_v1_token_128_bit_hex_027,qwen2_5_7b_instruct_q4_k_m,nonseg_ascii_b8,token_128_bit_hex,professional_process_email
detector_pair__a4178cd71b6d7130b6164799__rankcloak,1,0.05097809061408043,deberta,leave_one_model__qwen2_5_7b_instruct_q4_k_m,test,matched_clean_llm,dedup-cluster-42ce35dd2bcd53cb8fe0bada,revision_v1_token_128_bit_hex_027,qwen2_5_7b_instruct_q4_k_m,nonseg_ascii_b8,token_128_bit_hex,professional_process_email
detector_pair__a43f447369ec9acf4c11c6bf__ordinary_control,0,0.0004831517580896616,deberta,leave_one_model__qwen2_5_7b_instruct_q4_k_m,test,matched_clean_llm,dedup-cluster-8cd2e77d4fa5e7d635c78e1d,revision_v1_nonce_96_bit_hex_053,qwen2_5_7b_instruct_q4_k_m,nonseg_hex_nibble_b16,nonce_96_bit_hex,forum_learning_answer
detector_pair__a43f447369ec9acf4c11c6bf__rankcloak,1,0.1323230117559433,deberta,leave_one_model__qwen2_5_7b_instruct_q4_k_m,test,matched_clean_llm,dedup-cluster-8cd2e77d4fa5e7d635c78e1d,revision_v1_nonce_96_bit_hex_053,qwen2_5_7b_instruct_q4_k_m,nonseg_hex_nibble_b16,nonce_96_bit_hex,forum_learning_answer
detector_pair__a4daea133fd130c5637f0e1b__ordinary_control,0,0.00040416177944280207,deberta,leave_one_model__qwen2_5_7b_instruct_q4_k_m,test,matched_clean_llm,dedup-cluster-4a2ba4b96048298d2a4a680c,revision_v1_token_128_bit_hex_008,qwen2_5_7b_instruct_q4_k_m,direct_subword_calgacus,token_128_bit_hex,casual_neighborhood_chat
detector_pair__a4daea133fd130c5637f0e1b__rankcloak,1,0.9211359024047852,deberta,leave_one_model__qwen2_5_7b_instruct_q4_k_m,test,matched_clean_llm,dedup-cluster-4a2ba4b96048298d2a4a680c,revision_v1_token_128_bit_hex_008,qwen2_5_7b_instruct_q4_k_m,direct_subword_calgacus,token_128_bit_hex,casual_neighborhood_chat
detector_pair__a51520d305ab5311d060cdcf__ordinary_control,0,0.0014606514014303684,deberta,leave_one_model__qwen2_5_7b_instruct_q4_k_m,test,matched_clean_llm,dedup-cluster-92597d293b9374d8f0316f4d,revision_v1_hmac_sha256_hex_031,qwen2_5_7b_instruct_q4_k_m,nonseg_ascii_b16,hmac_sha256_hex,procedure_home_task
detector_pair__a51520d305ab5311d060cdcf__rankcloak,1,0.9962339997291565,deberta,leave_one_model__qwen2_5_7b_instruct_q4_k_m,test,matched_clean_llm,dedup-cluster-92597d293b9374d8f0316f4d,revision_v1_hmac_sha256_hex_031,qwen2_5_7b_instruct_q4_k_m,nonseg_ascii_b16,hmac_sha256_hex,procedure_home_task
detector_pair__a54ed2317533df3f87f33262__ordinary_control,0,0.003154223784804344,deberta,leave_one_model__qwen2_5_7b_instruct_q4_k_m,test,matched_clean_llm,dedup-cluster-9ce5c8433f0a2ba109d4fda8,revision_v1_aes256_gcm_base64_029,qwen2_5_7b_instruct_q4_k_m,direct_subword_calgacus,aes256_gcm_base64,explain_everyday_system
detector_pair__a54ed2317533df3f87f33262__rankcloak,1,0.999679684638977,deberta,leave_one_model__qwen2_5_7b_instruct_q4_k_m,test,matched_clean_llm,dedup-cluster-9ce5c8433f0a2ba109d4fda8,revision_v1_aes256_gcm_base64_029,qwen2_5_7b_instruct_q4_k_m,direct_subword_calgacus,aes256_gcm_base64,explain_everyday_system
detector_pair__a5a1b58a8ead9df27fabcd52__ordinary_control,0,0.0004495495813898742,deberta,leave_one_model__qwen2_5_7b_instruct_q4_k_m,test,matched_clean_llm,dedup-cluster-fd9e19480ac45dd31145b893,revision_v1_hmac_sha256_hex_008,qwen2_5_7b_instruct_q4_k_m,nonseg_hex_nibble_b16,hmac_sha256_hex,narrative_small_discovery
detector_pair__a5a1b58a8ead9df27fabcd52__rankcloak,1,0.8683488965034485,deberta,leave_one_model__qwen2_5_7b_instruct_q4_k_m,test,matched_clean_llm,dedup-cluster-fd9e19480ac45dd31145b893,revision_v1_hmac_sha256_hex_008,qwen2_5_7b_instruct_q4_k_m,nonseg_hex_nibble_b16,hmac_sha256_hex,narrative_small_discovery
detector_pair__a5f2d45f96770b56c6baf8ec__ordinary_control,0,0.0007813452393747866,deberta,leave_one_model__qwen2_5_7b_instruct_q4_k_m,test,matched_clean_llm,dedup-cluster-0b53467e512d7aed40a8b7c5,revision_v1_hmac_sha256_hex_035,qwen2_5_7b_instruct_q4_k_m,segmented_hex_multi_topic,hmac_sha256_hex,professional_schedule_note
detector_pair__a5f2d45f96770b56c6baf8ec__rankcloak,1,0.5425354838371277,deberta,leave_one_model__qwen2_5_7b_instruct_q4_k_m,test,matched_clean_llm,dedup-cluster-0b53467e512d7aed40a8b7c5,revision_v1_hmac_sha256_hex_035,qwen2_5_7b_instruct_q4_k_m,segmented_hex_multi_topic,hmac_sha256_hex,professional_schedule_note
detector_pair__a6badb8df531fbcaacacd24b__ordinary_control,0,0.0004896764294244349,deberta,leave_one_model__qwen2_5_7b_instruct_q4_k_m,test,matched_clean_llm,dedup-cluster-95e2f27c2b585a3d4fdfda70,revision_v1_nonce_96_bit_hex_013,qwen2_5_7b_instruct_q4_k_m,segmented_hex_multi_topic,nonce_96_bit_hex,narrative_learning_moment
detector_pair__a6badb8df531fbcaacacd24b__rankcloak,1,0.9987378716468811,deberta,leave_one_model__qwen2_5_7b_instruct_q4_k_m,test,matched_clean_llm,dedup-cluster-95e2f27c2b585a3d4fdfda70,revision_v1_nonce_96_bit_hex_013,qwen2_5_7b_instruct_q4_k_m,segmented_hex_multi_topic,nonce_96_bit_hex,narrative_learning_moment
detector_pair__a8cda3f67784c486493e42f7__ordinary_control,0,0.00026748765958473086,deberta,leave_one_model__qwen2_5_7b_instruct_q4_k_m,test,matched_clean_llm,dedup-cluster-0f86d19fbad1d704affd1c2e,revision_v1_aes256_gcm_base64_007,qwen2_5_7b_instruct_q4_k_m,nonseg_ascii_b16,aes256_gcm_base64,professional_schedule_note
detector_pair__a8cda3f67784c486493e42f7__rankcloak,1,0.9948810338973999,deberta,leave_one_model__qwen2_5_7b_instruct_q4_k_m,test,matched_clean_llm,dedup-cluster-0f86d19fbad1d704affd1c2e,revision_v1_aes256_gcm_base64_007,qwen2_5_7b_instruct_q4_k_m,nonseg_ascii_b16,aes256_gcm_base64,professional_schedule_note
detector_pair__a8fede1fcb15a8d0ae36d276__ordinary_control,0,0.0003927982470486313,deberta,leave_one_model__qwen2_5_7b_instruct_q4_k_m,test,matched_clean_llm,dedup-cluster-c3dca9a9298a213ff99b5c53,revision_v1_sha256_hex_017,qwen2_5_7b_instruct_q4_k_m,segmented_hex_single_topic,sha256_hex,casual_weekend_chat
detector_pair__a8fede1fcb15a8d0ae36d276__rankcloak,1,0.9996390342712402,deberta,leave_one_model__qwen2_5_7b_instruct_q4_k_m,test,matched_clean_llm,dedup-cluster-c3dca9a9298a213ff99b5c53,revision_v1_sha256_hex_017,qwen2_5_7b_instruct_q4_k_m,segmented_hex_single_topic,sha256_hex,casual_weekend_chat
detector_pair__a981ca66a9035517880d7ed9__ordinary_control,0,0.000543394242413342,deberta,leave_one_model__qwen2_5_7b_instruct_q4_k_m,test,matched_clean_llm,dedup-cluster-1309181ed8aa479328b3f0a7,revision_v1_aes256_gcm_base64_004,qwen2_5_7b_instruct_q4_k_m,direct_subword_calgacus,aes256_gcm_base64,narrative_small_discovery
detector_pair__a981ca66a9035517880d7ed9__rankcloak,1,0.9997656941413879,deberta,leave_one_model__qwen2_5_7b_instruct_q4_k_m,test,matched_clean_llm,dedup-cluster-1309181ed8aa479328b3f0a7,revision_v1_aes256_gcm_base64_004,qwen2_5_7b_instruct_q4_k_m,direct_subword_calgacus,aes256_gcm_base64,narrative_small_discovery
detector_pair__a9ab3e4d54113da6c039b679__ordinary_control,0,0.0003277523792348802,deberta,leave_one_model__qwen2_5_7b_instruct_q4_k_m,test,matched_clean_llm,dedup-cluster-f9ad8da8cff8f544eb822985,revision_v1_uuid_v4_056,qwen2_5_7b_instruct_q4_k_m,direct_subword_calgacus,uuid_v4,professional_process_email
detector_pair__a9ab3e4d54113da6c039b679__rankcloak,1,0.993583619594574,deberta,leave_one_model__qwen2_5_7b_instruct_q4_k_m,test,matched_clean_llm,dedup-cluster-f9ad8da8cff8f544eb822985,revision_v1_uuid_v4_056,qwen2_5_7b_instruct_q4_k_m,direct_subword_calgacus,uuid_v4,professional_process_email
detector_pair__a9f74708a7c22bc4e6ae13bc__ordinary_control,0,0.0007857902091927826,deberta,leave_one_model__qwen2_5_7b_instruct_q4_k_m,test,matched_clean_llm,dedup-cluster-86d638dbb2173052f0f13f3d,revision_v1_chacha20_poly1305_base64_027,qwen2_5_7b_instruct_q4_k_m,direct_subword_calgacus,chacha20_poly1305_base64,narrative_learning_moment
detector_pair__a9f74708a7c22bc4e6ae13bc__rankcloak,1,0.9996747970581055,deberta,leave_one_model__qwen2_5_7b_instruct_q4_k_m,test,matched_clean_llm,dedup-cluster-86d638dbb2173052f0f13f3d,revision_v1_chacha20_poly1305_base64_027,qwen2_5_7b_instruct_q4_k_m,direct_subword_calgacus,chacha20_poly1305_base64,narrative_learning_moment
detector_pair__aa14a6a30e21a079c2b8c6ca__ordinary_control,0,0.00035784440115094185,deberta,leave_one_model__qwen2_5_7b_instruct_q4_k_m,test,matched_clean_llm,dedup-cluster-a70c2199fe9757fc3a965e41,revision_v1_sha256_hex_041,qwen2_5_7b_instruct_q4_k_m,nonseg_ascii_b8,sha256_hex,casual_hobby_chat
detector_pair__aa14a6a30e21a079c2b8c6ca__rankcloak,1,0.01213243417441845,deberta,leave_one_model__qwen2_5_7b_instruct_q4_k_m,test,matched_clean_llm,dedup-cluster-a70c2199fe9757fc3a965e41,revision_v1_sha256_hex_041,qwen2_5_7b_instruct_q4_k_m,nonseg_ascii_b8,sha256_hex,casual_hobby_chat
detector_pair__aa1efe3264f5feeb550c0d69__ordinary_control,0,0.00037760697887279093,deberta,leave_one_model__qwen2_5_7b_instruct_q4_k_m,test,matched_clean_llm,dedup-cluster-0597144dc6356aef849f0b73,revision_v1_chacha20_poly1305_base64_007,qwen2_5_7b_instruct_q4_k_m,direct_subword_calgacus,chacha20_poly1305_base64,forum_learning_answer
detector_pair__aa1efe3264f5feeb550c0d69__rankcloak,1,0.9998190999031067,deberta,leave_one_model__qwen2_5_7b_instruct_q4_k_m,test,matched_clean_llm,dedup-cluster-0597144dc6356aef849f0b73,revision_v1_chacha20_poly1305_base64_007,qwen2_5_7b_instruct_q4_k_m,direct_subword_calgacus,chacha20_poly1305_base64,forum_learning_answer
detector_pair__aadb717da64ca20c46b481e2__ordinary_control,0,0.0004616049991454929,deberta,leave_one_model__qwen2_5_7b_instruct_q4_k_m,test,matched_clean_llm,dedup-cluster-b84d789db2f53c6cca61a4a3,revision_v1_nonce_96_bit_hex_004,qwen2_5_7b_instruct_q4_k_m,nonseg_ascii_b8,nonce_96_bit_hex,professional_project_update
detector_pair__aadb717da64ca20c46b481e2__rankcloak,1,0.7951710820198059,deberta,leave_one_model__qwen2_5_7b_instruct_q4_k_m,test,matched_clean_llm,dedup-cluster-b84d789db2f53c6cca61a4a3,revision_v1_nonce_96_bit_hex_004,qwen2_5_7b_instruct_q4_k_m,nonseg_ascii_b8,nonce_96_bit_hex,professional_project_update
detector_pair__abb242a06596f30e4b756b52__ordinary_control,0,0.001871144282631576,deberta,leave_one_model__qwen2_5_7b_instruct_q4_k_m,test,matched_clean_llm,dedup-cluster-1a88735e2967b1b509e24d6b,revision_v1_token_128_bit_hex_015,qwen2_5_7b_instruct_q4_k_m,direct_subword_calgacus,token_128_bit_hex,professional_project_update
detector_pair__abb242a06596f30e4b756b52__rankcloak,1,0.9885093569755554,deberta,leave_one_model__qwen2_5_7b_instruct_q4_k_m,test,matched_clean_llm,dedup-cluster-1a88735e2967b1b509e24d6b,revision_v1_token_128_bit_hex_015,qwen2_5_7b_instruct_q4_k_m,direct_subword_calgacus,token_128_bit_hex,professional_project_update
detector_pair__ac02b12ac76b51a629711b7d__ordinary_control,0,0.0011753825237974524,deberta,leave_one_model__qwen2_5_7b_instruct_q4_k_m,test,matched_clean_llm,dedup-cluster-a331d504eed2f1bff244b461,revision_v1_chacha20_poly1305_base64_000,qwen2_5_7b_instruct_q4_k_m,nonseg_ascii_b16,chacha20_poly1305_base64,professional_schedule_note
detector_pair__ac02b12ac76b51a629711b7d__rankcloak,1,0.9982600808143616,deberta,leave_one_model__qwen2_5_7b_instruct_q4_k_m,test,matched_clean_llm,dedup-cluster-a331d504eed2f1bff244b461,revision_v1_chacha20_poly1305_base64_000,qwen2_5_7b_instruct_q4_k_m,nonseg_ascii_b16,chacha20_poly1305_base64,professional_schedule_note
detector_pair__ac91ad15c6886dd56ffb4c5d__ordinary_control,0,0.0014548453036695719,deberta,leave_one_model__qwen2_5_7b_instruct_q4_k_m,test,matched_clean_llm,dedup-cluster-1309181ed8aa479328b3f0a7,revision_v1_aes256_gcm_base64_004,qwen2_5_7b_instruct_q4_k_m,nonseg_ascii_b16,aes256_gcm_base64,narrative_small_discovery
detector_pair__ac91ad15c6886dd56ffb4c5d__rankcloak,1,0.9992443323135376,deberta,leave_one_model__qwen2_5_7b_instruct_q4_k_m,test,matched_clean_llm,dedup-cluster-1309181ed8aa479328b3f0a7,revision_v1_aes256_gcm_base64_004,qwen2_5_7b_instruct_q4_k_m,nonseg_ascii_b16,aes256_gcm_base64,narrative_small_discovery
detector_pair__ace6b44625c0155491c6da2d__ordinary_control,0,0.0003950148238800466,deberta,leave_one_model__qwen2_5_7b_instruct_q4_k_m,test,matched_clean_llm,dedup-cluster-3550b9941e44ba053c139eaa,revision_v1_sha256_hex_055,qwen2_5_7b_instruct_q4_k_m,direct_subword_calgacus,sha256_hex,forum_purchase_advice
detector_pair__ace6b44625c0155491c6da2d__rankcloak,1,0.9996215105056763,deberta,leave_one_model__qwen2_5_7b_instruct_q4_k_m,test,matched_clean_llm,dedup-cluster-3550b9941e44ba053c139eaa,revision_v1_sha256_hex_055,qwen2_5_7b_instruct_q4_k_m,direct_subword_calgacus,sha256_hex,forum_purchase_advice
detector_pair__ade37202d8c7252b797607b1__ordinary_control,0,0.0008748627151362598,deberta,leave_one_model__qwen2_5_7b_instruct_q4_k_m,test,matched_clean_llm,dedup-cluster-a70c2199fe9757fc3a965e41,revision_v1_sha256_hex_041,qwen2_5_7b_instruct_q4_k_m,nonseg_hex_nibble_b16,sha256_hex,casual_hobby_chat
detector_pair__ade37202d8c7252b797607b1__rankcloak,1,0.9989581108093262,deberta,leave_one_model__qwen2_5_7b_instruct_q4_k_m,test,matched_clean_llm,dedup-cluster-a70c2199fe9757fc3a965e41,revision_v1_sha256_hex_041,qwen2_5_7b_instruct_q4_k_m,nonseg_hex_nibble_b16,sha256_hex,casual_hobby_chat
detector_pair__aed801b90ca5634e0c7fab90__ordinary_control,0,0.0009185419185087085,deberta,leave_one_model__qwen2_5_7b_instruct_q4_k_m,test,matched_clean_llm,dedup-cluster-60d0df848b633a552e7a097a,revision_v1_ed25519_signature_base64_007,qwen2_5_7b_instruct_q4_k_m,nonseg_ascii_b8,ed25519_signature_base64,procedure_simple_meal
detector_pair__aed801b90ca5634e0c7fab90__rankcloak,1,0.9977877140045166,deberta,leave_one_model__qwen2_5_7b_instruct_q4_k_m,test,matched_clean_llm,dedup-cluster-60d0df848b633a552e7a097a,revision_v1_ed25519_signature_base64_007,qwen2_5_7b_instruct_q4_k_m,nonseg_ascii_b8,ed25519_signature_base64,procedure_simple_meal
detector_pair__b1afb6f1acc22a150308c350__ordinary_control,0,0.00046512988046742976,deberta,leave_one_model__qwen2_5_7b_instruct_q4_k_m,test,matched_clean_llm,dedup-cluster-c3dca9a9298a213ff99b5c53,revision_v1_sha256_hex_017,qwen2_5_7b_instruct_q4_k_m,nonseg_ascii_b16,sha256_hex,casual_weekend_chat
detector_pair__b1afb6f1acc22a150308c350__rankcloak,1,0.9233971834182739,deberta,leave_one_model__qwen2_5_7b_instruct_q4_k_m,test,matched_clean_llm,dedup-cluster-c3dca9a9298a213ff99b5c53,revision_v1_sha256_hex_017,qwen2_5_7b_instruct_q4_k_m,nonseg_ascii_b16,sha256_hex,casual_weekend_chat
detector_pair__b1ce07daaec8caa1f91b9625__ordinary_control,0,0.0004657584067899734,deberta,leave_one_model__qwen2_5_7b_instruct_q4_k_m,test,matched_clean_llm,dedup-cluster-29c00935d1f39c68be75bfe8,revision_v1_nonce_96_bit_hex_035,qwen2_5_7b_instruct_q4_k_m,segmented_hex_single_topic,nonce_96_bit_hex,forum_learning_answer
detector_pair__b1ce07daaec8caa1f91b9625__rankcloak,1,0.9993085861206055,deberta,leave_one_model__qwen2_5_7b_instruct_q4_k_m,test,matched_clean_llm,dedup-cluster-29c00935d1f39c68be75bfe8,revision_v1_nonce_96_bit_hex_035,qwen2_5_7b_instruct_q4_k_m,segmented_hex_single_topic,nonce_96_bit_hex,forum_learning_answer
detector_pair__b1e5b6951fcb23b8e428bc5e__ordinary_control,0,0.0004345070628914982,deberta,leave_one_model__qwen2_5_7b_instruct_q4_k_m,test,matched_clean_llm,dedup-cluster-87be1653d2065bc655a96c84,revision_v1_token_128_bit_hex_020,qwen2_5_7b_instruct_q4_k_m,segmented_hex_multi_topic,token_128_bit_hex,casual_hobby_chat
detector_pair__b1e5b6951fcb23b8e428bc5e__rankcloak,1,0.7645387649536133,deberta,leave_one_model__qwen2_5_7b_instruct_q4_k_m,test,matched_clean_llm,dedup-cluster-87be1653d2065bc655a96c84,revision_v1_token_128_bit_hex_020,qwen2_5_7b_instruct_q4_k_m,segmented_hex_multi_topic,token_128_bit_hex,casual_hobby_chat
detector_pair__b1f84d59305544df3b358dc8__ordinary_control,0,0.000666772248223424,deberta,leave_one_model__qwen2_5_7b_instruct_q4_k_m,test,matched_clean_llm,dedup-cluster-91605a72859a660f036d538b,revision_v1_sha256_hex_009,qwen2_5_7b_instruct_q4_k_m,segmented_hex_single_topic,sha256_hex,narrative_learning_moment
detector_pair__b1f84d59305544df3b358dc8__rankcloak,1,0.9997333884239197,deberta,leave_one_model__qwen2_5_7b_instruct_q4_k_m,test,matched_clean_llm,dedup-cluster-91605a72859a660f036d538b,revision_v1_sha256_hex_009,qwen2_5_7b_instruct_q4_k_m,segmented_hex_single_topic,sha256_hex,narrative_learning_moment
detector_pair__b2406ccde00cd92802103626__ordinary_control,0,0.00046776304952800274,deberta,leave_one_model__qwen2_5_7b_instruct_q4_k_m,test,matched_clean_llm,dedup-cluster-607fc29d4914c273292301d6,revision_v1_token_128_bit_hex_052,qwen2_5_7b_instruct_q4_k_m,nonseg_ascii_b16,token_128_bit_hex,forum_practical_answer
detector_pair__b2406ccde00cd92802103626__rankcloak,1,0.9453741312026978,deberta,leave_one_model__qwen2_5_7b_instruct_q4_k_m,test,matched_clean_llm,dedup-cluster-607fc29d4914c273292301d6,revision_v1_token_128_bit_hex_052,qwen2_5_7b_instruct_q4_k_m,nonseg_ascii_b16,token_128_bit_hex,forum_practical_answer
detector_pair__b36e18d066fca8fcf060b234__ordinary_control,0,0.0006617854232899845,deberta,leave_one_model__qwen2_5_7b_instruct_q4_k_m,test,matched_clean_llm,dedup-cluster-6ff827405e3ec8e1790ca5eb,revision_v1_sha256_hex_051,qwen2_5_7b_instruct_q4_k_m,nonseg_ascii_b8,sha256_hex,narrative_small_discovery
detector_pair__b36e18d066fca8fcf060b234__rankcloak,1,0.9897792935371399,deberta,leave_one_model__qwen2_5_7b_instruct_q4_k_m,test,matched_clean_llm,dedup-cluster-6ff827405e3ec8e1790ca5eb,revision_v1_sha256_hex_051,qwen2_5_7b_instruct_q4_k_m,nonseg_ascii_b8,sha256_hex,narrative_small_discovery
detector_pair__b372ac76a7e64223b219543e__ordinary_control,0,0.0005982074071653187,deberta,leave_one_model__qwen2_5_7b_instruct_q4_k_m,test,matched_clean_llm,dedup-cluster-ff49451d067828caa2ddfd75,revision_v1_chacha20_poly1305_base64_031,qwen2_5_7b_instruct_q4_k_m,nonseg_ascii_b16,chacha20_poly1305_base64,forum_practical_answer
detector_pair__b372ac76a7e64223b219543e__rankcloak,1,0.9909035563468933,deberta,leave_one_model__qwen2_5_7b_instruct_q4_k_m,test,matched_clean_llm,dedup-cluster-ff49451d067828caa2ddfd75,revision_v1_chacha20_poly1305_base64_031,qwen2_5_7b_instruct_q4_k_m,nonseg_ascii_b16,chacha20_poly1305_base64,forum_practical_answer
detector_pair__b41cbfe8539fd833df68dd1f__ordinary_control,0,0.0023806116078048944,deberta,leave_one_model__qwen2_5_7b_instruct_q4_k_m,test,matched_clean_llm,dedup-cluster-eb4a9e676533f32ebcf1a3d5,revision_v1_ed25519_signature_base64_003,qwen2_5_7b_instruct_q4_k_m,nonseg_ascii_b16,ed25519_signature_base64,explain_biological_process
detector_pair__b41cbfe8539fd833df68dd1f__rankcloak,1,0.9991342425346375,deberta,leave_one_model__qwen2_5_7b_instruct_q4_k_m,test,matched_clean_llm,dedup-cluster-eb4a9e676533f32ebcf1a3d5,revision_v1_ed25519_signature_base64_003,qwen2_5_7b_instruct_q4_k_m,nonseg_ascii_b16,ed25519_signature_base64,explain_biological_process
detector_pair__b44d442b692d8e70fdc95c78__ordinary_control,0,0.000428216764703393,deberta,leave_one_model__qwen2_5_7b_instruct_q4_k_m,test,matched_clean_llm,dedup-cluster-4a2ba4b96048298d2a4a680c,revision_v1_token_128_bit_hex_008,qwen2_5_7b_instruct_q4_k_m,nonseg_ascii_b16,token_128_bit_hex,casual_neighborhood_chat
detector_pair__b44d442b692d8e70fdc95c78__rankcloak,1,0.9921990036964417,deberta,leave_one_model__qwen2_5_7b_instruct_q4_k_m,test,matched_clean_llm,dedup-cluster-4a2ba4b96048298d2a4a680c,revision_v1_token_128_bit_hex_008,qwen2_5_7b_instruct_q4_k_m,nonseg_ascii_b16,token_128_bit_hex,casual_neighborhood_chat
detector_pair__b5c0b8efb0beda434f885f5d__ordinary_control,0,0.0013377582654356956,deberta,leave_one_model__qwen2_5_7b_instruct_q4_k_m,test,matched_clean_llm,dedup-cluster-f6fc3479f88b17e2282c2e2e,revision_v1_token_128_bit_hex_043,qwen2_5_7b_instruct_q4_k_m,nonseg_ascii_b8,token_128_bit_hex,explain_biological_process
detector_pair__b5c0b8efb0beda434f885f5d__rankcloak,1,0.7780649662017822,deberta,leave_one_model__qwen2_5_7b_instruct_q4_k_m,test,matched_clean_llm,dedup-cluster-f6fc3479f88b17e2282c2e2e,revision_v1_token_128_bit_hex_043,qwen2_5_7b_instruct_q4_k_m,nonseg_ascii_b8,token_128_bit_hex,explain_biological_process
detector_pair__b62a7d8fd300b97ff2979a28__ordinary_control,0,0.0008465431164950132,deberta,leave_one_model__qwen2_5_7b_instruct_q4_k_m,test,matched_clean_llm,dedup-cluster-3b447f2610b594483f55ba30,revision_v1_aes256_gcm_base64_028,qwen2_5_7b_instruct_q4_k_m,nonseg_ascii_b8,aes256_gcm_base64,narrative_local_walk
detector_pair__b62a7d8fd300b97ff2979a28__rankcloak,1,0.9818783402442932,deberta,leave_one_model__qwen2_5_7b_instruct_q4_k_m,test,matched_clean_llm,dedup-cluster-3b447f2610b594483f55ba30,revision_v1_aes256_gcm_base64_028,qwen2_5_7b_instruct_q4_k_m,nonseg_ascii_b8,aes256_gcm_base64,narrative_local_walk
detector_pair__b66c3f4120745c05e7d10d3c__ordinary_control,0,0.0005624144105240703,deberta,leave_one_model__qwen2_5_7b_instruct_q4_k_m,test,matched_clean_llm,dedup-cluster-a4dc36180df85cc7bf87e268,revision_v1_chacha20_poly1305_base64_056,qwen2_5_7b_instruct_q4_k_m,nonseg_ascii_b8,chacha20_poly1305_base64,procedure_home_task
detector_pair__b66c3f4120745c05e7d10d3c__rankcloak,1,0.9982490539550781,deberta,leave_one_model__qwen2_5_7b_instruct_q4_k_m,test,matched_clean_llm,dedup-cluster-a4dc36180df85cc7bf87e268,revision_v1_chacha20_poly1305_base64_056,qwen2_5_7b_instruct_q4_k_m,nonseg_ascii_b8,chacha20_poly1305_base64,procedure_home_task
detector_pair__b694253ccc73df6e520e90d9__ordinary_control,0,0.0006796628003939986,deberta,leave_one_model__qwen2_5_7b_instruct_q4_k_m,test,matched_clean_llm,dedup-cluster-a519d2b02dc9e7bccd7392ff,revision_v1_aes256_gcm_base64_026,qwen2_5_7b_instruct_q4_k_m,nonseg_ascii_b8,aes256_gcm_base64,forum_purchase_advice
detector_pair__b694253ccc73df6e520e90d9__rankcloak,1,0.4829043745994568,deberta,leave_one_model__qwen2_5_7b_instruct_q4_k_m,test,matched_clean_llm,dedup-cluster-a519d2b02dc9e7bccd7392ff,revision_v1_aes256_gcm_base64_026,qwen2_5_7b_instruct_q4_k_m,nonseg_ascii_b8,aes256_gcm_base64,forum_purchase_advice
detector_pair__b6e2559e74cddee52471270f__ordinary_control,0,0.0011213436955586076,deberta,leave_one_model__qwen2_5_7b_instruct_q4_k_m,test,matched_clean_llm,dedup-cluster-bce5a8a5d318ff689ce98a79,revision_v1_ed25519_signature_base64_023,qwen2_5_7b_instruct_q4_k_m,nonseg_ascii_b16,ed25519_signature_base64,professional_process_email
detector_pair__b6e2559e74cddee52471270f__rankcloak,1,0.9997410178184509,deberta,leave_one_model__qwen2_5_7b_instruct_q4_k_m,test,matched_clean_llm,dedup-cluster-bce5a8a5d318ff689ce98a79,revision_v1_ed25519_signature_base64_023,qwen2_5_7b_instruct_q4_k_m,nonseg_ascii_b16,ed25519_signature_base64,professional_process_email
detector_pair__b74d8f316ee4b912b4f5e2f8__ordinary_control,0,0.002280572196468711,deberta,leave_one_model__qwen2_5_7b_instruct_q4_k_m,test,matched_clean_llm,dedup-cluster-1e85096517059ca2585e10f1,revision_v1_nonce_96_bit_hex_044,qwen2_5_7b_instruct_q4_k_m,segmented_hex_multi_topic,nonce_96_bit_hex,explain_everyday_system
detector_pair__b74d8f316ee4b912b4f5e2f8__rankcloak,1,0.9981628060340881,deberta,leave_one_model__qwen2_5_7b_instruct_q4_k_m,test,matched_clean_llm,dedup-cluster-1e85096517059ca2585e10f1,revision_v1_nonce_96_bit_hex_044,qwen2_5_7b_instruct_q4_k_m,segmented_hex_multi_topic,nonce_96_bit_hex,explain_everyday_system
detector_pair__b785190a3586b697279a1c12__ordinary_control,0,0.0012001879513263702,deberta,leave_one_model__qwen2_5_7b_instruct_q4_k_m,test,matched_clean_llm,dedup-cluster-2b83d1cb5d632d6722e2a911,revision_v1_ed25519_signature_base64_022,qwen2_5_7b_instruct_q4_k_m,nonseg_ascii_b8,ed25519_signature_base64,casual_neighborhood_chat
detector_pair__b785190a3586b697279a1c12__rankcloak,1,0.987776517868042,deberta,leave_one_model__qwen2_5_7b_instruct_q4_k_m,test,matched_clean_llm,dedup-cluster-2b83d1cb5d632d6722e2a911,revision_v1_ed25519_signature_base64_022,qwen2_5_7b_instruct_q4_k_m,nonseg_ascii_b8,ed25519_signature_base64,casual_neighborhood_chat
detector_pair__b861bea669bfd99f8acd0489__ordinary_control,0,0.0005631998647004366,deberta,leave_one_model__qwen2_5_7b_instruct_q4_k_m,test,matched_clean_llm,dedup-cluster-6ff827405e3ec8e1790ca5eb,revision_v1_sha256_hex_051,qwen2_5_7b_instruct_q4_k_m,segmented_hex_multi_topic,sha256_hex,narrative_small_discovery
detector_pair__b861bea669bfd99f8acd0489__rankcloak,1,0.9996432065963745,deberta,leave_one_model__qwen2_5_7b_instruct_q4_k_m,test,matched_clean_llm,dedup-cluster-6ff827405e3ec8e1790ca5eb,revision_v1_sha256_hex_051,qwen2_5_7b_instruct_q4_k_m,segmented_hex_multi_topic,sha256_hex,narrative_small_discovery
detector_pair__b8b5320fd99878bf8ca8577c__ordinary_control,0,0.00031951686833053827,deberta,leave_one_model__qwen2_5_7b_instruct_q4_k_m,test,matched_clean_llm,dedup-cluster-2ecc22c7d6a07954ad922bdc,revision_v1_token_128_bit_hex_014,qwen2_5_7b_instruct_q4_k_m,segmented_hex_single_topic,token_128_bit_hex,casual_weekend_chat
detector_pair__b8b5320fd99878bf8ca8577c__rankcloak,1,0.2662370502948761,deberta,leave_one_model__qwen2_5_7b_instruct_q4_k_m,test,matched_clean_llm,dedup-cluster-2ecc22c7d6a07954ad922bdc,revision_v1_token_128_bit_hex_014,qwen2_5_7b_instruct_q4_k_m,segmented_hex_single_topic,token_128_bit_hex,casual_weekend_chat
detector_pair__b8efffeae6ab7b33c44b6491__ordinary_control,0,0.000301629799650982,deberta,leave_one_model__qwen2_5_7b_instruct_q4_k_m,test,matched_clean_llm,dedup-cluster-0b53467e512d7aed40a8b7c5,revision_v1_hmac_sha256_hex_035,qwen2_5_7b_instruct_q4_k_m,direct_subword_calgacus,hmac_sha256_hex,professional_schedule_note
detector_pair__b8efffeae6ab7b33c44b6491__rankcloak,1,0.9975467324256897,deberta,leave_one_model__qwen2_5_7b_instruct_q4_k_m,test,matched_clean_llm,dedup-cluster-0b53467e512d7aed40a8b7c5,revision_v1_hmac_sha256_hex_035,qwen2_5_7b_instruct_q4_k_m,direct_subword_calgacus,hmac_sha256_hex,professional_schedule_note
detector_pair__baa26db7c7458e82560b5310__ordinary_control,0,0.00038449291605502367,deberta,leave_one_model__qwen2_5_7b_instruct_q4_k_m,test,matched_clean_llm,dedup-cluster-c3dca9a9298a213ff99b5c53,revision_v1_sha256_hex_017,qwen2_5_7b_instruct_q4_k_m,nonseg_hex_nibble_b16,sha256_hex,casual_weekend_chat
detector_pair__baa26db7c7458e82560b5310__rankcloak,1,0.9986492991447449,deberta,leave_one_model__qwen2_5_7b_instruct_q4_k_m,test,matched_clean_llm,dedup-cluster-c3dca9a9298a213ff99b5c53,revision_v1_sha256_hex_017,qwen2_5_7b_instruct_q4_k_m,nonseg_hex_nibble_b16,sha256_hex,casual_weekend_chat
detector_pair__bac1ea78f10014cefcb557cf__ordinary_control,0,0.0006325157009996474,deberta,leave_one_model__qwen2_5_7b_instruct_q4_k_m,test,matched_clean_llm,dedup-cluster-fd9e19480ac45dd31145b893,revision_v1_hmac_sha256_hex_008,qwen2_5_7b_instruct_q4_k_m,segmented_hex_single_topic,hmac_sha256_hex,narrative_small_discovery
detector_pair__bac1ea78f10014cefcb557cf__rankcloak,1,0.9792444109916687,deberta,leave_one_model__qwen2_5_7b_instruct_q4_k_m,test,matched_clean_llm,dedup-cluster-fd9e19480ac45dd31145b893,revision_v1_hmac_sha256_hex_008,qwen2_5_7b_instruct_q4_k_m,segmented_hex_single_topic,hmac_sha256_hex,narrative_small_discovery
detector_pair__bad550fe4045c916bb3382bd__ordinary_control,0,0.0008429089211858809,deberta,leave_one_model__qwen2_5_7b_instruct_q4_k_m,test,matched_clean_llm,dedup-cluster-fd9e19480ac45dd31145b893,revision_v1_hmac_sha256_hex_008,qwen2_5_7b_instruct_q4_k_m,segmented_hex_single_topic,hmac_sha256_hex,narrative_small_discovery
detector_pair__bad550fe4045c916bb3382bd__rankcloak,1,0.9997660517692566,deberta,leave_one_model__qwen2_5_7b_instruct_q4_k_m,test,matched_clean_llm,dedup-cluster-fd9e19480ac45dd31145b893,revision_v1_hmac_sha256_hex_008,qwen2_5_7b_instruct_q4_k_m,segmented_hex_single_topic,hmac_sha256_hex,narrative_small_discovery
detector_pair__baeca0a6a365df709dce21a8__ordinary_control,0,0.0003944507916457951,deberta,leave_one_model__qwen2_5_7b_instruct_q4_k_m,test,matched_clean_llm,dedup-cluster-0b53467e512d7aed40a8b7c5,revision_v1_hmac_sha256_hex_035,qwen2_5_7b_instruct_q4_k_m,nonseg_hex_nibble_b16,hmac_sha256_hex,professional_schedule_note
detector_pair__baeca0a6a365df709dce21a8__rankcloak,1,0.9916868805885315,deberta,leave_one_model__qwen2_5_7b_instruct_q4_k_m,test,matched_clean_llm,dedup-cluster-0b53467e512d7aed40a8b7c5,revision_v1_hmac_sha256_hex_035,qwen2_5_7b_instruct_q4_k_m,nonseg_hex_nibble_b16,hmac_sha256_hex,professional_schedule_note
detector_pair__bb7149bfc59a34191c53e673__ordinary_control,0,0.0007366177160292864,deberta,leave_one_model__qwen2_5_7b_instruct_q4_k_m,test,matched_clean_llm,dedup-cluster-b84d789db2f53c6cca61a4a3,revision_v1_nonce_96_bit_hex_004,qwen2_5_7b_instruct_q4_k_m,nonseg_hex_nibble_b16,nonce_96_bit_hex,professional_project_update
detector_pair__bb7149bfc59a34191c53e673__rankcloak,1,0.8183690309524536,deberta,leave_one_model__qwen2_5_7b_instruct_q4_k_m,test,matched_clean_llm,dedup-cluster-b84d789db2f53c6cca61a4a3,revision_v1_nonce_96_bit_hex_004,qwen2_5_7b_instruct_q4_k_m,nonseg_hex_nibble_b16,nonce_96_bit_hex,professional_project_update
detector_pair__bc6e060c11ae410233a924c4__ordinary_control,0,0.0006701218080706894,deberta,leave_one_model__qwen2_5_7b_instruct_q4_k_m,test,matched_clean_llm,dedup-cluster-5b9dd88bf5e7e73a8e168e80,revision_v1_ed25519_signature_base64_001,qwen2_5_7b_instruct_q4_k_m,nonseg_ascii_b16,ed25519_signature_base64,procedure_garden_task
detector_pair__bc6e060c11ae410233a924c4__rankcloak,1,0.9965457320213318,deberta,leave_one_model__qwen2_5_7b_instruct_q4_k_m,test,matched_clean_llm,dedup-cluster-5b9dd88bf5e7e73a8e168e80,revision_v1_ed25519_signature_base64_001,qwen2_5_7b_instruct_q4_k_m,nonseg_ascii_b16,ed25519_signature_base64,procedure_garden_task
detector_pair__bc8f6643cbec44bfab55cc5c__ordinary_control,0,0.0003181414504069835,deberta,leave_one_model__qwen2_5_7b_instruct_q4_k_m,test,matched_clean_llm,dedup-cluster-c3dca9a9298a213ff99b5c53,revision_v1_sha256_hex_017,qwen2_5_7b_instruct_q4_k_m,nonseg_ascii_b8,sha256_hex,casual_weekend_chat
detector_pair__bc8f6643cbec44bfab55cc5c__rankcloak,1,0.9806452393531799,deberta,leave_one_model__qwen2_5_7b_instruct_q4_k_m,test,matched_clean_llm,dedup-cluster-c3dca9a9298a213ff99b5c53,revision_v1_sha256_hex_017,qwen2_5_7b_instruct_q4_k_m,nonseg_ascii_b8,sha256_hex,casual_weekend_chat
detector_pair__bc987c154c2a374b183d42cc__ordinary_control,0,0.0009099789313040674,deberta,leave_one_model__qwen2_5_7b_instruct_q4_k_m,test,matched_clean_llm,dedup-cluster-fd9e19480ac45dd31145b893,revision_v1_hmac_sha256_hex_008,qwen2_5_7b_instruct_q4_k_m,nonseg_ascii_b8,hmac_sha256_hex,narrative_small_discovery
detector_pair__bc987c154c2a374b183d42cc__rankcloak,1,0.9972289204597473,deberta,leave_one_model__qwen2_5_7b_instruct_q4_k_m,test,matched_clean_llm,dedup-cluster-fd9e19480ac45dd31145b893,revision_v1_hmac_sha256_hex_008,qwen2_5_7b_instruct_q4_k_m,nonseg_ascii_b8,hmac_sha256_hex,narrative_small_discovery
detector_pair__bd3f48d40093eb52895f95a1__ordinary_control,0,0.0004277070693206042,deberta,leave_one_model__qwen2_5_7b_instruct_q4_k_m,test,matched_clean_llm,dedup-cluster-64d1f52c4a9a8a169b1930ca,revision_v1_uuid_v4_018,qwen2_5_7b_instruct_q4_k_m,direct_subword_calgacus,uuid_v4,explain_biological_process
detector_pair__bd3f48d40093eb52895f95a1__rankcloak,1,0.9550428986549377,deberta,leave_one_model__qwen2_5_7b_instruct_q4_k_m,test,matched_clean_llm,dedup-cluster-64d1f52c4a9a8a169b1930ca,revision_v1_uuid_v4_018,qwen2_5_7b_instruct_q4_k_m,direct_subword_calgacus,uuid_v4,explain_biological_process
detector_pair__bd6b6787090b2398afcc837c__ordinary_control,0,0.00046442681923508644,deberta,leave_one_model__qwen2_5_7b_instruct_q4_k_m,test,matched_clean_llm,dedup-cluster-0a53df1782d32b924a429e87,revision_v1_uuid_v4_040,qwen2_5_7b_instruct_q4_k_m,direct_subword_calgacus,uuid_v4,procedure_garden_task
detector_pair__bd6b6787090b2398afcc837c__rankcloak,1,0.7352628111839294,deberta,leave_one_model__qwen2_5_7b_instruct_q4_k_m,test,matched_clean_llm,dedup-cluster-0a53df1782d32b924a429e87,revision_v1_uuid_v4_040,qwen2_5_7b_instruct_q4_k_m,direct_subword_calgacus,uuid_v4,procedure_garden_task
detector_pair__bdae80be515ea6aeee25ea65__ordinary_control,0,0.00034765308373607695,deberta,leave_one_model__qwen2_5_7b_instruct_q4_k_m,test,matched_clean_llm,dedup-cluster-a7d8804ca4431e2f7d1239fd,revision_v1_aes256_gcm_base64_048,qwen2_5_7b_instruct_q4_k_m,nonseg_ascii_b8,aes256_gcm_base64,casual_neighborhood_chat
detector_pair__bdae80be515ea6aeee25ea65__rankcloak,1,0.9977108240127563,deberta,leave_one_model__qwen2_5_7b_instruct_q4_k_m,test,matched_clean_llm,dedup-cluster-a7d8804ca4431e2f7d1239fd,revision_v1_aes256_gcm_base64_048,qwen2_5_7b_instruct_q4_k_m,nonseg_ascii_b8,aes256_gcm_base64,casual_neighborhood_chat
detector_pair__bdbb95f37e7689efff95f14e__ordinary_control,0,0.0029972982592880726,deberta,leave_one_model__qwen2_5_7b_instruct_q4_k_m,test,matched_clean_llm,dedup-cluster-6ff827405e3ec8e1790ca5eb,revision_v1_sha256_hex_051,qwen2_5_7b_instruct_q4_k_m,nonseg_ascii_b16,sha256_hex,narrative_small_discovery
detector_pair__bdbb95f37e7689efff95f14e__rankcloak,1,0.9928067922592163,deberta,leave_one_model__qwen2_5_7b_instruct_q4_k_m,test,matched_clean_llm,dedup-cluster-6ff827405e3ec8e1790ca5eb,revision_v1_sha256_hex_051,qwen2_5_7b_instruct_q4_k_m,nonseg_ascii_b16,sha256_hex,narrative_small_discovery
detector_pair__bed816390b441be323b23851__ordinary_control,0,0.0010205022990703583,deberta,leave_one_model__qwen2_5_7b_instruct_q4_k_m,test,matched_clean_llm,dedup-cluster-3835ae9c8d0c8b9133aa0f7c,revision_v1_sha256_hex_014,qwen2_5_7b_instruct_q4_k_m,nonseg_ascii_b16,sha256_hex,procedure_simple_meal
detector_pair__bed816390b441be323b23851__rankcloak,1,0.9986478686332703,deberta,leave_one_model__qwen2_5_7b_instruct_q4_k_m,test,matched_clean_llm,dedup-cluster-3835ae9c8d0c8b9133aa0f7c,revision_v1_sha256_hex_014,qwen2_5_7b_instruct_q4_k_m,nonseg_ascii_b16,sha256_hex,procedure_simple_meal
detector_pair__c01dc338fb2693bfefa57579__ordinary_control,0,0.0005045511061325669,deberta,leave_one_model__qwen2_5_7b_instruct_q4_k_m,test,matched_clean_llm,dedup-cluster-be754e26863b30c33e0e75f4,revision_v1_hmac_sha256_hex_000,qwen2_5_7b_instruct_q4_k_m,direct_subword_calgacus,hmac_sha256_hex,forum_learning_answer
detector_pair__c01dc338fb2693bfefa57579__rankcloak,1,0.999782145023346,deberta,leave_one_model__qwen2_5_7b_instruct_q4_k_m,test,matched_clean_llm,dedup-cluster-be754e26863b30c33e0e75f4,revision_v1_hmac_sha256_hex_000,qwen2_5_7b_instruct_q4_k_m,direct_subword_calgacus,hmac_sha256_hex,forum_learning_answer
detector_pair__c16537f6607518fa1c9830e4__ordinary_control,0,0.001034933957271278,deberta,leave_one_model__qwen2_5_7b_instruct_q4_k_m,test,matched_clean_llm,dedup-cluster-4fce714af80d0b4f14ad4961,revision_v1_sha256_hex_008,qwen2_5_7b_instruct_q4_k_m,nonseg_ascii_b8,sha256_hex,procedure_garden_task
detector_pair__c16537f6607518fa1c9830e4__rankcloak,1,0.7931810021400452,deberta,leave_one_model__qwen2_5_7b_instruct_q4_k_m,test,matched_clean_llm,dedup-cluster-4fce714af80d0b4f14ad4961,revision_v1_sha256_hex_008,qwen2_5_7b_instruct_q4_k_m,nonseg_ascii_b8,sha256_hex,procedure_garden_task
detector_pair__c17469037e59b658848c8c26__ordinary_control,0,0.0007432755664922297,deberta,leave_one_model__qwen2_5_7b_instruct_q4_k_m,test,matched_clean_llm,dedup-cluster-eb4a9e676533f32ebcf1a3d5,revision_v1_ed25519_signature_base64_003,qwen2_5_7b_instruct_q4_k_m,direct_subword_calgacus,ed25519_signature_base64,explain_biological_process
detector_pair__c17469037e59b658848c8c26__rankcloak,1,0.9997420907020569,deberta,leave_one_model__qwen2_5_7b_instruct_q4_k_m,test,matched_clean_llm,dedup-cluster-eb4a9e676533f32ebcf1a3d5,revision_v1_ed25519_signature_base64_003,qwen2_5_7b_instruct_q4_k_m,direct_subword_calgacus,ed25519_signature_base64,explain_biological_process
detector_pair__c1a84473def80c473c154b14__ordinary_control,0,0.00045360688818618655,deberta,leave_one_model__qwen2_5_7b_instruct_q4_k_m,test,matched_clean_llm,dedup-cluster-f8f816ecf1e0e78375afe932,revision_v1_chacha20_poly1305_base64_025,qwen2_5_7b_instruct_q4_k_m,direct_subword_calgacus,chacha20_poly1305_base64,forum_learning_answer
detector_pair__c1a84473def80c473c154b14__rankcloak,1,0.9996684789657593,deberta,leave_one_model__qwen2_5_7b_instruct_q4_k_m,test,matched_clean_llm,dedup-cluster-f8f816ecf1e0e78375afe932,revision_v1_chacha20_poly1305_base64_025,qwen2_5_7b_instruct_q4_k_m,direct_subword_calgacus,chacha20_poly1305_base64,forum_learning_answer
detector_pair__c1d0042172db436c6d581cb9__ordinary_control,0,0.0003033344110008329,deberta,leave_one_model__qwen2_5_7b_instruct_q4_k_m,test,matched_clean_llm,dedup-cluster-6b084f6dbf9a47a93f82df24,revision_v1_aes256_gcm_base64_037,qwen2_5_7b_instruct_q4_k_m,direct_subword_calgacus,aes256_gcm_base64,professional_project_update
detector_pair__c1d0042172db436c6d581cb9__rankcloak,1,0.9998325109481812,deberta,leave_one_model__qwen2_5_7b_instruct_q4_k_m,test,matched_clean_llm,dedup-cluster-6b084f6dbf9a47a93f82df24,revision_v1_aes256_gcm_base64_037,qwen2_5_7b_instruct_q4_k_m,direct_subword_calgacus,aes256_gcm_base64,professional_project_update
detector_pair__c3433c4a2200cd3429db3055__ordinary_control,0,0.000402140460209921,deberta,leave_one_model__qwen2_5_7b_instruct_q4_k_m,test,matched_clean_llm,dedup-cluster-1bfe0b32bac3fbfe62622c65,revision_v1_ed25519_signature_base64_056,qwen2_5_7b_instruct_q4_k_m,direct_subword_calgacus,ed25519_signature_base64,narrative_learning_moment
detector_pair__c3433c4a2200cd3429db3055__rankcloak,1,0.9997683167457581,deberta,leave_one_model__qwen2_5_7b_instruct_q4_k_m,test,matched_clean_llm,dedup-cluster-1bfe0b32bac3fbfe62622c65,revision_v1_ed25519_signature_base64_056,qwen2_5_7b_instruct_q4_k_m,direct_subword_calgacus,ed25519_signature_base64,narrative_learning_moment
detector_pair__c39e0b53c4373b68fc04d83c__ordinary_control,0,0.0004104019026271999,deberta,leave_one_model__qwen2_5_7b_instruct_q4_k_m,test,matched_clean_llm,dedup-cluster-0a53df1782d32b924a429e87,revision_v1_uuid_v4_040,qwen2_5_7b_instruct_q4_k_m,nonseg_ascii_b16,uuid_v4,procedure_garden_task
detector_pair__c39e0b53c4373b68fc04d83c__rankcloak,1,0.9967593550682068,deberta,leave_one_model__qwen2_5_7b_instruct_q4_k_m,test,matched_clean_llm,dedup-cluster-0a53df1782d32b924a429e87,revision_v1_uuid_v4_040,qwen2_5_7b_instruct_q4_k_m,nonseg_ascii_b16,uuid_v4,procedure_garden_task
detector_pair__c47b9d2abef180812df9313a__ordinary_control,0,0.00044795896974392235,deberta,leave_one_model__qwen2_5_7b_instruct_q4_k_m,test,matched_clean_llm,dedup-cluster-95e2f27c2b585a3d4fdfda70,revision_v1_nonce_96_bit_hex_013,qwen2_5_7b_instruct_q4_k_m,direct_subword_calgacus,nonce_96_bit_hex,narrative_learning_moment
detector_pair__c47b9d2abef180812df9313a__rankcloak,1,0.9966905117034912,deberta,leave_one_model__qwen2_5_7b_instruct_q4_k_m,test,matched_clean_llm,dedup-cluster-95e2f27c2b585a3d4fdfda70,revision_v1_nonce_96_bit_hex_013,qwen2_5_7b_instruct_q4_k_m,direct_subword_calgacus,nonce_96_bit_hex,narrative_learning_moment
detector_pair__c50e948fa83c2b94b09ef9d5__ordinary_control,0,0.0005612883251160383,deberta,leave_one_model__qwen2_5_7b_instruct_q4_k_m,test,matched_clean_llm,dedup-cluster-66b8f96fb6033ede0ca665e8,revision_v1_aes256_gcm_base64_020,qwen2_5_7b_instruct_q4_k_m,direct_subword_calgacus,aes256_gcm_base64,forum_practical_answer
detector_pair__c50e948fa83c2b94b09ef9d5__rankcloak,1,0.9990830421447754,deberta,leave_one_model__qwen2_5_7b_instruct_q4_k_m,test,matched_clean_llm,dedup-cluster-66b8f96fb6033ede0ca665e8,revision_v1_aes256_gcm_base64_020,qwen2_5_7b_instruct_q4_k_m,direct_subword_calgacus,aes256_gcm_base64,forum_practical_answer
detector_pair__c61bfc53b4f2953de3e46882__ordinary_control,0,0.00045781079097650945,deberta,leave_one_model__qwen2_5_7b_instruct_q4_k_m,test,matched_clean_llm,dedup-cluster-87be1653d2065bc655a96c84,revision_v1_token_128_bit_hex_020,qwen2_5_7b_instruct_q4_k_m,segmented_hex_single_topic,token_128_bit_hex,casual_hobby_chat
detector_pair__c61bfc53b4f2953de3e46882__rankcloak,1,0.7645387649536133,deberta,leave_one_model__qwen2_5_7b_instruct_q4_k_m,test,matched_clean_llm,dedup-cluster-87be1653d2065bc655a96c84,revision_v1_token_128_bit_hex_020,qwen2_5_7b_instruct_q4_k_m,segmented_hex_single_topic,token_128_bit_hex,casual_hobby_chat
detector_pair__c6b53d12ec71e80fc2945d79__ordinary_control,0,0.0002729445695877075,deberta,leave_one_model__qwen2_5_7b_instruct_q4_k_m,test,matched_clean_llm,dedup-cluster-7eecb5c2a0c12ed30123e2b3,revision_v1_uuid_v4_043,qwen2_5_7b_instruct_q4_k_m,direct_subword_calgacus,uuid_v4,casual_weekend_chat
detector_pair__c6b53d12ec71e80fc2945d79__rankcloak,1,0.41004472970962524,deberta,leave_one_model__qwen2_5_7b_instruct_q4_k_m,test,matched_clean_llm,dedup-cluster-7eecb5c2a0c12ed30123e2b3,revision_v1_uuid_v4_043,qwen2_5_7b_instruct_q4_k_m,direct_subword_calgacus,uuid_v4,casual_weekend_chat
detector_pair__c7ff5f261904a5e2757260c3__ordinary_control,0,0.0008160379948094487,deberta,leave_one_model__qwen2_5_7b_instruct_q4_k_m,test,matched_clean_llm,dedup-cluster-b84d789db2f53c6cca61a4a3,revision_v1_nonce_96_bit_hex_004,qwen2_5_7b_instruct_q4_k_m,segmented_hex_single_topic,nonce_96_bit_hex,professional_project_update
detector_pair__c7ff5f261904a5e2757260c3__rankcloak,1,0.7440770864486694,deberta,leave_one_model__qwen2_5_7b_instruct_q4_k_m,test,matched_clean_llm,dedup-cluster-b84d789db2f53c6cca61a4a3,revision_v1_nonce_96_bit_hex_004,qwen2_5_7b_instruct_q4_k_m,segmented_hex_single_topic,nonce_96_bit_hex,professional_project_update
detector_pair__c81d3f0efb53a8a2e81a3804__ordinary_control,0,0.0011271213879808784,deberta,leave_one_model__qwen2_5_7b_instruct_q4_k_m,test,matched_clean_llm,dedup-cluster-3d7049c126c3e6af15cc5c6b,revision_v1_hmac_sha256_hex_016,qwen2_5_7b_instruct_q4_k_m,direct_subword_calgacus,hmac_sha256_hex,casual_hobby_chat
detector_pair__c81d3f0efb53a8a2e81a3804__rankcloak,1,0.999642014503479,deberta,leave_one_model__qwen2_5_7b_instruct_q4_k_m,test,matched_clean_llm,dedup-cluster-3d7049c126c3e6af15cc5c6b,revision_v1_hmac_sha256_hex_016,qwen2_5_7b_instruct_q4_k_m,direct_subword_calgacus,hmac_sha256_hex,casual_hobby_chat
detector_pair__c8219b5d9cdf9561474cd9a6__ordinary_control,0,0.00039928712067194283,deberta,leave_one_model__qwen2_5_7b_instruct_q4_k_m,test,matched_clean_llm,dedup-cluster-4fce714af80d0b4f14ad4961,revision_v1_sha256_hex_008,qwen2_5_7b_instruct_q4_k_m,nonseg_hex_nibble_b16,sha256_hex,procedure_garden_task
detector_pair__c8219b5d9cdf9561474cd9a6__rankcloak,1,0.9987227320671082,deberta,leave_one_model__qwen2_5_7b_instruct_q4_k_m,test,matched_clean_llm,dedup-cluster-4fce714af80d0b4f14ad4961,revision_v1_sha256_hex_008,qwen2_5_7b_instruct_q4_k_m,nonseg_hex_nibble_b16,sha256_hex,procedure_garden_task
detector_pair__c83a56e836cf47da4e749ffd__ordinary_control,0,0.0006286270217970014,deberta,leave_one_model__qwen2_5_7b_instruct_q4_k_m,test,matched_clean_llm,dedup-cluster-00190ab339967308d13aeb9a,revision_v1_token_128_bit_hex_037,qwen2_5_7b_instruct_q4_k_m,segmented_hex_multi_topic,token_128_bit_hex,explain_everyday_system
detector_pair__c83a56e836cf47da4e749ffd__rankcloak,1,0.9996614456176758,deberta,leave_one_model__qwen2_5_7b_instruct_q4_k_m,test,matched_clean_llm,dedup-cluster-00190ab339967308d13aeb9a,revision_v1_token_128_bit_hex_037,qwen2_5_7b_instruct_q4_k_m,segmented_hex_multi_topic,token_128_bit_hex,explain_everyday_system
detector_pair__c86c8873ba2ad6711cabc9fc__ordinary_control,0,0.0007442921050824225,deberta,leave_one_model__qwen2_5_7b_instruct_q4_k_m,test,matched_clean_llm,dedup-cluster-c3dca9a9298a213ff99b5c53,revision_v1_sha256_hex_017,qwen2_5_7b_instruct_q4_k_m,segmented_hex_multi_topic,sha256_hex,casual_weekend_chat
detector_pair__c86c8873ba2ad6711cabc9fc__rankcloak,1,0.8794185519218445,deberta,leave_one_model__qwen2_5_7b_instruct_q4_k_m,test,matched_clean_llm,dedup-cluster-c3dca9a9298a213ff99b5c53,revision_v1_sha256_hex_017,qwen2_5_7b_instruct_q4_k_m,segmented_hex_multi_topic,sha256_hex,casual_weekend_chat
detector_pair__ca40d644d86beff1b21b6cf4__ordinary_control,0,0.0006710024317726493,deberta,leave_one_model__qwen2_5_7b_instruct_q4_k_m,test,matched_clean_llm,dedup-cluster-9dcfc126b0a6fc49629304d7,revision_v1_ed25519_signature_base64_054,qwen2_5_7b_instruct_q4_k_m,nonseg_ascii_b16,ed25519_signature_base64,forum_learning_answer
detector_pair__ca40d644d86beff1b21b6cf4__rankcloak,1,0.998985230922699,deberta,leave_one_model__qwen2_5_7b_instruct_q4_k_m,test,matched_clean_llm,dedup-cluster-9dcfc126b0a6fc49629304d7,revision_v1_ed25519_signature_base64_054,qwen2_5_7b_instruct_q4_k_m,nonseg_ascii_b16,ed25519_signature_base64,forum_learning_answer
detector_pair__ca67d9d183c234aa47afc61a__ordinary_control,0,0.006510910112410784,deberta,leave_one_model__qwen2_5_7b_instruct_q4_k_m,test,matched_clean_llm,dedup-cluster-3550b9941e44ba053c139eaa,revision_v1_sha256_hex_055,qwen2_5_7b_instruct_q4_k_m,segmented_hex_multi_topic,sha256_hex,forum_purchase_advice
detector_pair__ca67d9d183c234aa47afc61a__rankcloak,1,0.9653810262680054,deberta,leave_one_model__qwen2_5_7b_instruct_q4_k_m,test,matched_clean_llm,dedup-cluster-3550b9941e44ba053c139eaa,revision_v1_sha256_hex_055,qwen2_5_7b_instruct_q4_k_m,segmented_hex_multi_topic,sha256_hex,forum_purchase_advice
detector_pair__ca83ff3b334501f0138973a8__ordinary_control,0,0.0025746587198227644,deberta,leave_one_model__qwen2_5_7b_instruct_q4_k_m,test,matched_clean_llm,dedup-cluster-00190ab339967308d13aeb9a,revision_v1_token_128_bit_hex_037,qwen2_5_7b_instruct_q4_k_m,segmented_hex_multi_topic,token_128_bit_hex,explain_everyday_system
detector_pair__ca83ff3b334501f0138973a8__rankcloak,1,0.950152575969696,deberta,leave_one_model__qwen2_5_7b_instruct_q4_k_m,test,matched_clean_llm,dedup-cluster-00190ab339967308d13aeb9a,revision_v1_token_128_bit_hex_037,qwen2_5_7b_instruct_q4_k_m,segmented_hex_multi_topic,token_128_bit_hex,explain_everyday_system
detector_pair__cb3b4bea1021da098810f4a2__ordinary_control,0,0.0004131342866457999,deberta,leave_one_model__qwen2_5_7b_instruct_q4_k_m,test,matched_clean_llm,dedup-cluster-4e1923627139bf11a982ad81,revision_v1_aes256_gcm_base64_030,qwen2_5_7b_instruct_q4_k_m,direct_subword_calgacus,aes256_gcm_base64,casual_neighborhood_chat
detector_pair__cb3b4bea1021da098810f4a2__rankcloak,1,0.9996932744979858,deberta,leave_one_model__qwen2_5_7b_instruct_q4_k_m,test,matched_clean_llm,dedup-cluster-4e1923627139bf11a982ad81,revision_v1_aes256_gcm_base64_030,qwen2_5_7b_instruct_q4_k_m,direct_subword_calgacus,aes256_gcm_base64,casual_neighborhood_chat
detector_pair__cb785e61cd23fd8269cccacc__ordinary_control,0,0.0006353810313157737,deberta,leave_one_model__qwen2_5_7b_instruct_q4_k_m,test,matched_clean_llm,dedup-cluster-0b53467e512d7aed40a8b7c5,revision_v1_hmac_sha256_hex_035,qwen2_5_7b_instruct_q4_k_m,segmented_hex_single_topic,hmac_sha256_hex,professional_schedule_note
detector_pair__cb785e61cd23fd8269cccacc__rankcloak,1,0.9992996454238892,deberta,leave_one_model__qwen2_5_7b_instruct_q4_k_m,test,matched_clean_llm,dedup-cluster-0b53467e512d7aed40a8b7c5,revision_v1_hmac_sha256_hex_035,qwen2_5_7b_instruct_q4_k_m,segmented_hex_single_topic,hmac_sha256_hex,professional_schedule_note
detector_pair__cbf116ab6c4a4af03edb639c__ordinary_control,0,0.0010609891032800078,deberta,leave_one_model__qwen2_5_7b_instruct_q4_k_m,test,matched_clean_llm,dedup-cluster-6a3b0df392337f6421c0e2eb,revision_v1_uuid_v4_026,qwen2_5_7b_instruct_q4_k_m,nonseg_ascii_b16,uuid_v4,professional_project_update
detector_pair__cbf116ab6c4a4af03edb639c__rankcloak,1,0.9660020470619202,deberta,leave_one_model__qwen2_5_7b_instruct_q4_k_m,test,matched_clean_llm,dedup-cluster-6a3b0df392337f6421c0e2eb,revision_v1_uuid_v4_026,qwen2_5_7b_instruct_q4_k_m,nonseg_ascii_b16,uuid_v4,professional_project_update
detector_pair__ccf6b8e7f85f2612577acf53__ordinary_control,0,0.00039271320565603673,deberta,leave_one_model__qwen2_5_7b_instruct_q4_k_m,test,matched_clean_llm,dedup-cluster-c791365cbb6a3ed856420c65,revision_v1_hmac_sha256_hex_023,qwen2_5_7b_instruct_q4_k_m,direct_subword_calgacus,hmac_sha256_hex,professional_process_email
detector_pair__ccf6b8e7f85f2612577acf53__rankcloak,1,0.9983605742454529,deberta,leave_one_model__qwen2_5_7b_instruct_q4_k_m,test,matched_clean_llm,dedup-cluster-c791365cbb6a3ed856420c65,revision_v1_hmac_sha256_hex_023,qwen2_5_7b_instruct_q4_k_m,direct_subword_calgacus,hmac_sha256_hex,professional_process_email
detector_pair__cd050c7e5b1b29ff8a874061__ordinary_control,0,0.0008485164144076407,deberta,leave_one_model__qwen2_5_7b_instruct_q4_k_m,test,matched_clean_llm,dedup-cluster-4fce714af80d0b4f14ad4961,revision_v1_sha256_hex_008,qwen2_5_7b_instruct_q4_k_m,segmented_hex_multi_topic,sha256_hex,procedure_garden_task
detector_pair__cd050c7e5b1b29ff8a874061__rankcloak,1,0.9997645020484924,deberta,leave_one_model__qwen2_5_7b_instruct_q4_k_m,test,matched_clean_llm,dedup-cluster-4fce714af80d0b4f14ad4961,revision_v1_sha256_hex_008,qwen2_5_7b_instruct_q4_k_m,segmented_hex_multi_topic,sha256_hex,procedure_garden_task
detector_pair__cd3c4ece5db52128f145fc2f__ordinary_control,0,0.001051105442456901,deberta,leave_one_model__qwen2_5_7b_instruct_q4_k_m,test,matched_clean_llm,dedup-cluster-3835ae9c8d0c8b9133aa0f7c,revision_v1_sha256_hex_014,qwen2_5_7b_instruct_q4_k_m,nonseg_hex_nibble_b16,sha256_hex,procedure_simple_meal
detector_pair__cd3c4ece5db52128f145fc2f__rankcloak,1,0.995781421661377,deberta,leave_one_model__qwen2_5_7b_instruct_q4_k_m,test,matched_clean_llm,dedup-cluster-3835ae9c8d0c8b9133aa0f7c,revision_v1_sha256_hex_014,qwen2_5_7b_instruct_q4_k_m,nonseg_hex_nibble_b16,sha256_hex,procedure_simple_meal
detector_pair__cdae064071705836b711bb20__ordinary_control,0,0.0018845379818230867,deberta,leave_one_model__qwen2_5_7b_instruct_q4_k_m,test,matched_clean_llm,dedup-cluster-d5b4f2b51dfabbdce0cd2fb8,revision_v1_sha256_hex_057,qwen2_5_7b_instruct_q4_k_m,segmented_hex_single_topic,sha256_hex,narrative_local_walk
detector_pair__cdae064071705836b711bb20__rankcloak,1,0.6436507105827332,deberta,leave_one_model__qwen2_5_7b_instruct_q4_k_m,test,matched_clean_llm,dedup-cluster-d5b4f2b51dfabbdce0cd2fb8,revision_v1_sha256_hex_057,qwen2_5_7b_instruct_q4_k_m,segmented_hex_single_topic,sha256_hex,narrative_local_walk
detector_pair__ce095e5b178f336964c4bd24__ordinary_control,0,0.000489674333948642,deberta,leave_one_model__qwen2_5_7b_instruct_q4_k_m,test,matched_clean_llm,dedup-cluster-089a5c41a6187c40edeb1a0c,revision_v1_nonce_96_bit_hex_007,qwen2_5_7b_instruct_q4_k_m,segmented_hex_multi_topic,nonce_96_bit_hex,narrative_local_walk
detector_pair__ce095e5b178f336964c4bd24__rankcloak,1,0.08167275041341782,deberta,leave_one_model__qwen2_5_7b_instruct_q4_k_m,test,matched_clean_llm,dedup-cluster-089a5c41a6187c40edeb1a0c,revision_v1_nonce_96_bit_hex_007,qwen2_5_7b_instruct_q4_k_m,segmented_hex_multi_topic,nonce_96_bit_hex,narrative_local_walk
detector_pair__ce896eab0c7afacd024cee83__ordinary_control,0,0.0004350562230683863,deberta,leave_one_model__qwen2_5_7b_instruct_q4_k_m,test,matched_clean_llm,dedup-cluster-4a2ba4b96048298d2a4a680c,revision_v1_token_128_bit_hex_008,qwen2_5_7b_instruct_q4_k_m,segmented_hex_single_topic,token_128_bit_hex,casual_neighborhood_chat
detector_pair__ce896eab0c7afacd024cee83__rankcloak,1,0.9997356534004211,deberta,leave_one_model__qwen2_5_7b_instruct_q4_k_m,test,matched_clean_llm,dedup-cluster-4a2ba4b96048298d2a4a680c,revision_v1_token_128_bit_hex_008,qwen2_5_7b_instruct_q4_k_m,segmented_hex_single_topic,token_128_bit_hex,casual_neighborhood_chat
detector_pair__cee4829b10997ac758b19f48__ordinary_control,0,0.0006914837867952883,deberta,leave_one_model__qwen2_5_7b_instruct_q4_k_m,test,matched_clean_llm,dedup-cluster-f1630cf66c55bafe664639a5,revision_v1_hmac_sha256_hex_009,qwen2_5_7b_instruct_q4_k_m,direct_subword_calgacus,hmac_sha256_hex,explain_weather_pattern
detector_pair__cee4829b10997ac758b19f48__rankcloak,1,0.9987120628356934,deberta,leave_one_model__qwen2_5_7b_instruct_q4_k_m,test,matched_clean_llm,dedup-cluster-f1630cf66c55bafe664639a5,revision_v1_hmac_sha256_hex_009,qwen2_5_7b_instruct_q4_k_m,direct_subword_calgacus,hmac_sha256_hex,explain_weather_pattern
detector_pair__d00e57e0b737ff64f6f8139f__ordinary_control,0,0.00037144208909012377,deberta,leave_one_model__qwen2_5_7b_instruct_q4_k_m,test,matched_clean_llm,dedup-cluster-b160d50a48c5e58f6dd7c118,revision_v1_token_128_bit_hex_009,qwen2_5_7b_instruct_q4_k_m,segmented_hex_multi_topic,token_128_bit_hex,professional_process_email
detector_pair__d00e57e0b737ff64f6f8139f__rankcloak,1,0.9985020160675049,deberta,leave_one_model__qwen2_5_7b_instruct_q4_k_m,test,matched_clean_llm,dedup-cluster-b160d50a48c5e58f6dd7c118,revision_v1_token_128_bit_hex_009,qwen2_5_7b_instruct_q4_k_m,segmented_hex_multi_topic,token_128_bit_hex,professional_process_email
detector_pair__d03fc61b1f9e3261ab12e576__ordinary_control,0,0.000765640230383724,deberta,leave_one_model__qwen2_5_7b_instruct_q4_k_m,test,matched_clean_llm,dedup-cluster-07152d65b441d025c2de854b,revision_v1_nonce_96_bit_hex_030,qwen2_5_7b_instruct_q4_k_m,segmented_hex_single_topic,nonce_96_bit_hex,procedure_garden_task
detector_pair__d03fc61b1f9e3261ab12e576__rankcloak,1,0.0026813962031155825,deberta,leave_one_model__qwen2_5_7b_instruct_q4_k_m,test,matched_clean_llm,dedup-cluster-07152d65b441d025c2de854b,revision_v1_nonce_96_bit_hex_030,qwen2_5_7b_instruct_q4_k_m,segmented_hex_single_topic,nonce_96_bit_hex,procedure_garden_task
detector_pair__d0a573859bcab853dbe14466__ordinary_control,0,0.0005404155235737562,deberta,leave_one_model__qwen2_5_7b_instruct_q4_k_m,test,matched_clean_llm,dedup-cluster-607fc29d4914c273292301d6,revision_v1_token_128_bit_hex_052,qwen2_5_7b_instruct_q4_k_m,segmented_hex_single_topic,token_128_bit_hex,forum_practical_answer
detector_pair__d0a573859bcab853dbe14466__rankcloak,1,0.9952740669250488,deberta,leave_one_model__qwen2_5_7b_instruct_q4_k_m,test,matched_clean_llm,dedup-cluster-607fc29d4914c273292301d6,revision_v1_token_128_bit_hex_052,qwen2_5_7b_instruct_q4_k_m,segmented_hex_single_topic,token_128_bit_hex,forum_practical_answer
detector_pair__d17c8b8eff79164b3abaee4c__ordinary_control,0,0.0022125113755464554,deberta,leave_one_model__qwen2_5_7b_instruct_q4_k_m,test,matched_clean_llm,dedup-cluster-fd9e19480ac45dd31145b893,revision_v1_hmac_sha256_hex_008,qwen2_5_7b_instruct_q4_k_m,segmented_hex_multi_topic,hmac_sha256_hex,narrative_small_discovery
detector_pair__d17c8b8eff79164b3abaee4c__rankcloak,1,0.9881872534751892,deberta,leave_one_model__qwen2_5_7b_instruct_q4_k_m,test,matched_clean_llm,dedup-cluster-fd9e19480ac45dd31145b893,revision_v1_hmac_sha256_hex_008,qwen2_5_7b_instruct_q4_k_m,segmented_hex_multi_topic,hmac_sha256_hex,narrative_small_discovery
detector_pair__d17e8edc19d399735c1e01fe__ordinary_control,0,0.001541322679258883,deberta,leave_one_model__qwen2_5_7b_instruct_q4_k_m,test,matched_clean_llm,dedup-cluster-a519d2b02dc9e7bccd7392ff,revision_v1_aes256_gcm_base64_026,qwen2_5_7b_instruct_q4_k_m,direct_subword_calgacus,aes256_gcm_base64,forum_purchase_advice
detector_pair__d17e8edc19d399735c1e01fe__rankcloak,1,0.9995599389076233,deberta,leave_one_model__qwen2_5_7b_instruct_q4_k_m,test,matched_clean_llm,dedup-cluster-a519d2b02dc9e7bccd7392ff,revision_v1_aes256_gcm_base64_026,qwen2_5_7b_instruct_q4_k_m,direct_subword_calgacus,aes256_gcm_base64,forum_purchase_advice
detector_pair__d2208ba3940f66df03c982d5__ordinary_control,0,0.000580294115934521,deberta,leave_one_model__qwen2_5_7b_instruct_q4_k_m,test,matched_clean_llm,dedup-cluster-6fa6c069ce75963f9386e415,revision_v1_aes256_gcm_base64_016,qwen2_5_7b_instruct_q4_k_m,direct_subword_calgacus,aes256_gcm_base64,narrative_learning_moment
detector_pair__d2208ba3940f66df03c982d5__rankcloak,1,0.9997521042823792,deberta,leave_one_model__qwen2_5_7b_instruct_q4_k_m,test,matched_clean_llm,dedup-cluster-6fa6c069ce75963f9386e415,revision_v1_aes256_gcm_base64_016,qwen2_5_7b_instruct_q4_k_m,direct_subword_calgacus,aes256_gcm_base64,narrative_learning_moment
detector_pair__d2247a32ea31c4f787d8dd76__ordinary_control,0,0.0006032952223904431,deberta,leave_one_model__qwen2_5_7b_instruct_q4_k_m,test,matched_clean_llm,dedup-cluster-b160d50a48c5e58f6dd7c118,revision_v1_token_128_bit_hex_009,qwen2_5_7b_instruct_q4_k_m,nonseg_ascii_b16,token_128_bit_hex,professional_process_email
detector_pair__d2247a32ea31c4f787d8dd76__rankcloak,1,0.9966239929199219,deberta,leave_one_model__qwen2_5_7b_instruct_q4_k_m,test,matched_clean_llm,dedup-cluster-b160d50a48c5e58f6dd7c118,revision_v1_token_128_bit_hex_009,qwen2_5_7b_instruct_q4_k_m,nonseg_ascii_b16,token_128_bit_hex,professional_process_email
detector_pair__d2aa4237bec55aaf337641cc__ordinary_control,0,0.0006583324866369367,deberta,leave_one_model__qwen2_5_7b_instruct_q4_k_m,test,matched_clean_llm,dedup-cluster-07152d65b441d025c2de854b,revision_v1_nonce_96_bit_hex_030,qwen2_5_7b_instruct_q4_k_m,direct_subword_calgacus,nonce_96_bit_hex,procedure_garden_task
detector_pair__d2aa4237bec55aaf337641cc__rankcloak,1,0.394366979598999,deberta,leave_one_model__qwen2_5_7b_instruct_q4_k_m,test,matched_clean_llm,dedup-cluster-07152d65b441d025c2de854b,revision_v1_nonce_96_bit_hex_030,qwen2_5_7b_instruct_q4_k_m,direct_subword_calgacus,nonce_96_bit_hex,procedure_garden_task
detector_pair__d2bd0b55550bcf75ef7a6b53__ordinary_control,0,0.00043317474774084985,deberta,leave_one_model__qwen2_5_7b_instruct_q4_k_m,test,matched_clean_llm,dedup-cluster-83b5ef276b5071a7412eb272,revision_v1_token_128_bit_hex_001,qwen2_5_7b_instruct_q4_k_m,nonseg_hex_nibble_b16,token_128_bit_hex,explain_everyday_system
detector_pair__d2bd0b55550bcf75ef7a6b53__rankcloak,1,0.9263036847114563,deberta,leave_one_model__qwen2_5_7b_instruct_q4_k_m,test,matched_clean_llm,dedup-cluster-83b5ef276b5071a7412eb272,revision_v1_token_128_bit_hex_001,qwen2_5_7b_instruct_q4_k_m,nonseg_hex_nibble_b16,token_128_bit_hex,explain_everyday_system
detector_pair__d35a179a736a74743d9af6ae__ordinary_control,0,0.0004109299916308373,deberta,leave_one_model__qwen2_5_7b_instruct_q4_k_m,test,matched_clean_llm,dedup-cluster-3550b9941e44ba053c139eaa,revision_v1_sha256_hex_055,qwen2_5_7b_instruct_q4_k_m,segmented_hex_multi_topic,sha256_hex,forum_purchase_advice
detector_pair__d35a179a736a74743d9af6ae__rankcloak,1,0.9998119473457336,deberta,leave_one_model__qwen2_5_7b_instruct_q4_k_m,test,matched_clean_llm,dedup-cluster-3550b9941e44ba053c139eaa,revision_v1_sha256_hex_055,qwen2_5_7b_instruct_q4_k_m,segmented_hex_multi_topic,sha256_hex,forum_purchase_advice
detector_pair__d4618a324057b629dfbcc3f7__ordinary_control,0,0.0011048439191654325,deberta,leave_one_model__qwen2_5_7b_instruct_q4_k_m,test,matched_clean_llm,dedup-cluster-1ae66c809db7c888edc24849,revision_v1_sha256_hex_020,qwen2_5_7b_instruct_q4_k_m,nonseg_ascii_b8,sha256_hex,procedure_home_task
detector_pair__d4618a324057b629dfbcc3f7__rankcloak,1,0.3691333532333374,deberta,leave_one_model__qwen2_5_7b_instruct_q4_k_m,test,matched_clean_llm,dedup-cluster-1ae66c809db7c888edc24849,revision_v1_sha256_hex_020,qwen2_5_7b_instruct_q4_k_m,nonseg_ascii_b8,sha256_hex,procedure_home_task
detector_pair__d5ca8c544c634873e4b581b7__ordinary_control,0,0.0005967848119325936,deberta,leave_one_model__qwen2_5_7b_instruct_q4_k_m,test,matched_clean_llm,dedup-cluster-4a2ba4b96048298d2a4a680c,revision_v1_token_128_bit_hex_008,qwen2_5_7b_instruct_q4_k_m,segmented_hex_multi_topic,token_128_bit_hex,casual_neighborhood_chat
detector_pair__d5ca8c544c634873e4b581b7__rankcloak,1,0.9991363883018494,deberta,leave_one_model__qwen2_5_7b_instruct_q4_k_m,test,matched_clean_llm,dedup-cluster-4a2ba4b96048298d2a4a680c,revision_v1_token_128_bit_hex_008,qwen2_5_7b_instruct_q4_k_m,segmented_hex_multi_topic,token_128_bit_hex,casual_neighborhood_chat
detector_pair__d6288c94de2952705e5cb4de__ordinary_control,0,0.004276043735444546,deberta,leave_one_model__qwen2_5_7b_instruct_q4_k_m,test,matched_clean_llm,dedup-cluster-c5e7aa80077f7be08ccd7015,revision_v1_nonce_96_bit_hex_018,qwen2_5_7b_instruct_q4_k_m,nonseg_hex_nibble_b16,nonce_96_bit_hex,procedure_simple_meal
detector_pair__d6288c94de2952705e5cb4de__rankcloak,1,0.5734899640083313,deberta,leave_one_model__qwen2_5_7b_instruct_q4_k_m,test,matched_clean_llm,dedup-cluster-c5e7aa80077f7be08ccd7015,revision_v1_nonce_96_bit_hex_018,qwen2_5_7b_instruct_q4_k_m,nonseg_hex_nibble_b16,nonce_96_bit_hex,procedure_simple_meal
detector_pair__d724ea519c2d31705429ddbe__ordinary_control,0,0.0013087103143334389,deberta,leave_one_model__qwen2_5_7b_instruct_q4_k_m,test,matched_clean_llm,dedup-cluster-1aad62135c7a4ea593d27bdb,revision_v1_ed25519_signature_base64_014,qwen2_5_7b_instruct_q4_k_m,nonseg_ascii_b8,ed25519_signature_base64,narrative_local_walk
detector_pair__d724ea519c2d31705429ddbe__rankcloak,1,0.9960532188415527,deberta,leave_one_model__qwen2_5_7b_instruct_q4_k_m,test,matched_clean_llm,dedup-cluster-1aad62135c7a4ea593d27bdb,revision_v1_ed25519_signature_base64_014,qwen2_5_7b_instruct_q4_k_m,nonseg_ascii_b8,ed25519_signature_base64,narrative_local_walk
detector_pair__d76661792c984b2d6dab1a0c__ordinary_control,0,0.00042368596768938005,deberta,leave_one_model__qwen2_5_7b_instruct_q4_k_m,test,matched_clean_llm,dedup-cluster-ae9ee8b26103dc75c9112dfb,revision_v1_ed25519_signature_base64_047,qwen2_5_7b_instruct_q4_k_m,nonseg_ascii_b16,ed25519_signature_base64,professional_project_update
detector_pair__d76661792c984b2d6dab1a0c__rankcloak,1,0.9997692704200745,deberta,leave_one_model__qwen2_5_7b_instruct_q4_k_m,test,matched_clean_llm,dedup-cluster-ae9ee8b26103dc75c9112dfb,revision_v1_ed25519_signature_base64_047,qwen2_5_7b_instruct_q4_k_m,nonseg_ascii_b16,ed25519_signature_base64,professional_project_update
detector_pair__d774cea67a4dc0805d6cd1e0__ordinary_control,0,0.00041235092794522643,deberta,leave_one_model__qwen2_5_7b_instruct_q4_k_m,test,matched_clean_llm,dedup-cluster-3d7049c126c3e6af15cc5c6b,revision_v1_hmac_sha256_hex_016,qwen2_5_7b_instruct_q4_k_m,segmented_hex_single_topic,hmac_sha256_hex,casual_hobby_chat
detector_pair__d774cea67a4dc0805d6cd1e0__rankcloak,1,0.990064799785614,deberta,leave_one_model__qwen2_5_7b_instruct_q4_k_m,test,matched_clean_llm,dedup-cluster-3d7049c126c3e6af15cc5c6b,revision_v1_hmac_sha256_hex_016,qwen2_5_7b_instruct_q4_k_m,segmented_hex_single_topic,hmac_sha256_hex,casual_hobby_chat
detector_pair__d7f64d0b7966eb2857669bd1__ordinary_control,0,0.00043809463386423886,deberta,leave_one_model__qwen2_5_7b_instruct_q4_k_m,test,matched_clean_llm,dedup-cluster-2ecc22c7d6a07954ad922bdc,revision_v1_token_128_bit_hex_014,qwen2_5_7b_instruct_q4_k_m,segmented_hex_multi_topic,token_128_bit_hex,casual_weekend_chat
detector_pair__d7f64d0b7966eb2857669bd1__rankcloak,1,0.5524887442588806,deberta,leave_one_model__qwen2_5_7b_instruct_q4_k_m,test,matched_clean_llm,dedup-cluster-2ecc22c7d6a07954ad922bdc,revision_v1_token_128_bit_hex_014,qwen2_5_7b_instruct_q4_k_m,segmented_hex_multi_topic,token_128_bit_hex,casual_weekend_chat
detector_pair__d80b107be5726a139f538a2d__ordinary_control,0,0.0005147931515239179,deberta,leave_one_model__qwen2_5_7b_instruct_q4_k_m,test,matched_clean_llm,dedup-cluster-3835ae9c8d0c8b9133aa0f7c,revision_v1_sha256_hex_014,qwen2_5_7b_instruct_q4_k_m,segmented_hex_multi_topic,sha256_hex,procedure_simple_meal
detector_pair__d80b107be5726a139f538a2d__rankcloak,1,0.9997711777687073,deberta,leave_one_model__qwen2_5_7b_instruct_q4_k_m,test,matched_clean_llm,dedup-cluster-3835ae9c8d0c8b9133aa0f7c,revision_v1_sha256_hex_014,qwen2_5_7b_instruct_q4_k_m,segmented_hex_multi_topic,sha256_hex,procedure_simple_meal
detector_pair__d86211926a1b07ae2497b7fe__ordinary_control,0,0.00037608639104291797,deberta,leave_one_model__qwen2_5_7b_instruct_q4_k_m,test,matched_clean_llm,dedup-cluster-5b9dd88bf5e7e73a8e168e80,revision_v1_ed25519_signature_base64_001,qwen2_5_7b_instruct_q4_k_m,direct_subword_calgacus,ed25519_signature_base64,procedure_garden_task
detector_pair__d86211926a1b07ae2497b7fe__rankcloak,1,0.9996875524520874,deberta,leave_one_model__qwen2_5_7b_instruct_q4_k_m,test,matched_clean_llm,dedup-cluster-5b9dd88bf5e7e73a8e168e80,revision_v1_ed25519_signature_base64_001,qwen2_5_7b_instruct_q4_k_m,direct_subword_calgacus,ed25519_signature_base64,procedure_garden_task
detector_pair__d89a6ba72299810cc612fcd3__ordinary_control,0,0.0006656838813796639,deberta,leave_one_model__qwen2_5_7b_instruct_q4_k_m,test,matched_clean_llm,dedup-cluster-2ecc22c7d6a07954ad922bdc,revision_v1_token_128_bit_hex_014,qwen2_5_7b_instruct_q4_k_m,direct_subword_calgacus,token_128_bit_hex,casual_weekend_chat
detector_pair__d89a6ba72299810cc612fcd3__rankcloak,1,0.8933821320533752,deberta,leave_one_model__qwen2_5_7b_instruct_q4_k_m,test,matched_clean_llm,dedup-cluster-2ecc22c7d6a07954ad922bdc,revision_v1_token_128_bit_hex_014,qwen2_5_7b_instruct_q4_k_m,direct_subword_calgacus,token_128_bit_hex,casual_weekend_chat
detector_pair__d8bc316cfaf2f4293898e260__ordinary_control,0,0.0026110566686838865,deberta,leave_one_model__qwen2_5_7b_instruct_q4_k_m,test,matched_clean_llm,dedup-cluster-1ae66c809db7c888edc24849,revision_v1_sha256_hex_020,qwen2_5_7b_instruct_q4_k_m,segmented_hex_multi_topic,sha256_hex,procedure_home_task
detector_pair__d8bc316cfaf2f4293898e260__rankcloak,1,0.9997994303703308,deberta,leave_one_model__qwen2_5_7b_instruct_q4_k_m,test,matched_clean_llm,dedup-cluster-1ae66c809db7c888edc24849,revision_v1_sha256_hex_020,qwen2_5_7b_instruct_q4_k_m,segmented_hex_multi_topic,sha256_hex,procedure_home_task
detector_pair__d90f8dbc5ae0e3d673aacf87__ordinary_control,0,0.0003725606366060674,deberta,leave_one_model__qwen2_5_7b_instruct_q4_k_m,test,matched_clean_llm,dedup-cluster-7eecb5c2a0c12ed30123e2b3,revision_v1_uuid_v4_043,qwen2_5_7b_instruct_q4_k_m,nonseg_ascii_b8,uuid_v4,casual_weekend_chat
detector_pair__d90f8dbc5ae0e3d673aacf87__rankcloak,1,0.9005944132804871,deberta,leave_one_model__qwen2_5_7b_instruct_q4_k_m,test,matched_clean_llm,dedup-cluster-7eecb5c2a0c12ed30123e2b3,revision_v1_uuid_v4_043,qwen2_5_7b_instruct_q4_k_m,nonseg_ascii_b8,uuid_v4,casual_weekend_chat
detector_pair__d9331dfbe6c88bb19da6dec2__ordinary_control,0,0.0008034483180381358,deberta,leave_one_model__qwen2_5_7b_instruct_q4_k_m,test,matched_clean_llm,dedup-cluster-0d14bae63cd1e6e73dd0fa7a,revision_v1_nonce_96_bit_hex_022,qwen2_5_7b_instruct_q4_k_m,segmented_hex_single_topic,nonce_96_bit_hex,professional_project_update
detector_pair__d9331dfbe6c88bb19da6dec2__rankcloak,1,0.9981511235237122,deberta,leave_one_model__qwen2_5_7b_instruct_q4_k_m,test,matched_clean_llm,dedup-cluster-0d14bae63cd1e6e73dd0fa7a,revision_v1_nonce_96_bit_hex_022,qwen2_5_7b_instruct_q4_k_m,segmented_hex_single_topic,nonce_96_bit_hex,professional_project_update
detector_pair__d9c67072c6e7bb07d681c2b1__ordinary_control,0,0.0019916205201298,deberta,leave_one_model__qwen2_5_7b_instruct_q4_k_m,test,matched_clean_llm,dedup-cluster-87be1653d2065bc655a96c84,revision_v1_token_128_bit_hex_020,qwen2_5_7b_instruct_q4_k_m,direct_subword_calgacus,token_128_bit_hex,casual_hobby_chat
detector_pair__d9c67072c6e7bb07d681c2b1__rankcloak,1,0.9931285381317139,deberta,leave_one_model__qwen2_5_7b_instruct_q4_k_m,test,matched_clean_llm,dedup-cluster-87be1653d2065bc655a96c84,revision_v1_token_128_bit_hex_020,qwen2_5_7b_instruct_q4_k_m,direct_subword_calgacus,token_128_bit_hex,casual_hobby_chat
detector_pair__d9f88b3f41903c69ac99398e__ordinary_control,0,0.0037551033310592175,deberta,leave_one_model__qwen2_5_7b_instruct_q4_k_m,test,matched_clean_llm,dedup-cluster-83b5ef276b5071a7412eb272,revision_v1_token_128_bit_hex_001,qwen2_5_7b_instruct_q4_k_m,segmented_hex_multi_topic,token_128_bit_hex,explain_everyday_system
detector_pair__d9f88b3f41903c69ac99398e__rankcloak,1,0.8898915648460388,deberta,leave_one_model__qwen2_5_7b_instruct_q4_k_m,test,matched_clean_llm,dedup-cluster-83b5ef276b5071a7412eb272,revision_v1_token_128_bit_hex_001,qwen2_5_7b_instruct_q4_k_m,segmented_hex_multi_topic,token_128_bit_hex,explain_everyday_system
detector_pair__da1233d944eff02e81aba71c__ordinary_control,0,0.000458613591035828,deberta,leave_one_model__qwen2_5_7b_instruct_q4_k_m,test,matched_clean_llm,dedup-cluster-29c00935d1f39c68be75bfe8,revision_v1_nonce_96_bit_hex_035,qwen2_5_7b_instruct_q4_k_m,segmented_hex_multi_topic,nonce_96_bit_hex,forum_learning_answer
detector_pair__da1233d944eff02e81aba71c__rankcloak,1,0.5608125925064087,deberta,leave_one_model__qwen2_5_7b_instruct_q4_k_m,test,matched_clean_llm,dedup-cluster-29c00935d1f39c68be75bfe8,revision_v1_nonce_96_bit_hex_035,qwen2_5_7b_instruct_q4_k_m,segmented_hex_multi_topic,nonce_96_bit_hex,forum_learning_answer
detector_pair__daa0fd1f3abfe755c809841c__ordinary_control,0,0.0007518557249568403,deberta,leave_one_model__qwen2_5_7b_instruct_q4_k_m,test,matched_clean_llm,dedup-cluster-1bfe0b32bac3fbfe62622c65,revision_v1_ed25519_signature_base64_056,qwen2_5_7b_instruct_q4_k_m,nonseg_ascii_b8,ed25519_signature_base64,narrative_learning_moment
detector_pair__daa0fd1f3abfe755c809841c__rankcloak,1,0.9136698246002197,deberta,leave_one_model__qwen2_5_7b_instruct_q4_k_m,test,matched_clean_llm,dedup-cluster-1bfe0b32bac3fbfe62622c65,revision_v1_ed25519_signature_base64_056,qwen2_5_7b_instruct_q4_k_m,nonseg_ascii_b8,ed25519_signature_base64,narrative_learning_moment
detector_pair__dc72bfe03e41306fe1cab40b__ordinary_control,0,0.0006158920004963875,deberta,leave_one_model__qwen2_5_7b_instruct_q4_k_m,test,matched_clean_llm,dedup-cluster-be754e26863b30c33e0e75f4,revision_v1_hmac_sha256_hex_000,qwen2_5_7b_instruct_q4_k_m,nonseg_hex_nibble_b16,hmac_sha256_hex,forum_learning_answer
detector_pair__dc72bfe03e41306fe1cab40b__rankcloak,1,0.9994325041770935,deberta,leave_one_model__qwen2_5_7b_instruct_q4_k_m,test,matched_clean_llm,dedup-cluster-be754e26863b30c33e0e75f4,revision_v1_hmac_sha256_hex_000,qwen2_5_7b_instruct_q4_k_m,nonseg_hex_nibble_b16,hmac_sha256_hex,forum_learning_answer
detector_pair__dcd27eb835a8d9576a1cf6fc__ordinary_control,0,0.0009282557293772697,deberta,leave_one_model__qwen2_5_7b_instruct_q4_k_m,test,matched_clean_llm,dedup-cluster-089a5c41a6187c40edeb1a0c,revision_v1_nonce_96_bit_hex_007,qwen2_5_7b_instruct_q4_k_m,segmented_hex_multi_topic,nonce_96_bit_hex,narrative_local_walk
detector_pair__dcd27eb835a8d9576a1cf6fc__rankcloak,1,0.9977118968963623,deberta,leave_one_model__qwen2_5_7b_instruct_q4_k_m,test,matched_clean_llm,dedup-cluster-089a5c41a6187c40edeb1a0c,revision_v1_nonce_96_bit_hex_007,qwen2_5_7b_instruct_q4_k_m,segmented_hex_multi_topic,nonce_96_bit_hex,narrative_local_walk
detector_pair__ddbc82ea23c740d1f2c9307d__ordinary_control,0,0.0004612764168996364,deberta,leave_one_model__qwen2_5_7b_instruct_q4_k_m,test,matched_clean_llm,dedup-cluster-92597d293b9374d8f0316f4d,revision_v1_hmac_sha256_hex_031,qwen2_5_7b_instruct_q4_k_m,segmented_hex_single_topic,hmac_sha256_hex,procedure_home_task
detector_pair__ddbc82ea23c740d1f2c9307d__rankcloak,1,0.9982361793518066,deberta,leave_one_model__qwen2_5_7b_instruct_q4_k_m,test,matched_clean_llm,dedup-cluster-92597d293b9374d8f0316f4d,revision_v1_hmac_sha256_hex_031,qwen2_5_7b_instruct_q4_k_m,segmented_hex_single_topic,hmac_sha256_hex,procedure_home_task
detector_pair__dfce901e5324ff5d860dbf81__ordinary_control,0,0.0005429104785434902,deberta,leave_one_model__qwen2_5_7b_instruct_q4_k_m,test,matched_clean_llm,dedup-cluster-1e85096517059ca2585e10f1,revision_v1_nonce_96_bit_hex_044,qwen2_5_7b_instruct_q4_k_m,nonseg_ascii_b8,nonce_96_bit_hex,explain_everyday_system
detector_pair__dfce901e5324ff5d860dbf81__rankcloak,1,0.9986825585365295,deberta,leave_one_model__qwen2_5_7b_instruct_q4_k_m,test,matched_clean_llm,dedup-cluster-1e85096517059ca2585e10f1,revision_v1_nonce_96_bit_hex_044,qwen2_5_7b_instruct_q4_k_m,nonseg_ascii_b8,nonce_96_bit_hex,explain_everyday_system
detector_pair__dfd2b817e688629c36590b14__ordinary_control,0,0.0026561955455690622,deberta,leave_one_model__qwen2_5_7b_instruct_q4_k_m,test,matched_clean_llm,dedup-cluster-3835ae9c8d0c8b9133aa0f7c,revision_v1_sha256_hex_014,qwen2_5_7b_instruct_q4_k_m,segmented_hex_single_topic,sha256_hex,procedure_simple_meal
detector_pair__dfd2b817e688629c36590b14__rankcloak,1,0.9744027853012085,deberta,leave_one_model__qwen2_5_7b_instruct_q4_k_m,test,matched_clean_llm,dedup-cluster-3835ae9c8d0c8b9133aa0f7c,revision_v1_sha256_hex_014,qwen2_5_7b_instruct_q4_k_m,segmented_hex_single_topic,sha256_hex,procedure_simple_meal
detector_pair__e00d6dc8016d76b4181976c1__ordinary_control,0,0.0011305258376523852,deberta,leave_one_model__qwen2_5_7b_instruct_q4_k_m,test,matched_clean_llm,dedup-cluster-3835ae9c8d0c8b9133aa0f7c,revision_v1_sha256_hex_014,qwen2_5_7b_instruct_q4_k_m,segmented_hex_multi_topic,sha256_hex,procedure_simple_meal
detector_pair__e00d6dc8016d76b4181976c1__rankcloak,1,0.9878333806991577,deberta,leave_one_model__qwen2_5_7b_instruct_q4_k_m,test,matched_clean_llm,dedup-cluster-3835ae9c8d0c8b9133aa0f7c,revision_v1_sha256_hex_014,qwen2_5_7b_instruct_q4_k_m,segmented_hex_multi_topic,sha256_hex,procedure_simple_meal
detector_pair__e1013ec970799f43784441b2__ordinary_control,0,0.0008326822426170111,deberta,leave_one_model__qwen2_5_7b_instruct_q4_k_m,test,matched_clean_llm,dedup-cluster-91605a72859a660f036d538b,revision_v1_sha256_hex_009,qwen2_5_7b_instruct_q4_k_m,segmented_hex_single_topic,sha256_hex,narrative_learning_moment
detector_pair__e1013ec970799f43784441b2__rankcloak,1,0.8572241067886353,deberta,leave_one_model__qwen2_5_7b_instruct_q4_k_m,test,matched_clean_llm,dedup-cluster-91605a72859a660f036d538b,revision_v1_sha256_hex_009,qwen2_5_7b_instruct_q4_k_m,segmented_hex_single_topic,sha256_hex,narrative_learning_moment
detector_pair__e192bbb3cdeb548f2e696aed__ordinary_control,0,0.00040797796100378036,deberta,leave_one_model__qwen2_5_7b_instruct_q4_k_m,test,matched_clean_llm,dedup-cluster-8cd2e77d4fa5e7d635c78e1d,revision_v1_nonce_96_bit_hex_053,qwen2_5_7b_instruct_q4_k_m,nonseg_ascii_b16,nonce_96_bit_hex,forum_learning_answer
detector_pair__e192bbb3cdeb548f2e696aed__rankcloak,1,0.9938287138938904,deberta,leave_one_model__qwen2_5_7b_instruct_q4_k_m,test,matched_clean_llm,dedup-cluster-8cd2e77d4fa5e7d635c78e1d,revision_v1_nonce_96_bit_hex_053,qwen2_5_7b_instruct_q4_k_m,nonseg_ascii_b16,nonce_96_bit_hex,forum_learning_answer
detector_pair__e1bda85041dac8f5ca74b5e3__ordinary_control,0,0.0006994012510403991,deberta,leave_one_model__qwen2_5_7b_instruct_q4_k_m,test,matched_clean_llm,dedup-cluster-f06bf1b2872f90ff6209fecd,revision_v1_uuid_v4_044,qwen2_5_7b_instruct_q4_k_m,nonseg_ascii_b16,uuid_v4,professional_project_update
detector_pair__e1bda85041dac8f5ca74b5e3__rankcloak,1,0.9911216497421265,deberta,leave_one_model__qwen2_5_7b_instruct_q4_k_m,test,matched_clean_llm,dedup-cluster-f06bf1b2872f90ff6209fecd,revision_v1_uuid_v4_044,qwen2_5_7b_instruct_q4_k_m,nonseg_ascii_b16,uuid_v4,professional_project_update
detector_pair__e2eefee59eb37498925942c9__ordinary_control,0,0.0039024371653795242,deberta,leave_one_model__qwen2_5_7b_instruct_q4_k_m,test,matched_clean_llm,dedup-cluster-530f7a325b417a884b1be200,revision_v1_nonce_96_bit_hex_032,qwen2_5_7b_instruct_q4_k_m,direct_subword_calgacus,nonce_96_bit_hex,explain_biological_process
detector_pair__e2eefee59eb37498925942c9__rankcloak,1,0.7082571387290955,deberta,leave_one_model__qwen2_5_7b_instruct_q4_k_m,test,matched_clean_llm,dedup-cluster-530f7a325b417a884b1be200,revision_v1_nonce_96_bit_hex_032,qwen2_5_7b_instruct_q4_k_m,direct_subword_calgacus,nonce_96_bit_hex,explain_biological_process
detector_pair__e389e78e9d017b76f338fa09__ordinary_control,0,0.0011370156425982714,deberta,leave_one_model__qwen2_5_7b_instruct_q4_k_m,test,matched_clean_llm,dedup-cluster-f6fc3479f88b17e2282c2e2e,revision_v1_token_128_bit_hex_043,qwen2_5_7b_instruct_q4_k_m,segmented_hex_single_topic,token_128_bit_hex,explain_biological_process
detector_pair__e389e78e9d017b76f338fa09__rankcloak,1,0.9996503591537476,deberta,leave_one_model__qwen2_5_7b_instruct_q4_k_m,test,matched_clean_llm,dedup-cluster-f6fc3479f88b17e2282c2e2e,revision_v1_token_128_bit_hex_043,qwen2_5_7b_instruct_q4_k_m,segmented_hex_single_topic,token_128_bit_hex,explain_biological_process
detector_pair__e3956493695288a49ad3ec85__ordinary_control,0,0.0024524435866624117,deberta,leave_one_model__qwen2_5_7b_instruct_q4_k_m,test,matched_clean_llm,dedup-cluster-3550b9941e44ba053c139eaa,revision_v1_sha256_hex_055,qwen2_5_7b_instruct_q4_k_m,nonseg_ascii_b16,sha256_hex,forum_purchase_advice
detector_pair__e3956493695288a49ad3ec85__rankcloak,1,0.157850444316864,deberta,leave_one_model__qwen2_5_7b_instruct_q4_k_m,test,matched_clean_llm,dedup-cluster-3550b9941e44ba053c139eaa,revision_v1_sha256_hex_055,qwen2_5_7b_instruct_q4_k_m,nonseg_ascii_b16,sha256_hex,forum_purchase_advice
detector_pair__e41b6910d3b6037c56848d04__ordinary_control,0,0.001002414501272142,deberta,leave_one_model__qwen2_5_7b_instruct_q4_k_m,test,matched_clean_llm,dedup-cluster-9ce5c8433f0a2ba109d4fda8,revision_v1_aes256_gcm_base64_029,qwen2_5_7b_instruct_q4_k_m,nonseg_ascii_b16,aes256_gcm_base64,explain_everyday_system
detector_pair__e41b6910d3b6037c56848d04__rankcloak,1,0.9909101128578186,deberta,leave_one_model__qwen2_5_7b_instruct_q4_k_m,test,matched_clean_llm,dedup-cluster-9ce5c8433f0a2ba109d4fda8,revision_v1_aes256_gcm_base64_029,qwen2_5_7b_instruct_q4_k_m,nonseg_ascii_b16,aes256_gcm_base64,explain_everyday_system
detector_pair__e4520da8d56a489e12fe66bd__ordinary_control,0,0.0004519193316809833,deberta,leave_one_model__qwen2_5_7b_instruct_q4_k_m,test,matched_clean_llm,dedup-cluster-1fbc53be5b90e4fb2159f7ea,revision_v1_ed25519_signature_base64_018,qwen2_5_7b_instruct_q4_k_m,direct_subword_calgacus,ed25519_signature_base64,forum_learning_answer
detector_pair__e4520da8d56a489e12fe66bd__rankcloak,1,0.9996916055679321,deberta,leave_one_model__qwen2_5_7b_instruct_q4_k_m,test,matched_clean_llm,dedup-cluster-1fbc53be5b90e4fb2159f7ea,revision_v1_ed25519_signature_base64_018,qwen2_5_7b_instruct_q4_k_m,direct_subword_calgacus,ed25519_signature_base64,forum_learning_answer
detector_pair__e4bae099bed0958676f0e35c__ordinary_control,0,0.00037144459201954305,deberta,leave_one_model__qwen2_5_7b_instruct_q4_k_m,test,matched_clean_llm,dedup-cluster-f10c8c155e4980c1847c8ddb,revision_v1_uuid_v4_035,qwen2_5_7b_instruct_q4_k_m,direct_subword_calgacus,uuid_v4,narrative_local_walk
detector_pair__e4bae099bed0958676f0e35c__rankcloak,1,0.9842468500137329,deberta,leave_one_model__qwen2_5_7b_instruct_q4_k_m,test,matched_clean_llm,dedup-cluster-f10c8c155e4980c1847c8ddb,revision_v1_uuid_v4_035,qwen2_5_7b_instruct_q4_k_m,direct_subword_calgacus,uuid_v4,narrative_local_walk
detector_pair__e57a8ba4ed3a9e4ce5d4a16f__ordinary_control,0,0.0008131442009471357,deberta,leave_one_model__qwen2_5_7b_instruct_q4_k_m,test,matched_clean_llm,dedup-cluster-a66afc9b25c5890a041c104a,revision_v1_ed25519_signature_base64_011,qwen2_5_7b_instruct_q4_k_m,direct_subword_calgacus,ed25519_signature_base64,professional_project_update
detector_pair__e57a8ba4ed3a9e4ce5d4a16f__rankcloak,1,0.9993301630020142,deberta,leave_one_model__qwen2_5_7b_instruct_q4_k_m,test,matched_clean_llm,dedup-cluster-a66afc9b25c5890a041c104a,revision_v1_ed25519_signature_base64_011,qwen2_5_7b_instruct_q4_k_m,direct_subword_calgacus,ed25519_signature_base64,professional_project_update
detector_pair__e5c95e0329ad0851e277dedb__ordinary_control,0,0.0005377628258429468,deberta,leave_one_model__qwen2_5_7b_instruct_q4_k_m,test,matched_clean_llm,dedup-cluster-47ad0bb4bd74bdd2b73605ec,revision_v1_ed25519_signature_base64_002,qwen2_5_7b_instruct_q4_k_m,nonseg_ascii_b16,ed25519_signature_base64,narrative_learning_moment
detector_pair__e5c95e0329ad0851e277dedb__rankcloak,1,0.9974729418754578,deberta,leave_one_model__qwen2_5_7b_instruct_q4_k_m,test,matched_clean_llm,dedup-cluster-47ad0bb4bd74bdd2b73605ec,revision_v1_ed25519_signature_base64_002,qwen2_5_7b_instruct_q4_k_m,nonseg_ascii_b16,ed25519_signature_base64,narrative_learning_moment
detector_pair__e5cf22a82ed5819f1b9c6534__ordinary_control,0,0.0012846916215494275,deberta,leave_one_model__qwen2_5_7b_instruct_q4_k_m,test,matched_clean_llm,dedup-cluster-8cd2e77d4fa5e7d635c78e1d,revision_v1_nonce_96_bit_hex_053,qwen2_5_7b_instruct_q4_k_m,segmented_hex_single_topic,nonce_96_bit_hex,forum_learning_answer
detector_pair__e5cf22a82ed5819f1b9c6534__rankcloak,1,0.00103567389305681,deberta,leave_one_model__qwen2_5_7b_instruct_q4_k_m,test,matched_clean_llm,dedup-cluster-8cd2e77d4fa5e7d635c78e1d,revision_v1_nonce_96_bit_hex_053,qwen2_5_7b_instruct_q4_k_m,segmented_hex_single_topic,nonce_96_bit_hex,forum_learning_answer
detector_pair__e70aaf4094923d2479b86c41__ordinary_control,0,0.0005014812923036516,deberta,leave_one_model__qwen2_5_7b_instruct_q4_k_m,test,matched_clean_llm,dedup-cluster-07152d65b441d025c2de854b,revision_v1_nonce_96_bit_hex_030,qwen2_5_7b_instruct_q4_k_m,nonseg_ascii_b8,nonce_96_bit_hex,procedure_garden_task
detector_pair__e70aaf4094923d2479b86c41__rankcloak,1,0.9047321081161499,deberta,leave_one_model__qwen2_5_7b_instruct_q4_k_m,test,matched_clean_llm,dedup-cluster-07152d65b441d025c2de854b,revision_v1_nonce_96_bit_hex_030,qwen2_5_7b_instruct_q4_k_m,nonseg_ascii_b8,nonce_96_bit_hex,procedure_garden_task
detector_pair__e7906571f45dfacb0ff1b727__ordinary_control,0,0.0007250987109728158,deberta,leave_one_model__qwen2_5_7b_instruct_q4_k_m,test,matched_clean_llm,dedup-cluster-f1630cf66c55bafe664639a5,revision_v1_hmac_sha256_hex_009,qwen2_5_7b_instruct_q4_k_m,segmented_hex_multi_topic,hmac_sha256_hex,explain_weather_pattern
detector_pair__e7906571f45dfacb0ff1b727__rankcloak,1,0.9997989535331726,deberta,leave_one_model__qwen2_5_7b_instruct_q4_k_m,test,matched_clean_llm,dedup-cluster-f1630cf66c55bafe664639a5,revision_v1_hmac_sha256_hex_009,qwen2_5_7b_instruct_q4_k_m,segmented_hex_multi_topic,hmac_sha256_hex,explain_weather_pattern
detector_pair__e88b1d685ce5d4085d7b6bd2__ordinary_control,0,0.0005196294514462352,deberta,leave_one_model__qwen2_5_7b_instruct_q4_k_m,test,matched_clean_llm,dedup-cluster-f1630cf66c55bafe664639a5,revision_v1_hmac_sha256_hex_009,qwen2_5_7b_instruct_q4_k_m,nonseg_ascii_b16,hmac_sha256_hex,explain_weather_pattern
detector_pair__e88b1d685ce5d4085d7b6bd2__rankcloak,1,0.9976052045822144,deberta,leave_one_model__qwen2_5_7b_instruct_q4_k_m,test,matched_clean_llm,dedup-cluster-f1630cf66c55bafe664639a5,revision_v1_hmac_sha256_hex_009,qwen2_5_7b_instruct_q4_k_m,nonseg_ascii_b16,hmac_sha256_hex,explain_weather_pattern
detector_pair__e8bc193e4ca6611ae8f6fdff__ordinary_control,0,0.000640052487142384,deberta,leave_one_model__qwen2_5_7b_instruct_q4_k_m,test,matched_clean_llm,dedup-cluster-ff49451d067828caa2ddfd75,revision_v1_chacha20_poly1305_base64_031,qwen2_5_7b_instruct_q4_k_m,direct_subword_calgacus,chacha20_poly1305_base64,forum_practical_answer
detector_pair__e8bc193e4ca6611ae8f6fdff__rankcloak,1,0.9997312426567078,deberta,leave_one_model__qwen2_5_7b_instruct_q4_k_m,test,matched_clean_llm,dedup-cluster-ff49451d067828caa2ddfd75,revision_v1_chacha20_poly1305_base64_031,qwen2_5_7b_instruct_q4_k_m,direct_subword_calgacus,chacha20_poly1305_base64,forum_practical_answer
detector_pair__e956dcb397bfabace5d52372__ordinary_control,0,0.0018103955080732703,deberta,leave_one_model__qwen2_5_7b_instruct_q4_k_m,test,matched_clean_llm,dedup-cluster-f6fc3479f88b17e2282c2e2e,revision_v1_token_128_bit_hex_043,qwen2_5_7b_instruct_q4_k_m,segmented_hex_single_topic,token_128_bit_hex,explain_biological_process
detector_pair__e956dcb397bfabace5d52372__rankcloak,1,0.9942715167999268,deberta,leave_one_model__qwen2_5_7b_instruct_q4_k_m,test,matched_clean_llm,dedup-cluster-f6fc3479f88b17e2282c2e2e,revision_v1_token_128_bit_hex_043,qwen2_5_7b_instruct_q4_k_m,segmented_hex_single_topic,token_128_bit_hex,explain_biological_process
detector_pair__e9a247c76afa1a99a837a904__ordinary_control,0,0.0015203992370516062,deberta,leave_one_model__qwen2_5_7b_instruct_q4_k_m,test,matched_clean_llm,dedup-cluster-96b6945d530fbf8a209d06d3,revision_v1_chacha20_poly1305_base64_034,qwen2_5_7b_instruct_q4_k_m,direct_subword_calgacus,chacha20_poly1305_base64,explain_weather_pattern
detector_pair__e9a247c76afa1a99a837a904__rankcloak,1,0.9997462630271912,deberta,leave_one_model__qwen2_5_7b_instruct_q4_k_m,test,matched_clean_llm,dedup-cluster-96b6945d530fbf8a209d06d3,revision_v1_chacha20_poly1305_base64_034,qwen2_5_7b_instruct_q4_k_m,direct_subword_calgacus,chacha20_poly1305_base64,explain_weather_pattern
detector_pair__ea58f81ba41636457e29fdc3__ordinary_control,0,0.00048197261639870703,deberta,leave_one_model__qwen2_5_7b_instruct_q4_k_m,test,matched_clean_llm,dedup-cluster-4e1923627139bf11a982ad81,revision_v1_aes256_gcm_base64_030,qwen2_5_7b_instruct_q4_k_m,nonseg_ascii_b16,aes256_gcm_base64,casual_neighborhood_chat
detector_pair__ea58f81ba41636457e29fdc3__rankcloak,1,0.9989357590675354,deberta,leave_one_model__qwen2_5_7b_instruct_q4_k_m,test,matched_clean_llm,dedup-cluster-4e1923627139bf11a982ad81,revision_v1_aes256_gcm_base64_030,qwen2_5_7b_instruct_q4_k_m,nonseg_ascii_b16,aes256_gcm_base64,casual_neighborhood_chat
detector_pair__eabd93d9b153f9f6b483d2f1__ordinary_control,0,0.0009214375168085098,deberta,leave_one_model__qwen2_5_7b_instruct_q4_k_m,test,matched_clean_llm,dedup-cluster-3d7049c126c3e6af15cc5c6b,revision_v1_hmac_sha256_hex_016,qwen2_5_7b_instruct_q4_k_m,segmented_hex_multi_topic,hmac_sha256_hex,casual_hobby_chat
detector_pair__eabd93d9b153f9f6b483d2f1__rankcloak,1,0.9997058510780334,deberta,leave_one_model__qwen2_5_7b_instruct_q4_k_m,test,matched_clean_llm,dedup-cluster-3d7049c126c3e6af15cc5c6b,revision_v1_hmac_sha256_hex_016,qwen2_5_7b_instruct_q4_k_m,segmented_hex_multi_topic,hmac_sha256_hex,casual_hobby_chat
detector_pair__eb6c44a06a9d7aa3108a427c__ordinary_control,0,0.00037911831168457866,deberta,leave_one_model__qwen2_5_7b_instruct_q4_k_m,test,matched_clean_llm,dedup-cluster-1aad62135c7a4ea593d27bdb,revision_v1_ed25519_signature_base64_014,qwen2_5_7b_instruct_q4_k_m,direct_subword_calgacus,ed25519_signature_base64,narrative_local_walk
detector_pair__eb6c44a06a9d7aa3108a427c__rankcloak,1,0.9996846914291382,deberta,leave_one_model__qwen2_5_7b_instruct_q4_k_m,test,matched_clean_llm,dedup-cluster-1aad62135c7a4ea593d27bdb,revision_v1_ed25519_signature_base64_014,qwen2_5_7b_instruct_q4_k_m,direct_subword_calgacus,ed25519_signature_base64,narrative_local_walk
detector_pair__ec43eddbd769ca450603c240__ordinary_control,0,0.000672384281642735,deberta,leave_one_model__qwen2_5_7b_instruct_q4_k_m,test,matched_clean_llm,dedup-cluster-92597d293b9374d8f0316f4d,revision_v1_hmac_sha256_hex_031,qwen2_5_7b_instruct_q4_k_m,direct_subword_calgacus,hmac_sha256_hex,procedure_home_task
detector_pair__ec43eddbd769ca450603c240__rankcloak,1,0.934868335723877,deberta,leave_one_model__qwen2_5_7b_instruct_q4_k_m,test,matched_clean_llm,dedup-cluster-92597d293b9374d8f0316f4d,revision_v1_hmac_sha256_hex_031,qwen2_5_7b_instruct_q4_k_m,direct_subword_calgacus,hmac_sha256_hex,procedure_home_task
detector_pair__ecfeeefe60381829e232ac40__ordinary_control,0,0.010148080997169018,deberta,leave_one_model__qwen2_5_7b_instruct_q4_k_m,test,matched_clean_llm,dedup-cluster-1fbc53be5b90e4fb2159f7ea,revision_v1_ed25519_signature_base64_018,qwen2_5_7b_instruct_q4_k_m,nonseg_ascii_b16,ed25519_signature_base64,forum_learning_answer
detector_pair__ecfeeefe60381829e232ac40__rankcloak,1,0.9989280104637146,deberta,leave_one_model__qwen2_5_7b_instruct_q4_k_m,test,matched_clean_llm,dedup-cluster-1fbc53be5b90e4fb2159f7ea,revision_v1_ed25519_signature_base64_018,qwen2_5_7b_instruct_q4_k_m,nonseg_ascii_b16,ed25519_signature_base64,forum_learning_answer
detector_pair__ed1eb7f0219e2a63f0a59ba9__ordinary_control,0,0.0006341825355775654,deberta,leave_one_model__qwen2_5_7b_instruct_q4_k_m,test,matched_clean_llm,dedup-cluster-be754e26863b30c33e0e75f4,revision_v1_hmac_sha256_hex_000,qwen2_5_7b_instruct_q4_k_m,segmented_hex_multi_topic,hmac_sha256_hex,forum_learning_answer
detector_pair__ed1eb7f0219e2a63f0a59ba9__rankcloak,1,0.9990311861038208,deberta,leave_one_model__qwen2_5_7b_instruct_q4_k_m,test,matched_clean_llm,dedup-cluster-be754e26863b30c33e0e75f4,revision_v1_hmac_sha256_hex_000,qwen2_5_7b_instruct_q4_k_m,segmented_hex_multi_topic,hmac_sha256_hex,forum_learning_answer
detector_pair__ed5b8eb6cec1c3fff0683cdb__ordinary_control,0,0.000582269742153585,deberta,leave_one_model__qwen2_5_7b_instruct_q4_k_m,test,matched_clean_llm,dedup-cluster-42ce35dd2bcd53cb8fe0bada,revision_v1_token_128_bit_hex_027,qwen2_5_7b_instruct_q4_k_m,segmented_hex_multi_topic,token_128_bit_hex,professional_process_email
detector_pair__ed5b8eb6cec1c3fff0683cdb__rankcloak,1,0.39072778820991516,deberta,leave_one_model__qwen2_5_7b_instruct_q4_k_m,test,matched_clean_llm,dedup-cluster-42ce35dd2bcd53cb8fe0bada,revision_v1_token_128_bit_hex_027,qwen2_5_7b_instruct_q4_k_m,segmented_hex_multi_topic,token_128_bit_hex,professional_process_email
detector_pair__eda1f9b90f53868fc9eab2b8__ordinary_control,0,0.0011127806501463056,deberta,leave_one_model__qwen2_5_7b_instruct_q4_k_m,test,matched_clean_llm,dedup-cluster-86d70a013a18a7f0dc80b7f5,revision_v1_hmac_sha256_hex_001,qwen2_5_7b_instruct_q4_k_m,segmented_hex_single_topic,hmac_sha256_hex,procedure_garden_task
detector_pair__eda1f9b90f53868fc9eab2b8__rankcloak,1,0.4909380376338959,deberta,leave_one_model__qwen2_5_7b_instruct_q4_k_m,test,matched_clean_llm,dedup-cluster-86d70a013a18a7f0dc80b7f5,revision_v1_hmac_sha256_hex_001,qwen2_5_7b_instruct_q4_k_m,segmented_hex_single_topic,hmac_sha256_hex,procedure_garden_task
detector_pair__edd28029ec2ccb049771b876__ordinary_control,0,0.0009201545617543161,deberta,leave_one_model__qwen2_5_7b_instruct_q4_k_m,test,matched_clean_llm,dedup-cluster-91605a72859a660f036d538b,revision_v1_sha256_hex_009,qwen2_5_7b_instruct_q4_k_m,nonseg_ascii_b16,sha256_hex,narrative_learning_moment
detector_pair__edd28029ec2ccb049771b876__rankcloak,1,0.9759265780448914,deberta,leave_one_model__qwen2_5_7b_instruct_q4_k_m,test,matched_clean_llm,dedup-cluster-91605a72859a660f036d538b,revision_v1_sha256_hex_009,qwen2_5_7b_instruct_q4_k_m,nonseg_ascii_b16,sha256_hex,narrative_learning_moment
detector_pair__edfc5c08e4d469d946a495c0__ordinary_control,0,0.0004712392983492464,deberta,leave_one_model__qwen2_5_7b_instruct_q4_k_m,test,matched_clean_llm,dedup-cluster-530f7a325b417a884b1be200,revision_v1_nonce_96_bit_hex_032,qwen2_5_7b_instruct_q4_k_m,segmented_hex_multi_topic,nonce_96_bit_hex,explain_biological_process
detector_pair__edfc5c08e4d469d946a495c0__rankcloak,1,0.9993886947631836,deberta,leave_one_model__qwen2_5_7b_instruct_q4_k_m,test,matched_clean_llm,dedup-cluster-530f7a325b417a884b1be200,revision_v1_nonce_96_bit_hex_032,qwen2_5_7b_instruct_q4_k_m,segmented_hex_multi_topic,nonce_96_bit_hex,explain_biological_process
detector_pair__ef1fd33ab12ef68c56542afb__ordinary_control,0,0.002252822509035468,deberta,leave_one_model__qwen2_5_7b_instruct_q4_k_m,test,matched_clean_llm,dedup-cluster-bdb0cb932ce8d25533d129e7,revision_v1_uuid_v4_054,qwen2_5_7b_instruct_q4_k_m,nonseg_ascii_b16,uuid_v4,explain_biological_process
detector_pair__ef1fd33ab12ef68c56542afb__rankcloak,1,0.9995296001434326,deberta,leave_one_model__qwen2_5_7b_instruct_q4_k_m,test,matched_clean_llm,dedup-cluster-bdb0cb932ce8d25533d129e7,revision_v1_uuid_v4_054,qwen2_5_7b_instruct_q4_k_m,nonseg_ascii_b16,uuid_v4,explain_biological_process
detector_pair__ef45c5bf64caee9e26d7f62e__ordinary_control,0,0.0005620291922241449,deberta,leave_one_model__qwen2_5_7b_instruct_q4_k_m,test,matched_clean_llm,dedup-cluster-0a09c663faa5a6e644901d76,revision_v1_sha256_hex_016,qwen2_5_7b_instruct_q4_k_m,direct_subword_calgacus,sha256_hex,explain_weather_pattern
detector_pair__ef45c5bf64caee9e26d7f62e__rankcloak,1,0.9989759922027588,deberta,leave_one_model__qwen2_5_7b_instruct_q4_k_m,test,matched_clean_llm,dedup-cluster-0a09c663faa5a6e644901d76,revision_v1_sha256_hex_016,qwen2_5_7b_instruct_q4_k_m,direct_subword_calgacus,sha256_hex,explain_weather_pattern
detector_pair__ef872493a904b3de47a08a95__ordinary_control,0,0.0015029371716082096,deberta,leave_one_model__qwen2_5_7b_instruct_q4_k_m,test,matched_clean_llm,dedup-cluster-c31bf6d242afa63449100919,revision_v1_uuid_v4_015,qwen2_5_7b_instruct_q4_k_m,nonseg_ascii_b16,uuid_v4,forum_purchase_advice
detector_pair__ef872493a904b3de47a08a95__rankcloak,1,0.9065913558006287,deberta,leave_one_model__qwen2_5_7b_instruct_q4_k_m,test,matched_clean_llm,dedup-cluster-c31bf6d242afa63449100919,revision_v1_uuid_v4_015,qwen2_5_7b_instruct_q4_k_m,nonseg_ascii_b16,uuid_v4,forum_purchase_advice
detector_pair__ef97e795d8822d4cb4767b90__ordinary_control,0,0.00045190274249762297,deberta,leave_one_model__qwen2_5_7b_instruct_q4_k_m,test,matched_clean_llm,dedup-cluster-29c00935d1f39c68be75bfe8,revision_v1_nonce_96_bit_hex_035,qwen2_5_7b_instruct_q4_k_m,nonseg_ascii_b16,nonce_96_bit_hex,forum_learning_answer
detector_pair__ef97e795d8822d4cb4767b90__rankcloak,1,0.9995549321174622,deberta,leave_one_model__qwen2_5_7b_instruct_q4_k_m,test,matched_clean_llm,dedup-cluster-29c00935d1f39c68be75bfe8,revision_v1_nonce_96_bit_hex_035,qwen2_5_7b_instruct_q4_k_m,nonseg_ascii_b16,nonce_96_bit_hex,forum_learning_answer
detector_pair__f02d8270ba2add8266093bf7__ordinary_control,0,0.0009847634937614202,deberta,leave_one_model__qwen2_5_7b_instruct_q4_k_m,test,matched_clean_llm,dedup-cluster-7e1000ec149766aba547a02b,revision_v1_aes256_gcm_base64_040,qwen2_5_7b_instruct_q4_k_m,nonseg_ascii_b8,aes256_gcm_base64,narrative_small_discovery
detector_pair__f02d8270ba2add8266093bf7__rankcloak,1,0.9969780445098877,deberta,leave_one_model__qwen2_5_7b_instruct_q4_k_m,test,matched_clean_llm,dedup-cluster-7e1000ec149766aba547a02b,revision_v1_aes256_gcm_base64_040,qwen2_5_7b_instruct_q4_k_m,nonseg_ascii_b8,aes256_gcm_base64,narrative_small_discovery
detector_pair__f046b26b50a4c24e4c93cc82__ordinary_control,0,0.0007822404149919748,deberta,leave_one_model__qwen2_5_7b_instruct_q4_k_m,test,matched_clean_llm,dedup-cluster-f6fc3479f88b17e2282c2e2e,revision_v1_token_128_bit_hex_043,qwen2_5_7b_instruct_q4_k_m,nonseg_hex_nibble_b16,token_128_bit_hex,explain_biological_process
detector_pair__f046b26b50a4c24e4c93cc82__rankcloak,1,0.7860840559005737,deberta,leave_one_model__qwen2_5_7b_instruct_q4_k_m,test,matched_clean_llm,dedup-cluster-f6fc3479f88b17e2282c2e2e,revision_v1_token_128_bit_hex_043,qwen2_5_7b_instruct_q4_k_m,nonseg_hex_nibble_b16,token_128_bit_hex,explain_biological_process
detector_pair__f2842c61f9cdb25c9c8fcf9e__ordinary_control,0,0.0004914936725981534,deberta,leave_one_model__qwen2_5_7b_instruct_q4_k_m,test,matched_clean_llm,dedup-cluster-a37fa1ef4ffc42eb7c181e4b,revision_v1_aes256_gcm_base64_056,qwen2_5_7b_instruct_q4_k_m,direct_subword_calgacus,aes256_gcm_base64,forum_practical_answer
detector_pair__f2842c61f9cdb25c9c8fcf9e__rankcloak,1,0.9997127652168274,deberta,leave_one_model__qwen2_5_7b_instruct_q4_k_m,test,matched_clean_llm,dedup-cluster-a37fa1ef4ffc42eb7c181e4b,revision_v1_aes256_gcm_base64_056,qwen2_5_7b_instruct_q4_k_m,direct_subword_calgacus,aes256_gcm_base64,forum_practical_answer
detector_pair__f3291197d10d279fbb1c4967__ordinary_control,0,0.0004857441526837647,deberta,leave_one_model__qwen2_5_7b_instruct_q4_k_m,test,matched_clean_llm,dedup-cluster-bedfef4695d9764d2eb3ab0f,revision_v1_uuid_v4_029,qwen2_5_7b_instruct_q4_k_m,nonseg_ascii_b16,uuid_v4,narrative_small_discovery
detector_pair__f3291197d10d279fbb1c4967__rankcloak,1,0.6653096079826355,deberta,leave_one_model__qwen2_5_7b_instruct_q4_k_m,test,matched_clean_llm,dedup-cluster-bedfef4695d9764d2eb3ab0f,revision_v1_uuid_v4_029,qwen2_5_7b_instruct_q4_k_m,nonseg_ascii_b16,uuid_v4,narrative_small_discovery
detector_pair__f420c277fbcee37fd20f9dd5__ordinary_control,0,0.0004768294165842235,deberta,leave_one_model__qwen2_5_7b_instruct_q4_k_m,test,matched_clean_llm,dedup-cluster-c791365cbb6a3ed856420c65,revision_v1_hmac_sha256_hex_023,qwen2_5_7b_instruct_q4_k_m,nonseg_hex_nibble_b16,hmac_sha256_hex,professional_process_email
detector_pair__f420c277fbcee37fd20f9dd5__rankcloak,1,0.9641515016555786,deberta,leave_one_model__qwen2_5_7b_instruct_q4_k_m,test,matched_clean_llm,dedup-cluster-c791365cbb6a3ed856420c65,revision_v1_hmac_sha256_hex_023,qwen2_5_7b_instruct_q4_k_m,nonseg_hex_nibble_b16,hmac_sha256_hex,professional_process_email
detector_pair__f44a6f3cbd82329fbeae8bc4__ordinary_control,0,0.0007632087217643857,deberta,leave_one_model__qwen2_5_7b_instruct_q4_k_m,test,matched_clean_llm,dedup-cluster-c791365cbb6a3ed856420c65,revision_v1_hmac_sha256_hex_023,qwen2_5_7b_instruct_q4_k_m,segmented_hex_single_topic,hmac_sha256_hex,professional_process_email
detector_pair__f44a6f3cbd82329fbeae8bc4__rankcloak,1,0.8756669163703918,deberta,leave_one_model__qwen2_5_7b_instruct_q4_k_m,test,matched_clean_llm,dedup-cluster-c791365cbb6a3ed856420c65,revision_v1_hmac_sha256_hex_023,qwen2_5_7b_instruct_q4_k_m,segmented_hex_single_topic,hmac_sha256_hex,professional_process_email
detector_pair__f4da01925c9d81d19ef3afd1__ordinary_control,0,0.0004229789774399251,deberta,leave_one_model__qwen2_5_7b_instruct_q4_k_m,test,matched_clean_llm,dedup-cluster-d5b4f2b51dfabbdce0cd2fb8,revision_v1_sha256_hex_057,qwen2_5_7b_instruct_q4_k_m,segmented_hex_single_topic,sha256_hex,narrative_local_walk
detector_pair__f4da01925c9d81d19ef3afd1__rankcloak,1,0.9996360540390015,deberta,leave_one_model__qwen2_5_7b_instruct_q4_k_m,test,matched_clean_llm,dedup-cluster-d5b4f2b51dfabbdce0cd2fb8,revision_v1_sha256_hex_057,qwen2_5_7b_instruct_q4_k_m,segmented_hex_single_topic,sha256_hex,narrative_local_walk
detector_pair__f4e4a29133f5d1f9a6c5177b__ordinary_control,0,0.000497952220030129,deberta,leave_one_model__qwen2_5_7b_instruct_q4_k_m,test,matched_clean_llm,dedup-cluster-29c00935d1f39c68be75bfe8,revision_v1_nonce_96_bit_hex_035,qwen2_5_7b_instruct_q4_k_m,segmented_hex_single_topic,nonce_96_bit_hex,forum_learning_answer
detector_pair__f4e4a29133f5d1f9a6c5177b__rankcloak,1,0.844212532043457,deberta,leave_one_model__qwen2_5_7b_instruct_q4_k_m,test,matched_clean_llm,dedup-cluster-29c00935d1f39c68be75bfe8,revision_v1_nonce_96_bit_hex_035,qwen2_5_7b_instruct_q4_k_m,segmented_hex_single_topic,nonce_96_bit_hex,forum_learning_answer
detector_pair__f52edf0a9bc0c9ae49b44bac__ordinary_control,0,0.00031129829585552216,deberta,leave_one_model__qwen2_5_7b_instruct_q4_k_m,test,matched_clean_llm,dedup-cluster-7eecb5c2a0c12ed30123e2b3,revision_v1_uuid_v4_043,qwen2_5_7b_instruct_q4_k_m,nonseg_ascii_b16,uuid_v4,casual_weekend_chat
detector_pair__f52edf0a9bc0c9ae49b44bac__rankcloak,1,0.9981696605682373,deberta,leave_one_model__qwen2_5_7b_instruct_q4_k_m,test,matched_clean_llm,dedup-cluster-7eecb5c2a0c12ed30123e2b3,revision_v1_uuid_v4_043,qwen2_5_7b_instruct_q4_k_m,nonseg_ascii_b16,uuid_v4,casual_weekend_chat
detector_pair__f534751ea0983564f13b24ec__ordinary_control,0,0.000585719128139317,deberta,leave_one_model__qwen2_5_7b_instruct_q4_k_m,test,matched_clean_llm,dedup-cluster-ae9ee8b26103dc75c9112dfb,revision_v1_ed25519_signature_base64_047,qwen2_5_7b_instruct_q4_k_m,direct_subword_calgacus,ed25519_signature_base64,professional_project_update
detector_pair__f534751ea0983564f13b24ec__rankcloak,1,0.9996486902236938,deberta,leave_one_model__qwen2_5_7b_instruct_q4_k_m,test,matched_clean_llm,dedup-cluster-ae9ee8b26103dc75c9112dfb,revision_v1_ed25519_signature_base64_047,qwen2_5_7b_instruct_q4_k_m,direct_subword_calgacus,ed25519_signature_base64,professional_project_update
detector_pair__f53982ddd1c73f8c5572cfdf__ordinary_control,0,0.0009348192252218723,deberta,leave_one_model__qwen2_5_7b_instruct_q4_k_m,test,matched_clean_llm,dedup-cluster-e1f89602cec0d549198e89c6,revision_v1_chacha20_poly1305_base64_046,qwen2_5_7b_instruct_q4_k_m,nonseg_ascii_b16,chacha20_poly1305_base64,explain_biological_process
detector_pair__f53982ddd1c73f8c5572cfdf__rankcloak,1,0.9993933439254761,deberta,leave_one_model__qwen2_5_7b_instruct_q4_k_m,test,matched_clean_llm,dedup-cluster-e1f89602cec0d549198e89c6,revision_v1_chacha20_poly1305_base64_046,qwen2_5_7b_instruct_q4_k_m,nonseg_ascii_b16,chacha20_poly1305_base64,explain_biological_process
detector_pair__f606f6995da98926b7f3d186__ordinary_control,0,0.0011733823921531439,deberta,leave_one_model__qwen2_5_7b_instruct_q4_k_m,test,matched_clean_llm,dedup-cluster-3550b9941e44ba053c139eaa,revision_v1_sha256_hex_055,qwen2_5_7b_instruct_q4_k_m,segmented_hex_single_topic,sha256_hex,forum_purchase_advice
detector_pair__f606f6995da98926b7f3d186__rankcloak,1,0.9995816349983215,deberta,leave_one_model__qwen2_5_7b_instruct_q4_k_m,test,matched_clean_llm,dedup-cluster-3550b9941e44ba053c139eaa,revision_v1_sha256_hex_055,qwen2_5_7b_instruct_q4_k_m,segmented_hex_single_topic,sha256_hex,forum_purchase_advice
detector_pair__f6860869e70591f2853f8c72__ordinary_control,0,0.0008072844357229769,deberta,leave_one_model__qwen2_5_7b_instruct_q4_k_m,test,matched_clean_llm,dedup-cluster-a4dc36180df85cc7bf87e268,revision_v1_chacha20_poly1305_base64_056,qwen2_5_7b_instruct_q4_k_m,nonseg_ascii_b16,chacha20_poly1305_base64,procedure_home_task
detector_pair__f6860869e70591f2853f8c72__rankcloak,1,0.9854462146759033,deberta,leave_one_model__qwen2_5_7b_instruct_q4_k_m,test,matched_clean_llm,dedup-cluster-a4dc36180df85cc7bf87e268,revision_v1_chacha20_poly1305_base64_056,qwen2_5_7b_instruct_q4_k_m,nonseg_ascii_b16,chacha20_poly1305_base64,procedure_home_task
detector_pair__f7120ea79050921b783469e7__ordinary_control,0,0.0007178536616265774,deberta,leave_one_model__qwen2_5_7b_instruct_q4_k_m,test,matched_clean_llm,dedup-cluster-a0ec330801b891c994a313b8,revision_v1_hmac_sha256_hex_057,qwen2_5_7b_instruct_q4_k_m,segmented_hex_multi_topic,hmac_sha256_hex,explain_biological_process
detector_pair__f7120ea79050921b783469e7__rankcloak,1,0.9997772574424744,deberta,leave_one_model__qwen2_5_7b_instruct_q4_k_m,test,matched_clean_llm,dedup-cluster-a0ec330801b891c994a313b8,revision_v1_hmac_sha256_hex_057,qwen2_5_7b_instruct_q4_k_m,segmented_hex_multi_topic,hmac_sha256_hex,explain_biological_process
detector_pair__f74251f50e03c870d566cad6__ordinary_control,0,0.0003985727089457214,deberta,leave_one_model__qwen2_5_7b_instruct_q4_k_m,test,matched_clean_llm,dedup-cluster-2ecc22c7d6a07954ad922bdc,revision_v1_token_128_bit_hex_014,qwen2_5_7b_instruct_q4_k_m,segmented_hex_single_topic,token_128_bit_hex,casual_weekend_chat
detector_pair__f74251f50e03c870d566cad6__rankcloak,1,0.9989539384841919,deberta,leave_one_model__qwen2_5_7b_instruct_q4_k_m,test,matched_clean_llm,dedup-cluster-2ecc22c7d6a07954ad922bdc,revision_v1_token_128_bit_hex_014,qwen2_5_7b_instruct_q4_k_m,segmented_hex_single_topic,token_128_bit_hex,casual_weekend_chat
detector_pair__f7c4305da96be552b55e017b__ordinary_control,0,0.0018849506741389632,deberta,leave_one_model__qwen2_5_7b_instruct_q4_k_m,test,matched_clean_llm,dedup-cluster-d3540d957b4816af4830d47f,revision_v1_chacha20_poly1305_base64_053,qwen2_5_7b_instruct_q4_k_m,direct_subword_calgacus,chacha20_poly1305_base64,casual_weekend_chat
detector_pair__f7c4305da96be552b55e017b__rankcloak,1,0.9997742772102356,deberta,leave_one_model__qwen2_5_7b_instruct_q4_k_m,test,matched_clean_llm,dedup-cluster-d3540d957b4816af4830d47f,revision_v1_chacha20_poly1305_base64_053,qwen2_5_7b_instruct_q4_k_m,direct_subword_calgacus,chacha20_poly1305_base64,casual_weekend_chat
detector_pair__f802db8530fb0e3c676aa33d__ordinary_control,0,0.00034279876854270697,deberta,leave_one_model__qwen2_5_7b_instruct_q4_k_m,test,matched_clean_llm,dedup-cluster-c3dca9a9298a213ff99b5c53,revision_v1_sha256_hex_017,qwen2_5_7b_instruct_q4_k_m,segmented_hex_single_topic,sha256_hex,casual_weekend_chat
detector_pair__f802db8530fb0e3c676aa33d__rankcloak,1,0.9307689070701599,deberta,leave_one_model__qwen2_5_7b_instruct_q4_k_m,test,matched_clean_llm,dedup-cluster-c3dca9a9298a213ff99b5c53,revision_v1_sha256_hex_017,qwen2_5_7b_instruct_q4_k_m,segmented_hex_single_topic,sha256_hex,casual_weekend_chat
detector_pair__f84286f3893fe80ca66c866c__ordinary_control,0,0.0032157080713659525,deberta,leave_one_model__qwen2_5_7b_instruct_q4_k_m,test,matched_clean_llm,dedup-cluster-43af11f5d2e1ab75fc7f8cd0,revision_v1_uuid_v4_037,qwen2_5_7b_instruct_q4_k_m,nonseg_ascii_b16,uuid_v4,casual_neighborhood_chat
detector_pair__f84286f3893fe80ca66c866c__rankcloak,1,0.9843276143074036,deberta,leave_one_model__qwen2_5_7b_instruct_q4_k_m,test,matched_clean_llm,dedup-cluster-43af11f5d2e1ab75fc7f8cd0,revision_v1_uuid_v4_037,qwen2_5_7b_instruct_q4_k_m,nonseg_ascii_b16,uuid_v4,casual_neighborhood_chat
detector_pair__f8539431d6eaa602449a1430__ordinary_control,0,0.0012695880141109228,deberta,leave_one_model__qwen2_5_7b_instruct_q4_k_m,test,matched_clean_llm,dedup-cluster-089a5c41a6187c40edeb1a0c,revision_v1_nonce_96_bit_hex_007,qwen2_5_7b_instruct_q4_k_m,segmented_hex_single_topic,nonce_96_bit_hex,narrative_local_walk
detector_pair__f8539431d6eaa602449a1430__rankcloak,1,0.49184009432792664,deberta,leave_one_model__qwen2_5_7b_instruct_q4_k_m,test,matched_clean_llm,dedup-cluster-089a5c41a6187c40edeb1a0c,revision_v1_nonce_96_bit_hex_007,qwen2_5_7b_instruct_q4_k_m,segmented_hex_single_topic,nonce_96_bit_hex,narrative_local_walk
detector_pair__f8f83df013cd3657cb8f1d43__ordinary_control,0,0.0004459936171770096,deberta,leave_one_model__qwen2_5_7b_instruct_q4_k_m,test,matched_clean_llm,dedup-cluster-95e2f27c2b585a3d4fdfda70,revision_v1_nonce_96_bit_hex_013,qwen2_5_7b_instruct_q4_k_m,segmented_hex_single_topic,nonce_96_bit_hex,narrative_learning_moment
detector_pair__f8f83df013cd3657cb8f1d43__rankcloak,1,0.9935316443443298,deberta,leave_one_model__qwen2_5_7b_instruct_q4_k_m,test,matched_clean_llm,dedup-cluster-95e2f27c2b585a3d4fdfda70,revision_v1_nonce_96_bit_hex_013,qwen2_5_7b_instruct_q4_k_m,segmented_hex_single_topic,nonce_96_bit_hex,narrative_learning_moment
detector_pair__f9003124647af26390f4617b__ordinary_control,0,0.0008034942438825965,deberta,leave_one_model__qwen2_5_7b_instruct_q4_k_m,test,matched_clean_llm,dedup-cluster-6fa6c069ce75963f9386e415,revision_v1_aes256_gcm_base64_016,qwen2_5_7b_instruct_q4_k_m,nonseg_ascii_b16,aes256_gcm_base64,narrative_learning_moment
detector_pair__f9003124647af26390f4617b__rankcloak,1,0.995909571647644,deberta,leave_one_model__qwen2_5_7b_instruct_q4_k_m,test,matched_clean_llm,dedup-cluster-6fa6c069ce75963f9386e415,revision_v1_aes256_gcm_base64_016,qwen2_5_7b_instruct_q4_k_m,nonseg_ascii_b16,aes256_gcm_base64,narrative_learning_moment
detector_pair__f97e3b2beb0a5d8e6b574846__ordinary_control,0,0.0016931333811953664,deberta,leave_one_model__qwen2_5_7b_instruct_q4_k_m,test,matched_clean_llm,dedup-cluster-c791365cbb6a3ed856420c65,revision_v1_hmac_sha256_hex_023,qwen2_5_7b_instruct_q4_k_m,segmented_hex_single_topic,hmac_sha256_hex,professional_process_email
detector_pair__f97e3b2beb0a5d8e6b574846__rankcloak,1,0.9997044205665588,deberta,leave_one_model__qwen2_5_7b_instruct_q4_k_m,test,matched_clean_llm,dedup-cluster-c791365cbb6a3ed856420c65,revision_v1_hmac_sha256_hex_023,qwen2_5_7b_instruct_q4_k_m,segmented_hex_single_topic,hmac_sha256_hex,professional_process_email
detector_pair__f9a8a02e200dd0b90afac5ff__ordinary_control,0,0.00026619856362231076,deberta,leave_one_model__qwen2_5_7b_instruct_q4_k_m,test,matched_clean_llm,dedup-cluster-65c353c55a1ef0ebfabe11b3,revision_v1_uuid_v4_032,qwen2_5_7b_instruct_q4_k_m,nonseg_ascii_b16,uuid_v4,professional_schedule_note
detector_pair__f9a8a02e200dd0b90afac5ff__rankcloak,1,0.9154123663902283,deberta,leave_one_model__qwen2_5_7b_instruct_q4_k_m,test,matched_clean_llm,dedup-cluster-65c353c55a1ef0ebfabe11b3,revision_v1_uuid_v4_032,qwen2_5_7b_instruct_q4_k_m,nonseg_ascii_b16,uuid_v4,professional_schedule_note
detector_pair__fa092774d9eb2089c60ea498__ordinary_control,0,0.0010453276336193085,deberta,leave_one_model__qwen2_5_7b_instruct_q4_k_m,test,matched_clean_llm,dedup-cluster-0597144dc6356aef849f0b73,revision_v1_chacha20_poly1305_base64_007,qwen2_5_7b_instruct_q4_k_m,nonseg_ascii_b16,chacha20_poly1305_base64,forum_learning_answer
detector_pair__fa092774d9eb2089c60ea498__rankcloak,1,0.99915611743927,deberta,leave_one_model__qwen2_5_7b_instruct_q4_k_m,test,matched_clean_llm,dedup-cluster-0597144dc6356aef849f0b73,revision_v1_chacha20_poly1305_base64_007,qwen2_5_7b_instruct_q4_k_m,nonseg_ascii_b16,chacha20_poly1305_base64,forum_learning_answer
detector_pair__fb26a1441388501fb9085331__ordinary_control,0,0.0008993680821731687,deberta,leave_one_model__qwen2_5_7b_instruct_q4_k_m,test,matched_clean_llm,dedup-cluster-86d70a013a18a7f0dc80b7f5,revision_v1_hmac_sha256_hex_001,qwen2_5_7b_instruct_q4_k_m,segmented_hex_multi_topic,hmac_sha256_hex,procedure_garden_task
detector_pair__fb26a1441388501fb9085331__rankcloak,1,0.9329162240028381,deberta,leave_one_model__qwen2_5_7b_instruct_q4_k_m,test,matched_clean_llm,dedup-cluster-86d70a013a18a7f0dc80b7f5,revision_v1_hmac_sha256_hex_001,qwen2_5_7b_instruct_q4_k_m,segmented_hex_multi_topic,hmac_sha256_hex,procedure_garden_task
detector_pair__fb67a193a566eb4343093608__ordinary_control,0,0.0006911794771440327,deberta,leave_one_model__qwen2_5_7b_instruct_q4_k_m,test,matched_clean_llm,dedup-cluster-4fce714af80d0b4f14ad4961,revision_v1_sha256_hex_008,qwen2_5_7b_instruct_q4_k_m,direct_subword_calgacus,sha256_hex,procedure_garden_task
detector_pair__fb67a193a566eb4343093608__rankcloak,1,0.9098461866378784,deberta,leave_one_model__qwen2_5_7b_instruct_q4_k_m,test,matched_clean_llm,dedup-cluster-4fce714af80d0b4f14ad4961,revision_v1_sha256_hex_008,qwen2_5_7b_instruct_q4_k_m,direct_subword_calgacus,sha256_hex,procedure_garden_task
detector_pair__fc8912caca700fa752772574__ordinary_control,0,0.0003089695528615266,deberta,leave_one_model__qwen2_5_7b_instruct_q4_k_m,test,matched_clean_llm,dedup-cluster-42ce35dd2bcd53cb8fe0bada,revision_v1_token_128_bit_hex_027,qwen2_5_7b_instruct_q4_k_m,segmented_hex_single_topic,token_128_bit_hex,professional_process_email
detector_pair__fc8912caca700fa752772574__rankcloak,1,0.9995766282081604,deberta,leave_one_model__qwen2_5_7b_instruct_q4_k_m,test,matched_clean_llm,dedup-cluster-42ce35dd2bcd53cb8fe0bada,revision_v1_token_128_bit_hex_027,qwen2_5_7b_instruct_q4_k_m,segmented_hex_single_topic,token_128_bit_hex,professional_process_email
detector_pair__fcd0da9b07bf89d502899ca5__ordinary_control,0,0.009776783175766468,deberta,leave_one_model__qwen2_5_7b_instruct_q4_k_m,test,matched_clean_llm,dedup-cluster-2447f2f757732f18a1468db2,revision_v1_aes256_gcm_base64_044,qwen2_5_7b_instruct_q4_k_m,nonseg_ascii_b8,aes256_gcm_base64,forum_purchase_advice
detector_pair__fcd0da9b07bf89d502899ca5__rankcloak,1,0.9880709648132324,deberta,leave_one_model__qwen2_5_7b_instruct_q4_k_m,test,matched_clean_llm,dedup-cluster-2447f2f757732f18a1468db2,revision_v1_aes256_gcm_base64_044,qwen2_5_7b_instruct_q4_k_m,nonseg_ascii_b8,aes256_gcm_base64,forum_purchase_advice
detector_pair__fdaf0986b124a7d166cfac2c__ordinary_control,0,0.00047959040966816247,deberta,leave_one_model__qwen2_5_7b_instruct_q4_k_m,test,matched_clean_llm,dedup-cluster-bdb0cb932ce8d25533d129e7,revision_v1_uuid_v4_054,qwen2_5_7b_instruct_q4_k_m,direct_subword_calgacus,uuid_v4,explain_biological_process
detector_pair__fdaf0986b124a7d166cfac2c__rankcloak,1,0.9904630780220032,deberta,leave_one_model__qwen2_5_7b_instruct_q4_k_m,test,matched_clean_llm,dedup-cluster-bdb0cb932ce8d25533d129e7,revision_v1_uuid_v4_054,qwen2_5_7b_instruct_q4_k_m,direct_subword_calgacus,uuid_v4,explain_biological_process
detector_pair__fde02a565b33cee874c33b17__ordinary_control,0,0.0009369637700729072,deberta,leave_one_model__qwen2_5_7b_instruct_q4_k_m,test,matched_clean_llm,dedup-cluster-7e1000ec149766aba547a02b,revision_v1_aes256_gcm_base64_040,qwen2_5_7b_instruct_q4_k_m,nonseg_ascii_b16,aes256_gcm_base64,narrative_small_discovery
detector_pair__fde02a565b33cee874c33b17__rankcloak,1,0.9973251819610596,deberta,leave_one_model__qwen2_5_7b_instruct_q4_k_m,test,matched_clean_llm,dedup-cluster-7e1000ec149766aba547a02b,revision_v1_aes256_gcm_base64_040,qwen2_5_7b_instruct_q4_k_m,nonseg_ascii_b16,aes256_gcm_base64,narrative_small_discovery
detector_pair__fe0c04d560875b3b9f26c45b__ordinary_control,0,0.0024265528190881014,deberta,leave_one_model__qwen2_5_7b_instruct_q4_k_m,test,matched_clean_llm,dedup-cluster-02069e60ee294b6b19cc3fda,revision_v1_chacha20_poly1305_base64_028,qwen2_5_7b_instruct_q4_k_m,nonseg_ascii_b16,chacha20_poly1305_base64,explain_biological_process
detector_pair__fe0c04d560875b3b9f26c45b__rankcloak,1,0.9989221096038818,deberta,leave_one_model__qwen2_5_7b_instruct_q4_k_m,test,matched_clean_llm,dedup-cluster-02069e60ee294b6b19cc3fda,revision_v1_chacha20_poly1305_base64_028,qwen2_5_7b_instruct_q4_k_m,nonseg_ascii_b16,chacha20_poly1305_base64,explain_biological_process
detector_pair__ff956c6318af45deaa726b71__ordinary_control,0,0.00044305078336037695,deberta,leave_one_model__qwen2_5_7b_instruct_q4_k_m,test,matched_clean_llm,dedup-cluster-0d14bae63cd1e6e73dd0fa7a,revision_v1_nonce_96_bit_hex_022,qwen2_5_7b_instruct_q4_k_m,nonseg_ascii_b16,nonce_96_bit_hex,professional_project_update
detector_pair__ff956c6318af45deaa726b71__rankcloak,1,0.7393397688865662,deberta,leave_one_model__qwen2_5_7b_instruct_q4_k_m,test,matched_clean_llm,dedup-cluster-0d14bae63cd1e6e73dd0fa7a,revision_v1_nonce_96_bit_hex_022,qwen2_5_7b_instruct_q4_k_m,nonseg_ascii_b16,nonce_96_bit_hex,professional_project_update
detector_pair__ffdd3bc5e0310a0684e3c8e3__ordinary_control,0,0.0005631134263239801,deberta,leave_one_model__qwen2_5_7b_instruct_q4_k_m,test,matched_clean_llm,dedup-cluster-4a6717280abe6dffe389b392,revision_v1_aes256_gcm_base64_034,qwen2_5_7b_instruct_q4_k_m,direct_subword_calgacus,aes256_gcm_base64,narrative_learning_moment
detector_pair__ffdd3bc5e0310a0684e3c8e3__rankcloak,1,0.9998083710670471,deberta,leave_one_model__qwen2_5_7b_instruct_q4_k_m,test,matched_clean_llm,dedup-cluster-4a6717280abe6dffe389b392,revision_v1_aes256_gcm_base64_034,qwen2_5_7b_instruct_q4_k_m,direct_subword_calgacus,aes256_gcm_base64,narrative_learning_moment
