row_id,label,dedup_cluster_id,payload_group_id,pair_id,model_id,codec_id,payload_class,prompt_template_id,representation_name,gate_level,quantization,study_source,score,detector,generation_study,evaluation_id,evaluation_role
quantization_generated__quantization_trial__001628fb3c89ab132f39580b,1,locked-dedup-cluster-21c1f1723b6238ac14216880,revision_v1_uuid_v4_042,detector_pair__279e942b09d6e6c37f231eea,qwen2_5_7b_instruct_q4_k_m,nonseg_ascii_b8,uuid_v4,explain_weather_pattern,ascii_b8,not_applicable,Q4_K_M,model_backed_quantization,0.9896676195128421,surprisal,quantization,pooled_quantizations,validation
quantization_generated__quantization_trial__002821966201ec3dfd162d50,1,locked-dedup-cluster-b021f708a83df097e9b0dc22,revision_v1_aes256_gcm_base64_043,detector_pair__8186e9a021a857ce00436ae2,qwen2_5_7b_instruct_q4_k_m,nonseg_ascii_b16,aes256_gcm_base64,professional_schedule_note,ascii_b16,not_applicable,Q4_K_M,model_backed_quantization,0.9994484846630257,surprisal,quantization,pooled_quantizations,validation
quantization_generated__quantization_trial__0089c04674eff8abb069d818,0,locked-dedup-cluster-82fec35853ec8d44cf04cce4,revision_v1_hmac_sha256_hex_044,detector_pair__c50a8602ff120030c89038db,qwen2_5_7b_instruct_q4_k_m,nonseg_ascii_b8,hmac_sha256_hex,narrative_small_discovery,ascii_b8,not_applicable,Q4_K_M,model_backed_quantization,0.04316241915588977,surprisal,quantization,pooled_quantizations,validation
quantization_generated__quantization_trial__010d6d869d30bf71945a15eb,0,locked-dedup-cluster-403c836b92dc86a3f953e63f,revision_v1_token_128_bit_hex_047,detector_pair__438bcaaf0933f1bdd8e22308,qwen2_5_7b_instruct_q8_0,nonseg_ascii_b16,token_128_bit_hex,procedure_garden_task,ascii_b16,not_applicable,Q8_0,model_backed_quantization,0.008275206349488574,surprisal,quantization,pooled_quantizations,validation
quantization_generated__quantization_trial__01a094a083383877c3227208,1,locked-dedup-cluster-1ee4b534cd708fac58a4e520,revision_v1_ed25519_signature_base64_036,detector_pair__b45d0507ae99c61fda8ee064,qwen2_5_7b_instruct_q4_k_m,nonseg_ascii_b8,ed25519_signature_base64,forum_learning_answer,ascii_b8,not_applicable,Q4_K_M,model_backed_quantization,0.984642813514218,surprisal,quantization,pooled_quantizations,validation
quantization_generated__quantization_trial__01a64a5d1e06b0119f2133c7,0,locked-dedup-cluster-2f91866a4152689c8a27b0ea,revision_v1_nonce_96_bit_hex_040,detector_pair__3f56575b6729bf0769e0b2fc,qwen2_5_7b_instruct_q8_0,nonseg_ascii_b16,nonce_96_bit_hex,professional_project_update,ascii_b16,not_applicable,Q8_0,model_backed_quantization,0.027755205885639147,surprisal,quantization,pooled_quantizations,validation
quantization_generated__quantization_trial__01e9185fb05dd2b72826dc95,0,locked-dedup-cluster-1b00f31aa1e45ecbdc304bed,revision_v1_uuid_v4_039,detector_pair__ef001a58a0b16674e4de7fe7,qwen2_5_7b_instruct_q4_k_m,nonseg_ascii_b8,uuid_v4,forum_learning_answer,ascii_b8,not_applicable,Q4_K_M,model_backed_quantization,0.006676067421659531,surprisal,quantization,pooled_quantizations,validation
quantization_generated__quantization_trial__02a1fbc86f759bf45de3a039,1,locked-dedup-cluster-db4aabf02590b0cf6f175c04,revision_v1_hmac_sha256_hex_039,detector_pair__1956cb96fcca268d792b7889,qwen2_5_7b_instruct_q4_k_m,nonseg_ascii_b8,hmac_sha256_hex,explain_biological_process,ascii_b8,not_applicable,Q4_K_M,model_backed_quantization,0.8890782031971729,surprisal,quantization,pooled_quantizations,validation
quantization_generated__quantization_trial__0352d16b3818a1edb76893c8,1,locked-dedup-cluster-edcd1c430a452932fe4672fd,revision_v1_hmac_sha256_hex_037,detector_pair__2ba558e7e0f183c5fc2d5214,qwen2_5_7b_instruct_q8_0,nonseg_ascii_b8,hmac_sha256_hex,procedure_garden_task,ascii_b8,not_applicable,Q8_0,model_backed_quantization,0.9574666031094606,surprisal,quantization,pooled_quantizations,validation
quantization_generated__quantization_trial__038c897fd819a4f273ec561a,1,locked-dedup-cluster-804389a06ddc24189a12fcd5,revision_v1_chacha20_poly1305_base64_041,detector_pair__8fdcb111e75158018783c679,qwen2_5_7b_instruct_q4_k_m,nonseg_ascii_b16,chacha20_poly1305_base64,casual_hobby_chat,ascii_b16,not_applicable,Q4_K_M,model_backed_quantization,0.9934656743497376,surprisal,quantization,pooled_quantizations,validation
quantization_generated__quantization_trial__045c335e725ad37e527c9c5e,1,locked-dedup-cluster-db4aabf02590b0cf6f175c04,revision_v1_hmac_sha256_hex_039,detector_pair__1956cb96fcca268d792b7889,qwen2_5_7b_instruct_q8_0,nonseg_ascii_b8,hmac_sha256_hex,explain_biological_process,ascii_b8,not_applicable,Q8_0,model_backed_quantization,0.9739757599001391,surprisal,quantization,pooled_quantizations,validation
quantization_generated__quantization_trial__045f871f3818a23cd2f2e6e1,1,locked-dedup-cluster-7b246cd70d98090e5c3adbcc,revision_v1_sha256_hex_047,detector_pair__25aaeb23bd9a5fec6a99fbf4,qwen2_5_7b_instruct_q8_0,nonseg_ascii_b16,sha256_hex,casual_neighborhood_chat,ascii_b16,not_applicable,Q8_0,model_backed_quantization,0.9742968965094071,surprisal,quantization,pooled_quantizations,validation
quantization_generated__quantization_trial__04985d6c5a32114a1909c52a,1,locked-dedup-cluster-e1f89602cec0d549198e89c6,revision_v1_chacha20_poly1305_base64_046,detector_pair__f53982ddd1c73f8c5572cfdf,qwen2_5_7b_instruct_q4_k_m,nonseg_ascii_b16,chacha20_poly1305_base64,explain_biological_process,ascii_b16,not_applicable,Q4_K_M,model_backed_quantization,0.9973359651134444,surprisal,quantization,pooled_quantizations,validation
quantization_generated__quantization_trial__04aa98c4b94227594bd44d18,1,locked-dedup-cluster-82fec35853ec8d44cf04cce4,revision_v1_hmac_sha256_hex_044,detector_pair__de4b198b379e50f2bf470c69,qwen2_5_7b_instruct_q4_k_m,nonseg_ascii_b16,hmac_sha256_hex,narrative_small_discovery,ascii_b16,not_applicable,Q4_K_M,model_backed_quantization,0.9852535609683191,surprisal,quantization,pooled_quantizations,validation
quantization_generated__quantization_trial__04fd7a2d83198c5770d5d30e,0,locked-dedup-cluster-72a697706958756a5d98abe5,revision_v1_aes256_gcm_base64_042,detector_pair__7691cafcc82dd1eaa53dc25b,qwen2_5_7b_instruct_q4_k_m,nonseg_ascii_b8,aes256_gcm_base64,casual_hobby_chat,ascii_b8,not_applicable,Q4_K_M,model_backed_quantization,0.020312985679167103,surprisal,quantization,pooled_quantizations,validation
quantization_generated__quantization_trial__0528c3cadcb268cad7b4c016,1,locked-dedup-cluster-e1f89602cec0d549198e89c6,revision_v1_chacha20_poly1305_base64_046,detector_pair__53171ac0b91e27f5036701f8,qwen2_5_7b_instruct_q4_k_m,nonseg_ascii_b8,chacha20_poly1305_base64,explain_biological_process,ascii_b8,not_applicable,Q4_K_M,model_backed_quantization,0.9861170222665615,surprisal,quantization,pooled_quantizations,validation
quantization_generated__quantization_trial__0552dbcadfe7a9da74236c92,1,locked-dedup-cluster-f5e65f43009f3df06299368a,revision_v1_sha256_hex_039,detector_pair__49c8b481e89f940b835eb2c5,qwen2_5_7b_instruct_q8_0,nonseg_ascii_b16,sha256_hex,narrative_local_walk,ascii_b16,not_applicable,Q8_0,model_backed_quantization,0.9831665133858006,surprisal,quantization,pooled_quantizations,validation
quantization_generated__quantization_trial__05bf227240d2048fa6a171ce,1,locked-dedup-cluster-2447f2f757732f18a1468db2,revision_v1_aes256_gcm_base64_044,detector_pair__fcd0da9b07bf89d502899ca5,qwen2_5_7b_instruct_q4_k_m,nonseg_ascii_b8,aes256_gcm_base64,forum_purchase_advice,ascii_b8,not_applicable,Q4_K_M,model_backed_quantization,0.9653129380555201,surprisal,quantization,pooled_quantizations,validation
quantization_generated__quantization_trial__05cc33fd436ab649f2536db9,1,locked-dedup-cluster-56c311ab24e3b4956d5a8d34,revision_v1_ed25519_signature_base64_045,detector_pair__0cf9c16f41e31c9c9303f107,qwen2_5_7b_instruct_q4_k_m,nonseg_ascii_b8,ed25519_signature_base64,explain_weather_pattern,ascii_b8,not_applicable,Q4_K_M,model_backed_quantization,0.9968256207806019,surprisal,quantization,pooled_quantizations,validation
quantization_generated__quantization_trial__0686b2a31e38c93c4b8d44c1,1,locked-dedup-cluster-9309c13a3cd92781ed630582,revision_v1_token_128_bit_hex_040,detector_pair__eeaa3eaae76f4fcee87e0e40,qwen2_5_7b_instruct_q4_k_m,nonseg_ascii_b8,token_128_bit_hex,forum_purchase_advice,ascii_b8,not_applicable,Q4_K_M,model_backed_quantization,0.9430322742316124,surprisal,quantization,pooled_quantizations,validation
quantization_generated__quantization_trial__06d8821a1ed0e3e886add45d,0,locked-dedup-cluster-9309c13a3cd92781ed630582,revision_v1_token_128_bit_hex_040,detector_pair__915ceda4979a2d8543419159,qwen2_5_7b_instruct_q4_k_m,nonseg_ascii_b16,token_128_bit_hex,forum_purchase_advice,ascii_b16,not_applicable,Q4_K_M,model_backed_quantization,0.04402789641743302,surprisal,quantization,pooled_quantizations,validation
quantization_generated__quantization_trial__06d902904380714b5b254c7d,0,locked-dedup-cluster-4f6ab2ce0956867e1b0b1bad,revision_v1_hmac_sha256_hex_043,detector_pair__3aca036958926eb67f4134ba,qwen2_5_7b_instruct_q8_0,nonseg_ascii_b8,hmac_sha256_hex,procedure_simple_meal,ascii_b8,not_applicable,Q8_0,model_backed_quantization,0.006451870116382492,surprisal,quantization,pooled_quantizations,validation
quantization_generated__quantization_trial__07b1d80435f66a1aa161b292,0,locked-dedup-cluster-2f91866a4152689c8a27b0ea,revision_v1_nonce_96_bit_hex_040,detector_pair__d304dfc7743c4b0b5883cb92,qwen2_5_7b_instruct_q8_0,nonseg_ascii_b8,nonce_96_bit_hex,professional_project_update,ascii_b8,not_applicable,Q8_0,model_backed_quantization,0.006686678060712636,surprisal,quantization,pooled_quantizations,validation
quantization_generated__quantization_trial__07e2af7fa64443b6b4b8e2b3,0,locked-dedup-cluster-21c1f1723b6238ac14216880,revision_v1_uuid_v4_042,detector_pair__7b1cd61aab49406547673d3c,qwen2_5_7b_instruct_q4_k_m,nonseg_ascii_b16,uuid_v4,explain_weather_pattern,ascii_b16,not_applicable,Q4_K_M,model_backed_quantization,0.01233824628473723,surprisal,quantization,pooled_quantizations,validation
quantization_generated__quantization_trial__0880bfe30af8fdf89290caa2,0,locked-dedup-cluster-74698d9f725d61b98986f3c9,revision_v1_token_128_bit_hex_045,detector_pair__15c952ca2d47ca8b0b6c9b07,qwen2_5_7b_instruct_q8_0,nonseg_ascii_b8,token_128_bit_hex,professional_process_email,ascii_b8,not_applicable,Q8_0,model_backed_quantization,0.00700761734991135,surprisal,quantization,pooled_quantizations,validation
quantization_generated__quantization_trial__08a1b23c09510f3d6d90603f,0,locked-dedup-cluster-1e85096517059ca2585e10f1,revision_v1_nonce_96_bit_hex_044,detector_pair__6e45a0e3c39422e2454c1483,qwen2_5_7b_instruct_q8_0,nonseg_ascii_b16,nonce_96_bit_hex,explain_everyday_system,ascii_b16,not_applicable,Q8_0,model_backed_quantization,0.0142512856672455,surprisal,quantization,pooled_quantizations,validation
quantization_generated__quantization_trial__090b0ea7b8d6d5cf3e3471dc,0,locked-dedup-cluster-0fb77ce4d96e18f21377e8de,revision_v1_token_128_bit_hex_039,detector_pair__590e84f70a242c22788b72cd,qwen2_5_7b_instruct_q8_0,nonseg_ascii_b8,token_128_bit_hex,professional_schedule_note,ascii_b8,not_applicable,Q8_0,model_backed_quantization,0.00549679569477626,surprisal,quantization,pooled_quantizations,validation
quantization_generated__quantization_trial__0a3ef42990d2181bc0e5e8fc,0,locked-dedup-cluster-e8b16cc4e3be2ed3afd26670,revision_v1_hmac_sha256_hex_040,detector_pair__03f4a70982abd878e8a6363d,qwen2_5_7b_instruct_q4_k_m,nonseg_ascii_b8,hmac_sha256_hex,casual_neighborhood_chat,ascii_b8,not_applicable,Q4_K_M,model_backed_quantization,0.01916752107767863,surprisal,quantization,pooled_quantizations,validation
quantization_generated__quantization_trial__0b3724c0b3b11227ee4509d4,1,locked-dedup-cluster-518372beb501e1afe511974a,revision_v1_ed25519_signature_base64_044,detector_pair__a4fc29717b333737786af41f,qwen2_5_7b_instruct_q8_0,nonseg_ascii_b16,ed25519_signature_base64,narrative_small_discovery,ascii_b16,not_applicable,Q8_0,model_backed_quantization,0.9816247363394259,surprisal,quantization,pooled_quantizations,validation
quantization_generated__quantization_trial__0b45d0cb8cb932cfe9b069b8,0,locked-dedup-cluster-2232191bb0f9ade93aac1023,revision_v1_nonce_96_bit_hex_046,detector_pair__2c33558bacce102e4018567f,qwen2_5_7b_instruct_q8_0,nonseg_ascii_b8,nonce_96_bit_hex,professional_schedule_note,ascii_b8,not_applicable,Q8_0,model_backed_quantization,0.008176546954909094,surprisal,quantization,pooled_quantizations,validation
quantization_generated__quantization_trial__0b9835f4c3e5121af933094b,0,locked-dedup-cluster-b4ececda78ae52a82e269174,revision_v1_chacha20_poly1305_base64_044,detector_pair__8444ac34a80255bc3899655c,qwen2_5_7b_instruct_q8_0,nonseg_ascii_b16,chacha20_poly1305_base64,procedure_garden_task,ascii_b16,not_applicable,Q8_0,model_backed_quantization,0.011108721677720089,surprisal,quantization,pooled_quantizations,validation
quantization_generated__quantization_trial__0ba73ad1741785c5c05a4ccf,1,locked-dedup-cluster-74698d9f725d61b98986f3c9,revision_v1_token_128_bit_hex_045,detector_pair__15c952ca2d47ca8b0b6c9b07,qwen2_5_7b_instruct_q8_0,nonseg_ascii_b8,token_128_bit_hex,professional_process_email,ascii_b8,not_applicable,Q8_0,model_backed_quantization,0.9985927880547553,surprisal,quantization,pooled_quantizations,validation
quantization_generated__quantization_trial__0c19b0b93439a0add408f49e,0,locked-dedup-cluster-a70c2199fe9757fc3a965e41,revision_v1_sha256_hex_041,detector_pair__aa14a6a30e21a079c2b8c6ca,qwen2_5_7b_instruct_q4_k_m,nonseg_ascii_b8,sha256_hex,casual_hobby_chat,ascii_b8,not_applicable,Q4_K_M,model_backed_quantization,0.015912150183625216,surprisal,quantization,pooled_quantizations,validation
quantization_generated__quantization_trial__0c839ff2fadca7a766269916,1,locked-dedup-cluster-56c311ab24e3b4956d5a8d34,revision_v1_ed25519_signature_base64_045,detector_pair__0cf9c16f41e31c9c9303f107,qwen2_5_7b_instruct_q8_0,nonseg_ascii_b8,ed25519_signature_base64,explain_weather_pattern,ascii_b8,not_applicable,Q8_0,model_backed_quantization,0.9661905725001105,surprisal,quantization,pooled_quantizations,validation
quantization_generated__quantization_trial__0ca598dc07b889d30ad3ffcb,1,locked-dedup-cluster-2447f2f757732f18a1468db2,revision_v1_aes256_gcm_base64_044,detector_pair__fcd0da9b07bf89d502899ca5,qwen2_5_7b_instruct_q8_0,nonseg_ascii_b8,aes256_gcm_base64,forum_purchase_advice,ascii_b8,not_applicable,Q8_0,model_backed_quantization,0.9873733466736081,surprisal,quantization,pooled_quantizations,validation
quantization_generated__quantization_trial__0ce1b4b1043710d5296f9b41,1,locked-dedup-cluster-2232191bb0f9ade93aac1023,revision_v1_nonce_96_bit_hex_046,detector_pair__080f7ebbc256d7eac47da67e,qwen2_5_7b_instruct_q4_k_m,nonseg_ascii_b16,nonce_96_bit_hex,professional_schedule_note,ascii_b16,not_applicable,Q4_K_M,model_backed_quantization,0.9997535342615623,surprisal,quantization,pooled_quantizations,validation
quantization_generated__quantization_trial__0cf89d720766d1354668e8f7,0,locked-dedup-cluster-0a53df1782d32b924a429e87,revision_v1_uuid_v4_040,detector_pair__c39e0b53c4373b68fc04d83c,qwen2_5_7b_instruct_q4_k_m,nonseg_ascii_b16,uuid_v4,procedure_garden_task,ascii_b16,not_applicable,Q4_K_M,model_backed_quantization,0.006531804653720057,surprisal,quantization,pooled_quantizations,validation
quantization_generated__quantization_trial__0d225bee6b358241b32f5d20,1,locked-dedup-cluster-7e1000ec149766aba547a02b,revision_v1_aes256_gcm_base64_040,detector_pair__f02d8270ba2add8266093bf7,qwen2_5_7b_instruct_q8_0,nonseg_ascii_b8,aes256_gcm_base64,narrative_small_discovery,ascii_b8,not_applicable,Q8_0,model_backed_quantization,0.9407709822460701,surprisal,quantization,pooled_quantizations,validation
quantization_generated__quantization_trial__0dbe761b26bf45dc89d47355,1,locked-dedup-cluster-dd1fe22faa326c7d9a397feb,revision_v1_hmac_sha256_hex_038,detector_pair__126fa0d7adb0909e2f4f2377,qwen2_5_7b_instruct_q8_0,nonseg_ascii_b8,hmac_sha256_hex,narrative_learning_moment,ascii_b8,not_applicable,Q8_0,model_backed_quantization,0.9549244298693668,surprisal,quantization,pooled_quantizations,validation
quantization_generated__quantization_trial__0dc839ddd2df477d120f0875,1,locked-dedup-cluster-6f0f48f27da641507689ef86,revision_v1_token_128_bit_hex_044,detector_pair__0e708e2f148432ca502a7a5c,qwen2_5_7b_instruct_q8_0,nonseg_ascii_b16,token_128_bit_hex,casual_neighborhood_chat,ascii_b16,not_applicable,Q8_0,model_backed_quantization,0.9945717115672579,surprisal,quantization,pooled_quantizations,validation
quantization_generated__quantization_trial__0e1b47552c25a7310eef1721,1,locked-dedup-cluster-2742a41454b76598cec25032,revision_v1_aes256_gcm_base64_039,detector_pair__d1983388663949d24af6d3bb,qwen2_5_7b_instruct_q4_k_m,nonseg_ascii_b8,aes256_gcm_base64,procedure_simple_meal,ascii_b8,not_applicable,Q4_K_M,model_backed_quantization,0.9754125608883661,surprisal,quantization,pooled_quantizations,validation
quantization_generated__quantization_trial__0e6c3a9baa2d77969bc3a0d4,1,locked-dedup-cluster-f06bf1b2872f90ff6209fecd,revision_v1_uuid_v4_044,detector_pair__e1bda85041dac8f5ca74b5e3,qwen2_5_7b_instruct_q8_0,nonseg_ascii_b16,uuid_v4,professional_project_update,ascii_b16,not_applicable,Q8_0,model_backed_quantization,0.997863343101667,surprisal,quantization,pooled_quantizations,validation
quantization_generated__quantization_trial__0e73279c2c89c79b3837b846,0,locked-dedup-cluster-6e873b678160da9a608f2b93,revision_v1_sha256_hex_040,detector_pair__c929f032a226626451fed4ab,qwen2_5_7b_instruct_q4_k_m,nonseg_ascii_b16,sha256_hex,explain_everyday_system,ascii_b16,not_applicable,Q4_K_M,model_backed_quantization,0.008832227787195383,surprisal,quantization,pooled_quantizations,validation
quantization_generated__quantization_trial__0e9d3f97a115c15d4161db42,1,locked-dedup-cluster-258822e2bc498a71b7653506,revision_v1_nonce_96_bit_hex_045,detector_pair__11b55a995c2ac0511096aeaf,qwen2_5_7b_instruct_q4_k_m,nonseg_ascii_b8,nonce_96_bit_hex,casual_hobby_chat,ascii_b8,not_applicable,Q4_K_M,model_backed_quantization,0.9962079669169737,surprisal,quantization,pooled_quantizations,validation
quantization_generated__quantization_trial__0f361278f8b5c246ad122483,1,locked-dedup-cluster-17076ff9269019d74c924b01,revision_v1_nonce_96_bit_hex_047,detector_pair__fc322630bd1accecedd51980,qwen2_5_7b_instruct_q8_0,nonseg_ascii_b16,nonce_96_bit_hex,forum_purchase_advice,ascii_b16,not_applicable,Q8_0,model_backed_quantization,0.9987352184289255,surprisal,quantization,pooled_quantizations,validation
quantization_generated__quantization_trial__0fbea157d00f1c1c04065913,0,locked-dedup-cluster-7aae3a6d1c11ecb6700a986d,revision_v1_sha256_hex_036,detector_pair__6c552ff2cf18fbe4710e630d,qwen2_5_7b_instruct_q4_k_m,nonseg_ascii_b16,sha256_hex,professional_schedule_note,ascii_b16,not_applicable,Q4_K_M,model_backed_quantization,0.010880870815599922,surprisal,quantization,pooled_quantizations,validation
quantization_generated__quantization_trial__0fd3b662f171a899d03f3ab4,1,locked-dedup-cluster-1b00f31aa1e45ecbdc304bed,revision_v1_uuid_v4_039,detector_pair__ef001a58a0b16674e4de7fe7,qwen2_5_7b_instruct_q4_k_m,nonseg_ascii_b8,uuid_v4,forum_learning_answer,ascii_b8,not_applicable,Q4_K_M,model_backed_quantization,0.9703785499172906,surprisal,quantization,pooled_quantizations,validation
quantization_generated__quantization_trial__100acabe8d3873c40d51000e,0,locked-dedup-cluster-bc077faa1a8a103220224e85,revision_v1_chacha20_poly1305_base64_036,detector_pair__7fa1db016d2b99349fd27b66,qwen2_5_7b_instruct_q4_k_m,nonseg_ascii_b8,chacha20_poly1305_base64,professional_schedule_note,ascii_b8,not_applicable,Q4_K_M,model_backed_quantization,0.007204733460814455,surprisal,quantization,pooled_quantizations,validation
quantization_generated__quantization_trial__106940f3bc2d1ce5bd704ef5,0,locked-dedup-cluster-23688669a27f472f3b4c7be0,revision_v1_uuid_v4_038,detector_pair__72f2f9c6d5a404a776008984,qwen2_5_7b_instruct_q4_k_m,nonseg_ascii_b8,uuid_v4,professional_process_email,ascii_b8,not_applicable,Q4_K_M,model_backed_quantization,0.00903891225733568,surprisal,quantization,pooled_quantizations,validation
quantization_generated__quantization_trial__10c713cb1838a7a8762a2e6d,0,locked-dedup-cluster-d079eecad7476b4230a994ea,revision_v1_uuid_v4_036,detector_pair__01d8f7299c15d0ed4666388d,qwen2_5_7b_instruct_q4_k_m,nonseg_ascii_b8,uuid_v4,explain_biological_process,ascii_b8,not_applicable,Q4_K_M,model_backed_quantization,0.004135927779710612,surprisal,quantization,pooled_quantizations,validation
quantization_generated__quantization_trial__10df0ff35fdb0951ecbd24cb,1,locked-dedup-cluster-b2ca5e6856a27752a6cf96b9,revision_v1_aes256_gcm_base64_045,detector_pair__66beec3a3d998d41e0653d53,qwen2_5_7b_instruct_q8_0,nonseg_ascii_b16,aes256_gcm_base64,procedure_home_task,ascii_b16,not_applicable,Q8_0,model_backed_quantization,0.998568638015066,surprisal,quantization,pooled_quantizations,validation
quantization_generated__quantization_trial__116ed961ae8a4dad4fa71994,1,locked-dedup-cluster-058fda41f3207b53b75ba98b,revision_v1_nonce_96_bit_hex_036,detector_pair__e742a2fbcc467ff2b112825e,qwen2_5_7b_instruct_q8_0,nonseg_ascii_b16,nonce_96_bit_hex,procedure_simple_meal,ascii_b16,not_applicable,Q8_0,model_backed_quantization,0.9989524096906952,surprisal,quantization,pooled_quantizations,validation
quantization_generated__quantization_trial__125b5a94c97df450d63ed176,1,locked-dedup-cluster-6011fbb5ee1115e93ddfe3e1,revision_v1_chacha20_poly1305_base64_047,detector_pair__b2f78df8ba014169977e35be,qwen2_5_7b_instruct_q4_k_m,nonseg_ascii_b16,chacha20_poly1305_base64,casual_neighborhood_chat,ascii_b16,not_applicable,Q4_K_M,model_backed_quantization,0.9916209621337096,surprisal,quantization,pooled_quantizations,validation
quantization_generated__quantization_trial__1290a3ae31a2dda779f022ed,1,locked-dedup-cluster-51612ff886a1985457334a6f,revision_v1_sha256_hex_045,detector_pair__9af36633d53eb170b788f5ba,qwen2_5_7b_instruct_q8_0,nonseg_ascii_b16,sha256_hex,narrative_learning_moment,ascii_b16,not_applicable,Q8_0,model_backed_quantization,0.997575789674133,surprisal,quantization,pooled_quantizations,validation
quantization_generated__quantization_trial__129f4325b7e0f430d3552cce,0,locked-dedup-cluster-cc1d79c541da66daf8e9d81d,revision_v1_chacha20_poly1305_base64_040,detector_pair__caebd0e115b0f676bb7d1ed1,qwen2_5_7b_instruct_q8_0,nonseg_ascii_b16,chacha20_poly1305_base64,explain_everyday_system,ascii_b16,not_applicable,Q8_0,model_backed_quantization,0.013481594846627776,surprisal,quantization,pooled_quantizations,validation
quantization_generated__quantization_trial__12de61aceffdb76891db614d,0,locked-dedup-cluster-bc077faa1a8a103220224e85,revision_v1_chacha20_poly1305_base64_036,detector_pair__7fa1db016d2b99349fd27b66,qwen2_5_7b_instruct_q8_0,nonseg_ascii_b8,chacha20_poly1305_base64,professional_schedule_note,ascii_b8,not_applicable,Q8_0,model_backed_quantization,0.007458576441719815,surprisal,quantization,pooled_quantizations,validation
quantization_generated__quantization_trial__12e9178f1ec0b75c3d3309eb,1,locked-dedup-cluster-6e873b678160da9a608f2b93,revision_v1_sha256_hex_040,detector_pair__c6e9324f3e04594d78942f18,qwen2_5_7b_instruct_q8_0,nonseg_ascii_b8,sha256_hex,explain_everyday_system,ascii_b8,not_applicable,Q8_0,model_backed_quantization,0.9483725135966509,surprisal,quantization,pooled_quantizations,validation
quantization_generated__quantization_trial__139599926b40fd22c9848457,1,locked-dedup-cluster-e4a3d80046c9b83a56f2cc60,revision_v1_ed25519_signature_base64_038,detector_pair__40831a807b34fa795a04d8bd,qwen2_5_7b_instruct_q8_0,nonseg_ascii_b16,ed25519_signature_base64,narrative_learning_moment,ascii_b16,not_applicable,Q8_0,model_backed_quantization,0.9943960190725436,surprisal,quantization,pooled_quantizations,validation
quantization_generated__quantization_trial__13e7fb88c11b6a14dc0aae3a,1,locked-dedup-cluster-f1992b5888233b29fd862f23,revision_v1_nonce_96_bit_hex_043,detector_pair__7f664dc4f7720d61a8deab43,qwen2_5_7b_instruct_q4_k_m,nonseg_ascii_b16,nonce_96_bit_hex,narrative_local_walk,ascii_b16,not_applicable,Q4_K_M,model_backed_quantization,0.9957756750927236,surprisal,quantization,pooled_quantizations,validation
quantization_generated__quantization_trial__14486e5890506e706345a430,1,locked-dedup-cluster-480569e564e6de62c0580300,revision_v1_nonce_96_bit_hex_039,detector_pair__41da321dc97f67f5102a44e2,qwen2_5_7b_instruct_q4_k_m,nonseg_ascii_b8,nonce_96_bit_hex,casual_weekend_chat,ascii_b8,not_applicable,Q4_K_M,model_backed_quantization,0.9805372499194196,surprisal,quantization,pooled_quantizations,validation
quantization_generated__quantization_trial__14546f60aeb0b9f70e6f7870,0,locked-dedup-cluster-518372beb501e1afe511974a,revision_v1_ed25519_signature_base64_044,detector_pair__a4fc29717b333737786af41f,qwen2_5_7b_instruct_q4_k_m,nonseg_ascii_b16,ed25519_signature_base64,narrative_small_discovery,ascii_b16,not_applicable,Q4_K_M,model_backed_quantization,0.026075895456945324,surprisal,quantization,pooled_quantizations,validation
quantization_generated__quantization_trial__15449e64aad28e7ab90858cc,0,locked-dedup-cluster-cc1d79c541da66daf8e9d81d,revision_v1_chacha20_poly1305_base64_040,detector_pair__71b840c4bbf42a7fe2a2d0fd,qwen2_5_7b_instruct_q8_0,nonseg_ascii_b8,chacha20_poly1305_base64,explain_everyday_system,ascii_b8,not_applicable,Q8_0,model_backed_quantization,0.009567253642415738,surprisal,quantization,pooled_quantizations,validation
quantization_generated__quantization_trial__15854a44dacf846cc57bffd5,1,locked-dedup-cluster-b28668fec7b4b4cd80580ba8,revision_v1_aes256_gcm_base64_046,detector_pair__3eaec9e2ea5e020a12cfd9d6,qwen2_5_7b_instruct_q8_0,nonseg_ascii_b16,aes256_gcm_base64,narrative_local_walk,ascii_b16,not_applicable,Q8_0,model_backed_quantization,0.9938123911660733,surprisal,quantization,pooled_quantizations,validation
quantization_generated__quantization_trial__1589e62572a5a71f88419d05,1,locked-dedup-cluster-e8b16cc4e3be2ed3afd26670,revision_v1_hmac_sha256_hex_040,detector_pair__e207b9d1015c84afb65888ab,qwen2_5_7b_instruct_q4_k_m,nonseg_ascii_b16,hmac_sha256_hex,casual_neighborhood_chat,ascii_b16,not_applicable,Q4_K_M,model_backed_quantization,0.9927757921944662,surprisal,quantization,pooled_quantizations,validation
quantization_generated__quantization_trial__15e4d67b28a3962fac10bcd2,1,locked-dedup-cluster-d24ae4dc1ca2dcb4473005f9,revision_v1_hmac_sha256_hex_036,detector_pair__b5ffda8a44a6e02bf0fbc534,qwen2_5_7b_instruct_q4_k_m,nonseg_ascii_b8,hmac_sha256_hex,forum_learning_answer,ascii_b8,not_applicable,Q4_K_M,model_backed_quantization,0.9895950855408748,surprisal,quantization,pooled_quantizations,validation
quantization_generated__quantization_trial__1620b2d36c0561a388069bd5,0,locked-dedup-cluster-7440eb834fd6bac140e772c9,revision_v1_nonce_96_bit_hex_038,detector_pair__72a4c41119f9a6e70ef45e4d,qwen2_5_7b_instruct_q8_0,nonseg_ascii_b16,nonce_96_bit_hex,explain_weather_pattern,ascii_b16,not_applicable,Q8_0,model_backed_quantization,0.009353066351467423,surprisal,quantization,pooled_quantizations,validation
quantization_generated__quantization_trial__1686d5d95f67f560d009d5c0,0,locked-dedup-cluster-1ee4b534cd708fac58a4e520,revision_v1_ed25519_signature_base64_036,detector_pair__b45d0507ae99c61fda8ee064,qwen2_5_7b_instruct_q8_0,nonseg_ascii_b8,ed25519_signature_base64,forum_learning_answer,ascii_b8,not_applicable,Q8_0,model_backed_quantization,0.014191624025994607,surprisal,quantization,pooled_quantizations,validation
quantization_generated__quantization_trial__1692538f4420513a1ef24292,1,locked-dedup-cluster-9984a5aa196e508c10aeda3a,revision_v1_chacha20_poly1305_base64_043,detector_pair__a9a2f47120322ac6122481bf,qwen2_5_7b_instruct_q4_k_m,nonseg_ascii_b8,chacha20_poly1305_base64,forum_learning_answer,ascii_b8,not_applicable,Q4_K_M,model_backed_quantization,0.9794887664457308,surprisal,quantization,pooled_quantizations,validation
quantization_generated__quantization_trial__17e91718febddbd072a01f2e,1,locked-dedup-cluster-f6fc3479f88b17e2282c2e2e,revision_v1_token_128_bit_hex_043,detector_pair__7b73d5b3a482442d5b67755b,qwen2_5_7b_instruct_q4_k_m,nonseg_ascii_b16,token_128_bit_hex,explain_biological_process,ascii_b16,not_applicable,Q4_K_M,model_backed_quantization,0.9977914535521927,surprisal,quantization,pooled_quantizations,validation
quantization_generated__quantization_trial__18d4b29c0d76f604aaaef017,0,locked-dedup-cluster-d24ae4dc1ca2dcb4473005f9,revision_v1_hmac_sha256_hex_036,detector_pair__4a18319810ba6c203b8f083f,qwen2_5_7b_instruct_q8_0,nonseg_ascii_b16,hmac_sha256_hex,forum_learning_answer,ascii_b16,not_applicable,Q8_0,model_backed_quantization,0.007722369515171909,surprisal,quantization,pooled_quantizations,validation
quantization_generated__quantization_trial__18e02cacccfaa9d33636dd12,1,locked-dedup-cluster-480569e564e6de62c0580300,revision_v1_nonce_96_bit_hex_039,detector_pair__41da321dc97f67f5102a44e2,qwen2_5_7b_instruct_q8_0,nonseg_ascii_b8,nonce_96_bit_hex,casual_weekend_chat,ascii_b8,not_applicable,Q8_0,model_backed_quantization,0.98041137849924,surprisal,quantization,pooled_quantizations,validation
quantization_generated__quantization_trial__18e74b475dea8ba872e79d23,0,locked-dedup-cluster-0de80089e8762fad04cb9524,revision_v1_ed25519_signature_base64_046,detector_pair__3d736a598410b48ebb92cb2b,qwen2_5_7b_instruct_q8_0,nonseg_ascii_b8,ed25519_signature_base64,casual_weekend_chat,ascii_b8,not_applicable,Q8_0,model_backed_quantization,0.015637718209076043,surprisal,quantization,pooled_quantizations,validation
quantization_generated__quantization_trial__191b8a40d5862220f424c143,0,locked-dedup-cluster-1ee4b534cd708fac58a4e520,revision_v1_ed25519_signature_base64_036,detector_pair__8119ddb96542cd689ae12f5e,qwen2_5_7b_instruct_q8_0,nonseg_ascii_b16,ed25519_signature_base64,forum_learning_answer,ascii_b16,not_applicable,Q8_0,model_backed_quantization,0.012399855487307487,surprisal,quantization,pooled_quantizations,validation
quantization_generated__quantization_trial__1971d2dcbb740e613f68a568,0,locked-dedup-cluster-96f03366a1bc639d45b09062,revision_v1_sha256_hex_044,detector_pair__03dc807fb1d1ba5414940a1f,qwen2_5_7b_instruct_q4_k_m,nonseg_ascii_b8,sha256_hex,procedure_garden_task,ascii_b8,not_applicable,Q4_K_M,model_backed_quantization,0.01818891915201223,surprisal,quantization,pooled_quantizations,validation
quantization_generated__quantization_trial__199453daa31c5a8ea7160d74,1,locked-dedup-cluster-7aae3a6d1c11ecb6700a986d,revision_v1_sha256_hex_036,detector_pair__6c552ff2cf18fbe4710e630d,qwen2_5_7b_instruct_q4_k_m,nonseg_ascii_b16,sha256_hex,professional_schedule_note,ascii_b16,not_applicable,Q4_K_M,model_backed_quantization,0.9662115577509158,surprisal,quantization,pooled_quantizations,validation
quantization_generated__quantization_trial__19d13d88b0262d1248fbee05,1,locked-dedup-cluster-1e85096517059ca2585e10f1,revision_v1_nonce_96_bit_hex_044,detector_pair__dfce901e5324ff5d860dbf81,qwen2_5_7b_instruct_q8_0,nonseg_ascii_b8,nonce_96_bit_hex,explain_everyday_system,ascii_b8,not_applicable,Q8_0,model_backed_quantization,0.9368000293876446,surprisal,quantization,pooled_quantizations,validation
quantization_generated__quantization_trial__1a076b82fee62e2bd4c3bd77,1,locked-dedup-cluster-f63fdbc0a0898161cb79cb32,revision_v1_aes256_gcm_base64_036,detector_pair__bbaf6ceb196212459ecdcfbc,qwen2_5_7b_instruct_q8_0,nonseg_ascii_b16,aes256_gcm_base64,casual_weekend_chat,ascii_b16,not_applicable,Q8_0,model_backed_quantization,0.9874114613302074,surprisal,quantization,pooled_quantizations,validation
quantization_generated__quantization_trial__1a58fd7cf333bd1881b54e97,0,locked-dedup-cluster-2232191bb0f9ade93aac1023,revision_v1_nonce_96_bit_hex_046,detector_pair__080f7ebbc256d7eac47da67e,qwen2_5_7b_instruct_q8_0,nonseg_ascii_b16,nonce_96_bit_hex,professional_schedule_note,ascii_b16,not_applicable,Q8_0,model_backed_quantization,0.0036956853659880088,surprisal,quantization,pooled_quantizations,validation
quantization_generated__quantization_trial__1aad232d4a5a2171145f6c6a,1,locked-dedup-cluster-9309c13a3cd92781ed630582,revision_v1_token_128_bit_hex_040,detector_pair__eeaa3eaae76f4fcee87e0e40,qwen2_5_7b_instruct_q8_0,nonseg_ascii_b8,token_128_bit_hex,forum_purchase_advice,ascii_b8,not_applicable,Q8_0,model_backed_quantization,0.9587173274330808,surprisal,quantization,pooled_quantizations,validation
quantization_generated__quantization_trial__1b4a9bc69244bff6bb5d6990,1,locked-dedup-cluster-4f6ab2ce0956867e1b0b1bad,revision_v1_hmac_sha256_hex_043,detector_pair__27fc3a69d1d8aa4fb9ba3a29,qwen2_5_7b_instruct_q4_k_m,nonseg_ascii_b16,hmac_sha256_hex,procedure_simple_meal,ascii_b16,not_applicable,Q4_K_M,model_backed_quantization,0.9946994493965686,surprisal,quantization,pooled_quantizations,validation
quantization_generated__quantization_trial__1b56a49486fe1099857c17c0,1,locked-dedup-cluster-403c836b92dc86a3f953e63f,revision_v1_token_128_bit_hex_047,detector_pair__f4b05442c56a473b07f8acb4,qwen2_5_7b_instruct_q4_k_m,nonseg_ascii_b8,token_128_bit_hex,procedure_garden_task,ascii_b8,not_applicable,Q4_K_M,model_backed_quantization,0.9792207722267944,surprisal,quantization,pooled_quantizations,validation
quantization_generated__quantization_trial__1bbd80ccab99f06c09feecb6,0,locked-dedup-cluster-bb3426430524b7a3d5783048,revision_v1_token_128_bit_hex_046,detector_pair__2da3ed3af7d1c01b617174eb,qwen2_5_7b_instruct_q4_k_m,nonseg_ascii_b16,token_128_bit_hex,forum_learning_answer,ascii_b16,not_applicable,Q4_K_M,model_backed_quantization,0.009436151821975316,surprisal,quantization,pooled_quantizations,validation
quantization_generated__quantization_trial__1bec18a2b567cee24c7b3ba0,1,locked-dedup-cluster-f4c37670622213f8f7284467,revision_v1_hmac_sha256_hex_046,detector_pair__f93c6d6f393228f3e498afc9,qwen2_5_7b_instruct_q4_k_m,nonseg_ascii_b8,hmac_sha256_hex,casual_weekend_chat,ascii_b8,not_applicable,Q4_K_M,model_backed_quantization,0.9764573417923553,surprisal,quantization,pooled_quantizations,validation
quantization_generated__quantization_trial__1c35a05d12020f46e7f1cb2f,1,locked-dedup-cluster-96f03366a1bc639d45b09062,revision_v1_sha256_hex_044,detector_pair__03dc807fb1d1ba5414940a1f,qwen2_5_7b_instruct_q4_k_m,nonseg_ascii_b8,sha256_hex,procedure_garden_task,ascii_b8,not_applicable,Q4_K_M,model_backed_quantization,0.9670818903450377,surprisal,quantization,pooled_quantizations,validation
quantization_generated__quantization_trial__1c540615a6ddfeadd2664b10,0,locked-dedup-cluster-297821525cb8031a3660626d,revision_v1_nonce_96_bit_hex_041,detector_pair__589a84b49306fc8f623d0366,qwen2_5_7b_instruct_q8_0,nonseg_ascii_b8,nonce_96_bit_hex,forum_practical_answer,ascii_b8,not_applicable,Q8_0,model_backed_quantization,0.01592228111198174,surprisal,quantization,pooled_quantizations,validation
quantization_generated__quantization_trial__1c86a1258a08013fff50b747,0,locked-dedup-cluster-0fb77ce4d96e18f21377e8de,revision_v1_token_128_bit_hex_039,detector_pair__590e84f70a242c22788b72cd,qwen2_5_7b_instruct_q4_k_m,nonseg_ascii_b8,token_128_bit_hex,professional_schedule_note,ascii_b8,not_applicable,Q4_K_M,model_backed_quantization,0.008923118266262983,surprisal,quantization,pooled_quantizations,validation
quantization_generated__quantization_trial__1c91fc3407a1da5934cb7df0,1,locked-dedup-cluster-e9d719501ea863777c5d999a,revision_v1_chacha20_poly1305_base64_045,detector_pair__83c48845f7b6ebcac732c63a,qwen2_5_7b_instruct_q8_0,nonseg_ascii_b16,chacha20_poly1305_base64,narrative_learning_moment,ascii_b16,not_applicable,Q8_0,model_backed_quantization,0.9878292432071727,surprisal,quantization,pooled_quantizations,validation
quantization_generated__quantization_trial__1cb8733c235da19a559b7a60,0,locked-dedup-cluster-43af11f5d2e1ab75fc7f8cd0,revision_v1_uuid_v4_037,detector_pair__f84286f3893fe80ca66c866c,qwen2_5_7b_instruct_q8_0,nonseg_ascii_b16,uuid_v4,casual_neighborhood_chat,ascii_b16,not_applicable,Q8_0,model_backed_quantization,0.026717110147824952,surprisal,quantization,pooled_quantizations,validation
quantization_generated__quantization_trial__1cb9f4e129920752db282340,0,locked-dedup-cluster-2f91866a4152689c8a27b0ea,revision_v1_nonce_96_bit_hex_040,detector_pair__d304dfc7743c4b0b5883cb92,qwen2_5_7b_instruct_q4_k_m,nonseg_ascii_b8,nonce_96_bit_hex,professional_project_update,ascii_b8,not_applicable,Q4_K_M,model_backed_quantization,0.00639179233019607,surprisal,quantization,pooled_quantizations,validation
quantization_generated__quantization_trial__1cf1c2e03eae9929f81b4cc9,0,locked-dedup-cluster-b2ca5e6856a27752a6cf96b9,revision_v1_aes256_gcm_base64_045,detector_pair__b20819fc9c514886a56a62bd,qwen2_5_7b_instruct_q8_0,nonseg_ascii_b8,aes256_gcm_base64,procedure_home_task,ascii_b8,not_applicable,Q8_0,model_backed_quantization,0.00997763552559367,surprisal,quantization,pooled_quantizations,validation
quantization_generated__quantization_trial__1dd8d3e9985e1a8e74c472ab,1,locked-dedup-cluster-7440eb834fd6bac140e772c9,revision_v1_nonce_96_bit_hex_038,detector_pair__76513d008539d2b9a6e1e705,qwen2_5_7b_instruct_q8_0,nonseg_ascii_b8,nonce_96_bit_hex,explain_weather_pattern,ascii_b8,not_applicable,Q8_0,model_backed_quantization,0.978096546805568,surprisal,quantization,pooled_quantizations,validation
quantization_generated__quantization_trial__1e7e522f2fa3927221138113,0,locked-dedup-cluster-5420f0d18e8c16b21f01be4f,revision_v1_token_128_bit_hex_042,detector_pair__e8c0e6f692070a8747886cd3,qwen2_5_7b_instruct_q4_k_m,nonseg_ascii_b16,token_128_bit_hex,narrative_learning_moment,ascii_b16,not_applicable,Q4_K_M,model_backed_quantization,0.01943154186378459,surprisal,quantization,pooled_quantizations,validation
quantization_generated__quantization_trial__1ea112dda3ff5dea49aac041,1,locked-dedup-cluster-f1992b5888233b29fd862f23,revision_v1_nonce_96_bit_hex_043,detector_pair__043fa22548cf95884d548a5f,qwen2_5_7b_instruct_q4_k_m,nonseg_ascii_b8,nonce_96_bit_hex,narrative_local_walk,ascii_b8,not_applicable,Q4_K_M,model_backed_quantization,0.8925902184682362,surprisal,quantization,pooled_quantizations,validation
quantization_generated__quantization_trial__1ea1d18179d2c8dd64fbfb3c,0,locked-dedup-cluster-6c21ad65fb4bd1a4c214a454,revision_v1_sha256_hex_037,detector_pair__fc067376fe841401c9c1c360,qwen2_5_7b_instruct_q8_0,nonseg_ascii_b16,sha256_hex,forum_purchase_advice,ascii_b16,not_applicable,Q8_0,model_backed_quantization,0.014402005224348178,surprisal,quantization,pooled_quantizations,validation
quantization_generated__quantization_trial__1eb8897a55e11256459c9192,1,locked-dedup-cluster-b4ececda78ae52a82e269174,revision_v1_chacha20_poly1305_base64_044,detector_pair__c959828ce9005432706a41fe,qwen2_5_7b_instruct_q8_0,nonseg_ascii_b8,chacha20_poly1305_base64,procedure_garden_task,ascii_b8,not_applicable,Q8_0,model_backed_quantization,0.9968692745561065,surprisal,quantization,pooled_quantizations,validation
quantization_generated__quantization_trial__1f4ab48daa60beb562831f75,1,locked-dedup-cluster-b4ececda78ae52a82e269174,revision_v1_chacha20_poly1305_base64_044,detector_pair__8444ac34a80255bc3899655c,qwen2_5_7b_instruct_q4_k_m,nonseg_ascii_b16,chacha20_poly1305_base64,procedure_garden_task,ascii_b16,not_applicable,Q4_K_M,model_backed_quantization,0.9965635426576116,surprisal,quantization,pooled_quantizations,validation
quantization_generated__quantization_trial__1f52848fb32354bff38a1007,1,locked-dedup-cluster-c8f97f89526ce497f8474833,revision_v1_hmac_sha256_hex_041,detector_pair__fca074976e2cd6da0931bbdf,qwen2_5_7b_instruct_q4_k_m,nonseg_ascii_b8,hmac_sha256_hex,professional_process_email,ascii_b8,not_applicable,Q4_K_M,model_backed_quantization,0.9712014144821952,surprisal,quantization,pooled_quantizations,validation
quantization_generated__quantization_trial__1fac3fba005799436eb8d552,0,locked-dedup-cluster-e4b26eefab93fb49f672ce05,revision_v1_nonce_96_bit_hex_042,detector_pair__fc101879fb3fba15ca86a19c,qwen2_5_7b_instruct_q4_k_m,nonseg_ascii_b16,nonce_96_bit_hex,procedure_home_task,ascii_b16,not_applicable,Q4_K_M,model_backed_quantization,0.025580632885720916,surprisal,quantization,pooled_quantizations,validation
quantization_generated__quantization_trial__1ff7ae172bfdda8c24fcc124,0,locked-dedup-cluster-058fda41f3207b53b75ba98b,revision_v1_nonce_96_bit_hex_036,detector_pair__e742a2fbcc467ff2b112825e,qwen2_5_7b_instruct_q4_k_m,nonseg_ascii_b16,nonce_96_bit_hex,procedure_simple_meal,ascii_b16,not_applicable,Q4_K_M,model_backed_quantization,0.013601342579069623,surprisal,quantization,pooled_quantizations,validation
quantization_generated__quantization_trial__1ffe6b7b3a2b4987485e82ce,0,locked-dedup-cluster-58b9073d1fd85a24e498b5bf,revision_v1_sha256_hex_038,detector_pair__43886cdc0f21e92425effff5,qwen2_5_7b_instruct_q4_k_m,nonseg_ascii_b16,sha256_hex,procedure_home_task,ascii_b16,not_applicable,Q4_K_M,model_backed_quantization,0.010948245748157587,surprisal,quantization,pooled_quantizations,validation
quantization_generated__quantization_trial__2015bff23ef188a4f4530efe,0,locked-dedup-cluster-74a6b9f9e3047bf7067f2ba2,revision_v1_aes256_gcm_base64_047,detector_pair__a6d21c29b8f5e12436420d5b,qwen2_5_7b_instruct_q8_0,nonseg_ascii_b16,aes256_gcm_base64,explain_everyday_system,ascii_b16,not_applicable,Q8_0,model_backed_quantization,0.01022520902733254,surprisal,quantization,pooled_quantizations,validation
quantization_generated__quantization_trial__206b201decc04d21ca8d634b,0,locked-dedup-cluster-5420f0d18e8c16b21f01be4f,revision_v1_token_128_bit_hex_042,detector_pair__e8c0e6f692070a8747886cd3,qwen2_5_7b_instruct_q8_0,nonseg_ascii_b16,token_128_bit_hex,narrative_learning_moment,ascii_b16,not_applicable,Q8_0,model_backed_quantization,0.029918423784819365,surprisal,quantization,pooled_quantizations,validation
quantization_generated__quantization_trial__214145b25af82802d2cd543f,0,locked-dedup-cluster-f6fc3479f88b17e2282c2e2e,revision_v1_token_128_bit_hex_043,detector_pair__7b73d5b3a482442d5b67755b,qwen2_5_7b_instruct_q4_k_m,nonseg_ascii_b16,token_128_bit_hex,explain_biological_process,ascii_b16,not_applicable,Q4_K_M,model_backed_quantization,0.009301655263598477,surprisal,quantization,pooled_quantizations,validation
quantization_generated__quantization_trial__21a8363b17ca34edc8671c6f,0,locked-dedup-cluster-e1f89602cec0d549198e89c6,revision_v1_chacha20_poly1305_base64_046,detector_pair__f53982ddd1c73f8c5572cfdf,qwen2_5_7b_instruct_q8_0,nonseg_ascii_b16,chacha20_poly1305_base64,explain_biological_process,ascii_b16,not_applicable,Q8_0,model_backed_quantization,0.004194497920306915,surprisal,quantization,pooled_quantizations,validation
quantization_generated__quantization_trial__224384d1ed95b06ab6e61ddd,1,locked-dedup-cluster-09ed2aa6b13db6df0ab6756d,revision_v1_ed25519_signature_base64_042,detector_pair__ebf8c4ae17f183e147925be1,qwen2_5_7b_instruct_q4_k_m,nonseg_ascii_b16,ed25519_signature_base64,forum_practical_answer,ascii_b16,not_applicable,Q4_K_M,model_backed_quantization,0.9984973612861446,surprisal,quantization,pooled_quantizations,validation
quantization_generated__quantization_trial__224c1daf5b4fde23e3a4a402,0,locked-dedup-cluster-297821525cb8031a3660626d,revision_v1_nonce_96_bit_hex_041,detector_pair__de5db7c43925bf3aea4d5346,qwen2_5_7b_instruct_q8_0,nonseg_ascii_b16,nonce_96_bit_hex,forum_practical_answer,ascii_b16,not_applicable,Q8_0,model_backed_quantization,0.010760650545348352,surprisal,quantization,pooled_quantizations,validation
quantization_generated__quantization_trial__231ca26a9931bea1232e205e,0,locked-dedup-cluster-2f91866a4152689c8a27b0ea,revision_v1_nonce_96_bit_hex_040,detector_pair__3f56575b6729bf0769e0b2fc,qwen2_5_7b_instruct_q4_k_m,nonseg_ascii_b16,nonce_96_bit_hex,professional_project_update,ascii_b16,not_applicable,Q4_K_M,model_backed_quantization,0.00569718759973491,surprisal,quantization,pooled_quantizations,validation
quantization_generated__quantization_trial__23580f0457ca4f3e6c481451,1,locked-dedup-cluster-e9d719501ea863777c5d999a,revision_v1_chacha20_poly1305_base64_045,detector_pair__83c48845f7b6ebcac732c63a,qwen2_5_7b_instruct_q4_k_m,nonseg_ascii_b16,chacha20_poly1305_base64,narrative_learning_moment,ascii_b16,not_applicable,Q4_K_M,model_backed_quantization,0.9843669257809803,surprisal,quantization,pooled_quantizations,validation
quantization_generated__quantization_trial__23f38112e4750c1abe1a3885,1,locked-dedup-cluster-00eccca339b70a566fc600ea,revision_v1_ed25519_signature_base64_041,detector_pair__d38051ffbbb449942635550a,qwen2_5_7b_instruct_q4_k_m,nonseg_ascii_b8,ed25519_signature_base64,professional_process_email,ascii_b8,not_applicable,Q4_K_M,model_backed_quantization,0.9753708120508625,surprisal,quantization,pooled_quantizations,validation
quantization_generated__quantization_trial__23f39663a6d85cd2dd6d1dbf,0,locked-dedup-cluster-804389a06ddc24189a12fcd5,revision_v1_chacha20_poly1305_base64_041,detector_pair__8fdcb111e75158018783c679,qwen2_5_7b_instruct_q4_k_m,nonseg_ascii_b16,chacha20_poly1305_base64,casual_hobby_chat,ascii_b16,not_applicable,Q4_K_M,model_backed_quantization,0.017614074440619642,surprisal,quantization,pooled_quantizations,validation
quantization_generated__quantization_trial__24007e00cc7654bad2bea1f4,1,locked-dedup-cluster-bb3426430524b7a3d5783048,revision_v1_token_128_bit_hex_046,detector_pair__dee388846383495f938f1da6,qwen2_5_7b_instruct_q4_k_m,nonseg_ascii_b8,token_128_bit_hex,forum_learning_answer,ascii_b8,not_applicable,Q4_K_M,model_backed_quantization,0.9851421449110758,surprisal,quantization,pooled_quantizations,validation
quantization_generated__quantization_trial__24c0fabdb7215f5bf812ae46,1,locked-dedup-cluster-ec7757362682f43221c8e6e9,revision_v1_hmac_sha256_hex_047,detector_pair__8b965eebd57876a94aa37ef9,qwen2_5_7b_instruct_q8_0,nonseg_ascii_b16,hmac_sha256_hex,professional_project_update,ascii_b16,not_applicable,Q8_0,model_backed_quantization,0.9798251629512486,surprisal,quantization,pooled_quantizations,validation
quantization_generated__quantization_trial__25555c9e5a1b635de1e1560b,1,locked-dedup-cluster-fb664cb695fde518915aab25,revision_v1_hmac_sha256_hex_042,detector_pair__5b8ea7b873ad2d547a2288a8,qwen2_5_7b_instruct_q4_k_m,nonseg_ascii_b16,hmac_sha256_hex,forum_practical_answer,ascii_b16,not_applicable,Q4_K_M,model_backed_quantization,0.9983336991343046,surprisal,quantization,pooled_quantizations,validation
quantization_generated__quantization_trial__2567a5bc8c8d2a9639161a29,1,locked-dedup-cluster-1d1bea482f900a9bc2d26310,revision_v1_nonce_96_bit_hex_037,detector_pair__45eb4bc9e08c77b4c6e5054f,qwen2_5_7b_instruct_q4_k_m,nonseg_ascii_b8,nonce_96_bit_hex,narrative_small_discovery,ascii_b8,not_applicable,Q4_K_M,model_backed_quantization,0.8958314075581578,surprisal,quantization,pooled_quantizations,validation
quantization_generated__quantization_trial__268f86af2dc85f67c14d2464,0,locked-dedup-cluster-fb664cb695fde518915aab25,revision_v1_hmac_sha256_hex_042,detector_pair__5b8ea7b873ad2d547a2288a8,qwen2_5_7b_instruct_q4_k_m,nonseg_ascii_b16,hmac_sha256_hex,forum_practical_answer,ascii_b16,not_applicable,Q4_K_M,model_backed_quantization,0.009457119409307857,surprisal,quantization,pooled_quantizations,validation
quantization_generated__quantization_trial__27d6b320caaeefc40d0de4a2,0,locked-dedup-cluster-72d6aaa27e96ad1608b1c89d,revision_v1_chacha20_poly1305_base64_039,detector_pair__470024b96e87932201bf92da,qwen2_5_7b_instruct_q4_k_m,nonseg_ascii_b16,chacha20_poly1305_base64,narrative_local_walk,ascii_b16,not_applicable,Q4_K_M,model_backed_quantization,0.01241912892039628,surprisal,quantization,pooled_quantizations,validation
quantization_generated__quantization_trial__27e1c12844125328090bb8e1,0,locked-dedup-cluster-912ff88210394ef10071ff54,revision_v1_ed25519_signature_base64_039,detector_pair__ebbe8c9586af971b4bc27bd4,qwen2_5_7b_instruct_q8_0,nonseg_ascii_b16,ed25519_signature_base64,explain_biological_process,ascii_b16,not_applicable,Q8_0,model_backed_quantization,0.00624587312727534,surprisal,quantization,pooled_quantizations,validation
quantization_generated__quantization_trial__284de2aa68aa580ff10b7347,1,locked-dedup-cluster-82fec35853ec8d44cf04cce4,revision_v1_hmac_sha256_hex_044,detector_pair__de4b198b379e50f2bf470c69,qwen2_5_7b_instruct_q8_0,nonseg_ascii_b16,hmac_sha256_hex,narrative_small_discovery,ascii_b16,not_applicable,Q8_0,model_backed_quantization,0.9616873195693768,surprisal,quantization,pooled_quantizations,validation
quantization_generated__quantization_trial__28a7a8069ac806424270fe7d,1,locked-dedup-cluster-fb664cb695fde518915aab25,revision_v1_hmac_sha256_hex_042,detector_pair__5b8ea7b873ad2d547a2288a8,qwen2_5_7b_instruct_q8_0,nonseg_ascii_b16,hmac_sha256_hex,forum_practical_answer,ascii_b16,not_applicable,Q8_0,model_backed_quantization,0.9805666117153315,surprisal,quantization,pooled_quantizations,validation
quantization_generated__quantization_trial__28c0b94eb32b4cffbe90df64,0,locked-dedup-cluster-03b12c24b75fd163404d55e4,revision_v1_ed25519_signature_base64_037,detector_pair__b4368fb7392b3c119696d1d9,qwen2_5_7b_instruct_q8_0,nonseg_ascii_b8,ed25519_signature_base64,procedure_garden_task,ascii_b8,not_applicable,Q8_0,model_backed_quantization,0.012330849543587546,surprisal,quantization,pooled_quantizations,validation
quantization_generated__quantization_trial__290b99c8617598a81868c797,1,locked-dedup-cluster-bced2ec523557c720d4ecf66,revision_v1_token_128_bit_hex_036,detector_pair__80c38946e35c125fcf1ee750,qwen2_5_7b_instruct_q8_0,nonseg_ascii_b16,token_128_bit_hex,narrative_local_walk,ascii_b16,not_applicable,Q8_0,model_backed_quantization,0.9961740302774766,surprisal,quantization,pooled_quantizations,validation
quantization_generated__quantization_trial__2a1d5b003b2946d6813d34a8,0,locked-dedup-cluster-03d1f8caa28ff2627b36b98f,revision_v1_token_128_bit_hex_038,detector_pair__8bf552eb80be4bb9c7e77945,qwen2_5_7b_instruct_q4_k_m,nonseg_ascii_b16,token_128_bit_hex,casual_hobby_chat,ascii_b16,not_applicable,Q4_K_M,model_backed_quantization,0.015610085154255148,surprisal,quantization,pooled_quantizations,validation
quantization_generated__quantization_trial__2a62e62c6af59d0279c37448,0,locked-dedup-cluster-56c311ab24e3b4956d5a8d34,revision_v1_ed25519_signature_base64_045,detector_pair__0cf9c16f41e31c9c9303f107,qwen2_5_7b_instruct_q8_0,nonseg_ascii_b8,ed25519_signature_base64,explain_weather_pattern,ascii_b8,not_applicable,Q8_0,model_backed_quantization,0.009495584989784084,surprisal,quantization,pooled_quantizations,validation
quantization_generated__quantization_trial__2c43274a8f953b1debabd040,0,locked-dedup-cluster-b021f708a83df097e9b0dc22,revision_v1_aes256_gcm_base64_043,detector_pair__8186e9a021a857ce00436ae2,qwen2_5_7b_instruct_q4_k_m,nonseg_ascii_b16,aes256_gcm_base64,professional_schedule_note,ascii_b16,not_applicable,Q4_K_M,model_backed_quantization,0.007308059797887262,surprisal,quantization,pooled_quantizations,validation
quantization_generated__quantization_trial__2d6fe5d81a2954c6afa81afc,0,locked-dedup-cluster-96f03366a1bc639d45b09062,revision_v1_sha256_hex_044,detector_pair__bd3bea6c920a33708cfdbc8f,qwen2_5_7b_instruct_q8_0,nonseg_ascii_b16,sha256_hex,procedure_garden_task,ascii_b16,not_applicable,Q8_0,model_backed_quantization,0.007031242727688573,surprisal,quantization,pooled_quantizations,validation
quantization_generated__quantization_trial__2da04d47a3364c1f20f8a37c,0,locked-dedup-cluster-7b246cd70d98090e5c3adbcc,revision_v1_sha256_hex_047,detector_pair__cb2be7e5f5e9225624e69e83,qwen2_5_7b_instruct_q8_0,nonseg_ascii_b8,sha256_hex,casual_neighborhood_chat,ascii_b8,not_applicable,Q8_0,model_backed_quantization,0.01965488321014748,surprisal,quantization,pooled_quantizations,validation
quantization_generated__quantization_trial__2dbd1a9d0f3fdb96484ec443,1,locked-dedup-cluster-74698d9f725d61b98986f3c9,revision_v1_token_128_bit_hex_045,detector_pair__8a182cdb6566f7cbe6cfded1,qwen2_5_7b_instruct_q8_0,nonseg_ascii_b16,token_128_bit_hex,professional_process_email,ascii_b16,not_applicable,Q8_0,model_backed_quantization,0.9851797612767575,surprisal,quantization,pooled_quantizations,validation
quantization_generated__quantization_trial__2e3e51aabb5d3a4b410508da,1,locked-dedup-cluster-bced2ec523557c720d4ecf66,revision_v1_token_128_bit_hex_036,detector_pair__8b4dddbe9d31f2d5d23518a6,qwen2_5_7b_instruct_q8_0,nonseg_ascii_b8,token_128_bit_hex,narrative_local_walk,ascii_b8,not_applicable,Q8_0,model_backed_quantization,0.9229793719417644,surprisal,quantization,pooled_quantizations,validation
quantization_generated__quantization_trial__2fa84d7105db490376ed0553,1,locked-dedup-cluster-bb3426430524b7a3d5783048,revision_v1_token_128_bit_hex_046,detector_pair__2da3ed3af7d1c01b617174eb,qwen2_5_7b_instruct_q4_k_m,nonseg_ascii_b16,token_128_bit_hex,forum_learning_answer,ascii_b16,not_applicable,Q4_K_M,model_backed_quantization,0.9947444452679006,surprisal,quantization,pooled_quantizations,validation
quantization_generated__quantization_trial__2fb5d853484c08c2cae10283,1,locked-dedup-cluster-c8f97f89526ce497f8474833,revision_v1_hmac_sha256_hex_041,detector_pair__fca074976e2cd6da0931bbdf,qwen2_5_7b_instruct_q8_0,nonseg_ascii_b8,hmac_sha256_hex,professional_process_email,ascii_b8,not_applicable,Q8_0,model_backed_quantization,0.9551818185410156,surprisal,quantization,pooled_quantizations,validation
quantization_generated__quantization_trial__3049d2e8833c4bf124f41e09,0,locked-dedup-cluster-e4a3d80046c9b83a56f2cc60,revision_v1_ed25519_signature_base64_038,detector_pair__3fb2a29a7c914557b3249cf7,qwen2_5_7b_instruct_q8_0,nonseg_ascii_b8,ed25519_signature_base64,narrative_learning_moment,ascii_b8,not_applicable,Q8_0,model_backed_quantization,0.02576529937655052,surprisal,quantization,pooled_quantizations,validation
quantization_generated__quantization_trial__304ee67bb76f9711371b304e,1,locked-dedup-cluster-982d753609ba3daf81c7d866,revision_v1_sha256_hex_046,detector_pair__169431427a64537810f18f59,qwen2_5_7b_instruct_q4_k_m,nonseg_ascii_b16,sha256_hex,explain_biological_process,ascii_b16,not_applicable,Q4_K_M,model_backed_quantization,0.9978224011016075,surprisal,quantization,pooled_quantizations,validation
quantization_generated__quantization_trial__305b36260f8203753104a5c4,1,locked-dedup-cluster-03b12c24b75fd163404d55e4,revision_v1_ed25519_signature_base64_037,detector_pair__f1c469c8b8e3c2c2fc95dd99,qwen2_5_7b_instruct_q4_k_m,nonseg_ascii_b16,ed25519_signature_base64,procedure_garden_task,ascii_b16,not_applicable,Q4_K_M,model_backed_quantization,0.9928346073361158,surprisal,quantization,pooled_quantizations,validation
quantization_generated__quantization_trial__305cf35df195a837a5e197da,0,locked-dedup-cluster-bced2ec523557c720d4ecf66,revision_v1_token_128_bit_hex_036,detector_pair__8b4dddbe9d31f2d5d23518a6,qwen2_5_7b_instruct_q8_0,nonseg_ascii_b8,token_128_bit_hex,narrative_local_walk,ascii_b8,not_applicable,Q8_0,model_backed_quantization,0.011428007244989822,surprisal,quantization,pooled_quantizations,validation
quantization_generated__quantization_trial__30b6a789baf567781781da99,0,locked-dedup-cluster-d24ae4dc1ca2dcb4473005f9,revision_v1_hmac_sha256_hex_036,detector_pair__b5ffda8a44a6e02bf0fbc534,qwen2_5_7b_instruct_q8_0,nonseg_ascii_b8,hmac_sha256_hex,forum_learning_answer,ascii_b8,not_applicable,Q8_0,model_backed_quantization,0.01093902181464364,surprisal,quantization,pooled_quantizations,validation
quantization_generated__quantization_trial__30fb5f8dcbf58727bab7c30a,0,locked-dedup-cluster-f9b2db30c1f7b1665ad6f593,revision_v1_hmac_sha256_hex_045,detector_pair__d61422b4ec535fd73c6aee41,qwen2_5_7b_instruct_q8_0,nonseg_ascii_b8,hmac_sha256_hex,explain_weather_pattern,ascii_b8,not_applicable,Q8_0,model_backed_quantization,0.0112376213829995,surprisal,quantization,pooled_quantizations,validation
quantization_generated__quantization_trial__3103fdfd0a5d8cb174458a78,0,locked-dedup-cluster-2447f2f757732f18a1468db2,revision_v1_aes256_gcm_base64_044,detector_pair__fcd0da9b07bf89d502899ca5,qwen2_5_7b_instruct_q4_k_m,nonseg_ascii_b8,aes256_gcm_base64,forum_purchase_advice,ascii_b8,not_applicable,Q4_K_M,model_backed_quantization,0.018224077378640947,surprisal,quantization,pooled_quantizations,validation
quantization_generated__quantization_trial__3139cc3c5c871f460ac56f83,1,locked-dedup-cluster-0a53df1782d32b924a429e87,revision_v1_uuid_v4_040,detector_pair__c39e0b53c4373b68fc04d83c,qwen2_5_7b_instruct_q8_0,nonseg_ascii_b16,uuid_v4,procedure_garden_task,ascii_b16,not_applicable,Q8_0,model_backed_quantization,0.9921146032342787,surprisal,quantization,pooled_quantizations,validation
quantization_generated__quantization_trial__313bb3a53dff943acad3412d,0,locked-dedup-cluster-09ed2aa6b13db6df0ab6756d,revision_v1_ed25519_signature_base64_042,detector_pair__3fd3c50ae27b39702a5a552c,qwen2_5_7b_instruct_q4_k_m,nonseg_ascii_b8,ed25519_signature_base64,forum_practical_answer,ascii_b8,not_applicable,Q4_K_M,model_backed_quantization,0.006839085338896,surprisal,quantization,pooled_quantizations,validation
quantization_generated__quantization_trial__321a983ddb667da2e0ed7f30,0,locked-dedup-cluster-c1384975805483ef72db522a,revision_v1_uuid_v4_047,detector_pair__459ccf43f017161a614d8780,qwen2_5_7b_instruct_q4_k_m,nonseg_ascii_b16,uuid_v4,narrative_small_discovery,ascii_b16,not_applicable,Q4_K_M,model_backed_quantization,0.0214193266991803,surprisal,quantization,pooled_quantizations,validation
quantization_generated__quantization_trial__32230c7308594e1c5f7fc141,0,locked-dedup-cluster-dd1fe22faa326c7d9a397feb,revision_v1_hmac_sha256_hex_038,detector_pair__98b75b8bcc52cb5f06878808,qwen2_5_7b_instruct_q8_0,nonseg_ascii_b16,hmac_sha256_hex,narrative_learning_moment,ascii_b16,not_applicable,Q8_0,model_backed_quantization,0.020538927809917576,surprisal,quantization,pooled_quantizations,validation
quantization_generated__quantization_trial__32bff8f9c87e2459c29c67c3,1,locked-dedup-cluster-f06bf1b2872f90ff6209fecd,revision_v1_uuid_v4_044,detector_pair__81eb9459126f46ff8ef67312,qwen2_5_7b_instruct_q8_0,nonseg_ascii_b8,uuid_v4,professional_project_update,ascii_b8,not_applicable,Q8_0,model_backed_quantization,0.8724469062220953,surprisal,quantization,pooled_quantizations,validation
quantization_generated__quantization_trial__33079e8e8dfd56add720d3fb,0,locked-dedup-cluster-6011fbb5ee1115e93ddfe3e1,revision_v1_chacha20_poly1305_base64_047,detector_pair__b2f78df8ba014169977e35be,qwen2_5_7b_instruct_q4_k_m,nonseg_ascii_b16,chacha20_poly1305_base64,casual_neighborhood_chat,ascii_b16,not_applicable,Q4_K_M,model_backed_quantization,0.01477971894602394,surprisal,quantization,pooled_quantizations,validation
quantization_generated__quantization_trial__33a2675c2d6955c091ecb821,0,locked-dedup-cluster-9984a5aa196e508c10aeda3a,revision_v1_chacha20_poly1305_base64_043,detector_pair__f431f1a7ffb073e6b40ed2b7,qwen2_5_7b_instruct_q8_0,nonseg_ascii_b16,chacha20_poly1305_base64,forum_learning_answer,ascii_b16,not_applicable,Q8_0,model_backed_quantization,0.009146511617552155,surprisal,quantization,pooled_quantizations,validation
quantization_generated__quantization_trial__34e438a7a112ec34e95e5f4a,0,locked-dedup-cluster-d24ae4dc1ca2dcb4473005f9,revision_v1_hmac_sha256_hex_036,detector_pair__b5ffda8a44a6e02bf0fbc534,qwen2_5_7b_instruct_q4_k_m,nonseg_ascii_b8,hmac_sha256_hex,forum_learning_answer,ascii_b8,not_applicable,Q4_K_M,model_backed_quantization,0.010398772541143624,surprisal,quantization,pooled_quantizations,validation
quantization_generated__quantization_trial__34ed5f106a4e4ab8b97ffa07,1,locked-dedup-cluster-e1f89602cec0d549198e89c6,revision_v1_chacha20_poly1305_base64_046,detector_pair__f53982ddd1c73f8c5572cfdf,qwen2_5_7b_instruct_q8_0,nonseg_ascii_b16,chacha20_poly1305_base64,explain_biological_process,ascii_b16,not_applicable,Q8_0,model_backed_quantization,0.9968267879471037,surprisal,quantization,pooled_quantizations,validation
quantization_generated__quantization_trial__34f4e2c40b95c776fb403823,1,locked-dedup-cluster-237faafa65b49354f2811074,revision_v1_chacha20_poly1305_base64_042,detector_pair__7ee17f208b6c9e8fd1542a6c,qwen2_5_7b_instruct_q4_k_m,nonseg_ascii_b8,chacha20_poly1305_base64,professional_process_email,ascii_b8,not_applicable,Q4_K_M,model_backed_quantization,0.9692645675647032,surprisal,quantization,pooled_quantizations,validation
quantization_generated__quantization_trial__35d1f441ae2aa69617c0c67e,1,locked-dedup-cluster-dd1fe22faa326c7d9a397feb,revision_v1_hmac_sha256_hex_038,detector_pair__98b75b8bcc52cb5f06878808,qwen2_5_7b_instruct_q4_k_m,nonseg_ascii_b16,hmac_sha256_hex,narrative_learning_moment,ascii_b16,not_applicable,Q4_K_M,model_backed_quantization,0.973197248187409,surprisal,quantization,pooled_quantizations,validation
quantization_generated__quantization_trial__35ee69b55ab085c717a99395,1,locked-dedup-cluster-2cbabc692dc6ff8a977e3e4f,revision_v1_sha256_hex_043,detector_pair__0062425a9666b562ddc1f250,qwen2_5_7b_instruct_q4_k_m,nonseg_ascii_b8,sha256_hex,forum_learning_answer,ascii_b8,not_applicable,Q4_K_M,model_backed_quantization,0.9771435680746118,surprisal,quantization,pooled_quantizations,validation
quantization_generated__quantization_trial__367431ff5faeaf67cbe60123,1,locked-dedup-cluster-ae9ee8b26103dc75c9112dfb,revision_v1_ed25519_signature_base64_047,detector_pair__0d955c8074c3222cb77d7892,qwen2_5_7b_instruct_q8_0,nonseg_ascii_b8,ed25519_signature_base64,professional_project_update,ascii_b8,not_applicable,Q8_0,model_backed_quantization,0.9554985651009869,surprisal,quantization,pooled_quantizations,validation
quantization_generated__quantization_trial__368cb5596b49acd8a0a51c54,1,locked-dedup-cluster-d24ae4dc1ca2dcb4473005f9,revision_v1_hmac_sha256_hex_036,detector_pair__4a18319810ba6c203b8f083f,qwen2_5_7b_instruct_q4_k_m,nonseg_ascii_b16,hmac_sha256_hex,forum_learning_answer,ascii_b16,not_applicable,Q4_K_M,model_backed_quantization,0.9827477359668763,surprisal,quantization,pooled_quantizations,validation
quantization_generated__quantization_trial__3709dc3ec45e6872888c9f99,0,locked-dedup-cluster-e4b26eefab93fb49f672ce05,revision_v1_nonce_96_bit_hex_042,detector_pair__8e667457d49aecac30ec2d06,qwen2_5_7b_instruct_q4_k_m,nonseg_ascii_b8,nonce_96_bit_hex,procedure_home_task,ascii_b8,not_applicable,Q4_K_M,model_backed_quantization,0.0074208234243776944,surprisal,quantization,pooled_quantizations,validation
quantization_generated__quantization_trial__37a9a842e00a91ff3a928c80,0,locked-dedup-cluster-1ee4b534cd708fac58a4e520,revision_v1_ed25519_signature_base64_036,detector_pair__8119ddb96542cd689ae12f5e,qwen2_5_7b_instruct_q4_k_m,nonseg_ascii_b16,ed25519_signature_base64,forum_learning_answer,ascii_b16,not_applicable,Q4_K_M,model_backed_quantization,0.013026259072169465,surprisal,quantization,pooled_quantizations,validation
quantization_generated__quantization_trial__37db4de4ac50c7c7344ec6c3,0,locked-dedup-cluster-4817ec6f6efc6d01ff08b87a,revision_v1_uuid_v4_045,detector_pair__b9d9ba7ffe190d3ab150fd4e,qwen2_5_7b_instruct_q8_0,nonseg_ascii_b8,uuid_v4,forum_practical_answer,ascii_b8,not_applicable,Q8_0,model_backed_quantization,0.005555904465888048,surprisal,quantization,pooled_quantizations,validation
quantization_generated__quantization_trial__386c53f9fa0c1b7b357c0ab8,1,locked-dedup-cluster-2f91866a4152689c8a27b0ea,revision_v1_nonce_96_bit_hex_040,detector_pair__3f56575b6729bf0769e0b2fc,qwen2_5_7b_instruct_q8_0,nonseg_ascii_b16,nonce_96_bit_hex,professional_project_update,ascii_b16,not_applicable,Q8_0,model_backed_quantization,0.998537061466337,surprisal,quantization,pooled_quantizations,validation
quantization_generated__quantization_trial__3898cc7fdf6f3067917535a4,0,locked-dedup-cluster-9309c13a3cd92781ed630582,revision_v1_token_128_bit_hex_040,detector_pair__eeaa3eaae76f4fcee87e0e40,qwen2_5_7b_instruct_q8_0,nonseg_ascii_b8,token_128_bit_hex,forum_purchase_advice,ascii_b8,not_applicable,Q8_0,model_backed_quantization,0.01732691972548017,surprisal,quantization,pooled_quantizations,validation
quantization_generated__quantization_trial__38a784050687319aa0dc9a24,0,locked-dedup-cluster-7eecb5c2a0c12ed30123e2b3,revision_v1_uuid_v4_043,detector_pair__d90f8dbc5ae0e3d673aacf87,qwen2_5_7b_instruct_q8_0,nonseg_ascii_b8,uuid_v4,casual_weekend_chat,ascii_b8,not_applicable,Q8_0,model_backed_quantization,0.01802699009510838,surprisal,quantization,pooled_quantizations,validation
quantization_generated__quantization_trial__38ce25c984a29428093d79a0,0,locked-dedup-cluster-2cbabc692dc6ff8a977e3e4f,revision_v1_sha256_hex_043,detector_pair__9e834c21c3e6aa613751396f,qwen2_5_7b_instruct_q8_0,nonseg_ascii_b16,sha256_hex,forum_learning_answer,ascii_b16,not_applicable,Q8_0,model_backed_quantization,0.0075272796717072285,surprisal,quantization,pooled_quantizations,validation
quantization_generated__quantization_trial__390af726ba800512eaafc421,1,locked-dedup-cluster-7440eb834fd6bac140e772c9,revision_v1_nonce_96_bit_hex_038,detector_pair__72a4c41119f9a6e70ef45e4d,qwen2_5_7b_instruct_q4_k_m,nonseg_ascii_b16,nonce_96_bit_hex,explain_weather_pattern,ascii_b16,not_applicable,Q4_K_M,model_backed_quantization,0.9990055672085135,surprisal,quantization,pooled_quantizations,validation
quantization_generated__quantization_trial__399c8a1f376060e7330e3c95,0,locked-dedup-cluster-bc077faa1a8a103220224e85,revision_v1_chacha20_poly1305_base64_036,detector_pair__ee27dba13fd526da0ce7542d,qwen2_5_7b_instruct_q4_k_m,nonseg_ascii_b16,chacha20_poly1305_base64,professional_schedule_note,ascii_b16,not_applicable,Q4_K_M,model_backed_quantization,0.006683095779450296,surprisal,quantization,pooled_quantizations,validation
quantization_generated__quantization_trial__39d1512adaf54a0051754212,0,locked-dedup-cluster-e8b16cc4e3be2ed3afd26670,revision_v1_hmac_sha256_hex_040,detector_pair__e207b9d1015c84afb65888ab,qwen2_5_7b_instruct_q4_k_m,nonseg_ascii_b16,hmac_sha256_hex,casual_neighborhood_chat,ascii_b16,not_applicable,Q4_K_M,model_backed_quantization,0.015756556339112885,surprisal,quantization,pooled_quantizations,validation
quantization_generated__quantization_trial__3a164687a1f595c7b1da9c78,0,locked-dedup-cluster-1d1bea482f900a9bc2d26310,revision_v1_nonce_96_bit_hex_037,detector_pair__45eb4bc9e08c77b4c6e5054f,qwen2_5_7b_instruct_q8_0,nonseg_ascii_b8,nonce_96_bit_hex,narrative_small_discovery,ascii_b8,not_applicable,Q8_0,model_backed_quantization,0.033321437742715045,surprisal,quantization,pooled_quantizations,validation
quantization_generated__quantization_trial__3b07a21836cc5d84c973b4e8,1,locked-dedup-cluster-3153c3799d1bf60fd0f41b4a,revision_v1_uuid_v4_046,detector_pair__58c3740416cf48f111885382,qwen2_5_7b_instruct_q8_0,nonseg_ascii_b16,uuid_v4,procedure_simple_meal,ascii_b16,not_applicable,Q8_0,model_backed_quantization,0.9987655892337475,surprisal,quantization,pooled_quantizations,validation
quantization_generated__quantization_trial__3b490dcd5228cbfce39242bc,0,locked-dedup-cluster-7bbf6d003292b99a731441ed,revision_v1_token_128_bit_hex_041,detector_pair__76cce0d78b1eb60c46fdc542,qwen2_5_7b_instruct_q8_0,nonseg_ascii_b8,token_128_bit_hex,procedure_home_task,ascii_b8,not_applicable,Q8_0,model_backed_quantization,0.00747723896924519,surprisal,quantization,pooled_quantizations,validation
quantization_generated__quantization_trial__3b78cb3487079a5774768481,1,locked-dedup-cluster-f63fdbc0a0898161cb79cb32,revision_v1_aes256_gcm_base64_036,detector_pair__a56c0cd48a8fbc1fcf3441c9,qwen2_5_7b_instruct_q4_k_m,nonseg_ascii_b8,aes256_gcm_base64,casual_weekend_chat,ascii_b8,not_applicable,Q4_K_M,model_backed_quantization,0.9609353869884987,surprisal,quantization,pooled_quantizations,validation
quantization_generated__quantization_trial__3b87152fa029b82695da9b92,0,locked-dedup-cluster-f06bf1b2872f90ff6209fecd,revision_v1_uuid_v4_044,detector_pair__81eb9459126f46ff8ef67312,qwen2_5_7b_instruct_q4_k_m,nonseg_ascii_b8,uuid_v4,professional_project_update,ascii_b8,not_applicable,Q4_K_M,model_backed_quantization,0.011871191187084573,surprisal,quantization,pooled_quantizations,validation
quantization_generated__quantization_trial__3c058e241fd23b882ceb8a0a,0,locked-dedup-cluster-2742a41454b76598cec25032,revision_v1_aes256_gcm_base64_039,detector_pair__f5dd9006c442882d982bd4c3,qwen2_5_7b_instruct_q4_k_m,nonseg_ascii_b16,aes256_gcm_base64,procedure_simple_meal,ascii_b16,not_applicable,Q4_K_M,model_backed_quantization,0.008981439633924266,surprisal,quantization,pooled_quantizations,validation
quantization_generated__quantization_trial__3cb2960dcf97ff8bf8c1015d,1,locked-dedup-cluster-0fb77ce4d96e18f21377e8de,revision_v1_token_128_bit_hex_039,detector_pair__590e84f70a242c22788b72cd,qwen2_5_7b_instruct_q4_k_m,nonseg_ascii_b8,token_128_bit_hex,professional_schedule_note,ascii_b8,not_applicable,Q4_K_M,model_backed_quantization,0.995004768986835,surprisal,quantization,pooled_quantizations,validation
quantization_generated__quantization_trial__3cef1dccf1f2fab54d269563,0,locked-dedup-cluster-58b9073d1fd85a24e498b5bf,revision_v1_sha256_hex_038,detector_pair__cb16afd6fa9f0c5b3aba904c,qwen2_5_7b_instruct_q4_k_m,nonseg_ascii_b8,sha256_hex,procedure_home_task,ascii_b8,not_applicable,Q4_K_M,model_backed_quantization,0.008704228598481445,surprisal,quantization,pooled_quantizations,validation
quantization_generated__quantization_trial__3d2854f19738f958570c28a8,0,locked-dedup-cluster-6b084f6dbf9a47a93f82df24,revision_v1_aes256_gcm_base64_037,detector_pair__769b5a40f425c7cf5f41b086,qwen2_5_7b_instruct_q8_0,nonseg_ascii_b8,aes256_gcm_base64,professional_project_update,ascii_b8,not_applicable,Q8_0,model_backed_quantization,0.01327498602422402,surprisal,quantization,pooled_quantizations,validation
quantization_generated__quantization_trial__3d384920e62b2c9720bb6d98,1,locked-dedup-cluster-2cbabc692dc6ff8a977e3e4f,revision_v1_sha256_hex_043,detector_pair__9e834c21c3e6aa613751396f,qwen2_5_7b_instruct_q8_0,nonseg_ascii_b16,sha256_hex,forum_learning_answer,ascii_b16,not_applicable,Q8_0,model_backed_quantization,0.9934857974552448,surprisal,quantization,pooled_quantizations,validation
quantization_generated__quantization_trial__3da412c9aca6f90694a594dc,1,locked-dedup-cluster-297821525cb8031a3660626d,revision_v1_nonce_96_bit_hex_041,detector_pair__de5db7c43925bf3aea4d5346,qwen2_5_7b_instruct_q4_k_m,nonseg_ascii_b16,nonce_96_bit_hex,forum_practical_answer,ascii_b16,not_applicable,Q4_K_M,model_backed_quantization,0.9978207730923849,surprisal,quantization,pooled_quantizations,validation
quantization_generated__quantization_trial__3dd40d689d2f9902da5c661b,0,locked-dedup-cluster-258822e2bc498a71b7653506,revision_v1_nonce_96_bit_hex_045,detector_pair__e687ed3b31f02791289103e1,qwen2_5_7b_instruct_q4_k_m,nonseg_ascii_b16,nonce_96_bit_hex,casual_hobby_chat,ascii_b16,not_applicable,Q4_K_M,model_backed_quantization,0.01038337119343889,surprisal,quantization,pooled_quantizations,validation
quantization_generated__quantization_trial__3df677685e90721bf8a7b607,1,locked-dedup-cluster-00eccca339b70a566fc600ea,revision_v1_ed25519_signature_base64_041,detector_pair__fe074ed87922f104bf9d97eb,qwen2_5_7b_instruct_q4_k_m,nonseg_ascii_b16,ed25519_signature_base64,professional_process_email,ascii_b16,not_applicable,Q4_K_M,model_backed_quantization,0.9944723222048317,surprisal,quantization,pooled_quantizations,validation
quantization_generated__quantization_trial__3e3073ea70752e1663f65c4c,0,locked-dedup-cluster-7bbf6d003292b99a731441ed,revision_v1_token_128_bit_hex_041,detector_pair__0e98128bc4e9cda4669cb5b9,qwen2_5_7b_instruct_q8_0,nonseg_ascii_b16,token_128_bit_hex,procedure_home_task,ascii_b16,not_applicable,Q8_0,model_backed_quantization,0.013722535713479797,surprisal,quantization,pooled_quantizations,validation
quantization_generated__quantization_trial__3ecfccfe6994e31d92132d14,0,locked-dedup-cluster-f0d236f7a4fc9a5f94444217,revision_v1_aes256_gcm_base64_038,detector_pair__e00ff0eb744c623cd19a5cd2,qwen2_5_7b_instruct_q8_0,nonseg_ascii_b16,aes256_gcm_base64,forum_practical_answer,ascii_b16,not_applicable,Q8_0,model_backed_quantization,0.027833034106624396,surprisal,quantization,pooled_quantizations,validation
quantization_generated__quantization_trial__3ef1ee6e8245be26e03b369b,1,locked-dedup-cluster-96f03366a1bc639d45b09062,revision_v1_sha256_hex_044,detector_pair__03dc807fb1d1ba5414940a1f,qwen2_5_7b_instruct_q8_0,nonseg_ascii_b8,sha256_hex,procedure_garden_task,ascii_b8,not_applicable,Q8_0,model_backed_quantization,0.9917453018023653,surprisal,quantization,pooled_quantizations,validation
quantization_generated__quantization_trial__3f3b68af5378952aae244311,1,locked-dedup-cluster-74698d9f725d61b98986f3c9,revision_v1_token_128_bit_hex_045,detector_pair__15c952ca2d47ca8b0b6c9b07,qwen2_5_7b_instruct_q4_k_m,nonseg_ascii_b8,token_128_bit_hex,professional_process_email,ascii_b8,not_applicable,Q4_K_M,model_backed_quantization,0.9912487813143114,surprisal,quantization,pooled_quantizations,validation
quantization_generated__quantization_trial__3f8f0c1eed419ed25e5c31f8,0,locked-dedup-cluster-2232191bb0f9ade93aac1023,revision_v1_nonce_96_bit_hex_046,detector_pair__080f7ebbc256d7eac47da67e,qwen2_5_7b_instruct_q4_k_m,nonseg_ascii_b16,nonce_96_bit_hex,professional_schedule_note,ascii_b16,not_applicable,Q4_K_M,model_backed_quantization,0.005793725938898366,surprisal,quantization,pooled_quantizations,validation
quantization_generated__quantization_trial__3fa36412910022bce201189e,1,locked-dedup-cluster-b3ab392ad3d7376462d4d5e0,revision_v1_chacha20_poly1305_base64_038,detector_pair__18e84981c13d823897443d18,qwen2_5_7b_instruct_q8_0,nonseg_ascii_b16,chacha20_poly1305_base64,procedure_home_task,ascii_b16,not_applicable,Q8_0,model_backed_quantization,0.9989878989870261,surprisal,quantization,pooled_quantizations,validation
quantization_generated__quantization_trial__3fe5f0e62ba971ed8987d71b,0,locked-dedup-cluster-00eccca339b70a566fc600ea,revision_v1_ed25519_signature_base64_041,detector_pair__d38051ffbbb449942635550a,qwen2_5_7b_instruct_q8_0,nonseg_ascii_b8,ed25519_signature_base64,professional_process_email,ascii_b8,not_applicable,Q8_0,model_backed_quantization,0.009190133874972773,surprisal,quantization,pooled_quantizations,validation
quantization_generated__quantization_trial__3fff72c6f30441107a3fc640,1,locked-dedup-cluster-9984a5aa196e508c10aeda3a,revision_v1_chacha20_poly1305_base64_043,detector_pair__a9a2f47120322ac6122481bf,qwen2_5_7b_instruct_q8_0,nonseg_ascii_b8,chacha20_poly1305_base64,forum_learning_answer,ascii_b8,not_applicable,Q8_0,model_backed_quantization,0.9875236721882372,surprisal,quantization,pooled_quantizations,validation
quantization_generated__quantization_trial__401a824fc1df56fdbc106be7,0,locked-dedup-cluster-f5e65f43009f3df06299368a,revision_v1_sha256_hex_039,detector_pair__49c8b481e89f940b835eb2c5,qwen2_5_7b_instruct_q8_0,nonseg_ascii_b16,sha256_hex,narrative_local_walk,ascii_b16,not_applicable,Q8_0,model_backed_quantization,0.015395346095404737,surprisal,quantization,pooled_quantizations,validation
quantization_generated__quantization_trial__40809d38d4f9a78f0011246f,0,locked-dedup-cluster-f1992b5888233b29fd862f23,revision_v1_nonce_96_bit_hex_043,detector_pair__043fa22548cf95884d548a5f,qwen2_5_7b_instruct_q8_0,nonseg_ascii_b8,nonce_96_bit_hex,narrative_local_walk,ascii_b8,not_applicable,Q8_0,model_backed_quantization,0.01656568636341177,surprisal,quantization,pooled_quantizations,validation
quantization_generated__quantization_trial__408f8580af067fa01a15966d,0,locked-dedup-cluster-51612ff886a1985457334a6f,revision_v1_sha256_hex_045,detector_pair__cbce999c48837ed89a4b5173,qwen2_5_7b_instruct_q4_k_m,nonseg_ascii_b8,sha256_hex,narrative_learning_moment,ascii_b8,not_applicable,Q4_K_M,model_backed_quantization,0.03741915434698169,surprisal,quantization,pooled_quantizations,validation
quantization_generated__quantization_trial__40cd13b36d485880c8e06a91,1,locked-dedup-cluster-480569e564e6de62c0580300,revision_v1_nonce_96_bit_hex_039,detector_pair__5594ee7b233f443aa226bf88,qwen2_5_7b_instruct_q4_k_m,nonseg_ascii_b16,nonce_96_bit_hex,casual_weekend_chat,ascii_b16,not_applicable,Q4_K_M,model_backed_quantization,0.9990912609456394,surprisal,quantization,pooled_quantizations,validation
quantization_generated__quantization_trial__41aecadba6ec9eee4933fd81,0,locked-dedup-cluster-a70c2199fe9757fc3a965e41,revision_v1_sha256_hex_041,detector_pair__aa14a6a30e21a079c2b8c6ca,qwen2_5_7b_instruct_q8_0,nonseg_ascii_b8,sha256_hex,casual_hobby_chat,ascii_b8,not_applicable,Q8_0,model_backed_quantization,0.019269310324794446,surprisal,quantization,pooled_quantizations,validation
quantization_generated__quantization_trial__42971df6a324d1492e1d7893,1,locked-dedup-cluster-0a8b6ea76ea0423642f3bdd9,revision_v1_chacha20_poly1305_base64_037,detector_pair__ac304066ca369b61d7ecdeab,qwen2_5_7b_instruct_q4_k_m,nonseg_ascii_b16,chacha20_poly1305_base64,forum_purchase_advice,ascii_b16,not_applicable,Q4_K_M,model_backed_quantization,0.9631725143200179,surprisal,quantization,pooled_quantizations,validation
quantization_generated__quantization_trial__4310a0568b6c158a756969b5,1,locked-dedup-cluster-03d1f8caa28ff2627b36b98f,revision_v1_token_128_bit_hex_038,detector_pair__8bf552eb80be4bb9c7e77945,qwen2_5_7b_instruct_q4_k_m,nonseg_ascii_b16,token_128_bit_hex,casual_hobby_chat,ascii_b16,not_applicable,Q4_K_M,model_backed_quantization,0.99459764865276,surprisal,quantization,pooled_quantizations,validation
quantization_generated__quantization_trial__436331718bf7cd1deca6b2cc,1,locked-dedup-cluster-bc077faa1a8a103220224e85,revision_v1_chacha20_poly1305_base64_036,detector_pair__7fa1db016d2b99349fd27b66,qwen2_5_7b_instruct_q4_k_m,nonseg_ascii_b8,chacha20_poly1305_base64,professional_schedule_note,ascii_b8,not_applicable,Q4_K_M,model_backed_quantization,0.9700119829781703,surprisal,quantization,pooled_quantizations,validation
quantization_generated__quantization_trial__43a6b21be6793d7ddc2004a3,0,locked-dedup-cluster-1e85096517059ca2585e10f1,revision_v1_nonce_96_bit_hex_044,detector_pair__dfce901e5324ff5d860dbf81,qwen2_5_7b_instruct_q4_k_m,nonseg_ascii_b8,nonce_96_bit_hex,explain_everyday_system,ascii_b8,not_applicable,Q4_K_M,model_backed_quantization,0.013496972385161017,surprisal,quantization,pooled_quantizations,validation
quantization_generated__quantization_trial__44870bf74b12a921e95eb56d,0,locked-dedup-cluster-43af11f5d2e1ab75fc7f8cd0,revision_v1_uuid_v4_037,detector_pair__9c46751473b1e98d1013c596,qwen2_5_7b_instruct_q8_0,nonseg_ascii_b8,uuid_v4,casual_neighborhood_chat,ascii_b8,not_applicable,Q8_0,model_backed_quantization,0.01623193203004774,surprisal,quantization,pooled_quantizations,validation
quantization_generated__quantization_trial__44a5ce1213a527c05482d1b4,1,locked-dedup-cluster-1d1bea482f900a9bc2d26310,revision_v1_nonce_96_bit_hex_037,detector_pair__45eb4bc9e08c77b4c6e5054f,qwen2_5_7b_instruct_q8_0,nonseg_ascii_b8,nonce_96_bit_hex,narrative_small_discovery,ascii_b8,not_applicable,Q8_0,model_backed_quantization,0.8829182539532519,surprisal,quantization,pooled_quantizations,validation
quantization_generated__quantization_trial__45b6a5291c713d916e2e69dd,0,locked-dedup-cluster-403c836b92dc86a3f953e63f,revision_v1_token_128_bit_hex_047,detector_pair__438bcaaf0933f1bdd8e22308,qwen2_5_7b_instruct_q4_k_m,nonseg_ascii_b16,token_128_bit_hex,procedure_garden_task,ascii_b16,not_applicable,Q4_K_M,model_backed_quantization,0.009436262019735187,surprisal,quantization,pooled_quantizations,validation
quantization_generated__quantization_trial__45f46639e3727069441c9e3e,1,locked-dedup-cluster-258822e2bc498a71b7653506,revision_v1_nonce_96_bit_hex_045,detector_pair__11b55a995c2ac0511096aeaf,qwen2_5_7b_instruct_q8_0,nonseg_ascii_b8,nonce_96_bit_hex,casual_hobby_chat,ascii_b8,not_applicable,Q8_0,model_backed_quantization,0.9974973078175594,surprisal,quantization,pooled_quantizations,validation
quantization_generated__quantization_trial__461b6c4cc2f1dec9e8f54fa0,0,locked-dedup-cluster-7aae3a6d1c11ecb6700a986d,revision_v1_sha256_hex_036,detector_pair__7eeac9c04be59ddb5990172d,qwen2_5_7b_instruct_q4_k_m,nonseg_ascii_b8,sha256_hex,professional_schedule_note,ascii_b8,not_applicable,Q4_K_M,model_backed_quantization,0.006980807869219253,surprisal,quantization,pooled_quantizations,validation
quantization_generated__quantization_trial__466d3a44131c2fce9d7b7db0,1,locked-dedup-cluster-2742a41454b76598cec25032,revision_v1_aes256_gcm_base64_039,detector_pair__d1983388663949d24af6d3bb,qwen2_5_7b_instruct_q8_0,nonseg_ascii_b8,aes256_gcm_base64,procedure_simple_meal,ascii_b8,not_applicable,Q8_0,model_backed_quantization,0.9931654382699062,surprisal,quantization,pooled_quantizations,validation
quantization_generated__quantization_trial__471218183a964c788e6fb14c,1,locked-dedup-cluster-23688669a27f472f3b4c7be0,revision_v1_uuid_v4_038,detector_pair__a3d0d337ab31803020fac3df,qwen2_5_7b_instruct_q8_0,nonseg_ascii_b16,uuid_v4,professional_process_email,ascii_b16,not_applicable,Q8_0,model_backed_quantization,0.9997130610733411,surprisal,quantization,pooled_quantizations,validation
quantization_generated__quantization_trial__475a44366c68aab282b77fd4,0,locked-dedup-cluster-f1992b5888233b29fd862f23,revision_v1_nonce_96_bit_hex_043,detector_pair__7f664dc4f7720d61a8deab43,qwen2_5_7b_instruct_q8_0,nonseg_ascii_b16,nonce_96_bit_hex,narrative_local_walk,ascii_b16,not_applicable,Q8_0,model_backed_quantization,0.017220773705608306,surprisal,quantization,pooled_quantizations,validation
quantization_generated__quantization_trial__477fbd5c7b988a9ace4a56e6,1,locked-dedup-cluster-edcd1c430a452932fe4672fd,revision_v1_hmac_sha256_hex_037,detector_pair__6269186b35df65469a403ddd,qwen2_5_7b_instruct_q4_k_m,nonseg_ascii_b16,hmac_sha256_hex,procedure_garden_task,ascii_b16,not_applicable,Q4_K_M,model_backed_quantization,0.9948887572614251,surprisal,quantization,pooled_quantizations,validation
quantization_generated__quantization_trial__479a6c816db8ad8eeccb3f7f,0,locked-dedup-cluster-058fda41f3207b53b75ba98b,revision_v1_nonce_96_bit_hex_036,detector_pair__772afd2f53a6fad7804d2320,qwen2_5_7b_instruct_q4_k_m,nonseg_ascii_b8,nonce_96_bit_hex,procedure_simple_meal,ascii_b8,not_applicable,Q4_K_M,model_backed_quantization,0.020994291208988058,surprisal,quantization,pooled_quantizations,validation
quantization_generated__quantization_trial__47cae19b444dd66162f5d70d,1,locked-dedup-cluster-a70c2199fe9757fc3a965e41,revision_v1_sha256_hex_041,detector_pair__aa14a6a30e21a079c2b8c6ca,qwen2_5_7b_instruct_q4_k_m,nonseg_ascii_b8,sha256_hex,casual_hobby_chat,ascii_b8,not_applicable,Q4_K_M,model_backed_quantization,0.9412743020247366,surprisal,quantization,pooled_quantizations,validation
quantization_generated__quantization_trial__48e044a1ffb78e1310560a91,1,locked-dedup-cluster-03b12c24b75fd163404d55e4,revision_v1_ed25519_signature_base64_037,detector_pair__f1c469c8b8e3c2c2fc95dd99,qwen2_5_7b_instruct_q8_0,nonseg_ascii_b16,ed25519_signature_base64,procedure_garden_task,ascii_b16,not_applicable,Q8_0,model_backed_quantization,0.9967097263726978,surprisal,quantization,pooled_quantizations,validation
quantization_generated__quantization_trial__490b8ce02295a7f0174780c5,0,locked-dedup-cluster-6ce30f9a3e80626084969f2a,revision_v1_ed25519_signature_base64_043,detector_pair__bcd6a42da1f3786bfd6467d4,qwen2_5_7b_instruct_q8_0,nonseg_ascii_b8,ed25519_signature_base64,procedure_simple_meal,ascii_b8,not_applicable,Q8_0,model_backed_quantization,0.004854959061821799,surprisal,quantization,pooled_quantizations,validation
quantization_generated__quantization_trial__4937a2b0c05921b49db23fc0,1,locked-dedup-cluster-4f00d14b32387145bb3f6085,revision_v1_sha256_hex_042,detector_pair__dd4e8eb7f76ae2e0d0d8db4f,qwen2_5_7b_instruct_q8_0,nonseg_ascii_b16,sha256_hex,professional_process_email,ascii_b16,not_applicable,Q8_0,model_backed_quantization,0.9972198521678973,surprisal,quantization,pooled_quantizations,validation
quantization_generated__quantization_trial__494914f3c1676a832010e748,0,locked-dedup-cluster-7eecb5c2a0c12ed30123e2b3,revision_v1_uuid_v4_043,detector_pair__d90f8dbc5ae0e3d673aacf87,qwen2_5_7b_instruct_q4_k_m,nonseg_ascii_b8,uuid_v4,casual_weekend_chat,ascii_b8,not_applicable,Q4_K_M,model_backed_quantization,0.011774762180785693,surprisal,quantization,pooled_quantizations,validation
quantization_generated__quantization_trial__498c8633c6c9ac5a070a9022,1,locked-dedup-cluster-2232191bb0f9ade93aac1023,revision_v1_nonce_96_bit_hex_046,detector_pair__2c33558bacce102e4018567f,qwen2_5_7b_instruct_q8_0,nonseg_ascii_b8,nonce_96_bit_hex,professional_schedule_note,ascii_b8,not_applicable,Q8_0,model_backed_quantization,0.9684702302593123,surprisal,quantization,pooled_quantizations,validation
quantization_generated__quantization_trial__4a0ee411c68542d708f1f28d,1,locked-dedup-cluster-17076ff9269019d74c924b01,revision_v1_nonce_96_bit_hex_047,detector_pair__fc322630bd1accecedd51980,qwen2_5_7b_instruct_q4_k_m,nonseg_ascii_b16,nonce_96_bit_hex,forum_purchase_advice,ascii_b16,not_applicable,Q4_K_M,model_backed_quantization,0.9982530883535491,surprisal,quantization,pooled_quantizations,validation
quantization_generated__quantization_trial__4a15fabc6cbd8ef356b1baf9,0,locked-dedup-cluster-058fda41f3207b53b75ba98b,revision_v1_nonce_96_bit_hex_036,detector_pair__772afd2f53a6fad7804d2320,qwen2_5_7b_instruct_q8_0,nonseg_ascii_b8,nonce_96_bit_hex,procedure_simple_meal,ascii_b8,not_applicable,Q8_0,model_backed_quantization,0.01191814704468845,surprisal,quantization,pooled_quantizations,validation
quantization_generated__quantization_trial__4aa3e29ea168fcea45c1b3fc,1,locked-dedup-cluster-804389a06ddc24189a12fcd5,revision_v1_chacha20_poly1305_base64_041,detector_pair__b3f37bfa9182689c98d2f056,qwen2_5_7b_instruct_q8_0,nonseg_ascii_b8,chacha20_poly1305_base64,casual_hobby_chat,ascii_b8,not_applicable,Q8_0,model_backed_quantization,0.9974589410779358,surprisal,quantization,pooled_quantizations,validation
quantization_generated__quantization_trial__4ad2163e6fe068af14d2dfec,1,locked-dedup-cluster-f6fc3479f88b17e2282c2e2e,revision_v1_token_128_bit_hex_043,detector_pair__7b73d5b3a482442d5b67755b,qwen2_5_7b_instruct_q8_0,nonseg_ascii_b16,token_128_bit_hex,explain_biological_process,ascii_b16,not_applicable,Q8_0,model_backed_quantization,0.9991791062398733,surprisal,quantization,pooled_quantizations,validation
quantization_generated__quantization_trial__4b0ffa48dcb965e69de91145,0,locked-dedup-cluster-00eccca339b70a566fc600ea,revision_v1_ed25519_signature_base64_041,detector_pair__d38051ffbbb449942635550a,qwen2_5_7b_instruct_q4_k_m,nonseg_ascii_b8,ed25519_signature_base64,professional_process_email,ascii_b8,not_applicable,Q4_K_M,model_backed_quantization,0.009235114760899133,surprisal,quantization,pooled_quantizations,validation
quantization_generated__quantization_trial__4b122e312183e19bb404c458,1,locked-dedup-cluster-912ff88210394ef10071ff54,revision_v1_ed25519_signature_base64_039,detector_pair__d84e2ceb03e423ca4d02f370,qwen2_5_7b_instruct_q8_0,nonseg_ascii_b8,ed25519_signature_base64,explain_biological_process,ascii_b8,not_applicable,Q8_0,model_backed_quantization,0.9739879276558049,surprisal,quantization,pooled_quantizations,validation
quantization_generated__quantization_trial__4b5cb057e5eb224d005ae64d,0,locked-dedup-cluster-ae9ee8b26103dc75c9112dfb,revision_v1_ed25519_signature_base64_047,detector_pair__0d955c8074c3222cb77d7892,qwen2_5_7b_instruct_q4_k_m,nonseg_ascii_b8,ed25519_signature_base64,professional_project_update,ascii_b8,not_applicable,Q4_K_M,model_backed_quantization,0.010489295662671405,surprisal,quantization,pooled_quantizations,validation
quantization_generated__quantization_trial__4b5ef73631002d6bec405678,0,locked-dedup-cluster-3153c3799d1bf60fd0f41b4a,revision_v1_uuid_v4_046,detector_pair__58c3740416cf48f111885382,qwen2_5_7b_instruct_q8_0,nonseg_ascii_b16,uuid_v4,procedure_simple_meal,ascii_b16,not_applicable,Q8_0,model_backed_quantization,0.006566234037173987,surprisal,quantization,pooled_quantizations,validation
quantization_generated__quantization_trial__4b646bed9eabadbdafd18799,1,locked-dedup-cluster-51612ff886a1985457334a6f,revision_v1_sha256_hex_045,detector_pair__9af36633d53eb170b788f5ba,qwen2_5_7b_instruct_q4_k_m,nonseg_ascii_b16,sha256_hex,narrative_learning_moment,ascii_b16,not_applicable,Q4_K_M,model_backed_quantization,0.9792703264542437,surprisal,quantization,pooled_quantizations,validation
quantization_generated__quantization_trial__4bc79e67af3e9ea03d183811,0,locked-dedup-cluster-297821525cb8031a3660626d,revision_v1_nonce_96_bit_hex_041,detector_pair__589a84b49306fc8f623d0366,qwen2_5_7b_instruct_q4_k_m,nonseg_ascii_b8,nonce_96_bit_hex,forum_practical_answer,ascii_b8,not_applicable,Q4_K_M,model_backed_quantization,0.005988709496495756,surprisal,quantization,pooled_quantizations,validation
quantization_generated__quantization_trial__4bebe1cb65960ab39dce5225,0,locked-dedup-cluster-f9b2db30c1f7b1665ad6f593,revision_v1_hmac_sha256_hex_045,detector_pair__1105ee68ed43127bbb700a19,qwen2_5_7b_instruct_q8_0,nonseg_ascii_b16,hmac_sha256_hex,explain_weather_pattern,ascii_b16,not_applicable,Q8_0,model_backed_quantization,0.006008096725837362,surprisal,quantization,pooled_quantizations,validation
quantization_generated__quantization_trial__4beeb32b92d1f6c7b136ed62,1,locked-dedup-cluster-58b9073d1fd85a24e498b5bf,revision_v1_sha256_hex_038,detector_pair__cb16afd6fa9f0c5b3aba904c,qwen2_5_7b_instruct_q8_0,nonseg_ascii_b8,sha256_hex,procedure_home_task,ascii_b8,not_applicable,Q8_0,model_backed_quantization,0.9882133015579951,surprisal,quantization,pooled_quantizations,validation
quantization_generated__quantization_trial__4bf03711af410404f7314e92,0,locked-dedup-cluster-6c21ad65fb4bd1a4c214a454,revision_v1_sha256_hex_037,detector_pair__fc067376fe841401c9c1c360,qwen2_5_7b_instruct_q4_k_m,nonseg_ascii_b16,sha256_hex,forum_purchase_advice,ascii_b16,not_applicable,Q4_K_M,model_backed_quantization,0.014844382795852856,surprisal,quantization,pooled_quantizations,validation
quantization_generated__quantization_trial__4c35dfe699f3f6fef76dfd77,1,locked-dedup-cluster-cc1d79c541da66daf8e9d81d,revision_v1_chacha20_poly1305_base64_040,detector_pair__71b840c4bbf42a7fe2a2d0fd,qwen2_5_7b_instruct_q4_k_m,nonseg_ascii_b8,chacha20_poly1305_base64,explain_everyday_system,ascii_b8,not_applicable,Q4_K_M,model_backed_quantization,0.9808993297508477,surprisal,quantization,pooled_quantizations,validation
quantization_generated__quantization_trial__4c391d8e23a3b21c94cc560d,0,locked-dedup-cluster-982d753609ba3daf81c7d866,revision_v1_sha256_hex_046,detector_pair__169431427a64537810f18f59,qwen2_5_7b_instruct_q4_k_m,nonseg_ascii_b16,sha256_hex,explain_biological_process,ascii_b16,not_applicable,Q4_K_M,model_backed_quantization,0.006839709460667444,surprisal,quantization,pooled_quantizations,validation
quantization_generated__quantization_trial__4d20f13dad009b5f2f3db10a,0,locked-dedup-cluster-237faafa65b49354f2811074,revision_v1_chacha20_poly1305_base64_042,detector_pair__288687e0297fb648662acf15,qwen2_5_7b_instruct_q8_0,nonseg_ascii_b16,chacha20_poly1305_base64,professional_process_email,ascii_b16,not_applicable,Q8_0,model_backed_quantization,0.008698481201244713,surprisal,quantization,pooled_quantizations,validation
quantization_generated__quantization_trial__4d2acf501db3b55a4cda1bb1,0,locked-dedup-cluster-64e6b1587450c6fccb5d88c5,revision_v1_ed25519_signature_base64_040,detector_pair__60b362174c7baebe85b7e16c,qwen2_5_7b_instruct_q8_0,nonseg_ascii_b8,ed25519_signature_base64,casual_neighborhood_chat,ascii_b8,not_applicable,Q8_0,model_backed_quantization,0.02022019064534983,surprisal,quantization,pooled_quantizations,validation
quantization_generated__quantization_trial__4d48ca5c3b3e171ab2c8dcd4,0,locked-dedup-cluster-e8b16cc4e3be2ed3afd26670,revision_v1_hmac_sha256_hex_040,detector_pair__e207b9d1015c84afb65888ab,qwen2_5_7b_instruct_q8_0,nonseg_ascii_b16,hmac_sha256_hex,casual_neighborhood_chat,ascii_b16,not_applicable,Q8_0,model_backed_quantization,0.016871701155708446,surprisal,quantization,pooled_quantizations,validation
quantization_generated__quantization_trial__4d4dc1bd313a28702a207b40,0,locked-dedup-cluster-db4aabf02590b0cf6f175c04,revision_v1_hmac_sha256_hex_039,detector_pair__2dc5f5c2cd8efdfe9bc43712,qwen2_5_7b_instruct_q4_k_m,nonseg_ascii_b16,hmac_sha256_hex,explain_biological_process,ascii_b16,not_applicable,Q4_K_M,model_backed_quantization,0.004948840409042883,surprisal,quantization,pooled_quantizations,validation
quantization_generated__quantization_trial__4d599f3fbe1d5a21f56f0393,0,locked-dedup-cluster-96f03366a1bc639d45b09062,revision_v1_sha256_hex_044,detector_pair__03dc807fb1d1ba5414940a1f,qwen2_5_7b_instruct_q8_0,nonseg_ascii_b8,sha256_hex,procedure_garden_task,ascii_b8,not_applicable,Q8_0,model_backed_quantization,0.011688225563986278,surprisal,quantization,pooled_quantizations,validation
quantization_generated__quantization_trial__4d84671bb197bc8cf5f2ee94,1,locked-dedup-cluster-d079eecad7476b4230a994ea,revision_v1_uuid_v4_036,detector_pair__01d8f7299c15d0ed4666388d,qwen2_5_7b_instruct_q4_k_m,nonseg_ascii_b8,uuid_v4,explain_biological_process,ascii_b8,not_applicable,Q4_K_M,model_backed_quantization,0.9895840380983354,surprisal,quantization,pooled_quantizations,validation
quantization_generated__quantization_trial__4dc0b9d24ce538e628a96c4d,1,locked-dedup-cluster-e2a416f537dd798868e8fcd5,revision_v1_uuid_v4_041,detector_pair__7dd58f07d4395d1ac187c4d3,qwen2_5_7b_instruct_q8_0,nonseg_ascii_b8,uuid_v4,narrative_learning_moment,ascii_b8,not_applicable,Q8_0,model_backed_quantization,0.982208209815804,surprisal,quantization,pooled_quantizations,validation
quantization_generated__quantization_trial__4e0104583c04357fbc9a7eb4,1,locked-dedup-cluster-2232191bb0f9ade93aac1023,revision_v1_nonce_96_bit_hex_046,detector_pair__2c33558bacce102e4018567f,qwen2_5_7b_instruct_q4_k_m,nonseg_ascii_b8,nonce_96_bit_hex,professional_schedule_note,ascii_b8,not_applicable,Q4_K_M,model_backed_quantization,0.9554993278343719,surprisal,quantization,pooled_quantizations,validation
quantization_generated__quantization_trial__4ee1f66f27cd5f4793320120,0,locked-dedup-cluster-a70c2199fe9757fc3a965e41,revision_v1_sha256_hex_041,detector_pair__9896d92075987af72b85aaeb,qwen2_5_7b_instruct_q8_0,nonseg_ascii_b16,sha256_hex,casual_hobby_chat,ascii_b16,not_applicable,Q8_0,model_backed_quantization,0.02466696942313245,surprisal,quantization,pooled_quantizations,validation
quantization_generated__quantization_trial__4f0f11931d5c49d1d9e34756,1,locked-dedup-cluster-6e873b678160da9a608f2b93,revision_v1_sha256_hex_040,detector_pair__c929f032a226626451fed4ab,qwen2_5_7b_instruct_q4_k_m,nonseg_ascii_b16,sha256_hex,explain_everyday_system,ascii_b16,not_applicable,Q4_K_M,model_backed_quantization,0.9969888925965166,surprisal,quantization,pooled_quantizations,validation
quantization_generated__quantization_trial__4f7b4aebeb440716c260adcc,1,locked-dedup-cluster-64e6b1587450c6fccb5d88c5,revision_v1_ed25519_signature_base64_040,detector_pair__60b362174c7baebe85b7e16c,qwen2_5_7b_instruct_q8_0,nonseg_ascii_b8,ed25519_signature_base64,casual_neighborhood_chat,ascii_b8,not_applicable,Q8_0,model_backed_quantization,0.961989534532175,surprisal,quantization,pooled_quantizations,validation
quantization_generated__quantization_trial__4fd0de6375deee7bc063e875,0,locked-dedup-cluster-bced2ec523557c720d4ecf66,revision_v1_token_128_bit_hex_036,detector_pair__8b4dddbe9d31f2d5d23518a6,qwen2_5_7b_instruct_q4_k_m,nonseg_ascii_b8,token_128_bit_hex,narrative_local_walk,ascii_b8,not_applicable,Q4_K_M,model_backed_quantization,0.009823873635639122,surprisal,quantization,pooled_quantizations,validation
quantization_generated__quantization_trial__503a2304ef3d23d426d925dc,1,locked-dedup-cluster-4817ec6f6efc6d01ff08b87a,revision_v1_uuid_v4_045,detector_pair__b9d9ba7ffe190d3ab150fd4e,qwen2_5_7b_instruct_q8_0,nonseg_ascii_b8,uuid_v4,forum_practical_answer,ascii_b8,not_applicable,Q8_0,model_backed_quantization,0.9951652307022036,surprisal,quantization,pooled_quantizations,validation
quantization_generated__quantization_trial__504af471ea60a42336f58d57,1,locked-dedup-cluster-f9b2db30c1f7b1665ad6f593,revision_v1_hmac_sha256_hex_045,detector_pair__1105ee68ed43127bbb700a19,qwen2_5_7b_instruct_q4_k_m,nonseg_ascii_b16,hmac_sha256_hex,explain_weather_pattern,ascii_b16,not_applicable,Q4_K_M,model_backed_quantization,0.9719208537061136,surprisal,quantization,pooled_quantizations,validation
quantization_generated__quantization_trial__505a7fe76159e6de15778e3d,0,locked-dedup-cluster-f5e65f43009f3df06299368a,revision_v1_sha256_hex_039,detector_pair__553327685d1df5fa151571bd,qwen2_5_7b_instruct_q8_0,nonseg_ascii_b8,sha256_hex,narrative_local_walk,ascii_b8,not_applicable,Q8_0,model_backed_quantization,0.012187351832509033,surprisal,quantization,pooled_quantizations,validation
quantization_generated__quantization_trial__50ab3baf3a45952a470ee170,0,locked-dedup-cluster-b3ab392ad3d7376462d4d5e0,revision_v1_chacha20_poly1305_base64_038,detector_pair__7638a4c2d82c7efd2f13bd4e,qwen2_5_7b_instruct_q8_0,nonseg_ascii_b8,chacha20_poly1305_base64,procedure_home_task,ascii_b8,not_applicable,Q8_0,model_backed_quantization,0.010291587515060416,surprisal,quantization,pooled_quantizations,validation
quantization_generated__quantization_trial__50e1d19fded6a37e4a8a1582,1,locked-dedup-cluster-b021f708a83df097e9b0dc22,revision_v1_aes256_gcm_base64_043,detector_pair__8186e9a021a857ce00436ae2,qwen2_5_7b_instruct_q8_0,nonseg_ascii_b16,aes256_gcm_base64,professional_schedule_note,ascii_b16,not_applicable,Q8_0,model_backed_quantization,0.9957826636579095,surprisal,quantization,pooled_quantizations,validation
quantization_generated__quantization_trial__512bd8a84af115d64014fa76,1,locked-dedup-cluster-b4ececda78ae52a82e269174,revision_v1_chacha20_poly1305_base64_044,detector_pair__c959828ce9005432706a41fe,qwen2_5_7b_instruct_q4_k_m,nonseg_ascii_b8,chacha20_poly1305_base64,procedure_garden_task,ascii_b8,not_applicable,Q4_K_M,model_backed_quantization,0.9747084791042269,surprisal,quantization,pooled_quantizations,validation
quantization_generated__quantization_trial__51777846545e38e5a94dd730,0,locked-dedup-cluster-74a6b9f9e3047bf7067f2ba2,revision_v1_aes256_gcm_base64_047,detector_pair__a6d21c29b8f5e12436420d5b,qwen2_5_7b_instruct_q4_k_m,nonseg_ascii_b16,aes256_gcm_base64,explain_everyday_system,ascii_b16,not_applicable,Q4_K_M,model_backed_quantization,0.006754598147486094,surprisal,quantization,pooled_quantizations,validation
quantization_generated__quantization_trial__529fee79e5e44bdec83f7ff1,1,locked-dedup-cluster-e9d719501ea863777c5d999a,revision_v1_chacha20_poly1305_base64_045,detector_pair__8719aa0b1b1f62b59193cd24,qwen2_5_7b_instruct_q8_0,nonseg_ascii_b8,chacha20_poly1305_base64,narrative_learning_moment,ascii_b8,not_applicable,Q8_0,model_backed_quantization,0.9423119542138555,surprisal,quantization,pooled_quantizations,validation
quantization_generated__quantization_trial__52a31840f74189efd371e612,0,locked-dedup-cluster-c8f97f89526ce497f8474833,revision_v1_hmac_sha256_hex_041,detector_pair__fca074976e2cd6da0931bbdf,qwen2_5_7b_instruct_q8_0,nonseg_ascii_b8,hmac_sha256_hex,professional_process_email,ascii_b8,not_applicable,Q8_0,model_backed_quantization,0.010089927356162036,surprisal,quantization,pooled_quantizations,validation
quantization_generated__quantization_trial__536c5093c4df002cad1f0799,0,locked-dedup-cluster-7b246cd70d98090e5c3adbcc,revision_v1_sha256_hex_047,detector_pair__25aaeb23bd9a5fec6a99fbf4,qwen2_5_7b_instruct_q4_k_m,nonseg_ascii_b16,sha256_hex,casual_neighborhood_chat,ascii_b16,not_applicable,Q4_K_M,model_backed_quantization,0.02146361746027708,surprisal,quantization,pooled_quantizations,validation
quantization_generated__quantization_trial__540326072c97c3c0a911483a,1,locked-dedup-cluster-c1384975805483ef72db522a,revision_v1_uuid_v4_047,detector_pair__ef341698b4f480fbbccc8150,qwen2_5_7b_instruct_q4_k_m,nonseg_ascii_b8,uuid_v4,narrative_small_discovery,ascii_b8,not_applicable,Q4_K_M,model_backed_quantization,0.8666719099202679,surprisal,quantization,pooled_quantizations,validation
quantization_generated__quantization_trial__548218e5ba6dff069e6337f9,0,locked-dedup-cluster-bb3426430524b7a3d5783048,revision_v1_token_128_bit_hex_046,detector_pair__dee388846383495f938f1da6,qwen2_5_7b_instruct_q4_k_m,nonseg_ascii_b8,token_128_bit_hex,forum_learning_answer,ascii_b8,not_applicable,Q4_K_M,model_backed_quantization,0.008670047741640327,surprisal,quantization,pooled_quantizations,validation
quantization_generated__quantization_trial__549548cf783271f21eebb2e1,1,locked-dedup-cluster-7aae3a6d1c11ecb6700a986d,revision_v1_sha256_hex_036,detector_pair__7eeac9c04be59ddb5990172d,qwen2_5_7b_instruct_q4_k_m,nonseg_ascii_b8,sha256_hex,professional_schedule_note,ascii_b8,not_applicable,Q4_K_M,model_backed_quantization,0.9489334092900088,surprisal,quantization,pooled_quantizations,validation
quantization_generated__quantization_trial__54aa7a7035c8af4453f6a97c,0,locked-dedup-cluster-4f6ab2ce0956867e1b0b1bad,revision_v1_hmac_sha256_hex_043,detector_pair__27fc3a69d1d8aa4fb9ba3a29,qwen2_5_7b_instruct_q4_k_m,nonseg_ascii_b16,hmac_sha256_hex,procedure_simple_meal,ascii_b16,not_applicable,Q4_K_M,model_backed_quantization,0.009415433446835302,surprisal,quantization,pooled_quantizations,validation
quantization_generated__quantization_trial__54db3a6cff5d62c92fd9fea2,0,locked-dedup-cluster-bced2ec523557c720d4ecf66,revision_v1_token_128_bit_hex_036,detector_pair__80c38946e35c125fcf1ee750,qwen2_5_7b_instruct_q4_k_m,nonseg_ascii_b16,token_128_bit_hex,narrative_local_walk,ascii_b16,not_applicable,Q4_K_M,model_backed_quantization,0.011069631343808367,surprisal,quantization,pooled_quantizations,validation
quantization_generated__quantization_trial__55237516e10672f281c1a92c,1,locked-dedup-cluster-09ed2aa6b13db6df0ab6756d,revision_v1_ed25519_signature_base64_042,detector_pair__3fd3c50ae27b39702a5a552c,qwen2_5_7b_instruct_q8_0,nonseg_ascii_b8,ed25519_signature_base64,forum_practical_answer,ascii_b8,not_applicable,Q8_0,model_backed_quantization,0.9400242630094986,surprisal,quantization,pooled_quantizations,validation
quantization_generated__quantization_trial__552e8a7ff9da45384b616f25,0,locked-dedup-cluster-0a53df1782d32b924a429e87,revision_v1_uuid_v4_040,detector_pair__c39e0b53c4373b68fc04d83c,qwen2_5_7b_instruct_q8_0,nonseg_ascii_b16,uuid_v4,procedure_garden_task,ascii_b16,not_applicable,Q8_0,model_backed_quantization,0.008037994835845979,surprisal,quantization,pooled_quantizations,validation
quantization_generated__quantization_trial__56019d4e5aa6337d590f63fe,1,locked-dedup-cluster-72a697706958756a5d98abe5,revision_v1_aes256_gcm_base64_042,detector_pair__7691cafcc82dd1eaa53dc25b,qwen2_5_7b_instruct_q8_0,nonseg_ascii_b8,aes256_gcm_base64,casual_hobby_chat,ascii_b8,not_applicable,Q8_0,model_backed_quantization,0.9487876354533284,surprisal,quantization,pooled_quantizations,validation
quantization_generated__quantization_trial__56a06157135b661717388491,0,locked-dedup-cluster-2742a41454b76598cec25032,revision_v1_aes256_gcm_base64_039,detector_pair__d1983388663949d24af6d3bb,qwen2_5_7b_instruct_q4_k_m,nonseg_ascii_b8,aes256_gcm_base64,procedure_simple_meal,ascii_b8,not_applicable,Q4_K_M,model_backed_quantization,0.007861857368201658,surprisal,quantization,pooled_quantizations,validation
quantization_generated__quantization_trial__56bc5774a4bdc230e2354306,1,locked-dedup-cluster-0de80089e8762fad04cb9524,revision_v1_ed25519_signature_base64_046,detector_pair__3d736a598410b48ebb92cb2b,qwen2_5_7b_instruct_q8_0,nonseg_ascii_b8,ed25519_signature_base64,casual_weekend_chat,ascii_b8,not_applicable,Q8_0,model_backed_quantization,0.9103285136974787,surprisal,quantization,pooled_quantizations,validation
quantization_generated__quantization_trial__56ed015ac2da8c90d3738ac6,0,locked-dedup-cluster-1d1bea482f900a9bc2d26310,revision_v1_nonce_96_bit_hex_037,detector_pair__994bff52065e07698a1290dc,qwen2_5_7b_instruct_q4_k_m,nonseg_ascii_b16,nonce_96_bit_hex,narrative_small_discovery,ascii_b16,not_applicable,Q4_K_M,model_backed_quantization,0.02905631467334862,surprisal,quantization,pooled_quantizations,validation
quantization_generated__quantization_trial__585dfecb801b1fa4cb0b8171,0,locked-dedup-cluster-03d1f8caa28ff2627b36b98f,revision_v1_token_128_bit_hex_038,detector_pair__0ec75a775fae62476fb27a57,qwen2_5_7b_instruct_q4_k_m,nonseg_ascii_b8,token_128_bit_hex,casual_hobby_chat,ascii_b8,not_applicable,Q4_K_M,model_backed_quantization,0.011596681752955218,surprisal,quantization,pooled_quantizations,validation
quantization_generated__quantization_trial__58702283fecc347594485b12,1,locked-dedup-cluster-edcd1c430a452932fe4672fd,revision_v1_hmac_sha256_hex_037,detector_pair__2ba558e7e0f183c5fc2d5214,qwen2_5_7b_instruct_q4_k_m,nonseg_ascii_b8,hmac_sha256_hex,procedure_garden_task,ascii_b8,not_applicable,Q4_K_M,model_backed_quantization,0.9732316207114894,surprisal,quantization,pooled_quantizations,validation
quantization_generated__quantization_trial__58a6fb58a6ca9e949146ac1c,0,locked-dedup-cluster-f0d236f7a4fc9a5f94444217,revision_v1_aes256_gcm_base64_038,detector_pair__725b0e1838bead0f023c419e,qwen2_5_7b_instruct_q8_0,nonseg_ascii_b8,aes256_gcm_base64,forum_practical_answer,ascii_b8,not_applicable,Q8_0,model_backed_quantization,0.008145154624939614,surprisal,quantization,pooled_quantizations,validation
quantization_generated__quantization_trial__58aadf0a4cdd571a76f38eae,0,locked-dedup-cluster-03b12c24b75fd163404d55e4,revision_v1_ed25519_signature_base64_037,detector_pair__b4368fb7392b3c119696d1d9,qwen2_5_7b_instruct_q4_k_m,nonseg_ascii_b8,ed25519_signature_base64,procedure_garden_task,ascii_b8,not_applicable,Q4_K_M,model_backed_quantization,0.007627950016799253,surprisal,quantization,pooled_quantizations,validation
quantization_generated__quantization_trial__58fa9e59c740bdecc79e564f,0,locked-dedup-cluster-f63fdbc0a0898161cb79cb32,revision_v1_aes256_gcm_base64_036,detector_pair__a56c0cd48a8fbc1fcf3441c9,qwen2_5_7b_instruct_q4_k_m,nonseg_ascii_b8,aes256_gcm_base64,casual_weekend_chat,ascii_b8,not_applicable,Q4_K_M,model_backed_quantization,0.01901524235240618,surprisal,quantization,pooled_quantizations,validation
quantization_generated__quantization_trial__5965cfa0c6bcdabbc0c33fbf,0,locked-dedup-cluster-e2a416f537dd798868e8fcd5,revision_v1_uuid_v4_041,detector_pair__7dd58f07d4395d1ac187c4d3,qwen2_5_7b_instruct_q8_0,nonseg_ascii_b8,uuid_v4,narrative_learning_moment,ascii_b8,not_applicable,Q8_0,model_backed_quantization,0.023212873265267123,surprisal,quantization,pooled_quantizations,validation
quantization_generated__quantization_trial__59c10670c9d2cad3d0ff7981,0,locked-dedup-cluster-ec7757362682f43221c8e6e9,revision_v1_hmac_sha256_hex_047,detector_pair__523cf1bb380cac86a3ec17b5,qwen2_5_7b_instruct_q4_k_m,nonseg_ascii_b8,hmac_sha256_hex,professional_project_update,ascii_b8,not_applicable,Q4_K_M,model_backed_quantization,0.01416272144651524,surprisal,quantization,pooled_quantizations,validation
quantization_generated__quantization_trial__5b12e81e4952cff4b0fb76a3,1,locked-dedup-cluster-0a53df1782d32b924a429e87,revision_v1_uuid_v4_040,detector_pair__09f560b87d8c223c987c500d,qwen2_5_7b_instruct_q8_0,nonseg_ascii_b8,uuid_v4,procedure_garden_task,ascii_b8,not_applicable,Q8_0,model_backed_quantization,0.9966497800792004,surprisal,quantization,pooled_quantizations,validation
quantization_generated__quantization_trial__5b95525abdb5c359b1f46580,0,locked-dedup-cluster-7bbf6d003292b99a731441ed,revision_v1_token_128_bit_hex_041,detector_pair__76cce0d78b1eb60c46fdc542,qwen2_5_7b_instruct_q4_k_m,nonseg_ascii_b8,token_128_bit_hex,procedure_home_task,ascii_b8,not_applicable,Q4_K_M,model_backed_quantization,0.006545865222211738,surprisal,quantization,pooled_quantizations,validation
quantization_generated__quantization_trial__5be13868df0d553d5b8548ad,1,locked-dedup-cluster-7e1000ec149766aba547a02b,revision_v1_aes256_gcm_base64_040,detector_pair__f02d8270ba2add8266093bf7,qwen2_5_7b_instruct_q4_k_m,nonseg_ascii_b8,aes256_gcm_base64,narrative_small_discovery,ascii_b8,not_applicable,Q4_K_M,model_backed_quantization,0.962334535113521,surprisal,quantization,pooled_quantizations,validation
quantization_generated__quantization_trial__5c3b399c8a3c8bba95d630da,0,locked-dedup-cluster-4817ec6f6efc6d01ff08b87a,revision_v1_uuid_v4_045,detector_pair__b9d9ba7ffe190d3ab150fd4e,qwen2_5_7b_instruct_q4_k_m,nonseg_ascii_b8,uuid_v4,forum_practical_answer,ascii_b8,not_applicable,Q4_K_M,model_backed_quantization,0.0065957579924965995,surprisal,quantization,pooled_quantizations,validation
quantization_generated__quantization_trial__5da9aeaa1a68ba94816ab8ac,1,locked-dedup-cluster-e8b16cc4e3be2ed3afd26670,revision_v1_hmac_sha256_hex_040,detector_pair__03f4a70982abd878e8a6363d,qwen2_5_7b_instruct_q4_k_m,nonseg_ascii_b8,hmac_sha256_hex,casual_neighborhood_chat,ascii_b8,not_applicable,Q4_K_M,model_backed_quantization,0.943152119063601,surprisal,quantization,pooled_quantizations,validation
quantization_generated__quantization_trial__5daffbc5b43106fb141cfd7e,0,locked-dedup-cluster-804389a06ddc24189a12fcd5,revision_v1_chacha20_poly1305_base64_041,detector_pair__8fdcb111e75158018783c679,qwen2_5_7b_instruct_q8_0,nonseg_ascii_b16,chacha20_poly1305_base64,casual_hobby_chat,ascii_b16,not_applicable,Q8_0,model_backed_quantization,0.012323532872994482,surprisal,quantization,pooled_quantizations,validation
quantization_generated__quantization_trial__5de528318657469a91e5729c,1,locked-dedup-cluster-3153c3799d1bf60fd0f41b4a,revision_v1_uuid_v4_046,detector_pair__3fbb4289b49148c301d7cd57,qwen2_5_7b_instruct_q8_0,nonseg_ascii_b8,uuid_v4,procedure_simple_meal,ascii_b8,not_applicable,Q8_0,model_backed_quantization,0.9747116450759836,surprisal,quantization,pooled_quantizations,validation
quantization_generated__quantization_trial__5e0fd5092ded8d0e64d69b7d,1,locked-dedup-cluster-e4a3d80046c9b83a56f2cc60,revision_v1_ed25519_signature_base64_038,detector_pair__3fb2a29a7c914557b3249cf7,qwen2_5_7b_instruct_q4_k_m,nonseg_ascii_b8,ed25519_signature_base64,narrative_learning_moment,ascii_b8,not_applicable,Q4_K_M,model_backed_quantization,0.9472470527925628,surprisal,quantization,pooled_quantizations,validation
quantization_generated__quantization_trial__5e1c21f72672e74fc7c8dddc,1,locked-dedup-cluster-4f6ab2ce0956867e1b0b1bad,revision_v1_hmac_sha256_hex_043,detector_pair__3aca036958926eb67f4134ba,qwen2_5_7b_instruct_q8_0,nonseg_ascii_b8,hmac_sha256_hex,procedure_simple_meal,ascii_b8,not_applicable,Q8_0,model_backed_quantization,0.9902193080351824,surprisal,quantization,pooled_quantizations,validation
quantization_generated__quantization_trial__5e2380993c7a04b1b94c1e8b,0,locked-dedup-cluster-74a6b9f9e3047bf7067f2ba2,revision_v1_aes256_gcm_base64_047,detector_pair__aa3f1273900ffb7b38a79399,qwen2_5_7b_instruct_q4_k_m,nonseg_ascii_b8,aes256_gcm_base64,explain_everyday_system,ascii_b8,not_applicable,Q4_K_M,model_backed_quantization,0.00872902468431095,surprisal,quantization,pooled_quantizations,validation
quantization_generated__quantization_trial__5e65984fd0aec4fbebfc30c8,0,locked-dedup-cluster-17076ff9269019d74c924b01,revision_v1_nonce_96_bit_hex_047,detector_pair__5c5115d521fe6f52c404ffe7,qwen2_5_7b_instruct_q4_k_m,nonseg_ascii_b8,nonce_96_bit_hex,forum_purchase_advice,ascii_b8,not_applicable,Q4_K_M,model_backed_quantization,0.016533642381380168,surprisal,quantization,pooled_quantizations,validation
quantization_generated__quantization_trial__5e93ba02ebe42582b084e734,1,locked-dedup-cluster-f9b2db30c1f7b1665ad6f593,revision_v1_hmac_sha256_hex_045,detector_pair__1105ee68ed43127bbb700a19,qwen2_5_7b_instruct_q8_0,nonseg_ascii_b16,hmac_sha256_hex,explain_weather_pattern,ascii_b16,not_applicable,Q8_0,model_backed_quantization,0.9945089584426964,surprisal,quantization,pooled_quantizations,validation
quantization_generated__quantization_trial__5ec0132d24639aca4d0cd529,1,locked-dedup-cluster-56c311ab24e3b4956d5a8d34,revision_v1_ed25519_signature_base64_045,detector_pair__91431f6cf158de99215c509f,qwen2_5_7b_instruct_q8_0,nonseg_ascii_b16,ed25519_signature_base64,explain_weather_pattern,ascii_b16,not_applicable,Q8_0,model_backed_quantization,0.9971062140322186,surprisal,quantization,pooled_quantizations,validation
quantization_generated__quantization_trial__5ee54c3e2f594805dedc60e6,1,locked-dedup-cluster-96f03366a1bc639d45b09062,revision_v1_sha256_hex_044,detector_pair__bd3bea6c920a33708cfdbc8f,qwen2_5_7b_instruct_q4_k_m,nonseg_ascii_b16,sha256_hex,procedure_garden_task,ascii_b16,not_applicable,Q4_K_M,model_backed_quantization,0.9944253122727394,surprisal,quantization,pooled_quantizations,validation
quantization_generated__quantization_trial__5f3e0a86415a67de752816fa,0,locked-dedup-cluster-4f00d14b32387145bb3f6085,revision_v1_sha256_hex_042,detector_pair__0642451177a2e99032d4502d,qwen2_5_7b_instruct_q8_0,nonseg_ascii_b8,sha256_hex,professional_process_email,ascii_b8,not_applicable,Q8_0,model_backed_quantization,0.011328550814709477,surprisal,quantization,pooled_quantizations,validation
quantization_generated__quantization_trial__5f5d0769909ec9ecb642c181,0,locked-dedup-cluster-982d753609ba3daf81c7d866,revision_v1_sha256_hex_046,detector_pair__196dde4f8fb11425cd4d6d8a,qwen2_5_7b_instruct_q4_k_m,nonseg_ascii_b8,sha256_hex,explain_biological_process,ascii_b8,not_applicable,Q4_K_M,model_backed_quantization,0.006849240362770877,surprisal,quantization,pooled_quantizations,validation
quantization_generated__quantization_trial__5faa2fbe0235aad7dd5894f7,1,locked-dedup-cluster-e4a3d80046c9b83a56f2cc60,revision_v1_ed25519_signature_base64_038,detector_pair__40831a807b34fa795a04d8bd,qwen2_5_7b_instruct_q4_k_m,nonseg_ascii_b16,ed25519_signature_base64,narrative_learning_moment,ascii_b16,not_applicable,Q4_K_M,model_backed_quantization,0.9881118198441691,surprisal,quantization,pooled_quantizations,validation
quantization_generated__quantization_trial__5fd94663dee0203743e227f2,0,locked-dedup-cluster-6ce30f9a3e80626084969f2a,revision_v1_ed25519_signature_base64_043,detector_pair__c5caf51c0d5586ec079f9c2f,qwen2_5_7b_instruct_q4_k_m,nonseg_ascii_b16,ed25519_signature_base64,procedure_simple_meal,ascii_b16,not_applicable,Q4_K_M,model_backed_quantization,0.00685953407716437,surprisal,quantization,pooled_quantizations,validation
quantization_generated__quantization_trial__5feff8da0646c47dbcf95bbe,1,locked-dedup-cluster-74a6b9f9e3047bf7067f2ba2,revision_v1_aes256_gcm_base64_047,detector_pair__aa3f1273900ffb7b38a79399,qwen2_5_7b_instruct_q4_k_m,nonseg_ascii_b8,aes256_gcm_base64,explain_everyday_system,ascii_b8,not_applicable,Q4_K_M,model_backed_quantization,0.9878733915035285,surprisal,quantization,pooled_quantizations,validation
quantization_generated__quantization_trial__602036780ed2d0cfca890d86,0,locked-dedup-cluster-fb664cb695fde518915aab25,revision_v1_hmac_sha256_hex_042,detector_pair__5b8ea7b873ad2d547a2288a8,qwen2_5_7b_instruct_q8_0,nonseg_ascii_b16,hmac_sha256_hex,forum_practical_answer,ascii_b16,not_applicable,Q8_0,model_backed_quantization,0.012464171257279447,surprisal,quantization,pooled_quantizations,validation
quantization_generated__quantization_trial__604f3868f60b0903bde3c7e1,0,locked-dedup-cluster-e9d719501ea863777c5d999a,revision_v1_chacha20_poly1305_base64_045,detector_pair__83c48845f7b6ebcac732c63a,qwen2_5_7b_instruct_q4_k_m,nonseg_ascii_b16,chacha20_poly1305_base64,narrative_learning_moment,ascii_b16,not_applicable,Q4_K_M,model_backed_quantization,0.028844844885147835,surprisal,quantization,pooled_quantizations,validation
quantization_generated__quantization_trial__6064215439d26174f9669d64,0,locked-dedup-cluster-e2a416f537dd798868e8fcd5,revision_v1_uuid_v4_041,detector_pair__96e20f24d168dc29fd6a38e3,qwen2_5_7b_instruct_q8_0,nonseg_ascii_b16,uuid_v4,narrative_learning_moment,ascii_b16,not_applicable,Q8_0,model_backed_quantization,0.05143828401838639,surprisal,quantization,pooled_quantizations,validation
quantization_generated__quantization_trial__60ba9da97b01f690c061abc7,0,locked-dedup-cluster-72d6aaa27e96ad1608b1c89d,revision_v1_chacha20_poly1305_base64_039,detector_pair__470024b96e87932201bf92da,qwen2_5_7b_instruct_q8_0,nonseg_ascii_b16,chacha20_poly1305_base64,narrative_local_walk,ascii_b16,not_applicable,Q8_0,model_backed_quantization,0.014662103832195319,surprisal,quantization,pooled_quantizations,validation
quantization_generated__quantization_trial__62d44113b7340ad0c9ac29c9,1,locked-dedup-cluster-03d1f8caa28ff2627b36b98f,revision_v1_token_128_bit_hex_038,detector_pair__0ec75a775fae62476fb27a57,qwen2_5_7b_instruct_q4_k_m,nonseg_ascii_b8,token_128_bit_hex,casual_hobby_chat,ascii_b8,not_applicable,Q4_K_M,model_backed_quantization,0.9819471997239189,surprisal,quantization,pooled_quantizations,validation
quantization_generated__quantization_trial__62eaab70a662c6fa1a06c0a5,0,locked-dedup-cluster-51612ff886a1985457334a6f,revision_v1_sha256_hex_045,detector_pair__9af36633d53eb170b788f5ba,qwen2_5_7b_instruct_q8_0,nonseg_ascii_b16,sha256_hex,narrative_learning_moment,ascii_b16,not_applicable,Q8_0,model_backed_quantization,0.021987529458879666,surprisal,quantization,pooled_quantizations,validation
quantization_generated__quantization_trial__62f9a952862e93c944e40a91,0,locked-dedup-cluster-c8f97f89526ce497f8474833,revision_v1_hmac_sha256_hex_041,detector_pair__fca074976e2cd6da0931bbdf,qwen2_5_7b_instruct_q4_k_m,nonseg_ascii_b8,hmac_sha256_hex,professional_process_email,ascii_b8,not_applicable,Q4_K_M,model_backed_quantization,0.010293573006506681,surprisal,quantization,pooled_quantizations,validation
quantization_generated__quantization_trial__6341c41d7f6b45a2f8e73594,1,locked-dedup-cluster-7e1000ec149766aba547a02b,revision_v1_aes256_gcm_base64_040,detector_pair__fde02a565b33cee874c33b17,qwen2_5_7b_instruct_q8_0,nonseg_ascii_b16,aes256_gcm_base64,narrative_small_discovery,ascii_b16,not_applicable,Q8_0,model_backed_quantization,0.9950391873091884,surprisal,quantization,pooled_quantizations,validation
quantization_generated__quantization_trial__6382b5db8fa8da030948c8ef,0,locked-dedup-cluster-c8f97f89526ce497f8474833,revision_v1_hmac_sha256_hex_041,detector_pair__888adb0b94e76f504eb7b6d7,qwen2_5_7b_instruct_q8_0,nonseg_ascii_b16,hmac_sha256_hex,professional_process_email,ascii_b16,not_applicable,Q8_0,model_backed_quantization,0.012391833555635471,surprisal,quantization,pooled_quantizations,validation
quantization_generated__quantization_trial__6428748f238be01f71d5c910,0,locked-dedup-cluster-e4b26eefab93fb49f672ce05,revision_v1_nonce_96_bit_hex_042,detector_pair__fc101879fb3fba15ca86a19c,qwen2_5_7b_instruct_q8_0,nonseg_ascii_b16,nonce_96_bit_hex,procedure_home_task,ascii_b16,not_applicable,Q8_0,model_backed_quantization,0.02011469279675611,surprisal,quantization,pooled_quantizations,validation
quantization_generated__quantization_trial__64c5569544dc6a1ced574fb4,0,locked-dedup-cluster-e4a3d80046c9b83a56f2cc60,revision_v1_ed25519_signature_base64_038,detector_pair__40831a807b34fa795a04d8bd,qwen2_5_7b_instruct_q8_0,nonseg_ascii_b16,ed25519_signature_base64,narrative_learning_moment,ascii_b16,not_applicable,Q8_0,model_backed_quantization,0.03652213153499545,surprisal,quantization,pooled_quantizations,validation
quantization_generated__quantization_trial__64d7caacb5f6856e7b73d22a,0,locked-dedup-cluster-f63fdbc0a0898161cb79cb32,revision_v1_aes256_gcm_base64_036,detector_pair__bbaf6ceb196212459ecdcfbc,qwen2_5_7b_instruct_q4_k_m,nonseg_ascii_b16,aes256_gcm_base64,casual_weekend_chat,ascii_b16,not_applicable,Q4_K_M,model_backed_quantization,0.016728846138183897,surprisal,quantization,pooled_quantizations,validation
quantization_generated__quantization_trial__65015410434fe290773f42b7,1,locked-dedup-cluster-6011fbb5ee1115e93ddfe3e1,revision_v1_chacha20_poly1305_base64_047,detector_pair__b2f78df8ba014169977e35be,qwen2_5_7b_instruct_q8_0,nonseg_ascii_b16,chacha20_poly1305_base64,casual_neighborhood_chat,ascii_b16,not_applicable,Q8_0,model_backed_quantization,0.9912721939173854,surprisal,quantization,pooled_quantizations,validation
quantization_generated__quantization_trial__6508b00d89f157864ff099b5,0,locked-dedup-cluster-6011fbb5ee1115e93ddfe3e1,revision_v1_chacha20_poly1305_base64_047,detector_pair__ca049b24753671de8555d295,qwen2_5_7b_instruct_q4_k_m,nonseg_ascii_b8,chacha20_poly1305_base64,casual_neighborhood_chat,ascii_b8,not_applicable,Q4_K_M,model_backed_quantization,0.019072396283228793,surprisal,quantization,pooled_quantizations,validation
quantization_generated__quantization_trial__654759d5f056b3a616c98023,0,locked-dedup-cluster-6e873b678160da9a608f2b93,revision_v1_sha256_hex_040,detector_pair__c929f032a226626451fed4ab,qwen2_5_7b_instruct_q8_0,nonseg_ascii_b16,sha256_hex,explain_everyday_system,ascii_b16,not_applicable,Q8_0,model_backed_quantization,0.013882107749288459,surprisal,quantization,pooled_quantizations,validation
quantization_generated__quantization_trial__655cd3d8add756325da51d90,0,locked-dedup-cluster-f4c37670622213f8f7284467,revision_v1_hmac_sha256_hex_046,detector_pair__126dd08b9ab23edb70c08f62,qwen2_5_7b_instruct_q4_k_m,nonseg_ascii_b16,hmac_sha256_hex,casual_weekend_chat,ascii_b16,not_applicable,Q4_K_M,model_backed_quantization,0.010921929822926222,surprisal,quantization,pooled_quantizations,validation
quantization_generated__quantization_trial__65711bcb19aec1e02c49543b,0,locked-dedup-cluster-f63fdbc0a0898161cb79cb32,revision_v1_aes256_gcm_base64_036,detector_pair__a56c0cd48a8fbc1fcf3441c9,qwen2_5_7b_instruct_q8_0,nonseg_ascii_b8,aes256_gcm_base64,casual_weekend_chat,ascii_b8,not_applicable,Q8_0,model_backed_quantization,0.022153358215234797,surprisal,quantization,pooled_quantizations,validation
quantization_generated__quantization_trial__65c3ec8dc130c6a921beb2ea,1,locked-dedup-cluster-e4b26eefab93fb49f672ce05,revision_v1_nonce_96_bit_hex_042,detector_pair__fc101879fb3fba15ca86a19c,qwen2_5_7b_instruct_q8_0,nonseg_ascii_b16,nonce_96_bit_hex,procedure_home_task,ascii_b16,not_applicable,Q8_0,model_backed_quantization,0.99992624445188,surprisal,quantization,pooled_quantizations,validation
quantization_generated__quantization_trial__65f5c1b498a803f5c8991d33,0,locked-dedup-cluster-e1f89602cec0d549198e89c6,revision_v1_chacha20_poly1305_base64_046,detector_pair__53171ac0b91e27f5036701f8,qwen2_5_7b_instruct_q8_0,nonseg_ascii_b8,chacha20_poly1305_base64,explain_biological_process,ascii_b8,not_applicable,Q8_0,model_backed_quantization,0.004733513878971765,surprisal,quantization,pooled_quantizations,validation
quantization_generated__quantization_trial__66733bab7f6c125608633dfc,0,locked-dedup-cluster-00190ab339967308d13aeb9a,revision_v1_token_128_bit_hex_037,detector_pair__a18e9908217546fe8b96066e,qwen2_5_7b_instruct_q4_k_m,nonseg_ascii_b8,token_128_bit_hex,explain_everyday_system,ascii_b8,not_applicable,Q4_K_M,model_backed_quantization,0.01030211048681869,surprisal,quantization,pooled_quantizations,validation
quantization_generated__quantization_trial__66d4d8a532351f13a84604eb,0,locked-dedup-cluster-b2ca5e6856a27752a6cf96b9,revision_v1_aes256_gcm_base64_045,detector_pair__b20819fc9c514886a56a62bd,qwen2_5_7b_instruct_q4_k_m,nonseg_ascii_b8,aes256_gcm_base64,procedure_home_task,ascii_b8,not_applicable,Q4_K_M,model_backed_quantization,0.013919710809749186,surprisal,quantization,pooled_quantizations,validation
quantization_generated__quantization_trial__66dd7846c136f6af65cbc6a8,1,locked-dedup-cluster-0a8b6ea76ea0423642f3bdd9,revision_v1_chacha20_poly1305_base64_037,detector_pair__ac304066ca369b61d7ecdeab,qwen2_5_7b_instruct_q8_0,nonseg_ascii_b16,chacha20_poly1305_base64,forum_purchase_advice,ascii_b16,not_applicable,Q8_0,model_backed_quantization,0.9952498316916665,surprisal,quantization,pooled_quantizations,validation
quantization_generated__quantization_trial__67734187e3ee8a258f3e2852,0,locked-dedup-cluster-7eecb5c2a0c12ed30123e2b3,revision_v1_uuid_v4_043,detector_pair__f52edf0a9bc0c9ae49b44bac,qwen2_5_7b_instruct_q4_k_m,nonseg_ascii_b16,uuid_v4,casual_weekend_chat,ascii_b16,not_applicable,Q4_K_M,model_backed_quantization,0.011494999750649845,surprisal,quantization,pooled_quantizations,validation
quantization_generated__quantization_trial__677d1092d5c0a0c323e1295e,1,locked-dedup-cluster-4f00d14b32387145bb3f6085,revision_v1_sha256_hex_042,detector_pair__0642451177a2e99032d4502d,qwen2_5_7b_instruct_q4_k_m,nonseg_ascii_b8,sha256_hex,professional_process_email,ascii_b8,not_applicable,Q4_K_M,model_backed_quantization,0.941231325236134,surprisal,quantization,pooled_quantizations,validation
quantization_generated__quantization_trial__680d8a7ce850cf01a67e0470,0,locked-dedup-cluster-09ed2aa6b13db6df0ab6756d,revision_v1_ed25519_signature_base64_042,detector_pair__3fd3c50ae27b39702a5a552c,qwen2_5_7b_instruct_q8_0,nonseg_ascii_b8,ed25519_signature_base64,forum_practical_answer,ascii_b8,not_applicable,Q8_0,model_backed_quantization,0.008641658928066488,surprisal,quantization,pooled_quantizations,validation
quantization_generated__quantization_trial__687b45216ac29c3920f31f47,0,locked-dedup-cluster-74698d9f725d61b98986f3c9,revision_v1_token_128_bit_hex_045,detector_pair__8a182cdb6566f7cbe6cfded1,qwen2_5_7b_instruct_q8_0,nonseg_ascii_b16,token_128_bit_hex,professional_process_email,ascii_b16,not_applicable,Q8_0,model_backed_quantization,0.00738156668042735,surprisal,quantization,pooled_quantizations,validation
quantization_generated__quantization_trial__68d8184cf92d2fc0a424fb9a,0,locked-dedup-cluster-a70c2199fe9757fc3a965e41,revision_v1_sha256_hex_041,detector_pair__9896d92075987af72b85aaeb,qwen2_5_7b_instruct_q4_k_m,nonseg_ascii_b16,sha256_hex,casual_hobby_chat,ascii_b16,not_applicable,Q4_K_M,model_backed_quantization,0.02060036365685373,surprisal,quantization,pooled_quantizations,validation
quantization_generated__quantization_trial__697d61fb11b57c30cadf67e4,0,locked-dedup-cluster-21c1f1723b6238ac14216880,revision_v1_uuid_v4_042,detector_pair__7b1cd61aab49406547673d3c,qwen2_5_7b_instruct_q8_0,nonseg_ascii_b16,uuid_v4,explain_weather_pattern,ascii_b16,not_applicable,Q8_0,model_backed_quantization,0.011228069694535535,surprisal,quantization,pooled_quantizations,validation
quantization_generated__quantization_trial__69d21a7a7bff7b1f19ec9aa8,1,locked-dedup-cluster-d079eecad7476b4230a994ea,revision_v1_uuid_v4_036,detector_pair__57e1f0de4132f3a7015193f0,qwen2_5_7b_instruct_q8_0,nonseg_ascii_b16,uuid_v4,explain_biological_process,ascii_b16,not_applicable,Q8_0,model_backed_quantization,0.997306707150876,surprisal,quantization,pooled_quantizations,validation
quantization_generated__quantization_trial__6a9b50a8b80b6f3017fa4f7d,0,locked-dedup-cluster-518372beb501e1afe511974a,revision_v1_ed25519_signature_base64_044,detector_pair__5e0b653e1324ec96440b171e,qwen2_5_7b_instruct_q8_0,nonseg_ascii_b8,ed25519_signature_base64,narrative_small_discovery,ascii_b8,not_applicable,Q8_0,model_backed_quantization,0.04171700660521398,surprisal,quantization,pooled_quantizations,validation
quantization_generated__quantization_trial__6ae08e33ee3f440793ef019c,1,locked-dedup-cluster-4817ec6f6efc6d01ff08b87a,revision_v1_uuid_v4_045,detector_pair__b38f5c380733b619f12233ed,qwen2_5_7b_instruct_q4_k_m,nonseg_ascii_b16,uuid_v4,forum_practical_answer,ascii_b16,not_applicable,Q4_K_M,model_backed_quantization,0.9960585204654131,surprisal,quantization,pooled_quantizations,validation
quantization_generated__quantization_trial__6b066d052a6bbfae7891d51e,0,locked-dedup-cluster-480569e564e6de62c0580300,revision_v1_nonce_96_bit_hex_039,detector_pair__41da321dc97f67f5102a44e2,qwen2_5_7b_instruct_q4_k_m,nonseg_ascii_b8,nonce_96_bit_hex,casual_weekend_chat,ascii_b8,not_applicable,Q4_K_M,model_backed_quantization,0.017688887670180172,surprisal,quantization,pooled_quantizations,validation
quantization_generated__quantization_trial__6b0a3e348a121138195ae410,0,locked-dedup-cluster-6011fbb5ee1115e93ddfe3e1,revision_v1_chacha20_poly1305_base64_047,detector_pair__b2f78df8ba014169977e35be,qwen2_5_7b_instruct_q8_0,nonseg_ascii_b16,chacha20_poly1305_base64,casual_neighborhood_chat,ascii_b16,not_applicable,Q8_0,model_backed_quantization,0.018514081519430927,surprisal,quantization,pooled_quantizations,validation
quantization_generated__quantization_trial__6bad198c65cd20104ca0d5b8,1,locked-dedup-cluster-1ee4b534cd708fac58a4e520,revision_v1_ed25519_signature_base64_036,detector_pair__8119ddb96542cd689ae12f5e,qwen2_5_7b_instruct_q8_0,nonseg_ascii_b16,ed25519_signature_base64,forum_learning_answer,ascii_b16,not_applicable,Q8_0,model_backed_quantization,0.9981070336350593,surprisal,quantization,pooled_quantizations,validation
quantization_generated__quantization_trial__6bb0da1d3b3c77ed286923e2,1,locked-dedup-cluster-4f00d14b32387145bb3f6085,revision_v1_sha256_hex_042,detector_pair__dd4e8eb7f76ae2e0d0d8db4f,qwen2_5_7b_instruct_q4_k_m,nonseg_ascii_b16,sha256_hex,professional_process_email,ascii_b16,not_applicable,Q4_K_M,model_backed_quantization,0.9885919130474895,surprisal,quantization,pooled_quantizations,validation
quantization_generated__quantization_trial__6bec23de71ed7d515437176f,0,locked-dedup-cluster-23688669a27f472f3b4c7be0,revision_v1_uuid_v4_038,detector_pair__72f2f9c6d5a404a776008984,qwen2_5_7b_instruct_q8_0,nonseg_ascii_b8,uuid_v4,professional_process_email,ascii_b8,not_applicable,Q8_0,model_backed_quantization,0.009281876465098994,surprisal,quantization,pooled_quantizations,validation
quantization_generated__quantization_trial__6c38ee86e5a80e3432d8a381,0,locked-dedup-cluster-b5f56388b36a396fa5403d36,revision_v1_aes256_gcm_base64_041,detector_pair__20a10c501d64c75aa73890ec,qwen2_5_7b_instruct_q4_k_m,nonseg_ascii_b16,aes256_gcm_base64,explain_weather_pattern,ascii_b16,not_applicable,Q4_K_M,model_backed_quantization,0.008419992337083085,surprisal,quantization,pooled_quantizations,validation
quantization_generated__quantization_trial__6c752b747971ebf042306549,0,locked-dedup-cluster-74a6b9f9e3047bf7067f2ba2,revision_v1_aes256_gcm_base64_047,detector_pair__aa3f1273900ffb7b38a79399,qwen2_5_7b_instruct_q8_0,nonseg_ascii_b8,aes256_gcm_base64,explain_everyday_system,ascii_b8,not_applicable,Q8_0,model_backed_quantization,0.007959842043143301,surprisal,quantization,pooled_quantizations,validation
quantization_generated__quantization_trial__6d5ceeccaf76d114e6fd1b25,0,locked-dedup-cluster-51612ff886a1985457334a6f,revision_v1_sha256_hex_045,detector_pair__cbce999c48837ed89a4b5173,qwen2_5_7b_instruct_q8_0,nonseg_ascii_b8,sha256_hex,narrative_learning_moment,ascii_b8,not_applicable,Q8_0,model_backed_quantization,0.024196672186169693,surprisal,quantization,pooled_quantizations,validation
quantization_generated__quantization_trial__6e7812fb6d79c09a5ab0d8be,1,locked-dedup-cluster-bc077faa1a8a103220224e85,revision_v1_chacha20_poly1305_base64_036,detector_pair__ee27dba13fd526da0ce7542d,qwen2_5_7b_instruct_q4_k_m,nonseg_ascii_b16,chacha20_poly1305_base64,professional_schedule_note,ascii_b16,not_applicable,Q4_K_M,model_backed_quantization,0.9878121633161586,surprisal,quantization,pooled_quantizations,validation
quantization_generated__quantization_trial__6e9bd336b8eed7ab35e78468,0,locked-dedup-cluster-b021f708a83df097e9b0dc22,revision_v1_aes256_gcm_base64_043,detector_pair__85d5ab1c612aa720a42ec394,qwen2_5_7b_instruct_q4_k_m,nonseg_ascii_b8,aes256_gcm_base64,professional_schedule_note,ascii_b8,not_applicable,Q4_K_M,model_backed_quantization,0.008536124627628561,surprisal,quantization,pooled_quantizations,validation
quantization_generated__quantization_trial__6ea9d1ceac26686428664423,1,locked-dedup-cluster-b5f56388b36a396fa5403d36,revision_v1_aes256_gcm_base64_041,detector_pair__20a10c501d64c75aa73890ec,qwen2_5_7b_instruct_q8_0,nonseg_ascii_b16,aes256_gcm_base64,explain_weather_pattern,ascii_b16,not_applicable,Q8_0,model_backed_quantization,0.9964581296289043,surprisal,quantization,pooled_quantizations,validation
quantization_generated__quantization_trial__6f1a2c848d57ede8063a4d01,0,locked-dedup-cluster-b3ab392ad3d7376462d4d5e0,revision_v1_chacha20_poly1305_base64_038,detector_pair__7638a4c2d82c7efd2f13bd4e,qwen2_5_7b_instruct_q4_k_m,nonseg_ascii_b8,chacha20_poly1305_base64,procedure_home_task,ascii_b8,not_applicable,Q4_K_M,model_backed_quantization,0.00839959926075758,surprisal,quantization,pooled_quantizations,validation
quantization_generated__quantization_trial__6f6270d185714de37f3909d4,0,locked-dedup-cluster-d079eecad7476b4230a994ea,revision_v1_uuid_v4_036,detector_pair__01d8f7299c15d0ed4666388d,qwen2_5_7b_instruct_q8_0,nonseg_ascii_b8,uuid_v4,explain_biological_process,ascii_b8,not_applicable,Q8_0,model_backed_quantization,0.011118067970170202,surprisal,quantization,pooled_quantizations,validation
quantization_generated__quantization_trial__7028040a0c21fad1f6716a4f,1,locked-dedup-cluster-1e85096517059ca2585e10f1,revision_v1_nonce_96_bit_hex_044,detector_pair__dfce901e5324ff5d860dbf81,qwen2_5_7b_instruct_q4_k_m,nonseg_ascii_b8,nonce_96_bit_hex,explain_everyday_system,ascii_b8,not_applicable,Q4_K_M,model_backed_quantization,0.9925838164379784,surprisal,quantization,pooled_quantizations,validation
quantization_generated__quantization_trial__702d92c468bc033b2ad2c85b,0,locked-dedup-cluster-1e85096517059ca2585e10f1,revision_v1_nonce_96_bit_hex_044,detector_pair__6e45a0e3c39422e2454c1483,qwen2_5_7b_instruct_q4_k_m,nonseg_ascii_b16,nonce_96_bit_hex,explain_everyday_system,ascii_b16,not_applicable,Q4_K_M,model_backed_quantization,0.01799445949164905,surprisal,quantization,pooled_quantizations,validation
quantization_generated__quantization_trial__70d8a98c31eb2c6620803e25,0,locked-dedup-cluster-09ed2aa6b13db6df0ab6756d,revision_v1_ed25519_signature_base64_042,detector_pair__ebf8c4ae17f183e147925be1,qwen2_5_7b_instruct_q8_0,nonseg_ascii_b16,ed25519_signature_base64,forum_practical_answer,ascii_b16,not_applicable,Q8_0,model_backed_quantization,0.011563054922788264,surprisal,quantization,pooled_quantizations,validation
quantization_generated__quantization_trial__719de146a1b660703883e4fe,0,locked-dedup-cluster-7440eb834fd6bac140e772c9,revision_v1_nonce_96_bit_hex_038,detector_pair__76513d008539d2b9a6e1e705,qwen2_5_7b_instruct_q8_0,nonseg_ascii_b8,nonce_96_bit_hex,explain_weather_pattern,ascii_b8,not_applicable,Q8_0,model_backed_quantization,0.012428411281113333,surprisal,quantization,pooled_quantizations,validation
quantization_generated__quantization_trial__721c502dfecacd504374ffdb,0,locked-dedup-cluster-b4ececda78ae52a82e269174,revision_v1_chacha20_poly1305_base64_044,detector_pair__c959828ce9005432706a41fe,qwen2_5_7b_instruct_q8_0,nonseg_ascii_b8,chacha20_poly1305_base64,procedure_garden_task,ascii_b8,not_applicable,Q8_0,model_backed_quantization,0.00729645723396683,surprisal,quantization,pooled_quantizations,validation
quantization_generated__quantization_trial__723e2534bceb547f6a3e1204,1,locked-dedup-cluster-3153c3799d1bf60fd0f41b4a,revision_v1_uuid_v4_046,detector_pair__3fbb4289b49148c301d7cd57,qwen2_5_7b_instruct_q4_k_m,nonseg_ascii_b8,uuid_v4,procedure_simple_meal,ascii_b8,not_applicable,Q4_K_M,model_backed_quantization,0.9944296915341687,surprisal,quantization,pooled_quantizations,validation
quantization_generated__quantization_trial__72636ceb1d64c4c7c41960e1,0,locked-dedup-cluster-237faafa65b49354f2811074,revision_v1_chacha20_poly1305_base64_042,detector_pair__288687e0297fb648662acf15,qwen2_5_7b_instruct_q4_k_m,nonseg_ascii_b16,chacha20_poly1305_base64,professional_process_email,ascii_b16,not_applicable,Q4_K_M,model_backed_quantization,0.013307262818231375,surprisal,quantization,pooled_quantizations,validation
quantization_generated__quantization_trial__727c5d5b9fadb4a9c2de2c91,1,locked-dedup-cluster-00eccca339b70a566fc600ea,revision_v1_ed25519_signature_base64_041,detector_pair__d38051ffbbb449942635550a,qwen2_5_7b_instruct_q8_0,nonseg_ascii_b8,ed25519_signature_base64,professional_process_email,ascii_b8,not_applicable,Q8_0,model_backed_quantization,0.9881028899814082,surprisal,quantization,pooled_quantizations,validation
quantization_generated__quantization_trial__72ab18b50b43148e025b2498,1,locked-dedup-cluster-b3ab392ad3d7376462d4d5e0,revision_v1_chacha20_poly1305_base64_038,detector_pair__18e84981c13d823897443d18,qwen2_5_7b_instruct_q4_k_m,nonseg_ascii_b16,chacha20_poly1305_base64,procedure_home_task,ascii_b16,not_applicable,Q4_K_M,model_backed_quantization,0.9995900722090469,surprisal,quantization,pooled_quantizations,validation
quantization_generated__quantization_trial__74215b70099c771694c556c8,1,locked-dedup-cluster-f4c37670622213f8f7284467,revision_v1_hmac_sha256_hex_046,detector_pair__f93c6d6f393228f3e498afc9,qwen2_5_7b_instruct_q8_0,nonseg_ascii_b8,hmac_sha256_hex,casual_weekend_chat,ascii_b8,not_applicable,Q8_0,model_backed_quantization,0.9076229166011325,surprisal,quantization,pooled_quantizations,validation
quantization_generated__quantization_trial__74ab1aedae580af897c4f74a,1,locked-dedup-cluster-6ce30f9a3e80626084969f2a,revision_v1_ed25519_signature_base64_043,detector_pair__c5caf51c0d5586ec079f9c2f,qwen2_5_7b_instruct_q4_k_m,nonseg_ascii_b16,ed25519_signature_base64,procedure_simple_meal,ascii_b16,not_applicable,Q4_K_M,model_backed_quantization,0.9966157079767436,surprisal,quantization,pooled_quantizations,validation
quantization_generated__quantization_trial__74b0ce90239df78927ce499d,0,locked-dedup-cluster-804389a06ddc24189a12fcd5,revision_v1_chacha20_poly1305_base64_041,detector_pair__b3f37bfa9182689c98d2f056,qwen2_5_7b_instruct_q8_0,nonseg_ascii_b8,chacha20_poly1305_base64,casual_hobby_chat,ascii_b8,not_applicable,Q8_0,model_backed_quantization,0.011722387043633195,surprisal,quantization,pooled_quantizations,validation
quantization_generated__quantization_trial__74e0f517a515ddc197e8e38d,0,locked-dedup-cluster-f0d236f7a4fc9a5f94444217,revision_v1_aes256_gcm_base64_038,detector_pair__725b0e1838bead0f023c419e,qwen2_5_7b_instruct_q4_k_m,nonseg_ascii_b8,aes256_gcm_base64,forum_practical_answer,ascii_b8,not_applicable,Q4_K_M,model_backed_quantization,0.009232533567452916,surprisal,quantization,pooled_quantizations,validation
quantization_generated__quantization_trial__754e81badafc2329ba956667,0,locked-dedup-cluster-43af11f5d2e1ab75fc7f8cd0,revision_v1_uuid_v4_037,detector_pair__f84286f3893fe80ca66c866c,qwen2_5_7b_instruct_q4_k_m,nonseg_ascii_b16,uuid_v4,casual_neighborhood_chat,ascii_b16,not_applicable,Q4_K_M,model_backed_quantization,0.01470925961574545,surprisal,quantization,pooled_quantizations,validation
quantization_generated__quantization_trial__75a11b7b0d3dc6d0230e54c3,1,locked-dedup-cluster-0fb77ce4d96e18f21377e8de,revision_v1_token_128_bit_hex_039,detector_pair__590e84f70a242c22788b72cd,qwen2_5_7b_instruct_q8_0,nonseg_ascii_b8,token_128_bit_hex,professional_schedule_note,ascii_b8,not_applicable,Q8_0,model_backed_quantization,0.9534473423495378,surprisal,quantization,pooled_quantizations,validation
quantization_generated__quantization_trial__7644f9816eb7e8c9dc0df882,1,locked-dedup-cluster-3153c3799d1bf60fd0f41b4a,revision_v1_uuid_v4_046,detector_pair__58c3740416cf48f111885382,qwen2_5_7b_instruct_q4_k_m,nonseg_ascii_b16,uuid_v4,procedure_simple_meal,ascii_b16,not_applicable,Q4_K_M,model_backed_quantization,0.9976492303164577,surprisal,quantization,pooled_quantizations,validation
quantization_generated__quantization_trial__7672deeead0d80a91e822bef,0,locked-dedup-cluster-56c311ab24e3b4956d5a8d34,revision_v1_ed25519_signature_base64_045,detector_pair__0cf9c16f41e31c9c9303f107,qwen2_5_7b_instruct_q4_k_m,nonseg_ascii_b8,ed25519_signature_base64,explain_weather_pattern,ascii_b8,not_applicable,Q4_K_M,model_backed_quantization,0.009072705679282898,surprisal,quantization,pooled_quantizations,validation
quantization_generated__quantization_trial__76db9df560b925269125c69d,0,locked-dedup-cluster-f4c37670622213f8f7284467,revision_v1_hmac_sha256_hex_046,detector_pair__f93c6d6f393228f3e498afc9,qwen2_5_7b_instruct_q4_k_m,nonseg_ascii_b8,hmac_sha256_hex,casual_weekend_chat,ascii_b8,not_applicable,Q4_K_M,model_backed_quantization,0.014433282396331282,surprisal,quantization,pooled_quantizations,validation
quantization_generated__quantization_trial__775fcfb0f208feadc32b04f2,0,locked-dedup-cluster-db4aabf02590b0cf6f175c04,revision_v1_hmac_sha256_hex_039,detector_pair__1956cb96fcca268d792b7889,qwen2_5_7b_instruct_q4_k_m,nonseg_ascii_b8,hmac_sha256_hex,explain_biological_process,ascii_b8,not_applicable,Q4_K_M,model_backed_quantization,0.00795194981876988,surprisal,quantization,pooled_quantizations,validation
quantization_generated__quantization_trial__776f2de59795594d2d7a0cfe,1,locked-dedup-cluster-74a6b9f9e3047bf7067f2ba2,revision_v1_aes256_gcm_base64_047,detector_pair__a6d21c29b8f5e12436420d5b,qwen2_5_7b_instruct_q8_0,nonseg_ascii_b16,aes256_gcm_base64,explain_everyday_system,ascii_b16,not_applicable,Q8_0,model_backed_quantization,0.9952557386613147,surprisal,quantization,pooled_quantizations,validation
quantization_generated__quantization_trial__77b3976fab1791ee78fc9367,0,locked-dedup-cluster-ae9ee8b26103dc75c9112dfb,revision_v1_ed25519_signature_base64_047,detector_pair__d76661792c984b2d6dab1a0c,qwen2_5_7b_instruct_q4_k_m,nonseg_ascii_b16,ed25519_signature_base64,professional_project_update,ascii_b16,not_applicable,Q4_K_M,model_backed_quantization,0.018251053586686935,surprisal,quantization,pooled_quantizations,validation
quantization_generated__quantization_trial__78520f697a8717dd279fdefb,0,locked-dedup-cluster-51612ff886a1985457334a6f,revision_v1_sha256_hex_045,detector_pair__9af36633d53eb170b788f5ba,qwen2_5_7b_instruct_q4_k_m,nonseg_ascii_b16,sha256_hex,narrative_learning_moment,ascii_b16,not_applicable,Q4_K_M,model_backed_quantization,0.033178957089366315,surprisal,quantization,pooled_quantizations,validation
quantization_generated__quantization_trial__7859588ea3250a312c8a52c7,0,locked-dedup-cluster-64e6b1587450c6fccb5d88c5,revision_v1_ed25519_signature_base64_040,detector_pair__506a60f21375a3fa13e09ca4,qwen2_5_7b_instruct_q8_0,nonseg_ascii_b16,ed25519_signature_base64,casual_neighborhood_chat,ascii_b16,not_applicable,Q8_0,model_backed_quantization,0.016311587167856353,surprisal,quantization,pooled_quantizations,validation
quantization_generated__quantization_trial__787e73adc952b3dbf5528839,1,locked-dedup-cluster-0fb77ce4d96e18f21377e8de,revision_v1_token_128_bit_hex_039,detector_pair__bdd1af9b158b51340fc6989b,qwen2_5_7b_instruct_q4_k_m,nonseg_ascii_b16,token_128_bit_hex,professional_schedule_note,ascii_b16,not_applicable,Q4_K_M,model_backed_quantization,0.9989129199831999,surprisal,quantization,pooled_quantizations,validation
quantization_generated__quantization_trial__78f21433eca36bd9327372b8,0,locked-dedup-cluster-56c311ab24e3b4956d5a8d34,revision_v1_ed25519_signature_base64_045,detector_pair__91431f6cf158de99215c509f,qwen2_5_7b_instruct_q4_k_m,nonseg_ascii_b16,ed25519_signature_base64,explain_weather_pattern,ascii_b16,not_applicable,Q4_K_M,model_backed_quantization,0.016865272977430908,surprisal,quantization,pooled_quantizations,validation
quantization_generated__quantization_trial__78f4bd9b9cec85919c110388,1,locked-dedup-cluster-058fda41f3207b53b75ba98b,revision_v1_nonce_96_bit_hex_036,detector_pair__772afd2f53a6fad7804d2320,qwen2_5_7b_instruct_q4_k_m,nonseg_ascii_b8,nonce_96_bit_hex,procedure_simple_meal,ascii_b8,not_applicable,Q4_K_M,model_backed_quantization,0.9615065616877625,surprisal,quantization,pooled_quantizations,validation
quantization_generated__quantization_trial__79127dc2c4254a0c517d54a1,0,locked-dedup-cluster-e9d719501ea863777c5d999a,revision_v1_chacha20_poly1305_base64_045,detector_pair__83c48845f7b6ebcac732c63a,qwen2_5_7b_instruct_q8_0,nonseg_ascii_b16,chacha20_poly1305_base64,narrative_learning_moment,ascii_b16,not_applicable,Q8_0,model_backed_quantization,0.022603697876291386,surprisal,quantization,pooled_quantizations,validation
quantization_generated__quantization_trial__79bba36f71766da40a66f32e,0,locked-dedup-cluster-82fec35853ec8d44cf04cce4,revision_v1_hmac_sha256_hex_044,detector_pair__de4b198b379e50f2bf470c69,qwen2_5_7b_instruct_q4_k_m,nonseg_ascii_b16,hmac_sha256_hex,narrative_small_discovery,ascii_b16,not_applicable,Q4_K_M,model_backed_quantization,0.018178134055322086,surprisal,quantization,pooled_quantizations,validation
quantization_generated__quantization_trial__79da32bb3f492501260592bb,0,locked-dedup-cluster-bced2ec523557c720d4ecf66,revision_v1_token_128_bit_hex_036,detector_pair__80c38946e35c125fcf1ee750,qwen2_5_7b_instruct_q8_0,nonseg_ascii_b16,token_128_bit_hex,narrative_local_walk,ascii_b16,not_applicable,Q8_0,model_backed_quantization,0.011644802702223702,surprisal,quantization,pooled_quantizations,validation
quantization_generated__quantization_trial__7a4c0a209f6b1b43d8d4ced0,1,locked-dedup-cluster-64e6b1587450c6fccb5d88c5,revision_v1_ed25519_signature_base64_040,detector_pair__506a60f21375a3fa13e09ca4,qwen2_5_7b_instruct_q4_k_m,nonseg_ascii_b16,ed25519_signature_base64,casual_neighborhood_chat,ascii_b16,not_applicable,Q4_K_M,model_backed_quantization,0.9982334804069732,surprisal,quantization,pooled_quantizations,validation
quantization_generated__quantization_trial__7a831605922219416bf78f2f,0,locked-dedup-cluster-03b12c24b75fd163404d55e4,revision_v1_ed25519_signature_base64_037,detector_pair__f1c469c8b8e3c2c2fc95dd99,qwen2_5_7b_instruct_q4_k_m,nonseg_ascii_b16,ed25519_signature_base64,procedure_garden_task,ascii_b16,not_applicable,Q4_K_M,model_backed_quantization,0.012732975836184664,surprisal,quantization,pooled_quantizations,validation
quantization_generated__quantization_trial__7ad8dafc06100346115580d1,1,locked-dedup-cluster-6e873b678160da9a608f2b93,revision_v1_sha256_hex_040,detector_pair__c6e9324f3e04594d78942f18,qwen2_5_7b_instruct_q4_k_m,nonseg_ascii_b8,sha256_hex,explain_everyday_system,ascii_b8,not_applicable,Q4_K_M,model_backed_quantization,0.9313995927049229,surprisal,quantization,pooled_quantizations,validation
quantization_generated__quantization_trial__7b733c01d31db53d00d1f225,0,locked-dedup-cluster-e2a416f537dd798868e8fcd5,revision_v1_uuid_v4_041,detector_pair__96e20f24d168dc29fd6a38e3,qwen2_5_7b_instruct_q4_k_m,nonseg_ascii_b16,uuid_v4,narrative_learning_moment,ascii_b16,not_applicable,Q4_K_M,model_backed_quantization,0.042406909608300986,surprisal,quantization,pooled_quantizations,validation
quantization_generated__quantization_trial__7bcc9fdc7e722058f7f1aadb,0,locked-dedup-cluster-2447f2f757732f18a1468db2,revision_v1_aes256_gcm_base64_044,detector_pair__4a5ec7f3c0baf8a8c4fff387,qwen2_5_7b_instruct_q4_k_m,nonseg_ascii_b16,aes256_gcm_base64,forum_purchase_advice,ascii_b16,not_applicable,Q4_K_M,model_backed_quantization,0.014884625576889944,surprisal,quantization,pooled_quantizations,validation
quantization_generated__quantization_trial__7bdd759bda435a9417dee646,1,locked-dedup-cluster-518372beb501e1afe511974a,revision_v1_ed25519_signature_base64_044,detector_pair__a4fc29717b333737786af41f,qwen2_5_7b_instruct_q4_k_m,nonseg_ascii_b16,ed25519_signature_base64,narrative_small_discovery,ascii_b16,not_applicable,Q4_K_M,model_backed_quantization,0.9678812760135983,surprisal,quantization,pooled_quantizations,validation
quantization_generated__quantization_trial__7c4b327f0ec85f50ac48a624,1,locked-dedup-cluster-6ce30f9a3e80626084969f2a,revision_v1_ed25519_signature_base64_043,detector_pair__bcd6a42da1f3786bfd6467d4,qwen2_5_7b_instruct_q8_0,nonseg_ascii_b8,ed25519_signature_base64,procedure_simple_meal,ascii_b8,not_applicable,Q8_0,model_backed_quantization,0.9752777020090806,surprisal,quantization,pooled_quantizations,validation
quantization_generated__quantization_trial__7cf5aede43fb91271e579db5,0,locked-dedup-cluster-9984a5aa196e508c10aeda3a,revision_v1_chacha20_poly1305_base64_043,detector_pair__a9a2f47120322ac6122481bf,qwen2_5_7b_instruct_q8_0,nonseg_ascii_b8,chacha20_poly1305_base64,forum_learning_answer,ascii_b8,not_applicable,Q8_0,model_backed_quantization,0.011941888608329667,surprisal,quantization,pooled_quantizations,validation
quantization_generated__quantization_trial__7e5d2da1cdb7467e3fa0ef22,1,locked-dedup-cluster-e2a416f537dd798868e8fcd5,revision_v1_uuid_v4_041,detector_pair__96e20f24d168dc29fd6a38e3,qwen2_5_7b_instruct_q4_k_m,nonseg_ascii_b16,uuid_v4,narrative_learning_moment,ascii_b16,not_applicable,Q4_K_M,model_backed_quantization,0.9886764196878335,surprisal,quantization,pooled_quantizations,validation
quantization_generated__quantization_trial__7e8ce9fb4457fff1d655eb8a,0,locked-dedup-cluster-00190ab339967308d13aeb9a,revision_v1_token_128_bit_hex_037,detector_pair__04bb5d0f6e3cd023c35c0f5b,qwen2_5_7b_instruct_q8_0,nonseg_ascii_b16,token_128_bit_hex,explain_everyday_system,ascii_b16,not_applicable,Q8_0,model_backed_quantization,0.01747920888593706,surprisal,quantization,pooled_quantizations,validation
quantization_generated__quantization_trial__7eb614413d997616956165fb,0,locked-dedup-cluster-1d1bea482f900a9bc2d26310,revision_v1_nonce_96_bit_hex_037,detector_pair__45eb4bc9e08c77b4c6e5054f,qwen2_5_7b_instruct_q4_k_m,nonseg_ascii_b8,nonce_96_bit_hex,narrative_small_discovery,ascii_b8,not_applicable,Q4_K_M,model_backed_quantization,0.03615670926427676,surprisal,quantization,pooled_quantizations,validation
quantization_generated__quantization_trial__7efd3591ab1d9f072dca0630,0,locked-dedup-cluster-17076ff9269019d74c924b01,revision_v1_nonce_96_bit_hex_047,detector_pair__fc322630bd1accecedd51980,qwen2_5_7b_instruct_q4_k_m,nonseg_ascii_b16,nonce_96_bit_hex,forum_purchase_advice,ascii_b16,not_applicable,Q4_K_M,model_backed_quantization,0.012036304605728066,surprisal,quantization,pooled_quantizations,validation
quantization_generated__quantization_trial__7f00ae3627e1a90e0abc2a1e,1,locked-dedup-cluster-a70c2199fe9757fc3a965e41,revision_v1_sha256_hex_041,detector_pair__9896d92075987af72b85aaeb,qwen2_5_7b_instruct_q8_0,nonseg_ascii_b16,sha256_hex,casual_hobby_chat,ascii_b16,not_applicable,Q8_0,model_backed_quantization,0.9908640789749411,surprisal,quantization,pooled_quantizations,validation
quantization_generated__quantization_trial__7f3cb199c90a86abbeade8c2,1,locked-dedup-cluster-6b084f6dbf9a47a93f82df24,revision_v1_aes256_gcm_base64_037,detector_pair__769b5a40f425c7cf5f41b086,qwen2_5_7b_instruct_q8_0,nonseg_ascii_b8,aes256_gcm_base64,professional_project_update,ascii_b8,not_applicable,Q8_0,model_backed_quantization,0.9916487880048364,surprisal,quantization,pooled_quantizations,validation
quantization_generated__quantization_trial__7fdd68d3fac8550a65ac1ff5,1,locked-dedup-cluster-72a697706958756a5d98abe5,revision_v1_aes256_gcm_base64_042,detector_pair__7691cafcc82dd1eaa53dc25b,qwen2_5_7b_instruct_q4_k_m,nonseg_ascii_b8,aes256_gcm_base64,casual_hobby_chat,ascii_b8,not_applicable,Q4_K_M,model_backed_quantization,0.9295050822102597,surprisal,quantization,pooled_quantizations,validation
quantization_generated__quantization_trial__7fe6649e505f3720214a947f,0,locked-dedup-cluster-7b246cd70d98090e5c3adbcc,revision_v1_sha256_hex_047,detector_pair__25aaeb23bd9a5fec6a99fbf4,qwen2_5_7b_instruct_q8_0,nonseg_ascii_b16,sha256_hex,casual_neighborhood_chat,ascii_b16,not_applicable,Q8_0,model_backed_quantization,0.019541663064882035,surprisal,quantization,pooled_quantizations,validation
quantization_generated__quantization_trial__803585a36ddc33d3c445f22e,0,locked-dedup-cluster-258822e2bc498a71b7653506,revision_v1_nonce_96_bit_hex_045,detector_pair__e687ed3b31f02791289103e1,qwen2_5_7b_instruct_q8_0,nonseg_ascii_b16,nonce_96_bit_hex,casual_hobby_chat,ascii_b16,not_applicable,Q8_0,model_backed_quantization,0.008581237309025701,surprisal,quantization,pooled_quantizations,validation
quantization_generated__quantization_trial__8036ba11fd735430118bb1a8,1,locked-dedup-cluster-6f0f48f27da641507689ef86,revision_v1_token_128_bit_hex_044,detector_pair__0e708e2f148432ca502a7a5c,qwen2_5_7b_instruct_q4_k_m,nonseg_ascii_b16,token_128_bit_hex,casual_neighborhood_chat,ascii_b16,not_applicable,Q4_K_M,model_backed_quantization,0.9473601479399772,surprisal,quantization,pooled_quantizations,validation
quantization_generated__quantization_trial__80432f535209d2ae9239b590,1,locked-dedup-cluster-d24ae4dc1ca2dcb4473005f9,revision_v1_hmac_sha256_hex_036,detector_pair__4a18319810ba6c203b8f083f,qwen2_5_7b_instruct_q8_0,nonseg_ascii_b16,hmac_sha256_hex,forum_learning_answer,ascii_b16,not_applicable,Q8_0,model_backed_quantization,0.9788803791083815,surprisal,quantization,pooled_quantizations,validation
quantization_generated__quantization_trial__80860b289ab65d2e6dcef5de,0,locked-dedup-cluster-b3ab392ad3d7376462d4d5e0,revision_v1_chacha20_poly1305_base64_038,detector_pair__18e84981c13d823897443d18,qwen2_5_7b_instruct_q8_0,nonseg_ascii_b16,chacha20_poly1305_base64,procedure_home_task,ascii_b16,not_applicable,Q8_0,model_backed_quantization,0.0073555380096395895,surprisal,quantization,pooled_quantizations,validation
quantization_generated__quantization_trial__814d7de3ee032809d0c351cf,1,locked-dedup-cluster-7eecb5c2a0c12ed30123e2b3,revision_v1_uuid_v4_043,detector_pair__f52edf0a9bc0c9ae49b44bac,qwen2_5_7b_instruct_q8_0,nonseg_ascii_b16,uuid_v4,casual_weekend_chat,ascii_b16,not_applicable,Q8_0,model_backed_quantization,0.9700202986717087,surprisal,quantization,pooled_quantizations,validation
quantization_generated__quantization_trial__81f5309b74dbf90ed5639ca5,1,locked-dedup-cluster-1ee4b534cd708fac58a4e520,revision_v1_ed25519_signature_base64_036,detector_pair__b45d0507ae99c61fda8ee064,qwen2_5_7b_instruct_q8_0,nonseg_ascii_b8,ed25519_signature_base64,forum_learning_answer,ascii_b8,not_applicable,Q8_0,model_backed_quantization,0.9906385557324939,surprisal,quantization,pooled_quantizations,validation
quantization_generated__quantization_trial__827e2415bfb71d9a1dbe9e0f,1,locked-dedup-cluster-6c21ad65fb4bd1a4c214a454,revision_v1_sha256_hex_037,detector_pair__d2a8b5d369c9053217fcf1a0,qwen2_5_7b_instruct_q8_0,nonseg_ascii_b8,sha256_hex,forum_purchase_advice,ascii_b8,not_applicable,Q8_0,model_backed_quantization,0.9492792423380784,surprisal,quantization,pooled_quantizations,validation
quantization_generated__quantization_trial__82b606630d5608e47e5f7d76,0,locked-dedup-cluster-f4c37670622213f8f7284467,revision_v1_hmac_sha256_hex_046,detector_pair__126dd08b9ab23edb70c08f62,qwen2_5_7b_instruct_q8_0,nonseg_ascii_b16,hmac_sha256_hex,casual_weekend_chat,ascii_b16,not_applicable,Q8_0,model_backed_quantization,0.012923399578506023,surprisal,quantization,pooled_quantizations,validation
quantization_generated__quantization_trial__83bc83635c93bcda70a38ecb,1,locked-dedup-cluster-b3ab392ad3d7376462d4d5e0,revision_v1_chacha20_poly1305_base64_038,detector_pair__7638a4c2d82c7efd2f13bd4e,qwen2_5_7b_instruct_q8_0,nonseg_ascii_b8,chacha20_poly1305_base64,procedure_home_task,ascii_b8,not_applicable,Q8_0,model_backed_quantization,0.9921122850766625,surprisal,quantization,pooled_quantizations,validation
quantization_generated__quantization_trial__83e953210808f2a2146124f7,1,locked-dedup-cluster-403c836b92dc86a3f953e63f,revision_v1_token_128_bit_hex_047,detector_pair__438bcaaf0933f1bdd8e22308,qwen2_5_7b_instruct_q4_k_m,nonseg_ascii_b16,token_128_bit_hex,procedure_garden_task,ascii_b16,not_applicable,Q4_K_M,model_backed_quantization,0.9971148404499977,surprisal,quantization,pooled_quantizations,validation
quantization_generated__quantization_trial__841abce7f22c10b5cd961c6f,1,locked-dedup-cluster-00eccca339b70a566fc600ea,revision_v1_ed25519_signature_base64_041,detector_pair__fe074ed87922f104bf9d97eb,qwen2_5_7b_instruct_q8_0,nonseg_ascii_b16,ed25519_signature_base64,professional_process_email,ascii_b16,not_applicable,Q8_0,model_backed_quantization,0.9978630887861901,surprisal,quantization,pooled_quantizations,validation
quantization_generated__quantization_trial__8456e305dfc6fb11800ae152,1,locked-dedup-cluster-9984a5aa196e508c10aeda3a,revision_v1_chacha20_poly1305_base64_043,detector_pair__f431f1a7ffb073e6b40ed2b7,qwen2_5_7b_instruct_q4_k_m,nonseg_ascii_b16,chacha20_poly1305_base64,forum_learning_answer,ascii_b16,not_applicable,Q4_K_M,model_backed_quantization,0.9993124469217273,surprisal,quantization,pooled_quantizations,validation
quantization_generated__quantization_trial__851d4ab46f4fe5b935e44db6,0,locked-dedup-cluster-982d753609ba3daf81c7d866,revision_v1_sha256_hex_046,detector_pair__196dde4f8fb11425cd4d6d8a,qwen2_5_7b_instruct_q8_0,nonseg_ascii_b8,sha256_hex,explain_biological_process,ascii_b8,not_applicable,Q8_0,model_backed_quantization,0.004175784630389009,surprisal,quantization,pooled_quantizations,validation
quantization_generated__quantization_trial__851f6e4942b0a0357f9e02a0,1,locked-dedup-cluster-7eecb5c2a0c12ed30123e2b3,revision_v1_uuid_v4_043,detector_pair__d90f8dbc5ae0e3d673aacf87,qwen2_5_7b_instruct_q8_0,nonseg_ascii_b8,uuid_v4,casual_weekend_chat,ascii_b8,not_applicable,Q8_0,model_backed_quantization,0.9854982680033302,surprisal,quantization,pooled_quantizations,validation
quantization_generated__quantization_trial__8589413797c57bed06c537e2,0,locked-dedup-cluster-9984a5aa196e508c10aeda3a,revision_v1_chacha20_poly1305_base64_043,detector_pair__f431f1a7ffb073e6b40ed2b7,qwen2_5_7b_instruct_q4_k_m,nonseg_ascii_b16,chacha20_poly1305_base64,forum_learning_answer,ascii_b16,not_applicable,Q4_K_M,model_backed_quantization,0.00935532665401368,surprisal,quantization,pooled_quantizations,validation
quantization_generated__quantization_trial__85a297f39299f6fb90e0b741,1,locked-dedup-cluster-72d6aaa27e96ad1608b1c89d,revision_v1_chacha20_poly1305_base64_039,detector_pair__2d1e23fb8fa23c61b7ec62a8,qwen2_5_7b_instruct_q8_0,nonseg_ascii_b8,chacha20_poly1305_base64,narrative_local_walk,ascii_b8,not_applicable,Q8_0,model_backed_quantization,0.9778091685715826,surprisal,quantization,pooled_quantizations,validation
quantization_generated__quantization_trial__85d684f3ca74ee5a5deb0aa2,0,locked-dedup-cluster-b4ececda78ae52a82e269174,revision_v1_chacha20_poly1305_base64_044,detector_pair__c959828ce9005432706a41fe,qwen2_5_7b_instruct_q4_k_m,nonseg_ascii_b8,chacha20_poly1305_base64,procedure_garden_task,ascii_b8,not_applicable,Q4_K_M,model_backed_quantization,0.006509263221672848,surprisal,quantization,pooled_quantizations,validation
quantization_generated__quantization_trial__85f80fa287fc4e284c96691a,0,locked-dedup-cluster-72d6aaa27e96ad1608b1c89d,revision_v1_chacha20_poly1305_base64_039,detector_pair__2d1e23fb8fa23c61b7ec62a8,qwen2_5_7b_instruct_q8_0,nonseg_ascii_b8,chacha20_poly1305_base64,narrative_local_walk,ascii_b8,not_applicable,Q8_0,model_backed_quantization,0.01881659958736277,surprisal,quantization,pooled_quantizations,validation
quantization_generated__quantization_trial__86712c9466681c1ff1aeddf0,1,locked-dedup-cluster-058fda41f3207b53b75ba98b,revision_v1_nonce_96_bit_hex_036,detector_pair__e742a2fbcc467ff2b112825e,qwen2_5_7b_instruct_q4_k_m,nonseg_ascii_b16,nonce_96_bit_hex,procedure_simple_meal,ascii_b16,not_applicable,Q4_K_M,model_backed_quantization,0.9995987201249692,surprisal,quantization,pooled_quantizations,validation
quantization_generated__quantization_trial__86b9e935dd03cbe5d8947e5e,0,locked-dedup-cluster-f5e65f43009f3df06299368a,revision_v1_sha256_hex_039,detector_pair__553327685d1df5fa151571bd,qwen2_5_7b_instruct_q4_k_m,nonseg_ascii_b8,sha256_hex,narrative_local_walk,ascii_b8,not_applicable,Q4_K_M,model_backed_quantization,0.011245127596407563,surprisal,quantization,pooled_quantizations,validation
quantization_generated__quantization_trial__8715255cb5f3b97bc89ecec1,1,locked-dedup-cluster-a70c2199fe9757fc3a965e41,revision_v1_sha256_hex_041,detector_pair__9896d92075987af72b85aaeb,qwen2_5_7b_instruct_q4_k_m,nonseg_ascii_b16,sha256_hex,casual_hobby_chat,ascii_b16,not_applicable,Q4_K_M,model_backed_quantization,0.9937436118247439,surprisal,quantization,pooled_quantizations,validation
quantization_generated__quantization_trial__874452e1c48331a4bfd75ea2,0,locked-dedup-cluster-7eecb5c2a0c12ed30123e2b3,revision_v1_uuid_v4_043,detector_pair__f52edf0a9bc0c9ae49b44bac,qwen2_5_7b_instruct_q8_0,nonseg_ascii_b16,uuid_v4,casual_weekend_chat,ascii_b16,not_applicable,Q8_0,model_backed_quantization,0.017592442989540668,surprisal,quantization,pooled_quantizations,validation
quantization_generated__quantization_trial__8770bdcc8418eddd6bd8e0e8,0,locked-dedup-cluster-4f00d14b32387145bb3f6085,revision_v1_sha256_hex_042,detector_pair__dd4e8eb7f76ae2e0d0d8db4f,qwen2_5_7b_instruct_q4_k_m,nonseg_ascii_b16,sha256_hex,professional_process_email,ascii_b16,not_applicable,Q4_K_M,model_backed_quantization,0.011622004719728846,surprisal,quantization,pooled_quantizations,validation
quantization_generated__quantization_trial__88a49810fac8832c0e308740,1,locked-dedup-cluster-403c836b92dc86a3f953e63f,revision_v1_token_128_bit_hex_047,detector_pair__438bcaaf0933f1bdd8e22308,qwen2_5_7b_instruct_q8_0,nonseg_ascii_b16,token_128_bit_hex,procedure_garden_task,ascii_b16,not_applicable,Q8_0,model_backed_quantization,0.9912287935481149,surprisal,quantization,pooled_quantizations,validation
quantization_generated__quantization_trial__88cdc443091536d6253a7c8e,0,locked-dedup-cluster-82fec35853ec8d44cf04cce4,revision_v1_hmac_sha256_hex_044,detector_pair__de4b198b379e50f2bf470c69,qwen2_5_7b_instruct_q8_0,nonseg_ascii_b16,hmac_sha256_hex,narrative_small_discovery,ascii_b16,not_applicable,Q8_0,model_backed_quantization,0.029664158406220168,surprisal,quantization,pooled_quantizations,validation
quantization_generated__quantization_trial__893eeefc171d170399d77ff0,1,locked-dedup-cluster-00190ab339967308d13aeb9a,revision_v1_token_128_bit_hex_037,detector_pair__a18e9908217546fe8b96066e,qwen2_5_7b_instruct_q4_k_m,nonseg_ascii_b8,token_128_bit_hex,explain_everyday_system,ascii_b8,not_applicable,Q4_K_M,model_backed_quantization,0.981566291981467,surprisal,quantization,pooled_quantizations,validation
quantization_generated__quantization_trial__898082be7a7ed48b121cfe5d,0,locked-dedup-cluster-297821525cb8031a3660626d,revision_v1_nonce_96_bit_hex_041,detector_pair__de5db7c43925bf3aea4d5346,qwen2_5_7b_instruct_q4_k_m,nonseg_ascii_b16,nonce_96_bit_hex,forum_practical_answer,ascii_b16,not_applicable,Q4_K_M,model_backed_quantization,0.01127208397727653,surprisal,quantization,pooled_quantizations,validation
quantization_generated__quantization_trial__89851848a3a379ec363337a6,1,locked-dedup-cluster-2f91866a4152689c8a27b0ea,revision_v1_nonce_96_bit_hex_040,detector_pair__d304dfc7743c4b0b5883cb92,qwen2_5_7b_instruct_q8_0,nonseg_ascii_b8,nonce_96_bit_hex,professional_project_update,ascii_b8,not_applicable,Q8_0,model_backed_quantization,0.9746627183606988,surprisal,quantization,pooled_quantizations,validation
quantization_generated__quantization_trial__898c2802ad4e1e666e9542f5,1,locked-dedup-cluster-5420f0d18e8c16b21f01be4f,revision_v1_token_128_bit_hex_042,detector_pair__e86c9c5f68512b86f0dee64f,qwen2_5_7b_instruct_q4_k_m,nonseg_ascii_b8,token_128_bit_hex,narrative_learning_moment,ascii_b8,not_applicable,Q4_K_M,model_backed_quantization,0.9530180203290383,surprisal,quantization,pooled_quantizations,validation
quantization_generated__quantization_trial__899f32dd25f4bb3edfcea131,0,locked-dedup-cluster-f4c37670622213f8f7284467,revision_v1_hmac_sha256_hex_046,detector_pair__f93c6d6f393228f3e498afc9,qwen2_5_7b_instruct_q8_0,nonseg_ascii_b8,hmac_sha256_hex,casual_weekend_chat,ascii_b8,not_applicable,Q8_0,model_backed_quantization,0.010138587883554873,surprisal,quantization,pooled_quantizations,validation
quantization_generated__quantization_trial__8a4286bc6bb07ab317413cb4,1,locked-dedup-cluster-9984a5aa196e508c10aeda3a,revision_v1_chacha20_poly1305_base64_043,detector_pair__f431f1a7ffb073e6b40ed2b7,qwen2_5_7b_instruct_q8_0,nonseg_ascii_b16,chacha20_poly1305_base64,forum_learning_answer,ascii_b16,not_applicable,Q8_0,model_backed_quantization,0.9994423632569058,surprisal,quantization,pooled_quantizations,validation
quantization_generated__quantization_trial__8a432e0775b9f6bc64b9989e,1,locked-dedup-cluster-0a53df1782d32b924a429e87,revision_v1_uuid_v4_040,detector_pair__09f560b87d8c223c987c500d,qwen2_5_7b_instruct_q4_k_m,nonseg_ascii_b8,uuid_v4,procedure_garden_task,ascii_b8,not_applicable,Q4_K_M,model_backed_quantization,0.9644017719175655,surprisal,quantization,pooled_quantizations,validation
quantization_generated__quantization_trial__8a4b706c863026f6c7265425,0,locked-dedup-cluster-480569e564e6de62c0580300,revision_v1_nonce_96_bit_hex_039,detector_pair__41da321dc97f67f5102a44e2,qwen2_5_7b_instruct_q8_0,nonseg_ascii_b8,nonce_96_bit_hex,casual_weekend_chat,ascii_b8,not_applicable,Q8_0,model_backed_quantization,0.014762707776774294,surprisal,quantization,pooled_quantizations,validation
quantization_generated__quantization_trial__8a7b02cf0be781f1bcd09935,0,locked-dedup-cluster-4817ec6f6efc6d01ff08b87a,revision_v1_uuid_v4_045,detector_pair__b38f5c380733b619f12233ed,qwen2_5_7b_instruct_q4_k_m,nonseg_ascii_b16,uuid_v4,forum_practical_answer,ascii_b16,not_applicable,Q4_K_M,model_backed_quantization,0.007636141149377033,surprisal,quantization,pooled_quantizations,validation
quantization_generated__quantization_trial__8af0138f6bc208067ede6a6a,0,locked-dedup-cluster-17076ff9269019d74c924b01,revision_v1_nonce_96_bit_hex_047,detector_pair__fc322630bd1accecedd51980,qwen2_5_7b_instruct_q8_0,nonseg_ascii_b16,nonce_96_bit_hex,forum_purchase_advice,ascii_b16,not_applicable,Q8_0,model_backed_quantization,0.022091475639991705,surprisal,quantization,pooled_quantizations,validation
quantization_generated__quantization_trial__8b88e1eeef520a1c495f70cf,1,locked-dedup-cluster-9309c13a3cd92781ed630582,revision_v1_token_128_bit_hex_040,detector_pair__915ceda4979a2d8543419159,qwen2_5_7b_instruct_q4_k_m,nonseg_ascii_b16,token_128_bit_hex,forum_purchase_advice,ascii_b16,not_applicable,Q4_K_M,model_backed_quantization,0.9984713275536569,surprisal,quantization,pooled_quantizations,validation
quantization_generated__quantization_trial__8b960de48e19f165c5d52ba8,0,locked-dedup-cluster-00190ab339967308d13aeb9a,revision_v1_token_128_bit_hex_037,detector_pair__04bb5d0f6e3cd023c35c0f5b,qwen2_5_7b_instruct_q4_k_m,nonseg_ascii_b16,token_128_bit_hex,explain_everyday_system,ascii_b16,not_applicable,Q4_K_M,model_backed_quantization,0.018728326467179764,surprisal,quantization,pooled_quantizations,validation
quantization_generated__quantization_trial__8bead483f8d5a75a0fa69f2f,0,locked-dedup-cluster-db4aabf02590b0cf6f175c04,revision_v1_hmac_sha256_hex_039,detector_pair__2dc5f5c2cd8efdfe9bc43712,qwen2_5_7b_instruct_q8_0,nonseg_ascii_b16,hmac_sha256_hex,explain_biological_process,ascii_b16,not_applicable,Q8_0,model_backed_quantization,0.004549955761777721,surprisal,quantization,pooled_quantizations,validation
quantization_generated__quantization_trial__8bf29c6e2eb0aac49b2aac1b,1,locked-dedup-cluster-03b12c24b75fd163404d55e4,revision_v1_ed25519_signature_base64_037,detector_pair__b4368fb7392b3c119696d1d9,qwen2_5_7b_instruct_q4_k_m,nonseg_ascii_b8,ed25519_signature_base64,procedure_garden_task,ascii_b8,not_applicable,Q4_K_M,model_backed_quantization,0.986164039606874,surprisal,quantization,pooled_quantizations,validation
quantization_generated__quantization_trial__8c07f21fc4e9a6b88c2e2171,1,locked-dedup-cluster-74698d9f725d61b98986f3c9,revision_v1_token_128_bit_hex_045,detector_pair__8a182cdb6566f7cbe6cfded1,qwen2_5_7b_instruct_q4_k_m,nonseg_ascii_b16,token_128_bit_hex,professional_process_email,ascii_b16,not_applicable,Q4_K_M,model_backed_quantization,0.9943805510383815,surprisal,quantization,pooled_quantizations,validation
quantization_generated__quantization_trial__8c1ba7bc5fc6060f6f34f468,0,locked-dedup-cluster-b28668fec7b4b4cd80580ba8,revision_v1_aes256_gcm_base64_046,detector_pair__d571a65feb9bc0ac453b4f12,qwen2_5_7b_instruct_q4_k_m,nonseg_ascii_b8,aes256_gcm_base64,narrative_local_walk,ascii_b8,not_applicable,Q4_K_M,model_backed_quantization,0.011526650700592205,surprisal,quantization,pooled_quantizations,validation
quantization_generated__quantization_trial__8cc3a2dcc5860d29376624cd,1,locked-dedup-cluster-00190ab339967308d13aeb9a,revision_v1_token_128_bit_hex_037,detector_pair__04bb5d0f6e3cd023c35c0f5b,qwen2_5_7b_instruct_q4_k_m,nonseg_ascii_b16,token_128_bit_hex,explain_everyday_system,ascii_b16,not_applicable,Q4_K_M,model_backed_quantization,0.9729896832870986,surprisal,quantization,pooled_quantizations,validation
quantization_generated__quantization_trial__8ccfc0df36f09859258a5a5b,0,locked-dedup-cluster-b021f708a83df097e9b0dc22,revision_v1_aes256_gcm_base64_043,detector_pair__8186e9a021a857ce00436ae2,qwen2_5_7b_instruct_q8_0,nonseg_ascii_b16,aes256_gcm_base64,professional_schedule_note,ascii_b16,not_applicable,Q8_0,model_backed_quantization,0.008248765120667025,surprisal,quantization,pooled_quantizations,validation
quantization_generated__quantization_trial__8d4db51bcc7b8c53efed6b8a,1,locked-dedup-cluster-db4aabf02590b0cf6f175c04,revision_v1_hmac_sha256_hex_039,detector_pair__2dc5f5c2cd8efdfe9bc43712,qwen2_5_7b_instruct_q8_0,nonseg_ascii_b16,hmac_sha256_hex,explain_biological_process,ascii_b16,not_applicable,Q8_0,model_backed_quantization,0.9949535612251847,surprisal,quantization,pooled_quantizations,validation
quantization_generated__quantization_trial__8d9c901769188b0452cce300,1,locked-dedup-cluster-f0d236f7a4fc9a5f94444217,revision_v1_aes256_gcm_base64_038,detector_pair__725b0e1838bead0f023c419e,qwen2_5_7b_instruct_q8_0,nonseg_ascii_b8,aes256_gcm_base64,forum_practical_answer,ascii_b8,not_applicable,Q8_0,model_backed_quantization,0.9875503995436813,surprisal,quantization,pooled_quantizations,validation
quantization_generated__quantization_trial__8dd3a45c0254bd52104770e2,1,locked-dedup-cluster-db4aabf02590b0cf6f175c04,revision_v1_hmac_sha256_hex_039,detector_pair__2dc5f5c2cd8efdfe9bc43712,qwen2_5_7b_instruct_q4_k_m,nonseg_ascii_b16,hmac_sha256_hex,explain_biological_process,ascii_b16,not_applicable,Q4_K_M,model_backed_quantization,0.9987300484130496,surprisal,quantization,pooled_quantizations,validation
quantization_generated__quantization_trial__8df6aeab45697619a40fa00a,0,locked-dedup-cluster-c8f97f89526ce497f8474833,revision_v1_hmac_sha256_hex_041,detector_pair__888adb0b94e76f504eb7b6d7,qwen2_5_7b_instruct_q4_k_m,nonseg_ascii_b16,hmac_sha256_hex,professional_process_email,ascii_b16,not_applicable,Q4_K_M,model_backed_quantization,0.01240522229590945,surprisal,quantization,pooled_quantizations,validation
quantization_generated__quantization_trial__8e007b0145a381797482634c,0,locked-dedup-cluster-96f03366a1bc639d45b09062,revision_v1_sha256_hex_044,detector_pair__bd3bea6c920a33708cfdbc8f,qwen2_5_7b_instruct_q4_k_m,nonseg_ascii_b16,sha256_hex,procedure_garden_task,ascii_b16,not_applicable,Q4_K_M,model_backed_quantization,0.0062373044190014056,surprisal,quantization,pooled_quantizations,validation
quantization_generated__quantization_trial__8e735a7542add3664422ce88,1,locked-dedup-cluster-f0d236f7a4fc9a5f94444217,revision_v1_aes256_gcm_base64_038,detector_pair__725b0e1838bead0f023c419e,qwen2_5_7b_instruct_q4_k_m,nonseg_ascii_b8,aes256_gcm_base64,forum_practical_answer,ascii_b8,not_applicable,Q4_K_M,model_backed_quantization,0.9648921134702667,surprisal,quantization,pooled_quantizations,validation
quantization_generated__quantization_trial__8f1215f22155a6b0b3eed0f1,0,locked-dedup-cluster-e9d719501ea863777c5d999a,revision_v1_chacha20_poly1305_base64_045,detector_pair__8719aa0b1b1f62b59193cd24,qwen2_5_7b_instruct_q8_0,nonseg_ascii_b8,chacha20_poly1305_base64,narrative_learning_moment,ascii_b8,not_applicable,Q8_0,model_backed_quantization,0.04071316474249794,surprisal,quantization,pooled_quantizations,validation
quantization_generated__quantization_trial__8fdc5d19794f5f30e1cacf80,1,locked-dedup-cluster-1ee4b534cd708fac58a4e520,revision_v1_ed25519_signature_base64_036,detector_pair__8119ddb96542cd689ae12f5e,qwen2_5_7b_instruct_q4_k_m,nonseg_ascii_b16,ed25519_signature_base64,forum_learning_answer,ascii_b16,not_applicable,Q4_K_M,model_backed_quantization,0.9953063531853978,surprisal,quantization,pooled_quantizations,validation
quantization_generated__quantization_trial__9093598e2e73b2e9a6a1a079,0,locked-dedup-cluster-912ff88210394ef10071ff54,revision_v1_ed25519_signature_base64_039,detector_pair__d84e2ceb03e423ca4d02f370,qwen2_5_7b_instruct_q4_k_m,nonseg_ascii_b8,ed25519_signature_base64,explain_biological_process,ascii_b8,not_applicable,Q4_K_M,model_backed_quantization,0.005494295307769914,surprisal,quantization,pooled_quantizations,validation
quantization_generated__quantization_trial__90a7bf60c48098803dd5ea46,1,locked-dedup-cluster-237faafa65b49354f2811074,revision_v1_chacha20_poly1305_base64_042,detector_pair__288687e0297fb648662acf15,qwen2_5_7b_instruct_q8_0,nonseg_ascii_b16,chacha20_poly1305_base64,professional_process_email,ascii_b16,not_applicable,Q8_0,model_backed_quantization,0.9798863270965655,surprisal,quantization,pooled_quantizations,validation
quantization_generated__quantization_trial__90b884aa7b6b08d9f3645b23,1,locked-dedup-cluster-518372beb501e1afe511974a,revision_v1_ed25519_signature_base64_044,detector_pair__5e0b653e1324ec96440b171e,qwen2_5_7b_instruct_q4_k_m,nonseg_ascii_b8,ed25519_signature_base64,narrative_small_discovery,ascii_b8,not_applicable,Q4_K_M,model_backed_quantization,0.8820095559013127,surprisal,quantization,pooled_quantizations,validation
quantization_generated__quantization_trial__90d54d2c04ec7b91d0549a7f,0,locked-dedup-cluster-0a8b6ea76ea0423642f3bdd9,revision_v1_chacha20_poly1305_base64_037,detector_pair__fd4b214de1890a7a4a5ba380,qwen2_5_7b_instruct_q8_0,nonseg_ascii_b8,chacha20_poly1305_base64,forum_purchase_advice,ascii_b8,not_applicable,Q8_0,model_backed_quantization,0.008931488729101282,surprisal,quantization,pooled_quantizations,validation
quantization_generated__quantization_trial__90efc664390e788b3ee80b47,1,locked-dedup-cluster-cc1d79c541da66daf8e9d81d,revision_v1_chacha20_poly1305_base64_040,detector_pair__71b840c4bbf42a7fe2a2d0fd,qwen2_5_7b_instruct_q8_0,nonseg_ascii_b8,chacha20_poly1305_base64,explain_everyday_system,ascii_b8,not_applicable,Q8_0,model_backed_quantization,0.9846689086920565,surprisal,quantization,pooled_quantizations,validation
quantization_generated__quantization_trial__914593210e2e88135f0779e6,1,locked-dedup-cluster-f1992b5888233b29fd862f23,revision_v1_nonce_96_bit_hex_043,detector_pair__7f664dc4f7720d61a8deab43,qwen2_5_7b_instruct_q8_0,nonseg_ascii_b16,nonce_96_bit_hex,narrative_local_walk,ascii_b16,not_applicable,Q8_0,model_backed_quantization,0.9972342942122905,surprisal,quantization,pooled_quantizations,validation
quantization_generated__quantization_trial__92635baa8067f06139715296,1,locked-dedup-cluster-7aae3a6d1c11ecb6700a986d,revision_v1_sha256_hex_036,detector_pair__7eeac9c04be59ddb5990172d,qwen2_5_7b_instruct_q8_0,nonseg_ascii_b8,sha256_hex,professional_schedule_note,ascii_b8,not_applicable,Q8_0,model_backed_quantization,0.9306194563061391,surprisal,quantization,pooled_quantizations,validation
quantization_generated__quantization_trial__926787ca77059130940639e4,0,locked-dedup-cluster-7e1000ec149766aba547a02b,revision_v1_aes256_gcm_base64_040,detector_pair__f02d8270ba2add8266093bf7,qwen2_5_7b_instruct_q4_k_m,nonseg_ascii_b8,aes256_gcm_base64,narrative_small_discovery,ascii_b8,not_applicable,Q4_K_M,model_backed_quantization,0.029723000721765987,surprisal,quantization,pooled_quantizations,validation
quantization_generated__quantization_trial__92c15299e1f20adfbc86fa33,1,locked-dedup-cluster-dd1fe22faa326c7d9a397feb,revision_v1_hmac_sha256_hex_038,detector_pair__126fa0d7adb0909e2f4f2377,qwen2_5_7b_instruct_q4_k_m,nonseg_ascii_b8,hmac_sha256_hex,narrative_learning_moment,ascii_b8,not_applicable,Q4_K_M,model_backed_quantization,0.962632160772655,surprisal,quantization,pooled_quantizations,validation
quantization_generated__quantization_trial__93025ee1275e5139ad2ec032,1,locked-dedup-cluster-f4c37670622213f8f7284467,revision_v1_hmac_sha256_hex_046,detector_pair__126dd08b9ab23edb70c08f62,qwen2_5_7b_instruct_q4_k_m,nonseg_ascii_b16,hmac_sha256_hex,casual_weekend_chat,ascii_b16,not_applicable,Q4_K_M,model_backed_quantization,0.9412669597678428,surprisal,quantization,pooled_quantizations,validation
quantization_generated__quantization_trial__932018741d5710f1e3f496f5,0,locked-dedup-cluster-237faafa65b49354f2811074,revision_v1_chacha20_poly1305_base64_042,detector_pair__7ee17f208b6c9e8fd1542a6c,qwen2_5_7b_instruct_q8_0,nonseg_ascii_b8,chacha20_poly1305_base64,professional_process_email,ascii_b8,not_applicable,Q8_0,model_backed_quantization,0.00949824159507783,surprisal,quantization,pooled_quantizations,validation
quantization_generated__quantization_trial__932c10d3123a9e8da309ff53,1,locked-dedup-cluster-43af11f5d2e1ab75fc7f8cd0,revision_v1_uuid_v4_037,detector_pair__f84286f3893fe80ca66c866c,qwen2_5_7b_instruct_q8_0,nonseg_ascii_b16,uuid_v4,casual_neighborhood_chat,ascii_b16,not_applicable,Q8_0,model_backed_quantization,0.9949724186328964,surprisal,quantization,pooled_quantizations,validation
quantization_generated__quantization_trial__93e63cf697887e65922bf9d7,0,locked-dedup-cluster-bb3426430524b7a3d5783048,revision_v1_token_128_bit_hex_046,detector_pair__dee388846383495f938f1da6,qwen2_5_7b_instruct_q8_0,nonseg_ascii_b8,token_128_bit_hex,forum_learning_answer,ascii_b8,not_applicable,Q8_0,model_backed_quantization,0.010099497248915854,surprisal,quantization,pooled_quantizations,validation
quantization_generated__quantization_trial__945fe6130c3ffae5a8a3c05b,1,locked-dedup-cluster-43af11f5d2e1ab75fc7f8cd0,revision_v1_uuid_v4_037,detector_pair__f84286f3893fe80ca66c866c,qwen2_5_7b_instruct_q4_k_m,nonseg_ascii_b16,uuid_v4,casual_neighborhood_chat,ascii_b16,not_applicable,Q4_K_M,model_backed_quantization,0.9848489265489094,surprisal,quantization,pooled_quantizations,validation
quantization_generated__quantization_trial__94619c455b2c9c95952648e4,1,locked-dedup-cluster-5420f0d18e8c16b21f01be4f,revision_v1_token_128_bit_hex_042,detector_pair__e8c0e6f692070a8747886cd3,qwen2_5_7b_instruct_q8_0,nonseg_ascii_b16,token_128_bit_hex,narrative_learning_moment,ascii_b16,not_applicable,Q8_0,model_backed_quantization,0.9966172631007129,surprisal,quantization,pooled_quantizations,validation
quantization_generated__quantization_trial__948b78c03ad0a4358f355cd5,0,locked-dedup-cluster-e8b16cc4e3be2ed3afd26670,revision_v1_hmac_sha256_hex_040,detector_pair__03f4a70982abd878e8a6363d,qwen2_5_7b_instruct_q8_0,nonseg_ascii_b8,hmac_sha256_hex,casual_neighborhood_chat,ascii_b8,not_applicable,Q8_0,model_backed_quantization,0.015476613988659198,surprisal,quantization,pooled_quantizations,validation
quantization_generated__quantization_trial__956a0b821b5652832cb1cbce,1,locked-dedup-cluster-f63fdbc0a0898161cb79cb32,revision_v1_aes256_gcm_base64_036,detector_pair__a56c0cd48a8fbc1fcf3441c9,qwen2_5_7b_instruct_q8_0,nonseg_ascii_b8,aes256_gcm_base64,casual_weekend_chat,ascii_b8,not_applicable,Q8_0,model_backed_quantization,0.9403159196079816,surprisal,quantization,pooled_quantizations,validation
quantization_generated__quantization_trial__96446c90e43a446a7a4dab6c,1,locked-dedup-cluster-b021f708a83df097e9b0dc22,revision_v1_aes256_gcm_base64_043,detector_pair__85d5ab1c612aa720a42ec394,qwen2_5_7b_instruct_q4_k_m,nonseg_ascii_b8,aes256_gcm_base64,professional_schedule_note,ascii_b8,not_applicable,Q4_K_M,model_backed_quantization,0.9598323542176257,surprisal,quantization,pooled_quantizations,validation
quantization_generated__quantization_trial__964eb093e0444945837f4923,0,locked-dedup-cluster-912ff88210394ef10071ff54,revision_v1_ed25519_signature_base64_039,detector_pair__ebbe8c9586af971b4bc27bd4,qwen2_5_7b_instruct_q4_k_m,nonseg_ascii_b16,ed25519_signature_base64,explain_biological_process,ascii_b16,not_applicable,Q4_K_M,model_backed_quantization,0.009899504868385789,surprisal,quantization,pooled_quantizations,validation
quantization_generated__quantization_trial__965bba55c878a8fddf4afd0a,0,locked-dedup-cluster-7440eb834fd6bac140e772c9,revision_v1_nonce_96_bit_hex_038,detector_pair__72a4c41119f9a6e70ef45e4d,qwen2_5_7b_instruct_q4_k_m,nonseg_ascii_b16,nonce_96_bit_hex,explain_weather_pattern,ascii_b16,not_applicable,Q4_K_M,model_backed_quantization,0.005564887083161429,surprisal,quantization,pooled_quantizations,validation
quantization_generated__quantization_trial__967eec33e0d3b1abe02a25a8,1,locked-dedup-cluster-f63fdbc0a0898161cb79cb32,revision_v1_aes256_gcm_base64_036,detector_pair__bbaf6ceb196212459ecdcfbc,qwen2_5_7b_instruct_q4_k_m,nonseg_ascii_b16,aes256_gcm_base64,casual_weekend_chat,ascii_b16,not_applicable,Q4_K_M,model_backed_quantization,0.9968754485826883,surprisal,quantization,pooled_quantizations,validation
quantization_generated__quantization_trial__989054e11968c9559b3d24bc,1,locked-dedup-cluster-7bbf6d003292b99a731441ed,revision_v1_token_128_bit_hex_041,detector_pair__76cce0d78b1eb60c46fdc542,qwen2_5_7b_instruct_q8_0,nonseg_ascii_b8,token_128_bit_hex,procedure_home_task,ascii_b8,not_applicable,Q8_0,model_backed_quantization,0.9876425839869586,surprisal,quantization,pooled_quantizations,validation
quantization_generated__quantization_trial__989e1ed0c4068f13fc0e6717,0,locked-dedup-cluster-dd1fe22faa326c7d9a397feb,revision_v1_hmac_sha256_hex_038,detector_pair__98b75b8bcc52cb5f06878808,qwen2_5_7b_instruct_q4_k_m,nonseg_ascii_b16,hmac_sha256_hex,narrative_learning_moment,ascii_b16,not_applicable,Q4_K_M,model_backed_quantization,0.017602733266799366,surprisal,quantization,pooled_quantizations,validation
quantization_generated__quantization_trial__999c8fc7d373c5e3a3db950e,0,locked-dedup-cluster-6f0f48f27da641507689ef86,revision_v1_token_128_bit_hex_044,detector_pair__0e708e2f148432ca502a7a5c,qwen2_5_7b_instruct_q8_0,nonseg_ascii_b16,token_128_bit_hex,casual_neighborhood_chat,ascii_b16,not_applicable,Q8_0,model_backed_quantization,0.014930512269488133,surprisal,quantization,pooled_quantizations,validation
quantization_generated__quantization_trial__99b5ddad12b19bbebe8c865d,1,locked-dedup-cluster-f9b2db30c1f7b1665ad6f593,revision_v1_hmac_sha256_hex_045,detector_pair__d61422b4ec535fd73c6aee41,qwen2_5_7b_instruct_q8_0,nonseg_ascii_b8,hmac_sha256_hex,explain_weather_pattern,ascii_b8,not_applicable,Q8_0,model_backed_quantization,0.9782671358524447,surprisal,quantization,pooled_quantizations,validation
quantization_generated__quantization_trial__9a5875df43503f2908a39e68,0,locked-dedup-cluster-b2ca5e6856a27752a6cf96b9,revision_v1_aes256_gcm_base64_045,detector_pair__66beec3a3d998d41e0653d53,qwen2_5_7b_instruct_q8_0,nonseg_ascii_b16,aes256_gcm_base64,procedure_home_task,ascii_b16,not_applicable,Q8_0,model_backed_quantization,0.017776190061719977,surprisal,quantization,pooled_quantizations,validation
quantization_generated__quantization_trial__9a9e2c5a46ab04f7dd6c7389,0,locked-dedup-cluster-1b00f31aa1e45ecbdc304bed,revision_v1_uuid_v4_039,detector_pair__8c662e3d1bebdf178ffddb66,qwen2_5_7b_instruct_q8_0,nonseg_ascii_b16,uuid_v4,forum_learning_answer,ascii_b16,not_applicable,Q8_0,model_backed_quantization,0.00642845606049761,surprisal,quantization,pooled_quantizations,validation
quantization_generated__quantization_trial__9b43b09bc50f1f0bd0d7c546,1,locked-dedup-cluster-7b246cd70d98090e5c3adbcc,revision_v1_sha256_hex_047,detector_pair__cb2be7e5f5e9225624e69e83,qwen2_5_7b_instruct_q8_0,nonseg_ascii_b8,sha256_hex,casual_neighborhood_chat,ascii_b8,not_applicable,Q8_0,model_backed_quantization,0.9748328853428222,surprisal,quantization,pooled_quantizations,validation
quantization_generated__quantization_trial__9b753a51af147cbcef79f7e3,1,locked-dedup-cluster-b5f56388b36a396fa5403d36,revision_v1_aes256_gcm_base64_041,detector_pair__20a10c501d64c75aa73890ec,qwen2_5_7b_instruct_q4_k_m,nonseg_ascii_b16,aes256_gcm_base64,explain_weather_pattern,ascii_b16,not_applicable,Q4_K_M,model_backed_quantization,0.9950042485176657,surprisal,quantization,pooled_quantizations,validation
quantization_generated__quantization_trial__9b7d7b1624596d314fb3c5e3,0,locked-dedup-cluster-0a8b6ea76ea0423642f3bdd9,revision_v1_chacha20_poly1305_base64_037,detector_pair__ac304066ca369b61d7ecdeab,qwen2_5_7b_instruct_q8_0,nonseg_ascii_b16,chacha20_poly1305_base64,forum_purchase_advice,ascii_b16,not_applicable,Q8_0,model_backed_quantization,0.02257058301741864,surprisal,quantization,pooled_quantizations,validation
quantization_generated__quantization_trial__9d2e0b7611693a603e182c18,1,locked-dedup-cluster-7440eb834fd6bac140e772c9,revision_v1_nonce_96_bit_hex_038,detector_pair__72a4c41119f9a6e70ef45e4d,qwen2_5_7b_instruct_q8_0,nonseg_ascii_b16,nonce_96_bit_hex,explain_weather_pattern,ascii_b16,not_applicable,Q8_0,model_backed_quantization,0.9971239540684519,surprisal,quantization,pooled_quantizations,validation
quantization_generated__quantization_trial__9d7f5a6669c1ae60b4d13ef0,1,locked-dedup-cluster-c1384975805483ef72db522a,revision_v1_uuid_v4_047,detector_pair__ef341698b4f480fbbccc8150,qwen2_5_7b_instruct_q8_0,nonseg_ascii_b8,uuid_v4,narrative_small_discovery,ascii_b8,not_applicable,Q8_0,model_backed_quantization,0.9660816126077112,surprisal,quantization,pooled_quantizations,validation
quantization_generated__quantization_trial__9e2f2633e38af2773c28533a,0,locked-dedup-cluster-e1f89602cec0d549198e89c6,revision_v1_chacha20_poly1305_base64_046,detector_pair__53171ac0b91e27f5036701f8,qwen2_5_7b_instruct_q4_k_m,nonseg_ascii_b8,chacha20_poly1305_base64,explain_biological_process,ascii_b8,not_applicable,Q4_K_M,model_backed_quantization,0.0035187768263399257,surprisal,quantization,pooled_quantizations,validation
quantization_generated__quantization_trial__9e316950e9283ba01ab1a986,1,locked-dedup-cluster-058fda41f3207b53b75ba98b,revision_v1_nonce_96_bit_hex_036,detector_pair__772afd2f53a6fad7804d2320,qwen2_5_7b_instruct_q8_0,nonseg_ascii_b8,nonce_96_bit_hex,procedure_simple_meal,ascii_b8,not_applicable,Q8_0,model_backed_quantization,0.9982239422882133,surprisal,quantization,pooled_quantizations,validation
quantization_generated__quantization_trial__9e83843ae62d1061e082e673,1,locked-dedup-cluster-1b00f31aa1e45ecbdc304bed,revision_v1_uuid_v4_039,detector_pair__ef001a58a0b16674e4de7fe7,qwen2_5_7b_instruct_q8_0,nonseg_ascii_b8,uuid_v4,forum_learning_answer,ascii_b8,not_applicable,Q8_0,model_backed_quantization,0.9914480575524618,surprisal,quantization,pooled_quantizations,validation
quantization_generated__quantization_trial__9efe534898b9db8dc0de4f85,1,locked-dedup-cluster-2f91866a4152689c8a27b0ea,revision_v1_nonce_96_bit_hex_040,detector_pair__d304dfc7743c4b0b5883cb92,qwen2_5_7b_instruct_q4_k_m,nonseg_ascii_b8,nonce_96_bit_hex,professional_project_update,ascii_b8,not_applicable,Q4_K_M,model_backed_quantization,0.9792271531098854,surprisal,quantization,pooled_quantizations,validation
quantization_generated__quantization_trial__9f68d9d21ec12c4e527caa24,0,locked-dedup-cluster-0de80089e8762fad04cb9524,revision_v1_ed25519_signature_base64_046,detector_pair__9c16ff81cbda0b4604660889,qwen2_5_7b_instruct_q4_k_m,nonseg_ascii_b16,ed25519_signature_base64,casual_weekend_chat,ascii_b16,not_applicable,Q4_K_M,model_backed_quantization,0.017524218393783896,surprisal,quantization,pooled_quantizations,validation
quantization_generated__quantization_trial__9fbbbe22678a38512b14773a,0,locked-dedup-cluster-7e1000ec149766aba547a02b,revision_v1_aes256_gcm_base64_040,detector_pair__fde02a565b33cee874c33b17,qwen2_5_7b_instruct_q8_0,nonseg_ascii_b16,aes256_gcm_base64,narrative_small_discovery,ascii_b16,not_applicable,Q8_0,model_backed_quantization,0.03254992084943855,surprisal,quantization,pooled_quantizations,validation
quantization_generated__quantization_trial__9fdf435aedd0add33a0fbab2,1,locked-dedup-cluster-1b00f31aa1e45ecbdc304bed,revision_v1_uuid_v4_039,detector_pair__8c662e3d1bebdf178ffddb66,qwen2_5_7b_instruct_q8_0,nonseg_ascii_b16,uuid_v4,forum_learning_answer,ascii_b16,not_applicable,Q8_0,model_backed_quantization,0.9992745925580205,surprisal,quantization,pooled_quantizations,validation
quantization_generated__quantization_trial__a06cea7c494ebd2e74ff04f6,1,locked-dedup-cluster-23688669a27f472f3b4c7be0,revision_v1_uuid_v4_038,detector_pair__72f2f9c6d5a404a776008984,qwen2_5_7b_instruct_q8_0,nonseg_ascii_b8,uuid_v4,professional_process_email,ascii_b8,not_applicable,Q8_0,model_backed_quantization,0.9386358719934591,surprisal,quantization,pooled_quantizations,validation
quantization_generated__quantization_trial__a091846efb8617d8475e5e79,1,locked-dedup-cluster-bced2ec523557c720d4ecf66,revision_v1_token_128_bit_hex_036,detector_pair__8b4dddbe9d31f2d5d23518a6,qwen2_5_7b_instruct_q4_k_m,nonseg_ascii_b8,token_128_bit_hex,narrative_local_walk,ascii_b8,not_applicable,Q4_K_M,model_backed_quantization,0.837992540240579,surprisal,quantization,pooled_quantizations,validation
quantization_generated__quantization_trial__a09603078f5a4009276495d5,0,locked-dedup-cluster-480569e564e6de62c0580300,revision_v1_nonce_96_bit_hex_039,detector_pair__5594ee7b233f443aa226bf88,qwen2_5_7b_instruct_q8_0,nonseg_ascii_b16,nonce_96_bit_hex,casual_weekend_chat,ascii_b16,not_applicable,Q8_0,model_backed_quantization,0.013577194939056934,surprisal,quantization,pooled_quantizations,validation
quantization_generated__quantization_trial__a11370ccdce658dcb250ef19,1,locked-dedup-cluster-f06bf1b2872f90ff6209fecd,revision_v1_uuid_v4_044,detector_pair__81eb9459126f46ff8ef67312,qwen2_5_7b_instruct_q4_k_m,nonseg_ascii_b8,uuid_v4,professional_project_update,ascii_b8,not_applicable,Q4_K_M,model_backed_quantization,0.9717545036608581,surprisal,quantization,pooled_quantizations,validation
quantization_generated__quantization_trial__a13b4101529c49633aa1e6fd,1,locked-dedup-cluster-e4b26eefab93fb49f672ce05,revision_v1_nonce_96_bit_hex_042,detector_pair__8e667457d49aecac30ec2d06,qwen2_5_7b_instruct_q4_k_m,nonseg_ascii_b8,nonce_96_bit_hex,procedure_home_task,ascii_b8,not_applicable,Q4_K_M,model_backed_quantization,0.9991097573684837,surprisal,quantization,pooled_quantizations,validation
quantization_generated__quantization_trial__a18662c736c03001aec8aa26,1,locked-dedup-cluster-e1f89602cec0d549198e89c6,revision_v1_chacha20_poly1305_base64_046,detector_pair__53171ac0b91e27f5036701f8,qwen2_5_7b_instruct_q8_0,nonseg_ascii_b8,chacha20_poly1305_base64,explain_biological_process,ascii_b8,not_applicable,Q8_0,model_backed_quantization,0.9851123498902681,surprisal,quantization,pooled_quantizations,validation
quantization_generated__quantization_trial__a19117269fd33e403aeb2250,1,locked-dedup-cluster-f5e65f43009f3df06299368a,revision_v1_sha256_hex_039,detector_pair__553327685d1df5fa151571bd,qwen2_5_7b_instruct_q8_0,nonseg_ascii_b8,sha256_hex,narrative_local_walk,ascii_b8,not_applicable,Q8_0,model_backed_quantization,0.8986685819612295,surprisal,quantization,pooled_quantizations,validation
quantization_generated__quantization_trial__a195ed1b0d539c947d3963a9,0,locked-dedup-cluster-f5e65f43009f3df06299368a,revision_v1_sha256_hex_039,detector_pair__49c8b481e89f940b835eb2c5,qwen2_5_7b_instruct_q4_k_m,nonseg_ascii_b16,sha256_hex,narrative_local_walk,ascii_b16,not_applicable,Q4_K_M,model_backed_quantization,0.019652978659380392,surprisal,quantization,pooled_quantizations,validation
quantization_generated__quantization_trial__a19a3ec06416f21caab0e873,1,locked-dedup-cluster-2742a41454b76598cec25032,revision_v1_aes256_gcm_base64_039,detector_pair__f5dd9006c442882d982bd4c3,qwen2_5_7b_instruct_q8_0,nonseg_ascii_b16,aes256_gcm_base64,procedure_simple_meal,ascii_b16,not_applicable,Q8_0,model_backed_quantization,0.9980975577382851,surprisal,quantization,pooled_quantizations,validation
quantization_generated__quantization_trial__a2b50bc4385be000b8a9c477,1,locked-dedup-cluster-ae9ee8b26103dc75c9112dfb,revision_v1_ed25519_signature_base64_047,detector_pair__d76661792c984b2d6dab1a0c,qwen2_5_7b_instruct_q8_0,nonseg_ascii_b16,ed25519_signature_base64,professional_project_update,ascii_b16,not_applicable,Q8_0,model_backed_quantization,0.995830718330535,surprisal,quantization,pooled_quantizations,validation
quantization_generated__quantization_trial__a2fcb9b32c16ba06c5ea942f,1,locked-dedup-cluster-6ce30f9a3e80626084969f2a,revision_v1_ed25519_signature_base64_043,detector_pair__c5caf51c0d5586ec079f9c2f,qwen2_5_7b_instruct_q8_0,nonseg_ascii_b16,ed25519_signature_base64,procedure_simple_meal,ascii_b16,not_applicable,Q8_0,model_backed_quantization,0.9950342106124096,surprisal,quantization,pooled_quantizations,validation
quantization_generated__quantization_trial__a33c3ec96d1a2d88d4678bde,0,locked-dedup-cluster-e4b26eefab93fb49f672ce05,revision_v1_nonce_96_bit_hex_042,detector_pair__8e667457d49aecac30ec2d06,qwen2_5_7b_instruct_q8_0,nonseg_ascii_b8,nonce_96_bit_hex,procedure_home_task,ascii_b8,not_applicable,Q8_0,model_backed_quantization,0.0075227476103396414,surprisal,quantization,pooled_quantizations,validation
quantization_generated__quantization_trial__a3b288ae0ae3dfde3243a42c,0,locked-dedup-cluster-2742a41454b76598cec25032,revision_v1_aes256_gcm_base64_039,detector_pair__f5dd9006c442882d982bd4c3,qwen2_5_7b_instruct_q8_0,nonseg_ascii_b16,aes256_gcm_base64,procedure_simple_meal,ascii_b16,not_applicable,Q8_0,model_backed_quantization,0.01266860572657839,surprisal,quantization,pooled_quantizations,validation
quantization_generated__quantization_trial__a3b56f23a5b1365ea2d25266,1,locked-dedup-cluster-ec7757362682f43221c8e6e9,revision_v1_hmac_sha256_hex_047,detector_pair__8b965eebd57876a94aa37ef9,qwen2_5_7b_instruct_q4_k_m,nonseg_ascii_b16,hmac_sha256_hex,professional_project_update,ascii_b16,not_applicable,Q4_K_M,model_backed_quantization,0.981615999195366,surprisal,quantization,pooled_quantizations,validation
quantization_generated__quantization_trial__a40ef023bbe667a36a65d7e8,0,locked-dedup-cluster-518372beb501e1afe511974a,revision_v1_ed25519_signature_base64_044,detector_pair__5e0b653e1324ec96440b171e,qwen2_5_7b_instruct_q4_k_m,nonseg_ascii_b8,ed25519_signature_base64,narrative_small_discovery,ascii_b8,not_applicable,Q4_K_M,model_backed_quantization,0.044035430366037694,surprisal,quantization,pooled_quantizations,validation
quantization_generated__quantization_trial__a4a18d0d463539f4af16b8c0,1,locked-dedup-cluster-58b9073d1fd85a24e498b5bf,revision_v1_sha256_hex_038,detector_pair__43886cdc0f21e92425effff5,qwen2_5_7b_instruct_q8_0,nonseg_ascii_b16,sha256_hex,procedure_home_task,ascii_b16,not_applicable,Q8_0,model_backed_quantization,0.968840939099449,surprisal,quantization,pooled_quantizations,validation
quantization_generated__quantization_trial__a4a35766fc593847048fe87b,0,locked-dedup-cluster-5420f0d18e8c16b21f01be4f,revision_v1_token_128_bit_hex_042,detector_pair__e86c9c5f68512b86f0dee64f,qwen2_5_7b_instruct_q4_k_m,nonseg_ascii_b8,token_128_bit_hex,narrative_learning_moment,ascii_b8,not_applicable,Q4_K_M,model_backed_quantization,0.04759069676158598,surprisal,quantization,pooled_quantizations,validation
quantization_generated__quantization_trial__a4c74b14c5ebec11cb9cd03f,1,locked-dedup-cluster-b5f56388b36a396fa5403d36,revision_v1_aes256_gcm_base64_041,detector_pair__a074eb27a064cdfd87e18983,qwen2_5_7b_instruct_q8_0,nonseg_ascii_b8,aes256_gcm_base64,explain_weather_pattern,ascii_b8,not_applicable,Q8_0,model_backed_quantization,0.9698437078511842,surprisal,quantization,pooled_quantizations,validation
quantization_generated__quantization_trial__a4d832355c5aa66674ad1ed9,1,locked-dedup-cluster-b3ab392ad3d7376462d4d5e0,revision_v1_chacha20_poly1305_base64_038,detector_pair__7638a4c2d82c7efd2f13bd4e,qwen2_5_7b_instruct_q4_k_m,nonseg_ascii_b8,chacha20_poly1305_base64,procedure_home_task,ascii_b8,not_applicable,Q4_K_M,model_backed_quantization,0.9930253524797134,surprisal,quantization,pooled_quantizations,validation
quantization_generated__quantization_trial__a507c3e9e858acd3e8eec371,1,locked-dedup-cluster-6b084f6dbf9a47a93f82df24,revision_v1_aes256_gcm_base64_037,detector_pair__769b5a40f425c7cf5f41b086,qwen2_5_7b_instruct_q4_k_m,nonseg_ascii_b8,aes256_gcm_base64,professional_project_update,ascii_b8,not_applicable,Q4_K_M,model_backed_quantization,0.9791270359983061,surprisal,quantization,pooled_quantizations,validation
quantization_generated__quantization_trial__a553d546124faa0c905ce211,1,locked-dedup-cluster-e4a3d80046c9b83a56f2cc60,revision_v1_ed25519_signature_base64_038,detector_pair__3fb2a29a7c914557b3249cf7,qwen2_5_7b_instruct_q8_0,nonseg_ascii_b8,ed25519_signature_base64,narrative_learning_moment,ascii_b8,not_applicable,Q8_0,model_backed_quantization,0.9321405176643027,surprisal,quantization,pooled_quantizations,validation
quantization_generated__quantization_trial__a56333c226387d8805d39517,0,locked-dedup-cluster-4f00d14b32387145bb3f6085,revision_v1_sha256_hex_042,detector_pair__0642451177a2e99032d4502d,qwen2_5_7b_instruct_q4_k_m,nonseg_ascii_b8,sha256_hex,professional_process_email,ascii_b8,not_applicable,Q4_K_M,model_backed_quantization,0.009593360590015034,surprisal,quantization,pooled_quantizations,validation
quantization_generated__quantization_trial__a633b5ea2e270b5395b92e47,0,locked-dedup-cluster-b28668fec7b4b4cd80580ba8,revision_v1_aes256_gcm_base64_046,detector_pair__3eaec9e2ea5e020a12cfd9d6,qwen2_5_7b_instruct_q4_k_m,nonseg_ascii_b16,aes256_gcm_base64,narrative_local_walk,ascii_b16,not_applicable,Q4_K_M,model_backed_quantization,0.020058956794827058,surprisal,quantization,pooled_quantizations,validation
quantization_generated__quantization_trial__a691ffcc2ad5225a31735b96,1,locked-dedup-cluster-7b246cd70d98090e5c3adbcc,revision_v1_sha256_hex_047,detector_pair__25aaeb23bd9a5fec6a99fbf4,qwen2_5_7b_instruct_q4_k_m,nonseg_ascii_b16,sha256_hex,casual_neighborhood_chat,ascii_b16,not_applicable,Q4_K_M,model_backed_quantization,0.9941075268030486,surprisal,quantization,pooled_quantizations,validation
quantization_generated__quantization_trial__a6a5ae7900e2bc0fdcfe937b,1,locked-dedup-cluster-0fb77ce4d96e18f21377e8de,revision_v1_token_128_bit_hex_039,detector_pair__bdd1af9b158b51340fc6989b,qwen2_5_7b_instruct_q8_0,nonseg_ascii_b16,token_128_bit_hex,professional_schedule_note,ascii_b16,not_applicable,Q8_0,model_backed_quantization,0.9999101848837945,surprisal,quantization,pooled_quantizations,validation
quantization_generated__quantization_trial__a6a7c58606139d54c8e3b588,0,locked-dedup-cluster-258822e2bc498a71b7653506,revision_v1_nonce_96_bit_hex_045,detector_pair__11b55a995c2ac0511096aeaf,qwen2_5_7b_instruct_q8_0,nonseg_ascii_b8,nonce_96_bit_hex,casual_hobby_chat,ascii_b8,not_applicable,Q8_0,model_backed_quantization,0.00891674219033438,surprisal,quantization,pooled_quantizations,validation
quantization_generated__quantization_trial__a7c8a688e2bf10b8f9f765a3,1,locked-dedup-cluster-72a697706958756a5d98abe5,revision_v1_aes256_gcm_base64_042,detector_pair__c7b863cc8df89d7e0780e50e,qwen2_5_7b_instruct_q8_0,nonseg_ascii_b16,aes256_gcm_base64,casual_hobby_chat,ascii_b16,not_applicable,Q8_0,model_backed_quantization,0.9983211018597217,surprisal,quantization,pooled_quantizations,validation
quantization_generated__quantization_trial__a8141e0b3c692a9f93224a5d,0,locked-dedup-cluster-d24ae4dc1ca2dcb4473005f9,revision_v1_hmac_sha256_hex_036,detector_pair__4a18319810ba6c203b8f083f,qwen2_5_7b_instruct_q4_k_m,nonseg_ascii_b16,hmac_sha256_hex,forum_learning_answer,ascii_b16,not_applicable,Q4_K_M,model_backed_quantization,0.006527747988267733,surprisal,quantization,pooled_quantizations,validation
quantization_generated__quantization_trial__a85761dcb2020ec3d25fd10d,0,locked-dedup-cluster-72d6aaa27e96ad1608b1c89d,revision_v1_chacha20_poly1305_base64_039,detector_pair__2d1e23fb8fa23c61b7ec62a8,qwen2_5_7b_instruct_q4_k_m,nonseg_ascii_b8,chacha20_poly1305_base64,narrative_local_walk,ascii_b8,not_applicable,Q4_K_M,model_backed_quantization,0.01806895673455384,surprisal,quantization,pooled_quantizations,validation
quantization_generated__quantization_trial__a91bbe856767c12b5ba0b198,0,locked-dedup-cluster-64e6b1587450c6fccb5d88c5,revision_v1_ed25519_signature_base64_040,detector_pair__506a60f21375a3fa13e09ca4,qwen2_5_7b_instruct_q4_k_m,nonseg_ascii_b16,ed25519_signature_base64,casual_neighborhood_chat,ascii_b16,not_applicable,Q4_K_M,model_backed_quantization,0.017873456259089933,surprisal,quantization,pooled_quantizations,validation
quantization_generated__quantization_trial__a9caf68b7d8cae0d5686a4a6,0,locked-dedup-cluster-3153c3799d1bf60fd0f41b4a,revision_v1_uuid_v4_046,detector_pair__58c3740416cf48f111885382,qwen2_5_7b_instruct_q4_k_m,nonseg_ascii_b16,uuid_v4,procedure_simple_meal,ascii_b16,not_applicable,Q4_K_M,model_backed_quantization,0.012815697507032783,surprisal,quantization,pooled_quantizations,validation
quantization_generated__quantization_trial__a9d974254d98a92d12ba10fc,0,locked-dedup-cluster-d079eecad7476b4230a994ea,revision_v1_uuid_v4_036,detector_pair__57e1f0de4132f3a7015193f0,qwen2_5_7b_instruct_q4_k_m,nonseg_ascii_b16,uuid_v4,explain_biological_process,ascii_b16,not_applicable,Q4_K_M,model_backed_quantization,0.0050620186302295115,surprisal,quantization,pooled_quantizations,validation
quantization_generated__quantization_trial__aa08e541e5eb558ede927844,0,locked-dedup-cluster-ec7757362682f43221c8e6e9,revision_v1_hmac_sha256_hex_047,detector_pair__523cf1bb380cac86a3ec17b5,qwen2_5_7b_instruct_q8_0,nonseg_ascii_b8,hmac_sha256_hex,professional_project_update,ascii_b8,not_applicable,Q8_0,model_backed_quantization,0.011434321191109651,surprisal,quantization,pooled_quantizations,validation
quantization_generated__quantization_trial__aa0efe598d31ce4e8e915873,1,locked-dedup-cluster-09ed2aa6b13db6df0ab6756d,revision_v1_ed25519_signature_base64_042,detector_pair__ebf8c4ae17f183e147925be1,qwen2_5_7b_instruct_q8_0,nonseg_ascii_b16,ed25519_signature_base64,forum_practical_answer,ascii_b16,not_applicable,Q8_0,model_backed_quantization,0.994408015644157,surprisal,quantization,pooled_quantizations,validation
quantization_generated__quantization_trial__aa302e15fef54004e993534e,1,locked-dedup-cluster-b28668fec7b4b4cd80580ba8,revision_v1_aes256_gcm_base64_046,detector_pair__d571a65feb9bc0ac453b4f12,qwen2_5_7b_instruct_q4_k_m,nonseg_ascii_b8,aes256_gcm_base64,narrative_local_walk,ascii_b8,not_applicable,Q4_K_M,model_backed_quantization,0.9443378011622692,surprisal,quantization,pooled_quantizations,validation
quantization_generated__quantization_trial__aa6c1941694ec0f973a88a9c,1,locked-dedup-cluster-f0d236f7a4fc9a5f94444217,revision_v1_aes256_gcm_base64_038,detector_pair__e00ff0eb744c623cd19a5cd2,qwen2_5_7b_instruct_q4_k_m,nonseg_ascii_b16,aes256_gcm_base64,forum_practical_answer,ascii_b16,not_applicable,Q4_K_M,model_backed_quantization,0.9987769624184553,surprisal,quantization,pooled_quantizations,validation
quantization_generated__quantization_trial__aa825dd8b7ac4c84d7bd00d1,0,locked-dedup-cluster-23688669a27f472f3b4c7be0,revision_v1_uuid_v4_038,detector_pair__a3d0d337ab31803020fac3df,qwen2_5_7b_instruct_q4_k_m,nonseg_ascii_b16,uuid_v4,professional_process_email,ascii_b16,not_applicable,Q4_K_M,model_backed_quantization,0.008718506130204149,surprisal,quantization,pooled_quantizations,validation
quantization_generated__quantization_trial__aad8b172d24b1b63e8631f7c,1,locked-dedup-cluster-2742a41454b76598cec25032,revision_v1_aes256_gcm_base64_039,detector_pair__f5dd9006c442882d982bd4c3,qwen2_5_7b_instruct_q4_k_m,nonseg_ascii_b16,aes256_gcm_base64,procedure_simple_meal,ascii_b16,not_applicable,Q4_K_M,model_backed_quantization,0.9972864204029348,surprisal,quantization,pooled_quantizations,validation
quantization_generated__quantization_trial__ab046f22f06271d698e1a697,1,locked-dedup-cluster-b28668fec7b4b4cd80580ba8,revision_v1_aes256_gcm_base64_046,detector_pair__d571a65feb9bc0ac453b4f12,qwen2_5_7b_instruct_q8_0,nonseg_ascii_b8,aes256_gcm_base64,narrative_local_walk,ascii_b8,not_applicable,Q8_0,model_backed_quantization,0.9347432356841514,surprisal,quantization,pooled_quantizations,validation
quantization_generated__quantization_trial__ab36121786f0e5ac21ba8bc6,0,locked-dedup-cluster-7440eb834fd6bac140e772c9,revision_v1_nonce_96_bit_hex_038,detector_pair__76513d008539d2b9a6e1e705,qwen2_5_7b_instruct_q4_k_m,nonseg_ascii_b8,nonce_96_bit_hex,explain_weather_pattern,ascii_b8,not_applicable,Q4_K_M,model_backed_quantization,0.008033409653213646,surprisal,quantization,pooled_quantizations,validation
quantization_generated__quantization_trial__abc5010bc6b2d906af4dd7fc,0,locked-dedup-cluster-dd1fe22faa326c7d9a397feb,revision_v1_hmac_sha256_hex_038,detector_pair__126fa0d7adb0909e2f4f2377,qwen2_5_7b_instruct_q4_k_m,nonseg_ascii_b8,hmac_sha256_hex,narrative_learning_moment,ascii_b8,not_applicable,Q4_K_M,model_backed_quantization,0.029690000576789027,surprisal,quantization,pooled_quantizations,validation
quantization_generated__quantization_trial__ad825b9377e884b1d7fb5522,1,locked-dedup-cluster-237faafa65b49354f2811074,revision_v1_chacha20_poly1305_base64_042,detector_pair__7ee17f208b6c9e8fd1542a6c,qwen2_5_7b_instruct_q8_0,nonseg_ascii_b8,chacha20_poly1305_base64,professional_process_email,ascii_b8,not_applicable,Q8_0,model_backed_quantization,0.9784737220562612,surprisal,quantization,pooled_quantizations,validation
quantization_generated__quantization_trial__adc78702383d66a153a90c43,1,locked-dedup-cluster-912ff88210394ef10071ff54,revision_v1_ed25519_signature_base64_039,detector_pair__ebbe8c9586af971b4bc27bd4,qwen2_5_7b_instruct_q8_0,nonseg_ascii_b16,ed25519_signature_base64,explain_biological_process,ascii_b16,not_applicable,Q8_0,model_backed_quantization,0.9973529709503334,surprisal,quantization,pooled_quantizations,validation
quantization_generated__quantization_trial__ae489a715e99b3b982f18e90,1,locked-dedup-cluster-09ed2aa6b13db6df0ab6756d,revision_v1_ed25519_signature_base64_042,detector_pair__3fd3c50ae27b39702a5a552c,qwen2_5_7b_instruct_q4_k_m,nonseg_ascii_b8,ed25519_signature_base64,forum_practical_answer,ascii_b8,not_applicable,Q4_K_M,model_backed_quantization,0.9835066952071231,surprisal,quantization,pooled_quantizations,validation
quantization_generated__quantization_trial__aeafccdf5e2d473e967e8106,1,locked-dedup-cluster-00190ab339967308d13aeb9a,revision_v1_token_128_bit_hex_037,detector_pair__04bb5d0f6e3cd023c35c0f5b,qwen2_5_7b_instruct_q8_0,nonseg_ascii_b16,token_128_bit_hex,explain_everyday_system,ascii_b16,not_applicable,Q8_0,model_backed_quantization,0.9935586507649635,surprisal,quantization,pooled_quantizations,validation
quantization_generated__quantization_trial__aebd65dd79bf9ac5112d7a19,1,locked-dedup-cluster-0a53df1782d32b924a429e87,revision_v1_uuid_v4_040,detector_pair__c39e0b53c4373b68fc04d83c,qwen2_5_7b_instruct_q4_k_m,nonseg_ascii_b16,uuid_v4,procedure_garden_task,ascii_b16,not_applicable,Q4_K_M,model_backed_quantization,0.9951750165263044,surprisal,quantization,pooled_quantizations,validation
quantization_generated__quantization_trial__aef55ea30a2780fb8e80cb3b,0,locked-dedup-cluster-6c21ad65fb4bd1a4c214a454,revision_v1_sha256_hex_037,detector_pair__d2a8b5d369c9053217fcf1a0,qwen2_5_7b_instruct_q4_k_m,nonseg_ascii_b8,sha256_hex,forum_purchase_advice,ascii_b8,not_applicable,Q4_K_M,model_backed_quantization,0.013074864368234676,surprisal,quantization,pooled_quantizations,validation
quantization_generated__quantization_trial__af4a9ed1ece787218fdbda01,0,locked-dedup-cluster-258822e2bc498a71b7653506,revision_v1_nonce_96_bit_hex_045,detector_pair__11b55a995c2ac0511096aeaf,qwen2_5_7b_instruct_q4_k_m,nonseg_ascii_b8,nonce_96_bit_hex,casual_hobby_chat,ascii_b8,not_applicable,Q4_K_M,model_backed_quantization,0.009768744546213872,surprisal,quantization,pooled_quantizations,validation
quantization_generated__quantization_trial__afc16620b574b4b2fa2a30d1,1,locked-dedup-cluster-72d6aaa27e96ad1608b1c89d,revision_v1_chacha20_poly1305_base64_039,detector_pair__470024b96e87932201bf92da,qwen2_5_7b_instruct_q8_0,nonseg_ascii_b16,chacha20_poly1305_base64,narrative_local_walk,ascii_b16,not_applicable,Q8_0,model_backed_quantization,0.9958349748982397,surprisal,quantization,pooled_quantizations,validation
quantization_generated__quantization_trial__aff1a8578e1d0cecb9199795,1,locked-dedup-cluster-1d1bea482f900a9bc2d26310,revision_v1_nonce_96_bit_hex_037,detector_pair__994bff52065e07698a1290dc,qwen2_5_7b_instruct_q8_0,nonseg_ascii_b16,nonce_96_bit_hex,narrative_small_discovery,ascii_b16,not_applicable,Q8_0,model_backed_quantization,0.9834363365815902,surprisal,quantization,pooled_quantizations,validation
quantization_generated__quantization_trial__b03dad0872ebcd1543cc00ce,0,locked-dedup-cluster-6f0f48f27da641507689ef86,revision_v1_token_128_bit_hex_044,detector_pair__593f0c3659e2641cecc5b484,qwen2_5_7b_instruct_q8_0,nonseg_ascii_b8,token_128_bit_hex,casual_neighborhood_chat,ascii_b8,not_applicable,Q8_0,model_backed_quantization,0.012607817456130412,surprisal,quantization,pooled_quantizations,validation
quantization_generated__quantization_trial__b057fa5196ea1efcc128b348,0,locked-dedup-cluster-b4ececda78ae52a82e269174,revision_v1_chacha20_poly1305_base64_044,detector_pair__8444ac34a80255bc3899655c,qwen2_5_7b_instruct_q4_k_m,nonseg_ascii_b16,chacha20_poly1305_base64,procedure_garden_task,ascii_b16,not_applicable,Q4_K_M,model_backed_quantization,0.0060280314735886124,surprisal,quantization,pooled_quantizations,validation
quantization_generated__quantization_trial__b06248820dd21f803a32b15b,1,locked-dedup-cluster-e9d719501ea863777c5d999a,revision_v1_chacha20_poly1305_base64_045,detector_pair__8719aa0b1b1f62b59193cd24,qwen2_5_7b_instruct_q4_k_m,nonseg_ascii_b8,chacha20_poly1305_base64,narrative_learning_moment,ascii_b8,not_applicable,Q4_K_M,model_backed_quantization,0.9764388134800953,surprisal,quantization,pooled_quantizations,validation
quantization_generated__quantization_trial__b0c509548c868148d031724c,1,locked-dedup-cluster-6011fbb5ee1115e93ddfe3e1,revision_v1_chacha20_poly1305_base64_047,detector_pair__ca049b24753671de8555d295,qwen2_5_7b_instruct_q4_k_m,nonseg_ascii_b8,chacha20_poly1305_base64,casual_neighborhood_chat,ascii_b8,not_applicable,Q4_K_M,model_backed_quantization,0.988772688252511,surprisal,quantization,pooled_quantizations,validation
quantization_generated__quantization_trial__b0cb15bc4fd2e80673825990,0,locked-dedup-cluster-43af11f5d2e1ab75fc7f8cd0,revision_v1_uuid_v4_037,detector_pair__9c46751473b1e98d1013c596,qwen2_5_7b_instruct_q4_k_m,nonseg_ascii_b8,uuid_v4,casual_neighborhood_chat,ascii_b8,not_applicable,Q4_K_M,model_backed_quantization,0.016865660204209997,surprisal,quantization,pooled_quantizations,validation
quantization_generated__quantization_trial__b0cdc7cef7b72365edaabd61,1,locked-dedup-cluster-00190ab339967308d13aeb9a,revision_v1_token_128_bit_hex_037,detector_pair__a18e9908217546fe8b96066e,qwen2_5_7b_instruct_q8_0,nonseg_ascii_b8,token_128_bit_hex,explain_everyday_system,ascii_b8,not_applicable,Q8_0,model_backed_quantization,0.9703554377716881,surprisal,quantization,pooled_quantizations,validation
quantization_generated__quantization_trial__b0eac20d9236469030432dd5,0,locked-dedup-cluster-3153c3799d1bf60fd0f41b4a,revision_v1_uuid_v4_046,detector_pair__3fbb4289b49148c301d7cd57,qwen2_5_7b_instruct_q8_0,nonseg_ascii_b8,uuid_v4,procedure_simple_meal,ascii_b8,not_applicable,Q8_0,model_backed_quantization,0.010086603907595509,surprisal,quantization,pooled_quantizations,validation
quantization_generated__quantization_trial__b1412ef76c20084f9ca955ea,0,locked-dedup-cluster-403c836b92dc86a3f953e63f,revision_v1_token_128_bit_hex_047,detector_pair__f4b05442c56a473b07f8acb4,qwen2_5_7b_instruct_q8_0,nonseg_ascii_b8,token_128_bit_hex,procedure_garden_task,ascii_b8,not_applicable,Q8_0,model_backed_quantization,0.008719055642410756,surprisal,quantization,pooled_quantizations,validation
quantization_generated__quantization_trial__b1dead2bff9d2e461df7fda8,1,locked-dedup-cluster-982d753609ba3daf81c7d866,revision_v1_sha256_hex_046,detector_pair__169431427a64537810f18f59,qwen2_5_7b_instruct_q8_0,nonseg_ascii_b16,sha256_hex,explain_biological_process,ascii_b16,not_applicable,Q8_0,model_backed_quantization,0.9957305358347334,surprisal,quantization,pooled_quantizations,validation
quantization_generated__quantization_trial__b215352889c87508019c7d05,1,locked-dedup-cluster-4f6ab2ce0956867e1b0b1bad,revision_v1_hmac_sha256_hex_043,detector_pair__27fc3a69d1d8aa4fb9ba3a29,qwen2_5_7b_instruct_q8_0,nonseg_ascii_b16,hmac_sha256_hex,procedure_simple_meal,ascii_b16,not_applicable,Q8_0,model_backed_quantization,0.9902139625616388,surprisal,quantization,pooled_quantizations,validation
quantization_generated__quantization_trial__b24e1c83e913d985586eedcd,1,locked-dedup-cluster-bc077faa1a8a103220224e85,revision_v1_chacha20_poly1305_base64_036,detector_pair__7fa1db016d2b99349fd27b66,qwen2_5_7b_instruct_q8_0,nonseg_ascii_b8,chacha20_poly1305_base64,professional_schedule_note,ascii_b8,not_applicable,Q8_0,model_backed_quantization,0.9916262692889216,surprisal,quantization,pooled_quantizations,validation
quantization_generated__quantization_trial__b26eb2568db00220b7ddb88f,1,locked-dedup-cluster-82fec35853ec8d44cf04cce4,revision_v1_hmac_sha256_hex_044,detector_pair__c50a8602ff120030c89038db,qwen2_5_7b_instruct_q8_0,nonseg_ascii_b8,hmac_sha256_hex,narrative_small_discovery,ascii_b8,not_applicable,Q8_0,model_backed_quantization,0.952773569052081,surprisal,quantization,pooled_quantizations,validation
quantization_generated__quantization_trial__b2c672e0fb82e4c2638d76ed,1,locked-dedup-cluster-ec7757362682f43221c8e6e9,revision_v1_hmac_sha256_hex_047,detector_pair__523cf1bb380cac86a3ec17b5,qwen2_5_7b_instruct_q4_k_m,nonseg_ascii_b8,hmac_sha256_hex,professional_project_update,ascii_b8,not_applicable,Q4_K_M,model_backed_quantization,0.9661270130732394,surprisal,quantization,pooled_quantizations,validation
quantization_generated__quantization_trial__b31971a9b33d828e1a069c56,1,locked-dedup-cluster-fb664cb695fde518915aab25,revision_v1_hmac_sha256_hex_042,detector_pair__5a2edfa59f18abeec0d9a243,qwen2_5_7b_instruct_q4_k_m,nonseg_ascii_b8,hmac_sha256_hex,forum_practical_answer,ascii_b8,not_applicable,Q4_K_M,model_backed_quantization,0.9715597626630648,surprisal,quantization,pooled_quantizations,validation
quantization_generated__quantization_trial__b3415c72cf71aeaae000d874,1,locked-dedup-cluster-7440eb834fd6bac140e772c9,revision_v1_nonce_96_bit_hex_038,detector_pair__76513d008539d2b9a6e1e705,qwen2_5_7b_instruct_q4_k_m,nonseg_ascii_b8,nonce_96_bit_hex,explain_weather_pattern,ascii_b8,not_applicable,Q4_K_M,model_backed_quantization,0.9961780098700782,surprisal,quantization,pooled_quantizations,validation
quantization_generated__quantization_trial__b3a939f7aacdd65ea3c1ff5a,1,locked-dedup-cluster-e8b16cc4e3be2ed3afd26670,revision_v1_hmac_sha256_hex_040,detector_pair__03f4a70982abd878e8a6363d,qwen2_5_7b_instruct_q8_0,nonseg_ascii_b8,hmac_sha256_hex,casual_neighborhood_chat,ascii_b8,not_applicable,Q8_0,model_backed_quantization,0.9814133030917178,surprisal,quantization,pooled_quantizations,validation
quantization_generated__quantization_trial__b3aae4bd4a916f3a062f1fbd,0,locked-dedup-cluster-b5f56388b36a396fa5403d36,revision_v1_aes256_gcm_base64_041,detector_pair__20a10c501d64c75aa73890ec,qwen2_5_7b_instruct_q8_0,nonseg_ascii_b16,aes256_gcm_base64,explain_weather_pattern,ascii_b16,not_applicable,Q8_0,model_backed_quantization,0.007772639530089821,surprisal,quantization,pooled_quantizations,validation
quantization_generated__quantization_trial__b406ea9d6b04a387fd318eb7,0,locked-dedup-cluster-c1384975805483ef72db522a,revision_v1_uuid_v4_047,detector_pair__ef341698b4f480fbbccc8150,qwen2_5_7b_instruct_q4_k_m,nonseg_ascii_b8,uuid_v4,narrative_small_discovery,ascii_b8,not_applicable,Q4_K_M,model_backed_quantization,0.03298511523533557,surprisal,quantization,pooled_quantizations,validation
quantization_generated__quantization_trial__b4f5ccd2c4abea575af0a78d,1,locked-dedup-cluster-b021f708a83df097e9b0dc22,revision_v1_aes256_gcm_base64_043,detector_pair__85d5ab1c612aa720a42ec394,qwen2_5_7b_instruct_q8_0,nonseg_ascii_b8,aes256_gcm_base64,professional_schedule_note,ascii_b8,not_applicable,Q8_0,model_backed_quantization,0.9871666522880843,surprisal,quantization,pooled_quantizations,validation
quantization_generated__quantization_trial__b5e8e74d4971aa7ba600c54f,1,locked-dedup-cluster-03d1f8caa28ff2627b36b98f,revision_v1_token_128_bit_hex_038,detector_pair__8bf552eb80be4bb9c7e77945,qwen2_5_7b_instruct_q8_0,nonseg_ascii_b16,token_128_bit_hex,casual_hobby_chat,ascii_b16,not_applicable,Q8_0,model_backed_quantization,0.9996783899919175,surprisal,quantization,pooled_quantizations,validation
quantization_generated__quantization_trial__b601412b345340785241b6de,0,locked-dedup-cluster-7e1000ec149766aba547a02b,revision_v1_aes256_gcm_base64_040,detector_pair__fde02a565b33cee874c33b17,qwen2_5_7b_instruct_q4_k_m,nonseg_ascii_b16,aes256_gcm_base64,narrative_small_discovery,ascii_b16,not_applicable,Q4_K_M,model_backed_quantization,0.025110101667000503,surprisal,quantization,pooled_quantizations,validation
quantization_generated__quantization_trial__b69cb66a445fd0adea25e39f,0,locked-dedup-cluster-9984a5aa196e508c10aeda3a,revision_v1_chacha20_poly1305_base64_043,detector_pair__a9a2f47120322ac6122481bf,qwen2_5_7b_instruct_q4_k_m,nonseg_ascii_b8,chacha20_poly1305_base64,forum_learning_answer,ascii_b8,not_applicable,Q4_K_M,model_backed_quantization,0.013841778573431513,surprisal,quantization,pooled_quantizations,validation
quantization_generated__quantization_trial__b69efeaf611eec1460bfe61f,1,locked-dedup-cluster-1b00f31aa1e45ecbdc304bed,revision_v1_uuid_v4_039,detector_pair__8c662e3d1bebdf178ffddb66,qwen2_5_7b_instruct_q4_k_m,nonseg_ascii_b16,uuid_v4,forum_learning_answer,ascii_b16,not_applicable,Q4_K_M,model_backed_quantization,0.9985770083196253,surprisal,quantization,pooled_quantizations,validation
quantization_generated__quantization_trial__b7e6923df018d9780e70c6b1,0,locked-dedup-cluster-403c836b92dc86a3f953e63f,revision_v1_token_128_bit_hex_047,detector_pair__f4b05442c56a473b07f8acb4,qwen2_5_7b_instruct_q4_k_m,nonseg_ascii_b8,token_128_bit_hex,procedure_garden_task,ascii_b8,not_applicable,Q4_K_M,model_backed_quantization,0.005624243447092992,surprisal,quantization,pooled_quantizations,validation
quantization_generated__quantization_trial__b9131a313e135d1991a79447,0,locked-dedup-cluster-e4a3d80046c9b83a56f2cc60,revision_v1_ed25519_signature_base64_038,detector_pair__3fb2a29a7c914557b3249cf7,qwen2_5_7b_instruct_q4_k_m,nonseg_ascii_b8,ed25519_signature_base64,narrative_learning_moment,ascii_b8,not_applicable,Q4_K_M,model_backed_quantization,0.016040833008077265,surprisal,quantization,pooled_quantizations,validation
quantization_generated__quantization_trial__b91a5aa5515dffc81c3cffd6,1,locked-dedup-cluster-23688669a27f472f3b4c7be0,revision_v1_uuid_v4_038,detector_pair__a3d0d337ab31803020fac3df,qwen2_5_7b_instruct_q4_k_m,nonseg_ascii_b16,uuid_v4,professional_process_email,ascii_b16,not_applicable,Q4_K_M,model_backed_quantization,0.9904926752474223,surprisal,quantization,pooled_quantizations,validation
quantization_generated__quantization_trial__b9a1b156eeb9325fc9372879,1,locked-dedup-cluster-c8f97f89526ce497f8474833,revision_v1_hmac_sha256_hex_041,detector_pair__888adb0b94e76f504eb7b6d7,qwen2_5_7b_instruct_q4_k_m,nonseg_ascii_b16,hmac_sha256_hex,professional_process_email,ascii_b16,not_applicable,Q4_K_M,model_backed_quantization,0.9967601647691867,surprisal,quantization,pooled_quantizations,validation
quantization_generated__quantization_trial__b9dc201aa5a2b7663357587e,0,locked-dedup-cluster-b021f708a83df097e9b0dc22,revision_v1_aes256_gcm_base64_043,detector_pair__85d5ab1c612aa720a42ec394,qwen2_5_7b_instruct_q8_0,nonseg_ascii_b8,aes256_gcm_base64,professional_schedule_note,ascii_b8,not_applicable,Q8_0,model_backed_quantization,0.01028488739189031,surprisal,quantization,pooled_quantizations,validation
quantization_generated__quantization_trial__b9fbfedde42c792f6a472194,1,locked-dedup-cluster-0a8b6ea76ea0423642f3bdd9,revision_v1_chacha20_poly1305_base64_037,detector_pair__fd4b214de1890a7a4a5ba380,qwen2_5_7b_instruct_q4_k_m,nonseg_ascii_b8,chacha20_poly1305_base64,forum_purchase_advice,ascii_b8,not_applicable,Q4_K_M,model_backed_quantization,0.9904528547373429,surprisal,quantization,pooled_quantizations,validation
quantization_generated__quantization_trial__ba1abd37edc2ff104d401ebc,1,locked-dedup-cluster-5420f0d18e8c16b21f01be4f,revision_v1_token_128_bit_hex_042,detector_pair__e86c9c5f68512b86f0dee64f,qwen2_5_7b_instruct_q8_0,nonseg_ascii_b8,token_128_bit_hex,narrative_learning_moment,ascii_b8,not_applicable,Q8_0,model_backed_quantization,0.9849868689639999,surprisal,quantization,pooled_quantizations,validation
quantization_generated__quantization_trial__ba63d1c0ada22acf31605379,1,locked-dedup-cluster-297821525cb8031a3660626d,revision_v1_nonce_96_bit_hex_041,detector_pair__589a84b49306fc8f623d0366,qwen2_5_7b_instruct_q8_0,nonseg_ascii_b8,nonce_96_bit_hex,forum_practical_answer,ascii_b8,not_applicable,Q8_0,model_backed_quantization,0.9994711007216754,surprisal,quantization,pooled_quantizations,validation
quantization_generated__quantization_trial__ba894099b6973c979e22583a,1,locked-dedup-cluster-21c1f1723b6238ac14216880,revision_v1_uuid_v4_042,detector_pair__7b1cd61aab49406547673d3c,qwen2_5_7b_instruct_q8_0,nonseg_ascii_b16,uuid_v4,explain_weather_pattern,ascii_b16,not_applicable,Q8_0,model_backed_quantization,0.9985654108564727,surprisal,quantization,pooled_quantizations,validation
quantization_generated__quantization_trial__bae2cc81403269681b2bf435,1,locked-dedup-cluster-e8b16cc4e3be2ed3afd26670,revision_v1_hmac_sha256_hex_040,detector_pair__e207b9d1015c84afb65888ab,qwen2_5_7b_instruct_q8_0,nonseg_ascii_b16,hmac_sha256_hex,casual_neighborhood_chat,ascii_b16,not_applicable,Q8_0,model_backed_quantization,0.9963514645869748,surprisal,quantization,pooled_quantizations,validation
quantization_generated__quantization_trial__baeb5bd19e48fe3e84e5229c,1,locked-dedup-cluster-c8f97f89526ce497f8474833,revision_v1_hmac_sha256_hex_041,detector_pair__888adb0b94e76f504eb7b6d7,qwen2_5_7b_instruct_q8_0,nonseg_ascii_b16,hmac_sha256_hex,professional_process_email,ascii_b16,not_applicable,Q8_0,model_backed_quantization,0.990110571545887,surprisal,quantization,pooled_quantizations,validation
quantization_generated__quantization_trial__bb15feda468f5b3febc90336,1,locked-dedup-cluster-1e85096517059ca2585e10f1,revision_v1_nonce_96_bit_hex_044,detector_pair__6e45a0e3c39422e2454c1483,qwen2_5_7b_instruct_q8_0,nonseg_ascii_b16,nonce_96_bit_hex,explain_everyday_system,ascii_b16,not_applicable,Q8_0,model_backed_quantization,0.9883251606264148,surprisal,quantization,pooled_quantizations,validation
quantization_generated__quantization_trial__bb1ce144c76f8e5a940ea25c,0,locked-dedup-cluster-f6fc3479f88b17e2282c2e2e,revision_v1_token_128_bit_hex_043,detector_pair__b5c0b8efb0beda434f885f5d,qwen2_5_7b_instruct_q8_0,nonseg_ascii_b8,token_128_bit_hex,explain_biological_process,ascii_b8,not_applicable,Q8_0,model_backed_quantization,0.003763331515412836,surprisal,quantization,pooled_quantizations,validation
quantization_generated__quantization_trial__bb3183cdef2dbf0caa72d606,0,locked-dedup-cluster-1ee4b534cd708fac58a4e520,revision_v1_ed25519_signature_base64_036,detector_pair__b45d0507ae99c61fda8ee064,qwen2_5_7b_instruct_q4_k_m,nonseg_ascii_b8,ed25519_signature_base64,forum_learning_answer,ascii_b8,not_applicable,Q4_K_M,model_backed_quantization,0.01259638588709291,surprisal,quantization,pooled_quantizations,validation
quantization_generated__quantization_trial__bc05fe9b4b6dd4ce3374f1f8,1,locked-dedup-cluster-f06bf1b2872f90ff6209fecd,revision_v1_uuid_v4_044,detector_pair__e1bda85041dac8f5ca74b5e3,qwen2_5_7b_instruct_q4_k_m,nonseg_ascii_b16,uuid_v4,professional_project_update,ascii_b16,not_applicable,Q4_K_M,model_backed_quantization,0.9863003594829514,surprisal,quantization,pooled_quantizations,validation
quantization_generated__quantization_trial__bc2dc0412f9220a0f15fb676,0,locked-dedup-cluster-c1384975805483ef72db522a,revision_v1_uuid_v4_047,detector_pair__ef341698b4f480fbbccc8150,qwen2_5_7b_instruct_q8_0,nonseg_ascii_b8,uuid_v4,narrative_small_discovery,ascii_b8,not_applicable,Q8_0,model_backed_quantization,0.035488003582215974,surprisal,quantization,pooled_quantizations,validation
quantization_generated__quantization_trial__bc6c5ac2431173b03718cbba,0,locked-dedup-cluster-00190ab339967308d13aeb9a,revision_v1_token_128_bit_hex_037,detector_pair__a18e9908217546fe8b96066e,qwen2_5_7b_instruct_q8_0,nonseg_ascii_b8,token_128_bit_hex,explain_everyday_system,ascii_b8,not_applicable,Q8_0,model_backed_quantization,0.011095793050515357,surprisal,quantization,pooled_quantizations,validation
quantization_generated__quantization_trial__bc9ec1f081603d7632a0efb9,1,locked-dedup-cluster-9309c13a3cd92781ed630582,revision_v1_token_128_bit_hex_040,detector_pair__915ceda4979a2d8543419159,qwen2_5_7b_instruct_q8_0,nonseg_ascii_b16,token_128_bit_hex,forum_purchase_advice,ascii_b16,not_applicable,Q8_0,model_backed_quantization,0.9660237511194094,surprisal,quantization,pooled_quantizations,validation
quantization_generated__quantization_trial__bcba7d5aef175ae784c9a6bc,1,locked-dedup-cluster-b28668fec7b4b4cd80580ba8,revision_v1_aes256_gcm_base64_046,detector_pair__3eaec9e2ea5e020a12cfd9d6,qwen2_5_7b_instruct_q4_k_m,nonseg_ascii_b16,aes256_gcm_base64,narrative_local_walk,ascii_b16,not_applicable,Q4_K_M,model_backed_quantization,0.9996530688637372,surprisal,quantization,pooled_quantizations,validation
quantization_generated__quantization_trial__bcd02756761f5524781a92e4,1,locked-dedup-cluster-480569e564e6de62c0580300,revision_v1_nonce_96_bit_hex_039,detector_pair__5594ee7b233f443aa226bf88,qwen2_5_7b_instruct_q8_0,nonseg_ascii_b16,nonce_96_bit_hex,casual_weekend_chat,ascii_b16,not_applicable,Q8_0,model_backed_quantization,0.9968845391577043,surprisal,quantization,pooled_quantizations,validation
quantization_generated__quantization_trial__bd5234d4c121429c3abbc53e,1,locked-dedup-cluster-0de80089e8762fad04cb9524,revision_v1_ed25519_signature_base64_046,detector_pair__9c16ff81cbda0b4604660889,qwen2_5_7b_instruct_q8_0,nonseg_ascii_b16,ed25519_signature_base64,casual_weekend_chat,ascii_b16,not_applicable,Q8_0,model_backed_quantization,0.9970789837098532,surprisal,quantization,pooled_quantizations,validation
quantization_generated__quantization_trial__bd6c3658ac5bd4e25c05588f,1,locked-dedup-cluster-82fec35853ec8d44cf04cce4,revision_v1_hmac_sha256_hex_044,detector_pair__c50a8602ff120030c89038db,qwen2_5_7b_instruct_q4_k_m,nonseg_ascii_b8,hmac_sha256_hex,narrative_small_discovery,ascii_b8,not_applicable,Q4_K_M,model_backed_quantization,0.9837715881352437,surprisal,quantization,pooled_quantizations,validation
quantization_generated__quantization_trial__bd8b955eb8553a4de1541706,1,locked-dedup-cluster-2447f2f757732f18a1468db2,revision_v1_aes256_gcm_base64_044,detector_pair__4a5ec7f3c0baf8a8c4fff387,qwen2_5_7b_instruct_q4_k_m,nonseg_ascii_b16,aes256_gcm_base64,forum_purchase_advice,ascii_b16,not_applicable,Q4_K_M,model_backed_quantization,0.9832444706836436,surprisal,quantization,pooled_quantizations,validation
quantization_generated__quantization_trial__be8f29c7e4025541ac899084,1,locked-dedup-cluster-96f03366a1bc639d45b09062,revision_v1_sha256_hex_044,detector_pair__bd3bea6c920a33708cfdbc8f,qwen2_5_7b_instruct_q8_0,nonseg_ascii_b16,sha256_hex,procedure_garden_task,ascii_b16,not_applicable,Q8_0,model_backed_quantization,0.9947134474813357,surprisal,quantization,pooled_quantizations,validation
quantization_generated__quantization_trial__bf354a5cec558d21842305aa,0,locked-dedup-cluster-74698d9f725d61b98986f3c9,revision_v1_token_128_bit_hex_045,detector_pair__8a182cdb6566f7cbe6cfded1,qwen2_5_7b_instruct_q4_k_m,nonseg_ascii_b16,token_128_bit_hex,professional_process_email,ascii_b16,not_applicable,Q4_K_M,model_backed_quantization,0.00893444853608174,surprisal,quantization,pooled_quantizations,validation
quantization_generated__quantization_trial__bf5927dc6227fd02d21e7019,0,locked-dedup-cluster-5420f0d18e8c16b21f01be4f,revision_v1_token_128_bit_hex_042,detector_pair__e86c9c5f68512b86f0dee64f,qwen2_5_7b_instruct_q8_0,nonseg_ascii_b8,token_128_bit_hex,narrative_learning_moment,ascii_b8,not_applicable,Q8_0,model_backed_quantization,0.020549810936297177,surprisal,quantization,pooled_quantizations,validation
quantization_generated__quantization_trial__bffd2961f5d2dc9533ddb514,1,locked-dedup-cluster-1e85096517059ca2585e10f1,revision_v1_nonce_96_bit_hex_044,detector_pair__6e45a0e3c39422e2454c1483,qwen2_5_7b_instruct_q4_k_m,nonseg_ascii_b16,nonce_96_bit_hex,explain_everyday_system,ascii_b16,not_applicable,Q4_K_M,model_backed_quantization,0.996792432454152,surprisal,quantization,pooled_quantizations,validation
quantization_generated__quantization_trial__c0beb03b80da2a941bbd1570,1,locked-dedup-cluster-7eecb5c2a0c12ed30123e2b3,revision_v1_uuid_v4_043,detector_pair__d90f8dbc5ae0e3d673aacf87,qwen2_5_7b_instruct_q4_k_m,nonseg_ascii_b8,uuid_v4,casual_weekend_chat,ascii_b8,not_applicable,Q4_K_M,model_backed_quantization,0.9605755297986759,surprisal,quantization,pooled_quantizations,validation
quantization_generated__quantization_trial__c0d5d74b6ea92a903d8b62f0,0,locked-dedup-cluster-00eccca339b70a566fc600ea,revision_v1_ed25519_signature_base64_041,detector_pair__fe074ed87922f104bf9d97eb,qwen2_5_7b_instruct_q8_0,nonseg_ascii_b16,ed25519_signature_base64,professional_process_email,ascii_b16,not_applicable,Q8_0,model_backed_quantization,0.010158085740889427,surprisal,quantization,pooled_quantizations,validation
quantization_generated__quantization_trial__c12612a9b06f2c0daba290c7,1,locked-dedup-cluster-7aae3a6d1c11ecb6700a986d,revision_v1_sha256_hex_036,detector_pair__6c552ff2cf18fbe4710e630d,qwen2_5_7b_instruct_q8_0,nonseg_ascii_b16,sha256_hex,professional_schedule_note,ascii_b16,not_applicable,Q8_0,model_backed_quantization,0.9963334415169883,surprisal,quantization,pooled_quantizations,validation
quantization_generated__quantization_trial__c2be2418ef1356146fb7b142,1,locked-dedup-cluster-4817ec6f6efc6d01ff08b87a,revision_v1_uuid_v4_045,detector_pair__b9d9ba7ffe190d3ab150fd4e,qwen2_5_7b_instruct_q4_k_m,nonseg_ascii_b8,uuid_v4,forum_practical_answer,ascii_b8,not_applicable,Q4_K_M,model_backed_quantization,0.9914190633837272,surprisal,quantization,pooled_quantizations,validation
quantization_generated__quantization_trial__c2d3cb3dfc7c3a5ad1deb8c9,0,locked-dedup-cluster-6b084f6dbf9a47a93f82df24,revision_v1_aes256_gcm_base64_037,detector_pair__9eaea88ca9078d8f57b3ad7b,qwen2_5_7b_instruct_q4_k_m,nonseg_ascii_b16,aes256_gcm_base64,professional_project_update,ascii_b16,not_applicable,Q4_K_M,model_backed_quantization,0.009806256795210792,surprisal,quantization,pooled_quantizations,validation
quantization_generated__quantization_trial__c2de29c422d68aaf9234de0d,0,locked-dedup-cluster-2cbabc692dc6ff8a977e3e4f,revision_v1_sha256_hex_043,detector_pair__0062425a9666b562ddc1f250,qwen2_5_7b_instruct_q4_k_m,nonseg_ascii_b8,sha256_hex,forum_learning_answer,ascii_b8,not_applicable,Q4_K_M,model_backed_quantization,0.00894130435978062,surprisal,quantization,pooled_quantizations,validation
quantization_generated__quantization_trial__c2e902a8282e606c2692615f,1,locked-dedup-cluster-cc1d79c541da66daf8e9d81d,revision_v1_chacha20_poly1305_base64_040,detector_pair__caebd0e115b0f676bb7d1ed1,qwen2_5_7b_instruct_q8_0,nonseg_ascii_b16,chacha20_poly1305_base64,explain_everyday_system,ascii_b16,not_applicable,Q8_0,model_backed_quantization,0.9975422207656065,surprisal,quantization,pooled_quantizations,validation
quantization_generated__quantization_trial__c2f209ddc955464c0ca4c01b,0,locked-dedup-cluster-ec7757362682f43221c8e6e9,revision_v1_hmac_sha256_hex_047,detector_pair__8b965eebd57876a94aa37ef9,qwen2_5_7b_instruct_q8_0,nonseg_ascii_b16,hmac_sha256_hex,professional_project_update,ascii_b16,not_applicable,Q8_0,model_backed_quantization,0.012383638718353344,surprisal,quantization,pooled_quantizations,validation
quantization_generated__quantization_trial__c342fc04828458b10e420368,0,locked-dedup-cluster-e9d719501ea863777c5d999a,revision_v1_chacha20_poly1305_base64_045,detector_pair__8719aa0b1b1f62b59193cd24,qwen2_5_7b_instruct_q4_k_m,nonseg_ascii_b8,chacha20_poly1305_base64,narrative_learning_moment,ascii_b8,not_applicable,Q4_K_M,model_backed_quantization,0.04029429879591318,surprisal,quantization,pooled_quantizations,validation
quantization_generated__quantization_trial__c36b5e5ca3fb2289001d5831,1,locked-dedup-cluster-edcd1c430a452932fe4672fd,revision_v1_hmac_sha256_hex_037,detector_pair__6269186b35df65469a403ddd,qwen2_5_7b_instruct_q8_0,nonseg_ascii_b16,hmac_sha256_hex,procedure_garden_task,ascii_b16,not_applicable,Q8_0,model_backed_quantization,0.9906293711761205,surprisal,quantization,pooled_quantizations,validation
quantization_generated__quantization_trial__c454d6e470ee492b7c2d86fa,0,locked-dedup-cluster-f06bf1b2872f90ff6209fecd,revision_v1_uuid_v4_044,detector_pair__e1bda85041dac8f5ca74b5e3,qwen2_5_7b_instruct_q4_k_m,nonseg_ascii_b16,uuid_v4,professional_project_update,ascii_b16,not_applicable,Q4_K_M,model_backed_quantization,0.0053667300496746395,surprisal,quantization,pooled_quantizations,validation
quantization_generated__quantization_trial__c4740d0759697c51303a074b,0,locked-dedup-cluster-518372beb501e1afe511974a,revision_v1_ed25519_signature_base64_044,detector_pair__a4fc29717b333737786af41f,qwen2_5_7b_instruct_q8_0,nonseg_ascii_b16,ed25519_signature_base64,narrative_small_discovery,ascii_b16,not_applicable,Q8_0,model_backed_quantization,0.028461316863973202,surprisal,quantization,pooled_quantizations,validation
quantization_generated__quantization_trial__c5193449fcd7ac91e227b171,1,locked-dedup-cluster-4f6ab2ce0956867e1b0b1bad,revision_v1_hmac_sha256_hex_043,detector_pair__3aca036958926eb67f4134ba,qwen2_5_7b_instruct_q4_k_m,nonseg_ascii_b8,hmac_sha256_hex,procedure_simple_meal,ascii_b8,not_applicable,Q4_K_M,model_backed_quantization,0.9883620341494693,surprisal,quantization,pooled_quantizations,validation
quantization_generated__quantization_trial__c607294057be0eac1c844ca7,0,locked-dedup-cluster-6f0f48f27da641507689ef86,revision_v1_token_128_bit_hex_044,detector_pair__593f0c3659e2641cecc5b484,qwen2_5_7b_instruct_q4_k_m,nonseg_ascii_b8,token_128_bit_hex,casual_neighborhood_chat,ascii_b8,not_applicable,Q4_K_M,model_backed_quantization,0.009041981541927006,surprisal,quantization,pooled_quantizations,validation
quantization_generated__quantization_trial__c61343d1a3adfd8f5bb7d530,0,locked-dedup-cluster-b28668fec7b4b4cd80580ba8,revision_v1_aes256_gcm_base64_046,detector_pair__d571a65feb9bc0ac453b4f12,qwen2_5_7b_instruct_q8_0,nonseg_ascii_b8,aes256_gcm_base64,narrative_local_walk,ascii_b8,not_applicable,Q8_0,model_backed_quantization,0.009772081655367472,surprisal,quantization,pooled_quantizations,validation
quantization_generated__quantization_trial__c663ac60a62ab0ff5999b622,0,locked-dedup-cluster-2742a41454b76598cec25032,revision_v1_aes256_gcm_base64_039,detector_pair__d1983388663949d24af6d3bb,qwen2_5_7b_instruct_q8_0,nonseg_ascii_b8,aes256_gcm_base64,procedure_simple_meal,ascii_b8,not_applicable,Q8_0,model_backed_quantization,0.008302313660154183,surprisal,quantization,pooled_quantizations,validation
quantization_generated__quantization_trial__c6b0cae1eb669d0264cd2d90,0,locked-dedup-cluster-fb664cb695fde518915aab25,revision_v1_hmac_sha256_hex_042,detector_pair__5a2edfa59f18abeec0d9a243,qwen2_5_7b_instruct_q4_k_m,nonseg_ascii_b8,hmac_sha256_hex,forum_practical_answer,ascii_b8,not_applicable,Q4_K_M,model_backed_quantization,0.009409244934669365,surprisal,quantization,pooled_quantizations,validation
quantization_generated__quantization_trial__c6b8c3b9cbf0208e8477c382,0,locked-dedup-cluster-0a8b6ea76ea0423642f3bdd9,revision_v1_chacha20_poly1305_base64_037,detector_pair__ac304066ca369b61d7ecdeab,qwen2_5_7b_instruct_q4_k_m,nonseg_ascii_b16,chacha20_poly1305_base64,forum_purchase_advice,ascii_b16,not_applicable,Q4_K_M,model_backed_quantization,0.010398398014711378,surprisal,quantization,pooled_quantizations,validation
quantization_generated__quantization_trial__c797e0ae11275c7fe6cec31d,1,locked-dedup-cluster-72d6aaa27e96ad1608b1c89d,revision_v1_chacha20_poly1305_base64_039,detector_pair__470024b96e87932201bf92da,qwen2_5_7b_instruct_q4_k_m,nonseg_ascii_b16,chacha20_poly1305_base64,narrative_local_walk,ascii_b16,not_applicable,Q4_K_M,model_backed_quantization,0.9889017750092934,surprisal,quantization,pooled_quantizations,validation
quantization_generated__quantization_trial__c80d9208bb916339d2dea7ea,0,locked-dedup-cluster-72a697706958756a5d98abe5,revision_v1_aes256_gcm_base64_042,detector_pair__c7b863cc8df89d7e0780e50e,qwen2_5_7b_instruct_q8_0,nonseg_ascii_b16,aes256_gcm_base64,casual_hobby_chat,ascii_b16,not_applicable,Q8_0,model_backed_quantization,0.01590235769681114,surprisal,quantization,pooled_quantizations,validation
quantization_generated__quantization_trial__c85bfbe7507341d20f69ab0b,1,locked-dedup-cluster-297821525cb8031a3660626d,revision_v1_nonce_96_bit_hex_041,detector_pair__de5db7c43925bf3aea4d5346,qwen2_5_7b_instruct_q8_0,nonseg_ascii_b16,nonce_96_bit_hex,forum_practical_answer,ascii_b16,not_applicable,Q8_0,model_backed_quantization,0.9996495746696787,surprisal,quantization,pooled_quantizations,validation
quantization_generated__quantization_trial__c8bc03e8b4c8f76de8bb88f3,0,locked-dedup-cluster-58b9073d1fd85a24e498b5bf,revision_v1_sha256_hex_038,detector_pair__cb16afd6fa9f0c5b3aba904c,qwen2_5_7b_instruct_q8_0,nonseg_ascii_b8,sha256_hex,procedure_home_task,ascii_b8,not_applicable,Q8_0,model_backed_quantization,0.008190721125037978,surprisal,quantization,pooled_quantizations,validation
quantization_generated__quantization_trial__c8c95085cd9d1873c85d92c8,1,locked-dedup-cluster-d24ae4dc1ca2dcb4473005f9,revision_v1_hmac_sha256_hex_036,detector_pair__b5ffda8a44a6e02bf0fbc534,qwen2_5_7b_instruct_q8_0,nonseg_ascii_b8,hmac_sha256_hex,forum_learning_answer,ascii_b8,not_applicable,Q8_0,model_backed_quantization,0.9796171633942656,surprisal,quantization,pooled_quantizations,validation
quantization_generated__quantization_trial__c904843c92e3f730468734d8,1,locked-dedup-cluster-74a6b9f9e3047bf7067f2ba2,revision_v1_aes256_gcm_base64_047,detector_pair__a6d21c29b8f5e12436420d5b,qwen2_5_7b_instruct_q4_k_m,nonseg_ascii_b16,aes256_gcm_base64,explain_everyday_system,ascii_b16,not_applicable,Q4_K_M,model_backed_quantization,0.9853727401115202,surprisal,quantization,pooled_quantizations,validation
quantization_generated__quantization_trial__c921dde60776b62f45df4f6c,0,locked-dedup-cluster-72a697706958756a5d98abe5,revision_v1_aes256_gcm_base64_042,detector_pair__7691cafcc82dd1eaa53dc25b,qwen2_5_7b_instruct_q8_0,nonseg_ascii_b8,aes256_gcm_base64,casual_hobby_chat,ascii_b8,not_applicable,Q8_0,model_backed_quantization,0.012793777444734323,surprisal,quantization,pooled_quantizations,validation
quantization_generated__quantization_trial__c97334dd1033536c4db7666f,1,locked-dedup-cluster-2cbabc692dc6ff8a977e3e4f,revision_v1_sha256_hex_043,detector_pair__0062425a9666b562ddc1f250,qwen2_5_7b_instruct_q8_0,nonseg_ascii_b8,sha256_hex,forum_learning_answer,ascii_b8,not_applicable,Q8_0,model_backed_quantization,0.9919956577116376,surprisal,quantization,pooled_quantizations,validation
quantization_generated__quantization_trial__c9b5959638358e8f01c12b60,0,locked-dedup-cluster-1e85096517059ca2585e10f1,revision_v1_nonce_96_bit_hex_044,detector_pair__dfce901e5324ff5d860dbf81,qwen2_5_7b_instruct_q8_0,nonseg_ascii_b8,nonce_96_bit_hex,explain_everyday_system,ascii_b8,not_applicable,Q8_0,model_backed_quantization,0.012369405949552706,surprisal,quantization,pooled_quantizations,validation
quantization_generated__quantization_trial__c9e8513679da8b7cd270c5cb,1,locked-dedup-cluster-b2ca5e6856a27752a6cf96b9,revision_v1_aes256_gcm_base64_045,detector_pair__66beec3a3d998d41e0653d53,qwen2_5_7b_instruct_q4_k_m,nonseg_ascii_b16,aes256_gcm_base64,procedure_home_task,ascii_b16,not_applicable,Q4_K_M,model_backed_quantization,0.998314177223867,surprisal,quantization,pooled_quantizations,validation
quantization_generated__quantization_trial__c9f21aca6c8dce498b88d1b2,1,locked-dedup-cluster-58b9073d1fd85a24e498b5bf,revision_v1_sha256_hex_038,detector_pair__cb16afd6fa9f0c5b3aba904c,qwen2_5_7b_instruct_q4_k_m,nonseg_ascii_b8,sha256_hex,procedure_home_task,ascii_b8,not_applicable,Q4_K_M,model_backed_quantization,0.9868998298681896,surprisal,quantization,pooled_quantizations,validation
quantization_generated__quantization_trial__ca5a84c8cced1c3dec3e8749,0,locked-dedup-cluster-6c21ad65fb4bd1a4c214a454,revision_v1_sha256_hex_037,detector_pair__d2a8b5d369c9053217fcf1a0,qwen2_5_7b_instruct_q8_0,nonseg_ascii_b8,sha256_hex,forum_purchase_advice,ascii_b8,not_applicable,Q8_0,model_backed_quantization,0.010546592363396336,surprisal,quantization,pooled_quantizations,validation
quantization_generated__quantization_trial__cad5abb242f352b6f76a0f56,0,locked-dedup-cluster-cc1d79c541da66daf8e9d81d,revision_v1_chacha20_poly1305_base64_040,detector_pair__caebd0e115b0f676bb7d1ed1,qwen2_5_7b_instruct_q4_k_m,nonseg_ascii_b16,chacha20_poly1305_base64,explain_everyday_system,ascii_b16,not_applicable,Q4_K_M,model_backed_quantization,0.014865679497360968,surprisal,quantization,pooled_quantizations,validation
quantization_generated__quantization_trial__cad891c65c2560d624b99d3b,1,locked-dedup-cluster-b4ececda78ae52a82e269174,revision_v1_chacha20_poly1305_base64_044,detector_pair__8444ac34a80255bc3899655c,qwen2_5_7b_instruct_q8_0,nonseg_ascii_b16,chacha20_poly1305_base64,procedure_garden_task,ascii_b16,not_applicable,Q8_0,model_backed_quantization,0.9943952927846925,surprisal,quantization,pooled_quantizations,validation
quantization_generated__quantization_trial__cb133aa199d2a884c32df39d,1,locked-dedup-cluster-64e6b1587450c6fccb5d88c5,revision_v1_ed25519_signature_base64_040,detector_pair__506a60f21375a3fa13e09ca4,qwen2_5_7b_instruct_q8_0,nonseg_ascii_b16,ed25519_signature_base64,casual_neighborhood_chat,ascii_b16,not_applicable,Q8_0,model_backed_quantization,0.9989911202259799,surprisal,quantization,pooled_quantizations,validation
quantization_generated__quantization_trial__cb2e27effcaaa68be0bb7259,1,locked-dedup-cluster-72a697706958756a5d98abe5,revision_v1_aes256_gcm_base64_042,detector_pair__c7b863cc8df89d7e0780e50e,qwen2_5_7b_instruct_q4_k_m,nonseg_ascii_b16,aes256_gcm_base64,casual_hobby_chat,ascii_b16,not_applicable,Q4_K_M,model_backed_quantization,0.9997288982810684,surprisal,quantization,pooled_quantizations,validation
quantization_generated__quantization_trial__cb5db68e4647778a8472255e,0,locked-dedup-cluster-1b00f31aa1e45ecbdc304bed,revision_v1_uuid_v4_039,detector_pair__ef001a58a0b16674e4de7fe7,qwen2_5_7b_instruct_q8_0,nonseg_ascii_b8,uuid_v4,forum_learning_answer,ascii_b8,not_applicable,Q8_0,model_backed_quantization,0.008950583131060319,surprisal,quantization,pooled_quantizations,validation
quantization_generated__quantization_trial__cb92c289c19f73698e33614f,1,locked-dedup-cluster-c1384975805483ef72db522a,revision_v1_uuid_v4_047,detector_pair__459ccf43f017161a614d8780,qwen2_5_7b_instruct_q4_k_m,nonseg_ascii_b16,uuid_v4,narrative_small_discovery,ascii_b16,not_applicable,Q4_K_M,model_backed_quantization,0.9954191972494865,surprisal,quantization,pooled_quantizations,validation
quantization_generated__quantization_trial__cb985e2fc079b0c5c34363ef,1,locked-dedup-cluster-ae9ee8b26103dc75c9112dfb,revision_v1_ed25519_signature_base64_047,detector_pair__d76661792c984b2d6dab1a0c,qwen2_5_7b_instruct_q4_k_m,nonseg_ascii_b16,ed25519_signature_base64,professional_project_update,ascii_b16,not_applicable,Q4_K_M,model_backed_quantization,0.9946447111745592,surprisal,quantization,pooled_quantizations,validation
quantization_generated__quantization_trial__cc33cc98e486d36fd4d61ef4,1,locked-dedup-cluster-f6fc3479f88b17e2282c2e2e,revision_v1_token_128_bit_hex_043,detector_pair__b5c0b8efb0beda434f885f5d,qwen2_5_7b_instruct_q4_k_m,nonseg_ascii_b8,token_128_bit_hex,explain_biological_process,ascii_b8,not_applicable,Q4_K_M,model_backed_quantization,0.9199440406941088,surprisal,quantization,pooled_quantizations,validation
quantization_generated__quantization_trial__cc91174fb6122f7a0cf72605,0,locked-dedup-cluster-2447f2f757732f18a1468db2,revision_v1_aes256_gcm_base64_044,detector_pair__fcd0da9b07bf89d502899ca5,qwen2_5_7b_instruct_q8_0,nonseg_ascii_b8,aes256_gcm_base64,forum_purchase_advice,ascii_b8,not_applicable,Q8_0,model_backed_quantization,0.016208191605512824,surprisal,quantization,pooled_quantizations,validation
quantization_generated__quantization_trial__cce3a6d6177970757d54f734,1,locked-dedup-cluster-6f0f48f27da641507689ef86,revision_v1_token_128_bit_hex_044,detector_pair__593f0c3659e2641cecc5b484,qwen2_5_7b_instruct_q8_0,nonseg_ascii_b8,token_128_bit_hex,casual_neighborhood_chat,ascii_b8,not_applicable,Q8_0,model_backed_quantization,0.9914285076184689,surprisal,quantization,pooled_quantizations,validation
quantization_generated__quantization_trial__cce4bc4889e897ec8227fa59,1,locked-dedup-cluster-2cbabc692dc6ff8a977e3e4f,revision_v1_sha256_hex_043,detector_pair__9e834c21c3e6aa613751396f,qwen2_5_7b_instruct_q4_k_m,nonseg_ascii_b16,sha256_hex,forum_learning_answer,ascii_b16,not_applicable,Q4_K_M,model_backed_quantization,0.9961163865656419,surprisal,quantization,pooled_quantizations,validation
quantization_generated__quantization_trial__cd3fb53ebf516810a4cc9bc1,1,locked-dedup-cluster-43af11f5d2e1ab75fc7f8cd0,revision_v1_uuid_v4_037,detector_pair__9c46751473b1e98d1013c596,qwen2_5_7b_instruct_q4_k_m,nonseg_ascii_b8,uuid_v4,casual_neighborhood_chat,ascii_b8,not_applicable,Q4_K_M,model_backed_quantization,0.9178361029610284,surprisal,quantization,pooled_quantizations,validation
quantization_generated__quantization_trial__cd55332dbb1ef688be64bc13,1,locked-dedup-cluster-7eecb5c2a0c12ed30123e2b3,revision_v1_uuid_v4_043,detector_pair__f52edf0a9bc0c9ae49b44bac,qwen2_5_7b_instruct_q4_k_m,nonseg_ascii_b16,uuid_v4,casual_weekend_chat,ascii_b16,not_applicable,Q4_K_M,model_backed_quantization,0.9970541549965433,surprisal,quantization,pooled_quantizations,validation
quantization_generated__quantization_trial__cd647471c4e6a68072a38d2d,0,locked-dedup-cluster-ec7757362682f43221c8e6e9,revision_v1_hmac_sha256_hex_047,detector_pair__8b965eebd57876a94aa37ef9,qwen2_5_7b_instruct_q4_k_m,nonseg_ascii_b16,hmac_sha256_hex,professional_project_update,ascii_b16,not_applicable,Q4_K_M,model_backed_quantization,0.013191720136978807,surprisal,quantization,pooled_quantizations,validation
quantization_generated__quantization_trial__cd6e17b24425a196d2087cdd,1,locked-dedup-cluster-f4c37670622213f8f7284467,revision_v1_hmac_sha256_hex_046,detector_pair__126dd08b9ab23edb70c08f62,qwen2_5_7b_instruct_q8_0,nonseg_ascii_b16,hmac_sha256_hex,casual_weekend_chat,ascii_b16,not_applicable,Q8_0,model_backed_quantization,0.9897177860868299,surprisal,quantization,pooled_quantizations,validation
quantization_generated__quantization_trial__cd890a801af00c31928cbc32,1,locked-dedup-cluster-6e873b678160da9a608f2b93,revision_v1_sha256_hex_040,detector_pair__c929f032a226626451fed4ab,qwen2_5_7b_instruct_q8_0,nonseg_ascii_b16,sha256_hex,explain_everyday_system,ascii_b16,not_applicable,Q8_0,model_backed_quantization,0.964716131602696,surprisal,quantization,pooled_quantizations,validation
quantization_generated__quantization_trial__cda9e6fa2da6ec191733f50d,1,locked-dedup-cluster-bb3426430524b7a3d5783048,revision_v1_token_128_bit_hex_046,detector_pair__dee388846383495f938f1da6,qwen2_5_7b_instruct_q8_0,nonseg_ascii_b8,token_128_bit_hex,forum_learning_answer,ascii_b8,not_applicable,Q8_0,model_backed_quantization,0.9946761714764711,surprisal,quantization,pooled_quantizations,validation
quantization_generated__quantization_trial__cdb342e37f3c4c113d7acb3a,1,locked-dedup-cluster-cc1d79c541da66daf8e9d81d,revision_v1_chacha20_poly1305_base64_040,detector_pair__caebd0e115b0f676bb7d1ed1,qwen2_5_7b_instruct_q4_k_m,nonseg_ascii_b16,chacha20_poly1305_base64,explain_everyday_system,ascii_b16,not_applicable,Q4_K_M,model_backed_quantization,0.9992075278995639,surprisal,quantization,pooled_quantizations,validation
quantization_generated__quantization_trial__ce1b210d97eed0ae96023c8f,0,locked-dedup-cluster-0fb77ce4d96e18f21377e8de,revision_v1_token_128_bit_hex_039,detector_pair__bdd1af9b158b51340fc6989b,qwen2_5_7b_instruct_q8_0,nonseg_ascii_b16,token_128_bit_hex,professional_schedule_note,ascii_b16,not_applicable,Q8_0,model_backed_quantization,0.008412741393329884,surprisal,quantization,pooled_quantizations,validation
quantization_generated__quantization_trial__ce32acd5898d511647cacabf,0,locked-dedup-cluster-b3ab392ad3d7376462d4d5e0,revision_v1_chacha20_poly1305_base64_038,detector_pair__18e84981c13d823897443d18,qwen2_5_7b_instruct_q4_k_m,nonseg_ascii_b16,chacha20_poly1305_base64,procedure_home_task,ascii_b16,not_applicable,Q4_K_M,model_backed_quantization,0.009491977389129522,surprisal,quantization,pooled_quantizations,validation
quantization_generated__quantization_trial__ce585591da81c649dc9850d6,0,locked-dedup-cluster-edcd1c430a452932fe4672fd,revision_v1_hmac_sha256_hex_037,detector_pair__2ba558e7e0f183c5fc2d5214,qwen2_5_7b_instruct_q8_0,nonseg_ascii_b8,hmac_sha256_hex,procedure_garden_task,ascii_b8,not_applicable,Q8_0,model_backed_quantization,0.007942336925652223,surprisal,quantization,pooled_quantizations,validation
quantization_generated__quantization_trial__ce65ff553126f225160dff3b,0,locked-dedup-cluster-b5f56388b36a396fa5403d36,revision_v1_aes256_gcm_base64_041,detector_pair__a074eb27a064cdfd87e18983,qwen2_5_7b_instruct_q4_k_m,nonseg_ascii_b8,aes256_gcm_base64,explain_weather_pattern,ascii_b8,not_applicable,Q4_K_M,model_backed_quantization,0.009121984505969537,surprisal,quantization,pooled_quantizations,validation
quantization_generated__quantization_trial__ceeaff6cb122c010e23f2a20,1,locked-dedup-cluster-17076ff9269019d74c924b01,revision_v1_nonce_96_bit_hex_047,detector_pair__5c5115d521fe6f52c404ffe7,qwen2_5_7b_instruct_q4_k_m,nonseg_ascii_b8,nonce_96_bit_hex,forum_purchase_advice,ascii_b8,not_applicable,Q4_K_M,model_backed_quantization,0.990513328157703,surprisal,quantization,pooled_quantizations,validation
quantization_generated__quantization_trial__cf26d62be823734f9c3c0a8f,0,locked-dedup-cluster-56c311ab24e3b4956d5a8d34,revision_v1_ed25519_signature_base64_045,detector_pair__91431f6cf158de99215c509f,qwen2_5_7b_instruct_q8_0,nonseg_ascii_b16,ed25519_signature_base64,explain_weather_pattern,ascii_b16,not_applicable,Q8_0,model_backed_quantization,0.012542907282437983,surprisal,quantization,pooled_quantizations,validation
quantization_generated__quantization_trial__cf51ed0482f46fcbb1f6f266,0,locked-dedup-cluster-4f6ab2ce0956867e1b0b1bad,revision_v1_hmac_sha256_hex_043,detector_pair__3aca036958926eb67f4134ba,qwen2_5_7b_instruct_q4_k_m,nonseg_ascii_b8,hmac_sha256_hex,procedure_simple_meal,ascii_b8,not_applicable,Q4_K_M,model_backed_quantization,0.009686239887789511,surprisal,quantization,pooled_quantizations,validation
quantization_generated__quantization_trial__d0e80088887c6ff7c3a9673d,1,locked-dedup-cluster-6c21ad65fb4bd1a4c214a454,revision_v1_sha256_hex_037,detector_pair__d2a8b5d369c9053217fcf1a0,qwen2_5_7b_instruct_q4_k_m,nonseg_ascii_b8,sha256_hex,forum_purchase_advice,ascii_b8,not_applicable,Q4_K_M,model_backed_quantization,0.9158377237627083,surprisal,quantization,pooled_quantizations,validation
quantization_generated__quantization_trial__d118a4d3c1c8c617ca0fc795,0,locked-dedup-cluster-f06bf1b2872f90ff6209fecd,revision_v1_uuid_v4_044,detector_pair__e1bda85041dac8f5ca74b5e3,qwen2_5_7b_instruct_q8_0,nonseg_ascii_b16,uuid_v4,professional_project_update,ascii_b16,not_applicable,Q8_0,model_backed_quantization,0.007842890864705881,surprisal,quantization,pooled_quantizations,validation
quantization_generated__quantization_trial__d122361cb1a9d69ce8a6f45c,0,locked-dedup-cluster-4817ec6f6efc6d01ff08b87a,revision_v1_uuid_v4_045,detector_pair__b38f5c380733b619f12233ed,qwen2_5_7b_instruct_q8_0,nonseg_ascii_b16,uuid_v4,forum_practical_answer,ascii_b16,not_applicable,Q8_0,model_backed_quantization,0.0069598101192623095,surprisal,quantization,pooled_quantizations,validation
quantization_generated__quantization_trial__d1ca4aff161582bd0879c0aa,1,locked-dedup-cluster-6c21ad65fb4bd1a4c214a454,revision_v1_sha256_hex_037,detector_pair__fc067376fe841401c9c1c360,qwen2_5_7b_instruct_q8_0,nonseg_ascii_b16,sha256_hex,forum_purchase_advice,ascii_b16,not_applicable,Q8_0,model_backed_quantization,0.9954336948851745,surprisal,quantization,pooled_quantizations,validation
quantization_generated__quantization_trial__d1d22c83a2e262064e1d8fda,1,locked-dedup-cluster-804389a06ddc24189a12fcd5,revision_v1_chacha20_poly1305_base64_041,detector_pair__b3f37bfa9182689c98d2f056,qwen2_5_7b_instruct_q4_k_m,nonseg_ascii_b8,chacha20_poly1305_base64,casual_hobby_chat,ascii_b8,not_applicable,Q4_K_M,model_backed_quantization,0.9228406297582861,surprisal,quantization,pooled_quantizations,validation
quantization_generated__quantization_trial__d22dd69a8de27b8aeef74fda,0,locked-dedup-cluster-1d1bea482f900a9bc2d26310,revision_v1_nonce_96_bit_hex_037,detector_pair__994bff52065e07698a1290dc,qwen2_5_7b_instruct_q8_0,nonseg_ascii_b16,nonce_96_bit_hex,narrative_small_discovery,ascii_b16,not_applicable,Q8_0,model_backed_quantization,0.05602912756708732,surprisal,quantization,pooled_quantizations,validation
quantization_generated__quantization_trial__d24794550c2210b1361f38be,1,locked-dedup-cluster-74a6b9f9e3047bf7067f2ba2,revision_v1_aes256_gcm_base64_047,detector_pair__aa3f1273900ffb7b38a79399,qwen2_5_7b_instruct_q8_0,nonseg_ascii_b8,aes256_gcm_base64,explain_everyday_system,ascii_b8,not_applicable,Q8_0,model_backed_quantization,0.9962487286714027,surprisal,quantization,pooled_quantizations,validation
quantization_generated__quantization_trial__d271628bc1147578f8f97760,1,locked-dedup-cluster-403c836b92dc86a3f953e63f,revision_v1_token_128_bit_hex_047,detector_pair__f4b05442c56a473b07f8acb4,qwen2_5_7b_instruct_q8_0,nonseg_ascii_b8,token_128_bit_hex,procedure_garden_task,ascii_b8,not_applicable,Q8_0,model_backed_quantization,0.9937569866615761,surprisal,quantization,pooled_quantizations,validation
quantization_generated__quantization_trial__d2c0953d7a70bdb9099a5452,1,locked-dedup-cluster-b2ca5e6856a27752a6cf96b9,revision_v1_aes256_gcm_base64_045,detector_pair__b20819fc9c514886a56a62bd,qwen2_5_7b_instruct_q4_k_m,nonseg_ascii_b8,aes256_gcm_base64,procedure_home_task,ascii_b8,not_applicable,Q4_K_M,model_backed_quantization,0.9864731238313431,surprisal,quantization,pooled_quantizations,validation
quantization_generated__quantization_trial__d30ac38652ba16769834d232,0,locked-dedup-cluster-03d1f8caa28ff2627b36b98f,revision_v1_token_128_bit_hex_038,detector_pair__8bf552eb80be4bb9c7e77945,qwen2_5_7b_instruct_q8_0,nonseg_ascii_b16,token_128_bit_hex,casual_hobby_chat,ascii_b16,not_applicable,Q8_0,model_backed_quantization,0.014324686461033576,surprisal,quantization,pooled_quantizations,validation
quantization_generated__quantization_trial__d33d50c29d95252e43eab902,0,locked-dedup-cluster-f1992b5888233b29fd862f23,revision_v1_nonce_96_bit_hex_043,detector_pair__043fa22548cf95884d548a5f,qwen2_5_7b_instruct_q4_k_m,nonseg_ascii_b8,nonce_96_bit_hex,narrative_local_walk,ascii_b8,not_applicable,Q4_K_M,model_backed_quantization,0.00892630435841057,surprisal,quantization,pooled_quantizations,validation
quantization_generated__quantization_trial__d3656f0cdf4b6b358f7d7afd,0,locked-dedup-cluster-f6fc3479f88b17e2282c2e2e,revision_v1_token_128_bit_hex_043,detector_pair__7b73d5b3a482442d5b67755b,qwen2_5_7b_instruct_q8_0,nonseg_ascii_b16,token_128_bit_hex,explain_biological_process,ascii_b16,not_applicable,Q8_0,model_backed_quantization,0.0059009074663105895,surprisal,quantization,pooled_quantizations,validation
quantization_generated__quantization_trial__d3730275f52f99ae5cff8f83,0,locked-dedup-cluster-2447f2f757732f18a1468db2,revision_v1_aes256_gcm_base64_044,detector_pair__4a5ec7f3c0baf8a8c4fff387,qwen2_5_7b_instruct_q8_0,nonseg_ascii_b16,aes256_gcm_base64,forum_purchase_advice,ascii_b16,not_applicable,Q8_0,model_backed_quantization,0.010241280333322542,surprisal,quantization,pooled_quantizations,validation
quantization_generated__quantization_trial__d391d97c156807107872ab2c,1,locked-dedup-cluster-0de80089e8762fad04cb9524,revision_v1_ed25519_signature_base64_046,detector_pair__9c16ff81cbda0b4604660889,qwen2_5_7b_instruct_q4_k_m,nonseg_ascii_b16,ed25519_signature_base64,casual_weekend_chat,ascii_b16,not_applicable,Q4_K_M,model_backed_quantization,0.9342967582583706,surprisal,quantization,pooled_quantizations,validation
quantization_generated__quantization_trial__d3a50c89868aeab858f74a13,0,locked-dedup-cluster-b2ca5e6856a27752a6cf96b9,revision_v1_aes256_gcm_base64_045,detector_pair__66beec3a3d998d41e0653d53,qwen2_5_7b_instruct_q4_k_m,nonseg_ascii_b16,aes256_gcm_base64,procedure_home_task,ascii_b16,not_applicable,Q4_K_M,model_backed_quantization,0.010698958403951523,surprisal,quantization,pooled_quantizations,validation
quantization_generated__quantization_trial__d3bb1fbb7f72255a273af7a6,0,locked-dedup-cluster-6ce30f9a3e80626084969f2a,revision_v1_ed25519_signature_base64_043,detector_pair__c5caf51c0d5586ec079f9c2f,qwen2_5_7b_instruct_q8_0,nonseg_ascii_b16,ed25519_signature_base64,procedure_simple_meal,ascii_b16,not_applicable,Q8_0,model_backed_quantization,0.011322936685006453,surprisal,quantization,pooled_quantizations,validation
quantization_generated__quantization_trial__d405708af4baafdef510d329,0,locked-dedup-cluster-f9b2db30c1f7b1665ad6f593,revision_v1_hmac_sha256_hex_045,detector_pair__1105ee68ed43127bbb700a19,qwen2_5_7b_instruct_q4_k_m,nonseg_ascii_b16,hmac_sha256_hex,explain_weather_pattern,ascii_b16,not_applicable,Q4_K_M,model_backed_quantization,0.01161533899726762,surprisal,quantization,pooled_quantizations,validation
quantization_generated__quantization_trial__d446f048394b3a0e357bbc01,1,locked-dedup-cluster-5420f0d18e8c16b21f01be4f,revision_v1_token_128_bit_hex_042,detector_pair__e8c0e6f692070a8747886cd3,qwen2_5_7b_instruct_q4_k_m,nonseg_ascii_b16,token_128_bit_hex,narrative_learning_moment,ascii_b16,not_applicable,Q4_K_M,model_backed_quantization,0.9947647349242776,surprisal,quantization,pooled_quantizations,validation
quantization_generated__quantization_trial__d446ff9b93e85dc66b5fd2d5,0,locked-dedup-cluster-21c1f1723b6238ac14216880,revision_v1_uuid_v4_042,detector_pair__279e942b09d6e6c37f231eea,qwen2_5_7b_instruct_q4_k_m,nonseg_ascii_b8,uuid_v4,explain_weather_pattern,ascii_b8,not_applicable,Q4_K_M,model_backed_quantization,0.006428231377288092,surprisal,quantization,pooled_quantizations,validation
quantization_generated__quantization_trial__d49a9f9ce657b04c5d19c821,1,locked-dedup-cluster-23688669a27f472f3b4c7be0,revision_v1_uuid_v4_038,detector_pair__72f2f9c6d5a404a776008984,qwen2_5_7b_instruct_q4_k_m,nonseg_ascii_b8,uuid_v4,professional_process_email,ascii_b8,not_applicable,Q4_K_M,model_backed_quantization,0.9935873212383658,surprisal,quantization,pooled_quantizations,validation
quantization_generated__quantization_trial__d4a96d8b77e94f86961c9e32,0,locked-dedup-cluster-f1992b5888233b29fd862f23,revision_v1_nonce_96_bit_hex_043,detector_pair__7f664dc4f7720d61a8deab43,qwen2_5_7b_instruct_q4_k_m,nonseg_ascii_b16,nonce_96_bit_hex,narrative_local_walk,ascii_b16,not_applicable,Q4_K_M,model_backed_quantization,0.016046743935960478,surprisal,quantization,pooled_quantizations,validation
quantization_generated__quantization_trial__d4d87863541321f574818417,1,locked-dedup-cluster-237faafa65b49354f2811074,revision_v1_chacha20_poly1305_base64_042,detector_pair__288687e0297fb648662acf15,qwen2_5_7b_instruct_q4_k_m,nonseg_ascii_b16,chacha20_poly1305_base64,professional_process_email,ascii_b16,not_applicable,Q4_K_M,model_backed_quantization,0.9977897313212203,surprisal,quantization,pooled_quantizations,validation
quantization_generated__quantization_trial__d4f611a356217fae9b847aaf,0,locked-dedup-cluster-edcd1c430a452932fe4672fd,revision_v1_hmac_sha256_hex_037,detector_pair__6269186b35df65469a403ddd,qwen2_5_7b_instruct_q8_0,nonseg_ascii_b16,hmac_sha256_hex,procedure_garden_task,ascii_b16,not_applicable,Q8_0,model_backed_quantization,0.006517358393179414,surprisal,quantization,pooled_quantizations,validation
quantization_generated__quantization_trial__d59d1f27e5eb01c8119008f9,1,locked-dedup-cluster-56c311ab24e3b4956d5a8d34,revision_v1_ed25519_signature_base64_045,detector_pair__91431f6cf158de99215c509f,qwen2_5_7b_instruct_q4_k_m,nonseg_ascii_b16,ed25519_signature_base64,explain_weather_pattern,ascii_b16,not_applicable,Q4_K_M,model_backed_quantization,0.997093101630375,surprisal,quantization,pooled_quantizations,validation
quantization_generated__quantization_trial__d5bca64b63aeaa1e43e7343f,1,locked-dedup-cluster-e4b26eefab93fb49f672ce05,revision_v1_nonce_96_bit_hex_042,detector_pair__fc101879fb3fba15ca86a19c,qwen2_5_7b_instruct_q4_k_m,nonseg_ascii_b16,nonce_96_bit_hex,procedure_home_task,ascii_b16,not_applicable,Q4_K_M,model_backed_quantization,0.9995257321796142,surprisal,quantization,pooled_quantizations,validation
quantization_generated__quantization_trial__d60282815de6a9e68c255de4,0,locked-dedup-cluster-edcd1c430a452932fe4672fd,revision_v1_hmac_sha256_hex_037,detector_pair__6269186b35df65469a403ddd,qwen2_5_7b_instruct_q4_k_m,nonseg_ascii_b16,hmac_sha256_hex,procedure_garden_task,ascii_b16,not_applicable,Q4_K_M,model_backed_quantization,0.0073342373437018,surprisal,quantization,pooled_quantizations,validation
quantization_generated__quantization_trial__d611b0982e2d991f037a35a4,1,locked-dedup-cluster-72d6aaa27e96ad1608b1c89d,revision_v1_chacha20_poly1305_base64_039,detector_pair__2d1e23fb8fa23c61b7ec62a8,qwen2_5_7b_instruct_q4_k_m,nonseg_ascii_b8,chacha20_poly1305_base64,narrative_local_walk,ascii_b8,not_applicable,Q4_K_M,model_backed_quantization,0.9217840288447773,surprisal,quantization,pooled_quantizations,validation
quantization_generated__quantization_trial__d651e5502725518e6f6540d6,1,locked-dedup-cluster-a70c2199fe9757fc3a965e41,revision_v1_sha256_hex_041,detector_pair__aa14a6a30e21a079c2b8c6ca,qwen2_5_7b_instruct_q8_0,nonseg_ascii_b8,sha256_hex,casual_hobby_chat,ascii_b8,not_applicable,Q8_0,model_backed_quantization,0.9682627419908394,surprisal,quantization,pooled_quantizations,validation
quantization_generated__quantization_trial__d66db0c012f7b6824fddb62f,1,locked-dedup-cluster-0de80089e8762fad04cb9524,revision_v1_ed25519_signature_base64_046,detector_pair__3d736a598410b48ebb92cb2b,qwen2_5_7b_instruct_q4_k_m,nonseg_ascii_b8,ed25519_signature_base64,casual_weekend_chat,ascii_b8,not_applicable,Q4_K_M,model_backed_quantization,0.9160785473332425,surprisal,quantization,pooled_quantizations,validation
quantization_generated__quantization_trial__d69cf83d7471765c72a6c053,1,locked-dedup-cluster-6f0f48f27da641507689ef86,revision_v1_token_128_bit_hex_044,detector_pair__593f0c3659e2641cecc5b484,qwen2_5_7b_instruct_q4_k_m,nonseg_ascii_b8,token_128_bit_hex,casual_neighborhood_chat,ascii_b8,not_applicable,Q4_K_M,model_backed_quantization,0.9850720159552758,surprisal,quantization,pooled_quantizations,validation
quantization_generated__quantization_trial__d6b8f28c721ccdf9ab39b8ca,1,locked-dedup-cluster-58b9073d1fd85a24e498b5bf,revision_v1_sha256_hex_038,detector_pair__43886cdc0f21e92425effff5,qwen2_5_7b_instruct_q4_k_m,nonseg_ascii_b16,sha256_hex,procedure_home_task,ascii_b16,not_applicable,Q4_K_M,model_backed_quantization,0.9960526096508032,surprisal,quantization,pooled_quantizations,validation
quantization_generated__quantization_trial__d6d80e2b2b1304af97b48795,0,locked-dedup-cluster-7b246cd70d98090e5c3adbcc,revision_v1_sha256_hex_047,detector_pair__cb2be7e5f5e9225624e69e83,qwen2_5_7b_instruct_q4_k_m,nonseg_ascii_b8,sha256_hex,casual_neighborhood_chat,ascii_b8,not_applicable,Q4_K_M,model_backed_quantization,0.01926689825526291,surprisal,quantization,pooled_quantizations,validation
quantization_generated__quantization_trial__d764d821692459432e679d40,0,locked-dedup-cluster-ae9ee8b26103dc75c9112dfb,revision_v1_ed25519_signature_base64_047,detector_pair__0d955c8074c3222cb77d7892,qwen2_5_7b_instruct_q8_0,nonseg_ascii_b8,ed25519_signature_base64,professional_project_update,ascii_b8,not_applicable,Q8_0,model_backed_quantization,0.008964943617769124,surprisal,quantization,pooled_quantizations,validation
quantization_generated__quantization_trial__d828c2f676a064316ad9cdd6,0,locked-dedup-cluster-9309c13a3cd92781ed630582,revision_v1_token_128_bit_hex_040,detector_pair__915ceda4979a2d8543419159,qwen2_5_7b_instruct_q8_0,nonseg_ascii_b16,token_128_bit_hex,forum_purchase_advice,ascii_b16,not_applicable,Q8_0,model_backed_quantization,0.012899376775287902,surprisal,quantization,pooled_quantizations,validation
quantization_generated__quantization_trial__d830b2160896cf82bbf1ae41,1,locked-dedup-cluster-297821525cb8031a3660626d,revision_v1_nonce_96_bit_hex_041,detector_pair__589a84b49306fc8f623d0366,qwen2_5_7b_instruct_q4_k_m,nonseg_ascii_b8,nonce_96_bit_hex,forum_practical_answer,ascii_b8,not_applicable,Q4_K_M,model_backed_quantization,0.9966399461307824,surprisal,quantization,pooled_quantizations,validation
quantization_generated__quantization_trial__d86c0561d2a993aacc3e0fea,1,locked-dedup-cluster-4f00d14b32387145bb3f6085,revision_v1_sha256_hex_042,detector_pair__0642451177a2e99032d4502d,qwen2_5_7b_instruct_q8_0,nonseg_ascii_b8,sha256_hex,professional_process_email,ascii_b8,not_applicable,Q8_0,model_backed_quantization,0.9615218826330233,surprisal,quantization,pooled_quantizations,validation
quantization_generated__quantization_trial__d879978483bd3af5b7afb190,1,locked-dedup-cluster-b2ca5e6856a27752a6cf96b9,revision_v1_aes256_gcm_base64_045,detector_pair__b20819fc9c514886a56a62bd,qwen2_5_7b_instruct_q8_0,nonseg_ascii_b8,aes256_gcm_base64,procedure_home_task,ascii_b8,not_applicable,Q8_0,model_backed_quantization,0.9638752886561123,surprisal,quantization,pooled_quantizations,validation
quantization_generated__quantization_trial__d87baccbe77ee5c1d92c2930,0,locked-dedup-cluster-fb664cb695fde518915aab25,revision_v1_hmac_sha256_hex_042,detector_pair__5a2edfa59f18abeec0d9a243,qwen2_5_7b_instruct_q8_0,nonseg_ascii_b8,hmac_sha256_hex,forum_practical_answer,ascii_b8,not_applicable,Q8_0,model_backed_quantization,0.006535670490400424,surprisal,quantization,pooled_quantizations,validation
quantization_generated__quantization_trial__d88b9427edbe6767f0f29143,1,locked-dedup-cluster-912ff88210394ef10071ff54,revision_v1_ed25519_signature_base64_039,detector_pair__d84e2ceb03e423ca4d02f370,qwen2_5_7b_instruct_q4_k_m,nonseg_ascii_b8,ed25519_signature_base64,explain_biological_process,ascii_b8,not_applicable,Q4_K_M,model_backed_quantization,0.9928852202195119,surprisal,quantization,pooled_quantizations,validation
quantization_generated__quantization_trial__d890fa095e44b653b3bd7e43,1,locked-dedup-cluster-1d1bea482f900a9bc2d26310,revision_v1_nonce_96_bit_hex_037,detector_pair__994bff52065e07698a1290dc,qwen2_5_7b_instruct_q4_k_m,nonseg_ascii_b16,nonce_96_bit_hex,narrative_small_discovery,ascii_b16,not_applicable,Q4_K_M,model_backed_quantization,0.9959478222885735,surprisal,quantization,pooled_quantizations,validation
quantization_generated__quantization_trial__d8dee2b4f44d2850ef50422e,0,locked-dedup-cluster-982d753609ba3daf81c7d866,revision_v1_sha256_hex_046,detector_pair__169431427a64537810f18f59,qwen2_5_7b_instruct_q8_0,nonseg_ascii_b16,sha256_hex,explain_biological_process,ascii_b16,not_applicable,Q8_0,model_backed_quantization,0.0061217379538419875,surprisal,quantization,pooled_quantizations,validation
quantization_generated__quantization_trial__d926bd0832e2abc0648089b8,1,locked-dedup-cluster-ec7757362682f43221c8e6e9,revision_v1_hmac_sha256_hex_047,detector_pair__523cf1bb380cac86a3ec17b5,qwen2_5_7b_instruct_q8_0,nonseg_ascii_b8,hmac_sha256_hex,professional_project_update,ascii_b8,not_applicable,Q8_0,model_backed_quantization,0.9844706655563634,surprisal,quantization,pooled_quantizations,validation
quantization_generated__quantization_trial__d993c8f1cbdee1434e4c0350,1,locked-dedup-cluster-6b084f6dbf9a47a93f82df24,revision_v1_aes256_gcm_base64_037,detector_pair__9eaea88ca9078d8f57b3ad7b,qwen2_5_7b_instruct_q4_k_m,nonseg_ascii_b16,aes256_gcm_base64,professional_project_update,ascii_b16,not_applicable,Q4_K_M,model_backed_quantization,0.9883588791031456,surprisal,quantization,pooled_quantizations,validation
quantization_generated__quantization_trial__d9d07b8bb48e29b9803a0896,1,locked-dedup-cluster-d079eecad7476b4230a994ea,revision_v1_uuid_v4_036,detector_pair__57e1f0de4132f3a7015193f0,qwen2_5_7b_instruct_q4_k_m,nonseg_ascii_b16,uuid_v4,explain_biological_process,ascii_b16,not_applicable,Q4_K_M,model_backed_quantization,0.9983426376338584,surprisal,quantization,pooled_quantizations,validation
quantization_generated__quantization_trial__d9ef8cdafb90d8572ff51ed7,1,locked-dedup-cluster-7e1000ec149766aba547a02b,revision_v1_aes256_gcm_base64_040,detector_pair__fde02a565b33cee874c33b17,qwen2_5_7b_instruct_q4_k_m,nonseg_ascii_b16,aes256_gcm_base64,narrative_small_discovery,ascii_b16,not_applicable,Q4_K_M,model_backed_quantization,0.9922141416226564,surprisal,quantization,pooled_quantizations,validation
quantization_generated__quantization_trial__db05a12809552ca6209867ab,0,locked-dedup-cluster-0de80089e8762fad04cb9524,revision_v1_ed25519_signature_base64_046,detector_pair__9c16ff81cbda0b4604660889,qwen2_5_7b_instruct_q8_0,nonseg_ascii_b16,ed25519_signature_base64,casual_weekend_chat,ascii_b16,not_applicable,Q8_0,model_backed_quantization,0.012669054319703816,surprisal,quantization,pooled_quantizations,validation
quantization_generated__quantization_trial__db505533a12f48de272eb5b8,1,locked-dedup-cluster-6b084f6dbf9a47a93f82df24,revision_v1_aes256_gcm_base64_037,detector_pair__9eaea88ca9078d8f57b3ad7b,qwen2_5_7b_instruct_q8_0,nonseg_ascii_b16,aes256_gcm_base64,professional_project_update,ascii_b16,not_applicable,Q8_0,model_backed_quantization,0.9913263062522244,surprisal,quantization,pooled_quantizations,validation
quantization_generated__quantization_trial__db576c8ba9d960823142490f,1,locked-dedup-cluster-f5e65f43009f3df06299368a,revision_v1_sha256_hex_039,detector_pair__49c8b481e89f940b835eb2c5,qwen2_5_7b_instruct_q4_k_m,nonseg_ascii_b16,sha256_hex,narrative_local_walk,ascii_b16,not_applicable,Q4_K_M,model_backed_quantization,0.9726368002149007,surprisal,quantization,pooled_quantizations,validation
quantization_generated__quantization_trial__db958f5a83240b1e015489f2,0,locked-dedup-cluster-f0d236f7a4fc9a5f94444217,revision_v1_aes256_gcm_base64_038,detector_pair__e00ff0eb744c623cd19a5cd2,qwen2_5_7b_instruct_q4_k_m,nonseg_ascii_b16,aes256_gcm_base64,forum_practical_answer,ascii_b16,not_applicable,Q4_K_M,model_backed_quantization,0.014315859382573968,surprisal,quantization,pooled_quantizations,validation
quantization_generated__quantization_trial__dba2061780bb9f2c64d53724,0,locked-dedup-cluster-e1f89602cec0d549198e89c6,revision_v1_chacha20_poly1305_base64_046,detector_pair__f53982ddd1c73f8c5572cfdf,qwen2_5_7b_instruct_q4_k_m,nonseg_ascii_b16,chacha20_poly1305_base64,explain_biological_process,ascii_b16,not_applicable,Q4_K_M,model_backed_quantization,0.005318413452977363,surprisal,quantization,pooled_quantizations,validation
quantization_generated__quantization_trial__dbe2cdaaf081d7d4dcf34289,1,locked-dedup-cluster-17076ff9269019d74c924b01,revision_v1_nonce_96_bit_hex_047,detector_pair__5c5115d521fe6f52c404ffe7,qwen2_5_7b_instruct_q8_0,nonseg_ascii_b8,nonce_96_bit_hex,forum_purchase_advice,ascii_b8,not_applicable,Q8_0,model_backed_quantization,0.9409568910731412,surprisal,quantization,pooled_quantizations,validation
quantization_generated__quantization_trial__dbff78bff64f954552e3d918,1,locked-dedup-cluster-518372beb501e1afe511974a,revision_v1_ed25519_signature_base64_044,detector_pair__5e0b653e1324ec96440b171e,qwen2_5_7b_instruct_q8_0,nonseg_ascii_b8,ed25519_signature_base64,narrative_small_discovery,ascii_b8,not_applicable,Q8_0,model_backed_quantization,0.9726378465943457,surprisal,quantization,pooled_quantizations,validation
quantization_generated__quantization_trial__dc4921641bbf5b168a9c5707,1,locked-dedup-cluster-2232191bb0f9ade93aac1023,revision_v1_nonce_96_bit_hex_046,detector_pair__080f7ebbc256d7eac47da67e,qwen2_5_7b_instruct_q8_0,nonseg_ascii_b16,nonce_96_bit_hex,professional_schedule_note,ascii_b16,not_applicable,Q8_0,model_backed_quantization,0.9999925042974955,surprisal,quantization,pooled_quantizations,validation
quantization_generated__quantization_trial__dc4f67c1f4778f4777109513,0,locked-dedup-cluster-64e6b1587450c6fccb5d88c5,revision_v1_ed25519_signature_base64_040,detector_pair__60b362174c7baebe85b7e16c,qwen2_5_7b_instruct_q4_k_m,nonseg_ascii_b8,ed25519_signature_base64,casual_neighborhood_chat,ascii_b8,not_applicable,Q4_K_M,model_backed_quantization,0.027145322236643846,surprisal,quantization,pooled_quantizations,validation
quantization_generated__quantization_trial__dd1063f7a5b141e803358c5b,0,locked-dedup-cluster-f06bf1b2872f90ff6209fecd,revision_v1_uuid_v4_044,detector_pair__81eb9459126f46ff8ef67312,qwen2_5_7b_instruct_q8_0,nonseg_ascii_b8,uuid_v4,professional_project_update,ascii_b8,not_applicable,Q8_0,model_backed_quantization,0.016434136949036008,surprisal,quantization,pooled_quantizations,validation
quantization_generated__quantization_trial__dd30e3d520a8f2a802639358,0,locked-dedup-cluster-058fda41f3207b53b75ba98b,revision_v1_nonce_96_bit_hex_036,detector_pair__e742a2fbcc467ff2b112825e,qwen2_5_7b_instruct_q8_0,nonseg_ascii_b16,nonce_96_bit_hex,procedure_simple_meal,ascii_b16,not_applicable,Q8_0,model_backed_quantization,0.018438676870565066,surprisal,quantization,pooled_quantizations,validation
quantization_generated__quantization_trial__dd3b74e0f950f05db8e781ef,0,locked-dedup-cluster-dd1fe22faa326c7d9a397feb,revision_v1_hmac_sha256_hex_038,detector_pair__126fa0d7adb0909e2f4f2377,qwen2_5_7b_instruct_q8_0,nonseg_ascii_b8,hmac_sha256_hex,narrative_learning_moment,ascii_b8,not_applicable,Q8_0,model_backed_quantization,0.020393872746668262,surprisal,quantization,pooled_quantizations,validation
quantization_generated__quantization_trial__deb925878efe6469f4f28072,1,locked-dedup-cluster-fb664cb695fde518915aab25,revision_v1_hmac_sha256_hex_042,detector_pair__5a2edfa59f18abeec0d9a243,qwen2_5_7b_instruct_q8_0,nonseg_ascii_b8,hmac_sha256_hex,forum_practical_answer,ascii_b8,not_applicable,Q8_0,model_backed_quantization,0.9750362499234403,surprisal,quantization,pooled_quantizations,validation
quantization_generated__quantization_trial__dec6d7d70befc2c2c7730a71,1,locked-dedup-cluster-bb3426430524b7a3d5783048,revision_v1_token_128_bit_hex_046,detector_pair__2da3ed3af7d1c01b617174eb,qwen2_5_7b_instruct_q8_0,nonseg_ascii_b16,token_128_bit_hex,forum_learning_answer,ascii_b16,not_applicable,Q8_0,model_backed_quantization,0.9984487159685167,surprisal,quantization,pooled_quantizations,validation
quantization_generated__quantization_trial__df4fd6548551da7321aa3d43,0,locked-dedup-cluster-6e873b678160da9a608f2b93,revision_v1_sha256_hex_040,detector_pair__c6e9324f3e04594d78942f18,qwen2_5_7b_instruct_q8_0,nonseg_ascii_b8,sha256_hex,explain_everyday_system,ascii_b8,not_applicable,Q8_0,model_backed_quantization,0.008879634539633698,surprisal,quantization,pooled_quantizations,validation
quantization_generated__quantization_trial__df6d01c52b013bc21359703a,1,locked-dedup-cluster-21c1f1723b6238ac14216880,revision_v1_uuid_v4_042,detector_pair__7b1cd61aab49406547673d3c,qwen2_5_7b_instruct_q4_k_m,nonseg_ascii_b16,uuid_v4,explain_weather_pattern,ascii_b16,not_applicable,Q4_K_M,model_backed_quantization,0.980114289021191,surprisal,quantization,pooled_quantizations,validation
quantization_generated__quantization_trial__dfb9e0e7424a115429f7f255,0,locked-dedup-cluster-bb3426430524b7a3d5783048,revision_v1_token_128_bit_hex_046,detector_pair__2da3ed3af7d1c01b617174eb,qwen2_5_7b_instruct_q8_0,nonseg_ascii_b16,token_128_bit_hex,forum_learning_answer,ascii_b16,not_applicable,Q8_0,model_backed_quantization,0.012325723148757926,surprisal,quantization,pooled_quantizations,validation
quantization_generated__quantization_trial__e02c4e1fc5992dc946891b99,0,locked-dedup-cluster-58b9073d1fd85a24e498b5bf,revision_v1_sha256_hex_038,detector_pair__43886cdc0f21e92425effff5,qwen2_5_7b_instruct_q8_0,nonseg_ascii_b16,sha256_hex,procedure_home_task,ascii_b16,not_applicable,Q8_0,model_backed_quantization,0.010043217243087932,surprisal,quantization,pooled_quantizations,validation
quantization_generated__quantization_trial__e0996229813fa9e206a35846,1,locked-dedup-cluster-43af11f5d2e1ab75fc7f8cd0,revision_v1_uuid_v4_037,detector_pair__9c46751473b1e98d1013c596,qwen2_5_7b_instruct_q8_0,nonseg_ascii_b8,uuid_v4,casual_neighborhood_chat,ascii_b8,not_applicable,Q8_0,model_backed_quantization,0.9603643682154516,surprisal,quantization,pooled_quantizations,validation
quantization_generated__quantization_trial__e101c44ae6b94fcb75589f51,0,locked-dedup-cluster-9309c13a3cd92781ed630582,revision_v1_token_128_bit_hex_040,detector_pair__eeaa3eaae76f4fcee87e0e40,qwen2_5_7b_instruct_q4_k_m,nonseg_ascii_b8,token_128_bit_hex,forum_purchase_advice,ascii_b8,not_applicable,Q4_K_M,model_backed_quantization,0.01563065105247757,surprisal,quantization,pooled_quantizations,validation
quantization_generated__quantization_trial__e18bab87bb1545356323588c,0,locked-dedup-cluster-6011fbb5ee1115e93ddfe3e1,revision_v1_chacha20_poly1305_base64_047,detector_pair__ca049b24753671de8555d295,qwen2_5_7b_instruct_q8_0,nonseg_ascii_b8,chacha20_poly1305_base64,casual_neighborhood_chat,ascii_b8,not_applicable,Q8_0,model_backed_quantization,0.014720901521787243,surprisal,quantization,pooled_quantizations,validation
quantization_generated__quantization_trial__e18e17cdaebd52542926faef,0,locked-dedup-cluster-0de80089e8762fad04cb9524,revision_v1_ed25519_signature_base64_046,detector_pair__3d736a598410b48ebb92cb2b,qwen2_5_7b_instruct_q4_k_m,nonseg_ascii_b8,ed25519_signature_base64,casual_weekend_chat,ascii_b8,not_applicable,Q4_K_M,model_backed_quantization,0.014985832627391163,surprisal,quantization,pooled_quantizations,validation
quantization_generated__quantization_trial__e233f244165ac381a90ba3e3,1,locked-dedup-cluster-f9b2db30c1f7b1665ad6f593,revision_v1_hmac_sha256_hex_045,detector_pair__d61422b4ec535fd73c6aee41,qwen2_5_7b_instruct_q4_k_m,nonseg_ascii_b8,hmac_sha256_hex,explain_weather_pattern,ascii_b8,not_applicable,Q4_K_M,model_backed_quantization,0.9275120788967695,surprisal,quantization,pooled_quantizations,validation
quantization_generated__quantization_trial__e24e347a7915027c126cae54,0,locked-dedup-cluster-cc1d79c541da66daf8e9d81d,revision_v1_chacha20_poly1305_base64_040,detector_pair__71b840c4bbf42a7fe2a2d0fd,qwen2_5_7b_instruct_q4_k_m,nonseg_ascii_b8,chacha20_poly1305_base64,explain_everyday_system,ascii_b8,not_applicable,Q4_K_M,model_backed_quantization,0.01246597608729962,surprisal,quantization,pooled_quantizations,validation
quantization_generated__quantization_trial__e3703d4c11b993fc4bd7734e,1,locked-dedup-cluster-dd1fe22faa326c7d9a397feb,revision_v1_hmac_sha256_hex_038,detector_pair__98b75b8bcc52cb5f06878808,qwen2_5_7b_instruct_q8_0,nonseg_ascii_b16,hmac_sha256_hex,narrative_learning_moment,ascii_b16,not_applicable,Q8_0,model_backed_quantization,0.9851425073872921,surprisal,quantization,pooled_quantizations,validation
quantization_generated__quantization_trial__e3ad5d06a59f2968074972f4,0,locked-dedup-cluster-3153c3799d1bf60fd0f41b4a,revision_v1_uuid_v4_046,detector_pair__3fbb4289b49148c301d7cd57,qwen2_5_7b_instruct_q4_k_m,nonseg_ascii_b8,uuid_v4,procedure_simple_meal,ascii_b8,not_applicable,Q4_K_M,model_backed_quantization,0.0070037713089199675,surprisal,quantization,pooled_quantizations,validation
quantization_generated__quantization_trial__e41881ec0bfaebcc8401f2ad,0,locked-dedup-cluster-237faafa65b49354f2811074,revision_v1_chacha20_poly1305_base64_042,detector_pair__7ee17f208b6c9e8fd1542a6c,qwen2_5_7b_instruct_q4_k_m,nonseg_ascii_b8,chacha20_poly1305_base64,professional_process_email,ascii_b8,not_applicable,Q4_K_M,model_backed_quantization,0.008190152362669957,surprisal,quantization,pooled_quantizations,validation
quantization_generated__quantization_trial__e4ab5f89b02623eacfba1a84,1,locked-dedup-cluster-7b246cd70d98090e5c3adbcc,revision_v1_sha256_hex_047,detector_pair__cb2be7e5f5e9225624e69e83,qwen2_5_7b_instruct_q4_k_m,nonseg_ascii_b8,sha256_hex,casual_neighborhood_chat,ascii_b8,not_applicable,Q4_K_M,model_backed_quantization,0.9148390150585243,surprisal,quantization,pooled_quantizations,validation
quantization_generated__quantization_trial__e4defc078e4c280421f5c733,1,locked-dedup-cluster-f6fc3479f88b17e2282c2e2e,revision_v1_token_128_bit_hex_043,detector_pair__b5c0b8efb0beda434f885f5d,qwen2_5_7b_instruct_q8_0,nonseg_ascii_b8,token_128_bit_hex,explain_biological_process,ascii_b8,not_applicable,Q8_0,model_backed_quantization,0.9730087964757961,surprisal,quantization,pooled_quantizations,validation
quantization_generated__quantization_trial__e4eb0500c916fd82f837976c,0,locked-dedup-cluster-09ed2aa6b13db6df0ab6756d,revision_v1_ed25519_signature_base64_042,detector_pair__ebf8c4ae17f183e147925be1,qwen2_5_7b_instruct_q4_k_m,nonseg_ascii_b16,ed25519_signature_base64,forum_practical_answer,ascii_b16,not_applicable,Q4_K_M,model_backed_quantization,0.010386606917329452,surprisal,quantization,pooled_quantizations,validation
quantization_generated__quantization_trial__e513cdc79753bafc345136ba,0,locked-dedup-cluster-1b00f31aa1e45ecbdc304bed,revision_v1_uuid_v4_039,detector_pair__8c662e3d1bebdf178ffddb66,qwen2_5_7b_instruct_q4_k_m,nonseg_ascii_b16,uuid_v4,forum_learning_answer,ascii_b16,not_applicable,Q4_K_M,model_backed_quantization,0.0055114028512802254,surprisal,quantization,pooled_quantizations,validation
quantization_generated__quantization_trial__e5337cf07168b1d7bd45a950,1,locked-dedup-cluster-f0d236f7a4fc9a5f94444217,revision_v1_aes256_gcm_base64_038,detector_pair__e00ff0eb744c623cd19a5cd2,qwen2_5_7b_instruct_q8_0,nonseg_ascii_b16,aes256_gcm_base64,forum_practical_answer,ascii_b16,not_applicable,Q8_0,model_backed_quantization,0.9990627438646718,surprisal,quantization,pooled_quantizations,validation
quantization_generated__quantization_trial__e56ea9855e18f53814bde201,0,locked-dedup-cluster-7aae3a6d1c11ecb6700a986d,revision_v1_sha256_hex_036,detector_pair__7eeac9c04be59ddb5990172d,qwen2_5_7b_instruct_q8_0,nonseg_ascii_b8,sha256_hex,professional_schedule_note,ascii_b8,not_applicable,Q8_0,model_backed_quantization,0.00742586539757667,surprisal,quantization,pooled_quantizations,validation
quantization_generated__quantization_trial__e5cb51be3005acb69bd7cdf2,0,locked-dedup-cluster-7bbf6d003292b99a731441ed,revision_v1_token_128_bit_hex_041,detector_pair__0e98128bc4e9cda4669cb5b9,qwen2_5_7b_instruct_q4_k_m,nonseg_ascii_b16,token_128_bit_hex,procedure_home_task,ascii_b16,not_applicable,Q4_K_M,model_backed_quantization,0.007614157603501291,surprisal,quantization,pooled_quantizations,validation
quantization_generated__quantization_trial__e62b9d6913484d88d9c04902,0,locked-dedup-cluster-b28668fec7b4b4cd80580ba8,revision_v1_aes256_gcm_base64_046,detector_pair__3eaec9e2ea5e020a12cfd9d6,qwen2_5_7b_instruct_q8_0,nonseg_ascii_b16,aes256_gcm_base64,narrative_local_walk,ascii_b16,not_applicable,Q8_0,model_backed_quantization,0.015243663129058473,surprisal,quantization,pooled_quantizations,validation
quantization_generated__quantization_trial__e69c29cb24393f536f5bd869,1,locked-dedup-cluster-bced2ec523557c720d4ecf66,revision_v1_token_128_bit_hex_036,detector_pair__80c38946e35c125fcf1ee750,qwen2_5_7b_instruct_q4_k_m,nonseg_ascii_b16,token_128_bit_hex,narrative_local_walk,ascii_b16,not_applicable,Q4_K_M,model_backed_quantization,0.9936963720061752,surprisal,quantization,pooled_quantizations,validation
quantization_generated__quantization_trial__e6e59d5d09979af38517b6ac,0,locked-dedup-cluster-6b084f6dbf9a47a93f82df24,revision_v1_aes256_gcm_base64_037,detector_pair__769b5a40f425c7cf5f41b086,qwen2_5_7b_instruct_q4_k_m,nonseg_ascii_b8,aes256_gcm_base64,professional_project_update,ascii_b8,not_applicable,Q4_K_M,model_backed_quantization,0.013356211301017556,surprisal,quantization,pooled_quantizations,validation
quantization_generated__quantization_trial__e70044aa7a68c41888b9ae2b,0,locked-dedup-cluster-74698d9f725d61b98986f3c9,revision_v1_token_128_bit_hex_045,detector_pair__15c952ca2d47ca8b0b6c9b07,qwen2_5_7b_instruct_q4_k_m,nonseg_ascii_b8,token_128_bit_hex,professional_process_email,ascii_b8,not_applicable,Q4_K_M,model_backed_quantization,0.00768560413014755,surprisal,quantization,pooled_quantizations,validation
quantization_generated__quantization_trial__e746528ddd098d9c3e71bcb2,1,locked-dedup-cluster-f5e65f43009f3df06299368a,revision_v1_sha256_hex_039,detector_pair__553327685d1df5fa151571bd,qwen2_5_7b_instruct_q4_k_m,nonseg_ascii_b8,sha256_hex,narrative_local_walk,ascii_b8,not_applicable,Q4_K_M,model_backed_quantization,0.8637437671508474,surprisal,quantization,pooled_quantizations,validation
quantization_generated__quantization_trial__e7cf31314b5916735b16b46e,0,locked-dedup-cluster-e2a416f537dd798868e8fcd5,revision_v1_uuid_v4_041,detector_pair__7dd58f07d4395d1ac187c4d3,qwen2_5_7b_instruct_q4_k_m,nonseg_ascii_b8,uuid_v4,narrative_learning_moment,ascii_b8,not_applicable,Q4_K_M,model_backed_quantization,0.016873484254689403,surprisal,quantization,pooled_quantizations,validation
quantization_generated__quantization_trial__e7f7da73aea4f581d1d75a5c,1,locked-dedup-cluster-f1992b5888233b29fd862f23,revision_v1_nonce_96_bit_hex_043,detector_pair__043fa22548cf95884d548a5f,qwen2_5_7b_instruct_q8_0,nonseg_ascii_b8,nonce_96_bit_hex,narrative_local_walk,ascii_b8,not_applicable,Q8_0,model_backed_quantization,0.9747344409551064,surprisal,quantization,pooled_quantizations,validation
quantization_generated__quantization_trial__e87e36e4325a4aff6863d511,0,locked-dedup-cluster-0a8b6ea76ea0423642f3bdd9,revision_v1_chacha20_poly1305_base64_037,detector_pair__fd4b214de1890a7a4a5ba380,qwen2_5_7b_instruct_q4_k_m,nonseg_ascii_b8,chacha20_poly1305_base64,forum_purchase_advice,ascii_b8,not_applicable,Q4_K_M,model_backed_quantization,0.010533999051243373,surprisal,quantization,pooled_quantizations,validation
quantization_generated__quantization_trial__e8f8bc59e82cf63571a8fd58,1,locked-dedup-cluster-6011fbb5ee1115e93ddfe3e1,revision_v1_chacha20_poly1305_base64_047,detector_pair__ca049b24753671de8555d295,qwen2_5_7b_instruct_q8_0,nonseg_ascii_b8,chacha20_poly1305_base64,casual_neighborhood_chat,ascii_b8,not_applicable,Q8_0,model_backed_quantization,0.9575042610071308,surprisal,quantization,pooled_quantizations,validation
quantization_generated__quantization_trial__e91563fd1d6c7fdee61f04c2,1,locked-dedup-cluster-6ce30f9a3e80626084969f2a,revision_v1_ed25519_signature_base64_043,detector_pair__bcd6a42da1f3786bfd6467d4,qwen2_5_7b_instruct_q4_k_m,nonseg_ascii_b8,ed25519_signature_base64,procedure_simple_meal,ascii_b8,not_applicable,Q4_K_M,model_backed_quantization,0.9735914876408138,surprisal,quantization,pooled_quantizations,validation
quantization_generated__quantization_trial__e948afe14d1204063e02fa96,1,locked-dedup-cluster-982d753609ba3daf81c7d866,revision_v1_sha256_hex_046,detector_pair__196dde4f8fb11425cd4d6d8a,qwen2_5_7b_instruct_q4_k_m,nonseg_ascii_b8,sha256_hex,explain_biological_process,ascii_b8,not_applicable,Q4_K_M,model_backed_quantization,0.9217335749752682,surprisal,quantization,pooled_quantizations,validation
quantization_generated__quantization_trial__e955289153b1d451097e26c3,0,locked-dedup-cluster-6ce30f9a3e80626084969f2a,revision_v1_ed25519_signature_base64_043,detector_pair__bcd6a42da1f3786bfd6467d4,qwen2_5_7b_instruct_q4_k_m,nonseg_ascii_b8,ed25519_signature_base64,procedure_simple_meal,ascii_b8,not_applicable,Q4_K_M,model_backed_quantization,0.009505903148326451,surprisal,quantization,pooled_quantizations,validation
quantization_generated__quantization_trial__ea1680e16c9cef45c0e42ef3,1,locked-dedup-cluster-7bbf6d003292b99a731441ed,revision_v1_token_128_bit_hex_041,detector_pair__76cce0d78b1eb60c46fdc542,qwen2_5_7b_instruct_q4_k_m,nonseg_ascii_b8,token_128_bit_hex,procedure_home_task,ascii_b8,not_applicable,Q4_K_M,model_backed_quantization,0.9879371786290514,surprisal,quantization,pooled_quantizations,validation
quantization_generated__quantization_trial__eb5c6f053121b3255d3bfad8,1,locked-dedup-cluster-d079eecad7476b4230a994ea,revision_v1_uuid_v4_036,detector_pair__01d8f7299c15d0ed4666388d,qwen2_5_7b_instruct_q8_0,nonseg_ascii_b8,uuid_v4,explain_biological_process,ascii_b8,not_applicable,Q8_0,model_backed_quantization,0.983861478202817,surprisal,quantization,pooled_quantizations,validation
quantization_generated__quantization_trial__eb937af7a6637e455c22865f,0,locked-dedup-cluster-f63fdbc0a0898161cb79cb32,revision_v1_aes256_gcm_base64_036,detector_pair__bbaf6ceb196212459ecdcfbc,qwen2_5_7b_instruct_q8_0,nonseg_ascii_b16,aes256_gcm_base64,casual_weekend_chat,ascii_b16,not_applicable,Q8_0,model_backed_quantization,0.014730430756521432,surprisal,quantization,pooled_quantizations,validation
quantization_generated__quantization_trial__ec65ae9ef42504a4ebab2f16,1,locked-dedup-cluster-4817ec6f6efc6d01ff08b87a,revision_v1_uuid_v4_045,detector_pair__b38f5c380733b619f12233ed,qwen2_5_7b_instruct_q8_0,nonseg_ascii_b16,uuid_v4,forum_practical_answer,ascii_b16,not_applicable,Q8_0,model_backed_quantization,0.9945520435642293,surprisal,quantization,pooled_quantizations,validation
quantization_generated__quantization_trial__ed0caad99c5bd74531900e61,0,locked-dedup-cluster-0a53df1782d32b924a429e87,revision_v1_uuid_v4_040,detector_pair__09f560b87d8c223c987c500d,qwen2_5_7b_instruct_q8_0,nonseg_ascii_b8,uuid_v4,procedure_garden_task,ascii_b8,not_applicable,Q8_0,model_backed_quantization,0.012662751572156237,surprisal,quantization,pooled_quantizations,validation
quantization_generated__quantization_trial__ee9ed923ff7bde1969a8e3c7,0,locked-dedup-cluster-f9b2db30c1f7b1665ad6f593,revision_v1_hmac_sha256_hex_045,detector_pair__d61422b4ec535fd73c6aee41,qwen2_5_7b_instruct_q4_k_m,nonseg_ascii_b8,hmac_sha256_hex,explain_weather_pattern,ascii_b8,not_applicable,Q4_K_M,model_backed_quantization,0.009648895911122994,surprisal,quantization,pooled_quantizations,validation
quantization_generated__quantization_trial__eebf9e79de804a5c4f66c07c,0,locked-dedup-cluster-480569e564e6de62c0580300,revision_v1_nonce_96_bit_hex_039,detector_pair__5594ee7b233f443aa226bf88,qwen2_5_7b_instruct_q4_k_m,nonseg_ascii_b16,nonce_96_bit_hex,casual_weekend_chat,ascii_b16,not_applicable,Q4_K_M,model_backed_quantization,0.012844469663547305,surprisal,quantization,pooled_quantizations,validation
quantization_generated__quantization_trial__ef322f41979decb4da030ca8,1,locked-dedup-cluster-c1384975805483ef72db522a,revision_v1_uuid_v4_047,detector_pair__459ccf43f017161a614d8780,qwen2_5_7b_instruct_q8_0,nonseg_ascii_b16,uuid_v4,narrative_small_discovery,ascii_b16,not_applicable,Q8_0,model_backed_quantization,0.9969219469228767,surprisal,quantization,pooled_quantizations,validation
quantization_generated__quantization_trial__ef5930d51d941bfefb98efee,1,locked-dedup-cluster-2447f2f757732f18a1468db2,revision_v1_aes256_gcm_base64_044,detector_pair__4a5ec7f3c0baf8a8c4fff387,qwen2_5_7b_instruct_q8_0,nonseg_ascii_b16,aes256_gcm_base64,forum_purchase_advice,ascii_b16,not_applicable,Q8_0,model_backed_quantization,0.9871125236307796,surprisal,quantization,pooled_quantizations,validation
quantization_generated__quantization_trial__efff25ec3745b6285fde2ade,0,locked-dedup-cluster-bc077faa1a8a103220224e85,revision_v1_chacha20_poly1305_base64_036,detector_pair__ee27dba13fd526da0ce7542d,qwen2_5_7b_instruct_q8_0,nonseg_ascii_b16,chacha20_poly1305_base64,professional_schedule_note,ascii_b16,not_applicable,Q8_0,model_backed_quantization,0.006197978358218477,surprisal,quantization,pooled_quantizations,validation
quantization_generated__quantization_trial__f00937ad3736e21febbb24ad,0,locked-dedup-cluster-0a53df1782d32b924a429e87,revision_v1_uuid_v4_040,detector_pair__09f560b87d8c223c987c500d,qwen2_5_7b_instruct_q4_k_m,nonseg_ascii_b8,uuid_v4,procedure_garden_task,ascii_b8,not_applicable,Q4_K_M,model_backed_quantization,0.007275264166163666,surprisal,quantization,pooled_quantizations,validation
quantization_generated__quantization_trial__f01df83f12caf73ee3dee96c,1,locked-dedup-cluster-ae9ee8b26103dc75c9112dfb,revision_v1_ed25519_signature_base64_047,detector_pair__0d955c8074c3222cb77d7892,qwen2_5_7b_instruct_q4_k_m,nonseg_ascii_b8,ed25519_signature_base64,professional_project_update,ascii_b8,not_applicable,Q4_K_M,model_backed_quantization,0.9718122914228867,surprisal,quantization,pooled_quantizations,validation
quantization_generated__quantization_trial__f05507b3fbcdfce970a3ff43,1,locked-dedup-cluster-7bbf6d003292b99a731441ed,revision_v1_token_128_bit_hex_041,detector_pair__0e98128bc4e9cda4669cb5b9,qwen2_5_7b_instruct_q4_k_m,nonseg_ascii_b16,token_128_bit_hex,procedure_home_task,ascii_b16,not_applicable,Q4_K_M,model_backed_quantization,0.9985239595637949,surprisal,quantization,pooled_quantizations,validation
quantization_generated__quantization_trial__f0988269e54af7ccbd88d4f9,1,locked-dedup-cluster-2f91866a4152689c8a27b0ea,revision_v1_nonce_96_bit_hex_040,detector_pair__3f56575b6729bf0769e0b2fc,qwen2_5_7b_instruct_q4_k_m,nonseg_ascii_b16,nonce_96_bit_hex,professional_project_update,ascii_b16,not_applicable,Q4_K_M,model_backed_quantization,0.9971305233790816,surprisal,quantization,pooled_quantizations,validation
quantization_generated__quantization_trial__f0d5fcf1baefe510ee3c8a5f,1,locked-dedup-cluster-e2a416f537dd798868e8fcd5,revision_v1_uuid_v4_041,detector_pair__7dd58f07d4395d1ac187c4d3,qwen2_5_7b_instruct_q4_k_m,nonseg_ascii_b8,uuid_v4,narrative_learning_moment,ascii_b8,not_applicable,Q4_K_M,model_backed_quantization,0.9844775209670739,surprisal,quantization,pooled_quantizations,validation
quantization_generated__quantization_trial__f0dde7542394534c3a65417e,0,locked-dedup-cluster-4f6ab2ce0956867e1b0b1bad,revision_v1_hmac_sha256_hex_043,detector_pair__27fc3a69d1d8aa4fb9ba3a29,qwen2_5_7b_instruct_q8_0,nonseg_ascii_b16,hmac_sha256_hex,procedure_simple_meal,ascii_b16,not_applicable,Q8_0,model_backed_quantization,0.0050326014262416716,surprisal,quantization,pooled_quantizations,validation
quantization_generated__quantization_trial__f0df6484490b46927b8860ae,1,locked-dedup-cluster-804389a06ddc24189a12fcd5,revision_v1_chacha20_poly1305_base64_041,detector_pair__8fdcb111e75158018783c679,qwen2_5_7b_instruct_q8_0,nonseg_ascii_b16,chacha20_poly1305_base64,casual_hobby_chat,ascii_b16,not_applicable,Q8_0,model_backed_quantization,0.9986243211530522,surprisal,quantization,pooled_quantizations,validation
quantization_generated__quantization_trial__f1b1457c6f7540ed78ee7953,0,locked-dedup-cluster-23688669a27f472f3b4c7be0,revision_v1_uuid_v4_038,detector_pair__a3d0d337ab31803020fac3df,qwen2_5_7b_instruct_q8_0,nonseg_ascii_b16,uuid_v4,professional_process_email,ascii_b16,not_applicable,Q8_0,model_backed_quantization,0.010207156100725217,surprisal,quantization,pooled_quantizations,validation
quantization_generated__quantization_trial__f1beddad7e36dad4927e7c42,0,locked-dedup-cluster-82fec35853ec8d44cf04cce4,revision_v1_hmac_sha256_hex_044,detector_pair__c50a8602ff120030c89038db,qwen2_5_7b_instruct_q8_0,nonseg_ascii_b8,hmac_sha256_hex,narrative_small_discovery,ascii_b8,not_applicable,Q8_0,model_backed_quantization,0.057131372947662566,surprisal,quantization,pooled_quantizations,validation
quantization_generated__quantization_trial__f1eee9577360a8e78bcb9f3b,1,locked-dedup-cluster-6c21ad65fb4bd1a4c214a454,revision_v1_sha256_hex_037,detector_pair__fc067376fe841401c9c1c360,qwen2_5_7b_instruct_q4_k_m,nonseg_ascii_b16,sha256_hex,forum_purchase_advice,ascii_b16,not_applicable,Q4_K_M,model_backed_quantization,0.9890260667876926,surprisal,quantization,pooled_quantizations,validation
quantization_generated__quantization_trial__f291ab3841ba62597349e21a,1,locked-dedup-cluster-982d753609ba3daf81c7d866,revision_v1_sha256_hex_046,detector_pair__196dde4f8fb11425cd4d6d8a,qwen2_5_7b_instruct_q8_0,nonseg_ascii_b8,sha256_hex,explain_biological_process,ascii_b8,not_applicable,Q8_0,model_backed_quantization,0.9744071597729065,surprisal,quantization,pooled_quantizations,validation
quantization_generated__quantization_trial__f2a17279c2626b0e812d641d,1,locked-dedup-cluster-03d1f8caa28ff2627b36b98f,revision_v1_token_128_bit_hex_038,detector_pair__0ec75a775fae62476fb27a57,qwen2_5_7b_instruct_q8_0,nonseg_ascii_b8,token_128_bit_hex,casual_hobby_chat,ascii_b8,not_applicable,Q8_0,model_backed_quantization,0.9966097935791929,surprisal,quantization,pooled_quantizations,validation
quantization_generated__quantization_trial__f2bcc991c33e2a9943ea0cc6,0,locked-dedup-cluster-6f0f48f27da641507689ef86,revision_v1_token_128_bit_hex_044,detector_pair__0e708e2f148432ca502a7a5c,qwen2_5_7b_instruct_q4_k_m,nonseg_ascii_b16,token_128_bit_hex,casual_neighborhood_chat,ascii_b16,not_applicable,Q4_K_M,model_backed_quantization,0.013889312076660386,surprisal,quantization,pooled_quantizations,validation
quantization_generated__quantization_trial__f309293537f41761fa438e5c,1,locked-dedup-cluster-03b12c24b75fd163404d55e4,revision_v1_ed25519_signature_base64_037,detector_pair__b4368fb7392b3c119696d1d9,qwen2_5_7b_instruct_q8_0,nonseg_ascii_b8,ed25519_signature_base64,procedure_garden_task,ascii_b8,not_applicable,Q8_0,model_backed_quantization,0.9817344933539237,surprisal,quantization,pooled_quantizations,validation
quantization_generated__quantization_trial__f329d4a5947217e2b34a1281,0,locked-dedup-cluster-6e873b678160da9a608f2b93,revision_v1_sha256_hex_040,detector_pair__c6e9324f3e04594d78942f18,qwen2_5_7b_instruct_q4_k_m,nonseg_ascii_b8,sha256_hex,explain_everyday_system,ascii_b8,not_applicable,Q4_K_M,model_backed_quantization,0.012103708415829117,surprisal,quantization,pooled_quantizations,validation
quantization_generated__quantization_trial__f354ff712e310d4985ad3fa9,0,locked-dedup-cluster-03d1f8caa28ff2627b36b98f,revision_v1_token_128_bit_hex_038,detector_pair__0ec75a775fae62476fb27a57,qwen2_5_7b_instruct_q8_0,nonseg_ascii_b8,token_128_bit_hex,casual_hobby_chat,ascii_b8,not_applicable,Q8_0,model_backed_quantization,0.01222495202283398,surprisal,quantization,pooled_quantizations,validation
quantization_generated__quantization_trial__f35cf8638a53dc2d9bbd3c39,1,locked-dedup-cluster-0a8b6ea76ea0423642f3bdd9,revision_v1_chacha20_poly1305_base64_037,detector_pair__fd4b214de1890a7a4a5ba380,qwen2_5_7b_instruct_q8_0,nonseg_ascii_b8,chacha20_poly1305_base64,forum_purchase_advice,ascii_b8,not_applicable,Q8_0,model_backed_quantization,0.983462563423442,surprisal,quantization,pooled_quantizations,validation
quantization_generated__quantization_trial__f4821f892f39e30b7c5b6633,0,locked-dedup-cluster-f6fc3479f88b17e2282c2e2e,revision_v1_token_128_bit_hex_043,detector_pair__b5c0b8efb0beda434f885f5d,qwen2_5_7b_instruct_q4_k_m,nonseg_ascii_b8,token_128_bit_hex,explain_biological_process,ascii_b8,not_applicable,Q4_K_M,model_backed_quantization,0.006877698159981713,surprisal,quantization,pooled_quantizations,validation
quantization_generated__quantization_trial__f49ca7a17de5c489e4470f66,0,locked-dedup-cluster-00eccca339b70a566fc600ea,revision_v1_ed25519_signature_base64_041,detector_pair__fe074ed87922f104bf9d97eb,qwen2_5_7b_instruct_q4_k_m,nonseg_ascii_b16,ed25519_signature_base64,professional_process_email,ascii_b16,not_applicable,Q4_K_M,model_backed_quantization,0.008244524988017983,surprisal,quantization,pooled_quantizations,validation
quantization_generated__quantization_trial__f5072469ecb224ff021adcec,0,locked-dedup-cluster-e4a3d80046c9b83a56f2cc60,revision_v1_ed25519_signature_base64_038,detector_pair__40831a807b34fa795a04d8bd,qwen2_5_7b_instruct_q4_k_m,nonseg_ascii_b16,ed25519_signature_base64,narrative_learning_moment,ascii_b16,not_applicable,Q4_K_M,model_backed_quantization,0.03653075103717397,surprisal,quantization,pooled_quantizations,validation
quantization_generated__quantization_trial__f5b0d294e7a1e2d5a14be1fd,0,locked-dedup-cluster-2232191bb0f9ade93aac1023,revision_v1_nonce_96_bit_hex_046,detector_pair__2c33558bacce102e4018567f,qwen2_5_7b_instruct_q4_k_m,nonseg_ascii_b8,nonce_96_bit_hex,professional_schedule_note,ascii_b8,not_applicable,Q4_K_M,model_backed_quantization,0.006655270853293417,surprisal,quantization,pooled_quantizations,validation
quantization_generated__quantization_trial__f61c884d3f63f3c20b265275,1,locked-dedup-cluster-258822e2bc498a71b7653506,revision_v1_nonce_96_bit_hex_045,detector_pair__e687ed3b31f02791289103e1,qwen2_5_7b_instruct_q8_0,nonseg_ascii_b16,nonce_96_bit_hex,casual_hobby_chat,ascii_b16,not_applicable,Q8_0,model_backed_quantization,0.9941787819753927,surprisal,quantization,pooled_quantizations,validation
quantization_generated__quantization_trial__f66f7be8adca570c72da1780,1,locked-dedup-cluster-51612ff886a1985457334a6f,revision_v1_sha256_hex_045,detector_pair__cbce999c48837ed89a4b5173,qwen2_5_7b_instruct_q8_0,nonseg_ascii_b8,sha256_hex,narrative_learning_moment,ascii_b8,not_applicable,Q8_0,model_backed_quantization,0.9634255793314755,surprisal,quantization,pooled_quantizations,validation
quantization_generated__quantization_trial__f69f931904ab7be503273bc9,1,locked-dedup-cluster-21c1f1723b6238ac14216880,revision_v1_uuid_v4_042,detector_pair__279e942b09d6e6c37f231eea,qwen2_5_7b_instruct_q8_0,nonseg_ascii_b8,uuid_v4,explain_weather_pattern,ascii_b8,not_applicable,Q8_0,model_backed_quantization,0.9865408761813727,surprisal,quantization,pooled_quantizations,validation
quantization_generated__quantization_trial__f6cdf3e0c2b71a1f02f6b627,0,locked-dedup-cluster-ae9ee8b26103dc75c9112dfb,revision_v1_ed25519_signature_base64_047,detector_pair__d76661792c984b2d6dab1a0c,qwen2_5_7b_instruct_q8_0,nonseg_ascii_b16,ed25519_signature_base64,professional_project_update,ascii_b16,not_applicable,Q8_0,model_backed_quantization,0.010578582438817742,surprisal,quantization,pooled_quantizations,validation
quantization_generated__quantization_trial__f70675d8e7e21649304055e8,0,locked-dedup-cluster-17076ff9269019d74c924b01,revision_v1_nonce_96_bit_hex_047,detector_pair__5c5115d521fe6f52c404ffe7,qwen2_5_7b_instruct_q8_0,nonseg_ascii_b8,nonce_96_bit_hex,forum_purchase_advice,ascii_b8,not_applicable,Q8_0,model_backed_quantization,0.012684788940680097,surprisal,quantization,pooled_quantizations,validation
quantization_generated__quantization_trial__f72821f44171015ceacf566b,1,locked-dedup-cluster-258822e2bc498a71b7653506,revision_v1_nonce_96_bit_hex_045,detector_pair__e687ed3b31f02791289103e1,qwen2_5_7b_instruct_q4_k_m,nonseg_ascii_b16,nonce_96_bit_hex,casual_hobby_chat,ascii_b16,not_applicable,Q4_K_M,model_backed_quantization,0.9963888367754666,surprisal,quantization,pooled_quantizations,validation
quantization_generated__quantization_trial__f7575ba0a067d7ba11b14104,0,locked-dedup-cluster-0fb77ce4d96e18f21377e8de,revision_v1_token_128_bit_hex_039,detector_pair__bdd1af9b158b51340fc6989b,qwen2_5_7b_instruct_q4_k_m,nonseg_ascii_b16,token_128_bit_hex,professional_schedule_note,ascii_b16,not_applicable,Q4_K_M,model_backed_quantization,0.006629238462165358,surprisal,quantization,pooled_quantizations,validation
quantization_generated__quantization_trial__f7769e4c25268f19964320b4,0,locked-dedup-cluster-2cbabc692dc6ff8a977e3e4f,revision_v1_sha256_hex_043,detector_pair__0062425a9666b562ddc1f250,qwen2_5_7b_instruct_q8_0,nonseg_ascii_b8,sha256_hex,forum_learning_answer,ascii_b8,not_applicable,Q8_0,model_backed_quantization,0.014688421686543166,surprisal,quantization,pooled_quantizations,validation
quantization_generated__quantization_trial__f7903d641198d0b10e646b2b,0,locked-dedup-cluster-912ff88210394ef10071ff54,revision_v1_ed25519_signature_base64_039,detector_pair__d84e2ceb03e423ca4d02f370,qwen2_5_7b_instruct_q8_0,nonseg_ascii_b8,ed25519_signature_base64,explain_biological_process,ascii_b8,not_applicable,Q8_0,model_backed_quantization,0.009583219556059371,surprisal,quantization,pooled_quantizations,validation
quantization_generated__quantization_trial__f8013469e73507c0244a0f41,1,locked-dedup-cluster-e2a416f537dd798868e8fcd5,revision_v1_uuid_v4_041,detector_pair__96e20f24d168dc29fd6a38e3,qwen2_5_7b_instruct_q8_0,nonseg_ascii_b16,uuid_v4,narrative_learning_moment,ascii_b16,not_applicable,Q8_0,model_backed_quantization,0.9943172589924824,surprisal,quantization,pooled_quantizations,validation
quantization_generated__quantization_trial__f912714f264bcaf334816483,0,locked-dedup-cluster-c1384975805483ef72db522a,revision_v1_uuid_v4_047,detector_pair__459ccf43f017161a614d8780,qwen2_5_7b_instruct_q8_0,nonseg_ascii_b16,uuid_v4,narrative_small_discovery,ascii_b16,not_applicable,Q8_0,model_backed_quantization,0.01933071764180415,surprisal,quantization,pooled_quantizations,validation
quantization_generated__quantization_trial__f92d7f60362c24647b11b1b9,0,locked-dedup-cluster-03b12c24b75fd163404d55e4,revision_v1_ed25519_signature_base64_037,detector_pair__f1c469c8b8e3c2c2fc95dd99,qwen2_5_7b_instruct_q8_0,nonseg_ascii_b16,ed25519_signature_base64,procedure_garden_task,ascii_b16,not_applicable,Q8_0,model_backed_quantization,0.007635621662373814,surprisal,quantization,pooled_quantizations,validation
quantization_generated__quantization_trial__fa3d3edebc43b337fc6f752f,0,locked-dedup-cluster-72a697706958756a5d98abe5,revision_v1_aes256_gcm_base64_042,detector_pair__c7b863cc8df89d7e0780e50e,qwen2_5_7b_instruct_q4_k_m,nonseg_ascii_b16,aes256_gcm_base64,casual_hobby_chat,ascii_b16,not_applicable,Q4_K_M,model_backed_quantization,0.013786734697879962,surprisal,quantization,pooled_quantizations,validation
quantization_generated__quantization_trial__fa6fd8058088fa103ecf96e1,0,locked-dedup-cluster-21c1f1723b6238ac14216880,revision_v1_uuid_v4_042,detector_pair__279e942b09d6e6c37f231eea,qwen2_5_7b_instruct_q8_0,nonseg_ascii_b8,uuid_v4,explain_weather_pattern,ascii_b8,not_applicable,Q8_0,model_backed_quantization,0.009053985056873012,surprisal,quantization,pooled_quantizations,validation
quantization_generated__quantization_trial__fa86a085e2f0aefdeb379902,0,locked-dedup-cluster-b5f56388b36a396fa5403d36,revision_v1_aes256_gcm_base64_041,detector_pair__a074eb27a064cdfd87e18983,qwen2_5_7b_instruct_q8_0,nonseg_ascii_b8,aes256_gcm_base64,explain_weather_pattern,ascii_b8,not_applicable,Q8_0,model_backed_quantization,0.012041119048796638,surprisal,quantization,pooled_quantizations,validation
quantization_generated__quantization_trial__fa9a98bb71382e4eea1b56df,0,locked-dedup-cluster-2cbabc692dc6ff8a977e3e4f,revision_v1_sha256_hex_043,detector_pair__9e834c21c3e6aa613751396f,qwen2_5_7b_instruct_q4_k_m,nonseg_ascii_b16,sha256_hex,forum_learning_answer,ascii_b16,not_applicable,Q4_K_M,model_backed_quantization,0.011276938222851095,surprisal,quantization,pooled_quantizations,validation
quantization_generated__quantization_trial__fae90628e9bdfbdb13802fb6,1,locked-dedup-cluster-b5f56388b36a396fa5403d36,revision_v1_aes256_gcm_base64_041,detector_pair__a074eb27a064cdfd87e18983,qwen2_5_7b_instruct_q4_k_m,nonseg_ascii_b8,aes256_gcm_base64,explain_weather_pattern,ascii_b8,not_applicable,Q4_K_M,model_backed_quantization,0.9680851705650553,surprisal,quantization,pooled_quantizations,validation
quantization_generated__quantization_trial__fc00ea2f817e860d31c1a0a1,1,locked-dedup-cluster-51612ff886a1985457334a6f,revision_v1_sha256_hex_045,detector_pair__cbce999c48837ed89a4b5173,qwen2_5_7b_instruct_q4_k_m,nonseg_ascii_b8,sha256_hex,narrative_learning_moment,ascii_b8,not_applicable,Q4_K_M,model_backed_quantization,0.959757071794945,surprisal,quantization,pooled_quantizations,validation
quantization_generated__quantization_trial__fc02325d590a03bf31093042,1,locked-dedup-cluster-7bbf6d003292b99a731441ed,revision_v1_token_128_bit_hex_041,detector_pair__0e98128bc4e9cda4669cb5b9,qwen2_5_7b_instruct_q8_0,nonseg_ascii_b16,token_128_bit_hex,procedure_home_task,ascii_b16,not_applicable,Q8_0,model_backed_quantization,0.9981189916066618,surprisal,quantization,pooled_quantizations,validation
quantization_generated__quantization_trial__fc77bfc05acbb40b150e57a0,1,locked-dedup-cluster-e4b26eefab93fb49f672ce05,revision_v1_nonce_96_bit_hex_042,detector_pair__8e667457d49aecac30ec2d06,qwen2_5_7b_instruct_q8_0,nonseg_ascii_b8,nonce_96_bit_hex,procedure_home_task,ascii_b8,not_applicable,Q8_0,model_backed_quantization,0.9988944986982135,surprisal,quantization,pooled_quantizations,validation
quantization_generated__quantization_trial__fcb3c554cf1400c7ea4548c4,0,locked-dedup-cluster-d079eecad7476b4230a994ea,revision_v1_uuid_v4_036,detector_pair__57e1f0de4132f3a7015193f0,qwen2_5_7b_instruct_q8_0,nonseg_ascii_b16,uuid_v4,explain_biological_process,ascii_b16,not_applicable,Q8_0,model_backed_quantization,0.010153640704816402,surprisal,quantization,pooled_quantizations,validation
quantization_generated__quantization_trial__fcbb1d0af1b04f8529e41f2e,0,locked-dedup-cluster-804389a06ddc24189a12fcd5,revision_v1_chacha20_poly1305_base64_041,detector_pair__b3f37bfa9182689c98d2f056,qwen2_5_7b_instruct_q4_k_m,nonseg_ascii_b8,chacha20_poly1305_base64,casual_hobby_chat,ascii_b8,not_applicable,Q4_K_M,model_backed_quantization,0.012508747997548196,surprisal,quantization,pooled_quantizations,validation
quantization_generated__quantization_trial__fcdddec64458d0f7c6ac3236,0,locked-dedup-cluster-7aae3a6d1c11ecb6700a986d,revision_v1_sha256_hex_036,detector_pair__6c552ff2cf18fbe4710e630d,qwen2_5_7b_instruct_q8_0,nonseg_ascii_b16,sha256_hex,professional_schedule_note,ascii_b16,not_applicable,Q8_0,model_backed_quantization,0.00503847003162474,surprisal,quantization,pooled_quantizations,validation
quantization_generated__quantization_trial__fcff4926eb0201aabf99fd69,0,locked-dedup-cluster-db4aabf02590b0cf6f175c04,revision_v1_hmac_sha256_hex_039,detector_pair__1956cb96fcca268d792b7889,qwen2_5_7b_instruct_q8_0,nonseg_ascii_b8,hmac_sha256_hex,explain_biological_process,ascii_b8,not_applicable,Q8_0,model_backed_quantization,0.005615763956486767,surprisal,quantization,pooled_quantizations,validation
quantization_generated__quantization_trial__fd117ee076b12c678d2e65d0,0,locked-dedup-cluster-7e1000ec149766aba547a02b,revision_v1_aes256_gcm_base64_040,detector_pair__f02d8270ba2add8266093bf7,qwen2_5_7b_instruct_q8_0,nonseg_ascii_b8,aes256_gcm_base64,narrative_small_discovery,ascii_b8,not_applicable,Q8_0,model_backed_quantization,0.02216885955502798,surprisal,quantization,pooled_quantizations,validation
quantization_generated__quantization_trial__fddff88decaaf45097c08080,1,locked-dedup-cluster-64e6b1587450c6fccb5d88c5,revision_v1_ed25519_signature_base64_040,detector_pair__60b362174c7baebe85b7e16c,qwen2_5_7b_instruct_q4_k_m,nonseg_ascii_b8,ed25519_signature_base64,casual_neighborhood_chat,ascii_b8,not_applicable,Q4_K_M,model_backed_quantization,0.9896549126632133,surprisal,quantization,pooled_quantizations,validation
quantization_generated__quantization_trial__fe3c98a610997ff669623359,0,locked-dedup-cluster-6b084f6dbf9a47a93f82df24,revision_v1_aes256_gcm_base64_037,detector_pair__9eaea88ca9078d8f57b3ad7b,qwen2_5_7b_instruct_q8_0,nonseg_ascii_b16,aes256_gcm_base64,professional_project_update,ascii_b16,not_applicable,Q8_0,model_backed_quantization,0.01313776639991901,surprisal,quantization,pooled_quantizations,validation
quantization_generated__quantization_trial__fea4e4331ed965fc69d7d895,0,locked-dedup-cluster-edcd1c430a452932fe4672fd,revision_v1_hmac_sha256_hex_037,detector_pair__2ba558e7e0f183c5fc2d5214,qwen2_5_7b_instruct_q4_k_m,nonseg_ascii_b8,hmac_sha256_hex,procedure_garden_task,ascii_b8,not_applicable,Q4_K_M,model_backed_quantization,0.009466697556341577,surprisal,quantization,pooled_quantizations,validation
quantization_generated__quantization_trial__feb54def92559f64675c042e,1,locked-dedup-cluster-912ff88210394ef10071ff54,revision_v1_ed25519_signature_base64_039,detector_pair__ebbe8c9586af971b4bc27bd4,qwen2_5_7b_instruct_q4_k_m,nonseg_ascii_b16,ed25519_signature_base64,explain_biological_process,ascii_b16,not_applicable,Q4_K_M,model_backed_quantization,0.9952625505927615,surprisal,quantization,pooled_quantizations,validation
quantization_generated__quantization_trial__fec301d5d800ee2e9a86fbf6,1,locked-dedup-cluster-bc077faa1a8a103220224e85,revision_v1_chacha20_poly1305_base64_036,detector_pair__ee27dba13fd526da0ce7542d,qwen2_5_7b_instruct_q8_0,nonseg_ascii_b16,chacha20_poly1305_base64,professional_schedule_note,ascii_b16,not_applicable,Q8_0,model_backed_quantization,0.9955233810941573,surprisal,quantization,pooled_quantizations,validation
quantization_generated__quantization_trial__ff8116a1ff3f086791a3cad5,0,locked-dedup-cluster-4f00d14b32387145bb3f6085,revision_v1_sha256_hex_042,detector_pair__dd4e8eb7f76ae2e0d0d8db4f,qwen2_5_7b_instruct_q8_0,nonseg_ascii_b16,sha256_hex,professional_process_email,ascii_b16,not_applicable,Q8_0,model_backed_quantization,0.011094584605887912,surprisal,quantization,pooled_quantizations,validation
quantization_generated__quantization_trial__0015a3bf833eddda46c45970,0,locked-dedup-cluster-7c650d38321313478e14a048,revision_v1_nonce_96_bit_hex_054,detector_pair__0a5dcbaddd3ef55f4ea18fdb,qwen2_5_7b_instruct_q4_k_m,nonseg_ascii_b16,nonce_96_bit_hex,procedure_simple_meal,ascii_b16,not_applicable,Q4_K_M,model_backed_quantization,0.008936285809492914,surprisal,quantization,pooled_quantizations,test
quantization_generated__quantization_trial__00236aacb00c1a32f4250621,0,locked-dedup-cluster-e303bfe023e32c25389ebaf9,revision_v1_token_128_bit_hex_057,detector_pair__9892cf4401179f56b5cd9d8f,qwen2_5_7b_instruct_q4_k_m,nonseg_ascii_b8,token_128_bit_hex,professional_schedule_note,ascii_b8,not_applicable,Q4_K_M,model_backed_quantization,0.004701699495183909,surprisal,quantization,pooled_quantizations,test
quantization_generated__quantization_trial__00815d0062bd651862e85d25,0,locked-dedup-cluster-21724430ac9765521f1234e5,revision_v1_token_128_bit_hex_056,detector_pair__fdaf58ddc5e03e479c33ca0e,qwen2_5_7b_instruct_q8_0,nonseg_ascii_b16,token_128_bit_hex,casual_hobby_chat,ascii_b16,not_applicable,Q8_0,model_backed_quantization,0.007799523115617991,surprisal,quantization,pooled_quantizations,test
quantization_generated__quantization_trial__00bd9d996a2ca5bdf9fa2a65,1,locked-dedup-cluster-80d681973cacd2decbba4986,revision_v1_sha256_hex_052,detector_pair__22b6f287deb45facbdb99e3f,qwen2_5_7b_instruct_q8_0,nonseg_ascii_b16,sha256_hex,explain_weather_pattern,ascii_b16,not_applicable,Q8_0,model_backed_quantization,0.999683300751448,surprisal,quantization,pooled_quantizations,test
quantization_generated__quantization_trial__00da313af5bc30e27d675b49,1,locked-dedup-cluster-0383747dd5a5f8a5f4e4e52b,revision_v1_ed25519_signature_base64_048,detector_pair__c2135ed8a0eddbc0608ffbc8,qwen2_5_7b_instruct_q4_k_m,nonseg_ascii_b16,ed25519_signature_base64,forum_purchase_advice,ascii_b16,not_applicable,Q4_K_M,model_backed_quantization,0.9963399351657641,surprisal,quantization,pooled_quantizations,test
quantization_generated__quantization_trial__01949f71b1b762d88eb29e4e,1,locked-dedup-cluster-f9ad8da8cff8f544eb822985,revision_v1_uuid_v4_056,detector_pair__a27248dc26ca1edf145930d0,qwen2_5_7b_instruct_q4_k_m,nonseg_ascii_b8,uuid_v4,professional_process_email,ascii_b8,not_applicable,Q4_K_M,model_backed_quantization,0.9823997598907848,surprisal,quantization,pooled_quantizations,test
quantization_generated__quantization_trial__01a3645a01fa7adaeb863b1a,0,locked-dedup-cluster-a1f09603de61d42b17c60f90,revision_v1_nonce_96_bit_hex_058,detector_pair__39d4b162fc32842b35c77a69,qwen2_5_7b_instruct_q8_0,nonseg_ascii_b8,nonce_96_bit_hex,professional_project_update,ascii_b8,not_applicable,Q8_0,model_backed_quantization,0.019403747274027848,surprisal,quantization,pooled_quantizations,test
quantization_generated__quantization_trial__02c9be4f87a974769ca94a4f,0,locked-dedup-cluster-ff3c000e9d1174a8de74bd6f,revision_v1_ed25519_signature_base64_059,detector_pair__04813f5c16a3ce609c8daf4b,qwen2_5_7b_instruct_q4_k_m,nonseg_ascii_b8,ed25519_signature_base64,professional_process_email,ascii_b8,not_applicable,Q4_K_M,model_backed_quantization,0.01023165888848561,surprisal,quantization,pooled_quantizations,test
quantization_generated__quantization_trial__0329e580646f83ec5d0789dd,0,locked-dedup-cluster-8cd2e77d4fa5e7d635c78e1d,revision_v1_nonce_96_bit_hex_053,detector_pair__8fc17e215306690a2bff1ee5,qwen2_5_7b_instruct_q8_0,nonseg_ascii_b8,nonce_96_bit_hex,forum_learning_answer,ascii_b8,not_applicable,Q8_0,model_backed_quantization,0.018714239881387745,surprisal,quantization,pooled_quantizations,test
quantization_generated__quantization_trial__036dbdb9f59c8b45b8556978,1,locked-dedup-cluster-21724430ac9765521f1234e5,revision_v1_token_128_bit_hex_056,detector_pair__fdaf58ddc5e03e479c33ca0e,qwen2_5_7b_instruct_q4_k_m,nonseg_ascii_b16,token_128_bit_hex,casual_hobby_chat,ascii_b16,not_applicable,Q4_K_M,model_backed_quantization,0.9970719945517608,surprisal,quantization,pooled_quantizations,test
quantization_generated__quantization_trial__03b241a45a3a4260f81a7380,0,locked-dedup-cluster-25e8125b00cb0a0fe72d530a,revision_v1_token_128_bit_hex_049,detector_pair__17ee7d235f9e73f3558860d1,qwen2_5_7b_instruct_q4_k_m,nonseg_ascii_b8,token_128_bit_hex,explain_weather_pattern,ascii_b8,not_applicable,Q4_K_M,model_backed_quantization,0.00694048698399063,surprisal,quantization,pooled_quantizations,test
quantization_generated__quantization_trial__0458aaf6b577797552868568,0,locked-dedup-cluster-eb3d72308b2b51a2950fef61,revision_v1_aes256_gcm_base64_059,detector_pair__0a0991bb382412041601d771,qwen2_5_7b_instruct_q8_0,nonseg_ascii_b8,aes256_gcm_base64,explain_weather_pattern,ascii_b8,not_applicable,Q8_0,model_backed_quantization,0.010157751208493795,surprisal,quantization,pooled_quantizations,test
quantization_generated__quantization_trial__0496f96e8b56529d59f76151,1,locked-dedup-cluster-a0ec330801b891c994a313b8,revision_v1_hmac_sha256_hex_057,detector_pair__4da55c9a83764d9718540571,qwen2_5_7b_instruct_q4_k_m,nonseg_ascii_b8,hmac_sha256_hex,explain_biological_process,ascii_b8,not_applicable,Q4_K_M,model_backed_quantization,0.9936205387954536,surprisal,quantization,pooled_quantizations,test
quantization_generated__quantization_trial__055b81cb0f02eecdc0ec7b13,0,locked-dedup-cluster-a3bf6a27ed0073b013821121,revision_v1_uuid_v4_057,detector_pair__aa6d4f4d43b307d5c09ad966,qwen2_5_7b_instruct_q4_k_m,nonseg_ascii_b16,uuid_v4,forum_learning_answer,ascii_b16,not_applicable,Q4_K_M,model_backed_quantization,0.005982039787147287,surprisal,quantization,pooled_quantizations,test
quantization_generated__quantization_trial__055e920edbf8238bbd0ce43c,1,locked-dedup-cluster-f71f239b6ba6105b60b970fe,revision_v1_aes256_gcm_base64_049,detector_pair__ab06b51f86631153c60d9d8a,qwen2_5_7b_instruct_q8_0,nonseg_ascii_b8,aes256_gcm_base64,professional_process_email,ascii_b8,not_applicable,Q8_0,model_backed_quantization,0.9751884509271783,surprisal,quantization,pooled_quantizations,test
quantization_generated__quantization_trial__05a199c7f0abdff47dc2bf61,0,locked-dedup-cluster-9c6f50a86da738803ef00fd9,revision_v1_uuid_v4_050,detector_pair__fa51506e0ca49355c83eaca5,qwen2_5_7b_instruct_q8_0,nonseg_ascii_b8,uuid_v4,professional_schedule_note,ascii_b8,not_applicable,Q8_0,model_backed_quantization,0.008569768574942188,surprisal,quantization,pooled_quantizations,test
quantization_generated__quantization_trial__060d5c4eb7d5b0c7d7e78a05,1,locked-dedup-cluster-5e904898cda6c2658fd0bc9d,revision_v1_uuid_v4_055,detector_pair__15fd31d8ca6057c3f62d1e2e,qwen2_5_7b_instruct_q4_k_m,nonseg_ascii_b8,uuid_v4,casual_neighborhood_chat,ascii_b8,not_applicable,Q4_K_M,model_backed_quantization,0.9083475935779373,surprisal,quantization,pooled_quantizations,test
quantization_generated__quantization_trial__06d6b9eaf71fdb5d898550a5,1,locked-dedup-cluster-649f177e20db0a267e158906,revision_v1_nonce_96_bit_hex_050,detector_pair__3bd90acfeb2dcfaecf9d895c,qwen2_5_7b_instruct_q4_k_m,nonseg_ascii_b16,nonce_96_bit_hex,explain_biological_process,ascii_b16,not_applicable,Q4_K_M,model_backed_quantization,0.9997546201212034,surprisal,quantization,pooled_quantizations,test
quantization_generated__quantization_trial__0709ac69fc21cdd4fe018bd3,0,locked-dedup-cluster-7c0c16a38fb1defe696a9adc,revision_v1_sha256_hex_054,detector_pair__f092df0ec4d4bc22cfdfdbdc,qwen2_5_7b_instruct_q8_0,nonseg_ascii_b8,sha256_hex,professional_schedule_note,ascii_b8,not_applicable,Q8_0,model_backed_quantization,0.005876716100945885,surprisal,quantization,pooled_quantizations,test
quantization_generated__quantization_trial__0766755e7e33226d4703b003,0,locked-dedup-cluster-d6ec75465813ed2c729c38e9,revision_v1_aes256_gcm_base64_053,detector_pair__0e5c4cf56de88a1caea270d8,qwen2_5_7b_instruct_q8_0,nonseg_ascii_b16,aes256_gcm_base64,explain_biological_process,ascii_b16,not_applicable,Q8_0,model_backed_quantization,0.008634166586069188,surprisal,quantization,pooled_quantizations,test
quantization_generated__quantization_trial__076dd2d183d936b1ee3be61e,1,locked-dedup-cluster-bcfdb6b7b3e10eeeb0fe9939,revision_v1_sha256_hex_049,detector_pair__b8d9a46b046b4c9d68c8bf45,qwen2_5_7b_instruct_q4_k_m,nonseg_ascii_b8,sha256_hex,forum_practical_answer,ascii_b8,not_applicable,Q4_K_M,model_backed_quantization,0.9758109880915111,surprisal,quantization,pooled_quantizations,test
quantization_generated__quantization_trial__084af2abb5c90ee2c5ea58d7,1,locked-dedup-cluster-8e2517efc5b5e889502e61a2,revision_v1_hmac_sha256_hex_058,detector_pair__92a6cf4c5f1767656d27f016,qwen2_5_7b_instruct_q4_k_m,nonseg_ascii_b8,hmac_sha256_hex,casual_neighborhood_chat,ascii_b8,not_applicable,Q4_K_M,model_backed_quantization,0.9643547378686804,surprisal,quantization,pooled_quantizations,test
quantization_generated__quantization_trial__0944d144e9a371c836ada524,0,locked-dedup-cluster-60a1e2f88d4e40514869d20f,revision_v1_ed25519_signature_base64_051,detector_pair__9f96c81ebf78ffabf9ffcfcc,qwen2_5_7b_instruct_q8_0,nonseg_ascii_b16,ed25519_signature_base64,explain_everyday_system,ascii_b16,not_applicable,Q8_0,model_backed_quantization,0.017289271402660344,surprisal,quantization,pooled_quantizations,test
quantization_generated__quantization_trial__0965c66eb8bc822a6be8c033,0,locked-dedup-cluster-1bfe0b32bac3fbfe62622c65,revision_v1_ed25519_signature_base64_056,detector_pair__91b5c080922efe183d4d2dec,qwen2_5_7b_instruct_q4_k_m,nonseg_ascii_b16,ed25519_signature_base64,narrative_learning_moment,ascii_b16,not_applicable,Q4_K_M,model_backed_quantization,0.024754894943888814,surprisal,quantization,pooled_quantizations,test
quantization_generated__quantization_trial__099d301beff7c0573a466246,1,locked-dedup-cluster-78226dcecb7d7df1214b9e71,revision_v1_sha256_hex_058,detector_pair__e13d29d24cc65794d6737b1c,qwen2_5_7b_instruct_q8_0,nonseg_ascii_b8,sha256_hex,explain_everyday_system,ascii_b8,not_applicable,Q8_0,model_backed_quantization,0.9402789194521296,surprisal,quantization,pooled_quantizations,test
quantization_generated__quantization_trial__09dacb6f273faf3169ebca48,1,locked-dedup-cluster-087cbaaa2408a99991319532,revision_v1_uuid_v4_052,detector_pair__09295c37e9fce890d7754e9b,qwen2_5_7b_instruct_q8_0,nonseg_ascii_b16,uuid_v4,procedure_home_task,ascii_b16,not_applicable,Q8_0,model_backed_quantization,0.9979727697930006,surprisal,quantization,pooled_quantizations,test
quantization_generated__quantization_trial__0a08a4c4485ae1a78e5cd533,1,locked-dedup-cluster-a3bf6a27ed0073b013821121,revision_v1_uuid_v4_057,detector_pair__a4a6eb08104e5d8fa20a96a8,qwen2_5_7b_instruct_q8_0,nonseg_ascii_b8,uuid_v4,forum_learning_answer,ascii_b8,not_applicable,Q8_0,model_backed_quantization,0.9985839131556448,surprisal,quantization,pooled_quantizations,test
quantization_generated__quantization_trial__0a0d9c1f94aba4549a22165a,0,locked-dedup-cluster-d546e7e62abc86faac74f5d8,revision_v1_hmac_sha256_hex_056,detector_pair__81e6ba3ca4a90debf03114f2,qwen2_5_7b_instruct_q4_k_m,nonseg_ascii_b8,hmac_sha256_hex,narrative_learning_moment,ascii_b8,not_applicable,Q4_K_M,model_backed_quantization,0.037453908502601545,surprisal,quantization,pooled_quantizations,test
quantization_generated__quantization_trial__0a91e7af91becb529767fe5e,0,locked-dedup-cluster-ae9124bd602068cdb9f9375d,revision_v1_sha256_hex_059,detector_pair__fd117da7661d5d8ca88497c9,qwen2_5_7b_instruct_q4_k_m,nonseg_ascii_b8,sha256_hex,casual_hobby_chat,ascii_b8,not_applicable,Q4_K_M,model_backed_quantization,0.02078663568471267,surprisal,quantization,pooled_quantizations,test
quantization_generated__quantization_trial__0aecbe4d743e96be80e1fc50,1,locked-dedup-cluster-5e904898cda6c2658fd0bc9d,revision_v1_uuid_v4_055,detector_pair__15fd31d8ca6057c3f62d1e2e,qwen2_5_7b_instruct_q8_0,nonseg_ascii_b8,uuid_v4,casual_neighborhood_chat,ascii_b8,not_applicable,Q8_0,model_backed_quantization,0.9612545731240721,surprisal,quantization,pooled_quantizations,test
quantization_generated__quantization_trial__0b1be77f5237e7afdad52a16,1,locked-dedup-cluster-df5a565df542d50b304df667,revision_v1_hmac_sha256_hex_051,detector_pair__abb0d0a3621fb52a9daad5c4,qwen2_5_7b_instruct_q4_k_m,nonseg_ascii_b16,hmac_sha256_hex,explain_everyday_system,ascii_b16,not_applicable,Q4_K_M,model_backed_quantization,0.9745634625525484,surprisal,quantization,pooled_quantizations,test
quantization_generated__quantization_trial__0b2ef4a8d7d2f3771dd94879,1,locked-dedup-cluster-fc358ef7970903b2c06d3c6e,revision_v1_token_128_bit_hex_053,detector_pair__2415e3d63cab4933f2222f09,qwen2_5_7b_instruct_q8_0,nonseg_ascii_b8,token_128_bit_hex,procedure_simple_meal,ascii_b8,not_applicable,Q8_0,model_backed_quantization,0.9977900336170145,surprisal,quantization,pooled_quantizations,test
quantization_generated__quantization_trial__0bf6f40bd0319166e51c8818,0,locked-dedup-cluster-607fc29d4914c273292301d6,revision_v1_token_128_bit_hex_052,detector_pair__3b245e50324bfa6c475a33c5,qwen2_5_7b_instruct_q4_k_m,nonseg_ascii_b8,token_128_bit_hex,forum_practical_answer,ascii_b8,not_applicable,Q4_K_M,model_backed_quantization,0.004834867314763351,surprisal,quantization,pooled_quantizations,test
quantization_generated__quantization_trial__0c4987e64637ec2d9d40ef8f,0,locked-dedup-cluster-860f29e67b6cb940e356f2ba,revision_v1_nonce_96_bit_hex_048,detector_pair__0484353bcf571772aab5b432,qwen2_5_7b_instruct_q4_k_m,nonseg_ascii_b16,nonce_96_bit_hex,procedure_garden_task,ascii_b16,not_applicable,Q4_K_M,model_backed_quantization,0.01104422120363848,surprisal,quantization,pooled_quantizations,test
quantization_generated__quantization_trial__0c9df754554d3667854bad17,0,locked-dedup-cluster-309b32994a041eadb8229c21,revision_v1_chacha20_poly1305_base64_059,detector_pair__51c2e9f21b0663554b6b9b42,qwen2_5_7b_instruct_q4_k_m,nonseg_ascii_b16,chacha20_poly1305_base64,casual_hobby_chat,ascii_b16,not_applicable,Q4_K_M,model_backed_quantization,0.012987457770726655,surprisal,quantization,pooled_quantizations,test
quantization_generated__quantization_trial__0d15432230c852b2a4dd82c5,0,locked-dedup-cluster-677b931ede46b422796a024f,revision_v1_token_128_bit_hex_050,detector_pair__73085a1f2f36ac7a7f5564b4,qwen2_5_7b_instruct_q8_0,nonseg_ascii_b16,token_128_bit_hex,casual_weekend_chat,ascii_b16,not_applicable,Q8_0,model_backed_quantization,0.01777996629416123,surprisal,quantization,pooled_quantizations,test
quantization_generated__quantization_trial__0d172ceaabc2584002921139,1,locked-dedup-cluster-ff3c000e9d1174a8de74bd6f,revision_v1_ed25519_signature_base64_059,detector_pair__af750ea7f348e35a16b822dd,qwen2_5_7b_instruct_q4_k_m,nonseg_ascii_b16,ed25519_signature_base64,professional_process_email,ascii_b16,not_applicable,Q4_K_M,model_backed_quantization,0.9963509924180973,surprisal,quantization,pooled_quantizations,test
quantization_generated__quantization_trial__0db1fe14d63507783770f989,0,locked-dedup-cluster-80d681973cacd2decbba4986,revision_v1_sha256_hex_052,detector_pair__22b6f287deb45facbdb99e3f,qwen2_5_7b_instruct_q4_k_m,nonseg_ascii_b16,sha256_hex,explain_weather_pattern,ascii_b16,not_applicable,Q4_K_M,model_backed_quantization,0.023665208895978226,surprisal,quantization,pooled_quantizations,test
quantization_generated__quantization_trial__0df01f9dbf6487f7027eaab5,0,locked-dedup-cluster-7f90efd3f54b6404464512bf,revision_v1_token_128_bit_hex_058,detector_pair__f15ba963d371dedb9d54b58a,qwen2_5_7b_instruct_q8_0,nonseg_ascii_b8,token_128_bit_hex,forum_purchase_advice,ascii_b8,not_applicable,Q8_0,model_backed_quantization,0.009641306343356991,surprisal,quantization,pooled_quantizations,test
quantization_generated__quantization_trial__0e34413aef9cd6fe00945963,0,locked-dedup-cluster-85408c5a1c55422d408f6f47,revision_v1_hmac_sha256_hex_054,detector_pair__23672d0ec4bad58efc3e13fb,qwen2_5_7b_instruct_q8_0,nonseg_ascii_b8,hmac_sha256_hex,forum_learning_answer,ascii_b8,not_applicable,Q8_0,model_backed_quantization,0.010064478408324636,surprisal,quantization,pooled_quantizations,test
quantization_generated__quantization_trial__0eba0445be40c9c91092228b,1,locked-dedup-cluster-6ff827405e3ec8e1790ca5eb,revision_v1_sha256_hex_051,detector_pair__bdbb95f37e7689efff95f14e,qwen2_5_7b_instruct_q4_k_m,nonseg_ascii_b16,sha256_hex,narrative_small_discovery,ascii_b16,not_applicable,Q4_K_M,model_backed_quantization,0.9845834803341965,surprisal,quantization,pooled_quantizations,test
quantization_generated__quantization_trial__0f3b939ce3abb929c242122e,0,locked-dedup-cluster-5ace189a35be6720f7c9dc5e,revision_v1_chacha20_poly1305_base64_057,detector_pair__f0cdae306897250678b192f4,qwen2_5_7b_instruct_q4_k_m,nonseg_ascii_b16,chacha20_poly1305_base64,narrative_local_walk,ascii_b16,not_applicable,Q4_K_M,model_backed_quantization,0.013173054929697073,surprisal,quantization,pooled_quantizations,test
quantization_generated__quantization_trial__0fe9696965d224b2db655f4d,1,locked-dedup-cluster-7c650d38321313478e14a048,revision_v1_nonce_96_bit_hex_054,detector_pair__0a5dcbaddd3ef55f4ea18fdb,qwen2_5_7b_instruct_q4_k_m,nonseg_ascii_b16,nonce_96_bit_hex,procedure_simple_meal,ascii_b16,not_applicable,Q4_K_M,model_backed_quantization,0.9900587090380123,surprisal,quantization,pooled_quantizations,test
quantization_generated__quantization_trial__103da0d1b05e18cf90ef61a3,0,locked-dedup-cluster-80d681973cacd2decbba4986,revision_v1_sha256_hex_052,detector_pair__9627d15eb5625ac97ebaeb36,qwen2_5_7b_instruct_q8_0,nonseg_ascii_b8,sha256_hex,explain_weather_pattern,ascii_b8,not_applicable,Q8_0,model_backed_quantization,0.010626472310602828,surprisal,quantization,pooled_quantizations,test
quantization_generated__quantization_trial__10957c06cb95b9f208ed5556,0,locked-dedup-cluster-677b931ede46b422796a024f,revision_v1_token_128_bit_hex_050,detector_pair__3a37d4ae075a6fd5293efc9d,qwen2_5_7b_instruct_q4_k_m,nonseg_ascii_b8,token_128_bit_hex,casual_weekend_chat,ascii_b8,not_applicable,Q4_K_M,model_backed_quantization,0.01695077507794228,surprisal,quantization,pooled_quantizations,test
quantization_generated__quantization_trial__109c54655edd636159027061,0,locked-dedup-cluster-a0ec330801b891c994a313b8,revision_v1_hmac_sha256_hex_057,detector_pair__6f30bed7a4deab5965850ad3,qwen2_5_7b_instruct_q4_k_m,nonseg_ascii_b16,hmac_sha256_hex,explain_biological_process,ascii_b16,not_applicable,Q4_K_M,model_backed_quantization,0.004562831560439307,surprisal,quantization,pooled_quantizations,test
quantization_generated__quantization_trial__11a07094d4dcb0f7b78c02ea,0,locked-dedup-cluster-cb374f9ca23dfd168fe55742,revision_v1_hmac_sha256_hex_055,detector_pair__2f8a8b308996c26af29cf8df,qwen2_5_7b_instruct_q8_0,nonseg_ascii_b8,hmac_sha256_hex,procedure_garden_task,ascii_b8,not_applicable,Q8_0,model_backed_quantization,0.01043314611045791,surprisal,quantization,pooled_quantizations,test
quantization_generated__quantization_trial__11ad2b7044b8eaa1ad8fe8b5,0,locked-dedup-cluster-8cd2e77d4fa5e7d635c78e1d,revision_v1_nonce_96_bit_hex_053,detector_pair__e192bbb3cdeb548f2e696aed,qwen2_5_7b_instruct_q4_k_m,nonseg_ascii_b16,nonce_96_bit_hex,forum_learning_answer,ascii_b16,not_applicable,Q4_K_M,model_backed_quantization,0.008191805216055698,surprisal,quantization,pooled_quantizations,test
quantization_generated__quantization_trial__121e8244fede7dcf9a050e34,1,locked-dedup-cluster-21724430ac9765521f1234e5,revision_v1_token_128_bit_hex_056,detector_pair__3bcbacc652b9f9765d7c1508,qwen2_5_7b_instruct_q8_0,nonseg_ascii_b8,token_128_bit_hex,casual_hobby_chat,ascii_b8,not_applicable,Q8_0,model_backed_quantization,0.9877853845173802,surprisal,quantization,pooled_quantizations,test
quantization_generated__quantization_trial__122b4382ccddb29301f8e72a,0,locked-dedup-cluster-bdb0cb932ce8d25533d129e7,revision_v1_uuid_v4_054,detector_pair__ef1fd33ab12ef68c56542afb,qwen2_5_7b_instruct_q4_k_m,nonseg_ascii_b16,uuid_v4,explain_biological_process,ascii_b16,not_applicable,Q4_K_M,model_backed_quantization,0.004860716389614843,surprisal,quantization,pooled_quantizations,test
quantization_generated__quantization_trial__12551d045726bfe0a9e8268a,1,locked-dedup-cluster-860f29e67b6cb940e356f2ba,revision_v1_nonce_96_bit_hex_048,detector_pair__0484353bcf571772aab5b432,qwen2_5_7b_instruct_q8_0,nonseg_ascii_b16,nonce_96_bit_hex,procedure_garden_task,ascii_b16,not_applicable,Q8_0,model_backed_quantization,0.9946978748969479,surprisal,quantization,pooled_quantizations,test
quantization_generated__quantization_trial__1280704548a7ef246209d551,1,locked-dedup-cluster-a3bf6a27ed0073b013821121,revision_v1_uuid_v4_057,detector_pair__aa6d4f4d43b307d5c09ad966,qwen2_5_7b_instruct_q4_k_m,nonseg_ascii_b16,uuid_v4,forum_learning_answer,ascii_b16,not_applicable,Q4_K_M,model_backed_quantization,0.9998082815181042,surprisal,quantization,pooled_quantizations,test
quantization_generated__quantization_trial__129638001b3b100e2bc1a85b,1,locked-dedup-cluster-7f90efd3f54b6404464512bf,revision_v1_token_128_bit_hex_058,detector_pair__f15ba963d371dedb9d54b58a,qwen2_5_7b_instruct_q4_k_m,nonseg_ascii_b8,token_128_bit_hex,forum_purchase_advice,ascii_b8,not_applicable,Q4_K_M,model_backed_quantization,0.9831080026470054,surprisal,quantization,pooled_quantizations,test
quantization_generated__quantization_trial__1317db218b20dc6058699b1d,1,locked-dedup-cluster-7ace65ec425e390c50b53396,revision_v1_ed25519_signature_base64_055,detector_pair__790230528da800f7e55083fb,qwen2_5_7b_instruct_q8_0,nonseg_ascii_b16,ed25519_signature_base64,procedure_garden_task,ascii_b16,not_applicable,Q8_0,model_backed_quantization,0.9948570983356207,surprisal,quantization,pooled_quantizations,test
quantization_generated__quantization_trial__1338098368054f8494cbef20,1,locked-dedup-cluster-bdb0cb932ce8d25533d129e7,revision_v1_uuid_v4_054,detector_pair__ef1fd33ab12ef68c56542afb,qwen2_5_7b_instruct_q4_k_m,nonseg_ascii_b16,uuid_v4,explain_biological_process,ascii_b16,not_applicable,Q4_K_M,model_backed_quantization,0.9992913368796105,surprisal,quantization,pooled_quantizations,test
quantization_generated__quantization_trial__13b47d8be90f72e78973ddce,1,locked-dedup-cluster-3f1509f18c269716bcce76a3,revision_v1_aes256_gcm_base64_050,detector_pair__bb733d7a2ca84a251f693362,qwen2_5_7b_instruct_q4_k_m,nonseg_ascii_b8,aes256_gcm_base64,forum_learning_answer,ascii_b8,not_applicable,Q4_K_M,model_backed_quantization,0.9807702578770795,surprisal,quantization,pooled_quantizations,test
quantization_generated__quantization_trial__13d73ba3db8a87366d5d103d,0,locked-dedup-cluster-8e2517efc5b5e889502e61a2,revision_v1_hmac_sha256_hex_058,detector_pair__8a86607b2022da755c53c998,qwen2_5_7b_instruct_q8_0,nonseg_ascii_b16,hmac_sha256_hex,casual_neighborhood_chat,ascii_b16,not_applicable,Q8_0,model_backed_quantization,0.01985984233236287,surprisal,quantization,pooled_quantizations,test
quantization_generated__quantization_trial__141036cd24a6d55297f2d61b,1,locked-dedup-cluster-1bfe0b32bac3fbfe62622c65,revision_v1_ed25519_signature_base64_056,detector_pair__91b5c080922efe183d4d2dec,qwen2_5_7b_instruct_q8_0,nonseg_ascii_b16,ed25519_signature_base64,narrative_learning_moment,ascii_b16,not_applicable,Q8_0,model_backed_quantization,0.9763398102177739,surprisal,quantization,pooled_quantizations,test
quantization_generated__quantization_trial__1434b9437590eff1814c8a62,1,locked-dedup-cluster-2474b2a532180733b2583cc4,revision_v1_uuid_v4_059,detector_pair__7789621a8233d21dc58bcb1e,qwen2_5_7b_instruct_q8_0,nonseg_ascii_b16,uuid_v4,narrative_learning_moment,ascii_b16,not_applicable,Q8_0,model_backed_quantization,0.9898353159137273,surprisal,quantization,pooled_quantizations,test
quantization_generated__quantization_trial__14a099a199d459964e7a43c0,1,locked-dedup-cluster-ddc76c2f58e7b2d9577d19a2,revision_v1_uuid_v4_048,detector_pair__39817f05ee6c9c58129dc4ad,qwen2_5_7b_instruct_q4_k_m,nonseg_ascii_b8,uuid_v4,explain_everyday_system,ascii_b8,not_applicable,Q4_K_M,model_backed_quantization,0.9926467614885264,surprisal,quantization,pooled_quantizations,test
quantization_generated__quantization_trial__14a32297f530201accab56b5,0,locked-dedup-cluster-32bd33f83721fefc90af26d5,revision_v1_nonce_96_bit_hex_057,detector_pair__575176dce376ef83f477ad7a,qwen2_5_7b_instruct_q4_k_m,nonseg_ascii_b16,nonce_96_bit_hex,casual_weekend_chat,ascii_b16,not_applicable,Q4_K_M,model_backed_quantization,0.014671064764693334,surprisal,quantization,pooled_quantizations,test
quantization_generated__quantization_trial__14a8e2e5e79137c0cf08acdd,0,locked-dedup-cluster-a48427d79245576d2f3745ad,revision_v1_chacha20_poly1305_base64_054,detector_pair__144b130dddc2810b25ef72cd,qwen2_5_7b_instruct_q8_0,nonseg_ascii_b8,chacha20_poly1305_base64,professional_schedule_note,ascii_b8,not_applicable,Q8_0,model_backed_quantization,0.007326238771956215,surprisal,quantization,pooled_quantizations,test
quantization_generated__quantization_trial__14b8a2330650a278cfc268bc,0,locked-dedup-cluster-735807dfd4ebac001f31dd39,revision_v1_hmac_sha256_hex_052,detector_pair__c1e1969d0cd5966ddb4edb45,qwen2_5_7b_instruct_q4_k_m,nonseg_ascii_b16,hmac_sha256_hex,casual_hobby_chat,ascii_b16,not_applicable,Q4_K_M,model_backed_quantization,0.0120105713573539,surprisal,quantization,pooled_quantizations,test
quantization_generated__quantization_trial__15a28cce18219a94fc6aaa6c,0,locked-dedup-cluster-ccac8eefaaa638dd205cad48,revision_v1_ed25519_signature_base64_049,detector_pair__0c738f172d6cebacf1ecb638,qwen2_5_7b_instruct_q8_0,nonseg_ascii_b16,ed25519_signature_base64,procedure_home_task,ascii_b16,not_applicable,Q8_0,model_backed_quantization,0.007697939926899731,surprisal,quantization,pooled_quantizations,test
quantization_generated__quantization_trial__15b9f9231a9118fae5b7ef7d,1,locked-dedup-cluster-a1f09603de61d42b17c60f90,revision_v1_nonce_96_bit_hex_058,detector_pair__39d4b162fc32842b35c77a69,qwen2_5_7b_instruct_q8_0,nonseg_ascii_b8,nonce_96_bit_hex,professional_project_update,ascii_b8,not_applicable,Q8_0,model_backed_quantization,0.9643413661701165,surprisal,quantization,pooled_quantizations,test
quantization_generated__quantization_trial__167a24428e8aa7c25c29c518,1,locked-dedup-cluster-8150a67016c09420f58d3140,revision_v1_sha256_hex_053,detector_pair__fe49fc91a6451ab4634b05b5,qwen2_5_7b_instruct_q8_0,nonseg_ascii_b16,sha256_hex,casual_weekend_chat,ascii_b16,not_applicable,Q8_0,model_backed_quantization,0.9876339978143549,surprisal,quantization,pooled_quantizations,test
quantization_generated__quantization_trial__16b53adb2e8ec86c13e888f8,1,locked-dedup-cluster-9d3eb2fbe5513f370ee0d0ea,revision_v1_nonce_96_bit_hex_051,detector_pair__12c783cc34e0683424d863aa,qwen2_5_7b_instruct_q4_k_m,nonseg_ascii_b8,nonce_96_bit_hex,casual_neighborhood_chat,ascii_b8,not_applicable,Q4_K_M,model_backed_quantization,0.9694029846194605,surprisal,quantization,pooled_quantizations,test
quantization_generated__quantization_trial__185b51917b700da18fbde921,0,locked-dedup-cluster-96979a86e18205acbaf6670b,revision_v1_sha256_hex_050,detector_pair__5d0505cabb44fba140a49f4e,qwen2_5_7b_instruct_q4_k_m,nonseg_ascii_b8,sha256_hex,procedure_simple_meal,ascii_b8,not_applicable,Q4_K_M,model_backed_quantization,0.0058839578783324254,surprisal,quantization,pooled_quantizations,test
quantization_generated__quantization_trial__18ce31dee30972336722329f,1,locked-dedup-cluster-a1f09603de61d42b17c60f90,revision_v1_nonce_96_bit_hex_058,detector_pair__b36baea5542ef75851fc3db8,qwen2_5_7b_instruct_q4_k_m,nonseg_ascii_b16,nonce_96_bit_hex,professional_project_update,ascii_b16,not_applicable,Q4_K_M,model_backed_quantization,0.9993274045291612,surprisal,quantization,pooled_quantizations,test
quantization_generated__quantization_trial__199233f8ddd1d3cfc14f1773,0,locked-dedup-cluster-eb3d72308b2b51a2950fef61,revision_v1_aes256_gcm_base64_059,detector_pair__e980d32bbe24a132955affba,qwen2_5_7b_instruct_q4_k_m,nonseg_ascii_b16,aes256_gcm_base64,explain_weather_pattern,ascii_b16,not_applicable,Q4_K_M,model_backed_quantization,0.009978438878424143,surprisal,quantization,pooled_quantizations,test
quantization_generated__quantization_trial__19d068dbbadbda98a6123f3c,1,locked-dedup-cluster-309b32994a041eadb8229c21,revision_v1_chacha20_poly1305_base64_059,detector_pair__51c2e9f21b0663554b6b9b42,qwen2_5_7b_instruct_q8_0,nonseg_ascii_b16,chacha20_poly1305_base64,casual_hobby_chat,ascii_b16,not_applicable,Q8_0,model_backed_quantization,0.9959096435228804,surprisal,quantization,pooled_quantizations,test
quantization_generated__quantization_trial__19db01475e432db49f1d923c,1,locked-dedup-cluster-cbe3e4480a185210cb46c014,revision_v1_token_128_bit_hex_051,detector_pair__c7085b5712f11b620a813be1,qwen2_5_7b_instruct_q8_0,nonseg_ascii_b8,token_128_bit_hex,professional_project_update,ascii_b8,not_applicable,Q8_0,model_backed_quantization,0.9707326577178895,surprisal,quantization,pooled_quantizations,test
quantization_generated__quantization_trial__1a5f80829c66499380f18a4b,0,locked-dedup-cluster-3f1509f18c269716bcce76a3,revision_v1_aes256_gcm_base64_050,detector_pair__54150607c8a9688b3f936f65,qwen2_5_7b_instruct_q8_0,nonseg_ascii_b16,aes256_gcm_base64,forum_learning_answer,ascii_b16,not_applicable,Q8_0,model_backed_quantization,0.007448871751921016,surprisal,quantization,pooled_quantizations,test
quantization_generated__quantization_trial__1a7dc02fdf058a9b18870003,1,locked-dedup-cluster-6136de4e90d44eb994005d2a,revision_v1_uuid_v4_051,detector_pair__86325854c5fddaddedf49bed,qwen2_5_7b_instruct_q8_0,nonseg_ascii_b16,uuid_v4,forum_purchase_advice,ascii_b16,not_applicable,Q8_0,model_backed_quantization,0.9816044762241374,surprisal,quantization,pooled_quantizations,test
quantization_generated__quantization_trial__1ac562e76c36ebd540743bda,0,locked-dedup-cluster-96979a86e18205acbaf6670b,revision_v1_sha256_hex_050,detector_pair__6f76fd58002693b38da37d83,qwen2_5_7b_instruct_q4_k_m,nonseg_ascii_b16,sha256_hex,procedure_simple_meal,ascii_b16,not_applicable,Q4_K_M,model_backed_quantization,0.007516129277049723,surprisal,quantization,pooled_quantizations,test
quantization_generated__quantization_trial__1af51d9d81ea0f7a4d29f0ba,1,locked-dedup-cluster-5ace189a35be6720f7c9dc5e,revision_v1_chacha20_poly1305_base64_057,detector_pair__f0cdae306897250678b192f4,qwen2_5_7b_instruct_q4_k_m,nonseg_ascii_b16,chacha20_poly1305_base64,narrative_local_walk,ascii_b16,not_applicable,Q4_K_M,model_backed_quantization,0.9984240471636098,surprisal,quantization,pooled_quantizations,test
quantization_generated__quantization_trial__1bd181bbf94481c2d4d8fc45,1,locked-dedup-cluster-677b931ede46b422796a024f,revision_v1_token_128_bit_hex_050,detector_pair__73085a1f2f36ac7a7f5564b4,qwen2_5_7b_instruct_q8_0,nonseg_ascii_b16,token_128_bit_hex,casual_weekend_chat,ascii_b16,not_applicable,Q8_0,model_backed_quantization,0.9869759145816223,surprisal,quantization,pooled_quantizations,test
quantization_generated__quantization_trial__1c3116407920c22bdc0bee6b,1,locked-dedup-cluster-eb3d72308b2b51a2950fef61,revision_v1_aes256_gcm_base64_059,detector_pair__0a0991bb382412041601d771,qwen2_5_7b_instruct_q4_k_m,nonseg_ascii_b8,aes256_gcm_base64,explain_weather_pattern,ascii_b8,not_applicable,Q4_K_M,model_backed_quantization,0.9034122764678553,surprisal,quantization,pooled_quantizations,test
quantization_generated__quantization_trial__1c5b4c871f551c2a91f83320,0,locked-dedup-cluster-59f7511f5e7a9e62060c4324,revision_v1_uuid_v4_058,detector_pair__7f095d587b970100e35a70bc,qwen2_5_7b_instruct_q4_k_m,nonseg_ascii_b8,uuid_v4,procedure_garden_task,ascii_b8,not_applicable,Q4_K_M,model_backed_quantization,0.01809869012913261,surprisal,quantization,pooled_quantizations,test
quantization_generated__quantization_trial__1d2e779b07b9393002e0f5b0,0,locked-dedup-cluster-78226dcecb7d7df1214b9e71,revision_v1_sha256_hex_058,detector_pair__e13d29d24cc65794d6737b1c,qwen2_5_7b_instruct_q4_k_m,nonseg_ascii_b8,sha256_hex,explain_everyday_system,ascii_b8,not_applicable,Q4_K_M,model_backed_quantization,0.007650665764103491,surprisal,quantization,pooled_quantizations,test
quantization_generated__quantization_trial__1d751ce6d340f20d746a4b52,1,locked-dedup-cluster-78226dcecb7d7df1214b9e71,revision_v1_sha256_hex_058,detector_pair__e13d29d24cc65794d6737b1c,qwen2_5_7b_instruct_q4_k_m,nonseg_ascii_b8,sha256_hex,explain_everyday_system,ascii_b8,not_applicable,Q4_K_M,model_backed_quantization,0.9218484879131378,surprisal,quantization,pooled_quantizations,test
quantization_generated__quantization_trial__1dd042bfdc2d11cfd745f0b7,1,locked-dedup-cluster-ccac8eefaaa638dd205cad48,revision_v1_ed25519_signature_base64_049,detector_pair__a9e45a0a44b0e11628735c77,qwen2_5_7b_instruct_q4_k_m,nonseg_ascii_b8,ed25519_signature_base64,procedure_home_task,ascii_b8,not_applicable,Q4_K_M,model_backed_quantization,0.9907854858631993,surprisal,quantization,pooled_quantizations,test
quantization_generated__quantization_trial__1ddf16a514d3fc9d940ed324,0,locked-dedup-cluster-ed3763e56066fab08024a97b,revision_v1_aes256_gcm_base64_058,detector_pair__8f28451de52fe4bad2d1dad2,qwen2_5_7b_instruct_q8_0,nonseg_ascii_b16,aes256_gcm_base64,narrative_small_discovery,ascii_b16,not_applicable,Q8_0,model_backed_quantization,0.026713304583884205,surprisal,quantization,pooled_quantizations,test
quantization_generated__quantization_trial__1e6d10912410549d63f8c638,1,locked-dedup-cluster-f9ad8da8cff8f544eb822985,revision_v1_uuid_v4_056,detector_pair__103394a5049e125468eb4c9f,qwen2_5_7b_instruct_q4_k_m,nonseg_ascii_b16,uuid_v4,professional_process_email,ascii_b16,not_applicable,Q4_K_M,model_backed_quantization,0.9959659543764103,surprisal,quantization,pooled_quantizations,test
quantization_generated__quantization_trial__1eb285af844a3083ce76e8e3,0,locked-dedup-cluster-7f90efd3f54b6404464512bf,revision_v1_token_128_bit_hex_058,detector_pair__b112427bc2b90dea6ab20625,qwen2_5_7b_instruct_q4_k_m,nonseg_ascii_b16,token_128_bit_hex,forum_purchase_advice,ascii_b16,not_applicable,Q4_K_M,model_backed_quantization,0.0452452976354544,surprisal,quantization,pooled_quantizations,test
quantization_generated__quantization_trial__1ec3e5907880f8e151eeb144,0,locked-dedup-cluster-326b9482149ce2821475fa6b,revision_v1_chacha20_poly1305_base64_052,detector_pair__dea6b39919f437876670b8c5,qwen2_5_7b_instruct_q4_k_m,nonseg_ascii_b16,chacha20_poly1305_base64,explain_weather_pattern,ascii_b16,not_applicable,Q4_K_M,model_backed_quantization,0.009574035045088039,surprisal,quantization,pooled_quantizations,test
quantization_generated__quantization_trial__1ecdaa6767dc392b9de20b7e,0,locked-dedup-cluster-ba74984ac2d00a189aa1652c,revision_v1_chacha20_poly1305_base64_058,detector_pair__92c4ed3194b3ea8a8be1bdee,qwen2_5_7b_instruct_q8_0,nonseg_ascii_b16,chacha20_poly1305_base64,explain_everyday_system,ascii_b16,not_applicable,Q8_0,model_backed_quantization,0.008221123880846904,surprisal,quantization,pooled_quantizations,test
quantization_generated__quantization_trial__1eeefbdf9445c95c999bf4d2,1,locked-dedup-cluster-ccac8eefaaa638dd205cad48,revision_v1_ed25519_signature_base64_049,detector_pair__0c738f172d6cebacf1ecb638,qwen2_5_7b_instruct_q4_k_m,nonseg_ascii_b16,ed25519_signature_base64,procedure_home_task,ascii_b16,not_applicable,Q4_K_M,model_backed_quantization,0.9955573603995701,surprisal,quantization,pooled_quantizations,test
quantization_generated__quantization_trial__1fb7fc412c77b87056a78ec1,0,locked-dedup-cluster-0fa6270b95556a3e58f35a88,revision_v1_chacha20_poly1305_base64_049,detector_pair__3aedf37d9c11b1838d19a6e2,qwen2_5_7b_instruct_q8_0,nonseg_ascii_b16,chacha20_poly1305_base64,forum_practical_answer,ascii_b16,not_applicable,Q8_0,model_backed_quantization,0.006336150316073092,surprisal,quantization,pooled_quantizations,test
quantization_generated__quantization_trial__1fcb7ee58149df0dada00715,1,locked-dedup-cluster-3f1509f18c269716bcce76a3,revision_v1_aes256_gcm_base64_050,detector_pair__54150607c8a9688b3f936f65,qwen2_5_7b_instruct_q8_0,nonseg_ascii_b16,aes256_gcm_base64,forum_learning_answer,ascii_b16,not_applicable,Q8_0,model_backed_quantization,0.999482813049672,surprisal,quantization,pooled_quantizations,test
quantization_generated__quantization_trial__1fd36ea7d1e547ab7f6636b3,0,locked-dedup-cluster-a37fa1ef4ffc42eb7c181e4b,revision_v1_aes256_gcm_base64_056,detector_pair__3cfbee64b2ba78236728c1d6,qwen2_5_7b_instruct_q8_0,nonseg_ascii_b16,aes256_gcm_base64,forum_practical_answer,ascii_b16,not_applicable,Q8_0,model_backed_quantization,0.007764787490558822,surprisal,quantization,pooled_quantizations,test
quantization_generated__quantization_trial__211767b82231f879a9883d27,1,locked-dedup-cluster-7ace65ec425e390c50b53396,revision_v1_ed25519_signature_base64_055,detector_pair__790230528da800f7e55083fb,qwen2_5_7b_instruct_q4_k_m,nonseg_ascii_b16,ed25519_signature_base64,procedure_garden_task,ascii_b16,not_applicable,Q4_K_M,model_backed_quantization,0.9983931090885101,surprisal,quantization,pooled_quantizations,test
quantization_generated__quantization_trial__214c4353f3dddb7c93837df4,0,locked-dedup-cluster-df5a565df542d50b304df667,revision_v1_hmac_sha256_hex_051,detector_pair__abb0d0a3621fb52a9daad5c4,qwen2_5_7b_instruct_q4_k_m,nonseg_ascii_b16,hmac_sha256_hex,explain_everyday_system,ascii_b16,not_applicable,Q4_K_M,model_backed_quantization,0.015950393764062286,surprisal,quantization,pooled_quantizations,test
quantization_generated__quantization_trial__21c7ef61a6ee830c3931a4ab,1,locked-dedup-cluster-2474b2a532180733b2583cc4,revision_v1_uuid_v4_059,detector_pair__d5c1b443db129da927e74b4f,qwen2_5_7b_instruct_q4_k_m,nonseg_ascii_b8,uuid_v4,narrative_learning_moment,ascii_b8,not_applicable,Q4_K_M,model_backed_quantization,0.9091503863371793,surprisal,quantization,pooled_quantizations,test
quantization_generated__quantization_trial__22512e9029382ec3fb1201fb,0,locked-dedup-cluster-ff3c000e9d1174a8de74bd6f,revision_v1_ed25519_signature_base64_059,detector_pair__af750ea7f348e35a16b822dd,qwen2_5_7b_instruct_q8_0,nonseg_ascii_b16,ed25519_signature_base64,professional_process_email,ascii_b16,not_applicable,Q8_0,model_backed_quantization,0.010763395913944781,surprisal,quantization,pooled_quantizations,test
quantization_generated__quantization_trial__226b5b734d753ab05aa6733f,1,locked-dedup-cluster-7c0c16a38fb1defe696a9adc,revision_v1_sha256_hex_054,detector_pair__533b0d0e65d1751721755782,qwen2_5_7b_instruct_q4_k_m,nonseg_ascii_b16,sha256_hex,professional_schedule_note,ascii_b16,not_applicable,Q4_K_M,model_backed_quantization,0.9967965668490666,surprisal,quantization,pooled_quantizations,test
quantization_generated__quantization_trial__227f7fa405db39a6783bb30b,0,locked-dedup-cluster-bdb0cb932ce8d25533d129e7,revision_v1_uuid_v4_054,detector_pair__ef1fd33ab12ef68c56542afb,qwen2_5_7b_instruct_q8_0,nonseg_ascii_b16,uuid_v4,explain_biological_process,ascii_b16,not_applicable,Q8_0,model_backed_quantization,0.003455336154068961,surprisal,quantization,pooled_quantizations,test
quantization_generated__quantization_trial__2291acc9d527be21a9be34f1,0,locked-dedup-cluster-a0ec330801b891c994a313b8,revision_v1_hmac_sha256_hex_057,detector_pair__4da55c9a83764d9718540571,qwen2_5_7b_instruct_q4_k_m,nonseg_ascii_b8,hmac_sha256_hex,explain_biological_process,ascii_b8,not_applicable,Q4_K_M,model_backed_quantization,0.0047876188091794235,surprisal,quantization,pooled_quantizations,test
quantization_generated__quantization_trial__22d1415e20233c151f0ee70c,0,locked-dedup-cluster-326b9482149ce2821475fa6b,revision_v1_chacha20_poly1305_base64_052,detector_pair__635aae9b3ae773343a5286ee,qwen2_5_7b_instruct_q8_0,nonseg_ascii_b8,chacha20_poly1305_base64,explain_weather_pattern,ascii_b8,not_applicable,Q8_0,model_backed_quantization,0.013977071640469279,surprisal,quantization,pooled_quantizations,test
quantization_generated__quantization_trial__23072862815bc239249036d9,0,locked-dedup-cluster-efa41a40866ae7a38d147cae,revision_v1_uuid_v4_053,detector_pair__7c640bd7d6e8c20002affe15,qwen2_5_7b_instruct_q4_k_m,nonseg_ascii_b16,uuid_v4,narrative_local_walk,ascii_b16,not_applicable,Q4_K_M,model_backed_quantization,0.02880007198873469,surprisal,quantization,pooled_quantizations,test
quantization_generated__quantization_trial__230daa602ef261c3c4a72fff,1,locked-dedup-cluster-ddc76c2f58e7b2d9577d19a2,revision_v1_uuid_v4_048,detector_pair__39817f05ee6c9c58129dc4ad,qwen2_5_7b_instruct_q8_0,nonseg_ascii_b8,uuid_v4,explain_everyday_system,ascii_b8,not_applicable,Q8_0,model_backed_quantization,0.9797724529791875,surprisal,quantization,pooled_quantizations,test
quantization_generated__quantization_trial__239ab923eccc79c0f2e576f1,0,locked-dedup-cluster-ae9124bd602068cdb9f9375d,revision_v1_sha256_hex_059,detector_pair__788971e93f307b97358737a8,qwen2_5_7b_instruct_q4_k_m,nonseg_ascii_b16,sha256_hex,casual_hobby_chat,ascii_b16,not_applicable,Q4_K_M,model_backed_quantization,0.020715236396241243,surprisal,quantization,pooled_quantizations,test
quantization_generated__quantization_trial__2422032e4c292595681dc598,0,locked-dedup-cluster-59f7511f5e7a9e62060c4324,revision_v1_uuid_v4_058,detector_pair__7f095d587b970100e35a70bc,qwen2_5_7b_instruct_q8_0,nonseg_ascii_b8,uuid_v4,procedure_garden_task,ascii_b8,not_applicable,Q8_0,model_backed_quantization,0.021476839295488073,surprisal,quantization,pooled_quantizations,test
quantization_generated__quantization_trial__2429ba970af8582f9a3fd9db,0,locked-dedup-cluster-d3540d957b4816af4830d47f,revision_v1_chacha20_poly1305_base64_053,detector_pair__2a3a252a87728a75d548134d,qwen2_5_7b_instruct_q4_k_m,nonseg_ascii_b8,chacha20_poly1305_base64,casual_weekend_chat,ascii_b8,not_applicable,Q4_K_M,model_backed_quantization,0.022368079289249707,surprisal,quantization,pooled_quantizations,test
quantization_generated__quantization_trial__24608264eeace3735ab69827,1,locked-dedup-cluster-607fc29d4914c273292301d6,revision_v1_token_128_bit_hex_052,detector_pair__b2406ccde00cd92802103626,qwen2_5_7b_instruct_q8_0,nonseg_ascii_b16,token_128_bit_hex,forum_practical_answer,ascii_b16,not_applicable,Q8_0,model_backed_quantization,0.99348476474075,surprisal,quantization,pooled_quantizations,test
quantization_generated__quantization_trial__25e8559149103bcae09afc3b,1,locked-dedup-cluster-df5a565df542d50b304df667,revision_v1_hmac_sha256_hex_051,detector_pair__bb7a1e398dcfa1d9bf16722e,qwen2_5_7b_instruct_q8_0,nonseg_ascii_b8,hmac_sha256_hex,explain_everyday_system,ascii_b8,not_applicable,Q8_0,model_backed_quantization,0.9536240709575873,surprisal,quantization,pooled_quantizations,test
quantization_generated__quantization_trial__25f382096ce00389079f7e84,1,locked-dedup-cluster-1bfe0b32bac3fbfe62622c65,revision_v1_ed25519_signature_base64_056,detector_pair__daa0fd1f3abfe755c809841c,qwen2_5_7b_instruct_q8_0,nonseg_ascii_b8,ed25519_signature_base64,narrative_learning_moment,ascii_b8,not_applicable,Q8_0,model_backed_quantization,0.8947135947749474,surprisal,quantization,pooled_quantizations,test
quantization_generated__quantization_trial__2603594f24ca417dac8b13c2,1,locked-dedup-cluster-a48caa544001e5d183a57eea,revision_v1_nonce_96_bit_hex_049,detector_pair__c60e56cd0da9be5b061b61df,qwen2_5_7b_instruct_q4_k_m,nonseg_ascii_b8,nonce_96_bit_hex,narrative_learning_moment,ascii_b8,not_applicable,Q4_K_M,model_backed_quantization,0.9858258197697072,surprisal,quantization,pooled_quantizations,test
quantization_generated__quantization_trial__26397396539c42776e3f4221,0,locked-dedup-cluster-087cbaaa2408a99991319532,revision_v1_uuid_v4_052,detector_pair__098918144cce907a9046b0f4,qwen2_5_7b_instruct_q8_0,nonseg_ascii_b8,uuid_v4,procedure_home_task,ascii_b8,not_applicable,Q8_0,model_backed_quantization,0.008212766578926606,surprisal,quantization,pooled_quantizations,test
quantization_generated__quantization_trial__26a9f04512d1fd2876329352,0,locked-dedup-cluster-a30012a117157378dab7a070,revision_v1_ed25519_signature_base64_057,detector_pair__b328c95fca33f8e4a821e025,qwen2_5_7b_instruct_q4_k_m,nonseg_ascii_b16,ed25519_signature_base64,explain_biological_process,ascii_b16,not_applicable,Q4_K_M,model_backed_quantization,0.0046863766608437945,surprisal,quantization,pooled_quantizations,test
quantization_generated__quantization_trial__26c16c68656f3a4eab13d892,1,locked-dedup-cluster-1bfe0b32bac3fbfe62622c65,revision_v1_ed25519_signature_base64_056,detector_pair__daa0fd1f3abfe755c809841c,qwen2_5_7b_instruct_q4_k_m,nonseg_ascii_b8,ed25519_signature_base64,narrative_learning_moment,ascii_b8,not_applicable,Q4_K_M,model_backed_quantization,0.9289110080780129,surprisal,quantization,pooled_quantizations,test
quantization_generated__quantization_trial__26f71f1da5151ecc0a6d6258,0,locked-dedup-cluster-bc86fac7c4db3068f8c80ad3,revision_v1_chacha20_poly1305_base64_048,detector_pair__03112160f69f24522635ed1e,qwen2_5_7b_instruct_q4_k_m,nonseg_ascii_b8,chacha20_poly1305_base64,professional_project_update,ascii_b8,not_applicable,Q4_K_M,model_backed_quantization,0.008877746710143155,surprisal,quantization,pooled_quantizations,test
quantization_generated__quantization_trial__27473c5aa26d5fff08e68cc0,1,locked-dedup-cluster-2474b2a532180733b2583cc4,revision_v1_uuid_v4_059,detector_pair__d5c1b443db129da927e74b4f,qwen2_5_7b_instruct_q8_0,nonseg_ascii_b8,uuid_v4,narrative_learning_moment,ascii_b8,not_applicable,Q8_0,model_backed_quantization,0.9930123870088801,surprisal,quantization,pooled_quantizations,test
quantization_generated__quantization_trial__27de2af5cb69e9cae2beb7f6,0,locked-dedup-cluster-4380dc71001b76d2dbf645fb,revision_v1_aes256_gcm_base64_052,detector_pair__6a1e12af6516fb20286af7f9,qwen2_5_7b_instruct_q4_k_m,nonseg_ascii_b16,aes256_gcm_base64,narrative_learning_moment,ascii_b16,not_applicable,Q4_K_M,model_backed_quantization,0.026719356903995312,surprisal,quantization,pooled_quantizations,test
quantization_generated__quantization_trial__27fdd92beb8efc5ef0390d87,0,locked-dedup-cluster-2474b2a532180733b2583cc4,revision_v1_uuid_v4_059,detector_pair__d5c1b443db129da927e74b4f,qwen2_5_7b_instruct_q4_k_m,nonseg_ascii_b8,uuid_v4,narrative_learning_moment,ascii_b8,not_applicable,Q4_K_M,model_backed_quantization,0.03237472873023709,surprisal,quantization,pooled_quantizations,test
quantization_generated__quantization_trial__2988c4711a0704070089ccd8,1,locked-dedup-cluster-6df69e2fbbbb2d88163d8a00,revision_v1_chacha20_poly1305_base64_050,detector_pair__7628101fc3925ba12fb36d8a,qwen2_5_7b_instruct_q8_0,nonseg_ascii_b16,chacha20_poly1305_base64,procedure_simple_meal,ascii_b16,not_applicable,Q8_0,model_backed_quantization,0.9983112256994466,surprisal,quantization,pooled_quantizations,test
quantization_generated__quantization_trial__29f5628e33a2de15d5733114,0,locked-dedup-cluster-d3540d957b4816af4830d47f,revision_v1_chacha20_poly1305_base64_053,detector_pair__36614a06f65a04cd7cec4ac1,qwen2_5_7b_instruct_q8_0,nonseg_ascii_b16,chacha20_poly1305_base64,casual_weekend_chat,ascii_b16,not_applicable,Q8_0,model_backed_quantization,0.0182850647484201,surprisal,quantization,pooled_quantizations,test
quantization_generated__quantization_trial__2aa46638ee3a13465f4bb941,0,locked-dedup-cluster-a2b2305f32aed49b82a74ffb,revision_v1_chacha20_poly1305_base64_051,detector_pair__d5ae06b7b10f557b4987385e,qwen2_5_7b_instruct_q4_k_m,nonseg_ascii_b16,chacha20_poly1305_base64,narrative_small_discovery,ascii_b16,not_applicable,Q4_K_M,model_backed_quantization,0.037919713269572705,surprisal,quantization,pooled_quantizations,test
quantization_generated__quantization_trial__2ab844bef9c987cade3ef32b,0,locked-dedup-cluster-d5b4f2b51dfabbdce0cd2fb8,revision_v1_sha256_hex_057,detector_pair__79d3778d08b87fa8ddfa389e,qwen2_5_7b_instruct_q8_0,nonseg_ascii_b8,sha256_hex,narrative_local_walk,ascii_b8,not_applicable,Q8_0,model_backed_quantization,0.023362710389899132,surprisal,quantization,pooled_quantizations,test
quantization_generated__quantization_trial__2cb1a047e0af75a4fe175603,1,locked-dedup-cluster-9d3eb2fbe5513f370ee0d0ea,revision_v1_nonce_96_bit_hex_051,detector_pair__911bc81409d529582b79e10e,qwen2_5_7b_instruct_q4_k_m,nonseg_ascii_b16,nonce_96_bit_hex,casual_neighborhood_chat,ascii_b16,not_applicable,Q4_K_M,model_backed_quantization,0.9981018159603735,surprisal,quantization,pooled_quantizations,test
quantization_generated__quantization_trial__2cd889304000585796cc912a,0,locked-dedup-cluster-d546e7e62abc86faac74f5d8,revision_v1_hmac_sha256_hex_056,detector_pair__3ddaf2010b1f1a0fa5536eae,qwen2_5_7b_instruct_q4_k_m,nonseg_ascii_b16,hmac_sha256_hex,narrative_learning_moment,ascii_b16,not_applicable,Q4_K_M,model_backed_quantization,0.023832347119338175,surprisal,quantization,pooled_quantizations,test
quantization_generated__quantization_trial__2ce2487e2e97661374ec9967,0,locked-dedup-cluster-6d140bf45feadd3404291e51,revision_v1_uuid_v4_049,detector_pair__d2d08b48c5b710ce24e99637,qwen2_5_7b_instruct_q4_k_m,nonseg_ascii_b16,uuid_v4,casual_hobby_chat,ascii_b16,not_applicable,Q4_K_M,model_backed_quantization,0.01691011868741729,surprisal,quantization,pooled_quantizations,test
quantization_generated__quantization_trial__2d1f106eb6074a2b1bbfd973,1,locked-dedup-cluster-bc86fac7c4db3068f8c80ad3,revision_v1_chacha20_poly1305_base64_048,detector_pair__fc2ad3ac2920c791c096e02f,qwen2_5_7b_instruct_q4_k_m,nonseg_ascii_b16,chacha20_poly1305_base64,professional_project_update,ascii_b16,not_applicable,Q4_K_M,model_backed_quantization,0.9974211425522028,surprisal,quantization,pooled_quantizations,test
quantization_generated__quantization_trial__2db7c883d34b74f1478b562a,0,locked-dedup-cluster-d5b4f2b51dfabbdce0cd2fb8,revision_v1_sha256_hex_057,detector_pair__79d3778d08b87fa8ddfa389e,qwen2_5_7b_instruct_q4_k_m,nonseg_ascii_b8,sha256_hex,narrative_local_walk,ascii_b8,not_applicable,Q4_K_M,model_backed_quantization,0.015667904042202214,surprisal,quantization,pooled_quantizations,test
quantization_generated__quantization_trial__2dce7607d3024eeff5d07f19,1,locked-dedup-cluster-3550b9941e44ba053c139eaa,revision_v1_sha256_hex_055,detector_pair__75a7b18c81fcf3e329b5c7c1,qwen2_5_7b_instruct_q8_0,nonseg_ascii_b8,sha256_hex,forum_purchase_advice,ascii_b8,not_applicable,Q8_0,model_backed_quantization,0.9920772684233311,surprisal,quantization,pooled_quantizations,test
quantization_generated__quantization_trial__2df3a70ca0488578ead6a2d4,0,locked-dedup-cluster-f9ad8da8cff8f544eb822985,revision_v1_uuid_v4_056,detector_pair__103394a5049e125468eb4c9f,qwen2_5_7b_instruct_q4_k_m,nonseg_ascii_b16,uuid_v4,professional_process_email,ascii_b16,not_applicable,Q4_K_M,model_backed_quantization,0.0068771788256442494,surprisal,quantization,pooled_quantizations,test
quantization_generated__quantization_trial__2e19de4f78b5561b0fc4b12b,1,locked-dedup-cluster-6ff827405e3ec8e1790ca5eb,revision_v1_sha256_hex_051,detector_pair__bdbb95f37e7689efff95f14e,qwen2_5_7b_instruct_q8_0,nonseg_ascii_b16,sha256_hex,narrative_small_discovery,ascii_b16,not_applicable,Q8_0,model_backed_quantization,0.9966735349655143,surprisal,quantization,pooled_quantizations,test
quantization_generated__quantization_trial__2e84406bf629d17641c764e4,0,locked-dedup-cluster-edd2e9cc43c3cbc95c5be630,revision_v1_nonce_96_bit_hex_059,detector_pair__c0b80d9e04160dbba0e4a248,qwen2_5_7b_instruct_q8_0,nonseg_ascii_b16,nonce_96_bit_hex,forum_practical_answer,ascii_b16,not_applicable,Q8_0,model_backed_quantization,0.00897351838028218,surprisal,quantization,pooled_quantizations,test
quantization_generated__quantization_trial__2e93e22e65c84c5e483d374b,0,locked-dedup-cluster-40d7dc0aae7327885c0b7431,revision_v1_aes256_gcm_base64_057,detector_pair__aacfd5d0b2ed636d0b524c5a,qwen2_5_7b_instruct_q8_0,nonseg_ascii_b16,aes256_gcm_base64,procedure_simple_meal,ascii_b16,not_applicable,Q8_0,model_backed_quantization,0.004621924832667543,surprisal,quantization,pooled_quantizations,test
quantization_generated__quantization_trial__2ee81a68248d02140dd516e9,1,locked-dedup-cluster-40d7dc0aae7327885c0b7431,revision_v1_aes256_gcm_base64_057,detector_pair__aacfd5d0b2ed636d0b524c5a,qwen2_5_7b_instruct_q4_k_m,nonseg_ascii_b16,aes256_gcm_base64,procedure_simple_meal,ascii_b16,not_applicable,Q4_K_M,model_backed_quantization,0.9970748919782091,surprisal,quantization,pooled_quantizations,test
quantization_generated__quantization_trial__2fce0d6b2270cbd911c9d165,1,locked-dedup-cluster-607fc29d4914c273292301d6,revision_v1_token_128_bit_hex_052,detector_pair__3b245e50324bfa6c475a33c5,qwen2_5_7b_instruct_q8_0,nonseg_ascii_b8,token_128_bit_hex,forum_practical_answer,ascii_b8,not_applicable,Q8_0,model_backed_quantization,0.9920321437833719,surprisal,quantization,pooled_quantizations,test
quantization_generated__quantization_trial__2fea31ff6615cdfad42b9f3d,0,locked-dedup-cluster-339659e6d45626f95acf4c5b,revision_v1_nonce_96_bit_hex_052,detector_pair__e3fba90a9f08d30fd0b73b7c,qwen2_5_7b_instruct_q8_0,nonseg_ascii_b8,nonce_96_bit_hex,professional_process_email,ascii_b8,not_applicable,Q8_0,model_backed_quantization,0.006510365295912156,surprisal,quantization,pooled_quantizations,test
quantization_generated__quantization_trial__306f0e8699bc28d5d9228181,1,locked-dedup-cluster-da023141f0cff98c47ca9314,revision_v1_aes256_gcm_base64_051,detector_pair__9c2eb1cb6a1efcca97b5df5f,qwen2_5_7b_instruct_q4_k_m,nonseg_ascii_b16,aes256_gcm_base64,procedure_garden_task,ascii_b16,not_applicable,Q4_K_M,model_backed_quantization,0.9969675695009445,surprisal,quantization,pooled_quantizations,test
quantization_generated__quantization_trial__31096652519732ad1616e836,1,locked-dedup-cluster-7c650d38321313478e14a048,revision_v1_nonce_96_bit_hex_054,detector_pair__6c1a1e027a0d4cae92dac498,qwen2_5_7b_instruct_q8_0,nonseg_ascii_b8,nonce_96_bit_hex,procedure_simple_meal,ascii_b8,not_applicable,Q8_0,model_backed_quantization,0.9904479490111234,surprisal,quantization,pooled_quantizations,test
quantization_generated__quantization_trial__31303a970d539ccb5b076f7f,1,locked-dedup-cluster-607fc29d4914c273292301d6,revision_v1_token_128_bit_hex_052,detector_pair__b2406ccde00cd92802103626,qwen2_5_7b_instruct_q4_k_m,nonseg_ascii_b16,token_128_bit_hex,forum_practical_answer,ascii_b16,not_applicable,Q4_K_M,model_backed_quantization,0.9998046546331377,surprisal,quantization,pooled_quantizations,test
quantization_generated__quantization_trial__316439650c62dbeb41d210a5,0,locked-dedup-cluster-eb3d72308b2b51a2950fef61,revision_v1_aes256_gcm_base64_059,detector_pair__0a0991bb382412041601d771,qwen2_5_7b_instruct_q4_k_m,nonseg_ascii_b8,aes256_gcm_base64,explain_weather_pattern,ascii_b8,not_applicable,Q4_K_M,model_backed_quantization,0.013811221468159081,surprisal,quantization,pooled_quantizations,test
quantization_generated__quantization_trial__32126a1337b5d0222f2f58f5,0,locked-dedup-cluster-2d9d097dd5855bbaaef4a9e2,revision_v1_aes256_gcm_base64_055,detector_pair__e2d3301da519fe046a9e9530,qwen2_5_7b_instruct_q4_k_m,nonseg_ascii_b16,aes256_gcm_base64,professional_project_update,ascii_b16,not_applicable,Q4_K_M,model_backed_quantization,0.014754185336310994,surprisal,quantization,pooled_quantizations,test
quantization_generated__quantization_trial__3272807f52262ac9ed04c7bd,1,locked-dedup-cluster-a48caa544001e5d183a57eea,revision_v1_nonce_96_bit_hex_049,detector_pair__2e533d27f4f595c9bdd5991e,qwen2_5_7b_instruct_q8_0,nonseg_ascii_b16,nonce_96_bit_hex,narrative_learning_moment,ascii_b16,not_applicable,Q8_0,model_backed_quantization,0.9979788628233957,surprisal,quantization,pooled_quantizations,test
quantization_generated__quantization_trial__33cb0bebe0e58d53bd12af31,0,locked-dedup-cluster-2d9d097dd5855bbaaef4a9e2,revision_v1_aes256_gcm_base64_055,detector_pair__233da205a9607f2fd31691b6,qwen2_5_7b_instruct_q4_k_m,nonseg_ascii_b8,aes256_gcm_base64,professional_project_update,ascii_b8,not_applicable,Q4_K_M,model_backed_quantization,0.009840334089556748,surprisal,quantization,pooled_quantizations,test
quantization_generated__quantization_trial__33e70995c210b118d1186555,0,locked-dedup-cluster-bdb0cb932ce8d25533d129e7,revision_v1_uuid_v4_054,detector_pair__329c0ef6d49127a224eff335,qwen2_5_7b_instruct_q8_0,nonseg_ascii_b8,uuid_v4,explain_biological_process,ascii_b8,not_applicable,Q8_0,model_backed_quantization,0.005124549683001594,surprisal,quantization,pooled_quantizations,test
quantization_generated__quantization_trial__344d9927959aae4c66efa0ea,1,locked-dedup-cluster-b74f1f8669498a5ca0d2de84,revision_v1_nonce_96_bit_hex_056,detector_pair__333de7633d9c718cc74f53f6,qwen2_5_7b_instruct_q4_k_m,nonseg_ascii_b16,nonce_96_bit_hex,explain_weather_pattern,ascii_b16,not_applicable,Q4_K_M,model_backed_quantization,0.9900458607823273,surprisal,quantization,pooled_quantizations,test
quantization_generated__quantization_trial__34b9741e98bfab55e0d9603f,1,locked-dedup-cluster-309b32994a041eadb8229c21,revision_v1_chacha20_poly1305_base64_059,detector_pair__2e129008f1206659889ebbec,qwen2_5_7b_instruct_q8_0,nonseg_ascii_b8,chacha20_poly1305_base64,casual_hobby_chat,ascii_b8,not_applicable,Q8_0,model_backed_quantization,0.993467497057992,surprisal,quantization,pooled_quantizations,test
quantization_generated__quantization_trial__34b9d68c7b83fb88b579d9ff,0,locked-dedup-cluster-7ace65ec425e390c50b53396,revision_v1_ed25519_signature_base64_055,detector_pair__312b23045a18359de3104f78,qwen2_5_7b_instruct_q4_k_m,nonseg_ascii_b8,ed25519_signature_base64,procedure_garden_task,ascii_b8,not_applicable,Q4_K_M,model_backed_quantization,0.011621740809851136,surprisal,quantization,pooled_quantizations,test
quantization_generated__quantization_trial__34fe5166e808d693f831576d,1,locked-dedup-cluster-efa41a40866ae7a38d147cae,revision_v1_uuid_v4_053,detector_pair__7c640bd7d6e8c20002affe15,qwen2_5_7b_instruct_q8_0,nonseg_ascii_b16,uuid_v4,narrative_local_walk,ascii_b16,not_applicable,Q8_0,model_backed_quantization,0.997540312731365,surprisal,quantization,pooled_quantizations,test
quantization_generated__quantization_trial__35b3e3606d4f0e6fad37be07,1,locked-dedup-cluster-a3bf6a27ed0073b013821121,revision_v1_uuid_v4_057,detector_pair__a4a6eb08104e5d8fa20a96a8,qwen2_5_7b_instruct_q4_k_m,nonseg_ascii_b8,uuid_v4,forum_learning_answer,ascii_b8,not_applicable,Q4_K_M,model_backed_quantization,0.9820415959460893,surprisal,quantization,pooled_quantizations,test
quantization_generated__quantization_trial__35e04777d54cb1e46799b811,0,locked-dedup-cluster-5e904898cda6c2658fd0bc9d,revision_v1_uuid_v4_055,detector_pair__15fd31d8ca6057c3f62d1e2e,qwen2_5_7b_instruct_q8_0,nonseg_ascii_b8,uuid_v4,casual_neighborhood_chat,ascii_b8,not_applicable,Q8_0,model_backed_quantization,0.010950953248169169,surprisal,quantization,pooled_quantizations,test
quantization_generated__quantization_trial__35f61f4ed0d76697be7fca86,1,locked-dedup-cluster-ff3c000e9d1174a8de74bd6f,revision_v1_ed25519_signature_base64_059,detector_pair__04813f5c16a3ce609c8daf4b,qwen2_5_7b_instruct_q8_0,nonseg_ascii_b8,ed25519_signature_base64,professional_process_email,ascii_b8,not_applicable,Q8_0,model_backed_quantization,0.9821799657446836,surprisal,quantization,pooled_quantizations,test
quantization_generated__quantization_trial__36bfdb1190fc50b414bb50f8,1,locked-dedup-cluster-edd2e9cc43c3cbc95c5be630,revision_v1_nonce_96_bit_hex_059,detector_pair__c0b80d9e04160dbba0e4a248,qwen2_5_7b_instruct_q4_k_m,nonseg_ascii_b16,nonce_96_bit_hex,forum_practical_answer,ascii_b16,not_applicable,Q4_K_M,model_backed_quantization,0.9994191915054462,surprisal,quantization,pooled_quantizations,test
quantization_generated__quantization_trial__37e13386f2a373044c8f0527,0,locked-dedup-cluster-8cd2e77d4fa5e7d635c78e1d,revision_v1_nonce_96_bit_hex_053,detector_pair__8fc17e215306690a2bff1ee5,qwen2_5_7b_instruct_q4_k_m,nonseg_ascii_b8,nonce_96_bit_hex,forum_learning_answer,ascii_b8,not_applicable,Q4_K_M,model_backed_quantization,0.015429654460882666,surprisal,quantization,pooled_quantizations,test
quantization_generated__quantization_trial__3873cd75ba92ecbeaa26be81,0,locked-dedup-cluster-df5a565df542d50b304df667,revision_v1_hmac_sha256_hex_051,detector_pair__bb7a1e398dcfa1d9bf16722e,qwen2_5_7b_instruct_q4_k_m,nonseg_ascii_b8,hmac_sha256_hex,explain_everyday_system,ascii_b8,not_applicable,Q4_K_M,model_backed_quantization,0.007806726103577857,surprisal,quantization,pooled_quantizations,test
quantization_generated__quantization_trial__38abd1cfd4c433fd2861f032,0,locked-dedup-cluster-5ace189a35be6720f7c9dc5e,revision_v1_chacha20_poly1305_base64_057,detector_pair__78ac4a511ce5bcd6ed6ee721,qwen2_5_7b_instruct_q8_0,nonseg_ascii_b8,chacha20_poly1305_base64,narrative_local_walk,ascii_b8,not_applicable,Q8_0,model_backed_quantization,0.01571422847025036,surprisal,quantization,pooled_quantizations,test
quantization_generated__quantization_trial__3909d484765a2920bab23cc4,1,locked-dedup-cluster-96928faedd40703b8bea346c,revision_v1_ed25519_signature_base64_053,detector_pair__f44a94ba73d107407dc62d04,qwen2_5_7b_instruct_q8_0,nonseg_ascii_b16,ed25519_signature_base64,professional_schedule_note,ascii_b16,not_applicable,Q8_0,model_backed_quantization,0.9963454806139816,surprisal,quantization,pooled_quantizations,test
quantization_generated__quantization_trial__397534f5d7bd7601d8e6f583,1,locked-dedup-cluster-326b9482149ce2821475fa6b,revision_v1_chacha20_poly1305_base64_052,detector_pair__dea6b39919f437876670b8c5,qwen2_5_7b_instruct_q4_k_m,nonseg_ascii_b16,chacha20_poly1305_base64,explain_weather_pattern,ascii_b16,not_applicable,Q4_K_M,model_backed_quantization,0.9887060383145065,surprisal,quantization,pooled_quantizations,test
quantization_generated__quantization_trial__39f66685d27a56d32716c93d,0,locked-dedup-cluster-fc358ef7970903b2c06d3c6e,revision_v1_token_128_bit_hex_053,detector_pair__2415e3d63cab4933f2222f09,qwen2_5_7b_instruct_q8_0,nonseg_ascii_b8,token_128_bit_hex,procedure_simple_meal,ascii_b8,not_applicable,Q8_0,model_backed_quantization,0.008106887084777718,surprisal,quantization,pooled_quantizations,test
quantization_generated__quantization_trial__3aafde6636b80c32796781a2,0,locked-dedup-cluster-1bfe0b32bac3fbfe62622c65,revision_v1_ed25519_signature_base64_056,detector_pair__91b5c080922efe183d4d2dec,qwen2_5_7b_instruct_q8_0,nonseg_ascii_b16,ed25519_signature_base64,narrative_learning_moment,ascii_b16,not_applicable,Q8_0,model_backed_quantization,0.03504033155831973,surprisal,quantization,pooled_quantizations,test
quantization_generated__quantization_trial__3b2bc509cb1b2a483a0ac53e,0,locked-dedup-cluster-1bfe0b32bac3fbfe62622c65,revision_v1_ed25519_signature_base64_056,detector_pair__daa0fd1f3abfe755c809841c,qwen2_5_7b_instruct_q4_k_m,nonseg_ascii_b8,ed25519_signature_base64,narrative_learning_moment,ascii_b8,not_applicable,Q4_K_M,model_backed_quantization,0.0494279074620152,surprisal,quantization,pooled_quantizations,test
quantization_generated__quantization_trial__3b4e4c98f57e34c36accadc2,0,locked-dedup-cluster-8e2517efc5b5e889502e61a2,revision_v1_hmac_sha256_hex_058,detector_pair__92a6cf4c5f1767656d27f016,qwen2_5_7b_instruct_q4_k_m,nonseg_ascii_b8,hmac_sha256_hex,casual_neighborhood_chat,ascii_b8,not_applicable,Q4_K_M,model_backed_quantization,0.023398407086758593,surprisal,quantization,pooled_quantizations,test
quantization_generated__quantization_trial__3bac89ad8bd0c7084df7fdf6,1,locked-dedup-cluster-e303bfe023e32c25389ebaf9,revision_v1_token_128_bit_hex_057,detector_pair__9892cf4401179f56b5cd9d8f,qwen2_5_7b_instruct_q4_k_m,nonseg_ascii_b8,token_128_bit_hex,professional_schedule_note,ascii_b8,not_applicable,Q4_K_M,model_backed_quantization,0.9932639761597978,surprisal,quantization,pooled_quantizations,test
quantization_generated__quantization_trial__3bc42264cca9ff075d1f5a81,1,locked-dedup-cluster-6136de4e90d44eb994005d2a,revision_v1_uuid_v4_051,detector_pair__9bea07f8b725d1fce44256c9,qwen2_5_7b_instruct_q8_0,nonseg_ascii_b8,uuid_v4,forum_purchase_advice,ascii_b8,not_applicable,Q8_0,model_backed_quantization,0.9546909025304708,surprisal,quantization,pooled_quantizations,test
quantization_generated__quantization_trial__3be85ca0f93ea57db3859a91,0,locked-dedup-cluster-a877ac9e15d9982c5f795957,revision_v1_sha256_hex_048,detector_pair__d85d76ff6811b6d8244e97a6,qwen2_5_7b_instruct_q8_0,nonseg_ascii_b16,sha256_hex,professional_project_update,ascii_b16,not_applicable,Q8_0,model_backed_quantization,0.009164815286856176,surprisal,quantization,pooled_quantizations,test
quantization_generated__quantization_trial__3c1188b872aa4a4189634dc5,1,locked-dedup-cluster-d546e7e62abc86faac74f5d8,revision_v1_hmac_sha256_hex_056,detector_pair__81e6ba3ca4a90debf03114f2,qwen2_5_7b_instruct_q8_0,nonseg_ascii_b8,hmac_sha256_hex,narrative_learning_moment,ascii_b8,not_applicable,Q8_0,model_backed_quantization,0.9306004174134006,surprisal,quantization,pooled_quantizations,test
quantization_generated__quantization_trial__3c41ff1f1d1be8dc2f41ddcc,1,locked-dedup-cluster-b66a0cfe58608250ea3daeb9,revision_v1_ed25519_signature_base64_058,detector_pair__c57ab4985da04335595df4db,qwen2_5_7b_instruct_q4_k_m,nonseg_ascii_b16,ed25519_signature_base64,casual_neighborhood_chat,ascii_b16,not_applicable,Q4_K_M,model_backed_quantization,0.9895288967545722,surprisal,quantization,pooled_quantizations,test
quantization_generated__quantization_trial__3c585ddd428d0ecbb58e2765,0,locked-dedup-cluster-32bd33f83721fefc90af26d5,revision_v1_nonce_96_bit_hex_057,detector_pair__3f2ffdb6e016a75bd9a3951f,qwen2_5_7b_instruct_q4_k_m,nonseg_ascii_b8,nonce_96_bit_hex,casual_weekend_chat,ascii_b8,not_applicable,Q4_K_M,model_backed_quantization,0.016288878424978975,surprisal,quantization,pooled_quantizations,test
quantization_generated__quantization_trial__3c70b01ac4ec59af43e3c2b9,1,locked-dedup-cluster-eb3d72308b2b51a2950fef61,revision_v1_aes256_gcm_base64_059,detector_pair__e980d32bbe24a132955affba,qwen2_5_7b_instruct_q8_0,nonseg_ascii_b16,aes256_gcm_base64,explain_weather_pattern,ascii_b16,not_applicable,Q8_0,model_backed_quantization,0.9983395415541839,surprisal,quantization,pooled_quantizations,test
quantization_generated__quantization_trial__3d0c2b0f0a0bbc0881e91455,1,locked-dedup-cluster-59f7511f5e7a9e62060c4324,revision_v1_uuid_v4_058,detector_pair__db772aabc1707cedee3e09b5,qwen2_5_7b_instruct_q4_k_m,nonseg_ascii_b16,uuid_v4,procedure_garden_task,ascii_b16,not_applicable,Q4_K_M,model_backed_quantization,0.9849023138866462,surprisal,quantization,pooled_quantizations,test
quantization_generated__quantization_trial__3d2d36652080a2a4b4504496,1,locked-dedup-cluster-5ace189a35be6720f7c9dc5e,revision_v1_chacha20_poly1305_base64_057,detector_pair__78ac4a511ce5bcd6ed6ee721,qwen2_5_7b_instruct_q8_0,nonseg_ascii_b8,chacha20_poly1305_base64,narrative_local_walk,ascii_b8,not_applicable,Q8_0,model_backed_quantization,0.9783129008426656,surprisal,quantization,pooled_quantizations,test
quantization_generated__quantization_trial__3d4dacbc07bdd86ab65d0688,1,locked-dedup-cluster-8150a67016c09420f58d3140,revision_v1_sha256_hex_053,detector_pair__a0525d19d16da07edba1e595,qwen2_5_7b_instruct_q8_0,nonseg_ascii_b8,sha256_hex,casual_weekend_chat,ascii_b8,not_applicable,Q8_0,model_backed_quantization,0.9369832332075801,surprisal,quantization,pooled_quantizations,test
quantization_generated__quantization_trial__3d628c70dedf3ad5407661ef,0,locked-dedup-cluster-7f90efd3f54b6404464512bf,revision_v1_token_128_bit_hex_058,detector_pair__f15ba963d371dedb9d54b58a,qwen2_5_7b_instruct_q4_k_m,nonseg_ascii_b8,token_128_bit_hex,forum_purchase_advice,ascii_b8,not_applicable,Q4_K_M,model_backed_quantization,0.008086858366071906,surprisal,quantization,pooled_quantizations,test
quantization_generated__quantization_trial__3d9ed1d877bb773139f46822,1,locked-dedup-cluster-a37fa1ef4ffc42eb7c181e4b,revision_v1_aes256_gcm_base64_056,detector_pair__3cfbee64b2ba78236728c1d6,qwen2_5_7b_instruct_q4_k_m,nonseg_ascii_b16,aes256_gcm_base64,forum_practical_answer,ascii_b16,not_applicable,Q4_K_M,model_backed_quantization,0.9989937543497204,surprisal,quantization,pooled_quantizations,test
quantization_generated__quantization_trial__3ddc104767324382a413475b,1,locked-dedup-cluster-a30012a117157378dab7a070,revision_v1_ed25519_signature_base64_057,detector_pair__b328c95fca33f8e4a821e025,qwen2_5_7b_instruct_q4_k_m,nonseg_ascii_b16,ed25519_signature_base64,explain_biological_process,ascii_b16,not_applicable,Q4_K_M,model_backed_quantization,0.9927593712046378,surprisal,quantization,pooled_quantizations,test
quantization_generated__quantization_trial__3e012844c7ab23755f71ed91,0,locked-dedup-cluster-2d9d097dd5855bbaaef4a9e2,revision_v1_aes256_gcm_base64_055,detector_pair__233da205a9607f2fd31691b6,qwen2_5_7b_instruct_q8_0,nonseg_ascii_b8,aes256_gcm_base64,professional_project_update,ascii_b8,not_applicable,Q8_0,model_backed_quantization,0.014110386203582629,surprisal,quantization,pooled_quantizations,test
quantization_generated__quantization_trial__3e059a0fde898255eb6077d4,0,locked-dedup-cluster-2474b2a532180733b2583cc4,revision_v1_uuid_v4_059,detector_pair__d5c1b443db129da927e74b4f,qwen2_5_7b_instruct_q8_0,nonseg_ascii_b8,uuid_v4,narrative_learning_moment,ascii_b8,not_applicable,Q8_0,model_backed_quantization,0.05562532501386311,surprisal,quantization,pooled_quantizations,test
quantization_generated__quantization_trial__3e31d2cc1baf104dc84278f0,1,locked-dedup-cluster-6d140bf45feadd3404291e51,revision_v1_uuid_v4_049,detector_pair__d2d08b48c5b710ce24e99637,qwen2_5_7b_instruct_q4_k_m,nonseg_ascii_b16,uuid_v4,casual_hobby_chat,ascii_b16,not_applicable,Q4_K_M,model_backed_quantization,0.9962802570693253,surprisal,quantization,pooled_quantizations,test
quantization_generated__quantization_trial__3e798b7d5ac2d0b28e126907,1,locked-dedup-cluster-5e904898cda6c2658fd0bc9d,revision_v1_uuid_v4_055,detector_pair__1714c271d3615d7f45e1ceac,qwen2_5_7b_instruct_q4_k_m,nonseg_ascii_b16,uuid_v4,casual_neighborhood_chat,ascii_b16,not_applicable,Q4_K_M,model_backed_quantization,0.9970290239790363,surprisal,quantization,pooled_quantizations,test
quantization_generated__quantization_trial__3f2af37b59605d5f189d20e7,1,locked-dedup-cluster-da023141f0cff98c47ca9314,revision_v1_aes256_gcm_base64_051,detector_pair__9c2eb1cb6a1efcca97b5df5f,qwen2_5_7b_instruct_q8_0,nonseg_ascii_b16,aes256_gcm_base64,procedure_garden_task,ascii_b16,not_applicable,Q8_0,model_backed_quantization,0.997982844318125,surprisal,quantization,pooled_quantizations,test
quantization_generated__quantization_trial__3f4c44eeefdf3d76a3e85721,1,locked-dedup-cluster-6df69e2fbbbb2d88163d8a00,revision_v1_chacha20_poly1305_base64_050,detector_pair__7628101fc3925ba12fb36d8a,qwen2_5_7b_instruct_q4_k_m,nonseg_ascii_b16,chacha20_poly1305_base64,procedure_simple_meal,ascii_b16,not_applicable,Q4_K_M,model_backed_quantization,0.9845463138716828,surprisal,quantization,pooled_quantizations,test
quantization_generated__quantization_trial__3f5ad4580249049f526b8464,0,locked-dedup-cluster-40d7dc0aae7327885c0b7431,revision_v1_aes256_gcm_base64_057,detector_pair__0283117bf262495be4ade579,qwen2_5_7b_instruct_q4_k_m,nonseg_ascii_b8,aes256_gcm_base64,procedure_simple_meal,ascii_b8,not_applicable,Q4_K_M,model_backed_quantization,0.007709482949322748,surprisal,quantization,pooled_quantizations,test
quantization_generated__quantization_trial__3fc72f6cd9f1929e933e8194,0,locked-dedup-cluster-59f7511f5e7a9e62060c4324,revision_v1_uuid_v4_058,detector_pair__db772aabc1707cedee3e09b5,qwen2_5_7b_instruct_q8_0,nonseg_ascii_b16,uuid_v4,procedure_garden_task,ascii_b16,not_applicable,Q8_0,model_backed_quantization,0.015107962419869258,surprisal,quantization,pooled_quantizations,test
quantization_generated__quantization_trial__40e1543f5ebc7a854c5c84ff,1,locked-dedup-cluster-9c6f50a86da738803ef00fd9,revision_v1_uuid_v4_050,detector_pair__fa51506e0ca49355c83eaca5,qwen2_5_7b_instruct_q4_k_m,nonseg_ascii_b8,uuid_v4,professional_schedule_note,ascii_b8,not_applicable,Q4_K_M,model_backed_quantization,0.9806181150566285,surprisal,quantization,pooled_quantizations,test
quantization_generated__quantization_trial__40f4f15e27ba67cdc88f6f7a,1,locked-dedup-cluster-ae9124bd602068cdb9f9375d,revision_v1_sha256_hex_059,detector_pair__fd117da7661d5d8ca88497c9,qwen2_5_7b_instruct_q8_0,nonseg_ascii_b8,sha256_hex,casual_hobby_chat,ascii_b8,not_applicable,Q8_0,model_backed_quantization,0.9862148552257767,surprisal,quantization,pooled_quantizations,test
quantization_generated__quantization_trial__41030a9f965249f50dc277eb,0,locked-dedup-cluster-bcfdb6b7b3e10eeeb0fe9939,revision_v1_sha256_hex_049,detector_pair__3d9efc0b6bbb6e0e7c349092,qwen2_5_7b_instruct_q4_k_m,nonseg_ascii_b16,sha256_hex,forum_practical_answer,ascii_b16,not_applicable,Q4_K_M,model_backed_quantization,0.007630506803478782,surprisal,quantization,pooled_quantizations,test
quantization_generated__quantization_trial__412071f255708b74ecc74413,1,locked-dedup-cluster-da023141f0cff98c47ca9314,revision_v1_aes256_gcm_base64_051,detector_pair__9f5ce3bdeb6e240b52bfea66,qwen2_5_7b_instruct_q8_0,nonseg_ascii_b8,aes256_gcm_base64,procedure_garden_task,ascii_b8,not_applicable,Q8_0,model_backed_quantization,0.982394452502806,surprisal,quantization,pooled_quantizations,test
quantization_generated__quantization_trial__412ba60ce6218f37959c9700,0,locked-dedup-cluster-a7d8804ca4431e2f7d1239fd,revision_v1_aes256_gcm_base64_048,detector_pair__0ef84316da1c47080c4716d8,qwen2_5_7b_instruct_q8_0,nonseg_ascii_b16,aes256_gcm_base64,casual_neighborhood_chat,ascii_b16,not_applicable,Q8_0,model_backed_quantization,0.020058742380342946,surprisal,quantization,pooled_quantizations,test
quantization_generated__quantization_trial__41edd59d46f3c58f343790ac,1,locked-dedup-cluster-c588a294c6263bec1e8ad56d,revision_v1_token_128_bit_hex_054,detector_pair__238d5d1cc4671d9981518a1e,qwen2_5_7b_instruct_q8_0,nonseg_ascii_b8,token_128_bit_hex,narrative_local_walk,ascii_b8,not_applicable,Q8_0,model_backed_quantization,0.9211509934542639,surprisal,quantization,pooled_quantizations,test
quantization_generated__quantization_trial__420d8001db0b6c595ce65290,1,locked-dedup-cluster-0eb47bf23cdaa7b54a0335a2,revision_v1_token_128_bit_hex_055,detector_pair__c64c6079d6a0e676792dee0f,qwen2_5_7b_instruct_q4_k_m,nonseg_ascii_b8,token_128_bit_hex,explain_everyday_system,ascii_b8,not_applicable,Q4_K_M,model_backed_quantization,0.9481634059983605,surprisal,quantization,pooled_quantizations,test
quantization_generated__quantization_trial__424ee0d2c0849ac6209f243e,0,locked-dedup-cluster-32ad4bf593b222d70a8ca962,revision_v1_hmac_sha256_hex_053,detector_pair__d938a0aaac8ac310c9c4cd74,qwen2_5_7b_instruct_q4_k_m,nonseg_ascii_b8,hmac_sha256_hex,professional_schedule_note,ascii_b8,not_applicable,Q4_K_M,model_backed_quantization,0.008522220398114285,surprisal,quantization,pooled_quantizations,test
quantization_generated__quantization_trial__42db01ea567497ad96461af1,1,locked-dedup-cluster-e303bfe023e32c25389ebaf9,revision_v1_token_128_bit_hex_057,detector_pair__9892cf4401179f56b5cd9d8f,qwen2_5_7b_instruct_q8_0,nonseg_ascii_b8,token_128_bit_hex,professional_schedule_note,ascii_b8,not_applicable,Q8_0,model_backed_quantization,0.966028177572254,surprisal,quantization,pooled_quantizations,test
quantization_generated__quantization_trial__431398e2676c2eaabd62f609,1,locked-dedup-cluster-a7d8804ca4431e2f7d1239fd,revision_v1_aes256_gcm_base64_048,detector_pair__0ef84316da1c47080c4716d8,qwen2_5_7b_instruct_q4_k_m,nonseg_ascii_b16,aes256_gcm_base64,casual_neighborhood_chat,ascii_b16,not_applicable,Q4_K_M,model_backed_quantization,0.9889343063857526,surprisal,quantization,pooled_quantizations,test
quantization_generated__quantization_trial__431f31ae278346b5ff53de35,0,locked-dedup-cluster-d6ec75465813ed2c729c38e9,revision_v1_aes256_gcm_base64_053,detector_pair__435945ee3c30e2ad9d5ad3f0,qwen2_5_7b_instruct_q4_k_m,nonseg_ascii_b8,aes256_gcm_base64,explain_biological_process,ascii_b8,not_applicable,Q4_K_M,model_backed_quantization,0.005450494721103319,surprisal,quantization,pooled_quantizations,test
quantization_generated__quantization_trial__43429eed879716cf63e43718,0,locked-dedup-cluster-c588a294c6263bec1e8ad56d,revision_v1_token_128_bit_hex_054,detector_pair__a662d9def68ceb50f857ba46,qwen2_5_7b_instruct_q8_0,nonseg_ascii_b16,token_128_bit_hex,narrative_local_walk,ascii_b16,not_applicable,Q8_0,model_backed_quantization,0.012133485593002357,surprisal,quantization,pooled_quantizations,test
quantization_generated__quantization_trial__4420d63e0c5a35cab534ed2e,0,locked-dedup-cluster-bc86fac7c4db3068f8c80ad3,revision_v1_chacha20_poly1305_base64_048,detector_pair__03112160f69f24522635ed1e,qwen2_5_7b_instruct_q8_0,nonseg_ascii_b8,chacha20_poly1305_base64,professional_project_update,ascii_b8,not_applicable,Q8_0,model_backed_quantization,0.015526448328102854,surprisal,quantization,pooled_quantizations,test
quantization_generated__quantization_trial__442224db479c6094f6b7a2aa,0,locked-dedup-cluster-8bfe7043c327d3a82a41f9ad,revision_v1_ed25519_signature_base64_050,detector_pair__dd760f6cf8fee950cc7aeed8,qwen2_5_7b_instruct_q4_k_m,nonseg_ascii_b16,ed25519_signature_base64,narrative_local_walk,ascii_b16,not_applicable,Q4_K_M,model_backed_quantization,0.018257544152973475,surprisal,quantization,pooled_quantizations,test
quantization_generated__quantization_trial__44419525aa06dd93cfe487ca,0,locked-dedup-cluster-0383747dd5a5f8a5f4e4e52b,revision_v1_ed25519_signature_base64_048,detector_pair__470df21f2a388e882d9061b9,qwen2_5_7b_instruct_q4_k_m,nonseg_ascii_b8,ed25519_signature_base64,forum_purchase_advice,ascii_b8,not_applicable,Q4_K_M,model_backed_quantization,0.013700061102445808,surprisal,quantization,pooled_quantizations,test
quantization_generated__quantization_trial__445a03858dab9fda584f54ef,1,locked-dedup-cluster-a4dc36180df85cc7bf87e268,revision_v1_chacha20_poly1305_base64_056,detector_pair__f6860869e70591f2853f8c72,qwen2_5_7b_instruct_q4_k_m,nonseg_ascii_b16,chacha20_poly1305_base64,procedure_home_task,ascii_b16,not_applicable,Q4_K_M,model_backed_quantization,0.9978475717165995,surprisal,quantization,pooled_quantizations,test
quantization_generated__quantization_trial__44c4380fbd14639133c71fd1,0,locked-dedup-cluster-3a9dc163b8daa77eacd7d383,revision_v1_ed25519_signature_base64_052,detector_pair__012596a1e9551d84414eaad0,qwen2_5_7b_instruct_q4_k_m,nonseg_ascii_b16,ed25519_signature_base64,casual_hobby_chat,ascii_b16,not_applicable,Q4_K_M,model_backed_quantization,0.022368131068532388,surprisal,quantization,pooled_quantizations,test
quantization_generated__quantization_trial__45a47d9b69ed1b393307dfd2,0,locked-dedup-cluster-a3bf6a27ed0073b013821121,revision_v1_uuid_v4_057,detector_pair__a4a6eb08104e5d8fa20a96a8,qwen2_5_7b_instruct_q4_k_m,nonseg_ascii_b8,uuid_v4,forum_learning_answer,ascii_b8,not_applicable,Q4_K_M,model_backed_quantization,0.03217082014283225,surprisal,quantization,pooled_quantizations,test
quantization_generated__quantization_trial__45b26dd745256e5c5780ff31,1,locked-dedup-cluster-9dcfc126b0a6fc49629304d7,revision_v1_ed25519_signature_base64_054,detector_pair__ca40d644d86beff1b21b6cf4,qwen2_5_7b_instruct_q8_0,nonseg_ascii_b16,ed25519_signature_base64,forum_learning_answer,ascii_b16,not_applicable,Q8_0,model_backed_quantization,0.9984451390668423,surprisal,quantization,pooled_quantizations,test
quantization_generated__quantization_trial__45df61b5822f7e7276da10d6,0,locked-dedup-cluster-9d3eb2fbe5513f370ee0d0ea,revision_v1_nonce_96_bit_hex_051,detector_pair__12c783cc34e0683424d863aa,qwen2_5_7b_instruct_q8_0,nonseg_ascii_b8,nonce_96_bit_hex,casual_neighborhood_chat,ascii_b8,not_applicable,Q8_0,model_backed_quantization,0.015518199470913882,surprisal,quantization,pooled_quantizations,test
quantization_generated__quantization_trial__45fcc923853f3edce0c2fd2e,0,locked-dedup-cluster-8e2517efc5b5e889502e61a2,revision_v1_hmac_sha256_hex_058,detector_pair__8a86607b2022da755c53c998,qwen2_5_7b_instruct_q4_k_m,nonseg_ascii_b16,hmac_sha256_hex,casual_neighborhood_chat,ascii_b16,not_applicable,Q4_K_M,model_backed_quantization,0.012086463572140608,surprisal,quantization,pooled_quantizations,test
quantization_generated__quantization_trial__46c500f67c858ad56fa2d4dd,0,locked-dedup-cluster-ed3763e56066fab08024a97b,revision_v1_aes256_gcm_base64_058,detector_pair__8f28451de52fe4bad2d1dad2,qwen2_5_7b_instruct_q4_k_m,nonseg_ascii_b16,aes256_gcm_base64,narrative_small_discovery,ascii_b16,not_applicable,Q4_K_M,model_backed_quantization,0.018288952260213882,surprisal,quantization,pooled_quantizations,test
quantization_generated__quantization_trial__46e2809d34a01884599fbbfe,1,locked-dedup-cluster-d546e7e62abc86faac74f5d8,revision_v1_hmac_sha256_hex_056,detector_pair__81e6ba3ca4a90debf03114f2,qwen2_5_7b_instruct_q4_k_m,nonseg_ascii_b8,hmac_sha256_hex,narrative_learning_moment,ascii_b8,not_applicable,Q4_K_M,model_backed_quantization,0.9705129499399876,surprisal,quantization,pooled_quantizations,test
quantization_generated__quantization_trial__473362ae7a1cd7302705ce77,1,locked-dedup-cluster-96979a86e18205acbaf6670b,revision_v1_sha256_hex_050,detector_pair__5d0505cabb44fba140a49f4e,qwen2_5_7b_instruct_q4_k_m,nonseg_ascii_b8,sha256_hex,procedure_simple_meal,ascii_b8,not_applicable,Q4_K_M,model_backed_quantization,0.9578614277179933,surprisal,quantization,pooled_quantizations,test
quantization_generated__quantization_trial__47780c8c145fe3a80c1c1fd6,0,locked-dedup-cluster-fc358ef7970903b2c06d3c6e,revision_v1_token_128_bit_hex_053,detector_pair__2415e3d63cab4933f2222f09,qwen2_5_7b_instruct_q4_k_m,nonseg_ascii_b8,token_128_bit_hex,procedure_simple_meal,ascii_b8,not_applicable,Q4_K_M,model_backed_quantization,0.005151750793802671,surprisal,quantization,pooled_quantizations,test
quantization_generated__quantization_trial__47af7b934e9e8e00881009f5,1,locked-dedup-cluster-b66a0cfe58608250ea3daeb9,revision_v1_ed25519_signature_base64_058,detector_pair__a3a8ecf9401d82a53e48fbbb,qwen2_5_7b_instruct_q8_0,nonseg_ascii_b8,ed25519_signature_base64,casual_neighborhood_chat,ascii_b8,not_applicable,Q8_0,model_backed_quantization,0.9245805255033797,surprisal,quantization,pooled_quantizations,test
quantization_generated__quantization_trial__4871060a3f7b7b2683384f47,1,locked-dedup-cluster-0383747dd5a5f8a5f4e4e52b,revision_v1_ed25519_signature_base64_048,detector_pair__470df21f2a388e882d9061b9,qwen2_5_7b_instruct_q4_k_m,nonseg_ascii_b8,ed25519_signature_base64,forum_purchase_advice,ascii_b8,not_applicable,Q4_K_M,model_backed_quantization,0.9056382850813303,surprisal,quantization,pooled_quantizations,test
quantization_generated__quantization_trial__489ef2b9eb17ca9717a39bd0,0,locked-dedup-cluster-0eb47bf23cdaa7b54a0335a2,revision_v1_token_128_bit_hex_055,detector_pair__c64c6079d6a0e676792dee0f,qwen2_5_7b_instruct_q4_k_m,nonseg_ascii_b8,token_128_bit_hex,explain_everyday_system,ascii_b8,not_applicable,Q4_K_M,model_backed_quantization,0.010648099380059712,surprisal,quantization,pooled_quantizations,test
quantization_generated__quantization_trial__48b74183803ab02e2c584a31,0,locked-dedup-cluster-60a1e2f88d4e40514869d20f,revision_v1_ed25519_signature_base64_051,detector_pair__9f96c81ebf78ffabf9ffcfcc,qwen2_5_7b_instruct_q4_k_m,nonseg_ascii_b16,ed25519_signature_base64,explain_everyday_system,ascii_b16,not_applicable,Q4_K_M,model_backed_quantization,0.01314464286740069,surprisal,quantization,pooled_quantizations,test
quantization_generated__quantization_trial__4916cc453376d5b88f4e5387,1,locked-dedup-cluster-25e8125b00cb0a0fe72d530a,revision_v1_token_128_bit_hex_049,detector_pair__8daf9fb65bb4e260b7341df9,qwen2_5_7b_instruct_q4_k_m,nonseg_ascii_b16,token_128_bit_hex,explain_weather_pattern,ascii_b16,not_applicable,Q4_K_M,model_backed_quantization,0.9901456775238641,surprisal,quantization,pooled_quantizations,test
quantization_generated__quantization_trial__49264d6e901c16a85bc2afd7,1,locked-dedup-cluster-484bc3854d49e18198bd3802,revision_v1_hmac_sha256_hex_050,detector_pair__a501bd2d288585b024d77877,qwen2_5_7b_instruct_q8_0,nonseg_ascii_b8,hmac_sha256_hex,narrative_local_walk,ascii_b8,not_applicable,Q8_0,model_backed_quantization,0.9296305532245429,surprisal,quantization,pooled_quantizations,test
quantization_generated__quantization_trial__4938d332ac7a0b811e2dc5a1,0,locked-dedup-cluster-b74f1f8669498a5ca0d2de84,revision_v1_nonce_96_bit_hex_056,detector_pair__333de7633d9c718cc74f53f6,qwen2_5_7b_instruct_q8_0,nonseg_ascii_b16,nonce_96_bit_hex,explain_weather_pattern,ascii_b16,not_applicable,Q8_0,model_backed_quantization,0.015262739489082949,surprisal,quantization,pooled_quantizations,test
quantization_generated__quantization_trial__495f948a15c1a698fb7706ca,1,locked-dedup-cluster-d6ec75465813ed2c729c38e9,revision_v1_aes256_gcm_base64_053,detector_pair__435945ee3c30e2ad9d5ad3f0,qwen2_5_7b_instruct_q4_k_m,nonseg_ascii_b8,aes256_gcm_base64,explain_biological_process,ascii_b8,not_applicable,Q4_K_M,model_backed_quantization,0.9799080563109703,surprisal,quantization,pooled_quantizations,test
quantization_generated__quantization_trial__4992061891aca36f59548a2c,0,locked-dedup-cluster-e303bfe023e32c25389ebaf9,revision_v1_token_128_bit_hex_057,detector_pair__f5a41c9f6cdf3982925ffc65,qwen2_5_7b_instruct_q8_0,nonseg_ascii_b16,token_128_bit_hex,professional_schedule_note,ascii_b16,not_applicable,Q8_0,model_backed_quantization,0.004591904299681223,surprisal,quantization,pooled_quantizations,test
quantization_generated__quantization_trial__49c629f5217499e17b917bb7,1,locked-dedup-cluster-a48427d79245576d2f3745ad,revision_v1_chacha20_poly1305_base64_054,detector_pair__e446c7eade6403ef27de6be8,qwen2_5_7b_instruct_q4_k_m,nonseg_ascii_b16,chacha20_poly1305_base64,professional_schedule_note,ascii_b16,not_applicable,Q4_K_M,model_backed_quantization,0.9985846108678647,surprisal,quantization,pooled_quantizations,test
quantization_generated__quantization_trial__49e10021dcff2314afb313ee,0,locked-dedup-cluster-a48caa544001e5d183a57eea,revision_v1_nonce_96_bit_hex_049,detector_pair__c60e56cd0da9be5b061b61df,qwen2_5_7b_instruct_q4_k_m,nonseg_ascii_b8,nonce_96_bit_hex,narrative_learning_moment,ascii_b8,not_applicable,Q4_K_M,model_backed_quantization,0.04348555415514463,surprisal,quantization,pooled_quantizations,test
quantization_generated__quantization_trial__49fe804b331c1b1139fad947,0,locked-dedup-cluster-3f1509f18c269716bcce76a3,revision_v1_aes256_gcm_base64_050,detector_pair__bb733d7a2ca84a251f693362,qwen2_5_7b_instruct_q8_0,nonseg_ascii_b8,aes256_gcm_base64,forum_learning_answer,ascii_b8,not_applicable,Q8_0,model_backed_quantization,0.01133636931487928,surprisal,quantization,pooled_quantizations,test
quantization_generated__quantization_trial__4a018f7a603e2217797a8811,1,locked-dedup-cluster-921ce973e5ad81a19c867c59,revision_v1_chacha20_poly1305_base64_055,detector_pair__51c87adbb40b0b284babea9d,qwen2_5_7b_instruct_q4_k_m,nonseg_ascii_b16,chacha20_poly1305_base64,forum_purchase_advice,ascii_b16,not_applicable,Q4_K_M,model_backed_quantization,0.9821947652572522,surprisal,quantization,pooled_quantizations,test
quantization_generated__quantization_trial__4a0407a698f805a11d895bbb,1,locked-dedup-cluster-8cd2e77d4fa5e7d635c78e1d,revision_v1_nonce_96_bit_hex_053,detector_pair__8fc17e215306690a2bff1ee5,qwen2_5_7b_instruct_q4_k_m,nonseg_ascii_b8,nonce_96_bit_hex,forum_learning_answer,ascii_b8,not_applicable,Q4_K_M,model_backed_quantization,0.9196768236471804,surprisal,quantization,pooled_quantizations,test
quantization_generated__quantization_trial__4a9efc59ede5d080ca2f3e4e,0,locked-dedup-cluster-b66a0cfe58608250ea3daeb9,revision_v1_ed25519_signature_base64_058,detector_pair__a3a8ecf9401d82a53e48fbbb,qwen2_5_7b_instruct_q8_0,nonseg_ascii_b8,ed25519_signature_base64,casual_neighborhood_chat,ascii_b8,not_applicable,Q8_0,model_backed_quantization,0.019056971511224246,surprisal,quantization,pooled_quantizations,test
quantization_generated__quantization_trial__4abc5c07b0220517acefc658,0,locked-dedup-cluster-6136de4e90d44eb994005d2a,revision_v1_uuid_v4_051,detector_pair__86325854c5fddaddedf49bed,qwen2_5_7b_instruct_q8_0,nonseg_ascii_b16,uuid_v4,forum_purchase_advice,ascii_b16,not_applicable,Q8_0,model_backed_quantization,0.006357696397686842,surprisal,quantization,pooled_quantizations,test
quantization_generated__quantization_trial__4b59b5e60f951af65840b580,1,locked-dedup-cluster-ba74984ac2d00a189aa1652c,revision_v1_chacha20_poly1305_base64_058,detector_pair__6a746255fe4291ed7b0d6fd2,qwen2_5_7b_instruct_q8_0,nonseg_ascii_b8,chacha20_poly1305_base64,explain_everyday_system,ascii_b8,not_applicable,Q8_0,model_backed_quantization,0.9786077398581731,surprisal,quantization,pooled_quantizations,test
quantization_generated__quantization_trial__4b5c46076165bbe8d4a5c94b,0,locked-dedup-cluster-a37fa1ef4ffc42eb7c181e4b,revision_v1_aes256_gcm_base64_056,detector_pair__3cfbee64b2ba78236728c1d6,qwen2_5_7b_instruct_q4_k_m,nonseg_ascii_b16,aes256_gcm_base64,forum_practical_answer,ascii_b16,not_applicable,Q4_K_M,model_backed_quantization,0.00899808485516059,surprisal,quantization,pooled_quantizations,test
quantization_generated__quantization_trial__4c24dd1ede207095f37b1bc6,0,locked-dedup-cluster-3a9dc163b8daa77eacd7d383,revision_v1_ed25519_signature_base64_052,detector_pair__2ba8a3e641878a643048dcaf,qwen2_5_7b_instruct_q8_0,nonseg_ascii_b8,ed25519_signature_base64,casual_hobby_chat,ascii_b8,not_applicable,Q8_0,model_backed_quantization,0.014473542519879415,surprisal,quantization,pooled_quantizations,test
quantization_generated__quantization_trial__4c3d0238bdff498c1cef2926,0,locked-dedup-cluster-133b7f7eae3c4fc7f563ffcd,revision_v1_nonce_96_bit_hex_055,detector_pair__eacc4b3e6d739ef13cef36db,qwen2_5_7b_instruct_q4_k_m,nonseg_ascii_b16,nonce_96_bit_hex,narrative_small_discovery,ascii_b16,not_applicable,Q4_K_M,model_backed_quantization,0.025142088135240062,surprisal,quantization,pooled_quantizations,test
quantization_generated__quantization_trial__4c84a88126fe2f263dbf0ba3,1,locked-dedup-cluster-9fb55cb9331ccdfa323bdbd1,revision_v1_hmac_sha256_hex_059,detector_pair__b373d008d334b499009c3a9d,qwen2_5_7b_instruct_q8_0,nonseg_ascii_b16,hmac_sha256_hex,professional_process_email,ascii_b16,not_applicable,Q8_0,model_backed_quantization,0.9910268787342658,surprisal,quantization,pooled_quantizations,test
quantization_generated__quantization_trial__4ce7cc5aad82cc112bbb5f9a,1,locked-dedup-cluster-96928faedd40703b8bea346c,revision_v1_ed25519_signature_base64_053,detector_pair__f6b4c1d32978c4bd38effff0,qwen2_5_7b_instruct_q8_0,nonseg_ascii_b8,ed25519_signature_base64,professional_schedule_note,ascii_b8,not_applicable,Q8_0,model_backed_quantization,0.9726802970089921,surprisal,quantization,pooled_quantizations,test
quantization_generated__quantization_trial__4cea05b6f112c0ff37478259,0,locked-dedup-cluster-ddc76c2f58e7b2d9577d19a2,revision_v1_uuid_v4_048,detector_pair__39817f05ee6c9c58129dc4ad,qwen2_5_7b_instruct_q4_k_m,nonseg_ascii_b8,uuid_v4,explain_everyday_system,ascii_b8,not_applicable,Q4_K_M,model_backed_quantization,0.007812896965675468,surprisal,quantization,pooled_quantizations,test
quantization_generated__quantization_trial__4d087e5a4b55e2688915fa1e,1,locked-dedup-cluster-96928faedd40703b8bea346c,revision_v1_ed25519_signature_base64_053,detector_pair__f44a94ba73d107407dc62d04,qwen2_5_7b_instruct_q4_k_m,nonseg_ascii_b16,ed25519_signature_base64,professional_schedule_note,ascii_b16,not_applicable,Q4_K_M,model_backed_quantization,0.9993290962040969,surprisal,quantization,pooled_quantizations,test
quantization_generated__quantization_trial__4d328b8d8dd4a4d359bf9f81,0,locked-dedup-cluster-a1f09603de61d42b17c60f90,revision_v1_nonce_96_bit_hex_058,detector_pair__b36baea5542ef75851fc3db8,qwen2_5_7b_instruct_q8_0,nonseg_ascii_b16,nonce_96_bit_hex,professional_project_update,ascii_b16,not_applicable,Q8_0,model_backed_quantization,0.007157949237113267,surprisal,quantization,pooled_quantizations,test
quantization_generated__quantization_trial__4d3dcee9d99be88269513673,1,locked-dedup-cluster-32bd33f83721fefc90af26d5,revision_v1_nonce_96_bit_hex_057,detector_pair__3f2ffdb6e016a75bd9a3951f,qwen2_5_7b_instruct_q8_0,nonseg_ascii_b8,nonce_96_bit_hex,casual_weekend_chat,ascii_b8,not_applicable,Q8_0,model_backed_quantization,0.9809747020881087,surprisal,quantization,pooled_quantizations,test
quantization_generated__quantization_trial__4d81abf248cb12a6e985e930,0,locked-dedup-cluster-7c650d38321313478e14a048,revision_v1_nonce_96_bit_hex_054,detector_pair__6c1a1e027a0d4cae92dac498,qwen2_5_7b_instruct_q8_0,nonseg_ascii_b8,nonce_96_bit_hex,procedure_simple_meal,ascii_b8,not_applicable,Q8_0,model_backed_quantization,0.006639890471215138,surprisal,quantization,pooled_quantizations,test
quantization_generated__quantization_trial__4da336b3e8a098473da4f551,0,locked-dedup-cluster-c70e6a7b676327fe8dd62523,revision_v1_hmac_sha256_hex_049,detector_pair__a8ed4ac73a94ee56055f2150,qwen2_5_7b_instruct_q8_0,nonseg_ascii_b16,hmac_sha256_hex,procedure_home_task,ascii_b16,not_applicable,Q8_0,model_backed_quantization,0.011451262475231835,surprisal,quantization,pooled_quantizations,test
quantization_generated__quantization_trial__4e1f21a48d155edff09669ba,0,locked-dedup-cluster-8bfe7043c327d3a82a41f9ad,revision_v1_ed25519_signature_base64_050,detector_pair__c521832dfa7dedab93af76bf,qwen2_5_7b_instruct_q4_k_m,nonseg_ascii_b8,ed25519_signature_base64,narrative_local_walk,ascii_b8,not_applicable,Q4_K_M,model_backed_quantization,0.01626404158255401,surprisal,quantization,pooled_quantizations,test
quantization_generated__quantization_trial__4e28aee44f7e37b050b049d7,0,locked-dedup-cluster-66c4eb99135fbceacbf5708b,revision_v1_token_128_bit_hex_059,detector_pair__918255358140a76482aa96d7,qwen2_5_7b_instruct_q4_k_m,nonseg_ascii_b16,token_128_bit_hex,procedure_home_task,ascii_b16,not_applicable,Q4_K_M,model_backed_quantization,0.014222591124706549,surprisal,quantization,pooled_quantizations,test
quantization_generated__quantization_trial__4e447c2adfe89b562ef3ddab,0,locked-dedup-cluster-96928faedd40703b8bea346c,revision_v1_ed25519_signature_base64_053,detector_pair__f44a94ba73d107407dc62d04,qwen2_5_7b_instruct_q4_k_m,nonseg_ascii_b16,ed25519_signature_base64,professional_schedule_note,ascii_b16,not_applicable,Q4_K_M,model_backed_quantization,0.006835207107557646,surprisal,quantization,pooled_quantizations,test
quantization_generated__quantization_trial__4e5228bc2730fc8315fc8cb2,0,locked-dedup-cluster-867b2f4c828e3e0523487402,revision_v1_hmac_sha256_hex_048,detector_pair__4c0939e0df618886ca0d7a1d,qwen2_5_7b_instruct_q4_k_m,nonseg_ascii_b16,hmac_sha256_hex,forum_purchase_advice,ascii_b16,not_applicable,Q4_K_M,model_backed_quantization,0.01219075694503246,surprisal,quantization,pooled_quantizations,test
quantization_generated__quantization_trial__4e97d167a3a3bf05841a1713,1,locked-dedup-cluster-649f177e20db0a267e158906,revision_v1_nonce_96_bit_hex_050,detector_pair__3bd90acfeb2dcfaecf9d895c,qwen2_5_7b_instruct_q8_0,nonseg_ascii_b16,nonce_96_bit_hex,explain_biological_process,ascii_b16,not_applicable,Q8_0,model_backed_quantization,0.9997533642481381,surprisal,quantization,pooled_quantizations,test
quantization_generated__quantization_trial__4f18574f2d1ba19fde2172c5,0,locked-dedup-cluster-6d140bf45feadd3404291e51,revision_v1_uuid_v4_049,detector_pair__d2d08b48c5b710ce24e99637,qwen2_5_7b_instruct_q8_0,nonseg_ascii_b16,uuid_v4,casual_hobby_chat,ascii_b16,not_applicable,Q8_0,model_backed_quantization,0.014880590942317733,surprisal,quantization,pooled_quantizations,test
quantization_generated__quantization_trial__4f3f31246284494897a1f688,0,locked-dedup-cluster-d6ec75465813ed2c729c38e9,revision_v1_aes256_gcm_base64_053,detector_pair__435945ee3c30e2ad9d5ad3f0,qwen2_5_7b_instruct_q8_0,nonseg_ascii_b8,aes256_gcm_base64,explain_biological_process,ascii_b8,not_applicable,Q8_0,model_backed_quantization,0.005644362516414673,surprisal,quantization,pooled_quantizations,test
quantization_generated__quantization_trial__4f8270b24693fdd8dc6fcbf8,1,locked-dedup-cluster-9c6f50a86da738803ef00fd9,revision_v1_uuid_v4_050,detector_pair__df4501e80653dde70306111f,qwen2_5_7b_instruct_q4_k_m,nonseg_ascii_b16,uuid_v4,professional_schedule_note,ascii_b16,not_applicable,Q4_K_M,model_backed_quantization,0.9852344127102849,surprisal,quantization,pooled_quantizations,test
quantization_generated__quantization_trial__5026d3327f06882bf4074066,1,locked-dedup-cluster-339659e6d45626f95acf4c5b,revision_v1_nonce_96_bit_hex_052,detector_pair__e3fba90a9f08d30fd0b73b7c,qwen2_5_7b_instruct_q4_k_m,nonseg_ascii_b8,nonce_96_bit_hex,professional_process_email,ascii_b8,not_applicable,Q4_K_M,model_backed_quantization,0.9683873253447531,surprisal,quantization,pooled_quantizations,test
quantization_generated__quantization_trial__50b00164242df091314d9e92,0,locked-dedup-cluster-ddc76c2f58e7b2d9577d19a2,revision_v1_uuid_v4_048,detector_pair__b57a15a3293df1d4b2e89f60,qwen2_5_7b_instruct_q4_k_m,nonseg_ascii_b16,uuid_v4,explain_everyday_system,ascii_b16,not_applicable,Q4_K_M,model_backed_quantization,0.006112411680856009,surprisal,quantization,pooled_quantizations,test
quantization_generated__quantization_trial__50e773b2f0ab3e07a470caa2,0,locked-dedup-cluster-b66a0cfe58608250ea3daeb9,revision_v1_ed25519_signature_base64_058,detector_pair__c57ab4985da04335595df4db,qwen2_5_7b_instruct_q4_k_m,nonseg_ascii_b16,ed25519_signature_base64,casual_neighborhood_chat,ascii_b16,not_applicable,Q4_K_M,model_backed_quantization,0.019493087871395337,surprisal,quantization,pooled_quantizations,test
quantization_generated__quantization_trial__5119b4d5004ad87456889ee5,0,locked-dedup-cluster-a7d8804ca4431e2f7d1239fd,revision_v1_aes256_gcm_base64_048,detector_pair__bdae80be515ea6aeee25ea65,qwen2_5_7b_instruct_q4_k_m,nonseg_ascii_b8,aes256_gcm_base64,casual_neighborhood_chat,ascii_b8,not_applicable,Q4_K_M,model_backed_quantization,0.012499103673441083,surprisal,quantization,pooled_quantizations,test
quantization_generated__quantization_trial__5121a000923f03050cc30f3d,1,locked-dedup-cluster-40d7dc0aae7327885c0b7431,revision_v1_aes256_gcm_base64_057,detector_pair__aacfd5d0b2ed636d0b524c5a,qwen2_5_7b_instruct_q8_0,nonseg_ascii_b16,aes256_gcm_base64,procedure_simple_meal,ascii_b16,not_applicable,Q8_0,model_backed_quantization,0.9990610927122064,surprisal,quantization,pooled_quantizations,test
quantization_generated__quantization_trial__5125e375716d000a3025c029,1,locked-dedup-cluster-40d7dc0aae7327885c0b7431,revision_v1_aes256_gcm_base64_057,detector_pair__0283117bf262495be4ade579,qwen2_5_7b_instruct_q4_k_m,nonseg_ascii_b8,aes256_gcm_base64,procedure_simple_meal,ascii_b8,not_applicable,Q4_K_M,model_backed_quantization,0.993084605529594,surprisal,quantization,pooled_quantizations,test
quantization_generated__quantization_trial__512fd600a8a48611edc9352f,1,locked-dedup-cluster-4380dc71001b76d2dbf645fb,revision_v1_aes256_gcm_base64_052,detector_pair__b1b2a645d20eb5c9c2f2c737,qwen2_5_7b_instruct_q4_k_m,nonseg_ascii_b8,aes256_gcm_base64,narrative_learning_moment,ascii_b8,not_applicable,Q4_K_M,model_backed_quantization,0.9521259115525055,surprisal,quantization,pooled_quantizations,test
quantization_generated__quantization_trial__517e78d0dd34cf3ade28876a,1,locked-dedup-cluster-735807dfd4ebac001f31dd39,revision_v1_hmac_sha256_hex_052,detector_pair__36ccaba0f6273725cea713a8,qwen2_5_7b_instruct_q4_k_m,nonseg_ascii_b8,hmac_sha256_hex,casual_hobby_chat,ascii_b8,not_applicable,Q4_K_M,model_backed_quantization,0.9670442404397461,surprisal,quantization,pooled_quantizations,test
quantization_generated__quantization_trial__5207f44753e7a1bf128e67b4,1,locked-dedup-cluster-607fc29d4914c273292301d6,revision_v1_token_128_bit_hex_052,detector_pair__3b245e50324bfa6c475a33c5,qwen2_5_7b_instruct_q4_k_m,nonseg_ascii_b8,token_128_bit_hex,forum_practical_answer,ascii_b8,not_applicable,Q4_K_M,model_backed_quantization,0.9853827841702103,surprisal,quantization,pooled_quantizations,test
quantization_generated__quantization_trial__523816ebede6ac3d797e9432,1,locked-dedup-cluster-96979a86e18205acbaf6670b,revision_v1_sha256_hex_050,detector_pair__6f76fd58002693b38da37d83,qwen2_5_7b_instruct_q4_k_m,nonseg_ascii_b16,sha256_hex,procedure_simple_meal,ascii_b16,not_applicable,Q4_K_M,model_backed_quantization,0.9946155272207164,surprisal,quantization,pooled_quantizations,test
quantization_generated__quantization_trial__528214a6e3fb17bfec7a5b55,0,locked-dedup-cluster-649f177e20db0a267e158906,revision_v1_nonce_96_bit_hex_050,detector_pair__3bd90acfeb2dcfaecf9d895c,qwen2_5_7b_instruct_q4_k_m,nonseg_ascii_b16,nonce_96_bit_hex,explain_biological_process,ascii_b16,not_applicable,Q4_K_M,model_backed_quantization,0.004688552766946151,surprisal,quantization,pooled_quantizations,test
quantization_generated__quantization_trial__52e0ae48bd97c57a146073c1,1,locked-dedup-cluster-a2b2305f32aed49b82a74ffb,revision_v1_chacha20_poly1305_base64_051,detector_pair__ffc01e222d6d4224f929be81,qwen2_5_7b_instruct_q4_k_m,nonseg_ascii_b8,chacha20_poly1305_base64,narrative_small_discovery,ascii_b8,not_applicable,Q4_K_M,model_backed_quantization,0.9720022776588838,surprisal,quantization,pooled_quantizations,test
quantization_generated__quantization_trial__53311a83e416ec01faa7b4b1,0,locked-dedup-cluster-c70e6a7b676327fe8dd62523,revision_v1_hmac_sha256_hex_049,detector_pair__a8ed4ac73a94ee56055f2150,qwen2_5_7b_instruct_q4_k_m,nonseg_ascii_b16,hmac_sha256_hex,procedure_home_task,ascii_b16,not_applicable,Q4_K_M,model_backed_quantization,0.01775949488852287,surprisal,quantization,pooled_quantizations,test
quantization_generated__quantization_trial__5381c9d353ddc0c1cbf1b338,1,locked-dedup-cluster-9c6f50a86da738803ef00fd9,revision_v1_uuid_v4_050,detector_pair__df4501e80653dde70306111f,qwen2_5_7b_instruct_q8_0,nonseg_ascii_b16,uuid_v4,professional_schedule_note,ascii_b16,not_applicable,Q8_0,model_backed_quantization,0.9847101317348365,surprisal,quantization,pooled_quantizations,test
quantization_generated__quantization_trial__53c517d76c27300d666d22dd,1,locked-dedup-cluster-66c4eb99135fbceacbf5708b,revision_v1_token_128_bit_hex_059,detector_pair__918255358140a76482aa96d7,qwen2_5_7b_instruct_q8_0,nonseg_ascii_b16,token_128_bit_hex,procedure_home_task,ascii_b16,not_applicable,Q8_0,model_backed_quantization,0.998355516778994,surprisal,quantization,pooled_quantizations,test
quantization_generated__quantization_trial__5409d8bdd12dfed0e217cb13,0,locked-dedup-cluster-484bc3854d49e18198bd3802,revision_v1_hmac_sha256_hex_050,detector_pair__a501bd2d288585b024d77877,qwen2_5_7b_instruct_q4_k_m,nonseg_ascii_b8,hmac_sha256_hex,narrative_local_walk,ascii_b8,not_applicable,Q4_K_M,model_backed_quantization,0.01607099126833925,surprisal,quantization,pooled_quantizations,test
quantization_generated__quantization_trial__54945b034c9e61cfa71c1dba,1,locked-dedup-cluster-48d7da6cd06bde46d05aad3f,revision_v1_sha256_hex_056,detector_pair__aedf54456cbbe96981be5abe,qwen2_5_7b_instruct_q4_k_m,nonseg_ascii_b16,sha256_hex,procedure_home_task,ascii_b16,not_applicable,Q4_K_M,model_backed_quantization,0.988987684597189,surprisal,quantization,pooled_quantizations,test
quantization_generated__quantization_trial__549e139ba793256ca3d9ce02,0,locked-dedup-cluster-59f7511f5e7a9e62060c4324,revision_v1_uuid_v4_058,detector_pair__db772aabc1707cedee3e09b5,qwen2_5_7b_instruct_q4_k_m,nonseg_ascii_b16,uuid_v4,procedure_garden_task,ascii_b16,not_applicable,Q4_K_M,model_backed_quantization,0.009934662437020238,surprisal,quantization,pooled_quantizations,test
quantization_generated__quantization_trial__557e2e1de2147c0d84286ce6,1,locked-dedup-cluster-6df69e2fbbbb2d88163d8a00,revision_v1_chacha20_poly1305_base64_050,detector_pair__68ac93e2d7560be6901a8f51,qwen2_5_7b_instruct_q4_k_m,nonseg_ascii_b8,chacha20_poly1305_base64,procedure_simple_meal,ascii_b8,not_applicable,Q4_K_M,model_backed_quantization,0.9885754610141508,surprisal,quantization,pooled_quantizations,test
quantization_generated__quantization_trial__55b3d4fd3f82bb0a28d26595,0,locked-dedup-cluster-649f177e20db0a267e158906,revision_v1_nonce_96_bit_hex_050,detector_pair__3bd90acfeb2dcfaecf9d895c,qwen2_5_7b_instruct_q8_0,nonseg_ascii_b16,nonce_96_bit_hex,explain_biological_process,ascii_b16,not_applicable,Q8_0,model_backed_quantization,0.005422555570191529,surprisal,quantization,pooled_quantizations,test
quantization_generated__quantization_trial__55f03c3d56e39d86cda8c564,0,locked-dedup-cluster-860f29e67b6cb940e356f2ba,revision_v1_nonce_96_bit_hex_048,detector_pair__cec50060c21d25937b8e5172,qwen2_5_7b_instruct_q8_0,nonseg_ascii_b8,nonce_96_bit_hex,procedure_garden_task,ascii_b8,not_applicable,Q8_0,model_backed_quantization,0.004932626992078198,surprisal,quantization,pooled_quantizations,test
quantization_generated__quantization_trial__56325c5210319d85ae450188,1,locked-dedup-cluster-ddc76c2f58e7b2d9577d19a2,revision_v1_uuid_v4_048,detector_pair__b57a15a3293df1d4b2e89f60,qwen2_5_7b_instruct_q8_0,nonseg_ascii_b16,uuid_v4,explain_everyday_system,ascii_b16,not_applicable,Q8_0,model_backed_quantization,0.9945469391810129,surprisal,quantization,pooled_quantizations,test
quantization_generated__quantization_trial__56587447a190ea9fc23b3323,1,locked-dedup-cluster-a1f09603de61d42b17c60f90,revision_v1_nonce_96_bit_hex_058,detector_pair__b36baea5542ef75851fc3db8,qwen2_5_7b_instruct_q8_0,nonseg_ascii_b16,nonce_96_bit_hex,professional_project_update,ascii_b16,not_applicable,Q8_0,model_backed_quantization,0.9974854473091869,surprisal,quantization,pooled_quantizations,test
quantization_generated__quantization_trial__56a20905381de1b64576f818,1,locked-dedup-cluster-ccac8eefaaa638dd205cad48,revision_v1_ed25519_signature_base64_049,detector_pair__0c738f172d6cebacf1ecb638,qwen2_5_7b_instruct_q8_0,nonseg_ascii_b16,ed25519_signature_base64,procedure_home_task,ascii_b16,not_applicable,Q8_0,model_backed_quantization,0.9947874963456754,surprisal,quantization,pooled_quantizations,test
quantization_generated__quantization_trial__5743424fbf5b7e5a7c47eb46,1,locked-dedup-cluster-6d140bf45feadd3404291e51,revision_v1_uuid_v4_049,detector_pair__d2d08b48c5b710ce24e99637,qwen2_5_7b_instruct_q8_0,nonseg_ascii_b16,uuid_v4,casual_hobby_chat,ascii_b16,not_applicable,Q8_0,model_backed_quantization,0.9904009502112759,surprisal,quantization,pooled_quantizations,test
quantization_generated__quantization_trial__57cd9cc49cac075fe43e8c19,0,locked-dedup-cluster-eb3d72308b2b51a2950fef61,revision_v1_aes256_gcm_base64_059,detector_pair__e980d32bbe24a132955affba,qwen2_5_7b_instruct_q8_0,nonseg_ascii_b16,aes256_gcm_base64,explain_weather_pattern,ascii_b16,not_applicable,Q8_0,model_backed_quantization,0.006620952104049479,surprisal,quantization,pooled_quantizations,test
quantization_generated__quantization_trial__57eca19e4194dbdc5dabacfe,0,locked-dedup-cluster-21724430ac9765521f1234e5,revision_v1_token_128_bit_hex_056,detector_pair__3bcbacc652b9f9765d7c1508,qwen2_5_7b_instruct_q8_0,nonseg_ascii_b8,token_128_bit_hex,casual_hobby_chat,ascii_b8,not_applicable,Q8_0,model_backed_quantization,0.008651210345111932,surprisal,quantization,pooled_quantizations,test
quantization_generated__quantization_trial__57f001125082112d3e2a15f5,0,locked-dedup-cluster-f71f239b6ba6105b60b970fe,revision_v1_aes256_gcm_base64_049,detector_pair__16fb452794f76bd9cb536928,qwen2_5_7b_instruct_q4_k_m,nonseg_ascii_b16,aes256_gcm_base64,professional_process_email,ascii_b16,not_applicable,Q4_K_M,model_backed_quantization,0.011129811362499556,surprisal,quantization,pooled_quantizations,test
quantization_generated__quantization_trial__58250248ddf4d5d1439b8d44,1,locked-dedup-cluster-2d9d097dd5855bbaaef4a9e2,revision_v1_aes256_gcm_base64_055,detector_pair__e2d3301da519fe046a9e9530,qwen2_5_7b_instruct_q4_k_m,nonseg_ascii_b16,aes256_gcm_base64,professional_project_update,ascii_b16,not_applicable,Q4_K_M,model_backed_quantization,0.9992638115635095,surprisal,quantization,pooled_quantizations,test
quantization_generated__quantization_trial__582b6a5b1d77ebb7a88f2245,0,locked-dedup-cluster-7c0c16a38fb1defe696a9adc,revision_v1_sha256_hex_054,detector_pair__533b0d0e65d1751721755782,qwen2_5_7b_instruct_q8_0,nonseg_ascii_b16,sha256_hex,professional_schedule_note,ascii_b16,not_applicable,Q8_0,model_backed_quantization,0.007190057582407523,surprisal,quantization,pooled_quantizations,test
quantization_generated__quantization_trial__587210dea54b1f99a92f009b,0,locked-dedup-cluster-649f177e20db0a267e158906,revision_v1_nonce_96_bit_hex_050,detector_pair__752db95626ca69f994c1d948,qwen2_5_7b_instruct_q8_0,nonseg_ascii_b8,nonce_96_bit_hex,explain_biological_process,ascii_b8,not_applicable,Q8_0,model_backed_quantization,0.004033117803779451,surprisal,quantization,pooled_quantizations,test
quantization_generated__quantization_trial__58dc78037adf9b51d1abc070,1,locked-dedup-cluster-ed3763e56066fab08024a97b,revision_v1_aes256_gcm_base64_058,detector_pair__7f57c4f477f2159947c22953,qwen2_5_7b_instruct_q8_0,nonseg_ascii_b8,aes256_gcm_base64,narrative_small_discovery,ascii_b8,not_applicable,Q8_0,model_backed_quantization,0.9556397150892891,surprisal,quantization,pooled_quantizations,test
quantization_generated__quantization_trial__59cbbb7a9bac3d60e1fe74fb,1,locked-dedup-cluster-484bc3854d49e18198bd3802,revision_v1_hmac_sha256_hex_050,detector_pair__3e8922e25c295c823e758437,qwen2_5_7b_instruct_q4_k_m,nonseg_ascii_b16,hmac_sha256_hex,narrative_local_walk,ascii_b16,not_applicable,Q4_K_M,model_backed_quantization,0.9201089175989866,surprisal,quantization,pooled_quantizations,test
quantization_generated__quantization_trial__5a0bb8dea4bdf7c77cee8ea9,1,locked-dedup-cluster-cb374f9ca23dfd168fe55742,revision_v1_hmac_sha256_hex_055,detector_pair__2f8a8b308996c26af29cf8df,qwen2_5_7b_instruct_q4_k_m,nonseg_ascii_b8,hmac_sha256_hex,procedure_garden_task,ascii_b8,not_applicable,Q4_K_M,model_backed_quantization,0.9876880890549231,surprisal,quantization,pooled_quantizations,test
quantization_generated__quantization_trial__5a21791ccffe7ab6c85108be,1,locked-dedup-cluster-a4dc36180df85cc7bf87e268,revision_v1_chacha20_poly1305_base64_056,detector_pair__b66c3f4120745c05e7d10d3c,qwen2_5_7b_instruct_q4_k_m,nonseg_ascii_b8,chacha20_poly1305_base64,procedure_home_task,ascii_b8,not_applicable,Q4_K_M,model_backed_quantization,0.9803878859639144,surprisal,quantization,pooled_quantizations,test
quantization_generated__quantization_trial__5a9f217e05e4df92c3138b30,0,locked-dedup-cluster-bdb0cb932ce8d25533d129e7,revision_v1_uuid_v4_054,detector_pair__329c0ef6d49127a224eff335,qwen2_5_7b_instruct_q4_k_m,nonseg_ascii_b8,uuid_v4,explain_biological_process,ascii_b8,not_applicable,Q4_K_M,model_backed_quantization,0.005073991840407344,surprisal,quantization,pooled_quantizations,test
quantization_generated__quantization_trial__5aeb8eee4f7396adaa57f747,1,locked-dedup-cluster-96979a86e18205acbaf6670b,revision_v1_sha256_hex_050,detector_pair__6f76fd58002693b38da37d83,qwen2_5_7b_instruct_q8_0,nonseg_ascii_b16,sha256_hex,procedure_simple_meal,ascii_b16,not_applicable,Q8_0,model_backed_quantization,0.995856642227376,surprisal,quantization,pooled_quantizations,test
quantization_generated__quantization_trial__5b0c80bf8e6ea771a8ca9f8d,0,locked-dedup-cluster-133b7f7eae3c4fc7f563ffcd,revision_v1_nonce_96_bit_hex_055,detector_pair__bbc8243a3615367836bcd67b,qwen2_5_7b_instruct_q4_k_m,nonseg_ascii_b8,nonce_96_bit_hex,narrative_small_discovery,ascii_b8,not_applicable,Q4_K_M,model_backed_quantization,0.028463745264526493,surprisal,quantization,pooled_quantizations,test
quantization_generated__quantization_trial__5b4778f0b37a9717a39d5e7f,0,locked-dedup-cluster-cb374f9ca23dfd168fe55742,revision_v1_hmac_sha256_hex_055,detector_pair__0f9728cd84ad588f85c4d4f6,qwen2_5_7b_instruct_q8_0,nonseg_ascii_b16,hmac_sha256_hex,procedure_garden_task,ascii_b16,not_applicable,Q8_0,model_backed_quantization,0.006582512417459093,surprisal,quantization,pooled_quantizations,test
quantization_generated__quantization_trial__5b98d8a88dacd8997377e8d9,1,locked-dedup-cluster-9d3eb2fbe5513f370ee0d0ea,revision_v1_nonce_96_bit_hex_051,detector_pair__911bc81409d529582b79e10e,qwen2_5_7b_instruct_q8_0,nonseg_ascii_b16,nonce_96_bit_hex,casual_neighborhood_chat,ascii_b16,not_applicable,Q8_0,model_backed_quantization,0.9999526308419522,surprisal,quantization,pooled_quantizations,test
quantization_generated__quantization_trial__5bc86d64d45dd3f76dbc067d,1,locked-dedup-cluster-ed3763e56066fab08024a97b,revision_v1_aes256_gcm_base64_058,detector_pair__7f57c4f477f2159947c22953,qwen2_5_7b_instruct_q4_k_m,nonseg_ascii_b8,aes256_gcm_base64,narrative_small_discovery,ascii_b8,not_applicable,Q4_K_M,model_backed_quantization,0.9132438829712431,surprisal,quantization,pooled_quantizations,test
quantization_generated__quantization_trial__5c083df99c00afd81ca5eeac,0,locked-dedup-cluster-0eb47bf23cdaa7b54a0335a2,revision_v1_token_128_bit_hex_055,detector_pair__7cb6da51f2bfa7797487f8f1,qwen2_5_7b_instruct_q8_0,nonseg_ascii_b16,token_128_bit_hex,explain_everyday_system,ascii_b16,not_applicable,Q8_0,model_backed_quantization,0.008352142412922198,surprisal,quantization,pooled_quantizations,test
quantization_generated__quantization_trial__5c9438dd4bd898bae8cca742,1,locked-dedup-cluster-ba74984ac2d00a189aa1652c,revision_v1_chacha20_poly1305_base64_058,detector_pair__92c4ed3194b3ea8a8be1bdee,qwen2_5_7b_instruct_q4_k_m,nonseg_ascii_b16,chacha20_poly1305_base64,explain_everyday_system,ascii_b16,not_applicable,Q4_K_M,model_backed_quantization,0.9974870598003183,surprisal,quantization,pooled_quantizations,test
quantization_generated__quantization_trial__5cade1d16fd4577b188feba3,1,locked-dedup-cluster-860f29e67b6cb940e356f2ba,revision_v1_nonce_96_bit_hex_048,detector_pair__cec50060c21d25937b8e5172,qwen2_5_7b_instruct_q4_k_m,nonseg_ascii_b8,nonce_96_bit_hex,procedure_garden_task,ascii_b8,not_applicable,Q4_K_M,model_backed_quantization,0.9978964829581168,surprisal,quantization,pooled_quantizations,test
quantization_generated__quantization_trial__5ce0f4ad180e1812d42cb02e,0,locked-dedup-cluster-8cd2e77d4fa5e7d635c78e1d,revision_v1_nonce_96_bit_hex_053,detector_pair__e192bbb3cdeb548f2e696aed,qwen2_5_7b_instruct_q8_0,nonseg_ascii_b16,nonce_96_bit_hex,forum_learning_answer,ascii_b16,not_applicable,Q8_0,model_backed_quantization,0.008447993896043669,surprisal,quantization,pooled_quantizations,test
quantization_generated__quantization_trial__5dc61131a67e434ba2d1f6fa,1,locked-dedup-cluster-96928faedd40703b8bea346c,revision_v1_ed25519_signature_base64_053,detector_pair__f6b4c1d32978c4bd38effff0,qwen2_5_7b_instruct_q4_k_m,nonseg_ascii_b8,ed25519_signature_base64,professional_schedule_note,ascii_b8,not_applicable,Q4_K_M,model_backed_quantization,0.9425284053364011,surprisal,quantization,pooled_quantizations,test
quantization_generated__quantization_trial__5de1ce86eaece1614e5ce8fb,1,locked-dedup-cluster-66c4eb99135fbceacbf5708b,revision_v1_token_128_bit_hex_059,detector_pair__5009b3cae167c0a3fc368c66,qwen2_5_7b_instruct_q8_0,nonseg_ascii_b8,token_128_bit_hex,procedure_home_task,ascii_b8,not_applicable,Q8_0,model_backed_quantization,0.9787078173445707,surprisal,quantization,pooled_quantizations,test
quantization_generated__quantization_trial__5e79c022b94dd9b2bb53a62a,1,locked-dedup-cluster-ccac8eefaaa638dd205cad48,revision_v1_ed25519_signature_base64_049,detector_pair__a9e45a0a44b0e11628735c77,qwen2_5_7b_instruct_q8_0,nonseg_ascii_b8,ed25519_signature_base64,procedure_home_task,ascii_b8,not_applicable,Q8_0,model_backed_quantization,0.9830538287259324,surprisal,quantization,pooled_quantizations,test
quantization_generated__quantization_trial__5e99bd4cae685cbfabab96e5,0,locked-dedup-cluster-9dcfc126b0a6fc49629304d7,revision_v1_ed25519_signature_base64_054,detector_pair__ca40d644d86beff1b21b6cf4,qwen2_5_7b_instruct_q4_k_m,nonseg_ascii_b16,ed25519_signature_base64,forum_learning_answer,ascii_b16,not_applicable,Q4_K_M,model_backed_quantization,0.01238347943600563,surprisal,quantization,pooled_quantizations,test
quantization_generated__quantization_trial__5f513d4ae18a9b3f57103467,0,locked-dedup-cluster-48d7da6cd06bde46d05aad3f,revision_v1_sha256_hex_056,detector_pair__df1c175e08410b98d742da47,qwen2_5_7b_instruct_q4_k_m,nonseg_ascii_b8,sha256_hex,procedure_home_task,ascii_b8,not_applicable,Q4_K_M,model_backed_quantization,0.008337446579471984,surprisal,quantization,pooled_quantizations,test
quantization_generated__quantization_trial__5fb9521b3ae6330cc362a2a8,1,locked-dedup-cluster-8cd2e77d4fa5e7d635c78e1d,revision_v1_nonce_96_bit_hex_053,detector_pair__8fc17e215306690a2bff1ee5,qwen2_5_7b_instruct_q8_0,nonseg_ascii_b8,nonce_96_bit_hex,forum_learning_answer,ascii_b8,not_applicable,Q8_0,model_backed_quantization,0.9971639185837142,surprisal,quantization,pooled_quantizations,test
quantization_generated__quantization_trial__6036fdb13450cb2138b4aa0f,1,locked-dedup-cluster-3e7ebbcc4ca1c26b2196e44d,revision_v1_token_128_bit_hex_048,detector_pair__0f2a33ba7c2cf8c8314f1cc8,qwen2_5_7b_instruct_q4_k_m,nonseg_ascii_b8,token_128_bit_hex,narrative_small_discovery,ascii_b8,not_applicable,Q4_K_M,model_backed_quantization,0.7684581407996,surprisal,quantization,pooled_quantizations,test
quantization_generated__quantization_trial__616bec9cf9cc8539410cf0b5,0,locked-dedup-cluster-309b32994a041eadb8229c21,revision_v1_chacha20_poly1305_base64_059,detector_pair__2e129008f1206659889ebbec,qwen2_5_7b_instruct_q8_0,nonseg_ascii_b8,chacha20_poly1305_base64,casual_hobby_chat,ascii_b8,not_applicable,Q8_0,model_backed_quantization,0.011203668656929431,surprisal,quantization,pooled_quantizations,test
quantization_generated__quantization_trial__620d3c4715a74adbce4ca3ea,1,locked-dedup-cluster-d3540d957b4816af4830d47f,revision_v1_chacha20_poly1305_base64_053,detector_pair__36614a06f65a04cd7cec4ac1,qwen2_5_7b_instruct_q4_k_m,nonseg_ascii_b16,chacha20_poly1305_base64,casual_weekend_chat,ascii_b16,not_applicable,Q4_K_M,model_backed_quantization,0.9964649433277889,surprisal,quantization,pooled_quantizations,test
quantization_generated__quantization_trial__62207277383c8c2d1f76059b,1,locked-dedup-cluster-ae9124bd602068cdb9f9375d,revision_v1_sha256_hex_059,detector_pair__788971e93f307b97358737a8,qwen2_5_7b_instruct_q4_k_m,nonseg_ascii_b16,sha256_hex,casual_hobby_chat,ascii_b16,not_applicable,Q4_K_M,model_backed_quantization,0.9825564035392198,surprisal,quantization,pooled_quantizations,test
quantization_generated__quantization_trial__6290e26c0e235d898810c81e,1,locked-dedup-cluster-326b9482149ce2821475fa6b,revision_v1_chacha20_poly1305_base64_052,detector_pair__635aae9b3ae773343a5286ee,qwen2_5_7b_instruct_q8_0,nonseg_ascii_b8,chacha20_poly1305_base64,explain_weather_pattern,ascii_b8,not_applicable,Q8_0,model_backed_quantization,0.952267490613958,surprisal,quantization,pooled_quantizations,test
quantization_generated__quantization_trial__62b02bf508cfb4266557b2e6,1,locked-dedup-cluster-bc86fac7c4db3068f8c80ad3,revision_v1_chacha20_poly1305_base64_048,detector_pair__03112160f69f24522635ed1e,qwen2_5_7b_instruct_q8_0,nonseg_ascii_b8,chacha20_poly1305_base64,professional_project_update,ascii_b8,not_applicable,Q8_0,model_backed_quantization,0.97552089198661,surprisal,quantization,pooled_quantizations,test
quantization_generated__quantization_trial__62c403d31661c02d265cae98,0,locked-dedup-cluster-80d681973cacd2decbba4986,revision_v1_sha256_hex_052,detector_pair__9627d15eb5625ac97ebaeb36,qwen2_5_7b_instruct_q4_k_m,nonseg_ascii_b8,sha256_hex,explain_weather_pattern,ascii_b8,not_applicable,Q4_K_M,model_backed_quantization,0.016872336622027747,surprisal,quantization,pooled_quantizations,test
quantization_generated__quantization_trial__6330e21fe95da7383452b94a,0,locked-dedup-cluster-a37fa1ef4ffc42eb7c181e4b,revision_v1_aes256_gcm_base64_056,detector_pair__5867a223e9e3f5a78eb108fc,qwen2_5_7b_instruct_q8_0,nonseg_ascii_b8,aes256_gcm_base64,forum_practical_answer,ascii_b8,not_applicable,Q8_0,model_backed_quantization,0.00993869176269122,surprisal,quantization,pooled_quantizations,test
quantization_generated__quantization_trial__6362d524ac976e2fcab55e32,0,locked-dedup-cluster-cb374f9ca23dfd168fe55742,revision_v1_hmac_sha256_hex_055,detector_pair__2f8a8b308996c26af29cf8df,qwen2_5_7b_instruct_q4_k_m,nonseg_ascii_b8,hmac_sha256_hex,procedure_garden_task,ascii_b8,not_applicable,Q4_K_M,model_backed_quantization,0.011570928444146013,surprisal,quantization,pooled_quantizations,test
quantization_generated__quantization_trial__63bb4996313fbec90e88b08b,1,locked-dedup-cluster-d6ec75465813ed2c729c38e9,revision_v1_aes256_gcm_base64_053,detector_pair__435945ee3c30e2ad9d5ad3f0,qwen2_5_7b_instruct_q8_0,nonseg_ascii_b8,aes256_gcm_base64,explain_biological_process,ascii_b8,not_applicable,Q8_0,model_backed_quantization,0.9738204313789481,surprisal,quantization,pooled_quantizations,test
quantization_generated__quantization_trial__63cc1079d84d63795a88d093,0,locked-dedup-cluster-e303bfe023e32c25389ebaf9,revision_v1_token_128_bit_hex_057,detector_pair__9892cf4401179f56b5cd9d8f,qwen2_5_7b_instruct_q8_0,nonseg_ascii_b8,token_128_bit_hex,professional_schedule_note,ascii_b8,not_applicable,Q8_0,model_backed_quantization,0.00480421011611452,surprisal,quantization,pooled_quantizations,test
quantization_generated__quantization_trial__63ea8005112fd1d177099dbb,1,locked-dedup-cluster-21724430ac9765521f1234e5,revision_v1_token_128_bit_hex_056,detector_pair__3bcbacc652b9f9765d7c1508,qwen2_5_7b_instruct_q4_k_m,nonseg_ascii_b8,token_128_bit_hex,casual_hobby_chat,ascii_b8,not_applicable,Q4_K_M,model_backed_quantization,0.9808296642584835,surprisal,quantization,pooled_quantizations,test
quantization_generated__quantization_trial__6419c1667451fce5302c7443,1,locked-dedup-cluster-df5a565df542d50b304df667,revision_v1_hmac_sha256_hex_051,detector_pair__bb7a1e398dcfa1d9bf16722e,qwen2_5_7b_instruct_q4_k_m,nonseg_ascii_b8,hmac_sha256_hex,explain_everyday_system,ascii_b8,not_applicable,Q4_K_M,model_backed_quantization,0.9669657280554427,surprisal,quantization,pooled_quantizations,test
quantization_generated__quantization_trial__642f66f1d7f2e4f70715874e,0,locked-dedup-cluster-25e8125b00cb0a0fe72d530a,revision_v1_token_128_bit_hex_049,detector_pair__8daf9fb65bb4e260b7341df9,qwen2_5_7b_instruct_q4_k_m,nonseg_ascii_b16,token_128_bit_hex,explain_weather_pattern,ascii_b16,not_applicable,Q4_K_M,model_backed_quantization,0.007341059951770016,surprisal,quantization,pooled_quantizations,test
quantization_generated__quantization_trial__644dafc012bd2f9ff74585c0,1,locked-dedup-cluster-3e7ebbcc4ca1c26b2196e44d,revision_v1_token_128_bit_hex_048,detector_pair__3d4dba0ecb5d097858cfef59,qwen2_5_7b_instruct_q8_0,nonseg_ascii_b16,token_128_bit_hex,narrative_small_discovery,ascii_b16,not_applicable,Q8_0,model_backed_quantization,0.990311577544896,surprisal,quantization,pooled_quantizations,test
quantization_generated__quantization_trial__6452219666fdc5e0ad636f51,0,locked-dedup-cluster-d5b4f2b51dfabbdce0cd2fb8,revision_v1_sha256_hex_057,detector_pair__891f1ea1924df04030026d30,qwen2_5_7b_instruct_q4_k_m,nonseg_ascii_b16,sha256_hex,narrative_local_walk,ascii_b16,not_applicable,Q4_K_M,model_backed_quantization,0.01433974675936462,surprisal,quantization,pooled_quantizations,test
quantization_generated__quantization_trial__645b98b5d0ed80de5ee892dc,0,locked-dedup-cluster-60a1e2f88d4e40514869d20f,revision_v1_ed25519_signature_base64_051,detector_pair__9a44d8be7a10dcf20ab13766,qwen2_5_7b_instruct_q8_0,nonseg_ascii_b8,ed25519_signature_base64,explain_everyday_system,ascii_b8,not_applicable,Q8_0,model_backed_quantization,0.012151426393456847,surprisal,quantization,pooled_quantizations,test
quantization_generated__quantization_trial__64674062e12a9d6b2bb56a3f,1,locked-dedup-cluster-d546e7e62abc86faac74f5d8,revision_v1_hmac_sha256_hex_056,detector_pair__3ddaf2010b1f1a0fa5536eae,qwen2_5_7b_instruct_q4_k_m,nonseg_ascii_b16,hmac_sha256_hex,narrative_learning_moment,ascii_b16,not_applicable,Q4_K_M,model_backed_quantization,0.9918647268748724,surprisal,quantization,pooled_quantizations,test
quantization_generated__quantization_trial__6487594ad1023d6da6b8e70c,1,locked-dedup-cluster-f71f239b6ba6105b60b970fe,revision_v1_aes256_gcm_base64_049,detector_pair__ab06b51f86631153c60d9d8a,qwen2_5_7b_instruct_q4_k_m,nonseg_ascii_b8,aes256_gcm_base64,professional_process_email,ascii_b8,not_applicable,Q4_K_M,model_backed_quantization,0.9711494473899142,surprisal,quantization,pooled_quantizations,test
quantization_generated__quantization_trial__64897ffe077c8807ef9ff309,1,locked-dedup-cluster-3550b9941e44ba053c139eaa,revision_v1_sha256_hex_055,detector_pair__e3956493695288a49ad3ec85,qwen2_5_7b_instruct_q8_0,nonseg_ascii_b16,sha256_hex,forum_purchase_advice,ascii_b16,not_applicable,Q8_0,model_backed_quantization,0.9728938160047981,surprisal,quantization,pooled_quantizations,test
quantization_generated__quantization_trial__648c6891175cdf19b323ee36,1,locked-dedup-cluster-a48caa544001e5d183a57eea,revision_v1_nonce_96_bit_hex_049,detector_pair__c60e56cd0da9be5b061b61df,qwen2_5_7b_instruct_q8_0,nonseg_ascii_b8,nonce_96_bit_hex,narrative_learning_moment,ascii_b8,not_applicable,Q8_0,model_backed_quantization,0.998184246078116,surprisal,quantization,pooled_quantizations,test
quantization_generated__quantization_trial__6493f4b0ef5e05b24a830fe0,1,locked-dedup-cluster-f9ad8da8cff8f544eb822985,revision_v1_uuid_v4_056,detector_pair__103394a5049e125468eb4c9f,qwen2_5_7b_instruct_q8_0,nonseg_ascii_b16,uuid_v4,professional_process_email,ascii_b16,not_applicable,Q8_0,model_backed_quantization,0.9972682792718214,surprisal,quantization,pooled_quantizations,test
quantization_generated__quantization_trial__64c51aa7effcc8d2856c1d0d,0,locked-dedup-cluster-32ad4bf593b222d70a8ca962,revision_v1_hmac_sha256_hex_053,detector_pair__d938a0aaac8ac310c9c4cd74,qwen2_5_7b_instruct_q8_0,nonseg_ascii_b8,hmac_sha256_hex,professional_schedule_note,ascii_b8,not_applicable,Q8_0,model_backed_quantization,0.008460264160211544,surprisal,quantization,pooled_quantizations,test
quantization_generated__quantization_trial__64cfc91fcf20b079d6cadadd,1,locked-dedup-cluster-339659e6d45626f95acf4c5b,revision_v1_nonce_96_bit_hex_052,detector_pair__e3fba90a9f08d30fd0b73b7c,qwen2_5_7b_instruct_q8_0,nonseg_ascii_b8,nonce_96_bit_hex,professional_process_email,ascii_b8,not_applicable,Q8_0,model_backed_quantization,0.971385944250502,surprisal,quantization,pooled_quantizations,test
quantization_generated__quantization_trial__64d1f439ce2c4841ea8a0885,1,locked-dedup-cluster-96979a86e18205acbaf6670b,revision_v1_sha256_hex_050,detector_pair__5d0505cabb44fba140a49f4e,qwen2_5_7b_instruct_q8_0,nonseg_ascii_b8,sha256_hex,procedure_simple_meal,ascii_b8,not_applicable,Q8_0,model_backed_quantization,0.9799273483489358,surprisal,quantization,pooled_quantizations,test
quantization_generated__quantization_trial__6549bac19c68c52eacbec47e,0,locked-dedup-cluster-f9ad8da8cff8f544eb822985,revision_v1_uuid_v4_056,detector_pair__103394a5049e125468eb4c9f,qwen2_5_7b_instruct_q8_0,nonseg_ascii_b16,uuid_v4,professional_process_email,ascii_b16,not_applicable,Q8_0,model_backed_quantization,0.008179661410624763,surprisal,quantization,pooled_quantizations,test
quantization_generated__quantization_trial__66813f90c8f1455b41f37275,0,locked-dedup-cluster-a48caa544001e5d183a57eea,revision_v1_nonce_96_bit_hex_049,detector_pair__2e533d27f4f595c9bdd5991e,qwen2_5_7b_instruct_q8_0,nonseg_ascii_b16,nonce_96_bit_hex,narrative_learning_moment,ascii_b16,not_applicable,Q8_0,model_backed_quantization,0.017934378094203667,surprisal,quantization,pooled_quantizations,test
quantization_generated__quantization_trial__66d7d19dd197bc9cdbadf561,1,locked-dedup-cluster-cbe3e4480a185210cb46c014,revision_v1_token_128_bit_hex_051,detector_pair__69db954a52f98e7933f15149,qwen2_5_7b_instruct_q4_k_m,nonseg_ascii_b16,token_128_bit_hex,professional_project_update,ascii_b16,not_applicable,Q4_K_M,model_backed_quantization,0.9973020107868201,surprisal,quantization,pooled_quantizations,test
quantization_generated__quantization_trial__6796bed54b0cea4f4f2be647,1,locked-dedup-cluster-fc358ef7970903b2c06d3c6e,revision_v1_token_128_bit_hex_053,detector_pair__43369bf948f8ca23c2581163,qwen2_5_7b_instruct_q8_0,nonseg_ascii_b16,token_128_bit_hex,procedure_simple_meal,ascii_b16,not_applicable,Q8_0,model_backed_quantization,0.9962270539611723,surprisal,quantization,pooled_quantizations,test
quantization_generated__quantization_trial__683bb521681d61a96573c796,0,locked-dedup-cluster-85408c5a1c55422d408f6f47,revision_v1_hmac_sha256_hex_054,detector_pair__2492e5921c4f3248b3f2e259,qwen2_5_7b_instruct_q4_k_m,nonseg_ascii_b16,hmac_sha256_hex,forum_learning_answer,ascii_b16,not_applicable,Q4_K_M,model_backed_quantization,0.007368606925586377,surprisal,quantization,pooled_quantizations,test
quantization_generated__quantization_trial__686d166d280444530e9d68ba,0,locked-dedup-cluster-a7d8804ca4431e2f7d1239fd,revision_v1_aes256_gcm_base64_048,detector_pair__bdae80be515ea6aeee25ea65,qwen2_5_7b_instruct_q8_0,nonseg_ascii_b8,aes256_gcm_base64,casual_neighborhood_chat,ascii_b8,not_applicable,Q8_0,model_backed_quantization,0.014928282539407615,surprisal,quantization,pooled_quantizations,test
quantization_generated__quantization_trial__68b51d8bf651ec8390ec1771,1,locked-dedup-cluster-c588a294c6263bec1e8ad56d,revision_v1_token_128_bit_hex_054,detector_pair__a662d9def68ceb50f857ba46,qwen2_5_7b_instruct_q8_0,nonseg_ascii_b16,token_128_bit_hex,narrative_local_walk,ascii_b16,not_applicable,Q8_0,model_backed_quantization,0.9698791293717037,surprisal,quantization,pooled_quantizations,test
quantization_generated__quantization_trial__68f00f3bfb1e78f750eb672e,1,locked-dedup-cluster-0fa6270b95556a3e58f35a88,revision_v1_chacha20_poly1305_base64_049,detector_pair__3aedf37d9c11b1838d19a6e2,qwen2_5_7b_instruct_q4_k_m,nonseg_ascii_b16,chacha20_poly1305_base64,forum_practical_answer,ascii_b16,not_applicable,Q4_K_M,model_backed_quantization,0.9991745867163248,surprisal,quantization,pooled_quantizations,test
quantization_generated__quantization_trial__6919ba575ee56b073ac308ee,1,locked-dedup-cluster-bdb0cb932ce8d25533d129e7,revision_v1_uuid_v4_054,detector_pair__329c0ef6d49127a224eff335,qwen2_5_7b_instruct_q8_0,nonseg_ascii_b8,uuid_v4,explain_biological_process,ascii_b8,not_applicable,Q8_0,model_backed_quantization,0.9973619150321997,surprisal,quantization,pooled_quantizations,test
quantization_generated__quantization_trial__6932bafc5fd955485eb65f76,1,locked-dedup-cluster-0383747dd5a5f8a5f4e4e52b,revision_v1_ed25519_signature_base64_048,detector_pair__c2135ed8a0eddbc0608ffbc8,qwen2_5_7b_instruct_q8_0,nonseg_ascii_b16,ed25519_signature_base64,forum_purchase_advice,ascii_b16,not_applicable,Q8_0,model_backed_quantization,0.9917518761692354,surprisal,quantization,pooled_quantizations,test
quantization_generated__quantization_trial__6a0e2438a26ff3d90f0f4215,1,locked-dedup-cluster-c588a294c6263bec1e8ad56d,revision_v1_token_128_bit_hex_054,detector_pair__a662d9def68ceb50f857ba46,qwen2_5_7b_instruct_q4_k_m,nonseg_ascii_b16,token_128_bit_hex,narrative_local_walk,ascii_b16,not_applicable,Q4_K_M,model_backed_quantization,0.9143319928049805,surprisal,quantization,pooled_quantizations,test
quantization_generated__quantization_trial__6a4bf2613b859098b3efa66e,1,locked-dedup-cluster-b74f1f8669498a5ca0d2de84,revision_v1_nonce_96_bit_hex_056,detector_pair__3b70f67cd49c2e95b1b24e29,qwen2_5_7b_instruct_q4_k_m,nonseg_ascii_b8,nonce_96_bit_hex,explain_weather_pattern,ascii_b8,not_applicable,Q4_K_M,model_backed_quantization,0.9782374266275136,surprisal,quantization,pooled_quantizations,test
quantization_generated__quantization_trial__6a6749453b3d5a76075f278d,0,locked-dedup-cluster-677b931ede46b422796a024f,revision_v1_token_128_bit_hex_050,detector_pair__73085a1f2f36ac7a7f5564b4,qwen2_5_7b_instruct_q4_k_m,nonseg_ascii_b16,token_128_bit_hex,casual_weekend_chat,ascii_b16,not_applicable,Q4_K_M,model_backed_quantization,0.015395411514030975,surprisal,quantization,pooled_quantizations,test
quantization_generated__quantization_trial__6a961cacaf90d518f82d30a4,1,locked-dedup-cluster-7c0c16a38fb1defe696a9adc,revision_v1_sha256_hex_054,detector_pair__f092df0ec4d4bc22cfdfdbdc,qwen2_5_7b_instruct_q4_k_m,nonseg_ascii_b8,sha256_hex,professional_schedule_note,ascii_b8,not_applicable,Q4_K_M,model_backed_quantization,0.9198029521363478,surprisal,quantization,pooled_quantizations,test
quantization_generated__quantization_trial__6aa78b32b586b07ea8dcfc1e,1,locked-dedup-cluster-24417433e41542e23709f998,revision_v1_aes256_gcm_base64_054,detector_pair__3734f003bf67e83edf138578,qwen2_5_7b_instruct_q4_k_m,nonseg_ascii_b16,aes256_gcm_base64,casual_weekend_chat,ascii_b16,not_applicable,Q4_K_M,model_backed_quantization,0.9876677762702065,surprisal,quantization,pooled_quantizations,test
quantization_generated__quantization_trial__6ad4929802d3aa9b906719a3,0,locked-dedup-cluster-735807dfd4ebac001f31dd39,revision_v1_hmac_sha256_hex_052,detector_pair__36ccaba0f6273725cea713a8,qwen2_5_7b_instruct_q8_0,nonseg_ascii_b8,hmac_sha256_hex,casual_hobby_chat,ascii_b8,not_applicable,Q8_0,model_backed_quantization,0.01822098117292537,surprisal,quantization,pooled_quantizations,test
quantization_generated__quantization_trial__6b496d954909969358283eaa,1,locked-dedup-cluster-6ff827405e3ec8e1790ca5eb,revision_v1_sha256_hex_051,detector_pair__b36e18d066fca8fcf060b234,qwen2_5_7b_instruct_q4_k_m,nonseg_ascii_b8,sha256_hex,narrative_small_discovery,ascii_b8,not_applicable,Q4_K_M,model_backed_quantization,0.9017266264459123,surprisal,quantization,pooled_quantizations,test
quantization_generated__quantization_trial__6ba156b06f3647a406ceb6a0,0,locked-dedup-cluster-f9ad8da8cff8f544eb822985,revision_v1_uuid_v4_056,detector_pair__a27248dc26ca1edf145930d0,qwen2_5_7b_instruct_q8_0,nonseg_ascii_b8,uuid_v4,professional_process_email,ascii_b8,not_applicable,Q8_0,model_backed_quantization,0.009266351612209602,surprisal,quantization,pooled_quantizations,test
quantization_generated__quantization_trial__6c424ac1da031dc7b0377d56,1,locked-dedup-cluster-d6ec75465813ed2c729c38e9,revision_v1_aes256_gcm_base64_053,detector_pair__0e5c4cf56de88a1caea270d8,qwen2_5_7b_instruct_q4_k_m,nonseg_ascii_b16,aes256_gcm_base64,explain_biological_process,ascii_b16,not_applicable,Q4_K_M,model_backed_quantization,0.9955261338147009,surprisal,quantization,pooled_quantizations,test
quantization_generated__quantization_trial__6ccfb4ce672b4e25c5ff8ec3,0,locked-dedup-cluster-4380dc71001b76d2dbf645fb,revision_v1_aes256_gcm_base64_052,detector_pair__b1b2a645d20eb5c9c2f2c737,qwen2_5_7b_instruct_q4_k_m,nonseg_ascii_b8,aes256_gcm_base64,narrative_learning_moment,ascii_b8,not_applicable,Q4_K_M,model_backed_quantization,0.027950701753013705,surprisal,quantization,pooled_quantizations,test
quantization_generated__quantization_trial__6cf607d55bb174b111949bec,1,locked-dedup-cluster-bdb0cb932ce8d25533d129e7,revision_v1_uuid_v4_054,detector_pair__ef1fd33ab12ef68c56542afb,qwen2_5_7b_instruct_q8_0,nonseg_ascii_b16,uuid_v4,explain_biological_process,ascii_b16,not_applicable,Q8_0,model_backed_quantization,0.9984967529480157,surprisal,quantization,pooled_quantizations,test
quantization_generated__quantization_trial__6d1719bc67f689b1f49f4abc,0,locked-dedup-cluster-484bc3854d49e18198bd3802,revision_v1_hmac_sha256_hex_050,detector_pair__a501bd2d288585b024d77877,qwen2_5_7b_instruct_q8_0,nonseg_ascii_b8,hmac_sha256_hex,narrative_local_walk,ascii_b8,not_applicable,Q8_0,model_backed_quantization,0.02049157637216417,surprisal,quantization,pooled_quantizations,test
quantization_generated__quantization_trial__6d4b02cd9158b93a8e88dcd5,0,locked-dedup-cluster-867b2f4c828e3e0523487402,revision_v1_hmac_sha256_hex_048,detector_pair__da08df579ff072eeb5dfb41d,qwen2_5_7b_instruct_q8_0,nonseg_ascii_b8,hmac_sha256_hex,forum_purchase_advice,ascii_b8,not_applicable,Q8_0,model_backed_quantization,0.011472270384220133,surprisal,quantization,pooled_quantizations,test
quantization_generated__quantization_trial__6d8e6c4271931cead4bd1325,1,locked-dedup-cluster-32ad4bf593b222d70a8ca962,revision_v1_hmac_sha256_hex_053,detector_pair__d938a0aaac8ac310c9c4cd74,qwen2_5_7b_instruct_q4_k_m,nonseg_ascii_b8,hmac_sha256_hex,professional_schedule_note,ascii_b8,not_applicable,Q4_K_M,model_backed_quantization,0.9784891077763987,surprisal,quantization,pooled_quantizations,test
quantization_generated__quantization_trial__6dcb62f4a33bf21a0c29add4,1,locked-dedup-cluster-6df69e2fbbbb2d88163d8a00,revision_v1_chacha20_poly1305_base64_050,detector_pair__68ac93e2d7560be6901a8f51,qwen2_5_7b_instruct_q8_0,nonseg_ascii_b8,chacha20_poly1305_base64,procedure_simple_meal,ascii_b8,not_applicable,Q8_0,model_backed_quantization,0.9709474272889839,surprisal,quantization,pooled_quantizations,test
quantization_generated__quantization_trial__6ec0ffc64ed64a44743b7f59,0,locked-dedup-cluster-ae9124bd602068cdb9f9375d,revision_v1_sha256_hex_059,detector_pair__788971e93f307b97358737a8,qwen2_5_7b_instruct_q8_0,nonseg_ascii_b16,sha256_hex,casual_hobby_chat,ascii_b16,not_applicable,Q8_0,model_backed_quantization,0.014114235998779869,surprisal,quantization,pooled_quantizations,test
quantization_generated__quantization_trial__6f15faac2f32e965b90850ea,0,locked-dedup-cluster-8bfe7043c327d3a82a41f9ad,revision_v1_ed25519_signature_base64_050,detector_pair__c521832dfa7dedab93af76bf,qwen2_5_7b_instruct_q8_0,nonseg_ascii_b8,ed25519_signature_base64,narrative_local_walk,ascii_b8,not_applicable,Q8_0,model_backed_quantization,0.01568973452562937,surprisal,quantization,pooled_quantizations,test
quantization_generated__quantization_trial__6f26fc3f11ade17a7f0187bd,1,locked-dedup-cluster-8e2517efc5b5e889502e61a2,revision_v1_hmac_sha256_hex_058,detector_pair__92a6cf4c5f1767656d27f016,qwen2_5_7b_instruct_q8_0,nonseg_ascii_b8,hmac_sha256_hex,casual_neighborhood_chat,ascii_b8,not_applicable,Q8_0,model_backed_quantization,0.9686094188652778,surprisal,quantization,pooled_quantizations,test
quantization_generated__quantization_trial__6f855387f4eae20e6d4c9381,1,locked-dedup-cluster-7f90efd3f54b6404464512bf,revision_v1_token_128_bit_hex_058,detector_pair__f15ba963d371dedb9d54b58a,qwen2_5_7b_instruct_q8_0,nonseg_ascii_b8,token_128_bit_hex,forum_purchase_advice,ascii_b8,not_applicable,Q8_0,model_backed_quantization,0.9875608138359705,surprisal,quantization,pooled_quantizations,test
quantization_generated__quantization_trial__6fafb618c93ad2d54425d48d,0,locked-dedup-cluster-85408c5a1c55422d408f6f47,revision_v1_hmac_sha256_hex_054,detector_pair__2492e5921c4f3248b3f2e259,qwen2_5_7b_instruct_q8_0,nonseg_ascii_b16,hmac_sha256_hex,forum_learning_answer,ascii_b16,not_applicable,Q8_0,model_backed_quantization,0.006365729441647402,surprisal,quantization,pooled_quantizations,test
quantization_generated__quantization_trial__6fc28886d2afd94fc4dac251,1,locked-dedup-cluster-921ce973e5ad81a19c867c59,revision_v1_chacha20_poly1305_base64_055,detector_pair__5d1c070204860a380a1de6d4,qwen2_5_7b_instruct_q4_k_m,nonseg_ascii_b8,chacha20_poly1305_base64,forum_purchase_advice,ascii_b8,not_applicable,Q4_K_M,model_backed_quantization,0.9868316161637187,surprisal,quantization,pooled_quantizations,test
quantization_generated__quantization_trial__701acd21d34071ab272e696f,1,locked-dedup-cluster-921ce973e5ad81a19c867c59,revision_v1_chacha20_poly1305_base64_055,detector_pair__5d1c070204860a380a1de6d4,qwen2_5_7b_instruct_q8_0,nonseg_ascii_b8,chacha20_poly1305_base64,forum_purchase_advice,ascii_b8,not_applicable,Q8_0,model_backed_quantization,0.9913043810705389,surprisal,quantization,pooled_quantizations,test
quantization_generated__quantization_trial__7032938a10a885321f1f4ca4,1,locked-dedup-cluster-5ace189a35be6720f7c9dc5e,revision_v1_chacha20_poly1305_base64_057,detector_pair__f0cdae306897250678b192f4,qwen2_5_7b_instruct_q8_0,nonseg_ascii_b16,chacha20_poly1305_base64,narrative_local_walk,ascii_b16,not_applicable,Q8_0,model_backed_quantization,0.992865183494292,surprisal,quantization,pooled_quantizations,test
quantization_generated__quantization_trial__703ea4f5c239d828a0a26587,0,locked-dedup-cluster-a48427d79245576d2f3745ad,revision_v1_chacha20_poly1305_base64_054,detector_pair__144b130dddc2810b25ef72cd,qwen2_5_7b_instruct_q4_k_m,nonseg_ascii_b8,chacha20_poly1305_base64,professional_schedule_note,ascii_b8,not_applicable,Q4_K_M,model_backed_quantization,0.007533966997250102,surprisal,quantization,pooled_quantizations,test
quantization_generated__quantization_trial__70c2bad7ecc38d5c4d553e1e,0,locked-dedup-cluster-edd2e9cc43c3cbc95c5be630,revision_v1_nonce_96_bit_hex_059,detector_pair__08180600089da427fb8be8e3,qwen2_5_7b_instruct_q8_0,nonseg_ascii_b8,nonce_96_bit_hex,forum_practical_answer,ascii_b8,not_applicable,Q8_0,model_backed_quantization,0.009246586982984013,surprisal,quantization,pooled_quantizations,test
quantization_generated__quantization_trial__70fc3a4453632b264a37a5c5,0,locked-dedup-cluster-7ace65ec425e390c50b53396,revision_v1_ed25519_signature_base64_055,detector_pair__790230528da800f7e55083fb,qwen2_5_7b_instruct_q4_k_m,nonseg_ascii_b16,ed25519_signature_base64,procedure_garden_task,ascii_b16,not_applicable,Q4_K_M,model_backed_quantization,0.009533282947434333,surprisal,quantization,pooled_quantizations,test
quantization_generated__quantization_trial__710914e06dd8a98d0992f5a8,1,locked-dedup-cluster-48d7da6cd06bde46d05aad3f,revision_v1_sha256_hex_056,detector_pair__df1c175e08410b98d742da47,qwen2_5_7b_instruct_q4_k_m,nonseg_ascii_b8,sha256_hex,procedure_home_task,ascii_b8,not_applicable,Q4_K_M,model_backed_quantization,0.9625944709757791,surprisal,quantization,pooled_quantizations,test
quantization_generated__quantization_trial__717088fdeb7a4d404963687f,0,locked-dedup-cluster-0383747dd5a5f8a5f4e4e52b,revision_v1_ed25519_signature_base64_048,detector_pair__c2135ed8a0eddbc0608ffbc8,qwen2_5_7b_instruct_q8_0,nonseg_ascii_b16,ed25519_signature_base64,forum_purchase_advice,ascii_b16,not_applicable,Q8_0,model_backed_quantization,0.023696277683955328,surprisal,quantization,pooled_quantizations,test
quantization_generated__quantization_trial__717969f5c486b56833beec5c,1,locked-dedup-cluster-8cd2e77d4fa5e7d635c78e1d,revision_v1_nonce_96_bit_hex_053,detector_pair__e192bbb3cdeb548f2e696aed,qwen2_5_7b_instruct_q4_k_m,nonseg_ascii_b16,nonce_96_bit_hex,forum_learning_answer,ascii_b16,not_applicable,Q4_K_M,model_backed_quantization,0.9907581381547306,surprisal,quantization,pooled_quantizations,test
quantization_generated__quantization_trial__72211ca096245a1a00c03365,1,locked-dedup-cluster-60a1e2f88d4e40514869d20f,revision_v1_ed25519_signature_base64_051,detector_pair__9a44d8be7a10dcf20ab13766,qwen2_5_7b_instruct_q8_0,nonseg_ascii_b8,ed25519_signature_base64,explain_everyday_system,ascii_b8,not_applicable,Q8_0,model_backed_quantization,0.9831107981073374,surprisal,quantization,pooled_quantizations,test
quantization_generated__quantization_trial__73f5685332ba59f88c070c36,0,locked-dedup-cluster-efa41a40866ae7a38d147cae,revision_v1_uuid_v4_053,detector_pair__7c640bd7d6e8c20002affe15,qwen2_5_7b_instruct_q8_0,nonseg_ascii_b16,uuid_v4,narrative_local_walk,ascii_b16,not_applicable,Q8_0,model_backed_quantization,0.019869163163310992,surprisal,quantization,pooled_quantizations,test
quantization_generated__quantization_trial__7401bae1d1409c6d9a0765f0,0,locked-dedup-cluster-a2b2305f32aed49b82a74ffb,revision_v1_chacha20_poly1305_base64_051,detector_pair__ffc01e222d6d4224f929be81,qwen2_5_7b_instruct_q4_k_m,nonseg_ascii_b8,chacha20_poly1305_base64,narrative_small_discovery,ascii_b8,not_applicable,Q4_K_M,model_backed_quantization,0.02863634907003773,surprisal,quantization,pooled_quantizations,test
quantization_generated__quantization_trial__7430feddfbb84b117849df37,1,locked-dedup-cluster-1bfe0b32bac3fbfe62622c65,revision_v1_ed25519_signature_base64_056,detector_pair__91b5c080922efe183d4d2dec,qwen2_5_7b_instruct_q4_k_m,nonseg_ascii_b16,ed25519_signature_base64,narrative_learning_moment,ascii_b16,not_applicable,Q4_K_M,model_backed_quantization,0.966994189800421,surprisal,quantization,pooled_quantizations,test
quantization_generated__quantization_trial__7435779ad7bf61e7b209aa24,0,locked-dedup-cluster-32ad4bf593b222d70a8ca962,revision_v1_hmac_sha256_hex_053,detector_pair__2952c228cd2bf29a5a80ba7c,qwen2_5_7b_instruct_q8_0,nonseg_ascii_b16,hmac_sha256_hex,professional_schedule_note,ascii_b16,not_applicable,Q8_0,model_backed_quantization,0.006115255753079942,surprisal,quantization,pooled_quantizations,test
quantization_generated__quantization_trial__743673b0d390170073836d61,1,locked-dedup-cluster-59f7511f5e7a9e62060c4324,revision_v1_uuid_v4_058,detector_pair__7f095d587b970100e35a70bc,qwen2_5_7b_instruct_q4_k_m,nonseg_ascii_b8,uuid_v4,procedure_garden_task,ascii_b8,not_applicable,Q4_K_M,model_backed_quantization,0.9920858616042416,surprisal,quantization,pooled_quantizations,test
quantization_generated__quantization_trial__74513c25fb1949fa97fbecee,0,locked-dedup-cluster-96979a86e18205acbaf6670b,revision_v1_sha256_hex_050,detector_pair__5d0505cabb44fba140a49f4e,qwen2_5_7b_instruct_q8_0,nonseg_ascii_b8,sha256_hex,procedure_simple_meal,ascii_b8,not_applicable,Q8_0,model_backed_quantization,0.004759085109246746,surprisal,quantization,pooled_quantizations,test
quantization_generated__quantization_trial__747315afbc35d06f0824476c,0,locked-dedup-cluster-da023141f0cff98c47ca9314,revision_v1_aes256_gcm_base64_051,detector_pair__9c2eb1cb6a1efcca97b5df5f,qwen2_5_7b_instruct_q8_0,nonseg_ascii_b16,aes256_gcm_base64,procedure_garden_task,ascii_b16,not_applicable,Q8_0,model_backed_quantization,0.014219641549115399,surprisal,quantization,pooled_quantizations,test
quantization_generated__quantization_trial__749cb5353f105dc166c3a980,0,locked-dedup-cluster-96979a86e18205acbaf6670b,revision_v1_sha256_hex_050,detector_pair__6f76fd58002693b38da37d83,qwen2_5_7b_instruct_q8_0,nonseg_ascii_b16,sha256_hex,procedure_simple_meal,ascii_b16,not_applicable,Q8_0,model_backed_quantization,0.015147480271800962,surprisal,quantization,pooled_quantizations,test
quantization_generated__quantization_trial__74a5d9bc1b4a31f280f563d3,1,locked-dedup-cluster-d5b4f2b51dfabbdce0cd2fb8,revision_v1_sha256_hex_057,detector_pair__79d3778d08b87fa8ddfa389e,qwen2_5_7b_instruct_q4_k_m,nonseg_ascii_b8,sha256_hex,narrative_local_walk,ascii_b8,not_applicable,Q4_K_M,model_backed_quantization,0.8956438129008947,surprisal,quantization,pooled_quantizations,test
quantization_generated__quantization_trial__752cafe68b8d1d4f039200a4,0,locked-dedup-cluster-6df69e2fbbbb2d88163d8a00,revision_v1_chacha20_poly1305_base64_050,detector_pair__7628101fc3925ba12fb36d8a,qwen2_5_7b_instruct_q8_0,nonseg_ascii_b16,chacha20_poly1305_base64,procedure_simple_meal,ascii_b16,not_applicable,Q8_0,model_backed_quantization,0.012257379797259452,surprisal,quantization,pooled_quantizations,test
quantization_generated__quantization_trial__76513dbbf0da69c1ad83df96,0,locked-dedup-cluster-7c0c16a38fb1defe696a9adc,revision_v1_sha256_hex_054,detector_pair__533b0d0e65d1751721755782,qwen2_5_7b_instruct_q4_k_m,nonseg_ascii_b16,sha256_hex,professional_schedule_note,ascii_b16,not_applicable,Q4_K_M,model_backed_quantization,0.006755073983784445,surprisal,quantization,pooled_quantizations,test
quantization_generated__quantization_trial__76b6c7b84a2f5040fd59897a,1,locked-dedup-cluster-25e8125b00cb0a0fe72d530a,revision_v1_token_128_bit_hex_049,detector_pair__17ee7d235f9e73f3558860d1,qwen2_5_7b_instruct_q4_k_m,nonseg_ascii_b8,token_128_bit_hex,explain_weather_pattern,ascii_b8,not_applicable,Q4_K_M,model_backed_quantization,0.8630716856432797,surprisal,quantization,pooled_quantizations,test
quantization_generated__quantization_trial__76c37307eeacd4567919cd4c,0,locked-dedup-cluster-6df69e2fbbbb2d88163d8a00,revision_v1_chacha20_poly1305_base64_050,detector_pair__68ac93e2d7560be6901a8f51,qwen2_5_7b_instruct_q4_k_m,nonseg_ascii_b8,chacha20_poly1305_base64,procedure_simple_meal,ascii_b8,not_applicable,Q4_K_M,model_backed_quantization,0.0042739708262163325,surprisal,quantization,pooled_quantizations,test
quantization_generated__quantization_trial__76cf75a9ace0e2ba6c224be6,1,locked-dedup-cluster-c70e6a7b676327fe8dd62523,revision_v1_hmac_sha256_hex_049,detector_pair__02b20fef1630ffd7c2661a5e,qwen2_5_7b_instruct_q4_k_m,nonseg_ascii_b8,hmac_sha256_hex,procedure_home_task,ascii_b8,not_applicable,Q4_K_M,model_backed_quantization,0.9939667888362371,surprisal,quantization,pooled_quantizations,test
quantization_generated__quantization_trial__77bed22db1bf60071d5af8a2,1,locked-dedup-cluster-3e7ebbcc4ca1c26b2196e44d,revision_v1_token_128_bit_hex_048,detector_pair__3d4dba0ecb5d097858cfef59,qwen2_5_7b_instruct_q4_k_m,nonseg_ascii_b16,token_128_bit_hex,narrative_small_discovery,ascii_b16,not_applicable,Q4_K_M,model_backed_quantization,0.9853681068523994,surprisal,quantization,pooled_quantizations,test
quantization_generated__quantization_trial__77ce06aa0debf8b3a873717d,0,locked-dedup-cluster-d6ec75465813ed2c729c38e9,revision_v1_aes256_gcm_base64_053,detector_pair__0e5c4cf56de88a1caea270d8,qwen2_5_7b_instruct_q4_k_m,nonseg_ascii_b16,aes256_gcm_base64,explain_biological_process,ascii_b16,not_applicable,Q4_K_M,model_backed_quantization,0.006275285995467732,surprisal,quantization,pooled_quantizations,test
quantization_generated__quantization_trial__78435486d73269bd1d4032ac,0,locked-dedup-cluster-96928faedd40703b8bea346c,revision_v1_ed25519_signature_base64_053,detector_pair__f6b4c1d32978c4bd38effff0,qwen2_5_7b_instruct_q8_0,nonseg_ascii_b8,ed25519_signature_base64,professional_schedule_note,ascii_b8,not_applicable,Q8_0,model_backed_quantization,0.008518969125172391,surprisal,quantization,pooled_quantizations,test
quantization_generated__quantization_trial__7843fea2bd984a41c28ef374,1,locked-dedup-cluster-7c650d38321313478e14a048,revision_v1_nonce_96_bit_hex_054,detector_pair__0a5dcbaddd3ef55f4ea18fdb,qwen2_5_7b_instruct_q8_0,nonseg_ascii_b16,nonce_96_bit_hex,procedure_simple_meal,ascii_b16,not_applicable,Q8_0,model_backed_quantization,0.997575192189798,surprisal,quantization,pooled_quantizations,test
quantization_generated__quantization_trial__784f7ba0f96740b93f26aa4c,0,locked-dedup-cluster-b74f1f8669498a5ca0d2de84,revision_v1_nonce_96_bit_hex_056,detector_pair__333de7633d9c718cc74f53f6,qwen2_5_7b_instruct_q4_k_m,nonseg_ascii_b16,nonce_96_bit_hex,explain_weather_pattern,ascii_b16,not_applicable,Q4_K_M,model_backed_quantization,0.006053866479617373,surprisal,quantization,pooled_quantizations,test
quantization_generated__quantization_trial__792f5530e65eb7cf6d6d9ae6,1,locked-dedup-cluster-309b32994a041eadb8229c21,revision_v1_chacha20_poly1305_base64_059,detector_pair__2e129008f1206659889ebbec,qwen2_5_7b_instruct_q4_k_m,nonseg_ascii_b8,chacha20_poly1305_base64,casual_hobby_chat,ascii_b8,not_applicable,Q4_K_M,model_backed_quantization,0.9695914781270657,surprisal,quantization,pooled_quantizations,test
quantization_generated__quantization_trial__79851ffe46ee72ce36e71471,0,locked-dedup-cluster-6d140bf45feadd3404291e51,revision_v1_uuid_v4_049,detector_pair__2eee1888c03dab3379e6cae0,qwen2_5_7b_instruct_q4_k_m,nonseg_ascii_b8,uuid_v4,casual_hobby_chat,ascii_b8,not_applicable,Q4_K_M,model_backed_quantization,0.012206848140665142,surprisal,quantization,pooled_quantizations,test
quantization_generated__quantization_trial__79c85d45b48aa5aa9729354e,1,locked-dedup-cluster-3550b9941e44ba053c139eaa,revision_v1_sha256_hex_055,detector_pair__e3956493695288a49ad3ec85,qwen2_5_7b_instruct_q4_k_m,nonseg_ascii_b16,sha256_hex,forum_purchase_advice,ascii_b16,not_applicable,Q4_K_M,model_backed_quantization,0.9841860860577386,surprisal,quantization,pooled_quantizations,test
quantization_generated__quantization_trial__7b07d9a1849d0deb306f15ea,0,locked-dedup-cluster-5e904898cda6c2658fd0bc9d,revision_v1_uuid_v4_055,detector_pair__1714c271d3615d7f45e1ceac,qwen2_5_7b_instruct_q4_k_m,nonseg_ascii_b16,uuid_v4,casual_neighborhood_chat,ascii_b16,not_applicable,Q4_K_M,model_backed_quantization,0.018375558211682207,surprisal,quantization,pooled_quantizations,test
quantization_generated__quantization_trial__7b330aaabfb300c5fe5b8122,0,locked-dedup-cluster-8e2517efc5b5e889502e61a2,revision_v1_hmac_sha256_hex_058,detector_pair__92a6cf4c5f1767656d27f016,qwen2_5_7b_instruct_q8_0,nonseg_ascii_b8,hmac_sha256_hex,casual_neighborhood_chat,ascii_b8,not_applicable,Q8_0,model_backed_quantization,0.016111116234250898,surprisal,quantization,pooled_quantizations,test
quantization_generated__quantization_trial__7b83c18e2f16ad975a3c80bf,0,locked-dedup-cluster-0fa6270b95556a3e58f35a88,revision_v1_chacha20_poly1305_base64_049,detector_pair__00e5889621fc76489549efaf,qwen2_5_7b_instruct_q8_0,nonseg_ascii_b8,chacha20_poly1305_base64,forum_practical_answer,ascii_b8,not_applicable,Q8_0,model_backed_quantization,0.008509792186887253,surprisal,quantization,pooled_quantizations,test
quantization_generated__quantization_trial__7bfa91ca5eca171925c474cc,0,locked-dedup-cluster-a0ec330801b891c994a313b8,revision_v1_hmac_sha256_hex_057,detector_pair__6f30bed7a4deab5965850ad3,qwen2_5_7b_instruct_q8_0,nonseg_ascii_b16,hmac_sha256_hex,explain_biological_process,ascii_b16,not_applicable,Q8_0,model_backed_quantization,0.0061186923018936214,surprisal,quantization,pooled_quantizations,test
quantization_generated__quantization_trial__7c4cedc15f811c62e9ebf1d5,1,locked-dedup-cluster-edd2e9cc43c3cbc95c5be630,revision_v1_nonce_96_bit_hex_059,detector_pair__08180600089da427fb8be8e3,qwen2_5_7b_instruct_q4_k_m,nonseg_ascii_b8,nonce_96_bit_hex,forum_practical_answer,ascii_b8,not_applicable,Q4_K_M,model_backed_quantization,0.9995518853730145,surprisal,quantization,pooled_quantizations,test
quantization_generated__quantization_trial__7cf253a8b9de82c9fd612262,0,locked-dedup-cluster-da023141f0cff98c47ca9314,revision_v1_aes256_gcm_base64_051,detector_pair__9f5ce3bdeb6e240b52bfea66,qwen2_5_7b_instruct_q4_k_m,nonseg_ascii_b8,aes256_gcm_base64,procedure_garden_task,ascii_b8,not_applicable,Q4_K_M,model_backed_quantization,0.00792929504352763,surprisal,quantization,pooled_quantizations,test
quantization_generated__quantization_trial__7cf615ca82aad72261906a88,0,locked-dedup-cluster-24417433e41542e23709f998,revision_v1_aes256_gcm_base64_054,detector_pair__2754b1d50fd70c81372cdce6,qwen2_5_7b_instruct_q4_k_m,nonseg_ascii_b8,aes256_gcm_base64,casual_weekend_chat,ascii_b8,not_applicable,Q4_K_M,model_backed_quantization,0.014734338267464732,surprisal,quantization,pooled_quantizations,test
quantization_generated__quantization_trial__7d2c5d69381d8186d8e44ed9,1,locked-dedup-cluster-3a9dc163b8daa77eacd7d383,revision_v1_ed25519_signature_base64_052,detector_pair__2ba8a3e641878a643048dcaf,qwen2_5_7b_instruct_q8_0,nonseg_ascii_b8,ed25519_signature_base64,casual_hobby_chat,ascii_b8,not_applicable,Q8_0,model_backed_quantization,0.9750059528013693,surprisal,quantization,pooled_quantizations,test
quantization_generated__quantization_trial__7d8de880ee5dd5eb53ce27cc,0,locked-dedup-cluster-df5a565df542d50b304df667,revision_v1_hmac_sha256_hex_051,detector_pair__abb0d0a3621fb52a9daad5c4,qwen2_5_7b_instruct_q8_0,nonseg_ascii_b16,hmac_sha256_hex,explain_everyday_system,ascii_b16,not_applicable,Q8_0,model_backed_quantization,0.008448046488181914,surprisal,quantization,pooled_quantizations,test
quantization_generated__quantization_trial__7de045ff4c53fdc97494655c,1,locked-dedup-cluster-80d681973cacd2decbba4986,revision_v1_sha256_hex_052,detector_pair__9627d15eb5625ac97ebaeb36,qwen2_5_7b_instruct_q8_0,nonseg_ascii_b8,sha256_hex,explain_weather_pattern,ascii_b8,not_applicable,Q8_0,model_backed_quantization,0.97277541748639,surprisal,quantization,pooled_quantizations,test
quantization_generated__quantization_trial__7e10ff1ad01ec5ec797ae233,1,locked-dedup-cluster-8e2517efc5b5e889502e61a2,revision_v1_hmac_sha256_hex_058,detector_pair__8a86607b2022da755c53c998,qwen2_5_7b_instruct_q8_0,nonseg_ascii_b16,hmac_sha256_hex,casual_neighborhood_chat,ascii_b16,not_applicable,Q8_0,model_backed_quantization,0.9814357793469833,surprisal,quantization,pooled_quantizations,test
quantization_generated__quantization_trial__7e38957c040b04c3f2250029,1,locked-dedup-cluster-a48caa544001e5d183a57eea,revision_v1_nonce_96_bit_hex_049,detector_pair__2e533d27f4f595c9bdd5991e,qwen2_5_7b_instruct_q4_k_m,nonseg_ascii_b16,nonce_96_bit_hex,narrative_learning_moment,ascii_b16,not_applicable,Q4_K_M,model_backed_quantization,0.9906367134498244,surprisal,quantization,pooled_quantizations,test
quantization_generated__quantization_trial__7e707001da8264b9a013f231,1,locked-dedup-cluster-860f29e67b6cb940e356f2ba,revision_v1_nonce_96_bit_hex_048,detector_pair__0484353bcf571772aab5b432,qwen2_5_7b_instruct_q4_k_m,nonseg_ascii_b16,nonce_96_bit_hex,procedure_garden_task,ascii_b16,not_applicable,Q4_K_M,model_backed_quantization,0.9997190785891673,surprisal,quantization,pooled_quantizations,test
quantization_generated__quantization_trial__7e762a63b00dc3d9354a8518,1,locked-dedup-cluster-bc86fac7c4db3068f8c80ad3,revision_v1_chacha20_poly1305_base64_048,detector_pair__03112160f69f24522635ed1e,qwen2_5_7b_instruct_q4_k_m,nonseg_ascii_b8,chacha20_poly1305_base64,professional_project_update,ascii_b8,not_applicable,Q4_K_M,model_backed_quantization,0.9773768286632722,surprisal,quantization,pooled_quantizations,test
quantization_generated__quantization_trial__7f1316f264c99e0124600db9,0,locked-dedup-cluster-a48caa544001e5d183a57eea,revision_v1_nonce_96_bit_hex_049,detector_pair__2e533d27f4f595c9bdd5991e,qwen2_5_7b_instruct_q4_k_m,nonseg_ascii_b16,nonce_96_bit_hex,narrative_learning_moment,ascii_b16,not_applicable,Q4_K_M,model_backed_quantization,0.007552898527845264,surprisal,quantization,pooled_quantizations,test
quantization_generated__quantization_trial__7fc376092b1464c02ac8ac31,1,locked-dedup-cluster-80d681973cacd2decbba4986,revision_v1_sha256_hex_052,detector_pair__22b6f287deb45facbdb99e3f,qwen2_5_7b_instruct_q4_k_m,nonseg_ascii_b16,sha256_hex,explain_weather_pattern,ascii_b16,not_applicable,Q4_K_M,model_backed_quantization,0.9374016861497089,surprisal,quantization,pooled_quantizations,test
quantization_generated__quantization_trial__807e0c5d9eaa1a66142c2797,0,locked-dedup-cluster-66c4eb99135fbceacbf5708b,revision_v1_token_128_bit_hex_059,detector_pair__918255358140a76482aa96d7,qwen2_5_7b_instruct_q8_0,nonseg_ascii_b16,token_128_bit_hex,procedure_home_task,ascii_b16,not_applicable,Q8_0,model_backed_quantization,0.01933839678923422,surprisal,quantization,pooled_quantizations,test
quantization_generated__quantization_trial__80e4b490ad661886df4dc652,1,locked-dedup-cluster-b66a0cfe58608250ea3daeb9,revision_v1_ed25519_signature_base64_058,detector_pair__c57ab4985da04335595df4db,qwen2_5_7b_instruct_q8_0,nonseg_ascii_b16,ed25519_signature_base64,casual_neighborhood_chat,ascii_b16,not_applicable,Q8_0,model_backed_quantization,0.9908966390349879,surprisal,quantization,pooled_quantizations,test
quantization_generated__quantization_trial__81348e071ef1895233167547,0,locked-dedup-cluster-d3540d957b4816af4830d47f,revision_v1_chacha20_poly1305_base64_053,detector_pair__2a3a252a87728a75d548134d,qwen2_5_7b_instruct_q8_0,nonseg_ascii_b8,chacha20_poly1305_base64,casual_weekend_chat,ascii_b8,not_applicable,Q8_0,model_backed_quantization,0.01531421516263399,surprisal,quantization,pooled_quantizations,test
quantization_generated__quantization_trial__81a1faaddfcfe878ca243805,1,locked-dedup-cluster-339659e6d45626f95acf4c5b,revision_v1_nonce_96_bit_hex_052,detector_pair__f80b1945269a8bc5e5cb2a62,qwen2_5_7b_instruct_q8_0,nonseg_ascii_b16,nonce_96_bit_hex,professional_process_email,ascii_b16,not_applicable,Q8_0,model_backed_quantization,0.9949248921933336,surprisal,quantization,pooled_quantizations,test
quantization_generated__quantization_trial__82a75cec43523331f54d0115,1,locked-dedup-cluster-a877ac9e15d9982c5f795957,revision_v1_sha256_hex_048,detector_pair__7bb296eb5b9c291101190c4f,qwen2_5_7b_instruct_q8_0,nonseg_ascii_b8,sha256_hex,professional_project_update,ascii_b8,not_applicable,Q8_0,model_backed_quantization,0.9873063956205259,surprisal,quantization,pooled_quantizations,test
quantization_generated__quantization_trial__83436390ef8a5d50a20bbbb1,1,locked-dedup-cluster-d6ec75465813ed2c729c38e9,revision_v1_aes256_gcm_base64_053,detector_pair__0e5c4cf56de88a1caea270d8,qwen2_5_7b_instruct_q8_0,nonseg_ascii_b16,aes256_gcm_base64,explain_biological_process,ascii_b16,not_applicable,Q8_0,model_backed_quantization,0.9981252994190675,surprisal,quantization,pooled_quantizations,test
quantization_generated__quantization_trial__834d4cdec40d1193b0947ea8,0,locked-dedup-cluster-ff3c000e9d1174a8de74bd6f,revision_v1_ed25519_signature_base64_059,detector_pair__af750ea7f348e35a16b822dd,qwen2_5_7b_instruct_q4_k_m,nonseg_ascii_b16,ed25519_signature_base64,professional_process_email,ascii_b16,not_applicable,Q4_K_M,model_backed_quantization,0.0126142914793014,surprisal,quantization,pooled_quantizations,test
quantization_generated__quantization_trial__8388069dd71292988b51275b,0,locked-dedup-cluster-1bfe0b32bac3fbfe62622c65,revision_v1_ed25519_signature_base64_056,detector_pair__daa0fd1f3abfe755c809841c,qwen2_5_7b_instruct_q8_0,nonseg_ascii_b8,ed25519_signature_base64,narrative_learning_moment,ascii_b8,not_applicable,Q8_0,model_backed_quantization,0.02775326902501211,surprisal,quantization,pooled_quantizations,test
quantization_generated__quantization_trial__839a46b9e886a6b223472517,0,locked-dedup-cluster-ddc76c2f58e7b2d9577d19a2,revision_v1_uuid_v4_048,detector_pair__b57a15a3293df1d4b2e89f60,qwen2_5_7b_instruct_q8_0,nonseg_ascii_b16,uuid_v4,explain_everyday_system,ascii_b16,not_applicable,Q8_0,model_backed_quantization,0.009640528078154626,surprisal,quantization,pooled_quantizations,test
quantization_generated__quantization_trial__83cbc214fd6bbd3dfc40fc91,0,locked-dedup-cluster-efa41a40866ae7a38d147cae,revision_v1_uuid_v4_053,detector_pair__702fbedc3a582f4f88af2ee5,qwen2_5_7b_instruct_q4_k_m,nonseg_ascii_b8,uuid_v4,narrative_local_walk,ascii_b8,not_applicable,Q4_K_M,model_backed_quantization,0.006032798821434593,surprisal,quantization,pooled_quantizations,test
quantization_generated__quantization_trial__84bcf130de19a473a64a35be,0,locked-dedup-cluster-9d3eb2fbe5513f370ee0d0ea,revision_v1_nonce_96_bit_hex_051,detector_pair__911bc81409d529582b79e10e,qwen2_5_7b_instruct_q8_0,nonseg_ascii_b16,nonce_96_bit_hex,casual_neighborhood_chat,ascii_b16,not_applicable,Q8_0,model_backed_quantization,0.013608921975984819,surprisal,quantization,pooled_quantizations,test
quantization_generated__quantization_trial__84c25e5a9360ade5a8e13e2f,0,locked-dedup-cluster-6df69e2fbbbb2d88163d8a00,revision_v1_chacha20_poly1305_base64_050,detector_pair__7628101fc3925ba12fb36d8a,qwen2_5_7b_instruct_q4_k_m,nonseg_ascii_b16,chacha20_poly1305_base64,procedure_simple_meal,ascii_b16,not_applicable,Q4_K_M,model_backed_quantization,0.009035907908607067,surprisal,quantization,pooled_quantizations,test
quantization_generated__quantization_trial__850926ab8b725086e691c8e4,0,locked-dedup-cluster-6136de4e90d44eb994005d2a,revision_v1_uuid_v4_051,detector_pair__86325854c5fddaddedf49bed,qwen2_5_7b_instruct_q4_k_m,nonseg_ascii_b16,uuid_v4,forum_purchase_advice,ascii_b16,not_applicable,Q4_K_M,model_backed_quantization,0.0066894563308300395,surprisal,quantization,pooled_quantizations,test
quantization_generated__quantization_trial__851b6fbc2ac290a01e1e0854,0,locked-dedup-cluster-85408c5a1c55422d408f6f47,revision_v1_hmac_sha256_hex_054,detector_pair__23672d0ec4bad58efc3e13fb,qwen2_5_7b_instruct_q4_k_m,nonseg_ascii_b8,hmac_sha256_hex,forum_learning_answer,ascii_b8,not_applicable,Q4_K_M,model_backed_quantization,0.01484444307712872,surprisal,quantization,pooled_quantizations,test
quantization_generated__quantization_trial__85c843007259d06ed7ee6076,1,locked-dedup-cluster-cb374f9ca23dfd168fe55742,revision_v1_hmac_sha256_hex_055,detector_pair__0f9728cd84ad588f85c4d4f6,qwen2_5_7b_instruct_q4_k_m,nonseg_ascii_b16,hmac_sha256_hex,procedure_garden_task,ascii_b16,not_applicable,Q4_K_M,model_backed_quantization,0.9858475806542845,surprisal,quantization,pooled_quantizations,test
quantization_generated__quantization_trial__85d1fcb54e1175f55decaf18,1,locked-dedup-cluster-d546e7e62abc86faac74f5d8,revision_v1_hmac_sha256_hex_056,detector_pair__3ddaf2010b1f1a0fa5536eae,qwen2_5_7b_instruct_q8_0,nonseg_ascii_b16,hmac_sha256_hex,narrative_learning_moment,ascii_b16,not_applicable,Q8_0,model_backed_quantization,0.9893130365850736,surprisal,quantization,pooled_quantizations,test
quantization_generated__quantization_trial__85fdd41b5377ff0ccc07f0c3,0,locked-dedup-cluster-9fb55cb9331ccdfa323bdbd1,revision_v1_hmac_sha256_hex_059,detector_pair__b373d008d334b499009c3a9d,qwen2_5_7b_instruct_q8_0,nonseg_ascii_b16,hmac_sha256_hex,professional_process_email,ascii_b16,not_applicable,Q8_0,model_backed_quantization,0.00640022856393419,surprisal,quantization,pooled_quantizations,test
quantization_generated__quantization_trial__86343b22566da8027b64536f,0,locked-dedup-cluster-921ce973e5ad81a19c867c59,revision_v1_chacha20_poly1305_base64_055,detector_pair__5d1c070204860a380a1de6d4,qwen2_5_7b_instruct_q8_0,nonseg_ascii_b8,chacha20_poly1305_base64,forum_purchase_advice,ascii_b8,not_applicable,Q8_0,model_backed_quantization,0.01958354738777711,surprisal,quantization,pooled_quantizations,test
quantization_generated__quantization_trial__86ec9c411da1ea0cbc148654,1,locked-dedup-cluster-3e7ebbcc4ca1c26b2196e44d,revision_v1_token_128_bit_hex_048,detector_pair__0f2a33ba7c2cf8c8314f1cc8,qwen2_5_7b_instruct_q8_0,nonseg_ascii_b8,token_128_bit_hex,narrative_small_discovery,ascii_b8,not_applicable,Q8_0,model_backed_quantization,0.8770301655291305,surprisal,quantization,pooled_quantizations,test
quantization_generated__quantization_trial__877c04f8d12a55f0853870a2,1,locked-dedup-cluster-326b9482149ce2821475fa6b,revision_v1_chacha20_poly1305_base64_052,detector_pair__635aae9b3ae773343a5286ee,qwen2_5_7b_instruct_q4_k_m,nonseg_ascii_b8,chacha20_poly1305_base64,explain_weather_pattern,ascii_b8,not_applicable,Q4_K_M,model_backed_quantization,0.9679197804844265,surprisal,quantization,pooled_quantizations,test
quantization_generated__quantization_trial__879ed251f00cde2ed16f351a,1,locked-dedup-cluster-a48427d79245576d2f3745ad,revision_v1_chacha20_poly1305_base64_054,detector_pair__144b130dddc2810b25ef72cd,qwen2_5_7b_instruct_q8_0,nonseg_ascii_b8,chacha20_poly1305_base64,professional_schedule_note,ascii_b8,not_applicable,Q8_0,model_backed_quantization,0.9928191614184504,surprisal,quantization,pooled_quantizations,test
quantization_generated__quantization_trial__87c75645937ad9c947867a2b,1,locked-dedup-cluster-0383747dd5a5f8a5f4e4e52b,revision_v1_ed25519_signature_base64_048,detector_pair__470df21f2a388e882d9061b9,qwen2_5_7b_instruct_q8_0,nonseg_ascii_b8,ed25519_signature_base64,forum_purchase_advice,ascii_b8,not_applicable,Q8_0,model_backed_quantization,0.9185666607827403,surprisal,quantization,pooled_quantizations,test
quantization_generated__quantization_trial__87d6d6b80c3cb03c76e91b91,0,locked-dedup-cluster-c70e6a7b676327fe8dd62523,revision_v1_hmac_sha256_hex_049,detector_pair__02b20fef1630ffd7c2661a5e,qwen2_5_7b_instruct_q4_k_m,nonseg_ascii_b8,hmac_sha256_hex,procedure_home_task,ascii_b8,not_applicable,Q4_K_M,model_backed_quantization,0.010086789634349277,surprisal,quantization,pooled_quantizations,test
quantization_generated__quantization_trial__87dc23332e25887ff3c3f062,1,locked-dedup-cluster-7c0c16a38fb1defe696a9adc,revision_v1_sha256_hex_054,detector_pair__533b0d0e65d1751721755782,qwen2_5_7b_instruct_q8_0,nonseg_ascii_b16,sha256_hex,professional_schedule_note,ascii_b16,not_applicable,Q8_0,model_backed_quantization,0.9801447338987561,surprisal,quantization,pooled_quantizations,test
quantization_generated__quantization_trial__8812db4b6ed6ce5cdb58e9b7,1,locked-dedup-cluster-8bfe7043c327d3a82a41f9ad,revision_v1_ed25519_signature_base64_050,detector_pair__dd760f6cf8fee950cc7aeed8,qwen2_5_7b_instruct_q4_k_m,nonseg_ascii_b16,ed25519_signature_base64,narrative_local_walk,ascii_b16,not_applicable,Q4_K_M,model_backed_quantization,0.9892615700517191,surprisal,quantization,pooled_quantizations,test
quantization_generated__quantization_trial__88293d54e61e0d67d593ca74,1,locked-dedup-cluster-2d9d097dd5855bbaaef4a9e2,revision_v1_aes256_gcm_base64_055,detector_pair__233da205a9607f2fd31691b6,qwen2_5_7b_instruct_q4_k_m,nonseg_ascii_b8,aes256_gcm_base64,professional_project_update,ascii_b8,not_applicable,Q4_K_M,model_backed_quantization,0.9572388824351458,surprisal,quantization,pooled_quantizations,test
quantization_generated__quantization_trial__887cfe9fa0414b81c1d24319,1,locked-dedup-cluster-59f7511f5e7a9e62060c4324,revision_v1_uuid_v4_058,detector_pair__7f095d587b970100e35a70bc,qwen2_5_7b_instruct_q8_0,nonseg_ascii_b8,uuid_v4,procedure_garden_task,ascii_b8,not_applicable,Q8_0,model_backed_quantization,0.9878637355885193,surprisal,quantization,pooled_quantizations,test
quantization_generated__quantization_trial__8a4d84e2658421612d35a8a3,1,locked-dedup-cluster-0fa6270b95556a3e58f35a88,revision_v1_chacha20_poly1305_base64_049,detector_pair__00e5889621fc76489549efaf,qwen2_5_7b_instruct_q8_0,nonseg_ascii_b8,chacha20_poly1305_base64,forum_practical_answer,ascii_b8,not_applicable,Q8_0,model_backed_quantization,0.9964753068362183,surprisal,quantization,pooled_quantizations,test
quantization_generated__quantization_trial__8bdec1fbd1b2fcd8a2ca11eb,1,locked-dedup-cluster-0eb47bf23cdaa7b54a0335a2,revision_v1_token_128_bit_hex_055,detector_pair__7cb6da51f2bfa7797487f8f1,qwen2_5_7b_instruct_q8_0,nonseg_ascii_b16,token_128_bit_hex,explain_everyday_system,ascii_b16,not_applicable,Q8_0,model_backed_quantization,0.9780803110716763,surprisal,quantization,pooled_quantizations,test
quantization_generated__quantization_trial__8cb529245cd7c373beeec330,0,locked-dedup-cluster-8150a67016c09420f58d3140,revision_v1_sha256_hex_053,detector_pair__a0525d19d16da07edba1e595,qwen2_5_7b_instruct_q8_0,nonseg_ascii_b8,sha256_hex,casual_weekend_chat,ascii_b8,not_applicable,Q8_0,model_backed_quantization,0.02055638513117763,surprisal,quantization,pooled_quantizations,test
quantization_generated__quantization_trial__8cda87f91bf2200a43259f69,0,locked-dedup-cluster-2d9d097dd5855bbaaef4a9e2,revision_v1_aes256_gcm_base64_055,detector_pair__e2d3301da519fe046a9e9530,qwen2_5_7b_instruct_q8_0,nonseg_ascii_b16,aes256_gcm_base64,professional_project_update,ascii_b16,not_applicable,Q8_0,model_backed_quantization,0.010924917856159976,surprisal,quantization,pooled_quantizations,test
quantization_generated__quantization_trial__8dae1b6ea8cb62181c6cac4c,0,locked-dedup-cluster-b74f1f8669498a5ca0d2de84,revision_v1_nonce_96_bit_hex_056,detector_pair__3b70f67cd49c2e95b1b24e29,qwen2_5_7b_instruct_q4_k_m,nonseg_ascii_b8,nonce_96_bit_hex,explain_weather_pattern,ascii_b8,not_applicable,Q4_K_M,model_backed_quantization,0.014388851197111256,surprisal,quantization,pooled_quantizations,test
quantization_generated__quantization_trial__8e09217cccab0786948a682f,1,locked-dedup-cluster-edd2e9cc43c3cbc95c5be630,revision_v1_nonce_96_bit_hex_059,detector_pair__c0b80d9e04160dbba0e4a248,qwen2_5_7b_instruct_q8_0,nonseg_ascii_b16,nonce_96_bit_hex,forum_practical_answer,ascii_b16,not_applicable,Q8_0,model_backed_quantization,0.9981311722243313,surprisal,quantization,pooled_quantizations,test
quantization_generated__quantization_trial__8f27d9926d504f855d423d1c,1,locked-dedup-cluster-a2b2305f32aed49b82a74ffb,revision_v1_chacha20_poly1305_base64_051,detector_pair__d5ae06b7b10f557b4987385e,qwen2_5_7b_instruct_q8_0,nonseg_ascii_b16,chacha20_poly1305_base64,narrative_small_discovery,ascii_b16,not_applicable,Q8_0,model_backed_quantization,0.9965781873181638,surprisal,quantization,pooled_quantizations,test
quantization_generated__quantization_trial__8f9f97eb0ecf35336a89671b,0,locked-dedup-cluster-6ff827405e3ec8e1790ca5eb,revision_v1_sha256_hex_051,detector_pair__b36e18d066fca8fcf060b234,qwen2_5_7b_instruct_q8_0,nonseg_ascii_b8,sha256_hex,narrative_small_discovery,ascii_b8,not_applicable,Q8_0,model_backed_quantization,0.030830501122833594,surprisal,quantization,pooled_quantizations,test
quantization_generated__quantization_trial__8fd641ed0094207af0279b1e,0,locked-dedup-cluster-f71f239b6ba6105b60b970fe,revision_v1_aes256_gcm_base64_049,detector_pair__ab06b51f86631153c60d9d8a,qwen2_5_7b_instruct_q8_0,nonseg_ascii_b8,aes256_gcm_base64,professional_process_email,ascii_b8,not_applicable,Q8_0,model_backed_quantization,0.00941661309394419,surprisal,quantization,pooled_quantizations,test
quantization_generated__quantization_trial__900e5f6fabb74d4c9f940e0a,1,locked-dedup-cluster-cb374f9ca23dfd168fe55742,revision_v1_hmac_sha256_hex_055,detector_pair__2f8a8b308996c26af29cf8df,qwen2_5_7b_instruct_q8_0,nonseg_ascii_b8,hmac_sha256_hex,procedure_garden_task,ascii_b8,not_applicable,Q8_0,model_backed_quantization,0.9486281433174052,surprisal,quantization,pooled_quantizations,test
quantization_generated__quantization_trial__90208252301a62c821d3756f,0,locked-dedup-cluster-66c4eb99135fbceacbf5708b,revision_v1_token_128_bit_hex_059,detector_pair__5009b3cae167c0a3fc368c66,qwen2_5_7b_instruct_q4_k_m,nonseg_ascii_b8,token_128_bit_hex,procedure_home_task,ascii_b8,not_applicable,Q4_K_M,model_backed_quantization,0.012735950092502413,surprisal,quantization,pooled_quantizations,test
quantization_generated__quantization_trial__9043907d8ccb9d234d433d45,0,locked-dedup-cluster-2474b2a532180733b2583cc4,revision_v1_uuid_v4_059,detector_pair__7789621a8233d21dc58bcb1e,qwen2_5_7b_instruct_q4_k_m,nonseg_ascii_b16,uuid_v4,narrative_learning_moment,ascii_b16,not_applicable,Q4_K_M,model_backed_quantization,0.027830888152650307,surprisal,quantization,pooled_quantizations,test
quantization_generated__quantization_trial__9120a5b00f2cba49d436fd3e,1,locked-dedup-cluster-7ace65ec425e390c50b53396,revision_v1_ed25519_signature_base64_055,detector_pair__312b23045a18359de3104f78,qwen2_5_7b_instruct_q8_0,nonseg_ascii_b8,ed25519_signature_base64,procedure_garden_task,ascii_b8,not_applicable,Q8_0,model_backed_quantization,0.9566518504316299,surprisal,quantization,pooled_quantizations,test
quantization_generated__quantization_trial__912f6f225c1b063278db1133,0,locked-dedup-cluster-ddc76c2f58e7b2d9577d19a2,revision_v1_uuid_v4_048,detector_pair__39817f05ee6c9c58129dc4ad,qwen2_5_7b_instruct_q8_0,nonseg_ascii_b8,uuid_v4,explain_everyday_system,ascii_b8,not_applicable,Q8_0,model_backed_quantization,0.008309965585092869,surprisal,quantization,pooled_quantizations,test
quantization_generated__quantization_trial__9143679bf443324ddbd78469,0,locked-dedup-cluster-48d7da6cd06bde46d05aad3f,revision_v1_sha256_hex_056,detector_pair__aedf54456cbbe96981be5abe,qwen2_5_7b_instruct_q8_0,nonseg_ascii_b16,sha256_hex,procedure_home_task,ascii_b16,not_applicable,Q8_0,model_backed_quantization,0.010326337063680116,surprisal,quantization,pooled_quantizations,test
quantization_generated__quantization_trial__9153250137d4c2c479a1b20d,1,locked-dedup-cluster-ae9124bd602068cdb9f9375d,revision_v1_sha256_hex_059,detector_pair__fd117da7661d5d8ca88497c9,qwen2_5_7b_instruct_q4_k_m,nonseg_ascii_b8,sha256_hex,casual_hobby_chat,ascii_b8,not_applicable,Q4_K_M,model_backed_quantization,0.9497073915348285,surprisal,quantization,pooled_quantizations,test
quantization_generated__quantization_trial__9185004c77adb472e443f7c3,0,locked-dedup-cluster-fc358ef7970903b2c06d3c6e,revision_v1_token_128_bit_hex_053,detector_pair__43369bf948f8ca23c2581163,qwen2_5_7b_instruct_q4_k_m,nonseg_ascii_b16,token_128_bit_hex,procedure_simple_meal,ascii_b16,not_applicable,Q4_K_M,model_backed_quantization,0.006949595132530671,surprisal,quantization,pooled_quantizations,test
quantization_generated__quantization_trial__919a4bc6e6d73cfc55347447,1,locked-dedup-cluster-0fa6270b95556a3e58f35a88,revision_v1_chacha20_poly1305_base64_049,detector_pair__00e5889621fc76489549efaf,qwen2_5_7b_instruct_q4_k_m,nonseg_ascii_b8,chacha20_poly1305_base64,forum_practical_answer,ascii_b8,not_applicable,Q4_K_M,model_backed_quantization,0.995740327038046,surprisal,quantization,pooled_quantizations,test
quantization_generated__quantization_trial__91c330dc6217ca81af6d7ddf,0,locked-dedup-cluster-339659e6d45626f95acf4c5b,revision_v1_nonce_96_bit_hex_052,detector_pair__f80b1945269a8bc5e5cb2a62,qwen2_5_7b_instruct_q8_0,nonseg_ascii_b16,nonce_96_bit_hex,professional_process_email,ascii_b16,not_applicable,Q8_0,model_backed_quantization,0.0044354567860409025,surprisal,quantization,pooled_quantizations,test
quantization_generated__quantization_trial__91d6ee2102d574a0118333aa,1,locked-dedup-cluster-b74f1f8669498a5ca0d2de84,revision_v1_nonce_96_bit_hex_056,detector_pair__333de7633d9c718cc74f53f6,qwen2_5_7b_instruct_q8_0,nonseg_ascii_b16,nonce_96_bit_hex,explain_weather_pattern,ascii_b16,not_applicable,Q8_0,model_backed_quantization,0.9995695800537108,surprisal,quantization,pooled_quantizations,test
quantization_generated__quantization_trial__92b76d42619eb378d49b358c,0,locked-dedup-cluster-0eb47bf23cdaa7b54a0335a2,revision_v1_token_128_bit_hex_055,detector_pair__c64c6079d6a0e676792dee0f,qwen2_5_7b_instruct_q8_0,nonseg_ascii_b8,token_128_bit_hex,explain_everyday_system,ascii_b8,not_applicable,Q8_0,model_backed_quantization,0.007017578895461387,surprisal,quantization,pooled_quantizations,test
quantization_generated__quantization_trial__92e483bb46231e4a451f7f66,1,locked-dedup-cluster-24417433e41542e23709f998,revision_v1_aes256_gcm_base64_054,detector_pair__2754b1d50fd70c81372cdce6,qwen2_5_7b_instruct_q8_0,nonseg_ascii_b8,aes256_gcm_base64,casual_weekend_chat,ascii_b8,not_applicable,Q8_0,model_backed_quantization,0.972240678962711,surprisal,quantization,pooled_quantizations,test
quantization_generated__quantization_trial__92f543353f25779349921294,1,locked-dedup-cluster-a0ec330801b891c994a313b8,revision_v1_hmac_sha256_hex_057,detector_pair__4da55c9a83764d9718540571,qwen2_5_7b_instruct_q8_0,nonseg_ascii_b8,hmac_sha256_hex,explain_biological_process,ascii_b8,not_applicable,Q8_0,model_backed_quantization,0.9573389883952208,surprisal,quantization,pooled_quantizations,test
quantization_generated__quantization_trial__933c728014c866a000b4da89,0,locked-dedup-cluster-ccac8eefaaa638dd205cad48,revision_v1_ed25519_signature_base64_049,detector_pair__0c738f172d6cebacf1ecb638,qwen2_5_7b_instruct_q4_k_m,nonseg_ascii_b16,ed25519_signature_base64,procedure_home_task,ascii_b16,not_applicable,Q4_K_M,model_backed_quantization,0.008619581151408161,surprisal,quantization,pooled_quantizations,test
quantization_generated__quantization_trial__9358930ff5eda8227c5409a9,0,locked-dedup-cluster-309b32994a041eadb8229c21,revision_v1_chacha20_poly1305_base64_059,detector_pair__51c2e9f21b0663554b6b9b42,qwen2_5_7b_instruct_q8_0,nonseg_ascii_b16,chacha20_poly1305_base64,casual_hobby_chat,ascii_b16,not_applicable,Q8_0,model_backed_quantization,0.01626150597880275,surprisal,quantization,pooled_quantizations,test
quantization_generated__quantization_trial__935fa1b467c9f412c87a0c5b,0,locked-dedup-cluster-b74f1f8669498a5ca0d2de84,revision_v1_nonce_96_bit_hex_056,detector_pair__3b70f67cd49c2e95b1b24e29,qwen2_5_7b_instruct_q8_0,nonseg_ascii_b8,nonce_96_bit_hex,explain_weather_pattern,ascii_b8,not_applicable,Q8_0,model_backed_quantization,0.010216022069781429,surprisal,quantization,pooled_quantizations,test
quantization_generated__quantization_trial__937d289133812f8d899b00f5,1,locked-dedup-cluster-867b2f4c828e3e0523487402,revision_v1_hmac_sha256_hex_048,detector_pair__4c0939e0df618886ca0d7a1d,qwen2_5_7b_instruct_q4_k_m,nonseg_ascii_b16,hmac_sha256_hex,forum_purchase_advice,ascii_b16,not_applicable,Q4_K_M,model_backed_quantization,0.9944998796718683,surprisal,quantization,pooled_quantizations,test
quantization_generated__quantization_trial__939267ac5db48708503cbfc5,0,locked-dedup-cluster-60a1e2f88d4e40514869d20f,revision_v1_ed25519_signature_base64_051,detector_pair__9a44d8be7a10dcf20ab13766,qwen2_5_7b_instruct_q4_k_m,nonseg_ascii_b8,ed25519_signature_base64,explain_everyday_system,ascii_b8,not_applicable,Q4_K_M,model_backed_quantization,0.010389145034642165,surprisal,quantization,pooled_quantizations,test
quantization_generated__quantization_trial__93a18d9986361b64c1d56614,0,locked-dedup-cluster-9dcfc126b0a6fc49629304d7,revision_v1_ed25519_signature_base64_054,detector_pair__26a37a9dca2e0a4b556436ae,qwen2_5_7b_instruct_q8_0,nonseg_ascii_b8,ed25519_signature_base64,forum_learning_answer,ascii_b8,not_applicable,Q8_0,model_backed_quantization,0.01268736131603646,surprisal,quantization,pooled_quantizations,test
quantization_generated__quantization_trial__94e250c088594492fcd873eb,1,locked-dedup-cluster-3a9dc163b8daa77eacd7d383,revision_v1_ed25519_signature_base64_052,detector_pair__012596a1e9551d84414eaad0,qwen2_5_7b_instruct_q4_k_m,nonseg_ascii_b16,ed25519_signature_base64,casual_hobby_chat,ascii_b16,not_applicable,Q4_K_M,model_backed_quantization,0.9918200370822005,surprisal,quantization,pooled_quantizations,test
quantization_generated__quantization_trial__95819a4a8b838d21d81cb86a,1,locked-dedup-cluster-b66a0cfe58608250ea3daeb9,revision_v1_ed25519_signature_base64_058,detector_pair__a3a8ecf9401d82a53e48fbbb,qwen2_5_7b_instruct_q4_k_m,nonseg_ascii_b8,ed25519_signature_base64,casual_neighborhood_chat,ascii_b8,not_applicable,Q4_K_M,model_backed_quantization,0.9780258337617419,surprisal,quantization,pooled_quantizations,test
quantization_generated__quantization_trial__95b84f3b4f307d459dfba62f,0,locked-dedup-cluster-309b32994a041eadb8229c21,revision_v1_chacha20_poly1305_base64_059,detector_pair__2e129008f1206659889ebbec,qwen2_5_7b_instruct_q4_k_m,nonseg_ascii_b8,chacha20_poly1305_base64,casual_hobby_chat,ascii_b8,not_applicable,Q4_K_M,model_backed_quantization,0.012742144999577818,surprisal,quantization,pooled_quantizations,test
quantization_generated__quantization_trial__95c1e0e1e7cf7fc265ebafb2,1,locked-dedup-cluster-edd2e9cc43c3cbc95c5be630,revision_v1_nonce_96_bit_hex_059,detector_pair__08180600089da427fb8be8e3,qwen2_5_7b_instruct_q8_0,nonseg_ascii_b8,nonce_96_bit_hex,forum_practical_answer,ascii_b8,not_applicable,Q8_0,model_backed_quantization,0.9843694662430769,surprisal,quantization,pooled_quantizations,test
quantization_generated__quantization_trial__95e6c4db1ec20da059655137,0,locked-dedup-cluster-a4dc36180df85cc7bf87e268,revision_v1_chacha20_poly1305_base64_056,detector_pair__b66c3f4120745c05e7d10d3c,qwen2_5_7b_instruct_q8_0,nonseg_ascii_b8,chacha20_poly1305_base64,procedure_home_task,ascii_b8,not_applicable,Q8_0,model_backed_quantization,0.00926895513740477,surprisal,quantization,pooled_quantizations,test
quantization_generated__quantization_trial__95eefe4bae20c3474e81addd,1,locked-dedup-cluster-c70e6a7b676327fe8dd62523,revision_v1_hmac_sha256_hex_049,detector_pair__a8ed4ac73a94ee56055f2150,qwen2_5_7b_instruct_q4_k_m,nonseg_ascii_b16,hmac_sha256_hex,procedure_home_task,ascii_b16,not_applicable,Q4_K_M,model_backed_quantization,0.997926348580166,surprisal,quantization,pooled_quantizations,test
quantization_generated__quantization_trial__96013c21fa5a6b1900ef7413,1,locked-dedup-cluster-40d7dc0aae7327885c0b7431,revision_v1_aes256_gcm_base64_057,detector_pair__0283117bf262495be4ade579,qwen2_5_7b_instruct_q8_0,nonseg_ascii_b8,aes256_gcm_base64,procedure_simple_meal,ascii_b8,not_applicable,Q8_0,model_backed_quantization,0.9722351690340488,surprisal,quantization,pooled_quantizations,test
quantization_generated__quantization_trial__9636088af80f95f0f2394fc1,1,locked-dedup-cluster-a48427d79245576d2f3745ad,revision_v1_chacha20_poly1305_base64_054,detector_pair__144b130dddc2810b25ef72cd,qwen2_5_7b_instruct_q4_k_m,nonseg_ascii_b8,chacha20_poly1305_base64,professional_schedule_note,ascii_b8,not_applicable,Q4_K_M,model_backed_quantization,0.9879582475696943,surprisal,quantization,pooled_quantizations,test
quantization_generated__quantization_trial__96715ba635a310fb3f1c8d39,0,locked-dedup-cluster-cb374f9ca23dfd168fe55742,revision_v1_hmac_sha256_hex_055,detector_pair__0f9728cd84ad588f85c4d4f6,qwen2_5_7b_instruct_q4_k_m,nonseg_ascii_b16,hmac_sha256_hex,procedure_garden_task,ascii_b16,not_applicable,Q4_K_M,model_backed_quantization,0.01189674092383223,surprisal,quantization,pooled_quantizations,test
quantization_generated__quantization_trial__967934f6eed7fea8ccb79b17,0,locked-dedup-cluster-9dcfc126b0a6fc49629304d7,revision_v1_ed25519_signature_base64_054,detector_pair__26a37a9dca2e0a4b556436ae,qwen2_5_7b_instruct_q4_k_m,nonseg_ascii_b8,ed25519_signature_base64,forum_learning_answer,ascii_b8,not_applicable,Q4_K_M,model_backed_quantization,0.012217493876565804,surprisal,quantization,pooled_quantizations,test
quantization_generated__quantization_trial__9694fc307755106a832a06ca,0,locked-dedup-cluster-a48427d79245576d2f3745ad,revision_v1_chacha20_poly1305_base64_054,detector_pair__e446c7eade6403ef27de6be8,qwen2_5_7b_instruct_q4_k_m,nonseg_ascii_b16,chacha20_poly1305_base64,professional_schedule_note,ascii_b16,not_applicable,Q4_K_M,model_backed_quantization,0.006874734135369025,surprisal,quantization,pooled_quantizations,test
quantization_generated__quantization_trial__9697fc2fefcb701ed862cc5b,0,locked-dedup-cluster-0383747dd5a5f8a5f4e4e52b,revision_v1_ed25519_signature_base64_048,detector_pair__c2135ed8a0eddbc0608ffbc8,qwen2_5_7b_instruct_q4_k_m,nonseg_ascii_b16,ed25519_signature_base64,forum_purchase_advice,ascii_b16,not_applicable,Q4_K_M,model_backed_quantization,0.01458628104488723,surprisal,quantization,pooled_quantizations,test
quantization_generated__quantization_trial__96e5605fb1d834594076a977,0,locked-dedup-cluster-ba74984ac2d00a189aa1652c,revision_v1_chacha20_poly1305_base64_058,detector_pair__6a746255fe4291ed7b0d6fd2,qwen2_5_7b_instruct_q8_0,nonseg_ascii_b8,chacha20_poly1305_base64,explain_everyday_system,ascii_b8,not_applicable,Q8_0,model_backed_quantization,0.00807854132913832,surprisal,quantization,pooled_quantizations,test
quantization_generated__quantization_trial__9707345ccb85b449b16a521a,0,locked-dedup-cluster-3a9dc163b8daa77eacd7d383,revision_v1_ed25519_signature_base64_052,detector_pair__012596a1e9551d84414eaad0,qwen2_5_7b_instruct_q8_0,nonseg_ascii_b16,ed25519_signature_base64,casual_hobby_chat,ascii_b16,not_applicable,Q8_0,model_backed_quantization,0.015473789703062145,surprisal,quantization,pooled_quantizations,test
quantization_generated__quantization_trial__9761ba0cb6740c67fe87cf26,0,locked-dedup-cluster-9dcfc126b0a6fc49629304d7,revision_v1_ed25519_signature_base64_054,detector_pair__ca40d644d86beff1b21b6cf4,qwen2_5_7b_instruct_q8_0,nonseg_ascii_b16,ed25519_signature_base64,forum_learning_answer,ascii_b16,not_applicable,Q8_0,model_backed_quantization,0.01034562326269471,surprisal,quantization,pooled_quantizations,test
quantization_generated__quantization_trial__9783b7019085afa95735d0e1,1,locked-dedup-cluster-cb374f9ca23dfd168fe55742,revision_v1_hmac_sha256_hex_055,detector_pair__0f9728cd84ad588f85c4d4f6,qwen2_5_7b_instruct_q8_0,nonseg_ascii_b16,hmac_sha256_hex,procedure_garden_task,ascii_b16,not_applicable,Q8_0,model_backed_quantization,0.9905199858909065,surprisal,quantization,pooled_quantizations,test
quantization_generated__quantization_trial__97b8673858fc3f4a62b8ee2e,1,locked-dedup-cluster-21724430ac9765521f1234e5,revision_v1_token_128_bit_hex_056,detector_pair__fdaf58ddc5e03e479c33ca0e,qwen2_5_7b_instruct_q8_0,nonseg_ascii_b16,token_128_bit_hex,casual_hobby_chat,ascii_b16,not_applicable,Q8_0,model_backed_quantization,0.9985344030552521,surprisal,quantization,pooled_quantizations,test
quantization_generated__quantization_trial__97bd647f0565fb58803a04ad,1,locked-dedup-cluster-133b7f7eae3c4fc7f563ffcd,revision_v1_nonce_96_bit_hex_055,detector_pair__eacc4b3e6d739ef13cef36db,qwen2_5_7b_instruct_q8_0,nonseg_ascii_b16,nonce_96_bit_hex,narrative_small_discovery,ascii_b16,not_applicable,Q8_0,model_backed_quantization,0.9935878165211994,surprisal,quantization,pooled_quantizations,test
quantization_generated__quantization_trial__97e7858be77bcd74cb166160,1,locked-dedup-cluster-3550b9941e44ba053c139eaa,revision_v1_sha256_hex_055,detector_pair__75a7b18c81fcf3e329b5c7c1,qwen2_5_7b_instruct_q4_k_m,nonseg_ascii_b8,sha256_hex,forum_purchase_advice,ascii_b8,not_applicable,Q4_K_M,model_backed_quantization,0.9617352685251322,surprisal,quantization,pooled_quantizations,test
quantization_generated__quantization_trial__98026130df5f0922e0b7cca5,0,locked-dedup-cluster-48d7da6cd06bde46d05aad3f,revision_v1_sha256_hex_056,detector_pair__aedf54456cbbe96981be5abe,qwen2_5_7b_instruct_q4_k_m,nonseg_ascii_b16,sha256_hex,procedure_home_task,ascii_b16,not_applicable,Q4_K_M,model_backed_quantization,0.012500616714334358,surprisal,quantization,pooled_quantizations,test
quantization_generated__quantization_trial__9826890b98029fa12fd556ff,0,locked-dedup-cluster-66c4eb99135fbceacbf5708b,revision_v1_token_128_bit_hex_059,detector_pair__5009b3cae167c0a3fc368c66,qwen2_5_7b_instruct_q8_0,nonseg_ascii_b8,token_128_bit_hex,procedure_home_task,ascii_b8,not_applicable,Q8_0,model_backed_quantization,0.019061112499889444,surprisal,quantization,pooled_quantizations,test
quantization_generated__quantization_trial__9826d349e357b08cfb619bd5,1,locked-dedup-cluster-6ff827405e3ec8e1790ca5eb,revision_v1_sha256_hex_051,detector_pair__b36e18d066fca8fcf060b234,qwen2_5_7b_instruct_q8_0,nonseg_ascii_b8,sha256_hex,narrative_small_discovery,ascii_b8,not_applicable,Q8_0,model_backed_quantization,0.9050132625862854,surprisal,quantization,pooled_quantizations,test
quantization_generated__quantization_trial__984bc254bcfd26b2303fd433,1,locked-dedup-cluster-484bc3854d49e18198bd3802,revision_v1_hmac_sha256_hex_050,detector_pair__3e8922e25c295c823e758437,qwen2_5_7b_instruct_q8_0,nonseg_ascii_b16,hmac_sha256_hex,narrative_local_walk,ascii_b16,not_applicable,Q8_0,model_backed_quantization,0.9117871821906938,surprisal,quantization,pooled_quantizations,test
quantization_generated__quantization_trial__99e3d0a07052950354c62946,1,locked-dedup-cluster-4380dc71001b76d2dbf645fb,revision_v1_aes256_gcm_base64_052,detector_pair__6a1e12af6516fb20286af7f9,qwen2_5_7b_instruct_q8_0,nonseg_ascii_b16,aes256_gcm_base64,narrative_learning_moment,ascii_b16,not_applicable,Q8_0,model_backed_quantization,0.9948489522659385,surprisal,quantization,pooled_quantizations,test
quantization_generated__quantization_trial__9a07387c05686891e319b2d8,0,locked-dedup-cluster-3e7ebbcc4ca1c26b2196e44d,revision_v1_token_128_bit_hex_048,detector_pair__3d4dba0ecb5d097858cfef59,qwen2_5_7b_instruct_q4_k_m,nonseg_ascii_b16,token_128_bit_hex,narrative_small_discovery,ascii_b16,not_applicable,Q4_K_M,model_backed_quantization,0.04247024135355758,surprisal,quantization,pooled_quantizations,test
quantization_generated__quantization_trial__9aa2f89b1d3294c3fb0a1eaf,0,locked-dedup-cluster-2474b2a532180733b2583cc4,revision_v1_uuid_v4_059,detector_pair__7789621a8233d21dc58bcb1e,qwen2_5_7b_instruct_q8_0,nonseg_ascii_b16,uuid_v4,narrative_learning_moment,ascii_b16,not_applicable,Q8_0,model_backed_quantization,0.04214654496511047,surprisal,quantization,pooled_quantizations,test
quantization_generated__quantization_trial__9b4da3834f589101b204e3a8,0,locked-dedup-cluster-6df69e2fbbbb2d88163d8a00,revision_v1_chacha20_poly1305_base64_050,detector_pair__68ac93e2d7560be6901a8f51,qwen2_5_7b_instruct_q8_0,nonseg_ascii_b8,chacha20_poly1305_base64,procedure_simple_meal,ascii_b8,not_applicable,Q8_0,model_backed_quantization,0.005372210367256005,surprisal,quantization,pooled_quantizations,test
quantization_generated__quantization_trial__9b7afc5835712993fc9e3278,0,locked-dedup-cluster-6ff827405e3ec8e1790ca5eb,revision_v1_sha256_hex_051,detector_pair__bdbb95f37e7689efff95f14e,qwen2_5_7b_instruct_q8_0,nonseg_ascii_b16,sha256_hex,narrative_small_discovery,ascii_b16,not_applicable,Q8_0,model_backed_quantization,0.031161338671287585,surprisal,quantization,pooled_quantizations,test
quantization_generated__quantization_trial__9c2ff00618507b4edfb2b8db,0,locked-dedup-cluster-9d3eb2fbe5513f370ee0d0ea,revision_v1_nonce_96_bit_hex_051,detector_pair__911bc81409d529582b79e10e,qwen2_5_7b_instruct_q4_k_m,nonseg_ascii_b16,nonce_96_bit_hex,casual_neighborhood_chat,ascii_b16,not_applicable,Q4_K_M,model_backed_quantization,0.010144296077136005,surprisal,quantization,pooled_quantizations,test
quantization_generated__quantization_trial__9c9fe1255f05d3d34f3d04a8,1,locked-dedup-cluster-867b2f4c828e3e0523487402,revision_v1_hmac_sha256_hex_048,detector_pair__4c0939e0df618886ca0d7a1d,qwen2_5_7b_instruct_q8_0,nonseg_ascii_b16,hmac_sha256_hex,forum_purchase_advice,ascii_b16,not_applicable,Q8_0,model_backed_quantization,0.9819790048428235,surprisal,quantization,pooled_quantizations,test
quantization_generated__quantization_trial__9d7030e5f8c1e1bf123d4e2f,1,locked-dedup-cluster-a37fa1ef4ffc42eb7c181e4b,revision_v1_aes256_gcm_base64_056,detector_pair__5867a223e9e3f5a78eb108fc,qwen2_5_7b_instruct_q8_0,nonseg_ascii_b8,aes256_gcm_base64,forum_practical_answer,ascii_b8,not_applicable,Q8_0,model_backed_quantization,0.9729954725140558,surprisal,quantization,pooled_quantizations,test
quantization_generated__quantization_trial__9e421c52c843b6e79671d14f,1,locked-dedup-cluster-133b7f7eae3c4fc7f563ffcd,revision_v1_nonce_96_bit_hex_055,detector_pair__eacc4b3e6d739ef13cef36db,qwen2_5_7b_instruct_q4_k_m,nonseg_ascii_b16,nonce_96_bit_hex,narrative_small_discovery,ascii_b16,not_applicable,Q4_K_M,model_backed_quantization,0.9799970143970099,surprisal,quantization,pooled_quantizations,test
quantization_generated__quantization_trial__9e991cbf0ac665e43a7725a0,0,locked-dedup-cluster-cbe3e4480a185210cb46c014,revision_v1_token_128_bit_hex_051,detector_pair__69db954a52f98e7933f15149,qwen2_5_7b_instruct_q4_k_m,nonseg_ascii_b16,token_128_bit_hex,professional_project_update,ascii_b16,not_applicable,Q4_K_M,model_backed_quantization,0.006569966371715904,surprisal,quantization,pooled_quantizations,test
quantization_generated__quantization_trial__9f9000f41d4668af192c552e,0,locked-dedup-cluster-32ad4bf593b222d70a8ca962,revision_v1_hmac_sha256_hex_053,detector_pair__2952c228cd2bf29a5a80ba7c,qwen2_5_7b_instruct_q4_k_m,nonseg_ascii_b16,hmac_sha256_hex,professional_schedule_note,ascii_b16,not_applicable,Q4_K_M,model_backed_quantization,0.006317497112600811,surprisal,quantization,pooled_quantizations,test
quantization_generated__quantization_trial__9f98dcc1b686dcacb64d0b4b,1,locked-dedup-cluster-7f90efd3f54b6404464512bf,revision_v1_token_128_bit_hex_058,detector_pair__b112427bc2b90dea6ab20625,qwen2_5_7b_instruct_q8_0,nonseg_ascii_b16,token_128_bit_hex,forum_purchase_advice,ascii_b16,not_applicable,Q8_0,model_backed_quantization,0.9937748019151161,surprisal,quantization,pooled_quantizations,test
quantization_generated__quantization_trial__9fa2342f858c3dc6b34cc14a,1,locked-dedup-cluster-24417433e41542e23709f998,revision_v1_aes256_gcm_base64_054,detector_pair__3734f003bf67e83edf138578,qwen2_5_7b_instruct_q8_0,nonseg_ascii_b16,aes256_gcm_base64,casual_weekend_chat,ascii_b16,not_applicable,Q8_0,model_backed_quantization,0.9946753492563098,surprisal,quantization,pooled_quantizations,test
quantization_generated__quantization_trial__a06d5b8243eb79f55c71e812,0,locked-dedup-cluster-edd2e9cc43c3cbc95c5be630,revision_v1_nonce_96_bit_hex_059,detector_pair__08180600089da427fb8be8e3,qwen2_5_7b_instruct_q4_k_m,nonseg_ascii_b8,nonce_96_bit_hex,forum_practical_answer,ascii_b8,not_applicable,Q4_K_M,model_backed_quantization,0.00942559001109064,surprisal,quantization,pooled_quantizations,test
quantization_generated__quantization_trial__a0a4431fdd01954e78a1e626,1,locked-dedup-cluster-85408c5a1c55422d408f6f47,revision_v1_hmac_sha256_hex_054,detector_pair__2492e5921c4f3248b3f2e259,qwen2_5_7b_instruct_q4_k_m,nonseg_ascii_b16,hmac_sha256_hex,forum_learning_answer,ascii_b16,not_applicable,Q4_K_M,model_backed_quantization,0.9965813005873296,surprisal,quantization,pooled_quantizations,test
quantization_generated__quantization_trial__a0ee40cf2a0588d1b280258b,0,locked-dedup-cluster-6ff827405e3ec8e1790ca5eb,revision_v1_sha256_hex_051,detector_pair__b36e18d066fca8fcf060b234,qwen2_5_7b_instruct_q4_k_m,nonseg_ascii_b8,sha256_hex,narrative_small_discovery,ascii_b8,not_applicable,Q4_K_M,model_backed_quantization,0.031182540378682084,surprisal,quantization,pooled_quantizations,test
quantization_generated__quantization_trial__a22e9613eec2b534cb20ca8a,0,locked-dedup-cluster-24417433e41542e23709f998,revision_v1_aes256_gcm_base64_054,detector_pair__3734f003bf67e83edf138578,qwen2_5_7b_instruct_q4_k_m,nonseg_ascii_b16,aes256_gcm_base64,casual_weekend_chat,ascii_b16,not_applicable,Q4_K_M,model_backed_quantization,0.013172882457567859,surprisal,quantization,pooled_quantizations,test
quantization_generated__quantization_trial__a249fa543ca611141f83ae36,1,locked-dedup-cluster-48d7da6cd06bde46d05aad3f,revision_v1_sha256_hex_056,detector_pair__aedf54456cbbe96981be5abe,qwen2_5_7b_instruct_q8_0,nonseg_ascii_b16,sha256_hex,procedure_home_task,ascii_b16,not_applicable,Q8_0,model_backed_quantization,0.9966964430885477,surprisal,quantization,pooled_quantizations,test
quantization_generated__quantization_trial__a262de99d72599beb9b120fe,0,locked-dedup-cluster-ae9124bd602068cdb9f9375d,revision_v1_sha256_hex_059,detector_pair__fd117da7661d5d8ca88497c9,qwen2_5_7b_instruct_q8_0,nonseg_ascii_b8,sha256_hex,casual_hobby_chat,ascii_b8,not_applicable,Q8_0,model_backed_quantization,0.015394535123043203,surprisal,quantization,pooled_quantizations,test
quantization_generated__quantization_trial__a48268d9824fa2cc32823c2c,0,locked-dedup-cluster-b66a0cfe58608250ea3daeb9,revision_v1_ed25519_signature_base64_058,detector_pair__a3a8ecf9401d82a53e48fbbb,qwen2_5_7b_instruct_q4_k_m,nonseg_ascii_b8,ed25519_signature_base64,casual_neighborhood_chat,ascii_b8,not_applicable,Q4_K_M,model_backed_quantization,0.026994125380318604,surprisal,quantization,pooled_quantizations,test
quantization_generated__quantization_trial__a48fc347abaf843b5b9f7111,1,locked-dedup-cluster-85408c5a1c55422d408f6f47,revision_v1_hmac_sha256_hex_054,detector_pair__23672d0ec4bad58efc3e13fb,qwen2_5_7b_instruct_q8_0,nonseg_ascii_b8,hmac_sha256_hex,forum_learning_answer,ascii_b8,not_applicable,Q8_0,model_backed_quantization,0.9784648130301262,surprisal,quantization,pooled_quantizations,test
quantization_generated__quantization_trial__a62d702c0890eb390d9625f4,1,locked-dedup-cluster-2d9d097dd5855bbaaef4a9e2,revision_v1_aes256_gcm_base64_055,detector_pair__233da205a9607f2fd31691b6,qwen2_5_7b_instruct_q8_0,nonseg_ascii_b8,aes256_gcm_base64,professional_project_update,ascii_b8,not_applicable,Q8_0,model_backed_quantization,0.8785726939328335,surprisal,quantization,pooled_quantizations,test
quantization_generated__quantization_trial__a757e398b3f0e09867af65ff,1,locked-dedup-cluster-ba74984ac2d00a189aa1652c,revision_v1_chacha20_poly1305_base64_058,detector_pair__92c4ed3194b3ea8a8be1bdee,qwen2_5_7b_instruct_q8_0,nonseg_ascii_b16,chacha20_poly1305_base64,explain_everyday_system,ascii_b16,not_applicable,Q8_0,model_backed_quantization,0.9905950930443878,surprisal,quantization,pooled_quantizations,test
quantization_generated__quantization_trial__a76e36d37d7adbf5ad83fe02,0,locked-dedup-cluster-b66a0cfe58608250ea3daeb9,revision_v1_ed25519_signature_base64_058,detector_pair__c57ab4985da04335595df4db,qwen2_5_7b_instruct_q8_0,nonseg_ascii_b16,ed25519_signature_base64,casual_neighborhood_chat,ascii_b16,not_applicable,Q8_0,model_backed_quantization,0.015462367002293868,surprisal,quantization,pooled_quantizations,test
quantization_generated__quantization_trial__a78cca8652c1bd2616262660,1,locked-dedup-cluster-66c4eb99135fbceacbf5708b,revision_v1_token_128_bit_hex_059,detector_pair__5009b3cae167c0a3fc368c66,qwen2_5_7b_instruct_q4_k_m,nonseg_ascii_b8,token_128_bit_hex,procedure_home_task,ascii_b8,not_applicable,Q4_K_M,model_backed_quantization,0.9905593720111684,surprisal,quantization,pooled_quantizations,test
quantization_generated__quantization_trial__a7b5ac1f34cb67719613f79b,1,locked-dedup-cluster-8e2517efc5b5e889502e61a2,revision_v1_hmac_sha256_hex_058,detector_pair__8a86607b2022da755c53c998,qwen2_5_7b_instruct_q4_k_m,nonseg_ascii_b16,hmac_sha256_hex,casual_neighborhood_chat,ascii_b16,not_applicable,Q4_K_M,model_backed_quantization,0.9494005879946494,surprisal,quantization,pooled_quantizations,test
quantization_generated__quantization_trial__a842fb30e3763afbf40dc5cf,0,locked-dedup-cluster-607fc29d4914c273292301d6,revision_v1_token_128_bit_hex_052,detector_pair__3b245e50324bfa6c475a33c5,qwen2_5_7b_instruct_q8_0,nonseg_ascii_b8,token_128_bit_hex,forum_practical_answer,ascii_b8,not_applicable,Q8_0,model_backed_quantization,0.005875495857788031,surprisal,quantization,pooled_quantizations,test
quantization_generated__quantization_trial__a9d9f3bf6d4f918e35f6bc75,1,locked-dedup-cluster-32ad4bf593b222d70a8ca962,revision_v1_hmac_sha256_hex_053,detector_pair__d938a0aaac8ac310c9c4cd74,qwen2_5_7b_instruct_q8_0,nonseg_ascii_b8,hmac_sha256_hex,professional_schedule_note,ascii_b8,not_applicable,Q8_0,model_backed_quantization,0.9804970841471575,surprisal,quantization,pooled_quantizations,test
quantization_generated__quantization_trial__aa4616a3dd59e0ecf6ff8599,0,locked-dedup-cluster-a1f09603de61d42b17c60f90,revision_v1_nonce_96_bit_hex_058,detector_pair__b36baea5542ef75851fc3db8,qwen2_5_7b_instruct_q4_k_m,nonseg_ascii_b16,nonce_96_bit_hex,professional_project_update,ascii_b16,not_applicable,Q4_K_M,model_backed_quantization,0.015016913149698502,surprisal,quantization,pooled_quantizations,test
quantization_generated__quantization_trial__aa4709b1f567a0d6f02fee1b,0,locked-dedup-cluster-7f90efd3f54b6404464512bf,revision_v1_token_128_bit_hex_058,detector_pair__b112427bc2b90dea6ab20625,qwen2_5_7b_instruct_q8_0,nonseg_ascii_b16,token_128_bit_hex,forum_purchase_advice,ascii_b16,not_applicable,Q8_0,model_backed_quantization,0.037109230176136876,surprisal,quantization,pooled_quantizations,test
quantization_generated__quantization_trial__aad26c9188a312b6a4db04c4,0,locked-dedup-cluster-3f1509f18c269716bcce76a3,revision_v1_aes256_gcm_base64_050,detector_pair__bb733d7a2ca84a251f693362,qwen2_5_7b_instruct_q4_k_m,nonseg_ascii_b8,aes256_gcm_base64,forum_learning_answer,ascii_b8,not_applicable,Q4_K_M,model_backed_quantization,0.01007960028591472,surprisal,quantization,pooled_quantizations,test
quantization_generated__quantization_trial__aaf26d1575782281f429e6f9,1,locked-dedup-cluster-9dcfc126b0a6fc49629304d7,revision_v1_ed25519_signature_base64_054,detector_pair__26a37a9dca2e0a4b556436ae,qwen2_5_7b_instruct_q4_k_m,nonseg_ascii_b8,ed25519_signature_base64,forum_learning_answer,ascii_b8,not_applicable,Q4_K_M,model_backed_quantization,0.946478549946042,surprisal,quantization,pooled_quantizations,test
quantization_generated__quantization_trial__ab15cde0f85d2950b1f62f04,0,locked-dedup-cluster-8150a67016c09420f58d3140,revision_v1_sha256_hex_053,detector_pair__a0525d19d16da07edba1e595,qwen2_5_7b_instruct_q4_k_m,nonseg_ascii_b8,sha256_hex,casual_weekend_chat,ascii_b8,not_applicable,Q4_K_M,model_backed_quantization,0.018055439229748997,surprisal,quantization,pooled_quantizations,test
quantization_generated__quantization_trial__ab7341af20ba2e33d45e2ac4,1,locked-dedup-cluster-66c4eb99135fbceacbf5708b,revision_v1_token_128_bit_hex_059,detector_pair__918255358140a76482aa96d7,qwen2_5_7b_instruct_q4_k_m,nonseg_ascii_b16,token_128_bit_hex,procedure_home_task,ascii_b16,not_applicable,Q4_K_M,model_backed_quantization,0.9987370610384747,surprisal,quantization,pooled_quantizations,test
quantization_generated__quantization_trial__ab7da787aced358f48569309,1,locked-dedup-cluster-a48427d79245576d2f3745ad,revision_v1_chacha20_poly1305_base64_054,detector_pair__e446c7eade6403ef27de6be8,qwen2_5_7b_instruct_q8_0,nonseg_ascii_b16,chacha20_poly1305_base64,professional_schedule_note,ascii_b16,not_applicable,Q8_0,model_backed_quantization,0.9978991472247771,surprisal,quantization,pooled_quantizations,test
quantization_generated__quantization_trial__ac0e8dc2829279c441ce2968,1,locked-dedup-cluster-efa41a40866ae7a38d147cae,revision_v1_uuid_v4_053,detector_pair__7c640bd7d6e8c20002affe15,qwen2_5_7b_instruct_q4_k_m,nonseg_ascii_b16,uuid_v4,narrative_local_walk,ascii_b16,not_applicable,Q4_K_M,model_backed_quantization,0.9937734091386454,surprisal,quantization,pooled_quantizations,test
quantization_generated__quantization_trial__ac4ab8b16259d3908541f5f6,0,locked-dedup-cluster-24417433e41542e23709f998,revision_v1_aes256_gcm_base64_054,detector_pair__2754b1d50fd70c81372cdce6,qwen2_5_7b_instruct_q8_0,nonseg_ascii_b8,aes256_gcm_base64,casual_weekend_chat,ascii_b8,not_applicable,Q8_0,model_backed_quantization,0.010091090630618301,surprisal,quantization,pooled_quantizations,test
quantization_generated__quantization_trial__ad17b1c7cdd38c06472053b1,1,locked-dedup-cluster-da023141f0cff98c47ca9314,revision_v1_aes256_gcm_base64_051,detector_pair__9f5ce3bdeb6e240b52bfea66,qwen2_5_7b_instruct_q4_k_m,nonseg_ascii_b8,aes256_gcm_base64,procedure_garden_task,ascii_b8,not_applicable,Q4_K_M,model_backed_quantization,0.9774195331946547,surprisal,quantization,pooled_quantizations,test
quantization_generated__quantization_trial__ad2c92580e5bf1d01ee3a519,0,locked-dedup-cluster-5e904898cda6c2658fd0bc9d,revision_v1_uuid_v4_055,detector_pair__1714c271d3615d7f45e1ceac,qwen2_5_7b_instruct_q8_0,nonseg_ascii_b16,uuid_v4,casual_neighborhood_chat,ascii_b16,not_applicable,Q8_0,model_backed_quantization,0.014521499455422936,surprisal,quantization,pooled_quantizations,test
quantization_generated__quantization_trial__ad6e8d042786a893acbd56af,1,locked-dedup-cluster-6136de4e90d44eb994005d2a,revision_v1_uuid_v4_051,detector_pair__9bea07f8b725d1fce44256c9,qwen2_5_7b_instruct_q4_k_m,nonseg_ascii_b8,uuid_v4,forum_purchase_advice,ascii_b8,not_applicable,Q4_K_M,model_backed_quantization,0.9559737170025212,surprisal,quantization,pooled_quantizations,test
quantization_generated__quantization_trial__adab51d8ff629764e0e0d777,1,locked-dedup-cluster-8bfe7043c327d3a82a41f9ad,revision_v1_ed25519_signature_base64_050,detector_pair__dd760f6cf8fee950cc7aeed8,qwen2_5_7b_instruct_q8_0,nonseg_ascii_b16,ed25519_signature_base64,narrative_local_walk,ascii_b16,not_applicable,Q8_0,model_backed_quantization,0.9820869381685823,surprisal,quantization,pooled_quantizations,test
quantization_generated__quantization_trial__ae7157a5900a11e95f4855dc,1,locked-dedup-cluster-6d140bf45feadd3404291e51,revision_v1_uuid_v4_049,detector_pair__2eee1888c03dab3379e6cae0,qwen2_5_7b_instruct_q8_0,nonseg_ascii_b8,uuid_v4,casual_hobby_chat,ascii_b8,not_applicable,Q8_0,model_backed_quantization,0.955912420461927,surprisal,quantization,pooled_quantizations,test
quantization_generated__quantization_trial__aec8507d27882fb11ee0c0a7,0,locked-dedup-cluster-8150a67016c09420f58d3140,revision_v1_sha256_hex_053,detector_pair__fe49fc91a6451ab4634b05b5,qwen2_5_7b_instruct_q4_k_m,nonseg_ascii_b16,sha256_hex,casual_weekend_chat,ascii_b16,not_applicable,Q4_K_M,model_backed_quantization,0.009334691717708203,surprisal,quantization,pooled_quantizations,test
quantization_generated__quantization_trial__af38aa8c5596ac4df570661f,0,locked-dedup-cluster-9fb55cb9331ccdfa323bdbd1,revision_v1_hmac_sha256_hex_059,detector_pair__304502c20f87a5c985774ec7,qwen2_5_7b_instruct_q8_0,nonseg_ascii_b8,hmac_sha256_hex,professional_process_email,ascii_b8,not_applicable,Q8_0,model_backed_quantization,0.006697902106025371,surprisal,quantization,pooled_quantizations,test
quantization_generated__quantization_trial__afe72c5900852e9ddcf3e2df,0,locked-dedup-cluster-133b7f7eae3c4fc7f563ffcd,revision_v1_nonce_96_bit_hex_055,detector_pair__eacc4b3e6d739ef13cef36db,qwen2_5_7b_instruct_q8_0,nonseg_ascii_b16,nonce_96_bit_hex,narrative_small_discovery,ascii_b16,not_applicable,Q8_0,model_backed_quantization,0.06605487738726472,surprisal,quantization,pooled_quantizations,test
quantization_generated__quantization_trial__b0645bb905e3c846075dba45,1,locked-dedup-cluster-60a1e2f88d4e40514869d20f,revision_v1_ed25519_signature_base64_051,detector_pair__9f96c81ebf78ffabf9ffcfcc,qwen2_5_7b_instruct_q8_0,nonseg_ascii_b16,ed25519_signature_base64,explain_everyday_system,ascii_b16,not_applicable,Q8_0,model_backed_quantization,0.992191294094392,surprisal,quantization,pooled_quantizations,test
quantization_generated__quantization_trial__b0765e8731f7dc2f1994e4f6,1,locked-dedup-cluster-8150a67016c09420f58d3140,revision_v1_sha256_hex_053,detector_pair__fe49fc91a6451ab4634b05b5,qwen2_5_7b_instruct_q4_k_m,nonseg_ascii_b16,sha256_hex,casual_weekend_chat,ascii_b16,not_applicable,Q4_K_M,model_backed_quantization,0.9728309008965283,surprisal,quantization,pooled_quantizations,test
quantization_generated__quantization_trial__b0a63e945e4f8cc1b9183d3f,0,locked-dedup-cluster-087cbaaa2408a99991319532,revision_v1_uuid_v4_052,detector_pair__09295c37e9fce890d7754e9b,qwen2_5_7b_instruct_q4_k_m,nonseg_ascii_b16,uuid_v4,procedure_home_task,ascii_b16,not_applicable,Q4_K_M,model_backed_quantization,0.007273810604835164,surprisal,quantization,pooled_quantizations,test
quantization_generated__quantization_trial__b0b06d68d92c308fdd6cc195,1,locked-dedup-cluster-efa41a40866ae7a38d147cae,revision_v1_uuid_v4_053,detector_pair__702fbedc3a582f4f88af2ee5,qwen2_5_7b_instruct_q8_0,nonseg_ascii_b8,uuid_v4,narrative_local_walk,ascii_b8,not_applicable,Q8_0,model_backed_quantization,0.9275808808320194,surprisal,quantization,pooled_quantizations,test
quantization_generated__quantization_trial__b11adaa4b58a11215ce58aa1,0,locked-dedup-cluster-3f1509f18c269716bcce76a3,revision_v1_aes256_gcm_base64_050,detector_pair__54150607c8a9688b3f936f65,qwen2_5_7b_instruct_q4_k_m,nonseg_ascii_b16,aes256_gcm_base64,forum_learning_answer,ascii_b16,not_applicable,Q4_K_M,model_backed_quantization,0.010154616071215731,surprisal,quantization,pooled_quantizations,test
quantization_generated__quantization_trial__b185749493ff79d689185d52,0,locked-dedup-cluster-a877ac9e15d9982c5f795957,revision_v1_sha256_hex_048,detector_pair__7bb296eb5b9c291101190c4f,qwen2_5_7b_instruct_q8_0,nonseg_ascii_b8,sha256_hex,professional_project_update,ascii_b8,not_applicable,Q8_0,model_backed_quantization,0.014454520583525103,surprisal,quantization,pooled_quantizations,test
quantization_generated__quantization_trial__b18bb7a802f3321ab3e20545,1,locked-dedup-cluster-a30012a117157378dab7a070,revision_v1_ed25519_signature_base64_057,detector_pair__b49c14034ed2f302af30f847,qwen2_5_7b_instruct_q4_k_m,nonseg_ascii_b8,ed25519_signature_base64,explain_biological_process,ascii_b8,not_applicable,Q4_K_M,model_backed_quantization,0.9600493927928931,surprisal,quantization,pooled_quantizations,test
quantization_generated__quantization_trial__b19fc379914765481865e279,0,locked-dedup-cluster-3550b9941e44ba053c139eaa,revision_v1_sha256_hex_055,detector_pair__e3956493695288a49ad3ec85,qwen2_5_7b_instruct_q4_k_m,nonseg_ascii_b16,sha256_hex,forum_purchase_advice,ascii_b16,not_applicable,Q4_K_M,model_backed_quantization,0.017338853141291077,surprisal,quantization,pooled_quantizations,test
quantization_generated__quantization_trial__b1c7eb7e21cbf9ae96af099f,1,locked-dedup-cluster-d3540d957b4816af4830d47f,revision_v1_chacha20_poly1305_base64_053,detector_pair__2a3a252a87728a75d548134d,qwen2_5_7b_instruct_q4_k_m,nonseg_ascii_b8,chacha20_poly1305_base64,casual_weekend_chat,ascii_b8,not_applicable,Q4_K_M,model_backed_quantization,0.9065320745558355,surprisal,quantization,pooled_quantizations,test
quantization_generated__quantization_trial__b243b1fb0f647df1f8b62bac,1,locked-dedup-cluster-649f177e20db0a267e158906,revision_v1_nonce_96_bit_hex_050,detector_pair__752db95626ca69f994c1d948,qwen2_5_7b_instruct_q8_0,nonseg_ascii_b8,nonce_96_bit_hex,explain_biological_process,ascii_b8,not_applicable,Q8_0,model_backed_quantization,0.991001611946299,surprisal,quantization,pooled_quantizations,test
quantization_generated__quantization_trial__b27f29d8834ebe91e34019a7,0,locked-dedup-cluster-a7d8804ca4431e2f7d1239fd,revision_v1_aes256_gcm_base64_048,detector_pair__0ef84316da1c47080c4716d8,qwen2_5_7b_instruct_q4_k_m,nonseg_ascii_b16,aes256_gcm_base64,casual_neighborhood_chat,ascii_b16,not_applicable,Q4_K_M,model_backed_quantization,0.027047663088453754,surprisal,quantization,pooled_quantizations,test
quantization_generated__quantization_trial__b2c0dfb77b3553a13fd25133,0,locked-dedup-cluster-5ace189a35be6720f7c9dc5e,revision_v1_chacha20_poly1305_base64_057,detector_pair__78ac4a511ce5bcd6ed6ee721,qwen2_5_7b_instruct_q4_k_m,nonseg_ascii_b8,chacha20_poly1305_base64,narrative_local_walk,ascii_b8,not_applicable,Q4_K_M,model_backed_quantization,0.01979676866571866,surprisal,quantization,pooled_quantizations,test
quantization_generated__quantization_trial__b3a46f8bf3409c2dfce18878,1,locked-dedup-cluster-3f1509f18c269716bcce76a3,revision_v1_aes256_gcm_base64_050,detector_pair__bb733d7a2ca84a251f693362,qwen2_5_7b_instruct_q8_0,nonseg_ascii_b8,aes256_gcm_base64,forum_learning_answer,ascii_b8,not_applicable,Q8_0,model_backed_quantization,0.9937942886090471,surprisal,quantization,pooled_quantizations,test
quantization_generated__quantization_trial__b3d64a88ca5aaaac942188d7,1,locked-dedup-cluster-0eb47bf23cdaa7b54a0335a2,revision_v1_token_128_bit_hex_055,detector_pair__7cb6da51f2bfa7797487f8f1,qwen2_5_7b_instruct_q4_k_m,nonseg_ascii_b16,token_128_bit_hex,explain_everyday_system,ascii_b16,not_applicable,Q4_K_M,model_backed_quantization,0.998735542669625,surprisal,quantization,pooled_quantizations,test
quantization_generated__quantization_trial__b3ef82dc65d2c3fca9275cd7,0,locked-dedup-cluster-cbe3e4480a185210cb46c014,revision_v1_token_128_bit_hex_051,detector_pair__c7085b5712f11b620a813be1,qwen2_5_7b_instruct_q8_0,nonseg_ascii_b8,token_128_bit_hex,professional_project_update,ascii_b8,not_applicable,Q8_0,model_backed_quantization,0.011983186370738272,surprisal,quantization,pooled_quantizations,test
quantization_generated__quantization_trial__b42f6883868196834c42c581,0,locked-dedup-cluster-c70e6a7b676327fe8dd62523,revision_v1_hmac_sha256_hex_049,detector_pair__02b20fef1630ffd7c2661a5e,qwen2_5_7b_instruct_q8_0,nonseg_ascii_b8,hmac_sha256_hex,procedure_home_task,ascii_b8,not_applicable,Q8_0,model_backed_quantization,0.012011400437572336,surprisal,quantization,pooled_quantizations,test
quantization_generated__quantization_trial__b5bbf198f2e0a28da1dc3b16,0,locked-dedup-cluster-cbe3e4480a185210cb46c014,revision_v1_token_128_bit_hex_051,detector_pair__69db954a52f98e7933f15149,qwen2_5_7b_instruct_q8_0,nonseg_ascii_b16,token_128_bit_hex,professional_project_update,ascii_b16,not_applicable,Q8_0,model_backed_quantization,0.006618002878908032,surprisal,quantization,pooled_quantizations,test
quantization_generated__quantization_trial__b614959086c121df972c305a,0,locked-dedup-cluster-ba74984ac2d00a189aa1652c,revision_v1_chacha20_poly1305_base64_058,detector_pair__6a746255fe4291ed7b0d6fd2,qwen2_5_7b_instruct_q4_k_m,nonseg_ascii_b8,chacha20_poly1305_base64,explain_everyday_system,ascii_b8,not_applicable,Q4_K_M,model_backed_quantization,0.007229173007822321,surprisal,quantization,pooled_quantizations,test
quantization_generated__quantization_trial__b68e85069736930f56d1bfb3,1,locked-dedup-cluster-24417433e41542e23709f998,revision_v1_aes256_gcm_base64_054,detector_pair__2754b1d50fd70c81372cdce6,qwen2_5_7b_instruct_q4_k_m,nonseg_ascii_b8,aes256_gcm_base64,casual_weekend_chat,ascii_b8,not_applicable,Q4_K_M,model_backed_quantization,0.9070513346885173,surprisal,quantization,pooled_quantizations,test
quantization_generated__quantization_trial__b696c32ce5d210f9bd94fc6b,1,locked-dedup-cluster-a7d8804ca4431e2f7d1239fd,revision_v1_aes256_gcm_base64_048,detector_pair__bdae80be515ea6aeee25ea65,qwen2_5_7b_instruct_q8_0,nonseg_ascii_b8,aes256_gcm_base64,casual_neighborhood_chat,ascii_b8,not_applicable,Q8_0,model_backed_quantization,0.9503967277930945,surprisal,quantization,pooled_quantizations,test
quantization_generated__quantization_trial__b7a2a6f8800933b76d06f194,0,locked-dedup-cluster-3e7ebbcc4ca1c26b2196e44d,revision_v1_token_128_bit_hex_048,detector_pair__0f2a33ba7c2cf8c8314f1cc8,qwen2_5_7b_instruct_q4_k_m,nonseg_ascii_b8,token_128_bit_hex,narrative_small_discovery,ascii_b8,not_applicable,Q4_K_M,model_backed_quantization,0.077577800739102,surprisal,quantization,pooled_quantizations,test
quantization_generated__quantization_trial__b8227f9ca6bdc326f45f4acd,1,locked-dedup-cluster-a877ac9e15d9982c5f795957,revision_v1_sha256_hex_048,detector_pair__d85d76ff6811b6d8244e97a6,qwen2_5_7b_instruct_q8_0,nonseg_ascii_b16,sha256_hex,professional_project_update,ascii_b16,not_applicable,Q8_0,model_backed_quantization,0.9836270507549592,surprisal,quantization,pooled_quantizations,test
quantization_generated__quantization_trial__b85df7867f5fc553dffd2f51,0,locked-dedup-cluster-0fa6270b95556a3e58f35a88,revision_v1_chacha20_poly1305_base64_049,detector_pair__00e5889621fc76489549efaf,qwen2_5_7b_instruct_q4_k_m,nonseg_ascii_b8,chacha20_poly1305_base64,forum_practical_answer,ascii_b8,not_applicable,Q4_K_M,model_backed_quantization,0.006080617071431763,surprisal,quantization,pooled_quantizations,test
quantization_generated__quantization_trial__b8d0dfbcac6aa58ecb9fdc78,1,locked-dedup-cluster-e303bfe023e32c25389ebaf9,revision_v1_token_128_bit_hex_057,detector_pair__f5a41c9f6cdf3982925ffc65,qwen2_5_7b_instruct_q8_0,nonseg_ascii_b16,token_128_bit_hex,professional_schedule_note,ascii_b16,not_applicable,Q8_0,model_backed_quantization,0.9998848213067187,surprisal,quantization,pooled_quantizations,test
quantization_generated__quantization_trial__b8e37ca6eccce41776245976,1,locked-dedup-cluster-7c650d38321313478e14a048,revision_v1_nonce_96_bit_hex_054,detector_pair__6c1a1e027a0d4cae92dac498,qwen2_5_7b_instruct_q4_k_m,nonseg_ascii_b8,nonce_96_bit_hex,procedure_simple_meal,ascii_b8,not_applicable,Q4_K_M,model_backed_quantization,0.9995945141865161,surprisal,quantization,pooled_quantizations,test
quantization_generated__quantization_trial__b92d27db41cb629cc4ce52f3,0,locked-dedup-cluster-32bd33f83721fefc90af26d5,revision_v1_nonce_96_bit_hex_057,detector_pair__3f2ffdb6e016a75bd9a3951f,qwen2_5_7b_instruct_q8_0,nonseg_ascii_b8,nonce_96_bit_hex,casual_weekend_chat,ascii_b8,not_applicable,Q8_0,model_backed_quantization,0.015401568152010926,surprisal,quantization,pooled_quantizations,test
quantization_generated__quantization_trial__b9647dc8c8ef93d2fd27b5f2,1,locked-dedup-cluster-d5b4f2b51dfabbdce0cd2fb8,revision_v1_sha256_hex_057,detector_pair__891f1ea1924df04030026d30,qwen2_5_7b_instruct_q8_0,nonseg_ascii_b16,sha256_hex,narrative_local_walk,ascii_b16,not_applicable,Q8_0,model_backed_quantization,0.9904499570233012,surprisal,quantization,pooled_quantizations,test
quantization_generated__quantization_trial__ba0365c72750c741c76b01b0,0,locked-dedup-cluster-edd2e9cc43c3cbc95c5be630,revision_v1_nonce_96_bit_hex_059,detector_pair__c0b80d9e04160dbba0e4a248,qwen2_5_7b_instruct_q4_k_m,nonseg_ascii_b16,nonce_96_bit_hex,forum_practical_answer,ascii_b16,not_applicable,Q4_K_M,model_backed_quantization,0.004281177073224162,surprisal,quantization,pooled_quantizations,test
quantization_generated__quantization_trial__ba2b304e3dff79f722003b43,1,locked-dedup-cluster-087cbaaa2408a99991319532,revision_v1_uuid_v4_052,detector_pair__09295c37e9fce890d7754e9b,qwen2_5_7b_instruct_q4_k_m,nonseg_ascii_b16,uuid_v4,procedure_home_task,ascii_b16,not_applicable,Q4_K_M,model_backed_quantization,0.9992092197856839,surprisal,quantization,pooled_quantizations,test
quantization_generated__quantization_trial__ba6a0991711d1ec0f151a22b,0,locked-dedup-cluster-25e8125b00cb0a0fe72d530a,revision_v1_token_128_bit_hex_049,detector_pair__8daf9fb65bb4e260b7341df9,qwen2_5_7b_instruct_q8_0,nonseg_ascii_b16,token_128_bit_hex,explain_weather_pattern,ascii_b16,not_applicable,Q8_0,model_backed_quantization,0.005866327265598832,surprisal,quantization,pooled_quantizations,test
quantization_generated__quantization_trial__ba9e9a323c0d800451ba13a0,1,locked-dedup-cluster-087cbaaa2408a99991319532,revision_v1_uuid_v4_052,detector_pair__098918144cce907a9046b0f4,qwen2_5_7b_instruct_q8_0,nonseg_ascii_b8,uuid_v4,procedure_home_task,ascii_b8,not_applicable,Q8_0,model_backed_quantization,0.9742808298338159,surprisal,quantization,pooled_quantizations,test
quantization_generated__quantization_trial__baecf5726ae6ad0febe09dca,1,locked-dedup-cluster-60a1e2f88d4e40514869d20f,revision_v1_ed25519_signature_base64_051,detector_pair__9a44d8be7a10dcf20ab13766,qwen2_5_7b_instruct_q4_k_m,nonseg_ascii_b8,ed25519_signature_base64,explain_everyday_system,ascii_b8,not_applicable,Q4_K_M,model_backed_quantization,0.9924783041775762,surprisal,quantization,pooled_quantizations,test
quantization_generated__quantization_trial__bb15501fce536dc8ac997b6d,0,locked-dedup-cluster-5e904898cda6c2658fd0bc9d,revision_v1_uuid_v4_055,detector_pair__15fd31d8ca6057c3f62d1e2e,qwen2_5_7b_instruct_q4_k_m,nonseg_ascii_b8,uuid_v4,casual_neighborhood_chat,ascii_b8,not_applicable,Q4_K_M,model_backed_quantization,0.012771140183036819,surprisal,quantization,pooled_quantizations,test
quantization_generated__quantization_trial__bb2f2b2dbf40e7e3c193a072,1,locked-dedup-cluster-8150a67016c09420f58d3140,revision_v1_sha256_hex_053,detector_pair__a0525d19d16da07edba1e595,qwen2_5_7b_instruct_q4_k_m,nonseg_ascii_b8,sha256_hex,casual_weekend_chat,ascii_b8,not_applicable,Q4_K_M,model_backed_quantization,0.9190121186458075,surprisal,quantization,pooled_quantizations,test
quantization_generated__quantization_trial__bb398b3da0a70c03f84c6c7b,1,locked-dedup-cluster-a7d8804ca4431e2f7d1239fd,revision_v1_aes256_gcm_base64_048,detector_pair__0ef84316da1c47080c4716d8,qwen2_5_7b_instruct_q8_0,nonseg_ascii_b16,aes256_gcm_base64,casual_neighborhood_chat,ascii_b16,not_applicable,Q8_0,model_backed_quantization,0.9877038043151716,surprisal,quantization,pooled_quantizations,test
quantization_generated__quantization_trial__bb4d4b9b0d096b665d318ac7,1,locked-dedup-cluster-32bd33f83721fefc90af26d5,revision_v1_nonce_96_bit_hex_057,detector_pair__3f2ffdb6e016a75bd9a3951f,qwen2_5_7b_instruct_q4_k_m,nonseg_ascii_b8,nonce_96_bit_hex,casual_weekend_chat,ascii_b8,not_applicable,Q4_K_M,model_backed_quantization,0.9406221160003031,surprisal,quantization,pooled_quantizations,test
quantization_generated__quantization_trial__bb50ba7fa2b656c8682fdac8,1,locked-dedup-cluster-309b32994a041eadb8229c21,revision_v1_chacha20_poly1305_base64_059,detector_pair__51c2e9f21b0663554b6b9b42,qwen2_5_7b_instruct_q4_k_m,nonseg_ascii_b16,chacha20_poly1305_base64,casual_hobby_chat,ascii_b16,not_applicable,Q4_K_M,model_backed_quantization,0.9988419845719992,surprisal,quantization,pooled_quantizations,test
quantization_generated__quantization_trial__bc0f17d9ba69379e10cd417f,0,locked-dedup-cluster-6136de4e90d44eb994005d2a,revision_v1_uuid_v4_051,detector_pair__9bea07f8b725d1fce44256c9,qwen2_5_7b_instruct_q8_0,nonseg_ascii_b8,uuid_v4,forum_purchase_advice,ascii_b8,not_applicable,Q8_0,model_backed_quantization,0.019526185325292756,surprisal,quantization,pooled_quantizations,test
quantization_generated__quantization_trial__bc4b060b0ebe0120b1ee60d8,0,locked-dedup-cluster-a37fa1ef4ffc42eb7c181e4b,revision_v1_aes256_gcm_base64_056,detector_pair__5867a223e9e3f5a78eb108fc,qwen2_5_7b_instruct_q4_k_m,nonseg_ascii_b8,aes256_gcm_base64,forum_practical_answer,ascii_b8,not_applicable,Q4_K_M,model_backed_quantization,0.008910960981278158,surprisal,quantization,pooled_quantizations,test
quantization_generated__quantization_trial__bc8a671a76578849013cbea1,1,locked-dedup-cluster-32bd33f83721fefc90af26d5,revision_v1_nonce_96_bit_hex_057,detector_pair__575176dce376ef83f477ad7a,qwen2_5_7b_instruct_q8_0,nonseg_ascii_b16,nonce_96_bit_hex,casual_weekend_chat,ascii_b16,not_applicable,Q8_0,model_backed_quantization,0.9915065980290038,surprisal,quantization,pooled_quantizations,test
quantization_generated__quantization_trial__bd168db8091609ea6204a713,0,locked-dedup-cluster-0383747dd5a5f8a5f4e4e52b,revision_v1_ed25519_signature_base64_048,detector_pair__470df21f2a388e882d9061b9,qwen2_5_7b_instruct_q8_0,nonseg_ascii_b8,ed25519_signature_base64,forum_purchase_advice,ascii_b8,not_applicable,Q8_0,model_backed_quantization,0.01576450639076691,surprisal,quantization,pooled_quantizations,test
quantization_generated__quantization_trial__be207b3368cd6a0c0715ad65,0,locked-dedup-cluster-607fc29d4914c273292301d6,revision_v1_token_128_bit_hex_052,detector_pair__b2406ccde00cd92802103626,qwen2_5_7b_instruct_q4_k_m,nonseg_ascii_b16,token_128_bit_hex,forum_practical_answer,ascii_b16,not_applicable,Q4_K_M,model_backed_quantization,0.010107854330232919,surprisal,quantization,pooled_quantizations,test
quantization_generated__quantization_trial__be2a8617384760ae79ca6be3,0,locked-dedup-cluster-ccac8eefaaa638dd205cad48,revision_v1_ed25519_signature_base64_049,detector_pair__a9e45a0a44b0e11628735c77,qwen2_5_7b_instruct_q8_0,nonseg_ascii_b8,ed25519_signature_base64,procedure_home_task,ascii_b8,not_applicable,Q8_0,model_backed_quantization,0.01000631460489786,surprisal,quantization,pooled_quantizations,test
quantization_generated__quantization_trial__be6aff24ae57b8859f71ed8c,1,locked-dedup-cluster-a3bf6a27ed0073b013821121,revision_v1_uuid_v4_057,detector_pair__aa6d4f4d43b307d5c09ad966,qwen2_5_7b_instruct_q8_0,nonseg_ascii_b16,uuid_v4,forum_learning_answer,ascii_b16,not_applicable,Q8_0,model_backed_quantization,0.9996193164457723,surprisal,quantization,pooled_quantizations,test
quantization_generated__quantization_trial__beb6b5d686a17843d8e57f6a,0,locked-dedup-cluster-860f29e67b6cb940e356f2ba,revision_v1_nonce_96_bit_hex_048,detector_pair__cec50060c21d25937b8e5172,qwen2_5_7b_instruct_q4_k_m,nonseg_ascii_b8,nonce_96_bit_hex,procedure_garden_task,ascii_b8,not_applicable,Q4_K_M,model_backed_quantization,0.010549912117554692,surprisal,quantization,pooled_quantizations,test
quantization_generated__quantization_trial__bfcfa30d88071aaf06556c04,1,locked-dedup-cluster-78226dcecb7d7df1214b9e71,revision_v1_sha256_hex_058,detector_pair__ebec241a829b5b6841377d6b,qwen2_5_7b_instruct_q4_k_m,nonseg_ascii_b16,sha256_hex,explain_everyday_system,ascii_b16,not_applicable,Q4_K_M,model_backed_quantization,0.997636456468698,surprisal,quantization,pooled_quantizations,test
quantization_generated__quantization_trial__c04e083e5bbee951e6777382,1,locked-dedup-cluster-735807dfd4ebac001f31dd39,revision_v1_hmac_sha256_hex_052,detector_pair__c1e1969d0cd5966ddb4edb45,qwen2_5_7b_instruct_q8_0,nonseg_ascii_b16,hmac_sha256_hex,casual_hobby_chat,ascii_b16,not_applicable,Q8_0,model_backed_quantization,0.9901791570121797,surprisal,quantization,pooled_quantizations,test
quantization_generated__quantization_trial__c06c9e39a81a2af8f6c03eb0,1,locked-dedup-cluster-bcfdb6b7b3e10eeeb0fe9939,revision_v1_sha256_hex_049,detector_pair__3d9efc0b6bbb6e0e7c349092,qwen2_5_7b_instruct_q8_0,nonseg_ascii_b16,sha256_hex,forum_practical_answer,ascii_b16,not_applicable,Q8_0,model_backed_quantization,0.9977458792537643,surprisal,quantization,pooled_quantizations,test
quantization_generated__quantization_trial__c09afb74e8a486becb22089f,0,locked-dedup-cluster-c588a294c6263bec1e8ad56d,revision_v1_token_128_bit_hex_054,detector_pair__a662d9def68ceb50f857ba46,qwen2_5_7b_instruct_q4_k_m,nonseg_ascii_b16,token_128_bit_hex,narrative_local_walk,ascii_b16,not_applicable,Q4_K_M,model_backed_quantization,0.011619343172952924,surprisal,quantization,pooled_quantizations,test
quantization_generated__quantization_trial__c14634a723dde4aa8cbb052e,1,locked-dedup-cluster-c70e6a7b676327fe8dd62523,revision_v1_hmac_sha256_hex_049,detector_pair__a8ed4ac73a94ee56055f2150,qwen2_5_7b_instruct_q8_0,nonseg_ascii_b16,hmac_sha256_hex,procedure_home_task,ascii_b16,not_applicable,Q8_0,model_backed_quantization,0.9914495927933813,surprisal,quantization,pooled_quantizations,test
quantization_generated__quantization_trial__c189c9e2ccad6828d3d99ee9,0,locked-dedup-cluster-a1f09603de61d42b17c60f90,revision_v1_nonce_96_bit_hex_058,detector_pair__39d4b162fc32842b35c77a69,qwen2_5_7b_instruct_q4_k_m,nonseg_ascii_b8,nonce_96_bit_hex,professional_project_update,ascii_b8,not_applicable,Q4_K_M,model_backed_quantization,0.007947657208901624,surprisal,quantization,pooled_quantizations,test
quantization_generated__quantization_trial__c1a604f642df2059a5c0f328,1,locked-dedup-cluster-bdb0cb932ce8d25533d129e7,revision_v1_uuid_v4_054,detector_pair__329c0ef6d49127a224eff335,qwen2_5_7b_instruct_q4_k_m,nonseg_ascii_b8,uuid_v4,explain_biological_process,ascii_b8,not_applicable,Q4_K_M,model_backed_quantization,0.9730342829908113,surprisal,quantization,pooled_quantizations,test
quantization_generated__quantization_trial__c1d5b8938c0b47499f6c3f72,0,locked-dedup-cluster-cbe3e4480a185210cb46c014,revision_v1_token_128_bit_hex_051,detector_pair__c7085b5712f11b620a813be1,qwen2_5_7b_instruct_q4_k_m,nonseg_ascii_b8,token_128_bit_hex,professional_project_update,ascii_b8,not_applicable,Q4_K_M,model_backed_quantization,0.011812468596231128,surprisal,quantization,pooled_quantizations,test
quantization_generated__quantization_trial__c25a13e2419684df1f7b9e78,0,locked-dedup-cluster-7c0c16a38fb1defe696a9adc,revision_v1_sha256_hex_054,detector_pair__f092df0ec4d4bc22cfdfdbdc,qwen2_5_7b_instruct_q4_k_m,nonseg_ascii_b8,sha256_hex,professional_schedule_note,ascii_b8,not_applicable,Q4_K_M,model_backed_quantization,0.007759826655166002,surprisal,quantization,pooled_quantizations,test
quantization_generated__quantization_trial__c2646e8de6ff3eb5d6dbad5f,0,locked-dedup-cluster-a48caa544001e5d183a57eea,revision_v1_nonce_96_bit_hex_049,detector_pair__c60e56cd0da9be5b061b61df,qwen2_5_7b_instruct_q8_0,nonseg_ascii_b8,nonce_96_bit_hex,narrative_learning_moment,ascii_b8,not_applicable,Q8_0,model_backed_quantization,0.01361285963375537,surprisal,quantization,pooled_quantizations,test
quantization_generated__quantization_trial__c2cbe5cda3e753dc2aa56ac6,0,locked-dedup-cluster-8150a67016c09420f58d3140,revision_v1_sha256_hex_053,detector_pair__fe49fc91a6451ab4634b05b5,qwen2_5_7b_instruct_q8_0,nonseg_ascii_b16,sha256_hex,casual_weekend_chat,ascii_b16,not_applicable,Q8_0,model_backed_quantization,0.015912399268033086,surprisal,quantization,pooled_quantizations,test
quantization_generated__quantization_trial__c30d8778c62bd578c6ec1acc,0,locked-dedup-cluster-7ace65ec425e390c50b53396,revision_v1_ed25519_signature_base64_055,detector_pair__312b23045a18359de3104f78,qwen2_5_7b_instruct_q8_0,nonseg_ascii_b8,ed25519_signature_base64,procedure_garden_task,ascii_b8,not_applicable,Q8_0,model_backed_quantization,0.00841515168636333,surprisal,quantization,pooled_quantizations,test
quantization_generated__quantization_trial__c36f8f1c23c7726380800453,1,locked-dedup-cluster-bc86fac7c4db3068f8c80ad3,revision_v1_chacha20_poly1305_base64_048,detector_pair__fc2ad3ac2920c791c096e02f,qwen2_5_7b_instruct_q8_0,nonseg_ascii_b16,chacha20_poly1305_base64,professional_project_update,ascii_b16,not_applicable,Q8_0,model_backed_quantization,0.9958118273760304,surprisal,quantization,pooled_quantizations,test
quantization_generated__quantization_trial__c39b58a53368b7cf720c6295,1,locked-dedup-cluster-7ace65ec425e390c50b53396,revision_v1_ed25519_signature_base64_055,detector_pair__312b23045a18359de3104f78,qwen2_5_7b_instruct_q4_k_m,nonseg_ascii_b8,ed25519_signature_base64,procedure_garden_task,ascii_b8,not_applicable,Q4_K_M,model_backed_quantization,0.972444095608004,surprisal,quantization,pooled_quantizations,test
quantization_generated__quantization_trial__c42e09eca67c417c048c4f78,1,locked-dedup-cluster-7f90efd3f54b6404464512bf,revision_v1_token_128_bit_hex_058,detector_pair__b112427bc2b90dea6ab20625,qwen2_5_7b_instruct_q4_k_m,nonseg_ascii_b16,token_128_bit_hex,forum_purchase_advice,ascii_b16,not_applicable,Q4_K_M,model_backed_quantization,0.9874459919374038,surprisal,quantization,pooled_quantizations,test
quantization_generated__quantization_trial__c4529f7c5de6c5e2813749c9,1,locked-dedup-cluster-087cbaaa2408a99991319532,revision_v1_uuid_v4_052,detector_pair__098918144cce907a9046b0f4,qwen2_5_7b_instruct_q4_k_m,nonseg_ascii_b8,uuid_v4,procedure_home_task,ascii_b8,not_applicable,Q4_K_M,model_backed_quantization,0.9853579123501278,surprisal,quantization,pooled_quantizations,test
quantization_generated__quantization_trial__c45f61f4e4bcad1333457c9b,1,locked-dedup-cluster-735807dfd4ebac001f31dd39,revision_v1_hmac_sha256_hex_052,detector_pair__c1e1969d0cd5966ddb4edb45,qwen2_5_7b_instruct_q4_k_m,nonseg_ascii_b16,hmac_sha256_hex,casual_hobby_chat,ascii_b16,not_applicable,Q4_K_M,model_backed_quantization,0.9235721379686147,surprisal,quantization,pooled_quantizations,test
quantization_generated__quantization_trial__c4916503bcaad554460af85e,0,locked-dedup-cluster-326b9482149ce2821475fa6b,revision_v1_chacha20_poly1305_base64_052,detector_pair__635aae9b3ae773343a5286ee,qwen2_5_7b_instruct_q4_k_m,nonseg_ascii_b8,chacha20_poly1305_base64,explain_weather_pattern,ascii_b8,not_applicable,Q4_K_M,model_backed_quantization,0.010205444277846152,surprisal,quantization,pooled_quantizations,test
quantization_generated__quantization_trial__c506ab16925af3ccf490105e,1,locked-dedup-cluster-fc358ef7970903b2c06d3c6e,revision_v1_token_128_bit_hex_053,detector_pair__2415e3d63cab4933f2222f09,qwen2_5_7b_instruct_q4_k_m,nonseg_ascii_b8,token_128_bit_hex,procedure_simple_meal,ascii_b8,not_applicable,Q4_K_M,model_backed_quantization,0.9870673530865047,surprisal,quantization,pooled_quantizations,test
quantization_generated__quantization_trial__c525c40fb2f2ca2ae3c4f654,1,locked-dedup-cluster-4380dc71001b76d2dbf645fb,revision_v1_aes256_gcm_base64_052,detector_pair__b1b2a645d20eb5c9c2f2c737,qwen2_5_7b_instruct_q8_0,nonseg_ascii_b8,aes256_gcm_base64,narrative_learning_moment,ascii_b8,not_applicable,Q8_0,model_backed_quantization,0.9549768609826093,surprisal,quantization,pooled_quantizations,test
quantization_generated__quantization_trial__c54350d40050eda8e5c491bd,0,locked-dedup-cluster-40d7dc0aae7327885c0b7431,revision_v1_aes256_gcm_base64_057,detector_pair__aacfd5d0b2ed636d0b524c5a,qwen2_5_7b_instruct_q4_k_m,nonseg_ascii_b16,aes256_gcm_base64,procedure_simple_meal,ascii_b16,not_applicable,Q4_K_M,model_backed_quantization,0.005214437758261382,surprisal,quantization,pooled_quantizations,test
quantization_generated__quantization_trial__c5ae5ba9202610e549df9702,0,locked-dedup-cluster-a3bf6a27ed0073b013821121,revision_v1_uuid_v4_057,detector_pair__aa6d4f4d43b307d5c09ad966,qwen2_5_7b_instruct_q8_0,nonseg_ascii_b16,uuid_v4,forum_learning_answer,ascii_b16,not_applicable,Q8_0,model_backed_quantization,0.01873858940259181,surprisal,quantization,pooled_quantizations,test
quantization_generated__quantization_trial__c635135390206b79e7276a2c,1,locked-dedup-cluster-eb3d72308b2b51a2950fef61,revision_v1_aes256_gcm_base64_059,detector_pair__0a0991bb382412041601d771,qwen2_5_7b_instruct_q8_0,nonseg_ascii_b8,aes256_gcm_base64,explain_weather_pattern,ascii_b8,not_applicable,Q8_0,model_backed_quantization,0.9971836389066976,surprisal,quantization,pooled_quantizations,test
quantization_generated__quantization_trial__c636e8e5d3f3f85049a667b4,1,locked-dedup-cluster-59f7511f5e7a9e62060c4324,revision_v1_uuid_v4_058,detector_pair__db772aabc1707cedee3e09b5,qwen2_5_7b_instruct_q8_0,nonseg_ascii_b16,uuid_v4,procedure_garden_task,ascii_b16,not_applicable,Q8_0,model_backed_quantization,0.9893479835575584,surprisal,quantization,pooled_quantizations,test
quantization_generated__quantization_trial__c78d6be46fa6fd1192c8d816,0,locked-dedup-cluster-bcfdb6b7b3e10eeeb0fe9939,revision_v1_sha256_hex_049,detector_pair__b8d9a46b046b4c9d68c8bf45,qwen2_5_7b_instruct_q8_0,nonseg_ascii_b8,sha256_hex,forum_practical_answer,ascii_b8,not_applicable,Q8_0,model_backed_quantization,0.007927075589121806,surprisal,quantization,pooled_quantizations,test
quantization_generated__quantization_trial__c7c8db628cc5f07e2d863454,1,locked-dedup-cluster-c70e6a7b676327fe8dd62523,revision_v1_hmac_sha256_hex_049,detector_pair__02b20fef1630ffd7c2661a5e,qwen2_5_7b_instruct_q8_0,nonseg_ascii_b8,hmac_sha256_hex,procedure_home_task,ascii_b8,not_applicable,Q8_0,model_backed_quantization,0.93079516758818,surprisal,quantization,pooled_quantizations,test
quantization_generated__quantization_trial__c8231a2c906c7abb0b041b85,1,locked-dedup-cluster-5e904898cda6c2658fd0bc9d,revision_v1_uuid_v4_055,detector_pair__1714c271d3615d7f45e1ceac,qwen2_5_7b_instruct_q8_0,nonseg_ascii_b16,uuid_v4,casual_neighborhood_chat,ascii_b16,not_applicable,Q8_0,model_backed_quantization,0.9991137559338285,surprisal,quantization,pooled_quantizations,test
quantization_generated__quantization_trial__c8df1bb1b6055d38a075d097,0,locked-dedup-cluster-fc358ef7970903b2c06d3c6e,revision_v1_token_128_bit_hex_053,detector_pair__43369bf948f8ca23c2581163,qwen2_5_7b_instruct_q8_0,nonseg_ascii_b16,token_128_bit_hex,procedure_simple_meal,ascii_b16,not_applicable,Q8_0,model_backed_quantization,0.007326569342790698,surprisal,quantization,pooled_quantizations,test
quantization_generated__quantization_trial__c91323e1f89c96c0e9c7fab0,0,locked-dedup-cluster-a30012a117157378dab7a070,revision_v1_ed25519_signature_base64_057,detector_pair__b49c14034ed2f302af30f847,qwen2_5_7b_instruct_q8_0,nonseg_ascii_b8,ed25519_signature_base64,explain_biological_process,ascii_b8,not_applicable,Q8_0,model_backed_quantization,0.005831993829160557,surprisal,quantization,pooled_quantizations,test
quantization_generated__quantization_trial__c9a90f33bbb83f8fda42eb02,0,locked-dedup-cluster-677b931ede46b422796a024f,revision_v1_token_128_bit_hex_050,detector_pair__3a37d4ae075a6fd5293efc9d,qwen2_5_7b_instruct_q8_0,nonseg_ascii_b8,token_128_bit_hex,casual_weekend_chat,ascii_b8,not_applicable,Q8_0,model_backed_quantization,0.010222813736448825,surprisal,quantization,pooled_quantizations,test
quantization_generated__quantization_trial__ca0a830a8f9e75b417789a08,0,locked-dedup-cluster-6d140bf45feadd3404291e51,revision_v1_uuid_v4_049,detector_pair__2eee1888c03dab3379e6cae0,qwen2_5_7b_instruct_q8_0,nonseg_ascii_b8,uuid_v4,casual_hobby_chat,ascii_b8,not_applicable,Q8_0,model_backed_quantization,0.014850038937974739,surprisal,quantization,pooled_quantizations,test
quantization_generated__quantization_trial__ca541671aa4591f20e85e8b2,1,locked-dedup-cluster-9c6f50a86da738803ef00fd9,revision_v1_uuid_v4_050,detector_pair__fa51506e0ca49355c83eaca5,qwen2_5_7b_instruct_q8_0,nonseg_ascii_b8,uuid_v4,professional_schedule_note,ascii_b8,not_applicable,Q8_0,model_backed_quantization,0.9724402980464687,surprisal,quantization,pooled_quantizations,test
quantization_generated__quantization_trial__cb1700bb27b3755ecb8c81b3,1,locked-dedup-cluster-133b7f7eae3c4fc7f563ffcd,revision_v1_nonce_96_bit_hex_055,detector_pair__bbc8243a3615367836bcd67b,qwen2_5_7b_instruct_q8_0,nonseg_ascii_b8,nonce_96_bit_hex,narrative_small_discovery,ascii_b8,not_applicable,Q8_0,model_backed_quantization,0.9573928805288904,surprisal,quantization,pooled_quantizations,test
quantization_generated__quantization_trial__cb4cb0d90fa8272cb904b001,0,locked-dedup-cluster-e303bfe023e32c25389ebaf9,revision_v1_token_128_bit_hex_057,detector_pair__f5a41c9f6cdf3982925ffc65,qwen2_5_7b_instruct_q4_k_m,nonseg_ascii_b16,token_128_bit_hex,professional_schedule_note,ascii_b16,not_applicable,Q4_K_M,model_backed_quantization,0.00437257902137774,surprisal,quantization,pooled_quantizations,test
quantization_generated__quantization_trial__cb59f3b9e64ab9785dbf31fd,1,locked-dedup-cluster-a30012a117157378dab7a070,revision_v1_ed25519_signature_base64_057,detector_pair__b328c95fca33f8e4a821e025,qwen2_5_7b_instruct_q8_0,nonseg_ascii_b16,ed25519_signature_base64,explain_biological_process,ascii_b16,not_applicable,Q8_0,model_backed_quantization,0.9972550562186131,surprisal,quantization,pooled_quantizations,test
quantization_generated__quantization_trial__cb6e395f473e6bb902071810,0,locked-dedup-cluster-921ce973e5ad81a19c867c59,revision_v1_chacha20_poly1305_base64_055,detector_pair__51c87adbb40b0b284babea9d,qwen2_5_7b_instruct_q4_k_m,nonseg_ascii_b16,chacha20_poly1305_base64,forum_purchase_advice,ascii_b16,not_applicable,Q4_K_M,model_backed_quantization,0.010917284635418656,surprisal,quantization,pooled_quantizations,test
quantization_generated__quantization_trial__cbc7c8848fd630d2089ede12,1,locked-dedup-cluster-ddc76c2f58e7b2d9577d19a2,revision_v1_uuid_v4_048,detector_pair__b57a15a3293df1d4b2e89f60,qwen2_5_7b_instruct_q4_k_m,nonseg_ascii_b16,uuid_v4,explain_everyday_system,ascii_b16,not_applicable,Q4_K_M,model_backed_quantization,0.9629276474745605,surprisal,quantization,pooled_quantizations,test
quantization_generated__quantization_trial__cbde36c183ac6e3e53242609,0,locked-dedup-cluster-9c6f50a86da738803ef00fd9,revision_v1_uuid_v4_050,detector_pair__df4501e80653dde70306111f,qwen2_5_7b_instruct_q8_0,nonseg_ascii_b16,uuid_v4,professional_schedule_note,ascii_b16,not_applicable,Q8_0,model_backed_quantization,0.005991996937112114,surprisal,quantization,pooled_quantizations,test
quantization_generated__quantization_trial__cbe58e463ef73f774fc0b06f,0,locked-dedup-cluster-f71f239b6ba6105b60b970fe,revision_v1_aes256_gcm_base64_049,detector_pair__16fb452794f76bd9cb536928,qwen2_5_7b_instruct_q8_0,nonseg_ascii_b16,aes256_gcm_base64,professional_process_email,ascii_b16,not_applicable,Q8_0,model_backed_quantization,0.0079464436301429,surprisal,quantization,pooled_quantizations,test
quantization_generated__quantization_trial__cc05102e715a963636de6f34,0,locked-dedup-cluster-80d681973cacd2decbba4986,revision_v1_sha256_hex_052,detector_pair__22b6f287deb45facbdb99e3f,qwen2_5_7b_instruct_q8_0,nonseg_ascii_b16,sha256_hex,explain_weather_pattern,ascii_b16,not_applicable,Q8_0,model_backed_quantization,0.016085702049238104,surprisal,quantization,pooled_quantizations,test
quantization_generated__quantization_trial__cc6fa45cfb6e09c66714ac98,0,locked-dedup-cluster-3e7ebbcc4ca1c26b2196e44d,revision_v1_token_128_bit_hex_048,detector_pair__0f2a33ba7c2cf8c8314f1cc8,qwen2_5_7b_instruct_q8_0,nonseg_ascii_b8,token_128_bit_hex,narrative_small_discovery,ascii_b8,not_applicable,Q8_0,model_backed_quantization,0.031066226554187032,surprisal,quantization,pooled_quantizations,test
quantization_generated__quantization_trial__cd8706d5249dec5a04be5fad,0,locked-dedup-cluster-087cbaaa2408a99991319532,revision_v1_uuid_v4_052,detector_pair__098918144cce907a9046b0f4,qwen2_5_7b_instruct_q4_k_m,nonseg_ascii_b8,uuid_v4,procedure_home_task,ascii_b8,not_applicable,Q4_K_M,model_backed_quantization,0.010808271699139373,surprisal,quantization,pooled_quantizations,test
quantization_generated__quantization_trial__ce2a5c9e94fe13ee98191bef,1,locked-dedup-cluster-f71f239b6ba6105b60b970fe,revision_v1_aes256_gcm_base64_049,detector_pair__16fb452794f76bd9cb536928,qwen2_5_7b_instruct_q4_k_m,nonseg_ascii_b16,aes256_gcm_base64,professional_process_email,ascii_b16,not_applicable,Q4_K_M,model_backed_quantization,0.9970058127833806,surprisal,quantization,pooled_quantizations,test
quantization_generated__quantization_trial__ce3856c2c95c5d1a4d31ceb4,1,locked-dedup-cluster-7c0c16a38fb1defe696a9adc,revision_v1_sha256_hex_054,detector_pair__f092df0ec4d4bc22cfdfdbdc,qwen2_5_7b_instruct_q8_0,nonseg_ascii_b8,sha256_hex,professional_schedule_note,ascii_b8,not_applicable,Q8_0,model_backed_quantization,0.9757223633344826,surprisal,quantization,pooled_quantizations,test
quantization_generated__quantization_trial__ce6d4c0728b3877dcc27a90f,1,locked-dedup-cluster-e303bfe023e32c25389ebaf9,revision_v1_token_128_bit_hex_057,detector_pair__f5a41c9f6cdf3982925ffc65,qwen2_5_7b_instruct_q4_k_m,nonseg_ascii_b16,token_128_bit_hex,professional_schedule_note,ascii_b16,not_applicable,Q4_K_M,model_backed_quantization,0.9989005728743411,surprisal,quantization,pooled_quantizations,test
quantization_generated__quantization_trial__ce936fc7719ed88e25959dac,0,locked-dedup-cluster-3e7ebbcc4ca1c26b2196e44d,revision_v1_token_128_bit_hex_048,detector_pair__3d4dba0ecb5d097858cfef59,qwen2_5_7b_instruct_q8_0,nonseg_ascii_b16,token_128_bit_hex,narrative_small_discovery,ascii_b16,not_applicable,Q8_0,model_backed_quantization,0.03557530507589913,surprisal,quantization,pooled_quantizations,test
quantization_generated__quantization_trial__ced03c7b7626915c379c57ad,0,locked-dedup-cluster-21724430ac9765521f1234e5,revision_v1_token_128_bit_hex_056,detector_pair__fdaf58ddc5e03e479c33ca0e,qwen2_5_7b_instruct_q4_k_m,nonseg_ascii_b16,token_128_bit_hex,casual_hobby_chat,ascii_b16,not_applicable,Q4_K_M,model_backed_quantization,0.014411661632952358,surprisal,quantization,pooled_quantizations,test
quantization_generated__quantization_trial__cedeac24d70aefa66e73a134,0,locked-dedup-cluster-9fb55cb9331ccdfa323bdbd1,revision_v1_hmac_sha256_hex_059,detector_pair__b373d008d334b499009c3a9d,qwen2_5_7b_instruct_q4_k_m,nonseg_ascii_b16,hmac_sha256_hex,professional_process_email,ascii_b16,not_applicable,Q4_K_M,model_backed_quantization,0.009244972876526427,surprisal,quantization,pooled_quantizations,test
quantization_generated__quantization_trial__cf35944a304fbcab18181191,0,locked-dedup-cluster-24417433e41542e23709f998,revision_v1_aes256_gcm_base64_054,detector_pair__3734f003bf67e83edf138578,qwen2_5_7b_instruct_q8_0,nonseg_ascii_b16,aes256_gcm_base64,casual_weekend_chat,ascii_b16,not_applicable,Q8_0,model_backed_quantization,0.01702777275855557,surprisal,quantization,pooled_quantizations,test
quantization_generated__quantization_trial__cf736c0623bdcfdf394f6a65,1,locked-dedup-cluster-326b9482149ce2821475fa6b,revision_v1_chacha20_poly1305_base64_052,detector_pair__dea6b39919f437876670b8c5,qwen2_5_7b_instruct_q8_0,nonseg_ascii_b16,chacha20_poly1305_base64,explain_weather_pattern,ascii_b16,not_applicable,Q8_0,model_backed_quantization,0.9939694212175169,surprisal,quantization,pooled_quantizations,test
quantization_generated__quantization_trial__cfc56e56189a99b1451b6384,1,locked-dedup-cluster-d5b4f2b51dfabbdce0cd2fb8,revision_v1_sha256_hex_057,detector_pair__79d3778d08b87fa8ddfa389e,qwen2_5_7b_instruct_q8_0,nonseg_ascii_b8,sha256_hex,narrative_local_walk,ascii_b8,not_applicable,Q8_0,model_backed_quantization,0.8511676860090764,surprisal,quantization,pooled_quantizations,test
quantization_generated__quantization_trial__d02cf77fb7e502025288c2c7,1,locked-dedup-cluster-b74f1f8669498a5ca0d2de84,revision_v1_nonce_96_bit_hex_056,detector_pair__3b70f67cd49c2e95b1b24e29,qwen2_5_7b_instruct_q8_0,nonseg_ascii_b8,nonce_96_bit_hex,explain_weather_pattern,ascii_b8,not_applicable,Q8_0,model_backed_quantization,0.8599544697848975,surprisal,quantization,pooled_quantizations,test
quantization_generated__quantization_trial__d0dc53a6a2aae7dc11a7b11e,1,locked-dedup-cluster-6136de4e90d44eb994005d2a,revision_v1_uuid_v4_051,detector_pair__86325854c5fddaddedf49bed,qwen2_5_7b_instruct_q4_k_m,nonseg_ascii_b16,uuid_v4,forum_purchase_advice,ascii_b16,not_applicable,Q4_K_M,model_backed_quantization,0.9850423434749448,surprisal,quantization,pooled_quantizations,test
quantization_generated__quantization_trial__d0e4922c3dc009a2492d0199,1,locked-dedup-cluster-cbe3e4480a185210cb46c014,revision_v1_token_128_bit_hex_051,detector_pair__69db954a52f98e7933f15149,qwen2_5_7b_instruct_q8_0,nonseg_ascii_b16,token_128_bit_hex,professional_project_update,ascii_b16,not_applicable,Q8_0,model_backed_quantization,0.996213847271022,surprisal,quantization,pooled_quantizations,test
quantization_generated__quantization_trial__d0e614b46e1b98c1655fbb2b,1,locked-dedup-cluster-9fb55cb9331ccdfa323bdbd1,revision_v1_hmac_sha256_hex_059,detector_pair__304502c20f87a5c985774ec7,qwen2_5_7b_instruct_q4_k_m,nonseg_ascii_b8,hmac_sha256_hex,professional_process_email,ascii_b8,not_applicable,Q4_K_M,model_backed_quantization,0.9730084963625357,surprisal,quantization,pooled_quantizations,test
quantization_generated__quantization_trial__d141e7525d8e17172b33b854,0,locked-dedup-cluster-78226dcecb7d7df1214b9e71,revision_v1_sha256_hex_058,detector_pair__e13d29d24cc65794d6737b1c,qwen2_5_7b_instruct_q8_0,nonseg_ascii_b8,sha256_hex,explain_everyday_system,ascii_b8,not_applicable,Q8_0,model_backed_quantization,0.010048216685749112,surprisal,quantization,pooled_quantizations,test
quantization_generated__quantization_trial__d156bc876c75500b003d4d2d,1,locked-dedup-cluster-ff3c000e9d1174a8de74bd6f,revision_v1_ed25519_signature_base64_059,detector_pair__04813f5c16a3ce609c8daf4b,qwen2_5_7b_instruct_q4_k_m,nonseg_ascii_b8,ed25519_signature_base64,professional_process_email,ascii_b8,not_applicable,Q4_K_M,model_backed_quantization,0.968970227419538,surprisal,quantization,pooled_quantizations,test
quantization_generated__quantization_trial__d1a1621424bfd75bb0233bb3,1,locked-dedup-cluster-867b2f4c828e3e0523487402,revision_v1_hmac_sha256_hex_048,detector_pair__da08df579ff072eeb5dfb41d,qwen2_5_7b_instruct_q4_k_m,nonseg_ascii_b8,hmac_sha256_hex,forum_purchase_advice,ascii_b8,not_applicable,Q4_K_M,model_backed_quantization,0.9889899659211181,surprisal,quantization,pooled_quantizations,test
quantization_generated__quantization_trial__d23d2fde754bc0968461cd22,1,locked-dedup-cluster-8cd2e77d4fa5e7d635c78e1d,revision_v1_nonce_96_bit_hex_053,detector_pair__e192bbb3cdeb548f2e696aed,qwen2_5_7b_instruct_q8_0,nonseg_ascii_b16,nonce_96_bit_hex,forum_learning_answer,ascii_b16,not_applicable,Q8_0,model_backed_quantization,0.9978028682254725,surprisal,quantization,pooled_quantizations,test
quantization_generated__quantization_trial__d2edbd1743aeb2103d3d2a91,0,locked-dedup-cluster-c588a294c6263bec1e8ad56d,revision_v1_token_128_bit_hex_054,detector_pair__238d5d1cc4671d9981518a1e,qwen2_5_7b_instruct_q8_0,nonseg_ascii_b8,token_128_bit_hex,narrative_local_walk,ascii_b8,not_applicable,Q8_0,model_backed_quantization,0.033777534980239464,surprisal,quantization,pooled_quantizations,test
quantization_generated__quantization_trial__d32cd7e9f03b5ca5c07d6a1c,0,locked-dedup-cluster-32bd33f83721fefc90af26d5,revision_v1_nonce_96_bit_hex_057,detector_pair__575176dce376ef83f477ad7a,qwen2_5_7b_instruct_q8_0,nonseg_ascii_b16,nonce_96_bit_hex,casual_weekend_chat,ascii_b16,not_applicable,Q8_0,model_backed_quantization,0.012160873179004706,surprisal,quantization,pooled_quantizations,test
quantization_generated__quantization_trial__d37355ce3f2201eae867a77a,0,locked-dedup-cluster-a30012a117157378dab7a070,revision_v1_ed25519_signature_base64_057,detector_pair__b49c14034ed2f302af30f847,qwen2_5_7b_instruct_q4_k_m,nonseg_ascii_b8,ed25519_signature_base64,explain_biological_process,ascii_b8,not_applicable,Q4_K_M,model_backed_quantization,0.006889232954679349,surprisal,quantization,pooled_quantizations,test
quantization_generated__quantization_trial__d3f4e8574ff588dd8a19565a,1,locked-dedup-cluster-25e8125b00cb0a0fe72d530a,revision_v1_token_128_bit_hex_049,detector_pair__17ee7d235f9e73f3558860d1,qwen2_5_7b_instruct_q8_0,nonseg_ascii_b8,token_128_bit_hex,explain_weather_pattern,ascii_b8,not_applicable,Q8_0,model_backed_quantization,0.9493115807776942,surprisal,quantization,pooled_quantizations,test
quantization_generated__quantization_trial__d44bd7ac15c13840bdaef36d,0,locked-dedup-cluster-a0ec330801b891c994a313b8,revision_v1_hmac_sha256_hex_057,detector_pair__4da55c9a83764d9718540571,qwen2_5_7b_instruct_q8_0,nonseg_ascii_b8,hmac_sha256_hex,explain_biological_process,ascii_b8,not_applicable,Q8_0,model_backed_quantization,0.005168563956517604,surprisal,quantization,pooled_quantizations,test
quantization_generated__quantization_trial__d4e4792899a8d3a9036ab100,0,locked-dedup-cluster-df5a565df542d50b304df667,revision_v1_hmac_sha256_hex_051,detector_pair__bb7a1e398dcfa1d9bf16722e,qwen2_5_7b_instruct_q8_0,nonseg_ascii_b8,hmac_sha256_hex,explain_everyday_system,ascii_b8,not_applicable,Q8_0,model_backed_quantization,0.009646899655938772,surprisal,quantization,pooled_quantizations,test
quantization_generated__quantization_trial__d5003f79ceaea4bbe9df85f4,0,locked-dedup-cluster-607fc29d4914c273292301d6,revision_v1_token_128_bit_hex_052,detector_pair__b2406ccde00cd92802103626,qwen2_5_7b_instruct_q8_0,nonseg_ascii_b16,token_128_bit_hex,forum_practical_answer,ascii_b16,not_applicable,Q8_0,model_backed_quantization,0.005794563298973677,surprisal,quantization,pooled_quantizations,test
quantization_generated__quantization_trial__d50c629d1976238e3f287fd7,0,locked-dedup-cluster-da023141f0cff98c47ca9314,revision_v1_aes256_gcm_base64_051,detector_pair__9c2eb1cb6a1efcca97b5df5f,qwen2_5_7b_instruct_q4_k_m,nonseg_ascii_b16,aes256_gcm_base64,procedure_garden_task,ascii_b16,not_applicable,Q4_K_M,model_backed_quantization,0.008921582571566944,surprisal,quantization,pooled_quantizations,test
quantization_generated__quantization_trial__d539238235b86625e40b2d7e,1,locked-dedup-cluster-a37fa1ef4ffc42eb7c181e4b,revision_v1_aes256_gcm_base64_056,detector_pair__5867a223e9e3f5a78eb108fc,qwen2_5_7b_instruct_q4_k_m,nonseg_ascii_b8,aes256_gcm_base64,forum_practical_answer,ascii_b8,not_applicable,Q4_K_M,model_backed_quantization,0.9836489751417234,surprisal,quantization,pooled_quantizations,test
quantization_generated__quantization_trial__d667178eae40d2f2ccdb281e,0,locked-dedup-cluster-bcfdb6b7b3e10eeeb0fe9939,revision_v1_sha256_hex_049,detector_pair__3d9efc0b6bbb6e0e7c349092,qwen2_5_7b_instruct_q8_0,nonseg_ascii_b16,sha256_hex,forum_practical_answer,ascii_b16,not_applicable,Q8_0,model_backed_quantization,0.007943013032965717,surprisal,quantization,pooled_quantizations,test
quantization_generated__quantization_trial__d6d581a76cdc9e542a852c63,1,locked-dedup-cluster-921ce973e5ad81a19c867c59,revision_v1_chacha20_poly1305_base64_055,detector_pair__51c87adbb40b0b284babea9d,qwen2_5_7b_instruct_q8_0,nonseg_ascii_b16,chacha20_poly1305_base64,forum_purchase_advice,ascii_b16,not_applicable,Q8_0,model_backed_quantization,0.9967959242107262,surprisal,quantization,pooled_quantizations,test
quantization_generated__quantization_trial__d6f225e2660994f6f83d34c8,1,locked-dedup-cluster-735807dfd4ebac001f31dd39,revision_v1_hmac_sha256_hex_052,detector_pair__36ccaba0f6273725cea713a8,qwen2_5_7b_instruct_q8_0,nonseg_ascii_b8,hmac_sha256_hex,casual_hobby_chat,ascii_b8,not_applicable,Q8_0,model_backed_quantization,0.9695410626313298,surprisal,quantization,pooled_quantizations,test
quantization_generated__quantization_trial__d72c6bc61fbee45e4e8f91e3,0,locked-dedup-cluster-4380dc71001b76d2dbf645fb,revision_v1_aes256_gcm_base64_052,detector_pair__b1b2a645d20eb5c9c2f2c737,qwen2_5_7b_instruct_q8_0,nonseg_ascii_b8,aes256_gcm_base64,narrative_learning_moment,ascii_b8,not_applicable,Q8_0,model_backed_quantization,0.03654715361148403,surprisal,quantization,pooled_quantizations,test
quantization_generated__quantization_trial__d771d433453febc82dd64846,0,locked-dedup-cluster-f71f239b6ba6105b60b970fe,revision_v1_aes256_gcm_base64_049,detector_pair__ab06b51f86631153c60d9d8a,qwen2_5_7b_instruct_q4_k_m,nonseg_ascii_b8,aes256_gcm_base64,professional_process_email,ascii_b8,not_applicable,Q4_K_M,model_backed_quantization,0.007550389938380201,surprisal,quantization,pooled_quantizations,test
quantization_generated__quantization_trial__d77bdb5ee8c83ab49739031a,1,locked-dedup-cluster-9fb55cb9331ccdfa323bdbd1,revision_v1_hmac_sha256_hex_059,detector_pair__b373d008d334b499009c3a9d,qwen2_5_7b_instruct_q4_k_m,nonseg_ascii_b16,hmac_sha256_hex,professional_process_email,ascii_b16,not_applicable,Q4_K_M,model_backed_quantization,0.9971563902274874,surprisal,quantization,pooled_quantizations,test
quantization_generated__quantization_trial__d77c0655de268f143f166027,0,locked-dedup-cluster-a877ac9e15d9982c5f795957,revision_v1_sha256_hex_048,detector_pair__7bb296eb5b9c291101190c4f,qwen2_5_7b_instruct_q4_k_m,nonseg_ascii_b8,sha256_hex,professional_project_update,ascii_b8,not_applicable,Q4_K_M,model_backed_quantization,0.01844444875937708,surprisal,quantization,pooled_quantizations,test
quantization_generated__quantization_trial__d7837cf4e6a5178d5c6efd05,0,locked-dedup-cluster-21724430ac9765521f1234e5,revision_v1_token_128_bit_hex_056,detector_pair__3bcbacc652b9f9765d7c1508,qwen2_5_7b_instruct_q4_k_m,nonseg_ascii_b8,token_128_bit_hex,casual_hobby_chat,ascii_b8,not_applicable,Q4_K_M,model_backed_quantization,0.015537476295766236,surprisal,quantization,pooled_quantizations,test
quantization_generated__quantization_trial__d7b9af69286249570b7b49a5,1,locked-dedup-cluster-eb3d72308b2b51a2950fef61,revision_v1_aes256_gcm_base64_059,detector_pair__e980d32bbe24a132955affba,qwen2_5_7b_instruct_q4_k_m,nonseg_ascii_b16,aes256_gcm_base64,explain_weather_pattern,ascii_b16,not_applicable,Q4_K_M,model_backed_quantization,0.9804356029732079,surprisal,quantization,pooled_quantizations,test
quantization_generated__quantization_trial__d7d82379acf8671b38676e37,0,locked-dedup-cluster-d546e7e62abc86faac74f5d8,revision_v1_hmac_sha256_hex_056,detector_pair__81e6ba3ca4a90debf03114f2,qwen2_5_7b_instruct_q8_0,nonseg_ascii_b8,hmac_sha256_hex,narrative_learning_moment,ascii_b8,not_applicable,Q8_0,model_backed_quantization,0.03900126603834085,surprisal,quantization,pooled_quantizations,test
quantization_generated__quantization_trial__d83a0a6a2604bd08233874d4,1,locked-dedup-cluster-60a1e2f88d4e40514869d20f,revision_v1_ed25519_signature_base64_051,detector_pair__9f96c81ebf78ffabf9ffcfcc,qwen2_5_7b_instruct_q4_k_m,nonseg_ascii_b16,ed25519_signature_base64,explain_everyday_system,ascii_b16,not_applicable,Q4_K_M,model_backed_quantization,0.9971120473418948,surprisal,quantization,pooled_quantizations,test
quantization_generated__quantization_trial__d861eaefabe2c99026083565,0,locked-dedup-cluster-5ace189a35be6720f7c9dc5e,revision_v1_chacha20_poly1305_base64_057,detector_pair__f0cdae306897250678b192f4,qwen2_5_7b_instruct_q8_0,nonseg_ascii_b16,chacha20_poly1305_base64,narrative_local_walk,ascii_b16,not_applicable,Q8_0,model_backed_quantization,0.008583359597244669,surprisal,quantization,pooled_quantizations,test
quantization_generated__quantization_trial__d8e27180e6dca1a1e240e8eb,1,locked-dedup-cluster-9dcfc126b0a6fc49629304d7,revision_v1_ed25519_signature_base64_054,detector_pair__26a37a9dca2e0a4b556436ae,qwen2_5_7b_instruct_q8_0,nonseg_ascii_b8,ed25519_signature_base64,forum_learning_answer,ascii_b8,not_applicable,Q8_0,model_backed_quantization,0.9843135170017376,surprisal,quantization,pooled_quantizations,test
quantization_generated__quantization_trial__d963d3c0b96411bc294b513f,0,locked-dedup-cluster-d3540d957b4816af4830d47f,revision_v1_chacha20_poly1305_base64_053,detector_pair__36614a06f65a04cd7cec4ac1,qwen2_5_7b_instruct_q4_k_m,nonseg_ascii_b16,chacha20_poly1305_base64,casual_weekend_chat,ascii_b16,not_applicable,Q4_K_M,model_backed_quantization,0.013042808757651387,surprisal,quantization,pooled_quantizations,test
quantization_generated__quantization_trial__da1130122ad44ccf062ac5b8,1,locked-dedup-cluster-85408c5a1c55422d408f6f47,revision_v1_hmac_sha256_hex_054,detector_pair__23672d0ec4bad58efc3e13fb,qwen2_5_7b_instruct_q4_k_m,nonseg_ascii_b8,hmac_sha256_hex,forum_learning_answer,ascii_b8,not_applicable,Q4_K_M,model_backed_quantization,0.9916590878567517,surprisal,quantization,pooled_quantizations,test
quantization_generated__quantization_trial__da4baf2678c734ffcbee517b,1,locked-dedup-cluster-0fa6270b95556a3e58f35a88,revision_v1_chacha20_poly1305_base64_049,detector_pair__3aedf37d9c11b1838d19a6e2,qwen2_5_7b_instruct_q8_0,nonseg_ascii_b16,chacha20_poly1305_base64,forum_practical_answer,ascii_b16,not_applicable,Q8_0,model_backed_quantization,0.9962718632103682,surprisal,quantization,pooled_quantizations,test
quantization_generated__quantization_trial__db29c901d9c55d2eb503ed2b,1,locked-dedup-cluster-a30012a117157378dab7a070,revision_v1_ed25519_signature_base64_057,detector_pair__b49c14034ed2f302af30f847,qwen2_5_7b_instruct_q8_0,nonseg_ascii_b8,ed25519_signature_base64,explain_biological_process,ascii_b8,not_applicable,Q8_0,model_backed_quantization,0.9767778678761853,surprisal,quantization,pooled_quantizations,test
quantization_generated__quantization_trial__db3f0924a80da68620940723,0,locked-dedup-cluster-0eb47bf23cdaa7b54a0335a2,revision_v1_token_128_bit_hex_055,detector_pair__7cb6da51f2bfa7797487f8f1,qwen2_5_7b_instruct_q4_k_m,nonseg_ascii_b16,token_128_bit_hex,explain_everyday_system,ascii_b16,not_applicable,Q4_K_M,model_backed_quantization,0.02492488136886476,surprisal,quantization,pooled_quantizations,test
quantization_generated__quantization_trial__db552c0ef343654e18581746,0,locked-dedup-cluster-a2b2305f32aed49b82a74ffb,revision_v1_chacha20_poly1305_base64_051,detector_pair__d5ae06b7b10f557b4987385e,qwen2_5_7b_instruct_q8_0,nonseg_ascii_b16,chacha20_poly1305_base64,narrative_small_discovery,ascii_b16,not_applicable,Q8_0,model_backed_quantization,0.03153363984946648,surprisal,quantization,pooled_quantizations,test
quantization_generated__quantization_trial__db5a57640b8ddad638d87c6a,1,locked-dedup-cluster-677b931ede46b422796a024f,revision_v1_token_128_bit_hex_050,detector_pair__73085a1f2f36ac7a7f5564b4,qwen2_5_7b_instruct_q4_k_m,nonseg_ascii_b16,token_128_bit_hex,casual_weekend_chat,ascii_b16,not_applicable,Q4_K_M,model_backed_quantization,0.992359232729601,surprisal,quantization,pooled_quantizations,test
quantization_generated__quantization_trial__dd28ff91a0a37adb1bd15072,1,locked-dedup-cluster-9dcfc126b0a6fc49629304d7,revision_v1_ed25519_signature_base64_054,detector_pair__ca40d644d86beff1b21b6cf4,qwen2_5_7b_instruct_q4_k_m,nonseg_ascii_b16,ed25519_signature_base64,forum_learning_answer,ascii_b16,not_applicable,Q4_K_M,model_backed_quantization,0.9985767133359575,surprisal,quantization,pooled_quantizations,test
quantization_generated__quantization_trial__ddaba00ec2e7e04fb0d37c98,1,locked-dedup-cluster-bcfdb6b7b3e10eeeb0fe9939,revision_v1_sha256_hex_049,detector_pair__b8d9a46b046b4c9d68c8bf45,qwen2_5_7b_instruct_q8_0,nonseg_ascii_b8,sha256_hex,forum_practical_answer,ascii_b8,not_applicable,Q8_0,model_backed_quantization,0.9850280054053242,surprisal,quantization,pooled_quantizations,test
quantization_generated__quantization_trial__de3eca1acd49bda93660c1df,1,locked-dedup-cluster-df5a565df542d50b304df667,revision_v1_hmac_sha256_hex_051,detector_pair__abb0d0a3621fb52a9daad5c4,qwen2_5_7b_instruct_q8_0,nonseg_ascii_b16,hmac_sha256_hex,explain_everyday_system,ascii_b16,not_applicable,Q8_0,model_backed_quantization,0.9973430604378858,surprisal,quantization,pooled_quantizations,test
quantization_generated__quantization_trial__de75d40364f8141e6517e657,0,locked-dedup-cluster-bc86fac7c4db3068f8c80ad3,revision_v1_chacha20_poly1305_base64_048,detector_pair__fc2ad3ac2920c791c096e02f,qwen2_5_7b_instruct_q8_0,nonseg_ascii_b16,chacha20_poly1305_base64,professional_project_update,ascii_b16,not_applicable,Q8_0,model_backed_quantization,0.01484046597483476,surprisal,quantization,pooled_quantizations,test
quantization_generated__quantization_trial__def5df778df38bc0b526ed7b,1,locked-dedup-cluster-a4dc36180df85cc7bf87e268,revision_v1_chacha20_poly1305_base64_056,detector_pair__f6860869e70591f2853f8c72,qwen2_5_7b_instruct_q8_0,nonseg_ascii_b16,chacha20_poly1305_base64,procedure_home_task,ascii_b16,not_applicable,Q8_0,model_backed_quantization,0.9982638177751677,surprisal,quantization,pooled_quantizations,test
quantization_generated__quantization_trial__df0130c99a435bbda3760b7a,0,locked-dedup-cluster-867b2f4c828e3e0523487402,revision_v1_hmac_sha256_hex_048,detector_pair__4c0939e0df618886ca0d7a1d,qwen2_5_7b_instruct_q8_0,nonseg_ascii_b16,hmac_sha256_hex,forum_purchase_advice,ascii_b16,not_applicable,Q8_0,model_backed_quantization,0.02126195041123742,surprisal,quantization,pooled_quantizations,test
quantization_generated__quantization_trial__df9e3335997c36d6911b15ea,1,locked-dedup-cluster-ae9124bd602068cdb9f9375d,revision_v1_sha256_hex_059,detector_pair__788971e93f307b97358737a8,qwen2_5_7b_instruct_q8_0,nonseg_ascii_b16,sha256_hex,casual_hobby_chat,ascii_b16,not_applicable,Q8_0,model_backed_quantization,0.9964507601101366,surprisal,quantization,pooled_quantizations,test
quantization_generated__quantization_trial__dfe524e7f0c7b6624e87e7e2,0,locked-dedup-cluster-a2b2305f32aed49b82a74ffb,revision_v1_chacha20_poly1305_base64_051,detector_pair__ffc01e222d6d4224f929be81,qwen2_5_7b_instruct_q8_0,nonseg_ascii_b8,chacha20_poly1305_base64,narrative_small_discovery,ascii_b8,not_applicable,Q8_0,model_backed_quantization,0.018839285858542415,surprisal,quantization,pooled_quantizations,test
quantization_generated__quantization_trial__e028db5434ddd41e77fcf23c,1,locked-dedup-cluster-f71f239b6ba6105b60b970fe,revision_v1_aes256_gcm_base64_049,detector_pair__16fb452794f76bd9cb536928,qwen2_5_7b_instruct_q8_0,nonseg_ascii_b16,aes256_gcm_base64,professional_process_email,ascii_b16,not_applicable,Q8_0,model_backed_quantization,0.998184816266939,surprisal,quantization,pooled_quantizations,test
quantization_generated__quantization_trial__e049d84acb5ff40a21591166,0,locked-dedup-cluster-7ace65ec425e390c50b53396,revision_v1_ed25519_signature_base64_055,detector_pair__790230528da800f7e55083fb,qwen2_5_7b_instruct_q8_0,nonseg_ascii_b16,ed25519_signature_base64,procedure_garden_task,ascii_b16,not_applicable,Q8_0,model_backed_quantization,0.017484083480171043,surprisal,quantization,pooled_quantizations,test
quantization_generated__quantization_trial__e0d45dab115ef7257ca83de2,1,locked-dedup-cluster-48d7da6cd06bde46d05aad3f,revision_v1_sha256_hex_056,detector_pair__df1c175e08410b98d742da47,qwen2_5_7b_instruct_q8_0,nonseg_ascii_b8,sha256_hex,procedure_home_task,ascii_b8,not_applicable,Q8_0,model_backed_quantization,0.9637704496315477,surprisal,quantization,pooled_quantizations,test
quantization_generated__quantization_trial__e1edf83ca2ddf0c0a953457e,0,locked-dedup-cluster-3550b9941e44ba053c139eaa,revision_v1_sha256_hex_055,detector_pair__75a7b18c81fcf3e329b5c7c1,qwen2_5_7b_instruct_q8_0,nonseg_ascii_b8,sha256_hex,forum_purchase_advice,ascii_b8,not_applicable,Q8_0,model_backed_quantization,0.04648426954299566,surprisal,quantization,pooled_quantizations,test
quantization_generated__quantization_trial__e258d6326e086e886ec9fb4c,0,locked-dedup-cluster-867b2f4c828e3e0523487402,revision_v1_hmac_sha256_hex_048,detector_pair__da08df579ff072eeb5dfb41d,qwen2_5_7b_instruct_q4_k_m,nonseg_ascii_b8,hmac_sha256_hex,forum_purchase_advice,ascii_b8,not_applicable,Q4_K_M,model_backed_quantization,0.010324802358233545,surprisal,quantization,pooled_quantizations,test
quantization_generated__quantization_trial__e2921a1c829fabaf283ae16e,0,locked-dedup-cluster-ccac8eefaaa638dd205cad48,revision_v1_ed25519_signature_base64_049,detector_pair__a9e45a0a44b0e11628735c77,qwen2_5_7b_instruct_q4_k_m,nonseg_ascii_b8,ed25519_signature_base64,procedure_home_task,ascii_b8,not_applicable,Q4_K_M,model_backed_quantization,0.010320876039724581,surprisal,quantization,pooled_quantizations,test
quantization_generated__quantization_trial__e2b85a63b1aa7dd64bd51387,1,locked-dedup-cluster-649f177e20db0a267e158906,revision_v1_nonce_96_bit_hex_050,detector_pair__752db95626ca69f994c1d948,qwen2_5_7b_instruct_q4_k_m,nonseg_ascii_b8,nonce_96_bit_hex,explain_biological_process,ascii_b8,not_applicable,Q4_K_M,model_backed_quantization,0.9886669435068002,surprisal,quantization,pooled_quantizations,test
quantization_generated__quantization_trial__e2c0bad828db3b34cd4d791e,0,locked-dedup-cluster-735807dfd4ebac001f31dd39,revision_v1_hmac_sha256_hex_052,detector_pair__c1e1969d0cd5966ddb4edb45,qwen2_5_7b_instruct_q8_0,nonseg_ascii_b16,hmac_sha256_hex,casual_hobby_chat,ascii_b16,not_applicable,Q8_0,model_backed_quantization,0.014086269019212673,surprisal,quantization,pooled_quantizations,test
quantization_generated__quantization_trial__e357533f9346da28f731c950,0,locked-dedup-cluster-40d7dc0aae7327885c0b7431,revision_v1_aes256_gcm_base64_057,detector_pair__0283117bf262495be4ade579,qwen2_5_7b_instruct_q8_0,nonseg_ascii_b8,aes256_gcm_base64,procedure_simple_meal,ascii_b8,not_applicable,Q8_0,model_backed_quantization,0.007307263594943603,surprisal,quantization,pooled_quantizations,test
quantization_generated__quantization_trial__e3d9a5596a8e0fd52084d66c,1,locked-dedup-cluster-a37fa1ef4ffc42eb7c181e4b,revision_v1_aes256_gcm_base64_056,detector_pair__3cfbee64b2ba78236728c1d6,qwen2_5_7b_instruct_q8_0,nonseg_ascii_b16,aes256_gcm_base64,forum_practical_answer,ascii_b16,not_applicable,Q8_0,model_backed_quantization,0.9933231565548515,surprisal,quantization,pooled_quantizations,test
quantization_generated__quantization_trial__e3f031aaa92e53762444390d,1,locked-dedup-cluster-d5b4f2b51dfabbdce0cd2fb8,revision_v1_sha256_hex_057,detector_pair__891f1ea1924df04030026d30,qwen2_5_7b_instruct_q4_k_m,nonseg_ascii_b16,sha256_hex,narrative_local_walk,ascii_b16,not_applicable,Q4_K_M,model_backed_quantization,0.9908140852848912,surprisal,quantization,pooled_quantizations,test
quantization_generated__quantization_trial__e3f41911fc8ac76fc2f11f18,1,locked-dedup-cluster-5ace189a35be6720f7c9dc5e,revision_v1_chacha20_poly1305_base64_057,detector_pair__78ac4a511ce5bcd6ed6ee721,qwen2_5_7b_instruct_q4_k_m,nonseg_ascii_b8,chacha20_poly1305_base64,narrative_local_walk,ascii_b8,not_applicable,Q4_K_M,model_backed_quantization,0.9310180957375112,surprisal,quantization,pooled_quantizations,test
quantization_generated__quantization_trial__e4217adea01945d5fb8ffcd1,1,locked-dedup-cluster-a0ec330801b891c994a313b8,revision_v1_hmac_sha256_hex_057,detector_pair__6f30bed7a4deab5965850ad3,qwen2_5_7b_instruct_q8_0,nonseg_ascii_b16,hmac_sha256_hex,explain_biological_process,ascii_b16,not_applicable,Q8_0,model_backed_quantization,0.9995694218362869,surprisal,quantization,pooled_quantizations,test
quantization_generated__quantization_trial__e4512326e364bbfe6620ebc0,0,locked-dedup-cluster-6ff827405e3ec8e1790ca5eb,revision_v1_sha256_hex_051,detector_pair__bdbb95f37e7689efff95f14e,qwen2_5_7b_instruct_q4_k_m,nonseg_ascii_b16,sha256_hex,narrative_small_discovery,ascii_b16,not_applicable,Q4_K_M,model_backed_quantization,0.05366565227649725,surprisal,quantization,pooled_quantizations,test
quantization_generated__quantization_trial__e4642594ce401f55662e68e1,1,locked-dedup-cluster-2d9d097dd5855bbaaef4a9e2,revision_v1_aes256_gcm_base64_055,detector_pair__e2d3301da519fe046a9e9530,qwen2_5_7b_instruct_q8_0,nonseg_ascii_b16,aes256_gcm_base64,professional_project_update,ascii_b16,not_applicable,Q8_0,model_backed_quantization,0.9991098067559362,surprisal,quantization,pooled_quantizations,test
quantization_generated__quantization_trial__e4ac4500cdd78d9374ff737c,0,locked-dedup-cluster-a877ac9e15d9982c5f795957,revision_v1_sha256_hex_048,detector_pair__d85d76ff6811b6d8244e97a6,qwen2_5_7b_instruct_q4_k_m,nonseg_ascii_b16,sha256_hex,professional_project_update,ascii_b16,not_applicable,Q4_K_M,model_backed_quantization,0.009308353871432163,surprisal,quantization,pooled_quantizations,test
quantization_generated__quantization_trial__e4bc6e19289fb7ff56bddc60,1,locked-dedup-cluster-ba74984ac2d00a189aa1652c,revision_v1_chacha20_poly1305_base64_058,detector_pair__6a746255fe4291ed7b0d6fd2,qwen2_5_7b_instruct_q4_k_m,nonseg_ascii_b8,chacha20_poly1305_base64,explain_everyday_system,ascii_b8,not_applicable,Q4_K_M,model_backed_quantization,0.9770655300930154,surprisal,quantization,pooled_quantizations,test
quantization_generated__quantization_trial__e51530509fd1d1ae06d4cca9,1,locked-dedup-cluster-32ad4bf593b222d70a8ca962,revision_v1_hmac_sha256_hex_053,detector_pair__2952c228cd2bf29a5a80ba7c,qwen2_5_7b_instruct_q8_0,nonseg_ascii_b16,hmac_sha256_hex,professional_schedule_note,ascii_b16,not_applicable,Q8_0,model_backed_quantization,0.9927370254331882,surprisal,quantization,pooled_quantizations,test
quantization_generated__quantization_trial__e54fa741233029d5ccc0a77f,0,locked-dedup-cluster-339659e6d45626f95acf4c5b,revision_v1_nonce_96_bit_hex_052,detector_pair__e3fba90a9f08d30fd0b73b7c,qwen2_5_7b_instruct_q4_k_m,nonseg_ascii_b8,nonce_96_bit_hex,professional_process_email,ascii_b8,not_applicable,Q4_K_M,model_backed_quantization,0.00796567571818397,surprisal,quantization,pooled_quantizations,test
quantization_generated__quantization_trial__e5a9d8b87f8fb0e4f69c61a9,1,locked-dedup-cluster-8bfe7043c327d3a82a41f9ad,revision_v1_ed25519_signature_base64_050,detector_pair__c521832dfa7dedab93af76bf,qwen2_5_7b_instruct_q8_0,nonseg_ascii_b8,ed25519_signature_base64,narrative_local_walk,ascii_b8,not_applicable,Q8_0,model_backed_quantization,0.9602311245633258,surprisal,quantization,pooled_quantizations,test
quantization_generated__quantization_trial__e5c9447b3a087fc07b230277,0,locked-dedup-cluster-860f29e67b6cb940e356f2ba,revision_v1_nonce_96_bit_hex_048,detector_pair__0484353bcf571772aab5b432,qwen2_5_7b_instruct_q8_0,nonseg_ascii_b16,nonce_96_bit_hex,procedure_garden_task,ascii_b16,not_applicable,Q8_0,model_backed_quantization,0.004878286074846662,surprisal,quantization,pooled_quantizations,test
quantization_generated__quantization_trial__e5f38fd7a2a821bb0e8134a9,0,locked-dedup-cluster-a4dc36180df85cc7bf87e268,revision_v1_chacha20_poly1305_base64_056,detector_pair__f6860869e70591f2853f8c72,qwen2_5_7b_instruct_q4_k_m,nonseg_ascii_b16,chacha20_poly1305_base64,procedure_home_task,ascii_b16,not_applicable,Q4_K_M,model_backed_quantization,0.010372163594228618,surprisal,quantization,pooled_quantizations,test
quantization_generated__quantization_trial__e614d5513f8759bfb361b1e2,0,locked-dedup-cluster-25e8125b00cb0a0fe72d530a,revision_v1_token_128_bit_hex_049,detector_pair__17ee7d235f9e73f3558860d1,qwen2_5_7b_instruct_q8_0,nonseg_ascii_b8,token_128_bit_hex,explain_weather_pattern,ascii_b8,not_applicable,Q8_0,model_backed_quantization,0.007426458339419337,surprisal,quantization,pooled_quantizations,test
quantization_generated__quantization_trial__e799570654d6dcfd1f3bd0de,0,locked-dedup-cluster-d5b4f2b51dfabbdce0cd2fb8,revision_v1_sha256_hex_057,detector_pair__891f1ea1924df04030026d30,qwen2_5_7b_instruct_q8_0,nonseg_ascii_b16,sha256_hex,narrative_local_walk,ascii_b16,not_applicable,Q8_0,model_backed_quantization,0.01264596425272335,surprisal,quantization,pooled_quantizations,test
quantization_generated__quantization_trial__e79bc658b88e82ba7799518b,1,locked-dedup-cluster-80d681973cacd2decbba4986,revision_v1_sha256_hex_052,detector_pair__9627d15eb5625ac97ebaeb36,qwen2_5_7b_instruct_q4_k_m,nonseg_ascii_b8,sha256_hex,explain_weather_pattern,ascii_b8,not_applicable,Q4_K_M,model_backed_quantization,0.886030995259386,surprisal,quantization,pooled_quantizations,test
quantization_generated__quantization_trial__e7eea727de70fe1b1893164d,0,locked-dedup-cluster-a4dc36180df85cc7bf87e268,revision_v1_chacha20_poly1305_base64_056,detector_pair__b66c3f4120745c05e7d10d3c,qwen2_5_7b_instruct_q4_k_m,nonseg_ascii_b8,chacha20_poly1305_base64,procedure_home_task,ascii_b8,not_applicable,Q4_K_M,model_backed_quantization,0.010615298847291751,surprisal,quantization,pooled_quantizations,test
quantization_generated__quantization_trial__e82eb2fd7cac9b6e673f56b9,1,locked-dedup-cluster-484bc3854d49e18198bd3802,revision_v1_hmac_sha256_hex_050,detector_pair__a501bd2d288585b024d77877,qwen2_5_7b_instruct_q4_k_m,nonseg_ascii_b8,hmac_sha256_hex,narrative_local_walk,ascii_b8,not_applicable,Q4_K_M,model_backed_quantization,0.9108563540599972,surprisal,quantization,pooled_quantizations,test
quantization_generated__quantization_trial__e89a01eee29c19dd72f5b9ff,0,locked-dedup-cluster-78226dcecb7d7df1214b9e71,revision_v1_sha256_hex_058,detector_pair__ebec241a829b5b6841377d6b,qwen2_5_7b_instruct_q4_k_m,nonseg_ascii_b16,sha256_hex,explain_everyday_system,ascii_b16,not_applicable,Q4_K_M,model_backed_quantization,0.010333657977949199,surprisal,quantization,pooled_quantizations,test
quantization_generated__quantization_trial__e89e91ef579434ff2abfcd48,1,locked-dedup-cluster-ed3763e56066fab08024a97b,revision_v1_aes256_gcm_base64_058,detector_pair__8f28451de52fe4bad2d1dad2,qwen2_5_7b_instruct_q4_k_m,nonseg_ascii_b16,aes256_gcm_base64,narrative_small_discovery,ascii_b16,not_applicable,Q4_K_M,model_backed_quantization,0.9876487867782369,surprisal,quantization,pooled_quantizations,test
quantization_generated__quantization_trial__e8e8b19797b3f7ecc0bf92a2,1,locked-dedup-cluster-32ad4bf593b222d70a8ca962,revision_v1_hmac_sha256_hex_053,detector_pair__2952c228cd2bf29a5a80ba7c,qwen2_5_7b_instruct_q4_k_m,nonseg_ascii_b16,hmac_sha256_hex,professional_schedule_note,ascii_b16,not_applicable,Q4_K_M,model_backed_quantization,0.9572416463182629,surprisal,quantization,pooled_quantizations,test
quantization_generated__quantization_trial__e8f65a4913eb70889cac623f,0,locked-dedup-cluster-a4dc36180df85cc7bf87e268,revision_v1_chacha20_poly1305_base64_056,detector_pair__f6860869e70591f2853f8c72,qwen2_5_7b_instruct_q8_0,nonseg_ascii_b16,chacha20_poly1305_base64,procedure_home_task,ascii_b16,not_applicable,Q8_0,model_backed_quantization,0.01066667681793551,surprisal,quantization,pooled_quantizations,test
quantization_generated__quantization_trial__e906dd0e58867b5597b3c944,1,locked-dedup-cluster-a2b2305f32aed49b82a74ffb,revision_v1_chacha20_poly1305_base64_051,detector_pair__d5ae06b7b10f557b4987385e,qwen2_5_7b_instruct_q4_k_m,nonseg_ascii_b16,chacha20_poly1305_base64,narrative_small_discovery,ascii_b16,not_applicable,Q4_K_M,model_backed_quantization,0.993078312950532,surprisal,quantization,pooled_quantizations,test
quantization_generated__quantization_trial__e9544fa24fa082703f34efdc,0,locked-dedup-cluster-133b7f7eae3c4fc7f563ffcd,revision_v1_nonce_96_bit_hex_055,detector_pair__bbc8243a3615367836bcd67b,qwen2_5_7b_instruct_q8_0,nonseg_ascii_b8,nonce_96_bit_hex,narrative_small_discovery,ascii_b8,not_applicable,Q8_0,model_backed_quantization,0.020811336102131754,surprisal,quantization,pooled_quantizations,test
quantization_generated__quantization_trial__e9bd8305aa0fe3aef49498f5,0,locked-dedup-cluster-339659e6d45626f95acf4c5b,revision_v1_nonce_96_bit_hex_052,detector_pair__f80b1945269a8bc5e5cb2a62,qwen2_5_7b_instruct_q4_k_m,nonseg_ascii_b16,nonce_96_bit_hex,professional_process_email,ascii_b16,not_applicable,Q4_K_M,model_backed_quantization,0.0060771540319779875,surprisal,quantization,pooled_quantizations,test
quantization_generated__quantization_trial__e9c8ad66f06a6ff6434e3666,0,locked-dedup-cluster-a30012a117157378dab7a070,revision_v1_ed25519_signature_base64_057,detector_pair__b328c95fca33f8e4a821e025,qwen2_5_7b_instruct_q8_0,nonseg_ascii_b16,ed25519_signature_base64,explain_biological_process,ascii_b16,not_applicable,Q8_0,model_backed_quantization,0.0045346299310946,surprisal,quantization,pooled_quantizations,test
quantization_generated__quantization_trial__ea740398fafaaa3056b9d824,0,locked-dedup-cluster-649f177e20db0a267e158906,revision_v1_nonce_96_bit_hex_050,detector_pair__752db95626ca69f994c1d948,qwen2_5_7b_instruct_q4_k_m,nonseg_ascii_b8,nonce_96_bit_hex,explain_biological_process,ascii_b8,not_applicable,Q4_K_M,model_backed_quantization,0.005594997060610741,surprisal,quantization,pooled_quantizations,test
quantization_generated__quantization_trial__eaa79c35bf5e4a2a2eb90d0a,1,locked-dedup-cluster-32bd33f83721fefc90af26d5,revision_v1_nonce_96_bit_hex_057,detector_pair__575176dce376ef83f477ad7a,qwen2_5_7b_instruct_q4_k_m,nonseg_ascii_b16,nonce_96_bit_hex,casual_weekend_chat,ascii_b16,not_applicable,Q4_K_M,model_backed_quantization,0.9995861240974327,surprisal,quantization,pooled_quantizations,test
quantization_generated__quantization_trial__eaffce4e5942674e46425528,0,locked-dedup-cluster-484bc3854d49e18198bd3802,revision_v1_hmac_sha256_hex_050,detector_pair__3e8922e25c295c823e758437,qwen2_5_7b_instruct_q8_0,nonseg_ascii_b16,hmac_sha256_hex,narrative_local_walk,ascii_b16,not_applicable,Q8_0,model_backed_quantization,0.013647984448356378,surprisal,quantization,pooled_quantizations,test
quantization_generated__quantization_trial__eb989663e4d588be03afaf5b,0,locked-dedup-cluster-087cbaaa2408a99991319532,revision_v1_uuid_v4_052,detector_pair__09295c37e9fce890d7754e9b,qwen2_5_7b_instruct_q8_0,nonseg_ascii_b16,uuid_v4,procedure_home_task,ascii_b16,not_applicable,Q8_0,model_backed_quantization,0.008692690665873262,surprisal,quantization,pooled_quantizations,test
quantization_generated__quantization_trial__eba18cea3ef9f4bffcdaa1dd,0,locked-dedup-cluster-3550b9941e44ba053c139eaa,revision_v1_sha256_hex_055,detector_pair__e3956493695288a49ad3ec85,qwen2_5_7b_instruct_q8_0,nonseg_ascii_b16,sha256_hex,forum_purchase_advice,ascii_b16,not_applicable,Q8_0,model_backed_quantization,0.01467155313839964,surprisal,quantization,pooled_quantizations,test
quantization_generated__quantization_trial__ebc2c300e0f98ee870788a97,1,locked-dedup-cluster-0eb47bf23cdaa7b54a0335a2,revision_v1_token_128_bit_hex_055,detector_pair__c64c6079d6a0e676792dee0f,qwen2_5_7b_instruct_q8_0,nonseg_ascii_b8,token_128_bit_hex,explain_everyday_system,ascii_b8,not_applicable,Q8_0,model_backed_quantization,0.9742579083687914,surprisal,quantization,pooled_quantizations,test
quantization_generated__quantization_trial__ec2ba6d50face9c6b7827074,1,locked-dedup-cluster-d3540d957b4816af4830d47f,revision_v1_chacha20_poly1305_base64_053,detector_pair__2a3a252a87728a75d548134d,qwen2_5_7b_instruct_q8_0,nonseg_ascii_b8,chacha20_poly1305_base64,casual_weekend_chat,ascii_b8,not_applicable,Q8_0,model_backed_quantization,0.9859652226964997,surprisal,quantization,pooled_quantizations,test
quantization_generated__quantization_trial__ec49844a88f0f4f162b8c151,1,locked-dedup-cluster-a1f09603de61d42b17c60f90,revision_v1_nonce_96_bit_hex_058,detector_pair__39d4b162fc32842b35c77a69,qwen2_5_7b_instruct_q4_k_m,nonseg_ascii_b8,nonce_96_bit_hex,professional_project_update,ascii_b8,not_applicable,Q4_K_M,model_backed_quantization,0.990518927518469,surprisal,quantization,pooled_quantizations,test
quantization_generated__quantization_trial__ec8a3ce3bf0b6feed1c3a0b7,0,locked-dedup-cluster-ed3763e56066fab08024a97b,revision_v1_aes256_gcm_base64_058,detector_pair__7f57c4f477f2159947c22953,qwen2_5_7b_instruct_q8_0,nonseg_ascii_b8,aes256_gcm_base64,narrative_small_discovery,ascii_b8,not_applicable,Q8_0,model_backed_quantization,0.02558673907104507,surprisal,quantization,pooled_quantizations,test
quantization_generated__quantization_trial__ecb22f876cd05c0a3524d5a4,0,locked-dedup-cluster-7c650d38321313478e14a048,revision_v1_nonce_96_bit_hex_054,detector_pair__0a5dcbaddd3ef55f4ea18fdb,qwen2_5_7b_instruct_q8_0,nonseg_ascii_b16,nonce_96_bit_hex,procedure_simple_meal,ascii_b16,not_applicable,Q8_0,model_backed_quantization,0.025770400115192396,surprisal,quantization,pooled_quantizations,test
quantization_generated__quantization_trial__ed92aea2db722db3375f96a4,0,locked-dedup-cluster-735807dfd4ebac001f31dd39,revision_v1_hmac_sha256_hex_052,detector_pair__36ccaba0f6273725cea713a8,qwen2_5_7b_instruct_q4_k_m,nonseg_ascii_b8,hmac_sha256_hex,casual_hobby_chat,ascii_b8,not_applicable,Q4_K_M,model_backed_quantization,0.017075834730964634,surprisal,quantization,pooled_quantizations,test
quantization_generated__quantization_trial__ee3e16db39f5f36180454ccc,0,locked-dedup-cluster-0fa6270b95556a3e58f35a88,revision_v1_chacha20_poly1305_base64_049,detector_pair__3aedf37d9c11b1838d19a6e2,qwen2_5_7b_instruct_q4_k_m,nonseg_ascii_b16,chacha20_poly1305_base64,forum_practical_answer,ascii_b16,not_applicable,Q4_K_M,model_backed_quantization,0.00869741438880356,surprisal,quantization,pooled_quantizations,test
quantization_generated__quantization_trial__ee68b084ed496f7b7edad383,1,locked-dedup-cluster-c588a294c6263bec1e8ad56d,revision_v1_token_128_bit_hex_054,detector_pair__238d5d1cc4671d9981518a1e,qwen2_5_7b_instruct_q4_k_m,nonseg_ascii_b8,token_128_bit_hex,narrative_local_walk,ascii_b8,not_applicable,Q4_K_M,model_backed_quantization,0.9594613673914297,surprisal,quantization,pooled_quantizations,test
quantization_generated__quantization_trial__ee70281d92ed836cf48db34e,1,locked-dedup-cluster-bcfdb6b7b3e10eeeb0fe9939,revision_v1_sha256_hex_049,detector_pair__3d9efc0b6bbb6e0e7c349092,qwen2_5_7b_instruct_q4_k_m,nonseg_ascii_b16,sha256_hex,forum_practical_answer,ascii_b16,not_applicable,Q4_K_M,model_backed_quantization,0.9963833135182364,surprisal,quantization,pooled_quantizations,test
quantization_generated__quantization_trial__eea493b305943a99dc30a119,0,locked-dedup-cluster-da023141f0cff98c47ca9314,revision_v1_aes256_gcm_base64_051,detector_pair__9f5ce3bdeb6e240b52bfea66,qwen2_5_7b_instruct_q8_0,nonseg_ascii_b8,aes256_gcm_base64,procedure_garden_task,ascii_b8,not_applicable,Q8_0,model_backed_quantization,0.011535794082253421,surprisal,quantization,pooled_quantizations,test
quantization_generated__quantization_trial__ef5938267f1705d7d48318fb,1,locked-dedup-cluster-ff3c000e9d1174a8de74bd6f,revision_v1_ed25519_signature_base64_059,detector_pair__af750ea7f348e35a16b822dd,qwen2_5_7b_instruct_q8_0,nonseg_ascii_b16,ed25519_signature_base64,professional_process_email,ascii_b16,not_applicable,Q8_0,model_backed_quantization,0.9990485740902454,surprisal,quantization,pooled_quantizations,test
quantization_generated__quantization_trial__ef70f87dde71b81a9d371895,0,locked-dedup-cluster-7c650d38321313478e14a048,revision_v1_nonce_96_bit_hex_054,detector_pair__6c1a1e027a0d4cae92dac498,qwen2_5_7b_instruct_q4_k_m,nonseg_ascii_b8,nonce_96_bit_hex,procedure_simple_meal,ascii_b8,not_applicable,Q4_K_M,model_backed_quantization,0.008818727813801941,surprisal,quantization,pooled_quantizations,test
quantization_generated__quantization_trial__f009413554b31340b14a16c0,1,locked-dedup-cluster-860f29e67b6cb940e356f2ba,revision_v1_nonce_96_bit_hex_048,detector_pair__cec50060c21d25937b8e5172,qwen2_5_7b_instruct_q8_0,nonseg_ascii_b8,nonce_96_bit_hex,procedure_garden_task,ascii_b8,not_applicable,Q8_0,model_backed_quantization,0.9837885613626667,surprisal,quantization,pooled_quantizations,test
quantization_generated__quantization_trial__f0243d344c691a6774e538a5,1,locked-dedup-cluster-9fb55cb9331ccdfa323bdbd1,revision_v1_hmac_sha256_hex_059,detector_pair__304502c20f87a5c985774ec7,qwen2_5_7b_instruct_q8_0,nonseg_ascii_b8,hmac_sha256_hex,professional_process_email,ascii_b8,not_applicable,Q8_0,model_backed_quantization,0.9891947865731732,surprisal,quantization,pooled_quantizations,test
quantization_generated__quantization_trial__f0974bb3af4830ae228a9acd,1,locked-dedup-cluster-a4dc36180df85cc7bf87e268,revision_v1_chacha20_poly1305_base64_056,detector_pair__b66c3f4120745c05e7d10d3c,qwen2_5_7b_instruct_q8_0,nonseg_ascii_b8,chacha20_poly1305_base64,procedure_home_task,ascii_b8,not_applicable,Q8_0,model_backed_quantization,0.9907364621831732,surprisal,quantization,pooled_quantizations,test
quantization_generated__quantization_trial__f19cec94990f1942f4202329,0,locked-dedup-cluster-9fb55cb9331ccdfa323bdbd1,revision_v1_hmac_sha256_hex_059,detector_pair__304502c20f87a5c985774ec7,qwen2_5_7b_instruct_q4_k_m,nonseg_ascii_b8,hmac_sha256_hex,professional_process_email,ascii_b8,not_applicable,Q4_K_M,model_backed_quantization,0.007401352347473315,surprisal,quantization,pooled_quantizations,test
quantization_generated__quantization_trial__f2707cc155bfa382271a3e73,0,locked-dedup-cluster-f9ad8da8cff8f544eb822985,revision_v1_uuid_v4_056,detector_pair__a27248dc26ca1edf145930d0,qwen2_5_7b_instruct_q4_k_m,nonseg_ascii_b8,uuid_v4,professional_process_email,ascii_b8,not_applicable,Q4_K_M,model_backed_quantization,0.01095940828542907,surprisal,quantization,pooled_quantizations,test
quantization_generated__quantization_trial__f28d407a1f2c1de6da669a9f,1,locked-dedup-cluster-cbe3e4480a185210cb46c014,revision_v1_token_128_bit_hex_051,detector_pair__c7085b5712f11b620a813be1,qwen2_5_7b_instruct_q4_k_m,nonseg_ascii_b8,token_128_bit_hex,professional_project_update,ascii_b8,not_applicable,Q4_K_M,model_backed_quantization,0.9854483046773603,surprisal,quantization,pooled_quantizations,test
quantization_generated__quantization_trial__f29ba568ba3df2c98dfefa83,0,locked-dedup-cluster-921ce973e5ad81a19c867c59,revision_v1_chacha20_poly1305_base64_055,detector_pair__51c87adbb40b0b284babea9d,qwen2_5_7b_instruct_q8_0,nonseg_ascii_b16,chacha20_poly1305_base64,forum_purchase_advice,ascii_b16,not_applicable,Q8_0,model_backed_quantization,0.01741324851880574,surprisal,quantization,pooled_quantizations,test
quantization_generated__quantization_trial__f2f5a23f59dad41f32dc7650,1,locked-dedup-cluster-867b2f4c828e3e0523487402,revision_v1_hmac_sha256_hex_048,detector_pair__da08df579ff072eeb5dfb41d,qwen2_5_7b_instruct_q8_0,nonseg_ascii_b8,hmac_sha256_hex,forum_purchase_advice,ascii_b8,not_applicable,Q8_0,model_backed_quantization,0.9702107811291093,surprisal,quantization,pooled_quantizations,test
quantization_generated__quantization_trial__f3dee6447c46614d84725903,0,locked-dedup-cluster-48d7da6cd06bde46d05aad3f,revision_v1_sha256_hex_056,detector_pair__df1c175e08410b98d742da47,qwen2_5_7b_instruct_q8_0,nonseg_ascii_b8,sha256_hex,procedure_home_task,ascii_b8,not_applicable,Q8_0,model_backed_quantization,0.008047101683047394,surprisal,quantization,pooled_quantizations,test
quantization_generated__quantization_trial__f4162895f7ac20c6d4a248e9,0,locked-dedup-cluster-9c6f50a86da738803ef00fd9,revision_v1_uuid_v4_050,detector_pair__df4501e80653dde70306111f,qwen2_5_7b_instruct_q4_k_m,nonseg_ascii_b16,uuid_v4,professional_schedule_note,ascii_b16,not_applicable,Q4_K_M,model_backed_quantization,0.006541065206511425,surprisal,quantization,pooled_quantizations,test
quantization_generated__quantization_trial__f47c39e8f1d9eaaa9ddfa093,0,locked-dedup-cluster-c588a294c6263bec1e8ad56d,revision_v1_token_128_bit_hex_054,detector_pair__238d5d1cc4671d9981518a1e,qwen2_5_7b_instruct_q4_k_m,nonseg_ascii_b8,token_128_bit_hex,narrative_local_walk,ascii_b8,not_applicable,Q4_K_M,model_backed_quantization,0.13355754545074944,surprisal,quantization,pooled_quantizations,test
quantization_generated__quantization_trial__f4b1d0ecb0cc222d6fc632e6,0,locked-dedup-cluster-96928faedd40703b8bea346c,revision_v1_ed25519_signature_base64_053,detector_pair__f44a94ba73d107407dc62d04,qwen2_5_7b_instruct_q8_0,nonseg_ascii_b16,ed25519_signature_base64,professional_schedule_note,ascii_b16,not_applicable,Q8_0,model_backed_quantization,0.00662595207632234,surprisal,quantization,pooled_quantizations,test
quantization_generated__quantization_trial__f5c5ab76b935fab44870dca9,1,locked-dedup-cluster-a877ac9e15d9982c5f795957,revision_v1_sha256_hex_048,detector_pair__7bb296eb5b9c291101190c4f,qwen2_5_7b_instruct_q4_k_m,nonseg_ascii_b8,sha256_hex,professional_project_update,ascii_b8,not_applicable,Q4_K_M,model_backed_quantization,0.9765264553177411,surprisal,quantization,pooled_quantizations,test
quantization_generated__quantization_trial__f5dd6999479851f3e28f928b,0,locked-dedup-cluster-bcfdb6b7b3e10eeeb0fe9939,revision_v1_sha256_hex_049,detector_pair__b8d9a46b046b4c9d68c8bf45,qwen2_5_7b_instruct_q4_k_m,nonseg_ascii_b8,sha256_hex,forum_practical_answer,ascii_b8,not_applicable,Q4_K_M,model_backed_quantization,0.009516308900377864,surprisal,quantization,pooled_quantizations,test
quantization_generated__quantization_trial__f6363a60dd5ccb18d0f68596,1,locked-dedup-cluster-9d3eb2fbe5513f370ee0d0ea,revision_v1_nonce_96_bit_hex_051,detector_pair__12c783cc34e0683424d863aa,qwen2_5_7b_instruct_q8_0,nonseg_ascii_b8,nonce_96_bit_hex,casual_neighborhood_chat,ascii_b8,not_applicable,Q8_0,model_backed_quantization,0.9854771772993843,surprisal,quantization,pooled_quantizations,test
quantization_generated__quantization_trial__f650792fd10ff62aab9082eb,1,locked-dedup-cluster-a0ec330801b891c994a313b8,revision_v1_hmac_sha256_hex_057,detector_pair__6f30bed7a4deab5965850ad3,qwen2_5_7b_instruct_q4_k_m,nonseg_ascii_b16,hmac_sha256_hex,explain_biological_process,ascii_b16,not_applicable,Q4_K_M,model_backed_quantization,0.9881281132539346,surprisal,quantization,pooled_quantizations,test
quantization_generated__quantization_trial__f689f5055958a51a2202c04a,0,locked-dedup-cluster-4380dc71001b76d2dbf645fb,revision_v1_aes256_gcm_base64_052,detector_pair__6a1e12af6516fb20286af7f9,qwen2_5_7b_instruct_q8_0,nonseg_ascii_b16,aes256_gcm_base64,narrative_learning_moment,ascii_b16,not_applicable,Q8_0,model_backed_quantization,0.01921874528949162,surprisal,quantization,pooled_quantizations,test
quantization_generated__quantization_trial__f6c8d424dc555a03171a5f43,1,locked-dedup-cluster-677b931ede46b422796a024f,revision_v1_token_128_bit_hex_050,detector_pair__3a37d4ae075a6fd5293efc9d,qwen2_5_7b_instruct_q8_0,nonseg_ascii_b8,token_128_bit_hex,casual_weekend_chat,ascii_b8,not_applicable,Q8_0,model_backed_quantization,0.8743912155477335,surprisal,quantization,pooled_quantizations,test
quantization_generated__quantization_trial__f71c787e67a5fd85e07e61ae,1,locked-dedup-cluster-85408c5a1c55422d408f6f47,revision_v1_hmac_sha256_hex_054,detector_pair__2492e5921c4f3248b3f2e259,qwen2_5_7b_instruct_q8_0,nonseg_ascii_b16,hmac_sha256_hex,forum_learning_answer,ascii_b16,not_applicable,Q8_0,model_backed_quantization,0.9987423718766899,surprisal,quantization,pooled_quantizations,test
quantization_generated__quantization_trial__f73ee8cabbbbbe1fd724a0f1,1,locked-dedup-cluster-efa41a40866ae7a38d147cae,revision_v1_uuid_v4_053,detector_pair__702fbedc3a582f4f88af2ee5,qwen2_5_7b_instruct_q4_k_m,nonseg_ascii_b8,uuid_v4,narrative_local_walk,ascii_b8,not_applicable,Q4_K_M,model_backed_quantization,0.9582524251050956,surprisal,quantization,pooled_quantizations,test
quantization_generated__quantization_trial__f774cef46791c82511b6fe67,1,locked-dedup-cluster-4380dc71001b76d2dbf645fb,revision_v1_aes256_gcm_base64_052,detector_pair__6a1e12af6516fb20286af7f9,qwen2_5_7b_instruct_q4_k_m,nonseg_ascii_b16,aes256_gcm_base64,narrative_learning_moment,ascii_b16,not_applicable,Q4_K_M,model_backed_quantization,0.9965263435257953,surprisal,quantization,pooled_quantizations,test
quantization_generated__quantization_trial__f7a6d7dd66a16906b2821166,0,locked-dedup-cluster-a48427d79245576d2f3745ad,revision_v1_chacha20_poly1305_base64_054,detector_pair__e446c7eade6403ef27de6be8,qwen2_5_7b_instruct_q8_0,nonseg_ascii_b16,chacha20_poly1305_base64,professional_schedule_note,ascii_b16,not_applicable,Q8_0,model_backed_quantization,0.007332321239834469,surprisal,quantization,pooled_quantizations,test
quantization_generated__quantization_trial__f808c81e7ca03e4a4cfbb7d5,1,locked-dedup-cluster-78226dcecb7d7df1214b9e71,revision_v1_sha256_hex_058,detector_pair__ebec241a829b5b6841377d6b,qwen2_5_7b_instruct_q8_0,nonseg_ascii_b16,sha256_hex,explain_everyday_system,ascii_b16,not_applicable,Q8_0,model_backed_quantization,0.979765796805206,surprisal,quantization,pooled_quantizations,test
quantization_generated__quantization_trial__f82c664033e7f8843879dade,0,locked-dedup-cluster-ba74984ac2d00a189aa1652c,revision_v1_chacha20_poly1305_base64_058,detector_pair__92c4ed3194b3ea8a8be1bdee,qwen2_5_7b_instruct_q4_k_m,nonseg_ascii_b16,chacha20_poly1305_base64,explain_everyday_system,ascii_b16,not_applicable,Q4_K_M,model_backed_quantization,0.010588761627431853,surprisal,quantization,pooled_quantizations,test
quantization_generated__quantization_trial__f83ac61c6c6b9dc952c2c0f7,0,locked-dedup-cluster-326b9482149ce2821475fa6b,revision_v1_chacha20_poly1305_base64_052,detector_pair__dea6b39919f437876670b8c5,qwen2_5_7b_instruct_q8_0,nonseg_ascii_b16,chacha20_poly1305_base64,explain_weather_pattern,ascii_b16,not_applicable,Q8_0,model_backed_quantization,0.008422828853596576,surprisal,quantization,pooled_quantizations,test
quantization_generated__quantization_trial__f8a28e0c834274ff227dddf2,0,locked-dedup-cluster-ff3c000e9d1174a8de74bd6f,revision_v1_ed25519_signature_base64_059,detector_pair__04813f5c16a3ce609c8daf4b,qwen2_5_7b_instruct_q8_0,nonseg_ascii_b8,ed25519_signature_base64,professional_process_email,ascii_b8,not_applicable,Q8_0,model_backed_quantization,0.008809303533774297,surprisal,quantization,pooled_quantizations,test
quantization_generated__quantization_trial__f8c53768451dff16a98693b0,1,locked-dedup-cluster-d3540d957b4816af4830d47f,revision_v1_chacha20_poly1305_base64_053,detector_pair__36614a06f65a04cd7cec4ac1,qwen2_5_7b_instruct_q8_0,nonseg_ascii_b16,chacha20_poly1305_base64,casual_weekend_chat,ascii_b16,not_applicable,Q8_0,model_backed_quantization,0.9935495951542468,surprisal,quantization,pooled_quantizations,test
quantization_generated__quantization_trial__f8e1325f3e6e3cea41885b69,1,locked-dedup-cluster-3a9dc163b8daa77eacd7d383,revision_v1_ed25519_signature_base64_052,detector_pair__012596a1e9551d84414eaad0,qwen2_5_7b_instruct_q8_0,nonseg_ascii_b16,ed25519_signature_base64,casual_hobby_chat,ascii_b16,not_applicable,Q8_0,model_backed_quantization,0.9969114235795009,surprisal,quantization,pooled_quantizations,test
quantization_generated__quantization_trial__f91f14601cd925b9c93590bf,1,locked-dedup-cluster-8bfe7043c327d3a82a41f9ad,revision_v1_ed25519_signature_base64_050,detector_pair__c521832dfa7dedab93af76bf,qwen2_5_7b_instruct_q4_k_m,nonseg_ascii_b8,ed25519_signature_base64,narrative_local_walk,ascii_b8,not_applicable,Q4_K_M,model_backed_quantization,0.8435557668395556,surprisal,quantization,pooled_quantizations,test
quantization_generated__quantization_trial__f9a2451c6f9589c345590aae,0,locked-dedup-cluster-bc86fac7c4db3068f8c80ad3,revision_v1_chacha20_poly1305_base64_048,detector_pair__fc2ad3ac2920c791c096e02f,qwen2_5_7b_instruct_q4_k_m,nonseg_ascii_b16,chacha20_poly1305_base64,professional_project_update,ascii_b16,not_applicable,Q4_K_M,model_backed_quantization,0.013830123092936278,surprisal,quantization,pooled_quantizations,test
quantization_generated__quantization_trial__fa6cb8d844d2654dcd57d13f,0,locked-dedup-cluster-96928faedd40703b8bea346c,revision_v1_ed25519_signature_base64_053,detector_pair__f6b4c1d32978c4bd38effff0,qwen2_5_7b_instruct_q4_k_m,nonseg_ascii_b8,ed25519_signature_base64,professional_schedule_note,ascii_b8,not_applicable,Q4_K_M,model_backed_quantization,0.00918931712280864,surprisal,quantization,pooled_quantizations,test
quantization_generated__quantization_trial__fa8bef38be3e197170f3c64f,1,locked-dedup-cluster-3f1509f18c269716bcce76a3,revision_v1_aes256_gcm_base64_050,detector_pair__54150607c8a9688b3f936f65,qwen2_5_7b_instruct_q4_k_m,nonseg_ascii_b16,aes256_gcm_base64,forum_learning_answer,ascii_b16,not_applicable,Q4_K_M,model_backed_quantization,0.9991527727836579,surprisal,quantization,pooled_quantizations,test
quantization_generated__quantization_trial__fa8dc189ddf1f9eda31ab349,1,locked-dedup-cluster-6d140bf45feadd3404291e51,revision_v1_uuid_v4_049,detector_pair__2eee1888c03dab3379e6cae0,qwen2_5_7b_instruct_q4_k_m,nonseg_ascii_b8,uuid_v4,casual_hobby_chat,ascii_b8,not_applicable,Q4_K_M,model_backed_quantization,0.9923684950944369,surprisal,quantization,pooled_quantizations,test
quantization_generated__quantization_trial__faae0f2922899cfeab9345c8,0,locked-dedup-cluster-3550b9941e44ba053c139eaa,revision_v1_sha256_hex_055,detector_pair__75a7b18c81fcf3e329b5c7c1,qwen2_5_7b_instruct_q4_k_m,nonseg_ascii_b8,sha256_hex,forum_purchase_advice,ascii_b8,not_applicable,Q4_K_M,model_backed_quantization,0.015286581713695936,surprisal,quantization,pooled_quantizations,test
quantization_generated__quantization_trial__fab8e4b070503d5a06d712b2,0,locked-dedup-cluster-ed3763e56066fab08024a97b,revision_v1_aes256_gcm_base64_058,detector_pair__7f57c4f477f2159947c22953,qwen2_5_7b_instruct_q4_k_m,nonseg_ascii_b8,aes256_gcm_base64,narrative_small_discovery,ascii_b8,not_applicable,Q4_K_M,model_backed_quantization,0.019003232581598927,surprisal,quantization,pooled_quantizations,test
quantization_generated__quantization_trial__fac8a0fc7c73ccdcd7f13520,1,locked-dedup-cluster-677b931ede46b422796a024f,revision_v1_token_128_bit_hex_050,detector_pair__3a37d4ae075a6fd5293efc9d,qwen2_5_7b_instruct_q4_k_m,nonseg_ascii_b8,token_128_bit_hex,casual_weekend_chat,ascii_b8,not_applicable,Q4_K_M,model_backed_quantization,0.9207495403417448,surprisal,quantization,pooled_quantizations,test
quantization_generated__quantization_trial__fad7ed56e448ab67ad36708c,1,locked-dedup-cluster-25e8125b00cb0a0fe72d530a,revision_v1_token_128_bit_hex_049,detector_pair__8daf9fb65bb4e260b7341df9,qwen2_5_7b_instruct_q8_0,nonseg_ascii_b16,token_128_bit_hex,explain_weather_pattern,ascii_b16,not_applicable,Q8_0,model_backed_quantization,0.9970991621373032,surprisal,quantization,pooled_quantizations,test
quantization_generated__quantization_trial__fb031fc5efc968ba4b17bddc,1,locked-dedup-cluster-133b7f7eae3c4fc7f563ffcd,revision_v1_nonce_96_bit_hex_055,detector_pair__bbc8243a3615367836bcd67b,qwen2_5_7b_instruct_q4_k_m,nonseg_ascii_b8,nonce_96_bit_hex,narrative_small_discovery,ascii_b8,not_applicable,Q4_K_M,model_backed_quantization,0.7954988326070807,surprisal,quantization,pooled_quantizations,test
quantization_generated__quantization_trial__fb08f93e9d1c41b78dc01978,0,locked-dedup-cluster-3a9dc163b8daa77eacd7d383,revision_v1_ed25519_signature_base64_052,detector_pair__2ba8a3e641878a643048dcaf,qwen2_5_7b_instruct_q4_k_m,nonseg_ascii_b8,ed25519_signature_base64,casual_hobby_chat,ascii_b8,not_applicable,Q4_K_M,model_backed_quantization,0.01491848219768789,surprisal,quantization,pooled_quantizations,test
quantization_generated__quantization_trial__fb264f47e5fdbbebc7b923e9,1,locked-dedup-cluster-339659e6d45626f95acf4c5b,revision_v1_nonce_96_bit_hex_052,detector_pair__f80b1945269a8bc5e5cb2a62,qwen2_5_7b_instruct_q4_k_m,nonseg_ascii_b16,nonce_96_bit_hex,professional_process_email,ascii_b16,not_applicable,Q4_K_M,model_backed_quantization,0.9992320550754494,surprisal,quantization,pooled_quantizations,test
quantization_generated__quantization_trial__fb30b4822aaf99a1210c614e,1,locked-dedup-cluster-a2b2305f32aed49b82a74ffb,revision_v1_chacha20_poly1305_base64_051,detector_pair__ffc01e222d6d4224f929be81,qwen2_5_7b_instruct_q8_0,nonseg_ascii_b8,chacha20_poly1305_base64,narrative_small_discovery,ascii_b8,not_applicable,Q8_0,model_backed_quantization,0.982944926939513,surprisal,quantization,pooled_quantizations,test
quantization_generated__quantization_trial__fbab0d37e288dcd16bf9fff8,1,locked-dedup-cluster-2474b2a532180733b2583cc4,revision_v1_uuid_v4_059,detector_pair__7789621a8233d21dc58bcb1e,qwen2_5_7b_instruct_q4_k_m,nonseg_ascii_b16,uuid_v4,narrative_learning_moment,ascii_b16,not_applicable,Q4_K_M,model_backed_quantization,0.9956401149978277,surprisal,quantization,pooled_quantizations,test
quantization_generated__quantization_trial__fbbbef173facb74b0fded3ec,0,locked-dedup-cluster-921ce973e5ad81a19c867c59,revision_v1_chacha20_poly1305_base64_055,detector_pair__5d1c070204860a380a1de6d4,qwen2_5_7b_instruct_q4_k_m,nonseg_ascii_b8,chacha20_poly1305_base64,forum_purchase_advice,ascii_b8,not_applicable,Q4_K_M,model_backed_quantization,0.013227533905247096,surprisal,quantization,pooled_quantizations,test
quantization_generated__quantization_trial__fc094976c876dba242538a28,1,locked-dedup-cluster-a877ac9e15d9982c5f795957,revision_v1_sha256_hex_048,detector_pair__d85d76ff6811b6d8244e97a6,qwen2_5_7b_instruct_q4_k_m,nonseg_ascii_b16,sha256_hex,professional_project_update,ascii_b16,not_applicable,Q4_K_M,model_backed_quantization,0.9768443262200052,surprisal,quantization,pooled_quantizations,test
quantization_generated__quantization_trial__fc1e57905c86e38d2f7b7e9d,1,locked-dedup-cluster-a7d8804ca4431e2f7d1239fd,revision_v1_aes256_gcm_base64_048,detector_pair__bdae80be515ea6aeee25ea65,qwen2_5_7b_instruct_q4_k_m,nonseg_ascii_b8,aes256_gcm_base64,casual_neighborhood_chat,ascii_b8,not_applicable,Q4_K_M,model_backed_quantization,0.9812777372270681,surprisal,quantization,pooled_quantizations,test
quantization_generated__quantization_trial__fcc68690743f5b5a300a7215,0,locked-dedup-cluster-efa41a40866ae7a38d147cae,revision_v1_uuid_v4_053,detector_pair__702fbedc3a582f4f88af2ee5,qwen2_5_7b_instruct_q8_0,nonseg_ascii_b8,uuid_v4,narrative_local_walk,ascii_b8,not_applicable,Q8_0,model_backed_quantization,0.012525266621084653,surprisal,quantization,pooled_quantizations,test
quantization_generated__quantization_trial__fccea3bda6b71ee58f729791,0,locked-dedup-cluster-9d3eb2fbe5513f370ee0d0ea,revision_v1_nonce_96_bit_hex_051,detector_pair__12c783cc34e0683424d863aa,qwen2_5_7b_instruct_q4_k_m,nonseg_ascii_b8,nonce_96_bit_hex,casual_neighborhood_chat,ascii_b8,not_applicable,Q4_K_M,model_backed_quantization,0.014629566526977859,surprisal,quantization,pooled_quantizations,test
quantization_generated__quantization_trial__fd2160fa4890d8215a8bcd42,0,locked-dedup-cluster-8bfe7043c327d3a82a41f9ad,revision_v1_ed25519_signature_base64_050,detector_pair__dd760f6cf8fee950cc7aeed8,qwen2_5_7b_instruct_q8_0,nonseg_ascii_b16,ed25519_signature_base64,narrative_local_walk,ascii_b16,not_applicable,Q8_0,model_backed_quantization,0.0166533913535952,surprisal,quantization,pooled_quantizations,test
quantization_generated__quantization_trial__fd2e93558b3395c96684fb9e,1,locked-dedup-cluster-ed3763e56066fab08024a97b,revision_v1_aes256_gcm_base64_058,detector_pair__8f28451de52fe4bad2d1dad2,qwen2_5_7b_instruct_q8_0,nonseg_ascii_b16,aes256_gcm_base64,narrative_small_discovery,ascii_b16,not_applicable,Q8_0,model_backed_quantization,0.9918540956738353,surprisal,quantization,pooled_quantizations,test
quantization_generated__quantization_trial__fd707da9831f9072c382de08,0,locked-dedup-cluster-78226dcecb7d7df1214b9e71,revision_v1_sha256_hex_058,detector_pair__ebec241a829b5b6841377d6b,qwen2_5_7b_instruct_q8_0,nonseg_ascii_b16,sha256_hex,explain_everyday_system,ascii_b16,not_applicable,Q8_0,model_backed_quantization,0.00859095298700818,surprisal,quantization,pooled_quantizations,test
quantization_generated__quantization_trial__fd8990a47c0f7a11f1da13f5,1,locked-dedup-cluster-fc358ef7970903b2c06d3c6e,revision_v1_token_128_bit_hex_053,detector_pair__43369bf948f8ca23c2581163,qwen2_5_7b_instruct_q4_k_m,nonseg_ascii_b16,token_128_bit_hex,procedure_simple_meal,ascii_b16,not_applicable,Q4_K_M,model_backed_quantization,0.9964751109449089,surprisal,quantization,pooled_quantizations,test
quantization_generated__quantization_trial__fdbd7fae1dc97a2d8e0a3d9c,0,locked-dedup-cluster-6136de4e90d44eb994005d2a,revision_v1_uuid_v4_051,detector_pair__9bea07f8b725d1fce44256c9,qwen2_5_7b_instruct_q4_k_m,nonseg_ascii_b8,uuid_v4,forum_purchase_advice,ascii_b8,not_applicable,Q4_K_M,model_backed_quantization,0.026345506246958604,surprisal,quantization,pooled_quantizations,test
quantization_generated__quantization_trial__fe236a58f59c216b5c320e05,1,locked-dedup-cluster-f9ad8da8cff8f544eb822985,revision_v1_uuid_v4_056,detector_pair__a27248dc26ca1edf145930d0,qwen2_5_7b_instruct_q8_0,nonseg_ascii_b8,uuid_v4,professional_process_email,ascii_b8,not_applicable,Q8_0,model_backed_quantization,0.989888792230525,surprisal,quantization,pooled_quantizations,test
quantization_generated__quantization_trial__fe2b7a1c9cd42061c35efa50,0,locked-dedup-cluster-9c6f50a86da738803ef00fd9,revision_v1_uuid_v4_050,detector_pair__fa51506e0ca49355c83eaca5,qwen2_5_7b_instruct_q4_k_m,nonseg_ascii_b8,uuid_v4,professional_schedule_note,ascii_b8,not_applicable,Q4_K_M,model_backed_quantization,0.007904618245140422,surprisal,quantization,pooled_quantizations,test
quantization_generated__quantization_trial__fe303c3992f9390298d5d636,0,locked-dedup-cluster-d546e7e62abc86faac74f5d8,revision_v1_hmac_sha256_hex_056,detector_pair__3ddaf2010b1f1a0fa5536eae,qwen2_5_7b_instruct_q8_0,nonseg_ascii_b16,hmac_sha256_hex,narrative_learning_moment,ascii_b16,not_applicable,Q8_0,model_backed_quantization,0.0192836675545259,surprisal,quantization,pooled_quantizations,test
quantization_generated__quantization_trial__fe7b012686b538c68116a182,1,locked-dedup-cluster-3a9dc163b8daa77eacd7d383,revision_v1_ed25519_signature_base64_052,detector_pair__2ba8a3e641878a643048dcaf,qwen2_5_7b_instruct_q4_k_m,nonseg_ascii_b8,ed25519_signature_base64,casual_hobby_chat,ascii_b8,not_applicable,Q4_K_M,model_backed_quantization,0.9427951358011377,surprisal,quantization,pooled_quantizations,test
quantization_generated__quantization_trial__fee8217630912e8add689cd7,0,locked-dedup-cluster-a3bf6a27ed0073b013821121,revision_v1_uuid_v4_057,detector_pair__a4a6eb08104e5d8fa20a96a8,qwen2_5_7b_instruct_q8_0,nonseg_ascii_b8,uuid_v4,forum_learning_answer,ascii_b8,not_applicable,Q8_0,model_backed_quantization,0.006193564619025664,surprisal,quantization,pooled_quantizations,test
quantization_generated__quantization_trial__ff16a0b8766d445608b57674,0,locked-dedup-cluster-484bc3854d49e18198bd3802,revision_v1_hmac_sha256_hex_050,detector_pair__3e8922e25c295c823e758437,qwen2_5_7b_instruct_q4_k_m,nonseg_ascii_b16,hmac_sha256_hex,narrative_local_walk,ascii_b16,not_applicable,Q4_K_M,model_backed_quantization,0.01628549469295975,surprisal,quantization,pooled_quantizations,test
