row_id,label,score,detector,evaluation_id,evaluation_role,control_population,dedup_cluster_id,payload_group_id,model_id,codec_id,payload_class,prompt_template_id
detector_pair__0027f5be50e27a77f759768b__ordinary_control,0,0.0034482497721910477,textcnn,leave_one_model__mistral_7b_instruct_v0_3_q4_k_m,validation,matched_clean_llm,dedup-cluster-48d7da6cd06bde46d05aad3f,revision_v1_sha256_hex_056,llama3_8b_instruct_q4_k_m,segmented_hex_multi_topic,sha256_hex,forum_practical_answer
detector_pair__0027f5be50e27a77f759768b__rankcloak,1,0.9334431290626526,textcnn,leave_one_model__mistral_7b_instruct_v0_3_q4_k_m,validation,matched_clean_llm,dedup-cluster-48d7da6cd06bde46d05aad3f,revision_v1_sha256_hex_056,llama3_8b_instruct_q4_k_m,segmented_hex_multi_topic,sha256_hex,forum_practical_answer
detector_pair__003d0aa984022f67a75f5b6e__ordinary_control,0,0.0022785128094255924,textcnn,leave_one_model__mistral_7b_instruct_v0_3_q4_k_m,validation,matched_clean_llm,dedup-cluster-a9a56840e2c7d4a59a486e62,revision_v1_nonce_96_bit_hex_025,llama3_8b_instruct_q4_k_m,segmented_hex_single_topic,nonce_96_bit_hex,procedure_simple_meal
detector_pair__003d0aa984022f67a75f5b6e__rankcloak,1,0.011599285528063774,textcnn,leave_one_model__mistral_7b_instruct_v0_3_q4_k_m,validation,matched_clean_llm,dedup-cluster-a9a56840e2c7d4a59a486e62,revision_v1_nonce_96_bit_hex_025,llama3_8b_instruct_q4_k_m,segmented_hex_single_topic,nonce_96_bit_hex,procedure_simple_meal
detector_pair__005aba6bf1c23bd504dd23af__ordinary_control,0,0.0001455694145988673,textcnn,leave_one_model__mistral_7b_instruct_v0_3_q4_k_m,validation,matched_clean_llm,dedup-cluster-edb6b099f1dff5a3bddeca8c,revision_v1_sha256_hex_012,llama3_8b_instruct_q4_k_m,segmented_hex_single_topic,sha256_hex,casual_neighborhood_chat
detector_pair__005aba6bf1c23bd504dd23af__rankcloak,1,0.9999390840530396,textcnn,leave_one_model__mistral_7b_instruct_v0_3_q4_k_m,validation,matched_clean_llm,dedup-cluster-edb6b099f1dff5a3bddeca8c,revision_v1_sha256_hex_012,llama3_8b_instruct_q4_k_m,segmented_hex_single_topic,sha256_hex,casual_neighborhood_chat
detector_pair__0074b29d759c37458a9117ae__ordinary_control,0,0.1540488600730896,textcnn,leave_one_model__mistral_7b_instruct_v0_3_q4_k_m,validation,matched_clean_llm,dedup-cluster-a1f09603de61d42b17c60f90,revision_v1_nonce_96_bit_hex_058,qwen2_5_7b_instruct_q4_k_m,segmented_hex_multi_topic,nonce_96_bit_hex,professional_project_update
detector_pair__0074b29d759c37458a9117ae__rankcloak,1,0.052571188658475876,textcnn,leave_one_model__mistral_7b_instruct_v0_3_q4_k_m,validation,matched_clean_llm,dedup-cluster-a1f09603de61d42b17c60f90,revision_v1_nonce_96_bit_hex_058,qwen2_5_7b_instruct_q4_k_m,segmented_hex_multi_topic,nonce_96_bit_hex,professional_project_update
detector_pair__00dad5a8940522ce0ff540d7__ordinary_control,0,0.011364489793777466,textcnn,leave_one_model__mistral_7b_instruct_v0_3_q4_k_m,validation,matched_clean_llm,dedup-cluster-37d4a9d7e9509ca2f58035f8,revision_v1_hmac_sha256_hex_022,qwen2_5_7b_instruct_q4_k_m,segmented_hex_multi_topic,hmac_sha256_hex,casual_neighborhood_chat
detector_pair__00dad5a8940522ce0ff540d7__rankcloak,1,0.9997982382774353,textcnn,leave_one_model__mistral_7b_instruct_v0_3_q4_k_m,validation,matched_clean_llm,dedup-cluster-37d4a9d7e9509ca2f58035f8,revision_v1_hmac_sha256_hex_022,qwen2_5_7b_instruct_q4_k_m,segmented_hex_multi_topic,hmac_sha256_hex,casual_neighborhood_chat
detector_pair__00fd02bf5153ce74af3137d8__ordinary_control,0,0.0071449559181928635,textcnn,leave_one_model__mistral_7b_instruct_v0_3_q4_k_m,validation,matched_clean_llm,dedup-cluster-bced2ec523557c720d4ecf66,revision_v1_token_128_bit_hex_036,llama3_8b_instruct_q4_k_m,nonseg_ascii_b8,token_128_bit_hex,procedure_simple_meal
detector_pair__00fd02bf5153ce74af3137d8__rankcloak,1,0.9998248219490051,textcnn,leave_one_model__mistral_7b_instruct_v0_3_q4_k_m,validation,matched_clean_llm,dedup-cluster-bced2ec523557c720d4ecf66,revision_v1_token_128_bit_hex_036,llama3_8b_instruct_q4_k_m,nonseg_ascii_b8,token_128_bit_hex,procedure_simple_meal
detector_pair__010cfe5a4756ec7e75637569__ordinary_control,0,0.0003074504202231765,textcnn,leave_one_model__mistral_7b_instruct_v0_3_q4_k_m,validation,matched_clean_llm,dedup-cluster-8372a615906d4a4146d45c75,revision_v1_aes256_gcm_base64_005,llama3_8b_instruct_q4_k_m,direct_subword_calgacus,aes256_gcm_base64,narrative_learning_moment
detector_pair__010cfe5a4756ec7e75637569__rankcloak,1,0.9999276399612427,textcnn,leave_one_model__mistral_7b_instruct_v0_3_q4_k_m,validation,matched_clean_llm,dedup-cluster-8372a615906d4a4146d45c75,revision_v1_aes256_gcm_base64_005,llama3_8b_instruct_q4_k_m,direct_subword_calgacus,aes256_gcm_base64,narrative_learning_moment
detector_pair__01152bf574b6a895dd821d76__ordinary_control,0,0.5634273886680603,textcnn,leave_one_model__mistral_7b_instruct_v0_3_q4_k_m,validation,matched_clean_llm,dedup-cluster-357353b9c6b8da3922f5c452,revision_v1_ed25519_signature_base64_025,qwen2_5_7b_instruct_q4_k_m,nonseg_ascii_b16,ed25519_signature_base64,procedure_simple_meal
detector_pair__01152bf574b6a895dd821d76__rankcloak,1,0.9998618364334106,textcnn,leave_one_model__mistral_7b_instruct_v0_3_q4_k_m,validation,matched_clean_llm,dedup-cluster-357353b9c6b8da3922f5c452,revision_v1_ed25519_signature_base64_025,qwen2_5_7b_instruct_q4_k_m,nonseg_ascii_b16,ed25519_signature_base64,procedure_simple_meal
detector_pair__012cb35e3bd8c6db048f0c31__ordinary_control,0,0.0006576107698492706,textcnn,leave_one_model__mistral_7b_instruct_v0_3_q4_k_m,validation,matched_clean_llm,dedup-cluster-cb374f9ca23dfd168fe55742,revision_v1_hmac_sha256_hex_055,llama3_8b_instruct_q4_k_m,segmented_hex_multi_topic,hmac_sha256_hex,forum_purchase_advice
detector_pair__012cb35e3bd8c6db048f0c31__rankcloak,1,0.9999058246612549,textcnn,leave_one_model__mistral_7b_instruct_v0_3_q4_k_m,validation,matched_clean_llm,dedup-cluster-cb374f9ca23dfd168fe55742,revision_v1_hmac_sha256_hex_055,llama3_8b_instruct_q4_k_m,segmented_hex_multi_topic,hmac_sha256_hex,forum_purchase_advice
detector_pair__0179a6a5719a029cf59c41d2__ordinary_control,0,0.0003521509643178433,textcnn,leave_one_model__mistral_7b_instruct_v0_3_q4_k_m,validation,matched_clean_llm,dedup-cluster-4c7d81d9bc771045be64324c,revision_v1_nonce_96_bit_hex_001,llama3_8b_instruct_q4_k_m,nonseg_ascii_b16,nonce_96_bit_hex,procedure_garden_task
detector_pair__0179a6a5719a029cf59c41d2__rankcloak,1,0.9950045943260193,textcnn,leave_one_model__mistral_7b_instruct_v0_3_q4_k_m,validation,matched_clean_llm,dedup-cluster-4c7d81d9bc771045be64324c,revision_v1_nonce_96_bit_hex_001,llama3_8b_instruct_q4_k_m,nonseg_ascii_b16,nonce_96_bit_hex,procedure_garden_task
detector_pair__01e4aaae4ef73aeead9562b8__ordinary_control,0,0.00489954836666584,textcnn,leave_one_model__mistral_7b_instruct_v0_3_q4_k_m,validation,matched_clean_llm,dedup-cluster-a9a56840e2c7d4a59a486e62,revision_v1_nonce_96_bit_hex_025,qwen2_5_7b_instruct_q4_k_m,nonseg_ascii_b8,nonce_96_bit_hex,narrative_local_walk
detector_pair__01e4aaae4ef73aeead9562b8__rankcloak,1,0.26301833987236023,textcnn,leave_one_model__mistral_7b_instruct_v0_3_q4_k_m,validation,matched_clean_llm,dedup-cluster-a9a56840e2c7d4a59a486e62,revision_v1_nonce_96_bit_hex_025,qwen2_5_7b_instruct_q4_k_m,nonseg_ascii_b8,nonce_96_bit_hex,narrative_local_walk
detector_pair__02721193a448f281ec6b6db8__ordinary_control,0,0.0037163763772696257,textcnn,leave_one_model__mistral_7b_instruct_v0_3_q4_k_m,validation,matched_clean_llm,dedup-cluster-725b5797405341915f74ba63,revision_v1_token_128_bit_hex_006,llama3_8b_instruct_q4_k_m,segmented_hex_multi_topic,token_128_bit_hex,procedure_home_task
detector_pair__02721193a448f281ec6b6db8__rankcloak,1,0.7091630697250366,textcnn,leave_one_model__mistral_7b_instruct_v0_3_q4_k_m,validation,matched_clean_llm,dedup-cluster-725b5797405341915f74ba63,revision_v1_token_128_bit_hex_006,llama3_8b_instruct_q4_k_m,segmented_hex_multi_topic,token_128_bit_hex,procedure_home_task
detector_pair__0283117bf262495be4ade579__ordinary_control,0,0.0006945460918359458,textcnn,leave_one_model__mistral_7b_instruct_v0_3_q4_k_m,validation,matched_clean_llm,dedup-cluster-40d7dc0aae7327885c0b7431,revision_v1_aes256_gcm_base64_057,qwen2_5_7b_instruct_q4_k_m,nonseg_ascii_b8,aes256_gcm_base64,procedure_simple_meal
detector_pair__0283117bf262495be4ade579__rankcloak,1,0.9999961853027344,textcnn,leave_one_model__mistral_7b_instruct_v0_3_q4_k_m,validation,matched_clean_llm,dedup-cluster-40d7dc0aae7327885c0b7431,revision_v1_aes256_gcm_base64_057,qwen2_5_7b_instruct_q4_k_m,nonseg_ascii_b8,aes256_gcm_base64,procedure_simple_meal
detector_pair__02cbcb48484091918445392f__ordinary_control,0,0.000881816609762609,textcnn,leave_one_model__mistral_7b_instruct_v0_3_q4_k_m,validation,matched_clean_llm,dedup-cluster-a48caa544001e5d183a57eea,revision_v1_nonce_96_bit_hex_049,llama3_8b_instruct_q4_k_m,direct_subword_calgacus,nonce_96_bit_hex,procedure_home_task
detector_pair__02cbcb48484091918445392f__rankcloak,1,0.9461541175842285,textcnn,leave_one_model__mistral_7b_instruct_v0_3_q4_k_m,validation,matched_clean_llm,dedup-cluster-a48caa544001e5d183a57eea,revision_v1_nonce_96_bit_hex_049,llama3_8b_instruct_q4_k_m,direct_subword_calgacus,nonce_96_bit_hex,procedure_home_task
detector_pair__02d62556265a0f19d771e1c8__ordinary_control,0,0.6375792026519775,textcnn,leave_one_model__mistral_7b_instruct_v0_3_q4_k_m,validation,matched_clean_llm,dedup-cluster-729f0f62c71d15bb8d8f7eff,revision_v1_token_128_bit_hex_004,llama3_8b_instruct_q4_k_m,nonseg_hex_nibble_b16,token_128_bit_hex,professional_project_update
detector_pair__02d62556265a0f19d771e1c8__rankcloak,1,0.9989272952079773,textcnn,leave_one_model__mistral_7b_instruct_v0_3_q4_k_m,validation,matched_clean_llm,dedup-cluster-729f0f62c71d15bb8d8f7eff,revision_v1_token_128_bit_hex_004,llama3_8b_instruct_q4_k_m,nonseg_hex_nibble_b16,token_128_bit_hex,professional_project_update
detector_pair__03014ab7e493aa04e3b2589c__ordinary_control,0,0.08538185060024261,textcnn,leave_one_model__mistral_7b_instruct_v0_3_q4_k_m,validation,matched_clean_llm,dedup-cluster-21724430ac9765521f1234e5,revision_v1_token_128_bit_hex_056,llama3_8b_instruct_q4_k_m,direct_subword_calgacus,token_128_bit_hex,explain_weather_pattern
detector_pair__03014ab7e493aa04e3b2589c__rankcloak,1,0.5445671081542969,textcnn,leave_one_model__mistral_7b_instruct_v0_3_q4_k_m,validation,matched_clean_llm,dedup-cluster-21724430ac9765521f1234e5,revision_v1_token_128_bit_hex_056,llama3_8b_instruct_q4_k_m,direct_subword_calgacus,token_128_bit_hex,explain_weather_pattern
detector_pair__03112160f69f24522635ed1e__ordinary_control,0,0.00039188709342852235,textcnn,leave_one_model__mistral_7b_instruct_v0_3_q4_k_m,validation,matched_clean_llm,dedup-cluster-bc86fac7c4db3068f8c80ad3,revision_v1_chacha20_poly1305_base64_048,qwen2_5_7b_instruct_q4_k_m,nonseg_ascii_b8,chacha20_poly1305_base64,professional_project_update
detector_pair__03112160f69f24522635ed1e__rankcloak,1,0.9959700107574463,textcnn,leave_one_model__mistral_7b_instruct_v0_3_q4_k_m,validation,matched_clean_llm,dedup-cluster-bc86fac7c4db3068f8c80ad3,revision_v1_chacha20_poly1305_base64_048,qwen2_5_7b_instruct_q4_k_m,nonseg_ascii_b8,chacha20_poly1305_base64,professional_project_update
detector_pair__0340aac1df03799746106126__ordinary_control,0,1.2884338502772152e-05,textcnn,leave_one_model__mistral_7b_instruct_v0_3_q4_k_m,validation,matched_clean_llm,dedup-cluster-804389a06ddc24189a12fcd5,revision_v1_chacha20_poly1305_base64_041,qwen2_5_7b_instruct_q4_k_m,direct_subword_calgacus,chacha20_poly1305_base64,casual_hobby_chat
detector_pair__0340aac1df03799746106126__rankcloak,1,0.9998915195465088,textcnn,leave_one_model__mistral_7b_instruct_v0_3_q4_k_m,validation,matched_clean_llm,dedup-cluster-804389a06ddc24189a12fcd5,revision_v1_chacha20_poly1305_base64_041,qwen2_5_7b_instruct_q4_k_m,direct_subword_calgacus,chacha20_poly1305_base64,casual_hobby_chat
detector_pair__0378d53eacbb5011b7ff8011__ordinary_control,0,7.129319419618696e-05,textcnn,leave_one_model__mistral_7b_instruct_v0_3_q4_k_m,validation,matched_clean_llm,dedup-cluster-37d4a9d7e9509ca2f58035f8,revision_v1_hmac_sha256_hex_022,llama3_8b_instruct_q4_k_m,segmented_hex_multi_topic,hmac_sha256_hex,explain_everyday_system
detector_pair__0378d53eacbb5011b7ff8011__rankcloak,1,0.9111354351043701,textcnn,leave_one_model__mistral_7b_instruct_v0_3_q4_k_m,validation,matched_clean_llm,dedup-cluster-37d4a9d7e9509ca2f58035f8,revision_v1_hmac_sha256_hex_022,llama3_8b_instruct_q4_k_m,segmented_hex_multi_topic,hmac_sha256_hex,explain_everyday_system
detector_pair__038343b4762fb7f1d921663e__ordinary_control,0,0.0004308592469897121,textcnn,leave_one_model__mistral_7b_instruct_v0_3_q4_k_m,validation,matched_clean_llm,dedup-cluster-23821a91b342f8bd757bd354,revision_v1_aes256_gcm_base64_009,llama3_8b_instruct_q4_k_m,nonseg_ascii_b16,aes256_gcm_base64,forum_practical_answer
detector_pair__038343b4762fb7f1d921663e__rankcloak,1,0.9999991655349731,textcnn,leave_one_model__mistral_7b_instruct_v0_3_q4_k_m,validation,matched_clean_llm,dedup-cluster-23821a91b342f8bd757bd354,revision_v1_aes256_gcm_base64_009,llama3_8b_instruct_q4_k_m,nonseg_ascii_b16,aes256_gcm_base64,forum_practical_answer
detector_pair__03f7e3f98a77907ccd2b2243__ordinary_control,0,0.0005730939446948469,textcnn,leave_one_model__mistral_7b_instruct_v0_3_q4_k_m,validation,matched_clean_llm,dedup-cluster-53ddb375f906007b9492f105,revision_v1_sha256_hex_033,qwen2_5_7b_instruct_q4_k_m,segmented_hex_single_topic,sha256_hex,narrative_small_discovery
detector_pair__03f7e3f98a77907ccd2b2243__rankcloak,1,0.9987245202064514,textcnn,leave_one_model__mistral_7b_instruct_v0_3_q4_k_m,validation,matched_clean_llm,dedup-cluster-53ddb375f906007b9492f105,revision_v1_sha256_hex_033,qwen2_5_7b_instruct_q4_k_m,segmented_hex_single_topic,sha256_hex,narrative_small_discovery
detector_pair__0428132c904c1149a623fc85__ordinary_control,0,0.00010345380724174902,textcnn,leave_one_model__mistral_7b_instruct_v0_3_q4_k_m,validation,matched_clean_llm,dedup-cluster-804389a06ddc24189a12fcd5,revision_v1_chacha20_poly1305_base64_041,llama3_8b_instruct_q4_k_m,direct_subword_calgacus,chacha20_poly1305_base64,explain_weather_pattern
detector_pair__0428132c904c1149a623fc85__rankcloak,1,0.9992185831069946,textcnn,leave_one_model__mistral_7b_instruct_v0_3_q4_k_m,validation,matched_clean_llm,dedup-cluster-804389a06ddc24189a12fcd5,revision_v1_chacha20_poly1305_base64_041,llama3_8b_instruct_q4_k_m,direct_subword_calgacus,chacha20_poly1305_base64,explain_weather_pattern
detector_pair__0469039f97b13a5c01845f8f__ordinary_control,0,2.0273173504392616e-06,textcnn,leave_one_model__mistral_7b_instruct_v0_3_q4_k_m,validation,matched_clean_llm,dedup-cluster-339659e6d45626f95acf4c5b,revision_v1_nonce_96_bit_hex_052,llama3_8b_instruct_q4_k_m,segmented_hex_multi_topic,nonce_96_bit_hex,casual_hobby_chat
detector_pair__0469039f97b13a5c01845f8f__rankcloak,1,0.9883109927177429,textcnn,leave_one_model__mistral_7b_instruct_v0_3_q4_k_m,validation,matched_clean_llm,dedup-cluster-339659e6d45626f95acf4c5b,revision_v1_nonce_96_bit_hex_052,llama3_8b_instruct_q4_k_m,segmented_hex_multi_topic,nonce_96_bit_hex,casual_hobby_chat
detector_pair__0473e9e2d46f369c30469a10__ordinary_control,0,0.00010556789493421093,textcnn,leave_one_model__mistral_7b_instruct_v0_3_q4_k_m,validation,matched_clean_llm,dedup-cluster-0de80089e8762fad04cb9524,revision_v1_ed25519_signature_base64_046,qwen2_5_7b_instruct_q4_k_m,direct_subword_calgacus,ed25519_signature_base64,casual_weekend_chat
detector_pair__0473e9e2d46f369c30469a10__rankcloak,1,0.9999489784240723,textcnn,leave_one_model__mistral_7b_instruct_v0_3_q4_k_m,validation,matched_clean_llm,dedup-cluster-0de80089e8762fad04cb9524,revision_v1_ed25519_signature_base64_046,qwen2_5_7b_instruct_q4_k_m,direct_subword_calgacus,ed25519_signature_base64,casual_weekend_chat
detector_pair__0497afb6bdffada43ea55673__ordinary_control,0,4.124624410906108e-07,textcnn,leave_one_model__mistral_7b_instruct_v0_3_q4_k_m,validation,matched_clean_llm,dedup-cluster-a1f09603de61d42b17c60f90,revision_v1_nonce_96_bit_hex_058,qwen2_5_7b_instruct_q4_k_m,segmented_hex_single_topic,nonce_96_bit_hex,professional_project_update
detector_pair__0497afb6bdffada43ea55673__rankcloak,1,0.9879849553108215,textcnn,leave_one_model__mistral_7b_instruct_v0_3_q4_k_m,validation,matched_clean_llm,dedup-cluster-a1f09603de61d42b17c60f90,revision_v1_nonce_96_bit_hex_058,qwen2_5_7b_instruct_q4_k_m,segmented_hex_single_topic,nonce_96_bit_hex,professional_project_update
detector_pair__04f2f553c2dd34261cc38fb5__ordinary_control,0,4.229298156133154e-06,textcnn,leave_one_model__mistral_7b_instruct_v0_3_q4_k_m,validation,matched_clean_llm,dedup-cluster-d028afde8d3446e776f3bdbf,revision_v1_hmac_sha256_hex_013,qwen2_5_7b_instruct_q4_k_m,direct_subword_calgacus,hmac_sha256_hex,procedure_home_task
detector_pair__04f2f553c2dd34261cc38fb5__rankcloak,1,0.9072002172470093,textcnn,leave_one_model__mistral_7b_instruct_v0_3_q4_k_m,validation,matched_clean_llm,dedup-cluster-d028afde8d3446e776f3bdbf,revision_v1_hmac_sha256_hex_013,qwen2_5_7b_instruct_q4_k_m,direct_subword_calgacus,hmac_sha256_hex,procedure_home_task
detector_pair__050242ca717692539427703b__ordinary_control,0,0.07079458236694336,textcnn,leave_one_model__mistral_7b_instruct_v0_3_q4_k_m,validation,matched_clean_llm,dedup-cluster-6ace02c4c66fff411127a281,revision_v1_token_128_bit_hex_012,llama3_8b_instruct_q4_k_m,segmented_hex_single_topic,token_128_bit_hex,procedure_garden_task
detector_pair__050242ca717692539427703b__rankcloak,1,0.7316832542419434,textcnn,leave_one_model__mistral_7b_instruct_v0_3_q4_k_m,validation,matched_clean_llm,dedup-cluster-6ace02c4c66fff411127a281,revision_v1_token_128_bit_hex_012,llama3_8b_instruct_q4_k_m,segmented_hex_single_topic,token_128_bit_hex,procedure_garden_task
detector_pair__0503d88a3acad412e776a75f__ordinary_control,0,0.045955490320920944,textcnn,leave_one_model__mistral_7b_instruct_v0_3_q4_k_m,validation,matched_clean_llm,dedup-cluster-5ace189a35be6720f7c9dc5e,revision_v1_chacha20_poly1305_base64_057,llama3_8b_instruct_q4_k_m,nonseg_ascii_b8,chacha20_poly1305_base64,procedure_simple_meal
detector_pair__0503d88a3acad412e776a75f__rankcloak,1,0.9976961016654968,textcnn,leave_one_model__mistral_7b_instruct_v0_3_q4_k_m,validation,matched_clean_llm,dedup-cluster-5ace189a35be6720f7c9dc5e,revision_v1_chacha20_poly1305_base64_057,llama3_8b_instruct_q4_k_m,nonseg_ascii_b8,chacha20_poly1305_base64,procedure_simple_meal
detector_pair__05469d7bf63859015b69fcac__ordinary_control,0,0.0007971973973326385,textcnn,leave_one_model__mistral_7b_instruct_v0_3_q4_k_m,validation,matched_clean_llm,dedup-cluster-4c7d81d9bc771045be64324c,revision_v1_nonce_96_bit_hex_001,qwen2_5_7b_instruct_q4_k_m,segmented_hex_single_topic,nonce_96_bit_hex,narrative_small_discovery
detector_pair__05469d7bf63859015b69fcac__rankcloak,1,0.8879767656326294,textcnn,leave_one_model__mistral_7b_instruct_v0_3_q4_k_m,validation,matched_clean_llm,dedup-cluster-4c7d81d9bc771045be64324c,revision_v1_nonce_96_bit_hex_001,qwen2_5_7b_instruct_q4_k_m,segmented_hex_single_topic,nonce_96_bit_hex,narrative_small_discovery
detector_pair__05486b1baeae45395375690e__ordinary_control,0,1.00995957836858e-05,textcnn,leave_one_model__mistral_7b_instruct_v0_3_q4_k_m,validation,matched_clean_llm,dedup-cluster-9e865129af4def1fc2a2442c,revision_v1_ed25519_signature_base64_017,qwen2_5_7b_instruct_q4_k_m,nonseg_ascii_b8,ed25519_signature_base64,professional_schedule_note
detector_pair__05486b1baeae45395375690e__rankcloak,1,0.999546229839325,textcnn,leave_one_model__mistral_7b_instruct_v0_3_q4_k_m,validation,matched_clean_llm,dedup-cluster-9e865129af4def1fc2a2442c,revision_v1_ed25519_signature_base64_017,qwen2_5_7b_instruct_q4_k_m,nonseg_ascii_b8,ed25519_signature_base64,professional_schedule_note
detector_pair__0599fa96ab24e970672fda12__ordinary_control,0,8.848753196843973e-08,textcnn,leave_one_model__mistral_7b_instruct_v0_3_q4_k_m,validation,matched_clean_llm,dedup-cluster-cdae81a0da256f43636cdb0c,revision_v1_chacha20_poly1305_base64_024,qwen2_5_7b_instruct_q4_k_m,direct_subword_calgacus,chacha20_poly1305_base64,professional_process_email
detector_pair__0599fa96ab24e970672fda12__rankcloak,1,0.9003986120223999,textcnn,leave_one_model__mistral_7b_instruct_v0_3_q4_k_m,validation,matched_clean_llm,dedup-cluster-cdae81a0da256f43636cdb0c,revision_v1_chacha20_poly1305_base64_024,qwen2_5_7b_instruct_q4_k_m,direct_subword_calgacus,chacha20_poly1305_base64,professional_process_email
detector_pair__05f9b8a64ae5b8a53e21d322__ordinary_control,0,0.09147661179304123,textcnn,leave_one_model__mistral_7b_instruct_v0_3_q4_k_m,validation,matched_clean_llm,dedup-cluster-d80c78b75330766130b70bf5,revision_v1_hmac_sha256_hex_030,llama3_8b_instruct_q4_k_m,nonseg_hex_nibble_b16,hmac_sha256_hex,professional_project_update
detector_pair__05f9b8a64ae5b8a53e21d322__rankcloak,1,0.8994342088699341,textcnn,leave_one_model__mistral_7b_instruct_v0_3_q4_k_m,validation,matched_clean_llm,dedup-cluster-d80c78b75330766130b70bf5,revision_v1_hmac_sha256_hex_030,llama3_8b_instruct_q4_k_m,nonseg_hex_nibble_b16,hmac_sha256_hex,professional_project_update
detector_pair__0671121b53563c0e52094704__ordinary_control,0,0.00022542366059497,textcnn,leave_one_model__mistral_7b_instruct_v0_3_q4_k_m,validation,matched_clean_llm,dedup-cluster-a48caa544001e5d183a57eea,revision_v1_nonce_96_bit_hex_049,llama3_8b_instruct_q4_k_m,segmented_hex_single_topic,nonce_96_bit_hex,procedure_home_task
detector_pair__0671121b53563c0e52094704__rankcloak,1,0.15119455754756927,textcnn,leave_one_model__mistral_7b_instruct_v0_3_q4_k_m,validation,matched_clean_llm,dedup-cluster-a48caa544001e5d183a57eea,revision_v1_nonce_96_bit_hex_049,llama3_8b_instruct_q4_k_m,segmented_hex_single_topic,nonce_96_bit_hex,procedure_home_task
detector_pair__06a8913723c9d487cdc1ac21__ordinary_control,0,1.780047023203224e-05,textcnn,leave_one_model__mistral_7b_instruct_v0_3_q4_k_m,validation,matched_clean_llm,dedup-cluster-f71f239b6ba6105b60b970fe,revision_v1_aes256_gcm_base64_049,llama3_8b_instruct_q4_k_m,nonseg_ascii_b8,aes256_gcm_base64,casual_hobby_chat
detector_pair__06a8913723c9d487cdc1ac21__rankcloak,1,0.9999716281890869,textcnn,leave_one_model__mistral_7b_instruct_v0_3_q4_k_m,validation,matched_clean_llm,dedup-cluster-f71f239b6ba6105b60b970fe,revision_v1_aes256_gcm_base64_049,llama3_8b_instruct_q4_k_m,nonseg_ascii_b8,aes256_gcm_base64,casual_hobby_chat
detector_pair__06ad90328fe44be16880ac6a__ordinary_control,0,0.36204904317855835,textcnn,leave_one_model__mistral_7b_instruct_v0_3_q4_k_m,validation,matched_clean_llm,dedup-cluster-4c7d81d9bc771045be64324c,revision_v1_nonce_96_bit_hex_001,qwen2_5_7b_instruct_q4_k_m,segmented_hex_multi_topic,nonce_96_bit_hex,narrative_small_discovery
detector_pair__06ad90328fe44be16880ac6a__rankcloak,1,0.0007052962901070714,textcnn,leave_one_model__mistral_7b_instruct_v0_3_q4_k_m,validation,matched_clean_llm,dedup-cluster-4c7d81d9bc771045be64324c,revision_v1_nonce_96_bit_hex_001,qwen2_5_7b_instruct_q4_k_m,segmented_hex_multi_topic,nonce_96_bit_hex,narrative_small_discovery
detector_pair__0709b59656ccf3277dea56c0__ordinary_control,0,0.0036860345862805843,textcnn,leave_one_model__mistral_7b_instruct_v0_3_q4_k_m,validation,matched_clean_llm,dedup-cluster-982d753609ba3daf81c7d866,revision_v1_sha256_hex_046,qwen2_5_7b_instruct_q4_k_m,direct_subword_calgacus,sha256_hex,explain_biological_process
detector_pair__0709b59656ccf3277dea56c0__rankcloak,1,0.4366281032562256,textcnn,leave_one_model__mistral_7b_instruct_v0_3_q4_k_m,validation,matched_clean_llm,dedup-cluster-982d753609ba3daf81c7d866,revision_v1_sha256_hex_046,qwen2_5_7b_instruct_q4_k_m,direct_subword_calgacus,sha256_hex,explain_biological_process
detector_pair__07a45bf1938bf0d676e39151__ordinary_control,0,0.0001377445732941851,textcnn,leave_one_model__mistral_7b_instruct_v0_3_q4_k_m,validation,matched_clean_llm,dedup-cluster-8150a67016c09420f58d3140,revision_v1_sha256_hex_053,qwen2_5_7b_instruct_q4_k_m,nonseg_hex_nibble_b16,sha256_hex,casual_weekend_chat
detector_pair__07a45bf1938bf0d676e39151__rankcloak,1,0.999711811542511,textcnn,leave_one_model__mistral_7b_instruct_v0_3_q4_k_m,validation,matched_clean_llm,dedup-cluster-8150a67016c09420f58d3140,revision_v1_sha256_hex_053,qwen2_5_7b_instruct_q4_k_m,nonseg_hex_nibble_b16,sha256_hex,casual_weekend_chat
detector_pair__084524c501b67b544e50e17f__ordinary_control,0,7.143938273657113e-05,textcnn,leave_one_model__mistral_7b_instruct_v0_3_q4_k_m,validation,matched_clean_llm,dedup-cluster-c588a294c6263bec1e8ad56d,revision_v1_token_128_bit_hex_054,qwen2_5_7b_instruct_q4_k_m,segmented_hex_multi_topic,token_128_bit_hex,narrative_local_walk
detector_pair__084524c501b67b544e50e17f__rankcloak,1,0.9997814297676086,textcnn,leave_one_model__mistral_7b_instruct_v0_3_q4_k_m,validation,matched_clean_llm,dedup-cluster-c588a294c6263bec1e8ad56d,revision_v1_token_128_bit_hex_054,qwen2_5_7b_instruct_q4_k_m,segmented_hex_multi_topic,token_128_bit_hex,narrative_local_walk
detector_pair__09034e0d7d947c2f07f15ce8__ordinary_control,0,2.0972533093299717e-05,textcnn,leave_one_model__mistral_7b_instruct_v0_3_q4_k_m,validation,matched_clean_llm,dedup-cluster-895f397b7b83bd34e4862c58,revision_v1_chacha20_poly1305_base64_033,llama3_8b_instruct_q4_k_m,nonseg_ascii_b16,chacha20_poly1305_base64,procedure_garden_task
detector_pair__09034e0d7d947c2f07f15ce8__rankcloak,1,0.992262601852417,textcnn,leave_one_model__mistral_7b_instruct_v0_3_q4_k_m,validation,matched_clean_llm,dedup-cluster-895f397b7b83bd34e4862c58,revision_v1_chacha20_poly1305_base64_033,llama3_8b_instruct_q4_k_m,nonseg_ascii_b16,chacha20_poly1305_base64,procedure_garden_task
detector_pair__09295c37e9fce890d7754e9b__ordinary_control,0,5.970835559310217e-07,textcnn,leave_one_model__mistral_7b_instruct_v0_3_q4_k_m,validation,matched_clean_llm,dedup-cluster-087cbaaa2408a99991319532,revision_v1_uuid_v4_052,qwen2_5_7b_instruct_q4_k_m,nonseg_ascii_b16,uuid_v4,procedure_home_task
detector_pair__09295c37e9fce890d7754e9b__rankcloak,1,0.992464542388916,textcnn,leave_one_model__mistral_7b_instruct_v0_3_q4_k_m,validation,matched_clean_llm,dedup-cluster-087cbaaa2408a99991319532,revision_v1_uuid_v4_052,qwen2_5_7b_instruct_q4_k_m,nonseg_ascii_b16,uuid_v4,procedure_home_task
detector_pair__093837111397219a823f852c__ordinary_control,0,0.00017370491696055979,textcnn,leave_one_model__mistral_7b_instruct_v0_3_q4_k_m,validation,matched_clean_llm,dedup-cluster-a9a56840e2c7d4a59a486e62,revision_v1_nonce_96_bit_hex_025,qwen2_5_7b_instruct_q4_k_m,segmented_hex_multi_topic,nonce_96_bit_hex,narrative_local_walk
detector_pair__093837111397219a823f852c__rankcloak,1,0.31261369585990906,textcnn,leave_one_model__mistral_7b_instruct_v0_3_q4_k_m,validation,matched_clean_llm,dedup-cluster-a9a56840e2c7d4a59a486e62,revision_v1_nonce_96_bit_hex_025,qwen2_5_7b_instruct_q4_k_m,segmented_hex_multi_topic,nonce_96_bit_hex,narrative_local_walk
detector_pair__09552c750af835f313e8f30a__ordinary_control,0,0.0023647118359804153,textcnn,leave_one_model__mistral_7b_instruct_v0_3_q4_k_m,validation,matched_clean_llm,dedup-cluster-cb374f9ca23dfd168fe55742,revision_v1_hmac_sha256_hex_055,llama3_8b_instruct_q4_k_m,nonseg_ascii_b16,hmac_sha256_hex,forum_purchase_advice
detector_pair__09552c750af835f313e8f30a__rankcloak,1,0.9999926090240479,textcnn,leave_one_model__mistral_7b_instruct_v0_3_q4_k_m,validation,matched_clean_llm,dedup-cluster-cb374f9ca23dfd168fe55742,revision_v1_hmac_sha256_hex_055,llama3_8b_instruct_q4_k_m,nonseg_ascii_b16,hmac_sha256_hex,forum_purchase_advice
detector_pair__097aa82dfa56e5e8eaf7ad09__ordinary_control,0,0.0002840996894519776,textcnn,leave_one_model__mistral_7b_instruct_v0_3_q4_k_m,validation,matched_clean_llm,dedup-cluster-a877ac9e15d9982c5f795957,revision_v1_sha256_hex_048,qwen2_5_7b_instruct_q4_k_m,segmented_hex_multi_topic,sha256_hex,professional_project_update
detector_pair__097aa82dfa56e5e8eaf7ad09__rankcloak,1,0.3314954936504364,textcnn,leave_one_model__mistral_7b_instruct_v0_3_q4_k_m,validation,matched_clean_llm,dedup-cluster-a877ac9e15d9982c5f795957,revision_v1_sha256_hex_048,qwen2_5_7b_instruct_q4_k_m,segmented_hex_multi_topic,sha256_hex,professional_project_update
detector_pair__098918144cce907a9046b0f4__ordinary_control,0,0.00012944763875566423,textcnn,leave_one_model__mistral_7b_instruct_v0_3_q4_k_m,validation,matched_clean_llm,dedup-cluster-087cbaaa2408a99991319532,revision_v1_uuid_v4_052,qwen2_5_7b_instruct_q4_k_m,nonseg_ascii_b8,uuid_v4,procedure_home_task
detector_pair__098918144cce907a9046b0f4__rankcloak,1,0.3261445164680481,textcnn,leave_one_model__mistral_7b_instruct_v0_3_q4_k_m,validation,matched_clean_llm,dedup-cluster-087cbaaa2408a99991319532,revision_v1_uuid_v4_052,qwen2_5_7b_instruct_q4_k_m,nonseg_ascii_b8,uuid_v4,procedure_home_task
detector_pair__0a0378932436fe81a54432fa__ordinary_control,0,8.363556844415143e-05,textcnn,leave_one_model__mistral_7b_instruct_v0_3_q4_k_m,validation,matched_clean_llm,dedup-cluster-b814eb53fabc825fc651b86a,revision_v1_chacha20_poly1305_base64_029,qwen2_5_7b_instruct_q4_k_m,direct_subword_calgacus,chacha20_poly1305_base64,casual_neighborhood_chat
detector_pair__0a0378932436fe81a54432fa__rankcloak,1,0.9927234053611755,textcnn,leave_one_model__mistral_7b_instruct_v0_3_q4_k_m,validation,matched_clean_llm,dedup-cluster-b814eb53fabc825fc651b86a,revision_v1_chacha20_poly1305_base64_029,qwen2_5_7b_instruct_q4_k_m,direct_subword_calgacus,chacha20_poly1305_base64,casual_neighborhood_chat
detector_pair__0ab58a070a2d92c1e97b38f5__ordinary_control,0,5.452341792988591e-05,textcnn,leave_one_model__mistral_7b_instruct_v0_3_q4_k_m,validation,matched_clean_llm,dedup-cluster-60a1e2f88d4e40514869d20f,revision_v1_ed25519_signature_base64_051,llama3_8b_instruct_q4_k_m,direct_subword_calgacus,ed25519_signature_base64,narrative_small_discovery
detector_pair__0ab58a070a2d92c1e97b38f5__rankcloak,1,0.9999858140945435,textcnn,leave_one_model__mistral_7b_instruct_v0_3_q4_k_m,validation,matched_clean_llm,dedup-cluster-60a1e2f88d4e40514869d20f,revision_v1_ed25519_signature_base64_051,llama3_8b_instruct_q4_k_m,direct_subword_calgacus,ed25519_signature_base64,narrative_small_discovery
detector_pair__0ac0af148a7ca70e5671bcb6__ordinary_control,0,0.17027433216571808,textcnn,leave_one_model__mistral_7b_instruct_v0_3_q4_k_m,validation,matched_clean_llm,dedup-cluster-c588a294c6263bec1e8ad56d,revision_v1_token_128_bit_hex_054,qwen2_5_7b_instruct_q4_k_m,direct_subword_calgacus,token_128_bit_hex,narrative_local_walk
detector_pair__0ac0af148a7ca70e5671bcb6__rankcloak,1,0.9995356798171997,textcnn,leave_one_model__mistral_7b_instruct_v0_3_q4_k_m,validation,matched_clean_llm,dedup-cluster-c588a294c6263bec1e8ad56d,revision_v1_token_128_bit_hex_054,qwen2_5_7b_instruct_q4_k_m,direct_subword_calgacus,token_128_bit_hex,narrative_local_walk
detector_pair__0b2efbf404b570e8a611a2f0__ordinary_control,0,6.423027798518888e-07,textcnn,leave_one_model__mistral_7b_instruct_v0_3_q4_k_m,validation,matched_clean_llm,dedup-cluster-631342e4862923cce8d3242b,revision_v1_sha256_hex_029,llama3_8b_instruct_q4_k_m,nonseg_hex_nibble_b16,sha256_hex,explain_everyday_system
detector_pair__0b2efbf404b570e8a611a2f0__rankcloak,1,0.9999902248382568,textcnn,leave_one_model__mistral_7b_instruct_v0_3_q4_k_m,validation,matched_clean_llm,dedup-cluster-631342e4862923cce8d3242b,revision_v1_sha256_hex_029,llama3_8b_instruct_q4_k_m,nonseg_hex_nibble_b16,sha256_hex,explain_everyday_system
detector_pair__0b6c69e0bcc5296d2ad30834__ordinary_control,0,0.009906984865665436,textcnn,leave_one_model__mistral_7b_instruct_v0_3_q4_k_m,validation,matched_clean_llm,dedup-cluster-6ace02c4c66fff411127a281,revision_v1_token_128_bit_hex_012,qwen2_5_7b_instruct_q4_k_m,direct_subword_calgacus,token_128_bit_hex,narrative_small_discovery
detector_pair__0b6c69e0bcc5296d2ad30834__rankcloak,1,0.9959319233894348,textcnn,leave_one_model__mistral_7b_instruct_v0_3_q4_k_m,validation,matched_clean_llm,dedup-cluster-6ace02c4c66fff411127a281,revision_v1_token_128_bit_hex_012,qwen2_5_7b_instruct_q4_k_m,direct_subword_calgacus,token_128_bit_hex,narrative_small_discovery
detector_pair__0b706a9dca995baca107cacf__ordinary_control,0,5.216095451032743e-05,textcnn,leave_one_model__mistral_7b_instruct_v0_3_q4_k_m,validation,matched_clean_llm,dedup-cluster-a1f09603de61d42b17c60f90,revision_v1_nonce_96_bit_hex_058,qwen2_5_7b_instruct_q4_k_m,segmented_hex_multi_topic,nonce_96_bit_hex,professional_project_update
detector_pair__0b706a9dca995baca107cacf__rankcloak,1,0.01600353606045246,textcnn,leave_one_model__mistral_7b_instruct_v0_3_q4_k_m,validation,matched_clean_llm,dedup-cluster-a1f09603de61d42b17c60f90,revision_v1_nonce_96_bit_hex_058,qwen2_5_7b_instruct_q4_k_m,segmented_hex_multi_topic,nonce_96_bit_hex,professional_project_update
detector_pair__0bdd62745a9cfc64c8a4aa16__ordinary_control,0,0.00013801975001115352,textcnn,leave_one_model__mistral_7b_instruct_v0_3_q4_k_m,validation,matched_clean_llm,dedup-cluster-e39d52527261844e25cbad0b,revision_v1_uuid_v4_006,llama3_8b_instruct_q4_k_m,nonseg_ascii_b16,uuid_v4,narrative_learning_moment
detector_pair__0bdd62745a9cfc64c8a4aa16__rankcloak,1,0.9992425441741943,textcnn,leave_one_model__mistral_7b_instruct_v0_3_q4_k_m,validation,matched_clean_llm,dedup-cluster-e39d52527261844e25cbad0b,revision_v1_uuid_v4_006,llama3_8b_instruct_q4_k_m,nonseg_ascii_b16,uuid_v4,narrative_learning_moment
detector_pair__0c2e898a0e3377ec1e482631__ordinary_control,0,0.009188727475702763,textcnn,leave_one_model__mistral_7b_instruct_v0_3_q4_k_m,validation,matched_clean_llm,dedup-cluster-484bc3854d49e18198bd3802,revision_v1_hmac_sha256_hex_050,qwen2_5_7b_instruct_q4_k_m,nonseg_hex_nibble_b16,hmac_sha256_hex,narrative_local_walk
detector_pair__0c2e898a0e3377ec1e482631__rankcloak,1,0.955444872379303,textcnn,leave_one_model__mistral_7b_instruct_v0_3_q4_k_m,validation,matched_clean_llm,dedup-cluster-484bc3854d49e18198bd3802,revision_v1_hmac_sha256_hex_050,qwen2_5_7b_instruct_q4_k_m,nonseg_hex_nibble_b16,hmac_sha256_hex,narrative_local_walk
detector_pair__0c2f4857473f2ff400057777__ordinary_control,0,9.215251566274674e-07,textcnn,leave_one_model__mistral_7b_instruct_v0_3_q4_k_m,validation,matched_clean_llm,dedup-cluster-631342e4862923cce8d3242b,revision_v1_sha256_hex_029,llama3_8b_instruct_q4_k_m,segmented_hex_multi_topic,sha256_hex,explain_everyday_system
detector_pair__0c2f4857473f2ff400057777__rankcloak,1,0.9978852868080139,textcnn,leave_one_model__mistral_7b_instruct_v0_3_q4_k_m,validation,matched_clean_llm,dedup-cluster-631342e4862923cce8d3242b,revision_v1_sha256_hex_029,llama3_8b_instruct_q4_k_m,segmented_hex_multi_topic,sha256_hex,explain_everyday_system
detector_pair__0c70187613d8bd9ac43b1005__ordinary_control,0,0.0045180912129580975,textcnn,leave_one_model__mistral_7b_instruct_v0_3_q4_k_m,validation,matched_clean_llm,dedup-cluster-7c84aa0ced3be32342082f66,revision_v1_uuid_v4_002,llama3_8b_instruct_q4_k_m,direct_subword_calgacus,uuid_v4,casual_hobby_chat
detector_pair__0c70187613d8bd9ac43b1005__rankcloak,1,0.9955083131790161,textcnn,leave_one_model__mistral_7b_instruct_v0_3_q4_k_m,validation,matched_clean_llm,dedup-cluster-7c84aa0ced3be32342082f66,revision_v1_uuid_v4_002,llama3_8b_instruct_q4_k_m,direct_subword_calgacus,uuid_v4,casual_hobby_chat
detector_pair__0cd80c2a646b086d73eeb483__ordinary_control,0,4.310779695515521e-05,textcnn,leave_one_model__mistral_7b_instruct_v0_3_q4_k_m,validation,matched_clean_llm,dedup-cluster-bc86fac7c4db3068f8c80ad3,revision_v1_chacha20_poly1305_base64_048,qwen2_5_7b_instruct_q4_k_m,direct_subword_calgacus,chacha20_poly1305_base64,professional_project_update
detector_pair__0cd80c2a646b086d73eeb483__rankcloak,1,0.9999948740005493,textcnn,leave_one_model__mistral_7b_instruct_v0_3_q4_k_m,validation,matched_clean_llm,dedup-cluster-bc86fac7c4db3068f8c80ad3,revision_v1_chacha20_poly1305_base64_048,qwen2_5_7b_instruct_q4_k_m,direct_subword_calgacus,chacha20_poly1305_base64,professional_project_update
detector_pair__0d2de3766c2b9ab6b2b2b21d__ordinary_control,0,0.0004652037750929594,textcnn,leave_one_model__mistral_7b_instruct_v0_3_q4_k_m,validation,matched_clean_llm,dedup-cluster-2e7f1969791ae609498a9082,revision_v1_hmac_sha256_hex_020,qwen2_5_7b_instruct_q4_k_m,segmented_hex_multi_topic,hmac_sha256_hex,narrative_learning_moment
detector_pair__0d2de3766c2b9ab6b2b2b21d__rankcloak,1,0.9998550415039062,textcnn,leave_one_model__mistral_7b_instruct_v0_3_q4_k_m,validation,matched_clean_llm,dedup-cluster-2e7f1969791ae609498a9082,revision_v1_hmac_sha256_hex_020,qwen2_5_7b_instruct_q4_k_m,segmented_hex_multi_topic,hmac_sha256_hex,narrative_learning_moment
detector_pair__0d4d54376afc4fc38675f732__ordinary_control,0,0.0017828793497756124,textcnn,leave_one_model__mistral_7b_instruct_v0_3_q4_k_m,validation,matched_clean_llm,dedup-cluster-e8b46972e25b5d16f253b139,revision_v1_nonce_96_bit_hex_005,llama3_8b_instruct_q4_k_m,segmented_hex_multi_topic,nonce_96_bit_hex,professional_process_email
detector_pair__0d4d54376afc4fc38675f732__rankcloak,1,0.9321985840797424,textcnn,leave_one_model__mistral_7b_instruct_v0_3_q4_k_m,validation,matched_clean_llm,dedup-cluster-e8b46972e25b5d16f253b139,revision_v1_nonce_96_bit_hex_005,llama3_8b_instruct_q4_k_m,segmented_hex_multi_topic,nonce_96_bit_hex,professional_process_email
detector_pair__0d554ee017563533f39d5506__ordinary_control,0,1.2539801446109777e-06,textcnn,leave_one_model__mistral_7b_instruct_v0_3_q4_k_m,validation,matched_clean_llm,dedup-cluster-0401b1baba09fb1c1437ea35,revision_v1_nonce_96_bit_hex_011,qwen2_5_7b_instruct_q4_k_m,direct_subword_calgacus,nonce_96_bit_hex,forum_purchase_advice
detector_pair__0d554ee017563533f39d5506__rankcloak,1,0.9911904335021973,textcnn,leave_one_model__mistral_7b_instruct_v0_3_q4_k_m,validation,matched_clean_llm,dedup-cluster-0401b1baba09fb1c1437ea35,revision_v1_nonce_96_bit_hex_011,qwen2_5_7b_instruct_q4_k_m,direct_subword_calgacus,nonce_96_bit_hex,forum_purchase_advice
detector_pair__0d8dc97c43878b0a17b7a28a__ordinary_control,0,0.008264543488621712,textcnn,leave_one_model__mistral_7b_instruct_v0_3_q4_k_m,validation,matched_clean_llm,dedup-cluster-d80c78b75330766130b70bf5,revision_v1_hmac_sha256_hex_030,qwen2_5_7b_instruct_q4_k_m,segmented_hex_multi_topic,hmac_sha256_hex,forum_purchase_advice
detector_pair__0d8dc97c43878b0a17b7a28a__rankcloak,1,0.45002779364585876,textcnn,leave_one_model__mistral_7b_instruct_v0_3_q4_k_m,validation,matched_clean_llm,dedup-cluster-d80c78b75330766130b70bf5,revision_v1_hmac_sha256_hex_030,qwen2_5_7b_instruct_q4_k_m,segmented_hex_multi_topic,hmac_sha256_hex,forum_purchase_advice
detector_pair__0ded262fc88d2207d53c569a__ordinary_control,0,0.000795530853793025,textcnn,leave_one_model__mistral_7b_instruct_v0_3_q4_k_m,validation,matched_clean_llm,dedup-cluster-e2f7268932e937ee54d92fe1,revision_v1_uuid_v4_016,qwen2_5_7b_instruct_q4_k_m,direct_subword_calgacus,uuid_v4,procedure_home_task
detector_pair__0ded262fc88d2207d53c569a__rankcloak,1,0.578067421913147,textcnn,leave_one_model__mistral_7b_instruct_v0_3_q4_k_m,validation,matched_clean_llm,dedup-cluster-e2f7268932e937ee54d92fe1,revision_v1_uuid_v4_016,qwen2_5_7b_instruct_q4_k_m,direct_subword_calgacus,uuid_v4,procedure_home_task
detector_pair__0e0595844bc1f504e24a446c__ordinary_control,0,2.283720823470503e-05,textcnn,leave_one_model__mistral_7b_instruct_v0_3_q4_k_m,validation,matched_clean_llm,dedup-cluster-8150a67016c09420f58d3140,revision_v1_sha256_hex_053,qwen2_5_7b_instruct_q4_k_m,segmented_hex_single_topic,sha256_hex,casual_weekend_chat
detector_pair__0e0595844bc1f504e24a446c__rankcloak,1,0.9904977679252625,textcnn,leave_one_model__mistral_7b_instruct_v0_3_q4_k_m,validation,matched_clean_llm,dedup-cluster-8150a67016c09420f58d3140,revision_v1_sha256_hex_053,qwen2_5_7b_instruct_q4_k_m,segmented_hex_single_topic,sha256_hex,casual_weekend_chat
detector_pair__0e5c4cf56de88a1caea270d8__ordinary_control,0,0.005297299474477768,textcnn,leave_one_model__mistral_7b_instruct_v0_3_q4_k_m,validation,matched_clean_llm,dedup-cluster-d6ec75465813ed2c729c38e9,revision_v1_aes256_gcm_base64_053,qwen2_5_7b_instruct_q4_k_m,nonseg_ascii_b16,aes256_gcm_base64,explain_biological_process
detector_pair__0e5c4cf56de88a1caea270d8__rankcloak,1,0.999925971031189,textcnn,leave_one_model__mistral_7b_instruct_v0_3_q4_k_m,validation,matched_clean_llm,dedup-cluster-d6ec75465813ed2c729c38e9,revision_v1_aes256_gcm_base64_053,qwen2_5_7b_instruct_q4_k_m,nonseg_ascii_b16,aes256_gcm_base64,explain_biological_process
detector_pair__0e611cf6dcae8598ff0361b6__ordinary_control,0,6.969378318899544e-06,textcnn,leave_one_model__mistral_7b_instruct_v0_3_q4_k_m,validation,matched_clean_llm,dedup-cluster-631342e4862923cce8d3242b,revision_v1_sha256_hex_029,qwen2_5_7b_instruct_q4_k_m,direct_subword_calgacus,sha256_hex,casual_neighborhood_chat
detector_pair__0e611cf6dcae8598ff0361b6__rankcloak,1,0.4691711664199829,textcnn,leave_one_model__mistral_7b_instruct_v0_3_q4_k_m,validation,matched_clean_llm,dedup-cluster-631342e4862923cce8d3242b,revision_v1_sha256_hex_029,qwen2_5_7b_instruct_q4_k_m,direct_subword_calgacus,sha256_hex,casual_neighborhood_chat
detector_pair__0e7e8112dc9382900c69573e__ordinary_control,0,0.0016185414278879762,textcnn,leave_one_model__mistral_7b_instruct_v0_3_q4_k_m,validation,matched_clean_llm,dedup-cluster-92db4da9195620c7435535fe,revision_v1_ed25519_signature_base64_008,llama3_8b_instruct_q4_k_m,nonseg_ascii_b8,ed25519_signature_base64,procedure_garden_task
detector_pair__0e7e8112dc9382900c69573e__rankcloak,1,0.9911552667617798,textcnn,leave_one_model__mistral_7b_instruct_v0_3_q4_k_m,validation,matched_clean_llm,dedup-cluster-92db4da9195620c7435535fe,revision_v1_ed25519_signature_base64_008,llama3_8b_instruct_q4_k_m,nonseg_ascii_b8,ed25519_signature_base64,procedure_garden_task
detector_pair__0e8e4d31c4d7a61a329f50bc__ordinary_control,0,0.00021806669246871024,textcnn,leave_one_model__mistral_7b_instruct_v0_3_q4_k_m,validation,matched_clean_llm,dedup-cluster-b3aacb3da0049b4608f31b89,revision_v1_aes256_gcm_base64_033,llama3_8b_instruct_q4_k_m,direct_subword_calgacus,aes256_gcm_base64,forum_purchase_advice
detector_pair__0e8e4d31c4d7a61a329f50bc__rankcloak,1,0.9999998807907104,textcnn,leave_one_model__mistral_7b_instruct_v0_3_q4_k_m,validation,matched_clean_llm,dedup-cluster-b3aacb3da0049b4608f31b89,revision_v1_aes256_gcm_base64_033,llama3_8b_instruct_q4_k_m,direct_subword_calgacus,aes256_gcm_base64,forum_purchase_advice
detector_pair__0ecb18552e7491548ea46138__ordinary_control,0,5.465459707920672e-06,textcnn,leave_one_model__mistral_7b_instruct_v0_3_q4_k_m,validation,matched_clean_llm,dedup-cluster-d24ae4dc1ca2dcb4473005f9,revision_v1_hmac_sha256_hex_036,llama3_8b_instruct_q4_k_m,segmented_hex_multi_topic,hmac_sha256_hex,professional_schedule_note
detector_pair__0ecb18552e7491548ea46138__rankcloak,1,0.9666458964347839,textcnn,leave_one_model__mistral_7b_instruct_v0_3_q4_k_m,validation,matched_clean_llm,dedup-cluster-d24ae4dc1ca2dcb4473005f9,revision_v1_hmac_sha256_hex_036,llama3_8b_instruct_q4_k_m,segmented_hex_multi_topic,hmac_sha256_hex,professional_schedule_note
detector_pair__0f163986f9ba8200190e28f6__ordinary_control,0,1.0272943882227992e-06,textcnn,leave_one_model__mistral_7b_instruct_v0_3_q4_k_m,validation,matched_clean_llm,dedup-cluster-729f0f62c71d15bb8d8f7eff,revision_v1_token_128_bit_hex_004,qwen2_5_7b_instruct_q4_k_m,segmented_hex_multi_topic,token_128_bit_hex,forum_purchase_advice
detector_pair__0f163986f9ba8200190e28f6__rankcloak,1,0.9999637603759766,textcnn,leave_one_model__mistral_7b_instruct_v0_3_q4_k_m,validation,matched_clean_llm,dedup-cluster-729f0f62c71d15bb8d8f7eff,revision_v1_token_128_bit_hex_004,qwen2_5_7b_instruct_q4_k_m,segmented_hex_multi_topic,token_128_bit_hex,forum_purchase_advice
detector_pair__0f8a190b1108da6b9ddea4db__ordinary_control,0,7.502902735723183e-05,textcnn,leave_one_model__mistral_7b_instruct_v0_3_q4_k_m,validation,matched_clean_llm,dedup-cluster-00eccca339b70a566fc600ea,revision_v1_ed25519_signature_base64_041,llama3_8b_instruct_q4_k_m,nonseg_ascii_b8,ed25519_signature_base64,casual_hobby_chat
detector_pair__0f8a190b1108da6b9ddea4db__rankcloak,1,0.9998577833175659,textcnn,leave_one_model__mistral_7b_instruct_v0_3_q4_k_m,validation,matched_clean_llm,dedup-cluster-00eccca339b70a566fc600ea,revision_v1_ed25519_signature_base64_041,llama3_8b_instruct_q4_k_m,nonseg_ascii_b8,ed25519_signature_base64,casual_hobby_chat
detector_pair__0f9728cd84ad588f85c4d4f6__ordinary_control,0,0.3281278610229492,textcnn,leave_one_model__mistral_7b_instruct_v0_3_q4_k_m,validation,matched_clean_llm,dedup-cluster-cb374f9ca23dfd168fe55742,revision_v1_hmac_sha256_hex_055,qwen2_5_7b_instruct_q4_k_m,nonseg_ascii_b16,hmac_sha256_hex,procedure_garden_task
detector_pair__0f9728cd84ad588f85c4d4f6__rankcloak,1,0.9948402047157288,textcnn,leave_one_model__mistral_7b_instruct_v0_3_q4_k_m,validation,matched_clean_llm,dedup-cluster-cb374f9ca23dfd168fe55742,revision_v1_hmac_sha256_hex_055,qwen2_5_7b_instruct_q4_k_m,nonseg_ascii_b16,hmac_sha256_hex,procedure_garden_task
detector_pair__0ff2b58b18cf6e015be9c0e8__ordinary_control,0,0.00649476470425725,textcnn,leave_one_model__mistral_7b_instruct_v0_3_q4_k_m,validation,matched_clean_llm,dedup-cluster-a1abcb49aa12280f617295a6,revision_v1_sha256_hex_034,llama3_8b_instruct_q4_k_m,direct_subword_calgacus,sha256_hex,narrative_learning_moment
detector_pair__0ff2b58b18cf6e015be9c0e8__rankcloak,1,0.9808933734893799,textcnn,leave_one_model__mistral_7b_instruct_v0_3_q4_k_m,validation,matched_clean_llm,dedup-cluster-a1abcb49aa12280f617295a6,revision_v1_sha256_hex_034,llama3_8b_instruct_q4_k_m,direct_subword_calgacus,sha256_hex,narrative_learning_moment
detector_pair__1174c4df5b1c19a5d01b39e8__ordinary_control,0,0.0001461306819692254,textcnn,leave_one_model__mistral_7b_instruct_v0_3_q4_k_m,validation,matched_clean_llm,dedup-cluster-339659e6d45626f95acf4c5b,revision_v1_nonce_96_bit_hex_052,llama3_8b_instruct_q4_k_m,segmented_hex_single_topic,nonce_96_bit_hex,casual_hobby_chat
detector_pair__1174c4df5b1c19a5d01b39e8__rankcloak,1,0.9987175464630127,textcnn,leave_one_model__mistral_7b_instruct_v0_3_q4_k_m,validation,matched_clean_llm,dedup-cluster-339659e6d45626f95acf4c5b,revision_v1_nonce_96_bit_hex_052,llama3_8b_instruct_q4_k_m,segmented_hex_single_topic,nonce_96_bit_hex,casual_hobby_chat
detector_pair__11cb85bfb3b19dd62d8fd021__ordinary_control,0,0.00019958139455411583,textcnn,leave_one_model__mistral_7b_instruct_v0_3_q4_k_m,validation,matched_clean_llm,dedup-cluster-6ace02c4c66fff411127a281,revision_v1_token_128_bit_hex_012,qwen2_5_7b_instruct_q4_k_m,nonseg_ascii_b16,token_128_bit_hex,narrative_small_discovery
detector_pair__11cb85bfb3b19dd62d8fd021__rankcloak,1,0.06699763238430023,textcnn,leave_one_model__mistral_7b_instruct_v0_3_q4_k_m,validation,matched_clean_llm,dedup-cluster-6ace02c4c66fff411127a281,revision_v1_token_128_bit_hex_012,qwen2_5_7b_instruct_q4_k_m,nonseg_ascii_b16,token_128_bit_hex,narrative_small_discovery
detector_pair__1200363151a8f13131298a2e__ordinary_control,0,1.550275737827178e-05,textcnn,leave_one_model__mistral_7b_instruct_v0_3_q4_k_m,validation,matched_clean_llm,dedup-cluster-48d7da6cd06bde46d05aad3f,revision_v1_sha256_hex_056,qwen2_5_7b_instruct_q4_k_m,segmented_hex_single_topic,sha256_hex,procedure_home_task
detector_pair__1200363151a8f13131298a2e__rankcloak,1,0.9671379923820496,textcnn,leave_one_model__mistral_7b_instruct_v0_3_q4_k_m,validation,matched_clean_llm,dedup-cluster-48d7da6cd06bde46d05aad3f,revision_v1_sha256_hex_056,qwen2_5_7b_instruct_q4_k_m,segmented_hex_single_topic,sha256_hex,procedure_home_task
detector_pair__1265d6d4d23d47759b0c6bf5__ordinary_control,0,0.03563401848077774,textcnn,leave_one_model__mistral_7b_instruct_v0_3_q4_k_m,validation,matched_clean_llm,dedup-cluster-4df1f95590c9f69533ae0634,revision_v1_nonce_96_bit_hex_027,llama3_8b_instruct_q4_k_m,segmented_hex_single_topic,nonce_96_bit_hex,explain_weather_pattern
detector_pair__1265d6d4d23d47759b0c6bf5__rankcloak,1,0.8676432967185974,textcnn,leave_one_model__mistral_7b_instruct_v0_3_q4_k_m,validation,matched_clean_llm,dedup-cluster-4df1f95590c9f69533ae0634,revision_v1_nonce_96_bit_hex_027,llama3_8b_instruct_q4_k_m,segmented_hex_single_topic,nonce_96_bit_hex,explain_weather_pattern
detector_pair__12978b842e2a5027079bfc98__ordinary_control,0,5.0304122851230204e-05,textcnn,leave_one_model__mistral_7b_instruct_v0_3_q4_k_m,validation,matched_clean_llm,dedup-cluster-729f0f62c71d15bb8d8f7eff,revision_v1_token_128_bit_hex_004,qwen2_5_7b_instruct_q4_k_m,segmented_hex_single_topic,token_128_bit_hex,forum_purchase_advice
detector_pair__12978b842e2a5027079bfc98__rankcloak,1,0.9899328947067261,textcnn,leave_one_model__mistral_7b_instruct_v0_3_q4_k_m,validation,matched_clean_llm,dedup-cluster-729f0f62c71d15bb8d8f7eff,revision_v1_token_128_bit_hex_004,qwen2_5_7b_instruct_q4_k_m,segmented_hex_single_topic,token_128_bit_hex,forum_purchase_advice
detector_pair__12a609c03d4628f08a57f9f5__ordinary_control,0,2.3697193682892248e-05,textcnn,leave_one_model__mistral_7b_instruct_v0_3_q4_k_m,validation,matched_clean_llm,dedup-cluster-02520044ca48813bb14ebc78,revision_v1_aes256_gcm_base64_003,llama3_8b_instruct_q4_k_m,nonseg_ascii_b16,aes256_gcm_base64,forum_learning_answer
detector_pair__12a609c03d4628f08a57f9f5__rankcloak,1,0.9999500513076782,textcnn,leave_one_model__mistral_7b_instruct_v0_3_q4_k_m,validation,matched_clean_llm,dedup-cluster-02520044ca48813bb14ebc78,revision_v1_aes256_gcm_base64_003,llama3_8b_instruct_q4_k_m,nonseg_ascii_b16,aes256_gcm_base64,forum_learning_answer
detector_pair__12e70f95d02dac23489ade23__ordinary_control,0,0.03859411180019379,textcnn,leave_one_model__mistral_7b_instruct_v0_3_q4_k_m,validation,matched_clean_llm,dedup-cluster-a1abcb49aa12280f617295a6,revision_v1_sha256_hex_034,qwen2_5_7b_instruct_q4_k_m,nonseg_ascii_b16,sha256_hex,explain_weather_pattern
detector_pair__12e70f95d02dac23489ade23__rankcloak,1,0.9997005462646484,textcnn,leave_one_model__mistral_7b_instruct_v0_3_q4_k_m,validation,matched_clean_llm,dedup-cluster-a1abcb49aa12280f617295a6,revision_v1_sha256_hex_034,qwen2_5_7b_instruct_q4_k_m,nonseg_ascii_b16,sha256_hex,explain_weather_pattern
detector_pair__1318d3b7b09616e84a6f6151__ordinary_control,0,0.12822438776493073,textcnn,leave_one_model__mistral_7b_instruct_v0_3_q4_k_m,validation,matched_clean_llm,dedup-cluster-02520044ca48813bb14ebc78,revision_v1_aes256_gcm_base64_003,llama3_8b_instruct_q4_k_m,nonseg_ascii_b8,aes256_gcm_base64,forum_learning_answer
detector_pair__1318d3b7b09616e84a6f6151__rankcloak,1,0.9976794123649597,textcnn,leave_one_model__mistral_7b_instruct_v0_3_q4_k_m,validation,matched_clean_llm,dedup-cluster-02520044ca48813bb14ebc78,revision_v1_aes256_gcm_base64_003,llama3_8b_instruct_q4_k_m,nonseg_ascii_b8,aes256_gcm_base64,forum_learning_answer
detector_pair__136fc309c04fd22878038101__ordinary_control,0,4.5980657887412235e-05,textcnn,leave_one_model__mistral_7b_instruct_v0_3_q4_k_m,validation,matched_clean_llm,dedup-cluster-5ace189a35be6720f7c9dc5e,revision_v1_chacha20_poly1305_base64_057,qwen2_5_7b_instruct_q4_k_m,direct_subword_calgacus,chacha20_poly1305_base64,narrative_local_walk
detector_pair__136fc309c04fd22878038101__rankcloak,1,0.0037022405304014683,textcnn,leave_one_model__mistral_7b_instruct_v0_3_q4_k_m,validation,matched_clean_llm,dedup-cluster-5ace189a35be6720f7c9dc5e,revision_v1_chacha20_poly1305_base64_057,qwen2_5_7b_instruct_q4_k_m,direct_subword_calgacus,chacha20_poly1305_base64,narrative_local_walk
detector_pair__13aeacc051ec9a217ff75169__ordinary_control,0,0.0028096772730350494,textcnn,leave_one_model__mistral_7b_instruct_v0_3_q4_k_m,validation,matched_clean_llm,dedup-cluster-8bfe7043c327d3a82a41f9ad,revision_v1_ed25519_signature_base64_050,qwen2_5_7b_instruct_q4_k_m,direct_subword_calgacus,ed25519_signature_base64,narrative_local_walk
detector_pair__13aeacc051ec9a217ff75169__rankcloak,1,0.9999783039093018,textcnn,leave_one_model__mistral_7b_instruct_v0_3_q4_k_m,validation,matched_clean_llm,dedup-cluster-8bfe7043c327d3a82a41f9ad,revision_v1_ed25519_signature_base64_050,qwen2_5_7b_instruct_q4_k_m,direct_subword_calgacus,ed25519_signature_base64,narrative_local_walk
detector_pair__147e4ea5bc209bce6bce4852__ordinary_control,0,0.00028992470470257103,textcnn,leave_one_model__mistral_7b_instruct_v0_3_q4_k_m,validation,matched_clean_llm,dedup-cluster-48d7da6cd06bde46d05aad3f,revision_v1_sha256_hex_056,llama3_8b_instruct_q4_k_m,direct_subword_calgacus,sha256_hex,forum_practical_answer
detector_pair__147e4ea5bc209bce6bce4852__rankcloak,1,0.9728560447692871,textcnn,leave_one_model__mistral_7b_instruct_v0_3_q4_k_m,validation,matched_clean_llm,dedup-cluster-48d7da6cd06bde46d05aad3f,revision_v1_sha256_hex_056,llama3_8b_instruct_q4_k_m,direct_subword_calgacus,sha256_hex,forum_practical_answer
detector_pair__14fed92e6dbc88203fc376bf__ordinary_control,0,0.00010523662058403715,textcnn,leave_one_model__mistral_7b_instruct_v0_3_q4_k_m,validation,matched_clean_llm,dedup-cluster-bced2ec523557c720d4ecf66,revision_v1_token_128_bit_hex_036,qwen2_5_7b_instruct_q4_k_m,segmented_hex_single_topic,token_128_bit_hex,narrative_local_walk
detector_pair__14fed92e6dbc88203fc376bf__rankcloak,1,0.9998517036437988,textcnn,leave_one_model__mistral_7b_instruct_v0_3_q4_k_m,validation,matched_clean_llm,dedup-cluster-bced2ec523557c720d4ecf66,revision_v1_token_128_bit_hex_036,qwen2_5_7b_instruct_q4_k_m,segmented_hex_single_topic,token_128_bit_hex,narrative_local_walk
detector_pair__15183034c39b74f354daf482__ordinary_control,0,0.00010688184556784108,textcnn,leave_one_model__mistral_7b_instruct_v0_3_q4_k_m,validation,matched_clean_llm,dedup-cluster-729f0f62c71d15bb8d8f7eff,revision_v1_token_128_bit_hex_004,qwen2_5_7b_instruct_q4_k_m,direct_subword_calgacus,token_128_bit_hex,forum_purchase_advice
detector_pair__15183034c39b74f354daf482__rankcloak,1,0.9995288848876953,textcnn,leave_one_model__mistral_7b_instruct_v0_3_q4_k_m,validation,matched_clean_llm,dedup-cluster-729f0f62c71d15bb8d8f7eff,revision_v1_token_128_bit_hex_004,qwen2_5_7b_instruct_q4_k_m,direct_subword_calgacus,token_128_bit_hex,forum_purchase_advice
detector_pair__15c17076de9333b9a678506d__ordinary_control,0,0.0005072184139862657,textcnn,leave_one_model__mistral_7b_instruct_v0_3_q4_k_m,validation,matched_clean_llm,dedup-cluster-4df1f95590c9f69533ae0634,revision_v1_nonce_96_bit_hex_027,llama3_8b_instruct_q4_k_m,segmented_hex_single_topic,nonce_96_bit_hex,explain_weather_pattern
detector_pair__15c17076de9333b9a678506d__rankcloak,1,0.9990742206573486,textcnn,leave_one_model__mistral_7b_instruct_v0_3_q4_k_m,validation,matched_clean_llm,dedup-cluster-4df1f95590c9f69533ae0634,revision_v1_nonce_96_bit_hex_027,llama3_8b_instruct_q4_k_m,segmented_hex_single_topic,nonce_96_bit_hex,explain_weather_pattern
detector_pair__15d0d9f8d95bdaa351b23d25__ordinary_control,0,0.00015475010150112212,textcnn,leave_one_model__mistral_7b_instruct_v0_3_q4_k_m,validation,matched_clean_llm,dedup-cluster-17900f3eff20bb84e24fa1da,revision_v1_token_128_bit_hex_021,llama3_8b_instruct_q4_k_m,nonseg_ascii_b16,token_128_bit_hex,casual_weekend_chat
detector_pair__15d0d9f8d95bdaa351b23d25__rankcloak,1,0.897960901260376,textcnn,leave_one_model__mistral_7b_instruct_v0_3_q4_k_m,validation,matched_clean_llm,dedup-cluster-17900f3eff20bb84e24fa1da,revision_v1_token_128_bit_hex_021,llama3_8b_instruct_q4_k_m,nonseg_ascii_b16,token_128_bit_hex,casual_weekend_chat
detector_pair__1633c0699f7684a2699b94ff__ordinary_control,0,0.005162987392395735,textcnn,leave_one_model__mistral_7b_instruct_v0_3_q4_k_m,validation,matched_clean_llm,dedup-cluster-68e08a4fc96aff3403abad93,revision_v1_nonce_96_bit_hex_031,qwen2_5_7b_instruct_q4_k_m,nonseg_ascii_b16,nonce_96_bit_hex,narrative_learning_moment
detector_pair__1633c0699f7684a2699b94ff__rankcloak,1,0.9365023970603943,textcnn,leave_one_model__mistral_7b_instruct_v0_3_q4_k_m,validation,matched_clean_llm,dedup-cluster-68e08a4fc96aff3403abad93,revision_v1_nonce_96_bit_hex_031,qwen2_5_7b_instruct_q4_k_m,nonseg_ascii_b16,nonce_96_bit_hex,narrative_learning_moment
detector_pair__166158108385111acb9a0380__ordinary_control,0,0.001013412605971098,textcnn,leave_one_model__mistral_7b_instruct_v0_3_q4_k_m,validation,matched_clean_llm,dedup-cluster-c85ea4286eb44389809ba8c7,revision_v1_uuid_v4_034,llama3_8b_instruct_q4_k_m,direct_subword_calgacus,uuid_v4,forum_practical_answer
detector_pair__166158108385111acb9a0380__rankcloak,1,0.10774441063404083,textcnn,leave_one_model__mistral_7b_instruct_v0_3_q4_k_m,validation,matched_clean_llm,dedup-cluster-c85ea4286eb44389809ba8c7,revision_v1_uuid_v4_034,llama3_8b_instruct_q4_k_m,direct_subword_calgacus,uuid_v4,forum_practical_answer
detector_pair__1686f9b8f41a212e549b81a4__ordinary_control,0,3.413580634514801e-05,textcnn,leave_one_model__mistral_7b_instruct_v0_3_q4_k_m,validation,matched_clean_llm,dedup-cluster-2e7f1969791ae609498a9082,revision_v1_hmac_sha256_hex_020,llama3_8b_instruct_q4_k_m,nonseg_ascii_b8,hmac_sha256_hex,procedure_home_task
detector_pair__1686f9b8f41a212e549b81a4__rankcloak,1,0.9986090064048767,textcnn,leave_one_model__mistral_7b_instruct_v0_3_q4_k_m,validation,matched_clean_llm,dedup-cluster-2e7f1969791ae609498a9082,revision_v1_hmac_sha256_hex_020,llama3_8b_instruct_q4_k_m,nonseg_ascii_b8,hmac_sha256_hex,procedure_home_task
detector_pair__169431427a64537810f18f59__ordinary_control,0,0.08271018415689468,textcnn,leave_one_model__mistral_7b_instruct_v0_3_q4_k_m,validation,matched_clean_llm,dedup-cluster-982d753609ba3daf81c7d866,revision_v1_sha256_hex_046,qwen2_5_7b_instruct_q4_k_m,nonseg_ascii_b16,sha256_hex,explain_biological_process
detector_pair__169431427a64537810f18f59__rankcloak,1,0.9946330785751343,textcnn,leave_one_model__mistral_7b_instruct_v0_3_q4_k_m,validation,matched_clean_llm,dedup-cluster-982d753609ba3daf81c7d866,revision_v1_sha256_hex_046,qwen2_5_7b_instruct_q4_k_m,nonseg_ascii_b16,sha256_hex,explain_biological_process
detector_pair__16c8d9c3cb13f83304d9666e__ordinary_control,0,0.0002752756990958005,textcnn,leave_one_model__mistral_7b_instruct_v0_3_q4_k_m,validation,matched_clean_llm,dedup-cluster-32ad4bf593b222d70a8ca962,revision_v1_hmac_sha256_hex_053,llama3_8b_instruct_q4_k_m,nonseg_ascii_b8,hmac_sha256_hex,casual_weekend_chat
detector_pair__16c8d9c3cb13f83304d9666e__rankcloak,1,0.9998396635055542,textcnn,leave_one_model__mistral_7b_instruct_v0_3_q4_k_m,validation,matched_clean_llm,dedup-cluster-32ad4bf593b222d70a8ca962,revision_v1_hmac_sha256_hex_053,llama3_8b_instruct_q4_k_m,nonseg_ascii_b8,hmac_sha256_hex,casual_weekend_chat
detector_pair__16d67ac4b0caffc2b14aa1c2__ordinary_control,0,0.00012492229870986193,textcnn,leave_one_model__mistral_7b_instruct_v0_3_q4_k_m,validation,matched_clean_llm,dedup-cluster-064db5ffad9ed683b6e0fdbd,revision_v1_sha256_hex_035,qwen2_5_7b_instruct_q4_k_m,nonseg_ascii_b16,sha256_hex,casual_weekend_chat
detector_pair__16d67ac4b0caffc2b14aa1c2__rankcloak,1,0.99887615442276,textcnn,leave_one_model__mistral_7b_instruct_v0_3_q4_k_m,validation,matched_clean_llm,dedup-cluster-064db5ffad9ed683b6e0fdbd,revision_v1_sha256_hex_035,qwen2_5_7b_instruct_q4_k_m,nonseg_ascii_b16,sha256_hex,casual_weekend_chat
detector_pair__16e2a223dc4ae28c42a8d987__ordinary_control,0,3.842912701657042e-05,textcnn,leave_one_model__mistral_7b_instruct_v0_3_q4_k_m,validation,matched_clean_llm,dedup-cluster-a573a5d868303e7f802ba83e,revision_v1_chacha20_poly1305_base64_008,llama3_8b_instruct_q4_k_m,direct_subword_calgacus,chacha20_poly1305_base64,forum_purchase_advice
detector_pair__16e2a223dc4ae28c42a8d987__rankcloak,1,0.9982395172119141,textcnn,leave_one_model__mistral_7b_instruct_v0_3_q4_k_m,validation,matched_clean_llm,dedup-cluster-a573a5d868303e7f802ba83e,revision_v1_chacha20_poly1305_base64_008,llama3_8b_instruct_q4_k_m,direct_subword_calgacus,chacha20_poly1305_base64,forum_purchase_advice
detector_pair__16ef5ed07051f6fc97543e17__ordinary_control,0,9.689884791441727e-06,textcnn,leave_one_model__mistral_7b_instruct_v0_3_q4_k_m,validation,matched_clean_llm,dedup-cluster-54d0f843ac4646811be4dfd1,revision_v1_sha256_hex_000,qwen2_5_7b_instruct_q4_k_m,segmented_hex_single_topic,sha256_hex,professional_schedule_note
detector_pair__16ef5ed07051f6fc97543e17__rankcloak,1,0.3467070162296295,textcnn,leave_one_model__mistral_7b_instruct_v0_3_q4_k_m,validation,matched_clean_llm,dedup-cluster-54d0f843ac4646811be4dfd1,revision_v1_sha256_hex_000,qwen2_5_7b_instruct_q4_k_m,segmented_hex_single_topic,sha256_hex,professional_schedule_note
detector_pair__16f3c73c1b46e9c4ca247b35__ordinary_control,0,8.369317220058292e-05,textcnn,leave_one_model__mistral_7b_instruct_v0_3_q4_k_m,validation,matched_clean_llm,dedup-cluster-40d7dc0aae7327885c0b7431,revision_v1_aes256_gcm_base64_057,llama3_8b_instruct_q4_k_m,direct_subword_calgacus,aes256_gcm_base64,forum_learning_answer
detector_pair__16f3c73c1b46e9c4ca247b35__rankcloak,1,0.9973226189613342,textcnn,leave_one_model__mistral_7b_instruct_v0_3_q4_k_m,validation,matched_clean_llm,dedup-cluster-40d7dc0aae7327885c0b7431,revision_v1_aes256_gcm_base64_057,llama3_8b_instruct_q4_k_m,direct_subword_calgacus,aes256_gcm_base64,forum_learning_answer
detector_pair__16fb452794f76bd9cb536928__ordinary_control,0,0.004785451572388411,textcnn,leave_one_model__mistral_7b_instruct_v0_3_q4_k_m,validation,matched_clean_llm,dedup-cluster-f71f239b6ba6105b60b970fe,revision_v1_aes256_gcm_base64_049,qwen2_5_7b_instruct_q4_k_m,nonseg_ascii_b16,aes256_gcm_base64,professional_process_email
detector_pair__16fb452794f76bd9cb536928__rankcloak,1,0.9999986886978149,textcnn,leave_one_model__mistral_7b_instruct_v0_3_q4_k_m,validation,matched_clean_llm,dedup-cluster-f71f239b6ba6105b60b970fe,revision_v1_aes256_gcm_base64_049,qwen2_5_7b_instruct_q4_k_m,nonseg_ascii_b16,aes256_gcm_base64,professional_process_email
detector_pair__172d1ae03e26a50c5da5b36a__ordinary_control,0,0.43147972226142883,textcnn,leave_one_model__mistral_7b_instruct_v0_3_q4_k_m,validation,matched_clean_llm,dedup-cluster-1658921bbd26cede8f32a38a,revision_v1_ed25519_signature_base64_033,qwen2_5_7b_instruct_q4_k_m,nonseg_ascii_b8,ed25519_signature_base64,explain_everyday_system
detector_pair__172d1ae03e26a50c5da5b36a__rankcloak,1,0.9997522234916687,textcnn,leave_one_model__mistral_7b_instruct_v0_3_q4_k_m,validation,matched_clean_llm,dedup-cluster-1658921bbd26cede8f32a38a,revision_v1_ed25519_signature_base64_033,qwen2_5_7b_instruct_q4_k_m,nonseg_ascii_b8,ed25519_signature_base64,explain_everyday_system
detector_pair__17847ff0ff03d69ce0b3da00__ordinary_control,0,0.20359304547309875,textcnn,leave_one_model__mistral_7b_instruct_v0_3_q4_k_m,validation,matched_clean_llm,dedup-cluster-7b810f2afbcabc7ee462bff7,revision_v1_nonce_96_bit_hex_023,qwen2_5_7b_instruct_q4_k_m,nonseg_hex_nibble_b16,nonce_96_bit_hex,forum_practical_answer
detector_pair__17847ff0ff03d69ce0b3da00__rankcloak,1,0.9511211514472961,textcnn,leave_one_model__mistral_7b_instruct_v0_3_q4_k_m,validation,matched_clean_llm,dedup-cluster-7b810f2afbcabc7ee462bff7,revision_v1_nonce_96_bit_hex_023,qwen2_5_7b_instruct_q4_k_m,nonseg_hex_nibble_b16,nonce_96_bit_hex,forum_practical_answer
detector_pair__17f0368914d90dd6c7312866__ordinary_control,0,0.0093682324513793,textcnn,leave_one_model__mistral_7b_instruct_v0_3_q4_k_m,validation,matched_clean_llm,dedup-cluster-21724430ac9765521f1234e5,revision_v1_token_128_bit_hex_056,llama3_8b_instruct_q4_k_m,nonseg_ascii_b8,token_128_bit_hex,explain_weather_pattern
detector_pair__17f0368914d90dd6c7312866__rankcloak,1,0.9999607801437378,textcnn,leave_one_model__mistral_7b_instruct_v0_3_q4_k_m,validation,matched_clean_llm,dedup-cluster-21724430ac9765521f1234e5,revision_v1_token_128_bit_hex_056,llama3_8b_instruct_q4_k_m,nonseg_ascii_b8,token_128_bit_hex,explain_weather_pattern
detector_pair__18d6a7050a6150b6b4a992b0__ordinary_control,0,0.04944142699241638,textcnn,leave_one_model__mistral_7b_instruct_v0_3_q4_k_m,validation,matched_clean_llm,dedup-cluster-e2f7268932e937ee54d92fe1,revision_v1_uuid_v4_016,llama3_8b_instruct_q4_k_m,direct_subword_calgacus,uuid_v4,forum_practical_answer
detector_pair__18d6a7050a6150b6b4a992b0__rankcloak,1,0.06877632439136505,textcnn,leave_one_model__mistral_7b_instruct_v0_3_q4_k_m,validation,matched_clean_llm,dedup-cluster-e2f7268932e937ee54d92fe1,revision_v1_uuid_v4_016,llama3_8b_instruct_q4_k_m,direct_subword_calgacus,uuid_v4,forum_practical_answer
detector_pair__190ea2ddf2bd56a5ce40d825__ordinary_control,0,0.0011389181017875671,textcnn,leave_one_model__mistral_7b_instruct_v0_3_q4_k_m,validation,matched_clean_llm,dedup-cluster-68e08a4fc96aff3403abad93,revision_v1_nonce_96_bit_hex_031,qwen2_5_7b_instruct_q4_k_m,nonseg_hex_nibble_b16,nonce_96_bit_hex,narrative_learning_moment
detector_pair__190ea2ddf2bd56a5ce40d825__rankcloak,1,0.09003934264183044,textcnn,leave_one_model__mistral_7b_instruct_v0_3_q4_k_m,validation,matched_clean_llm,dedup-cluster-68e08a4fc96aff3403abad93,revision_v1_nonce_96_bit_hex_031,qwen2_5_7b_instruct_q4_k_m,nonseg_hex_nibble_b16,nonce_96_bit_hex,narrative_learning_moment
detector_pair__196dde4f8fb11425cd4d6d8a__ordinary_control,0,2.9142438506823964e-06,textcnn,leave_one_model__mistral_7b_instruct_v0_3_q4_k_m,validation,matched_clean_llm,dedup-cluster-982d753609ba3daf81c7d866,revision_v1_sha256_hex_046,qwen2_5_7b_instruct_q4_k_m,nonseg_ascii_b8,sha256_hex,explain_biological_process
detector_pair__196dde4f8fb11425cd4d6d8a__rankcloak,1,0.9867678284645081,textcnn,leave_one_model__mistral_7b_instruct_v0_3_q4_k_m,validation,matched_clean_llm,dedup-cluster-982d753609ba3daf81c7d866,revision_v1_sha256_hex_046,qwen2_5_7b_instruct_q4_k_m,nonseg_ascii_b8,sha256_hex,explain_biological_process
detector_pair__1987ec97973a48de03d6716b__ordinary_control,0,0.9312071204185486,textcnn,leave_one_model__mistral_7b_instruct_v0_3_q4_k_m,validation,matched_clean_llm,dedup-cluster-0401b1baba09fb1c1437ea35,revision_v1_nonce_96_bit_hex_011,llama3_8b_instruct_q4_k_m,nonseg_hex_nibble_b16,nonce_96_bit_hex,professional_project_update
detector_pair__1987ec97973a48de03d6716b__rankcloak,1,0.986213743686676,textcnn,leave_one_model__mistral_7b_instruct_v0_3_q4_k_m,validation,matched_clean_llm,dedup-cluster-0401b1baba09fb1c1437ea35,revision_v1_nonce_96_bit_hex_011,llama3_8b_instruct_q4_k_m,nonseg_hex_nibble_b16,nonce_96_bit_hex,professional_project_update
detector_pair__19a00327cbb353f46be08530__ordinary_control,0,0.00012356694787740707,textcnn,leave_one_model__mistral_7b_instruct_v0_3_q4_k_m,validation,matched_clean_llm,dedup-cluster-1d730332b470450b93b8b767,revision_v1_hmac_sha256_hex_006,qwen2_5_7b_instruct_q4_k_m,direct_subword_calgacus,hmac_sha256_hex,forum_practical_answer
detector_pair__19a00327cbb353f46be08530__rankcloak,1,0.995732843875885,textcnn,leave_one_model__mistral_7b_instruct_v0_3_q4_k_m,validation,matched_clean_llm,dedup-cluster-1d730332b470450b93b8b767,revision_v1_hmac_sha256_hex_006,qwen2_5_7b_instruct_q4_k_m,direct_subword_calgacus,hmac_sha256_hex,forum_practical_answer
detector_pair__19cd20d088787be8faacad0c__ordinary_control,0,0.32355180382728577,textcnn,leave_one_model__mistral_7b_instruct_v0_3_q4_k_m,validation,matched_clean_llm,dedup-cluster-9b8e2659fd534e6fb2b81afc,revision_v1_ed25519_signature_base64_027,qwen2_5_7b_instruct_q4_k_m,nonseg_ascii_b8,ed25519_signature_base64,explain_weather_pattern
detector_pair__19cd20d088787be8faacad0c__rankcloak,1,0.9861804842948914,textcnn,leave_one_model__mistral_7b_instruct_v0_3_q4_k_m,validation,matched_clean_llm,dedup-cluster-9b8e2659fd534e6fb2b81afc,revision_v1_ed25519_signature_base64_027,qwen2_5_7b_instruct_q4_k_m,nonseg_ascii_b8,ed25519_signature_base64,explain_weather_pattern
detector_pair__1a3051d6355c728266a23293__ordinary_control,0,0.0032920450903475285,textcnn,leave_one_model__mistral_7b_instruct_v0_3_q4_k_m,validation,matched_clean_llm,dedup-cluster-064db5ffad9ed683b6e0fdbd,revision_v1_sha256_hex_035,qwen2_5_7b_instruct_q4_k_m,direct_subword_calgacus,sha256_hex,casual_weekend_chat
detector_pair__1a3051d6355c728266a23293__rankcloak,1,0.9998480081558228,textcnn,leave_one_model__mistral_7b_instruct_v0_3_q4_k_m,validation,matched_clean_llm,dedup-cluster-064db5ffad9ed683b6e0fdbd,revision_v1_sha256_hex_035,qwen2_5_7b_instruct_q4_k_m,direct_subword_calgacus,sha256_hex,casual_weekend_chat
detector_pair__1a33a79e4a0f8e65d800f1d0__ordinary_control,0,0.00022723045549355447,textcnn,leave_one_model__mistral_7b_instruct_v0_3_q4_k_m,validation,matched_clean_llm,dedup-cluster-cb374f9ca23dfd168fe55742,revision_v1_hmac_sha256_hex_055,qwen2_5_7b_instruct_q4_k_m,direct_subword_calgacus,hmac_sha256_hex,procedure_garden_task
detector_pair__1a33a79e4a0f8e65d800f1d0__rankcloak,1,0.61574387550354,textcnn,leave_one_model__mistral_7b_instruct_v0_3_q4_k_m,validation,matched_clean_llm,dedup-cluster-cb374f9ca23dfd168fe55742,revision_v1_hmac_sha256_hex_055,qwen2_5_7b_instruct_q4_k_m,direct_subword_calgacus,hmac_sha256_hex,procedure_garden_task
detector_pair__1ab5731aa3746ffeef3736ed__ordinary_control,0,0.03956517204642296,textcnn,leave_one_model__mistral_7b_instruct_v0_3_q4_k_m,validation,matched_clean_llm,dedup-cluster-4f6ab2ce0956867e1b0b1bad,revision_v1_hmac_sha256_hex_043,qwen2_5_7b_instruct_q4_k_m,segmented_hex_single_topic,hmac_sha256_hex,procedure_simple_meal
detector_pair__1ab5731aa3746ffeef3736ed__rankcloak,1,0.9998660087585449,textcnn,leave_one_model__mistral_7b_instruct_v0_3_q4_k_m,validation,matched_clean_llm,dedup-cluster-4f6ab2ce0956867e1b0b1bad,revision_v1_hmac_sha256_hex_043,qwen2_5_7b_instruct_q4_k_m,segmented_hex_single_topic,hmac_sha256_hex,procedure_simple_meal
detector_pair__1b297ecec998fe103c2a51d9__ordinary_control,0,0.1615644097328186,textcnn,leave_one_model__mistral_7b_instruct_v0_3_q4_k_m,validation,matched_clean_llm,dedup-cluster-9e865129af4def1fc2a2442c,revision_v1_ed25519_signature_base64_017,llama3_8b_instruct_q4_k_m,nonseg_ascii_b16,ed25519_signature_base64,casual_weekend_chat
detector_pair__1b297ecec998fe103c2a51d9__rankcloak,1,0.9741650223731995,textcnn,leave_one_model__mistral_7b_instruct_v0_3_q4_k_m,validation,matched_clean_llm,dedup-cluster-9e865129af4def1fc2a2442c,revision_v1_ed25519_signature_base64_017,llama3_8b_instruct_q4_k_m,nonseg_ascii_b16,ed25519_signature_base64,casual_weekend_chat
detector_pair__1b69dc27fce6fa7ee50ac431__ordinary_control,0,0.09670362621545792,textcnn,leave_one_model__mistral_7b_instruct_v0_3_q4_k_m,validation,matched_clean_llm,dedup-cluster-b3aacb3da0049b4608f31b89,revision_v1_aes256_gcm_base64_033,llama3_8b_instruct_q4_k_m,nonseg_ascii_b8,aes256_gcm_base64,forum_purchase_advice
detector_pair__1b69dc27fce6fa7ee50ac431__rankcloak,1,0.9999197721481323,textcnn,leave_one_model__mistral_7b_instruct_v0_3_q4_k_m,validation,matched_clean_llm,dedup-cluster-b3aacb3da0049b4608f31b89,revision_v1_aes256_gcm_base64_033,llama3_8b_instruct_q4_k_m,nonseg_ascii_b8,aes256_gcm_base64,forum_purchase_advice
detector_pair__1b7b48fa82bd6897b2417a2b__ordinary_control,0,0.0003266113344579935,textcnn,leave_one_model__mistral_7b_instruct_v0_3_q4_k_m,validation,matched_clean_llm,dedup-cluster-e8b46972e25b5d16f253b139,revision_v1_nonce_96_bit_hex_005,qwen2_5_7b_instruct_q4_k_m,direct_subword_calgacus,nonce_96_bit_hex,forum_practical_answer
detector_pair__1b7b48fa82bd6897b2417a2b__rankcloak,1,0.9421443939208984,textcnn,leave_one_model__mistral_7b_instruct_v0_3_q4_k_m,validation,matched_clean_llm,dedup-cluster-e8b46972e25b5d16f253b139,revision_v1_nonce_96_bit_hex_005,qwen2_5_7b_instruct_q4_k_m,direct_subword_calgacus,nonce_96_bit_hex,forum_practical_answer
detector_pair__1c27890a3bf5108ff353fde7__ordinary_control,0,4.5393022446660325e-05,textcnn,leave_one_model__mistral_7b_instruct_v0_3_q4_k_m,validation,matched_clean_llm,dedup-cluster-e39d52527261844e25cbad0b,revision_v1_uuid_v4_006,llama3_8b_instruct_q4_k_m,direct_subword_calgacus,uuid_v4,narrative_learning_moment
detector_pair__1c27890a3bf5108ff353fde7__rankcloak,1,0.9357741475105286,textcnn,leave_one_model__mistral_7b_instruct_v0_3_q4_k_m,validation,matched_clean_llm,dedup-cluster-e39d52527261844e25cbad0b,revision_v1_uuid_v4_006,llama3_8b_instruct_q4_k_m,direct_subword_calgacus,uuid_v4,narrative_learning_moment
detector_pair__1cdda357398a80ada6ed379c__ordinary_control,0,1.4116261809249409e-05,textcnn,leave_one_model__mistral_7b_instruct_v0_3_q4_k_m,validation,matched_clean_llm,dedup-cluster-6ce30f9a3e80626084969f2a,revision_v1_ed25519_signature_base64_043,llama3_8b_instruct_q4_k_m,direct_subword_calgacus,ed25519_signature_base64,forum_learning_answer
detector_pair__1cdda357398a80ada6ed379c__rankcloak,1,0.999915361404419,textcnn,leave_one_model__mistral_7b_instruct_v0_3_q4_k_m,validation,matched_clean_llm,dedup-cluster-6ce30f9a3e80626084969f2a,revision_v1_ed25519_signature_base64_043,llama3_8b_instruct_q4_k_m,direct_subword_calgacus,ed25519_signature_base64,forum_learning_answer
detector_pair__1d517e6e804c6d22ba1805f5__ordinary_control,0,5.530883208848536e-05,textcnn,leave_one_model__mistral_7b_instruct_v0_3_q4_k_m,validation,matched_clean_llm,dedup-cluster-02520044ca48813bb14ebc78,revision_v1_aes256_gcm_base64_003,qwen2_5_7b_instruct_q4_k_m,direct_subword_calgacus,aes256_gcm_base64,procedure_simple_meal
detector_pair__1d517e6e804c6d22ba1805f5__rankcloak,1,0.9999995231628418,textcnn,leave_one_model__mistral_7b_instruct_v0_3_q4_k_m,validation,matched_clean_llm,dedup-cluster-02520044ca48813bb14ebc78,revision_v1_aes256_gcm_base64_003,qwen2_5_7b_instruct_q4_k_m,direct_subword_calgacus,aes256_gcm_base64,procedure_simple_meal
detector_pair__1dc5ed5416c0d12b4946e988__ordinary_control,0,0.00019928286201320589,textcnn,leave_one_model__mistral_7b_instruct_v0_3_q4_k_m,validation,matched_clean_llm,dedup-cluster-1e608c8c5860067de2774eaa,revision_v1_uuid_v4_008,llama3_8b_instruct_q4_k_m,nonseg_ascii_b8,uuid_v4,casual_neighborhood_chat
detector_pair__1dc5ed5416c0d12b4946e988__rankcloak,1,0.993174135684967,textcnn,leave_one_model__mistral_7b_instruct_v0_3_q4_k_m,validation,matched_clean_llm,dedup-cluster-1e608c8c5860067de2774eaa,revision_v1_uuid_v4_008,llama3_8b_instruct_q4_k_m,nonseg_ascii_b8,uuid_v4,casual_neighborhood_chat
detector_pair__1dcde639f20f433938c3798b__ordinary_control,0,3.003650590471807e-06,textcnn,leave_one_model__mistral_7b_instruct_v0_3_q4_k_m,validation,matched_clean_llm,dedup-cluster-c85ea4286eb44389809ba8c7,revision_v1_uuid_v4_034,qwen2_5_7b_instruct_q4_k_m,nonseg_ascii_b8,uuid_v4,procedure_home_task
detector_pair__1dcde639f20f433938c3798b__rankcloak,1,0.9917961359024048,textcnn,leave_one_model__mistral_7b_instruct_v0_3_q4_k_m,validation,matched_clean_llm,dedup-cluster-c85ea4286eb44389809ba8c7,revision_v1_uuid_v4_034,qwen2_5_7b_instruct_q4_k_m,nonseg_ascii_b8,uuid_v4,procedure_home_task
detector_pair__1ea9c3e376b5d215901c8f08__ordinary_control,0,0.0002472079067956656,textcnn,leave_one_model__mistral_7b_instruct_v0_3_q4_k_m,validation,matched_clean_llm,dedup-cluster-0de80089e8762fad04cb9524,revision_v1_ed25519_signature_base64_046,llama3_8b_instruct_q4_k_m,direct_subword_calgacus,ed25519_signature_base64,explain_biological_process
detector_pair__1ea9c3e376b5d215901c8f08__rankcloak,1,0.9995012283325195,textcnn,leave_one_model__mistral_7b_instruct_v0_3_q4_k_m,validation,matched_clean_llm,dedup-cluster-0de80089e8762fad04cb9524,revision_v1_ed25519_signature_base64_046,llama3_8b_instruct_q4_k_m,direct_subword_calgacus,ed25519_signature_base64,explain_biological_process
detector_pair__1ec616433974960182a78cb2__ordinary_control,0,0.10452103614807129,textcnn,leave_one_model__mistral_7b_instruct_v0_3_q4_k_m,validation,matched_clean_llm,dedup-cluster-0401b1baba09fb1c1437ea35,revision_v1_nonce_96_bit_hex_011,qwen2_5_7b_instruct_q4_k_m,nonseg_ascii_b16,nonce_96_bit_hex,forum_purchase_advice
detector_pair__1ec616433974960182a78cb2__rankcloak,1,0.9999953508377075,textcnn,leave_one_model__mistral_7b_instruct_v0_3_q4_k_m,validation,matched_clean_llm,dedup-cluster-0401b1baba09fb1c1437ea35,revision_v1_nonce_96_bit_hex_011,qwen2_5_7b_instruct_q4_k_m,nonseg_ascii_b16,nonce_96_bit_hex,forum_purchase_advice
detector_pair__1ecb74d437f1ffd1ebc139d7__ordinary_control,0,0.008967935107648373,textcnn,leave_one_model__mistral_7b_instruct_v0_3_q4_k_m,validation,matched_clean_llm,dedup-cluster-a9a56840e2c7d4a59a486e62,revision_v1_nonce_96_bit_hex_025,llama3_8b_instruct_q4_k_m,segmented_hex_multi_topic,nonce_96_bit_hex,procedure_simple_meal
detector_pair__1ecb74d437f1ffd1ebc139d7__rankcloak,1,0.9653962254524231,textcnn,leave_one_model__mistral_7b_instruct_v0_3_q4_k_m,validation,matched_clean_llm,dedup-cluster-a9a56840e2c7d4a59a486e62,revision_v1_nonce_96_bit_hex_025,llama3_8b_instruct_q4_k_m,segmented_hex_multi_topic,nonce_96_bit_hex,procedure_simple_meal
detector_pair__1eda3a9a556b7a3c631fa7fc__ordinary_control,0,0.0004485304525587708,textcnn,leave_one_model__mistral_7b_instruct_v0_3_q4_k_m,validation,matched_clean_llm,dedup-cluster-d028afde8d3446e776f3bdbf,revision_v1_hmac_sha256_hex_013,llama3_8b_instruct_q4_k_m,direct_subword_calgacus,hmac_sha256_hex,forum_practical_answer
detector_pair__1eda3a9a556b7a3c631fa7fc__rankcloak,1,0.9993295669555664,textcnn,leave_one_model__mistral_7b_instruct_v0_3_q4_k_m,validation,matched_clean_llm,dedup-cluster-d028afde8d3446e776f3bdbf,revision_v1_hmac_sha256_hex_013,llama3_8b_instruct_q4_k_m,direct_subword_calgacus,hmac_sha256_hex,forum_practical_answer
detector_pair__2043220f8abee2ee7e45f6a6__ordinary_control,0,0.00019923610670957714,textcnn,leave_one_model__mistral_7b_instruct_v0_3_q4_k_m,validation,matched_clean_llm,dedup-cluster-8150a67016c09420f58d3140,revision_v1_sha256_hex_053,qwen2_5_7b_instruct_q4_k_m,segmented_hex_single_topic,sha256_hex,casual_weekend_chat
detector_pair__2043220f8abee2ee7e45f6a6__rankcloak,1,0.9999887943267822,textcnn,leave_one_model__mistral_7b_instruct_v0_3_q4_k_m,validation,matched_clean_llm,dedup-cluster-8150a67016c09420f58d3140,revision_v1_sha256_hex_053,qwen2_5_7b_instruct_q4_k_m,segmented_hex_single_topic,sha256_hex,casual_weekend_chat
detector_pair__204c04cd6ce0ec39ea6c12ab__ordinary_control,0,1.5356654330389574e-06,textcnn,leave_one_model__mistral_7b_instruct_v0_3_q4_k_m,validation,matched_clean_llm,dedup-cluster-3f1509f18c269716bcce76a3,revision_v1_aes256_gcm_base64_050,qwen2_5_7b_instruct_q4_k_m,direct_subword_calgacus,aes256_gcm_base64,forum_learning_answer
detector_pair__204c04cd6ce0ec39ea6c12ab__rankcloak,1,0.9998013377189636,textcnn,leave_one_model__mistral_7b_instruct_v0_3_q4_k_m,validation,matched_clean_llm,dedup-cluster-3f1509f18c269716bcce76a3,revision_v1_aes256_gcm_base64_050,qwen2_5_7b_instruct_q4_k_m,direct_subword_calgacus,aes256_gcm_base64,forum_learning_answer
detector_pair__209229a01da174742a10a250__ordinary_control,0,2.156265873054508e-05,textcnn,leave_one_model__mistral_7b_instruct_v0_3_q4_k_m,validation,matched_clean_llm,dedup-cluster-cc1d79c541da66daf8e9d81d,revision_v1_chacha20_poly1305_base64_040,llama3_8b_instruct_q4_k_m,direct_subword_calgacus,chacha20_poly1305_base64,narrative_small_discovery
detector_pair__209229a01da174742a10a250__rankcloak,1,0.9993487000465393,textcnn,leave_one_model__mistral_7b_instruct_v0_3_q4_k_m,validation,matched_clean_llm,dedup-cluster-cc1d79c541da66daf8e9d81d,revision_v1_chacha20_poly1305_base64_040,llama3_8b_instruct_q4_k_m,direct_subword_calgacus,chacha20_poly1305_base64,narrative_small_discovery
detector_pair__20c9b6d6db4834884998b0a7__ordinary_control,0,0.0004170250322204083,textcnn,leave_one_model__mistral_7b_instruct_v0_3_q4_k_m,validation,matched_clean_llm,dedup-cluster-4df1f95590c9f69533ae0634,revision_v1_nonce_96_bit_hex_027,qwen2_5_7b_instruct_q4_k_m,direct_subword_calgacus,nonce_96_bit_hex,casual_hobby_chat
detector_pair__20c9b6d6db4834884998b0a7__rankcloak,1,0.999994158744812,textcnn,leave_one_model__mistral_7b_instruct_v0_3_q4_k_m,validation,matched_clean_llm,dedup-cluster-4df1f95590c9f69533ae0634,revision_v1_nonce_96_bit_hex_027,qwen2_5_7b_instruct_q4_k_m,direct_subword_calgacus,nonce_96_bit_hex,casual_hobby_chat
detector_pair__20d8743b1c615817555d9d41__ordinary_control,0,0.009408033452928066,textcnn,leave_one_model__mistral_7b_instruct_v0_3_q4_k_m,validation,matched_clean_llm,dedup-cluster-23821a91b342f8bd757bd354,revision_v1_aes256_gcm_base64_009,qwen2_5_7b_instruct_q4_k_m,direct_subword_calgacus,aes256_gcm_base64,procedure_home_task
detector_pair__20d8743b1c615817555d9d41__rankcloak,1,0.9761146306991577,textcnn,leave_one_model__mistral_7b_instruct_v0_3_q4_k_m,validation,matched_clean_llm,dedup-cluster-23821a91b342f8bd757bd354,revision_v1_aes256_gcm_base64_009,qwen2_5_7b_instruct_q4_k_m,direct_subword_calgacus,aes256_gcm_base64,procedure_home_task
detector_pair__2128c33e65340a6cf8c00352__ordinary_control,0,0.00028900845791213214,textcnn,leave_one_model__mistral_7b_instruct_v0_3_q4_k_m,validation,matched_clean_llm,dedup-cluster-725b5797405341915f74ba63,revision_v1_token_128_bit_hex_006,llama3_8b_instruct_q4_k_m,segmented_hex_single_topic,token_128_bit_hex,procedure_home_task
detector_pair__2128c33e65340a6cf8c00352__rankcloak,1,0.9800998568534851,textcnn,leave_one_model__mistral_7b_instruct_v0_3_q4_k_m,validation,matched_clean_llm,dedup-cluster-725b5797405341915f74ba63,revision_v1_token_128_bit_hex_006,llama3_8b_instruct_q4_k_m,segmented_hex_single_topic,token_128_bit_hex,procedure_home_task
detector_pair__2138330e611d45d1ec717741__ordinary_control,0,0.002153358655050397,textcnn,leave_one_model__mistral_7b_instruct_v0_3_q4_k_m,validation,matched_clean_llm,dedup-cluster-d24ae4dc1ca2dcb4473005f9,revision_v1_hmac_sha256_hex_036,llama3_8b_instruct_q4_k_m,nonseg_ascii_b16,hmac_sha256_hex,professional_schedule_note
detector_pair__2138330e611d45d1ec717741__rankcloak,1,0.9999998807907104,textcnn,leave_one_model__mistral_7b_instruct_v0_3_q4_k_m,validation,matched_clean_llm,dedup-cluster-d24ae4dc1ca2dcb4473005f9,revision_v1_hmac_sha256_hex_036,llama3_8b_instruct_q4_k_m,nonseg_ascii_b16,hmac_sha256_hex,professional_schedule_note
detector_pair__213b38aab5ec02e36d910c88__ordinary_control,0,1.6356383639504202e-05,textcnn,leave_one_model__mistral_7b_instruct_v0_3_q4_k_m,validation,matched_clean_llm,dedup-cluster-d80c78b75330766130b70bf5,revision_v1_hmac_sha256_hex_030,llama3_8b_instruct_q4_k_m,nonseg_ascii_b16,hmac_sha256_hex,professional_project_update
detector_pair__213b38aab5ec02e36d910c88__rankcloak,1,0.9998703002929688,textcnn,leave_one_model__mistral_7b_instruct_v0_3_q4_k_m,validation,matched_clean_llm,dedup-cluster-d80c78b75330766130b70bf5,revision_v1_hmac_sha256_hex_030,llama3_8b_instruct_q4_k_m,nonseg_ascii_b16,hmac_sha256_hex,professional_project_update
detector_pair__21613caa2d8cb21cc19ccf79__ordinary_control,0,0.000485577795188874,textcnn,leave_one_model__mistral_7b_instruct_v0_3_q4_k_m,validation,matched_clean_llm,dedup-cluster-37d4a9d7e9509ca2f58035f8,revision_v1_hmac_sha256_hex_022,llama3_8b_instruct_q4_k_m,direct_subword_calgacus,hmac_sha256_hex,explain_everyday_system
detector_pair__21613caa2d8cb21cc19ccf79__rankcloak,1,0.960839569568634,textcnn,leave_one_model__mistral_7b_instruct_v0_3_q4_k_m,validation,matched_clean_llm,dedup-cluster-37d4a9d7e9509ca2f58035f8,revision_v1_hmac_sha256_hex_022,llama3_8b_instruct_q4_k_m,direct_subword_calgacus,hmac_sha256_hex,explain_everyday_system
detector_pair__22a28fcb174981aa9ec8f2ab__ordinary_control,0,2.523427247069776e-05,textcnn,leave_one_model__mistral_7b_instruct_v0_3_q4_k_m,validation,matched_clean_llm,dedup-cluster-a573a5d868303e7f802ba83e,revision_v1_chacha20_poly1305_base64_008,llama3_8b_instruct_q4_k_m,nonseg_ascii_b16,chacha20_poly1305_base64,forum_purchase_advice
detector_pair__22a28fcb174981aa9ec8f2ab__rankcloak,1,0.7514965534210205,textcnn,leave_one_model__mistral_7b_instruct_v0_3_q4_k_m,validation,matched_clean_llm,dedup-cluster-a573a5d868303e7f802ba83e,revision_v1_chacha20_poly1305_base64_008,llama3_8b_instruct_q4_k_m,nonseg_ascii_b16,chacha20_poly1305_base64,forum_purchase_advice
detector_pair__22a8ee0a1db5e74d28a383c8__ordinary_control,0,0.10894621908664703,textcnn,leave_one_model__mistral_7b_instruct_v0_3_q4_k_m,validation,matched_clean_llm,dedup-cluster-5c707906476e8093ab209bdf,revision_v1_ed25519_signature_base64_020,qwen2_5_7b_instruct_q4_k_m,nonseg_ascii_b16,ed25519_signature_base64,narrative_learning_moment
detector_pair__22a8ee0a1db5e74d28a383c8__rankcloak,1,0.9997331500053406,textcnn,leave_one_model__mistral_7b_instruct_v0_3_q4_k_m,validation,matched_clean_llm,dedup-cluster-5c707906476e8093ab209bdf,revision_v1_ed25519_signature_base64_020,qwen2_5_7b_instruct_q4_k_m,nonseg_ascii_b16,ed25519_signature_base64,narrative_learning_moment
detector_pair__22ca18fb4cfe8bc2d57c8024__ordinary_control,0,0.0003552853304427117,textcnn,leave_one_model__mistral_7b_instruct_v0_3_q4_k_m,validation,matched_clean_llm,dedup-cluster-0401b1baba09fb1c1437ea35,revision_v1_nonce_96_bit_hex_011,llama3_8b_instruct_q4_k_m,segmented_hex_multi_topic,nonce_96_bit_hex,professional_project_update
detector_pair__22ca18fb4cfe8bc2d57c8024__rankcloak,1,0.2586556077003479,textcnn,leave_one_model__mistral_7b_instruct_v0_3_q4_k_m,validation,matched_clean_llm,dedup-cluster-0401b1baba09fb1c1437ea35,revision_v1_nonce_96_bit_hex_011,llama3_8b_instruct_q4_k_m,segmented_hex_multi_topic,nonce_96_bit_hex,professional_project_update
detector_pair__22dad54d16314ebc2e8ce2e6__ordinary_control,0,0.006074691191315651,textcnn,leave_one_model__mistral_7b_instruct_v0_3_q4_k_m,validation,matched_clean_llm,dedup-cluster-4df1f95590c9f69533ae0634,revision_v1_nonce_96_bit_hex_027,llama3_8b_instruct_q4_k_m,segmented_hex_multi_topic,nonce_96_bit_hex,explain_weather_pattern
detector_pair__22dad54d16314ebc2e8ce2e6__rankcloak,1,0.9882518649101257,textcnn,leave_one_model__mistral_7b_instruct_v0_3_q4_k_m,validation,matched_clean_llm,dedup-cluster-4df1f95590c9f69533ae0634,revision_v1_nonce_96_bit_hex_027,llama3_8b_instruct_q4_k_m,segmented_hex_multi_topic,nonce_96_bit_hex,explain_weather_pattern
detector_pair__22ecb85a9ab499a876d28f84__ordinary_control,0,2.3688244255026802e-05,textcnn,leave_one_model__mistral_7b_instruct_v0_3_q4_k_m,validation,matched_clean_llm,dedup-cluster-895f397b7b83bd34e4862c58,revision_v1_chacha20_poly1305_base64_033,llama3_8b_instruct_q4_k_m,direct_subword_calgacus,chacha20_poly1305_base64,procedure_garden_task
detector_pair__22ecb85a9ab499a876d28f84__rankcloak,1,0.9761831164360046,textcnn,leave_one_model__mistral_7b_instruct_v0_3_q4_k_m,validation,matched_clean_llm,dedup-cluster-895f397b7b83bd34e4862c58,revision_v1_chacha20_poly1305_base64_033,llama3_8b_instruct_q4_k_m,direct_subword_calgacus,chacha20_poly1305_base64,procedure_garden_task
detector_pair__230c1d2a22a385bdb8ed0542__ordinary_control,0,0.0006258001667447388,textcnn,leave_one_model__mistral_7b_instruct_v0_3_q4_k_m,validation,matched_clean_llm,dedup-cluster-d24ae4dc1ca2dcb4473005f9,revision_v1_hmac_sha256_hex_036,qwen2_5_7b_instruct_q4_k_m,segmented_hex_single_topic,hmac_sha256_hex,forum_learning_answer
detector_pair__230c1d2a22a385bdb8ed0542__rankcloak,1,0.9999172687530518,textcnn,leave_one_model__mistral_7b_instruct_v0_3_q4_k_m,validation,matched_clean_llm,dedup-cluster-d24ae4dc1ca2dcb4473005f9,revision_v1_hmac_sha256_hex_036,qwen2_5_7b_instruct_q4_k_m,segmented_hex_single_topic,hmac_sha256_hex,forum_learning_answer
detector_pair__238d5d1cc4671d9981518a1e__ordinary_control,0,0.1926608681678772,textcnn,leave_one_model__mistral_7b_instruct_v0_3_q4_k_m,validation,matched_clean_llm,dedup-cluster-c588a294c6263bec1e8ad56d,revision_v1_token_128_bit_hex_054,qwen2_5_7b_instruct_q4_k_m,nonseg_ascii_b8,token_128_bit_hex,narrative_local_walk
detector_pair__238d5d1cc4671d9981518a1e__rankcloak,1,0.04714494198560715,textcnn,leave_one_model__mistral_7b_instruct_v0_3_q4_k_m,validation,matched_clean_llm,dedup-cluster-c588a294c6263bec1e8ad56d,revision_v1_token_128_bit_hex_054,qwen2_5_7b_instruct_q4_k_m,nonseg_ascii_b8,token_128_bit_hex,narrative_local_walk
detector_pair__239fa5584e5d8a4c7df300ec__ordinary_control,0,0.0005076391971670091,textcnn,leave_one_model__mistral_7b_instruct_v0_3_q4_k_m,validation,matched_clean_llm,dedup-cluster-c588a294c6263bec1e8ad56d,revision_v1_token_128_bit_hex_054,llama3_8b_instruct_q4_k_m,nonseg_ascii_b16,token_128_bit_hex,procedure_simple_meal
detector_pair__239fa5584e5d8a4c7df300ec__rankcloak,1,0.9934890270233154,textcnn,leave_one_model__mistral_7b_instruct_v0_3_q4_k_m,validation,matched_clean_llm,dedup-cluster-c588a294c6263bec1e8ad56d,revision_v1_token_128_bit_hex_054,llama3_8b_instruct_q4_k_m,nonseg_ascii_b16,token_128_bit_hex,procedure_simple_meal
detector_pair__23aa479d9d53f171fdbb3627__ordinary_control,0,1.987808389003476e-07,textcnn,leave_one_model__mistral_7b_instruct_v0_3_q4_k_m,validation,matched_clean_llm,dedup-cluster-6011fbb5ee1115e93ddfe3e1,revision_v1_chacha20_poly1305_base64_047,llama3_8b_instruct_q4_k_m,nonseg_ascii_b16,chacha20_poly1305_base64,explain_everyday_system
detector_pair__23aa479d9d53f171fdbb3627__rankcloak,1,0.9997771382331848,textcnn,leave_one_model__mistral_7b_instruct_v0_3_q4_k_m,validation,matched_clean_llm,dedup-cluster-6011fbb5ee1115e93ddfe3e1,revision_v1_chacha20_poly1305_base64_047,llama3_8b_instruct_q4_k_m,nonseg_ascii_b16,chacha20_poly1305_base64,explain_everyday_system
detector_pair__240f6f5ae7d6fb6732952b20__ordinary_control,0,0.29251134395599365,textcnn,leave_one_model__mistral_7b_instruct_v0_3_q4_k_m,validation,matched_clean_llm,dedup-cluster-4c7d81d9bc771045be64324c,revision_v1_nonce_96_bit_hex_001,llama3_8b_instruct_q4_k_m,segmented_hex_single_topic,nonce_96_bit_hex,procedure_garden_task
detector_pair__240f6f5ae7d6fb6732952b20__rankcloak,1,0.1379803866147995,textcnn,leave_one_model__mistral_7b_instruct_v0_3_q4_k_m,validation,matched_clean_llm,dedup-cluster-4c7d81d9bc771045be64324c,revision_v1_nonce_96_bit_hex_001,llama3_8b_instruct_q4_k_m,segmented_hex_single_topic,nonce_96_bit_hex,procedure_garden_task
detector_pair__24d39f2afab3b6bb25b0b875__ordinary_control,0,0.0013588835718110204,textcnn,leave_one_model__mistral_7b_instruct_v0_3_q4_k_m,validation,matched_clean_llm,dedup-cluster-4c7d81d9bc771045be64324c,revision_v1_nonce_96_bit_hex_001,qwen2_5_7b_instruct_q4_k_m,direct_subword_calgacus,nonce_96_bit_hex,narrative_small_discovery
detector_pair__24d39f2afab3b6bb25b0b875__rankcloak,1,0.9434586763381958,textcnn,leave_one_model__mistral_7b_instruct_v0_3_q4_k_m,validation,matched_clean_llm,dedup-cluster-4c7d81d9bc771045be64324c,revision_v1_nonce_96_bit_hex_001,qwen2_5_7b_instruct_q4_k_m,direct_subword_calgacus,nonce_96_bit_hex,narrative_small_discovery
detector_pair__254bf3907fc3c72fda607405__ordinary_control,0,0.00037539066397584975,textcnn,leave_one_model__mistral_7b_instruct_v0_3_q4_k_m,validation,matched_clean_llm,dedup-cluster-1658921bbd26cede8f32a38a,revision_v1_ed25519_signature_base64_033,llama3_8b_instruct_q4_k_m,nonseg_ascii_b8,ed25519_signature_base64,narrative_small_discovery
detector_pair__254bf3907fc3c72fda607405__rankcloak,1,0.9130368232727051,textcnn,leave_one_model__mistral_7b_instruct_v0_3_q4_k_m,validation,matched_clean_llm,dedup-cluster-1658921bbd26cede8f32a38a,revision_v1_ed25519_signature_base64_033,llama3_8b_instruct_q4_k_m,nonseg_ascii_b8,ed25519_signature_base64,narrative_small_discovery
detector_pair__258bbec6b4b733dee4ca8d9d__ordinary_control,0,0.011564208194613457,textcnn,leave_one_model__mistral_7b_instruct_v0_3_q4_k_m,validation,matched_clean_llm,dedup-cluster-e39d52527261844e25cbad0b,revision_v1_uuid_v4_006,qwen2_5_7b_instruct_q4_k_m,nonseg_ascii_b16,uuid_v4,explain_weather_pattern
detector_pair__258bbec6b4b733dee4ca8d9d__rankcloak,1,0.14803500473499298,textcnn,leave_one_model__mistral_7b_instruct_v0_3_q4_k_m,validation,matched_clean_llm,dedup-cluster-e39d52527261844e25cbad0b,revision_v1_uuid_v4_006,qwen2_5_7b_instruct_q4_k_m,nonseg_ascii_b16,uuid_v4,explain_weather_pattern
detector_pair__2597a9c4d12eba1122dad4cf__ordinary_control,0,0.00029633400845341384,textcnn,leave_one_model__mistral_7b_instruct_v0_3_q4_k_m,validation,matched_clean_llm,dedup-cluster-6ace02c4c66fff411127a281,revision_v1_token_128_bit_hex_012,llama3_8b_instruct_q4_k_m,nonseg_ascii_b16,token_128_bit_hex,procedure_garden_task
detector_pair__2597a9c4d12eba1122dad4cf__rankcloak,1,0.4497460722923279,textcnn,leave_one_model__mistral_7b_instruct_v0_3_q4_k_m,validation,matched_clean_llm,dedup-cluster-6ace02c4c66fff411127a281,revision_v1_token_128_bit_hex_012,llama3_8b_instruct_q4_k_m,nonseg_ascii_b16,token_128_bit_hex,procedure_garden_task
detector_pair__26735cb5d122341d85c2f0ea__ordinary_control,0,0.0015738335205242038,textcnn,leave_one_model__mistral_7b_instruct_v0_3_q4_k_m,validation,matched_clean_llm,dedup-cluster-298834ce3caac8f77b13ddc3,revision_v1_aes256_gcm_base64_031,llama3_8b_instruct_q4_k_m,nonseg_ascii_b16,aes256_gcm_base64,casual_hobby_chat
detector_pair__26735cb5d122341d85c2f0ea__rankcloak,1,0.9996504783630371,textcnn,leave_one_model__mistral_7b_instruct_v0_3_q4_k_m,validation,matched_clean_llm,dedup-cluster-298834ce3caac8f77b13ddc3,revision_v1_aes256_gcm_base64_031,llama3_8b_instruct_q4_k_m,nonseg_ascii_b16,aes256_gcm_base64,casual_hobby_chat
detector_pair__26a9fd6e8cfd82ed5b7c11e0__ordinary_control,0,0.03733018413186073,textcnn,leave_one_model__mistral_7b_instruct_v0_3_q4_k_m,validation,matched_clean_llm,dedup-cluster-d028afde8d3446e776f3bdbf,revision_v1_hmac_sha256_hex_013,llama3_8b_instruct_q4_k_m,nonseg_ascii_b16,hmac_sha256_hex,forum_practical_answer
detector_pair__26a9fd6e8cfd82ed5b7c11e0__rankcloak,1,0.9611029028892517,textcnn,leave_one_model__mistral_7b_instruct_v0_3_q4_k_m,validation,matched_clean_llm,dedup-cluster-d028afde8d3446e776f3bdbf,revision_v1_hmac_sha256_hex_013,llama3_8b_instruct_q4_k_m,nonseg_ascii_b16,hmac_sha256_hex,forum_practical_answer
detector_pair__274472dcae94aee6a72b7ddc__ordinary_control,0,0.9355980753898621,textcnn,leave_one_model__mistral_7b_instruct_v0_3_q4_k_m,validation,matched_clean_llm,dedup-cluster-37d4a9d7e9509ca2f58035f8,revision_v1_hmac_sha256_hex_022,qwen2_5_7b_instruct_q4_k_m,nonseg_hex_nibble_b16,hmac_sha256_hex,casual_neighborhood_chat
detector_pair__274472dcae94aee6a72b7ddc__rankcloak,1,0.9999945163726807,textcnn,leave_one_model__mistral_7b_instruct_v0_3_q4_k_m,validation,matched_clean_llm,dedup-cluster-37d4a9d7e9509ca2f58035f8,revision_v1_hmac_sha256_hex_022,qwen2_5_7b_instruct_q4_k_m,nonseg_hex_nibble_b16,hmac_sha256_hex,casual_neighborhood_chat
detector_pair__275ae4ec9083b13308086e72__ordinary_control,0,0.00812891498208046,textcnn,leave_one_model__mistral_7b_instruct_v0_3_q4_k_m,validation,matched_clean_llm,dedup-cluster-4f6ab2ce0956867e1b0b1bad,revision_v1_hmac_sha256_hex_043,llama3_8b_instruct_q4_k_m,segmented_hex_single_topic,hmac_sha256_hex,forum_learning_answer
detector_pair__275ae4ec9083b13308086e72__rankcloak,1,0.9863421320915222,textcnn,leave_one_model__mistral_7b_instruct_v0_3_q4_k_m,validation,matched_clean_llm,dedup-cluster-4f6ab2ce0956867e1b0b1bad,revision_v1_hmac_sha256_hex_043,llama3_8b_instruct_q4_k_m,segmented_hex_single_topic,hmac_sha256_hex,forum_learning_answer
detector_pair__276cebdee0e9a83ad3dfe198__ordinary_control,0,7.217006350401789e-05,textcnn,leave_one_model__mistral_7b_instruct_v0_3_q4_k_m,validation,matched_clean_llm,dedup-cluster-c588a294c6263bec1e8ad56d,revision_v1_token_128_bit_hex_054,qwen2_5_7b_instruct_q4_k_m,segmented_hex_multi_topic,token_128_bit_hex,narrative_local_walk
detector_pair__276cebdee0e9a83ad3dfe198__rankcloak,1,0.9846218824386597,textcnn,leave_one_model__mistral_7b_instruct_v0_3_q4_k_m,validation,matched_clean_llm,dedup-cluster-c588a294c6263bec1e8ad56d,revision_v1_token_128_bit_hex_054,qwen2_5_7b_instruct_q4_k_m,segmented_hex_multi_topic,token_128_bit_hex,narrative_local_walk
detector_pair__277d4a6fbdf9b9778d557f64__ordinary_control,0,0.001051990082487464,textcnn,leave_one_model__mistral_7b_instruct_v0_3_q4_k_m,validation,matched_clean_llm,dedup-cluster-e303bfe023e32c25389ebaf9,revision_v1_token_128_bit_hex_057,llama3_8b_instruct_q4_k_m,segmented_hex_single_topic,token_128_bit_hex,casual_weekend_chat
detector_pair__277d4a6fbdf9b9778d557f64__rankcloak,1,0.997761607170105,textcnn,leave_one_model__mistral_7b_instruct_v0_3_q4_k_m,validation,matched_clean_llm,dedup-cluster-e303bfe023e32c25389ebaf9,revision_v1_token_128_bit_hex_057,llama3_8b_instruct_q4_k_m,segmented_hex_single_topic,token_128_bit_hex,casual_weekend_chat
detector_pair__27dd9f09d85006970770a6ed__ordinary_control,0,0.0011071236804127693,textcnn,leave_one_model__mistral_7b_instruct_v0_3_q4_k_m,validation,matched_clean_llm,dedup-cluster-064db5ffad9ed683b6e0fdbd,revision_v1_sha256_hex_035,llama3_8b_instruct_q4_k_m,segmented_hex_multi_topic,sha256_hex,explain_biological_process
detector_pair__27dd9f09d85006970770a6ed__rankcloak,1,0.8760494589805603,textcnn,leave_one_model__mistral_7b_instruct_v0_3_q4_k_m,validation,matched_clean_llm,dedup-cluster-064db5ffad9ed683b6e0fdbd,revision_v1_sha256_hex_035,llama3_8b_instruct_q4_k_m,segmented_hex_multi_topic,sha256_hex,explain_biological_process
detector_pair__27fc3a69d1d8aa4fb9ba3a29__ordinary_control,0,0.021614626049995422,textcnn,leave_one_model__mistral_7b_instruct_v0_3_q4_k_m,validation,matched_clean_llm,dedup-cluster-4f6ab2ce0956867e1b0b1bad,revision_v1_hmac_sha256_hex_043,qwen2_5_7b_instruct_q4_k_m,nonseg_ascii_b16,hmac_sha256_hex,procedure_simple_meal
detector_pair__27fc3a69d1d8aa4fb9ba3a29__rankcloak,1,0.9982519745826721,textcnn,leave_one_model__mistral_7b_instruct_v0_3_q4_k_m,validation,matched_clean_llm,dedup-cluster-4f6ab2ce0956867e1b0b1bad,revision_v1_hmac_sha256_hex_043,qwen2_5_7b_instruct_q4_k_m,nonseg_ascii_b16,hmac_sha256_hex,procedure_simple_meal
detector_pair__28156cf151cf26584ad0da18__ordinary_control,0,0.012245566584169865,textcnn,leave_one_model__mistral_7b_instruct_v0_3_q4_k_m,validation,matched_clean_llm,dedup-cluster-1d730332b470450b93b8b767,revision_v1_hmac_sha256_hex_006,llama3_8b_instruct_q4_k_m,segmented_hex_single_topic,hmac_sha256_hex,professional_process_email
detector_pair__28156cf151cf26584ad0da18__rankcloak,1,0.9999988079071045,textcnn,leave_one_model__mistral_7b_instruct_v0_3_q4_k_m,validation,matched_clean_llm,dedup-cluster-1d730332b470450b93b8b767,revision_v1_hmac_sha256_hex_006,llama3_8b_instruct_q4_k_m,segmented_hex_single_topic,hmac_sha256_hex,professional_process_email
detector_pair__2816bd20372bfdf068ad64d5__ordinary_control,0,0.5427902340888977,textcnn,leave_one_model__mistral_7b_instruct_v0_3_q4_k_m,validation,matched_clean_llm,dedup-cluster-a9a56840e2c7d4a59a486e62,revision_v1_nonce_96_bit_hex_025,llama3_8b_instruct_q4_k_m,nonseg_ascii_b16,nonce_96_bit_hex,procedure_simple_meal
detector_pair__2816bd20372bfdf068ad64d5__rankcloak,1,0.330443799495697,textcnn,leave_one_model__mistral_7b_instruct_v0_3_q4_k_m,validation,matched_clean_llm,dedup-cluster-a9a56840e2c7d4a59a486e62,revision_v1_nonce_96_bit_hex_025,llama3_8b_instruct_q4_k_m,nonseg_ascii_b16,nonce_96_bit_hex,procedure_simple_meal
detector_pair__28556dfd05abe1d754287c51__ordinary_control,0,1.0795144589792471e-05,textcnn,leave_one_model__mistral_7b_instruct_v0_3_q4_k_m,validation,matched_clean_llm,dedup-cluster-40f1050b751f94d4062ce3bb,revision_v1_aes256_gcm_base64_032,qwen2_5_7b_instruct_q4_k_m,direct_subword_calgacus,aes256_gcm_base64,forum_learning_answer
detector_pair__28556dfd05abe1d754287c51__rankcloak,1,0.9350059628486633,textcnn,leave_one_model__mistral_7b_instruct_v0_3_q4_k_m,validation,matched_clean_llm,dedup-cluster-40f1050b751f94d4062ce3bb,revision_v1_aes256_gcm_base64_032,qwen2_5_7b_instruct_q4_k_m,direct_subword_calgacus,aes256_gcm_base64,forum_learning_answer
detector_pair__289f7c4296f2274dad749747__ordinary_control,0,1.9178143702447414e-05,textcnn,leave_one_model__mistral_7b_instruct_v0_3_q4_k_m,validation,matched_clean_llm,dedup-cluster-32ad4bf593b222d70a8ca962,revision_v1_hmac_sha256_hex_053,llama3_8b_instruct_q4_k_m,segmented_hex_single_topic,hmac_sha256_hex,casual_weekend_chat
detector_pair__289f7c4296f2274dad749747__rankcloak,1,0.9983006119728088,textcnn,leave_one_model__mistral_7b_instruct_v0_3_q4_k_m,validation,matched_clean_llm,dedup-cluster-32ad4bf593b222d70a8ca962,revision_v1_hmac_sha256_hex_053,llama3_8b_instruct_q4_k_m,segmented_hex_single_topic,hmac_sha256_hex,casual_weekend_chat
detector_pair__29006251d4964503bc7d6161__ordinary_control,0,3.6321423522167606e-06,textcnn,leave_one_model__mistral_7b_instruct_v0_3_q4_k_m,validation,matched_clean_llm,dedup-cluster-6ace02c4c66fff411127a281,revision_v1_token_128_bit_hex_012,llama3_8b_instruct_q4_k_m,nonseg_hex_nibble_b16,token_128_bit_hex,procedure_garden_task
detector_pair__29006251d4964503bc7d6161__rankcloak,1,0.8205720782279968,textcnn,leave_one_model__mistral_7b_instruct_v0_3_q4_k_m,validation,matched_clean_llm,dedup-cluster-6ace02c4c66fff411127a281,revision_v1_token_128_bit_hex_012,llama3_8b_instruct_q4_k_m,nonseg_hex_nibble_b16,token_128_bit_hex,procedure_garden_task
detector_pair__2952c228cd2bf29a5a80ba7c__ordinary_control,0,0.00022300284763332456,textcnn,leave_one_model__mistral_7b_instruct_v0_3_q4_k_m,validation,matched_clean_llm,dedup-cluster-32ad4bf593b222d70a8ca962,revision_v1_hmac_sha256_hex_053,qwen2_5_7b_instruct_q4_k_m,nonseg_ascii_b16,hmac_sha256_hex,professional_schedule_note
detector_pair__2952c228cd2bf29a5a80ba7c__rankcloak,1,0.9915871620178223,textcnn,leave_one_model__mistral_7b_instruct_v0_3_q4_k_m,validation,matched_clean_llm,dedup-cluster-32ad4bf593b222d70a8ca962,revision_v1_hmac_sha256_hex_053,qwen2_5_7b_instruct_q4_k_m,nonseg_ascii_b16,hmac_sha256_hex,professional_schedule_note
detector_pair__29531f7d713d022b2de326c7__ordinary_control,0,0.00017389398999512196,textcnn,leave_one_model__mistral_7b_instruct_v0_3_q4_k_m,validation,matched_clean_llm,dedup-cluster-bc86fac7c4db3068f8c80ad3,revision_v1_chacha20_poly1305_base64_048,llama3_8b_instruct_q4_k_m,nonseg_ascii_b16,chacha20_poly1305_base64,casual_neighborhood_chat
detector_pair__29531f7d713d022b2de326c7__rankcloak,1,0.9999527931213379,textcnn,leave_one_model__mistral_7b_instruct_v0_3_q4_k_m,validation,matched_clean_llm,dedup-cluster-bc86fac7c4db3068f8c80ad3,revision_v1_chacha20_poly1305_base64_048,llama3_8b_instruct_q4_k_m,nonseg_ascii_b16,chacha20_poly1305_base64,casual_neighborhood_chat
detector_pair__2a1f6ffb3ec60345eab5dee9__ordinary_control,0,0.003275044495239854,textcnn,leave_one_model__mistral_7b_instruct_v0_3_q4_k_m,validation,matched_clean_llm,dedup-cluster-7b810f2afbcabc7ee462bff7,revision_v1_nonce_96_bit_hex_023,qwen2_5_7b_instruct_q4_k_m,segmented_hex_single_topic,nonce_96_bit_hex,forum_practical_answer
detector_pair__2a1f6ffb3ec60345eab5dee9__rankcloak,1,0.9535240530967712,textcnn,leave_one_model__mistral_7b_instruct_v0_3_q4_k_m,validation,matched_clean_llm,dedup-cluster-7b810f2afbcabc7ee462bff7,revision_v1_nonce_96_bit_hex_023,qwen2_5_7b_instruct_q4_k_m,segmented_hex_single_topic,nonce_96_bit_hex,forum_practical_answer
detector_pair__2a4cf51e733bd99171209f31__ordinary_control,0,5.343091834220104e-05,textcnn,leave_one_model__mistral_7b_instruct_v0_3_q4_k_m,validation,matched_clean_llm,dedup-cluster-4f6ab2ce0956867e1b0b1bad,revision_v1_hmac_sha256_hex_043,qwen2_5_7b_instruct_q4_k_m,direct_subword_calgacus,hmac_sha256_hex,procedure_simple_meal
detector_pair__2a4cf51e733bd99171209f31__rankcloak,1,0.9999738931655884,textcnn,leave_one_model__mistral_7b_instruct_v0_3_q4_k_m,validation,matched_clean_llm,dedup-cluster-4f6ab2ce0956867e1b0b1bad,revision_v1_hmac_sha256_hex_043,qwen2_5_7b_instruct_q4_k_m,direct_subword_calgacus,hmac_sha256_hex,procedure_simple_meal
detector_pair__2bcb75dad8198812cb6150c0__ordinary_control,0,4.8907153541222215e-05,textcnn,leave_one_model__mistral_7b_instruct_v0_3_q4_k_m,validation,matched_clean_llm,dedup-cluster-725b5797405341915f74ba63,revision_v1_token_128_bit_hex_006,qwen2_5_7b_instruct_q4_k_m,segmented_hex_multi_topic,token_128_bit_hex,narrative_learning_moment
detector_pair__2bcb75dad8198812cb6150c0__rankcloak,1,0.9810133576393127,textcnn,leave_one_model__mistral_7b_instruct_v0_3_q4_k_m,validation,matched_clean_llm,dedup-cluster-725b5797405341915f74ba63,revision_v1_token_128_bit_hex_006,qwen2_5_7b_instruct_q4_k_m,segmented_hex_multi_topic,token_128_bit_hex,narrative_learning_moment
detector_pair__2c16eb95055087abd9c1e7bb__ordinary_control,0,0.006544217467308044,textcnn,leave_one_model__mistral_7b_instruct_v0_3_q4_k_m,validation,matched_clean_llm,dedup-cluster-37d4a9d7e9509ca2f58035f8,revision_v1_hmac_sha256_hex_022,qwen2_5_7b_instruct_q4_k_m,segmented_hex_single_topic,hmac_sha256_hex,casual_neighborhood_chat
detector_pair__2c16eb95055087abd9c1e7bb__rankcloak,1,0.9999971389770508,textcnn,leave_one_model__mistral_7b_instruct_v0_3_q4_k_m,validation,matched_clean_llm,dedup-cluster-37d4a9d7e9509ca2f58035f8,revision_v1_hmac_sha256_hex_022,qwen2_5_7b_instruct_q4_k_m,segmented_hex_single_topic,hmac_sha256_hex,casual_neighborhood_chat
detector_pair__2c2d536e926c573095011eee__ordinary_control,0,0.0059221466071903706,textcnn,leave_one_model__mistral_7b_instruct_v0_3_q4_k_m,validation,matched_clean_llm,dedup-cluster-d24ae4dc1ca2dcb4473005f9,revision_v1_hmac_sha256_hex_036,llama3_8b_instruct_q4_k_m,nonseg_hex_nibble_b16,hmac_sha256_hex,professional_schedule_note
detector_pair__2c2d536e926c573095011eee__rankcloak,1,0.994897186756134,textcnn,leave_one_model__mistral_7b_instruct_v0_3_q4_k_m,validation,matched_clean_llm,dedup-cluster-d24ae4dc1ca2dcb4473005f9,revision_v1_hmac_sha256_hex_036,llama3_8b_instruct_q4_k_m,nonseg_hex_nibble_b16,hmac_sha256_hex,professional_schedule_note
detector_pair__2c374f7d7f4daca22748d9c2__ordinary_control,0,0.0010679649421945214,textcnn,leave_one_model__mistral_7b_instruct_v0_3_q4_k_m,validation,matched_clean_llm,dedup-cluster-c1384975805483ef72db522a,revision_v1_uuid_v4_047,qwen2_5_7b_instruct_q4_k_m,direct_subword_calgacus,uuid_v4,narrative_small_discovery
detector_pair__2c374f7d7f4daca22748d9c2__rankcloak,1,0.5937492251396179,textcnn,leave_one_model__mistral_7b_instruct_v0_3_q4_k_m,validation,matched_clean_llm,dedup-cluster-c1384975805483ef72db522a,revision_v1_uuid_v4_047,qwen2_5_7b_instruct_q4_k_m,direct_subword_calgacus,uuid_v4,narrative_small_discovery
detector_pair__2cbad0e429433e09e8fd3db3__ordinary_control,0,0.00017080485122278333,textcnn,leave_one_model__mistral_7b_instruct_v0_3_q4_k_m,validation,matched_clean_llm,dedup-cluster-4f6ab2ce0956867e1b0b1bad,revision_v1_hmac_sha256_hex_043,qwen2_5_7b_instruct_q4_k_m,nonseg_hex_nibble_b16,hmac_sha256_hex,procedure_simple_meal
detector_pair__2cbad0e429433e09e8fd3db3__rankcloak,1,0.9999412298202515,textcnn,leave_one_model__mistral_7b_instruct_v0_3_q4_k_m,validation,matched_clean_llm,dedup-cluster-4f6ab2ce0956867e1b0b1bad,revision_v1_hmac_sha256_hex_043,qwen2_5_7b_instruct_q4_k_m,nonseg_hex_nibble_b16,hmac_sha256_hex,procedure_simple_meal
detector_pair__2db6549ed29ab489d3a5cf10__ordinary_control,0,2.5077382815652527e-05,textcnn,leave_one_model__mistral_7b_instruct_v0_3_q4_k_m,validation,matched_clean_llm,dedup-cluster-0eb47bf23cdaa7b54a0335a2,revision_v1_token_128_bit_hex_055,llama3_8b_instruct_q4_k_m,segmented_hex_multi_topic,token_128_bit_hex,narrative_small_discovery
detector_pair__2db6549ed29ab489d3a5cf10__rankcloak,1,0.1286405771970749,textcnn,leave_one_model__mistral_7b_instruct_v0_3_q4_k_m,validation,matched_clean_llm,dedup-cluster-0eb47bf23cdaa7b54a0335a2,revision_v1_token_128_bit_hex_055,llama3_8b_instruct_q4_k_m,segmented_hex_multi_topic,token_128_bit_hex,narrative_small_discovery
detector_pair__2ddf3bc9d8811643df64bb74__ordinary_control,0,0.234032541513443,textcnn,leave_one_model__mistral_7b_instruct_v0_3_q4_k_m,validation,matched_clean_llm,dedup-cluster-a48caa544001e5d183a57eea,revision_v1_nonce_96_bit_hex_049,llama3_8b_instruct_q4_k_m,segmented_hex_multi_topic,nonce_96_bit_hex,procedure_home_task
detector_pair__2ddf3bc9d8811643df64bb74__rankcloak,1,0.02946302480995655,textcnn,leave_one_model__mistral_7b_instruct_v0_3_q4_k_m,validation,matched_clean_llm,dedup-cluster-a48caa544001e5d183a57eea,revision_v1_nonce_96_bit_hex_049,llama3_8b_instruct_q4_k_m,segmented_hex_multi_topic,nonce_96_bit_hex,procedure_home_task
detector_pair__2e533d27f4f595c9bdd5991e__ordinary_control,0,0.021441197022795677,textcnn,leave_one_model__mistral_7b_instruct_v0_3_q4_k_m,validation,matched_clean_llm,dedup-cluster-a48caa544001e5d183a57eea,revision_v1_nonce_96_bit_hex_049,qwen2_5_7b_instruct_q4_k_m,nonseg_ascii_b16,nonce_96_bit_hex,narrative_learning_moment
detector_pair__2e533d27f4f595c9bdd5991e__rankcloak,1,0.9710869193077087,textcnn,leave_one_model__mistral_7b_instruct_v0_3_q4_k_m,validation,matched_clean_llm,dedup-cluster-a48caa544001e5d183a57eea,revision_v1_nonce_96_bit_hex_049,qwen2_5_7b_instruct_q4_k_m,nonseg_ascii_b16,nonce_96_bit_hex,narrative_learning_moment
detector_pair__2e853a874694e2b90f796420__ordinary_control,0,0.00827589351683855,textcnn,leave_one_model__mistral_7b_instruct_v0_3_q4_k_m,validation,matched_clean_llm,dedup-cluster-6ace02c4c66fff411127a281,revision_v1_token_128_bit_hex_012,llama3_8b_instruct_q4_k_m,segmented_hex_multi_topic,token_128_bit_hex,procedure_garden_task
detector_pair__2e853a874694e2b90f796420__rankcloak,1,0.684208869934082,textcnn,leave_one_model__mistral_7b_instruct_v0_3_q4_k_m,validation,matched_clean_llm,dedup-cluster-6ace02c4c66fff411127a281,revision_v1_token_128_bit_hex_012,llama3_8b_instruct_q4_k_m,segmented_hex_multi_topic,token_128_bit_hex,procedure_garden_task
detector_pair__2ebefee07e357a05ae5fd9d8__ordinary_control,0,0.0259719118475914,textcnn,leave_one_model__mistral_7b_instruct_v0_3_q4_k_m,validation,matched_clean_llm,dedup-cluster-00eccca339b70a566fc600ea,revision_v1_ed25519_signature_base64_041,qwen2_5_7b_instruct_q4_k_m,direct_subword_calgacus,ed25519_signature_base64,professional_process_email
detector_pair__2ebefee07e357a05ae5fd9d8__rankcloak,1,0.9999966621398926,textcnn,leave_one_model__mistral_7b_instruct_v0_3_q4_k_m,validation,matched_clean_llm,dedup-cluster-00eccca339b70a566fc600ea,revision_v1_ed25519_signature_base64_041,qwen2_5_7b_instruct_q4_k_m,direct_subword_calgacus,ed25519_signature_base64,professional_process_email
detector_pair__2ec04ca25e6221c2c3866849__ordinary_control,0,0.00027308615972287953,textcnn,leave_one_model__mistral_7b_instruct_v0_3_q4_k_m,validation,matched_clean_llm,dedup-cluster-48d7da6cd06bde46d05aad3f,revision_v1_sha256_hex_056,llama3_8b_instruct_q4_k_m,segmented_hex_multi_topic,sha256_hex,forum_practical_answer
detector_pair__2ec04ca25e6221c2c3866849__rankcloak,1,0.9996591806411743,textcnn,leave_one_model__mistral_7b_instruct_v0_3_q4_k_m,validation,matched_clean_llm,dedup-cluster-48d7da6cd06bde46d05aad3f,revision_v1_sha256_hex_056,llama3_8b_instruct_q4_k_m,segmented_hex_multi_topic,sha256_hex,forum_practical_answer
detector_pair__2ed06b1e258cc470bd79f104__ordinary_control,0,0.014960558153688908,textcnn,leave_one_model__mistral_7b_instruct_v0_3_q4_k_m,validation,matched_clean_llm,dedup-cluster-0eb47bf23cdaa7b54a0335a2,revision_v1_token_128_bit_hex_055,qwen2_5_7b_instruct_q4_k_m,direct_subword_calgacus,token_128_bit_hex,explain_everyday_system
detector_pair__2ed06b1e258cc470bd79f104__rankcloak,1,0.9870026111602783,textcnn,leave_one_model__mistral_7b_instruct_v0_3_q4_k_m,validation,matched_clean_llm,dedup-cluster-0eb47bf23cdaa7b54a0335a2,revision_v1_token_128_bit_hex_055,qwen2_5_7b_instruct_q4_k_m,direct_subword_calgacus,token_128_bit_hex,explain_everyday_system
detector_pair__2eee1888c03dab3379e6cae0__ordinary_control,0,0.00402238080278039,textcnn,leave_one_model__mistral_7b_instruct_v0_3_q4_k_m,validation,matched_clean_llm,dedup-cluster-6d140bf45feadd3404291e51,revision_v1_uuid_v4_049,qwen2_5_7b_instruct_q4_k_m,nonseg_ascii_b8,uuid_v4,casual_hobby_chat
detector_pair__2eee1888c03dab3379e6cae0__rankcloak,1,0.9998949766159058,textcnn,leave_one_model__mistral_7b_instruct_v0_3_q4_k_m,validation,matched_clean_llm,dedup-cluster-6d140bf45feadd3404291e51,revision_v1_uuid_v4_049,qwen2_5_7b_instruct_q4_k_m,nonseg_ascii_b8,uuid_v4,casual_hobby_chat
detector_pair__2f4b785db9d91ba07c471987__ordinary_control,0,0.00010439394827699289,textcnn,leave_one_model__mistral_7b_instruct_v0_3_q4_k_m,validation,matched_clean_llm,dedup-cluster-dcb1b73d5ccfd69dfe23f428,revision_v1_ed25519_signature_base64_000,qwen2_5_7b_instruct_q4_k_m,direct_subword_calgacus,ed25519_signature_base64,forum_learning_answer
detector_pair__2f4b785db9d91ba07c471987__rankcloak,1,1.0,textcnn,leave_one_model__mistral_7b_instruct_v0_3_q4_k_m,validation,matched_clean_llm,dedup-cluster-dcb1b73d5ccfd69dfe23f428,revision_v1_ed25519_signature_base64_000,qwen2_5_7b_instruct_q4_k_m,direct_subword_calgacus,ed25519_signature_base64,forum_learning_answer
detector_pair__2f8a8b308996c26af29cf8df__ordinary_control,0,0.00419956911355257,textcnn,leave_one_model__mistral_7b_instruct_v0_3_q4_k_m,validation,matched_clean_llm,dedup-cluster-cb374f9ca23dfd168fe55742,revision_v1_hmac_sha256_hex_055,qwen2_5_7b_instruct_q4_k_m,nonseg_ascii_b8,hmac_sha256_hex,procedure_garden_task
detector_pair__2f8a8b308996c26af29cf8df__rankcloak,1,0.9995884299278259,textcnn,leave_one_model__mistral_7b_instruct_v0_3_q4_k_m,validation,matched_clean_llm,dedup-cluster-cb374f9ca23dfd168fe55742,revision_v1_hmac_sha256_hex_055,qwen2_5_7b_instruct_q4_k_m,nonseg_ascii_b8,hmac_sha256_hex,procedure_garden_task
detector_pair__2f9f377b277297bc3473f209__ordinary_control,0,0.0028433003462851048,textcnn,leave_one_model__mistral_7b_instruct_v0_3_q4_k_m,validation,matched_clean_llm,dedup-cluster-8bfe7043c327d3a82a41f9ad,revision_v1_ed25519_signature_base64_050,llama3_8b_instruct_q4_k_m,nonseg_ascii_b16,ed25519_signature_base64,procedure_simple_meal
detector_pair__2f9f377b277297bc3473f209__rankcloak,1,0.9999812841415405,textcnn,leave_one_model__mistral_7b_instruct_v0_3_q4_k_m,validation,matched_clean_llm,dedup-cluster-8bfe7043c327d3a82a41f9ad,revision_v1_ed25519_signature_base64_050,llama3_8b_instruct_q4_k_m,nonseg_ascii_b16,ed25519_signature_base64,procedure_simple_meal
detector_pair__301afe87f08b04ca4f2c565c__ordinary_control,0,0.00018469049246050417,textcnn,leave_one_model__mistral_7b_instruct_v0_3_q4_k_m,validation,matched_clean_llm,dedup-cluster-4f6ab2ce0956867e1b0b1bad,revision_v1_hmac_sha256_hex_043,llama3_8b_instruct_q4_k_m,segmented_hex_multi_topic,hmac_sha256_hex,forum_learning_answer
detector_pair__301afe87f08b04ca4f2c565c__rankcloak,1,0.6576951146125793,textcnn,leave_one_model__mistral_7b_instruct_v0_3_q4_k_m,validation,matched_clean_llm,dedup-cluster-4f6ab2ce0956867e1b0b1bad,revision_v1_hmac_sha256_hex_043,llama3_8b_instruct_q4_k_m,segmented_hex_multi_topic,hmac_sha256_hex,forum_learning_answer
detector_pair__30d6a66299d678f4eae0bbb6__ordinary_control,0,1.8928311646959628e-06,textcnn,leave_one_model__mistral_7b_instruct_v0_3_q4_k_m,validation,matched_clean_llm,dedup-cluster-1e608c8c5860067de2774eaa,revision_v1_uuid_v4_008,llama3_8b_instruct_q4_k_m,nonseg_ascii_b16,uuid_v4,casual_neighborhood_chat
detector_pair__30d6a66299d678f4eae0bbb6__rankcloak,1,0.9863444566726685,textcnn,leave_one_model__mistral_7b_instruct_v0_3_q4_k_m,validation,matched_clean_llm,dedup-cluster-1e608c8c5860067de2774eaa,revision_v1_uuid_v4_008,llama3_8b_instruct_q4_k_m,nonseg_ascii_b16,uuid_v4,casual_neighborhood_chat
detector_pair__3101882142e0cf52ec6aeb19__ordinary_control,0,0.0002055702352663502,textcnn,leave_one_model__mistral_7b_instruct_v0_3_q4_k_m,validation,matched_clean_llm,dedup-cluster-37d4a9d7e9509ca2f58035f8,revision_v1_hmac_sha256_hex_022,qwen2_5_7b_instruct_q4_k_m,segmented_hex_single_topic,hmac_sha256_hex,casual_neighborhood_chat
detector_pair__3101882142e0cf52ec6aeb19__rankcloak,1,0.9996205568313599,textcnn,leave_one_model__mistral_7b_instruct_v0_3_q4_k_m,validation,matched_clean_llm,dedup-cluster-37d4a9d7e9509ca2f58035f8,revision_v1_hmac_sha256_hex_022,qwen2_5_7b_instruct_q4_k_m,segmented_hex_single_topic,hmac_sha256_hex,casual_neighborhood_chat
detector_pair__3155619e1de51e911dc24635__ordinary_control,0,0.0009715677588246763,textcnn,leave_one_model__mistral_7b_instruct_v0_3_q4_k_m,validation,matched_clean_llm,dedup-cluster-897bd4c0922eb43a17664a25,revision_v1_aes256_gcm_base64_025,llama3_8b_instruct_q4_k_m,nonseg_ascii_b16,aes256_gcm_base64,casual_weekend_chat
detector_pair__3155619e1de51e911dc24635__rankcloak,1,0.9954389929771423,textcnn,leave_one_model__mistral_7b_instruct_v0_3_q4_k_m,validation,matched_clean_llm,dedup-cluster-897bd4c0922eb43a17664a25,revision_v1_aes256_gcm_base64_025,llama3_8b_instruct_q4_k_m,nonseg_ascii_b16,aes256_gcm_base64,casual_weekend_chat
detector_pair__316626a5b103e40b1148291c__ordinary_control,0,0.00893006008118391,textcnn,leave_one_model__mistral_7b_instruct_v0_3_q4_k_m,validation,matched_clean_llm,dedup-cluster-68e08a4fc96aff3403abad93,revision_v1_nonce_96_bit_hex_031,llama3_8b_instruct_q4_k_m,nonseg_ascii_b16,nonce_96_bit_hex,procedure_home_task
detector_pair__316626a5b103e40b1148291c__rankcloak,1,0.9273524880409241,textcnn,leave_one_model__mistral_7b_instruct_v0_3_q4_k_m,validation,matched_clean_llm,dedup-cluster-68e08a4fc96aff3403abad93,revision_v1_nonce_96_bit_hex_031,llama3_8b_instruct_q4_k_m,nonseg_ascii_b16,nonce_96_bit_hex,procedure_home_task
detector_pair__3168fc2d5f67c25c7cb7ec17__ordinary_control,0,0.0002661949838511646,textcnn,leave_one_model__mistral_7b_instruct_v0_3_q4_k_m,validation,matched_clean_llm,dedup-cluster-339659e6d45626f95acf4c5b,revision_v1_nonce_96_bit_hex_052,qwen2_5_7b_instruct_q4_k_m,segmented_hex_multi_topic,nonce_96_bit_hex,professional_process_email
detector_pair__3168fc2d5f67c25c7cb7ec17__rankcloak,1,0.0033733071759343147,textcnn,leave_one_model__mistral_7b_instruct_v0_3_q4_k_m,validation,matched_clean_llm,dedup-cluster-339659e6d45626f95acf4c5b,revision_v1_nonce_96_bit_hex_052,qwen2_5_7b_instruct_q4_k_m,segmented_hex_multi_topic,nonce_96_bit_hex,professional_process_email
detector_pair__31b367805175791ea4de9419__ordinary_control,0,4.995257768314332e-05,textcnn,leave_one_model__mistral_7b_instruct_v0_3_q4_k_m,validation,matched_clean_llm,dedup-cluster-7b810f2afbcabc7ee462bff7,revision_v1_nonce_96_bit_hex_023,llama3_8b_instruct_q4_k_m,nonseg_ascii_b8,nonce_96_bit_hex,professional_process_email
detector_pair__31b367805175791ea4de9419__rankcloak,1,0.9669126272201538,textcnn,leave_one_model__mistral_7b_instruct_v0_3_q4_k_m,validation,matched_clean_llm,dedup-cluster-7b810f2afbcabc7ee462bff7,revision_v1_nonce_96_bit_hex_023,llama3_8b_instruct_q4_k_m,nonseg_ascii_b8,nonce_96_bit_hex,professional_process_email
detector_pair__31be24f748ae516c73187eab__ordinary_control,0,0.0012270263396203518,textcnn,leave_one_model__mistral_7b_instruct_v0_3_q4_k_m,validation,matched_clean_llm,dedup-cluster-6ce30f9a3e80626084969f2a,revision_v1_ed25519_signature_base64_043,qwen2_5_7b_instruct_q4_k_m,direct_subword_calgacus,ed25519_signature_base64,procedure_simple_meal
detector_pair__31be24f748ae516c73187eab__rankcloak,1,0.9996668100357056,textcnn,leave_one_model__mistral_7b_instruct_v0_3_q4_k_m,validation,matched_clean_llm,dedup-cluster-6ce30f9a3e80626084969f2a,revision_v1_ed25519_signature_base64_043,qwen2_5_7b_instruct_q4_k_m,direct_subword_calgacus,ed25519_signature_base64,procedure_simple_meal
detector_pair__31ca862324e3a8b7bec09159__ordinary_control,0,7.607796760566998e-06,textcnn,leave_one_model__mistral_7b_instruct_v0_3_q4_k_m,validation,matched_clean_llm,dedup-cluster-298834ce3caac8f77b13ddc3,revision_v1_aes256_gcm_base64_031,llama3_8b_instruct_q4_k_m,nonseg_ascii_b8,aes256_gcm_base64,casual_hobby_chat
detector_pair__31ca862324e3a8b7bec09159__rankcloak,1,0.9100009202957153,textcnn,leave_one_model__mistral_7b_instruct_v0_3_q4_k_m,validation,matched_clean_llm,dedup-cluster-298834ce3caac8f77b13ddc3,revision_v1_aes256_gcm_base64_031,llama3_8b_instruct_q4_k_m,nonseg_ascii_b8,aes256_gcm_base64,casual_hobby_chat
detector_pair__31e283f52defe246575ee4ef__ordinary_control,0,0.0005828497814945877,textcnn,leave_one_model__mistral_7b_instruct_v0_3_q4_k_m,validation,matched_clean_llm,dedup-cluster-087cbaaa2408a99991319532,revision_v1_uuid_v4_052,llama3_8b_instruct_q4_k_m,direct_subword_calgacus,uuid_v4,forum_practical_answer
detector_pair__31e283f52defe246575ee4ef__rankcloak,1,0.8744331002235413,textcnn,leave_one_model__mistral_7b_instruct_v0_3_q4_k_m,validation,matched_clean_llm,dedup-cluster-087cbaaa2408a99991319532,revision_v1_uuid_v4_052,llama3_8b_instruct_q4_k_m,direct_subword_calgacus,uuid_v4,forum_practical_answer
detector_pair__323efaa8418903a15e694c2e__ordinary_control,0,0.00017007530550472438,textcnn,leave_one_model__mistral_7b_instruct_v0_3_q4_k_m,validation,matched_clean_llm,dedup-cluster-a48caa544001e5d183a57eea,revision_v1_nonce_96_bit_hex_049,llama3_8b_instruct_q4_k_m,segmented_hex_single_topic,nonce_96_bit_hex,procedure_home_task
detector_pair__323efaa8418903a15e694c2e__rankcloak,1,0.5748170018196106,textcnn,leave_one_model__mistral_7b_instruct_v0_3_q4_k_m,validation,matched_clean_llm,dedup-cluster-a48caa544001e5d183a57eea,revision_v1_nonce_96_bit_hex_049,llama3_8b_instruct_q4_k_m,segmented_hex_single_topic,nonce_96_bit_hex,procedure_home_task
detector_pair__3299e8a28b97e57a7afd76d4__ordinary_control,0,0.000144564313814044,textcnn,leave_one_model__mistral_7b_instruct_v0_3_q4_k_m,validation,matched_clean_llm,dedup-cluster-48d7da6cd06bde46d05aad3f,revision_v1_sha256_hex_056,llama3_8b_instruct_q4_k_m,nonseg_hex_nibble_b16,sha256_hex,forum_practical_answer
detector_pair__3299e8a28b97e57a7afd76d4__rankcloak,1,0.9881104230880737,textcnn,leave_one_model__mistral_7b_instruct_v0_3_q4_k_m,validation,matched_clean_llm,dedup-cluster-48d7da6cd06bde46d05aad3f,revision_v1_sha256_hex_056,llama3_8b_instruct_q4_k_m,nonseg_hex_nibble_b16,sha256_hex,forum_practical_answer
detector_pair__32d0c8de7d2351668abc1775__ordinary_control,0,0.003949287813156843,textcnn,leave_one_model__mistral_7b_instruct_v0_3_q4_k_m,validation,matched_clean_llm,dedup-cluster-92db4da9195620c7435535fe,revision_v1_ed25519_signature_base64_008,qwen2_5_7b_instruct_q4_k_m,nonseg_ascii_b16,ed25519_signature_base64,narrative_small_discovery
detector_pair__32d0c8de7d2351668abc1775__rankcloak,1,0.7887122631072998,textcnn,leave_one_model__mistral_7b_instruct_v0_3_q4_k_m,validation,matched_clean_llm,dedup-cluster-92db4da9195620c7435535fe,revision_v1_ed25519_signature_base64_008,qwen2_5_7b_instruct_q4_k_m,nonseg_ascii_b16,ed25519_signature_base64,narrative_small_discovery
detector_pair__3394970b55a3268e5d5e4543__ordinary_control,0,0.0003583333163987845,textcnn,leave_one_model__mistral_7b_instruct_v0_3_q4_k_m,validation,matched_clean_llm,dedup-cluster-54d0f843ac4646811be4dfd1,revision_v1_sha256_hex_000,llama3_8b_instruct_q4_k_m,segmented_hex_single_topic,sha256_hex,casual_weekend_chat
detector_pair__3394970b55a3268e5d5e4543__rankcloak,1,0.9999710321426392,textcnn,leave_one_model__mistral_7b_instruct_v0_3_q4_k_m,validation,matched_clean_llm,dedup-cluster-54d0f843ac4646811be4dfd1,revision_v1_sha256_hex_000,llama3_8b_instruct_q4_k_m,segmented_hex_single_topic,sha256_hex,casual_weekend_chat
detector_pair__3423f0b3e7439bad43e48bf0__ordinary_control,0,0.00031223634141497314,textcnn,leave_one_model__mistral_7b_instruct_v0_3_q4_k_m,validation,matched_clean_llm,dedup-cluster-72a697706958756a5d98abe5,revision_v1_aes256_gcm_base64_042,llama3_8b_instruct_q4_k_m,direct_subword_calgacus,aes256_gcm_base64,explain_weather_pattern
detector_pair__3423f0b3e7439bad43e48bf0__rankcloak,1,0.9991412162780762,textcnn,leave_one_model__mistral_7b_instruct_v0_3_q4_k_m,validation,matched_clean_llm,dedup-cluster-72a697706958756a5d98abe5,revision_v1_aes256_gcm_base64_042,llama3_8b_instruct_q4_k_m,direct_subword_calgacus,aes256_gcm_base64,explain_weather_pattern
detector_pair__342ac5963b7b3351580bed70__ordinary_control,0,0.03705204278230667,textcnn,leave_one_model__mistral_7b_instruct_v0_3_q4_k_m,validation,matched_clean_llm,dedup-cluster-0de80089e8762fad04cb9524,revision_v1_ed25519_signature_base64_046,llama3_8b_instruct_q4_k_m,nonseg_ascii_b8,ed25519_signature_base64,explain_biological_process
detector_pair__342ac5963b7b3351580bed70__rankcloak,1,0.7224770784378052,textcnn,leave_one_model__mistral_7b_instruct_v0_3_q4_k_m,validation,matched_clean_llm,dedup-cluster-0de80089e8762fad04cb9524,revision_v1_ed25519_signature_base64_046,llama3_8b_instruct_q4_k_m,nonseg_ascii_b8,ed25519_signature_base64,explain_biological_process
detector_pair__351ec6f9c3e6ad5031e30c9a__ordinary_control,0,2.78643540241319e-07,textcnn,leave_one_model__mistral_7b_instruct_v0_3_q4_k_m,validation,matched_clean_llm,dedup-cluster-6011fbb5ee1115e93ddfe3e1,revision_v1_chacha20_poly1305_base64_047,llama3_8b_instruct_q4_k_m,nonseg_ascii_b8,chacha20_poly1305_base64,explain_everyday_system
detector_pair__351ec6f9c3e6ad5031e30c9a__rankcloak,1,0.9999850988388062,textcnn,leave_one_model__mistral_7b_instruct_v0_3_q4_k_m,validation,matched_clean_llm,dedup-cluster-6011fbb5ee1115e93ddfe3e1,revision_v1_chacha20_poly1305_base64_047,llama3_8b_instruct_q4_k_m,nonseg_ascii_b8,chacha20_poly1305_base64,explain_everyday_system
detector_pair__35203bb8a1d8aa0bdaa559f2__ordinary_control,0,3.4313619835302234e-05,textcnn,leave_one_model__mistral_7b_instruct_v0_3_q4_k_m,validation,matched_clean_llm,dedup-cluster-00eccca339b70a566fc600ea,revision_v1_ed25519_signature_base64_041,llama3_8b_instruct_q4_k_m,direct_subword_calgacus,ed25519_signature_base64,casual_hobby_chat
detector_pair__35203bb8a1d8aa0bdaa559f2__rankcloak,1,0.9999949932098389,textcnn,leave_one_model__mistral_7b_instruct_v0_3_q4_k_m,validation,matched_clean_llm,dedup-cluster-00eccca339b70a566fc600ea,revision_v1_ed25519_signature_base64_041,llama3_8b_instruct_q4_k_m,direct_subword_calgacus,ed25519_signature_base64,casual_hobby_chat
detector_pair__352b26616f2ad03e460e2569__ordinary_control,0,0.001673283870331943,textcnn,leave_one_model__mistral_7b_instruct_v0_3_q4_k_m,validation,matched_clean_llm,dedup-cluster-cb374f9ca23dfd168fe55742,revision_v1_hmac_sha256_hex_055,llama3_8b_instruct_q4_k_m,segmented_hex_single_topic,hmac_sha256_hex,forum_purchase_advice
detector_pair__352b26616f2ad03e460e2569__rankcloak,1,0.9999982118606567,textcnn,leave_one_model__mistral_7b_instruct_v0_3_q4_k_m,validation,matched_clean_llm,dedup-cluster-cb374f9ca23dfd168fe55742,revision_v1_hmac_sha256_hex_055,llama3_8b_instruct_q4_k_m,segmented_hex_single_topic,hmac_sha256_hex,forum_purchase_advice
detector_pair__35783b21eb3153d00d5315fc__ordinary_control,0,4.016876431478522e-08,textcnn,leave_one_model__mistral_7b_instruct_v0_3_q4_k_m,validation,matched_clean_llm,dedup-cluster-e303bfe023e32c25389ebaf9,revision_v1_token_128_bit_hex_057,qwen2_5_7b_instruct_q4_k_m,segmented_hex_multi_topic,token_128_bit_hex,professional_schedule_note
detector_pair__35783b21eb3153d00d5315fc__rankcloak,1,0.8892879486083984,textcnn,leave_one_model__mistral_7b_instruct_v0_3_q4_k_m,validation,matched_clean_llm,dedup-cluster-e303bfe023e32c25389ebaf9,revision_v1_token_128_bit_hex_057,qwen2_5_7b_instruct_q4_k_m,segmented_hex_multi_topic,token_128_bit_hex,professional_schedule_note
detector_pair__35873d3d1eb47f445288a29d__ordinary_control,0,1.0357740393374115e-05,textcnn,leave_one_model__mistral_7b_instruct_v0_3_q4_k_m,validation,matched_clean_llm,dedup-cluster-087cbaaa2408a99991319532,revision_v1_uuid_v4_052,qwen2_5_7b_instruct_q4_k_m,direct_subword_calgacus,uuid_v4,procedure_home_task
detector_pair__35873d3d1eb47f445288a29d__rankcloak,1,0.7151232957839966,textcnn,leave_one_model__mistral_7b_instruct_v0_3_q4_k_m,validation,matched_clean_llm,dedup-cluster-087cbaaa2408a99991319532,revision_v1_uuid_v4_052,qwen2_5_7b_instruct_q4_k_m,direct_subword_calgacus,uuid_v4,procedure_home_task
detector_pair__35921a20fea0c1a75529658f__ordinary_control,0,0.026446271687746048,textcnn,leave_one_model__mistral_7b_instruct_v0_3_q4_k_m,validation,matched_clean_llm,dedup-cluster-c85ea4286eb44389809ba8c7,revision_v1_uuid_v4_034,llama3_8b_instruct_q4_k_m,nonseg_ascii_b16,uuid_v4,forum_practical_answer
detector_pair__35921a20fea0c1a75529658f__rankcloak,1,0.8555794358253479,textcnn,leave_one_model__mistral_7b_instruct_v0_3_q4_k_m,validation,matched_clean_llm,dedup-cluster-c85ea4286eb44389809ba8c7,revision_v1_uuid_v4_034,llama3_8b_instruct_q4_k_m,nonseg_ascii_b16,uuid_v4,forum_practical_answer
detector_pair__35a62c84f953a55bfea4f767__ordinary_control,0,0.004285134375095367,textcnn,leave_one_model__mistral_7b_instruct_v0_3_q4_k_m,validation,matched_clean_llm,dedup-cluster-60a1e2f88d4e40514869d20f,revision_v1_ed25519_signature_base64_051,llama3_8b_instruct_q4_k_m,nonseg_ascii_b8,ed25519_signature_base64,narrative_small_discovery
detector_pair__35a62c84f953a55bfea4f767__rankcloak,1,0.9809923768043518,textcnn,leave_one_model__mistral_7b_instruct_v0_3_q4_k_m,validation,matched_clean_llm,dedup-cluster-60a1e2f88d4e40514869d20f,revision_v1_ed25519_signature_base64_051,llama3_8b_instruct_q4_k_m,nonseg_ascii_b8,ed25519_signature_base64,narrative_small_discovery
detector_pair__35c27efb7f35ce1f61d6028e__ordinary_control,0,0.0002452244807500392,textcnn,leave_one_model__mistral_7b_instruct_v0_3_q4_k_m,validation,matched_clean_llm,dedup-cluster-4c7d81d9bc771045be64324c,revision_v1_nonce_96_bit_hex_001,qwen2_5_7b_instruct_q4_k_m,nonseg_hex_nibble_b16,nonce_96_bit_hex,narrative_small_discovery
detector_pair__35c27efb7f35ce1f61d6028e__rankcloak,1,0.2896338403224945,textcnn,leave_one_model__mistral_7b_instruct_v0_3_q4_k_m,validation,matched_clean_llm,dedup-cluster-4c7d81d9bc771045be64324c,revision_v1_nonce_96_bit_hex_001,qwen2_5_7b_instruct_q4_k_m,nonseg_hex_nibble_b16,nonce_96_bit_hex,narrative_small_discovery
detector_pair__36162382af759d3624fe4fa1__ordinary_control,0,0.12610329687595367,textcnn,leave_one_model__mistral_7b_instruct_v0_3_q4_k_m,validation,matched_clean_llm,dedup-cluster-68e08a4fc96aff3403abad93,revision_v1_nonce_96_bit_hex_031,qwen2_5_7b_instruct_q4_k_m,segmented_hex_multi_topic,nonce_96_bit_hex,narrative_learning_moment
detector_pair__36162382af759d3624fe4fa1__rankcloak,1,0.09399503469467163,textcnn,leave_one_model__mistral_7b_instruct_v0_3_q4_k_m,validation,matched_clean_llm,dedup-cluster-68e08a4fc96aff3403abad93,revision_v1_nonce_96_bit_hex_031,qwen2_5_7b_instruct_q4_k_m,segmented_hex_multi_topic,nonce_96_bit_hex,narrative_learning_moment
detector_pair__363a0ffe5a61eb300b214421__ordinary_control,0,0.004697437863796949,textcnn,leave_one_model__mistral_7b_instruct_v0_3_q4_k_m,validation,matched_clean_llm,dedup-cluster-484bc3854d49e18198bd3802,revision_v1_hmac_sha256_hex_050,llama3_8b_instruct_q4_k_m,nonseg_ascii_b8,hmac_sha256_hex,procedure_simple_meal
detector_pair__363a0ffe5a61eb300b214421__rankcloak,1,0.9999585151672363,textcnn,leave_one_model__mistral_7b_instruct_v0_3_q4_k_m,validation,matched_clean_llm,dedup-cluster-484bc3854d49e18198bd3802,revision_v1_hmac_sha256_hex_050,llama3_8b_instruct_q4_k_m,nonseg_ascii_b8,hmac_sha256_hex,procedure_simple_meal
detector_pair__366d08528b315b0f865ee1fd__ordinary_control,0,0.0038850191049277782,textcnn,leave_one_model__mistral_7b_instruct_v0_3_q4_k_m,validation,matched_clean_llm,dedup-cluster-d80c78b75330766130b70bf5,revision_v1_hmac_sha256_hex_030,llama3_8b_instruct_q4_k_m,direct_subword_calgacus,hmac_sha256_hex,professional_project_update
detector_pair__366d08528b315b0f865ee1fd__rankcloak,1,0.9948973059654236,textcnn,leave_one_model__mistral_7b_instruct_v0_3_q4_k_m,validation,matched_clean_llm,dedup-cluster-d80c78b75330766130b70bf5,revision_v1_hmac_sha256_hex_030,llama3_8b_instruct_q4_k_m,direct_subword_calgacus,hmac_sha256_hex,professional_project_update
detector_pair__368662f540c4424808da1eaa__ordinary_control,0,3.098675165347231e-07,textcnn,leave_one_model__mistral_7b_instruct_v0_3_q4_k_m,validation,matched_clean_llm,dedup-cluster-17900f3eff20bb84e24fa1da,revision_v1_token_128_bit_hex_021,qwen2_5_7b_instruct_q4_k_m,direct_subword_calgacus,token_128_bit_hex,professional_schedule_note
detector_pair__368662f540c4424808da1eaa__rankcloak,1,0.6999809145927429,textcnn,leave_one_model__mistral_7b_instruct_v0_3_q4_k_m,validation,matched_clean_llm,dedup-cluster-17900f3eff20bb84e24fa1da,revision_v1_token_128_bit_hex_021,qwen2_5_7b_instruct_q4_k_m,direct_subword_calgacus,token_128_bit_hex,professional_schedule_note
detector_pair__36ac745ce08a14a6fa7b73a8__ordinary_control,0,1.2467595297493972e-05,textcnn,leave_one_model__mistral_7b_instruct_v0_3_q4_k_m,validation,matched_clean_llm,dedup-cluster-2e7f1969791ae609498a9082,revision_v1_hmac_sha256_hex_020,llama3_8b_instruct_q4_k_m,segmented_hex_single_topic,hmac_sha256_hex,procedure_home_task
detector_pair__36ac745ce08a14a6fa7b73a8__rankcloak,1,0.9972286820411682,textcnn,leave_one_model__mistral_7b_instruct_v0_3_q4_k_m,validation,matched_clean_llm,dedup-cluster-2e7f1969791ae609498a9082,revision_v1_hmac_sha256_hex_020,llama3_8b_instruct_q4_k_m,segmented_hex_single_topic,hmac_sha256_hex,procedure_home_task
detector_pair__36c61d46814200de730490d2__ordinary_control,0,0.2263922244310379,textcnn,leave_one_model__mistral_7b_instruct_v0_3_q4_k_m,validation,matched_clean_llm,dedup-cluster-631342e4862923cce8d3242b,revision_v1_sha256_hex_029,qwen2_5_7b_instruct_q4_k_m,segmented_hex_multi_topic,sha256_hex,casual_neighborhood_chat
detector_pair__36c61d46814200de730490d2__rankcloak,1,0.18970994651317596,textcnn,leave_one_model__mistral_7b_instruct_v0_3_q4_k_m,validation,matched_clean_llm,dedup-cluster-631342e4862923cce8d3242b,revision_v1_sha256_hex_029,qwen2_5_7b_instruct_q4_k_m,segmented_hex_multi_topic,sha256_hex,casual_neighborhood_chat
detector_pair__3831c6ce1b67ed94f627d7c0__ordinary_control,0,7.28786617401056e-05,textcnn,leave_one_model__mistral_7b_instruct_v0_3_q4_k_m,validation,matched_clean_llm,dedup-cluster-9b8e2659fd534e6fb2b81afc,revision_v1_ed25519_signature_base64_027,llama3_8b_instruct_q4_k_m,nonseg_ascii_b16,ed25519_signature_base64,narrative_learning_moment
detector_pair__3831c6ce1b67ed94f627d7c0__rankcloak,1,0.999496340751648,textcnn,leave_one_model__mistral_7b_instruct_v0_3_q4_k_m,validation,matched_clean_llm,dedup-cluster-9b8e2659fd534e6fb2b81afc,revision_v1_ed25519_signature_base64_027,llama3_8b_instruct_q4_k_m,nonseg_ascii_b16,ed25519_signature_base64,narrative_learning_moment
detector_pair__384079d26ae1fb05ce818b72__ordinary_control,0,0.016854755580425262,textcnn,leave_one_model__mistral_7b_instruct_v0_3_q4_k_m,validation,matched_clean_llm,dedup-cluster-729f0f62c71d15bb8d8f7eff,revision_v1_token_128_bit_hex_004,qwen2_5_7b_instruct_q4_k_m,segmented_hex_multi_topic,token_128_bit_hex,forum_purchase_advice
detector_pair__384079d26ae1fb05ce818b72__rankcloak,1,0.993710994720459,textcnn,leave_one_model__mistral_7b_instruct_v0_3_q4_k_m,validation,matched_clean_llm,dedup-cluster-729f0f62c71d15bb8d8f7eff,revision_v1_token_128_bit_hex_004,qwen2_5_7b_instruct_q4_k_m,segmented_hex_multi_topic,token_128_bit_hex,forum_purchase_advice
detector_pair__38bf274840a84108233b761d__ordinary_control,0,0.011389621533453465,textcnn,leave_one_model__mistral_7b_instruct_v0_3_q4_k_m,validation,matched_clean_llm,dedup-cluster-cb374f9ca23dfd168fe55742,revision_v1_hmac_sha256_hex_055,llama3_8b_instruct_q4_k_m,nonseg_hex_nibble_b16,hmac_sha256_hex,forum_purchase_advice
detector_pair__38bf274840a84108233b761d__rankcloak,1,0.9934068918228149,textcnn,leave_one_model__mistral_7b_instruct_v0_3_q4_k_m,validation,matched_clean_llm,dedup-cluster-cb374f9ca23dfd168fe55742,revision_v1_hmac_sha256_hex_055,llama3_8b_instruct_q4_k_m,nonseg_hex_nibble_b16,hmac_sha256_hex,forum_purchase_advice
detector_pair__38cb71c6b30b0fbffedf62b3__ordinary_control,0,8.965002052718773e-06,textcnn,leave_one_model__mistral_7b_instruct_v0_3_q4_k_m,validation,matched_clean_llm,dedup-cluster-7c84aa0ced3be32342082f66,revision_v1_uuid_v4_002,llama3_8b_instruct_q4_k_m,nonseg_ascii_b16,uuid_v4,casual_hobby_chat
detector_pair__38cb71c6b30b0fbffedf62b3__rankcloak,1,0.9999985694885254,textcnn,leave_one_model__mistral_7b_instruct_v0_3_q4_k_m,validation,matched_clean_llm,dedup-cluster-7c84aa0ced3be32342082f66,revision_v1_uuid_v4_002,llama3_8b_instruct_q4_k_m,nonseg_ascii_b16,uuid_v4,casual_hobby_chat
detector_pair__38edab1f1738e3c6bec84664__ordinary_control,0,8.492288179695606e-05,textcnn,leave_one_model__mistral_7b_instruct_v0_3_q4_k_m,validation,matched_clean_llm,dedup-cluster-5650c0ad5d795f7721100b4c,revision_v1_uuid_v4_024,qwen2_5_7b_instruct_q4_k_m,nonseg_ascii_b16,uuid_v4,explain_weather_pattern
detector_pair__38edab1f1738e3c6bec84664__rankcloak,1,0.9995458722114563,textcnn,leave_one_model__mistral_7b_instruct_v0_3_q4_k_m,validation,matched_clean_llm,dedup-cluster-5650c0ad5d795f7721100b4c,revision_v1_uuid_v4_024,qwen2_5_7b_instruct_q4_k_m,nonseg_ascii_b16,uuid_v4,explain_weather_pattern
detector_pair__3988cf40a3081f828fa91bd2__ordinary_control,0,0.0015251487493515015,textcnn,leave_one_model__mistral_7b_instruct_v0_3_q4_k_m,validation,matched_clean_llm,dedup-cluster-37d4a9d7e9509ca2f58035f8,revision_v1_hmac_sha256_hex_022,llama3_8b_instruct_q4_k_m,nonseg_ascii_b8,hmac_sha256_hex,explain_everyday_system
detector_pair__3988cf40a3081f828fa91bd2__rankcloak,1,0.956317663192749,textcnn,leave_one_model__mistral_7b_instruct_v0_3_q4_k_m,validation,matched_clean_llm,dedup-cluster-37d4a9d7e9509ca2f58035f8,revision_v1_hmac_sha256_hex_022,llama3_8b_instruct_q4_k_m,nonseg_ascii_b8,hmac_sha256_hex,explain_everyday_system
detector_pair__39d4b162fc32842b35c77a69__ordinary_control,0,0.0007393210544250906,textcnn,leave_one_model__mistral_7b_instruct_v0_3_q4_k_m,validation,matched_clean_llm,dedup-cluster-a1f09603de61d42b17c60f90,revision_v1_nonce_96_bit_hex_058,qwen2_5_7b_instruct_q4_k_m,nonseg_ascii_b8,nonce_96_bit_hex,professional_project_update
detector_pair__39d4b162fc32842b35c77a69__rankcloak,1,0.10572940111160278,textcnn,leave_one_model__mistral_7b_instruct_v0_3_q4_k_m,validation,matched_clean_llm,dedup-cluster-a1f09603de61d42b17c60f90,revision_v1_nonce_96_bit_hex_058,qwen2_5_7b_instruct_q4_k_m,nonseg_ascii_b8,nonce_96_bit_hex,professional_project_update
detector_pair__39f405745276637a17b1012b__ordinary_control,0,0.0071425181813538074,textcnn,leave_one_model__mistral_7b_instruct_v0_3_q4_k_m,validation,matched_clean_llm,dedup-cluster-729f0f62c71d15bb8d8f7eff,revision_v1_token_128_bit_hex_004,qwen2_5_7b_instruct_q4_k_m,segmented_hex_single_topic,token_128_bit_hex,forum_purchase_advice
detector_pair__39f405745276637a17b1012b__rankcloak,1,0.9997362494468689,textcnn,leave_one_model__mistral_7b_instruct_v0_3_q4_k_m,validation,matched_clean_llm,dedup-cluster-729f0f62c71d15bb8d8f7eff,revision_v1_token_128_bit_hex_004,qwen2_5_7b_instruct_q4_k_m,segmented_hex_single_topic,token_128_bit_hex,forum_purchase_advice
detector_pair__3a1147758424c49b72e5dc3e__ordinary_control,0,4.669051122618839e-05,textcnn,leave_one_model__mistral_7b_instruct_v0_3_q4_k_m,validation,matched_clean_llm,dedup-cluster-525f817201e5e26510c04739,revision_v1_uuid_v4_017,llama3_8b_instruct_q4_k_m,nonseg_ascii_b16,uuid_v4,procedure_simple_meal
detector_pair__3a1147758424c49b72e5dc3e__rankcloak,1,0.9936281442642212,textcnn,leave_one_model__mistral_7b_instruct_v0_3_q4_k_m,validation,matched_clean_llm,dedup-cluster-525f817201e5e26510c04739,revision_v1_uuid_v4_017,llama3_8b_instruct_q4_k_m,nonseg_ascii_b16,uuid_v4,procedure_simple_meal
detector_pair__3a705721927f8e299f8d49c1__ordinary_control,0,0.005736389197409153,textcnn,leave_one_model__mistral_7b_instruct_v0_3_q4_k_m,validation,matched_clean_llm,dedup-cluster-6ace02c4c66fff411127a281,revision_v1_token_128_bit_hex_012,llama3_8b_instruct_q4_k_m,segmented_hex_multi_topic,token_128_bit_hex,procedure_garden_task
detector_pair__3a705721927f8e299f8d49c1__rankcloak,1,0.9998878240585327,textcnn,leave_one_model__mistral_7b_instruct_v0_3_q4_k_m,validation,matched_clean_llm,dedup-cluster-6ace02c4c66fff411127a281,revision_v1_token_128_bit_hex_012,llama3_8b_instruct_q4_k_m,segmented_hex_multi_topic,token_128_bit_hex,procedure_garden_task
detector_pair__3a83599a264e07a34ac0063e__ordinary_control,0,9.249350796380895e-07,textcnn,leave_one_model__mistral_7b_instruct_v0_3_q4_k_m,validation,matched_clean_llm,dedup-cluster-484bc3854d49e18198bd3802,revision_v1_hmac_sha256_hex_050,llama3_8b_instruct_q4_k_m,segmented_hex_multi_topic,hmac_sha256_hex,procedure_simple_meal
detector_pair__3a83599a264e07a34ac0063e__rankcloak,1,0.9999418258666992,textcnn,leave_one_model__mistral_7b_instruct_v0_3_q4_k_m,validation,matched_clean_llm,dedup-cluster-484bc3854d49e18198bd3802,revision_v1_hmac_sha256_hex_050,llama3_8b_instruct_q4_k_m,segmented_hex_multi_topic,hmac_sha256_hex,procedure_simple_meal
detector_pair__3aca036958926eb67f4134ba__ordinary_control,0,0.05501269921660423,textcnn,leave_one_model__mistral_7b_instruct_v0_3_q4_k_m,validation,matched_clean_llm,dedup-cluster-4f6ab2ce0956867e1b0b1bad,revision_v1_hmac_sha256_hex_043,qwen2_5_7b_instruct_q4_k_m,nonseg_ascii_b8,hmac_sha256_hex,procedure_simple_meal
detector_pair__3aca036958926eb67f4134ba__rankcloak,1,0.9258700013160706,textcnn,leave_one_model__mistral_7b_instruct_v0_3_q4_k_m,validation,matched_clean_llm,dedup-cluster-4f6ab2ce0956867e1b0b1bad,revision_v1_hmac_sha256_hex_043,qwen2_5_7b_instruct_q4_k_m,nonseg_ascii_b8,hmac_sha256_hex,procedure_simple_meal
detector_pair__3adce5d81b1271302a6f2893__ordinary_control,0,0.0240474883466959,textcnn,leave_one_model__mistral_7b_instruct_v0_3_q4_k_m,validation,matched_clean_llm,dedup-cluster-a1f09603de61d42b17c60f90,revision_v1_nonce_96_bit_hex_058,qwen2_5_7b_instruct_q4_k_m,direct_subword_calgacus,nonce_96_bit_hex,professional_project_update
detector_pair__3adce5d81b1271302a6f2893__rankcloak,1,0.9820325970649719,textcnn,leave_one_model__mistral_7b_instruct_v0_3_q4_k_m,validation,matched_clean_llm,dedup-cluster-a1f09603de61d42b17c60f90,revision_v1_nonce_96_bit_hex_058,qwen2_5_7b_instruct_q4_k_m,direct_subword_calgacus,nonce_96_bit_hex,professional_project_update
detector_pair__3ae9f400155b6b266d5b9146__ordinary_control,0,1.4582730045731296e-06,textcnn,leave_one_model__mistral_7b_instruct_v0_3_q4_k_m,validation,matched_clean_llm,dedup-cluster-21724430ac9765521f1234e5,revision_v1_token_128_bit_hex_056,qwen2_5_7b_instruct_q4_k_m,segmented_hex_single_topic,token_128_bit_hex,casual_hobby_chat
detector_pair__3ae9f400155b6b266d5b9146__rankcloak,1,0.9999862909317017,textcnn,leave_one_model__mistral_7b_instruct_v0_3_q4_k_m,validation,matched_clean_llm,dedup-cluster-21724430ac9765521f1234e5,revision_v1_token_128_bit_hex_056,qwen2_5_7b_instruct_q4_k_m,segmented_hex_single_topic,token_128_bit_hex,casual_hobby_chat
detector_pair__3af80882e21ec925d429bfc4__ordinary_control,0,3.929889862774871e-05,textcnn,leave_one_model__mistral_7b_instruct_v0_3_q4_k_m,validation,matched_clean_llm,dedup-cluster-1d730332b470450b93b8b767,revision_v1_hmac_sha256_hex_006,qwen2_5_7b_instruct_q4_k_m,segmented_hex_multi_topic,hmac_sha256_hex,forum_practical_answer
detector_pair__3af80882e21ec925d429bfc4__rankcloak,1,0.9793534874916077,textcnn,leave_one_model__mistral_7b_instruct_v0_3_q4_k_m,validation,matched_clean_llm,dedup-cluster-1d730332b470450b93b8b767,revision_v1_hmac_sha256_hex_006,qwen2_5_7b_instruct_q4_k_m,segmented_hex_multi_topic,hmac_sha256_hex,forum_practical_answer
detector_pair__3b03895f91be8e3fa2c9f513__ordinary_control,0,7.714317689533345e-06,textcnn,leave_one_model__mistral_7b_instruct_v0_3_q4_k_m,validation,matched_clean_llm,dedup-cluster-982d753609ba3daf81c7d866,revision_v1_sha256_hex_046,qwen2_5_7b_instruct_q4_k_m,segmented_hex_multi_topic,sha256_hex,explain_biological_process
detector_pair__3b03895f91be8e3fa2c9f513__rankcloak,1,1.0,textcnn,leave_one_model__mistral_7b_instruct_v0_3_q4_k_m,validation,matched_clean_llm,dedup-cluster-982d753609ba3daf81c7d866,revision_v1_sha256_hex_046,qwen2_5_7b_instruct_q4_k_m,segmented_hex_multi_topic,sha256_hex,explain_biological_process
detector_pair__3b070e01c305dfad573f7564__ordinary_control,0,0.0006519327289424837,textcnn,leave_one_model__mistral_7b_instruct_v0_3_q4_k_m,validation,matched_clean_llm,dedup-cluster-1a58c45e1a5617daccb29f6e,revision_v1_aes256_gcm_base64_035,qwen2_5_7b_instruct_q4_k_m,nonseg_ascii_b16,aes256_gcm_base64,explain_biological_process
detector_pair__3b070e01c305dfad573f7564__rankcloak,1,0.999987006187439,textcnn,leave_one_model__mistral_7b_instruct_v0_3_q4_k_m,validation,matched_clean_llm,dedup-cluster-1a58c45e1a5617daccb29f6e,revision_v1_aes256_gcm_base64_035,qwen2_5_7b_instruct_q4_k_m,nonseg_ascii_b16,aes256_gcm_base64,explain_biological_process
detector_pair__3b6ef0cd5fbff32d8027105e__ordinary_control,0,0.0002022306580329314,textcnn,leave_one_model__mistral_7b_instruct_v0_3_q4_k_m,validation,matched_clean_llm,dedup-cluster-7b810f2afbcabc7ee462bff7,revision_v1_nonce_96_bit_hex_023,llama3_8b_instruct_q4_k_m,segmented_hex_multi_topic,nonce_96_bit_hex,professional_process_email
detector_pair__3b6ef0cd5fbff32d8027105e__rankcloak,1,0.9962177872657776,textcnn,leave_one_model__mistral_7b_instruct_v0_3_q4_k_m,validation,matched_clean_llm,dedup-cluster-7b810f2afbcabc7ee462bff7,revision_v1_nonce_96_bit_hex_023,llama3_8b_instruct_q4_k_m,segmented_hex_multi_topic,nonce_96_bit_hex,professional_process_email
detector_pair__3bbee65c73f31f6f908ce117__ordinary_control,0,8.009687007870525e-06,textcnn,leave_one_model__mistral_7b_instruct_v0_3_q4_k_m,validation,matched_clean_llm,dedup-cluster-a1abcb49aa12280f617295a6,revision_v1_sha256_hex_034,llama3_8b_instruct_q4_k_m,segmented_hex_multi_topic,sha256_hex,narrative_learning_moment
detector_pair__3bbee65c73f31f6f908ce117__rankcloak,1,0.999637246131897,textcnn,leave_one_model__mistral_7b_instruct_v0_3_q4_k_m,validation,matched_clean_llm,dedup-cluster-a1abcb49aa12280f617295a6,revision_v1_sha256_hex_034,llama3_8b_instruct_q4_k_m,segmented_hex_multi_topic,sha256_hex,narrative_learning_moment
detector_pair__3bcbacc652b9f9765d7c1508__ordinary_control,0,0.0027172728441655636,textcnn,leave_one_model__mistral_7b_instruct_v0_3_q4_k_m,validation,matched_clean_llm,dedup-cluster-21724430ac9765521f1234e5,revision_v1_token_128_bit_hex_056,qwen2_5_7b_instruct_q4_k_m,nonseg_ascii_b8,token_128_bit_hex,casual_hobby_chat
detector_pair__3bcbacc652b9f9765d7c1508__rankcloak,1,0.9963265061378479,textcnn,leave_one_model__mistral_7b_instruct_v0_3_q4_k_m,validation,matched_clean_llm,dedup-cluster-21724430ac9765521f1234e5,revision_v1_token_128_bit_hex_056,qwen2_5_7b_instruct_q4_k_m,nonseg_ascii_b8,token_128_bit_hex,casual_hobby_chat
detector_pair__3be107b304b1108f519f63de__ordinary_control,0,0.005581656005233526,textcnn,leave_one_model__mistral_7b_instruct_v0_3_q4_k_m,validation,matched_clean_llm,dedup-cluster-c588a294c6263bec1e8ad56d,revision_v1_token_128_bit_hex_054,llama3_8b_instruct_q4_k_m,segmented_hex_multi_topic,token_128_bit_hex,procedure_simple_meal
detector_pair__3be107b304b1108f519f63de__rankcloak,1,0.9999872446060181,textcnn,leave_one_model__mistral_7b_instruct_v0_3_q4_k_m,validation,matched_clean_llm,dedup-cluster-c588a294c6263bec1e8ad56d,revision_v1_token_128_bit_hex_054,llama3_8b_instruct_q4_k_m,segmented_hex_multi_topic,token_128_bit_hex,procedure_simple_meal
detector_pair__3c123dd595121164c91a4c54__ordinary_control,0,0.0010312554659321904,textcnn,leave_one_model__mistral_7b_instruct_v0_3_q4_k_m,validation,matched_clean_llm,dedup-cluster-e303bfe023e32c25389ebaf9,revision_v1_token_128_bit_hex_057,llama3_8b_instruct_q4_k_m,nonseg_hex_nibble_b16,token_128_bit_hex,casual_weekend_chat
detector_pair__3c123dd595121164c91a4c54__rankcloak,1,0.9999964237213135,textcnn,leave_one_model__mistral_7b_instruct_v0_3_q4_k_m,validation,matched_clean_llm,dedup-cluster-e303bfe023e32c25389ebaf9,revision_v1_token_128_bit_hex_057,llama3_8b_instruct_q4_k_m,nonseg_hex_nibble_b16,token_128_bit_hex,casual_weekend_chat
detector_pair__3c23328d6e8a0ae3d4ba093e__ordinary_control,0,1.818036821532587e-06,textcnn,leave_one_model__mistral_7b_instruct_v0_3_q4_k_m,validation,matched_clean_llm,dedup-cluster-37d4a9d7e9509ca2f58035f8,revision_v1_hmac_sha256_hex_022,llama3_8b_instruct_q4_k_m,nonseg_ascii_b16,hmac_sha256_hex,explain_everyday_system
detector_pair__3c23328d6e8a0ae3d4ba093e__rankcloak,1,0.9990624785423279,textcnn,leave_one_model__mistral_7b_instruct_v0_3_q4_k_m,validation,matched_clean_llm,dedup-cluster-37d4a9d7e9509ca2f58035f8,revision_v1_hmac_sha256_hex_022,llama3_8b_instruct_q4_k_m,nonseg_ascii_b16,hmac_sha256_hex,explain_everyday_system
detector_pair__3d0937e13ef705d2d1bcc999__ordinary_control,0,0.005439651198685169,textcnn,leave_one_model__mistral_7b_instruct_v0_3_q4_k_m,validation,matched_clean_llm,dedup-cluster-5ace189a35be6720f7c9dc5e,revision_v1_chacha20_poly1305_base64_057,llama3_8b_instruct_q4_k_m,direct_subword_calgacus,chacha20_poly1305_base64,procedure_simple_meal
detector_pair__3d0937e13ef705d2d1bcc999__rankcloak,1,0.9999969005584717,textcnn,leave_one_model__mistral_7b_instruct_v0_3_q4_k_m,validation,matched_clean_llm,dedup-cluster-5ace189a35be6720f7c9dc5e,revision_v1_chacha20_poly1305_base64_057,llama3_8b_instruct_q4_k_m,direct_subword_calgacus,chacha20_poly1305_base64,procedure_simple_meal
detector_pair__3d0f8080531a9ed6edf097b8__ordinary_control,0,1.1696534407690251e-08,textcnn,leave_one_model__mistral_7b_instruct_v0_3_q4_k_m,validation,matched_clean_llm,dedup-cluster-d24ae4dc1ca2dcb4473005f9,revision_v1_hmac_sha256_hex_036,llama3_8b_instruct_q4_k_m,segmented_hex_multi_topic,hmac_sha256_hex,professional_schedule_note
detector_pair__3d0f8080531a9ed6edf097b8__rankcloak,1,0.9964224696159363,textcnn,leave_one_model__mistral_7b_instruct_v0_3_q4_k_m,validation,matched_clean_llm,dedup-cluster-d24ae4dc1ca2dcb4473005f9,revision_v1_hmac_sha256_hex_036,llama3_8b_instruct_q4_k_m,segmented_hex_multi_topic,hmac_sha256_hex,professional_schedule_note
detector_pair__3d736a598410b48ebb92cb2b__ordinary_control,0,0.005913753993809223,textcnn,leave_one_model__mistral_7b_instruct_v0_3_q4_k_m,validation,matched_clean_llm,dedup-cluster-0de80089e8762fad04cb9524,revision_v1_ed25519_signature_base64_046,qwen2_5_7b_instruct_q4_k_m,nonseg_ascii_b8,ed25519_signature_base64,casual_weekend_chat
detector_pair__3d736a598410b48ebb92cb2b__rankcloak,1,0.9972172975540161,textcnn,leave_one_model__mistral_7b_instruct_v0_3_q4_k_m,validation,matched_clean_llm,dedup-cluster-0de80089e8762fad04cb9524,revision_v1_ed25519_signature_base64_046,qwen2_5_7b_instruct_q4_k_m,nonseg_ascii_b8,ed25519_signature_base64,casual_weekend_chat
detector_pair__3d95c93a9624f09446df8eec__ordinary_control,0,0.05817851424217224,textcnn,leave_one_model__mistral_7b_instruct_v0_3_q4_k_m,validation,matched_clean_llm,dedup-cluster-9e865129af4def1fc2a2442c,revision_v1_ed25519_signature_base64_017,llama3_8b_instruct_q4_k_m,direct_subword_calgacus,ed25519_signature_base64,casual_weekend_chat
detector_pair__3d95c93a9624f09446df8eec__rankcloak,1,0.999988317489624,textcnn,leave_one_model__mistral_7b_instruct_v0_3_q4_k_m,validation,matched_clean_llm,dedup-cluster-9e865129af4def1fc2a2442c,revision_v1_ed25519_signature_base64_017,llama3_8b_instruct_q4_k_m,direct_subword_calgacus,ed25519_signature_base64,casual_weekend_chat
detector_pair__3e3fc4b7cf9d5a811011cad3__ordinary_control,0,2.64463722032815e-08,textcnn,leave_one_model__mistral_7b_instruct_v0_3_q4_k_m,validation,matched_clean_llm,dedup-cluster-3f1509f18c269716bcce76a3,revision_v1_aes256_gcm_base64_050,llama3_8b_instruct_q4_k_m,direct_subword_calgacus,aes256_gcm_base64,professional_schedule_note
detector_pair__3e3fc4b7cf9d5a811011cad3__rankcloak,1,0.9992026686668396,textcnn,leave_one_model__mistral_7b_instruct_v0_3_q4_k_m,validation,matched_clean_llm,dedup-cluster-3f1509f18c269716bcce76a3,revision_v1_aes256_gcm_base64_050,llama3_8b_instruct_q4_k_m,direct_subword_calgacus,aes256_gcm_base64,professional_schedule_note
detector_pair__3e40dde9b02988594b2dabce__ordinary_control,0,2.4704360839677975e-05,textcnn,leave_one_model__mistral_7b_instruct_v0_3_q4_k_m,validation,matched_clean_llm,dedup-cluster-48d7da6cd06bde46d05aad3f,revision_v1_sha256_hex_056,qwen2_5_7b_instruct_q4_k_m,direct_subword_calgacus,sha256_hex,procedure_home_task
detector_pair__3e40dde9b02988594b2dabce__rankcloak,1,0.9976689219474792,textcnn,leave_one_model__mistral_7b_instruct_v0_3_q4_k_m,validation,matched_clean_llm,dedup-cluster-48d7da6cd06bde46d05aad3f,revision_v1_sha256_hex_056,qwen2_5_7b_instruct_q4_k_m,direct_subword_calgacus,sha256_hex,procedure_home_task
detector_pair__3e5ce29b513b2bc2d941fcc9__ordinary_control,0,0.0168021097779274,textcnn,leave_one_model__mistral_7b_instruct_v0_3_q4_k_m,validation,matched_clean_llm,dedup-cluster-0401b1baba09fb1c1437ea35,revision_v1_nonce_96_bit_hex_011,qwen2_5_7b_instruct_q4_k_m,segmented_hex_single_topic,nonce_96_bit_hex,forum_purchase_advice
detector_pair__3e5ce29b513b2bc2d941fcc9__rankcloak,1,0.9999070167541504,textcnn,leave_one_model__mistral_7b_instruct_v0_3_q4_k_m,validation,matched_clean_llm,dedup-cluster-0401b1baba09fb1c1437ea35,revision_v1_nonce_96_bit_hex_011,qwen2_5_7b_instruct_q4_k_m,segmented_hex_single_topic,nonce_96_bit_hex,forum_purchase_advice
detector_pair__3e5fd3601b178e6049be87d5__ordinary_control,0,7.207270755316131e-06,textcnn,leave_one_model__mistral_7b_instruct_v0_3_q4_k_m,validation,matched_clean_llm,dedup-cluster-6136de4e90d44eb994005d2a,revision_v1_uuid_v4_051,llama3_8b_instruct_q4_k_m,nonseg_ascii_b8,uuid_v4,professional_project_update
detector_pair__3e5fd3601b178e6049be87d5__rankcloak,1,0.9997896552085876,textcnn,leave_one_model__mistral_7b_instruct_v0_3_q4_k_m,validation,matched_clean_llm,dedup-cluster-6136de4e90d44eb994005d2a,revision_v1_uuid_v4_051,llama3_8b_instruct_q4_k_m,nonseg_ascii_b8,uuid_v4,professional_project_update
detector_pair__3e791e6f81e776a49d8c1f01__ordinary_control,0,0.00010694618686102331,textcnn,leave_one_model__mistral_7b_instruct_v0_3_q4_k_m,validation,matched_clean_llm,dedup-cluster-f71f239b6ba6105b60b970fe,revision_v1_aes256_gcm_base64_049,qwen2_5_7b_instruct_q4_k_m,direct_subword_calgacus,aes256_gcm_base64,professional_process_email
detector_pair__3e791e6f81e776a49d8c1f01__rankcloak,1,0.9999146461486816,textcnn,leave_one_model__mistral_7b_instruct_v0_3_q4_k_m,validation,matched_clean_llm,dedup-cluster-f71f239b6ba6105b60b970fe,revision_v1_aes256_gcm_base64_049,qwen2_5_7b_instruct_q4_k_m,direct_subword_calgacus,aes256_gcm_base64,professional_process_email
detector_pair__3e8922e25c295c823e758437__ordinary_control,0,0.0029592360369861126,textcnn,leave_one_model__mistral_7b_instruct_v0_3_q4_k_m,validation,matched_clean_llm,dedup-cluster-484bc3854d49e18198bd3802,revision_v1_hmac_sha256_hex_050,qwen2_5_7b_instruct_q4_k_m,nonseg_ascii_b16,hmac_sha256_hex,narrative_local_walk
detector_pair__3e8922e25c295c823e758437__rankcloak,1,0.9414018392562866,textcnn,leave_one_model__mistral_7b_instruct_v0_3_q4_k_m,validation,matched_clean_llm,dedup-cluster-484bc3854d49e18198bd3802,revision_v1_hmac_sha256_hex_050,qwen2_5_7b_instruct_q4_k_m,nonseg_ascii_b16,hmac_sha256_hex,narrative_local_walk
detector_pair__3eb78d20ae3b65b02d3046e2__ordinary_control,0,0.5365725755691528,textcnn,leave_one_model__mistral_7b_instruct_v0_3_q4_k_m,validation,matched_clean_llm,dedup-cluster-a9a56840e2c7d4a59a486e62,revision_v1_nonce_96_bit_hex_025,llama3_8b_instruct_q4_k_m,segmented_hex_multi_topic,nonce_96_bit_hex,procedure_simple_meal
detector_pair__3eb78d20ae3b65b02d3046e2__rankcloak,1,0.999995231628418,textcnn,leave_one_model__mistral_7b_instruct_v0_3_q4_k_m,validation,matched_clean_llm,dedup-cluster-a9a56840e2c7d4a59a486e62,revision_v1_nonce_96_bit_hex_025,llama3_8b_instruct_q4_k_m,segmented_hex_multi_topic,nonce_96_bit_hex,procedure_simple_meal
detector_pair__3ed9d405a834946f59aafc87__ordinary_control,0,3.64170155080501e-05,textcnn,leave_one_model__mistral_7b_instruct_v0_3_q4_k_m,validation,matched_clean_llm,dedup-cluster-c588a294c6263bec1e8ad56d,revision_v1_token_128_bit_hex_054,qwen2_5_7b_instruct_q4_k_m,segmented_hex_single_topic,token_128_bit_hex,narrative_local_walk
detector_pair__3ed9d405a834946f59aafc87__rankcloak,1,0.9991173148155212,textcnn,leave_one_model__mistral_7b_instruct_v0_3_q4_k_m,validation,matched_clean_llm,dedup-cluster-c588a294c6263bec1e8ad56d,revision_v1_token_128_bit_hex_054,qwen2_5_7b_instruct_q4_k_m,segmented_hex_single_topic,token_128_bit_hex,narrative_local_walk
detector_pair__3f206faec3d47437d95d1426__ordinary_control,0,0.00019500659254845232,textcnn,leave_one_model__mistral_7b_instruct_v0_3_q4_k_m,validation,matched_clean_llm,dedup-cluster-59f7511f5e7a9e62060c4324,revision_v1_uuid_v4_058,llama3_8b_instruct_q4_k_m,nonseg_ascii_b16,uuid_v4,forum_purchase_advice
detector_pair__3f206faec3d47437d95d1426__rankcloak,1,0.9984889030456543,textcnn,leave_one_model__mistral_7b_instruct_v0_3_q4_k_m,validation,matched_clean_llm,dedup-cluster-59f7511f5e7a9e62060c4324,revision_v1_uuid_v4_058,llama3_8b_instruct_q4_k_m,nonseg_ascii_b16,uuid_v4,forum_purchase_advice
detector_pair__3f7ac94253e2d35c16ae811a__ordinary_control,0,0.005538541357964277,textcnn,leave_one_model__mistral_7b_instruct_v0_3_q4_k_m,validation,matched_clean_llm,dedup-cluster-5650c0ad5d795f7721100b4c,revision_v1_uuid_v4_024,qwen2_5_7b_instruct_q4_k_m,direct_subword_calgacus,uuid_v4,explain_weather_pattern
detector_pair__3f7ac94253e2d35c16ae811a__rankcloak,1,0.7217028737068176,textcnn,leave_one_model__mistral_7b_instruct_v0_3_q4_k_m,validation,matched_clean_llm,dedup-cluster-5650c0ad5d795f7721100b4c,revision_v1_uuid_v4_024,qwen2_5_7b_instruct_q4_k_m,direct_subword_calgacus,uuid_v4,explain_weather_pattern
detector_pair__3f947b2df3af121368c3944b__ordinary_control,0,0.00014063090202398598,textcnn,leave_one_model__mistral_7b_instruct_v0_3_q4_k_m,validation,matched_clean_llm,dedup-cluster-cb374f9ca23dfd168fe55742,revision_v1_hmac_sha256_hex_055,qwen2_5_7b_instruct_q4_k_m,segmented_hex_multi_topic,hmac_sha256_hex,procedure_garden_task
detector_pair__3f947b2df3af121368c3944b__rankcloak,1,0.9856627583503723,textcnn,leave_one_model__mistral_7b_instruct_v0_3_q4_k_m,validation,matched_clean_llm,dedup-cluster-cb374f9ca23dfd168fe55742,revision_v1_hmac_sha256_hex_055,qwen2_5_7b_instruct_q4_k_m,segmented_hex_multi_topic,hmac_sha256_hex,procedure_garden_task
detector_pair__3fa588376027df6ca7e56591__ordinary_control,0,2.356092954869382e-05,textcnn,leave_one_model__mistral_7b_instruct_v0_3_q4_k_m,validation,matched_clean_llm,dedup-cluster-b3aacb3da0049b4608f31b89,revision_v1_aes256_gcm_base64_033,qwen2_5_7b_instruct_q4_k_m,direct_subword_calgacus,aes256_gcm_base64,procedure_garden_task
detector_pair__3fa588376027df6ca7e56591__rankcloak,1,0.9999269247055054,textcnn,leave_one_model__mistral_7b_instruct_v0_3_q4_k_m,validation,matched_clean_llm,dedup-cluster-b3aacb3da0049b4608f31b89,revision_v1_aes256_gcm_base64_033,qwen2_5_7b_instruct_q4_k_m,direct_subword_calgacus,aes256_gcm_base64,procedure_garden_task
detector_pair__3fd435b6cbfbc3a0a7e2a5fc__ordinary_control,0,0.0018735906342044473,textcnn,leave_one_model__mistral_7b_instruct_v0_3_q4_k_m,validation,matched_clean_llm,dedup-cluster-7b810f2afbcabc7ee462bff7,revision_v1_nonce_96_bit_hex_023,qwen2_5_7b_instruct_q4_k_m,segmented_hex_multi_topic,nonce_96_bit_hex,forum_practical_answer
detector_pair__3fd435b6cbfbc3a0a7e2a5fc__rankcloak,1,0.9924403429031372,textcnn,leave_one_model__mistral_7b_instruct_v0_3_q4_k_m,validation,matched_clean_llm,dedup-cluster-7b810f2afbcabc7ee462bff7,revision_v1_nonce_96_bit_hex_023,qwen2_5_7b_instruct_q4_k_m,segmented_hex_multi_topic,nonce_96_bit_hex,forum_practical_answer
detector_pair__3ffafb4ff1b8c6a897a67cc0__ordinary_control,0,1.259686268895166e-05,textcnn,leave_one_model__mistral_7b_instruct_v0_3_q4_k_m,validation,matched_clean_llm,dedup-cluster-32ad4bf593b222d70a8ca962,revision_v1_hmac_sha256_hex_053,llama3_8b_instruct_q4_k_m,segmented_hex_multi_topic,hmac_sha256_hex,casual_weekend_chat
detector_pair__3ffafb4ff1b8c6a897a67cc0__rankcloak,1,0.9996232986450195,textcnn,leave_one_model__mistral_7b_instruct_v0_3_q4_k_m,validation,matched_clean_llm,dedup-cluster-32ad4bf593b222d70a8ca962,revision_v1_hmac_sha256_hex_053,llama3_8b_instruct_q4_k_m,segmented_hex_multi_topic,hmac_sha256_hex,casual_weekend_chat
detector_pair__403a021bfcffa3057c16dc9e__ordinary_control,0,0.0004483301017899066,textcnn,leave_one_model__mistral_7b_instruct_v0_3_q4_k_m,validation,matched_clean_llm,dedup-cluster-339659e6d45626f95acf4c5b,revision_v1_nonce_96_bit_hex_052,qwen2_5_7b_instruct_q4_k_m,direct_subword_calgacus,nonce_96_bit_hex,professional_process_email
detector_pair__403a021bfcffa3057c16dc9e__rankcloak,1,0.1651783585548401,textcnn,leave_one_model__mistral_7b_instruct_v0_3_q4_k_m,validation,matched_clean_llm,dedup-cluster-339659e6d45626f95acf4c5b,revision_v1_nonce_96_bit_hex_052,qwen2_5_7b_instruct_q4_k_m,direct_subword_calgacus,nonce_96_bit_hex,professional_process_email
detector_pair__40ec3e46c9af1285d3e803e4__ordinary_control,0,5.718666216125712e-05,textcnn,leave_one_model__mistral_7b_instruct_v0_3_q4_k_m,validation,matched_clean_llm,dedup-cluster-d028afde8d3446e776f3bdbf,revision_v1_hmac_sha256_hex_013,qwen2_5_7b_instruct_q4_k_m,nonseg_ascii_b8,hmac_sha256_hex,procedure_home_task
detector_pair__40ec3e46c9af1285d3e803e4__rankcloak,1,0.9999805688858032,textcnn,leave_one_model__mistral_7b_instruct_v0_3_q4_k_m,validation,matched_clean_llm,dedup-cluster-d028afde8d3446e776f3bdbf,revision_v1_hmac_sha256_hex_013,qwen2_5_7b_instruct_q4_k_m,nonseg_ascii_b8,hmac_sha256_hex,procedure_home_task
detector_pair__41065245895fa5822e80e9db__ordinary_control,0,0.6520614624023438,textcnn,leave_one_model__mistral_7b_instruct_v0_3_q4_k_m,validation,matched_clean_llm,dedup-cluster-b814eb53fabc825fc651b86a,revision_v1_chacha20_poly1305_base64_029,llama3_8b_instruct_q4_k_m,nonseg_ascii_b16,chacha20_poly1305_base64,explain_everyday_system
detector_pair__41065245895fa5822e80e9db__rankcloak,1,0.999936580657959,textcnn,leave_one_model__mistral_7b_instruct_v0_3_q4_k_m,validation,matched_clean_llm,dedup-cluster-b814eb53fabc825fc651b86a,revision_v1_chacha20_poly1305_base64_029,llama3_8b_instruct_q4_k_m,nonseg_ascii_b16,chacha20_poly1305_base64,explain_everyday_system
detector_pair__413d4a3ff52eaead8c0cde4e__ordinary_control,0,3.0006447559571825e-05,textcnn,leave_one_model__mistral_7b_instruct_v0_3_q4_k_m,validation,matched_clean_llm,dedup-cluster-631342e4862923cce8d3242b,revision_v1_sha256_hex_029,llama3_8b_instruct_q4_k_m,segmented_hex_single_topic,sha256_hex,explain_everyday_system
detector_pair__413d4a3ff52eaead8c0cde4e__rankcloak,1,0.8774278163909912,textcnn,leave_one_model__mistral_7b_instruct_v0_3_q4_k_m,validation,matched_clean_llm,dedup-cluster-631342e4862923cce8d3242b,revision_v1_sha256_hex_029,llama3_8b_instruct_q4_k_m,segmented_hex_single_topic,sha256_hex,explain_everyday_system
detector_pair__4146a3f822b06b2bd6b1b536__ordinary_control,0,1.1827976322820177e-06,textcnn,leave_one_model__mistral_7b_instruct_v0_3_q4_k_m,validation,matched_clean_llm,dedup-cluster-6d140bf45feadd3404291e51,revision_v1_uuid_v4_049,qwen2_5_7b_instruct_q4_k_m,direct_subword_calgacus,uuid_v4,casual_hobby_chat
detector_pair__4146a3f822b06b2bd6b1b536__rankcloak,1,0.6558270454406738,textcnn,leave_one_model__mistral_7b_instruct_v0_3_q4_k_m,validation,matched_clean_llm,dedup-cluster-6d140bf45feadd3404291e51,revision_v1_uuid_v4_049,qwen2_5_7b_instruct_q4_k_m,direct_subword_calgacus,uuid_v4,casual_hobby_chat
detector_pair__4162da92f572125feeaa62bd__ordinary_control,0,8.480610995320603e-05,textcnn,leave_one_model__mistral_7b_instruct_v0_3_q4_k_m,validation,matched_clean_llm,dedup-cluster-a1abcb49aa12280f617295a6,revision_v1_sha256_hex_034,llama3_8b_instruct_q4_k_m,nonseg_ascii_b8,sha256_hex,narrative_learning_moment
detector_pair__4162da92f572125feeaa62bd__rankcloak,1,0.9916742444038391,textcnn,leave_one_model__mistral_7b_instruct_v0_3_q4_k_m,validation,matched_clean_llm,dedup-cluster-a1abcb49aa12280f617295a6,revision_v1_sha256_hex_034,llama3_8b_instruct_q4_k_m,nonseg_ascii_b8,sha256_hex,narrative_learning_moment
detector_pair__4178f43c3a5fdf08c1495596__ordinary_control,0,0.002977644558995962,textcnn,leave_one_model__mistral_7b_instruct_v0_3_q4_k_m,validation,matched_clean_llm,dedup-cluster-a518c0db7bd9dc8b2ff3b50a,revision_v1_uuid_v4_010,llama3_8b_instruct_q4_k_m,nonseg_ascii_b8,uuid_v4,forum_learning_answer
detector_pair__4178f43c3a5fdf08c1495596__rankcloak,1,0.975941002368927,textcnn,leave_one_model__mistral_7b_instruct_v0_3_q4_k_m,validation,matched_clean_llm,dedup-cluster-a518c0db7bd9dc8b2ff3b50a,revision_v1_uuid_v4_010,llama3_8b_instruct_q4_k_m,nonseg_ascii_b8,uuid_v4,forum_learning_answer
detector_pair__41c2fa9ac81a3bd9d361c4ec__ordinary_control,0,0.00039436915540136397,textcnn,leave_one_model__mistral_7b_instruct_v0_3_q4_k_m,validation,matched_clean_llm,dedup-cluster-725b5797405341915f74ba63,revision_v1_token_128_bit_hex_006,qwen2_5_7b_instruct_q4_k_m,segmented_hex_single_topic,token_128_bit_hex,narrative_learning_moment
detector_pair__41c2fa9ac81a3bd9d361c4ec__rankcloak,1,0.7015756368637085,textcnn,leave_one_model__mistral_7b_instruct_v0_3_q4_k_m,validation,matched_clean_llm,dedup-cluster-725b5797405341915f74ba63,revision_v1_token_128_bit_hex_006,qwen2_5_7b_instruct_q4_k_m,segmented_hex_single_topic,token_128_bit_hex,narrative_learning_moment
detector_pair__41e06173c6d3d1c017cdf1fa__ordinary_control,0,0.7120776772499084,textcnn,leave_one_model__mistral_7b_instruct_v0_3_q4_k_m,validation,matched_clean_llm,dedup-cluster-c588a294c6263bec1e8ad56d,revision_v1_token_128_bit_hex_054,llama3_8b_instruct_q4_k_m,direct_subword_calgacus,token_128_bit_hex,procedure_simple_meal
detector_pair__41e06173c6d3d1c017cdf1fa__rankcloak,1,0.9962020516395569,textcnn,leave_one_model__mistral_7b_instruct_v0_3_q4_k_m,validation,matched_clean_llm,dedup-cluster-c588a294c6263bec1e8ad56d,revision_v1_token_128_bit_hex_054,llama3_8b_instruct_q4_k_m,direct_subword_calgacus,token_128_bit_hex,procedure_simple_meal
detector_pair__41efacd3db056c3727cd6847__ordinary_control,0,0.002094235736876726,textcnn,leave_one_model__mistral_7b_instruct_v0_3_q4_k_m,validation,matched_clean_llm,dedup-cluster-0eb47bf23cdaa7b54a0335a2,revision_v1_token_128_bit_hex_055,qwen2_5_7b_instruct_q4_k_m,segmented_hex_single_topic,token_128_bit_hex,explain_everyday_system
detector_pair__41efacd3db056c3727cd6847__rankcloak,1,0.925541341304779,textcnn,leave_one_model__mistral_7b_instruct_v0_3_q4_k_m,validation,matched_clean_llm,dedup-cluster-0eb47bf23cdaa7b54a0335a2,revision_v1_token_128_bit_hex_055,qwen2_5_7b_instruct_q4_k_m,segmented_hex_single_topic,token_128_bit_hex,explain_everyday_system
detector_pair__424064417221594c4aa6a086__ordinary_control,0,0.0037183910608291626,textcnn,leave_one_model__mistral_7b_instruct_v0_3_q4_k_m,validation,matched_clean_llm,dedup-cluster-37d4a9d7e9509ca2f58035f8,revision_v1_hmac_sha256_hex_022,llama3_8b_instruct_q4_k_m,segmented_hex_multi_topic,hmac_sha256_hex,explain_everyday_system
detector_pair__424064417221594c4aa6a086__rankcloak,1,0.041742920875549316,textcnn,leave_one_model__mistral_7b_instruct_v0_3_q4_k_m,validation,matched_clean_llm,dedup-cluster-37d4a9d7e9509ca2f58035f8,revision_v1_hmac_sha256_hex_022,llama3_8b_instruct_q4_k_m,segmented_hex_multi_topic,hmac_sha256_hex,explain_everyday_system
detector_pair__42ba29bb4c4f5dc728430ca2__ordinary_control,0,0.0001114101687562652,textcnn,leave_one_model__mistral_7b_instruct_v0_3_q4_k_m,validation,matched_clean_llm,dedup-cluster-21724430ac9765521f1234e5,revision_v1_token_128_bit_hex_056,qwen2_5_7b_instruct_q4_k_m,direct_subword_calgacus,token_128_bit_hex,casual_hobby_chat
detector_pair__42ba29bb4c4f5dc728430ca2__rankcloak,1,0.0024582280311733484,textcnn,leave_one_model__mistral_7b_instruct_v0_3_q4_k_m,validation,matched_clean_llm,dedup-cluster-21724430ac9765521f1234e5,revision_v1_token_128_bit_hex_056,qwen2_5_7b_instruct_q4_k_m,direct_subword_calgacus,token_128_bit_hex,casual_hobby_chat
detector_pair__4314d7f30f6c4104828d0aa3__ordinary_control,0,0.004306820686906576,textcnn,leave_one_model__mistral_7b_instruct_v0_3_q4_k_m,validation,matched_clean_llm,dedup-cluster-4f6ab2ce0956867e1b0b1bad,revision_v1_hmac_sha256_hex_043,qwen2_5_7b_instruct_q4_k_m,segmented_hex_single_topic,hmac_sha256_hex,procedure_simple_meal
detector_pair__4314d7f30f6c4104828d0aa3__rankcloak,1,0.9997931122779846,textcnn,leave_one_model__mistral_7b_instruct_v0_3_q4_k_m,validation,matched_clean_llm,dedup-cluster-4f6ab2ce0956867e1b0b1bad,revision_v1_hmac_sha256_hex_043,qwen2_5_7b_instruct_q4_k_m,segmented_hex_single_topic,hmac_sha256_hex,procedure_simple_meal
detector_pair__4315cab3b807e64070d72025__ordinary_control,0,0.00020794651936739683,textcnn,leave_one_model__mistral_7b_instruct_v0_3_q4_k_m,validation,matched_clean_llm,dedup-cluster-32ad4bf593b222d70a8ca962,revision_v1_hmac_sha256_hex_053,llama3_8b_instruct_q4_k_m,nonseg_hex_nibble_b16,hmac_sha256_hex,casual_weekend_chat
detector_pair__4315cab3b807e64070d72025__rankcloak,1,0.9961075186729431,textcnn,leave_one_model__mistral_7b_instruct_v0_3_q4_k_m,validation,matched_clean_llm,dedup-cluster-32ad4bf593b222d70a8ca962,revision_v1_hmac_sha256_hex_053,llama3_8b_instruct_q4_k_m,nonseg_hex_nibble_b16,hmac_sha256_hex,casual_weekend_chat
detector_pair__435945ee3c30e2ad9d5ad3f0__ordinary_control,0,0.005522425286471844,textcnn,leave_one_model__mistral_7b_instruct_v0_3_q4_k_m,validation,matched_clean_llm,dedup-cluster-d6ec75465813ed2c729c38e9,revision_v1_aes256_gcm_base64_053,qwen2_5_7b_instruct_q4_k_m,nonseg_ascii_b8,aes256_gcm_base64,explain_biological_process
detector_pair__435945ee3c30e2ad9d5ad3f0__rankcloak,1,0.9996404647827148,textcnn,leave_one_model__mistral_7b_instruct_v0_3_q4_k_m,validation,matched_clean_llm,dedup-cluster-d6ec75465813ed2c729c38e9,revision_v1_aes256_gcm_base64_053,qwen2_5_7b_instruct_q4_k_m,nonseg_ascii_b8,aes256_gcm_base64,explain_biological_process
detector_pair__438c7735c24eadf48a79abad__ordinary_control,0,0.001777751836925745,textcnn,leave_one_model__mistral_7b_instruct_v0_3_q4_k_m,validation,matched_clean_llm,dedup-cluster-e8b46972e25b5d16f253b139,revision_v1_nonce_96_bit_hex_005,qwen2_5_7b_instruct_q4_k_m,segmented_hex_single_topic,nonce_96_bit_hex,forum_practical_answer
detector_pair__438c7735c24eadf48a79abad__rankcloak,1,0.9948729872703552,textcnn,leave_one_model__mistral_7b_instruct_v0_3_q4_k_m,validation,matched_clean_llm,dedup-cluster-e8b46972e25b5d16f253b139,revision_v1_nonce_96_bit_hex_005,qwen2_5_7b_instruct_q4_k_m,segmented_hex_single_topic,nonce_96_bit_hex,forum_practical_answer
detector_pair__43b6d825e5a4bab440473241__ordinary_control,0,0.011485183611512184,textcnn,leave_one_model__mistral_7b_instruct_v0_3_q4_k_m,validation,matched_clean_llm,dedup-cluster-631342e4862923cce8d3242b,revision_v1_sha256_hex_029,llama3_8b_instruct_q4_k_m,segmented_hex_single_topic,sha256_hex,explain_everyday_system
detector_pair__43b6d825e5a4bab440473241__rankcloak,1,0.9994719624519348,textcnn,leave_one_model__mistral_7b_instruct_v0_3_q4_k_m,validation,matched_clean_llm,dedup-cluster-631342e4862923cce8d3242b,revision_v1_sha256_hex_029,llama3_8b_instruct_q4_k_m,segmented_hex_single_topic,sha256_hex,explain_everyday_system
detector_pair__43d98182107d377fe2bd43bd__ordinary_control,0,1.2370491276669782e-05,textcnn,leave_one_model__mistral_7b_instruct_v0_3_q4_k_m,validation,matched_clean_llm,dedup-cluster-0401b1baba09fb1c1437ea35,revision_v1_nonce_96_bit_hex_011,qwen2_5_7b_instruct_q4_k_m,nonseg_hex_nibble_b16,nonce_96_bit_hex,forum_purchase_advice
detector_pair__43d98182107d377fe2bd43bd__rankcloak,1,0.9837168455123901,textcnn,leave_one_model__mistral_7b_instruct_v0_3_q4_k_m,validation,matched_clean_llm,dedup-cluster-0401b1baba09fb1c1437ea35,revision_v1_nonce_96_bit_hex_011,qwen2_5_7b_instruct_q4_k_m,nonseg_hex_nibble_b16,nonce_96_bit_hex,forum_purchase_advice
detector_pair__43f36b0fb39bcad5db58de18__ordinary_control,0,0.0003683697432279587,textcnn,leave_one_model__mistral_7b_instruct_v0_3_q4_k_m,validation,matched_clean_llm,dedup-cluster-23821a91b342f8bd757bd354,revision_v1_aes256_gcm_base64_009,qwen2_5_7b_instruct_q4_k_m,nonseg_ascii_b8,aes256_gcm_base64,procedure_home_task
detector_pair__43f36b0fb39bcad5db58de18__rankcloak,1,0.9999195337295532,textcnn,leave_one_model__mistral_7b_instruct_v0_3_q4_k_m,validation,matched_clean_llm,dedup-cluster-23821a91b342f8bd757bd354,revision_v1_aes256_gcm_base64_009,qwen2_5_7b_instruct_q4_k_m,nonseg_ascii_b8,aes256_gcm_base64,procedure_home_task
detector_pair__446e2a7941654eacd2408560__ordinary_control,0,0.0031484239734709263,textcnn,leave_one_model__mistral_7b_instruct_v0_3_q4_k_m,validation,matched_clean_llm,dedup-cluster-ead69251c7d45a2f2e36dc76,revision_v1_ed25519_signature_base64_004,qwen2_5_7b_instruct_q4_k_m,nonseg_ascii_b8,ed25519_signature_base64,casual_neighborhood_chat
detector_pair__446e2a7941654eacd2408560__rankcloak,1,0.9999204874038696,textcnn,leave_one_model__mistral_7b_instruct_v0_3_q4_k_m,validation,matched_clean_llm,dedup-cluster-ead69251c7d45a2f2e36dc76,revision_v1_ed25519_signature_base64_004,qwen2_5_7b_instruct_q4_k_m,nonseg_ascii_b8,ed25519_signature_base64,casual_neighborhood_chat
detector_pair__44e18a7899fd14863a1f5a72__ordinary_control,0,0.0009551902767270803,textcnn,leave_one_model__mistral_7b_instruct_v0_3_q4_k_m,validation,matched_clean_llm,dedup-cluster-1658921bbd26cede8f32a38a,revision_v1_ed25519_signature_base64_033,qwen2_5_7b_instruct_q4_k_m,nonseg_ascii_b16,ed25519_signature_base64,explain_everyday_system
detector_pair__44e18a7899fd14863a1f5a72__rankcloak,1,0.9999947547912598,textcnn,leave_one_model__mistral_7b_instruct_v0_3_q4_k_m,validation,matched_clean_llm,dedup-cluster-1658921bbd26cede8f32a38a,revision_v1_ed25519_signature_base64_033,qwen2_5_7b_instruct_q4_k_m,nonseg_ascii_b16,ed25519_signature_base64,explain_everyday_system
detector_pair__44f7dbb94b4ab4b8724a8266__ordinary_control,0,0.00010544685937929899,textcnn,leave_one_model__mistral_7b_instruct_v0_3_q4_k_m,validation,matched_clean_llm,dedup-cluster-1e608c8c5860067de2774eaa,revision_v1_uuid_v4_008,qwen2_5_7b_instruct_q4_k_m,nonseg_ascii_b16,uuid_v4,professional_project_update
detector_pair__44f7dbb94b4ab4b8724a8266__rankcloak,1,0.9987014532089233,textcnn,leave_one_model__mistral_7b_instruct_v0_3_q4_k_m,validation,matched_clean_llm,dedup-cluster-1e608c8c5860067de2774eaa,revision_v1_uuid_v4_008,qwen2_5_7b_instruct_q4_k_m,nonseg_ascii_b16,uuid_v4,professional_project_update
detector_pair__452b446142d4da80b56165ed__ordinary_control,0,3.493625627015717e-05,textcnn,leave_one_model__mistral_7b_instruct_v0_3_q4_k_m,validation,matched_clean_llm,dedup-cluster-1a58c45e1a5617daccb29f6e,revision_v1_aes256_gcm_base64_035,llama3_8b_instruct_q4_k_m,direct_subword_calgacus,aes256_gcm_base64,narrative_local_walk
detector_pair__452b446142d4da80b56165ed__rankcloak,1,0.9413108229637146,textcnn,leave_one_model__mistral_7b_instruct_v0_3_q4_k_m,validation,matched_clean_llm,dedup-cluster-1a58c45e1a5617daccb29f6e,revision_v1_aes256_gcm_base64_035,llama3_8b_instruct_q4_k_m,direct_subword_calgacus,aes256_gcm_base64,narrative_local_walk
detector_pair__454b5e00bde6f908c8187afa__ordinary_control,0,0.0009776437655091286,textcnn,leave_one_model__mistral_7b_instruct_v0_3_q4_k_m,validation,matched_clean_llm,dedup-cluster-a518c0db7bd9dc8b2ff3b50a,revision_v1_uuid_v4_010,llama3_8b_instruct_q4_k_m,direct_subword_calgacus,uuid_v4,forum_learning_answer
detector_pair__454b5e00bde6f908c8187afa__rankcloak,1,0.041300248354673386,textcnn,leave_one_model__mistral_7b_instruct_v0_3_q4_k_m,validation,matched_clean_llm,dedup-cluster-a518c0db7bd9dc8b2ff3b50a,revision_v1_uuid_v4_010,llama3_8b_instruct_q4_k_m,direct_subword_calgacus,uuid_v4,forum_learning_answer
detector_pair__459ccf43f017161a614d8780__ordinary_control,0,0.0004747755010612309,textcnn,leave_one_model__mistral_7b_instruct_v0_3_q4_k_m,validation,matched_clean_llm,dedup-cluster-c1384975805483ef72db522a,revision_v1_uuid_v4_047,qwen2_5_7b_instruct_q4_k_m,nonseg_ascii_b16,uuid_v4,narrative_small_discovery
detector_pair__459ccf43f017161a614d8780__rankcloak,1,0.9993114471435547,textcnn,leave_one_model__mistral_7b_instruct_v0_3_q4_k_m,validation,matched_clean_llm,dedup-cluster-c1384975805483ef72db522a,revision_v1_uuid_v4_047,qwen2_5_7b_instruct_q4_k_m,nonseg_ascii_b16,uuid_v4,narrative_small_discovery
detector_pair__45acd7f635c58fe059ca6c79__ordinary_control,0,0.10550875961780548,textcnn,leave_one_model__mistral_7b_instruct_v0_3_q4_k_m,validation,matched_clean_llm,dedup-cluster-8bfe7043c327d3a82a41f9ad,revision_v1_ed25519_signature_base64_050,llama3_8b_instruct_q4_k_m,direct_subword_calgacus,ed25519_signature_base64,procedure_simple_meal
detector_pair__45acd7f635c58fe059ca6c79__rankcloak,1,0.9918871521949768,textcnn,leave_one_model__mistral_7b_instruct_v0_3_q4_k_m,validation,matched_clean_llm,dedup-cluster-8bfe7043c327d3a82a41f9ad,revision_v1_ed25519_signature_base64_050,llama3_8b_instruct_q4_k_m,direct_subword_calgacus,ed25519_signature_base64,procedure_simple_meal
detector_pair__46491e56c81b901534a09f78__ordinary_control,0,0.01042651291936636,textcnn,leave_one_model__mistral_7b_instruct_v0_3_q4_k_m,validation,matched_clean_llm,dedup-cluster-9b8e2659fd534e6fb2b81afc,revision_v1_ed25519_signature_base64_027,qwen2_5_7b_instruct_q4_k_m,direct_subword_calgacus,ed25519_signature_base64,explain_weather_pattern
detector_pair__46491e56c81b901534a09f78__rankcloak,1,0.9999902248382568,textcnn,leave_one_model__mistral_7b_instruct_v0_3_q4_k_m,validation,matched_clean_llm,dedup-cluster-9b8e2659fd534e6fb2b81afc,revision_v1_ed25519_signature_base64_027,qwen2_5_7b_instruct_q4_k_m,direct_subword_calgacus,ed25519_signature_base64,explain_weather_pattern
detector_pair__46ac1efb3ca4f765961cb201__ordinary_control,0,0.005451114848256111,textcnn,leave_one_model__mistral_7b_instruct_v0_3_q4_k_m,validation,matched_clean_llm,dedup-cluster-02520044ca48813bb14ebc78,revision_v1_aes256_gcm_base64_003,qwen2_5_7b_instruct_q4_k_m,nonseg_ascii_b16,aes256_gcm_base64,procedure_simple_meal
detector_pair__46ac1efb3ca4f765961cb201__rankcloak,1,0.989538848400116,textcnn,leave_one_model__mistral_7b_instruct_v0_3_q4_k_m,validation,matched_clean_llm,dedup-cluster-02520044ca48813bb14ebc78,revision_v1_aes256_gcm_base64_003,qwen2_5_7b_instruct_q4_k_m,nonseg_ascii_b16,aes256_gcm_base64,procedure_simple_meal
detector_pair__46b30637517c7599dae6ea15__ordinary_control,0,0.0010017033200711012,textcnn,leave_one_model__mistral_7b_instruct_v0_3_q4_k_m,validation,matched_clean_llm,dedup-cluster-0eb47bf23cdaa7b54a0335a2,revision_v1_token_128_bit_hex_055,qwen2_5_7b_instruct_q4_k_m,segmented_hex_multi_topic,token_128_bit_hex,explain_everyday_system
detector_pair__46b30637517c7599dae6ea15__rankcloak,1,0.7655054926872253,textcnn,leave_one_model__mistral_7b_instruct_v0_3_q4_k_m,validation,matched_clean_llm,dedup-cluster-0eb47bf23cdaa7b54a0335a2,revision_v1_token_128_bit_hex_055,qwen2_5_7b_instruct_q4_k_m,segmented_hex_multi_topic,token_128_bit_hex,explain_everyday_system
detector_pair__47073e38f5ae3a1bcb817580__ordinary_control,0,0.020902926102280617,textcnn,leave_one_model__mistral_7b_instruct_v0_3_q4_k_m,validation,matched_clean_llm,dedup-cluster-a34a1c3f812dbedb8252c73c,revision_v1_ed25519_signature_base64_015,qwen2_5_7b_instruct_q4_k_m,direct_subword_calgacus,ed25519_signature_base64,explain_everyday_system
detector_pair__47073e38f5ae3a1bcb817580__rankcloak,1,0.9999376535415649,textcnn,leave_one_model__mistral_7b_instruct_v0_3_q4_k_m,validation,matched_clean_llm,dedup-cluster-a34a1c3f812dbedb8252c73c,revision_v1_ed25519_signature_base64_015,qwen2_5_7b_instruct_q4_k_m,direct_subword_calgacus,ed25519_signature_base64,explain_everyday_system
detector_pair__47636cf2485527f96a5fcc06__ordinary_control,0,0.00011751869169529527,textcnn,leave_one_model__mistral_7b_instruct_v0_3_q4_k_m,validation,matched_clean_llm,dedup-cluster-c581ece2a3e5e2c3b74d6d5e,revision_v1_chacha20_poly1305_base64_016,qwen2_5_7b_instruct_q4_k_m,nonseg_ascii_b16,chacha20_poly1305_base64,explain_weather_pattern
detector_pair__47636cf2485527f96a5fcc06__rankcloak,1,0.9998410940170288,textcnn,leave_one_model__mistral_7b_instruct_v0_3_q4_k_m,validation,matched_clean_llm,dedup-cluster-c581ece2a3e5e2c3b74d6d5e,revision_v1_chacha20_poly1305_base64_016,qwen2_5_7b_instruct_q4_k_m,nonseg_ascii_b16,chacha20_poly1305_base64,explain_weather_pattern
detector_pair__477cab3afc6202971131f2b9__ordinary_control,0,0.0006458944990299642,textcnn,leave_one_model__mistral_7b_instruct_v0_3_q4_k_m,validation,matched_clean_llm,dedup-cluster-c588a294c6263bec1e8ad56d,revision_v1_token_128_bit_hex_054,llama3_8b_instruct_q4_k_m,segmented_hex_single_topic,token_128_bit_hex,procedure_simple_meal
detector_pair__477cab3afc6202971131f2b9__rankcloak,1,0.1973595917224884,textcnn,leave_one_model__mistral_7b_instruct_v0_3_q4_k_m,validation,matched_clean_llm,dedup-cluster-c588a294c6263bec1e8ad56d,revision_v1_token_128_bit_hex_054,llama3_8b_instruct_q4_k_m,segmented_hex_single_topic,token_128_bit_hex,procedure_simple_meal
detector_pair__4787a05be7f9dd3e76887394__ordinary_control,0,1.2031267942802515e-05,textcnn,leave_one_model__mistral_7b_instruct_v0_3_q4_k_m,validation,matched_clean_llm,dedup-cluster-d6ec75465813ed2c729c38e9,revision_v1_aes256_gcm_base64_053,llama3_8b_instruct_q4_k_m,nonseg_ascii_b8,aes256_gcm_base64,narrative_local_walk
detector_pair__4787a05be7f9dd3e76887394__rankcloak,1,0.28720393776893616,textcnn,leave_one_model__mistral_7b_instruct_v0_3_q4_k_m,validation,matched_clean_llm,dedup-cluster-d6ec75465813ed2c729c38e9,revision_v1_aes256_gcm_base64_053,llama3_8b_instruct_q4_k_m,nonseg_ascii_b8,aes256_gcm_base64,narrative_local_walk
detector_pair__47f52d962d7e223dd30edafe__ordinary_control,0,0.0016621692338958383,textcnn,leave_one_model__mistral_7b_instruct_v0_3_q4_k_m,validation,matched_clean_llm,dedup-cluster-d24ae4dc1ca2dcb4473005f9,revision_v1_hmac_sha256_hex_036,llama3_8b_instruct_q4_k_m,nonseg_ascii_b8,hmac_sha256_hex,professional_schedule_note
detector_pair__47f52d962d7e223dd30edafe__rankcloak,1,0.9991819262504578,textcnn,leave_one_model__mistral_7b_instruct_v0_3_q4_k_m,validation,matched_clean_llm,dedup-cluster-d24ae4dc1ca2dcb4473005f9,revision_v1_hmac_sha256_hex_036,llama3_8b_instruct_q4_k_m,nonseg_ascii_b8,hmac_sha256_hex,professional_schedule_note
detector_pair__4815776446fdc3276f6c4e7c__ordinary_control,0,0.007629891857504845,textcnn,leave_one_model__mistral_7b_instruct_v0_3_q4_k_m,validation,matched_clean_llm,dedup-cluster-298834ce3caac8f77b13ddc3,revision_v1_aes256_gcm_base64_031,qwen2_5_7b_instruct_q4_k_m,nonseg_ascii_b8,aes256_gcm_base64,professional_process_email
detector_pair__4815776446fdc3276f6c4e7c__rankcloak,1,0.9999977350234985,textcnn,leave_one_model__mistral_7b_instruct_v0_3_q4_k_m,validation,matched_clean_llm,dedup-cluster-298834ce3caac8f77b13ddc3,revision_v1_aes256_gcm_base64_031,qwen2_5_7b_instruct_q4_k_m,nonseg_ascii_b8,aes256_gcm_base64,professional_process_email
detector_pair__4842e0ddf277553849c8229e__ordinary_control,0,3.667051089450979e-07,textcnn,leave_one_model__mistral_7b_instruct_v0_3_q4_k_m,validation,matched_clean_llm,dedup-cluster-e303bfe023e32c25389ebaf9,revision_v1_token_128_bit_hex_057,llama3_8b_instruct_q4_k_m,segmented_hex_multi_topic,token_128_bit_hex,casual_weekend_chat
detector_pair__4842e0ddf277553849c8229e__rankcloak,1,0.9968568086624146,textcnn,leave_one_model__mistral_7b_instruct_v0_3_q4_k_m,validation,matched_clean_llm,dedup-cluster-e303bfe023e32c25389ebaf9,revision_v1_token_128_bit_hex_057,llama3_8b_instruct_q4_k_m,segmented_hex_multi_topic,token_128_bit_hex,casual_weekend_chat
detector_pair__4866bda13d5c13047e13a744__ordinary_control,0,0.01619965024292469,textcnn,leave_one_model__mistral_7b_instruct_v0_3_q4_k_m,validation,matched_clean_llm,dedup-cluster-edb6b099f1dff5a3bddeca8c,revision_v1_sha256_hex_012,qwen2_5_7b_instruct_q4_k_m,segmented_hex_single_topic,sha256_hex,professional_project_update
detector_pair__4866bda13d5c13047e13a744__rankcloak,1,0.9998321533203125,textcnn,leave_one_model__mistral_7b_instruct_v0_3_q4_k_m,validation,matched_clean_llm,dedup-cluster-edb6b099f1dff5a3bddeca8c,revision_v1_sha256_hex_012,qwen2_5_7b_instruct_q4_k_m,segmented_hex_single_topic,sha256_hex,professional_project_update
detector_pair__4888c24667b3b1d099d6878b__ordinary_control,0,5.9683188737835735e-05,textcnn,leave_one_model__mistral_7b_instruct_v0_3_q4_k_m,validation,matched_clean_llm,dedup-cluster-48d7da6cd06bde46d05aad3f,revision_v1_sha256_hex_056,llama3_8b_instruct_q4_k_m,nonseg_ascii_b8,sha256_hex,forum_practical_answer
detector_pair__4888c24667b3b1d099d6878b__rankcloak,1,0.9456613063812256,textcnn,leave_one_model__mistral_7b_instruct_v0_3_q4_k_m,validation,matched_clean_llm,dedup-cluster-48d7da6cd06bde46d05aad3f,revision_v1_sha256_hex_056,llama3_8b_instruct_q4_k_m,nonseg_ascii_b8,sha256_hex,forum_practical_answer
detector_pair__48dcf0c848ec52bc0f0a92b9__ordinary_control,0,0.04831329733133316,textcnn,leave_one_model__mistral_7b_instruct_v0_3_q4_k_m,validation,matched_clean_llm,dedup-cluster-4f6ab2ce0956867e1b0b1bad,revision_v1_hmac_sha256_hex_043,llama3_8b_instruct_q4_k_m,nonseg_ascii_b16,hmac_sha256_hex,forum_learning_answer
detector_pair__48dcf0c848ec52bc0f0a92b9__rankcloak,1,0.9999966621398926,textcnn,leave_one_model__mistral_7b_instruct_v0_3_q4_k_m,validation,matched_clean_llm,dedup-cluster-4f6ab2ce0956867e1b0b1bad,revision_v1_hmac_sha256_hex_043,llama3_8b_instruct_q4_k_m,nonseg_ascii_b16,hmac_sha256_hex,forum_learning_answer
detector_pair__49045d6ec6b2750fb069f0d9__ordinary_control,0,4.024083864351269e-06,textcnn,leave_one_model__mistral_7b_instruct_v0_3_q4_k_m,validation,matched_clean_llm,dedup-cluster-e39d52527261844e25cbad0b,revision_v1_uuid_v4_006,llama3_8b_instruct_q4_k_m,nonseg_ascii_b8,uuid_v4,narrative_learning_moment
detector_pair__49045d6ec6b2750fb069f0d9__rankcloak,1,0.9999978542327881,textcnn,leave_one_model__mistral_7b_instruct_v0_3_q4_k_m,validation,matched_clean_llm,dedup-cluster-e39d52527261844e25cbad0b,revision_v1_uuid_v4_006,llama3_8b_instruct_q4_k_m,nonseg_ascii_b8,uuid_v4,narrative_learning_moment
detector_pair__49502936e7b7337c9a89d302__ordinary_control,0,0.0055456627160310745,textcnn,leave_one_model__mistral_7b_instruct_v0_3_q4_k_m,validation,matched_clean_llm,dedup-cluster-a1abcb49aa12280f617295a6,revision_v1_sha256_hex_034,qwen2_5_7b_instruct_q4_k_m,direct_subword_calgacus,sha256_hex,explain_weather_pattern
detector_pair__49502936e7b7337c9a89d302__rankcloak,1,0.9999979734420776,textcnn,leave_one_model__mistral_7b_instruct_v0_3_q4_k_m,validation,matched_clean_llm,dedup-cluster-a1abcb49aa12280f617295a6,revision_v1_sha256_hex_034,qwen2_5_7b_instruct_q4_k_m,direct_subword_calgacus,sha256_hex,explain_weather_pattern
detector_pair__49764929f0107636b21afda1__ordinary_control,0,0.0016618921654298902,textcnn,leave_one_model__mistral_7b_instruct_v0_3_q4_k_m,validation,matched_clean_llm,dedup-cluster-cdae81a0da256f43636cdb0c,revision_v1_chacha20_poly1305_base64_024,qwen2_5_7b_instruct_q4_k_m,nonseg_ascii_b16,chacha20_poly1305_base64,professional_process_email
detector_pair__49764929f0107636b21afda1__rankcloak,1,0.9999827146530151,textcnn,leave_one_model__mistral_7b_instruct_v0_3_q4_k_m,validation,matched_clean_llm,dedup-cluster-cdae81a0da256f43636cdb0c,revision_v1_chacha20_poly1305_base64_024,qwen2_5_7b_instruct_q4_k_m,nonseg_ascii_b16,chacha20_poly1305_base64,professional_process_email
detector_pair__49e6cd75b3976c01501bc17f__ordinary_control,0,0.00013687416503671557,textcnn,leave_one_model__mistral_7b_instruct_v0_3_q4_k_m,validation,matched_clean_llm,dedup-cluster-484bc3854d49e18198bd3802,revision_v1_hmac_sha256_hex_050,llama3_8b_instruct_q4_k_m,nonseg_ascii_b16,hmac_sha256_hex,procedure_simple_meal
detector_pair__49e6cd75b3976c01501bc17f__rankcloak,1,0.996358335018158,textcnn,leave_one_model__mistral_7b_instruct_v0_3_q4_k_m,validation,matched_clean_llm,dedup-cluster-484bc3854d49e18198bd3802,revision_v1_hmac_sha256_hex_050,llama3_8b_instruct_q4_k_m,nonseg_ascii_b16,hmac_sha256_hex,procedure_simple_meal
detector_pair__4a18319810ba6c203b8f083f__ordinary_control,0,0.05505598336458206,textcnn,leave_one_model__mistral_7b_instruct_v0_3_q4_k_m,validation,matched_clean_llm,dedup-cluster-d24ae4dc1ca2dcb4473005f9,revision_v1_hmac_sha256_hex_036,qwen2_5_7b_instruct_q4_k_m,nonseg_ascii_b16,hmac_sha256_hex,forum_learning_answer
detector_pair__4a18319810ba6c203b8f083f__rankcloak,1,0.9998476505279541,textcnn,leave_one_model__mistral_7b_instruct_v0_3_q4_k_m,validation,matched_clean_llm,dedup-cluster-d24ae4dc1ca2dcb4473005f9,revision_v1_hmac_sha256_hex_036,qwen2_5_7b_instruct_q4_k_m,nonseg_ascii_b16,hmac_sha256_hex,forum_learning_answer
detector_pair__4a18344ab0f5abdbbfa0a2fa__ordinary_control,0,2.081613456539344e-05,textcnn,leave_one_model__mistral_7b_instruct_v0_3_q4_k_m,validation,matched_clean_llm,dedup-cluster-edb6b099f1dff5a3bddeca8c,revision_v1_sha256_hex_012,qwen2_5_7b_instruct_q4_k_m,nonseg_ascii_b16,sha256_hex,professional_project_update
detector_pair__4a18344ab0f5abdbbfa0a2fa__rankcloak,1,0.9961962699890137,textcnn,leave_one_model__mistral_7b_instruct_v0_3_q4_k_m,validation,matched_clean_llm,dedup-cluster-edb6b099f1dff5a3bddeca8c,revision_v1_sha256_hex_012,qwen2_5_7b_instruct_q4_k_m,nonseg_ascii_b16,sha256_hex,professional_project_update
detector_pair__4aaba640da07e9c1b1bd3b03__ordinary_control,0,3.900246611010516e-06,textcnn,leave_one_model__mistral_7b_instruct_v0_3_q4_k_m,validation,matched_clean_llm,dedup-cluster-847d23bf1ef334bb559efd28,revision_v1_aes256_gcm_base64_000,qwen2_5_7b_instruct_q4_k_m,nonseg_ascii_b8,aes256_gcm_base64,casual_weekend_chat
detector_pair__4aaba640da07e9c1b1bd3b03__rankcloak,1,0.9996552467346191,textcnn,leave_one_model__mistral_7b_instruct_v0_3_q4_k_m,validation,matched_clean_llm,dedup-cluster-847d23bf1ef334bb559efd28,revision_v1_aes256_gcm_base64_000,qwen2_5_7b_instruct_q4_k_m,nonseg_ascii_b8,aes256_gcm_base64,casual_weekend_chat
detector_pair__4b14363f0875ded667780401__ordinary_control,0,1.519148611350829e-07,textcnn,leave_one_model__mistral_7b_instruct_v0_3_q4_k_m,validation,matched_clean_llm,dedup-cluster-f71f239b6ba6105b60b970fe,revision_v1_aes256_gcm_base64_049,llama3_8b_instruct_q4_k_m,nonseg_ascii_b16,aes256_gcm_base64,casual_hobby_chat
detector_pair__4b14363f0875ded667780401__rankcloak,1,0.9993115663528442,textcnn,leave_one_model__mistral_7b_instruct_v0_3_q4_k_m,validation,matched_clean_llm,dedup-cluster-f71f239b6ba6105b60b970fe,revision_v1_aes256_gcm_base64_049,llama3_8b_instruct_q4_k_m,nonseg_ascii_b16,aes256_gcm_base64,casual_hobby_chat
detector_pair__4b43f76b5ed3ab6b772f4e3a__ordinary_control,0,2.4934822704381077e-06,textcnn,leave_one_model__mistral_7b_instruct_v0_3_q4_k_m,validation,matched_clean_llm,dedup-cluster-7b810f2afbcabc7ee462bff7,revision_v1_nonce_96_bit_hex_023,llama3_8b_instruct_q4_k_m,segmented_hex_single_topic,nonce_96_bit_hex,professional_process_email
detector_pair__4b43f76b5ed3ab6b772f4e3a__rankcloak,1,0.06068434938788414,textcnn,leave_one_model__mistral_7b_instruct_v0_3_q4_k_m,validation,matched_clean_llm,dedup-cluster-7b810f2afbcabc7ee462bff7,revision_v1_nonce_96_bit_hex_023,llama3_8b_instruct_q4_k_m,segmented_hex_single_topic,nonce_96_bit_hex,professional_process_email
detector_pair__4bd3d61348666539344b44bc__ordinary_control,0,9.775480975804385e-06,textcnn,leave_one_model__mistral_7b_instruct_v0_3_q4_k_m,validation,matched_clean_llm,dedup-cluster-897bd4c0922eb43a17664a25,revision_v1_aes256_gcm_base64_025,qwen2_5_7b_instruct_q4_k_m,nonseg_ascii_b8,aes256_gcm_base64,professional_schedule_note
detector_pair__4bd3d61348666539344b44bc__rankcloak,1,0.9997450709342957,textcnn,leave_one_model__mistral_7b_instruct_v0_3_q4_k_m,validation,matched_clean_llm,dedup-cluster-897bd4c0922eb43a17664a25,revision_v1_aes256_gcm_base64_025,qwen2_5_7b_instruct_q4_k_m,nonseg_ascii_b8,aes256_gcm_base64,professional_schedule_note
detector_pair__4beceb09732bcf2316b81289__ordinary_control,0,0.052178315818309784,textcnn,leave_one_model__mistral_7b_instruct_v0_3_q4_k_m,validation,matched_clean_llm,dedup-cluster-53ddb375f906007b9492f105,revision_v1_sha256_hex_033,qwen2_5_7b_instruct_q4_k_m,direct_subword_calgacus,sha256_hex,narrative_small_discovery
detector_pair__4beceb09732bcf2316b81289__rankcloak,1,0.9998915195465088,textcnn,leave_one_model__mistral_7b_instruct_v0_3_q4_k_m,validation,matched_clean_llm,dedup-cluster-53ddb375f906007b9492f105,revision_v1_sha256_hex_033,qwen2_5_7b_instruct_q4_k_m,direct_subword_calgacus,sha256_hex,narrative_small_discovery
detector_pair__4c083f14fc2820d2ae8b36c6__ordinary_control,0,1.2590293408720754e-05,textcnn,leave_one_model__mistral_7b_instruct_v0_3_q4_k_m,validation,matched_clean_llm,dedup-cluster-9b8e2659fd534e6fb2b81afc,revision_v1_ed25519_signature_base64_027,qwen2_5_7b_instruct_q4_k_m,nonseg_ascii_b16,ed25519_signature_base64,explain_weather_pattern
detector_pair__4c083f14fc2820d2ae8b36c6__rankcloak,1,0.9998364448547363,textcnn,leave_one_model__mistral_7b_instruct_v0_3_q4_k_m,validation,matched_clean_llm,dedup-cluster-9b8e2659fd534e6fb2b81afc,revision_v1_ed25519_signature_base64_027,qwen2_5_7b_instruct_q4_k_m,nonseg_ascii_b16,ed25519_signature_base64,explain_weather_pattern
detector_pair__4c3068cfcd76e5b48395b925__ordinary_control,0,3.402263018870144e-06,textcnn,leave_one_model__mistral_7b_instruct_v0_3_q4_k_m,validation,matched_clean_llm,dedup-cluster-847d23bf1ef334bb559efd28,revision_v1_aes256_gcm_base64_000,qwen2_5_7b_instruct_q4_k_m,nonseg_ascii_b16,aes256_gcm_base64,casual_weekend_chat
detector_pair__4c3068cfcd76e5b48395b925__rankcloak,1,0.9975301623344421,textcnn,leave_one_model__mistral_7b_instruct_v0_3_q4_k_m,validation,matched_clean_llm,dedup-cluster-847d23bf1ef334bb559efd28,revision_v1_aes256_gcm_base64_000,qwen2_5_7b_instruct_q4_k_m,nonseg_ascii_b16,aes256_gcm_base64,casual_weekend_chat
detector_pair__4cc87db4617bab4ea2f722ff__ordinary_control,0,0.005407130345702171,textcnn,leave_one_model__mistral_7b_instruct_v0_3_q4_k_m,validation,matched_clean_llm,dedup-cluster-a573a5d868303e7f802ba83e,revision_v1_chacha20_poly1305_base64_008,qwen2_5_7b_instruct_q4_k_m,nonseg_ascii_b8,chacha20_poly1305_base64,procedure_garden_task
detector_pair__4cc87db4617bab4ea2f722ff__rankcloak,1,0.6051726341247559,textcnn,leave_one_model__mistral_7b_instruct_v0_3_q4_k_m,validation,matched_clean_llm,dedup-cluster-a573a5d868303e7f802ba83e,revision_v1_chacha20_poly1305_base64_008,qwen2_5_7b_instruct_q4_k_m,nonseg_ascii_b8,chacha20_poly1305_base64,procedure_garden_task
detector_pair__4d6bc27eae64de4d5c7aee5d__ordinary_control,0,9.839123958954588e-05,textcnn,leave_one_model__mistral_7b_instruct_v0_3_q4_k_m,validation,matched_clean_llm,dedup-cluster-2e7f1969791ae609498a9082,revision_v1_hmac_sha256_hex_020,qwen2_5_7b_instruct_q4_k_m,segmented_hex_single_topic,hmac_sha256_hex,narrative_learning_moment
detector_pair__4d6bc27eae64de4d5c7aee5d__rankcloak,1,0.9998660087585449,textcnn,leave_one_model__mistral_7b_instruct_v0_3_q4_k_m,validation,matched_clean_llm,dedup-cluster-2e7f1969791ae609498a9082,revision_v1_hmac_sha256_hex_020,qwen2_5_7b_instruct_q4_k_m,segmented_hex_single_topic,hmac_sha256_hex,narrative_learning_moment
detector_pair__4dbd0884a52bfd637744f0e4__ordinary_control,0,0.013164241798222065,textcnn,leave_one_model__mistral_7b_instruct_v0_3_q4_k_m,validation,matched_clean_llm,dedup-cluster-e39d52527261844e25cbad0b,revision_v1_uuid_v4_006,qwen2_5_7b_instruct_q4_k_m,direct_subword_calgacus,uuid_v4,explain_weather_pattern
detector_pair__4dbd0884a52bfd637744f0e4__rankcloak,1,0.9999680519104004,textcnn,leave_one_model__mistral_7b_instruct_v0_3_q4_k_m,validation,matched_clean_llm,dedup-cluster-e39d52527261844e25cbad0b,revision_v1_uuid_v4_006,qwen2_5_7b_instruct_q4_k_m,direct_subword_calgacus,uuid_v4,explain_weather_pattern
detector_pair__4dbf45719fc0674e373e575e__ordinary_control,0,0.04811045899987221,textcnn,leave_one_model__mistral_7b_instruct_v0_3_q4_k_m,validation,matched_clean_llm,dedup-cluster-a1abcb49aa12280f617295a6,revision_v1_sha256_hex_034,qwen2_5_7b_instruct_q4_k_m,segmented_hex_multi_topic,sha256_hex,explain_weather_pattern
detector_pair__4dbf45719fc0674e373e575e__rankcloak,1,0.9175177812576294,textcnn,leave_one_model__mistral_7b_instruct_v0_3_q4_k_m,validation,matched_clean_llm,dedup-cluster-a1abcb49aa12280f617295a6,revision_v1_sha256_hex_034,qwen2_5_7b_instruct_q4_k_m,segmented_hex_multi_topic,sha256_hex,explain_weather_pattern
detector_pair__4dd3b48769096b765b3d4fe2__ordinary_control,0,0.0025009161327034235,textcnn,leave_one_model__mistral_7b_instruct_v0_3_q4_k_m,validation,matched_clean_llm,dedup-cluster-d80c78b75330766130b70bf5,revision_v1_hmac_sha256_hex_030,llama3_8b_instruct_q4_k_m,segmented_hex_single_topic,hmac_sha256_hex,professional_project_update
detector_pair__4dd3b48769096b765b3d4fe2__rankcloak,1,0.9810933470726013,textcnn,leave_one_model__mistral_7b_instruct_v0_3_q4_k_m,validation,matched_clean_llm,dedup-cluster-d80c78b75330766130b70bf5,revision_v1_hmac_sha256_hex_030,llama3_8b_instruct_q4_k_m,segmented_hex_single_topic,hmac_sha256_hex,professional_project_update
detector_pair__4e0636266fee61b731e3dd05__ordinary_control,0,0.009773810394108295,textcnn,leave_one_model__mistral_7b_instruct_v0_3_q4_k_m,validation,matched_clean_llm,dedup-cluster-6ace02c4c66fff411127a281,revision_v1_token_128_bit_hex_012,qwen2_5_7b_instruct_q4_k_m,segmented_hex_single_topic,token_128_bit_hex,narrative_small_discovery
detector_pair__4e0636266fee61b731e3dd05__rankcloak,1,0.9972109198570251,textcnn,leave_one_model__mistral_7b_instruct_v0_3_q4_k_m,validation,matched_clean_llm,dedup-cluster-6ace02c4c66fff411127a281,revision_v1_token_128_bit_hex_012,qwen2_5_7b_instruct_q4_k_m,segmented_hex_single_topic,token_128_bit_hex,narrative_small_discovery
detector_pair__4e276bddc35d59b49d514ca4__ordinary_control,0,0.0106393126770854,textcnn,leave_one_model__mistral_7b_instruct_v0_3_q4_k_m,validation,matched_clean_llm,dedup-cluster-54d0f843ac4646811be4dfd1,revision_v1_sha256_hex_000,llama3_8b_instruct_q4_k_m,segmented_hex_single_topic,sha256_hex,casual_weekend_chat
detector_pair__4e276bddc35d59b49d514ca4__rankcloak,1,0.3578014671802521,textcnn,leave_one_model__mistral_7b_instruct_v0_3_q4_k_m,validation,matched_clean_llm,dedup-cluster-54d0f843ac4646811be4dfd1,revision_v1_sha256_hex_000,llama3_8b_instruct_q4_k_m,segmented_hex_single_topic,sha256_hex,casual_weekend_chat
detector_pair__4e6e0b8ea06f0a0d4367446c__ordinary_control,0,0.004791038576513529,textcnn,leave_one_model__mistral_7b_instruct_v0_3_q4_k_m,validation,matched_clean_llm,dedup-cluster-a877ac9e15d9982c5f795957,revision_v1_sha256_hex_048,llama3_8b_instruct_q4_k_m,nonseg_ascii_b8,sha256_hex,casual_neighborhood_chat
detector_pair__4e6e0b8ea06f0a0d4367446c__rankcloak,1,0.9999992847442627,textcnn,leave_one_model__mistral_7b_instruct_v0_3_q4_k_m,validation,matched_clean_llm,dedup-cluster-a877ac9e15d9982c5f795957,revision_v1_sha256_hex_048,llama3_8b_instruct_q4_k_m,nonseg_ascii_b8,sha256_hex,casual_neighborhood_chat
detector_pair__4ed5df804ff596f2cf11a258__ordinary_control,0,0.0002195441775256768,textcnn,leave_one_model__mistral_7b_instruct_v0_3_q4_k_m,validation,matched_clean_llm,dedup-cluster-7b810f2afbcabc7ee462bff7,revision_v1_nonce_96_bit_hex_023,llama3_8b_instruct_q4_k_m,nonseg_ascii_b16,nonce_96_bit_hex,professional_process_email
detector_pair__4ed5df804ff596f2cf11a258__rankcloak,1,0.9997556805610657,textcnn,leave_one_model__mistral_7b_instruct_v0_3_q4_k_m,validation,matched_clean_llm,dedup-cluster-7b810f2afbcabc7ee462bff7,revision_v1_nonce_96_bit_hex_023,llama3_8b_instruct_q4_k_m,nonseg_ascii_b16,nonce_96_bit_hex,professional_process_email
detector_pair__4fdd5b87e34ad6287b40f9b7__ordinary_control,0,0.9018722772598267,textcnn,leave_one_model__mistral_7b_instruct_v0_3_q4_k_m,validation,matched_clean_llm,dedup-cluster-6d140bf45feadd3404291e51,revision_v1_uuid_v4_049,llama3_8b_instruct_q4_k_m,direct_subword_calgacus,uuid_v4,explain_weather_pattern
detector_pair__4fdd5b87e34ad6287b40f9b7__rankcloak,1,0.9999858140945435,textcnn,leave_one_model__mistral_7b_instruct_v0_3_q4_k_m,validation,matched_clean_llm,dedup-cluster-6d140bf45feadd3404291e51,revision_v1_uuid_v4_049,llama3_8b_instruct_q4_k_m,direct_subword_calgacus,uuid_v4,explain_weather_pattern
detector_pair__5037dd29307d1f3aae41888a__ordinary_control,0,0.003916733432561159,textcnn,leave_one_model__mistral_7b_instruct_v0_3_q4_k_m,validation,matched_clean_llm,dedup-cluster-4df1f95590c9f69533ae0634,revision_v1_nonce_96_bit_hex_027,qwen2_5_7b_instruct_q4_k_m,segmented_hex_multi_topic,nonce_96_bit_hex,casual_hobby_chat
detector_pair__5037dd29307d1f3aae41888a__rankcloak,1,0.41493526101112366,textcnn,leave_one_model__mistral_7b_instruct_v0_3_q4_k_m,validation,matched_clean_llm,dedup-cluster-4df1f95590c9f69533ae0634,revision_v1_nonce_96_bit_hex_027,qwen2_5_7b_instruct_q4_k_m,segmented_hex_multi_topic,nonce_96_bit_hex,casual_hobby_chat
detector_pair__504283c47f2bdb77934f7724__ordinary_control,0,0.0002389619330642745,textcnn,leave_one_model__mistral_7b_instruct_v0_3_q4_k_m,validation,matched_clean_llm,dedup-cluster-357353b9c6b8da3922f5c452,revision_v1_ed25519_signature_base64_025,qwen2_5_7b_instruct_q4_k_m,nonseg_ascii_b8,ed25519_signature_base64,procedure_simple_meal
detector_pair__504283c47f2bdb77934f7724__rankcloak,1,0.9980547428131104,textcnn,leave_one_model__mistral_7b_instruct_v0_3_q4_k_m,validation,matched_clean_llm,dedup-cluster-357353b9c6b8da3922f5c452,revision_v1_ed25519_signature_base64_025,qwen2_5_7b_instruct_q4_k_m,nonseg_ascii_b8,ed25519_signature_base64,procedure_simple_meal
detector_pair__508d529c7464d7fc828e8821__ordinary_control,0,0.5168119072914124,textcnn,leave_one_model__mistral_7b_instruct_v0_3_q4_k_m,validation,matched_clean_llm,dedup-cluster-804389a06ddc24189a12fcd5,revision_v1_chacha20_poly1305_base64_041,llama3_8b_instruct_q4_k_m,nonseg_ascii_b16,chacha20_poly1305_base64,explain_weather_pattern
detector_pair__508d529c7464d7fc828e8821__rankcloak,1,0.9979666471481323,textcnn,leave_one_model__mistral_7b_instruct_v0_3_q4_k_m,validation,matched_clean_llm,dedup-cluster-804389a06ddc24189a12fcd5,revision_v1_chacha20_poly1305_base64_041,llama3_8b_instruct_q4_k_m,nonseg_ascii_b16,chacha20_poly1305_base64,explain_weather_pattern
detector_pair__50bc413ff25bda89b5fc5d76__ordinary_control,0,0.0004402057675179094,textcnn,leave_one_model__mistral_7b_instruct_v0_3_q4_k_m,validation,matched_clean_llm,dedup-cluster-484bc3854d49e18198bd3802,revision_v1_hmac_sha256_hex_050,llama3_8b_instruct_q4_k_m,nonseg_hex_nibble_b16,hmac_sha256_hex,procedure_simple_meal
detector_pair__50bc413ff25bda89b5fc5d76__rankcloak,1,0.9998763799667358,textcnn,leave_one_model__mistral_7b_instruct_v0_3_q4_k_m,validation,matched_clean_llm,dedup-cluster-484bc3854d49e18198bd3802,revision_v1_hmac_sha256_hex_050,llama3_8b_instruct_q4_k_m,nonseg_hex_nibble_b16,hmac_sha256_hex,procedure_simple_meal
detector_pair__5125135c3d229f0c96c11083__ordinary_control,0,8.899551176000386e-05,textcnn,leave_one_model__mistral_7b_instruct_v0_3_q4_k_m,validation,matched_clean_llm,dedup-cluster-e303bfe023e32c25389ebaf9,revision_v1_token_128_bit_hex_057,qwen2_5_7b_instruct_q4_k_m,segmented_hex_single_topic,token_128_bit_hex,professional_schedule_note
detector_pair__5125135c3d229f0c96c11083__rankcloak,1,0.9981212019920349,textcnn,leave_one_model__mistral_7b_instruct_v0_3_q4_k_m,validation,matched_clean_llm,dedup-cluster-e303bfe023e32c25389ebaf9,revision_v1_token_128_bit_hex_057,qwen2_5_7b_instruct_q4_k_m,segmented_hex_single_topic,token_128_bit_hex,professional_schedule_note
detector_pair__5154987277eb1b0d74595908__ordinary_control,0,0.029630012810230255,textcnn,leave_one_model__mistral_7b_instruct_v0_3_q4_k_m,validation,matched_clean_llm,dedup-cluster-729f0f62c71d15bb8d8f7eff,revision_v1_token_128_bit_hex_004,llama3_8b_instruct_q4_k_m,segmented_hex_multi_topic,token_128_bit_hex,professional_project_update
detector_pair__5154987277eb1b0d74595908__rankcloak,1,0.9935223460197449,textcnn,leave_one_model__mistral_7b_instruct_v0_3_q4_k_m,validation,matched_clean_llm,dedup-cluster-729f0f62c71d15bb8d8f7eff,revision_v1_token_128_bit_hex_004,llama3_8b_instruct_q4_k_m,segmented_hex_multi_topic,token_128_bit_hex,professional_project_update
detector_pair__5250dbc359e8c4c3819f1ca2__ordinary_control,0,0.0003179938066750765,textcnn,leave_one_model__mistral_7b_instruct_v0_3_q4_k_m,validation,matched_clean_llm,dedup-cluster-40f1050b751f94d4062ce3bb,revision_v1_aes256_gcm_base64_032,llama3_8b_instruct_q4_k_m,nonseg_ascii_b8,aes256_gcm_base64,professional_schedule_note
detector_pair__5250dbc359e8c4c3819f1ca2__rankcloak,1,0.9698998928070068,textcnn,leave_one_model__mistral_7b_instruct_v0_3_q4_k_m,validation,matched_clean_llm,dedup-cluster-40f1050b751f94d4062ce3bb,revision_v1_aes256_gcm_base64_032,llama3_8b_instruct_q4_k_m,nonseg_ascii_b8,aes256_gcm_base64,professional_schedule_note
detector_pair__52a14059c6f4663bbdd0aa74__ordinary_control,0,0.006534842308610678,textcnn,leave_one_model__mistral_7b_instruct_v0_3_q4_k_m,validation,matched_clean_llm,dedup-cluster-a877ac9e15d9982c5f795957,revision_v1_sha256_hex_048,qwen2_5_7b_instruct_q4_k_m,segmented_hex_single_topic,sha256_hex,professional_project_update
detector_pair__52a14059c6f4663bbdd0aa74__rankcloak,1,0.8626649379730225,textcnn,leave_one_model__mistral_7b_instruct_v0_3_q4_k_m,validation,matched_clean_llm,dedup-cluster-a877ac9e15d9982c5f795957,revision_v1_sha256_hex_048,qwen2_5_7b_instruct_q4_k_m,segmented_hex_single_topic,sha256_hex,professional_project_update
detector_pair__52c6867d033be576f5be905e__ordinary_control,0,0.005073529202491045,textcnn,leave_one_model__mistral_7b_instruct_v0_3_q4_k_m,validation,matched_clean_llm,dedup-cluster-484bc3854d49e18198bd3802,revision_v1_hmac_sha256_hex_050,qwen2_5_7b_instruct_q4_k_m,segmented_hex_single_topic,hmac_sha256_hex,narrative_local_walk
detector_pair__52c6867d033be576f5be905e__rankcloak,1,0.6829626560211182,textcnn,leave_one_model__mistral_7b_instruct_v0_3_q4_k_m,validation,matched_clean_llm,dedup-cluster-484bc3854d49e18198bd3802,revision_v1_hmac_sha256_hex_050,qwen2_5_7b_instruct_q4_k_m,segmented_hex_single_topic,hmac_sha256_hex,narrative_local_walk
detector_pair__5332a51f3c6db92d2da77813__ordinary_control,0,0.013671539723873138,textcnn,leave_one_model__mistral_7b_instruct_v0_3_q4_k_m,validation,matched_clean_llm,dedup-cluster-418e1dfdad8a13fa38873592,revision_v1_chacha20_poly1305_base64_003,llama3_8b_instruct_q4_k_m,nonseg_ascii_b8,chacha20_poly1305_base64,procedure_simple_meal
detector_pair__5332a51f3c6db92d2da77813__rankcloak,1,0.999806821346283,textcnn,leave_one_model__mistral_7b_instruct_v0_3_q4_k_m,validation,matched_clean_llm,dedup-cluster-418e1dfdad8a13fa38873592,revision_v1_chacha20_poly1305_base64_003,llama3_8b_instruct_q4_k_m,nonseg_ascii_b8,chacha20_poly1305_base64,procedure_simple_meal
detector_pair__5356865cb4105a53ddf8a1ee__ordinary_control,0,6.455217953771353e-05,textcnn,leave_one_model__mistral_7b_instruct_v0_3_q4_k_m,validation,matched_clean_llm,dedup-cluster-4df1f95590c9f69533ae0634,revision_v1_nonce_96_bit_hex_027,qwen2_5_7b_instruct_q4_k_m,nonseg_ascii_b16,nonce_96_bit_hex,casual_hobby_chat
detector_pair__5356865cb4105a53ddf8a1ee__rankcloak,1,0.9990881681442261,textcnn,leave_one_model__mistral_7b_instruct_v0_3_q4_k_m,validation,matched_clean_llm,dedup-cluster-4df1f95590c9f69533ae0634,revision_v1_nonce_96_bit_hex_027,qwen2_5_7b_instruct_q4_k_m,nonseg_ascii_b16,nonce_96_bit_hex,casual_hobby_chat
detector_pair__54150607c8a9688b3f936f65__ordinary_control,0,1.671366044320166e-05,textcnn,leave_one_model__mistral_7b_instruct_v0_3_q4_k_m,validation,matched_clean_llm,dedup-cluster-3f1509f18c269716bcce76a3,revision_v1_aes256_gcm_base64_050,qwen2_5_7b_instruct_q4_k_m,nonseg_ascii_b16,aes256_gcm_base64,forum_learning_answer
detector_pair__54150607c8a9688b3f936f65__rankcloak,1,0.9999945163726807,textcnn,leave_one_model__mistral_7b_instruct_v0_3_q4_k_m,validation,matched_clean_llm,dedup-cluster-3f1509f18c269716bcce76a3,revision_v1_aes256_gcm_base64_050,qwen2_5_7b_instruct_q4_k_m,nonseg_ascii_b16,aes256_gcm_base64,forum_learning_answer
detector_pair__547da445239e14455ede5fe4__ordinary_control,0,2.6783069188240916e-05,textcnn,leave_one_model__mistral_7b_instruct_v0_3_q4_k_m,validation,matched_clean_llm,dedup-cluster-a48caa544001e5d183a57eea,revision_v1_nonce_96_bit_hex_049,qwen2_5_7b_instruct_q4_k_m,segmented_hex_multi_topic,nonce_96_bit_hex,narrative_learning_moment
detector_pair__547da445239e14455ede5fe4__rankcloak,1,0.9576291441917419,textcnn,leave_one_model__mistral_7b_instruct_v0_3_q4_k_m,validation,matched_clean_llm,dedup-cluster-a48caa544001e5d183a57eea,revision_v1_nonce_96_bit_hex_049,qwen2_5_7b_instruct_q4_k_m,segmented_hex_multi_topic,nonce_96_bit_hex,narrative_learning_moment
detector_pair__54907f26ac596fbeb7a5e642__ordinary_control,0,0.00020460541418287903,textcnn,leave_one_model__mistral_7b_instruct_v0_3_q4_k_m,validation,matched_clean_llm,dedup-cluster-3f1509f18c269716bcce76a3,revision_v1_aes256_gcm_base64_050,llama3_8b_instruct_q4_k_m,nonseg_ascii_b8,aes256_gcm_base64,professional_schedule_note
detector_pair__54907f26ac596fbeb7a5e642__rankcloak,1,0.9996340274810791,textcnn,leave_one_model__mistral_7b_instruct_v0_3_q4_k_m,validation,matched_clean_llm,dedup-cluster-3f1509f18c269716bcce76a3,revision_v1_aes256_gcm_base64_050,llama3_8b_instruct_q4_k_m,nonseg_ascii_b8,aes256_gcm_base64,professional_schedule_note
detector_pair__549420544265d59e1ecddfe1__ordinary_control,0,2.2040043404558674e-05,textcnn,leave_one_model__mistral_7b_instruct_v0_3_q4_k_m,validation,matched_clean_llm,dedup-cluster-5650c0ad5d795f7721100b4c,revision_v1_uuid_v4_024,llama3_8b_instruct_q4_k_m,nonseg_ascii_b16,uuid_v4,narrative_learning_moment
detector_pair__549420544265d59e1ecddfe1__rankcloak,1,0.9997270703315735,textcnn,leave_one_model__mistral_7b_instruct_v0_3_q4_k_m,validation,matched_clean_llm,dedup-cluster-5650c0ad5d795f7721100b4c,revision_v1_uuid_v4_024,llama3_8b_instruct_q4_k_m,nonseg_ascii_b16,uuid_v4,narrative_learning_moment
detector_pair__55170f558349cac8255c56d2__ordinary_control,0,0.000444831297500059,textcnn,leave_one_model__mistral_7b_instruct_v0_3_q4_k_m,validation,matched_clean_llm,dedup-cluster-5650c0ad5d795f7721100b4c,revision_v1_uuid_v4_024,qwen2_5_7b_instruct_q4_k_m,nonseg_ascii_b8,uuid_v4,explain_weather_pattern
detector_pair__55170f558349cac8255c56d2__rankcloak,1,0.999896764755249,textcnn,leave_one_model__mistral_7b_instruct_v0_3_q4_k_m,validation,matched_clean_llm,dedup-cluster-5650c0ad5d795f7721100b4c,revision_v1_uuid_v4_024,qwen2_5_7b_instruct_q4_k_m,nonseg_ascii_b8,uuid_v4,explain_weather_pattern
detector_pair__556d159e6f65a5f9827c6b89__ordinary_control,0,0.003942280542105436,textcnn,leave_one_model__mistral_7b_instruct_v0_3_q4_k_m,validation,matched_clean_llm,dedup-cluster-4c7d81d9bc771045be64324c,revision_v1_nonce_96_bit_hex_001,llama3_8b_instruct_q4_k_m,nonseg_hex_nibble_b16,nonce_96_bit_hex,procedure_garden_task
detector_pair__556d159e6f65a5f9827c6b89__rankcloak,1,0.847892701625824,textcnn,leave_one_model__mistral_7b_instruct_v0_3_q4_k_m,validation,matched_clean_llm,dedup-cluster-4c7d81d9bc771045be64324c,revision_v1_nonce_96_bit_hex_001,llama3_8b_instruct_q4_k_m,nonseg_hex_nibble_b16,nonce_96_bit_hex,procedure_garden_task
detector_pair__55c31f2f3cd756b7686d8e77__ordinary_control,0,1.7434156234230613e-06,textcnn,leave_one_model__mistral_7b_instruct_v0_3_q4_k_m,validation,matched_clean_llm,dedup-cluster-17900f3eff20bb84e24fa1da,revision_v1_token_128_bit_hex_021,qwen2_5_7b_instruct_q4_k_m,nonseg_ascii_b8,token_128_bit_hex,professional_schedule_note
detector_pair__55c31f2f3cd756b7686d8e77__rankcloak,1,0.06662468612194061,textcnn,leave_one_model__mistral_7b_instruct_v0_3_q4_k_m,validation,matched_clean_llm,dedup-cluster-17900f3eff20bb84e24fa1da,revision_v1_token_128_bit_hex_021,qwen2_5_7b_instruct_q4_k_m,nonseg_ascii_b8,token_128_bit_hex,professional_schedule_note
detector_pair__5613bd4bb2b771b308267849__ordinary_control,0,0.0025193910114467144,textcnn,leave_one_model__mistral_7b_instruct_v0_3_q4_k_m,validation,matched_clean_llm,dedup-cluster-a9a56840e2c7d4a59a486e62,revision_v1_nonce_96_bit_hex_025,llama3_8b_instruct_q4_k_m,direct_subword_calgacus,nonce_96_bit_hex,procedure_simple_meal
detector_pair__5613bd4bb2b771b308267849__rankcloak,1,0.7195045948028564,textcnn,leave_one_model__mistral_7b_instruct_v0_3_q4_k_m,validation,matched_clean_llm,dedup-cluster-a9a56840e2c7d4a59a486e62,revision_v1_nonce_96_bit_hex_025,llama3_8b_instruct_q4_k_m,direct_subword_calgacus,nonce_96_bit_hex,procedure_simple_meal
detector_pair__562e0f63bbbacc9f38bf99e5__ordinary_control,0,0.002682276302948594,textcnn,leave_one_model__mistral_7b_instruct_v0_3_q4_k_m,validation,matched_clean_llm,dedup-cluster-a9a56840e2c7d4a59a486e62,revision_v1_nonce_96_bit_hex_025,qwen2_5_7b_instruct_q4_k_m,nonseg_ascii_b16,nonce_96_bit_hex,narrative_local_walk
detector_pair__562e0f63bbbacc9f38bf99e5__rankcloak,1,0.3816854953765869,textcnn,leave_one_model__mistral_7b_instruct_v0_3_q4_k_m,validation,matched_clean_llm,dedup-cluster-a9a56840e2c7d4a59a486e62,revision_v1_nonce_96_bit_hex_025,qwen2_5_7b_instruct_q4_k_m,nonseg_ascii_b16,nonce_96_bit_hex,narrative_local_walk
detector_pair__563f3ba857d1c24caf644018__ordinary_control,0,0.0008675630670040846,textcnn,leave_one_model__mistral_7b_instruct_v0_3_q4_k_m,validation,matched_clean_llm,dedup-cluster-72a697706958756a5d98abe5,revision_v1_aes256_gcm_base64_042,llama3_8b_instruct_q4_k_m,nonseg_ascii_b16,aes256_gcm_base64,explain_weather_pattern
detector_pair__563f3ba857d1c24caf644018__rankcloak,1,0.9914522171020508,textcnn,leave_one_model__mistral_7b_instruct_v0_3_q4_k_m,validation,matched_clean_llm,dedup-cluster-72a697706958756a5d98abe5,revision_v1_aes256_gcm_base64_042,llama3_8b_instruct_q4_k_m,nonseg_ascii_b16,aes256_gcm_base64,explain_weather_pattern
detector_pair__5682c414d55204039dc3c9c5__ordinary_control,0,2.1417595235107e-06,textcnn,leave_one_model__mistral_7b_instruct_v0_3_q4_k_m,validation,matched_clean_llm,dedup-cluster-d80c78b75330766130b70bf5,revision_v1_hmac_sha256_hex_030,qwen2_5_7b_instruct_q4_k_m,segmented_hex_single_topic,hmac_sha256_hex,forum_purchase_advice
detector_pair__5682c414d55204039dc3c9c5__rankcloak,1,0.9979735016822815,textcnn,leave_one_model__mistral_7b_instruct_v0_3_q4_k_m,validation,matched_clean_llm,dedup-cluster-d80c78b75330766130b70bf5,revision_v1_hmac_sha256_hex_030,qwen2_5_7b_instruct_q4_k_m,segmented_hex_single_topic,hmac_sha256_hex,forum_purchase_advice
detector_pair__568f6b7e863c722bc1ca0220__ordinary_control,0,2.3209291612147354e-05,textcnn,leave_one_model__mistral_7b_instruct_v0_3_q4_k_m,validation,matched_clean_llm,dedup-cluster-b814eb53fabc825fc651b86a,revision_v1_chacha20_poly1305_base64_029,qwen2_5_7b_instruct_q4_k_m,nonseg_ascii_b16,chacha20_poly1305_base64,casual_neighborhood_chat
detector_pair__568f6b7e863c722bc1ca0220__rankcloak,1,0.9993979930877686,textcnn,leave_one_model__mistral_7b_instruct_v0_3_q4_k_m,validation,matched_clean_llm,dedup-cluster-b814eb53fabc825fc651b86a,revision_v1_chacha20_poly1305_base64_029,qwen2_5_7b_instruct_q4_k_m,nonseg_ascii_b16,chacha20_poly1305_base64,casual_neighborhood_chat
detector_pair__573b99e22012cf130b753b7a__ordinary_control,0,0.0001353909756289795,textcnn,leave_one_model__mistral_7b_instruct_v0_3_q4_k_m,validation,matched_clean_llm,dedup-cluster-a518c0db7bd9dc8b2ff3b50a,revision_v1_uuid_v4_010,qwen2_5_7b_instruct_q4_k_m,direct_subword_calgacus,uuid_v4,procedure_simple_meal
detector_pair__573b99e22012cf130b753b7a__rankcloak,1,0.2051863670349121,textcnn,leave_one_model__mistral_7b_instruct_v0_3_q4_k_m,validation,matched_clean_llm,dedup-cluster-a518c0db7bd9dc8b2ff3b50a,revision_v1_uuid_v4_010,qwen2_5_7b_instruct_q4_k_m,direct_subword_calgacus,uuid_v4,procedure_simple_meal
detector_pair__576306a702306dd2dfc30a7f__ordinary_control,0,2.5160954209013653e-08,textcnn,leave_one_model__mistral_7b_instruct_v0_3_q4_k_m,validation,matched_clean_llm,dedup-cluster-32ad4bf593b222d70a8ca962,revision_v1_hmac_sha256_hex_053,qwen2_5_7b_instruct_q4_k_m,segmented_hex_multi_topic,hmac_sha256_hex,professional_schedule_note
detector_pair__576306a702306dd2dfc30a7f__rankcloak,1,0.9999873638153076,textcnn,leave_one_model__mistral_7b_instruct_v0_3_q4_k_m,validation,matched_clean_llm,dedup-cluster-32ad4bf593b222d70a8ca962,revision_v1_hmac_sha256_hex_053,qwen2_5_7b_instruct_q4_k_m,segmented_hex_multi_topic,hmac_sha256_hex,professional_schedule_note
detector_pair__57a3375f5aa7b488bce14bcd__ordinary_control,0,0.0027986890636384487,textcnn,leave_one_model__mistral_7b_instruct_v0_3_q4_k_m,validation,matched_clean_llm,dedup-cluster-8150a67016c09420f58d3140,revision_v1_sha256_hex_053,llama3_8b_instruct_q4_k_m,nonseg_ascii_b8,sha256_hex,explain_biological_process
detector_pair__57a3375f5aa7b488bce14bcd__rankcloak,1,0.6777376532554626,textcnn,leave_one_model__mistral_7b_instruct_v0_3_q4_k_m,validation,matched_clean_llm,dedup-cluster-8150a67016c09420f58d3140,revision_v1_sha256_hex_053,llama3_8b_instruct_q4_k_m,nonseg_ascii_b8,sha256_hex,explain_biological_process
detector_pair__57e43b7d505fc2875de02068__ordinary_control,0,0.00023243227042257786,textcnn,leave_one_model__mistral_7b_instruct_v0_3_q4_k_m,validation,matched_clean_llm,dedup-cluster-1d730332b470450b93b8b767,revision_v1_hmac_sha256_hex_006,qwen2_5_7b_instruct_q4_k_m,nonseg_hex_nibble_b16,hmac_sha256_hex,forum_practical_answer
detector_pair__57e43b7d505fc2875de02068__rankcloak,1,0.9999305009841919,textcnn,leave_one_model__mistral_7b_instruct_v0_3_q4_k_m,validation,matched_clean_llm,dedup-cluster-1d730332b470450b93b8b767,revision_v1_hmac_sha256_hex_006,qwen2_5_7b_instruct_q4_k_m,nonseg_hex_nibble_b16,hmac_sha256_hex,forum_practical_answer
detector_pair__5873dc9358507f903955be21__ordinary_control,0,2.5814928861223052e-08,textcnn,leave_one_model__mistral_7b_instruct_v0_3_q4_k_m,validation,matched_clean_llm,dedup-cluster-a1f09603de61d42b17c60f90,revision_v1_nonce_96_bit_hex_058,llama3_8b_instruct_q4_k_m,nonseg_ascii_b8,nonce_96_bit_hex,casual_neighborhood_chat
detector_pair__5873dc9358507f903955be21__rankcloak,1,0.9999829530715942,textcnn,leave_one_model__mistral_7b_instruct_v0_3_q4_k_m,validation,matched_clean_llm,dedup-cluster-a1f09603de61d42b17c60f90,revision_v1_nonce_96_bit_hex_058,llama3_8b_instruct_q4_k_m,nonseg_ascii_b8,nonce_96_bit_hex,casual_neighborhood_chat
detector_pair__58c00be526320a0cddba8b04__ordinary_control,0,0.017432311549782753,textcnn,leave_one_model__mistral_7b_instruct_v0_3_q4_k_m,validation,matched_clean_llm,dedup-cluster-d028afde8d3446e776f3bdbf,revision_v1_hmac_sha256_hex_013,qwen2_5_7b_instruct_q4_k_m,segmented_hex_single_topic,hmac_sha256_hex,procedure_home_task
detector_pair__58c00be526320a0cddba8b04__rankcloak,1,0.9811055064201355,textcnn,leave_one_model__mistral_7b_instruct_v0_3_q4_k_m,validation,matched_clean_llm,dedup-cluster-d028afde8d3446e776f3bdbf,revision_v1_hmac_sha256_hex_013,qwen2_5_7b_instruct_q4_k_m,segmented_hex_single_topic,hmac_sha256_hex,procedure_home_task
detector_pair__5935395f5ac78913966f5253__ordinary_control,0,0.00020833987218793482,textcnn,leave_one_model__mistral_7b_instruct_v0_3_q4_k_m,validation,matched_clean_llm,dedup-cluster-8372a615906d4a4146d45c75,revision_v1_aes256_gcm_base64_005,qwen2_5_7b_instruct_q4_k_m,nonseg_ascii_b16,aes256_gcm_base64,explain_weather_pattern
detector_pair__5935395f5ac78913966f5253__rankcloak,1,0.9983768463134766,textcnn,leave_one_model__mistral_7b_instruct_v0_3_q4_k_m,validation,matched_clean_llm,dedup-cluster-8372a615906d4a4146d45c75,revision_v1_aes256_gcm_base64_005,qwen2_5_7b_instruct_q4_k_m,nonseg_ascii_b16,aes256_gcm_base64,explain_weather_pattern
detector_pair__593b8152a6e8bf11caf029a9__ordinary_control,0,0.00012042941671097651,textcnn,leave_one_model__mistral_7b_instruct_v0_3_q4_k_m,validation,matched_clean_llm,dedup-cluster-e8b46972e25b5d16f253b139,revision_v1_nonce_96_bit_hex_005,qwen2_5_7b_instruct_q4_k_m,nonseg_ascii_b16,nonce_96_bit_hex,forum_practical_answer
detector_pair__593b8152a6e8bf11caf029a9__rankcloak,1,0.7205840349197388,textcnn,leave_one_model__mistral_7b_instruct_v0_3_q4_k_m,validation,matched_clean_llm,dedup-cluster-e8b46972e25b5d16f253b139,revision_v1_nonce_96_bit_hex_005,qwen2_5_7b_instruct_q4_k_m,nonseg_ascii_b16,nonce_96_bit_hex,forum_practical_answer
detector_pair__593e5441232f4d884afc401f__ordinary_control,0,0.019625229761004448,textcnn,leave_one_model__mistral_7b_instruct_v0_3_q4_k_m,validation,matched_clean_llm,dedup-cluster-d24ae4dc1ca2dcb4473005f9,revision_v1_hmac_sha256_hex_036,qwen2_5_7b_instruct_q4_k_m,segmented_hex_multi_topic,hmac_sha256_hex,forum_learning_answer
detector_pair__593e5441232f4d884afc401f__rankcloak,1,0.9953258037567139,textcnn,leave_one_model__mistral_7b_instruct_v0_3_q4_k_m,validation,matched_clean_llm,dedup-cluster-d24ae4dc1ca2dcb4473005f9,revision_v1_hmac_sha256_hex_036,qwen2_5_7b_instruct_q4_k_m,segmented_hex_multi_topic,hmac_sha256_hex,forum_learning_answer
detector_pair__598329f744548473bccb59c9__ordinary_control,0,0.013582821004092693,textcnn,leave_one_model__mistral_7b_instruct_v0_3_q4_k_m,validation,matched_clean_llm,dedup-cluster-729f0f62c71d15bb8d8f7eff,revision_v1_token_128_bit_hex_004,llama3_8b_instruct_q4_k_m,nonseg_ascii_b8,token_128_bit_hex,professional_project_update
detector_pair__598329f744548473bccb59c9__rankcloak,1,0.9988872408866882,textcnn,leave_one_model__mistral_7b_instruct_v0_3_q4_k_m,validation,matched_clean_llm,dedup-cluster-729f0f62c71d15bb8d8f7eff,revision_v1_token_128_bit_hex_004,llama3_8b_instruct_q4_k_m,nonseg_ascii_b8,token_128_bit_hex,professional_project_update
detector_pair__599b016751737ebfbefa3253__ordinary_control,0,0.000923156039789319,textcnn,leave_one_model__mistral_7b_instruct_v0_3_q4_k_m,validation,matched_clean_llm,dedup-cluster-9e865129af4def1fc2a2442c,revision_v1_ed25519_signature_base64_017,llama3_8b_instruct_q4_k_m,nonseg_ascii_b8,ed25519_signature_base64,casual_weekend_chat
detector_pair__599b016751737ebfbefa3253__rankcloak,1,0.9999910593032837,textcnn,leave_one_model__mistral_7b_instruct_v0_3_q4_k_m,validation,matched_clean_llm,dedup-cluster-9e865129af4def1fc2a2442c,revision_v1_ed25519_signature_base64_017,llama3_8b_instruct_q4_k_m,nonseg_ascii_b8,ed25519_signature_base64,casual_weekend_chat
detector_pair__59a15256a262e3f02aab09aa__ordinary_control,0,0.007432821672409773,textcnn,leave_one_model__mistral_7b_instruct_v0_3_q4_k_m,validation,matched_clean_llm,dedup-cluster-6136de4e90d44eb994005d2a,revision_v1_uuid_v4_051,qwen2_5_7b_instruct_q4_k_m,direct_subword_calgacus,uuid_v4,forum_purchase_advice
detector_pair__59a15256a262e3f02aab09aa__rankcloak,1,0.9538916349411011,textcnn,leave_one_model__mistral_7b_instruct_v0_3_q4_k_m,validation,matched_clean_llm,dedup-cluster-6136de4e90d44eb994005d2a,revision_v1_uuid_v4_051,qwen2_5_7b_instruct_q4_k_m,direct_subword_calgacus,uuid_v4,forum_purchase_advice
detector_pair__59c245704050bf8ae6f28894__ordinary_control,0,4.642226656415005e-07,textcnn,leave_one_model__mistral_7b_instruct_v0_3_q4_k_m,validation,matched_clean_llm,dedup-cluster-339659e6d45626f95acf4c5b,revision_v1_nonce_96_bit_hex_052,llama3_8b_instruct_q4_k_m,nonseg_ascii_b16,nonce_96_bit_hex,casual_hobby_chat
detector_pair__59c245704050bf8ae6f28894__rankcloak,1,0.3630217909812927,textcnn,leave_one_model__mistral_7b_instruct_v0_3_q4_k_m,validation,matched_clean_llm,dedup-cluster-339659e6d45626f95acf4c5b,revision_v1_nonce_96_bit_hex_052,llama3_8b_instruct_q4_k_m,nonseg_ascii_b16,nonce_96_bit_hex,casual_hobby_chat
detector_pair__59c2df955bc06667d2c32b0b__ordinary_control,0,1.2100457524866215e-06,textcnn,leave_one_model__mistral_7b_instruct_v0_3_q4_k_m,validation,matched_clean_llm,dedup-cluster-edb6b099f1dff5a3bddeca8c,revision_v1_sha256_hex_012,llama3_8b_instruct_q4_k_m,nonseg_ascii_b8,sha256_hex,casual_neighborhood_chat
detector_pair__59c2df955bc06667d2c32b0b__rankcloak,1,0.1350381225347519,textcnn,leave_one_model__mistral_7b_instruct_v0_3_q4_k_m,validation,matched_clean_llm,dedup-cluster-edb6b099f1dff5a3bddeca8c,revision_v1_sha256_hex_012,llama3_8b_instruct_q4_k_m,nonseg_ascii_b8,sha256_hex,casual_neighborhood_chat
detector_pair__59f785f73ff8d28716850374__ordinary_control,0,2.3808881621789624e-07,textcnn,leave_one_model__mistral_7b_instruct_v0_3_q4_k_m,validation,matched_clean_llm,dedup-cluster-54d0f843ac4646811be4dfd1,revision_v1_sha256_hex_000,qwen2_5_7b_instruct_q4_k_m,segmented_hex_single_topic,sha256_hex,professional_schedule_note
detector_pair__59f785f73ff8d28716850374__rankcloak,1,0.999996542930603,textcnn,leave_one_model__mistral_7b_instruct_v0_3_q4_k_m,validation,matched_clean_llm,dedup-cluster-54d0f843ac4646811be4dfd1,revision_v1_sha256_hex_000,qwen2_5_7b_instruct_q4_k_m,segmented_hex_single_topic,sha256_hex,professional_schedule_note
detector_pair__5a6cf9fba3346aaa7cff3075__ordinary_control,0,7.452389399986714e-05,textcnn,leave_one_model__mistral_7b_instruct_v0_3_q4_k_m,validation,matched_clean_llm,dedup-cluster-68e08a4fc96aff3403abad93,revision_v1_nonce_96_bit_hex_031,qwen2_5_7b_instruct_q4_k_m,direct_subword_calgacus,nonce_96_bit_hex,narrative_learning_moment
detector_pair__5a6cf9fba3346aaa7cff3075__rankcloak,1,0.9069506525993347,textcnn,leave_one_model__mistral_7b_instruct_v0_3_q4_k_m,validation,matched_clean_llm,dedup-cluster-68e08a4fc96aff3403abad93,revision_v1_nonce_96_bit_hex_031,qwen2_5_7b_instruct_q4_k_m,direct_subword_calgacus,nonce_96_bit_hex,narrative_learning_moment
detector_pair__5ad29e02e664424d48cbfab1__ordinary_control,0,3.0125552257231902e-06,textcnn,leave_one_model__mistral_7b_instruct_v0_3_q4_k_m,validation,matched_clean_llm,dedup-cluster-54d0f843ac4646811be4dfd1,revision_v1_sha256_hex_000,llama3_8b_instruct_q4_k_m,segmented_hex_multi_topic,sha256_hex,casual_weekend_chat
detector_pair__5ad29e02e664424d48cbfab1__rankcloak,1,0.9999996423721313,textcnn,leave_one_model__mistral_7b_instruct_v0_3_q4_k_m,validation,matched_clean_llm,dedup-cluster-54d0f843ac4646811be4dfd1,revision_v1_sha256_hex_000,llama3_8b_instruct_q4_k_m,segmented_hex_multi_topic,sha256_hex,casual_weekend_chat
detector_pair__5b3ac8ca0ad2bfe711c28e1e__ordinary_control,0,3.554363956936868e-06,textcnn,leave_one_model__mistral_7b_instruct_v0_3_q4_k_m,validation,matched_clean_llm,dedup-cluster-0401b1baba09fb1c1437ea35,revision_v1_nonce_96_bit_hex_011,llama3_8b_instruct_q4_k_m,nonseg_ascii_b8,nonce_96_bit_hex,professional_project_update
detector_pair__5b3ac8ca0ad2bfe711c28e1e__rankcloak,1,0.9724235534667969,textcnn,leave_one_model__mistral_7b_instruct_v0_3_q4_k_m,validation,matched_clean_llm,dedup-cluster-0401b1baba09fb1c1437ea35,revision_v1_nonce_96_bit_hex_011,llama3_8b_instruct_q4_k_m,nonseg_ascii_b8,nonce_96_bit_hex,professional_project_update
detector_pair__5b64e92905c44059b53d7b4e__ordinary_control,0,4.5362094169831835e-06,textcnn,leave_one_model__mistral_7b_instruct_v0_3_q4_k_m,validation,matched_clean_llm,dedup-cluster-54d0f843ac4646811be4dfd1,revision_v1_sha256_hex_000,qwen2_5_7b_instruct_q4_k_m,segmented_hex_multi_topic,sha256_hex,professional_schedule_note
detector_pair__5b64e92905c44059b53d7b4e__rankcloak,1,0.3467070162296295,textcnn,leave_one_model__mistral_7b_instruct_v0_3_q4_k_m,validation,matched_clean_llm,dedup-cluster-54d0f843ac4646811be4dfd1,revision_v1_sha256_hex_000,qwen2_5_7b_instruct_q4_k_m,segmented_hex_multi_topic,sha256_hex,professional_schedule_note
detector_pair__5cfe4716c7456add0a4f18c9__ordinary_control,0,2.540307104936801e-05,textcnn,leave_one_model__mistral_7b_instruct_v0_3_q4_k_m,validation,matched_clean_llm,dedup-cluster-d24ae4dc1ca2dcb4473005f9,revision_v1_hmac_sha256_hex_036,llama3_8b_instruct_q4_k_m,segmented_hex_single_topic,hmac_sha256_hex,professional_schedule_note
detector_pair__5cfe4716c7456add0a4f18c9__rankcloak,1,0.9868108630180359,textcnn,leave_one_model__mistral_7b_instruct_v0_3_q4_k_m,validation,matched_clean_llm,dedup-cluster-d24ae4dc1ca2dcb4473005f9,revision_v1_hmac_sha256_hex_036,llama3_8b_instruct_q4_k_m,segmented_hex_single_topic,hmac_sha256_hex,professional_schedule_note
detector_pair__5d010370329a1744112ed686__ordinary_control,0,0.000511623511556536,textcnn,leave_one_model__mistral_7b_instruct_v0_3_q4_k_m,validation,matched_clean_llm,dedup-cluster-5c707906476e8093ab209bdf,revision_v1_ed25519_signature_base64_020,llama3_8b_instruct_q4_k_m,direct_subword_calgacus,ed25519_signature_base64,procedure_home_task
detector_pair__5d010370329a1744112ed686__rankcloak,1,0.9998791217803955,textcnn,leave_one_model__mistral_7b_instruct_v0_3_q4_k_m,validation,matched_clean_llm,dedup-cluster-5c707906476e8093ab209bdf,revision_v1_ed25519_signature_base64_020,llama3_8b_instruct_q4_k_m,direct_subword_calgacus,ed25519_signature_base64,procedure_home_task
detector_pair__5d4c082cee5494f542f354bc__ordinary_control,0,0.00015571725089102983,textcnn,leave_one_model__mistral_7b_instruct_v0_3_q4_k_m,validation,matched_clean_llm,dedup-cluster-729f0f62c71d15bb8d8f7eff,revision_v1_token_128_bit_hex_004,qwen2_5_7b_instruct_q4_k_m,nonseg_hex_nibble_b16,token_128_bit_hex,forum_purchase_advice
detector_pair__5d4c082cee5494f542f354bc__rankcloak,1,0.9913536906242371,textcnn,leave_one_model__mistral_7b_instruct_v0_3_q4_k_m,validation,matched_clean_llm,dedup-cluster-729f0f62c71d15bb8d8f7eff,revision_v1_token_128_bit_hex_004,qwen2_5_7b_instruct_q4_k_m,nonseg_hex_nibble_b16,token_128_bit_hex,forum_purchase_advice
detector_pair__5e5fc3b1514a7eabd9a33157__ordinary_control,0,0.059825923293828964,textcnn,leave_one_model__mistral_7b_instruct_v0_3_q4_k_m,validation,matched_clean_llm,dedup-cluster-8372a615906d4a4146d45c75,revision_v1_aes256_gcm_base64_005,llama3_8b_instruct_q4_k_m,nonseg_ascii_b8,aes256_gcm_base64,narrative_learning_moment
detector_pair__5e5fc3b1514a7eabd9a33157__rankcloak,1,0.9996994733810425,textcnn,leave_one_model__mistral_7b_instruct_v0_3_q4_k_m,validation,matched_clean_llm,dedup-cluster-8372a615906d4a4146d45c75,revision_v1_aes256_gcm_base64_005,llama3_8b_instruct_q4_k_m,nonseg_ascii_b8,aes256_gcm_base64,narrative_learning_moment
detector_pair__5e66984b1a2ef38e53d22bb1__ordinary_control,0,5.800260169053217e-06,textcnn,leave_one_model__mistral_7b_instruct_v0_3_q4_k_m,validation,matched_clean_llm,dedup-cluster-bc077faa1a8a103220224e85,revision_v1_chacha20_poly1305_base64_036,llama3_8b_instruct_q4_k_m,nonseg_ascii_b8,chacha20_poly1305_base64,casual_weekend_chat
detector_pair__5e66984b1a2ef38e53d22bb1__rankcloak,1,0.9999358654022217,textcnn,leave_one_model__mistral_7b_instruct_v0_3_q4_k_m,validation,matched_clean_llm,dedup-cluster-bc077faa1a8a103220224e85,revision_v1_chacha20_poly1305_base64_036,llama3_8b_instruct_q4_k_m,nonseg_ascii_b8,chacha20_poly1305_base64,casual_weekend_chat
detector_pair__5eff927e1fb2c3267f4588c8__ordinary_control,0,1.7778181700123241e-06,textcnn,leave_one_model__mistral_7b_instruct_v0_3_q4_k_m,validation,matched_clean_llm,dedup-cluster-d6ec75465813ed2c729c38e9,revision_v1_aes256_gcm_base64_053,qwen2_5_7b_instruct_q4_k_m,direct_subword_calgacus,aes256_gcm_base64,explain_biological_process
detector_pair__5eff927e1fb2c3267f4588c8__rankcloak,1,0.9999709129333496,textcnn,leave_one_model__mistral_7b_instruct_v0_3_q4_k_m,validation,matched_clean_llm,dedup-cluster-d6ec75465813ed2c729c38e9,revision_v1_aes256_gcm_base64_053,qwen2_5_7b_instruct_q4_k_m,direct_subword_calgacus,aes256_gcm_base64,explain_biological_process
detector_pair__5f0fe8925564b521c07eeb96__ordinary_control,0,3.618993650889024e-05,textcnn,leave_one_model__mistral_7b_instruct_v0_3_q4_k_m,validation,matched_clean_llm,dedup-cluster-d95563a927f567b6601e551e,revision_v1_uuid_v4_020,llama3_8b_instruct_q4_k_m,direct_subword_calgacus,uuid_v4,casual_hobby_chat
detector_pair__5f0fe8925564b521c07eeb96__rankcloak,1,0.9999957084655762,textcnn,leave_one_model__mistral_7b_instruct_v0_3_q4_k_m,validation,matched_clean_llm,dedup-cluster-d95563a927f567b6601e551e,revision_v1_uuid_v4_020,llama3_8b_instruct_q4_k_m,direct_subword_calgacus,uuid_v4,casual_hobby_chat
detector_pair__5f5e20de725030a72fe0a80f__ordinary_control,0,0.000767918536439538,textcnn,leave_one_model__mistral_7b_instruct_v0_3_q4_k_m,validation,matched_clean_llm,dedup-cluster-a877ac9e15d9982c5f795957,revision_v1_sha256_hex_048,qwen2_5_7b_instruct_q4_k_m,nonseg_hex_nibble_b16,sha256_hex,professional_project_update
detector_pair__5f5e20de725030a72fe0a80f__rankcloak,1,0.9999845027923584,textcnn,leave_one_model__mistral_7b_instruct_v0_3_q4_k_m,validation,matched_clean_llm,dedup-cluster-a877ac9e15d9982c5f795957,revision_v1_sha256_hex_048,qwen2_5_7b_instruct_q4_k_m,nonseg_hex_nibble_b16,sha256_hex,professional_project_update
detector_pair__5fef4bc0bb7a3b38f07ef6f7__ordinary_control,0,0.0025949995033442974,textcnn,leave_one_model__mistral_7b_instruct_v0_3_q4_k_m,validation,matched_clean_llm,dedup-cluster-23821a91b342f8bd757bd354,revision_v1_aes256_gcm_base64_009,llama3_8b_instruct_q4_k_m,direct_subword_calgacus,aes256_gcm_base64,forum_practical_answer
detector_pair__5fef4bc0bb7a3b38f07ef6f7__rankcloak,1,0.9999996423721313,textcnn,leave_one_model__mistral_7b_instruct_v0_3_q4_k_m,validation,matched_clean_llm,dedup-cluster-23821a91b342f8bd757bd354,revision_v1_aes256_gcm_base64_009,llama3_8b_instruct_q4_k_m,direct_subword_calgacus,aes256_gcm_base64,forum_practical_answer
detector_pair__60b1739bb173838ffa154cf3__ordinary_control,0,0.020761685445904732,textcnn,leave_one_model__mistral_7b_instruct_v0_3_q4_k_m,validation,matched_clean_llm,dedup-cluster-1d730332b470450b93b8b767,revision_v1_hmac_sha256_hex_006,qwen2_5_7b_instruct_q4_k_m,segmented_hex_single_topic,hmac_sha256_hex,forum_practical_answer
detector_pair__60b1739bb173838ffa154cf3__rankcloak,1,0.6035993695259094,textcnn,leave_one_model__mistral_7b_instruct_v0_3_q4_k_m,validation,matched_clean_llm,dedup-cluster-1d730332b470450b93b8b767,revision_v1_hmac_sha256_hex_006,qwen2_5_7b_instruct_q4_k_m,segmented_hex_single_topic,hmac_sha256_hex,forum_practical_answer
detector_pair__60caecb5175146ab3e5263c0__ordinary_control,0,0.13086606562137604,textcnn,leave_one_model__mistral_7b_instruct_v0_3_q4_k_m,validation,matched_clean_llm,dedup-cluster-a34a1c3f812dbedb8252c73c,revision_v1_ed25519_signature_base64_015,llama3_8b_instruct_q4_k_m,nonseg_ascii_b8,ed25519_signature_base64,narrative_small_discovery
detector_pair__60caecb5175146ab3e5263c0__rankcloak,1,0.9750338196754456,textcnn,leave_one_model__mistral_7b_instruct_v0_3_q4_k_m,validation,matched_clean_llm,dedup-cluster-a34a1c3f812dbedb8252c73c,revision_v1_ed25519_signature_base64_015,llama3_8b_instruct_q4_k_m,nonseg_ascii_b8,ed25519_signature_base64,narrative_small_discovery
detector_pair__60e5db2ac9e1168c7e3eda49__ordinary_control,0,1.2176152267784346e-05,textcnn,leave_one_model__mistral_7b_instruct_v0_3_q4_k_m,validation,matched_clean_llm,dedup-cluster-54d0f843ac4646811be4dfd1,revision_v1_sha256_hex_000,llama3_8b_instruct_q4_k_m,segmented_hex_multi_topic,sha256_hex,casual_weekend_chat
detector_pair__60e5db2ac9e1168c7e3eda49__rankcloak,1,0.9801483154296875,textcnn,leave_one_model__mistral_7b_instruct_v0_3_q4_k_m,validation,matched_clean_llm,dedup-cluster-54d0f843ac4646811be4dfd1,revision_v1_sha256_hex_000,llama3_8b_instruct_q4_k_m,segmented_hex_multi_topic,sha256_hex,casual_weekend_chat
detector_pair__619118a70b4dcd49ed54e15f__ordinary_control,0,0.00011703099880833179,textcnn,leave_one_model__mistral_7b_instruct_v0_3_q4_k_m,validation,matched_clean_llm,dedup-cluster-a48caa544001e5d183a57eea,revision_v1_nonce_96_bit_hex_049,llama3_8b_instruct_q4_k_m,nonseg_ascii_b16,nonce_96_bit_hex,procedure_home_task
detector_pair__619118a70b4dcd49ed54e15f__rankcloak,1,0.15188314020633698,textcnn,leave_one_model__mistral_7b_instruct_v0_3_q4_k_m,validation,matched_clean_llm,dedup-cluster-a48caa544001e5d183a57eea,revision_v1_nonce_96_bit_hex_049,llama3_8b_instruct_q4_k_m,nonseg_ascii_b16,nonce_96_bit_hex,procedure_home_task
detector_pair__61ae0a02be5c342ed9da8a32__ordinary_control,0,0.003728171344846487,textcnn,leave_one_model__mistral_7b_instruct_v0_3_q4_k_m,validation,matched_clean_llm,dedup-cluster-9f2700a571f51133cc69754b,revision_v1_chacha20_poly1305_base64_019,qwen2_5_7b_instruct_q4_k_m,nonseg_ascii_b16,chacha20_poly1305_base64,forum_purchase_advice
detector_pair__61ae0a02be5c342ed9da8a32__rankcloak,1,0.9860407710075378,textcnn,leave_one_model__mistral_7b_instruct_v0_3_q4_k_m,validation,matched_clean_llm,dedup-cluster-9f2700a571f51133cc69754b,revision_v1_chacha20_poly1305_base64_019,qwen2_5_7b_instruct_q4_k_m,nonseg_ascii_b16,chacha20_poly1305_base64,forum_purchase_advice
detector_pair__61e62e0e237189dfe0dffb2e__ordinary_control,0,0.00027832272462546825,textcnn,leave_one_model__mistral_7b_instruct_v0_3_q4_k_m,validation,matched_clean_llm,dedup-cluster-54d0f843ac4646811be4dfd1,revision_v1_sha256_hex_000,llama3_8b_instruct_q4_k_m,nonseg_ascii_b16,sha256_hex,casual_weekend_chat
detector_pair__61e62e0e237189dfe0dffb2e__rankcloak,1,0.9999115467071533,textcnn,leave_one_model__mistral_7b_instruct_v0_3_q4_k_m,validation,matched_clean_llm,dedup-cluster-54d0f843ac4646811be4dfd1,revision_v1_sha256_hex_000,llama3_8b_instruct_q4_k_m,nonseg_ascii_b16,sha256_hex,casual_weekend_chat
detector_pair__6204c75a038199529273af60__ordinary_control,0,2.800629772536922e-07,textcnn,leave_one_model__mistral_7b_instruct_v0_3_q4_k_m,validation,matched_clean_llm,dedup-cluster-a1f09603de61d42b17c60f90,revision_v1_nonce_96_bit_hex_058,llama3_8b_instruct_q4_k_m,segmented_hex_single_topic,nonce_96_bit_hex,casual_neighborhood_chat
detector_pair__6204c75a038199529273af60__rankcloak,1,0.12214911729097366,textcnn,leave_one_model__mistral_7b_instruct_v0_3_q4_k_m,validation,matched_clean_llm,dedup-cluster-a1f09603de61d42b17c60f90,revision_v1_nonce_96_bit_hex_058,llama3_8b_instruct_q4_k_m,segmented_hex_single_topic,nonce_96_bit_hex,casual_neighborhood_chat
detector_pair__6257a7594d5cbd60a6d834d3__ordinary_control,0,3.688916694954969e-05,textcnn,leave_one_model__mistral_7b_instruct_v0_3_q4_k_m,validation,matched_clean_llm,dedup-cluster-2e7f1969791ae609498a9082,revision_v1_hmac_sha256_hex_020,llama3_8b_instruct_q4_k_m,segmented_hex_multi_topic,hmac_sha256_hex,procedure_home_task
detector_pair__6257a7594d5cbd60a6d834d3__rankcloak,1,0.005956016015261412,textcnn,leave_one_model__mistral_7b_instruct_v0_3_q4_k_m,validation,matched_clean_llm,dedup-cluster-2e7f1969791ae609498a9082,revision_v1_hmac_sha256_hex_020,llama3_8b_instruct_q4_k_m,segmented_hex_multi_topic,hmac_sha256_hex,procedure_home_task
detector_pair__626a0f6e7c5e13451664cf4f__ordinary_control,0,0.0013791589299216866,textcnn,leave_one_model__mistral_7b_instruct_v0_3_q4_k_m,validation,matched_clean_llm,dedup-cluster-0eb47bf23cdaa7b54a0335a2,revision_v1_token_128_bit_hex_055,qwen2_5_7b_instruct_q4_k_m,nonseg_hex_nibble_b16,token_128_bit_hex,explain_everyday_system
detector_pair__626a0f6e7c5e13451664cf4f__rankcloak,1,0.9915627241134644,textcnn,leave_one_model__mistral_7b_instruct_v0_3_q4_k_m,validation,matched_clean_llm,dedup-cluster-0eb47bf23cdaa7b54a0335a2,revision_v1_token_128_bit_hex_055,qwen2_5_7b_instruct_q4_k_m,nonseg_hex_nibble_b16,token_128_bit_hex,explain_everyday_system
detector_pair__626c16ed2353a9b1aa7037fe__ordinary_control,0,4.235845153743867e-06,textcnn,leave_one_model__mistral_7b_instruct_v0_3_q4_k_m,validation,matched_clean_llm,dedup-cluster-339659e6d45626f95acf4c5b,revision_v1_nonce_96_bit_hex_052,llama3_8b_instruct_q4_k_m,nonseg_ascii_b8,nonce_96_bit_hex,casual_hobby_chat
detector_pair__626c16ed2353a9b1aa7037fe__rankcloak,1,0.204251229763031,textcnn,leave_one_model__mistral_7b_instruct_v0_3_q4_k_m,validation,matched_clean_llm,dedup-cluster-339659e6d45626f95acf4c5b,revision_v1_nonce_96_bit_hex_052,llama3_8b_instruct_q4_k_m,nonseg_ascii_b8,nonce_96_bit_hex,casual_hobby_chat
detector_pair__62f0fa7a47831b454f548d83__ordinary_control,0,3.9609193436263013e-07,textcnn,leave_one_model__mistral_7b_instruct_v0_3_q4_k_m,validation,matched_clean_llm,dedup-cluster-bc077faa1a8a103220224e85,revision_v1_chacha20_poly1305_base64_036,qwen2_5_7b_instruct_q4_k_m,direct_subword_calgacus,chacha20_poly1305_base64,professional_schedule_note
detector_pair__62f0fa7a47831b454f548d83__rankcloak,1,0.9997910857200623,textcnn,leave_one_model__mistral_7b_instruct_v0_3_q4_k_m,validation,matched_clean_llm,dedup-cluster-bc077faa1a8a103220224e85,revision_v1_chacha20_poly1305_base64_036,qwen2_5_7b_instruct_q4_k_m,direct_subword_calgacus,chacha20_poly1305_base64,professional_schedule_note
detector_pair__62f8dec5cdaf20a5558454ed__ordinary_control,0,0.13082155585289001,textcnn,leave_one_model__mistral_7b_instruct_v0_3_q4_k_m,validation,matched_clean_llm,dedup-cluster-23688669a27f472f3b4c7be0,revision_v1_uuid_v4_038,qwen2_5_7b_instruct_q4_k_m,direct_subword_calgacus,uuid_v4,professional_process_email
detector_pair__62f8dec5cdaf20a5558454ed__rankcloak,1,0.0061872173100709915,textcnn,leave_one_model__mistral_7b_instruct_v0_3_q4_k_m,validation,matched_clean_llm,dedup-cluster-23688669a27f472f3b4c7be0,revision_v1_uuid_v4_038,qwen2_5_7b_instruct_q4_k_m,direct_subword_calgacus,uuid_v4,professional_process_email
detector_pair__63127f03a0c1da2c7d12bd83__ordinary_control,0,0.00485035078600049,textcnn,leave_one_model__mistral_7b_instruct_v0_3_q4_k_m,validation,matched_clean_llm,dedup-cluster-8150a67016c09420f58d3140,revision_v1_sha256_hex_053,llama3_8b_instruct_q4_k_m,nonseg_ascii_b16,sha256_hex,explain_biological_process
detector_pair__63127f03a0c1da2c7d12bd83__rankcloak,1,0.9997462630271912,textcnn,leave_one_model__mistral_7b_instruct_v0_3_q4_k_m,validation,matched_clean_llm,dedup-cluster-8150a67016c09420f58d3140,revision_v1_sha256_hex_053,llama3_8b_instruct_q4_k_m,nonseg_ascii_b16,sha256_hex,explain_biological_process
detector_pair__633f82e61dde6dc47ff0e649__ordinary_control,0,0.01760467141866684,textcnn,leave_one_model__mistral_7b_instruct_v0_3_q4_k_m,validation,matched_clean_llm,dedup-cluster-cdae81a0da256f43636cdb0c,revision_v1_chacha20_poly1305_base64_024,llama3_8b_instruct_q4_k_m,nonseg_ascii_b16,chacha20_poly1305_base64,casual_hobby_chat
detector_pair__633f82e61dde6dc47ff0e649__rankcloak,1,0.9991950392723083,textcnn,leave_one_model__mistral_7b_instruct_v0_3_q4_k_m,validation,matched_clean_llm,dedup-cluster-cdae81a0da256f43636cdb0c,revision_v1_chacha20_poly1305_base64_024,llama3_8b_instruct_q4_k_m,nonseg_ascii_b16,chacha20_poly1305_base64,casual_hobby_chat
detector_pair__6351b7542e82c938f9a6d1e1__ordinary_control,0,4.314567559049465e-05,textcnn,leave_one_model__mistral_7b_instruct_v0_3_q4_k_m,validation,matched_clean_llm,dedup-cluster-6ace02c4c66fff411127a281,revision_v1_token_128_bit_hex_012,qwen2_5_7b_instruct_q4_k_m,nonseg_ascii_b8,token_128_bit_hex,narrative_small_discovery
detector_pair__6351b7542e82c938f9a6d1e1__rankcloak,1,0.9999998807907104,textcnn,leave_one_model__mistral_7b_instruct_v0_3_q4_k_m,validation,matched_clean_llm,dedup-cluster-6ace02c4c66fff411127a281,revision_v1_token_128_bit_hex_012,qwen2_5_7b_instruct_q4_k_m,nonseg_ascii_b8,token_128_bit_hex,narrative_small_discovery
detector_pair__639a04c2502a39d97ea4d2cd__ordinary_control,0,0.0002457935188431293,textcnn,leave_one_model__mistral_7b_instruct_v0_3_q4_k_m,validation,matched_clean_llm,dedup-cluster-e2f7268932e937ee54d92fe1,revision_v1_uuid_v4_016,llama3_8b_instruct_q4_k_m,nonseg_ascii_b8,uuid_v4,forum_practical_answer
detector_pair__639a04c2502a39d97ea4d2cd__rankcloak,1,0.9890245795249939,textcnn,leave_one_model__mistral_7b_instruct_v0_3_q4_k_m,validation,matched_clean_llm,dedup-cluster-e2f7268932e937ee54d92fe1,revision_v1_uuid_v4_016,llama3_8b_instruct_q4_k_m,nonseg_ascii_b8,uuid_v4,forum_practical_answer
detector_pair__63c8667caa28030ad8436236__ordinary_control,0,0.010109665803611279,textcnn,leave_one_model__mistral_7b_instruct_v0_3_q4_k_m,validation,matched_clean_llm,dedup-cluster-23821a91b342f8bd757bd354,revision_v1_aes256_gcm_base64_009,llama3_8b_instruct_q4_k_m,nonseg_ascii_b8,aes256_gcm_base64,forum_practical_answer
detector_pair__63c8667caa28030ad8436236__rankcloak,1,0.9999794960021973,textcnn,leave_one_model__mistral_7b_instruct_v0_3_q4_k_m,validation,matched_clean_llm,dedup-cluster-23821a91b342f8bd757bd354,revision_v1_aes256_gcm_base64_009,llama3_8b_instruct_q4_k_m,nonseg_ascii_b8,aes256_gcm_base64,forum_practical_answer
detector_pair__63d5f2acefcf61b690bf5ed3__ordinary_control,0,0.0005128827760927379,textcnn,leave_one_model__mistral_7b_instruct_v0_3_q4_k_m,validation,matched_clean_llm,dedup-cluster-a9a56840e2c7d4a59a486e62,revision_v1_nonce_96_bit_hex_025,qwen2_5_7b_instruct_q4_k_m,nonseg_hex_nibble_b16,nonce_96_bit_hex,narrative_local_walk
detector_pair__63d5f2acefcf61b690bf5ed3__rankcloak,1,0.9784848093986511,textcnn,leave_one_model__mistral_7b_instruct_v0_3_q4_k_m,validation,matched_clean_llm,dedup-cluster-a9a56840e2c7d4a59a486e62,revision_v1_nonce_96_bit_hex_025,qwen2_5_7b_instruct_q4_k_m,nonseg_hex_nibble_b16,nonce_96_bit_hex,narrative_local_walk
detector_pair__6413ae23f3c1b862b68ca43f__ordinary_control,0,0.009786167182028294,textcnn,leave_one_model__mistral_7b_instruct_v0_3_q4_k_m,validation,matched_clean_llm,dedup-cluster-21724430ac9765521f1234e5,revision_v1_token_128_bit_hex_056,llama3_8b_instruct_q4_k_m,segmented_hex_single_topic,token_128_bit_hex,explain_weather_pattern
detector_pair__6413ae23f3c1b862b68ca43f__rankcloak,1,0.8224788308143616,textcnn,leave_one_model__mistral_7b_instruct_v0_3_q4_k_m,validation,matched_clean_llm,dedup-cluster-21724430ac9765521f1234e5,revision_v1_token_128_bit_hex_056,llama3_8b_instruct_q4_k_m,segmented_hex_single_topic,token_128_bit_hex,explain_weather_pattern
detector_pair__64b634ca3e133a8cd5097433__ordinary_control,0,0.23745505511760712,textcnn,leave_one_model__mistral_7b_instruct_v0_3_q4_k_m,validation,matched_clean_llm,dedup-cluster-0401b1baba09fb1c1437ea35,revision_v1_nonce_96_bit_hex_011,llama3_8b_instruct_q4_k_m,segmented_hex_multi_topic,nonce_96_bit_hex,professional_project_update
detector_pair__64b634ca3e133a8cd5097433__rankcloak,1,0.999885082244873,textcnn,leave_one_model__mistral_7b_instruct_v0_3_q4_k_m,validation,matched_clean_llm,dedup-cluster-0401b1baba09fb1c1437ea35,revision_v1_nonce_96_bit_hex_011,llama3_8b_instruct_q4_k_m,segmented_hex_multi_topic,nonce_96_bit_hex,professional_project_update
detector_pair__64de62ef071f2a7e185500bf__ordinary_control,0,0.00018821132835000753,textcnn,leave_one_model__mistral_7b_instruct_v0_3_q4_k_m,validation,matched_clean_llm,dedup-cluster-d95563a927f567b6601e551e,revision_v1_uuid_v4_020,llama3_8b_instruct_q4_k_m,nonseg_ascii_b16,uuid_v4,casual_hobby_chat
detector_pair__64de62ef071f2a7e185500bf__rankcloak,1,0.9871888756752014,textcnn,leave_one_model__mistral_7b_instruct_v0_3_q4_k_m,validation,matched_clean_llm,dedup-cluster-d95563a927f567b6601e551e,revision_v1_uuid_v4_020,llama3_8b_instruct_q4_k_m,nonseg_ascii_b16,uuid_v4,casual_hobby_chat
detector_pair__6520bdcc2006a1251b55434d__ordinary_control,0,0.0001077512715710327,textcnn,leave_one_model__mistral_7b_instruct_v0_3_q4_k_m,validation,matched_clean_llm,dedup-cluster-729f0f62c71d15bb8d8f7eff,revision_v1_token_128_bit_hex_004,llama3_8b_instruct_q4_k_m,nonseg_ascii_b16,token_128_bit_hex,professional_project_update
detector_pair__6520bdcc2006a1251b55434d__rankcloak,1,0.9981030225753784,textcnn,leave_one_model__mistral_7b_instruct_v0_3_q4_k_m,validation,matched_clean_llm,dedup-cluster-729f0f62c71d15bb8d8f7eff,revision_v1_token_128_bit_hex_004,llama3_8b_instruct_q4_k_m,nonseg_ascii_b16,token_128_bit_hex,professional_project_update
detector_pair__6546113f79eae82a62f3ac7b__ordinary_control,0,0.00016302138101309538,textcnn,leave_one_model__mistral_7b_instruct_v0_3_q4_k_m,validation,matched_clean_llm,dedup-cluster-064db5ffad9ed683b6e0fdbd,revision_v1_sha256_hex_035,llama3_8b_instruct_q4_k_m,nonseg_hex_nibble_b16,sha256_hex,explain_biological_process
detector_pair__6546113f79eae82a62f3ac7b__rankcloak,1,1.0,textcnn,leave_one_model__mistral_7b_instruct_v0_3_q4_k_m,validation,matched_clean_llm,dedup-cluster-064db5ffad9ed683b6e0fdbd,revision_v1_sha256_hex_035,llama3_8b_instruct_q4_k_m,nonseg_hex_nibble_b16,sha256_hex,explain_biological_process
detector_pair__6579705c6847a88b6792a21f__ordinary_control,0,0.0007301800069399178,textcnn,leave_one_model__mistral_7b_instruct_v0_3_q4_k_m,validation,matched_clean_llm,dedup-cluster-0eb47bf23cdaa7b54a0335a2,revision_v1_token_128_bit_hex_055,llama3_8b_instruct_q4_k_m,segmented_hex_multi_topic,token_128_bit_hex,narrative_small_discovery
detector_pair__6579705c6847a88b6792a21f__rankcloak,1,0.9339905381202698,textcnn,leave_one_model__mistral_7b_instruct_v0_3_q4_k_m,validation,matched_clean_llm,dedup-cluster-0eb47bf23cdaa7b54a0335a2,revision_v1_token_128_bit_hex_055,llama3_8b_instruct_q4_k_m,segmented_hex_multi_topic,token_128_bit_hex,narrative_small_discovery
detector_pair__65c4ab12ca9a89756852787f__ordinary_control,0,0.0008930268813855946,textcnn,leave_one_model__mistral_7b_instruct_v0_3_q4_k_m,validation,matched_clean_llm,dedup-cluster-a877ac9e15d9982c5f795957,revision_v1_sha256_hex_048,llama3_8b_instruct_q4_k_m,segmented_hex_single_topic,sha256_hex,casual_neighborhood_chat
detector_pair__65c4ab12ca9a89756852787f__rankcloak,1,0.7332322597503662,textcnn,leave_one_model__mistral_7b_instruct_v0_3_q4_k_m,validation,matched_clean_llm,dedup-cluster-a877ac9e15d9982c5f795957,revision_v1_sha256_hex_048,llama3_8b_instruct_q4_k_m,segmented_hex_single_topic,sha256_hex,casual_neighborhood_chat
detector_pair__662b62c804783d4296617b77__ordinary_control,0,0.00018277240451425314,textcnn,leave_one_model__mistral_7b_instruct_v0_3_q4_k_m,validation,matched_clean_llm,dedup-cluster-8150a67016c09420f58d3140,revision_v1_sha256_hex_053,qwen2_5_7b_instruct_q4_k_m,direct_subword_calgacus,sha256_hex,casual_weekend_chat
detector_pair__662b62c804783d4296617b77__rankcloak,1,0.9979745745658875,textcnn,leave_one_model__mistral_7b_instruct_v0_3_q4_k_m,validation,matched_clean_llm,dedup-cluster-8150a67016c09420f58d3140,revision_v1_sha256_hex_053,qwen2_5_7b_instruct_q4_k_m,direct_subword_calgacus,sha256_hex,casual_weekend_chat
detector_pair__665a8703f4d38216acc39a7c__ordinary_control,0,9.685086297395173e-07,textcnn,leave_one_model__mistral_7b_instruct_v0_3_q4_k_m,validation,matched_clean_llm,dedup-cluster-40f1050b751f94d4062ce3bb,revision_v1_aes256_gcm_base64_032,llama3_8b_instruct_q4_k_m,direct_subword_calgacus,aes256_gcm_base64,professional_schedule_note
detector_pair__665a8703f4d38216acc39a7c__rankcloak,1,0.999323844909668,textcnn,leave_one_model__mistral_7b_instruct_v0_3_q4_k_m,validation,matched_clean_llm,dedup-cluster-40f1050b751f94d4062ce3bb,revision_v1_aes256_gcm_base64_032,llama3_8b_instruct_q4_k_m,direct_subword_calgacus,aes256_gcm_base64,professional_schedule_note
detector_pair__669e747f1ca590c7ba417fce__ordinary_control,0,9.500545274931937e-05,textcnn,leave_one_model__mistral_7b_instruct_v0_3_q4_k_m,validation,matched_clean_llm,dedup-cluster-729f0f62c71d15bb8d8f7eff,revision_v1_token_128_bit_hex_004,llama3_8b_instruct_q4_k_m,segmented_hex_multi_topic,token_128_bit_hex,professional_project_update
detector_pair__669e747f1ca590c7ba417fce__rankcloak,1,0.7872999906539917,textcnn,leave_one_model__mistral_7b_instruct_v0_3_q4_k_m,validation,matched_clean_llm,dedup-cluster-729f0f62c71d15bb8d8f7eff,revision_v1_token_128_bit_hex_004,llama3_8b_instruct_q4_k_m,segmented_hex_multi_topic,token_128_bit_hex,professional_project_update
detector_pair__66feb974d8323c58aeff6fde__ordinary_control,0,0.003136215964332223,textcnn,leave_one_model__mistral_7b_instruct_v0_3_q4_k_m,validation,matched_clean_llm,dedup-cluster-23688669a27f472f3b4c7be0,revision_v1_uuid_v4_038,llama3_8b_instruct_q4_k_m,direct_subword_calgacus,uuid_v4,casual_hobby_chat
detector_pair__66feb974d8323c58aeff6fde__rankcloak,1,0.9998759031295776,textcnn,leave_one_model__mistral_7b_instruct_v0_3_q4_k_m,validation,matched_clean_llm,dedup-cluster-23688669a27f472f3b4c7be0,revision_v1_uuid_v4_038,llama3_8b_instruct_q4_k_m,direct_subword_calgacus,uuid_v4,casual_hobby_chat
detector_pair__6760819d4f7ac6dd4ffde306__ordinary_control,0,3.2559270835008647e-07,textcnn,leave_one_model__mistral_7b_instruct_v0_3_q4_k_m,validation,matched_clean_llm,dedup-cluster-e303bfe023e32c25389ebaf9,revision_v1_token_128_bit_hex_057,qwen2_5_7b_instruct_q4_k_m,segmented_hex_multi_topic,token_128_bit_hex,professional_schedule_note
detector_pair__6760819d4f7ac6dd4ffde306__rankcloak,1,0.9262146949768066,textcnn,leave_one_model__mistral_7b_instruct_v0_3_q4_k_m,validation,matched_clean_llm,dedup-cluster-e303bfe023e32c25389ebaf9,revision_v1_token_128_bit_hex_057,qwen2_5_7b_instruct_q4_k_m,segmented_hex_multi_topic,token_128_bit_hex,professional_schedule_note
detector_pair__679c5ce6ed679b0b5a8ccf46__ordinary_control,0,8.295557199744508e-05,textcnn,leave_one_model__mistral_7b_instruct_v0_3_q4_k_m,validation,matched_clean_llm,dedup-cluster-525f817201e5e26510c04739,revision_v1_uuid_v4_017,llama3_8b_instruct_q4_k_m,direct_subword_calgacus,uuid_v4,procedure_simple_meal
detector_pair__679c5ce6ed679b0b5a8ccf46__rankcloak,1,0.09721831977367401,textcnn,leave_one_model__mistral_7b_instruct_v0_3_q4_k_m,validation,matched_clean_llm,dedup-cluster-525f817201e5e26510c04739,revision_v1_uuid_v4_017,llama3_8b_instruct_q4_k_m,direct_subword_calgacus,uuid_v4,procedure_simple_meal
detector_pair__67ebec079ad0057ba31a6fef__ordinary_control,0,0.0002010152820730582,textcnn,leave_one_model__mistral_7b_instruct_v0_3_q4_k_m,validation,matched_clean_llm,dedup-cluster-804389a06ddc24189a12fcd5,revision_v1_chacha20_poly1305_base64_041,llama3_8b_instruct_q4_k_m,nonseg_ascii_b8,chacha20_poly1305_base64,explain_weather_pattern
detector_pair__67ebec079ad0057ba31a6fef__rankcloak,1,0.9999994039535522,textcnn,leave_one_model__mistral_7b_instruct_v0_3_q4_k_m,validation,matched_clean_llm,dedup-cluster-804389a06ddc24189a12fcd5,revision_v1_chacha20_poly1305_base64_041,llama3_8b_instruct_q4_k_m,nonseg_ascii_b8,chacha20_poly1305_base64,explain_weather_pattern
detector_pair__6806ab58731ed7be14be786a__ordinary_control,0,0.00015063834143802524,textcnn,leave_one_model__mistral_7b_instruct_v0_3_q4_k_m,validation,matched_clean_llm,dedup-cluster-32ad4bf593b222d70a8ca962,revision_v1_hmac_sha256_hex_053,llama3_8b_instruct_q4_k_m,segmented_hex_multi_topic,hmac_sha256_hex,casual_weekend_chat
detector_pair__6806ab58731ed7be14be786a__rankcloak,1,5.475799480336718e-05,textcnn,leave_one_model__mistral_7b_instruct_v0_3_q4_k_m,validation,matched_clean_llm,dedup-cluster-32ad4bf593b222d70a8ca962,revision_v1_hmac_sha256_hex_053,llama3_8b_instruct_q4_k_m,segmented_hex_multi_topic,hmac_sha256_hex,casual_weekend_chat
detector_pair__680a6a831e0b75a57f322e14__ordinary_control,0,0.00019328025518916547,textcnn,leave_one_model__mistral_7b_instruct_v0_3_q4_k_m,validation,matched_clean_llm,dedup-cluster-59f7511f5e7a9e62060c4324,revision_v1_uuid_v4_058,qwen2_5_7b_instruct_q4_k_m,direct_subword_calgacus,uuid_v4,procedure_garden_task
detector_pair__680a6a831e0b75a57f322e14__rankcloak,1,0.49646899104118347,textcnn,leave_one_model__mistral_7b_instruct_v0_3_q4_k_m,validation,matched_clean_llm,dedup-cluster-59f7511f5e7a9e62060c4324,revision_v1_uuid_v4_058,qwen2_5_7b_instruct_q4_k_m,direct_subword_calgacus,uuid_v4,procedure_garden_task
detector_pair__681a6c4edf62a1ba0cc82b5a__ordinary_control,0,0.0006328949821181595,textcnn,leave_one_model__mistral_7b_instruct_v0_3_q4_k_m,validation,matched_clean_llm,dedup-cluster-37d4a9d7e9509ca2f58035f8,revision_v1_hmac_sha256_hex_022,llama3_8b_instruct_q4_k_m,segmented_hex_single_topic,hmac_sha256_hex,explain_everyday_system
detector_pair__681a6c4edf62a1ba0cc82b5a__rankcloak,1,0.11524034291505814,textcnn,leave_one_model__mistral_7b_instruct_v0_3_q4_k_m,validation,matched_clean_llm,dedup-cluster-37d4a9d7e9509ca2f58035f8,revision_v1_hmac_sha256_hex_022,llama3_8b_instruct_q4_k_m,segmented_hex_single_topic,hmac_sha256_hex,explain_everyday_system
detector_pair__68a35705e5d9d18d3b283e96__ordinary_control,0,5.861002705387364e-07,textcnn,leave_one_model__mistral_7b_instruct_v0_3_q4_k_m,validation,matched_clean_llm,dedup-cluster-064db5ffad9ed683b6e0fdbd,revision_v1_sha256_hex_035,qwen2_5_7b_instruct_q4_k_m,segmented_hex_single_topic,sha256_hex,casual_weekend_chat
detector_pair__68a35705e5d9d18d3b283e96__rankcloak,1,0.6066185832023621,textcnn,leave_one_model__mistral_7b_instruct_v0_3_q4_k_m,validation,matched_clean_llm,dedup-cluster-064db5ffad9ed683b6e0fdbd,revision_v1_sha256_hex_035,qwen2_5_7b_instruct_q4_k_m,segmented_hex_single_topic,sha256_hex,casual_weekend_chat
detector_pair__6a2b2aa6468ecbe152cf8d56__ordinary_control,0,0.0673452690243721,textcnn,leave_one_model__mistral_7b_instruct_v0_3_q4_k_m,validation,matched_clean_llm,dedup-cluster-a1abcb49aa12280f617295a6,revision_v1_sha256_hex_034,llama3_8b_instruct_q4_k_m,segmented_hex_single_topic,sha256_hex,narrative_learning_moment
detector_pair__6a2b2aa6468ecbe152cf8d56__rankcloak,1,0.9667581915855408,textcnn,leave_one_model__mistral_7b_instruct_v0_3_q4_k_m,validation,matched_clean_llm,dedup-cluster-a1abcb49aa12280f617295a6,revision_v1_sha256_hex_034,llama3_8b_instruct_q4_k_m,segmented_hex_single_topic,sha256_hex,narrative_learning_moment
detector_pair__6a3d02b034eabc80851100d5__ordinary_control,0,3.719621236086823e-05,textcnn,leave_one_model__mistral_7b_instruct_v0_3_q4_k_m,validation,matched_clean_llm,dedup-cluster-edb6b099f1dff5a3bddeca8c,revision_v1_sha256_hex_012,llama3_8b_instruct_q4_k_m,direct_subword_calgacus,sha256_hex,casual_neighborhood_chat
detector_pair__6a3d02b034eabc80851100d5__rankcloak,1,0.9112488627433777,textcnn,leave_one_model__mistral_7b_instruct_v0_3_q4_k_m,validation,matched_clean_llm,dedup-cluster-edb6b099f1dff5a3bddeca8c,revision_v1_sha256_hex_012,llama3_8b_instruct_q4_k_m,direct_subword_calgacus,sha256_hex,casual_neighborhood_chat
detector_pair__6a54721ddaef27517c94a932__ordinary_control,0,0.00015903257008176297,textcnn,leave_one_model__mistral_7b_instruct_v0_3_q4_k_m,validation,matched_clean_llm,dedup-cluster-a573a5d868303e7f802ba83e,revision_v1_chacha20_poly1305_base64_008,qwen2_5_7b_instruct_q4_k_m,direct_subword_calgacus,chacha20_poly1305_base64,procedure_garden_task
detector_pair__6a54721ddaef27517c94a932__rankcloak,1,0.3660874366760254,textcnn,leave_one_model__mistral_7b_instruct_v0_3_q4_k_m,validation,matched_clean_llm,dedup-cluster-a573a5d868303e7f802ba83e,revision_v1_chacha20_poly1305_base64_008,qwen2_5_7b_instruct_q4_k_m,direct_subword_calgacus,chacha20_poly1305_base64,procedure_garden_task
detector_pair__6a6c75900dd08615d207b1d9__ordinary_control,0,0.48834410309791565,textcnn,leave_one_model__mistral_7b_instruct_v0_3_q4_k_m,validation,matched_clean_llm,dedup-cluster-a34a1c3f812dbedb8252c73c,revision_v1_ed25519_signature_base64_015,llama3_8b_instruct_q4_k_m,nonseg_ascii_b16,ed25519_signature_base64,narrative_small_discovery
detector_pair__6a6c75900dd08615d207b1d9__rankcloak,1,0.9999998807907104,textcnn,leave_one_model__mistral_7b_instruct_v0_3_q4_k_m,validation,matched_clean_llm,dedup-cluster-a34a1c3f812dbedb8252c73c,revision_v1_ed25519_signature_base64_015,llama3_8b_instruct_q4_k_m,nonseg_ascii_b16,ed25519_signature_base64,narrative_small_discovery
detector_pair__6acd65a694ab0efc4dd0d7d0__ordinary_control,0,8.429686567978933e-05,textcnn,leave_one_model__mistral_7b_instruct_v0_3_q4_k_m,validation,matched_clean_llm,dedup-cluster-5c707906476e8093ab209bdf,revision_v1_ed25519_signature_base64_020,llama3_8b_instruct_q4_k_m,nonseg_ascii_b8,ed25519_signature_base64,procedure_home_task
detector_pair__6acd65a694ab0efc4dd0d7d0__rankcloak,1,0.3031870722770691,textcnn,leave_one_model__mistral_7b_instruct_v0_3_q4_k_m,validation,matched_clean_llm,dedup-cluster-5c707906476e8093ab209bdf,revision_v1_ed25519_signature_base64_020,llama3_8b_instruct_q4_k_m,nonseg_ascii_b8,ed25519_signature_base64,procedure_home_task
detector_pair__6b1c4c52f916b6e83c3122bc__ordinary_control,0,0.0035650033969432116,textcnn,leave_one_model__mistral_7b_instruct_v0_3_q4_k_m,validation,matched_clean_llm,dedup-cluster-339659e6d45626f95acf4c5b,revision_v1_nonce_96_bit_hex_052,llama3_8b_instruct_q4_k_m,segmented_hex_single_topic,nonce_96_bit_hex,casual_hobby_chat
detector_pair__6b1c4c52f916b6e83c3122bc__rankcloak,1,0.9988954067230225,textcnn,leave_one_model__mistral_7b_instruct_v0_3_q4_k_m,validation,matched_clean_llm,dedup-cluster-339659e6d45626f95acf4c5b,revision_v1_nonce_96_bit_hex_052,llama3_8b_instruct_q4_k_m,segmented_hex_single_topic,nonce_96_bit_hex,casual_hobby_chat
detector_pair__6b41f0ebdf20953217811c8f__ordinary_control,0,8.844702279020566e-06,textcnn,leave_one_model__mistral_7b_instruct_v0_3_q4_k_m,validation,matched_clean_llm,dedup-cluster-064db5ffad9ed683b6e0fdbd,revision_v1_sha256_hex_035,qwen2_5_7b_instruct_q4_k_m,nonseg_ascii_b8,sha256_hex,casual_weekend_chat
detector_pair__6b41f0ebdf20953217811c8f__rankcloak,1,0.9976881742477417,textcnn,leave_one_model__mistral_7b_instruct_v0_3_q4_k_m,validation,matched_clean_llm,dedup-cluster-064db5ffad9ed683b6e0fdbd,revision_v1_sha256_hex_035,qwen2_5_7b_instruct_q4_k_m,nonseg_ascii_b8,sha256_hex,casual_weekend_chat
detector_pair__6c27f70b0fee561a440336ae__ordinary_control,0,0.00013632043555844575,textcnn,leave_one_model__mistral_7b_instruct_v0_3_q4_k_m,validation,matched_clean_llm,dedup-cluster-b814eb53fabc825fc651b86a,revision_v1_chacha20_poly1305_base64_029,qwen2_5_7b_instruct_q4_k_m,nonseg_ascii_b8,chacha20_poly1305_base64,casual_neighborhood_chat
detector_pair__6c27f70b0fee561a440336ae__rankcloak,1,0.9913902282714844,textcnn,leave_one_model__mistral_7b_instruct_v0_3_q4_k_m,validation,matched_clean_llm,dedup-cluster-b814eb53fabc825fc651b86a,revision_v1_chacha20_poly1305_base64_029,qwen2_5_7b_instruct_q4_k_m,nonseg_ascii_b8,chacha20_poly1305_base64,casual_neighborhood_chat
detector_pair__6c34beac5a32f221cd9c2836__ordinary_control,0,0.004720127210021019,textcnn,leave_one_model__mistral_7b_instruct_v0_3_q4_k_m,validation,matched_clean_llm,dedup-cluster-21724430ac9765521f1234e5,revision_v1_token_128_bit_hex_056,qwen2_5_7b_instruct_q4_k_m,nonseg_hex_nibble_b16,token_128_bit_hex,casual_hobby_chat
detector_pair__6c34beac5a32f221cd9c2836__rankcloak,1,0.4913051426410675,textcnn,leave_one_model__mistral_7b_instruct_v0_3_q4_k_m,validation,matched_clean_llm,dedup-cluster-21724430ac9765521f1234e5,revision_v1_token_128_bit_hex_056,qwen2_5_7b_instruct_q4_k_m,nonseg_hex_nibble_b16,token_128_bit_hex,casual_hobby_chat
detector_pair__6cbdd8237a2a36e712680fae__ordinary_control,0,8.188364120087499e-08,textcnn,leave_one_model__mistral_7b_instruct_v0_3_q4_k_m,validation,matched_clean_llm,dedup-cluster-54d0f843ac4646811be4dfd1,revision_v1_sha256_hex_000,llama3_8b_instruct_q4_k_m,direct_subword_calgacus,sha256_hex,casual_weekend_chat
detector_pair__6cbdd8237a2a36e712680fae__rankcloak,1,0.9749718308448792,textcnn,leave_one_model__mistral_7b_instruct_v0_3_q4_k_m,validation,matched_clean_llm,dedup-cluster-54d0f843ac4646811be4dfd1,revision_v1_sha256_hex_000,llama3_8b_instruct_q4_k_m,direct_subword_calgacus,sha256_hex,casual_weekend_chat
detector_pair__6cd809e4e5e0ab7ad56f07db__ordinary_control,0,0.06005699560046196,textcnn,leave_one_model__mistral_7b_instruct_v0_3_q4_k_m,validation,matched_clean_llm,dedup-cluster-a1abcb49aa12280f617295a6,revision_v1_sha256_hex_034,qwen2_5_7b_instruct_q4_k_m,segmented_hex_single_topic,sha256_hex,explain_weather_pattern
detector_pair__6cd809e4e5e0ab7ad56f07db__rankcloak,1,0.998561680316925,textcnn,leave_one_model__mistral_7b_instruct_v0_3_q4_k_m,validation,matched_clean_llm,dedup-cluster-a1abcb49aa12280f617295a6,revision_v1_sha256_hex_034,qwen2_5_7b_instruct_q4_k_m,segmented_hex_single_topic,sha256_hex,explain_weather_pattern
detector_pair__6d1f91fe76a61bf4a9c69d49__ordinary_control,0,0.0002929357287939638,textcnn,leave_one_model__mistral_7b_instruct_v0_3_q4_k_m,validation,matched_clean_llm,dedup-cluster-1d730332b470450b93b8b767,revision_v1_hmac_sha256_hex_006,qwen2_5_7b_instruct_q4_k_m,nonseg_ascii_b16,hmac_sha256_hex,forum_practical_answer
detector_pair__6d1f91fe76a61bf4a9c69d49__rankcloak,1,0.689067542552948,textcnn,leave_one_model__mistral_7b_instruct_v0_3_q4_k_m,validation,matched_clean_llm,dedup-cluster-1d730332b470450b93b8b767,revision_v1_hmac_sha256_hex_006,qwen2_5_7b_instruct_q4_k_m,nonseg_ascii_b16,hmac_sha256_hex,forum_practical_answer
detector_pair__6d5568e44190fb00f34814f8__ordinary_control,0,0.05399709939956665,textcnn,leave_one_model__mistral_7b_instruct_v0_3_q4_k_m,validation,matched_clean_llm,dedup-cluster-4f6ab2ce0956867e1b0b1bad,revision_v1_hmac_sha256_hex_043,qwen2_5_7b_instruct_q4_k_m,segmented_hex_multi_topic,hmac_sha256_hex,procedure_simple_meal
detector_pair__6d5568e44190fb00f34814f8__rankcloak,1,0.9983863830566406,textcnn,leave_one_model__mistral_7b_instruct_v0_3_q4_k_m,validation,matched_clean_llm,dedup-cluster-4f6ab2ce0956867e1b0b1bad,revision_v1_hmac_sha256_hex_043,qwen2_5_7b_instruct_q4_k_m,segmented_hex_multi_topic,hmac_sha256_hex,procedure_simple_meal
detector_pair__6d75c38ddaffd6930e5b1ff3__ordinary_control,0,0.42025861144065857,textcnn,leave_one_model__mistral_7b_instruct_v0_3_q4_k_m,validation,matched_clean_llm,dedup-cluster-8150a67016c09420f58d3140,revision_v1_sha256_hex_053,llama3_8b_instruct_q4_k_m,segmented_hex_single_topic,sha256_hex,explain_biological_process
detector_pair__6d75c38ddaffd6930e5b1ff3__rankcloak,1,0.5409274101257324,textcnn,leave_one_model__mistral_7b_instruct_v0_3_q4_k_m,validation,matched_clean_llm,dedup-cluster-8150a67016c09420f58d3140,revision_v1_sha256_hex_053,llama3_8b_instruct_q4_k_m,segmented_hex_single_topic,sha256_hex,explain_biological_process
detector_pair__6db23132db9f650ab87ab323__ordinary_control,0,0.0020463354885578156,textcnn,leave_one_model__mistral_7b_instruct_v0_3_q4_k_m,validation,matched_clean_llm,dedup-cluster-982d753609ba3daf81c7d866,revision_v1_sha256_hex_046,llama3_8b_instruct_q4_k_m,segmented_hex_multi_topic,sha256_hex,narrative_local_walk
detector_pair__6db23132db9f650ab87ab323__rankcloak,1,0.9999966621398926,textcnn,leave_one_model__mistral_7b_instruct_v0_3_q4_k_m,validation,matched_clean_llm,dedup-cluster-982d753609ba3daf81c7d866,revision_v1_sha256_hex_046,llama3_8b_instruct_q4_k_m,segmented_hex_multi_topic,sha256_hex,narrative_local_walk
detector_pair__6dbc32e96a29d73f8f43138a__ordinary_control,0,0.0009962075855582952,textcnn,leave_one_model__mistral_7b_instruct_v0_3_q4_k_m,validation,matched_clean_llm,dedup-cluster-7b810f2afbcabc7ee462bff7,revision_v1_nonce_96_bit_hex_023,llama3_8b_instruct_q4_k_m,segmented_hex_multi_topic,nonce_96_bit_hex,professional_process_email
detector_pair__6dbc32e96a29d73f8f43138a__rankcloak,1,0.9150397777557373,textcnn,leave_one_model__mistral_7b_instruct_v0_3_q4_k_m,validation,matched_clean_llm,dedup-cluster-7b810f2afbcabc7ee462bff7,revision_v1_nonce_96_bit_hex_023,llama3_8b_instruct_q4_k_m,segmented_hex_multi_topic,nonce_96_bit_hex,professional_process_email
detector_pair__6de928a8a72a993c9bbddb71__ordinary_control,0,0.49533316493034363,textcnn,leave_one_model__mistral_7b_instruct_v0_3_q4_k_m,validation,matched_clean_llm,dedup-cluster-729f0f62c71d15bb8d8f7eff,revision_v1_token_128_bit_hex_004,llama3_8b_instruct_q4_k_m,segmented_hex_single_topic,token_128_bit_hex,professional_project_update
detector_pair__6de928a8a72a993c9bbddb71__rankcloak,1,0.7737513780593872,textcnn,leave_one_model__mistral_7b_instruct_v0_3_q4_k_m,validation,matched_clean_llm,dedup-cluster-729f0f62c71d15bb8d8f7eff,revision_v1_token_128_bit_hex_004,llama3_8b_instruct_q4_k_m,segmented_hex_single_topic,token_128_bit_hex,professional_project_update
detector_pair__6e0621ebfe36163671359188__ordinary_control,0,1.6492891518282704e-05,textcnn,leave_one_model__mistral_7b_instruct_v0_3_q4_k_m,validation,matched_clean_llm,dedup-cluster-1d730332b470450b93b8b767,revision_v1_hmac_sha256_hex_006,llama3_8b_instruct_q4_k_m,segmented_hex_single_topic,hmac_sha256_hex,professional_process_email
detector_pair__6e0621ebfe36163671359188__rankcloak,1,0.9308376312255859,textcnn,leave_one_model__mistral_7b_instruct_v0_3_q4_k_m,validation,matched_clean_llm,dedup-cluster-1d730332b470450b93b8b767,revision_v1_hmac_sha256_hex_006,llama3_8b_instruct_q4_k_m,segmented_hex_single_topic,hmac_sha256_hex,professional_process_email
detector_pair__6e1bbcd2f73f02dd0335eee4__ordinary_control,0,0.0003662276722025126,textcnn,leave_one_model__mistral_7b_instruct_v0_3_q4_k_m,validation,matched_clean_llm,dedup-cluster-847d23bf1ef334bb559efd28,revision_v1_aes256_gcm_base64_000,llama3_8b_instruct_q4_k_m,nonseg_ascii_b16,aes256_gcm_base64,explain_biological_process
detector_pair__6e1bbcd2f73f02dd0335eee4__rankcloak,1,0.9999986886978149,textcnn,leave_one_model__mistral_7b_instruct_v0_3_q4_k_m,validation,matched_clean_llm,dedup-cluster-847d23bf1ef334bb559efd28,revision_v1_aes256_gcm_base64_000,llama3_8b_instruct_q4_k_m,nonseg_ascii_b16,aes256_gcm_base64,explain_biological_process
detector_pair__6e461def23bdb8ce68eac2e8__ordinary_control,0,0.0003579711774364114,textcnn,leave_one_model__mistral_7b_instruct_v0_3_q4_k_m,validation,matched_clean_llm,dedup-cluster-4df1f95590c9f69533ae0634,revision_v1_nonce_96_bit_hex_027,qwen2_5_7b_instruct_q4_k_m,nonseg_ascii_b8,nonce_96_bit_hex,casual_hobby_chat
detector_pair__6e461def23bdb8ce68eac2e8__rankcloak,1,0.9914105534553528,textcnn,leave_one_model__mistral_7b_instruct_v0_3_q4_k_m,validation,matched_clean_llm,dedup-cluster-4df1f95590c9f69533ae0634,revision_v1_nonce_96_bit_hex_027,qwen2_5_7b_instruct_q4_k_m,nonseg_ascii_b8,nonce_96_bit_hex,casual_hobby_chat
detector_pair__6e579d1bf99363d561633a19__ordinary_control,0,0.00027812691405415535,textcnn,leave_one_model__mistral_7b_instruct_v0_3_q4_k_m,validation,matched_clean_llm,dedup-cluster-6011fbb5ee1115e93ddfe3e1,revision_v1_chacha20_poly1305_base64_047,qwen2_5_7b_instruct_q4_k_m,direct_subword_calgacus,chacha20_poly1305_base64,casual_neighborhood_chat
detector_pair__6e579d1bf99363d561633a19__rankcloak,1,0.9953846335411072,textcnn,leave_one_model__mistral_7b_instruct_v0_3_q4_k_m,validation,matched_clean_llm,dedup-cluster-6011fbb5ee1115e93ddfe3e1,revision_v1_chacha20_poly1305_base64_047,qwen2_5_7b_instruct_q4_k_m,direct_subword_calgacus,chacha20_poly1305_base64,casual_neighborhood_chat
detector_pair__6e87bb152cc8a9f3fae10f40__ordinary_control,0,7.581606769235805e-05,textcnn,leave_one_model__mistral_7b_instruct_v0_3_q4_k_m,validation,matched_clean_llm,dedup-cluster-525f817201e5e26510c04739,revision_v1_uuid_v4_017,qwen2_5_7b_instruct_q4_k_m,nonseg_ascii_b16,uuid_v4,narrative_local_walk
detector_pair__6e87bb152cc8a9f3fae10f40__rankcloak,1,0.791086733341217,textcnn,leave_one_model__mistral_7b_instruct_v0_3_q4_k_m,validation,matched_clean_llm,dedup-cluster-525f817201e5e26510c04739,revision_v1_uuid_v4_017,qwen2_5_7b_instruct_q4_k_m,nonseg_ascii_b16,uuid_v4,narrative_local_walk
detector_pair__6ea7b18c4d4acd7c9d766f15__ordinary_control,0,1.210939103657438e-06,textcnn,leave_one_model__mistral_7b_instruct_v0_3_q4_k_m,validation,matched_clean_llm,dedup-cluster-dcb1b73d5ccfd69dfe23f428,revision_v1_ed25519_signature_base64_000,llama3_8b_instruct_q4_k_m,direct_subword_calgacus,ed25519_signature_base64,professional_schedule_note
detector_pair__6ea7b18c4d4acd7c9d766f15__rankcloak,1,0.9810596108436584,textcnn,leave_one_model__mistral_7b_instruct_v0_3_q4_k_m,validation,matched_clean_llm,dedup-cluster-dcb1b73d5ccfd69dfe23f428,revision_v1_ed25519_signature_base64_000,llama3_8b_instruct_q4_k_m,direct_subword_calgacus,ed25519_signature_base64,professional_schedule_note
detector_pair__6eeffbb14c4a8981c98809f5__ordinary_control,0,0.005929112434387207,textcnn,leave_one_model__mistral_7b_instruct_v0_3_q4_k_m,validation,matched_clean_llm,dedup-cluster-725b5797405341915f74ba63,revision_v1_token_128_bit_hex_006,qwen2_5_7b_instruct_q4_k_m,nonseg_ascii_b16,token_128_bit_hex,narrative_learning_moment
detector_pair__6eeffbb14c4a8981c98809f5__rankcloak,1,0.9982417821884155,textcnn,leave_one_model__mistral_7b_instruct_v0_3_q4_k_m,validation,matched_clean_llm,dedup-cluster-725b5797405341915f74ba63,revision_v1_token_128_bit_hex_006,qwen2_5_7b_instruct_q4_k_m,nonseg_ascii_b16,token_128_bit_hex,narrative_learning_moment
detector_pair__6f0d2424427165a237a765ca__ordinary_control,0,0.2496354877948761,textcnn,leave_one_model__mistral_7b_instruct_v0_3_q4_k_m,validation,matched_clean_llm,dedup-cluster-982d753609ba3daf81c7d866,revision_v1_sha256_hex_046,qwen2_5_7b_instruct_q4_k_m,segmented_hex_multi_topic,sha256_hex,explain_biological_process
detector_pair__6f0d2424427165a237a765ca__rankcloak,1,0.9992621541023254,textcnn,leave_one_model__mistral_7b_instruct_v0_3_q4_k_m,validation,matched_clean_llm,dedup-cluster-982d753609ba3daf81c7d866,revision_v1_sha256_hex_046,qwen2_5_7b_instruct_q4_k_m,segmented_hex_multi_topic,sha256_hex,explain_biological_process
detector_pair__6f0d5e20027b42576f7ed2f5__ordinary_control,0,0.0002483636199031025,textcnn,leave_one_model__mistral_7b_instruct_v0_3_q4_k_m,validation,matched_clean_llm,dedup-cluster-2e7f1969791ae609498a9082,revision_v1_hmac_sha256_hex_020,qwen2_5_7b_instruct_q4_k_m,nonseg_ascii_b16,hmac_sha256_hex,narrative_learning_moment
detector_pair__6f0d5e20027b42576f7ed2f5__rankcloak,1,0.9944473505020142,textcnn,leave_one_model__mistral_7b_instruct_v0_3_q4_k_m,validation,matched_clean_llm,dedup-cluster-2e7f1969791ae609498a9082,revision_v1_hmac_sha256_hex_020,qwen2_5_7b_instruct_q4_k_m,nonseg_ascii_b16,hmac_sha256_hex,narrative_learning_moment
detector_pair__6f3d8adf2f13e55423511d7b__ordinary_control,0,7.036027818685398e-05,textcnn,leave_one_model__mistral_7b_instruct_v0_3_q4_k_m,validation,matched_clean_llm,dedup-cluster-4c7d81d9bc771045be64324c,revision_v1_nonce_96_bit_hex_001,qwen2_5_7b_instruct_q4_k_m,nonseg_ascii_b16,nonce_96_bit_hex,narrative_small_discovery
detector_pair__6f3d8adf2f13e55423511d7b__rankcloak,1,0.608954906463623,textcnn,leave_one_model__mistral_7b_instruct_v0_3_q4_k_m,validation,matched_clean_llm,dedup-cluster-4c7d81d9bc771045be64324c,revision_v1_nonce_96_bit_hex_001,qwen2_5_7b_instruct_q4_k_m,nonseg_ascii_b16,nonce_96_bit_hex,narrative_small_discovery
detector_pair__6f3fc478c06c7a712473c404__ordinary_control,0,0.011013353243470192,textcnn,leave_one_model__mistral_7b_instruct_v0_3_q4_k_m,validation,matched_clean_llm,dedup-cluster-8150a67016c09420f58d3140,revision_v1_sha256_hex_053,llama3_8b_instruct_q4_k_m,nonseg_hex_nibble_b16,sha256_hex,explain_biological_process
detector_pair__6f3fc478c06c7a712473c404__rankcloak,1,0.9779136776924133,textcnn,leave_one_model__mistral_7b_instruct_v0_3_q4_k_m,validation,matched_clean_llm,dedup-cluster-8150a67016c09420f58d3140,revision_v1_sha256_hex_053,llama3_8b_instruct_q4_k_m,nonseg_hex_nibble_b16,sha256_hex,explain_biological_process
detector_pair__6f5e80fe73d88106b0ba874b__ordinary_control,0,3.3061483009078074e-06,textcnn,leave_one_model__mistral_7b_instruct_v0_3_q4_k_m,validation,matched_clean_llm,dedup-cluster-ead69251c7d45a2f2e36dc76,revision_v1_ed25519_signature_base64_004,qwen2_5_7b_instruct_q4_k_m,nonseg_ascii_b16,ed25519_signature_base64,casual_neighborhood_chat
detector_pair__6f5e80fe73d88106b0ba874b__rankcloak,1,1.0,textcnn,leave_one_model__mistral_7b_instruct_v0_3_q4_k_m,validation,matched_clean_llm,dedup-cluster-ead69251c7d45a2f2e36dc76,revision_v1_ed25519_signature_base64_004,qwen2_5_7b_instruct_q4_k_m,nonseg_ascii_b16,ed25519_signature_base64,casual_neighborhood_chat
detector_pair__6f7c0fdaa2a7e5bae04f4b4f__ordinary_control,0,0.9939741492271423,textcnn,leave_one_model__mistral_7b_instruct_v0_3_q4_k_m,validation,matched_clean_llm,dedup-cluster-339659e6d45626f95acf4c5b,revision_v1_nonce_96_bit_hex_052,llama3_8b_instruct_q4_k_m,direct_subword_calgacus,nonce_96_bit_hex,casual_hobby_chat
detector_pair__6f7c0fdaa2a7e5bae04f4b4f__rankcloak,1,0.1276780068874359,textcnn,leave_one_model__mistral_7b_instruct_v0_3_q4_k_m,validation,matched_clean_llm,dedup-cluster-339659e6d45626f95acf4c5b,revision_v1_nonce_96_bit_hex_052,llama3_8b_instruct_q4_k_m,direct_subword_calgacus,nonce_96_bit_hex,casual_hobby_chat
detector_pair__6fe2695df82cec21c8135564__ordinary_control,0,0.0010162448743358254,textcnn,leave_one_model__mistral_7b_instruct_v0_3_q4_k_m,validation,matched_clean_llm,dedup-cluster-725b5797405341915f74ba63,revision_v1_token_128_bit_hex_006,llama3_8b_instruct_q4_k_m,nonseg_hex_nibble_b16,token_128_bit_hex,procedure_home_task
detector_pair__6fe2695df82cec21c8135564__rankcloak,1,0.38614851236343384,textcnn,leave_one_model__mistral_7b_instruct_v0_3_q4_k_m,validation,matched_clean_llm,dedup-cluster-725b5797405341915f74ba63,revision_v1_token_128_bit_hex_006,llama3_8b_instruct_q4_k_m,nonseg_hex_nibble_b16,token_128_bit_hex,procedure_home_task
detector_pair__703225507c6fb3f9aaec2050__ordinary_control,0,0.006462390534579754,textcnn,leave_one_model__mistral_7b_instruct_v0_3_q4_k_m,validation,matched_clean_llm,dedup-cluster-064db5ffad9ed683b6e0fdbd,revision_v1_sha256_hex_035,qwen2_5_7b_instruct_q4_k_m,segmented_hex_multi_topic,sha256_hex,casual_weekend_chat
detector_pair__703225507c6fb3f9aaec2050__rankcloak,1,0.9999970197677612,textcnn,leave_one_model__mistral_7b_instruct_v0_3_q4_k_m,validation,matched_clean_llm,dedup-cluster-064db5ffad9ed683b6e0fdbd,revision_v1_sha256_hex_035,qwen2_5_7b_instruct_q4_k_m,segmented_hex_multi_topic,sha256_hex,casual_weekend_chat
detector_pair__713f22dda84731152b686bbe__ordinary_control,0,0.0034325793385505676,textcnn,leave_one_model__mistral_7b_instruct_v0_3_q4_k_m,validation,matched_clean_llm,dedup-cluster-21724430ac9765521f1234e5,revision_v1_token_128_bit_hex_056,llama3_8b_instruct_q4_k_m,nonseg_hex_nibble_b16,token_128_bit_hex,explain_weather_pattern
detector_pair__713f22dda84731152b686bbe__rankcloak,1,0.20875020325183868,textcnn,leave_one_model__mistral_7b_instruct_v0_3_q4_k_m,validation,matched_clean_llm,dedup-cluster-21724430ac9765521f1234e5,revision_v1_token_128_bit_hex_056,llama3_8b_instruct_q4_k_m,nonseg_hex_nibble_b16,token_128_bit_hex,explain_weather_pattern
detector_pair__715039543d0a20c6e1d1b6f0__ordinary_control,0,1.7483510816873604e-07,textcnn,leave_one_model__mistral_7b_instruct_v0_3_q4_k_m,validation,matched_clean_llm,dedup-cluster-a1f09603de61d42b17c60f90,revision_v1_nonce_96_bit_hex_058,llama3_8b_instruct_q4_k_m,segmented_hex_single_topic,nonce_96_bit_hex,casual_neighborhood_chat
detector_pair__715039543d0a20c6e1d1b6f0__rankcloak,1,0.6505165100097656,textcnn,leave_one_model__mistral_7b_instruct_v0_3_q4_k_m,validation,matched_clean_llm,dedup-cluster-a1f09603de61d42b17c60f90,revision_v1_nonce_96_bit_hex_058,llama3_8b_instruct_q4_k_m,segmented_hex_single_topic,nonce_96_bit_hex,casual_neighborhood_chat
detector_pair__71b840c4bbf42a7fe2a2d0fd__ordinary_control,0,0.01682431437075138,textcnn,leave_one_model__mistral_7b_instruct_v0_3_q4_k_m,validation,matched_clean_llm,dedup-cluster-cc1d79c541da66daf8e9d81d,revision_v1_chacha20_poly1305_base64_040,qwen2_5_7b_instruct_q4_k_m,nonseg_ascii_b8,chacha20_poly1305_base64,explain_everyday_system
detector_pair__71b840c4bbf42a7fe2a2d0fd__rankcloak,1,0.9992019534111023,textcnn,leave_one_model__mistral_7b_instruct_v0_3_q4_k_m,validation,matched_clean_llm,dedup-cluster-cc1d79c541da66daf8e9d81d,revision_v1_chacha20_poly1305_base64_040,qwen2_5_7b_instruct_q4_k_m,nonseg_ascii_b8,chacha20_poly1305_base64,explain_everyday_system
detector_pair__71e67a2cd2f15710789de31f__ordinary_control,0,0.04374891147017479,textcnn,leave_one_model__mistral_7b_instruct_v0_3_q4_k_m,validation,matched_clean_llm,dedup-cluster-5ace189a35be6720f7c9dc5e,revision_v1_chacha20_poly1305_base64_057,llama3_8b_instruct_q4_k_m,nonseg_ascii_b16,chacha20_poly1305_base64,procedure_simple_meal
detector_pair__71e67a2cd2f15710789de31f__rankcloak,1,0.10741489380598068,textcnn,leave_one_model__mistral_7b_instruct_v0_3_q4_k_m,validation,matched_clean_llm,dedup-cluster-5ace189a35be6720f7c9dc5e,revision_v1_chacha20_poly1305_base64_057,llama3_8b_instruct_q4_k_m,nonseg_ascii_b16,chacha20_poly1305_base64,procedure_simple_meal
detector_pair__721108fae377b82a32e025a1__ordinary_control,0,2.026260699494742e-05,textcnn,leave_one_model__mistral_7b_instruct_v0_3_q4_k_m,validation,matched_clean_llm,dedup-cluster-e303bfe023e32c25389ebaf9,revision_v1_token_128_bit_hex_057,llama3_8b_instruct_q4_k_m,nonseg_ascii_b16,token_128_bit_hex,casual_weekend_chat
detector_pair__721108fae377b82a32e025a1__rankcloak,1,0.998957633972168,textcnn,leave_one_model__mistral_7b_instruct_v0_3_q4_k_m,validation,matched_clean_llm,dedup-cluster-e303bfe023e32c25389ebaf9,revision_v1_token_128_bit_hex_057,llama3_8b_instruct_q4_k_m,nonseg_ascii_b16,token_128_bit_hex,casual_weekend_chat
detector_pair__726473b3dcf31d5bac789e17__ordinary_control,0,1.3547599337471183e-05,textcnn,leave_one_model__mistral_7b_instruct_v0_3_q4_k_m,validation,matched_clean_llm,dedup-cluster-a877ac9e15d9982c5f795957,revision_v1_sha256_hex_048,qwen2_5_7b_instruct_q4_k_m,segmented_hex_single_topic,sha256_hex,professional_project_update
detector_pair__726473b3dcf31d5bac789e17__rankcloak,1,0.9997871518135071,textcnn,leave_one_model__mistral_7b_instruct_v0_3_q4_k_m,validation,matched_clean_llm,dedup-cluster-a877ac9e15d9982c5f795957,revision_v1_sha256_hex_048,qwen2_5_7b_instruct_q4_k_m,segmented_hex_single_topic,sha256_hex,professional_project_update
detector_pair__72705c7d5aca9ab051cf8893__ordinary_control,0,0.0001644072908675298,textcnn,leave_one_model__mistral_7b_instruct_v0_3_q4_k_m,validation,matched_clean_llm,dedup-cluster-e39d52527261844e25cbad0b,revision_v1_uuid_v4_006,qwen2_5_7b_instruct_q4_k_m,nonseg_ascii_b8,uuid_v4,explain_weather_pattern
detector_pair__72705c7d5aca9ab051cf8893__rankcloak,1,0.9575343728065491,textcnn,leave_one_model__mistral_7b_instruct_v0_3_q4_k_m,validation,matched_clean_llm,dedup-cluster-e39d52527261844e25cbad0b,revision_v1_uuid_v4_006,qwen2_5_7b_instruct_q4_k_m,nonseg_ascii_b8,uuid_v4,explain_weather_pattern
detector_pair__72a7047ce6f68d84f6e93e4d__ordinary_control,0,0.004793715663254261,textcnn,leave_one_model__mistral_7b_instruct_v0_3_q4_k_m,validation,matched_clean_llm,dedup-cluster-a877ac9e15d9982c5f795957,revision_v1_sha256_hex_048,llama3_8b_instruct_q4_k_m,nonseg_hex_nibble_b16,sha256_hex,casual_neighborhood_chat
detector_pair__72a7047ce6f68d84f6e93e4d__rankcloak,1,0.9999977350234985,textcnn,leave_one_model__mistral_7b_instruct_v0_3_q4_k_m,validation,matched_clean_llm,dedup-cluster-a877ac9e15d9982c5f795957,revision_v1_sha256_hex_048,llama3_8b_instruct_q4_k_m,nonseg_hex_nibble_b16,sha256_hex,casual_neighborhood_chat
detector_pair__72f2f9c6d5a404a776008984__ordinary_control,0,0.00017918372759595513,textcnn,leave_one_model__mistral_7b_instruct_v0_3_q4_k_m,validation,matched_clean_llm,dedup-cluster-23688669a27f472f3b4c7be0,revision_v1_uuid_v4_038,qwen2_5_7b_instruct_q4_k_m,nonseg_ascii_b8,uuid_v4,professional_process_email
detector_pair__72f2f9c6d5a404a776008984__rankcloak,1,0.983770489692688,textcnn,leave_one_model__mistral_7b_instruct_v0_3_q4_k_m,validation,matched_clean_llm,dedup-cluster-23688669a27f472f3b4c7be0,revision_v1_uuid_v4_038,qwen2_5_7b_instruct_q4_k_m,nonseg_ascii_b8,uuid_v4,professional_process_email
detector_pair__72ff81d89ab2f0a647b5a724__ordinary_control,0,0.0003327536687720567,textcnn,leave_one_model__mistral_7b_instruct_v0_3_q4_k_m,validation,matched_clean_llm,dedup-cluster-d028afde8d3446e776f3bdbf,revision_v1_hmac_sha256_hex_013,qwen2_5_7b_instruct_q4_k_m,segmented_hex_single_topic,hmac_sha256_hex,procedure_home_task
detector_pair__72ff81d89ab2f0a647b5a724__rankcloak,1,0.998950719833374,textcnn,leave_one_model__mistral_7b_instruct_v0_3_q4_k_m,validation,matched_clean_llm,dedup-cluster-d028afde8d3446e776f3bdbf,revision_v1_hmac_sha256_hex_013,qwen2_5_7b_instruct_q4_k_m,segmented_hex_single_topic,hmac_sha256_hex,procedure_home_task
detector_pair__731be063b5dccc69ecbcbf73__ordinary_control,0,0.0841328501701355,textcnn,leave_one_model__mistral_7b_instruct_v0_3_q4_k_m,validation,matched_clean_llm,dedup-cluster-9f2700a571f51133cc69754b,revision_v1_chacha20_poly1305_base64_019,llama3_8b_instruct_q4_k_m,nonseg_ascii_b16,chacha20_poly1305_base64,professional_project_update
detector_pair__731be063b5dccc69ecbcbf73__rankcloak,1,0.9999996423721313,textcnn,leave_one_model__mistral_7b_instruct_v0_3_q4_k_m,validation,matched_clean_llm,dedup-cluster-9f2700a571f51133cc69754b,revision_v1_chacha20_poly1305_base64_019,llama3_8b_instruct_q4_k_m,nonseg_ascii_b16,chacha20_poly1305_base64,professional_project_update
detector_pair__7398a5cce5d6fd9cfcf2d6da__ordinary_control,0,0.0018261324148625135,textcnn,leave_one_model__mistral_7b_instruct_v0_3_q4_k_m,validation,matched_clean_llm,dedup-cluster-729f0f62c71d15bb8d8f7eff,revision_v1_token_128_bit_hex_004,llama3_8b_instruct_q4_k_m,direct_subword_calgacus,token_128_bit_hex,professional_project_update
detector_pair__7398a5cce5d6fd9cfcf2d6da__rankcloak,1,0.8154950141906738,textcnn,leave_one_model__mistral_7b_instruct_v0_3_q4_k_m,validation,matched_clean_llm,dedup-cluster-729f0f62c71d15bb8d8f7eff,revision_v1_token_128_bit_hex_004,llama3_8b_instruct_q4_k_m,direct_subword_calgacus,token_128_bit_hex,professional_project_update
detector_pair__73b390a7e3397859052a7802__ordinary_control,0,0.0008704185020178556,textcnn,leave_one_model__mistral_7b_instruct_v0_3_q4_k_m,validation,matched_clean_llm,dedup-cluster-729f0f62c71d15bb8d8f7eff,revision_v1_token_128_bit_hex_004,qwen2_5_7b_instruct_q4_k_m,nonseg_ascii_b8,token_128_bit_hex,forum_purchase_advice
detector_pair__73b390a7e3397859052a7802__rankcloak,1,0.9843313097953796,textcnn,leave_one_model__mistral_7b_instruct_v0_3_q4_k_m,validation,matched_clean_llm,dedup-cluster-729f0f62c71d15bb8d8f7eff,revision_v1_token_128_bit_hex_004,qwen2_5_7b_instruct_q4_k_m,nonseg_ascii_b8,token_128_bit_hex,forum_purchase_advice
detector_pair__740c647cbfe8773dd080b07e__ordinary_control,0,6.20340506429784e-06,textcnn,leave_one_model__mistral_7b_instruct_v0_3_q4_k_m,validation,matched_clean_llm,dedup-cluster-dcb1b73d5ccfd69dfe23f428,revision_v1_ed25519_signature_base64_000,llama3_8b_instruct_q4_k_m,nonseg_ascii_b16,ed25519_signature_base64,professional_schedule_note
detector_pair__740c647cbfe8773dd080b07e__rankcloak,1,0.9965935349464417,textcnn,leave_one_model__mistral_7b_instruct_v0_3_q4_k_m,validation,matched_clean_llm,dedup-cluster-dcb1b73d5ccfd69dfe23f428,revision_v1_ed25519_signature_base64_000,llama3_8b_instruct_q4_k_m,nonseg_ascii_b16,ed25519_signature_base64,professional_schedule_note
detector_pair__751f7087c03ba1b9e3175d2e__ordinary_control,0,0.03522499278187752,textcnn,leave_one_model__mistral_7b_instruct_v0_3_q4_k_m,validation,matched_clean_llm,dedup-cluster-d028afde8d3446e776f3bdbf,revision_v1_hmac_sha256_hex_013,qwen2_5_7b_instruct_q4_k_m,segmented_hex_multi_topic,hmac_sha256_hex,procedure_home_task
detector_pair__751f7087c03ba1b9e3175d2e__rankcloak,1,0.9951727986335754,textcnn,leave_one_model__mistral_7b_instruct_v0_3_q4_k_m,validation,matched_clean_llm,dedup-cluster-d028afde8d3446e776f3bdbf,revision_v1_hmac_sha256_hex_013,qwen2_5_7b_instruct_q4_k_m,segmented_hex_multi_topic,hmac_sha256_hex,procedure_home_task
detector_pair__7522e4aeb3663f9331ac623e__ordinary_control,0,0.271513968706131,textcnn,leave_one_model__mistral_7b_instruct_v0_3_q4_k_m,validation,matched_clean_llm,dedup-cluster-32ad4bf593b222d70a8ca962,revision_v1_hmac_sha256_hex_053,llama3_8b_instruct_q4_k_m,nonseg_ascii_b16,hmac_sha256_hex,casual_weekend_chat
detector_pair__7522e4aeb3663f9331ac623e__rankcloak,1,0.9972020387649536,textcnn,leave_one_model__mistral_7b_instruct_v0_3_q4_k_m,validation,matched_clean_llm,dedup-cluster-32ad4bf593b222d70a8ca962,revision_v1_hmac_sha256_hex_053,llama3_8b_instruct_q4_k_m,nonseg_ascii_b16,hmac_sha256_hex,casual_weekend_chat
detector_pair__752d360f0dad871bb48f68a0__ordinary_control,0,4.4921096559846774e-05,textcnn,leave_one_model__mistral_7b_instruct_v0_3_q4_k_m,validation,matched_clean_llm,dedup-cluster-e2f7268932e937ee54d92fe1,revision_v1_uuid_v4_016,qwen2_5_7b_instruct_q4_k_m,nonseg_ascii_b16,uuid_v4,procedure_home_task
detector_pair__752d360f0dad871bb48f68a0__rankcloak,1,0.9979222416877747,textcnn,leave_one_model__mistral_7b_instruct_v0_3_q4_k_m,validation,matched_clean_llm,dedup-cluster-e2f7268932e937ee54d92fe1,revision_v1_uuid_v4_016,qwen2_5_7b_instruct_q4_k_m,nonseg_ascii_b16,uuid_v4,procedure_home_task
detector_pair__75860b1efd8f5c77235f2493__ordinary_control,0,0.603030800819397,textcnn,leave_one_model__mistral_7b_instruct_v0_3_q4_k_m,validation,matched_clean_llm,dedup-cluster-72a697706958756a5d98abe5,revision_v1_aes256_gcm_base64_042,llama3_8b_instruct_q4_k_m,nonseg_ascii_b8,aes256_gcm_base64,explain_weather_pattern
detector_pair__75860b1efd8f5c77235f2493__rankcloak,1,0.30763477087020874,textcnn,leave_one_model__mistral_7b_instruct_v0_3_q4_k_m,validation,matched_clean_llm,dedup-cluster-72a697706958756a5d98abe5,revision_v1_aes256_gcm_base64_042,llama3_8b_instruct_q4_k_m,nonseg_ascii_b8,aes256_gcm_base64,explain_weather_pattern
detector_pair__7596befebecb40c2085c3933__ordinary_control,0,0.00033132758107967675,textcnn,leave_one_model__mistral_7b_instruct_v0_3_q4_k_m,validation,matched_clean_llm,dedup-cluster-17900f3eff20bb84e24fa1da,revision_v1_token_128_bit_hex_021,llama3_8b_instruct_q4_k_m,segmented_hex_single_topic,token_128_bit_hex,casual_weekend_chat
detector_pair__7596befebecb40c2085c3933__rankcloak,1,0.9999963045120239,textcnn,leave_one_model__mistral_7b_instruct_v0_3_q4_k_m,validation,matched_clean_llm,dedup-cluster-17900f3eff20bb84e24fa1da,revision_v1_token_128_bit_hex_021,llama3_8b_instruct_q4_k_m,segmented_hex_single_topic,token_128_bit_hex,casual_weekend_chat
detector_pair__766e00c741ecfd60ddbeb387__ordinary_control,0,0.0009098804439418018,textcnn,leave_one_model__mistral_7b_instruct_v0_3_q4_k_m,validation,matched_clean_llm,dedup-cluster-8372a615906d4a4146d45c75,revision_v1_aes256_gcm_base64_005,llama3_8b_instruct_q4_k_m,nonseg_ascii_b16,aes256_gcm_base64,narrative_learning_moment
detector_pair__766e00c741ecfd60ddbeb387__rankcloak,1,0.9999985694885254,textcnn,leave_one_model__mistral_7b_instruct_v0_3_q4_k_m,validation,matched_clean_llm,dedup-cluster-8372a615906d4a4146d45c75,revision_v1_aes256_gcm_base64_005,llama3_8b_instruct_q4_k_m,nonseg_ascii_b16,aes256_gcm_base64,narrative_learning_moment
detector_pair__767a8452de8f827919afb3cc__ordinary_control,0,0.0040876311250030994,textcnn,leave_one_model__mistral_7b_instruct_v0_3_q4_k_m,validation,matched_clean_llm,dedup-cluster-a9a56840e2c7d4a59a486e62,revision_v1_nonce_96_bit_hex_025,llama3_8b_instruct_q4_k_m,segmented_hex_single_topic,nonce_96_bit_hex,procedure_simple_meal
detector_pair__767a8452de8f827919afb3cc__rankcloak,1,0.6175389289855957,textcnn,leave_one_model__mistral_7b_instruct_v0_3_q4_k_m,validation,matched_clean_llm,dedup-cluster-a9a56840e2c7d4a59a486e62,revision_v1_nonce_96_bit_hex_025,llama3_8b_instruct_q4_k_m,segmented_hex_single_topic,nonce_96_bit_hex,procedure_simple_meal
detector_pair__767c70aea7c94d1dba664b60__ordinary_control,0,0.0005980836576782167,textcnn,leave_one_model__mistral_7b_instruct_v0_3_q4_k_m,validation,matched_clean_llm,dedup-cluster-a877ac9e15d9982c5f795957,revision_v1_sha256_hex_048,llama3_8b_instruct_q4_k_m,nonseg_ascii_b16,sha256_hex,casual_neighborhood_chat
detector_pair__767c70aea7c94d1dba664b60__rankcloak,1,0.9999997615814209,textcnn,leave_one_model__mistral_7b_instruct_v0_3_q4_k_m,validation,matched_clean_llm,dedup-cluster-a877ac9e15d9982c5f795957,revision_v1_sha256_hex_048,llama3_8b_instruct_q4_k_m,nonseg_ascii_b16,sha256_hex,casual_neighborhood_chat
detector_pair__7691cafcc82dd1eaa53dc25b__ordinary_control,0,0.009019913151860237,textcnn,leave_one_model__mistral_7b_instruct_v0_3_q4_k_m,validation,matched_clean_llm,dedup-cluster-72a697706958756a5d98abe5,revision_v1_aes256_gcm_base64_042,qwen2_5_7b_instruct_q4_k_m,nonseg_ascii_b8,aes256_gcm_base64,casual_hobby_chat
detector_pair__7691cafcc82dd1eaa53dc25b__rankcloak,1,0.9760689735412598,textcnn,leave_one_model__mistral_7b_instruct_v0_3_q4_k_m,validation,matched_clean_llm,dedup-cluster-72a697706958756a5d98abe5,revision_v1_aes256_gcm_base64_042,qwen2_5_7b_instruct_q4_k_m,nonseg_ascii_b8,aes256_gcm_base64,casual_hobby_chat
detector_pair__769f7b5b62d7fa9f12204952__ordinary_control,0,0.00018756816280074418,textcnn,leave_one_model__mistral_7b_instruct_v0_3_q4_k_m,validation,matched_clean_llm,dedup-cluster-bced2ec523557c720d4ecf66,revision_v1_token_128_bit_hex_036,llama3_8b_instruct_q4_k_m,direct_subword_calgacus,token_128_bit_hex,procedure_simple_meal
detector_pair__769f7b5b62d7fa9f12204952__rankcloak,1,0.9739174246788025,textcnn,leave_one_model__mistral_7b_instruct_v0_3_q4_k_m,validation,matched_clean_llm,dedup-cluster-bced2ec523557c720d4ecf66,revision_v1_token_128_bit_hex_036,llama3_8b_instruct_q4_k_m,direct_subword_calgacus,token_128_bit_hex,procedure_simple_meal
detector_pair__773cdde75f280743187aab09__ordinary_control,0,0.06866464763879776,textcnn,leave_one_model__mistral_7b_instruct_v0_3_q4_k_m,validation,matched_clean_llm,dedup-cluster-4c7d81d9bc771045be64324c,revision_v1_nonce_96_bit_hex_001,llama3_8b_instruct_q4_k_m,segmented_hex_single_topic,nonce_96_bit_hex,procedure_garden_task
detector_pair__773cdde75f280743187aab09__rankcloak,1,0.001760857761837542,textcnn,leave_one_model__mistral_7b_instruct_v0_3_q4_k_m,validation,matched_clean_llm,dedup-cluster-4c7d81d9bc771045be64324c,revision_v1_nonce_96_bit_hex_001,llama3_8b_instruct_q4_k_m,segmented_hex_single_topic,nonce_96_bit_hex,procedure_garden_task
detector_pair__77fcc7cd6869d60d2176e1ed__ordinary_control,0,0.013904543593525887,textcnn,leave_one_model__mistral_7b_instruct_v0_3_q4_k_m,validation,matched_clean_llm,dedup-cluster-bced2ec523557c720d4ecf66,revision_v1_token_128_bit_hex_036,llama3_8b_instruct_q4_k_m,nonseg_ascii_b16,token_128_bit_hex,procedure_simple_meal
detector_pair__77fcc7cd6869d60d2176e1ed__rankcloak,1,0.99788898229599,textcnn,leave_one_model__mistral_7b_instruct_v0_3_q4_k_m,validation,matched_clean_llm,dedup-cluster-bced2ec523557c720d4ecf66,revision_v1_token_128_bit_hex_036,llama3_8b_instruct_q4_k_m,nonseg_ascii_b16,token_128_bit_hex,procedure_simple_meal
detector_pair__77fd0fd2575bebba0cd306ba__ordinary_control,0,7.96860675222888e-08,textcnn,leave_one_model__mistral_7b_instruct_v0_3_q4_k_m,validation,matched_clean_llm,dedup-cluster-d95563a927f567b6601e551e,revision_v1_uuid_v4_020,qwen2_5_7b_instruct_q4_k_m,nonseg_ascii_b8,uuid_v4,professional_process_email
detector_pair__77fd0fd2575bebba0cd306ba__rankcloak,1,0.9363370537757874,textcnn,leave_one_model__mistral_7b_instruct_v0_3_q4_k_m,validation,matched_clean_llm,dedup-cluster-d95563a927f567b6601e551e,revision_v1_uuid_v4_020,qwen2_5_7b_instruct_q4_k_m,nonseg_ascii_b8,uuid_v4,professional_process_email
detector_pair__78428ab8aff7b79fcee90895__ordinary_control,0,3.344650281178474e-07,textcnn,leave_one_model__mistral_7b_instruct_v0_3_q4_k_m,validation,matched_clean_llm,dedup-cluster-725b5797405341915f74ba63,revision_v1_token_128_bit_hex_006,llama3_8b_instruct_q4_k_m,nonseg_ascii_b8,token_128_bit_hex,procedure_home_task
detector_pair__78428ab8aff7b79fcee90895__rankcloak,1,0.90114825963974,textcnn,leave_one_model__mistral_7b_instruct_v0_3_q4_k_m,validation,matched_clean_llm,dedup-cluster-725b5797405341915f74ba63,revision_v1_token_128_bit_hex_006,llama3_8b_instruct_q4_k_m,nonseg_ascii_b8,token_128_bit_hex,procedure_home_task
detector_pair__78ac4a511ce5bcd6ed6ee721__ordinary_control,0,0.0003436271217651665,textcnn,leave_one_model__mistral_7b_instruct_v0_3_q4_k_m,validation,matched_clean_llm,dedup-cluster-5ace189a35be6720f7c9dc5e,revision_v1_chacha20_poly1305_base64_057,qwen2_5_7b_instruct_q4_k_m,nonseg_ascii_b8,chacha20_poly1305_base64,narrative_local_walk
detector_pair__78ac4a511ce5bcd6ed6ee721__rankcloak,1,0.9997894167900085,textcnn,leave_one_model__mistral_7b_instruct_v0_3_q4_k_m,validation,matched_clean_llm,dedup-cluster-5ace189a35be6720f7c9dc5e,revision_v1_chacha20_poly1305_base64_057,qwen2_5_7b_instruct_q4_k_m,nonseg_ascii_b8,chacha20_poly1305_base64,narrative_local_walk
detector_pair__7a17874876e48e945b977902__ordinary_control,0,1.9135501361233764e-07,textcnn,leave_one_model__mistral_7b_instruct_v0_3_q4_k_m,validation,matched_clean_llm,dedup-cluster-1e608c8c5860067de2774eaa,revision_v1_uuid_v4_008,llama3_8b_instruct_q4_k_m,direct_subword_calgacus,uuid_v4,casual_neighborhood_chat
detector_pair__7a17874876e48e945b977902__rankcloak,1,0.0014844473917037249,textcnn,leave_one_model__mistral_7b_instruct_v0_3_q4_k_m,validation,matched_clean_llm,dedup-cluster-1e608c8c5860067de2774eaa,revision_v1_uuid_v4_008,llama3_8b_instruct_q4_k_m,direct_subword_calgacus,uuid_v4,casual_neighborhood_chat
detector_pair__7a8d66f6a8bfef51582372fb__ordinary_control,0,0.001150636002421379,textcnn,leave_one_model__mistral_7b_instruct_v0_3_q4_k_m,validation,matched_clean_llm,dedup-cluster-6011fbb5ee1115e93ddfe3e1,revision_v1_chacha20_poly1305_base64_047,llama3_8b_instruct_q4_k_m,direct_subword_calgacus,chacha20_poly1305_base64,explain_everyday_system
detector_pair__7a8d66f6a8bfef51582372fb__rankcloak,1,0.9439950585365295,textcnn,leave_one_model__mistral_7b_instruct_v0_3_q4_k_m,validation,matched_clean_llm,dedup-cluster-6011fbb5ee1115e93ddfe3e1,revision_v1_chacha20_poly1305_base64_047,llama3_8b_instruct_q4_k_m,direct_subword_calgacus,chacha20_poly1305_base64,explain_everyday_system
detector_pair__7ab1fd0814387fafe58b5ec8__ordinary_control,0,0.0006494576809927821,textcnn,leave_one_model__mistral_7b_instruct_v0_3_q4_k_m,validation,matched_clean_llm,dedup-cluster-0eb47bf23cdaa7b54a0335a2,revision_v1_token_128_bit_hex_055,llama3_8b_instruct_q4_k_m,nonseg_hex_nibble_b16,token_128_bit_hex,narrative_small_discovery
detector_pair__7ab1fd0814387fafe58b5ec8__rankcloak,1,0.9896167516708374,textcnn,leave_one_model__mistral_7b_instruct_v0_3_q4_k_m,validation,matched_clean_llm,dedup-cluster-0eb47bf23cdaa7b54a0335a2,revision_v1_token_128_bit_hex_055,llama3_8b_instruct_q4_k_m,nonseg_hex_nibble_b16,token_128_bit_hex,narrative_small_discovery
detector_pair__7aeba0a7f2e713f5453e9af1__ordinary_control,0,0.000312836462398991,textcnn,leave_one_model__mistral_7b_instruct_v0_3_q4_k_m,validation,matched_clean_llm,dedup-cluster-60a1e2f88d4e40514869d20f,revision_v1_ed25519_signature_base64_051,llama3_8b_instruct_q4_k_m,nonseg_ascii_b16,ed25519_signature_base64,narrative_small_discovery
detector_pair__7aeba0a7f2e713f5453e9af1__rankcloak,1,0.9990196228027344,textcnn,leave_one_model__mistral_7b_instruct_v0_3_q4_k_m,validation,matched_clean_llm,dedup-cluster-60a1e2f88d4e40514869d20f,revision_v1_ed25519_signature_base64_051,llama3_8b_instruct_q4_k_m,nonseg_ascii_b16,ed25519_signature_base64,narrative_small_discovery
detector_pair__7aef58322637743b56f1d769__ordinary_control,0,7.78882676968351e-05,textcnn,leave_one_model__mistral_7b_instruct_v0_3_q4_k_m,validation,matched_clean_llm,dedup-cluster-0eb47bf23cdaa7b54a0335a2,revision_v1_token_128_bit_hex_055,qwen2_5_7b_instruct_q4_k_m,segmented_hex_single_topic,token_128_bit_hex,explain_everyday_system
detector_pair__7aef58322637743b56f1d769__rankcloak,1,0.998040497303009,textcnn,leave_one_model__mistral_7b_instruct_v0_3_q4_k_m,validation,matched_clean_llm,dedup-cluster-0eb47bf23cdaa7b54a0335a2,revision_v1_token_128_bit_hex_055,qwen2_5_7b_instruct_q4_k_m,segmented_hex_single_topic,token_128_bit_hex,explain_everyday_system
detector_pair__7b036ba324864b1f2f73eaaf__ordinary_control,0,6.867382035125047e-05,textcnn,leave_one_model__mistral_7b_instruct_v0_3_q4_k_m,validation,matched_clean_llm,dedup-cluster-68e08a4fc96aff3403abad93,revision_v1_nonce_96_bit_hex_031,qwen2_5_7b_instruct_q4_k_m,segmented_hex_single_topic,nonce_96_bit_hex,narrative_learning_moment
detector_pair__7b036ba324864b1f2f73eaaf__rankcloak,1,0.010411339811980724,textcnn,leave_one_model__mistral_7b_instruct_v0_3_q4_k_m,validation,matched_clean_llm,dedup-cluster-68e08a4fc96aff3403abad93,revision_v1_nonce_96_bit_hex_031,qwen2_5_7b_instruct_q4_k_m,segmented_hex_single_topic,nonce_96_bit_hex,narrative_learning_moment
detector_pair__7b0854a69bf0f451a45e252a__ordinary_control,0,4.74834960186854e-05,textcnn,leave_one_model__mistral_7b_instruct_v0_3_q4_k_m,validation,matched_clean_llm,dedup-cluster-68e08a4fc96aff3403abad93,revision_v1_nonce_96_bit_hex_031,llama3_8b_instruct_q4_k_m,segmented_hex_single_topic,nonce_96_bit_hex,procedure_home_task
detector_pair__7b0854a69bf0f451a45e252a__rankcloak,1,0.08224466443061829,textcnn,leave_one_model__mistral_7b_instruct_v0_3_q4_k_m,validation,matched_clean_llm,dedup-cluster-68e08a4fc96aff3403abad93,revision_v1_nonce_96_bit_hex_031,llama3_8b_instruct_q4_k_m,segmented_hex_single_topic,nonce_96_bit_hex,procedure_home_task
detector_pair__7b2da8c80549c500026916ea__ordinary_control,0,0.06141934171319008,textcnn,leave_one_model__mistral_7b_instruct_v0_3_q4_k_m,validation,matched_clean_llm,dedup-cluster-725b5797405341915f74ba63,revision_v1_token_128_bit_hex_006,llama3_8b_instruct_q4_k_m,nonseg_ascii_b16,token_128_bit_hex,procedure_home_task
detector_pair__7b2da8c80549c500026916ea__rankcloak,1,0.999656081199646,textcnn,leave_one_model__mistral_7b_instruct_v0_3_q4_k_m,validation,matched_clean_llm,dedup-cluster-725b5797405341915f74ba63,revision_v1_token_128_bit_hex_006,llama3_8b_instruct_q4_k_m,nonseg_ascii_b16,token_128_bit_hex,procedure_home_task
detector_pair__7b4c1f5a6e8e38a67d8c13c7__ordinary_control,0,0.011931133456528187,textcnn,leave_one_model__mistral_7b_instruct_v0_3_q4_k_m,validation,matched_clean_llm,dedup-cluster-bced2ec523557c720d4ecf66,revision_v1_token_128_bit_hex_036,qwen2_5_7b_instruct_q4_k_m,direct_subword_calgacus,token_128_bit_hex,narrative_local_walk
detector_pair__7b4c1f5a6e8e38a67d8c13c7__rankcloak,1,0.9999828338623047,textcnn,leave_one_model__mistral_7b_instruct_v0_3_q4_k_m,validation,matched_clean_llm,dedup-cluster-bced2ec523557c720d4ecf66,revision_v1_token_128_bit_hex_036,qwen2_5_7b_instruct_q4_k_m,direct_subword_calgacus,token_128_bit_hex,narrative_local_walk
detector_pair__7b824b4c43ad7916d0d4e2cf__ordinary_control,0,0.0009909429354593158,textcnn,leave_one_model__mistral_7b_instruct_v0_3_q4_k_m,validation,matched_clean_llm,dedup-cluster-d028afde8d3446e776f3bdbf,revision_v1_hmac_sha256_hex_013,llama3_8b_instruct_q4_k_m,segmented_hex_single_topic,hmac_sha256_hex,forum_practical_answer
detector_pair__7b824b4c43ad7916d0d4e2cf__rankcloak,1,0.8983870148658752,textcnn,leave_one_model__mistral_7b_instruct_v0_3_q4_k_m,validation,matched_clean_llm,dedup-cluster-d028afde8d3446e776f3bdbf,revision_v1_hmac_sha256_hex_013,llama3_8b_instruct_q4_k_m,segmented_hex_single_topic,hmac_sha256_hex,forum_practical_answer
detector_pair__7b97ee74435a40a7640ad7a2__ordinary_control,0,0.8955180048942566,textcnn,leave_one_model__mistral_7b_instruct_v0_3_q4_k_m,validation,matched_clean_llm,dedup-cluster-53ddb375f906007b9492f105,revision_v1_sha256_hex_033,llama3_8b_instruct_q4_k_m,segmented_hex_multi_topic,sha256_hex,procedure_garden_task
detector_pair__7b97ee74435a40a7640ad7a2__rankcloak,1,0.9992341995239258,textcnn,leave_one_model__mistral_7b_instruct_v0_3_q4_k_m,validation,matched_clean_llm,dedup-cluster-53ddb375f906007b9492f105,revision_v1_sha256_hex_033,llama3_8b_instruct_q4_k_m,segmented_hex_multi_topic,sha256_hex,procedure_garden_task
detector_pair__7bb296eb5b9c291101190c4f__ordinary_control,0,0.8116315603256226,textcnn,leave_one_model__mistral_7b_instruct_v0_3_q4_k_m,validation,matched_clean_llm,dedup-cluster-a877ac9e15d9982c5f795957,revision_v1_sha256_hex_048,qwen2_5_7b_instruct_q4_k_m,nonseg_ascii_b8,sha256_hex,professional_project_update
detector_pair__7bb296eb5b9c291101190c4f__rankcloak,1,0.9998220801353455,textcnn,leave_one_model__mistral_7b_instruct_v0_3_q4_k_m,validation,matched_clean_llm,dedup-cluster-a877ac9e15d9982c5f795957,revision_v1_sha256_hex_048,qwen2_5_7b_instruct_q4_k_m,nonseg_ascii_b8,sha256_hex,professional_project_update
detector_pair__7bbf04306f726e589855b00b__ordinary_control,0,2.7598811357165687e-05,textcnn,leave_one_model__mistral_7b_instruct_v0_3_q4_k_m,validation,matched_clean_llm,dedup-cluster-631342e4862923cce8d3242b,revision_v1_sha256_hex_029,llama3_8b_instruct_q4_k_m,nonseg_ascii_b16,sha256_hex,explain_everyday_system
detector_pair__7bbf04306f726e589855b00b__rankcloak,1,0.8423246741294861,textcnn,leave_one_model__mistral_7b_instruct_v0_3_q4_k_m,validation,matched_clean_llm,dedup-cluster-631342e4862923cce8d3242b,revision_v1_sha256_hex_029,llama3_8b_instruct_q4_k_m,nonseg_ascii_b16,sha256_hex,explain_everyday_system
detector_pair__7c36a50354dc20eb1012ea89__ordinary_control,0,0.00020020427473355085,textcnn,leave_one_model__mistral_7b_instruct_v0_3_q4_k_m,validation,matched_clean_llm,dedup-cluster-cb374f9ca23dfd168fe55742,revision_v1_hmac_sha256_hex_055,qwen2_5_7b_instruct_q4_k_m,segmented_hex_single_topic,hmac_sha256_hex,procedure_garden_task
detector_pair__7c36a50354dc20eb1012ea89__rankcloak,1,0.9999516010284424,textcnn,leave_one_model__mistral_7b_instruct_v0_3_q4_k_m,validation,matched_clean_llm,dedup-cluster-cb374f9ca23dfd168fe55742,revision_v1_hmac_sha256_hex_055,qwen2_5_7b_instruct_q4_k_m,segmented_hex_single_topic,hmac_sha256_hex,procedure_garden_task
detector_pair__7c479bb49b07d4709dafb670__ordinary_control,0,0.07049377262592316,textcnn,leave_one_model__mistral_7b_instruct_v0_3_q4_k_m,validation,matched_clean_llm,dedup-cluster-1658921bbd26cede8f32a38a,revision_v1_ed25519_signature_base64_033,llama3_8b_instruct_q4_k_m,nonseg_ascii_b16,ed25519_signature_base64,narrative_small_discovery
detector_pair__7c479bb49b07d4709dafb670__rankcloak,1,0.9997981190681458,textcnn,leave_one_model__mistral_7b_instruct_v0_3_q4_k_m,validation,matched_clean_llm,dedup-cluster-1658921bbd26cede8f32a38a,revision_v1_ed25519_signature_base64_033,llama3_8b_instruct_q4_k_m,nonseg_ascii_b16,ed25519_signature_base64,narrative_small_discovery
detector_pair__7c7fc3450713f5398de6a28e__ordinary_control,0,2.288988616783172e-05,textcnn,leave_one_model__mistral_7b_instruct_v0_3_q4_k_m,validation,matched_clean_llm,dedup-cluster-725b5797405341915f74ba63,revision_v1_token_128_bit_hex_006,llama3_8b_instruct_q4_k_m,segmented_hex_single_topic,token_128_bit_hex,procedure_home_task
detector_pair__7c7fc3450713f5398de6a28e__rankcloak,1,0.12474700808525085,textcnn,leave_one_model__mistral_7b_instruct_v0_3_q4_k_m,validation,matched_clean_llm,dedup-cluster-725b5797405341915f74ba63,revision_v1_token_128_bit_hex_006,llama3_8b_instruct_q4_k_m,segmented_hex_single_topic,token_128_bit_hex,procedure_home_task
detector_pair__7ca7122e9317fbc60c371896__ordinary_control,0,1.554944446979789e-06,textcnn,leave_one_model__mistral_7b_instruct_v0_3_q4_k_m,validation,matched_clean_llm,dedup-cluster-bc86fac7c4db3068f8c80ad3,revision_v1_chacha20_poly1305_base64_048,llama3_8b_instruct_q4_k_m,nonseg_ascii_b8,chacha20_poly1305_base64,casual_neighborhood_chat
detector_pair__7ca7122e9317fbc60c371896__rankcloak,1,0.9995966553688049,textcnn,leave_one_model__mistral_7b_instruct_v0_3_q4_k_m,validation,matched_clean_llm,dedup-cluster-bc86fac7c4db3068f8c80ad3,revision_v1_chacha20_poly1305_base64_048,llama3_8b_instruct_q4_k_m,nonseg_ascii_b8,chacha20_poly1305_base64,casual_neighborhood_chat
detector_pair__7cb6da51f2bfa7797487f8f1__ordinary_control,0,4.9493773985886946e-05,textcnn,leave_one_model__mistral_7b_instruct_v0_3_q4_k_m,validation,matched_clean_llm,dedup-cluster-0eb47bf23cdaa7b54a0335a2,revision_v1_token_128_bit_hex_055,qwen2_5_7b_instruct_q4_k_m,nonseg_ascii_b16,token_128_bit_hex,explain_everyday_system
detector_pair__7cb6da51f2bfa7797487f8f1__rankcloak,1,0.9998786449432373,textcnn,leave_one_model__mistral_7b_instruct_v0_3_q4_k_m,validation,matched_clean_llm,dedup-cluster-0eb47bf23cdaa7b54a0335a2,revision_v1_token_128_bit_hex_055,qwen2_5_7b_instruct_q4_k_m,nonseg_ascii_b16,token_128_bit_hex,explain_everyday_system
detector_pair__7cba500922e96a0e61d150ef__ordinary_control,0,0.013035837560892105,textcnn,leave_one_model__mistral_7b_instruct_v0_3_q4_k_m,validation,matched_clean_llm,dedup-cluster-a1abcb49aa12280f617295a6,revision_v1_sha256_hex_034,llama3_8b_instruct_q4_k_m,segmented_hex_multi_topic,sha256_hex,narrative_learning_moment
detector_pair__7cba500922e96a0e61d150ef__rankcloak,1,0.08393308520317078,textcnn,leave_one_model__mistral_7b_instruct_v0_3_q4_k_m,validation,matched_clean_llm,dedup-cluster-a1abcb49aa12280f617295a6,revision_v1_sha256_hex_034,llama3_8b_instruct_q4_k_m,segmented_hex_multi_topic,sha256_hex,narrative_learning_moment
detector_pair__7d5b0a15f85122ed39139190__ordinary_control,0,0.035279277712106705,textcnn,leave_one_model__mistral_7b_instruct_v0_3_q4_k_m,validation,matched_clean_llm,dedup-cluster-d80c78b75330766130b70bf5,revision_v1_hmac_sha256_hex_030,qwen2_5_7b_instruct_q4_k_m,segmented_hex_single_topic,hmac_sha256_hex,forum_purchase_advice
detector_pair__7d5b0a15f85122ed39139190__rankcloak,1,0.9999995231628418,textcnn,leave_one_model__mistral_7b_instruct_v0_3_q4_k_m,validation,matched_clean_llm,dedup-cluster-d80c78b75330766130b70bf5,revision_v1_hmac_sha256_hex_030,qwen2_5_7b_instruct_q4_k_m,segmented_hex_single_topic,hmac_sha256_hex,forum_purchase_advice
detector_pair__7d76d78e86975491d97f6a64__ordinary_control,0,3.183542958140606e-06,textcnn,leave_one_model__mistral_7b_instruct_v0_3_q4_k_m,validation,matched_clean_llm,dedup-cluster-ead69251c7d45a2f2e36dc76,revision_v1_ed25519_signature_base64_004,llama3_8b_instruct_q4_k_m,direct_subword_calgacus,ed25519_signature_base64,explain_everyday_system
detector_pair__7d76d78e86975491d97f6a64__rankcloak,1,0.9999611377716064,textcnn,leave_one_model__mistral_7b_instruct_v0_3_q4_k_m,validation,matched_clean_llm,dedup-cluster-ead69251c7d45a2f2e36dc76,revision_v1_ed25519_signature_base64_004,llama3_8b_instruct_q4_k_m,direct_subword_calgacus,ed25519_signature_base64,explain_everyday_system
detector_pair__7d85071a2850a2a2e3d848b1__ordinary_control,0,0.0005380001966841519,textcnn,leave_one_model__mistral_7b_instruct_v0_3_q4_k_m,validation,matched_clean_llm,dedup-cluster-21724430ac9765521f1234e5,revision_v1_token_128_bit_hex_056,qwen2_5_7b_instruct_q4_k_m,segmented_hex_single_topic,token_128_bit_hex,casual_hobby_chat
detector_pair__7d85071a2850a2a2e3d848b1__rankcloak,1,0.9939197301864624,textcnn,leave_one_model__mistral_7b_instruct_v0_3_q4_k_m,validation,matched_clean_llm,dedup-cluster-21724430ac9765521f1234e5,revision_v1_token_128_bit_hex_056,qwen2_5_7b_instruct_q4_k_m,segmented_hex_single_topic,token_128_bit_hex,casual_hobby_chat
detector_pair__7d9c1dc2850a25324c050758__ordinary_control,0,0.03185269981622696,textcnn,leave_one_model__mistral_7b_instruct_v0_3_q4_k_m,validation,matched_clean_llm,dedup-cluster-d028afde8d3446e776f3bdbf,revision_v1_hmac_sha256_hex_013,llama3_8b_instruct_q4_k_m,nonseg_hex_nibble_b16,hmac_sha256_hex,forum_practical_answer
detector_pair__7d9c1dc2850a25324c050758__rankcloak,1,0.9992269277572632,textcnn,leave_one_model__mistral_7b_instruct_v0_3_q4_k_m,validation,matched_clean_llm,dedup-cluster-d028afde8d3446e776f3bdbf,revision_v1_hmac_sha256_hex_013,llama3_8b_instruct_q4_k_m,nonseg_hex_nibble_b16,hmac_sha256_hex,forum_practical_answer
detector_pair__7db58ee808f5ec5b88574524__ordinary_control,0,0.00014009274309501052,textcnn,leave_one_model__mistral_7b_instruct_v0_3_q4_k_m,validation,matched_clean_llm,dedup-cluster-26d0e390c431894214a50804,revision_v1_chacha20_poly1305_base64_004,qwen2_5_7b_instruct_q4_k_m,direct_subword_calgacus,chacha20_poly1305_base64,explain_everyday_system
detector_pair__7db58ee808f5ec5b88574524__rankcloak,1,0.9999958276748657,textcnn,leave_one_model__mistral_7b_instruct_v0_3_q4_k_m,validation,matched_clean_llm,dedup-cluster-26d0e390c431894214a50804,revision_v1_chacha20_poly1305_base64_004,qwen2_5_7b_instruct_q4_k_m,direct_subword_calgacus,chacha20_poly1305_base64,explain_everyday_system
detector_pair__7e09ba8338422c58223234a3__ordinary_control,0,1.6492890608788002e-06,textcnn,leave_one_model__mistral_7b_instruct_v0_3_q4_k_m,validation,matched_clean_llm,dedup-cluster-e303bfe023e32c25389ebaf9,revision_v1_token_128_bit_hex_057,qwen2_5_7b_instruct_q4_k_m,nonseg_hex_nibble_b16,token_128_bit_hex,professional_schedule_note
detector_pair__7e09ba8338422c58223234a3__rankcloak,1,0.9999974966049194,textcnn,leave_one_model__mistral_7b_instruct_v0_3_q4_k_m,validation,matched_clean_llm,dedup-cluster-e303bfe023e32c25389ebaf9,revision_v1_token_128_bit_hex_057,qwen2_5_7b_instruct_q4_k_m,nonseg_hex_nibble_b16,token_128_bit_hex,professional_schedule_note
detector_pair__7e0a5c6553edd4671678e67d__ordinary_control,0,6.204286819411209e-06,textcnn,leave_one_model__mistral_7b_instruct_v0_3_q4_k_m,validation,matched_clean_llm,dedup-cluster-ead69251c7d45a2f2e36dc76,revision_v1_ed25519_signature_base64_004,qwen2_5_7b_instruct_q4_k_m,direct_subword_calgacus,ed25519_signature_base64,casual_neighborhood_chat
detector_pair__7e0a5c6553edd4671678e67d__rankcloak,1,0.9999887943267822,textcnn,leave_one_model__mistral_7b_instruct_v0_3_q4_k_m,validation,matched_clean_llm,dedup-cluster-ead69251c7d45a2f2e36dc76,revision_v1_ed25519_signature_base64_004,qwen2_5_7b_instruct_q4_k_m,direct_subword_calgacus,ed25519_signature_base64,casual_neighborhood_chat
detector_pair__7e1399557dbf1677a265eae2__ordinary_control,0,4.423961945576593e-05,textcnn,leave_one_model__mistral_7b_instruct_v0_3_q4_k_m,validation,matched_clean_llm,dedup-cluster-982d753609ba3daf81c7d866,revision_v1_sha256_hex_046,llama3_8b_instruct_q4_k_m,segmented_hex_single_topic,sha256_hex,narrative_local_walk
detector_pair__7e1399557dbf1677a265eae2__rankcloak,1,0.9999576807022095,textcnn,leave_one_model__mistral_7b_instruct_v0_3_q4_k_m,validation,matched_clean_llm,dedup-cluster-982d753609ba3daf81c7d866,revision_v1_sha256_hex_046,llama3_8b_instruct_q4_k_m,segmented_hex_single_topic,sha256_hex,narrative_local_walk
detector_pair__7ec8899964c29cb832f926d5__ordinary_control,0,0.013994043692946434,textcnn,leave_one_model__mistral_7b_instruct_v0_3_q4_k_m,validation,matched_clean_llm,dedup-cluster-9b8e2659fd534e6fb2b81afc,revision_v1_ed25519_signature_base64_027,llama3_8b_instruct_q4_k_m,direct_subword_calgacus,ed25519_signature_base64,narrative_learning_moment
detector_pair__7ec8899964c29cb832f926d5__rankcloak,1,0.9999797344207764,textcnn,leave_one_model__mistral_7b_instruct_v0_3_q4_k_m,validation,matched_clean_llm,dedup-cluster-9b8e2659fd534e6fb2b81afc,revision_v1_ed25519_signature_base64_027,llama3_8b_instruct_q4_k_m,direct_subword_calgacus,ed25519_signature_base64,narrative_learning_moment
detector_pair__7ef2a4f60af652c8bd4033fd__ordinary_control,0,0.01701594889163971,textcnn,leave_one_model__mistral_7b_instruct_v0_3_q4_k_m,validation,matched_clean_llm,dedup-cluster-a1f09603de61d42b17c60f90,revision_v1_nonce_96_bit_hex_058,qwen2_5_7b_instruct_q4_k_m,segmented_hex_single_topic,nonce_96_bit_hex,professional_project_update
detector_pair__7ef2a4f60af652c8bd4033fd__rankcloak,1,0.9518275856971741,textcnn,leave_one_model__mistral_7b_instruct_v0_3_q4_k_m,validation,matched_clean_llm,dedup-cluster-a1f09603de61d42b17c60f90,revision_v1_nonce_96_bit_hex_058,qwen2_5_7b_instruct_q4_k_m,segmented_hex_single_topic,nonce_96_bit_hex,professional_project_update
detector_pair__7f095d587b970100e35a70bc__ordinary_control,0,0.0017909688176587224,textcnn,leave_one_model__mistral_7b_instruct_v0_3_q4_k_m,validation,matched_clean_llm,dedup-cluster-59f7511f5e7a9e62060c4324,revision_v1_uuid_v4_058,qwen2_5_7b_instruct_q4_k_m,nonseg_ascii_b8,uuid_v4,procedure_garden_task
detector_pair__7f095d587b970100e35a70bc__rankcloak,1,0.9967895150184631,textcnn,leave_one_model__mistral_7b_instruct_v0_3_q4_k_m,validation,matched_clean_llm,dedup-cluster-59f7511f5e7a9e62060c4324,revision_v1_uuid_v4_058,qwen2_5_7b_instruct_q4_k_m,nonseg_ascii_b8,uuid_v4,procedure_garden_task
detector_pair__7f5e57d5a8d232d75cca5660__ordinary_control,0,0.002033841097727418,textcnn,leave_one_model__mistral_7b_instruct_v0_3_q4_k_m,validation,matched_clean_llm,dedup-cluster-e8b46972e25b5d16f253b139,revision_v1_nonce_96_bit_hex_005,llama3_8b_instruct_q4_k_m,segmented_hex_multi_topic,nonce_96_bit_hex,professional_process_email
detector_pair__7f5e57d5a8d232d75cca5660__rankcloak,1,0.026929136365652084,textcnn,leave_one_model__mistral_7b_instruct_v0_3_q4_k_m,validation,matched_clean_llm,dedup-cluster-e8b46972e25b5d16f253b139,revision_v1_nonce_96_bit_hex_005,llama3_8b_instruct_q4_k_m,segmented_hex_multi_topic,nonce_96_bit_hex,professional_process_email
detector_pair__7f8f4207eb985471243917fb__ordinary_control,0,0.013641094788908958,textcnn,leave_one_model__mistral_7b_instruct_v0_3_q4_k_m,validation,matched_clean_llm,dedup-cluster-a518c0db7bd9dc8b2ff3b50a,revision_v1_uuid_v4_010,qwen2_5_7b_instruct_q4_k_m,nonseg_ascii_b8,uuid_v4,procedure_simple_meal
detector_pair__7f8f4207eb985471243917fb__rankcloak,1,0.9974846839904785,textcnn,leave_one_model__mistral_7b_instruct_v0_3_q4_k_m,validation,matched_clean_llm,dedup-cluster-a518c0db7bd9dc8b2ff3b50a,revision_v1_uuid_v4_010,qwen2_5_7b_instruct_q4_k_m,nonseg_ascii_b8,uuid_v4,procedure_simple_meal
detector_pair__7fa1db016d2b99349fd27b66__ordinary_control,0,1.0669570656318683e-05,textcnn,leave_one_model__mistral_7b_instruct_v0_3_q4_k_m,validation,matched_clean_llm,dedup-cluster-bc077faa1a8a103220224e85,revision_v1_chacha20_poly1305_base64_036,qwen2_5_7b_instruct_q4_k_m,nonseg_ascii_b8,chacha20_poly1305_base64,professional_schedule_note
detector_pair__7fa1db016d2b99349fd27b66__rankcloak,1,0.9997571110725403,textcnn,leave_one_model__mistral_7b_instruct_v0_3_q4_k_m,validation,matched_clean_llm,dedup-cluster-bc077faa1a8a103220224e85,revision_v1_chacha20_poly1305_base64_036,qwen2_5_7b_instruct_q4_k_m,nonseg_ascii_b8,chacha20_poly1305_base64,professional_schedule_note
detector_pair__7fd0ccabd4893b9ac7733d82__ordinary_control,0,3.0363073619810166e-06,textcnn,leave_one_model__mistral_7b_instruct_v0_3_q4_k_m,validation,matched_clean_llm,dedup-cluster-631342e4862923cce8d3242b,revision_v1_sha256_hex_029,qwen2_5_7b_instruct_q4_k_m,nonseg_ascii_b16,sha256_hex,casual_neighborhood_chat
detector_pair__7fd0ccabd4893b9ac7733d82__rankcloak,1,0.9991244673728943,textcnn,leave_one_model__mistral_7b_instruct_v0_3_q4_k_m,validation,matched_clean_llm,dedup-cluster-631342e4862923cce8d3242b,revision_v1_sha256_hex_029,qwen2_5_7b_instruct_q4_k_m,nonseg_ascii_b16,sha256_hex,casual_neighborhood_chat
detector_pair__7fff707e4897563d04556c32__ordinary_control,0,9.145658259512857e-05,textcnn,leave_one_model__mistral_7b_instruct_v0_3_q4_k_m,validation,matched_clean_llm,dedup-cluster-982d753609ba3daf81c7d866,revision_v1_sha256_hex_046,qwen2_5_7b_instruct_q4_k_m,segmented_hex_single_topic,sha256_hex,explain_biological_process
detector_pair__7fff707e4897563d04556c32__rankcloak,1,0.9999998807907104,textcnn,leave_one_model__mistral_7b_instruct_v0_3_q4_k_m,validation,matched_clean_llm,dedup-cluster-982d753609ba3daf81c7d866,revision_v1_sha256_hex_046,qwen2_5_7b_instruct_q4_k_m,segmented_hex_single_topic,sha256_hex,explain_biological_process
detector_pair__8063f2e405397799167ca322__ordinary_control,0,0.011094258166849613,textcnn,leave_one_model__mistral_7b_instruct_v0_3_q4_k_m,validation,matched_clean_llm,dedup-cluster-064db5ffad9ed683b6e0fdbd,revision_v1_sha256_hex_035,llama3_8b_instruct_q4_k_m,direct_subword_calgacus,sha256_hex,explain_biological_process
detector_pair__8063f2e405397799167ca322__rankcloak,1,0.9940726161003113,textcnn,leave_one_model__mistral_7b_instruct_v0_3_q4_k_m,validation,matched_clean_llm,dedup-cluster-064db5ffad9ed683b6e0fdbd,revision_v1_sha256_hex_035,llama3_8b_instruct_q4_k_m,direct_subword_calgacus,sha256_hex,explain_biological_process
detector_pair__8094bb02dd86e331ab428e7e__ordinary_control,0,0.0001775945129338652,textcnn,leave_one_model__mistral_7b_instruct_v0_3_q4_k_m,validation,matched_clean_llm,dedup-cluster-357353b9c6b8da3922f5c452,revision_v1_ed25519_signature_base64_025,llama3_8b_instruct_q4_k_m,nonseg_ascii_b8,ed25519_signature_base64,forum_learning_answer
detector_pair__8094bb02dd86e331ab428e7e__rankcloak,1,0.9993578791618347,textcnn,leave_one_model__mistral_7b_instruct_v0_3_q4_k_m,validation,matched_clean_llm,dedup-cluster-357353b9c6b8da3922f5c452,revision_v1_ed25519_signature_base64_025,llama3_8b_instruct_q4_k_m,nonseg_ascii_b8,ed25519_signature_base64,forum_learning_answer
detector_pair__80a5e72d5bffb7d651462b38__ordinary_control,0,0.38832589983940125,textcnn,leave_one_model__mistral_7b_instruct_v0_3_q4_k_m,validation,matched_clean_llm,dedup-cluster-c85ea4286eb44389809ba8c7,revision_v1_uuid_v4_034,qwen2_5_7b_instruct_q4_k_m,nonseg_ascii_b16,uuid_v4,procedure_home_task
detector_pair__80a5e72d5bffb7d651462b38__rankcloak,1,0.4877952039241791,textcnn,leave_one_model__mistral_7b_instruct_v0_3_q4_k_m,validation,matched_clean_llm,dedup-cluster-c85ea4286eb44389809ba8c7,revision_v1_uuid_v4_034,qwen2_5_7b_instruct_q4_k_m,nonseg_ascii_b16,uuid_v4,procedure_home_task
detector_pair__80c38946e35c125fcf1ee750__ordinary_control,0,0.00010774120164569467,textcnn,leave_one_model__mistral_7b_instruct_v0_3_q4_k_m,validation,matched_clean_llm,dedup-cluster-bced2ec523557c720d4ecf66,revision_v1_token_128_bit_hex_036,qwen2_5_7b_instruct_q4_k_m,nonseg_ascii_b16,token_128_bit_hex,narrative_local_walk
detector_pair__80c38946e35c125fcf1ee750__rankcloak,1,0.9999988079071045,textcnn,leave_one_model__mistral_7b_instruct_v0_3_q4_k_m,validation,matched_clean_llm,dedup-cluster-bced2ec523557c720d4ecf66,revision_v1_token_128_bit_hex_036,qwen2_5_7b_instruct_q4_k_m,nonseg_ascii_b16,token_128_bit_hex,narrative_local_walk
detector_pair__8114b23ef870f1519a8f1f97__ordinary_control,0,0.04091803357005119,textcnn,leave_one_model__mistral_7b_instruct_v0_3_q4_k_m,validation,matched_clean_llm,dedup-cluster-cb374f9ca23dfd168fe55742,revision_v1_hmac_sha256_hex_055,llama3_8b_instruct_q4_k_m,segmented_hex_multi_topic,hmac_sha256_hex,forum_purchase_advice
detector_pair__8114b23ef870f1519a8f1f97__rankcloak,1,0.9985365867614746,textcnn,leave_one_model__mistral_7b_instruct_v0_3_q4_k_m,validation,matched_clean_llm,dedup-cluster-cb374f9ca23dfd168fe55742,revision_v1_hmac_sha256_hex_055,llama3_8b_instruct_q4_k_m,segmented_hex_multi_topic,hmac_sha256_hex,forum_purchase_advice
detector_pair__8263c95feb96611a12f36850__ordinary_control,0,0.0014993301592767239,textcnn,leave_one_model__mistral_7b_instruct_v0_3_q4_k_m,validation,matched_clean_llm,dedup-cluster-cc1d79c541da66daf8e9d81d,revision_v1_chacha20_poly1305_base64_040,qwen2_5_7b_instruct_q4_k_m,direct_subword_calgacus,chacha20_poly1305_base64,explain_everyday_system
detector_pair__8263c95feb96611a12f36850__rankcloak,1,0.9999687671661377,textcnn,leave_one_model__mistral_7b_instruct_v0_3_q4_k_m,validation,matched_clean_llm,dedup-cluster-cc1d79c541da66daf8e9d81d,revision_v1_chacha20_poly1305_base64_040,qwen2_5_7b_instruct_q4_k_m,direct_subword_calgacus,chacha20_poly1305_base64,explain_everyday_system
detector_pair__8269e37a46c719f4e1fa9d7a__ordinary_control,0,0.00023899885127320886,textcnn,leave_one_model__mistral_7b_instruct_v0_3_q4_k_m,validation,matched_clean_llm,dedup-cluster-17900f3eff20bb84e24fa1da,revision_v1_token_128_bit_hex_021,llama3_8b_instruct_q4_k_m,segmented_hex_multi_topic,token_128_bit_hex,casual_weekend_chat
detector_pair__8269e37a46c719f4e1fa9d7a__rankcloak,1,0.9818885922431946,textcnn,leave_one_model__mistral_7b_instruct_v0_3_q4_k_m,validation,matched_clean_llm,dedup-cluster-17900f3eff20bb84e24fa1da,revision_v1_token_128_bit_hex_021,llama3_8b_instruct_q4_k_m,segmented_hex_multi_topic,token_128_bit_hex,casual_weekend_chat
detector_pair__8274e5c46952394ad4c8ddef__ordinary_control,0,0.0001053849482559599,textcnn,leave_one_model__mistral_7b_instruct_v0_3_q4_k_m,validation,matched_clean_llm,dedup-cluster-bced2ec523557c720d4ecf66,revision_v1_token_128_bit_hex_036,llama3_8b_instruct_q4_k_m,nonseg_hex_nibble_b16,token_128_bit_hex,procedure_simple_meal
detector_pair__8274e5c46952394ad4c8ddef__rankcloak,1,0.8904598355293274,textcnn,leave_one_model__mistral_7b_instruct_v0_3_q4_k_m,validation,matched_clean_llm,dedup-cluster-bced2ec523557c720d4ecf66,revision_v1_token_128_bit_hex_036,llama3_8b_instruct_q4_k_m,nonseg_hex_nibble_b16,token_128_bit_hex,procedure_simple_meal
detector_pair__82b540ed5833560787839912__ordinary_control,0,0.0032982248812913895,textcnn,leave_one_model__mistral_7b_instruct_v0_3_q4_k_m,validation,matched_clean_llm,dedup-cluster-525f817201e5e26510c04739,revision_v1_uuid_v4_017,qwen2_5_7b_instruct_q4_k_m,nonseg_ascii_b8,uuid_v4,narrative_local_walk
detector_pair__82b540ed5833560787839912__rankcloak,1,0.9407364130020142,textcnn,leave_one_model__mistral_7b_instruct_v0_3_q4_k_m,validation,matched_clean_llm,dedup-cluster-525f817201e5e26510c04739,revision_v1_uuid_v4_017,qwen2_5_7b_instruct_q4_k_m,nonseg_ascii_b8,uuid_v4,narrative_local_walk
detector_pair__8306c5d04322a2504e01354a__ordinary_control,0,0.0012612903956323862,textcnn,leave_one_model__mistral_7b_instruct_v0_3_q4_k_m,validation,matched_clean_llm,dedup-cluster-5650c0ad5d795f7721100b4c,revision_v1_uuid_v4_024,llama3_8b_instruct_q4_k_m,direct_subword_calgacus,uuid_v4,narrative_learning_moment
detector_pair__8306c5d04322a2504e01354a__rankcloak,1,0.9674965143203735,textcnn,leave_one_model__mistral_7b_instruct_v0_3_q4_k_m,validation,matched_clean_llm,dedup-cluster-5650c0ad5d795f7721100b4c,revision_v1_uuid_v4_024,llama3_8b_instruct_q4_k_m,direct_subword_calgacus,uuid_v4,narrative_learning_moment
detector_pair__83347bf6daf1a31c6a0f37ac__ordinary_control,0,0.016665827482938766,textcnn,leave_one_model__mistral_7b_instruct_v0_3_q4_k_m,validation,matched_clean_llm,dedup-cluster-e8b46972e25b5d16f253b139,revision_v1_nonce_96_bit_hex_005,qwen2_5_7b_instruct_q4_k_m,segmented_hex_multi_topic,nonce_96_bit_hex,forum_practical_answer
detector_pair__83347bf6daf1a31c6a0f37ac__rankcloak,1,0.05450033023953438,textcnn,leave_one_model__mistral_7b_instruct_v0_3_q4_k_m,validation,matched_clean_llm,dedup-cluster-e8b46972e25b5d16f253b139,revision_v1_nonce_96_bit_hex_005,qwen2_5_7b_instruct_q4_k_m,segmented_hex_multi_topic,nonce_96_bit_hex,forum_practical_answer
detector_pair__8371ff4d1b610daed653675d__ordinary_control,0,0.002799133537337184,textcnn,leave_one_model__mistral_7b_instruct_v0_3_q4_k_m,validation,matched_clean_llm,dedup-cluster-0401b1baba09fb1c1437ea35,revision_v1_nonce_96_bit_hex_011,qwen2_5_7b_instruct_q4_k_m,segmented_hex_single_topic,nonce_96_bit_hex,forum_purchase_advice
detector_pair__8371ff4d1b610daed653675d__rankcloak,1,0.7042292356491089,textcnn,leave_one_model__mistral_7b_instruct_v0_3_q4_k_m,validation,matched_clean_llm,dedup-cluster-0401b1baba09fb1c1437ea35,revision_v1_nonce_96_bit_hex_011,qwen2_5_7b_instruct_q4_k_m,segmented_hex_single_topic,nonce_96_bit_hex,forum_purchase_advice
detector_pair__8373b03c2acacb8aeea6e19f__ordinary_control,0,0.0019517934415489435,textcnn,leave_one_model__mistral_7b_instruct_v0_3_q4_k_m,validation,matched_clean_llm,dedup-cluster-bced2ec523557c720d4ecf66,revision_v1_token_128_bit_hex_036,qwen2_5_7b_instruct_q4_k_m,segmented_hex_multi_topic,token_128_bit_hex,narrative_local_walk
detector_pair__8373b03c2acacb8aeea6e19f__rankcloak,1,0.9998843669891357,textcnn,leave_one_model__mistral_7b_instruct_v0_3_q4_k_m,validation,matched_clean_llm,dedup-cluster-bced2ec523557c720d4ecf66,revision_v1_token_128_bit_hex_036,qwen2_5_7b_instruct_q4_k_m,segmented_hex_multi_topic,token_128_bit_hex,narrative_local_walk
detector_pair__83b61ef2abb6f21e1c4d96f8__ordinary_control,0,2.6616371542331763e-05,textcnn,leave_one_model__mistral_7b_instruct_v0_3_q4_k_m,validation,matched_clean_llm,dedup-cluster-4df1f95590c9f69533ae0634,revision_v1_nonce_96_bit_hex_027,qwen2_5_7b_instruct_q4_k_m,nonseg_hex_nibble_b16,nonce_96_bit_hex,casual_hobby_chat
detector_pair__83b61ef2abb6f21e1c4d96f8__rankcloak,1,0.950173020362854,textcnn,leave_one_model__mistral_7b_instruct_v0_3_q4_k_m,validation,matched_clean_llm,dedup-cluster-4df1f95590c9f69533ae0634,revision_v1_nonce_96_bit_hex_027,qwen2_5_7b_instruct_q4_k_m,nonseg_hex_nibble_b16,nonce_96_bit_hex,casual_hobby_chat
detector_pair__83e5755186d5eafd82303c7f__ordinary_control,0,0.006941424682736397,textcnn,leave_one_model__mistral_7b_instruct_v0_3_q4_k_m,validation,matched_clean_llm,dedup-cluster-5c707906476e8093ab209bdf,revision_v1_ed25519_signature_base64_020,qwen2_5_7b_instruct_q4_k_m,nonseg_ascii_b8,ed25519_signature_base64,narrative_learning_moment
detector_pair__83e5755186d5eafd82303c7f__rankcloak,1,0.9999492168426514,textcnn,leave_one_model__mistral_7b_instruct_v0_3_q4_k_m,validation,matched_clean_llm,dedup-cluster-5c707906476e8093ab209bdf,revision_v1_ed25519_signature_base64_020,qwen2_5_7b_instruct_q4_k_m,nonseg_ascii_b8,ed25519_signature_base64,narrative_learning_moment
detector_pair__84da1d5dc069ebdcb1fcb5de__ordinary_control,0,3.660105721792206e-05,textcnn,leave_one_model__mistral_7b_instruct_v0_3_q4_k_m,validation,matched_clean_llm,dedup-cluster-2e2ec68963e479ffd3172011,revision_v1_ed25519_signature_base64_005,llama3_8b_instruct_q4_k_m,direct_subword_calgacus,ed25519_signature_base64,casual_hobby_chat
detector_pair__84da1d5dc069ebdcb1fcb5de__rankcloak,1,0.9509954452514648,textcnn,leave_one_model__mistral_7b_instruct_v0_3_q4_k_m,validation,matched_clean_llm,dedup-cluster-2e2ec68963e479ffd3172011,revision_v1_ed25519_signature_base64_005,llama3_8b_instruct_q4_k_m,direct_subword_calgacus,ed25519_signature_base64,casual_hobby_chat
detector_pair__84ecef69423b590fb083b25d__ordinary_control,0,0.002966322936117649,textcnn,leave_one_model__mistral_7b_instruct_v0_3_q4_k_m,validation,matched_clean_llm,dedup-cluster-0401b1baba09fb1c1437ea35,revision_v1_nonce_96_bit_hex_011,qwen2_5_7b_instruct_q4_k_m,segmented_hex_multi_topic,nonce_96_bit_hex,forum_purchase_advice
detector_pair__84ecef69423b590fb083b25d__rankcloak,1,0.9835451245307922,textcnn,leave_one_model__mistral_7b_instruct_v0_3_q4_k_m,validation,matched_clean_llm,dedup-cluster-0401b1baba09fb1c1437ea35,revision_v1_nonce_96_bit_hex_011,qwen2_5_7b_instruct_q4_k_m,segmented_hex_multi_topic,nonce_96_bit_hex,forum_purchase_advice
detector_pair__856bf471ec590594a32a9d3e__ordinary_control,0,5.532286377274431e-05,textcnn,leave_one_model__mistral_7b_instruct_v0_3_q4_k_m,validation,matched_clean_llm,dedup-cluster-68e08a4fc96aff3403abad93,revision_v1_nonce_96_bit_hex_031,llama3_8b_instruct_q4_k_m,nonseg_hex_nibble_b16,nonce_96_bit_hex,procedure_home_task
detector_pair__856bf471ec590594a32a9d3e__rankcloak,1,0.9990897178649902,textcnn,leave_one_model__mistral_7b_instruct_v0_3_q4_k_m,validation,matched_clean_llm,dedup-cluster-68e08a4fc96aff3403abad93,revision_v1_nonce_96_bit_hex_031,llama3_8b_instruct_q4_k_m,nonseg_hex_nibble_b16,nonce_96_bit_hex,procedure_home_task
detector_pair__85fce95d0523b11a253b4b53__ordinary_control,0,0.006891539786010981,textcnn,leave_one_model__mistral_7b_instruct_v0_3_q4_k_m,validation,matched_clean_llm,dedup-cluster-725b5797405341915f74ba63,revision_v1_token_128_bit_hex_006,qwen2_5_7b_instruct_q4_k_m,segmented_hex_multi_topic,token_128_bit_hex,narrative_learning_moment
detector_pair__85fce95d0523b11a253b4b53__rankcloak,1,0.35070013999938965,textcnn,leave_one_model__mistral_7b_instruct_v0_3_q4_k_m,validation,matched_clean_llm,dedup-cluster-725b5797405341915f74ba63,revision_v1_token_128_bit_hex_006,qwen2_5_7b_instruct_q4_k_m,segmented_hex_multi_topic,token_128_bit_hex,narrative_learning_moment
detector_pair__86006fb2bece3e56786c7d24__ordinary_control,0,0.027680907398462296,textcnn,leave_one_model__mistral_7b_instruct_v0_3_q4_k_m,validation,matched_clean_llm,dedup-cluster-68e08a4fc96aff3403abad93,revision_v1_nonce_96_bit_hex_031,llama3_8b_instruct_q4_k_m,segmented_hex_multi_topic,nonce_96_bit_hex,procedure_home_task
detector_pair__86006fb2bece3e56786c7d24__rankcloak,1,0.015807662159204483,textcnn,leave_one_model__mistral_7b_instruct_v0_3_q4_k_m,validation,matched_clean_llm,dedup-cluster-68e08a4fc96aff3403abad93,revision_v1_nonce_96_bit_hex_031,llama3_8b_instruct_q4_k_m,segmented_hex_multi_topic,nonce_96_bit_hex,procedure_home_task
detector_pair__86325854c5fddaddedf49bed__ordinary_control,0,1.3925524399382994e-05,textcnn,leave_one_model__mistral_7b_instruct_v0_3_q4_k_m,validation,matched_clean_llm,dedup-cluster-6136de4e90d44eb994005d2a,revision_v1_uuid_v4_051,qwen2_5_7b_instruct_q4_k_m,nonseg_ascii_b16,uuid_v4,forum_purchase_advice
detector_pair__86325854c5fddaddedf49bed__rankcloak,1,0.9983046054840088,textcnn,leave_one_model__mistral_7b_instruct_v0_3_q4_k_m,validation,matched_clean_llm,dedup-cluster-6136de4e90d44eb994005d2a,revision_v1_uuid_v4_051,qwen2_5_7b_instruct_q4_k_m,nonseg_ascii_b16,uuid_v4,forum_purchase_advice
detector_pair__8668ef4135e5ce5e4dbe8ce7__ordinary_control,0,8.497942326357588e-05,textcnn,leave_one_model__mistral_7b_instruct_v0_3_q4_k_m,validation,matched_clean_llm,dedup-cluster-32ad4bf593b222d70a8ca962,revision_v1_hmac_sha256_hex_053,qwen2_5_7b_instruct_q4_k_m,segmented_hex_single_topic,hmac_sha256_hex,professional_schedule_note
detector_pair__8668ef4135e5ce5e4dbe8ce7__rankcloak,1,0.9840224981307983,textcnn,leave_one_model__mistral_7b_instruct_v0_3_q4_k_m,validation,matched_clean_llm,dedup-cluster-32ad4bf593b222d70a8ca962,revision_v1_hmac_sha256_hex_053,qwen2_5_7b_instruct_q4_k_m,segmented_hex_single_topic,hmac_sha256_hex,professional_schedule_note
detector_pair__8669a68baf5a58f151a71bfc__ordinary_control,0,2.9737573186139343e-06,textcnn,leave_one_model__mistral_7b_instruct_v0_3_q4_k_m,validation,matched_clean_llm,dedup-cluster-339659e6d45626f95acf4c5b,revision_v1_nonce_96_bit_hex_052,llama3_8b_instruct_q4_k_m,nonseg_hex_nibble_b16,nonce_96_bit_hex,casual_hobby_chat
detector_pair__8669a68baf5a58f151a71bfc__rankcloak,1,0.015491892583668232,textcnn,leave_one_model__mistral_7b_instruct_v0_3_q4_k_m,validation,matched_clean_llm,dedup-cluster-339659e6d45626f95acf4c5b,revision_v1_nonce_96_bit_hex_052,llama3_8b_instruct_q4_k_m,nonseg_hex_nibble_b16,nonce_96_bit_hex,casual_hobby_chat
detector_pair__86afe5e717a660a25ded92d1__ordinary_control,0,2.33497212320799e-06,textcnn,leave_one_model__mistral_7b_instruct_v0_3_q4_k_m,validation,matched_clean_llm,dedup-cluster-21724430ac9765521f1234e5,revision_v1_token_128_bit_hex_056,qwen2_5_7b_instruct_q4_k_m,segmented_hex_multi_topic,token_128_bit_hex,casual_hobby_chat
detector_pair__86afe5e717a660a25ded92d1__rankcloak,1,0.9709579944610596,textcnn,leave_one_model__mistral_7b_instruct_v0_3_q4_k_m,validation,matched_clean_llm,dedup-cluster-21724430ac9765521f1234e5,revision_v1_token_128_bit_hex_056,qwen2_5_7b_instruct_q4_k_m,segmented_hex_multi_topic,token_128_bit_hex,casual_hobby_chat
detector_pair__86c3f219c6f52671820f5b57__ordinary_control,0,0.4399961233139038,textcnn,leave_one_model__mistral_7b_instruct_v0_3_q4_k_m,validation,matched_clean_llm,dedup-cluster-6ce30f9a3e80626084969f2a,revision_v1_ed25519_signature_base64_043,llama3_8b_instruct_q4_k_m,nonseg_ascii_b16,ed25519_signature_base64,forum_learning_answer
detector_pair__86c3f219c6f52671820f5b57__rankcloak,1,0.9623602032661438,textcnn,leave_one_model__mistral_7b_instruct_v0_3_q4_k_m,validation,matched_clean_llm,dedup-cluster-6ce30f9a3e80626084969f2a,revision_v1_ed25519_signature_base64_043,llama3_8b_instruct_q4_k_m,nonseg_ascii_b16,ed25519_signature_base64,forum_learning_answer
detector_pair__86defaa199d2a20155edf8eb__ordinary_control,0,4.071526745974552e-06,textcnn,leave_one_model__mistral_7b_instruct_v0_3_q4_k_m,validation,matched_clean_llm,dedup-cluster-bc077faa1a8a103220224e85,revision_v1_chacha20_poly1305_base64_036,llama3_8b_instruct_q4_k_m,nonseg_ascii_b16,chacha20_poly1305_base64,casual_weekend_chat
detector_pair__86defaa199d2a20155edf8eb__rankcloak,1,0.9999980926513672,textcnn,leave_one_model__mistral_7b_instruct_v0_3_q4_k_m,validation,matched_clean_llm,dedup-cluster-bc077faa1a8a103220224e85,revision_v1_chacha20_poly1305_base64_036,llama3_8b_instruct_q4_k_m,nonseg_ascii_b16,chacha20_poly1305_base64,casual_weekend_chat
detector_pair__87548b0491a562b5adbb1c3c__ordinary_control,0,0.0016066282987594604,textcnn,leave_one_model__mistral_7b_instruct_v0_3_q4_k_m,validation,matched_clean_llm,dedup-cluster-4df1f95590c9f69533ae0634,revision_v1_nonce_96_bit_hex_027,llama3_8b_instruct_q4_k_m,direct_subword_calgacus,nonce_96_bit_hex,explain_weather_pattern
detector_pair__87548b0491a562b5adbb1c3c__rankcloak,1,0.9850906133651733,textcnn,leave_one_model__mistral_7b_instruct_v0_3_q4_k_m,validation,matched_clean_llm,dedup-cluster-4df1f95590c9f69533ae0634,revision_v1_nonce_96_bit_hex_027,llama3_8b_instruct_q4_k_m,direct_subword_calgacus,nonce_96_bit_hex,explain_weather_pattern
detector_pair__87e135ddafb6c0747a79027c__ordinary_control,0,0.01992429420351982,textcnn,leave_one_model__mistral_7b_instruct_v0_3_q4_k_m,validation,matched_clean_llm,dedup-cluster-9b8e2659fd534e6fb2b81afc,revision_v1_ed25519_signature_base64_027,llama3_8b_instruct_q4_k_m,nonseg_ascii_b8,ed25519_signature_base64,narrative_learning_moment
detector_pair__87e135ddafb6c0747a79027c__rankcloak,1,0.9925500154495239,textcnn,leave_one_model__mistral_7b_instruct_v0_3_q4_k_m,validation,matched_clean_llm,dedup-cluster-9b8e2659fd534e6fb2b81afc,revision_v1_ed25519_signature_base64_027,llama3_8b_instruct_q4_k_m,nonseg_ascii_b8,ed25519_signature_base64,narrative_learning_moment
detector_pair__880b65556b74de1043f11fe3__ordinary_control,0,0.00025783799355849624,textcnn,leave_one_model__mistral_7b_instruct_v0_3_q4_k_m,validation,matched_clean_llm,dedup-cluster-48d7da6cd06bde46d05aad3f,revision_v1_sha256_hex_056,llama3_8b_instruct_q4_k_m,nonseg_ascii_b16,sha256_hex,forum_practical_answer
detector_pair__880b65556b74de1043f11fe3__rankcloak,1,0.9999629259109497,textcnn,leave_one_model__mistral_7b_instruct_v0_3_q4_k_m,validation,matched_clean_llm,dedup-cluster-48d7da6cd06bde46d05aad3f,revision_v1_sha256_hex_056,llama3_8b_instruct_q4_k_m,nonseg_ascii_b16,sha256_hex,forum_practical_answer
detector_pair__881fbd200f3fed3f4f095811__ordinary_control,0,1.622339004825335e-05,textcnn,leave_one_model__mistral_7b_instruct_v0_3_q4_k_m,validation,matched_clean_llm,dedup-cluster-6ace02c4c66fff411127a281,revision_v1_token_128_bit_hex_012,llama3_8b_instruct_q4_k_m,nonseg_ascii_b8,token_128_bit_hex,procedure_garden_task
detector_pair__881fbd200f3fed3f4f095811__rankcloak,1,0.8020761609077454,textcnn,leave_one_model__mistral_7b_instruct_v0_3_q4_k_m,validation,matched_clean_llm,dedup-cluster-6ace02c4c66fff411127a281,revision_v1_token_128_bit_hex_012,llama3_8b_instruct_q4_k_m,nonseg_ascii_b8,token_128_bit_hex,procedure_garden_task
detector_pair__88e8c64ee760aee3529e928f__ordinary_control,0,0.0018851857166737318,textcnn,leave_one_model__mistral_7b_instruct_v0_3_q4_k_m,validation,matched_clean_llm,dedup-cluster-a518c0db7bd9dc8b2ff3b50a,revision_v1_uuid_v4_010,qwen2_5_7b_instruct_q4_k_m,nonseg_ascii_b16,uuid_v4,procedure_simple_meal
detector_pair__88e8c64ee760aee3529e928f__rankcloak,1,0.9975337982177734,textcnn,leave_one_model__mistral_7b_instruct_v0_3_q4_k_m,validation,matched_clean_llm,dedup-cluster-a518c0db7bd9dc8b2ff3b50a,revision_v1_uuid_v4_010,qwen2_5_7b_instruct_q4_k_m,nonseg_ascii_b16,uuid_v4,procedure_simple_meal
detector_pair__89b96db46cb33d910a5886ce__ordinary_control,0,0.00966712087392807,textcnn,leave_one_model__mistral_7b_instruct_v0_3_q4_k_m,validation,matched_clean_llm,dedup-cluster-982d753609ba3daf81c7d866,revision_v1_sha256_hex_046,llama3_8b_instruct_q4_k_m,nonseg_ascii_b8,sha256_hex,narrative_local_walk
detector_pair__89b96db46cb33d910a5886ce__rankcloak,1,0.9851408004760742,textcnn,leave_one_model__mistral_7b_instruct_v0_3_q4_k_m,validation,matched_clean_llm,dedup-cluster-982d753609ba3daf81c7d866,revision_v1_sha256_hex_046,llama3_8b_instruct_q4_k_m,nonseg_ascii_b8,sha256_hex,narrative_local_walk
detector_pair__8a01f51f311f1b86237cd73d__ordinary_control,0,0.00018414574151393026,textcnn,leave_one_model__mistral_7b_instruct_v0_3_q4_k_m,validation,matched_clean_llm,dedup-cluster-26d0e390c431894214a50804,revision_v1_chacha20_poly1305_base64_004,llama3_8b_instruct_q4_k_m,nonseg_ascii_b16,chacha20_poly1305_base64,narrative_small_discovery
detector_pair__8a01f51f311f1b86237cd73d__rankcloak,1,0.021180178970098495,textcnn,leave_one_model__mistral_7b_instruct_v0_3_q4_k_m,validation,matched_clean_llm,dedup-cluster-26d0e390c431894214a50804,revision_v1_chacha20_poly1305_base64_004,llama3_8b_instruct_q4_k_m,nonseg_ascii_b16,chacha20_poly1305_base64,narrative_small_discovery
detector_pair__8a48923a87d00befcb081b09__ordinary_control,0,0.002741163596510887,textcnn,leave_one_model__mistral_7b_instruct_v0_3_q4_k_m,validation,matched_clean_llm,dedup-cluster-c581ece2a3e5e2c3b74d6d5e,revision_v1_chacha20_poly1305_base64_016,llama3_8b_instruct_q4_k_m,nonseg_ascii_b16,chacha20_poly1305_base64,narrative_learning_moment
detector_pair__8a48923a87d00befcb081b09__rankcloak,1,0.9999421834945679,textcnn,leave_one_model__mistral_7b_instruct_v0_3_q4_k_m,validation,matched_clean_llm,dedup-cluster-c581ece2a3e5e2c3b74d6d5e,revision_v1_chacha20_poly1305_base64_016,llama3_8b_instruct_q4_k_m,nonseg_ascii_b16,chacha20_poly1305_base64,narrative_learning_moment
detector_pair__8a96177f8c4d23d461ab1b8d__ordinary_control,0,0.011577601544559002,textcnn,leave_one_model__mistral_7b_instruct_v0_3_q4_k_m,validation,matched_clean_llm,dedup-cluster-7b810f2afbcabc7ee462bff7,revision_v1_nonce_96_bit_hex_023,qwen2_5_7b_instruct_q4_k_m,segmented_hex_multi_topic,nonce_96_bit_hex,forum_practical_answer
detector_pair__8a96177f8c4d23d461ab1b8d__rankcloak,1,0.9997548460960388,textcnn,leave_one_model__mistral_7b_instruct_v0_3_q4_k_m,validation,matched_clean_llm,dedup-cluster-7b810f2afbcabc7ee462bff7,revision_v1_nonce_96_bit_hex_023,qwen2_5_7b_instruct_q4_k_m,segmented_hex_multi_topic,nonce_96_bit_hex,forum_practical_answer
detector_pair__8adc9484c69f425785389c93__ordinary_control,0,5.729395525122527e-06,textcnn,leave_one_model__mistral_7b_instruct_v0_3_q4_k_m,validation,matched_clean_llm,dedup-cluster-3f1509f18c269716bcce76a3,revision_v1_aes256_gcm_base64_050,llama3_8b_instruct_q4_k_m,nonseg_ascii_b16,aes256_gcm_base64,professional_schedule_note
detector_pair__8adc9484c69f425785389c93__rankcloak,1,0.9999911785125732,textcnn,leave_one_model__mistral_7b_instruct_v0_3_q4_k_m,validation,matched_clean_llm,dedup-cluster-3f1509f18c269716bcce76a3,revision_v1_aes256_gcm_base64_050,llama3_8b_instruct_q4_k_m,nonseg_ascii_b16,aes256_gcm_base64,professional_schedule_note
detector_pair__8b4dddbe9d31f2d5d23518a6__ordinary_control,0,7.0959040385787375e-06,textcnn,leave_one_model__mistral_7b_instruct_v0_3_q4_k_m,validation,matched_clean_llm,dedup-cluster-bced2ec523557c720d4ecf66,revision_v1_token_128_bit_hex_036,qwen2_5_7b_instruct_q4_k_m,nonseg_ascii_b8,token_128_bit_hex,narrative_local_walk
detector_pair__8b4dddbe9d31f2d5d23518a6__rankcloak,1,0.9994438290596008,textcnn,leave_one_model__mistral_7b_instruct_v0_3_q4_k_m,validation,matched_clean_llm,dedup-cluster-bced2ec523557c720d4ecf66,revision_v1_token_128_bit_hex_036,qwen2_5_7b_instruct_q4_k_m,nonseg_ascii_b8,token_128_bit_hex,narrative_local_walk
detector_pair__8b7822379b213affc34fd880__ordinary_control,0,0.00023391825379803777,textcnn,leave_one_model__mistral_7b_instruct_v0_3_q4_k_m,validation,matched_clean_llm,dedup-cluster-2e7f1969791ae609498a9082,revision_v1_hmac_sha256_hex_020,qwen2_5_7b_instruct_q4_k_m,direct_subword_calgacus,hmac_sha256_hex,narrative_learning_moment
detector_pair__8b7822379b213affc34fd880__rankcloak,1,0.8888800144195557,textcnn,leave_one_model__mistral_7b_instruct_v0_3_q4_k_m,validation,matched_clean_llm,dedup-cluster-2e7f1969791ae609498a9082,revision_v1_hmac_sha256_hex_020,qwen2_5_7b_instruct_q4_k_m,direct_subword_calgacus,hmac_sha256_hex,narrative_learning_moment
detector_pair__8bb017d1e166b0cf9be41b08__ordinary_control,0,0.0003937718865927309,textcnn,leave_one_model__mistral_7b_instruct_v0_3_q4_k_m,validation,matched_clean_llm,dedup-cluster-418e1dfdad8a13fa38873592,revision_v1_chacha20_poly1305_base64_003,llama3_8b_instruct_q4_k_m,nonseg_ascii_b16,chacha20_poly1305_base64,procedure_simple_meal
detector_pair__8bb017d1e166b0cf9be41b08__rankcloak,1,0.9998810291290283,textcnn,leave_one_model__mistral_7b_instruct_v0_3_q4_k_m,validation,matched_clean_llm,dedup-cluster-418e1dfdad8a13fa38873592,revision_v1_chacha20_poly1305_base64_003,llama3_8b_instruct_q4_k_m,nonseg_ascii_b16,chacha20_poly1305_base64,procedure_simple_meal
detector_pair__8bc7bdfbce31645168b3af60__ordinary_control,0,5.296394738252275e-05,textcnn,leave_one_model__mistral_7b_instruct_v0_3_q4_k_m,validation,matched_clean_llm,dedup-cluster-4df1f95590c9f69533ae0634,revision_v1_nonce_96_bit_hex_027,qwen2_5_7b_instruct_q4_k_m,segmented_hex_multi_topic,nonce_96_bit_hex,casual_hobby_chat
detector_pair__8bc7bdfbce31645168b3af60__rankcloak,1,0.13277992606163025,textcnn,leave_one_model__mistral_7b_instruct_v0_3_q4_k_m,validation,matched_clean_llm,dedup-cluster-4df1f95590c9f69533ae0634,revision_v1_nonce_96_bit_hex_027,qwen2_5_7b_instruct_q4_k_m,segmented_hex_multi_topic,nonce_96_bit_hex,casual_hobby_chat
detector_pair__8bea6c8e657df796129eb198__ordinary_control,0,0.00012759544188156724,textcnn,leave_one_model__mistral_7b_instruct_v0_3_q4_k_m,validation,matched_clean_llm,dedup-cluster-d028afde8d3446e776f3bdbf,revision_v1_hmac_sha256_hex_013,llama3_8b_instruct_q4_k_m,segmented_hex_multi_topic,hmac_sha256_hex,forum_practical_answer
detector_pair__8bea6c8e657df796129eb198__rankcloak,1,0.8838426470756531,textcnn,leave_one_model__mistral_7b_instruct_v0_3_q4_k_m,validation,matched_clean_llm,dedup-cluster-d028afde8d3446e776f3bdbf,revision_v1_hmac_sha256_hex_013,llama3_8b_instruct_q4_k_m,segmented_hex_multi_topic,hmac_sha256_hex,forum_practical_answer
detector_pair__8c0d8530fec0898c8b5cec58__ordinary_control,0,0.0018358338857069612,textcnn,leave_one_model__mistral_7b_instruct_v0_3_q4_k_m,validation,matched_clean_llm,dedup-cluster-e303bfe023e32c25389ebaf9,revision_v1_token_128_bit_hex_057,llama3_8b_instruct_q4_k_m,direct_subword_calgacus,token_128_bit_hex,casual_weekend_chat
detector_pair__8c0d8530fec0898c8b5cec58__rankcloak,1,0.2822354733943939,textcnn,leave_one_model__mistral_7b_instruct_v0_3_q4_k_m,validation,matched_clean_llm,dedup-cluster-e303bfe023e32c25389ebaf9,revision_v1_token_128_bit_hex_057,llama3_8b_instruct_q4_k_m,direct_subword_calgacus,token_128_bit_hex,casual_weekend_chat
detector_pair__8c52cb877c1810fa58cff4e7__ordinary_control,0,0.23242753744125366,textcnn,leave_one_model__mistral_7b_instruct_v0_3_q4_k_m,validation,matched_clean_llm,dedup-cluster-d028afde8d3446e776f3bdbf,revision_v1_hmac_sha256_hex_013,llama3_8b_instruct_q4_k_m,segmented_hex_single_topic,hmac_sha256_hex,forum_practical_answer
detector_pair__8c52cb877c1810fa58cff4e7__rankcloak,1,0.9999943971633911,textcnn,leave_one_model__mistral_7b_instruct_v0_3_q4_k_m,validation,matched_clean_llm,dedup-cluster-d028afde8d3446e776f3bdbf,revision_v1_hmac_sha256_hex_013,llama3_8b_instruct_q4_k_m,segmented_hex_single_topic,hmac_sha256_hex,forum_practical_answer
detector_pair__8d1aa55df9d9ff551aa1d9ac__ordinary_control,0,0.0005634771659970284,textcnn,leave_one_model__mistral_7b_instruct_v0_3_q4_k_m,validation,matched_clean_llm,dedup-cluster-1a58c45e1a5617daccb29f6e,revision_v1_aes256_gcm_base64_035,qwen2_5_7b_instruct_q4_k_m,direct_subword_calgacus,aes256_gcm_base64,explain_biological_process
detector_pair__8d1aa55df9d9ff551aa1d9ac__rankcloak,1,0.9999353885650635,textcnn,leave_one_model__mistral_7b_instruct_v0_3_q4_k_m,validation,matched_clean_llm,dedup-cluster-1a58c45e1a5617daccb29f6e,revision_v1_aes256_gcm_base64_035,qwen2_5_7b_instruct_q4_k_m,direct_subword_calgacus,aes256_gcm_base64,explain_biological_process
detector_pair__8d6933cabc2fd5af5b656105__ordinary_control,0,0.03174382075667381,textcnn,leave_one_model__mistral_7b_instruct_v0_3_q4_k_m,validation,matched_clean_llm,dedup-cluster-c588a294c6263bec1e8ad56d,revision_v1_token_128_bit_hex_054,qwen2_5_7b_instruct_q4_k_m,nonseg_hex_nibble_b16,token_128_bit_hex,narrative_local_walk
detector_pair__8d6933cabc2fd5af5b656105__rankcloak,1,0.9998946189880371,textcnn,leave_one_model__mistral_7b_instruct_v0_3_q4_k_m,validation,matched_clean_llm,dedup-cluster-c588a294c6263bec1e8ad56d,revision_v1_token_128_bit_hex_054,qwen2_5_7b_instruct_q4_k_m,nonseg_hex_nibble_b16,token_128_bit_hex,narrative_local_walk
detector_pair__8d88c9b39b58f964c804d2ac__ordinary_control,0,0.0019557394552975893,textcnn,leave_one_model__mistral_7b_instruct_v0_3_q4_k_m,validation,matched_clean_llm,dedup-cluster-6d140bf45feadd3404291e51,revision_v1_uuid_v4_049,llama3_8b_instruct_q4_k_m,nonseg_ascii_b8,uuid_v4,explain_weather_pattern
detector_pair__8d88c9b39b58f964c804d2ac__rankcloak,1,0.933739960193634,textcnn,leave_one_model__mistral_7b_instruct_v0_3_q4_k_m,validation,matched_clean_llm,dedup-cluster-6d140bf45feadd3404291e51,revision_v1_uuid_v4_049,llama3_8b_instruct_q4_k_m,nonseg_ascii_b8,uuid_v4,explain_weather_pattern
detector_pair__8e2335c2edb1b2191be4d099__ordinary_control,0,7.506454039685195e-06,textcnn,leave_one_model__mistral_7b_instruct_v0_3_q4_k_m,validation,matched_clean_llm,dedup-cluster-c588a294c6263bec1e8ad56d,revision_v1_token_128_bit_hex_054,llama3_8b_instruct_q4_k_m,nonseg_hex_nibble_b16,token_128_bit_hex,procedure_simple_meal
detector_pair__8e2335c2edb1b2191be4d099__rankcloak,1,0.07117203623056412,textcnn,leave_one_model__mistral_7b_instruct_v0_3_q4_k_m,validation,matched_clean_llm,dedup-cluster-c588a294c6263bec1e8ad56d,revision_v1_token_128_bit_hex_054,llama3_8b_instruct_q4_k_m,nonseg_hex_nibble_b16,token_128_bit_hex,procedure_simple_meal
detector_pair__8e357dd84a1c6d4fe2940775__ordinary_control,0,1.1665764532153844e-06,textcnn,leave_one_model__mistral_7b_instruct_v0_3_q4_k_m,validation,matched_clean_llm,dedup-cluster-edb6b099f1dff5a3bddeca8c,revision_v1_sha256_hex_012,llama3_8b_instruct_q4_k_m,nonseg_hex_nibble_b16,sha256_hex,casual_neighborhood_chat
detector_pair__8e357dd84a1c6d4fe2940775__rankcloak,1,0.9930168390274048,textcnn,leave_one_model__mistral_7b_instruct_v0_3_q4_k_m,validation,matched_clean_llm,dedup-cluster-edb6b099f1dff5a3bddeca8c,revision_v1_sha256_hex_012,llama3_8b_instruct_q4_k_m,nonseg_hex_nibble_b16,sha256_hex,casual_neighborhood_chat
detector_pair__8e62425310b459d804cb0cb5__ordinary_control,0,1.2393730685289484e-05,textcnn,leave_one_model__mistral_7b_instruct_v0_3_q4_k_m,validation,matched_clean_llm,dedup-cluster-339659e6d45626f95acf4c5b,revision_v1_nonce_96_bit_hex_052,qwen2_5_7b_instruct_q4_k_m,segmented_hex_multi_topic,nonce_96_bit_hex,professional_process_email
detector_pair__8e62425310b459d804cb0cb5__rankcloak,1,0.9929867386817932,textcnn,leave_one_model__mistral_7b_instruct_v0_3_q4_k_m,validation,matched_clean_llm,dedup-cluster-339659e6d45626f95acf4c5b,revision_v1_nonce_96_bit_hex_052,qwen2_5_7b_instruct_q4_k_m,segmented_hex_multi_topic,nonce_96_bit_hex,professional_process_email
detector_pair__8ea7322506cccf3ca64bfc78__ordinary_control,0,0.005082230549305677,textcnn,leave_one_model__mistral_7b_instruct_v0_3_q4_k_m,validation,matched_clean_llm,dedup-cluster-2e7f1969791ae609498a9082,revision_v1_hmac_sha256_hex_020,llama3_8b_instruct_q4_k_m,direct_subword_calgacus,hmac_sha256_hex,procedure_home_task
detector_pair__8ea7322506cccf3ca64bfc78__rankcloak,1,0.9999988079071045,textcnn,leave_one_model__mistral_7b_instruct_v0_3_q4_k_m,validation,matched_clean_llm,dedup-cluster-2e7f1969791ae609498a9082,revision_v1_hmac_sha256_hex_020,llama3_8b_instruct_q4_k_m,direct_subword_calgacus,hmac_sha256_hex,procedure_home_task
detector_pair__8ea8a4047b2c1db54d41e81f__ordinary_control,0,0.0003958804009016603,textcnn,leave_one_model__mistral_7b_instruct_v0_3_q4_k_m,validation,matched_clean_llm,dedup-cluster-a9a56840e2c7d4a59a486e62,revision_v1_nonce_96_bit_hex_025,llama3_8b_instruct_q4_k_m,nonseg_ascii_b8,nonce_96_bit_hex,procedure_simple_meal
detector_pair__8ea8a4047b2c1db54d41e81f__rankcloak,1,0.009142066352069378,textcnn,leave_one_model__mistral_7b_instruct_v0_3_q4_k_m,validation,matched_clean_llm,dedup-cluster-a9a56840e2c7d4a59a486e62,revision_v1_nonce_96_bit_hex_025,llama3_8b_instruct_q4_k_m,nonseg_ascii_b8,nonce_96_bit_hex,procedure_simple_meal
detector_pair__8f20ec5b73dbcee2f253fe76__ordinary_control,0,0.013285234570503235,textcnn,leave_one_model__mistral_7b_instruct_v0_3_q4_k_m,validation,matched_clean_llm,dedup-cluster-53ddb375f906007b9492f105,revision_v1_sha256_hex_033,qwen2_5_7b_instruct_q4_k_m,nonseg_hex_nibble_b16,sha256_hex,narrative_small_discovery
detector_pair__8f20ec5b73dbcee2f253fe76__rankcloak,1,0.99991774559021,textcnn,leave_one_model__mistral_7b_instruct_v0_3_q4_k_m,validation,matched_clean_llm,dedup-cluster-53ddb375f906007b9492f105,revision_v1_sha256_hex_033,qwen2_5_7b_instruct_q4_k_m,nonseg_hex_nibble_b16,sha256_hex,narrative_small_discovery
detector_pair__8f267b913f8661cd502f368d__ordinary_control,0,0.39125296473503113,textcnn,leave_one_model__mistral_7b_instruct_v0_3_q4_k_m,validation,matched_clean_llm,dedup-cluster-a1abcb49aa12280f617295a6,revision_v1_sha256_hex_034,llama3_8b_instruct_q4_k_m,nonseg_ascii_b16,sha256_hex,narrative_learning_moment
detector_pair__8f267b913f8661cd502f368d__rankcloak,1,0.9999788999557495,textcnn,leave_one_model__mistral_7b_instruct_v0_3_q4_k_m,validation,matched_clean_llm,dedup-cluster-a1abcb49aa12280f617295a6,revision_v1_sha256_hex_034,llama3_8b_instruct_q4_k_m,nonseg_ascii_b16,sha256_hex,narrative_learning_moment
detector_pair__8f51196d5029dabd04b1bf2b__ordinary_control,0,7.212319906102493e-05,textcnn,leave_one_model__mistral_7b_instruct_v0_3_q4_k_m,validation,matched_clean_llm,dedup-cluster-d80c78b75330766130b70bf5,revision_v1_hmac_sha256_hex_030,qwen2_5_7b_instruct_q4_k_m,nonseg_hex_nibble_b16,hmac_sha256_hex,forum_purchase_advice
detector_pair__8f51196d5029dabd04b1bf2b__rankcloak,1,0.22054697573184967,textcnn,leave_one_model__mistral_7b_instruct_v0_3_q4_k_m,validation,matched_clean_llm,dedup-cluster-d80c78b75330766130b70bf5,revision_v1_hmac_sha256_hex_030,qwen2_5_7b_instruct_q4_k_m,nonseg_hex_nibble_b16,hmac_sha256_hex,forum_purchase_advice
detector_pair__8f69cefffc30d8f0a805a033__ordinary_control,0,0.0001660004782024771,textcnn,leave_one_model__mistral_7b_instruct_v0_3_q4_k_m,validation,matched_clean_llm,dedup-cluster-53ddb375f906007b9492f105,revision_v1_sha256_hex_033,llama3_8b_instruct_q4_k_m,nonseg_ascii_b8,sha256_hex,procedure_garden_task
detector_pair__8f69cefffc30d8f0a805a033__rankcloak,1,0.9982665181159973,textcnn,leave_one_model__mistral_7b_instruct_v0_3_q4_k_m,validation,matched_clean_llm,dedup-cluster-53ddb375f906007b9492f105,revision_v1_sha256_hex_033,llama3_8b_instruct_q4_k_m,nonseg_ascii_b8,sha256_hex,procedure_garden_task
detector_pair__8f7eb813dba4b8a9a0a48aed__ordinary_control,0,0.007178919855505228,textcnn,leave_one_model__mistral_7b_instruct_v0_3_q4_k_m,validation,matched_clean_llm,dedup-cluster-a9a56840e2c7d4a59a486e62,revision_v1_nonce_96_bit_hex_025,qwen2_5_7b_instruct_q4_k_m,direct_subword_calgacus,nonce_96_bit_hex,narrative_local_walk
detector_pair__8f7eb813dba4b8a9a0a48aed__rankcloak,1,0.9538962244987488,textcnn,leave_one_model__mistral_7b_instruct_v0_3_q4_k_m,validation,matched_clean_llm,dedup-cluster-a9a56840e2c7d4a59a486e62,revision_v1_nonce_96_bit_hex_025,qwen2_5_7b_instruct_q4_k_m,direct_subword_calgacus,nonce_96_bit_hex,narrative_local_walk
detector_pair__8fb7375ae169b4948e1b130b__ordinary_control,0,0.4257146418094635,textcnn,leave_one_model__mistral_7b_instruct_v0_3_q4_k_m,validation,matched_clean_llm,dedup-cluster-c588a294c6263bec1e8ad56d,revision_v1_token_128_bit_hex_054,llama3_8b_instruct_q4_k_m,segmented_hex_single_topic,token_128_bit_hex,procedure_simple_meal
detector_pair__8fb7375ae169b4948e1b130b__rankcloak,1,0.8725753426551819,textcnn,leave_one_model__mistral_7b_instruct_v0_3_q4_k_m,validation,matched_clean_llm,dedup-cluster-c588a294c6263bec1e8ad56d,revision_v1_token_128_bit_hex_054,llama3_8b_instruct_q4_k_m,segmented_hex_single_topic,token_128_bit_hex,procedure_simple_meal
detector_pair__8fdcb111e75158018783c679__ordinary_control,0,0.00020729682000819594,textcnn,leave_one_model__mistral_7b_instruct_v0_3_q4_k_m,validation,matched_clean_llm,dedup-cluster-804389a06ddc24189a12fcd5,revision_v1_chacha20_poly1305_base64_041,qwen2_5_7b_instruct_q4_k_m,nonseg_ascii_b16,chacha20_poly1305_base64,casual_hobby_chat
detector_pair__8fdcb111e75158018783c679__rankcloak,1,0.9999977350234985,textcnn,leave_one_model__mistral_7b_instruct_v0_3_q4_k_m,validation,matched_clean_llm,dedup-cluster-804389a06ddc24189a12fcd5,revision_v1_chacha20_poly1305_base64_041,qwen2_5_7b_instruct_q4_k_m,nonseg_ascii_b16,chacha20_poly1305_base64,casual_hobby_chat
detector_pair__90799f991bd2ab979f154e9c__ordinary_control,0,7.4546187533997e-06,textcnn,leave_one_model__mistral_7b_instruct_v0_3_q4_k_m,validation,matched_clean_llm,dedup-cluster-0eb47bf23cdaa7b54a0335a2,revision_v1_token_128_bit_hex_055,qwen2_5_7b_instruct_q4_k_m,segmented_hex_multi_topic,token_128_bit_hex,explain_everyday_system
detector_pair__90799f991bd2ab979f154e9c__rankcloak,1,0.19870173931121826,textcnn,leave_one_model__mistral_7b_instruct_v0_3_q4_k_m,validation,matched_clean_llm,dedup-cluster-0eb47bf23cdaa7b54a0335a2,revision_v1_token_128_bit_hex_055,qwen2_5_7b_instruct_q4_k_m,segmented_hex_multi_topic,token_128_bit_hex,explain_everyday_system
detector_pair__909d183d49d81ae03d5b8ee1__ordinary_control,0,0.0016650216421112418,textcnn,leave_one_model__mistral_7b_instruct_v0_3_q4_k_m,validation,matched_clean_llm,dedup-cluster-0eb47bf23cdaa7b54a0335a2,revision_v1_token_128_bit_hex_055,llama3_8b_instruct_q4_k_m,nonseg_ascii_b8,token_128_bit_hex,narrative_small_discovery
detector_pair__909d183d49d81ae03d5b8ee1__rankcloak,1,0.9857957363128662,textcnn,leave_one_model__mistral_7b_instruct_v0_3_q4_k_m,validation,matched_clean_llm,dedup-cluster-0eb47bf23cdaa7b54a0335a2,revision_v1_token_128_bit_hex_055,llama3_8b_instruct_q4_k_m,nonseg_ascii_b8,token_128_bit_hex,narrative_small_discovery
detector_pair__90acffc4a1e20464a46a8894__ordinary_control,0,2.0664096155087464e-05,textcnn,leave_one_model__mistral_7b_instruct_v0_3_q4_k_m,validation,matched_clean_llm,dedup-cluster-37d4a9d7e9509ca2f58035f8,revision_v1_hmac_sha256_hex_022,qwen2_5_7b_instruct_q4_k_m,nonseg_ascii_b16,hmac_sha256_hex,casual_neighborhood_chat
detector_pair__90acffc4a1e20464a46a8894__rankcloak,1,0.9996531009674072,textcnn,leave_one_model__mistral_7b_instruct_v0_3_q4_k_m,validation,matched_clean_llm,dedup-cluster-37d4a9d7e9509ca2f58035f8,revision_v1_hmac_sha256_hex_022,qwen2_5_7b_instruct_q4_k_m,nonseg_ascii_b16,hmac_sha256_hex,casual_neighborhood_chat
detector_pair__90dd9920e080905bc316875e__ordinary_control,0,5.242041424935451e-06,textcnn,leave_one_model__mistral_7b_instruct_v0_3_q4_k_m,validation,matched_clean_llm,dedup-cluster-40f1050b751f94d4062ce3bb,revision_v1_aes256_gcm_base64_032,llama3_8b_instruct_q4_k_m,nonseg_ascii_b16,aes256_gcm_base64,professional_schedule_note
detector_pair__90dd9920e080905bc316875e__rankcloak,1,0.9999983310699463,textcnn,leave_one_model__mistral_7b_instruct_v0_3_q4_k_m,validation,matched_clean_llm,dedup-cluster-40f1050b751f94d4062ce3bb,revision_v1_aes256_gcm_base64_032,llama3_8b_instruct_q4_k_m,nonseg_ascii_b16,aes256_gcm_base64,professional_schedule_note
detector_pair__90fe637379f478823fae9e5e__ordinary_control,0,0.0003595775633584708,textcnn,leave_one_model__mistral_7b_instruct_v0_3_q4_k_m,validation,matched_clean_llm,dedup-cluster-68e08a4fc96aff3403abad93,revision_v1_nonce_96_bit_hex_031,llama3_8b_instruct_q4_k_m,nonseg_ascii_b8,nonce_96_bit_hex,procedure_home_task
detector_pair__90fe637379f478823fae9e5e__rankcloak,1,0.9919134378433228,textcnn,leave_one_model__mistral_7b_instruct_v0_3_q4_k_m,validation,matched_clean_llm,dedup-cluster-68e08a4fc96aff3403abad93,revision_v1_nonce_96_bit_hex_031,llama3_8b_instruct_q4_k_m,nonseg_ascii_b8,nonce_96_bit_hex,procedure_home_task
detector_pair__9104094d253aa516eeb07120__ordinary_control,0,0.00576358987018466,textcnn,leave_one_model__mistral_7b_instruct_v0_3_q4_k_m,validation,matched_clean_llm,dedup-cluster-631342e4862923cce8d3242b,revision_v1_sha256_hex_029,qwen2_5_7b_instruct_q4_k_m,nonseg_hex_nibble_b16,sha256_hex,casual_neighborhood_chat
detector_pair__9104094d253aa516eeb07120__rankcloak,1,0.9998668432235718,textcnn,leave_one_model__mistral_7b_instruct_v0_3_q4_k_m,validation,matched_clean_llm,dedup-cluster-631342e4862923cce8d3242b,revision_v1_sha256_hex_029,qwen2_5_7b_instruct_q4_k_m,nonseg_hex_nibble_b16,sha256_hex,casual_neighborhood_chat
detector_pair__912c17da996a3d3f19c4d5f1__ordinary_control,0,6.9298116613936145e-06,textcnn,leave_one_model__mistral_7b_instruct_v0_3_q4_k_m,validation,matched_clean_llm,dedup-cluster-edb6b099f1dff5a3bddeca8c,revision_v1_sha256_hex_012,llama3_8b_instruct_q4_k_m,nonseg_ascii_b16,sha256_hex,casual_neighborhood_chat
detector_pair__912c17da996a3d3f19c4d5f1__rankcloak,1,0.9998316764831543,textcnn,leave_one_model__mistral_7b_instruct_v0_3_q4_k_m,validation,matched_clean_llm,dedup-cluster-edb6b099f1dff5a3bddeca8c,revision_v1_sha256_hex_012,llama3_8b_instruct_q4_k_m,nonseg_ascii_b16,sha256_hex,casual_neighborhood_chat
detector_pair__9145501971bb4b149ceea2fd__ordinary_control,0,0.0047538126818835735,textcnn,leave_one_model__mistral_7b_instruct_v0_3_q4_k_m,validation,matched_clean_llm,dedup-cluster-2e2ec68963e479ffd3172011,revision_v1_ed25519_signature_base64_005,llama3_8b_instruct_q4_k_m,nonseg_ascii_b8,ed25519_signature_base64,casual_hobby_chat
detector_pair__9145501971bb4b149ceea2fd__rankcloak,1,0.9991893172264099,textcnn,leave_one_model__mistral_7b_instruct_v0_3_q4_k_m,validation,matched_clean_llm,dedup-cluster-2e2ec68963e479ffd3172011,revision_v1_ed25519_signature_base64_005,llama3_8b_instruct_q4_k_m,nonseg_ascii_b8,ed25519_signature_base64,casual_hobby_chat
detector_pair__919436f99bb3d94f196a40df__ordinary_control,0,3.879231826431351e-06,textcnn,leave_one_model__mistral_7b_instruct_v0_3_q4_k_m,validation,matched_clean_llm,dedup-cluster-a877ac9e15d9982c5f795957,revision_v1_sha256_hex_048,llama3_8b_instruct_q4_k_m,segmented_hex_single_topic,sha256_hex,casual_neighborhood_chat
detector_pair__919436f99bb3d94f196a40df__rankcloak,1,0.9999922513961792,textcnn,leave_one_model__mistral_7b_instruct_v0_3_q4_k_m,validation,matched_clean_llm,dedup-cluster-a877ac9e15d9982c5f795957,revision_v1_sha256_hex_048,llama3_8b_instruct_q4_k_m,segmented_hex_single_topic,sha256_hex,casual_neighborhood_chat
detector_pair__9263ec4d0b79ee288e4960bf__ordinary_control,0,0.10293813794851303,textcnn,leave_one_model__mistral_7b_instruct_v0_3_q4_k_m,validation,matched_clean_llm,dedup-cluster-1d730332b470450b93b8b767,revision_v1_hmac_sha256_hex_006,qwen2_5_7b_instruct_q4_k_m,segmented_hex_multi_topic,hmac_sha256_hex,forum_practical_answer
detector_pair__9263ec4d0b79ee288e4960bf__rankcloak,1,0.9857494831085205,textcnn,leave_one_model__mistral_7b_instruct_v0_3_q4_k_m,validation,matched_clean_llm,dedup-cluster-1d730332b470450b93b8b767,revision_v1_hmac_sha256_hex_006,qwen2_5_7b_instruct_q4_k_m,segmented_hex_multi_topic,hmac_sha256_hex,forum_practical_answer
detector_pair__9275549d059b65f9f4e3575c__ordinary_control,0,4.01524039261858e-06,textcnn,leave_one_model__mistral_7b_instruct_v0_3_q4_k_m,validation,matched_clean_llm,dedup-cluster-e303bfe023e32c25389ebaf9,revision_v1_token_128_bit_hex_057,llama3_8b_instruct_q4_k_m,nonseg_ascii_b8,token_128_bit_hex,casual_weekend_chat
detector_pair__9275549d059b65f9f4e3575c__rankcloak,1,0.9863733053207397,textcnn,leave_one_model__mistral_7b_instruct_v0_3_q4_k_m,validation,matched_clean_llm,dedup-cluster-e303bfe023e32c25389ebaf9,revision_v1_token_128_bit_hex_057,llama3_8b_instruct_q4_k_m,nonseg_ascii_b8,token_128_bit_hex,casual_weekend_chat
detector_pair__928550a84130fa0716b4bd0c__ordinary_control,0,0.057248737663030624,textcnn,leave_one_model__mistral_7b_instruct_v0_3_q4_k_m,validation,matched_clean_llm,dedup-cluster-725b5797405341915f74ba63,revision_v1_token_128_bit_hex_006,qwen2_5_7b_instruct_q4_k_m,direct_subword_calgacus,token_128_bit_hex,narrative_learning_moment
detector_pair__928550a84130fa0716b4bd0c__rankcloak,1,0.8855544924736023,textcnn,leave_one_model__mistral_7b_instruct_v0_3_q4_k_m,validation,matched_clean_llm,dedup-cluster-725b5797405341915f74ba63,revision_v1_token_128_bit_hex_006,qwen2_5_7b_instruct_q4_k_m,direct_subword_calgacus,token_128_bit_hex,narrative_learning_moment
detector_pair__92ab203fdc7f03797f8be163__ordinary_control,0,0.007463977672159672,textcnn,leave_one_model__mistral_7b_instruct_v0_3_q4_k_m,validation,matched_clean_llm,dedup-cluster-b814eb53fabc825fc651b86a,revision_v1_chacha20_poly1305_base64_029,llama3_8b_instruct_q4_k_m,direct_subword_calgacus,chacha20_poly1305_base64,explain_everyday_system
detector_pair__92ab203fdc7f03797f8be163__rankcloak,1,0.9996606111526489,textcnn,leave_one_model__mistral_7b_instruct_v0_3_q4_k_m,validation,matched_clean_llm,dedup-cluster-b814eb53fabc825fc651b86a,revision_v1_chacha20_poly1305_base64_029,llama3_8b_instruct_q4_k_m,direct_subword_calgacus,chacha20_poly1305_base64,explain_everyday_system
detector_pair__92d7e36adbb46d01f0e854fa__ordinary_control,0,5.493755452334881e-05,textcnn,leave_one_model__mistral_7b_instruct_v0_3_q4_k_m,validation,matched_clean_llm,dedup-cluster-d80c78b75330766130b70bf5,revision_v1_hmac_sha256_hex_030,llama3_8b_instruct_q4_k_m,segmented_hex_single_topic,hmac_sha256_hex,professional_project_update
detector_pair__92d7e36adbb46d01f0e854fa__rankcloak,1,0.9998962879180908,textcnn,leave_one_model__mistral_7b_instruct_v0_3_q4_k_m,validation,matched_clean_llm,dedup-cluster-d80c78b75330766130b70bf5,revision_v1_hmac_sha256_hex_030,llama3_8b_instruct_q4_k_m,segmented_hex_single_topic,hmac_sha256_hex,professional_project_update
detector_pair__930b4dc6f018f6d0785becc5__ordinary_control,0,9.930110536515713e-05,textcnn,leave_one_model__mistral_7b_instruct_v0_3_q4_k_m,validation,matched_clean_llm,dedup-cluster-418e1dfdad8a13fa38873592,revision_v1_chacha20_poly1305_base64_003,qwen2_5_7b_instruct_q4_k_m,nonseg_ascii_b8,chacha20_poly1305_base64,narrative_local_walk
detector_pair__930b4dc6f018f6d0785becc5__rankcloak,1,0.963943362236023,textcnn,leave_one_model__mistral_7b_instruct_v0_3_q4_k_m,validation,matched_clean_llm,dedup-cluster-418e1dfdad8a13fa38873592,revision_v1_chacha20_poly1305_base64_003,qwen2_5_7b_instruct_q4_k_m,nonseg_ascii_b8,chacha20_poly1305_base64,narrative_local_walk
detector_pair__93bbb62a52f20ae99fa29318__ordinary_control,0,0.0061980667524039745,textcnn,leave_one_model__mistral_7b_instruct_v0_3_q4_k_m,validation,matched_clean_llm,dedup-cluster-a34a1c3f812dbedb8252c73c,revision_v1_ed25519_signature_base64_015,qwen2_5_7b_instruct_q4_k_m,nonseg_ascii_b8,ed25519_signature_base64,explain_everyday_system
detector_pair__93bbb62a52f20ae99fa29318__rankcloak,1,0.999990701675415,textcnn,leave_one_model__mistral_7b_instruct_v0_3_q4_k_m,validation,matched_clean_llm,dedup-cluster-a34a1c3f812dbedb8252c73c,revision_v1_ed25519_signature_base64_015,qwen2_5_7b_instruct_q4_k_m,nonseg_ascii_b8,ed25519_signature_base64,explain_everyday_system
detector_pair__93eef11369073f86aa53e30f__ordinary_control,0,1.7690646814116917e-07,textcnn,leave_one_model__mistral_7b_instruct_v0_3_q4_k_m,validation,matched_clean_llm,dedup-cluster-729f0f62c71d15bb8d8f7eff,revision_v1_token_128_bit_hex_004,qwen2_5_7b_instruct_q4_k_m,nonseg_ascii_b16,token_128_bit_hex,forum_purchase_advice
detector_pair__93eef11369073f86aa53e30f__rankcloak,1,0.9482482671737671,textcnn,leave_one_model__mistral_7b_instruct_v0_3_q4_k_m,validation,matched_clean_llm,dedup-cluster-729f0f62c71d15bb8d8f7eff,revision_v1_token_128_bit_hex_004,qwen2_5_7b_instruct_q4_k_m,nonseg_ascii_b16,token_128_bit_hex,forum_purchase_advice
detector_pair__94009c0bcf1efa2a4dce4331__ordinary_control,0,1.8024142264039256e-05,textcnn,leave_one_model__mistral_7b_instruct_v0_3_q4_k_m,validation,matched_clean_llm,dedup-cluster-a48caa544001e5d183a57eea,revision_v1_nonce_96_bit_hex_049,qwen2_5_7b_instruct_q4_k_m,nonseg_hex_nibble_b16,nonce_96_bit_hex,narrative_learning_moment
detector_pair__94009c0bcf1efa2a4dce4331__rankcloak,1,0.9999490976333618,textcnn,leave_one_model__mistral_7b_instruct_v0_3_q4_k_m,validation,matched_clean_llm,dedup-cluster-a48caa544001e5d183a57eea,revision_v1_nonce_96_bit_hex_049,qwen2_5_7b_instruct_q4_k_m,nonseg_hex_nibble_b16,nonce_96_bit_hex,narrative_learning_moment
detector_pair__9436d9b6bff8f1703cf543e8__ordinary_control,0,1.9144501493428834e-05,textcnn,leave_one_model__mistral_7b_instruct_v0_3_q4_k_m,validation,matched_clean_llm,dedup-cluster-a48caa544001e5d183a57eea,revision_v1_nonce_96_bit_hex_049,qwen2_5_7b_instruct_q4_k_m,direct_subword_calgacus,nonce_96_bit_hex,narrative_learning_moment
detector_pair__9436d9b6bff8f1703cf543e8__rankcloak,1,0.042546965181827545,textcnn,leave_one_model__mistral_7b_instruct_v0_3_q4_k_m,validation,matched_clean_llm,dedup-cluster-a48caa544001e5d183a57eea,revision_v1_nonce_96_bit_hex_049,qwen2_5_7b_instruct_q4_k_m,direct_subword_calgacus,nonce_96_bit_hex,narrative_learning_moment
detector_pair__9470e5739d5dd84b7d3ad4e6__ordinary_control,0,0.00013311846123542637,textcnn,leave_one_model__mistral_7b_instruct_v0_3_q4_k_m,validation,matched_clean_llm,dedup-cluster-21724430ac9765521f1234e5,revision_v1_token_128_bit_hex_056,llama3_8b_instruct_q4_k_m,segmented_hex_multi_topic,token_128_bit_hex,explain_weather_pattern
detector_pair__9470e5739d5dd84b7d3ad4e6__rankcloak,1,0.5903697609901428,textcnn,leave_one_model__mistral_7b_instruct_v0_3_q4_k_m,validation,matched_clean_llm,dedup-cluster-21724430ac9765521f1234e5,revision_v1_token_128_bit_hex_056,llama3_8b_instruct_q4_k_m,segmented_hex_multi_topic,token_128_bit_hex,explain_weather_pattern
detector_pair__94a12cabf91cd7200992c94f__ordinary_control,0,0.042781852185726166,textcnn,leave_one_model__mistral_7b_instruct_v0_3_q4_k_m,validation,matched_clean_llm,dedup-cluster-418e1dfdad8a13fa38873592,revision_v1_chacha20_poly1305_base64_003,qwen2_5_7b_instruct_q4_k_m,nonseg_ascii_b16,chacha20_poly1305_base64,narrative_local_walk
detector_pair__94a12cabf91cd7200992c94f__rankcloak,1,1.0,textcnn,leave_one_model__mistral_7b_instruct_v0_3_q4_k_m,validation,matched_clean_llm,dedup-cluster-418e1dfdad8a13fa38873592,revision_v1_chacha20_poly1305_base64_003,qwen2_5_7b_instruct_q4_k_m,nonseg_ascii_b16,chacha20_poly1305_base64,narrative_local_walk
detector_pair__94ed6cb28d472d321af815fe__ordinary_control,0,0.001164739136584103,textcnn,leave_one_model__mistral_7b_instruct_v0_3_q4_k_m,validation,matched_clean_llm,dedup-cluster-edb6b099f1dff5a3bddeca8c,revision_v1_sha256_hex_012,llama3_8b_instruct_q4_k_m,segmented_hex_multi_topic,sha256_hex,casual_neighborhood_chat
detector_pair__94ed6cb28d472d321af815fe__rankcloak,1,0.9999969005584717,textcnn,leave_one_model__mistral_7b_instruct_v0_3_q4_k_m,validation,matched_clean_llm,dedup-cluster-edb6b099f1dff5a3bddeca8c,revision_v1_sha256_hex_012,llama3_8b_instruct_q4_k_m,segmented_hex_multi_topic,sha256_hex,casual_neighborhood_chat
detector_pair__94f5060f000f0d23a24ea609__ordinary_control,0,0.007500720210373402,textcnn,leave_one_model__mistral_7b_instruct_v0_3_q4_k_m,validation,matched_clean_llm,dedup-cluster-d24ae4dc1ca2dcb4473005f9,revision_v1_hmac_sha256_hex_036,qwen2_5_7b_instruct_q4_k_m,nonseg_hex_nibble_b16,hmac_sha256_hex,forum_learning_answer
detector_pair__94f5060f000f0d23a24ea609__rankcloak,1,0.9998168349266052,textcnn,leave_one_model__mistral_7b_instruct_v0_3_q4_k_m,validation,matched_clean_llm,dedup-cluster-d24ae4dc1ca2dcb4473005f9,revision_v1_hmac_sha256_hex_036,qwen2_5_7b_instruct_q4_k_m,nonseg_hex_nibble_b16,hmac_sha256_hex,forum_learning_answer
detector_pair__95b1fc44b0121b2d05176e72__ordinary_control,0,0.007582495454698801,textcnn,leave_one_model__mistral_7b_instruct_v0_3_q4_k_m,validation,matched_clean_llm,dedup-cluster-d028afde8d3446e776f3bdbf,revision_v1_hmac_sha256_hex_013,llama3_8b_instruct_q4_k_m,segmented_hex_multi_topic,hmac_sha256_hex,forum_practical_answer
detector_pair__95b1fc44b0121b2d05176e72__rankcloak,1,0.9999998807907104,textcnn,leave_one_model__mistral_7b_instruct_v0_3_q4_k_m,validation,matched_clean_llm,dedup-cluster-d028afde8d3446e776f3bdbf,revision_v1_hmac_sha256_hex_013,llama3_8b_instruct_q4_k_m,segmented_hex_multi_topic,hmac_sha256_hex,forum_practical_answer
detector_pair__962f6bfff2c6146d297165db__ordinary_control,0,0.010119573213160038,textcnn,leave_one_model__mistral_7b_instruct_v0_3_q4_k_m,validation,matched_clean_llm,dedup-cluster-a1f09603de61d42b17c60f90,revision_v1_nonce_96_bit_hex_058,qwen2_5_7b_instruct_q4_k_m,nonseg_hex_nibble_b16,nonce_96_bit_hex,professional_project_update
detector_pair__962f6bfff2c6146d297165db__rankcloak,1,0.696377158164978,textcnn,leave_one_model__mistral_7b_instruct_v0_3_q4_k_m,validation,matched_clean_llm,dedup-cluster-a1f09603de61d42b17c60f90,revision_v1_nonce_96_bit_hex_058,qwen2_5_7b_instruct_q4_k_m,nonseg_hex_nibble_b16,nonce_96_bit_hex,professional_project_update
detector_pair__96e753c6c7c025da30e2e013__ordinary_control,0,0.0014147545443847775,textcnn,leave_one_model__mistral_7b_instruct_v0_3_q4_k_m,validation,matched_clean_llm,dedup-cluster-d80c78b75330766130b70bf5,revision_v1_hmac_sha256_hex_030,qwen2_5_7b_instruct_q4_k_m,direct_subword_calgacus,hmac_sha256_hex,forum_purchase_advice
detector_pair__96e753c6c7c025da30e2e013__rankcloak,1,0.9999644756317139,textcnn,leave_one_model__mistral_7b_instruct_v0_3_q4_k_m,validation,matched_clean_llm,dedup-cluster-d80c78b75330766130b70bf5,revision_v1_hmac_sha256_hex_030,qwen2_5_7b_instruct_q4_k_m,direct_subword_calgacus,hmac_sha256_hex,forum_purchase_advice
detector_pair__970cc5f4ef88c0d788ea1bb5__ordinary_control,0,1.3011029409426556e-07,textcnn,leave_one_model__mistral_7b_instruct_v0_3_q4_k_m,validation,matched_clean_llm,dedup-cluster-339659e6d45626f95acf4c5b,revision_v1_nonce_96_bit_hex_052,qwen2_5_7b_instruct_q4_k_m,segmented_hex_single_topic,nonce_96_bit_hex,professional_process_email
detector_pair__970cc5f4ef88c0d788ea1bb5__rankcloak,1,0.0033733071759343147,textcnn,leave_one_model__mistral_7b_instruct_v0_3_q4_k_m,validation,matched_clean_llm,dedup-cluster-339659e6d45626f95acf4c5b,revision_v1_nonce_96_bit_hex_052,qwen2_5_7b_instruct_q4_k_m,segmented_hex_single_topic,nonce_96_bit_hex,professional_process_email
detector_pair__975e213a38046b62cf6a9c51__ordinary_control,0,0.019343022257089615,textcnn,leave_one_model__mistral_7b_instruct_v0_3_q4_k_m,validation,matched_clean_llm,dedup-cluster-17900f3eff20bb84e24fa1da,revision_v1_token_128_bit_hex_021,llama3_8b_instruct_q4_k_m,segmented_hex_single_topic,token_128_bit_hex,casual_weekend_chat
detector_pair__975e213a38046b62cf6a9c51__rankcloak,1,0.6948236227035522,textcnn,leave_one_model__mistral_7b_instruct_v0_3_q4_k_m,validation,matched_clean_llm,dedup-cluster-17900f3eff20bb84e24fa1da,revision_v1_token_128_bit_hex_021,llama3_8b_instruct_q4_k_m,segmented_hex_single_topic,token_128_bit_hex,casual_weekend_chat
detector_pair__979a30477d17ad4abbfb0df3__ordinary_control,0,3.795754082602798e-06,textcnn,leave_one_model__mistral_7b_instruct_v0_3_q4_k_m,validation,matched_clean_llm,dedup-cluster-a48caa544001e5d183a57eea,revision_v1_nonce_96_bit_hex_049,qwen2_5_7b_instruct_q4_k_m,segmented_hex_single_topic,nonce_96_bit_hex,narrative_learning_moment
detector_pair__979a30477d17ad4abbfb0df3__rankcloak,1,8.463797712465748e-05,textcnn,leave_one_model__mistral_7b_instruct_v0_3_q4_k_m,validation,matched_clean_llm,dedup-cluster-a48caa544001e5d183a57eea,revision_v1_nonce_96_bit_hex_049,qwen2_5_7b_instruct_q4_k_m,segmented_hex_single_topic,nonce_96_bit_hex,narrative_learning_moment
detector_pair__97bb63457cfa7eed15bc59a5__ordinary_control,0,0.0025899445172399282,textcnn,leave_one_model__mistral_7b_instruct_v0_3_q4_k_m,validation,matched_clean_llm,dedup-cluster-725b5797405341915f74ba63,revision_v1_token_128_bit_hex_006,qwen2_5_7b_instruct_q4_k_m,nonseg_hex_nibble_b16,token_128_bit_hex,narrative_learning_moment
detector_pair__97bb63457cfa7eed15bc59a5__rankcloak,1,0.12264814227819443,textcnn,leave_one_model__mistral_7b_instruct_v0_3_q4_k_m,validation,matched_clean_llm,dedup-cluster-725b5797405341915f74ba63,revision_v1_token_128_bit_hex_006,qwen2_5_7b_instruct_q4_k_m,nonseg_hex_nibble_b16,token_128_bit_hex,narrative_learning_moment
detector_pair__97d3e49bcbef08b52987aab6__ordinary_control,0,6.524376658489928e-05,textcnn,leave_one_model__mistral_7b_instruct_v0_3_q4_k_m,validation,matched_clean_llm,dedup-cluster-982d753609ba3daf81c7d866,revision_v1_sha256_hex_046,qwen2_5_7b_instruct_q4_k_m,nonseg_hex_nibble_b16,sha256_hex,explain_biological_process
detector_pair__97d3e49bcbef08b52987aab6__rankcloak,1,0.9995670914649963,textcnn,leave_one_model__mistral_7b_instruct_v0_3_q4_k_m,validation,matched_clean_llm,dedup-cluster-982d753609ba3daf81c7d866,revision_v1_sha256_hex_046,qwen2_5_7b_instruct_q4_k_m,nonseg_hex_nibble_b16,sha256_hex,explain_biological_process
detector_pair__97dc226cb4b3a9f020530587__ordinary_control,0,0.016174353659152985,textcnn,leave_one_model__mistral_7b_instruct_v0_3_q4_k_m,validation,matched_clean_llm,dedup-cluster-c581ece2a3e5e2c3b74d6d5e,revision_v1_chacha20_poly1305_base64_016,llama3_8b_instruct_q4_k_m,nonseg_ascii_b8,chacha20_poly1305_base64,narrative_learning_moment
detector_pair__97dc226cb4b3a9f020530587__rankcloak,1,0.9862456321716309,textcnn,leave_one_model__mistral_7b_instruct_v0_3_q4_k_m,validation,matched_clean_llm,dedup-cluster-c581ece2a3e5e2c3b74d6d5e,revision_v1_chacha20_poly1305_base64_016,llama3_8b_instruct_q4_k_m,nonseg_ascii_b8,chacha20_poly1305_base64,narrative_learning_moment
detector_pair__988ad301a98cc223929f90ed__ordinary_control,0,0.0012358857784420252,textcnn,leave_one_model__mistral_7b_instruct_v0_3_q4_k_m,validation,matched_clean_llm,dedup-cluster-48d7da6cd06bde46d05aad3f,revision_v1_sha256_hex_056,llama3_8b_instruct_q4_k_m,segmented_hex_single_topic,sha256_hex,forum_practical_answer
detector_pair__988ad301a98cc223929f90ed__rankcloak,1,0.9997496008872986,textcnn,leave_one_model__mistral_7b_instruct_v0_3_q4_k_m,validation,matched_clean_llm,dedup-cluster-48d7da6cd06bde46d05aad3f,revision_v1_sha256_hex_056,llama3_8b_instruct_q4_k_m,segmented_hex_single_topic,sha256_hex,forum_practical_answer
detector_pair__9892cf4401179f56b5cd9d8f__ordinary_control,0,3.3990585901477743e-09,textcnn,leave_one_model__mistral_7b_instruct_v0_3_q4_k_m,validation,matched_clean_llm,dedup-cluster-e303bfe023e32c25389ebaf9,revision_v1_token_128_bit_hex_057,qwen2_5_7b_instruct_q4_k_m,nonseg_ascii_b8,token_128_bit_hex,professional_schedule_note
detector_pair__9892cf4401179f56b5cd9d8f__rankcloak,1,0.9897297620773315,textcnn,leave_one_model__mistral_7b_instruct_v0_3_q4_k_m,validation,matched_clean_llm,dedup-cluster-e303bfe023e32c25389ebaf9,revision_v1_token_128_bit_hex_057,qwen2_5_7b_instruct_q4_k_m,nonseg_ascii_b8,token_128_bit_hex,professional_schedule_note
detector_pair__99517bf1b0fbe88df12c74b1__ordinary_control,0,0.000987921841442585,textcnn,leave_one_model__mistral_7b_instruct_v0_3_q4_k_m,validation,matched_clean_llm,dedup-cluster-e8b46972e25b5d16f253b139,revision_v1_nonce_96_bit_hex_005,llama3_8b_instruct_q4_k_m,segmented_hex_single_topic,nonce_96_bit_hex,professional_process_email
detector_pair__99517bf1b0fbe88df12c74b1__rankcloak,1,0.8592329621315002,textcnn,leave_one_model__mistral_7b_instruct_v0_3_q4_k_m,validation,matched_clean_llm,dedup-cluster-e8b46972e25b5d16f253b139,revision_v1_nonce_96_bit_hex_005,llama3_8b_instruct_q4_k_m,segmented_hex_single_topic,nonce_96_bit_hex,professional_process_email
detector_pair__9994751d75e3cefd741289c6__ordinary_control,0,0.0009087012731470168,textcnn,leave_one_model__mistral_7b_instruct_v0_3_q4_k_m,validation,matched_clean_llm,dedup-cluster-0eb47bf23cdaa7b54a0335a2,revision_v1_token_128_bit_hex_055,llama3_8b_instruct_q4_k_m,segmented_hex_single_topic,token_128_bit_hex,narrative_small_discovery
detector_pair__9994751d75e3cefd741289c6__rankcloak,1,0.013061673380434513,textcnn,leave_one_model__mistral_7b_instruct_v0_3_q4_k_m,validation,matched_clean_llm,dedup-cluster-0eb47bf23cdaa7b54a0335a2,revision_v1_token_128_bit_hex_055,llama3_8b_instruct_q4_k_m,segmented_hex_single_topic,token_128_bit_hex,narrative_small_discovery
detector_pair__9a1f14d8436a644b9a4d81dc__ordinary_control,0,0.6127558946609497,textcnn,leave_one_model__mistral_7b_instruct_v0_3_q4_k_m,validation,matched_clean_llm,dedup-cluster-6ce30f9a3e80626084969f2a,revision_v1_ed25519_signature_base64_043,llama3_8b_instruct_q4_k_m,nonseg_ascii_b8,ed25519_signature_base64,forum_learning_answer
detector_pair__9a1f14d8436a644b9a4d81dc__rankcloak,1,0.9974552989006042,textcnn,leave_one_model__mistral_7b_instruct_v0_3_q4_k_m,validation,matched_clean_llm,dedup-cluster-6ce30f9a3e80626084969f2a,revision_v1_ed25519_signature_base64_043,llama3_8b_instruct_q4_k_m,nonseg_ascii_b8,ed25519_signature_base64,forum_learning_answer
detector_pair__9a421efafa37b39571acfcba__ordinary_control,0,0.055716414004564285,textcnn,leave_one_model__mistral_7b_instruct_v0_3_q4_k_m,validation,matched_clean_llm,dedup-cluster-92db4da9195620c7435535fe,revision_v1_ed25519_signature_base64_008,llama3_8b_instruct_q4_k_m,direct_subword_calgacus,ed25519_signature_base64,procedure_garden_task
detector_pair__9a421efafa37b39571acfcba__rankcloak,1,0.9996650218963623,textcnn,leave_one_model__mistral_7b_instruct_v0_3_q4_k_m,validation,matched_clean_llm,dedup-cluster-92db4da9195620c7435535fe,revision_v1_ed25519_signature_base64_008,llama3_8b_instruct_q4_k_m,direct_subword_calgacus,ed25519_signature_base64,procedure_garden_task
detector_pair__9a44d8be7a10dcf20ab13766__ordinary_control,0,0.0029036712367087603,textcnn,leave_one_model__mistral_7b_instruct_v0_3_q4_k_m,validation,matched_clean_llm,dedup-cluster-60a1e2f88d4e40514869d20f,revision_v1_ed25519_signature_base64_051,qwen2_5_7b_instruct_q4_k_m,nonseg_ascii_b8,ed25519_signature_base64,explain_everyday_system
detector_pair__9a44d8be7a10dcf20ab13766__rankcloak,1,0.9999030828475952,textcnn,leave_one_model__mistral_7b_instruct_v0_3_q4_k_m,validation,matched_clean_llm,dedup-cluster-60a1e2f88d4e40514869d20f,revision_v1_ed25519_signature_base64_051,qwen2_5_7b_instruct_q4_k_m,nonseg_ascii_b8,ed25519_signature_base64,explain_everyday_system
detector_pair__9a8083d4a87cba5c555b196d__ordinary_control,0,0.00078237010166049,textcnn,leave_one_model__mistral_7b_instruct_v0_3_q4_k_m,validation,matched_clean_llm,dedup-cluster-e8b46972e25b5d16f253b139,revision_v1_nonce_96_bit_hex_005,qwen2_5_7b_instruct_q4_k_m,nonseg_ascii_b8,nonce_96_bit_hex,forum_practical_answer
detector_pair__9a8083d4a87cba5c555b196d__rankcloak,1,0.9460766315460205,textcnn,leave_one_model__mistral_7b_instruct_v0_3_q4_k_m,validation,matched_clean_llm,dedup-cluster-e8b46972e25b5d16f253b139,revision_v1_nonce_96_bit_hex_005,qwen2_5_7b_instruct_q4_k_m,nonseg_ascii_b8,nonce_96_bit_hex,forum_practical_answer
detector_pair__9aeec470027bcc3afd844fbb__ordinary_control,0,3.08894959744066e-06,textcnn,leave_one_model__mistral_7b_instruct_v0_3_q4_k_m,validation,matched_clean_llm,dedup-cluster-59f7511f5e7a9e62060c4324,revision_v1_uuid_v4_058,llama3_8b_instruct_q4_k_m,direct_subword_calgacus,uuid_v4,forum_purchase_advice
detector_pair__9aeec470027bcc3afd844fbb__rankcloak,1,0.4723988175392151,textcnn,leave_one_model__mistral_7b_instruct_v0_3_q4_k_m,validation,matched_clean_llm,dedup-cluster-59f7511f5e7a9e62060c4324,revision_v1_uuid_v4_058,llama3_8b_instruct_q4_k_m,direct_subword_calgacus,uuid_v4,forum_purchase_advice
detector_pair__9b5abf6f89588bb2c3044efd__ordinary_control,0,1.6832303799674264e-06,textcnn,leave_one_model__mistral_7b_instruct_v0_3_q4_k_m,validation,matched_clean_llm,dedup-cluster-17900f3eff20bb84e24fa1da,revision_v1_token_128_bit_hex_021,qwen2_5_7b_instruct_q4_k_m,segmented_hex_single_topic,token_128_bit_hex,professional_schedule_note
detector_pair__9b5abf6f89588bb2c3044efd__rankcloak,1,0.9986604452133179,textcnn,leave_one_model__mistral_7b_instruct_v0_3_q4_k_m,validation,matched_clean_llm,dedup-cluster-17900f3eff20bb84e24fa1da,revision_v1_token_128_bit_hex_021,qwen2_5_7b_instruct_q4_k_m,segmented_hex_single_topic,token_128_bit_hex,professional_schedule_note
detector_pair__9b9956fcfa5d6eb3cf96fc29__ordinary_control,0,1.5769494439155096e-06,textcnn,leave_one_model__mistral_7b_instruct_v0_3_q4_k_m,validation,matched_clean_llm,dedup-cluster-a2b2305f32aed49b82a74ffb,revision_v1_chacha20_poly1305_base64_051,llama3_8b_instruct_q4_k_m,nonseg_ascii_b8,chacha20_poly1305_base64,procedure_garden_task
detector_pair__9b9956fcfa5d6eb3cf96fc29__rankcloak,1,0.9934374690055847,textcnn,leave_one_model__mistral_7b_instruct_v0_3_q4_k_m,validation,matched_clean_llm,dedup-cluster-a2b2305f32aed49b82a74ffb,revision_v1_chacha20_poly1305_base64_051,llama3_8b_instruct_q4_k_m,nonseg_ascii_b8,chacha20_poly1305_base64,procedure_garden_task
detector_pair__9bea07f8b725d1fce44256c9__ordinary_control,0,0.005758651532232761,textcnn,leave_one_model__mistral_7b_instruct_v0_3_q4_k_m,validation,matched_clean_llm,dedup-cluster-6136de4e90d44eb994005d2a,revision_v1_uuid_v4_051,qwen2_5_7b_instruct_q4_k_m,nonseg_ascii_b8,uuid_v4,forum_purchase_advice
detector_pair__9bea07f8b725d1fce44256c9__rankcloak,1,0.9897019863128662,textcnn,leave_one_model__mistral_7b_instruct_v0_3_q4_k_m,validation,matched_clean_llm,dedup-cluster-6136de4e90d44eb994005d2a,revision_v1_uuid_v4_051,qwen2_5_7b_instruct_q4_k_m,nonseg_ascii_b8,uuid_v4,forum_purchase_advice
detector_pair__9c0879902cc9f9c9597ce211__ordinary_control,0,0.0002942973223980516,textcnn,leave_one_model__mistral_7b_instruct_v0_3_q4_k_m,validation,matched_clean_llm,dedup-cluster-d6ec75465813ed2c729c38e9,revision_v1_aes256_gcm_base64_053,llama3_8b_instruct_q4_k_m,nonseg_ascii_b16,aes256_gcm_base64,narrative_local_walk
detector_pair__9c0879902cc9f9c9597ce211__rankcloak,1,0.8978278040885925,textcnn,leave_one_model__mistral_7b_instruct_v0_3_q4_k_m,validation,matched_clean_llm,dedup-cluster-d6ec75465813ed2c729c38e9,revision_v1_aes256_gcm_base64_053,llama3_8b_instruct_q4_k_m,nonseg_ascii_b16,aes256_gcm_base64,narrative_local_walk
detector_pair__9c16ff81cbda0b4604660889__ordinary_control,0,1.0,textcnn,leave_one_model__mistral_7b_instruct_v0_3_q4_k_m,validation,matched_clean_llm,dedup-cluster-0de80089e8762fad04cb9524,revision_v1_ed25519_signature_base64_046,qwen2_5_7b_instruct_q4_k_m,nonseg_ascii_b16,ed25519_signature_base64,casual_weekend_chat
detector_pair__9c16ff81cbda0b4604660889__rankcloak,1,0.999992847442627,textcnn,leave_one_model__mistral_7b_instruct_v0_3_q4_k_m,validation,matched_clean_llm,dedup-cluster-0de80089e8762fad04cb9524,revision_v1_ed25519_signature_base64_046,qwen2_5_7b_instruct_q4_k_m,nonseg_ascii_b16,ed25519_signature_base64,casual_weekend_chat
detector_pair__9c199e46f7dd05df18b9f60e__ordinary_control,0,2.0266006686142646e-05,textcnn,leave_one_model__mistral_7b_instruct_v0_3_q4_k_m,validation,matched_clean_llm,dedup-cluster-a48caa544001e5d183a57eea,revision_v1_nonce_96_bit_hex_049,llama3_8b_instruct_q4_k_m,segmented_hex_multi_topic,nonce_96_bit_hex,procedure_home_task
detector_pair__9c199e46f7dd05df18b9f60e__rankcloak,1,0.6057988405227661,textcnn,leave_one_model__mistral_7b_instruct_v0_3_q4_k_m,validation,matched_clean_llm,dedup-cluster-a48caa544001e5d183a57eea,revision_v1_nonce_96_bit_hex_049,llama3_8b_instruct_q4_k_m,segmented_hex_multi_topic,nonce_96_bit_hex,procedure_home_task
detector_pair__9ca08bf3b0cfb9442e66098e__ordinary_control,0,0.0015426736790686846,textcnn,leave_one_model__mistral_7b_instruct_v0_3_q4_k_m,validation,matched_clean_llm,dedup-cluster-418e1dfdad8a13fa38873592,revision_v1_chacha20_poly1305_base64_003,llama3_8b_instruct_q4_k_m,direct_subword_calgacus,chacha20_poly1305_base64,procedure_simple_meal
detector_pair__9ca08bf3b0cfb9442e66098e__rankcloak,1,0.9999908208847046,textcnn,leave_one_model__mistral_7b_instruct_v0_3_q4_k_m,validation,matched_clean_llm,dedup-cluster-418e1dfdad8a13fa38873592,revision_v1_chacha20_poly1305_base64_003,llama3_8b_instruct_q4_k_m,direct_subword_calgacus,chacha20_poly1305_base64,procedure_simple_meal
detector_pair__9cee0f60322c9b27a584a047__ordinary_control,0,2.438447381791775e-06,textcnn,leave_one_model__mistral_7b_instruct_v0_3_q4_k_m,validation,matched_clean_llm,dedup-cluster-53ddb375f906007b9492f105,revision_v1_sha256_hex_033,llama3_8b_instruct_q4_k_m,direct_subword_calgacus,sha256_hex,procedure_garden_task
detector_pair__9cee0f60322c9b27a584a047__rankcloak,1,0.9985772371292114,textcnn,leave_one_model__mistral_7b_instruct_v0_3_q4_k_m,validation,matched_clean_llm,dedup-cluster-53ddb375f906007b9492f105,revision_v1_sha256_hex_033,llama3_8b_instruct_q4_k_m,direct_subword_calgacus,sha256_hex,procedure_garden_task
detector_pair__9d24a7e1b15860ea53c2adc2__ordinary_control,0,0.0005201140302233398,textcnn,leave_one_model__mistral_7b_instruct_v0_3_q4_k_m,validation,matched_clean_llm,dedup-cluster-92db4da9195620c7435535fe,revision_v1_ed25519_signature_base64_008,qwen2_5_7b_instruct_q4_k_m,direct_subword_calgacus,ed25519_signature_base64,narrative_small_discovery
detector_pair__9d24a7e1b15860ea53c2adc2__rankcloak,1,0.9999988079071045,textcnn,leave_one_model__mistral_7b_instruct_v0_3_q4_k_m,validation,matched_clean_llm,dedup-cluster-92db4da9195620c7435535fe,revision_v1_ed25519_signature_base64_008,qwen2_5_7b_instruct_q4_k_m,direct_subword_calgacus,ed25519_signature_base64,narrative_small_discovery
detector_pair__9db3f8a1210e3f7f4f92670a__ordinary_control,0,0.04446210339665413,textcnn,leave_one_model__mistral_7b_instruct_v0_3_q4_k_m,validation,matched_clean_llm,dedup-cluster-c1384975805483ef72db522a,revision_v1_uuid_v4_047,llama3_8b_instruct_q4_k_m,direct_subword_calgacus,uuid_v4,procedure_garden_task
detector_pair__9db3f8a1210e3f7f4f92670a__rankcloak,1,0.0006813340587541461,textcnn,leave_one_model__mistral_7b_instruct_v0_3_q4_k_m,validation,matched_clean_llm,dedup-cluster-c1384975805483ef72db522a,revision_v1_uuid_v4_047,llama3_8b_instruct_q4_k_m,direct_subword_calgacus,uuid_v4,procedure_garden_task
detector_pair__9df35c89c87dd88a30323e85__ordinary_control,0,0.0005449854070320725,textcnn,leave_one_model__mistral_7b_instruct_v0_3_q4_k_m,validation,matched_clean_llm,dedup-cluster-68e08a4fc96aff3403abad93,revision_v1_nonce_96_bit_hex_031,llama3_8b_instruct_q4_k_m,segmented_hex_multi_topic,nonce_96_bit_hex,procedure_home_task
detector_pair__9df35c89c87dd88a30323e85__rankcloak,1,0.8295572996139526,textcnn,leave_one_model__mistral_7b_instruct_v0_3_q4_k_m,validation,matched_clean_llm,dedup-cluster-68e08a4fc96aff3403abad93,revision_v1_nonce_96_bit_hex_031,llama3_8b_instruct_q4_k_m,segmented_hex_multi_topic,nonce_96_bit_hex,procedure_home_task
detector_pair__9e1fdf6448853ef76814ebf4__ordinary_control,0,0.01901557296514511,textcnn,leave_one_model__mistral_7b_instruct_v0_3_q4_k_m,validation,matched_clean_llm,dedup-cluster-26d0e390c431894214a50804,revision_v1_chacha20_poly1305_base64_004,qwen2_5_7b_instruct_q4_k_m,nonseg_ascii_b8,chacha20_poly1305_base64,explain_everyday_system
detector_pair__9e1fdf6448853ef76814ebf4__rankcloak,1,0.9999734163284302,textcnn,leave_one_model__mistral_7b_instruct_v0_3_q4_k_m,validation,matched_clean_llm,dedup-cluster-26d0e390c431894214a50804,revision_v1_chacha20_poly1305_base64_004,qwen2_5_7b_instruct_q4_k_m,nonseg_ascii_b8,chacha20_poly1305_base64,explain_everyday_system
detector_pair__9e24a6b43237150a3abd195c__ordinary_control,0,0.008757404051721096,textcnn,leave_one_model__mistral_7b_instruct_v0_3_q4_k_m,validation,matched_clean_llm,dedup-cluster-edb6b099f1dff5a3bddeca8c,revision_v1_sha256_hex_012,llama3_8b_instruct_q4_k_m,segmented_hex_single_topic,sha256_hex,casual_neighborhood_chat
detector_pair__9e24a6b43237150a3abd195c__rankcloak,1,0.933428168296814,textcnn,leave_one_model__mistral_7b_instruct_v0_3_q4_k_m,validation,matched_clean_llm,dedup-cluster-edb6b099f1dff5a3bddeca8c,revision_v1_sha256_hex_012,llama3_8b_instruct_q4_k_m,segmented_hex_single_topic,sha256_hex,casual_neighborhood_chat
detector_pair__9e2e2030153fe7f6c37df06b__ordinary_control,0,3.1923671485856175e-05,textcnn,leave_one_model__mistral_7b_instruct_v0_3_q4_k_m,validation,matched_clean_llm,dedup-cluster-1d730332b470450b93b8b767,revision_v1_hmac_sha256_hex_006,llama3_8b_instruct_q4_k_m,nonseg_ascii_b16,hmac_sha256_hex,professional_process_email
detector_pair__9e2e2030153fe7f6c37df06b__rankcloak,1,0.9999994039535522,textcnn,leave_one_model__mistral_7b_instruct_v0_3_q4_k_m,validation,matched_clean_llm,dedup-cluster-1d730332b470450b93b8b767,revision_v1_hmac_sha256_hex_006,llama3_8b_instruct_q4_k_m,nonseg_ascii_b16,hmac_sha256_hex,professional_process_email
detector_pair__9f378d93290c10b6c09e790b__ordinary_control,0,0.6308664083480835,textcnn,leave_one_model__mistral_7b_instruct_v0_3_q4_k_m,validation,matched_clean_llm,dedup-cluster-d24ae4dc1ca2dcb4473005f9,revision_v1_hmac_sha256_hex_036,llama3_8b_instruct_q4_k_m,direct_subword_calgacus,hmac_sha256_hex,professional_schedule_note
detector_pair__9f378d93290c10b6c09e790b__rankcloak,1,0.9996854066848755,textcnn,leave_one_model__mistral_7b_instruct_v0_3_q4_k_m,validation,matched_clean_llm,dedup-cluster-d24ae4dc1ca2dcb4473005f9,revision_v1_hmac_sha256_hex_036,llama3_8b_instruct_q4_k_m,direct_subword_calgacus,hmac_sha256_hex,professional_schedule_note
detector_pair__9f5318914bdb47487ed58504__ordinary_control,0,3.1306092296290444e-07,textcnn,leave_one_model__mistral_7b_instruct_v0_3_q4_k_m,validation,matched_clean_llm,dedup-cluster-edb6b099f1dff5a3bddeca8c,revision_v1_sha256_hex_012,qwen2_5_7b_instruct_q4_k_m,direct_subword_calgacus,sha256_hex,professional_project_update
detector_pair__9f5318914bdb47487ed58504__rankcloak,1,0.9908559322357178,textcnn,leave_one_model__mistral_7b_instruct_v0_3_q4_k_m,validation,matched_clean_llm,dedup-cluster-edb6b099f1dff5a3bddeca8c,revision_v1_sha256_hex_012,qwen2_5_7b_instruct_q4_k_m,direct_subword_calgacus,sha256_hex,professional_project_update
detector_pair__9f8ffa005fb55f252e021279__ordinary_control,0,0.0003151249256916344,textcnn,leave_one_model__mistral_7b_instruct_v0_3_q4_k_m,validation,matched_clean_llm,dedup-cluster-d6ec75465813ed2c729c38e9,revision_v1_aes256_gcm_base64_053,llama3_8b_instruct_q4_k_m,direct_subword_calgacus,aes256_gcm_base64,narrative_local_walk
detector_pair__9f8ffa005fb55f252e021279__rankcloak,1,0.9999972581863403,textcnn,leave_one_model__mistral_7b_instruct_v0_3_q4_k_m,validation,matched_clean_llm,dedup-cluster-d6ec75465813ed2c729c38e9,revision_v1_aes256_gcm_base64_053,llama3_8b_instruct_q4_k_m,direct_subword_calgacus,aes256_gcm_base64,narrative_local_walk
detector_pair__9f904eb6f3c7bd18d71da382__ordinary_control,0,1.3725814824283589e-05,textcnn,leave_one_model__mistral_7b_instruct_v0_3_q4_k_m,validation,matched_clean_llm,dedup-cluster-5c707906476e8093ab209bdf,revision_v1_ed25519_signature_base64_020,llama3_8b_instruct_q4_k_m,nonseg_ascii_b16,ed25519_signature_base64,procedure_home_task
detector_pair__9f904eb6f3c7bd18d71da382__rankcloak,1,0.9906482100486755,textcnn,leave_one_model__mistral_7b_instruct_v0_3_q4_k_m,validation,matched_clean_llm,dedup-cluster-5c707906476e8093ab209bdf,revision_v1_ed25519_signature_base64_020,llama3_8b_instruct_q4_k_m,nonseg_ascii_b16,ed25519_signature_base64,procedure_home_task
detector_pair__9f96c81ebf78ffabf9ffcfcc__ordinary_control,0,0.0028372693341225386,textcnn,leave_one_model__mistral_7b_instruct_v0_3_q4_k_m,validation,matched_clean_llm,dedup-cluster-60a1e2f88d4e40514869d20f,revision_v1_ed25519_signature_base64_051,qwen2_5_7b_instruct_q4_k_m,nonseg_ascii_b16,ed25519_signature_base64,explain_everyday_system
detector_pair__9f96c81ebf78ffabf9ffcfcc__rankcloak,1,0.9999889135360718,textcnn,leave_one_model__mistral_7b_instruct_v0_3_q4_k_m,validation,matched_clean_llm,dedup-cluster-60a1e2f88d4e40514869d20f,revision_v1_ed25519_signature_base64_051,qwen2_5_7b_instruct_q4_k_m,nonseg_ascii_b16,ed25519_signature_base64,explain_everyday_system
detector_pair__9fb05a00f1b6ac7cad5d2145__ordinary_control,0,0.0012965950882062316,textcnn,leave_one_model__mistral_7b_instruct_v0_3_q4_k_m,validation,matched_clean_llm,dedup-cluster-6ace02c4c66fff411127a281,revision_v1_token_128_bit_hex_012,qwen2_5_7b_instruct_q4_k_m,segmented_hex_single_topic,token_128_bit_hex,narrative_small_discovery
detector_pair__9fb05a00f1b6ac7cad5d2145__rankcloak,1,0.06510253250598907,textcnn,leave_one_model__mistral_7b_instruct_v0_3_q4_k_m,validation,matched_clean_llm,dedup-cluster-6ace02c4c66fff411127a281,revision_v1_token_128_bit_hex_012,qwen2_5_7b_instruct_q4_k_m,segmented_hex_single_topic,token_128_bit_hex,narrative_small_discovery
detector_pair__9ff3256ef618ea5caa4f847b__ordinary_control,0,6.805941666243598e-05,textcnn,leave_one_model__mistral_7b_instruct_v0_3_q4_k_m,validation,matched_clean_llm,dedup-cluster-53ddb375f906007b9492f105,revision_v1_sha256_hex_033,qwen2_5_7b_instruct_q4_k_m,nonseg_ascii_b8,sha256_hex,narrative_small_discovery
detector_pair__9ff3256ef618ea5caa4f847b__rankcloak,1,0.9941914677619934,textcnn,leave_one_model__mistral_7b_instruct_v0_3_q4_k_m,validation,matched_clean_llm,dedup-cluster-53ddb375f906007b9492f105,revision_v1_sha256_hex_033,qwen2_5_7b_instruct_q4_k_m,nonseg_ascii_b8,sha256_hex,narrative_small_discovery
detector_pair__a0205f629fb8618429d0ab6f__ordinary_control,0,2.806661036913738e-08,textcnn,leave_one_model__mistral_7b_instruct_v0_3_q4_k_m,validation,matched_clean_llm,dedup-cluster-32ad4bf593b222d70a8ca962,revision_v1_hmac_sha256_hex_053,qwen2_5_7b_instruct_q4_k_m,direct_subword_calgacus,hmac_sha256_hex,professional_schedule_note
detector_pair__a0205f629fb8618429d0ab6f__rankcloak,1,0.9904227256774902,textcnn,leave_one_model__mistral_7b_instruct_v0_3_q4_k_m,validation,matched_clean_llm,dedup-cluster-32ad4bf593b222d70a8ca962,revision_v1_hmac_sha256_hex_053,qwen2_5_7b_instruct_q4_k_m,direct_subword_calgacus,hmac_sha256_hex,professional_schedule_note
detector_pair__a036e6eb28356787658669f6__ordinary_control,0,5.291699167742081e-08,textcnn,leave_one_model__mistral_7b_instruct_v0_3_q4_k_m,validation,matched_clean_llm,dedup-cluster-17900f3eff20bb84e24fa1da,revision_v1_token_128_bit_hex_021,llama3_8b_instruct_q4_k_m,segmented_hex_multi_topic,token_128_bit_hex,casual_weekend_chat
detector_pair__a036e6eb28356787658669f6__rankcloak,1,0.5047484636306763,textcnn,leave_one_model__mistral_7b_instruct_v0_3_q4_k_m,validation,matched_clean_llm,dedup-cluster-17900f3eff20bb84e24fa1da,revision_v1_token_128_bit_hex_021,llama3_8b_instruct_q4_k_m,segmented_hex_multi_topic,token_128_bit_hex,casual_weekend_chat
detector_pair__a0525d19d16da07edba1e595__ordinary_control,0,0.00026436662301421165,textcnn,leave_one_model__mistral_7b_instruct_v0_3_q4_k_m,validation,matched_clean_llm,dedup-cluster-8150a67016c09420f58d3140,revision_v1_sha256_hex_053,qwen2_5_7b_instruct_q4_k_m,nonseg_ascii_b8,sha256_hex,casual_weekend_chat
detector_pair__a0525d19d16da07edba1e595__rankcloak,1,0.9998323917388916,textcnn,leave_one_model__mistral_7b_instruct_v0_3_q4_k_m,validation,matched_clean_llm,dedup-cluster-8150a67016c09420f58d3140,revision_v1_sha256_hex_053,qwen2_5_7b_instruct_q4_k_m,nonseg_ascii_b8,sha256_hex,casual_weekend_chat
detector_pair__a0b32264d9fe5e31d6472927__ordinary_control,0,4.080607322975993e-05,textcnn,leave_one_model__mistral_7b_instruct_v0_3_q4_k_m,validation,matched_clean_llm,dedup-cluster-edb6b099f1dff5a3bddeca8c,revision_v1_sha256_hex_012,qwen2_5_7b_instruct_q4_k_m,segmented_hex_multi_topic,sha256_hex,professional_project_update
detector_pair__a0b32264d9fe5e31d6472927__rankcloak,1,0.9949894547462463,textcnn,leave_one_model__mistral_7b_instruct_v0_3_q4_k_m,validation,matched_clean_llm,dedup-cluster-edb6b099f1dff5a3bddeca8c,revision_v1_sha256_hex_012,qwen2_5_7b_instruct_q4_k_m,segmented_hex_multi_topic,sha256_hex,professional_project_update
detector_pair__a1f82c90ea3b2bd4ae1e2e08__ordinary_control,0,0.00032900270889513195,textcnn,leave_one_model__mistral_7b_instruct_v0_3_q4_k_m,validation,matched_clean_llm,dedup-cluster-53ddb375f906007b9492f105,revision_v1_sha256_hex_033,llama3_8b_instruct_q4_k_m,segmented_hex_multi_topic,sha256_hex,procedure_garden_task
detector_pair__a1f82c90ea3b2bd4ae1e2e08__rankcloak,1,0.0006594443111680448,textcnn,leave_one_model__mistral_7b_instruct_v0_3_q4_k_m,validation,matched_clean_llm,dedup-cluster-53ddb375f906007b9492f105,revision_v1_sha256_hex_033,llama3_8b_instruct_q4_k_m,segmented_hex_multi_topic,sha256_hex,procedure_garden_task
detector_pair__a23c2cb5b8f9fea4b04cbf53__ordinary_control,0,0.0009109791135415435,textcnn,leave_one_model__mistral_7b_instruct_v0_3_q4_k_m,validation,matched_clean_llm,dedup-cluster-68e08a4fc96aff3403abad93,revision_v1_nonce_96_bit_hex_031,qwen2_5_7b_instruct_q4_k_m,nonseg_ascii_b8,nonce_96_bit_hex,narrative_learning_moment
detector_pair__a23c2cb5b8f9fea4b04cbf53__rankcloak,1,0.999250590801239,textcnn,leave_one_model__mistral_7b_instruct_v0_3_q4_k_m,validation,matched_clean_llm,dedup-cluster-68e08a4fc96aff3403abad93,revision_v1_nonce_96_bit_hex_031,qwen2_5_7b_instruct_q4_k_m,nonseg_ascii_b8,nonce_96_bit_hex,narrative_learning_moment
detector_pair__a27c5e27171d944256a25a55__ordinary_control,0,1.1702782742872841e-08,textcnn,leave_one_model__mistral_7b_instruct_v0_3_q4_k_m,validation,matched_clean_llm,dedup-cluster-54d0f843ac4646811be4dfd1,revision_v1_sha256_hex_000,llama3_8b_instruct_q4_k_m,nonseg_hex_nibble_b16,sha256_hex,casual_weekend_chat
detector_pair__a27c5e27171d944256a25a55__rankcloak,1,0.990525484085083,textcnn,leave_one_model__mistral_7b_instruct_v0_3_q4_k_m,validation,matched_clean_llm,dedup-cluster-54d0f843ac4646811be4dfd1,revision_v1_sha256_hex_000,llama3_8b_instruct_q4_k_m,nonseg_hex_nibble_b16,sha256_hex,casual_weekend_chat
detector_pair__a2a4e3139da2dca4a3366604__ordinary_control,0,0.01796787418425083,textcnn,leave_one_model__mistral_7b_instruct_v0_3_q4_k_m,validation,matched_clean_llm,dedup-cluster-982d753609ba3daf81c7d866,revision_v1_sha256_hex_046,llama3_8b_instruct_q4_k_m,nonseg_ascii_b16,sha256_hex,narrative_local_walk
detector_pair__a2a4e3139da2dca4a3366604__rankcloak,1,0.6755784153938293,textcnn,leave_one_model__mistral_7b_instruct_v0_3_q4_k_m,validation,matched_clean_llm,dedup-cluster-982d753609ba3daf81c7d866,revision_v1_sha256_hex_046,llama3_8b_instruct_q4_k_m,nonseg_ascii_b16,sha256_hex,narrative_local_walk
detector_pair__a2ed59c906925ebc10a628e8__ordinary_control,0,0.0024284939281642437,textcnn,leave_one_model__mistral_7b_instruct_v0_3_q4_k_m,validation,matched_clean_llm,dedup-cluster-e2f7268932e937ee54d92fe1,revision_v1_uuid_v4_016,llama3_8b_instruct_q4_k_m,nonseg_ascii_b16,uuid_v4,forum_practical_answer
detector_pair__a2ed59c906925ebc10a628e8__rankcloak,1,0.9999332427978516,textcnn,leave_one_model__mistral_7b_instruct_v0_3_q4_k_m,validation,matched_clean_llm,dedup-cluster-e2f7268932e937ee54d92fe1,revision_v1_uuid_v4_016,llama3_8b_instruct_q4_k_m,nonseg_ascii_b16,uuid_v4,forum_practical_answer
detector_pair__a2fdc80d9c4da3049a0d0d98__ordinary_control,0,0.0010596677893772721,textcnn,leave_one_model__mistral_7b_instruct_v0_3_q4_k_m,validation,matched_clean_llm,dedup-cluster-21724430ac9765521f1234e5,revision_v1_token_128_bit_hex_056,qwen2_5_7b_instruct_q4_k_m,segmented_hex_multi_topic,token_128_bit_hex,casual_hobby_chat
detector_pair__a2fdc80d9c4da3049a0d0d98__rankcloak,1,0.9998724460601807,textcnn,leave_one_model__mistral_7b_instruct_v0_3_q4_k_m,validation,matched_clean_llm,dedup-cluster-21724430ac9765521f1234e5,revision_v1_token_128_bit_hex_056,qwen2_5_7b_instruct_q4_k_m,segmented_hex_multi_topic,token_128_bit_hex,casual_hobby_chat
detector_pair__a2fdcd6fff034b0f41487908__ordinary_control,0,0.0007858468452468514,textcnn,leave_one_model__mistral_7b_instruct_v0_3_q4_k_m,validation,matched_clean_llm,dedup-cluster-a48caa544001e5d183a57eea,revision_v1_nonce_96_bit_hex_049,qwen2_5_7b_instruct_q4_k_m,segmented_hex_multi_topic,nonce_96_bit_hex,narrative_learning_moment
detector_pair__a2fdcd6fff034b0f41487908__rankcloak,1,8.463797712465748e-05,textcnn,leave_one_model__mistral_7b_instruct_v0_3_q4_k_m,validation,matched_clean_llm,dedup-cluster-a48caa544001e5d183a57eea,revision_v1_nonce_96_bit_hex_049,qwen2_5_7b_instruct_q4_k_m,segmented_hex_multi_topic,nonce_96_bit_hex,narrative_learning_moment
detector_pair__a30a9fa77bb9302eb46fd209__ordinary_control,0,1.514611085440265e-05,textcnn,leave_one_model__mistral_7b_instruct_v0_3_q4_k_m,validation,matched_clean_llm,dedup-cluster-40d7dc0aae7327885c0b7431,revision_v1_aes256_gcm_base64_057,llama3_8b_instruct_q4_k_m,nonseg_ascii_b8,aes256_gcm_base64,forum_learning_answer
detector_pair__a30a9fa77bb9302eb46fd209__rankcloak,1,0.999922513961792,textcnn,leave_one_model__mistral_7b_instruct_v0_3_q4_k_m,validation,matched_clean_llm,dedup-cluster-40d7dc0aae7327885c0b7431,revision_v1_aes256_gcm_base64_057,llama3_8b_instruct_q4_k_m,nonseg_ascii_b8,aes256_gcm_base64,forum_learning_answer
detector_pair__a30afe39f23646747f4448ed__ordinary_control,0,0.07623936235904694,textcnn,leave_one_model__mistral_7b_instruct_v0_3_q4_k_m,validation,matched_clean_llm,dedup-cluster-cb374f9ca23dfd168fe55742,revision_v1_hmac_sha256_hex_055,llama3_8b_instruct_q4_k_m,segmented_hex_single_topic,hmac_sha256_hex,forum_purchase_advice
detector_pair__a30afe39f23646747f4448ed__rankcloak,1,0.9961056113243103,textcnn,leave_one_model__mistral_7b_instruct_v0_3_q4_k_m,validation,matched_clean_llm,dedup-cluster-cb374f9ca23dfd168fe55742,revision_v1_hmac_sha256_hex_055,llama3_8b_instruct_q4_k_m,segmented_hex_single_topic,hmac_sha256_hex,forum_purchase_advice
detector_pair__a30b3a3222ff0b7ea8a8fed6__ordinary_control,0,0.08767854422330856,textcnn,leave_one_model__mistral_7b_instruct_v0_3_q4_k_m,validation,matched_clean_llm,dedup-cluster-bced2ec523557c720d4ecf66,revision_v1_token_128_bit_hex_036,qwen2_5_7b_instruct_q4_k_m,segmented_hex_multi_topic,token_128_bit_hex,narrative_local_walk
detector_pair__a30b3a3222ff0b7ea8a8fed6__rankcloak,1,0.9737910628318787,textcnn,leave_one_model__mistral_7b_instruct_v0_3_q4_k_m,validation,matched_clean_llm,dedup-cluster-bced2ec523557c720d4ecf66,revision_v1_token_128_bit_hex_036,qwen2_5_7b_instruct_q4_k_m,segmented_hex_multi_topic,token_128_bit_hex,narrative_local_walk
detector_pair__a34ca62cbbaa5bd27ccc727d__ordinary_control,0,0.018066510558128357,textcnn,leave_one_model__mistral_7b_instruct_v0_3_q4_k_m,validation,matched_clean_llm,dedup-cluster-53ddb375f906007b9492f105,revision_v1_sha256_hex_033,llama3_8b_instruct_q4_k_m,nonseg_hex_nibble_b16,sha256_hex,procedure_garden_task
detector_pair__a34ca62cbbaa5bd27ccc727d__rankcloak,1,0.9481034874916077,textcnn,leave_one_model__mistral_7b_instruct_v0_3_q4_k_m,validation,matched_clean_llm,dedup-cluster-53ddb375f906007b9492f105,revision_v1_sha256_hex_033,llama3_8b_instruct_q4_k_m,nonseg_hex_nibble_b16,sha256_hex,procedure_garden_task
detector_pair__a36db055d0ba1da46e9abe2a__ordinary_control,0,8.748122490942478e-05,textcnn,leave_one_model__mistral_7b_instruct_v0_3_q4_k_m,validation,matched_clean_llm,dedup-cluster-484bc3854d49e18198bd3802,revision_v1_hmac_sha256_hex_050,qwen2_5_7b_instruct_q4_k_m,segmented_hex_single_topic,hmac_sha256_hex,narrative_local_walk
detector_pair__a36db055d0ba1da46e9abe2a__rankcloak,1,0.9997119307518005,textcnn,leave_one_model__mistral_7b_instruct_v0_3_q4_k_m,validation,matched_clean_llm,dedup-cluster-484bc3854d49e18198bd3802,revision_v1_hmac_sha256_hex_050,qwen2_5_7b_instruct_q4_k_m,segmented_hex_single_topic,hmac_sha256_hex,narrative_local_walk
detector_pair__a3d0d337ab31803020fac3df__ordinary_control,0,0.001991182565689087,textcnn,leave_one_model__mistral_7b_instruct_v0_3_q4_k_m,validation,matched_clean_llm,dedup-cluster-23688669a27f472f3b4c7be0,revision_v1_uuid_v4_038,qwen2_5_7b_instruct_q4_k_m,nonseg_ascii_b16,uuid_v4,professional_process_email
detector_pair__a3d0d337ab31803020fac3df__rankcloak,1,0.4099409282207489,textcnn,leave_one_model__mistral_7b_instruct_v0_3_q4_k_m,validation,matched_clean_llm,dedup-cluster-23688669a27f472f3b4c7be0,revision_v1_uuid_v4_038,qwen2_5_7b_instruct_q4_k_m,nonseg_ascii_b16,uuid_v4,professional_process_email
detector_pair__a40beb1a1089d632c59a5189__ordinary_control,0,1.74482302099932e-05,textcnn,leave_one_model__mistral_7b_instruct_v0_3_q4_k_m,validation,matched_clean_llm,dedup-cluster-8372a615906d4a4146d45c75,revision_v1_aes256_gcm_base64_005,qwen2_5_7b_instruct_q4_k_m,direct_subword_calgacus,aes256_gcm_base64,explain_weather_pattern
detector_pair__a40beb1a1089d632c59a5189__rankcloak,1,0.9999873638153076,textcnn,leave_one_model__mistral_7b_instruct_v0_3_q4_k_m,validation,matched_clean_llm,dedup-cluster-8372a615906d4a4146d45c75,revision_v1_aes256_gcm_base64_005,qwen2_5_7b_instruct_q4_k_m,direct_subword_calgacus,aes256_gcm_base64,explain_weather_pattern
detector_pair__a438f6bf7ef7613bd7e324cb__ordinary_control,0,3.295032729511149e-05,textcnn,leave_one_model__mistral_7b_instruct_v0_3_q4_k_m,validation,matched_clean_llm,dedup-cluster-064db5ffad9ed683b6e0fdbd,revision_v1_sha256_hex_035,qwen2_5_7b_instruct_q4_k_m,segmented_hex_single_topic,sha256_hex,casual_weekend_chat
detector_pair__a438f6bf7ef7613bd7e324cb__rankcloak,1,0.9990229606628418,textcnn,leave_one_model__mistral_7b_instruct_v0_3_q4_k_m,validation,matched_clean_llm,dedup-cluster-064db5ffad9ed683b6e0fdbd,revision_v1_sha256_hex_035,qwen2_5_7b_instruct_q4_k_m,segmented_hex_single_topic,sha256_hex,casual_weekend_chat
detector_pair__a44becc63dfe794b9b71c824__ordinary_control,0,1.1469229548310977e-06,textcnn,leave_one_model__mistral_7b_instruct_v0_3_q4_k_m,validation,matched_clean_llm,dedup-cluster-32ad4bf593b222d70a8ca962,revision_v1_hmac_sha256_hex_053,qwen2_5_7b_instruct_q4_k_m,segmented_hex_single_topic,hmac_sha256_hex,professional_schedule_note
detector_pair__a44becc63dfe794b9b71c824__rankcloak,1,0.9999667406082153,textcnn,leave_one_model__mistral_7b_instruct_v0_3_q4_k_m,validation,matched_clean_llm,dedup-cluster-32ad4bf593b222d70a8ca962,revision_v1_hmac_sha256_hex_053,qwen2_5_7b_instruct_q4_k_m,segmented_hex_single_topic,hmac_sha256_hex,professional_schedule_note
detector_pair__a495c13b8aa373b705424c16__ordinary_control,0,1.479932620895852e-07,textcnn,leave_one_model__mistral_7b_instruct_v0_3_q4_k_m,validation,matched_clean_llm,dedup-cluster-e303bfe023e32c25389ebaf9,revision_v1_token_128_bit_hex_057,llama3_8b_instruct_q4_k_m,segmented_hex_single_topic,token_128_bit_hex,casual_weekend_chat
detector_pair__a495c13b8aa373b705424c16__rankcloak,1,0.9996562004089355,textcnn,leave_one_model__mistral_7b_instruct_v0_3_q4_k_m,validation,matched_clean_llm,dedup-cluster-e303bfe023e32c25389ebaf9,revision_v1_token_128_bit_hex_057,llama3_8b_instruct_q4_k_m,segmented_hex_single_topic,token_128_bit_hex,casual_weekend_chat
detector_pair__a4b5a8d81824e0d04209637c__ordinary_control,0,0.007203936111181974,textcnn,leave_one_model__mistral_7b_instruct_v0_3_q4_k_m,validation,matched_clean_llm,dedup-cluster-dcb1b73d5ccfd69dfe23f428,revision_v1_ed25519_signature_base64_000,qwen2_5_7b_instruct_q4_k_m,nonseg_ascii_b8,ed25519_signature_base64,forum_learning_answer
detector_pair__a4b5a8d81824e0d04209637c__rankcloak,1,0.9996662139892578,textcnn,leave_one_model__mistral_7b_instruct_v0_3_q4_k_m,validation,matched_clean_llm,dedup-cluster-dcb1b73d5ccfd69dfe23f428,revision_v1_ed25519_signature_base64_000,qwen2_5_7b_instruct_q4_k_m,nonseg_ascii_b8,ed25519_signature_base64,forum_learning_answer
detector_pair__a4e365c0c0668d983affb54f__ordinary_control,0,0.03530829772353172,textcnn,leave_one_model__mistral_7b_instruct_v0_3_q4_k_m,validation,matched_clean_llm,dedup-cluster-a1abcb49aa12280f617295a6,revision_v1_sha256_hex_034,qwen2_5_7b_instruct_q4_k_m,segmented_hex_single_topic,sha256_hex,explain_weather_pattern
detector_pair__a4e365c0c0668d983affb54f__rankcloak,1,0.025632357224822044,textcnn,leave_one_model__mistral_7b_instruct_v0_3_q4_k_m,validation,matched_clean_llm,dedup-cluster-a1abcb49aa12280f617295a6,revision_v1_sha256_hex_034,qwen2_5_7b_instruct_q4_k_m,segmented_hex_single_topic,sha256_hex,explain_weather_pattern
detector_pair__a501bd2d288585b024d77877__ordinary_control,0,0.017132610082626343,textcnn,leave_one_model__mistral_7b_instruct_v0_3_q4_k_m,validation,matched_clean_llm,dedup-cluster-484bc3854d49e18198bd3802,revision_v1_hmac_sha256_hex_050,qwen2_5_7b_instruct_q4_k_m,nonseg_ascii_b8,hmac_sha256_hex,narrative_local_walk
detector_pair__a501bd2d288585b024d77877__rankcloak,1,0.999178946018219,textcnn,leave_one_model__mistral_7b_instruct_v0_3_q4_k_m,validation,matched_clean_llm,dedup-cluster-484bc3854d49e18198bd3802,revision_v1_hmac_sha256_hex_050,qwen2_5_7b_instruct_q4_k_m,nonseg_ascii_b8,hmac_sha256_hex,narrative_local_walk
detector_pair__a5db0fd7ec0207cee35e247a__ordinary_control,0,0.051684387028217316,textcnn,leave_one_model__mistral_7b_instruct_v0_3_q4_k_m,validation,matched_clean_llm,dedup-cluster-8bfe7043c327d3a82a41f9ad,revision_v1_ed25519_signature_base64_050,llama3_8b_instruct_q4_k_m,nonseg_ascii_b8,ed25519_signature_base64,procedure_simple_meal
detector_pair__a5db0fd7ec0207cee35e247a__rankcloak,1,0.9999845027923584,textcnn,leave_one_model__mistral_7b_instruct_v0_3_q4_k_m,validation,matched_clean_llm,dedup-cluster-8bfe7043c327d3a82a41f9ad,revision_v1_ed25519_signature_base64_050,llama3_8b_instruct_q4_k_m,nonseg_ascii_b8,ed25519_signature_base64,procedure_simple_meal
detector_pair__a5f3e0100e43512a71628419__ordinary_control,0,0.0006054270779713988,textcnn,leave_one_model__mistral_7b_instruct_v0_3_q4_k_m,validation,matched_clean_llm,dedup-cluster-4df1f95590c9f69533ae0634,revision_v1_nonce_96_bit_hex_027,llama3_8b_instruct_q4_k_m,nonseg_hex_nibble_b16,nonce_96_bit_hex,explain_weather_pattern
detector_pair__a5f3e0100e43512a71628419__rankcloak,1,0.9852824211120605,textcnn,leave_one_model__mistral_7b_instruct_v0_3_q4_k_m,validation,matched_clean_llm,dedup-cluster-4df1f95590c9f69533ae0634,revision_v1_nonce_96_bit_hex_027,llama3_8b_instruct_q4_k_m,nonseg_hex_nibble_b16,nonce_96_bit_hex,explain_weather_pattern
detector_pair__a628a529b03835af5fad2533__ordinary_control,0,1.349747549284075e-06,textcnn,leave_one_model__mistral_7b_instruct_v0_3_q4_k_m,validation,matched_clean_llm,dedup-cluster-23821a91b342f8bd757bd354,revision_v1_aes256_gcm_base64_009,qwen2_5_7b_instruct_q4_k_m,nonseg_ascii_b16,aes256_gcm_base64,procedure_home_task
detector_pair__a628a529b03835af5fad2533__rankcloak,1,0.9999847412109375,textcnn,leave_one_model__mistral_7b_instruct_v0_3_q4_k_m,validation,matched_clean_llm,dedup-cluster-23821a91b342f8bd757bd354,revision_v1_aes256_gcm_base64_009,qwen2_5_7b_instruct_q4_k_m,nonseg_ascii_b16,aes256_gcm_base64,procedure_home_task
detector_pair__a662d9def68ceb50f857ba46__ordinary_control,0,0.15224498510360718,textcnn,leave_one_model__mistral_7b_instruct_v0_3_q4_k_m,validation,matched_clean_llm,dedup-cluster-c588a294c6263bec1e8ad56d,revision_v1_token_128_bit_hex_054,qwen2_5_7b_instruct_q4_k_m,nonseg_ascii_b16,token_128_bit_hex,narrative_local_walk
detector_pair__a662d9def68ceb50f857ba46__rankcloak,1,0.9994640946388245,textcnn,leave_one_model__mistral_7b_instruct_v0_3_q4_k_m,validation,matched_clean_llm,dedup-cluster-c588a294c6263bec1e8ad56d,revision_v1_token_128_bit_hex_054,qwen2_5_7b_instruct_q4_k_m,nonseg_ascii_b16,token_128_bit_hex,narrative_local_walk
detector_pair__a690088bd1e735e61386fdb7__ordinary_control,0,0.0003690567391458899,textcnn,leave_one_model__mistral_7b_instruct_v0_3_q4_k_m,validation,matched_clean_llm,dedup-cluster-0401b1baba09fb1c1437ea35,revision_v1_nonce_96_bit_hex_011,llama3_8b_instruct_q4_k_m,nonseg_ascii_b16,nonce_96_bit_hex,professional_project_update
detector_pair__a690088bd1e735e61386fdb7__rankcloak,1,0.14991003274917603,textcnn,leave_one_model__mistral_7b_instruct_v0_3_q4_k_m,validation,matched_clean_llm,dedup-cluster-0401b1baba09fb1c1437ea35,revision_v1_nonce_96_bit_hex_011,llama3_8b_instruct_q4_k_m,nonseg_ascii_b16,nonce_96_bit_hex,professional_project_update
detector_pair__a6d21c29b8f5e12436420d5b__ordinary_control,0,0.27514365315437317,textcnn,leave_one_model__mistral_7b_instruct_v0_3_q4_k_m,validation,matched_clean_llm,dedup-cluster-74a6b9f9e3047bf7067f2ba2,revision_v1_aes256_gcm_base64_047,qwen2_5_7b_instruct_q4_k_m,nonseg_ascii_b16,aes256_gcm_base64,explain_everyday_system
detector_pair__a6d21c29b8f5e12436420d5b__rankcloak,1,0.9989482760429382,textcnn,leave_one_model__mistral_7b_instruct_v0_3_q4_k_m,validation,matched_clean_llm,dedup-cluster-74a6b9f9e3047bf7067f2ba2,revision_v1_aes256_gcm_base64_047,qwen2_5_7b_instruct_q4_k_m,nonseg_ascii_b16,aes256_gcm_base64,explain_everyday_system
detector_pair__a6d66c5ac1fcffa147dd8ccf__ordinary_control,0,0.5918588042259216,textcnn,leave_one_model__mistral_7b_instruct_v0_3_q4_k_m,validation,matched_clean_llm,dedup-cluster-0de80089e8762fad04cb9524,revision_v1_ed25519_signature_base64_046,llama3_8b_instruct_q4_k_m,nonseg_ascii_b16,ed25519_signature_base64,explain_biological_process
detector_pair__a6d66c5ac1fcffa147dd8ccf__rankcloak,1,0.9999884366989136,textcnn,leave_one_model__mistral_7b_instruct_v0_3_q4_k_m,validation,matched_clean_llm,dedup-cluster-0de80089e8762fad04cb9524,revision_v1_ed25519_signature_base64_046,llama3_8b_instruct_q4_k_m,nonseg_ascii_b16,ed25519_signature_base64,explain_biological_process
detector_pair__a6ed2f355fb45dd0b47ac07f__ordinary_control,0,3.4803710491360107e-07,textcnn,leave_one_model__mistral_7b_instruct_v0_3_q4_k_m,validation,matched_clean_llm,dedup-cluster-7c84aa0ced3be32342082f66,revision_v1_uuid_v4_002,qwen2_5_7b_instruct_q4_k_m,nonseg_ascii_b8,uuid_v4,professional_process_email
detector_pair__a6ed2f355fb45dd0b47ac07f__rankcloak,1,0.9997827410697937,textcnn,leave_one_model__mistral_7b_instruct_v0_3_q4_k_m,validation,matched_clean_llm,dedup-cluster-7c84aa0ced3be32342082f66,revision_v1_uuid_v4_002,qwen2_5_7b_instruct_q4_k_m,nonseg_ascii_b8,uuid_v4,professional_process_email
detector_pair__a73bc0c25ade0eba36112178__ordinary_control,0,0.4793260395526886,textcnn,leave_one_model__mistral_7b_instruct_v0_3_q4_k_m,validation,matched_clean_llm,dedup-cluster-7b810f2afbcabc7ee462bff7,revision_v1_nonce_96_bit_hex_023,qwen2_5_7b_instruct_q4_k_m,nonseg_ascii_b16,nonce_96_bit_hex,forum_practical_answer
detector_pair__a73bc0c25ade0eba36112178__rankcloak,1,0.9999837875366211,textcnn,leave_one_model__mistral_7b_instruct_v0_3_q4_k_m,validation,matched_clean_llm,dedup-cluster-7b810f2afbcabc7ee462bff7,revision_v1_nonce_96_bit_hex_023,qwen2_5_7b_instruct_q4_k_m,nonseg_ascii_b16,nonce_96_bit_hex,forum_practical_answer
detector_pair__a99839a9a058634cc444981b__ordinary_control,0,0.007883417420089245,textcnn,leave_one_model__mistral_7b_instruct_v0_3_q4_k_m,validation,matched_clean_llm,dedup-cluster-d028afde8d3446e776f3bdbf,revision_v1_hmac_sha256_hex_013,llama3_8b_instruct_q4_k_m,nonseg_ascii_b8,hmac_sha256_hex,forum_practical_answer
detector_pair__a99839a9a058634cc444981b__rankcloak,1,0.9999492168426514,textcnn,leave_one_model__mistral_7b_instruct_v0_3_q4_k_m,validation,matched_clean_llm,dedup-cluster-d028afde8d3446e776f3bdbf,revision_v1_hmac_sha256_hex_013,llama3_8b_instruct_q4_k_m,nonseg_ascii_b8,hmac_sha256_hex,forum_practical_answer
detector_pair__a9dde464e8e37d5ef04d5e01__ordinary_control,0,0.0005876748473383486,textcnn,leave_one_model__mistral_7b_instruct_v0_3_q4_k_m,validation,matched_clean_llm,dedup-cluster-c85ea4286eb44389809ba8c7,revision_v1_uuid_v4_034,qwen2_5_7b_instruct_q4_k_m,direct_subword_calgacus,uuid_v4,procedure_home_task
detector_pair__a9dde464e8e37d5ef04d5e01__rankcloak,1,0.0038038308266550303,textcnn,leave_one_model__mistral_7b_instruct_v0_3_q4_k_m,validation,matched_clean_llm,dedup-cluster-c85ea4286eb44389809ba8c7,revision_v1_uuid_v4_034,qwen2_5_7b_instruct_q4_k_m,direct_subword_calgacus,uuid_v4,procedure_home_task
detector_pair__a9e1a02a67184512d260aaa9__ordinary_control,0,0.04947717860341072,textcnn,leave_one_model__mistral_7b_instruct_v0_3_q4_k_m,validation,matched_clean_llm,dedup-cluster-74a6b9f9e3047bf7067f2ba2,revision_v1_aes256_gcm_base64_047,llama3_8b_instruct_q4_k_m,nonseg_ascii_b16,aes256_gcm_base64,narrative_small_discovery
detector_pair__a9e1a02a67184512d260aaa9__rankcloak,1,0.9999077320098877,textcnn,leave_one_model__mistral_7b_instruct_v0_3_q4_k_m,validation,matched_clean_llm,dedup-cluster-74a6b9f9e3047bf7067f2ba2,revision_v1_aes256_gcm_base64_047,llama3_8b_instruct_q4_k_m,nonseg_ascii_b16,aes256_gcm_base64,narrative_small_discovery
detector_pair__aa3f1273900ffb7b38a79399__ordinary_control,0,0.0001504332321928814,textcnn,leave_one_model__mistral_7b_instruct_v0_3_q4_k_m,validation,matched_clean_llm,dedup-cluster-74a6b9f9e3047bf7067f2ba2,revision_v1_aes256_gcm_base64_047,qwen2_5_7b_instruct_q4_k_m,nonseg_ascii_b8,aes256_gcm_base64,explain_everyday_system
detector_pair__aa3f1273900ffb7b38a79399__rankcloak,1,0.9971230626106262,textcnn,leave_one_model__mistral_7b_instruct_v0_3_q4_k_m,validation,matched_clean_llm,dedup-cluster-74a6b9f9e3047bf7067f2ba2,revision_v1_aes256_gcm_base64_047,qwen2_5_7b_instruct_q4_k_m,nonseg_ascii_b8,aes256_gcm_base64,explain_everyday_system
detector_pair__aaa0ffddbf6797c3a75c2a5d__ordinary_control,0,2.0090932594030164e-05,textcnn,leave_one_model__mistral_7b_instruct_v0_3_q4_k_m,validation,matched_clean_llm,dedup-cluster-0eb47bf23cdaa7b54a0335a2,revision_v1_token_128_bit_hex_055,llama3_8b_instruct_q4_k_m,segmented_hex_single_topic,token_128_bit_hex,narrative_small_discovery
detector_pair__aaa0ffddbf6797c3a75c2a5d__rankcloak,1,0.9405395984649658,textcnn,leave_one_model__mistral_7b_instruct_v0_3_q4_k_m,validation,matched_clean_llm,dedup-cluster-0eb47bf23cdaa7b54a0335a2,revision_v1_token_128_bit_hex_055,llama3_8b_instruct_q4_k_m,segmented_hex_single_topic,token_128_bit_hex,narrative_small_discovery
detector_pair__aab0f50d5130b34f740a837f__ordinary_control,0,0.0007580731762573123,textcnn,leave_one_model__mistral_7b_instruct_v0_3_q4_k_m,validation,matched_clean_llm,dedup-cluster-a1f09603de61d42b17c60f90,revision_v1_nonce_96_bit_hex_058,llama3_8b_instruct_q4_k_m,segmented_hex_multi_topic,nonce_96_bit_hex,casual_neighborhood_chat
detector_pair__aab0f50d5130b34f740a837f__rankcloak,1,0.33853065967559814,textcnn,leave_one_model__mistral_7b_instruct_v0_3_q4_k_m,validation,matched_clean_llm,dedup-cluster-a1f09603de61d42b17c60f90,revision_v1_nonce_96_bit_hex_058,llama3_8b_instruct_q4_k_m,segmented_hex_multi_topic,nonce_96_bit_hex,casual_neighborhood_chat
detector_pair__aacfd5d0b2ed636d0b524c5a__ordinary_control,0,0.000566251459531486,textcnn,leave_one_model__mistral_7b_instruct_v0_3_q4_k_m,validation,matched_clean_llm,dedup-cluster-40d7dc0aae7327885c0b7431,revision_v1_aes256_gcm_base64_057,qwen2_5_7b_instruct_q4_k_m,nonseg_ascii_b16,aes256_gcm_base64,procedure_simple_meal
detector_pair__aacfd5d0b2ed636d0b524c5a__rankcloak,1,0.9998611211776733,textcnn,leave_one_model__mistral_7b_instruct_v0_3_q4_k_m,validation,matched_clean_llm,dedup-cluster-40d7dc0aae7327885c0b7431,revision_v1_aes256_gcm_base64_057,qwen2_5_7b_instruct_q4_k_m,nonseg_ascii_b16,aes256_gcm_base64,procedure_simple_meal
detector_pair__aaf79a41dfa5f2d183a6ee8e__ordinary_control,0,0.14038941264152527,textcnn,leave_one_model__mistral_7b_instruct_v0_3_q4_k_m,validation,matched_clean_llm,dedup-cluster-e8b46972e25b5d16f253b139,revision_v1_nonce_96_bit_hex_005,qwen2_5_7b_instruct_q4_k_m,segmented_hex_single_topic,nonce_96_bit_hex,forum_practical_answer
detector_pair__aaf79a41dfa5f2d183a6ee8e__rankcloak,1,0.05450033023953438,textcnn,leave_one_model__mistral_7b_instruct_v0_3_q4_k_m,validation,matched_clean_llm,dedup-cluster-e8b46972e25b5d16f253b139,revision_v1_nonce_96_bit_hex_005,qwen2_5_7b_instruct_q4_k_m,segmented_hex_single_topic,nonce_96_bit_hex,forum_practical_answer
detector_pair__ab06b51f86631153c60d9d8a__ordinary_control,0,8.816221708229932e-08,textcnn,leave_one_model__mistral_7b_instruct_v0_3_q4_k_m,validation,matched_clean_llm,dedup-cluster-f71f239b6ba6105b60b970fe,revision_v1_aes256_gcm_base64_049,qwen2_5_7b_instruct_q4_k_m,nonseg_ascii_b8,aes256_gcm_base64,professional_process_email
detector_pair__ab06b51f86631153c60d9d8a__rankcloak,1,0.8717300891876221,textcnn,leave_one_model__mistral_7b_instruct_v0_3_q4_k_m,validation,matched_clean_llm,dedup-cluster-f71f239b6ba6105b60b970fe,revision_v1_aes256_gcm_base64_049,qwen2_5_7b_instruct_q4_k_m,nonseg_ascii_b8,aes256_gcm_base64,professional_process_email
detector_pair__abd7dfa1924cd7cedebd4a4b__ordinary_control,0,0.008365907706320286,textcnn,leave_one_model__mistral_7b_instruct_v0_3_q4_k_m,validation,matched_clean_llm,dedup-cluster-982d753609ba3daf81c7d866,revision_v1_sha256_hex_046,llama3_8b_instruct_q4_k_m,direct_subword_calgacus,sha256_hex,narrative_local_walk
detector_pair__abd7dfa1924cd7cedebd4a4b__rankcloak,1,0.9997569918632507,textcnn,leave_one_model__mistral_7b_instruct_v0_3_q4_k_m,validation,matched_clean_llm,dedup-cluster-982d753609ba3daf81c7d866,revision_v1_sha256_hex_046,llama3_8b_instruct_q4_k_m,direct_subword_calgacus,sha256_hex,narrative_local_walk
detector_pair__ac1d4f40b724641d6ac7c442__ordinary_control,0,0.006352123338729143,textcnn,leave_one_model__mistral_7b_instruct_v0_3_q4_k_m,validation,matched_clean_llm,dedup-cluster-725b5797405341915f74ba63,revision_v1_token_128_bit_hex_006,llama3_8b_instruct_q4_k_m,direct_subword_calgacus,token_128_bit_hex,procedure_home_task
detector_pair__ac1d4f40b724641d6ac7c442__rankcloak,1,0.9508683085441589,textcnn,leave_one_model__mistral_7b_instruct_v0_3_q4_k_m,validation,matched_clean_llm,dedup-cluster-725b5797405341915f74ba63,revision_v1_token_128_bit_hex_006,llama3_8b_instruct_q4_k_m,direct_subword_calgacus,token_128_bit_hex,procedure_home_task
detector_pair__ac506308b9eac9a8ec198c84__ordinary_control,0,0.0002698115713428706,textcnn,leave_one_model__mistral_7b_instruct_v0_3_q4_k_m,validation,matched_clean_llm,dedup-cluster-23688669a27f472f3b4c7be0,revision_v1_uuid_v4_038,llama3_8b_instruct_q4_k_m,nonseg_ascii_b16,uuid_v4,casual_hobby_chat
detector_pair__ac506308b9eac9a8ec198c84__rankcloak,1,0.9984421133995056,textcnn,leave_one_model__mistral_7b_instruct_v0_3_q4_k_m,validation,matched_clean_llm,dedup-cluster-23688669a27f472f3b4c7be0,revision_v1_uuid_v4_038,llama3_8b_instruct_q4_k_m,nonseg_ascii_b16,uuid_v4,casual_hobby_chat
detector_pair__acb5a711e47ac44a314aaad8__ordinary_control,0,0.00016912410501390696,textcnn,leave_one_model__mistral_7b_instruct_v0_3_q4_k_m,validation,matched_clean_llm,dedup-cluster-982d753609ba3daf81c7d866,revision_v1_sha256_hex_046,llama3_8b_instruct_q4_k_m,segmented_hex_single_topic,sha256_hex,narrative_local_walk
detector_pair__acb5a711e47ac44a314aaad8__rankcloak,1,0.9778268933296204,textcnn,leave_one_model__mistral_7b_instruct_v0_3_q4_k_m,validation,matched_clean_llm,dedup-cluster-982d753609ba3daf81c7d866,revision_v1_sha256_hex_046,llama3_8b_instruct_q4_k_m,segmented_hex_single_topic,sha256_hex,narrative_local_walk
detector_pair__ad3c2e25e28ebac70cfba026__ordinary_control,0,0.011460264213383198,textcnn,leave_one_model__mistral_7b_instruct_v0_3_q4_k_m,validation,matched_clean_llm,dedup-cluster-53ddb375f906007b9492f105,revision_v1_sha256_hex_033,qwen2_5_7b_instruct_q4_k_m,nonseg_ascii_b16,sha256_hex,narrative_small_discovery
detector_pair__ad3c2e25e28ebac70cfba026__rankcloak,1,0.999946117401123,textcnn,leave_one_model__mistral_7b_instruct_v0_3_q4_k_m,validation,matched_clean_llm,dedup-cluster-53ddb375f906007b9492f105,revision_v1_sha256_hex_033,qwen2_5_7b_instruct_q4_k_m,nonseg_ascii_b16,sha256_hex,narrative_small_discovery
detector_pair__ae732b0b2c8fe5658dc348ee__ordinary_control,0,0.011440731585025787,textcnn,leave_one_model__mistral_7b_instruct_v0_3_q4_k_m,validation,matched_clean_llm,dedup-cluster-a2b2305f32aed49b82a74ffb,revision_v1_chacha20_poly1305_base64_051,qwen2_5_7b_instruct_q4_k_m,direct_subword_calgacus,chacha20_poly1305_base64,narrative_small_discovery
detector_pair__ae732b0b2c8fe5658dc348ee__rankcloak,1,0.9964156150817871,textcnn,leave_one_model__mistral_7b_instruct_v0_3_q4_k_m,validation,matched_clean_llm,dedup-cluster-a2b2305f32aed49b82a74ffb,revision_v1_chacha20_poly1305_base64_051,qwen2_5_7b_instruct_q4_k_m,direct_subword_calgacus,chacha20_poly1305_base64,narrative_small_discovery
detector_pair__aed674404045ab786ae0564c__ordinary_control,0,0.00022958901536185294,textcnn,leave_one_model__mistral_7b_instruct_v0_3_q4_k_m,validation,matched_clean_llm,dedup-cluster-a2b2305f32aed49b82a74ffb,revision_v1_chacha20_poly1305_base64_051,llama3_8b_instruct_q4_k_m,nonseg_ascii_b16,chacha20_poly1305_base64,procedure_garden_task
detector_pair__aed674404045ab786ae0564c__rankcloak,1,0.9998171925544739,textcnn,leave_one_model__mistral_7b_instruct_v0_3_q4_k_m,validation,matched_clean_llm,dedup-cluster-a2b2305f32aed49b82a74ffb,revision_v1_chacha20_poly1305_base64_051,llama3_8b_instruct_q4_k_m,nonseg_ascii_b16,chacha20_poly1305_base64,procedure_garden_task
detector_pair__aedf54456cbbe96981be5abe__ordinary_control,0,0.038853105157613754,textcnn,leave_one_model__mistral_7b_instruct_v0_3_q4_k_m,validation,matched_clean_llm,dedup-cluster-48d7da6cd06bde46d05aad3f,revision_v1_sha256_hex_056,qwen2_5_7b_instruct_q4_k_m,nonseg_ascii_b16,sha256_hex,procedure_home_task
detector_pair__aedf54456cbbe96981be5abe__rankcloak,1,0.9908835291862488,textcnn,leave_one_model__mistral_7b_instruct_v0_3_q4_k_m,validation,matched_clean_llm,dedup-cluster-48d7da6cd06bde46d05aad3f,revision_v1_sha256_hex_056,qwen2_5_7b_instruct_q4_k_m,nonseg_ascii_b16,sha256_hex,procedure_home_task
detector_pair__af5eabaddef926930764dd5d__ordinary_control,0,0.00042224815115332603,textcnn,leave_one_model__mistral_7b_instruct_v0_3_q4_k_m,validation,matched_clean_llm,dedup-cluster-2e7f1969791ae609498a9082,revision_v1_hmac_sha256_hex_020,llama3_8b_instruct_q4_k_m,segmented_hex_multi_topic,hmac_sha256_hex,procedure_home_task
detector_pair__af5eabaddef926930764dd5d__rankcloak,1,0.9995880722999573,textcnn,leave_one_model__mistral_7b_instruct_v0_3_q4_k_m,validation,matched_clean_llm,dedup-cluster-2e7f1969791ae609498a9082,revision_v1_hmac_sha256_hex_020,llama3_8b_instruct_q4_k_m,segmented_hex_multi_topic,hmac_sha256_hex,procedure_home_task
detector_pair__af82ea768816d3578fd02ca4__ordinary_control,0,0.8900464177131653,textcnn,leave_one_model__mistral_7b_instruct_v0_3_q4_k_m,validation,matched_clean_llm,dedup-cluster-26d0e390c431894214a50804,revision_v1_chacha20_poly1305_base64_004,llama3_8b_instruct_q4_k_m,nonseg_ascii_b8,chacha20_poly1305_base64,narrative_small_discovery
detector_pair__af82ea768816d3578fd02ca4__rankcloak,1,0.999997615814209,textcnn,leave_one_model__mistral_7b_instruct_v0_3_q4_k_m,validation,matched_clean_llm,dedup-cluster-26d0e390c431894214a50804,revision_v1_chacha20_poly1305_base64_004,llama3_8b_instruct_q4_k_m,nonseg_ascii_b8,chacha20_poly1305_base64,narrative_small_discovery
detector_pair__af933a1d7bb48cea2cbd7c54__ordinary_control,0,0.022135954350233078,textcnn,leave_one_model__mistral_7b_instruct_v0_3_q4_k_m,validation,matched_clean_llm,dedup-cluster-0401b1baba09fb1c1437ea35,revision_v1_nonce_96_bit_hex_011,qwen2_5_7b_instruct_q4_k_m,nonseg_ascii_b8,nonce_96_bit_hex,forum_purchase_advice
detector_pair__af933a1d7bb48cea2cbd7c54__rankcloak,1,0.9992638230323792,textcnn,leave_one_model__mistral_7b_instruct_v0_3_q4_k_m,validation,matched_clean_llm,dedup-cluster-0401b1baba09fb1c1437ea35,revision_v1_nonce_96_bit_hex_011,qwen2_5_7b_instruct_q4_k_m,nonseg_ascii_b8,nonce_96_bit_hex,forum_purchase_advice
detector_pair__b0d49acefd8c621c7713c697__ordinary_control,0,0.4358581602573395,textcnn,leave_one_model__mistral_7b_instruct_v0_3_q4_k_m,validation,matched_clean_llm,dedup-cluster-2e7f1969791ae609498a9082,revision_v1_hmac_sha256_hex_020,qwen2_5_7b_instruct_q4_k_m,nonseg_hex_nibble_b16,hmac_sha256_hex,narrative_learning_moment
detector_pair__b0d49acefd8c621c7713c697__rankcloak,1,0.9988592863082886,textcnn,leave_one_model__mistral_7b_instruct_v0_3_q4_k_m,validation,matched_clean_llm,dedup-cluster-2e7f1969791ae609498a9082,revision_v1_hmac_sha256_hex_020,qwen2_5_7b_instruct_q4_k_m,nonseg_hex_nibble_b16,hmac_sha256_hex,narrative_learning_moment
detector_pair__b179a9f873b8af6e5cb36fa2__ordinary_control,0,0.3254780173301697,textcnn,leave_one_model__mistral_7b_instruct_v0_3_q4_k_m,validation,matched_clean_llm,dedup-cluster-bced2ec523557c720d4ecf66,revision_v1_token_128_bit_hex_036,llama3_8b_instruct_q4_k_m,segmented_hex_single_topic,token_128_bit_hex,procedure_simple_meal
detector_pair__b179a9f873b8af6e5cb36fa2__rankcloak,1,0.9742190837860107,textcnn,leave_one_model__mistral_7b_instruct_v0_3_q4_k_m,validation,matched_clean_llm,dedup-cluster-bced2ec523557c720d4ecf66,revision_v1_token_128_bit_hex_036,llama3_8b_instruct_q4_k_m,segmented_hex_single_topic,token_128_bit_hex,procedure_simple_meal
detector_pair__b19ef01d010c8f02271f1b70__ordinary_control,0,1.0823668162629474e-05,textcnn,leave_one_model__mistral_7b_instruct_v0_3_q4_k_m,validation,matched_clean_llm,dedup-cluster-d028afde8d3446e776f3bdbf,revision_v1_hmac_sha256_hex_013,qwen2_5_7b_instruct_q4_k_m,nonseg_ascii_b16,hmac_sha256_hex,procedure_home_task
detector_pair__b19ef01d010c8f02271f1b70__rankcloak,1,0.9999217987060547,textcnn,leave_one_model__mistral_7b_instruct_v0_3_q4_k_m,validation,matched_clean_llm,dedup-cluster-d028afde8d3446e776f3bdbf,revision_v1_hmac_sha256_hex_013,qwen2_5_7b_instruct_q4_k_m,nonseg_ascii_b16,hmac_sha256_hex,procedure_home_task
detector_pair__b1be0cd8470996bc1fac203f__ordinary_control,0,2.5034773898369167e-07,textcnn,leave_one_model__mistral_7b_instruct_v0_3_q4_k_m,validation,matched_clean_llm,dedup-cluster-298834ce3caac8f77b13ddc3,revision_v1_aes256_gcm_base64_031,qwen2_5_7b_instruct_q4_k_m,direct_subword_calgacus,aes256_gcm_base64,professional_process_email
detector_pair__b1be0cd8470996bc1fac203f__rankcloak,1,0.9993299245834351,textcnn,leave_one_model__mistral_7b_instruct_v0_3_q4_k_m,validation,matched_clean_llm,dedup-cluster-298834ce3caac8f77b13ddc3,revision_v1_aes256_gcm_base64_031,qwen2_5_7b_instruct_q4_k_m,direct_subword_calgacus,aes256_gcm_base64,professional_process_email
detector_pair__b2295ef40fb19e2f527d8214__ordinary_control,0,0.004171363078057766,textcnn,leave_one_model__mistral_7b_instruct_v0_3_q4_k_m,validation,matched_clean_llm,dedup-cluster-418e1dfdad8a13fa38873592,revision_v1_chacha20_poly1305_base64_003,qwen2_5_7b_instruct_q4_k_m,direct_subword_calgacus,chacha20_poly1305_base64,narrative_local_walk
detector_pair__b2295ef40fb19e2f527d8214__rankcloak,1,0.9036267995834351,textcnn,leave_one_model__mistral_7b_instruct_v0_3_q4_k_m,validation,matched_clean_llm,dedup-cluster-418e1dfdad8a13fa38873592,revision_v1_chacha20_poly1305_base64_003,qwen2_5_7b_instruct_q4_k_m,direct_subword_calgacus,chacha20_poly1305_base64,narrative_local_walk
detector_pair__b292009d40764372a66c5278__ordinary_control,0,0.0001604322751518339,textcnn,leave_one_model__mistral_7b_instruct_v0_3_q4_k_m,validation,matched_clean_llm,dedup-cluster-4c7d81d9bc771045be64324c,revision_v1_nonce_96_bit_hex_001,llama3_8b_instruct_q4_k_m,segmented_hex_multi_topic,nonce_96_bit_hex,procedure_garden_task
detector_pair__b292009d40764372a66c5278__rankcloak,1,0.9989352822303772,textcnn,leave_one_model__mistral_7b_instruct_v0_3_q4_k_m,validation,matched_clean_llm,dedup-cluster-4c7d81d9bc771045be64324c,revision_v1_nonce_96_bit_hex_001,llama3_8b_instruct_q4_k_m,segmented_hex_multi_topic,nonce_96_bit_hex,procedure_garden_task
detector_pair__b2c4b335a288ae42b1b60b97__ordinary_control,0,2.2787564375903457e-05,textcnn,leave_one_model__mistral_7b_instruct_v0_3_q4_k_m,validation,matched_clean_llm,dedup-cluster-e8b46972e25b5d16f253b139,revision_v1_nonce_96_bit_hex_005,llama3_8b_instruct_q4_k_m,segmented_hex_single_topic,nonce_96_bit_hex,professional_process_email
detector_pair__b2c4b335a288ae42b1b60b97__rankcloak,1,0.000597013218794018,textcnn,leave_one_model__mistral_7b_instruct_v0_3_q4_k_m,validation,matched_clean_llm,dedup-cluster-e8b46972e25b5d16f253b139,revision_v1_nonce_96_bit_hex_005,llama3_8b_instruct_q4_k_m,segmented_hex_single_topic,nonce_96_bit_hex,professional_process_email
detector_pair__b2ce043f2bfb048ebf04dd33__ordinary_control,0,0.010381546802818775,textcnn,leave_one_model__mistral_7b_instruct_v0_3_q4_k_m,validation,matched_clean_llm,dedup-cluster-a573a5d868303e7f802ba83e,revision_v1_chacha20_poly1305_base64_008,llama3_8b_instruct_q4_k_m,nonseg_ascii_b8,chacha20_poly1305_base64,forum_purchase_advice
detector_pair__b2ce043f2bfb048ebf04dd33__rankcloak,1,0.996600329875946,textcnn,leave_one_model__mistral_7b_instruct_v0_3_q4_k_m,validation,matched_clean_llm,dedup-cluster-a573a5d868303e7f802ba83e,revision_v1_chacha20_poly1305_base64_008,llama3_8b_instruct_q4_k_m,nonseg_ascii_b8,chacha20_poly1305_base64,forum_purchase_advice
detector_pair__b2f78df8ba014169977e35be__ordinary_control,0,3.2907079003052786e-05,textcnn,leave_one_model__mistral_7b_instruct_v0_3_q4_k_m,validation,matched_clean_llm,dedup-cluster-6011fbb5ee1115e93ddfe3e1,revision_v1_chacha20_poly1305_base64_047,qwen2_5_7b_instruct_q4_k_m,nonseg_ascii_b16,chacha20_poly1305_base64,casual_neighborhood_chat
detector_pair__b2f78df8ba014169977e35be__rankcloak,1,0.9996755123138428,textcnn,leave_one_model__mistral_7b_instruct_v0_3_q4_k_m,validation,matched_clean_llm,dedup-cluster-6011fbb5ee1115e93ddfe3e1,revision_v1_chacha20_poly1305_base64_047,qwen2_5_7b_instruct_q4_k_m,nonseg_ascii_b16,chacha20_poly1305_base64,casual_neighborhood_chat
detector_pair__b32c5cfb70cc0ec5be9f702b__ordinary_control,0,0.10537555813789368,textcnn,leave_one_model__mistral_7b_instruct_v0_3_q4_k_m,validation,matched_clean_llm,dedup-cluster-4f6ab2ce0956867e1b0b1bad,revision_v1_hmac_sha256_hex_043,llama3_8b_instruct_q4_k_m,nonseg_hex_nibble_b16,hmac_sha256_hex,forum_learning_answer
detector_pair__b32c5cfb70cc0ec5be9f702b__rankcloak,1,0.9952811598777771,textcnn,leave_one_model__mistral_7b_instruct_v0_3_q4_k_m,validation,matched_clean_llm,dedup-cluster-4f6ab2ce0956867e1b0b1bad,revision_v1_hmac_sha256_hex_043,llama3_8b_instruct_q4_k_m,nonseg_hex_nibble_b16,hmac_sha256_hex,forum_learning_answer
detector_pair__b3584c017ecc796eb41a9e68__ordinary_control,0,0.00029718963196501136,textcnn,leave_one_model__mistral_7b_instruct_v0_3_q4_k_m,validation,matched_clean_llm,dedup-cluster-40d7dc0aae7327885c0b7431,revision_v1_aes256_gcm_base64_057,llama3_8b_instruct_q4_k_m,nonseg_ascii_b16,aes256_gcm_base64,forum_learning_answer
detector_pair__b3584c017ecc796eb41a9e68__rankcloak,1,0.9999701976776123,textcnn,leave_one_model__mistral_7b_instruct_v0_3_q4_k_m,validation,matched_clean_llm,dedup-cluster-40d7dc0aae7327885c0b7431,revision_v1_aes256_gcm_base64_057,llama3_8b_instruct_q4_k_m,nonseg_ascii_b16,aes256_gcm_base64,forum_learning_answer
detector_pair__b36baea5542ef75851fc3db8__ordinary_control,0,5.2289953600848094e-05,textcnn,leave_one_model__mistral_7b_instruct_v0_3_q4_k_m,validation,matched_clean_llm,dedup-cluster-a1f09603de61d42b17c60f90,revision_v1_nonce_96_bit_hex_058,qwen2_5_7b_instruct_q4_k_m,nonseg_ascii_b16,nonce_96_bit_hex,professional_project_update
detector_pair__b36baea5542ef75851fc3db8__rankcloak,1,0.9999806880950928,textcnn,leave_one_model__mistral_7b_instruct_v0_3_q4_k_m,validation,matched_clean_llm,dedup-cluster-a1f09603de61d42b17c60f90,revision_v1_nonce_96_bit_hex_058,qwen2_5_7b_instruct_q4_k_m,nonseg_ascii_b16,nonce_96_bit_hex,professional_project_update
detector_pair__b388c57c2b0f6465bc2bc56e__ordinary_control,0,0.0005698598106391728,textcnn,leave_one_model__mistral_7b_instruct_v0_3_q4_k_m,validation,matched_clean_llm,dedup-cluster-4f6ab2ce0956867e1b0b1bad,revision_v1_hmac_sha256_hex_043,llama3_8b_instruct_q4_k_m,segmented_hex_multi_topic,hmac_sha256_hex,forum_learning_answer
detector_pair__b388c57c2b0f6465bc2bc56e__rankcloak,1,0.9991432428359985,textcnn,leave_one_model__mistral_7b_instruct_v0_3_q4_k_m,validation,matched_clean_llm,dedup-cluster-4f6ab2ce0956867e1b0b1bad,revision_v1_hmac_sha256_hex_043,llama3_8b_instruct_q4_k_m,segmented_hex_multi_topic,hmac_sha256_hex,forum_learning_answer
detector_pair__b3cf6d8775169a830101d910__ordinary_control,0,8.182025339920074e-05,textcnn,leave_one_model__mistral_7b_instruct_v0_3_q4_k_m,validation,matched_clean_llm,dedup-cluster-895f397b7b83bd34e4862c58,revision_v1_chacha20_poly1305_base64_033,qwen2_5_7b_instruct_q4_k_m,nonseg_ascii_b16,chacha20_poly1305_base64,narrative_small_discovery
detector_pair__b3cf6d8775169a830101d910__rankcloak,1,0.9970365762710571,textcnn,leave_one_model__mistral_7b_instruct_v0_3_q4_k_m,validation,matched_clean_llm,dedup-cluster-895f397b7b83bd34e4862c58,revision_v1_chacha20_poly1305_base64_033,qwen2_5_7b_instruct_q4_k_m,nonseg_ascii_b16,chacha20_poly1305_base64,narrative_small_discovery
detector_pair__b3ec847c8f579233922ccf8e__ordinary_control,0,0.00025942575302906334,textcnn,leave_one_model__mistral_7b_instruct_v0_3_q4_k_m,validation,matched_clean_llm,dedup-cluster-357353b9c6b8da3922f5c452,revision_v1_ed25519_signature_base64_025,llama3_8b_instruct_q4_k_m,nonseg_ascii_b16,ed25519_signature_base64,forum_learning_answer
detector_pair__b3ec847c8f579233922ccf8e__rankcloak,1,0.999998927116394,textcnn,leave_one_model__mistral_7b_instruct_v0_3_q4_k_m,validation,matched_clean_llm,dedup-cluster-357353b9c6b8da3922f5c452,revision_v1_ed25519_signature_base64_025,llama3_8b_instruct_q4_k_m,nonseg_ascii_b16,ed25519_signature_base64,forum_learning_answer
detector_pair__b3f37bfa9182689c98d2f056__ordinary_control,0,0.004697619006037712,textcnn,leave_one_model__mistral_7b_instruct_v0_3_q4_k_m,validation,matched_clean_llm,dedup-cluster-804389a06ddc24189a12fcd5,revision_v1_chacha20_poly1305_base64_041,qwen2_5_7b_instruct_q4_k_m,nonseg_ascii_b8,chacha20_poly1305_base64,casual_hobby_chat
detector_pair__b3f37bfa9182689c98d2f056__rankcloak,1,0.9995837807655334,textcnn,leave_one_model__mistral_7b_instruct_v0_3_q4_k_m,validation,matched_clean_llm,dedup-cluster-804389a06ddc24189a12fcd5,revision_v1_chacha20_poly1305_base64_041,qwen2_5_7b_instruct_q4_k_m,nonseg_ascii_b8,chacha20_poly1305_base64,casual_hobby_chat
detector_pair__b3fc8937cdf49e982ae214c4__ordinary_control,0,0.7612208127975464,textcnn,leave_one_model__mistral_7b_instruct_v0_3_q4_k_m,validation,matched_clean_llm,dedup-cluster-a1f09603de61d42b17c60f90,revision_v1_nonce_96_bit_hex_058,llama3_8b_instruct_q4_k_m,segmented_hex_multi_topic,nonce_96_bit_hex,casual_neighborhood_chat
detector_pair__b3fc8937cdf49e982ae214c4__rankcloak,1,0.7846718430519104,textcnn,leave_one_model__mistral_7b_instruct_v0_3_q4_k_m,validation,matched_clean_llm,dedup-cluster-a1f09603de61d42b17c60f90,revision_v1_nonce_96_bit_hex_058,llama3_8b_instruct_q4_k_m,segmented_hex_multi_topic,nonce_96_bit_hex,casual_neighborhood_chat
detector_pair__b40e1f617928f34f461c3391__ordinary_control,0,1.0047690921055619e-05,textcnn,leave_one_model__mistral_7b_instruct_v0_3_q4_k_m,validation,matched_clean_llm,dedup-cluster-847d23bf1ef334bb559efd28,revision_v1_aes256_gcm_base64_000,qwen2_5_7b_instruct_q4_k_m,direct_subword_calgacus,aes256_gcm_base64,casual_weekend_chat
detector_pair__b40e1f617928f34f461c3391__rankcloak,1,0.9967250227928162,textcnn,leave_one_model__mistral_7b_instruct_v0_3_q4_k_m,validation,matched_clean_llm,dedup-cluster-847d23bf1ef334bb559efd28,revision_v1_aes256_gcm_base64_000,qwen2_5_7b_instruct_q4_k_m,direct_subword_calgacus,aes256_gcm_base64,casual_weekend_chat
detector_pair__b4528729d95cd07d0093342a__ordinary_control,0,0.00013542531814891845,textcnn,leave_one_model__mistral_7b_instruct_v0_3_q4_k_m,validation,matched_clean_llm,dedup-cluster-a2b2305f32aed49b82a74ffb,revision_v1_chacha20_poly1305_base64_051,llama3_8b_instruct_q4_k_m,direct_subword_calgacus,chacha20_poly1305_base64,procedure_garden_task
detector_pair__b4528729d95cd07d0093342a__rankcloak,1,0.9997096657752991,textcnn,leave_one_model__mistral_7b_instruct_v0_3_q4_k_m,validation,matched_clean_llm,dedup-cluster-a2b2305f32aed49b82a74ffb,revision_v1_chacha20_poly1305_base64_051,llama3_8b_instruct_q4_k_m,direct_subword_calgacus,chacha20_poly1305_base64,procedure_garden_task
detector_pair__b4aefa73a2a959d4065beb55__ordinary_control,0,0.0002611315867397934,textcnn,leave_one_model__mistral_7b_instruct_v0_3_q4_k_m,validation,matched_clean_llm,dedup-cluster-bced2ec523557c720d4ecf66,revision_v1_token_128_bit_hex_036,qwen2_5_7b_instruct_q4_k_m,nonseg_hex_nibble_b16,token_128_bit_hex,narrative_local_walk
detector_pair__b4aefa73a2a959d4065beb55__rankcloak,1,0.996343195438385,textcnn,leave_one_model__mistral_7b_instruct_v0_3_q4_k_m,validation,matched_clean_llm,dedup-cluster-bced2ec523557c720d4ecf66,revision_v1_token_128_bit_hex_036,qwen2_5_7b_instruct_q4_k_m,nonseg_hex_nibble_b16,token_128_bit_hex,narrative_local_walk
detector_pair__b4b48b6c973f96acedef718e__ordinary_control,0,0.0003665087861008942,textcnn,leave_one_model__mistral_7b_instruct_v0_3_q4_k_m,validation,matched_clean_llm,dedup-cluster-357353b9c6b8da3922f5c452,revision_v1_ed25519_signature_base64_025,qwen2_5_7b_instruct_q4_k_m,direct_subword_calgacus,ed25519_signature_base64,procedure_simple_meal
detector_pair__b4b48b6c973f96acedef718e__rankcloak,1,0.9981162548065186,textcnn,leave_one_model__mistral_7b_instruct_v0_3_q4_k_m,validation,matched_clean_llm,dedup-cluster-357353b9c6b8da3922f5c452,revision_v1_ed25519_signature_base64_025,qwen2_5_7b_instruct_q4_k_m,direct_subword_calgacus,ed25519_signature_base64,procedure_simple_meal
detector_pair__b4e35e1f404b34b6231634eb__ordinary_control,0,0.0361623577773571,textcnn,leave_one_model__mistral_7b_instruct_v0_3_q4_k_m,validation,matched_clean_llm,dedup-cluster-40f1050b751f94d4062ce3bb,revision_v1_aes256_gcm_base64_032,qwen2_5_7b_instruct_q4_k_m,nonseg_ascii_b8,aes256_gcm_base64,forum_learning_answer
detector_pair__b4e35e1f404b34b6231634eb__rankcloak,1,0.9999947547912598,textcnn,leave_one_model__mistral_7b_instruct_v0_3_q4_k_m,validation,matched_clean_llm,dedup-cluster-40f1050b751f94d4062ce3bb,revision_v1_aes256_gcm_base64_032,qwen2_5_7b_instruct_q4_k_m,nonseg_ascii_b8,aes256_gcm_base64,forum_learning_answer
detector_pair__b5f4d3b0688d76f7f2cdf614__ordinary_control,0,7.843534694984555e-05,textcnn,leave_one_model__mistral_7b_instruct_v0_3_q4_k_m,validation,matched_clean_llm,dedup-cluster-897bd4c0922eb43a17664a25,revision_v1_aes256_gcm_base64_025,llama3_8b_instruct_q4_k_m,direct_subword_calgacus,aes256_gcm_base64,casual_weekend_chat
detector_pair__b5f4d3b0688d76f7f2cdf614__rankcloak,1,0.9999210834503174,textcnn,leave_one_model__mistral_7b_instruct_v0_3_q4_k_m,validation,matched_clean_llm,dedup-cluster-897bd4c0922eb43a17664a25,revision_v1_aes256_gcm_base64_025,llama3_8b_instruct_q4_k_m,direct_subword_calgacus,aes256_gcm_base64,casual_weekend_chat
detector_pair__b5ffda8a44a6e02bf0fbc534__ordinary_control,0,0.05416903644800186,textcnn,leave_one_model__mistral_7b_instruct_v0_3_q4_k_m,validation,matched_clean_llm,dedup-cluster-d24ae4dc1ca2dcb4473005f9,revision_v1_hmac_sha256_hex_036,qwen2_5_7b_instruct_q4_k_m,nonseg_ascii_b8,hmac_sha256_hex,forum_learning_answer
detector_pair__b5ffda8a44a6e02bf0fbc534__rankcloak,1,0.9999908208847046,textcnn,leave_one_model__mistral_7b_instruct_v0_3_q4_k_m,validation,matched_clean_llm,dedup-cluster-d24ae4dc1ca2dcb4473005f9,revision_v1_hmac_sha256_hex_036,qwen2_5_7b_instruct_q4_k_m,nonseg_ascii_b8,hmac_sha256_hex,forum_learning_answer
detector_pair__b617c992d49125a9fd643204__ordinary_control,0,0.054793961346149445,textcnn,leave_one_model__mistral_7b_instruct_v0_3_q4_k_m,validation,matched_clean_llm,dedup-cluster-d028afde8d3446e776f3bdbf,revision_v1_hmac_sha256_hex_013,qwen2_5_7b_instruct_q4_k_m,nonseg_hex_nibble_b16,hmac_sha256_hex,procedure_home_task
detector_pair__b617c992d49125a9fd643204__rankcloak,1,0.999967098236084,textcnn,leave_one_model__mistral_7b_instruct_v0_3_q4_k_m,validation,matched_clean_llm,dedup-cluster-d028afde8d3446e776f3bdbf,revision_v1_hmac_sha256_hex_013,qwen2_5_7b_instruct_q4_k_m,nonseg_hex_nibble_b16,hmac_sha256_hex,procedure_home_task
detector_pair__b69582c16c1415faf5b4df55__ordinary_control,0,5.8105790230911225e-05,textcnn,leave_one_model__mistral_7b_instruct_v0_3_q4_k_m,validation,matched_clean_llm,dedup-cluster-21724430ac9765521f1234e5,revision_v1_token_128_bit_hex_056,llama3_8b_instruct_q4_k_m,nonseg_ascii_b16,token_128_bit_hex,explain_weather_pattern
detector_pair__b69582c16c1415faf5b4df55__rankcloak,1,0.9954900145530701,textcnn,leave_one_model__mistral_7b_instruct_v0_3_q4_k_m,validation,matched_clean_llm,dedup-cluster-21724430ac9765521f1234e5,revision_v1_token_128_bit_hex_056,llama3_8b_instruct_q4_k_m,nonseg_ascii_b16,token_128_bit_hex,explain_weather_pattern
detector_pair__b75ea9a92b1ffedea29b5d00__ordinary_control,0,2.849130214599427e-05,textcnn,leave_one_model__mistral_7b_instruct_v0_3_q4_k_m,validation,matched_clean_llm,dedup-cluster-bc077faa1a8a103220224e85,revision_v1_chacha20_poly1305_base64_036,llama3_8b_instruct_q4_k_m,direct_subword_calgacus,chacha20_poly1305_base64,casual_weekend_chat
detector_pair__b75ea9a92b1ffedea29b5d00__rankcloak,1,0.6542359590530396,textcnn,leave_one_model__mistral_7b_instruct_v0_3_q4_k_m,validation,matched_clean_llm,dedup-cluster-bc077faa1a8a103220224e85,revision_v1_chacha20_poly1305_base64_036,llama3_8b_instruct_q4_k_m,direct_subword_calgacus,chacha20_poly1305_base64,casual_weekend_chat
detector_pair__b77c51df8d9c51e901eb5a90__ordinary_control,0,0.011948763392865658,textcnn,leave_one_model__mistral_7b_instruct_v0_3_q4_k_m,validation,matched_clean_llm,dedup-cluster-9f2700a571f51133cc69754b,revision_v1_chacha20_poly1305_base64_019,qwen2_5_7b_instruct_q4_k_m,direct_subword_calgacus,chacha20_poly1305_base64,forum_purchase_advice
detector_pair__b77c51df8d9c51e901eb5a90__rankcloak,1,0.9875419735908508,textcnn,leave_one_model__mistral_7b_instruct_v0_3_q4_k_m,validation,matched_clean_llm,dedup-cluster-9f2700a571f51133cc69754b,revision_v1_chacha20_poly1305_base64_019,qwen2_5_7b_instruct_q4_k_m,direct_subword_calgacus,chacha20_poly1305_base64,forum_purchase_advice
detector_pair__b7a0d9b84f0442ebf0aaa6f7__ordinary_control,0,0.3184081017971039,textcnn,leave_one_model__mistral_7b_instruct_v0_3_q4_k_m,validation,matched_clean_llm,dedup-cluster-9f2700a571f51133cc69754b,revision_v1_chacha20_poly1305_base64_019,llama3_8b_instruct_q4_k_m,direct_subword_calgacus,chacha20_poly1305_base64,professional_project_update
detector_pair__b7a0d9b84f0442ebf0aaa6f7__rankcloak,1,0.9998044371604919,textcnn,leave_one_model__mistral_7b_instruct_v0_3_q4_k_m,validation,matched_clean_llm,dedup-cluster-9f2700a571f51133cc69754b,revision_v1_chacha20_poly1305_base64_019,llama3_8b_instruct_q4_k_m,direct_subword_calgacus,chacha20_poly1305_base64,professional_project_update
detector_pair__b7df0c4d5e898ad773118624__ordinary_control,0,0.06712090969085693,textcnn,leave_one_model__mistral_7b_instruct_v0_3_q4_k_m,validation,matched_clean_llm,dedup-cluster-484bc3854d49e18198bd3802,revision_v1_hmac_sha256_hex_050,llama3_8b_instruct_q4_k_m,segmented_hex_multi_topic,hmac_sha256_hex,procedure_simple_meal
detector_pair__b7df0c4d5e898ad773118624__rankcloak,1,0.5960278511047363,textcnn,leave_one_model__mistral_7b_instruct_v0_3_q4_k_m,validation,matched_clean_llm,dedup-cluster-484bc3854d49e18198bd3802,revision_v1_hmac_sha256_hex_050,llama3_8b_instruct_q4_k_m,segmented_hex_multi_topic,hmac_sha256_hex,procedure_simple_meal
detector_pair__b7e2891d0592d4b05bac0c44__ordinary_control,0,0.009056933224201202,textcnn,leave_one_model__mistral_7b_instruct_v0_3_q4_k_m,validation,matched_clean_llm,dedup-cluster-1d730332b470450b93b8b767,revision_v1_hmac_sha256_hex_006,llama3_8b_instruct_q4_k_m,segmented_hex_multi_topic,hmac_sha256_hex,professional_process_email
detector_pair__b7e2891d0592d4b05bac0c44__rankcloak,1,0.9999988079071045,textcnn,leave_one_model__mistral_7b_instruct_v0_3_q4_k_m,validation,matched_clean_llm,dedup-cluster-1d730332b470450b93b8b767,revision_v1_hmac_sha256_hex_006,llama3_8b_instruct_q4_k_m,segmented_hex_multi_topic,hmac_sha256_hex,professional_process_email
detector_pair__b8036f274098bb1ec87b853e__ordinary_control,0,0.10754269361495972,textcnn,leave_one_model__mistral_7b_instruct_v0_3_q4_k_m,validation,matched_clean_llm,dedup-cluster-847d23bf1ef334bb559efd28,revision_v1_aes256_gcm_base64_000,llama3_8b_instruct_q4_k_m,nonseg_ascii_b8,aes256_gcm_base64,explain_biological_process
detector_pair__b8036f274098bb1ec87b853e__rankcloak,1,0.9999799728393555,textcnn,leave_one_model__mistral_7b_instruct_v0_3_q4_k_m,validation,matched_clean_llm,dedup-cluster-847d23bf1ef334bb559efd28,revision_v1_aes256_gcm_base64_000,llama3_8b_instruct_q4_k_m,nonseg_ascii_b8,aes256_gcm_base64,explain_biological_process
detector_pair__b86b1dbd21780efc59b17d8f__ordinary_control,0,0.00019890906696673483,textcnn,leave_one_model__mistral_7b_instruct_v0_3_q4_k_m,validation,matched_clean_llm,dedup-cluster-a573a5d868303e7f802ba83e,revision_v1_chacha20_poly1305_base64_008,qwen2_5_7b_instruct_q4_k_m,nonseg_ascii_b16,chacha20_poly1305_base64,procedure_garden_task
detector_pair__b86b1dbd21780efc59b17d8f__rankcloak,1,0.9783007502555847,textcnn,leave_one_model__mistral_7b_instruct_v0_3_q4_k_m,validation,matched_clean_llm,dedup-cluster-a573a5d868303e7f802ba83e,revision_v1_chacha20_poly1305_base64_008,qwen2_5_7b_instruct_q4_k_m,nonseg_ascii_b16,chacha20_poly1305_base64,procedure_garden_task
detector_pair__b8964bcc786738d7d1f2a875__ordinary_control,0,0.05404095724225044,textcnn,leave_one_model__mistral_7b_instruct_v0_3_q4_k_m,validation,matched_clean_llm,dedup-cluster-d80c78b75330766130b70bf5,revision_v1_hmac_sha256_hex_030,qwen2_5_7b_instruct_q4_k_m,nonseg_ascii_b8,hmac_sha256_hex,forum_purchase_advice
detector_pair__b8964bcc786738d7d1f2a875__rankcloak,1,0.9997014403343201,textcnn,leave_one_model__mistral_7b_instruct_v0_3_q4_k_m,validation,matched_clean_llm,dedup-cluster-d80c78b75330766130b70bf5,revision_v1_hmac_sha256_hex_030,qwen2_5_7b_instruct_q4_k_m,nonseg_ascii_b8,hmac_sha256_hex,forum_purchase_advice
detector_pair__b8c32a0171629bb24395e868__ordinary_control,0,0.00011040273966500536,textcnn,leave_one_model__mistral_7b_instruct_v0_3_q4_k_m,validation,matched_clean_llm,dedup-cluster-d24ae4dc1ca2dcb4473005f9,revision_v1_hmac_sha256_hex_036,qwen2_5_7b_instruct_q4_k_m,segmented_hex_multi_topic,hmac_sha256_hex,forum_learning_answer
detector_pair__b8c32a0171629bb24395e868__rankcloak,1,0.9999910593032837,textcnn,leave_one_model__mistral_7b_instruct_v0_3_q4_k_m,validation,matched_clean_llm,dedup-cluster-d24ae4dc1ca2dcb4473005f9,revision_v1_hmac_sha256_hex_036,qwen2_5_7b_instruct_q4_k_m,segmented_hex_multi_topic,hmac_sha256_hex,forum_learning_answer
detector_pair__b8d4a9800ac6013ad73585fb__ordinary_control,0,0.0909571498632431,textcnn,leave_one_model__mistral_7b_instruct_v0_3_q4_k_m,validation,matched_clean_llm,dedup-cluster-087cbaaa2408a99991319532,revision_v1_uuid_v4_052,llama3_8b_instruct_q4_k_m,nonseg_ascii_b16,uuid_v4,forum_practical_answer
detector_pair__b8d4a9800ac6013ad73585fb__rankcloak,1,0.9960460066795349,textcnn,leave_one_model__mistral_7b_instruct_v0_3_q4_k_m,validation,matched_clean_llm,dedup-cluster-087cbaaa2408a99991319532,revision_v1_uuid_v4_052,llama3_8b_instruct_q4_k_m,nonseg_ascii_b16,uuid_v4,forum_practical_answer
detector_pair__b9163d2e57704a487f4b9416__ordinary_control,0,0.000713036279194057,textcnn,leave_one_model__mistral_7b_instruct_v0_3_q4_k_m,validation,matched_clean_llm,dedup-cluster-a877ac9e15d9982c5f795957,revision_v1_sha256_hex_048,qwen2_5_7b_instruct_q4_k_m,direct_subword_calgacus,sha256_hex,professional_project_update
detector_pair__b9163d2e57704a487f4b9416__rankcloak,1,0.998393714427948,textcnn,leave_one_model__mistral_7b_instruct_v0_3_q4_k_m,validation,matched_clean_llm,dedup-cluster-a877ac9e15d9982c5f795957,revision_v1_sha256_hex_048,qwen2_5_7b_instruct_q4_k_m,direct_subword_calgacus,sha256_hex,professional_project_update
detector_pair__b9654d79d4e991ce66780889__ordinary_control,0,0.003789919661357999,textcnn,leave_one_model__mistral_7b_instruct_v0_3_q4_k_m,validation,matched_clean_llm,dedup-cluster-2e7f1969791ae609498a9082,revision_v1_hmac_sha256_hex_020,llama3_8b_instruct_q4_k_m,nonseg_hex_nibble_b16,hmac_sha256_hex,procedure_home_task
detector_pair__b9654d79d4e991ce66780889__rankcloak,1,0.9933425784111023,textcnn,leave_one_model__mistral_7b_instruct_v0_3_q4_k_m,validation,matched_clean_llm,dedup-cluster-2e7f1969791ae609498a9082,revision_v1_hmac_sha256_hex_020,llama3_8b_instruct_q4_k_m,nonseg_hex_nibble_b16,hmac_sha256_hex,procedure_home_task
detector_pair__b9d136a9a9982059cb719370__ordinary_control,0,1.3894496078137308e-05,textcnn,leave_one_model__mistral_7b_instruct_v0_3_q4_k_m,validation,matched_clean_llm,dedup-cluster-cc1d79c541da66daf8e9d81d,revision_v1_chacha20_poly1305_base64_040,llama3_8b_instruct_q4_k_m,nonseg_ascii_b16,chacha20_poly1305_base64,narrative_small_discovery
detector_pair__b9d136a9a9982059cb719370__rankcloak,1,0.9996914863586426,textcnn,leave_one_model__mistral_7b_instruct_v0_3_q4_k_m,validation,matched_clean_llm,dedup-cluster-cc1d79c541da66daf8e9d81d,revision_v1_chacha20_poly1305_base64_040,llama3_8b_instruct_q4_k_m,nonseg_ascii_b16,chacha20_poly1305_base64,narrative_small_discovery
detector_pair__bb1c258ad0d4ca8ca4c9cb01__ordinary_control,0,0.08878674358129501,textcnn,leave_one_model__mistral_7b_instruct_v0_3_q4_k_m,validation,matched_clean_llm,dedup-cluster-ead69251c7d45a2f2e36dc76,revision_v1_ed25519_signature_base64_004,llama3_8b_instruct_q4_k_m,nonseg_ascii_b16,ed25519_signature_base64,explain_everyday_system
detector_pair__bb1c258ad0d4ca8ca4c9cb01__rankcloak,1,0.9999881982803345,textcnn,leave_one_model__mistral_7b_instruct_v0_3_q4_k_m,validation,matched_clean_llm,dedup-cluster-ead69251c7d45a2f2e36dc76,revision_v1_ed25519_signature_base64_004,llama3_8b_instruct_q4_k_m,nonseg_ascii_b16,ed25519_signature_base64,explain_everyday_system
detector_pair__bb6aaaa68e86f66e542359c9__ordinary_control,0,0.20258253812789917,textcnn,leave_one_model__mistral_7b_instruct_v0_3_q4_k_m,validation,matched_clean_llm,dedup-cluster-7b810f2afbcabc7ee462bff7,revision_v1_nonce_96_bit_hex_023,qwen2_5_7b_instruct_q4_k_m,direct_subword_calgacus,nonce_96_bit_hex,forum_practical_answer
detector_pair__bb6aaaa68e86f66e542359c9__rankcloak,1,0.6839054822921753,textcnn,leave_one_model__mistral_7b_instruct_v0_3_q4_k_m,validation,matched_clean_llm,dedup-cluster-7b810f2afbcabc7ee462bff7,revision_v1_nonce_96_bit_hex_023,qwen2_5_7b_instruct_q4_k_m,direct_subword_calgacus,nonce_96_bit_hex,forum_practical_answer
detector_pair__bb733d7a2ca84a251f693362__ordinary_control,0,0.00014360534260049462,textcnn,leave_one_model__mistral_7b_instruct_v0_3_q4_k_m,validation,matched_clean_llm,dedup-cluster-3f1509f18c269716bcce76a3,revision_v1_aes256_gcm_base64_050,qwen2_5_7b_instruct_q4_k_m,nonseg_ascii_b8,aes256_gcm_base64,forum_learning_answer
detector_pair__bb733d7a2ca84a251f693362__rankcloak,1,0.9989097118377686,textcnn,leave_one_model__mistral_7b_instruct_v0_3_q4_k_m,validation,matched_clean_llm,dedup-cluster-3f1509f18c269716bcce76a3,revision_v1_aes256_gcm_base64_050,qwen2_5_7b_instruct_q4_k_m,nonseg_ascii_b8,aes256_gcm_base64,forum_learning_answer
detector_pair__bb9da95324792a1e07faf05f__ordinary_control,0,6.7844484874513e-05,textcnn,leave_one_model__mistral_7b_instruct_v0_3_q4_k_m,validation,matched_clean_llm,dedup-cluster-7c84aa0ced3be32342082f66,revision_v1_uuid_v4_002,qwen2_5_7b_instruct_q4_k_m,direct_subword_calgacus,uuid_v4,professional_process_email
detector_pair__bb9da95324792a1e07faf05f__rankcloak,1,0.997654914855957,textcnn,leave_one_model__mistral_7b_instruct_v0_3_q4_k_m,validation,matched_clean_llm,dedup-cluster-7c84aa0ced3be32342082f66,revision_v1_uuid_v4_002,qwen2_5_7b_instruct_q4_k_m,direct_subword_calgacus,uuid_v4,professional_process_email
detector_pair__bba074d57e24aae26c874ca3__ordinary_control,0,0.001127634197473526,textcnn,leave_one_model__mistral_7b_instruct_v0_3_q4_k_m,validation,matched_clean_llm,dedup-cluster-895f397b7b83bd34e4862c58,revision_v1_chacha20_poly1305_base64_033,qwen2_5_7b_instruct_q4_k_m,direct_subword_calgacus,chacha20_poly1305_base64,narrative_small_discovery
detector_pair__bba074d57e24aae26c874ca3__rankcloak,1,0.9999970197677612,textcnn,leave_one_model__mistral_7b_instruct_v0_3_q4_k_m,validation,matched_clean_llm,dedup-cluster-895f397b7b83bd34e4862c58,revision_v1_chacha20_poly1305_base64_033,qwen2_5_7b_instruct_q4_k_m,direct_subword_calgacus,chacha20_poly1305_base64,narrative_small_discovery
detector_pair__bbb3fe86f38b50ded748d172__ordinary_control,0,0.6228595972061157,textcnn,leave_one_model__mistral_7b_instruct_v0_3_q4_k_m,validation,matched_clean_llm,dedup-cluster-631342e4862923cce8d3242b,revision_v1_sha256_hex_029,qwen2_5_7b_instruct_q4_k_m,segmented_hex_multi_topic,sha256_hex,casual_neighborhood_chat
detector_pair__bbb3fe86f38b50ded748d172__rankcloak,1,0.9904430508613586,textcnn,leave_one_model__mistral_7b_instruct_v0_3_q4_k_m,validation,matched_clean_llm,dedup-cluster-631342e4862923cce8d3242b,revision_v1_sha256_hex_029,qwen2_5_7b_instruct_q4_k_m,segmented_hex_multi_topic,sha256_hex,casual_neighborhood_chat
detector_pair__bbcac48f344f23bec2789d30__ordinary_control,0,2.9596045351354405e-05,textcnn,leave_one_model__mistral_7b_instruct_v0_3_q4_k_m,validation,matched_clean_llm,dedup-cluster-1d730332b470450b93b8b767,revision_v1_hmac_sha256_hex_006,llama3_8b_instruct_q4_k_m,nonseg_ascii_b8,hmac_sha256_hex,professional_process_email
detector_pair__bbcac48f344f23bec2789d30__rankcloak,1,0.9999994039535522,textcnn,leave_one_model__mistral_7b_instruct_v0_3_q4_k_m,validation,matched_clean_llm,dedup-cluster-1d730332b470450b93b8b767,revision_v1_hmac_sha256_hex_006,llama3_8b_instruct_q4_k_m,nonseg_ascii_b8,hmac_sha256_hex,professional_process_email
detector_pair__bbce4ea73dc22e58ae655573__ordinary_control,0,2.0064478576387046e-06,textcnn,leave_one_model__mistral_7b_instruct_v0_3_q4_k_m,validation,matched_clean_llm,dedup-cluster-e8b46972e25b5d16f253b139,revision_v1_nonce_96_bit_hex_005,llama3_8b_instruct_q4_k_m,nonseg_ascii_b8,nonce_96_bit_hex,professional_process_email
detector_pair__bbce4ea73dc22e58ae655573__rankcloak,1,0.8051030039787292,textcnn,leave_one_model__mistral_7b_instruct_v0_3_q4_k_m,validation,matched_clean_llm,dedup-cluster-e8b46972e25b5d16f253b139,revision_v1_nonce_96_bit_hex_005,llama3_8b_instruct_q4_k_m,nonseg_ascii_b8,nonce_96_bit_hex,professional_process_email
detector_pair__bbe52a3cef810d9f480c32a6__ordinary_control,0,0.0049623725935816765,textcnn,leave_one_model__mistral_7b_instruct_v0_3_q4_k_m,validation,matched_clean_llm,dedup-cluster-54d0f843ac4646811be4dfd1,revision_v1_sha256_hex_000,llama3_8b_instruct_q4_k_m,nonseg_ascii_b8,sha256_hex,casual_weekend_chat
detector_pair__bbe52a3cef810d9f480c32a6__rankcloak,1,0.9978463649749756,textcnn,leave_one_model__mistral_7b_instruct_v0_3_q4_k_m,validation,matched_clean_llm,dedup-cluster-54d0f843ac4646811be4dfd1,revision_v1_sha256_hex_000,llama3_8b_instruct_q4_k_m,nonseg_ascii_b8,sha256_hex,casual_weekend_chat
detector_pair__bc36e3a51929cbc85f4c3e7f__ordinary_control,0,4.921720756101422e-05,textcnn,leave_one_model__mistral_7b_instruct_v0_3_q4_k_m,validation,matched_clean_llm,dedup-cluster-54d0f843ac4646811be4dfd1,revision_v1_sha256_hex_000,qwen2_5_7b_instruct_q4_k_m,nonseg_ascii_b16,sha256_hex,professional_schedule_note
detector_pair__bc36e3a51929cbc85f4c3e7f__rankcloak,1,0.9855324625968933,textcnn,leave_one_model__mistral_7b_instruct_v0_3_q4_k_m,validation,matched_clean_llm,dedup-cluster-54d0f843ac4646811be4dfd1,revision_v1_sha256_hex_000,qwen2_5_7b_instruct_q4_k_m,nonseg_ascii_b16,sha256_hex,professional_schedule_note
detector_pair__bc7fb669217b532b2495d007__ordinary_control,0,1.608777324690891e-06,textcnn,leave_one_model__mistral_7b_instruct_v0_3_q4_k_m,validation,matched_clean_llm,dedup-cluster-c581ece2a3e5e2c3b74d6d5e,revision_v1_chacha20_poly1305_base64_016,llama3_8b_instruct_q4_k_m,direct_subword_calgacus,chacha20_poly1305_base64,narrative_learning_moment
detector_pair__bc7fb669217b532b2495d007__rankcloak,1,0.9993846416473389,textcnn,leave_one_model__mistral_7b_instruct_v0_3_q4_k_m,validation,matched_clean_llm,dedup-cluster-c581ece2a3e5e2c3b74d6d5e,revision_v1_chacha20_poly1305_base64_016,llama3_8b_instruct_q4_k_m,direct_subword_calgacus,chacha20_poly1305_base64,narrative_learning_moment
detector_pair__bc86cea40c940372ba108298__ordinary_control,0,0.00013156275963410735,textcnn,leave_one_model__mistral_7b_instruct_v0_3_q4_k_m,validation,matched_clean_llm,dedup-cluster-298834ce3caac8f77b13ddc3,revision_v1_aes256_gcm_base64_031,qwen2_5_7b_instruct_q4_k_m,nonseg_ascii_b16,aes256_gcm_base64,professional_process_email
detector_pair__bc86cea40c940372ba108298__rankcloak,1,0.9998519420623779,textcnn,leave_one_model__mistral_7b_instruct_v0_3_q4_k_m,validation,matched_clean_llm,dedup-cluster-298834ce3caac8f77b13ddc3,revision_v1_aes256_gcm_base64_031,qwen2_5_7b_instruct_q4_k_m,nonseg_ascii_b16,aes256_gcm_base64,professional_process_email
detector_pair__bcd6a42da1f3786bfd6467d4__ordinary_control,0,0.0038335248827934265,textcnn,leave_one_model__mistral_7b_instruct_v0_3_q4_k_m,validation,matched_clean_llm,dedup-cluster-6ce30f9a3e80626084969f2a,revision_v1_ed25519_signature_base64_043,qwen2_5_7b_instruct_q4_k_m,nonseg_ascii_b8,ed25519_signature_base64,procedure_simple_meal
detector_pair__bcd6a42da1f3786bfd6467d4__rankcloak,1,0.9999953508377075,textcnn,leave_one_model__mistral_7b_instruct_v0_3_q4_k_m,validation,matched_clean_llm,dedup-cluster-6ce30f9a3e80626084969f2a,revision_v1_ed25519_signature_base64_043,qwen2_5_7b_instruct_q4_k_m,nonseg_ascii_b8,ed25519_signature_base64,procedure_simple_meal
detector_pair__bce9a36386e0669294349331__ordinary_control,0,0.03749453276395798,textcnn,leave_one_model__mistral_7b_instruct_v0_3_q4_k_m,validation,matched_clean_llm,dedup-cluster-4f6ab2ce0956867e1b0b1bad,revision_v1_hmac_sha256_hex_043,llama3_8b_instruct_q4_k_m,nonseg_ascii_b8,hmac_sha256_hex,forum_learning_answer
detector_pair__bce9a36386e0669294349331__rankcloak,1,0.9994106292724609,textcnn,leave_one_model__mistral_7b_instruct_v0_3_q4_k_m,validation,matched_clean_llm,dedup-cluster-4f6ab2ce0956867e1b0b1bad,revision_v1_hmac_sha256_hex_043,llama3_8b_instruct_q4_k_m,nonseg_ascii_b8,hmac_sha256_hex,forum_learning_answer
detector_pair__bda50cfc9e9d89099f8ae776__ordinary_control,0,8.976945537142456e-06,textcnn,leave_one_model__mistral_7b_instruct_v0_3_q4_k_m,validation,matched_clean_llm,dedup-cluster-d95563a927f567b6601e551e,revision_v1_uuid_v4_020,qwen2_5_7b_instruct_q4_k_m,nonseg_ascii_b16,uuid_v4,professional_process_email
detector_pair__bda50cfc9e9d89099f8ae776__rankcloak,1,0.9887738227844238,textcnn,leave_one_model__mistral_7b_instruct_v0_3_q4_k_m,validation,matched_clean_llm,dedup-cluster-d95563a927f567b6601e551e,revision_v1_uuid_v4_020,qwen2_5_7b_instruct_q4_k_m,nonseg_ascii_b16,uuid_v4,professional_process_email
detector_pair__bda598087b5011afb50735e7__ordinary_control,0,1.7582191503606737e-05,textcnn,leave_one_model__mistral_7b_instruct_v0_3_q4_k_m,validation,matched_clean_llm,dedup-cluster-9e865129af4def1fc2a2442c,revision_v1_ed25519_signature_base64_017,qwen2_5_7b_instruct_q4_k_m,direct_subword_calgacus,ed25519_signature_base64,professional_schedule_note
detector_pair__bda598087b5011afb50735e7__rankcloak,1,0.9978024363517761,textcnn,leave_one_model__mistral_7b_instruct_v0_3_q4_k_m,validation,matched_clean_llm,dedup-cluster-9e865129af4def1fc2a2442c,revision_v1_ed25519_signature_base64_017,qwen2_5_7b_instruct_q4_k_m,direct_subword_calgacus,ed25519_signature_base64,professional_schedule_note
detector_pair__bdb770980dc795c40795a5f6__ordinary_control,0,1.4997347534517758e-05,textcnn,leave_one_model__mistral_7b_instruct_v0_3_q4_k_m,validation,matched_clean_llm,dedup-cluster-631342e4862923cce8d3242b,revision_v1_sha256_hex_029,llama3_8b_instruct_q4_k_m,nonseg_ascii_b8,sha256_hex,explain_everyday_system
detector_pair__bdb770980dc795c40795a5f6__rankcloak,1,0.9980113506317139,textcnn,leave_one_model__mistral_7b_instruct_v0_3_q4_k_m,validation,matched_clean_llm,dedup-cluster-631342e4862923cce8d3242b,revision_v1_sha256_hex_029,llama3_8b_instruct_q4_k_m,nonseg_ascii_b8,sha256_hex,explain_everyday_system
detector_pair__bde10db9d4f917139b01311d__ordinary_control,0,0.005080357659608126,textcnn,leave_one_model__mistral_7b_instruct_v0_3_q4_k_m,validation,matched_clean_llm,dedup-cluster-48d7da6cd06bde46d05aad3f,revision_v1_sha256_hex_056,qwen2_5_7b_instruct_q4_k_m,nonseg_hex_nibble_b16,sha256_hex,procedure_home_task
detector_pair__bde10db9d4f917139b01311d__rankcloak,1,0.9999774694442749,textcnn,leave_one_model__mistral_7b_instruct_v0_3_q4_k_m,validation,matched_clean_llm,dedup-cluster-48d7da6cd06bde46d05aad3f,revision_v1_sha256_hex_056,qwen2_5_7b_instruct_q4_k_m,nonseg_hex_nibble_b16,sha256_hex,procedure_home_task
detector_pair__bdfac663ca8a40f100f8d1f0__ordinary_control,0,0.001376404776237905,textcnn,leave_one_model__mistral_7b_instruct_v0_3_q4_k_m,validation,matched_clean_llm,dedup-cluster-4c7d81d9bc771045be64324c,revision_v1_nonce_96_bit_hex_001,qwen2_5_7b_instruct_q4_k_m,nonseg_ascii_b8,nonce_96_bit_hex,narrative_small_discovery
detector_pair__bdfac663ca8a40f100f8d1f0__rankcloak,1,0.987242579460144,textcnn,leave_one_model__mistral_7b_instruct_v0_3_q4_k_m,validation,matched_clean_llm,dedup-cluster-4c7d81d9bc771045be64324c,revision_v1_nonce_96_bit_hex_001,qwen2_5_7b_instruct_q4_k_m,nonseg_ascii_b8,nonce_96_bit_hex,narrative_small_discovery
detector_pair__bee545616abce28ca44aab1a__ordinary_control,0,0.00667352881282568,textcnn,leave_one_model__mistral_7b_instruct_v0_3_q4_k_m,validation,matched_clean_llm,dedup-cluster-1658921bbd26cede8f32a38a,revision_v1_ed25519_signature_base64_033,llama3_8b_instruct_q4_k_m,direct_subword_calgacus,ed25519_signature_base64,narrative_small_discovery
detector_pair__bee545616abce28ca44aab1a__rankcloak,1,0.12185051292181015,textcnn,leave_one_model__mistral_7b_instruct_v0_3_q4_k_m,validation,matched_clean_llm,dedup-cluster-1658921bbd26cede8f32a38a,revision_v1_ed25519_signature_base64_033,llama3_8b_instruct_q4_k_m,direct_subword_calgacus,ed25519_signature_base64,narrative_small_discovery
detector_pair__bf2912079ff3b86b6f2905c8__ordinary_control,0,0.005754206329584122,textcnn,leave_one_model__mistral_7b_instruct_v0_3_q4_k_m,validation,matched_clean_llm,dedup-cluster-a9a56840e2c7d4a59a486e62,revision_v1_nonce_96_bit_hex_025,qwen2_5_7b_instruct_q4_k_m,segmented_hex_multi_topic,nonce_96_bit_hex,narrative_local_walk
detector_pair__bf2912079ff3b86b6f2905c8__rankcloak,1,0.97801673412323,textcnn,leave_one_model__mistral_7b_instruct_v0_3_q4_k_m,validation,matched_clean_llm,dedup-cluster-a9a56840e2c7d4a59a486e62,revision_v1_nonce_96_bit_hex_025,qwen2_5_7b_instruct_q4_k_m,segmented_hex_multi_topic,nonce_96_bit_hex,narrative_local_walk
detector_pair__bf3aa284d14838ce724a2183__ordinary_control,0,0.21497240662574768,textcnn,leave_one_model__mistral_7b_instruct_v0_3_q4_k_m,validation,matched_clean_llm,dedup-cluster-d80c78b75330766130b70bf5,revision_v1_hmac_sha256_hex_030,llama3_8b_instruct_q4_k_m,segmented_hex_multi_topic,hmac_sha256_hex,professional_project_update
detector_pair__bf3aa284d14838ce724a2183__rankcloak,1,0.06444720178842545,textcnn,leave_one_model__mistral_7b_instruct_v0_3_q4_k_m,validation,matched_clean_llm,dedup-cluster-d80c78b75330766130b70bf5,revision_v1_hmac_sha256_hex_030,llama3_8b_instruct_q4_k_m,segmented_hex_multi_topic,hmac_sha256_hex,professional_project_update
detector_pair__bf40f9a53af6b8dba61b7fe0__ordinary_control,0,0.6025860905647278,textcnn,leave_one_model__mistral_7b_instruct_v0_3_q4_k_m,validation,matched_clean_llm,dedup-cluster-d24ae4dc1ca2dcb4473005f9,revision_v1_hmac_sha256_hex_036,qwen2_5_7b_instruct_q4_k_m,segmented_hex_single_topic,hmac_sha256_hex,forum_learning_answer
detector_pair__bf40f9a53af6b8dba61b7fe0__rankcloak,1,0.9823234677314758,textcnn,leave_one_model__mistral_7b_instruct_v0_3_q4_k_m,validation,matched_clean_llm,dedup-cluster-d24ae4dc1ca2dcb4473005f9,revision_v1_hmac_sha256_hex_036,qwen2_5_7b_instruct_q4_k_m,segmented_hex_single_topic,hmac_sha256_hex,forum_learning_answer
detector_pair__c05432c8c2dfc96141e7c4ff__ordinary_control,0,0.0008749644621275365,textcnn,leave_one_model__mistral_7b_instruct_v0_3_q4_k_m,validation,matched_clean_llm,dedup-cluster-6ace02c4c66fff411127a281,revision_v1_token_128_bit_hex_012,llama3_8b_instruct_q4_k_m,direct_subword_calgacus,token_128_bit_hex,procedure_garden_task
detector_pair__c05432c8c2dfc96141e7c4ff__rankcloak,1,0.9754186272621155,textcnn,leave_one_model__mistral_7b_instruct_v0_3_q4_k_m,validation,matched_clean_llm,dedup-cluster-6ace02c4c66fff411127a281,revision_v1_token_128_bit_hex_012,llama3_8b_instruct_q4_k_m,direct_subword_calgacus,token_128_bit_hex,procedure_garden_task
detector_pair__c13cc0f0d8b1481f4082ec2f__ordinary_control,0,0.0007028335821814835,textcnn,leave_one_model__mistral_7b_instruct_v0_3_q4_k_m,validation,matched_clean_llm,dedup-cluster-6136de4e90d44eb994005d2a,revision_v1_uuid_v4_051,llama3_8b_instruct_q4_k_m,direct_subword_calgacus,uuid_v4,professional_project_update
detector_pair__c13cc0f0d8b1481f4082ec2f__rankcloak,1,0.7142578363418579,textcnn,leave_one_model__mistral_7b_instruct_v0_3_q4_k_m,validation,matched_clean_llm,dedup-cluster-6136de4e90d44eb994005d2a,revision_v1_uuid_v4_051,llama3_8b_instruct_q4_k_m,direct_subword_calgacus,uuid_v4,professional_project_update
detector_pair__c1acf8369db422c31a1c8c36__ordinary_control,0,6.2904546211939305e-06,textcnn,leave_one_model__mistral_7b_instruct_v0_3_q4_k_m,validation,matched_clean_llm,dedup-cluster-32ad4bf593b222d70a8ca962,revision_v1_hmac_sha256_hex_053,llama3_8b_instruct_q4_k_m,direct_subword_calgacus,hmac_sha256_hex,casual_weekend_chat
detector_pair__c1acf8369db422c31a1c8c36__rankcloak,1,0.9999954700469971,textcnn,leave_one_model__mistral_7b_instruct_v0_3_q4_k_m,validation,matched_clean_llm,dedup-cluster-32ad4bf593b222d70a8ca962,revision_v1_hmac_sha256_hex_053,llama3_8b_instruct_q4_k_m,direct_subword_calgacus,hmac_sha256_hex,casual_weekend_chat
detector_pair__c23fec3dd1de88712663b5dc__ordinary_control,0,0.001064114854671061,textcnn,leave_one_model__mistral_7b_instruct_v0_3_q4_k_m,validation,matched_clean_llm,dedup-cluster-2e2ec68963e479ffd3172011,revision_v1_ed25519_signature_base64_005,llama3_8b_instruct_q4_k_m,nonseg_ascii_b16,ed25519_signature_base64,casual_hobby_chat
detector_pair__c23fec3dd1de88712663b5dc__rankcloak,1,0.9999520778656006,textcnn,leave_one_model__mistral_7b_instruct_v0_3_q4_k_m,validation,matched_clean_llm,dedup-cluster-2e2ec68963e479ffd3172011,revision_v1_ed25519_signature_base64_005,llama3_8b_instruct_q4_k_m,nonseg_ascii_b16,ed25519_signature_base64,casual_hobby_chat
detector_pair__c277c890351998d3860f883b__ordinary_control,0,0.027640940621495247,textcnn,leave_one_model__mistral_7b_instruct_v0_3_q4_k_m,validation,matched_clean_llm,dedup-cluster-21724430ac9765521f1234e5,revision_v1_token_128_bit_hex_056,llama3_8b_instruct_q4_k_m,segmented_hex_multi_topic,token_128_bit_hex,explain_weather_pattern
detector_pair__c277c890351998d3860f883b__rankcloak,1,0.9257265329360962,textcnn,leave_one_model__mistral_7b_instruct_v0_3_q4_k_m,validation,matched_clean_llm,dedup-cluster-21724430ac9765521f1234e5,revision_v1_token_128_bit_hex_056,llama3_8b_instruct_q4_k_m,segmented_hex_multi_topic,token_128_bit_hex,explain_weather_pattern
detector_pair__c27c9bf42b1aba7371ca8059__ordinary_control,0,1.765775436979311e-08,textcnn,leave_one_model__mistral_7b_instruct_v0_3_q4_k_m,validation,matched_clean_llm,dedup-cluster-17900f3eff20bb84e24fa1da,revision_v1_token_128_bit_hex_021,qwen2_5_7b_instruct_q4_k_m,nonseg_hex_nibble_b16,token_128_bit_hex,professional_schedule_note
detector_pair__c27c9bf42b1aba7371ca8059__rankcloak,1,0.999921441078186,textcnn,leave_one_model__mistral_7b_instruct_v0_3_q4_k_m,validation,matched_clean_llm,dedup-cluster-17900f3eff20bb84e24fa1da,revision_v1_token_128_bit_hex_021,qwen2_5_7b_instruct_q4_k_m,nonseg_hex_nibble_b16,token_128_bit_hex,professional_schedule_note
detector_pair__c28d79ba2ef5faff7019a762__ordinary_control,0,0.006555203348398209,textcnn,leave_one_model__mistral_7b_instruct_v0_3_q4_k_m,validation,matched_clean_llm,dedup-cluster-484bc3854d49e18198bd3802,revision_v1_hmac_sha256_hex_050,qwen2_5_7b_instruct_q4_k_m,direct_subword_calgacus,hmac_sha256_hex,narrative_local_walk
detector_pair__c28d79ba2ef5faff7019a762__rankcloak,1,0.9077166318893433,textcnn,leave_one_model__mistral_7b_instruct_v0_3_q4_k_m,validation,matched_clean_llm,dedup-cluster-484bc3854d49e18198bd3802,revision_v1_hmac_sha256_hex_050,qwen2_5_7b_instruct_q4_k_m,direct_subword_calgacus,hmac_sha256_hex,narrative_local_walk
detector_pair__c3179142c2f6e39fe0e63c5b__ordinary_control,0,0.0007572764297947288,textcnn,leave_one_model__mistral_7b_instruct_v0_3_q4_k_m,validation,matched_clean_llm,dedup-cluster-9f2700a571f51133cc69754b,revision_v1_chacha20_poly1305_base64_019,qwen2_5_7b_instruct_q4_k_m,nonseg_ascii_b8,chacha20_poly1305_base64,forum_purchase_advice
detector_pair__c3179142c2f6e39fe0e63c5b__rankcloak,1,0.9998340606689453,textcnn,leave_one_model__mistral_7b_instruct_v0_3_q4_k_m,validation,matched_clean_llm,dedup-cluster-9f2700a571f51133cc69754b,revision_v1_chacha20_poly1305_base64_019,qwen2_5_7b_instruct_q4_k_m,nonseg_ascii_b8,chacha20_poly1305_base64,forum_purchase_advice
detector_pair__c31c192042fa8e257b81abab__ordinary_control,0,2.609542448794855e-08,textcnn,leave_one_model__mistral_7b_instruct_v0_3_q4_k_m,validation,matched_clean_llm,dedup-cluster-17900f3eff20bb84e24fa1da,revision_v1_token_128_bit_hex_021,qwen2_5_7b_instruct_q4_k_m,segmented_hex_single_topic,token_128_bit_hex,professional_schedule_note
detector_pair__c31c192042fa8e257b81abab__rankcloak,1,0.9999743700027466,textcnn,leave_one_model__mistral_7b_instruct_v0_3_q4_k_m,validation,matched_clean_llm,dedup-cluster-17900f3eff20bb84e24fa1da,revision_v1_token_128_bit_hex_021,qwen2_5_7b_instruct_q4_k_m,segmented_hex_single_topic,token_128_bit_hex,professional_schedule_note
detector_pair__c35154f547c71dc0127d66a3__ordinary_control,0,0.07325500249862671,textcnn,leave_one_model__mistral_7b_instruct_v0_3_q4_k_m,validation,matched_clean_llm,dedup-cluster-00eccca339b70a566fc600ea,revision_v1_ed25519_signature_base64_041,llama3_8b_instruct_q4_k_m,nonseg_ascii_b16,ed25519_signature_base64,casual_hobby_chat
detector_pair__c35154f547c71dc0127d66a3__rankcloak,1,0.9999967813491821,textcnn,leave_one_model__mistral_7b_instruct_v0_3_q4_k_m,validation,matched_clean_llm,dedup-cluster-00eccca339b70a566fc600ea,revision_v1_ed25519_signature_base64_041,llama3_8b_instruct_q4_k_m,nonseg_ascii_b16,ed25519_signature_base64,casual_hobby_chat
detector_pair__c378452b0301baf00916f4a1__ordinary_control,0,0.006801685784012079,textcnn,leave_one_model__mistral_7b_instruct_v0_3_q4_k_m,validation,matched_clean_llm,dedup-cluster-484bc3854d49e18198bd3802,revision_v1_hmac_sha256_hex_050,llama3_8b_instruct_q4_k_m,segmented_hex_single_topic,hmac_sha256_hex,procedure_simple_meal
detector_pair__c378452b0301baf00916f4a1__rankcloak,1,0.3148350715637207,textcnn,leave_one_model__mistral_7b_instruct_v0_3_q4_k_m,validation,matched_clean_llm,dedup-cluster-484bc3854d49e18198bd3802,revision_v1_hmac_sha256_hex_050,llama3_8b_instruct_q4_k_m,segmented_hex_single_topic,hmac_sha256_hex,procedure_simple_meal
detector_pair__c3d6450d3ff52e53e45269a3__ordinary_control,0,0.0004889658303000033,textcnn,leave_one_model__mistral_7b_instruct_v0_3_q4_k_m,validation,matched_clean_llm,dedup-cluster-064db5ffad9ed683b6e0fdbd,revision_v1_sha256_hex_035,llama3_8b_instruct_q4_k_m,nonseg_ascii_b16,sha256_hex,explain_biological_process
detector_pair__c3d6450d3ff52e53e45269a3__rankcloak,1,0.9697495698928833,textcnn,leave_one_model__mistral_7b_instruct_v0_3_q4_k_m,validation,matched_clean_llm,dedup-cluster-064db5ffad9ed683b6e0fdbd,revision_v1_sha256_hex_035,llama3_8b_instruct_q4_k_m,nonseg_ascii_b16,sha256_hex,explain_biological_process
detector_pair__c43cef4a14130e88f72dc86e__ordinary_control,0,0.0010109213180840015,textcnn,leave_one_model__mistral_7b_instruct_v0_3_q4_k_m,validation,matched_clean_llm,dedup-cluster-4df1f95590c9f69533ae0634,revision_v1_nonce_96_bit_hex_027,llama3_8b_instruct_q4_k_m,nonseg_ascii_b16,nonce_96_bit_hex,explain_weather_pattern
detector_pair__c43cef4a14130e88f72dc86e__rankcloak,1,0.07470063865184784,textcnn,leave_one_model__mistral_7b_instruct_v0_3_q4_k_m,validation,matched_clean_llm,dedup-cluster-4df1f95590c9f69533ae0634,revision_v1_nonce_96_bit_hex_027,llama3_8b_instruct_q4_k_m,nonseg_ascii_b16,nonce_96_bit_hex,explain_weather_pattern
detector_pair__c49315329c5183ce5098a57e__ordinary_control,0,0.5074611306190491,textcnn,leave_one_model__mistral_7b_instruct_v0_3_q4_k_m,validation,matched_clean_llm,dedup-cluster-37d4a9d7e9509ca2f58035f8,revision_v1_hmac_sha256_hex_022,llama3_8b_instruct_q4_k_m,nonseg_hex_nibble_b16,hmac_sha256_hex,explain_everyday_system
detector_pair__c49315329c5183ce5098a57e__rankcloak,1,0.9999632835388184,textcnn,leave_one_model__mistral_7b_instruct_v0_3_q4_k_m,validation,matched_clean_llm,dedup-cluster-37d4a9d7e9509ca2f58035f8,revision_v1_hmac_sha256_hex_022,llama3_8b_instruct_q4_k_m,nonseg_hex_nibble_b16,hmac_sha256_hex,explain_everyday_system
detector_pair__c51277604a7f04e000e6bd2c__ordinary_control,0,5.481404059537454e-07,textcnn,leave_one_model__mistral_7b_instruct_v0_3_q4_k_m,validation,matched_clean_llm,dedup-cluster-0401b1baba09fb1c1437ea35,revision_v1_nonce_96_bit_hex_011,qwen2_5_7b_instruct_q4_k_m,segmented_hex_multi_topic,nonce_96_bit_hex,forum_purchase_advice
detector_pair__c51277604a7f04e000e6bd2c__rankcloak,1,0.033344000577926636,textcnn,leave_one_model__mistral_7b_instruct_v0_3_q4_k_m,validation,matched_clean_llm,dedup-cluster-0401b1baba09fb1c1437ea35,revision_v1_nonce_96_bit_hex_011,qwen2_5_7b_instruct_q4_k_m,segmented_hex_multi_topic,nonce_96_bit_hex,forum_purchase_advice
detector_pair__c521832dfa7dedab93af76bf__ordinary_control,0,0.11363121122121811,textcnn,leave_one_model__mistral_7b_instruct_v0_3_q4_k_m,validation,matched_clean_llm,dedup-cluster-8bfe7043c327d3a82a41f9ad,revision_v1_ed25519_signature_base64_050,qwen2_5_7b_instruct_q4_k_m,nonseg_ascii_b8,ed25519_signature_base64,narrative_local_walk
detector_pair__c521832dfa7dedab93af76bf__rankcloak,1,0.9903073310852051,textcnn,leave_one_model__mistral_7b_instruct_v0_3_q4_k_m,validation,matched_clean_llm,dedup-cluster-8bfe7043c327d3a82a41f9ad,revision_v1_ed25519_signature_base64_050,qwen2_5_7b_instruct_q4_k_m,nonseg_ascii_b8,ed25519_signature_base64,narrative_local_walk
detector_pair__c586093d9b58f794602d25be__ordinary_control,0,0.029088428243994713,textcnn,leave_one_model__mistral_7b_instruct_v0_3_q4_k_m,validation,matched_clean_llm,dedup-cluster-8372a615906d4a4146d45c75,revision_v1_aes256_gcm_base64_005,qwen2_5_7b_instruct_q4_k_m,nonseg_ascii_b8,aes256_gcm_base64,explain_weather_pattern
detector_pair__c586093d9b58f794602d25be__rankcloak,1,0.9970145225524902,textcnn,leave_one_model__mistral_7b_instruct_v0_3_q4_k_m,validation,matched_clean_llm,dedup-cluster-8372a615906d4a4146d45c75,revision_v1_aes256_gcm_base64_005,qwen2_5_7b_instruct_q4_k_m,nonseg_ascii_b8,aes256_gcm_base64,explain_weather_pattern
detector_pair__c5911904f28e0c9f835493a9__ordinary_control,0,1.1812841876235325e-05,textcnn,leave_one_model__mistral_7b_instruct_v0_3_q4_k_m,validation,matched_clean_llm,dedup-cluster-4f6ab2ce0956867e1b0b1bad,revision_v1_hmac_sha256_hex_043,llama3_8b_instruct_q4_k_m,direct_subword_calgacus,hmac_sha256_hex,forum_learning_answer
detector_pair__c5911904f28e0c9f835493a9__rankcloak,1,0.051669973880052567,textcnn,leave_one_model__mistral_7b_instruct_v0_3_q4_k_m,validation,matched_clean_llm,dedup-cluster-4f6ab2ce0956867e1b0b1bad,revision_v1_hmac_sha256_hex_043,llama3_8b_instruct_q4_k_m,direct_subword_calgacus,hmac_sha256_hex,forum_learning_answer
detector_pair__c59deb86b6c960b3353fc92b__ordinary_control,0,1.8090302546625026e-05,textcnn,leave_one_model__mistral_7b_instruct_v0_3_q4_k_m,validation,matched_clean_llm,dedup-cluster-cb374f9ca23dfd168fe55742,revision_v1_hmac_sha256_hex_055,llama3_8b_instruct_q4_k_m,direct_subword_calgacus,hmac_sha256_hex,forum_purchase_advice
detector_pair__c59deb86b6c960b3353fc92b__rankcloak,1,0.013636719435453415,textcnn,leave_one_model__mistral_7b_instruct_v0_3_q4_k_m,validation,matched_clean_llm,dedup-cluster-cb374f9ca23dfd168fe55742,revision_v1_hmac_sha256_hex_055,llama3_8b_instruct_q4_k_m,direct_subword_calgacus,hmac_sha256_hex,forum_purchase_advice
detector_pair__c5caf51c0d5586ec079f9c2f__ordinary_control,0,0.00826328620314598,textcnn,leave_one_model__mistral_7b_instruct_v0_3_q4_k_m,validation,matched_clean_llm,dedup-cluster-6ce30f9a3e80626084969f2a,revision_v1_ed25519_signature_base64_043,qwen2_5_7b_instruct_q4_k_m,nonseg_ascii_b16,ed25519_signature_base64,procedure_simple_meal
detector_pair__c5caf51c0d5586ec079f9c2f__rankcloak,1,0.9927366971969604,textcnn,leave_one_model__mistral_7b_instruct_v0_3_q4_k_m,validation,matched_clean_llm,dedup-cluster-6ce30f9a3e80626084969f2a,revision_v1_ed25519_signature_base64_043,qwen2_5_7b_instruct_q4_k_m,nonseg_ascii_b16,ed25519_signature_base64,procedure_simple_meal
detector_pair__c5fbf0ad76afa1c34885d8f7__ordinary_control,0,7.000626283115707e-07,textcnn,leave_one_model__mistral_7b_instruct_v0_3_q4_k_m,validation,matched_clean_llm,dedup-cluster-c581ece2a3e5e2c3b74d6d5e,revision_v1_chacha20_poly1305_base64_016,qwen2_5_7b_instruct_q4_k_m,direct_subword_calgacus,chacha20_poly1305_base64,explain_weather_pattern
detector_pair__c5fbf0ad76afa1c34885d8f7__rankcloak,1,0.9999672174453735,textcnn,leave_one_model__mistral_7b_instruct_v0_3_q4_k_m,validation,matched_clean_llm,dedup-cluster-c581ece2a3e5e2c3b74d6d5e,revision_v1_chacha20_poly1305_base64_016,qwen2_5_7b_instruct_q4_k_m,direct_subword_calgacus,chacha20_poly1305_base64,explain_weather_pattern
detector_pair__c60e56cd0da9be5b061b61df__ordinary_control,0,0.010058032348752022,textcnn,leave_one_model__mistral_7b_instruct_v0_3_q4_k_m,validation,matched_clean_llm,dedup-cluster-a48caa544001e5d183a57eea,revision_v1_nonce_96_bit_hex_049,qwen2_5_7b_instruct_q4_k_m,nonseg_ascii_b8,nonce_96_bit_hex,narrative_learning_moment
detector_pair__c60e56cd0da9be5b061b61df__rankcloak,1,0.9999561309814453,textcnn,leave_one_model__mistral_7b_instruct_v0_3_q4_k_m,validation,matched_clean_llm,dedup-cluster-a48caa544001e5d183a57eea,revision_v1_nonce_96_bit_hex_049,qwen2_5_7b_instruct_q4_k_m,nonseg_ascii_b8,nonce_96_bit_hex,narrative_learning_moment
detector_pair__c64c6079d6a0e676792dee0f__ordinary_control,0,0.0020168290939182043,textcnn,leave_one_model__mistral_7b_instruct_v0_3_q4_k_m,validation,matched_clean_llm,dedup-cluster-0eb47bf23cdaa7b54a0335a2,revision_v1_token_128_bit_hex_055,qwen2_5_7b_instruct_q4_k_m,nonseg_ascii_b8,token_128_bit_hex,explain_everyday_system
detector_pair__c64c6079d6a0e676792dee0f__rankcloak,1,0.998649537563324,textcnn,leave_one_model__mistral_7b_instruct_v0_3_q4_k_m,validation,matched_clean_llm,dedup-cluster-0eb47bf23cdaa7b54a0335a2,revision_v1_token_128_bit_hex_055,qwen2_5_7b_instruct_q4_k_m,nonseg_ascii_b8,token_128_bit_hex,explain_everyday_system
detector_pair__c65cd8f8492214e2a5d5e633__ordinary_control,0,3.81944228138309e-05,textcnn,leave_one_model__mistral_7b_instruct_v0_3_q4_k_m,validation,matched_clean_llm,dedup-cluster-1a58c45e1a5617daccb29f6e,revision_v1_aes256_gcm_base64_035,llama3_8b_instruct_q4_k_m,nonseg_ascii_b16,aes256_gcm_base64,narrative_local_walk
detector_pair__c65cd8f8492214e2a5d5e633__rankcloak,1,0.9996680021286011,textcnn,leave_one_model__mistral_7b_instruct_v0_3_q4_k_m,validation,matched_clean_llm,dedup-cluster-1a58c45e1a5617daccb29f6e,revision_v1_aes256_gcm_base64_035,llama3_8b_instruct_q4_k_m,nonseg_ascii_b16,aes256_gcm_base64,narrative_local_walk
detector_pair__c6d3b539b518ae46ee215a6f__ordinary_control,0,0.00046599889174103737,textcnn,leave_one_model__mistral_7b_instruct_v0_3_q4_k_m,validation,matched_clean_llm,dedup-cluster-c588a294c6263bec1e8ad56d,revision_v1_token_128_bit_hex_054,llama3_8b_instruct_q4_k_m,nonseg_ascii_b8,token_128_bit_hex,procedure_simple_meal
detector_pair__c6d3b539b518ae46ee215a6f__rankcloak,1,0.9999934434890747,textcnn,leave_one_model__mistral_7b_instruct_v0_3_q4_k_m,validation,matched_clean_llm,dedup-cluster-c588a294c6263bec1e8ad56d,revision_v1_token_128_bit_hex_054,llama3_8b_instruct_q4_k_m,nonseg_ascii_b8,token_128_bit_hex,procedure_simple_meal
detector_pair__c736c2794b04e846d497f04a__ordinary_control,0,0.0024256480392068624,textcnn,leave_one_model__mistral_7b_instruct_v0_3_q4_k_m,validation,matched_clean_llm,dedup-cluster-26d0e390c431894214a50804,revision_v1_chacha20_poly1305_base64_004,qwen2_5_7b_instruct_q4_k_m,nonseg_ascii_b16,chacha20_poly1305_base64,explain_everyday_system
detector_pair__c736c2794b04e846d497f04a__rankcloak,1,0.9999562501907349,textcnn,leave_one_model__mistral_7b_instruct_v0_3_q4_k_m,validation,matched_clean_llm,dedup-cluster-26d0e390c431894214a50804,revision_v1_chacha20_poly1305_base64_004,qwen2_5_7b_instruct_q4_k_m,nonseg_ascii_b16,chacha20_poly1305_base64,explain_everyday_system
detector_pair__c7b863cc8df89d7e0780e50e__ordinary_control,0,3.8830810808576643e-05,textcnn,leave_one_model__mistral_7b_instruct_v0_3_q4_k_m,validation,matched_clean_llm,dedup-cluster-72a697706958756a5d98abe5,revision_v1_aes256_gcm_base64_042,qwen2_5_7b_instruct_q4_k_m,nonseg_ascii_b16,aes256_gcm_base64,casual_hobby_chat
detector_pair__c7b863cc8df89d7e0780e50e__rankcloak,1,0.9999997615814209,textcnn,leave_one_model__mistral_7b_instruct_v0_3_q4_k_m,validation,matched_clean_llm,dedup-cluster-72a697706958756a5d98abe5,revision_v1_aes256_gcm_base64_042,qwen2_5_7b_instruct_q4_k_m,nonseg_ascii_b16,aes256_gcm_base64,casual_hobby_chat
detector_pair__c8022b8992d71f09af63161d__ordinary_control,0,0.00045034155482426286,textcnn,leave_one_model__mistral_7b_instruct_v0_3_q4_k_m,validation,matched_clean_llm,dedup-cluster-064db5ffad9ed683b6e0fdbd,revision_v1_sha256_hex_035,qwen2_5_7b_instruct_q4_k_m,segmented_hex_multi_topic,sha256_hex,casual_weekend_chat
detector_pair__c8022b8992d71f09af63161d__rankcloak,1,0.9970320463180542,textcnn,leave_one_model__mistral_7b_instruct_v0_3_q4_k_m,validation,matched_clean_llm,dedup-cluster-064db5ffad9ed683b6e0fdbd,revision_v1_sha256_hex_035,qwen2_5_7b_instruct_q4_k_m,segmented_hex_multi_topic,sha256_hex,casual_weekend_chat
detector_pair__c811cdcd5cc61f99118c0fba__ordinary_control,0,1.2377938219287898e-05,textcnn,leave_one_model__mistral_7b_instruct_v0_3_q4_k_m,validation,matched_clean_llm,dedup-cluster-1d730332b470450b93b8b767,revision_v1_hmac_sha256_hex_006,llama3_8b_instruct_q4_k_m,direct_subword_calgacus,hmac_sha256_hex,professional_process_email
detector_pair__c811cdcd5cc61f99118c0fba__rankcloak,1,0.9973345994949341,textcnn,leave_one_model__mistral_7b_instruct_v0_3_q4_k_m,validation,matched_clean_llm,dedup-cluster-1d730332b470450b93b8b767,revision_v1_hmac_sha256_hex_006,llama3_8b_instruct_q4_k_m,direct_subword_calgacus,hmac_sha256_hex,professional_process_email
detector_pair__c88fc95858e61ecdf0a75f4d__ordinary_control,0,0.00020998556283302605,textcnn,leave_one_model__mistral_7b_instruct_v0_3_q4_k_m,validation,matched_clean_llm,dedup-cluster-631342e4862923cce8d3242b,revision_v1_sha256_hex_029,qwen2_5_7b_instruct_q4_k_m,nonseg_ascii_b8,sha256_hex,casual_neighborhood_chat
detector_pair__c88fc95858e61ecdf0a75f4d__rankcloak,1,0.9998552799224854,textcnn,leave_one_model__mistral_7b_instruct_v0_3_q4_k_m,validation,matched_clean_llm,dedup-cluster-631342e4862923cce8d3242b,revision_v1_sha256_hex_029,qwen2_5_7b_instruct_q4_k_m,nonseg_ascii_b8,sha256_hex,casual_neighborhood_chat
detector_pair__c97e16a457b7060f8f91276f__ordinary_control,0,7.106533303158358e-05,textcnn,leave_one_model__mistral_7b_instruct_v0_3_q4_k_m,validation,matched_clean_llm,dedup-cluster-cb374f9ca23dfd168fe55742,revision_v1_hmac_sha256_hex_055,qwen2_5_7b_instruct_q4_k_m,nonseg_hex_nibble_b16,hmac_sha256_hex,procedure_garden_task
detector_pair__c97e16a457b7060f8f91276f__rankcloak,1,0.9999712705612183,textcnn,leave_one_model__mistral_7b_instruct_v0_3_q4_k_m,validation,matched_clean_llm,dedup-cluster-cb374f9ca23dfd168fe55742,revision_v1_hmac_sha256_hex_055,qwen2_5_7b_instruct_q4_k_m,nonseg_hex_nibble_b16,hmac_sha256_hex,procedure_garden_task
detector_pair__c98cda2f74162ec6dcc6f222__ordinary_control,0,4.862213245360181e-05,textcnn,leave_one_model__mistral_7b_instruct_v0_3_q4_k_m,validation,matched_clean_llm,dedup-cluster-bced2ec523557c720d4ecf66,revision_v1_token_128_bit_hex_036,llama3_8b_instruct_q4_k_m,segmented_hex_multi_topic,token_128_bit_hex,procedure_simple_meal
detector_pair__c98cda2f74162ec6dcc6f222__rankcloak,1,0.9999430179595947,textcnn,leave_one_model__mistral_7b_instruct_v0_3_q4_k_m,validation,matched_clean_llm,dedup-cluster-bced2ec523557c720d4ecf66,revision_v1_token_128_bit_hex_036,llama3_8b_instruct_q4_k_m,segmented_hex_multi_topic,token_128_bit_hex,procedure_simple_meal
detector_pair__c98d9dd70a5e04fa72b98feb__ordinary_control,0,3.694225233630277e-05,textcnn,leave_one_model__mistral_7b_instruct_v0_3_q4_k_m,validation,matched_clean_llm,dedup-cluster-339659e6d45626f95acf4c5b,revision_v1_nonce_96_bit_hex_052,qwen2_5_7b_instruct_q4_k_m,segmented_hex_single_topic,nonce_96_bit_hex,professional_process_email
detector_pair__c98d9dd70a5e04fa72b98feb__rankcloak,1,0.8565627932548523,textcnn,leave_one_model__mistral_7b_instruct_v0_3_q4_k_m,validation,matched_clean_llm,dedup-cluster-339659e6d45626f95acf4c5b,revision_v1_nonce_96_bit_hex_052,qwen2_5_7b_instruct_q4_k_m,segmented_hex_single_topic,nonce_96_bit_hex,professional_process_email
detector_pair__c9bcd3286a1ac217b7d9e93e__ordinary_control,0,0.0016894765431061387,textcnn,leave_one_model__mistral_7b_instruct_v0_3_q4_k_m,validation,matched_clean_llm,dedup-cluster-0eb47bf23cdaa7b54a0335a2,revision_v1_token_128_bit_hex_055,llama3_8b_instruct_q4_k_m,nonseg_ascii_b16,token_128_bit_hex,narrative_small_discovery
detector_pair__c9bcd3286a1ac217b7d9e93e__rankcloak,1,0.999283492565155,textcnn,leave_one_model__mistral_7b_instruct_v0_3_q4_k_m,validation,matched_clean_llm,dedup-cluster-0eb47bf23cdaa7b54a0335a2,revision_v1_token_128_bit_hex_055,llama3_8b_instruct_q4_k_m,nonseg_ascii_b16,token_128_bit_hex,narrative_small_discovery
detector_pair__c9f2b0b97922d534e92e78cc__ordinary_control,0,3.103448398178443e-05,textcnn,leave_one_model__mistral_7b_instruct_v0_3_q4_k_m,validation,matched_clean_llm,dedup-cluster-d24ae4dc1ca2dcb4473005f9,revision_v1_hmac_sha256_hex_036,qwen2_5_7b_instruct_q4_k_m,direct_subword_calgacus,hmac_sha256_hex,forum_learning_answer
detector_pair__c9f2b0b97922d534e92e78cc__rankcloak,1,0.9999873638153076,textcnn,leave_one_model__mistral_7b_instruct_v0_3_q4_k_m,validation,matched_clean_llm,dedup-cluster-d24ae4dc1ca2dcb4473005f9,revision_v1_hmac_sha256_hex_036,qwen2_5_7b_instruct_q4_k_m,direct_subword_calgacus,hmac_sha256_hex,forum_learning_answer
detector_pair__ca049b24753671de8555d295__ordinary_control,0,0.0006949598900973797,textcnn,leave_one_model__mistral_7b_instruct_v0_3_q4_k_m,validation,matched_clean_llm,dedup-cluster-6011fbb5ee1115e93ddfe3e1,revision_v1_chacha20_poly1305_base64_047,qwen2_5_7b_instruct_q4_k_m,nonseg_ascii_b8,chacha20_poly1305_base64,casual_neighborhood_chat
detector_pair__ca049b24753671de8555d295__rankcloak,1,0.9999990463256836,textcnn,leave_one_model__mistral_7b_instruct_v0_3_q4_k_m,validation,matched_clean_llm,dedup-cluster-6011fbb5ee1115e93ddfe3e1,revision_v1_chacha20_poly1305_base64_047,qwen2_5_7b_instruct_q4_k_m,nonseg_ascii_b8,chacha20_poly1305_base64,casual_neighborhood_chat
detector_pair__ca1edd1c0469e0c3b261562b__ordinary_control,0,0.0008087626774795353,textcnn,leave_one_model__mistral_7b_instruct_v0_3_q4_k_m,validation,matched_clean_llm,dedup-cluster-0401b1baba09fb1c1437ea35,revision_v1_nonce_96_bit_hex_011,llama3_8b_instruct_q4_k_m,segmented_hex_single_topic,nonce_96_bit_hex,professional_project_update
detector_pair__ca1edd1c0469e0c3b261562b__rankcloak,1,0.998501181602478,textcnn,leave_one_model__mistral_7b_instruct_v0_3_q4_k_m,validation,matched_clean_llm,dedup-cluster-0401b1baba09fb1c1437ea35,revision_v1_nonce_96_bit_hex_011,llama3_8b_instruct_q4_k_m,segmented_hex_single_topic,nonce_96_bit_hex,professional_project_update
detector_pair__caebd0e115b0f676bb7d1ed1__ordinary_control,0,0.0008658927399665117,textcnn,leave_one_model__mistral_7b_instruct_v0_3_q4_k_m,validation,matched_clean_llm,dedup-cluster-cc1d79c541da66daf8e9d81d,revision_v1_chacha20_poly1305_base64_040,qwen2_5_7b_instruct_q4_k_m,nonseg_ascii_b16,chacha20_poly1305_base64,explain_everyday_system
detector_pair__caebd0e115b0f676bb7d1ed1__rankcloak,1,0.9997161030769348,textcnn,leave_one_model__mistral_7b_instruct_v0_3_q4_k_m,validation,matched_clean_llm,dedup-cluster-cc1d79c541da66daf8e9d81d,revision_v1_chacha20_poly1305_base64_040,qwen2_5_7b_instruct_q4_k_m,nonseg_ascii_b16,chacha20_poly1305_base64,explain_everyday_system
detector_pair__cb249944a9bef9caa56746ca__ordinary_control,0,0.3066713809967041,textcnn,leave_one_model__mistral_7b_instruct_v0_3_q4_k_m,validation,matched_clean_llm,dedup-cluster-a48caa544001e5d183a57eea,revision_v1_nonce_96_bit_hex_049,qwen2_5_7b_instruct_q4_k_m,segmented_hex_single_topic,nonce_96_bit_hex,narrative_learning_moment
detector_pair__cb249944a9bef9caa56746ca__rankcloak,1,0.9999974966049194,textcnn,leave_one_model__mistral_7b_instruct_v0_3_q4_k_m,validation,matched_clean_llm,dedup-cluster-a48caa544001e5d183a57eea,revision_v1_nonce_96_bit_hex_049,qwen2_5_7b_instruct_q4_k_m,segmented_hex_single_topic,nonce_96_bit_hex,narrative_learning_moment
detector_pair__cb5bb12eaca251b4b08fe849__ordinary_control,0,3.4842226881437455e-08,textcnn,leave_one_model__mistral_7b_instruct_v0_3_q4_k_m,validation,matched_clean_llm,dedup-cluster-a1f09603de61d42b17c60f90,revision_v1_nonce_96_bit_hex_058,llama3_8b_instruct_q4_k_m,nonseg_ascii_b16,nonce_96_bit_hex,casual_neighborhood_chat
detector_pair__cb5bb12eaca251b4b08fe849__rankcloak,1,0.0946587324142456,textcnn,leave_one_model__mistral_7b_instruct_v0_3_q4_k_m,validation,matched_clean_llm,dedup-cluster-a1f09603de61d42b17c60f90,revision_v1_nonce_96_bit_hex_058,llama3_8b_instruct_q4_k_m,nonseg_ascii_b16,nonce_96_bit_hex,casual_neighborhood_chat
detector_pair__cb919db2ea7e925dae70808b__ordinary_control,0,0.0107572628185153,textcnn,leave_one_model__mistral_7b_instruct_v0_3_q4_k_m,validation,matched_clean_llm,dedup-cluster-6d140bf45feadd3404291e51,revision_v1_uuid_v4_049,llama3_8b_instruct_q4_k_m,nonseg_ascii_b16,uuid_v4,explain_weather_pattern
detector_pair__cb919db2ea7e925dae70808b__rankcloak,1,0.9970446228981018,textcnn,leave_one_model__mistral_7b_instruct_v0_3_q4_k_m,validation,matched_clean_llm,dedup-cluster-6d140bf45feadd3404291e51,revision_v1_uuid_v4_049,llama3_8b_instruct_q4_k_m,nonseg_ascii_b16,uuid_v4,explain_weather_pattern
detector_pair__cbe0b7fb40c52c6f179ef8a1__ordinary_control,0,0.0007953474996611476,textcnn,leave_one_model__mistral_7b_instruct_v0_3_q4_k_m,validation,matched_clean_llm,dedup-cluster-8150a67016c09420f58d3140,revision_v1_sha256_hex_053,qwen2_5_7b_instruct_q4_k_m,segmented_hex_multi_topic,sha256_hex,casual_weekend_chat
detector_pair__cbe0b7fb40c52c6f179ef8a1__rankcloak,1,0.9783385992050171,textcnn,leave_one_model__mistral_7b_instruct_v0_3_q4_k_m,validation,matched_clean_llm,dedup-cluster-8150a67016c09420f58d3140,revision_v1_sha256_hex_053,qwen2_5_7b_instruct_q4_k_m,segmented_hex_multi_topic,sha256_hex,casual_weekend_chat
detector_pair__cbe9e60e37a7a5b18e593092__ordinary_control,0,2.5548139092279598e-05,textcnn,leave_one_model__mistral_7b_instruct_v0_3_q4_k_m,validation,matched_clean_llm,dedup-cluster-1a58c45e1a5617daccb29f6e,revision_v1_aes256_gcm_base64_035,qwen2_5_7b_instruct_q4_k_m,nonseg_ascii_b8,aes256_gcm_base64,explain_biological_process
detector_pair__cbe9e60e37a7a5b18e593092__rankcloak,1,0.9999769926071167,textcnn,leave_one_model__mistral_7b_instruct_v0_3_q4_k_m,validation,matched_clean_llm,dedup-cluster-1a58c45e1a5617daccb29f6e,revision_v1_aes256_gcm_base64_035,qwen2_5_7b_instruct_q4_k_m,nonseg_ascii_b8,aes256_gcm_base64,explain_biological_process
detector_pair__cbf7e48324a866e0167a645d__ordinary_control,0,4.8268711907439865e-06,textcnn,leave_one_model__mistral_7b_instruct_v0_3_q4_k_m,validation,matched_clean_llm,dedup-cluster-a877ac9e15d9982c5f795957,revision_v1_sha256_hex_048,llama3_8b_instruct_q4_k_m,segmented_hex_multi_topic,sha256_hex,casual_neighborhood_chat
detector_pair__cbf7e48324a866e0167a645d__rankcloak,1,0.8922961354255676,textcnn,leave_one_model__mistral_7b_instruct_v0_3_q4_k_m,validation,matched_clean_llm,dedup-cluster-a877ac9e15d9982c5f795957,revision_v1_sha256_hex_048,llama3_8b_instruct_q4_k_m,segmented_hex_multi_topic,sha256_hex,casual_neighborhood_chat
detector_pair__cc01f3c2e9ee2fea393c42e7__ordinary_control,0,0.0002982548903673887,textcnn,leave_one_model__mistral_7b_instruct_v0_3_q4_k_m,validation,matched_clean_llm,dedup-cluster-087cbaaa2408a99991319532,revision_v1_uuid_v4_052,llama3_8b_instruct_q4_k_m,nonseg_ascii_b8,uuid_v4,forum_practical_answer
detector_pair__cc01f3c2e9ee2fea393c42e7__rankcloak,1,0.9999988079071045,textcnn,leave_one_model__mistral_7b_instruct_v0_3_q4_k_m,validation,matched_clean_llm,dedup-cluster-087cbaaa2408a99991319532,revision_v1_uuid_v4_052,llama3_8b_instruct_q4_k_m,nonseg_ascii_b8,uuid_v4,forum_practical_answer
detector_pair__cc0b4f4d72d941aafcffe69d__ordinary_control,0,0.003077990608289838,textcnn,leave_one_model__mistral_7b_instruct_v0_3_q4_k_m,validation,matched_clean_llm,dedup-cluster-725b5797405341915f74ba63,revision_v1_token_128_bit_hex_006,qwen2_5_7b_instruct_q4_k_m,segmented_hex_single_topic,token_128_bit_hex,narrative_learning_moment
detector_pair__cc0b4f4d72d941aafcffe69d__rankcloak,1,0.08330149203538895,textcnn,leave_one_model__mistral_7b_instruct_v0_3_q4_k_m,validation,matched_clean_llm,dedup-cluster-725b5797405341915f74ba63,revision_v1_token_128_bit_hex_006,qwen2_5_7b_instruct_q4_k_m,segmented_hex_single_topic,token_128_bit_hex,narrative_learning_moment
detector_pair__cce31a6ab910bbbc99727dbb__ordinary_control,0,0.0008544860756956041,textcnn,leave_one_model__mistral_7b_instruct_v0_3_q4_k_m,validation,matched_clean_llm,dedup-cluster-525f817201e5e26510c04739,revision_v1_uuid_v4_017,qwen2_5_7b_instruct_q4_k_m,direct_subword_calgacus,uuid_v4,narrative_local_walk
detector_pair__cce31a6ab910bbbc99727dbb__rankcloak,1,0.9856839179992676,textcnn,leave_one_model__mistral_7b_instruct_v0_3_q4_k_m,validation,matched_clean_llm,dedup-cluster-525f817201e5e26510c04739,revision_v1_uuid_v4_017,qwen2_5_7b_instruct_q4_k_m,direct_subword_calgacus,uuid_v4,narrative_local_walk
detector_pair__cd4ffa566da042faa88b82ce__ordinary_control,0,0.0034849888179451227,textcnn,leave_one_model__mistral_7b_instruct_v0_3_q4_k_m,validation,matched_clean_llm,dedup-cluster-b814eb53fabc825fc651b86a,revision_v1_chacha20_poly1305_base64_029,llama3_8b_instruct_q4_k_m,nonseg_ascii_b8,chacha20_poly1305_base64,explain_everyday_system
detector_pair__cd4ffa566da042faa88b82ce__rankcloak,1,0.999970555305481,textcnn,leave_one_model__mistral_7b_instruct_v0_3_q4_k_m,validation,matched_clean_llm,dedup-cluster-b814eb53fabc825fc651b86a,revision_v1_chacha20_poly1305_base64_029,llama3_8b_instruct_q4_k_m,nonseg_ascii_b8,chacha20_poly1305_base64,explain_everyday_system
detector_pair__cd660e747a41f1acf24b536c__ordinary_control,0,0.0005803430685773492,textcnn,leave_one_model__mistral_7b_instruct_v0_3_q4_k_m,validation,matched_clean_llm,dedup-cluster-4c7d81d9bc771045be64324c,revision_v1_nonce_96_bit_hex_001,llama3_8b_instruct_q4_k_m,segmented_hex_multi_topic,nonce_96_bit_hex,procedure_garden_task
detector_pair__cd660e747a41f1acf24b536c__rankcloak,1,0.009847261942923069,textcnn,leave_one_model__mistral_7b_instruct_v0_3_q4_k_m,validation,matched_clean_llm,dedup-cluster-4c7d81d9bc771045be64324c,revision_v1_nonce_96_bit_hex_001,llama3_8b_instruct_q4_k_m,segmented_hex_multi_topic,nonce_96_bit_hex,procedure_garden_task
detector_pair__cd66f10ad8a5ba636e066811__ordinary_control,0,0.00018322152027394623,textcnn,leave_one_model__mistral_7b_instruct_v0_3_q4_k_m,validation,matched_clean_llm,dedup-cluster-631342e4862923cce8d3242b,revision_v1_sha256_hex_029,llama3_8b_instruct_q4_k_m,direct_subword_calgacus,sha256_hex,explain_everyday_system
detector_pair__cd66f10ad8a5ba636e066811__rankcloak,1,0.08782830834388733,textcnn,leave_one_model__mistral_7b_instruct_v0_3_q4_k_m,validation,matched_clean_llm,dedup-cluster-631342e4862923cce8d3242b,revision_v1_sha256_hex_029,llama3_8b_instruct_q4_k_m,direct_subword_calgacus,sha256_hex,explain_everyday_system
detector_pair__cde8ef73355de36c61d675f4__ordinary_control,0,5.716463419958018e-05,textcnn,leave_one_model__mistral_7b_instruct_v0_3_q4_k_m,validation,matched_clean_llm,dedup-cluster-6ace02c4c66fff411127a281,revision_v1_token_128_bit_hex_012,qwen2_5_7b_instruct_q4_k_m,nonseg_hex_nibble_b16,token_128_bit_hex,narrative_small_discovery
detector_pair__cde8ef73355de36c61d675f4__rankcloak,1,0.970649778842926,textcnn,leave_one_model__mistral_7b_instruct_v0_3_q4_k_m,validation,matched_clean_llm,dedup-cluster-6ace02c4c66fff411127a281,revision_v1_token_128_bit_hex_012,qwen2_5_7b_instruct_q4_k_m,nonseg_hex_nibble_b16,token_128_bit_hex,narrative_small_discovery
detector_pair__ce26b20a00f129e6300d6f47__ordinary_control,0,0.8510584831237793,textcnn,leave_one_model__mistral_7b_instruct_v0_3_q4_k_m,validation,matched_clean_llm,dedup-cluster-1e608c8c5860067de2774eaa,revision_v1_uuid_v4_008,qwen2_5_7b_instruct_q4_k_m,nonseg_ascii_b8,uuid_v4,professional_project_update
detector_pair__ce26b20a00f129e6300d6f47__rankcloak,1,0.9725915789604187,textcnn,leave_one_model__mistral_7b_instruct_v0_3_q4_k_m,validation,matched_clean_llm,dedup-cluster-1e608c8c5860067de2774eaa,revision_v1_uuid_v4_008,qwen2_5_7b_instruct_q4_k_m,nonseg_ascii_b8,uuid_v4,professional_project_update
detector_pair__ce2d048fcf55b568709b383e__ordinary_control,0,0.0011898931115865707,textcnn,leave_one_model__mistral_7b_instruct_v0_3_q4_k_m,validation,matched_clean_llm,dedup-cluster-48d7da6cd06bde46d05aad3f,revision_v1_sha256_hex_056,qwen2_5_7b_instruct_q4_k_m,segmented_hex_single_topic,sha256_hex,procedure_home_task
detector_pair__ce2d048fcf55b568709b383e__rankcloak,1,0.22947116196155548,textcnn,leave_one_model__mistral_7b_instruct_v0_3_q4_k_m,validation,matched_clean_llm,dedup-cluster-48d7da6cd06bde46d05aad3f,revision_v1_sha256_hex_056,qwen2_5_7b_instruct_q4_k_m,segmented_hex_single_topic,sha256_hex,procedure_home_task
detector_pair__ce58f9c2d1293c3eed83079c__ordinary_control,0,6.548963028762955e-06,textcnn,leave_one_model__mistral_7b_instruct_v0_3_q4_k_m,validation,matched_clean_llm,dedup-cluster-c1384975805483ef72db522a,revision_v1_uuid_v4_047,llama3_8b_instruct_q4_k_m,nonseg_ascii_b16,uuid_v4,procedure_garden_task
detector_pair__ce58f9c2d1293c3eed83079c__rankcloak,1,0.999215841293335,textcnn,leave_one_model__mistral_7b_instruct_v0_3_q4_k_m,validation,matched_clean_llm,dedup-cluster-c1384975805483ef72db522a,revision_v1_uuid_v4_047,llama3_8b_instruct_q4_k_m,nonseg_ascii_b16,uuid_v4,procedure_garden_task
detector_pair__ce7fa472eaa3e0904bbe1182__ordinary_control,0,0.002366900909692049,textcnn,leave_one_model__mistral_7b_instruct_v0_3_q4_k_m,validation,matched_clean_llm,dedup-cluster-0eb47bf23cdaa7b54a0335a2,revision_v1_token_128_bit_hex_055,llama3_8b_instruct_q4_k_m,direct_subword_calgacus,token_128_bit_hex,narrative_small_discovery
detector_pair__ce7fa472eaa3e0904bbe1182__rankcloak,1,0.7918944954872131,textcnn,leave_one_model__mistral_7b_instruct_v0_3_q4_k_m,validation,matched_clean_llm,dedup-cluster-0eb47bf23cdaa7b54a0335a2,revision_v1_token_128_bit_hex_055,llama3_8b_instruct_q4_k_m,direct_subword_calgacus,token_128_bit_hex,narrative_small_discovery
detector_pair__ce9fd5687cdc56bea4eda85a__ordinary_control,0,4.643798092729412e-05,textcnn,leave_one_model__mistral_7b_instruct_v0_3_q4_k_m,validation,matched_clean_llm,dedup-cluster-bced2ec523557c720d4ecf66,revision_v1_token_128_bit_hex_036,qwen2_5_7b_instruct_q4_k_m,segmented_hex_single_topic,token_128_bit_hex,narrative_local_walk
detector_pair__ce9fd5687cdc56bea4eda85a__rankcloak,1,0.9875280261039734,textcnn,leave_one_model__mistral_7b_instruct_v0_3_q4_k_m,validation,matched_clean_llm,dedup-cluster-bced2ec523557c720d4ecf66,revision_v1_token_128_bit_hex_036,qwen2_5_7b_instruct_q4_k_m,segmented_hex_single_topic,token_128_bit_hex,narrative_local_walk
detector_pair__ced6349bff03b591cb68d342__ordinary_control,0,0.011229624971747398,textcnn,leave_one_model__mistral_7b_instruct_v0_3_q4_k_m,validation,matched_clean_llm,dedup-cluster-bced2ec523557c720d4ecf66,revision_v1_token_128_bit_hex_036,llama3_8b_instruct_q4_k_m,segmented_hex_single_topic,token_128_bit_hex,procedure_simple_meal
detector_pair__ced6349bff03b591cb68d342__rankcloak,1,0.9965454936027527,textcnn,leave_one_model__mistral_7b_instruct_v0_3_q4_k_m,validation,matched_clean_llm,dedup-cluster-bced2ec523557c720d4ecf66,revision_v1_token_128_bit_hex_036,llama3_8b_instruct_q4_k_m,segmented_hex_single_topic,token_128_bit_hex,procedure_simple_meal
detector_pair__cf1ffc066ce3129dc19d9940__ordinary_control,0,0.000958032556809485,textcnn,leave_one_model__mistral_7b_instruct_v0_3_q4_k_m,validation,matched_clean_llm,dedup-cluster-847d23bf1ef334bb559efd28,revision_v1_aes256_gcm_base64_000,llama3_8b_instruct_q4_k_m,direct_subword_calgacus,aes256_gcm_base64,explain_biological_process
detector_pair__cf1ffc066ce3129dc19d9940__rankcloak,1,0.9995518326759338,textcnn,leave_one_model__mistral_7b_instruct_v0_3_q4_k_m,validation,matched_clean_llm,dedup-cluster-847d23bf1ef334bb559efd28,revision_v1_aes256_gcm_base64_000,llama3_8b_instruct_q4_k_m,direct_subword_calgacus,aes256_gcm_base64,explain_biological_process
detector_pair__cfa72d41c36b1b511b5f0154__ordinary_control,0,0.004072854295372963,textcnn,leave_one_model__mistral_7b_instruct_v0_3_q4_k_m,validation,matched_clean_llm,dedup-cluster-48d7da6cd06bde46d05aad3f,revision_v1_sha256_hex_056,llama3_8b_instruct_q4_k_m,segmented_hex_single_topic,sha256_hex,forum_practical_answer
detector_pair__cfa72d41c36b1b511b5f0154__rankcloak,1,0.8394795656204224,textcnn,leave_one_model__mistral_7b_instruct_v0_3_q4_k_m,validation,matched_clean_llm,dedup-cluster-48d7da6cd06bde46d05aad3f,revision_v1_sha256_hex_056,llama3_8b_instruct_q4_k_m,segmented_hex_single_topic,sha256_hex,forum_practical_answer
detector_pair__cfc9f9aa1b74be5206025779__ordinary_control,0,8.97297213668935e-05,textcnn,leave_one_model__mistral_7b_instruct_v0_3_q4_k_m,validation,matched_clean_llm,dedup-cluster-53ddb375f906007b9492f105,revision_v1_sha256_hex_033,qwen2_5_7b_instruct_q4_k_m,segmented_hex_multi_topic,sha256_hex,narrative_small_discovery
detector_pair__cfc9f9aa1b74be5206025779__rankcloak,1,0.9995604157447815,textcnn,leave_one_model__mistral_7b_instruct_v0_3_q4_k_m,validation,matched_clean_llm,dedup-cluster-53ddb375f906007b9492f105,revision_v1_sha256_hex_033,qwen2_5_7b_instruct_q4_k_m,segmented_hex_multi_topic,sha256_hex,narrative_small_discovery
detector_pair__cfd83ecff1b10a8bdfe53aef__ordinary_control,0,0.043664075434207916,textcnn,leave_one_model__mistral_7b_instruct_v0_3_q4_k_m,validation,matched_clean_llm,dedup-cluster-8150a67016c09420f58d3140,revision_v1_sha256_hex_053,llama3_8b_instruct_q4_k_m,segmented_hex_multi_topic,sha256_hex,explain_biological_process
detector_pair__cfd83ecff1b10a8bdfe53aef__rankcloak,1,0.9981947541236877,textcnn,leave_one_model__mistral_7b_instruct_v0_3_q4_k_m,validation,matched_clean_llm,dedup-cluster-8150a67016c09420f58d3140,revision_v1_sha256_hex_053,llama3_8b_instruct_q4_k_m,segmented_hex_multi_topic,sha256_hex,explain_biological_process
detector_pair__d04d16fd5d5dde39aa44a021__ordinary_control,0,8.440956298727542e-05,textcnn,leave_one_model__mistral_7b_instruct_v0_3_q4_k_m,validation,matched_clean_llm,dedup-cluster-d80c78b75330766130b70bf5,revision_v1_hmac_sha256_hex_030,llama3_8b_instruct_q4_k_m,nonseg_ascii_b8,hmac_sha256_hex,professional_project_update
detector_pair__d04d16fd5d5dde39aa44a021__rankcloak,1,0.9999603033065796,textcnn,leave_one_model__mistral_7b_instruct_v0_3_q4_k_m,validation,matched_clean_llm,dedup-cluster-d80c78b75330766130b70bf5,revision_v1_hmac_sha256_hex_030,llama3_8b_instruct_q4_k_m,nonseg_ascii_b8,hmac_sha256_hex,professional_project_update
detector_pair__d09a18afcd93cce1a854cf02__ordinary_control,0,0.0005195781704969704,textcnn,leave_one_model__mistral_7b_instruct_v0_3_q4_k_m,validation,matched_clean_llm,dedup-cluster-064db5ffad9ed683b6e0fdbd,revision_v1_sha256_hex_035,qwen2_5_7b_instruct_q4_k_m,nonseg_hex_nibble_b16,sha256_hex,casual_weekend_chat
detector_pair__d09a18afcd93cce1a854cf02__rankcloak,1,0.9999992847442627,textcnn,leave_one_model__mistral_7b_instruct_v0_3_q4_k_m,validation,matched_clean_llm,dedup-cluster-064db5ffad9ed683b6e0fdbd,revision_v1_sha256_hex_035,qwen2_5_7b_instruct_q4_k_m,nonseg_hex_nibble_b16,sha256_hex,casual_weekend_chat
detector_pair__d10fc5df67717fd936b74738__ordinary_control,0,3.051110979868099e-06,textcnn,leave_one_model__mistral_7b_instruct_v0_3_q4_k_m,validation,matched_clean_llm,dedup-cluster-dcb1b73d5ccfd69dfe23f428,revision_v1_ed25519_signature_base64_000,llama3_8b_instruct_q4_k_m,nonseg_ascii_b8,ed25519_signature_base64,professional_schedule_note
detector_pair__d10fc5df67717fd936b74738__rankcloak,1,0.9999125003814697,textcnn,leave_one_model__mistral_7b_instruct_v0_3_q4_k_m,validation,matched_clean_llm,dedup-cluster-dcb1b73d5ccfd69dfe23f428,revision_v1_ed25519_signature_base64_000,llama3_8b_instruct_q4_k_m,nonseg_ascii_b8,ed25519_signature_base64,professional_schedule_note
detector_pair__d11c07b506eaaa0be7a9a8b0__ordinary_control,0,1.1901445304829394e-06,textcnn,leave_one_model__mistral_7b_instruct_v0_3_q4_k_m,validation,matched_clean_llm,dedup-cluster-32ad4bf593b222d70a8ca962,revision_v1_hmac_sha256_hex_053,qwen2_5_7b_instruct_q4_k_m,segmented_hex_multi_topic,hmac_sha256_hex,professional_schedule_note
detector_pair__d11c07b506eaaa0be7a9a8b0__rankcloak,1,0.00711018918082118,textcnn,leave_one_model__mistral_7b_instruct_v0_3_q4_k_m,validation,matched_clean_llm,dedup-cluster-32ad4bf593b222d70a8ca962,revision_v1_hmac_sha256_hex_053,qwen2_5_7b_instruct_q4_k_m,segmented_hex_multi_topic,hmac_sha256_hex,professional_schedule_note
detector_pair__d132a91ee9526c9010cf2c75__ordinary_control,0,8.035905193537474e-05,textcnn,leave_one_model__mistral_7b_instruct_v0_3_q4_k_m,validation,matched_clean_llm,dedup-cluster-48d7da6cd06bde46d05aad3f,revision_v1_sha256_hex_056,qwen2_5_7b_instruct_q4_k_m,segmented_hex_multi_topic,sha256_hex,procedure_home_task
detector_pair__d132a91ee9526c9010cf2c75__rankcloak,1,0.8984095454216003,textcnn,leave_one_model__mistral_7b_instruct_v0_3_q4_k_m,validation,matched_clean_llm,dedup-cluster-48d7da6cd06bde46d05aad3f,revision_v1_sha256_hex_056,qwen2_5_7b_instruct_q4_k_m,segmented_hex_multi_topic,sha256_hex,procedure_home_task
detector_pair__d148ebad639cb57563cc6448__ordinary_control,0,0.00028199536609463394,textcnn,leave_one_model__mistral_7b_instruct_v0_3_q4_k_m,validation,matched_clean_llm,dedup-cluster-edb6b099f1dff5a3bddeca8c,revision_v1_sha256_hex_012,qwen2_5_7b_instruct_q4_k_m,nonseg_hex_nibble_b16,sha256_hex,professional_project_update
detector_pair__d148ebad639cb57563cc6448__rankcloak,1,0.9999634027481079,textcnn,leave_one_model__mistral_7b_instruct_v0_3_q4_k_m,validation,matched_clean_llm,dedup-cluster-edb6b099f1dff5a3bddeca8c,revision_v1_sha256_hex_012,qwen2_5_7b_instruct_q4_k_m,nonseg_hex_nibble_b16,sha256_hex,professional_project_update
detector_pair__d1530dbd17ce3d4f63cae4ec__ordinary_control,0,0.0010877277236431837,textcnn,leave_one_model__mistral_7b_instruct_v0_3_q4_k_m,validation,matched_clean_llm,dedup-cluster-7b810f2afbcabc7ee462bff7,revision_v1_nonce_96_bit_hex_023,llama3_8b_instruct_q4_k_m,segmented_hex_single_topic,nonce_96_bit_hex,professional_process_email
detector_pair__d1530dbd17ce3d4f63cae4ec__rankcloak,1,0.9594546556472778,textcnn,leave_one_model__mistral_7b_instruct_v0_3_q4_k_m,validation,matched_clean_llm,dedup-cluster-7b810f2afbcabc7ee462bff7,revision_v1_nonce_96_bit_hex_023,llama3_8b_instruct_q4_k_m,segmented_hex_single_topic,nonce_96_bit_hex,professional_process_email
detector_pair__d15549264986d5fff3c61733__ordinary_control,0,0.0002510405029170215,textcnn,leave_one_model__mistral_7b_instruct_v0_3_q4_k_m,validation,matched_clean_llm,dedup-cluster-f71f239b6ba6105b60b970fe,revision_v1_aes256_gcm_base64_049,llama3_8b_instruct_q4_k_m,direct_subword_calgacus,aes256_gcm_base64,casual_hobby_chat
detector_pair__d15549264986d5fff3c61733__rankcloak,1,0.9999947547912598,textcnn,leave_one_model__mistral_7b_instruct_v0_3_q4_k_m,validation,matched_clean_llm,dedup-cluster-f71f239b6ba6105b60b970fe,revision_v1_aes256_gcm_base64_049,llama3_8b_instruct_q4_k_m,direct_subword_calgacus,aes256_gcm_base64,casual_hobby_chat
detector_pair__d16b8e35254f38271241bf16__ordinary_control,0,0.00053709204075858,textcnn,leave_one_model__mistral_7b_instruct_v0_3_q4_k_m,validation,matched_clean_llm,dedup-cluster-525f817201e5e26510c04739,revision_v1_uuid_v4_017,llama3_8b_instruct_q4_k_m,nonseg_ascii_b8,uuid_v4,procedure_simple_meal
detector_pair__d16b8e35254f38271241bf16__rankcloak,1,0.9834415316581726,textcnn,leave_one_model__mistral_7b_instruct_v0_3_q4_k_m,validation,matched_clean_llm,dedup-cluster-525f817201e5e26510c04739,revision_v1_uuid_v4_017,llama3_8b_instruct_q4_k_m,nonseg_ascii_b8,uuid_v4,procedure_simple_meal
detector_pair__d1daa2d0a927b60782c42266__ordinary_control,0,8.41543878777884e-05,textcnn,leave_one_model__mistral_7b_instruct_v0_3_q4_k_m,validation,matched_clean_llm,dedup-cluster-17900f3eff20bb84e24fa1da,revision_v1_token_128_bit_hex_021,llama3_8b_instruct_q4_k_m,nonseg_ascii_b8,token_128_bit_hex,casual_weekend_chat
detector_pair__d1daa2d0a927b60782c42266__rankcloak,1,0.9796004891395569,textcnn,leave_one_model__mistral_7b_instruct_v0_3_q4_k_m,validation,matched_clean_llm,dedup-cluster-17900f3eff20bb84e24fa1da,revision_v1_token_128_bit_hex_021,llama3_8b_instruct_q4_k_m,nonseg_ascii_b8,token_128_bit_hex,casual_weekend_chat
detector_pair__d21b936f7212450d27f644dc__ordinary_control,0,0.00015850269119255245,textcnn,leave_one_model__mistral_7b_instruct_v0_3_q4_k_m,validation,matched_clean_llm,dedup-cluster-cdae81a0da256f43636cdb0c,revision_v1_chacha20_poly1305_base64_024,llama3_8b_instruct_q4_k_m,nonseg_ascii_b8,chacha20_poly1305_base64,casual_hobby_chat
detector_pair__d21b936f7212450d27f644dc__rankcloak,1,0.9999644756317139,textcnn,leave_one_model__mistral_7b_instruct_v0_3_q4_k_m,validation,matched_clean_llm,dedup-cluster-cdae81a0da256f43636cdb0c,revision_v1_chacha20_poly1305_base64_024,llama3_8b_instruct_q4_k_m,nonseg_ascii_b8,chacha20_poly1305_base64,casual_hobby_chat
detector_pair__d2d08b48c5b710ce24e99637__ordinary_control,0,1.4626548363594338e-06,textcnn,leave_one_model__mistral_7b_instruct_v0_3_q4_k_m,validation,matched_clean_llm,dedup-cluster-6d140bf45feadd3404291e51,revision_v1_uuid_v4_049,qwen2_5_7b_instruct_q4_k_m,nonseg_ascii_b16,uuid_v4,casual_hobby_chat
detector_pair__d2d08b48c5b710ce24e99637__rankcloak,1,0.9998399019241333,textcnn,leave_one_model__mistral_7b_instruct_v0_3_q4_k_m,validation,matched_clean_llm,dedup-cluster-6d140bf45feadd3404291e51,revision_v1_uuid_v4_049,qwen2_5_7b_instruct_q4_k_m,nonseg_ascii_b16,uuid_v4,casual_hobby_chat
detector_pair__d2ef14820271a00b258f6bf2__ordinary_control,0,0.0005267418455332518,textcnn,leave_one_model__mistral_7b_instruct_v0_3_q4_k_m,validation,matched_clean_llm,dedup-cluster-7b810f2afbcabc7ee462bff7,revision_v1_nonce_96_bit_hex_023,llama3_8b_instruct_q4_k_m,nonseg_hex_nibble_b16,nonce_96_bit_hex,professional_process_email
detector_pair__d2ef14820271a00b258f6bf2__rankcloak,1,0.9863125681877136,textcnn,leave_one_model__mistral_7b_instruct_v0_3_q4_k_m,validation,matched_clean_llm,dedup-cluster-7b810f2afbcabc7ee462bff7,revision_v1_nonce_96_bit_hex_023,llama3_8b_instruct_q4_k_m,nonseg_hex_nibble_b16,nonce_96_bit_hex,professional_process_email
detector_pair__d316ef4f8f6694d68bd36264__ordinary_control,0,0.1618729829788208,textcnn,leave_one_model__mistral_7b_instruct_v0_3_q4_k_m,validation,matched_clean_llm,dedup-cluster-40f1050b751f94d4062ce3bb,revision_v1_aes256_gcm_base64_032,qwen2_5_7b_instruct_q4_k_m,nonseg_ascii_b16,aes256_gcm_base64,forum_learning_answer
detector_pair__d316ef4f8f6694d68bd36264__rankcloak,1,0.9997538924217224,textcnn,leave_one_model__mistral_7b_instruct_v0_3_q4_k_m,validation,matched_clean_llm,dedup-cluster-40f1050b751f94d4062ce3bb,revision_v1_aes256_gcm_base64_032,qwen2_5_7b_instruct_q4_k_m,nonseg_ascii_b16,aes256_gcm_base64,forum_learning_answer
detector_pair__d38051ffbbb449942635550a__ordinary_control,0,1.7088294725908781e-06,textcnn,leave_one_model__mistral_7b_instruct_v0_3_q4_k_m,validation,matched_clean_llm,dedup-cluster-00eccca339b70a566fc600ea,revision_v1_ed25519_signature_base64_041,qwen2_5_7b_instruct_q4_k_m,nonseg_ascii_b8,ed25519_signature_base64,professional_process_email
detector_pair__d38051ffbbb449942635550a__rankcloak,1,0.999984860420227,textcnn,leave_one_model__mistral_7b_instruct_v0_3_q4_k_m,validation,matched_clean_llm,dedup-cluster-00eccca339b70a566fc600ea,revision_v1_ed25519_signature_base64_041,qwen2_5_7b_instruct_q4_k_m,nonseg_ascii_b8,ed25519_signature_base64,professional_process_email
detector_pair__d3eff49d8694e4cb128f13cc__ordinary_control,0,7.722562259004917e-06,textcnn,leave_one_model__mistral_7b_instruct_v0_3_q4_k_m,validation,matched_clean_llm,dedup-cluster-e303bfe023e32c25389ebaf9,revision_v1_token_128_bit_hex_057,qwen2_5_7b_instruct_q4_k_m,segmented_hex_single_topic,token_128_bit_hex,professional_schedule_note
detector_pair__d3eff49d8694e4cb128f13cc__rankcloak,1,0.9999996423721313,textcnn,leave_one_model__mistral_7b_instruct_v0_3_q4_k_m,validation,matched_clean_llm,dedup-cluster-e303bfe023e32c25389ebaf9,revision_v1_token_128_bit_hex_057,qwen2_5_7b_instruct_q4_k_m,segmented_hex_single_topic,token_128_bit_hex,professional_schedule_note
detector_pair__d3fe2a99b7c341080ec885f3__ordinary_control,0,0.0005415675113908947,textcnn,leave_one_model__mistral_7b_instruct_v0_3_q4_k_m,validation,matched_clean_llm,dedup-cluster-a877ac9e15d9982c5f795957,revision_v1_sha256_hex_048,llama3_8b_instruct_q4_k_m,direct_subword_calgacus,sha256_hex,casual_neighborhood_chat
detector_pair__d3fe2a99b7c341080ec885f3__rankcloak,1,0.9529733657836914,textcnn,leave_one_model__mistral_7b_instruct_v0_3_q4_k_m,validation,matched_clean_llm,dedup-cluster-a877ac9e15d9982c5f795957,revision_v1_sha256_hex_048,llama3_8b_instruct_q4_k_m,direct_subword_calgacus,sha256_hex,casual_neighborhood_chat
detector_pair__d412a3904c8ff8e6b2d0991b__ordinary_control,0,0.00023532065097242594,textcnn,leave_one_model__mistral_7b_instruct_v0_3_q4_k_m,validation,matched_clean_llm,dedup-cluster-cb374f9ca23dfd168fe55742,revision_v1_hmac_sha256_hex_055,qwen2_5_7b_instruct_q4_k_m,segmented_hex_single_topic,hmac_sha256_hex,procedure_garden_task
detector_pair__d412a3904c8ff8e6b2d0991b__rankcloak,1,0.9690781831741333,textcnn,leave_one_model__mistral_7b_instruct_v0_3_q4_k_m,validation,matched_clean_llm,dedup-cluster-cb374f9ca23dfd168fe55742,revision_v1_hmac_sha256_hex_055,qwen2_5_7b_instruct_q4_k_m,segmented_hex_single_topic,hmac_sha256_hex,procedure_garden_task
detector_pair__d52b1c545ad05b06b494651d__ordinary_control,0,0.0001846137165557593,textcnn,leave_one_model__mistral_7b_instruct_v0_3_q4_k_m,validation,matched_clean_llm,dedup-cluster-17900f3eff20bb84e24fa1da,revision_v1_token_128_bit_hex_021,qwen2_5_7b_instruct_q4_k_m,segmented_hex_multi_topic,token_128_bit_hex,professional_schedule_note
detector_pair__d52b1c545ad05b06b494651d__rankcloak,1,0.605414867401123,textcnn,leave_one_model__mistral_7b_instruct_v0_3_q4_k_m,validation,matched_clean_llm,dedup-cluster-17900f3eff20bb84e24fa1da,revision_v1_token_128_bit_hex_021,qwen2_5_7b_instruct_q4_k_m,segmented_hex_multi_topic,token_128_bit_hex,professional_schedule_note
detector_pair__d55c05418ef2282673106eae__ordinary_control,0,3.7974706401655567e-07,textcnn,leave_one_model__mistral_7b_instruct_v0_3_q4_k_m,validation,matched_clean_llm,dedup-cluster-32ad4bf593b222d70a8ca962,revision_v1_hmac_sha256_hex_053,qwen2_5_7b_instruct_q4_k_m,nonseg_hex_nibble_b16,hmac_sha256_hex,professional_schedule_note
detector_pair__d55c05418ef2282673106eae__rankcloak,1,0.9999953508377075,textcnn,leave_one_model__mistral_7b_instruct_v0_3_q4_k_m,validation,matched_clean_llm,dedup-cluster-32ad4bf593b222d70a8ca962,revision_v1_hmac_sha256_hex_053,qwen2_5_7b_instruct_q4_k_m,nonseg_hex_nibble_b16,hmac_sha256_hex,professional_schedule_note
detector_pair__d56c330652baba71ff650420__ordinary_control,0,5.498781683854759e-05,textcnn,leave_one_model__mistral_7b_instruct_v0_3_q4_k_m,validation,matched_clean_llm,dedup-cluster-a48caa544001e5d183a57eea,revision_v1_nonce_96_bit_hex_049,llama3_8b_instruct_q4_k_m,nonseg_hex_nibble_b16,nonce_96_bit_hex,procedure_home_task
detector_pair__d56c330652baba71ff650420__rankcloak,1,0.9460306763648987,textcnn,leave_one_model__mistral_7b_instruct_v0_3_q4_k_m,validation,matched_clean_llm,dedup-cluster-a48caa544001e5d183a57eea,revision_v1_nonce_96_bit_hex_049,llama3_8b_instruct_q4_k_m,nonseg_hex_nibble_b16,nonce_96_bit_hex,procedure_home_task
detector_pair__d57d43accf93262b2f532a21__ordinary_control,0,0.11131250113248825,textcnn,leave_one_model__mistral_7b_instruct_v0_3_q4_k_m,validation,matched_clean_llm,dedup-cluster-2e7f1969791ae609498a9082,revision_v1_hmac_sha256_hex_020,qwen2_5_7b_instruct_q4_k_m,segmented_hex_multi_topic,hmac_sha256_hex,narrative_learning_moment
detector_pair__d57d43accf93262b2f532a21__rankcloak,1,0.9542872905731201,textcnn,leave_one_model__mistral_7b_instruct_v0_3_q4_k_m,validation,matched_clean_llm,dedup-cluster-2e7f1969791ae609498a9082,revision_v1_hmac_sha256_hex_020,qwen2_5_7b_instruct_q4_k_m,segmented_hex_multi_topic,hmac_sha256_hex,narrative_learning_moment
detector_pair__d58596e6d45d3ae197bae9ad__ordinary_control,0,9.676679837866686e-06,textcnn,leave_one_model__mistral_7b_instruct_v0_3_q4_k_m,validation,matched_clean_llm,dedup-cluster-e2f7268932e937ee54d92fe1,revision_v1_uuid_v4_016,qwen2_5_7b_instruct_q4_k_m,nonseg_ascii_b8,uuid_v4,procedure_home_task
detector_pair__d58596e6d45d3ae197bae9ad__rankcloak,1,0.9965919256210327,textcnn,leave_one_model__mistral_7b_instruct_v0_3_q4_k_m,validation,matched_clean_llm,dedup-cluster-e2f7268932e937ee54d92fe1,revision_v1_uuid_v4_016,qwen2_5_7b_instruct_q4_k_m,nonseg_ascii_b8,uuid_v4,procedure_home_task
detector_pair__d58bfcf8908ba4f396956c3b__ordinary_control,0,7.349653969868086e-07,textcnn,leave_one_model__mistral_7b_instruct_v0_3_q4_k_m,validation,matched_clean_llm,dedup-cluster-37d4a9d7e9509ca2f58035f8,revision_v1_hmac_sha256_hex_022,llama3_8b_instruct_q4_k_m,segmented_hex_single_topic,hmac_sha256_hex,explain_everyday_system
detector_pair__d58bfcf8908ba4f396956c3b__rankcloak,1,0.9999744892120361,textcnn,leave_one_model__mistral_7b_instruct_v0_3_q4_k_m,validation,matched_clean_llm,dedup-cluster-37d4a9d7e9509ca2f58035f8,revision_v1_hmac_sha256_hex_022,llama3_8b_instruct_q4_k_m,segmented_hex_single_topic,hmac_sha256_hex,explain_everyday_system
detector_pair__d5ae06b7b10f557b4987385e__ordinary_control,0,0.007047269027680159,textcnn,leave_one_model__mistral_7b_instruct_v0_3_q4_k_m,validation,matched_clean_llm,dedup-cluster-a2b2305f32aed49b82a74ffb,revision_v1_chacha20_poly1305_base64_051,qwen2_5_7b_instruct_q4_k_m,nonseg_ascii_b16,chacha20_poly1305_base64,narrative_small_discovery
detector_pair__d5ae06b7b10f557b4987385e__rankcloak,1,0.947098433971405,textcnn,leave_one_model__mistral_7b_instruct_v0_3_q4_k_m,validation,matched_clean_llm,dedup-cluster-a2b2305f32aed49b82a74ffb,revision_v1_chacha20_poly1305_base64_051,qwen2_5_7b_instruct_q4_k_m,nonseg_ascii_b16,chacha20_poly1305_base64,narrative_small_discovery
detector_pair__d601d746e8fe200df8097a96__ordinary_control,0,0.002132944529876113,textcnn,leave_one_model__mistral_7b_instruct_v0_3_q4_k_m,validation,matched_clean_llm,dedup-cluster-1d730332b470450b93b8b767,revision_v1_hmac_sha256_hex_006,qwen2_5_7b_instruct_q4_k_m,segmented_hex_single_topic,hmac_sha256_hex,forum_practical_answer
detector_pair__d601d746e8fe200df8097a96__rankcloak,1,0.25122857093811035,textcnn,leave_one_model__mistral_7b_instruct_v0_3_q4_k_m,validation,matched_clean_llm,dedup-cluster-1d730332b470450b93b8b767,revision_v1_hmac_sha256_hex_006,qwen2_5_7b_instruct_q4_k_m,segmented_hex_single_topic,hmac_sha256_hex,forum_practical_answer
detector_pair__d60a73fc5650846766c3a21f__ordinary_control,0,0.002018536441028118,textcnn,leave_one_model__mistral_7b_instruct_v0_3_q4_k_m,validation,matched_clean_llm,dedup-cluster-a9a56840e2c7d4a59a486e62,revision_v1_nonce_96_bit_hex_025,llama3_8b_instruct_q4_k_m,nonseg_hex_nibble_b16,nonce_96_bit_hex,procedure_simple_meal
detector_pair__d60a73fc5650846766c3a21f__rankcloak,1,0.9606323838233948,textcnn,leave_one_model__mistral_7b_instruct_v0_3_q4_k_m,validation,matched_clean_llm,dedup-cluster-a9a56840e2c7d4a59a486e62,revision_v1_nonce_96_bit_hex_025,llama3_8b_instruct_q4_k_m,nonseg_hex_nibble_b16,nonce_96_bit_hex,procedure_simple_meal
detector_pair__d66aca4aa901bc7a4e6e492b__ordinary_control,0,0.00021976197604089975,textcnn,leave_one_model__mistral_7b_instruct_v0_3_q4_k_m,validation,matched_clean_llm,dedup-cluster-e8b46972e25b5d16f253b139,revision_v1_nonce_96_bit_hex_005,qwen2_5_7b_instruct_q4_k_m,segmented_hex_multi_topic,nonce_96_bit_hex,forum_practical_answer
detector_pair__d66aca4aa901bc7a4e6e492b__rankcloak,1,0.9941837191581726,textcnn,leave_one_model__mistral_7b_instruct_v0_3_q4_k_m,validation,matched_clean_llm,dedup-cluster-e8b46972e25b5d16f253b139,revision_v1_nonce_96_bit_hex_005,qwen2_5_7b_instruct_q4_k_m,segmented_hex_multi_topic,nonce_96_bit_hex,forum_practical_answer
detector_pair__d7b275c2edce3b89c3010ee9__ordinary_control,0,0.019955772906541824,textcnn,leave_one_model__mistral_7b_instruct_v0_3_q4_k_m,validation,matched_clean_llm,dedup-cluster-a48caa544001e5d183a57eea,revision_v1_nonce_96_bit_hex_049,llama3_8b_instruct_q4_k_m,nonseg_ascii_b8,nonce_96_bit_hex,procedure_home_task
detector_pair__d7b275c2edce3b89c3010ee9__rankcloak,1,0.9912083148956299,textcnn,leave_one_model__mistral_7b_instruct_v0_3_q4_k_m,validation,matched_clean_llm,dedup-cluster-a48caa544001e5d183a57eea,revision_v1_nonce_96_bit_hex_049,llama3_8b_instruct_q4_k_m,nonseg_ascii_b8,nonce_96_bit_hex,procedure_home_task
detector_pair__d80895d8934a95a021920b35__ordinary_control,0,0.0003713718324434012,textcnn,leave_one_model__mistral_7b_instruct_v0_3_q4_k_m,validation,matched_clean_llm,dedup-cluster-7b810f2afbcabc7ee462bff7,revision_v1_nonce_96_bit_hex_023,qwen2_5_7b_instruct_q4_k_m,nonseg_ascii_b8,nonce_96_bit_hex,forum_practical_answer
detector_pair__d80895d8934a95a021920b35__rankcloak,1,0.16261042654514313,textcnn,leave_one_model__mistral_7b_instruct_v0_3_q4_k_m,validation,matched_clean_llm,dedup-cluster-7b810f2afbcabc7ee462bff7,revision_v1_nonce_96_bit_hex_023,qwen2_5_7b_instruct_q4_k_m,nonseg_ascii_b8,nonce_96_bit_hex,forum_practical_answer
detector_pair__d85d76ff6811b6d8244e97a6__ordinary_control,0,3.693057124110055e-06,textcnn,leave_one_model__mistral_7b_instruct_v0_3_q4_k_m,validation,matched_clean_llm,dedup-cluster-a877ac9e15d9982c5f795957,revision_v1_sha256_hex_048,qwen2_5_7b_instruct_q4_k_m,nonseg_ascii_b16,sha256_hex,professional_project_update
detector_pair__d85d76ff6811b6d8244e97a6__rankcloak,1,0.7411530017852783,textcnn,leave_one_model__mistral_7b_instruct_v0_3_q4_k_m,validation,matched_clean_llm,dedup-cluster-a877ac9e15d9982c5f795957,revision_v1_sha256_hex_048,qwen2_5_7b_instruct_q4_k_m,nonseg_ascii_b16,sha256_hex,professional_project_update
detector_pair__d8946a91a966b11181a31545__ordinary_control,0,6.854028470115736e-05,textcnn,leave_one_model__mistral_7b_instruct_v0_3_q4_k_m,validation,matched_clean_llm,dedup-cluster-cc1d79c541da66daf8e9d81d,revision_v1_chacha20_poly1305_base64_040,llama3_8b_instruct_q4_k_m,nonseg_ascii_b8,chacha20_poly1305_base64,narrative_small_discovery
detector_pair__d8946a91a966b11181a31545__rankcloak,1,0.9978618025779724,textcnn,leave_one_model__mistral_7b_instruct_v0_3_q4_k_m,validation,matched_clean_llm,dedup-cluster-cc1d79c541da66daf8e9d81d,revision_v1_chacha20_poly1305_base64_040,llama3_8b_instruct_q4_k_m,nonseg_ascii_b8,chacha20_poly1305_base64,narrative_small_discovery
detector_pair__d89f75c435c7ce44599e4898__ordinary_control,0,8.100519011122742e-08,textcnn,leave_one_model__mistral_7b_instruct_v0_3_q4_k_m,validation,matched_clean_llm,dedup-cluster-17900f3eff20bb84e24fa1da,revision_v1_token_128_bit_hex_021,qwen2_5_7b_instruct_q4_k_m,segmented_hex_multi_topic,token_128_bit_hex,professional_schedule_note
detector_pair__d89f75c435c7ce44599e4898__rankcloak,1,0.9998233914375305,textcnn,leave_one_model__mistral_7b_instruct_v0_3_q4_k_m,validation,matched_clean_llm,dedup-cluster-17900f3eff20bb84e24fa1da,revision_v1_token_128_bit_hex_021,qwen2_5_7b_instruct_q4_k_m,segmented_hex_multi_topic,token_128_bit_hex,professional_schedule_note
detector_pair__d938a0aaac8ac310c9c4cd74__ordinary_control,0,1.4769416338822339e-05,textcnn,leave_one_model__mistral_7b_instruct_v0_3_q4_k_m,validation,matched_clean_llm,dedup-cluster-32ad4bf593b222d70a8ca962,revision_v1_hmac_sha256_hex_053,qwen2_5_7b_instruct_q4_k_m,nonseg_ascii_b8,hmac_sha256_hex,professional_schedule_note
detector_pair__d938a0aaac8ac310c9c4cd74__rankcloak,1,0.9997897744178772,textcnn,leave_one_model__mistral_7b_instruct_v0_3_q4_k_m,validation,matched_clean_llm,dedup-cluster-32ad4bf593b222d70a8ca962,revision_v1_hmac_sha256_hex_053,qwen2_5_7b_instruct_q4_k_m,nonseg_ascii_b8,hmac_sha256_hex,professional_schedule_note
detector_pair__d93f559ff9e1c181bf6a8434__ordinary_control,0,0.0012314275372773409,textcnn,leave_one_model__mistral_7b_instruct_v0_3_q4_k_m,validation,matched_clean_llm,dedup-cluster-d80c78b75330766130b70bf5,revision_v1_hmac_sha256_hex_030,qwen2_5_7b_instruct_q4_k_m,nonseg_ascii_b16,hmac_sha256_hex,forum_purchase_advice
detector_pair__d93f559ff9e1c181bf6a8434__rankcloak,1,0.9957091808319092,textcnn,leave_one_model__mistral_7b_instruct_v0_3_q4_k_m,validation,matched_clean_llm,dedup-cluster-d80c78b75330766130b70bf5,revision_v1_hmac_sha256_hex_030,qwen2_5_7b_instruct_q4_k_m,nonseg_ascii_b16,hmac_sha256_hex,forum_purchase_advice
detector_pair__d9452652198bb175bbc9cb38__ordinary_control,0,0.04586757719516754,textcnn,leave_one_model__mistral_7b_instruct_v0_3_q4_k_m,validation,matched_clean_llm,dedup-cluster-6ace02c4c66fff411127a281,revision_v1_token_128_bit_hex_012,qwen2_5_7b_instruct_q4_k_m,segmented_hex_multi_topic,token_128_bit_hex,narrative_small_discovery
detector_pair__d9452652198bb175bbc9cb38__rankcloak,1,0.8783849477767944,textcnn,leave_one_model__mistral_7b_instruct_v0_3_q4_k_m,validation,matched_clean_llm,dedup-cluster-6ace02c4c66fff411127a281,revision_v1_token_128_bit_hex_012,qwen2_5_7b_instruct_q4_k_m,segmented_hex_multi_topic,token_128_bit_hex,narrative_small_discovery
detector_pair__d9520254953fa7eca32216ea__ordinary_control,0,0.0040709576569497585,textcnn,leave_one_model__mistral_7b_instruct_v0_3_q4_k_m,validation,matched_clean_llm,dedup-cluster-b3aacb3da0049b4608f31b89,revision_v1_aes256_gcm_base64_033,qwen2_5_7b_instruct_q4_k_m,nonseg_ascii_b16,aes256_gcm_base64,procedure_garden_task
detector_pair__d9520254953fa7eca32216ea__rankcloak,1,0.999786913394928,textcnn,leave_one_model__mistral_7b_instruct_v0_3_q4_k_m,validation,matched_clean_llm,dedup-cluster-b3aacb3da0049b4608f31b89,revision_v1_aes256_gcm_base64_033,qwen2_5_7b_instruct_q4_k_m,nonseg_ascii_b16,aes256_gcm_base64,procedure_garden_task
detector_pair__d97adc9b7592ca44a665543d__ordinary_control,0,0.000404861057177186,textcnn,leave_one_model__mistral_7b_instruct_v0_3_q4_k_m,validation,matched_clean_llm,dedup-cluster-74a6b9f9e3047bf7067f2ba2,revision_v1_aes256_gcm_base64_047,qwen2_5_7b_instruct_q4_k_m,direct_subword_calgacus,aes256_gcm_base64,explain_everyday_system
detector_pair__d97adc9b7592ca44a665543d__rankcloak,1,0.6959877014160156,textcnn,leave_one_model__mistral_7b_instruct_v0_3_q4_k_m,validation,matched_clean_llm,dedup-cluster-74a6b9f9e3047bf7067f2ba2,revision_v1_aes256_gcm_base64_047,qwen2_5_7b_instruct_q4_k_m,direct_subword_calgacus,aes256_gcm_base64,explain_everyday_system
detector_pair__d9cc6329a93f02e2637cadaa__ordinary_control,0,2.1462155928020366e-05,textcnn,leave_one_model__mistral_7b_instruct_v0_3_q4_k_m,validation,matched_clean_llm,dedup-cluster-631342e4862923cce8d3242b,revision_v1_sha256_hex_029,qwen2_5_7b_instruct_q4_k_m,segmented_hex_single_topic,sha256_hex,casual_neighborhood_chat
detector_pair__d9cc6329a93f02e2637cadaa__rankcloak,1,0.9999732971191406,textcnn,leave_one_model__mistral_7b_instruct_v0_3_q4_k_m,validation,matched_clean_llm,dedup-cluster-631342e4862923cce8d3242b,revision_v1_sha256_hex_029,qwen2_5_7b_instruct_q4_k_m,segmented_hex_single_topic,sha256_hex,casual_neighborhood_chat
detector_pair__d9f0edc0f9dbe4dfcce5ab93__ordinary_control,0,0.016980724409222603,textcnn,leave_one_model__mistral_7b_instruct_v0_3_q4_k_m,validation,matched_clean_llm,dedup-cluster-32ad4bf593b222d70a8ca962,revision_v1_hmac_sha256_hex_053,llama3_8b_instruct_q4_k_m,segmented_hex_single_topic,hmac_sha256_hex,casual_weekend_chat
detector_pair__d9f0edc0f9dbe4dfcce5ab93__rankcloak,1,0.9999867677688599,textcnn,leave_one_model__mistral_7b_instruct_v0_3_q4_k_m,validation,matched_clean_llm,dedup-cluster-32ad4bf593b222d70a8ca962,revision_v1_hmac_sha256_hex_053,llama3_8b_instruct_q4_k_m,segmented_hex_single_topic,hmac_sha256_hex,casual_weekend_chat
detector_pair__da847dbb116c6f17f808adbf__ordinary_control,0,8.22048750706017e-05,textcnn,leave_one_model__mistral_7b_instruct_v0_3_q4_k_m,validation,matched_clean_llm,dedup-cluster-edb6b099f1dff5a3bddeca8c,revision_v1_sha256_hex_012,qwen2_5_7b_instruct_q4_k_m,segmented_hex_multi_topic,sha256_hex,professional_project_update
detector_pair__da847dbb116c6f17f808adbf__rankcloak,1,0.9746707677841187,textcnn,leave_one_model__mistral_7b_instruct_v0_3_q4_k_m,validation,matched_clean_llm,dedup-cluster-edb6b099f1dff5a3bddeca8c,revision_v1_sha256_hex_012,qwen2_5_7b_instruct_q4_k_m,segmented_hex_multi_topic,sha256_hex,professional_project_update
detector_pair__daacaa7b1467ec0ecfaee1f1__ordinary_control,0,0.0017314933938905597,textcnn,leave_one_model__mistral_7b_instruct_v0_3_q4_k_m,validation,matched_clean_llm,dedup-cluster-4df1f95590c9f69533ae0634,revision_v1_nonce_96_bit_hex_027,llama3_8b_instruct_q4_k_m,nonseg_ascii_b8,nonce_96_bit_hex,explain_weather_pattern
detector_pair__daacaa7b1467ec0ecfaee1f1__rankcloak,1,0.13938309252262115,textcnn,leave_one_model__mistral_7b_instruct_v0_3_q4_k_m,validation,matched_clean_llm,dedup-cluster-4df1f95590c9f69533ae0634,revision_v1_nonce_96_bit_hex_027,llama3_8b_instruct_q4_k_m,nonseg_ascii_b8,nonce_96_bit_hex,explain_weather_pattern
detector_pair__dab64efb29d29c4f9b6ee229__ordinary_control,0,1.6747468180255964e-05,textcnn,leave_one_model__mistral_7b_instruct_v0_3_q4_k_m,validation,matched_clean_llm,dedup-cluster-53ddb375f906007b9492f105,revision_v1_sha256_hex_033,llama3_8b_instruct_q4_k_m,segmented_hex_single_topic,sha256_hex,procedure_garden_task
detector_pair__dab64efb29d29c4f9b6ee229__rankcloak,1,0.9938179850578308,textcnn,leave_one_model__mistral_7b_instruct_v0_3_q4_k_m,validation,matched_clean_llm,dedup-cluster-53ddb375f906007b9492f105,revision_v1_sha256_hex_033,llama3_8b_instruct_q4_k_m,segmented_hex_single_topic,sha256_hex,procedure_garden_task
detector_pair__dac426bd23f0c30c47cb48f7__ordinary_control,0,0.002267133677378297,textcnn,leave_one_model__mistral_7b_instruct_v0_3_q4_k_m,validation,matched_clean_llm,dedup-cluster-484bc3854d49e18198bd3802,revision_v1_hmac_sha256_hex_050,llama3_8b_instruct_q4_k_m,direct_subword_calgacus,hmac_sha256_hex,procedure_simple_meal
detector_pair__dac426bd23f0c30c47cb48f7__rankcloak,1,0.020436007529497147,textcnn,leave_one_model__mistral_7b_instruct_v0_3_q4_k_m,validation,matched_clean_llm,dedup-cluster-484bc3854d49e18198bd3802,revision_v1_hmac_sha256_hex_050,llama3_8b_instruct_q4_k_m,direct_subword_calgacus,hmac_sha256_hex,procedure_simple_meal
detector_pair__dad70f8960406c9f7d4e9a6b__ordinary_control,0,0.379958838224411,textcnn,leave_one_model__mistral_7b_instruct_v0_3_q4_k_m,validation,matched_clean_llm,dedup-cluster-53ddb375f906007b9492f105,revision_v1_sha256_hex_033,llama3_8b_instruct_q4_k_m,nonseg_ascii_b16,sha256_hex,procedure_garden_task
detector_pair__dad70f8960406c9f7d4e9a6b__rankcloak,1,0.8021064400672913,textcnn,leave_one_model__mistral_7b_instruct_v0_3_q4_k_m,validation,matched_clean_llm,dedup-cluster-53ddb375f906007b9492f105,revision_v1_sha256_hex_033,llama3_8b_instruct_q4_k_m,nonseg_ascii_b16,sha256_hex,procedure_garden_task
detector_pair__db2f604d3b0e1d04536b7dc2__ordinary_control,0,1.4661428394902032e-05,textcnn,leave_one_model__mistral_7b_instruct_v0_3_q4_k_m,validation,matched_clean_llm,dedup-cluster-2e2ec68963e479ffd3172011,revision_v1_ed25519_signature_base64_005,qwen2_5_7b_instruct_q4_k_m,direct_subword_calgacus,ed25519_signature_base64,professional_process_email
detector_pair__db2f604d3b0e1d04536b7dc2__rankcloak,1,0.9999064207077026,textcnn,leave_one_model__mistral_7b_instruct_v0_3_q4_k_m,validation,matched_clean_llm,dedup-cluster-2e2ec68963e479ffd3172011,revision_v1_ed25519_signature_base64_005,qwen2_5_7b_instruct_q4_k_m,direct_subword_calgacus,ed25519_signature_base64,professional_process_email
detector_pair__db6db5ab6d9a9a9f89a804c9__ordinary_control,0,0.4442083537578583,textcnn,leave_one_model__mistral_7b_instruct_v0_3_q4_k_m,validation,matched_clean_llm,dedup-cluster-c581ece2a3e5e2c3b74d6d5e,revision_v1_chacha20_poly1305_base64_016,qwen2_5_7b_instruct_q4_k_m,nonseg_ascii_b8,chacha20_poly1305_base64,explain_weather_pattern
detector_pair__db6db5ab6d9a9a9f89a804c9__rankcloak,1,0.9668826460838318,textcnn,leave_one_model__mistral_7b_instruct_v0_3_q4_k_m,validation,matched_clean_llm,dedup-cluster-c581ece2a3e5e2c3b74d6d5e,revision_v1_chacha20_poly1305_base64_016,qwen2_5_7b_instruct_q4_k_m,nonseg_ascii_b8,chacha20_poly1305_base64,explain_weather_pattern
detector_pair__db762c8c6f2fc6951402f1b6__ordinary_control,0,1.671597374297562e-06,textcnn,leave_one_model__mistral_7b_instruct_v0_3_q4_k_m,validation,matched_clean_llm,dedup-cluster-a877ac9e15d9982c5f795957,revision_v1_sha256_hex_048,qwen2_5_7b_instruct_q4_k_m,segmented_hex_multi_topic,sha256_hex,professional_project_update
detector_pair__db762c8c6f2fc6951402f1b6__rankcloak,1,0.9972957968711853,textcnn,leave_one_model__mistral_7b_instruct_v0_3_q4_k_m,validation,matched_clean_llm,dedup-cluster-a877ac9e15d9982c5f795957,revision_v1_sha256_hex_048,qwen2_5_7b_instruct_q4_k_m,segmented_hex_multi_topic,sha256_hex,professional_project_update
detector_pair__db772aabc1707cedee3e09b5__ordinary_control,0,0.5763911008834839,textcnn,leave_one_model__mistral_7b_instruct_v0_3_q4_k_m,validation,matched_clean_llm,dedup-cluster-59f7511f5e7a9e62060c4324,revision_v1_uuid_v4_058,qwen2_5_7b_instruct_q4_k_m,nonseg_ascii_b16,uuid_v4,procedure_garden_task
detector_pair__db772aabc1707cedee3e09b5__rankcloak,1,0.9981618523597717,textcnn,leave_one_model__mistral_7b_instruct_v0_3_q4_k_m,validation,matched_clean_llm,dedup-cluster-59f7511f5e7a9e62060c4324,revision_v1_uuid_v4_058,qwen2_5_7b_instruct_q4_k_m,nonseg_ascii_b16,uuid_v4,procedure_garden_task
detector_pair__db8666283345d04d596ca555__ordinary_control,0,3.1770963687449694e-05,textcnn,leave_one_model__mistral_7b_instruct_v0_3_q4_k_m,validation,matched_clean_llm,dedup-cluster-2e7f1969791ae609498a9082,revision_v1_hmac_sha256_hex_020,qwen2_5_7b_instruct_q4_k_m,nonseg_ascii_b8,hmac_sha256_hex,narrative_learning_moment
detector_pair__db8666283345d04d596ca555__rankcloak,1,0.9999957084655762,textcnn,leave_one_model__mistral_7b_instruct_v0_3_q4_k_m,validation,matched_clean_llm,dedup-cluster-2e7f1969791ae609498a9082,revision_v1_hmac_sha256_hex_020,qwen2_5_7b_instruct_q4_k_m,nonseg_ascii_b8,hmac_sha256_hex,narrative_learning_moment
detector_pair__dbdb60bd7e20a84cfeb7ef15__ordinary_control,0,0.5116348266601562,textcnn,leave_one_model__mistral_7b_instruct_v0_3_q4_k_m,validation,matched_clean_llm,dedup-cluster-b3aacb3da0049b4608f31b89,revision_v1_aes256_gcm_base64_033,llama3_8b_instruct_q4_k_m,nonseg_ascii_b16,aes256_gcm_base64,forum_purchase_advice
detector_pair__dbdb60bd7e20a84cfeb7ef15__rankcloak,1,0.9910349249839783,textcnn,leave_one_model__mistral_7b_instruct_v0_3_q4_k_m,validation,matched_clean_llm,dedup-cluster-b3aacb3da0049b4608f31b89,revision_v1_aes256_gcm_base64_033,llama3_8b_instruct_q4_k_m,nonseg_ascii_b16,aes256_gcm_base64,forum_purchase_advice
detector_pair__dc1f7df24edcc9af724fdc41__ordinary_control,0,5.040457836003043e-05,textcnn,leave_one_model__mistral_7b_instruct_v0_3_q4_k_m,validation,matched_clean_llm,dedup-cluster-339659e6d45626f95acf4c5b,revision_v1_nonce_96_bit_hex_052,qwen2_5_7b_instruct_q4_k_m,nonseg_hex_nibble_b16,nonce_96_bit_hex,professional_process_email
detector_pair__dc1f7df24edcc9af724fdc41__rankcloak,1,0.8323352336883545,textcnn,leave_one_model__mistral_7b_instruct_v0_3_q4_k_m,validation,matched_clean_llm,dedup-cluster-339659e6d45626f95acf4c5b,revision_v1_nonce_96_bit_hex_052,qwen2_5_7b_instruct_q4_k_m,nonseg_hex_nibble_b16,nonce_96_bit_hex,professional_process_email
detector_pair__dc24308a6c38ce6faa3def1d__ordinary_control,0,0.014768525958061218,textcnn,leave_one_model__mistral_7b_instruct_v0_3_q4_k_m,validation,matched_clean_llm,dedup-cluster-4c7d81d9bc771045be64324c,revision_v1_nonce_96_bit_hex_001,qwen2_5_7b_instruct_q4_k_m,segmented_hex_single_topic,nonce_96_bit_hex,narrative_small_discovery
detector_pair__dc24308a6c38ce6faa3def1d__rankcloak,1,0.11683757603168488,textcnn,leave_one_model__mistral_7b_instruct_v0_3_q4_k_m,validation,matched_clean_llm,dedup-cluster-4c7d81d9bc771045be64324c,revision_v1_nonce_96_bit_hex_001,qwen2_5_7b_instruct_q4_k_m,segmented_hex_single_topic,nonce_96_bit_hex,narrative_small_discovery
detector_pair__dc5a9adb87186d9a7c77341c__ordinary_control,0,0.04135863855481148,textcnn,leave_one_model__mistral_7b_instruct_v0_3_q4_k_m,validation,matched_clean_llm,dedup-cluster-2e7f1969791ae609498a9082,revision_v1_hmac_sha256_hex_020,llama3_8b_instruct_q4_k_m,nonseg_ascii_b16,hmac_sha256_hex,procedure_home_task
detector_pair__dc5a9adb87186d9a7c77341c__rankcloak,1,0.9974502921104431,textcnn,leave_one_model__mistral_7b_instruct_v0_3_q4_k_m,validation,matched_clean_llm,dedup-cluster-2e7f1969791ae609498a9082,revision_v1_hmac_sha256_hex_020,llama3_8b_instruct_q4_k_m,nonseg_ascii_b16,hmac_sha256_hex,procedure_home_task
detector_pair__dc5e6ef8d869549217439078__ordinary_control,0,0.0008457913063466549,textcnn,leave_one_model__mistral_7b_instruct_v0_3_q4_k_m,validation,matched_clean_llm,dedup-cluster-a518c0db7bd9dc8b2ff3b50a,revision_v1_uuid_v4_010,llama3_8b_instruct_q4_k_m,nonseg_ascii_b16,uuid_v4,forum_learning_answer
detector_pair__dc5e6ef8d869549217439078__rankcloak,1,0.9850468635559082,textcnn,leave_one_model__mistral_7b_instruct_v0_3_q4_k_m,validation,matched_clean_llm,dedup-cluster-a518c0db7bd9dc8b2ff3b50a,revision_v1_uuid_v4_010,llama3_8b_instruct_q4_k_m,nonseg_ascii_b16,uuid_v4,forum_learning_answer
detector_pair__dce68c4e26c2574af1a930cc__ordinary_control,0,0.02616199292242527,textcnn,leave_one_model__mistral_7b_instruct_v0_3_q4_k_m,validation,matched_clean_llm,dedup-cluster-e8b46972e25b5d16f253b139,revision_v1_nonce_96_bit_hex_005,llama3_8b_instruct_q4_k_m,direct_subword_calgacus,nonce_96_bit_hex,professional_process_email
detector_pair__dce68c4e26c2574af1a930cc__rankcloak,1,0.9996324777603149,textcnn,leave_one_model__mistral_7b_instruct_v0_3_q4_k_m,validation,matched_clean_llm,dedup-cluster-e8b46972e25b5d16f253b139,revision_v1_nonce_96_bit_hex_005,llama3_8b_instruct_q4_k_m,direct_subword_calgacus,nonce_96_bit_hex,professional_process_email
detector_pair__dcf97eba12ba4e9470b10665__ordinary_control,0,0.022085420787334442,textcnn,leave_one_model__mistral_7b_instruct_v0_3_q4_k_m,validation,matched_clean_llm,dedup-cluster-a1f09603de61d42b17c60f90,revision_v1_nonce_96_bit_hex_058,llama3_8b_instruct_q4_k_m,nonseg_hex_nibble_b16,nonce_96_bit_hex,casual_neighborhood_chat
detector_pair__dcf97eba12ba4e9470b10665__rankcloak,1,0.947429895401001,textcnn,leave_one_model__mistral_7b_instruct_v0_3_q4_k_m,validation,matched_clean_llm,dedup-cluster-a1f09603de61d42b17c60f90,revision_v1_nonce_96_bit_hex_058,llama3_8b_instruct_q4_k_m,nonseg_hex_nibble_b16,nonce_96_bit_hex,casual_neighborhood_chat
detector_pair__dd17c7b45577bb39eb19609e__ordinary_control,0,0.00010259888949804008,textcnn,leave_one_model__mistral_7b_instruct_v0_3_q4_k_m,validation,matched_clean_llm,dedup-cluster-a1abcb49aa12280f617295a6,revision_v1_sha256_hex_034,qwen2_5_7b_instruct_q4_k_m,nonseg_hex_nibble_b16,sha256_hex,explain_weather_pattern
detector_pair__dd17c7b45577bb39eb19609e__rankcloak,1,0.9967296123504639,textcnn,leave_one_model__mistral_7b_instruct_v0_3_q4_k_m,validation,matched_clean_llm,dedup-cluster-a1abcb49aa12280f617295a6,revision_v1_sha256_hex_034,qwen2_5_7b_instruct_q4_k_m,nonseg_hex_nibble_b16,sha256_hex,explain_weather_pattern
detector_pair__dd760f6cf8fee950cc7aeed8__ordinary_control,0,0.00012599358160514385,textcnn,leave_one_model__mistral_7b_instruct_v0_3_q4_k_m,validation,matched_clean_llm,dedup-cluster-8bfe7043c327d3a82a41f9ad,revision_v1_ed25519_signature_base64_050,qwen2_5_7b_instruct_q4_k_m,nonseg_ascii_b16,ed25519_signature_base64,narrative_local_walk
detector_pair__dd760f6cf8fee950cc7aeed8__rankcloak,1,0.8199242949485779,textcnn,leave_one_model__mistral_7b_instruct_v0_3_q4_k_m,validation,matched_clean_llm,dedup-cluster-8bfe7043c327d3a82a41f9ad,revision_v1_ed25519_signature_base64_050,qwen2_5_7b_instruct_q4_k_m,nonseg_ascii_b16,ed25519_signature_base64,narrative_local_walk
detector_pair__dde1703515acc54a3f5fb211__ordinary_control,0,0.0010168126318603754,textcnn,leave_one_model__mistral_7b_instruct_v0_3_q4_k_m,validation,matched_clean_llm,dedup-cluster-6136de4e90d44eb994005d2a,revision_v1_uuid_v4_051,llama3_8b_instruct_q4_k_m,nonseg_ascii_b16,uuid_v4,professional_project_update
detector_pair__dde1703515acc54a3f5fb211__rankcloak,1,0.9982150793075562,textcnn,leave_one_model__mistral_7b_instruct_v0_3_q4_k_m,validation,matched_clean_llm,dedup-cluster-6136de4e90d44eb994005d2a,revision_v1_uuid_v4_051,llama3_8b_instruct_q4_k_m,nonseg_ascii_b16,uuid_v4,professional_project_update
detector_pair__dea53f184b28824a96877cb0__ordinary_control,0,0.01412544772028923,textcnn,leave_one_model__mistral_7b_instruct_v0_3_q4_k_m,validation,matched_clean_llm,dedup-cluster-72a697706958756a5d98abe5,revision_v1_aes256_gcm_base64_042,qwen2_5_7b_instruct_q4_k_m,direct_subword_calgacus,aes256_gcm_base64,casual_hobby_chat
detector_pair__dea53f184b28824a96877cb0__rankcloak,1,0.9989810585975647,textcnn,leave_one_model__mistral_7b_instruct_v0_3_q4_k_m,validation,matched_clean_llm,dedup-cluster-72a697706958756a5d98abe5,revision_v1_aes256_gcm_base64_042,qwen2_5_7b_instruct_q4_k_m,direct_subword_calgacus,aes256_gcm_base64,casual_hobby_chat
detector_pair__deaa1611e4aa18ea87149a2a__ordinary_control,0,5.244206477073021e-05,textcnn,leave_one_model__mistral_7b_instruct_v0_3_q4_k_m,validation,matched_clean_llm,dedup-cluster-bced2ec523557c720d4ecf66,revision_v1_token_128_bit_hex_036,llama3_8b_instruct_q4_k_m,segmented_hex_multi_topic,token_128_bit_hex,procedure_simple_meal
detector_pair__deaa1611e4aa18ea87149a2a__rankcloak,1,0.8694473505020142,textcnn,leave_one_model__mistral_7b_instruct_v0_3_q4_k_m,validation,matched_clean_llm,dedup-cluster-bced2ec523557c720d4ecf66,revision_v1_token_128_bit_hex_036,llama3_8b_instruct_q4_k_m,segmented_hex_multi_topic,token_128_bit_hex,procedure_simple_meal
detector_pair__deaa48714c48c23770b58e71__ordinary_control,0,0.005907556042075157,textcnn,leave_one_model__mistral_7b_instruct_v0_3_q4_k_m,validation,matched_clean_llm,dedup-cluster-a34a1c3f812dbedb8252c73c,revision_v1_ed25519_signature_base64_015,qwen2_5_7b_instruct_q4_k_m,nonseg_ascii_b16,ed25519_signature_base64,explain_everyday_system
detector_pair__deaa48714c48c23770b58e71__rankcloak,1,0.999881386756897,textcnn,leave_one_model__mistral_7b_instruct_v0_3_q4_k_m,validation,matched_clean_llm,dedup-cluster-a34a1c3f812dbedb8252c73c,revision_v1_ed25519_signature_base64_015,qwen2_5_7b_instruct_q4_k_m,nonseg_ascii_b16,ed25519_signature_base64,explain_everyday_system
detector_pair__df1c175e08410b98d742da47__ordinary_control,0,2.0833174858125858e-05,textcnn,leave_one_model__mistral_7b_instruct_v0_3_q4_k_m,validation,matched_clean_llm,dedup-cluster-48d7da6cd06bde46d05aad3f,revision_v1_sha256_hex_056,qwen2_5_7b_instruct_q4_k_m,nonseg_ascii_b8,sha256_hex,procedure_home_task
detector_pair__df1c175e08410b98d742da47__rankcloak,1,0.9999819993972778,textcnn,leave_one_model__mistral_7b_instruct_v0_3_q4_k_m,validation,matched_clean_llm,dedup-cluster-48d7da6cd06bde46d05aad3f,revision_v1_sha256_hex_056,qwen2_5_7b_instruct_q4_k_m,nonseg_ascii_b8,sha256_hex,procedure_home_task
detector_pair__df8d060f9c46f23023d92963__ordinary_control,0,0.014611228369176388,textcnn,leave_one_model__mistral_7b_instruct_v0_3_q4_k_m,validation,matched_clean_llm,dedup-cluster-c588a294c6263bec1e8ad56d,revision_v1_token_128_bit_hex_054,llama3_8b_instruct_q4_k_m,segmented_hex_multi_topic,token_128_bit_hex,procedure_simple_meal
detector_pair__df8d060f9c46f23023d92963__rankcloak,1,0.9994833469390869,textcnn,leave_one_model__mistral_7b_instruct_v0_3_q4_k_m,validation,matched_clean_llm,dedup-cluster-c588a294c6263bec1e8ad56d,revision_v1_token_128_bit_hex_054,llama3_8b_instruct_q4_k_m,segmented_hex_multi_topic,token_128_bit_hex,procedure_simple_meal
detector_pair__dfc88f3fc1ce33c1a1e240ac__ordinary_control,0,1.109015215661202e-06,textcnn,leave_one_model__mistral_7b_instruct_v0_3_q4_k_m,validation,matched_clean_llm,dedup-cluster-897bd4c0922eb43a17664a25,revision_v1_aes256_gcm_base64_025,qwen2_5_7b_instruct_q4_k_m,nonseg_ascii_b16,aes256_gcm_base64,professional_schedule_note
detector_pair__dfc88f3fc1ce33c1a1e240ac__rankcloak,1,0.9999632835388184,textcnn,leave_one_model__mistral_7b_instruct_v0_3_q4_k_m,validation,matched_clean_llm,dedup-cluster-897bd4c0922eb43a17664a25,revision_v1_aes256_gcm_base64_025,qwen2_5_7b_instruct_q4_k_m,nonseg_ascii_b16,aes256_gcm_base64,professional_schedule_note
detector_pair__dfd9fbb798c642e41cbca5fd__ordinary_control,0,5.70244956179522e-05,textcnn,leave_one_model__mistral_7b_instruct_v0_3_q4_k_m,validation,matched_clean_llm,dedup-cluster-cb374f9ca23dfd168fe55742,revision_v1_hmac_sha256_hex_055,qwen2_5_7b_instruct_q4_k_m,segmented_hex_multi_topic,hmac_sha256_hex,procedure_garden_task
detector_pair__dfd9fbb798c642e41cbca5fd__rankcloak,1,0.999980092048645,textcnn,leave_one_model__mistral_7b_instruct_v0_3_q4_k_m,validation,matched_clean_llm,dedup-cluster-cb374f9ca23dfd168fe55742,revision_v1_hmac_sha256_hex_055,qwen2_5_7b_instruct_q4_k_m,segmented_hex_multi_topic,hmac_sha256_hex,procedure_garden_task
detector_pair__e0492cec7661b7c8990bdf15__ordinary_control,0,2.767779676560167e-07,textcnn,leave_one_model__mistral_7b_instruct_v0_3_q4_k_m,validation,matched_clean_llm,dedup-cluster-54d0f843ac4646811be4dfd1,revision_v1_sha256_hex_000,qwen2_5_7b_instruct_q4_k_m,segmented_hex_multi_topic,sha256_hex,professional_schedule_note
detector_pair__e0492cec7661b7c8990bdf15__rankcloak,1,0.9999841451644897,textcnn,leave_one_model__mistral_7b_instruct_v0_3_q4_k_m,validation,matched_clean_llm,dedup-cluster-54d0f843ac4646811be4dfd1,revision_v1_sha256_hex_000,qwen2_5_7b_instruct_q4_k_m,segmented_hex_multi_topic,sha256_hex,professional_schedule_note
detector_pair__e087013a7595a9b7428cade2__ordinary_control,0,0.0010862258495762944,textcnn,leave_one_model__mistral_7b_instruct_v0_3_q4_k_m,validation,matched_clean_llm,dedup-cluster-4c7d81d9bc771045be64324c,revision_v1_nonce_96_bit_hex_001,qwen2_5_7b_instruct_q4_k_m,segmented_hex_multi_topic,nonce_96_bit_hex,narrative_small_discovery
detector_pair__e087013a7595a9b7428cade2__rankcloak,1,0.9837453365325928,textcnn,leave_one_model__mistral_7b_instruct_v0_3_q4_k_m,validation,matched_clean_llm,dedup-cluster-4c7d81d9bc771045be64324c,revision_v1_nonce_96_bit_hex_001,qwen2_5_7b_instruct_q4_k_m,segmented_hex_multi_topic,nonce_96_bit_hex,narrative_small_discovery
detector_pair__e0c56fa068a29f9be145fa45__ordinary_control,0,0.001088215271010995,textcnn,leave_one_model__mistral_7b_instruct_v0_3_q4_k_m,validation,matched_clean_llm,dedup-cluster-a877ac9e15d9982c5f795957,revision_v1_sha256_hex_048,llama3_8b_instruct_q4_k_m,segmented_hex_multi_topic,sha256_hex,casual_neighborhood_chat
detector_pair__e0c56fa068a29f9be145fa45__rankcloak,1,0.9999960660934448,textcnn,leave_one_model__mistral_7b_instruct_v0_3_q4_k_m,validation,matched_clean_llm,dedup-cluster-a877ac9e15d9982c5f795957,revision_v1_sha256_hex_048,llama3_8b_instruct_q4_k_m,segmented_hex_multi_topic,sha256_hex,casual_neighborhood_chat
detector_pair__e16459853ce21ae506c6c2c3__ordinary_control,0,1.6836143856835406e-07,textcnn,leave_one_model__mistral_7b_instruct_v0_3_q4_k_m,validation,matched_clean_llm,dedup-cluster-a1abcb49aa12280f617295a6,revision_v1_sha256_hex_034,llama3_8b_instruct_q4_k_m,segmented_hex_single_topic,sha256_hex,narrative_learning_moment
detector_pair__e16459853ce21ae506c6c2c3__rankcloak,1,0.9889886975288391,textcnn,leave_one_model__mistral_7b_instruct_v0_3_q4_k_m,validation,matched_clean_llm,dedup-cluster-a1abcb49aa12280f617295a6,revision_v1_sha256_hex_034,llama3_8b_instruct_q4_k_m,segmented_hex_single_topic,sha256_hex,narrative_learning_moment
detector_pair__e1b0b15d6bb937fa25da428b__ordinary_control,0,2.6778338906296995e-06,textcnn,leave_one_model__mistral_7b_instruct_v0_3_q4_k_m,validation,matched_clean_llm,dedup-cluster-edb6b099f1dff5a3bddeca8c,revision_v1_sha256_hex_012,llama3_8b_instruct_q4_k_m,segmented_hex_multi_topic,sha256_hex,casual_neighborhood_chat
detector_pair__e1b0b15d6bb937fa25da428b__rankcloak,1,0.9992589354515076,textcnn,leave_one_model__mistral_7b_instruct_v0_3_q4_k_m,validation,matched_clean_llm,dedup-cluster-edb6b099f1dff5a3bddeca8c,revision_v1_sha256_hex_012,llama3_8b_instruct_q4_k_m,segmented_hex_multi_topic,sha256_hex,casual_neighborhood_chat
detector_pair__e1eeda58bb5fabdd70b8e121__ordinary_control,0,1.4844331985841563e-07,textcnn,leave_one_model__mistral_7b_instruct_v0_3_q4_k_m,validation,matched_clean_llm,dedup-cluster-54d0f843ac4646811be4dfd1,revision_v1_sha256_hex_000,qwen2_5_7b_instruct_q4_k_m,direct_subword_calgacus,sha256_hex,professional_schedule_note
detector_pair__e1eeda58bb5fabdd70b8e121__rankcloak,1,0.958952009677887,textcnn,leave_one_model__mistral_7b_instruct_v0_3_q4_k_m,validation,matched_clean_llm,dedup-cluster-54d0f843ac4646811be4dfd1,revision_v1_sha256_hex_000,qwen2_5_7b_instruct_q4_k_m,direct_subword_calgacus,sha256_hex,professional_schedule_note
detector_pair__e207a218c48caa7072b5d4d5__ordinary_control,0,0.0010489348787814379,textcnn,leave_one_model__mistral_7b_instruct_v0_3_q4_k_m,validation,matched_clean_llm,dedup-cluster-a1abcb49aa12280f617295a6,revision_v1_sha256_hex_034,llama3_8b_instruct_q4_k_m,nonseg_hex_nibble_b16,sha256_hex,narrative_learning_moment
detector_pair__e207a218c48caa7072b5d4d5__rankcloak,1,0.9999120235443115,textcnn,leave_one_model__mistral_7b_instruct_v0_3_q4_k_m,validation,matched_clean_llm,dedup-cluster-a1abcb49aa12280f617295a6,revision_v1_sha256_hex_034,llama3_8b_instruct_q4_k_m,nonseg_hex_nibble_b16,sha256_hex,narrative_learning_moment
detector_pair__e209295e51843e602cbd2484__ordinary_control,0,0.0030795596539974213,textcnn,leave_one_model__mistral_7b_instruct_v0_3_q4_k_m,validation,matched_clean_llm,dedup-cluster-484bc3854d49e18198bd3802,revision_v1_hmac_sha256_hex_050,llama3_8b_instruct_q4_k_m,segmented_hex_single_topic,hmac_sha256_hex,procedure_simple_meal
detector_pair__e209295e51843e602cbd2484__rankcloak,1,0.9997895359992981,textcnn,leave_one_model__mistral_7b_instruct_v0_3_q4_k_m,validation,matched_clean_llm,dedup-cluster-484bc3854d49e18198bd3802,revision_v1_hmac_sha256_hex_050,llama3_8b_instruct_q4_k_m,segmented_hex_single_topic,hmac_sha256_hex,procedure_simple_meal
detector_pair__e230a2619c4be26c6db9da93__ordinary_control,0,0.011138801462948322,textcnn,leave_one_model__mistral_7b_instruct_v0_3_q4_k_m,validation,matched_clean_llm,dedup-cluster-e303bfe023e32c25389ebaf9,revision_v1_token_128_bit_hex_057,llama3_8b_instruct_q4_k_m,segmented_hex_multi_topic,token_128_bit_hex,casual_weekend_chat
detector_pair__e230a2619c4be26c6db9da93__rankcloak,1,0.9998940229415894,textcnn,leave_one_model__mistral_7b_instruct_v0_3_q4_k_m,validation,matched_clean_llm,dedup-cluster-e303bfe023e32c25389ebaf9,revision_v1_token_128_bit_hex_057,llama3_8b_instruct_q4_k_m,segmented_hex_multi_topic,token_128_bit_hex,casual_weekend_chat
detector_pair__e23e469ac7df92cef9c975ca__ordinary_control,0,0.0004459434421733022,textcnn,leave_one_model__mistral_7b_instruct_v0_3_q4_k_m,validation,matched_clean_llm,dedup-cluster-725b5797405341915f74ba63,revision_v1_token_128_bit_hex_006,llama3_8b_instruct_q4_k_m,segmented_hex_multi_topic,token_128_bit_hex,procedure_home_task
detector_pair__e23e469ac7df92cef9c975ca__rankcloak,1,0.9983657002449036,textcnn,leave_one_model__mistral_7b_instruct_v0_3_q4_k_m,validation,matched_clean_llm,dedup-cluster-725b5797405341915f74ba63,revision_v1_token_128_bit_hex_006,llama3_8b_instruct_q4_k_m,segmented_hex_multi_topic,token_128_bit_hex,procedure_home_task
detector_pair__e274b1b990223d7c6dfd04df__ordinary_control,0,0.00019098811026196927,textcnn,leave_one_model__mistral_7b_instruct_v0_3_q4_k_m,validation,matched_clean_llm,dedup-cluster-e8b46972e25b5d16f253b139,revision_v1_nonce_96_bit_hex_005,llama3_8b_instruct_q4_k_m,nonseg_hex_nibble_b16,nonce_96_bit_hex,professional_process_email
detector_pair__e274b1b990223d7c6dfd04df__rankcloak,1,0.97807377576828,textcnn,leave_one_model__mistral_7b_instruct_v0_3_q4_k_m,validation,matched_clean_llm,dedup-cluster-e8b46972e25b5d16f253b139,revision_v1_nonce_96_bit_hex_005,llama3_8b_instruct_q4_k_m,nonseg_hex_nibble_b16,nonce_96_bit_hex,professional_process_email
detector_pair__e2d5d220d1baf430f930edad__ordinary_control,0,0.0002736564492806792,textcnn,leave_one_model__mistral_7b_instruct_v0_3_q4_k_m,validation,matched_clean_llm,dedup-cluster-17900f3eff20bb84e24fa1da,revision_v1_token_128_bit_hex_021,llama3_8b_instruct_q4_k_m,nonseg_hex_nibble_b16,token_128_bit_hex,casual_weekend_chat
detector_pair__e2d5d220d1baf430f930edad__rankcloak,1,0.9999774694442749,textcnn,leave_one_model__mistral_7b_instruct_v0_3_q4_k_m,validation,matched_clean_llm,dedup-cluster-17900f3eff20bb84e24fa1da,revision_v1_token_128_bit_hex_021,llama3_8b_instruct_q4_k_m,nonseg_hex_nibble_b16,token_128_bit_hex,casual_weekend_chat
detector_pair__e2dba98086c8f093d543f3ab__ordinary_control,0,0.8632686734199524,textcnn,leave_one_model__mistral_7b_instruct_v0_3_q4_k_m,validation,matched_clean_llm,dedup-cluster-37d4a9d7e9509ca2f58035f8,revision_v1_hmac_sha256_hex_022,qwen2_5_7b_instruct_q4_k_m,direct_subword_calgacus,hmac_sha256_hex,casual_neighborhood_chat
detector_pair__e2dba98086c8f093d543f3ab__rankcloak,1,0.9999932050704956,textcnn,leave_one_model__mistral_7b_instruct_v0_3_q4_k_m,validation,matched_clean_llm,dedup-cluster-37d4a9d7e9509ca2f58035f8,revision_v1_hmac_sha256_hex_022,qwen2_5_7b_instruct_q4_k_m,direct_subword_calgacus,hmac_sha256_hex,casual_neighborhood_chat
detector_pair__e3020472c6bb0cea0219006f__ordinary_control,0,3.3868811442516744e-05,textcnn,leave_one_model__mistral_7b_instruct_v0_3_q4_k_m,validation,matched_clean_llm,dedup-cluster-17900f3eff20bb84e24fa1da,revision_v1_token_128_bit_hex_021,llama3_8b_instruct_q4_k_m,direct_subword_calgacus,token_128_bit_hex,casual_weekend_chat
detector_pair__e3020472c6bb0cea0219006f__rankcloak,1,0.9683610796928406,textcnn,leave_one_model__mistral_7b_instruct_v0_3_q4_k_m,validation,matched_clean_llm,dedup-cluster-17900f3eff20bb84e24fa1da,revision_v1_token_128_bit_hex_021,llama3_8b_instruct_q4_k_m,direct_subword_calgacus,token_128_bit_hex,casual_weekend_chat
detector_pair__e32ca555ebba642256ec068e__ordinary_control,0,1.680440800555516e-05,textcnn,leave_one_model__mistral_7b_instruct_v0_3_q4_k_m,validation,matched_clean_llm,dedup-cluster-edb6b099f1dff5a3bddeca8c,revision_v1_sha256_hex_012,qwen2_5_7b_instruct_q4_k_m,segmented_hex_single_topic,sha256_hex,professional_project_update
detector_pair__e32ca555ebba642256ec068e__rankcloak,1,0.999687671661377,textcnn,leave_one_model__mistral_7b_instruct_v0_3_q4_k_m,validation,matched_clean_llm,dedup-cluster-edb6b099f1dff5a3bddeca8c,revision_v1_sha256_hex_012,qwen2_5_7b_instruct_q4_k_m,segmented_hex_single_topic,sha256_hex,professional_project_update
detector_pair__e36ac2ad406dccac3d1e7b50__ordinary_control,0,0.005053937900811434,textcnn,leave_one_model__mistral_7b_instruct_v0_3_q4_k_m,validation,matched_clean_llm,dedup-cluster-8150a67016c09420f58d3140,revision_v1_sha256_hex_053,qwen2_5_7b_instruct_q4_k_m,segmented_hex_multi_topic,sha256_hex,casual_weekend_chat
detector_pair__e36ac2ad406dccac3d1e7b50__rankcloak,1,0.9999957084655762,textcnn,leave_one_model__mistral_7b_instruct_v0_3_q4_k_m,validation,matched_clean_llm,dedup-cluster-8150a67016c09420f58d3140,revision_v1_sha256_hex_053,qwen2_5_7b_instruct_q4_k_m,segmented_hex_multi_topic,sha256_hex,casual_weekend_chat
detector_pair__e3755b587c075c233a1ab7a6__ordinary_control,0,0.002384433289989829,textcnn,leave_one_model__mistral_7b_instruct_v0_3_q4_k_m,validation,matched_clean_llm,dedup-cluster-92db4da9195620c7435535fe,revision_v1_ed25519_signature_base64_008,qwen2_5_7b_instruct_q4_k_m,nonseg_ascii_b8,ed25519_signature_base64,narrative_small_discovery
detector_pair__e3755b587c075c233a1ab7a6__rankcloak,1,0.999760091304779,textcnn,leave_one_model__mistral_7b_instruct_v0_3_q4_k_m,validation,matched_clean_llm,dedup-cluster-92db4da9195620c7435535fe,revision_v1_ed25519_signature_base64_008,qwen2_5_7b_instruct_q4_k_m,nonseg_ascii_b8,ed25519_signature_base64,narrative_small_discovery
detector_pair__e3c6283d66e30ac6194df13f__ordinary_control,0,6.516298890346661e-05,textcnn,leave_one_model__mistral_7b_instruct_v0_3_q4_k_m,validation,matched_clean_llm,dedup-cluster-631342e4862923cce8d3242b,revision_v1_sha256_hex_029,qwen2_5_7b_instruct_q4_k_m,segmented_hex_single_topic,sha256_hex,casual_neighborhood_chat
detector_pair__e3c6283d66e30ac6194df13f__rankcloak,1,0.9999996423721313,textcnn,leave_one_model__mistral_7b_instruct_v0_3_q4_k_m,validation,matched_clean_llm,dedup-cluster-631342e4862923cce8d3242b,revision_v1_sha256_hex_029,qwen2_5_7b_instruct_q4_k_m,segmented_hex_single_topic,sha256_hex,casual_neighborhood_chat
detector_pair__e3fba90a9f08d30fd0b73b7c__ordinary_control,0,0.00015851645730435848,textcnn,leave_one_model__mistral_7b_instruct_v0_3_q4_k_m,validation,matched_clean_llm,dedup-cluster-339659e6d45626f95acf4c5b,revision_v1_nonce_96_bit_hex_052,qwen2_5_7b_instruct_q4_k_m,nonseg_ascii_b8,nonce_96_bit_hex,professional_process_email
detector_pair__e3fba90a9f08d30fd0b73b7c__rankcloak,1,0.9974933862686157,textcnn,leave_one_model__mistral_7b_instruct_v0_3_q4_k_m,validation,matched_clean_llm,dedup-cluster-339659e6d45626f95acf4c5b,revision_v1_nonce_96_bit_hex_052,qwen2_5_7b_instruct_q4_k_m,nonseg_ascii_b8,nonce_96_bit_hex,professional_process_email
detector_pair__e40bcbb97184d726b16d1e7a__ordinary_control,0,0.0002100638666888699,textcnn,leave_one_model__mistral_7b_instruct_v0_3_q4_k_m,validation,matched_clean_llm,dedup-cluster-02520044ca48813bb14ebc78,revision_v1_aes256_gcm_base64_003,llama3_8b_instruct_q4_k_m,direct_subword_calgacus,aes256_gcm_base64,forum_learning_answer
detector_pair__e40bcbb97184d726b16d1e7a__rankcloak,1,0.9980058073997498,textcnn,leave_one_model__mistral_7b_instruct_v0_3_q4_k_m,validation,matched_clean_llm,dedup-cluster-02520044ca48813bb14ebc78,revision_v1_aes256_gcm_base64_003,llama3_8b_instruct_q4_k_m,direct_subword_calgacus,aes256_gcm_base64,forum_learning_answer
detector_pair__e417976ded2e215dfa31fb2a__ordinary_control,0,7.291357178473845e-06,textcnn,leave_one_model__mistral_7b_instruct_v0_3_q4_k_m,validation,matched_clean_llm,dedup-cluster-2e2ec68963e479ffd3172011,revision_v1_ed25519_signature_base64_005,qwen2_5_7b_instruct_q4_k_m,nonseg_ascii_b16,ed25519_signature_base64,professional_process_email
detector_pair__e417976ded2e215dfa31fb2a__rankcloak,1,0.9999974966049194,textcnn,leave_one_model__mistral_7b_instruct_v0_3_q4_k_m,validation,matched_clean_llm,dedup-cluster-2e2ec68963e479ffd3172011,revision_v1_ed25519_signature_base64_005,qwen2_5_7b_instruct_q4_k_m,nonseg_ascii_b16,ed25519_signature_base64,professional_process_email
detector_pair__e42d92c220c64e9822930969__ordinary_control,0,4.434606307768263e-05,textcnn,leave_one_model__mistral_7b_instruct_v0_3_q4_k_m,validation,matched_clean_llm,dedup-cluster-26d0e390c431894214a50804,revision_v1_chacha20_poly1305_base64_004,llama3_8b_instruct_q4_k_m,direct_subword_calgacus,chacha20_poly1305_base64,narrative_small_discovery
detector_pair__e42d92c220c64e9822930969__rankcloak,1,0.9999997615814209,textcnn,leave_one_model__mistral_7b_instruct_v0_3_q4_k_m,validation,matched_clean_llm,dedup-cluster-26d0e390c431894214a50804,revision_v1_chacha20_poly1305_base64_004,llama3_8b_instruct_q4_k_m,direct_subword_calgacus,chacha20_poly1305_base64,narrative_small_discovery
detector_pair__e48d87ca966b977b27b1b137__ordinary_control,0,0.0025158850476145744,textcnn,leave_one_model__mistral_7b_instruct_v0_3_q4_k_m,validation,matched_clean_llm,dedup-cluster-982d753609ba3daf81c7d866,revision_v1_sha256_hex_046,qwen2_5_7b_instruct_q4_k_m,segmented_hex_single_topic,sha256_hex,explain_biological_process
detector_pair__e48d87ca966b977b27b1b137__rankcloak,1,0.3610375225543976,textcnn,leave_one_model__mistral_7b_instruct_v0_3_q4_k_m,validation,matched_clean_llm,dedup-cluster-982d753609ba3daf81c7d866,revision_v1_sha256_hex_046,qwen2_5_7b_instruct_q4_k_m,segmented_hex_single_topic,sha256_hex,explain_biological_process
detector_pair__e4e6f8455a5886632264a4d8__ordinary_control,0,0.0018532676622271538,textcnn,leave_one_model__mistral_7b_instruct_v0_3_q4_k_m,validation,matched_clean_llm,dedup-cluster-37d4a9d7e9509ca2f58035f8,revision_v1_hmac_sha256_hex_022,qwen2_5_7b_instruct_q4_k_m,segmented_hex_multi_topic,hmac_sha256_hex,casual_neighborhood_chat
detector_pair__e4e6f8455a5886632264a4d8__rankcloak,1,0.9224784970283508,textcnn,leave_one_model__mistral_7b_instruct_v0_3_q4_k_m,validation,matched_clean_llm,dedup-cluster-37d4a9d7e9509ca2f58035f8,revision_v1_hmac_sha256_hex_022,qwen2_5_7b_instruct_q4_k_m,segmented_hex_multi_topic,hmac_sha256_hex,casual_neighborhood_chat
detector_pair__e5089638de412167c6bc69e5__ordinary_control,0,0.0003721622924786061,textcnn,leave_one_model__mistral_7b_instruct_v0_3_q4_k_m,validation,matched_clean_llm,dedup-cluster-7b810f2afbcabc7ee462bff7,revision_v1_nonce_96_bit_hex_023,qwen2_5_7b_instruct_q4_k_m,segmented_hex_single_topic,nonce_96_bit_hex,forum_practical_answer
detector_pair__e5089638de412167c6bc69e5__rankcloak,1,0.9999257326126099,textcnn,leave_one_model__mistral_7b_instruct_v0_3_q4_k_m,validation,matched_clean_llm,dedup-cluster-7b810f2afbcabc7ee462bff7,revision_v1_nonce_96_bit_hex_023,qwen2_5_7b_instruct_q4_k_m,segmented_hex_single_topic,nonce_96_bit_hex,forum_practical_answer
detector_pair__e57eef0b8b5c64f4216ebce7__ordinary_control,0,0.001274413662031293,textcnn,leave_one_model__mistral_7b_instruct_v0_3_q4_k_m,validation,matched_clean_llm,dedup-cluster-897bd4c0922eb43a17664a25,revision_v1_aes256_gcm_base64_025,llama3_8b_instruct_q4_k_m,nonseg_ascii_b8,aes256_gcm_base64,casual_weekend_chat
detector_pair__e57eef0b8b5c64f4216ebce7__rankcloak,1,0.7906407117843628,textcnn,leave_one_model__mistral_7b_instruct_v0_3_q4_k_m,validation,matched_clean_llm,dedup-cluster-897bd4c0922eb43a17664a25,revision_v1_aes256_gcm_base64_025,llama3_8b_instruct_q4_k_m,nonseg_ascii_b8,aes256_gcm_base64,casual_weekend_chat
detector_pair__e5eac93270104a7ef0d96c05__ordinary_control,0,0.00031312202918343246,textcnn,leave_one_model__mistral_7b_instruct_v0_3_q4_k_m,validation,matched_clean_llm,dedup-cluster-d95563a927f567b6601e551e,revision_v1_uuid_v4_020,llama3_8b_instruct_q4_k_m,nonseg_ascii_b8,uuid_v4,casual_hobby_chat
detector_pair__e5eac93270104a7ef0d96c05__rankcloak,1,0.9955169558525085,textcnn,leave_one_model__mistral_7b_instruct_v0_3_q4_k_m,validation,matched_clean_llm,dedup-cluster-d95563a927f567b6601e551e,revision_v1_uuid_v4_020,llama3_8b_instruct_q4_k_m,nonseg_ascii_b8,uuid_v4,casual_hobby_chat
detector_pair__e5f825d6751fefbaa1153478__ordinary_control,0,0.0007930714054964483,textcnn,leave_one_model__mistral_7b_instruct_v0_3_q4_k_m,validation,matched_clean_llm,dedup-cluster-dcb1b73d5ccfd69dfe23f428,revision_v1_ed25519_signature_base64_000,qwen2_5_7b_instruct_q4_k_m,nonseg_ascii_b16,ed25519_signature_base64,forum_learning_answer
detector_pair__e5f825d6751fefbaa1153478__rankcloak,1,0.9999090433120728,textcnn,leave_one_model__mistral_7b_instruct_v0_3_q4_k_m,validation,matched_clean_llm,dedup-cluster-dcb1b73d5ccfd69dfe23f428,revision_v1_ed25519_signature_base64_000,qwen2_5_7b_instruct_q4_k_m,nonseg_ascii_b16,ed25519_signature_base64,forum_learning_answer
detector_pair__e686d65a5a073bd026568396__ordinary_control,0,1.9370427253306843e-05,textcnn,leave_one_model__mistral_7b_instruct_v0_3_q4_k_m,validation,matched_clean_llm,dedup-cluster-1e608c8c5860067de2774eaa,revision_v1_uuid_v4_008,qwen2_5_7b_instruct_q4_k_m,direct_subword_calgacus,uuid_v4,professional_project_update
detector_pair__e686d65a5a073bd026568396__rankcloak,1,0.9999504089355469,textcnn,leave_one_model__mistral_7b_instruct_v0_3_q4_k_m,validation,matched_clean_llm,dedup-cluster-1e608c8c5860067de2774eaa,revision_v1_uuid_v4_008,qwen2_5_7b_instruct_q4_k_m,direct_subword_calgacus,uuid_v4,professional_project_update
detector_pair__e689d0c091fc0daf40c7a2d6__ordinary_control,0,2.3501599571318366e-05,textcnn,leave_one_model__mistral_7b_instruct_v0_3_q4_k_m,validation,matched_clean_llm,dedup-cluster-e8b46972e25b5d16f253b139,revision_v1_nonce_96_bit_hex_005,llama3_8b_instruct_q4_k_m,nonseg_ascii_b16,nonce_96_bit_hex,professional_process_email
detector_pair__e689d0c091fc0daf40c7a2d6__rankcloak,1,0.40977543592453003,textcnn,leave_one_model__mistral_7b_instruct_v0_3_q4_k_m,validation,matched_clean_llm,dedup-cluster-e8b46972e25b5d16f253b139,revision_v1_nonce_96_bit_hex_005,llama3_8b_instruct_q4_k_m,nonseg_ascii_b16,nonce_96_bit_hex,professional_process_email
detector_pair__e6b8e119e2363a91884587e6__ordinary_control,0,0.12385980784893036,textcnn,leave_one_model__mistral_7b_instruct_v0_3_q4_k_m,validation,matched_clean_llm,dedup-cluster-68e08a4fc96aff3403abad93,revision_v1_nonce_96_bit_hex_031,qwen2_5_7b_instruct_q4_k_m,segmented_hex_multi_topic,nonce_96_bit_hex,narrative_learning_moment
detector_pair__e6b8e119e2363a91884587e6__rankcloak,1,0.16619957983493805,textcnn,leave_one_model__mistral_7b_instruct_v0_3_q4_k_m,validation,matched_clean_llm,dedup-cluster-68e08a4fc96aff3403abad93,revision_v1_nonce_96_bit_hex_031,qwen2_5_7b_instruct_q4_k_m,segmented_hex_multi_topic,nonce_96_bit_hex,narrative_learning_moment
detector_pair__e6cf08f2754a4d9981d00ad9__ordinary_control,0,0.0005713075515814126,textcnn,leave_one_model__mistral_7b_instruct_v0_3_q4_k_m,validation,matched_clean_llm,dedup-cluster-2e7f1969791ae609498a9082,revision_v1_hmac_sha256_hex_020,qwen2_5_7b_instruct_q4_k_m,segmented_hex_single_topic,hmac_sha256_hex,narrative_learning_moment
detector_pair__e6cf08f2754a4d9981d00ad9__rankcloak,1,0.9975191354751587,textcnn,leave_one_model__mistral_7b_instruct_v0_3_q4_k_m,validation,matched_clean_llm,dedup-cluster-2e7f1969791ae609498a9082,revision_v1_hmac_sha256_hex_020,qwen2_5_7b_instruct_q4_k_m,segmented_hex_single_topic,hmac_sha256_hex,narrative_learning_moment
detector_pair__e6dd0d07220ae29d63a55c5d__ordinary_control,0,0.01382603868842125,textcnn,leave_one_model__mistral_7b_instruct_v0_3_q4_k_m,validation,matched_clean_llm,dedup-cluster-8150a67016c09420f58d3140,revision_v1_sha256_hex_053,llama3_8b_instruct_q4_k_m,direct_subword_calgacus,sha256_hex,explain_biological_process
detector_pair__e6dd0d07220ae29d63a55c5d__rankcloak,1,0.9814895987510681,textcnn,leave_one_model__mistral_7b_instruct_v0_3_q4_k_m,validation,matched_clean_llm,dedup-cluster-8150a67016c09420f58d3140,revision_v1_sha256_hex_053,llama3_8b_instruct_q4_k_m,direct_subword_calgacus,sha256_hex,explain_biological_process
detector_pair__e75eb43f589acbd8e372d0fa__ordinary_control,0,3.5709986150322948e-06,textcnn,leave_one_model__mistral_7b_instruct_v0_3_q4_k_m,validation,matched_clean_llm,dedup-cluster-d24ae4dc1ca2dcb4473005f9,revision_v1_hmac_sha256_hex_036,llama3_8b_instruct_q4_k_m,segmented_hex_single_topic,hmac_sha256_hex,professional_schedule_note
detector_pair__e75eb43f589acbd8e372d0fa__rankcloak,1,0.9960397481918335,textcnn,leave_one_model__mistral_7b_instruct_v0_3_q4_k_m,validation,matched_clean_llm,dedup-cluster-d24ae4dc1ca2dcb4473005f9,revision_v1_hmac_sha256_hex_036,llama3_8b_instruct_q4_k_m,segmented_hex_single_topic,hmac_sha256_hex,professional_schedule_note
detector_pair__e75fbdc1d12662c490167c7b__ordinary_control,0,1.954829720318685e-08,textcnn,leave_one_model__mistral_7b_instruct_v0_3_q4_k_m,validation,matched_clean_llm,dedup-cluster-1d730332b470450b93b8b767,revision_v1_hmac_sha256_hex_006,llama3_8b_instruct_q4_k_m,segmented_hex_multi_topic,hmac_sha256_hex,professional_process_email
detector_pair__e75fbdc1d12662c490167c7b__rankcloak,1,0.9051246047019958,textcnn,leave_one_model__mistral_7b_instruct_v0_3_q4_k_m,validation,matched_clean_llm,dedup-cluster-1d730332b470450b93b8b767,revision_v1_hmac_sha256_hex_006,llama3_8b_instruct_q4_k_m,segmented_hex_multi_topic,hmac_sha256_hex,professional_process_email
detector_pair__e7dc0031e055f2f6e098a511__ordinary_control,0,1.5502839900705112e-08,textcnn,leave_one_model__mistral_7b_instruct_v0_3_q4_k_m,validation,matched_clean_llm,dedup-cluster-17900f3eff20bb84e24fa1da,revision_v1_token_128_bit_hex_021,qwen2_5_7b_instruct_q4_k_m,nonseg_ascii_b16,token_128_bit_hex,professional_schedule_note
detector_pair__e7dc0031e055f2f6e098a511__rankcloak,1,0.9991464614868164,textcnn,leave_one_model__mistral_7b_instruct_v0_3_q4_k_m,validation,matched_clean_llm,dedup-cluster-17900f3eff20bb84e24fa1da,revision_v1_token_128_bit_hex_021,qwen2_5_7b_instruct_q4_k_m,nonseg_ascii_b16,token_128_bit_hex,professional_schedule_note
detector_pair__e7e8cb072554117c81aaf2fc__ordinary_control,0,0.0024955463595688343,textcnn,leave_one_model__mistral_7b_instruct_v0_3_q4_k_m,validation,matched_clean_llm,dedup-cluster-4df1f95590c9f69533ae0634,revision_v1_nonce_96_bit_hex_027,llama3_8b_instruct_q4_k_m,segmented_hex_multi_topic,nonce_96_bit_hex,explain_weather_pattern
detector_pair__e7e8cb072554117c81aaf2fc__rankcloak,1,0.9890081882476807,textcnn,leave_one_model__mistral_7b_instruct_v0_3_q4_k_m,validation,matched_clean_llm,dedup-cluster-4df1f95590c9f69533ae0634,revision_v1_nonce_96_bit_hex_027,llama3_8b_instruct_q4_k_m,segmented_hex_multi_topic,nonce_96_bit_hex,explain_weather_pattern
detector_pair__e7f990e1c187700c29c9ce44__ordinary_control,0,0.0005102472496218979,textcnn,leave_one_model__mistral_7b_instruct_v0_3_q4_k_m,validation,matched_clean_llm,dedup-cluster-68e08a4fc96aff3403abad93,revision_v1_nonce_96_bit_hex_031,llama3_8b_instruct_q4_k_m,direct_subword_calgacus,nonce_96_bit_hex,procedure_home_task
detector_pair__e7f990e1c187700c29c9ce44__rankcloak,1,0.9952347874641418,textcnn,leave_one_model__mistral_7b_instruct_v0_3_q4_k_m,validation,matched_clean_llm,dedup-cluster-68e08a4fc96aff3403abad93,revision_v1_nonce_96_bit_hex_031,llama3_8b_instruct_q4_k_m,direct_subword_calgacus,nonce_96_bit_hex,procedure_home_task
detector_pair__e82421b83090c1f5e8914c2e__ordinary_control,0,0.013012967072427273,textcnn,leave_one_model__mistral_7b_instruct_v0_3_q4_k_m,validation,matched_clean_llm,dedup-cluster-0401b1baba09fb1c1437ea35,revision_v1_nonce_96_bit_hex_011,llama3_8b_instruct_q4_k_m,direct_subword_calgacus,nonce_96_bit_hex,professional_project_update
detector_pair__e82421b83090c1f5e8914c2e__rankcloak,1,0.9999655485153198,textcnn,leave_one_model__mistral_7b_instruct_v0_3_q4_k_m,validation,matched_clean_llm,dedup-cluster-0401b1baba09fb1c1437ea35,revision_v1_nonce_96_bit_hex_011,llama3_8b_instruct_q4_k_m,direct_subword_calgacus,nonce_96_bit_hex,professional_project_update
detector_pair__e826c4f0aca82e8edaa3e8ae__ordinary_control,0,6.028301413607551e-06,textcnn,leave_one_model__mistral_7b_instruct_v0_3_q4_k_m,validation,matched_clean_llm,dedup-cluster-cdae81a0da256f43636cdb0c,revision_v1_chacha20_poly1305_base64_024,llama3_8b_instruct_q4_k_m,direct_subword_calgacus,chacha20_poly1305_base64,casual_hobby_chat
detector_pair__e826c4f0aca82e8edaa3e8ae__rankcloak,1,0.9996671676635742,textcnn,leave_one_model__mistral_7b_instruct_v0_3_q4_k_m,validation,matched_clean_llm,dedup-cluster-cdae81a0da256f43636cdb0c,revision_v1_chacha20_poly1305_base64_024,llama3_8b_instruct_q4_k_m,direct_subword_calgacus,chacha20_poly1305_base64,casual_hobby_chat
detector_pair__e8cb8e55ee6f07b8e7eeb8eb__ordinary_control,0,0.00016314515960402787,textcnn,leave_one_model__mistral_7b_instruct_v0_3_q4_k_m,validation,matched_clean_llm,dedup-cluster-b3aacb3da0049b4608f31b89,revision_v1_aes256_gcm_base64_033,qwen2_5_7b_instruct_q4_k_m,nonseg_ascii_b8,aes256_gcm_base64,procedure_garden_task
detector_pair__e8cb8e55ee6f07b8e7eeb8eb__rankcloak,1,0.9999979734420776,textcnn,leave_one_model__mistral_7b_instruct_v0_3_q4_k_m,validation,matched_clean_llm,dedup-cluster-b3aacb3da0049b4608f31b89,revision_v1_aes256_gcm_base64_033,qwen2_5_7b_instruct_q4_k_m,nonseg_ascii_b8,aes256_gcm_base64,procedure_garden_task
detector_pair__e8f5c410608a3e49e84d99b7__ordinary_control,0,2.5380026613675e-07,textcnn,leave_one_model__mistral_7b_instruct_v0_3_q4_k_m,validation,matched_clean_llm,dedup-cluster-54d0f843ac4646811be4dfd1,revision_v1_sha256_hex_000,qwen2_5_7b_instruct_q4_k_m,nonseg_hex_nibble_b16,sha256_hex,professional_schedule_note
detector_pair__e8f5c410608a3e49e84d99b7__rankcloak,1,0.9854555726051331,textcnn,leave_one_model__mistral_7b_instruct_v0_3_q4_k_m,validation,matched_clean_llm,dedup-cluster-54d0f843ac4646811be4dfd1,revision_v1_sha256_hex_000,qwen2_5_7b_instruct_q4_k_m,nonseg_hex_nibble_b16,sha256_hex,professional_schedule_note
detector_pair__e91f6831bd7d0ec8868d70cc__ordinary_control,0,0.03313581272959709,textcnn,leave_one_model__mistral_7b_instruct_v0_3_q4_k_m,validation,matched_clean_llm,dedup-cluster-40d7dc0aae7327885c0b7431,revision_v1_aes256_gcm_base64_057,qwen2_5_7b_instruct_q4_k_m,direct_subword_calgacus,aes256_gcm_base64,procedure_simple_meal
detector_pair__e91f6831bd7d0ec8868d70cc__rankcloak,1,0.9999815225601196,textcnn,leave_one_model__mistral_7b_instruct_v0_3_q4_k_m,validation,matched_clean_llm,dedup-cluster-40d7dc0aae7327885c0b7431,revision_v1_aes256_gcm_base64_057,qwen2_5_7b_instruct_q4_k_m,direct_subword_calgacus,aes256_gcm_base64,procedure_simple_meal
detector_pair__e975661fc9b3fc81ad650df2__ordinary_control,0,4.221635094836529e-07,textcnn,leave_one_model__mistral_7b_instruct_v0_3_q4_k_m,validation,matched_clean_llm,dedup-cluster-54d0f843ac4646811be4dfd1,revision_v1_sha256_hex_000,qwen2_5_7b_instruct_q4_k_m,nonseg_ascii_b8,sha256_hex,professional_schedule_note
detector_pair__e975661fc9b3fc81ad650df2__rankcloak,1,0.8926323652267456,textcnn,leave_one_model__mistral_7b_instruct_v0_3_q4_k_m,validation,matched_clean_llm,dedup-cluster-54d0f843ac4646811be4dfd1,revision_v1_sha256_hex_000,qwen2_5_7b_instruct_q4_k_m,nonseg_ascii_b8,sha256_hex,professional_schedule_note
detector_pair__ea2461fe6729fd5eb8d4e213__ordinary_control,0,0.0018307866994291544,textcnn,leave_one_model__mistral_7b_instruct_v0_3_q4_k_m,validation,matched_clean_llm,dedup-cluster-7b810f2afbcabc7ee462bff7,revision_v1_nonce_96_bit_hex_023,llama3_8b_instruct_q4_k_m,direct_subword_calgacus,nonce_96_bit_hex,professional_process_email
detector_pair__ea2461fe6729fd5eb8d4e213__rankcloak,1,0.9892333745956421,textcnn,leave_one_model__mistral_7b_instruct_v0_3_q4_k_m,validation,matched_clean_llm,dedup-cluster-7b810f2afbcabc7ee462bff7,revision_v1_nonce_96_bit_hex_023,llama3_8b_instruct_q4_k_m,direct_subword_calgacus,nonce_96_bit_hex,professional_process_email
detector_pair__ea7228e0288269e9b26f113c__ordinary_control,0,0.0008383384556509554,textcnn,leave_one_model__mistral_7b_instruct_v0_3_q4_k_m,validation,matched_clean_llm,dedup-cluster-21724430ac9765521f1234e5,revision_v1_token_128_bit_hex_056,llama3_8b_instruct_q4_k_m,segmented_hex_single_topic,token_128_bit_hex,explain_weather_pattern
detector_pair__ea7228e0288269e9b26f113c__rankcloak,1,0.605017364025116,textcnn,leave_one_model__mistral_7b_instruct_v0_3_q4_k_m,validation,matched_clean_llm,dedup-cluster-21724430ac9765521f1234e5,revision_v1_token_128_bit_hex_056,llama3_8b_instruct_q4_k_m,segmented_hex_single_topic,token_128_bit_hex,explain_weather_pattern
detector_pair__ea8f322efb10148dd7917350__ordinary_control,0,0.00913143903017044,textcnn,leave_one_model__mistral_7b_instruct_v0_3_q4_k_m,validation,matched_clean_llm,dedup-cluster-7c84aa0ced3be32342082f66,revision_v1_uuid_v4_002,llama3_8b_instruct_q4_k_m,nonseg_ascii_b8,uuid_v4,casual_hobby_chat
detector_pair__ea8f322efb10148dd7917350__rankcloak,1,0.9895544052124023,textcnn,leave_one_model__mistral_7b_instruct_v0_3_q4_k_m,validation,matched_clean_llm,dedup-cluster-7c84aa0ced3be32342082f66,revision_v1_uuid_v4_002,llama3_8b_instruct_q4_k_m,nonseg_ascii_b8,uuid_v4,casual_hobby_chat
detector_pair__eaf903fd570480025a299664__ordinary_control,0,0.002567488234490156,textcnn,leave_one_model__mistral_7b_instruct_v0_3_q4_k_m,validation,matched_clean_llm,dedup-cluster-53ddb375f906007b9492f105,revision_v1_sha256_hex_033,qwen2_5_7b_instruct_q4_k_m,segmented_hex_multi_topic,sha256_hex,narrative_small_discovery
detector_pair__eaf903fd570480025a299664__rankcloak,1,0.9590244293212891,textcnn,leave_one_model__mistral_7b_instruct_v0_3_q4_k_m,validation,matched_clean_llm,dedup-cluster-53ddb375f906007b9492f105,revision_v1_sha256_hex_033,qwen2_5_7b_instruct_q4_k_m,segmented_hex_multi_topic,sha256_hex,narrative_small_discovery
detector_pair__eb0ac451725d848d2f2f4dd6__ordinary_control,0,0.0005375581094995141,textcnn,leave_one_model__mistral_7b_instruct_v0_3_q4_k_m,validation,matched_clean_llm,dedup-cluster-8150a67016c09420f58d3140,revision_v1_sha256_hex_053,llama3_8b_instruct_q4_k_m,segmented_hex_multi_topic,sha256_hex,explain_biological_process
detector_pair__eb0ac451725d848d2f2f4dd6__rankcloak,1,0.9999009370803833,textcnn,leave_one_model__mistral_7b_instruct_v0_3_q4_k_m,validation,matched_clean_llm,dedup-cluster-8150a67016c09420f58d3140,revision_v1_sha256_hex_053,llama3_8b_instruct_q4_k_m,segmented_hex_multi_topic,sha256_hex,explain_biological_process
detector_pair__eb38b44d7b76a0cd643bab5b__ordinary_control,0,0.005749324802309275,textcnn,leave_one_model__mistral_7b_instruct_v0_3_q4_k_m,validation,matched_clean_llm,dedup-cluster-d80c78b75330766130b70bf5,revision_v1_hmac_sha256_hex_030,qwen2_5_7b_instruct_q4_k_m,segmented_hex_multi_topic,hmac_sha256_hex,forum_purchase_advice
detector_pair__eb38b44d7b76a0cd643bab5b__rankcloak,1,0.999968409538269,textcnn,leave_one_model__mistral_7b_instruct_v0_3_q4_k_m,validation,matched_clean_llm,dedup-cluster-d80c78b75330766130b70bf5,revision_v1_hmac_sha256_hex_030,qwen2_5_7b_instruct_q4_k_m,segmented_hex_multi_topic,hmac_sha256_hex,forum_purchase_advice
detector_pair__eb3ca07585ef024274933fa2__ordinary_control,0,6.087774181651184e-06,textcnn,leave_one_model__mistral_7b_instruct_v0_3_q4_k_m,validation,matched_clean_llm,dedup-cluster-298834ce3caac8f77b13ddc3,revision_v1_aes256_gcm_base64_031,llama3_8b_instruct_q4_k_m,direct_subword_calgacus,aes256_gcm_base64,casual_hobby_chat
detector_pair__eb3ca07585ef024274933fa2__rankcloak,1,0.9999212026596069,textcnn,leave_one_model__mistral_7b_instruct_v0_3_q4_k_m,validation,matched_clean_llm,dedup-cluster-298834ce3caac8f77b13ddc3,revision_v1_aes256_gcm_base64_031,llama3_8b_instruct_q4_k_m,direct_subword_calgacus,aes256_gcm_base64,casual_hobby_chat
detector_pair__ebe74722727bd9e67d8a9229__ordinary_control,0,1.0219785508525092e-05,textcnn,leave_one_model__mistral_7b_instruct_v0_3_q4_k_m,validation,matched_clean_llm,dedup-cluster-4c7d81d9bc771045be64324c,revision_v1_nonce_96_bit_hex_001,llama3_8b_instruct_q4_k_m,nonseg_ascii_b8,nonce_96_bit_hex,procedure_garden_task
detector_pair__ebe74722727bd9e67d8a9229__rankcloak,1,0.939951479434967,textcnn,leave_one_model__mistral_7b_instruct_v0_3_q4_k_m,validation,matched_clean_llm,dedup-cluster-4c7d81d9bc771045be64324c,revision_v1_nonce_96_bit_hex_001,llama3_8b_instruct_q4_k_m,nonseg_ascii_b8,nonce_96_bit_hex,procedure_garden_task
detector_pair__ec0258004133018d81b4e5ba__ordinary_control,0,0.010785086080431938,textcnn,leave_one_model__mistral_7b_instruct_v0_3_q4_k_m,validation,matched_clean_llm,dedup-cluster-484bc3854d49e18198bd3802,revision_v1_hmac_sha256_hex_050,qwen2_5_7b_instruct_q4_k_m,segmented_hex_multi_topic,hmac_sha256_hex,narrative_local_walk
detector_pair__ec0258004133018d81b4e5ba__rankcloak,1,0.9885861277580261,textcnn,leave_one_model__mistral_7b_instruct_v0_3_q4_k_m,validation,matched_clean_llm,dedup-cluster-484bc3854d49e18198bd3802,revision_v1_hmac_sha256_hex_050,qwen2_5_7b_instruct_q4_k_m,segmented_hex_multi_topic,hmac_sha256_hex,narrative_local_walk
detector_pair__ec5aeea2546b1c641baf4c9b__ordinary_control,0,0.0047025373205542564,textcnn,leave_one_model__mistral_7b_instruct_v0_3_q4_k_m,validation,matched_clean_llm,dedup-cluster-1d730332b470450b93b8b767,revision_v1_hmac_sha256_hex_006,llama3_8b_instruct_q4_k_m,nonseg_hex_nibble_b16,hmac_sha256_hex,professional_process_email
detector_pair__ec5aeea2546b1c641baf4c9b__rankcloak,1,0.9999711513519287,textcnn,leave_one_model__mistral_7b_instruct_v0_3_q4_k_m,validation,matched_clean_llm,dedup-cluster-1d730332b470450b93b8b767,revision_v1_hmac_sha256_hex_006,llama3_8b_instruct_q4_k_m,nonseg_hex_nibble_b16,hmac_sha256_hex,professional_process_email
detector_pair__ece5a32accc5ddcff44fd685__ordinary_control,0,0.00020683878392446786,textcnn,leave_one_model__mistral_7b_instruct_v0_3_q4_k_m,validation,matched_clean_llm,dedup-cluster-8150a67016c09420f58d3140,revision_v1_sha256_hex_053,llama3_8b_instruct_q4_k_m,segmented_hex_single_topic,sha256_hex,explain_biological_process
detector_pair__ece5a32accc5ddcff44fd685__rankcloak,1,0.9999997615814209,textcnn,leave_one_model__mistral_7b_instruct_v0_3_q4_k_m,validation,matched_clean_llm,dedup-cluster-8150a67016c09420f58d3140,revision_v1_sha256_hex_053,llama3_8b_instruct_q4_k_m,segmented_hex_single_topic,sha256_hex,explain_biological_process
detector_pair__ed6e20459b17379515d23269__ordinary_control,0,0.0010388923110440373,textcnn,leave_one_model__mistral_7b_instruct_v0_3_q4_k_m,validation,matched_clean_llm,dedup-cluster-23688669a27f472f3b4c7be0,revision_v1_uuid_v4_038,llama3_8b_instruct_q4_k_m,nonseg_ascii_b8,uuid_v4,casual_hobby_chat
detector_pair__ed6e20459b17379515d23269__rankcloak,1,0.9994169473648071,textcnn,leave_one_model__mistral_7b_instruct_v0_3_q4_k_m,validation,matched_clean_llm,dedup-cluster-23688669a27f472f3b4c7be0,revision_v1_uuid_v4_038,llama3_8b_instruct_q4_k_m,nonseg_ascii_b8,uuid_v4,casual_hobby_chat
detector_pair__ed761fb4348a7d3c01215eae__ordinary_control,0,0.0034598938655108213,textcnn,leave_one_model__mistral_7b_instruct_v0_3_q4_k_m,validation,matched_clean_llm,dedup-cluster-339659e6d45626f95acf4c5b,revision_v1_nonce_96_bit_hex_052,llama3_8b_instruct_q4_k_m,segmented_hex_multi_topic,nonce_96_bit_hex,casual_hobby_chat
detector_pair__ed761fb4348a7d3c01215eae__rankcloak,1,0.9999351501464844,textcnn,leave_one_model__mistral_7b_instruct_v0_3_q4_k_m,validation,matched_clean_llm,dedup-cluster-339659e6d45626f95acf4c5b,revision_v1_nonce_96_bit_hex_052,llama3_8b_instruct_q4_k_m,segmented_hex_multi_topic,nonce_96_bit_hex,casual_hobby_chat
detector_pair__edc23eb9c239d68ce5af85d7__ordinary_control,0,0.0008699209429323673,textcnn,leave_one_model__mistral_7b_instruct_v0_3_q4_k_m,validation,matched_clean_llm,dedup-cluster-c85ea4286eb44389809ba8c7,revision_v1_uuid_v4_034,llama3_8b_instruct_q4_k_m,nonseg_ascii_b8,uuid_v4,forum_practical_answer
detector_pair__edc23eb9c239d68ce5af85d7__rankcloak,1,0.9992544054985046,textcnn,leave_one_model__mistral_7b_instruct_v0_3_q4_k_m,validation,matched_clean_llm,dedup-cluster-c85ea4286eb44389809ba8c7,revision_v1_uuid_v4_034,llama3_8b_instruct_q4_k_m,nonseg_ascii_b8,uuid_v4,forum_practical_answer
detector_pair__ee025f2d2d7c851473457abe__ordinary_control,0,5.87250069656875e-05,textcnn,leave_one_model__mistral_7b_instruct_v0_3_q4_k_m,validation,matched_clean_llm,dedup-cluster-9e865129af4def1fc2a2442c,revision_v1_ed25519_signature_base64_017,qwen2_5_7b_instruct_q4_k_m,nonseg_ascii_b16,ed25519_signature_base64,professional_schedule_note
detector_pair__ee025f2d2d7c851473457abe__rankcloak,1,0.9998680353164673,textcnn,leave_one_model__mistral_7b_instruct_v0_3_q4_k_m,validation,matched_clean_llm,dedup-cluster-9e865129af4def1fc2a2442c,revision_v1_ed25519_signature_base64_017,qwen2_5_7b_instruct_q4_k_m,nonseg_ascii_b16,ed25519_signature_base64,professional_schedule_note
detector_pair__ee2379fee77b63d9b93437fe__ordinary_control,0,1.2845984201703686e-05,textcnn,leave_one_model__mistral_7b_instruct_v0_3_q4_k_m,validation,matched_clean_llm,dedup-cluster-7c84aa0ced3be32342082f66,revision_v1_uuid_v4_002,qwen2_5_7b_instruct_q4_k_m,nonseg_ascii_b16,uuid_v4,professional_process_email
detector_pair__ee2379fee77b63d9b93437fe__rankcloak,1,0.9983831644058228,textcnn,leave_one_model__mistral_7b_instruct_v0_3_q4_k_m,validation,matched_clean_llm,dedup-cluster-7c84aa0ced3be32342082f66,revision_v1_uuid_v4_002,qwen2_5_7b_instruct_q4_k_m,nonseg_ascii_b16,uuid_v4,professional_process_email
detector_pair__ee27dba13fd526da0ce7542d__ordinary_control,0,6.382446008501574e-05,textcnn,leave_one_model__mistral_7b_instruct_v0_3_q4_k_m,validation,matched_clean_llm,dedup-cluster-bc077faa1a8a103220224e85,revision_v1_chacha20_poly1305_base64_036,qwen2_5_7b_instruct_q4_k_m,nonseg_ascii_b16,chacha20_poly1305_base64,professional_schedule_note
detector_pair__ee27dba13fd526da0ce7542d__rankcloak,1,0.9970634579658508,textcnn,leave_one_model__mistral_7b_instruct_v0_3_q4_k_m,validation,matched_clean_llm,dedup-cluster-bc077faa1a8a103220224e85,revision_v1_chacha20_poly1305_base64_036,qwen2_5_7b_instruct_q4_k_m,nonseg_ascii_b16,chacha20_poly1305_base64,professional_schedule_note
detector_pair__ee68930be8678bffc6370239__ordinary_control,0,6.652309366472764e-06,textcnn,leave_one_model__mistral_7b_instruct_v0_3_q4_k_m,validation,matched_clean_llm,dedup-cluster-74a6b9f9e3047bf7067f2ba2,revision_v1_aes256_gcm_base64_047,llama3_8b_instruct_q4_k_m,direct_subword_calgacus,aes256_gcm_base64,narrative_small_discovery
detector_pair__ee68930be8678bffc6370239__rankcloak,1,0.9528399109840393,textcnn,leave_one_model__mistral_7b_instruct_v0_3_q4_k_m,validation,matched_clean_llm,dedup-cluster-74a6b9f9e3047bf7067f2ba2,revision_v1_aes256_gcm_base64_047,llama3_8b_instruct_q4_k_m,direct_subword_calgacus,aes256_gcm_base64,narrative_small_discovery
detector_pair__eecfac7312337f598170fac9__ordinary_control,0,0.0013385382480919361,textcnn,leave_one_model__mistral_7b_instruct_v0_3_q4_k_m,validation,matched_clean_llm,dedup-cluster-48d7da6cd06bde46d05aad3f,revision_v1_sha256_hex_056,qwen2_5_7b_instruct_q4_k_m,segmented_hex_multi_topic,sha256_hex,procedure_home_task
detector_pair__eecfac7312337f598170fac9__rankcloak,1,0.7123516798019409,textcnn,leave_one_model__mistral_7b_instruct_v0_3_q4_k_m,validation,matched_clean_llm,dedup-cluster-48d7da6cd06bde46d05aad3f,revision_v1_sha256_hex_056,qwen2_5_7b_instruct_q4_k_m,segmented_hex_multi_topic,sha256_hex,procedure_home_task
detector_pair__eef4c4f6663a983c3a612deb__ordinary_control,0,0.04872271791100502,textcnn,leave_one_model__mistral_7b_instruct_v0_3_q4_k_m,validation,matched_clean_llm,dedup-cluster-631342e4862923cce8d3242b,revision_v1_sha256_hex_029,llama3_8b_instruct_q4_k_m,segmented_hex_multi_topic,sha256_hex,explain_everyday_system
detector_pair__eef4c4f6663a983c3a612deb__rankcloak,1,0.007070460356771946,textcnn,leave_one_model__mistral_7b_instruct_v0_3_q4_k_m,validation,matched_clean_llm,dedup-cluster-631342e4862923cce8d3242b,revision_v1_sha256_hex_029,llama3_8b_instruct_q4_k_m,segmented_hex_multi_topic,sha256_hex,explain_everyday_system
detector_pair__eef76b64015ac87683f2ffa0__ordinary_control,0,0.08419691026210785,textcnn,leave_one_model__mistral_7b_instruct_v0_3_q4_k_m,validation,matched_clean_llm,dedup-cluster-9f2700a571f51133cc69754b,revision_v1_chacha20_poly1305_base64_019,llama3_8b_instruct_q4_k_m,nonseg_ascii_b8,chacha20_poly1305_base64,professional_project_update
detector_pair__eef76b64015ac87683f2ffa0__rankcloak,1,0.9951040744781494,textcnn,leave_one_model__mistral_7b_instruct_v0_3_q4_k_m,validation,matched_clean_llm,dedup-cluster-9f2700a571f51133cc69754b,revision_v1_chacha20_poly1305_base64_019,llama3_8b_instruct_q4_k_m,nonseg_ascii_b8,chacha20_poly1305_base64,professional_project_update
detector_pair__eefc879ba17ff24c24b00f77__ordinary_control,0,0.12038785964250565,textcnn,leave_one_model__mistral_7b_instruct_v0_3_q4_k_m,validation,matched_clean_llm,dedup-cluster-484bc3854d49e18198bd3802,revision_v1_hmac_sha256_hex_050,qwen2_5_7b_instruct_q4_k_m,segmented_hex_multi_topic,hmac_sha256_hex,narrative_local_walk
detector_pair__eefc879ba17ff24c24b00f77__rankcloak,1,0.999509334564209,textcnn,leave_one_model__mistral_7b_instruct_v0_3_q4_k_m,validation,matched_clean_llm,dedup-cluster-484bc3854d49e18198bd3802,revision_v1_hmac_sha256_hex_050,qwen2_5_7b_instruct_q4_k_m,segmented_hex_multi_topic,hmac_sha256_hex,narrative_local_walk
detector_pair__ef004b9820d46a6954f2a64e__ordinary_control,0,0.0005918445531278849,textcnn,leave_one_model__mistral_7b_instruct_v0_3_q4_k_m,validation,matched_clean_llm,dedup-cluster-064db5ffad9ed683b6e0fdbd,revision_v1_sha256_hex_035,llama3_8b_instruct_q4_k_m,segmented_hex_single_topic,sha256_hex,explain_biological_process
detector_pair__ef004b9820d46a6954f2a64e__rankcloak,1,0.32059550285339355,textcnn,leave_one_model__mistral_7b_instruct_v0_3_q4_k_m,validation,matched_clean_llm,dedup-cluster-064db5ffad9ed683b6e0fdbd,revision_v1_sha256_hex_035,llama3_8b_instruct_q4_k_m,segmented_hex_single_topic,sha256_hex,explain_biological_process
detector_pair__ef341698b4f480fbbccc8150__ordinary_control,0,0.006032638251781464,textcnn,leave_one_model__mistral_7b_instruct_v0_3_q4_k_m,validation,matched_clean_llm,dedup-cluster-c1384975805483ef72db522a,revision_v1_uuid_v4_047,qwen2_5_7b_instruct_q4_k_m,nonseg_ascii_b8,uuid_v4,narrative_small_discovery
detector_pair__ef341698b4f480fbbccc8150__rankcloak,1,0.9974276423454285,textcnn,leave_one_model__mistral_7b_instruct_v0_3_q4_k_m,validation,matched_clean_llm,dedup-cluster-c1384975805483ef72db522a,revision_v1_uuid_v4_047,qwen2_5_7b_instruct_q4_k_m,nonseg_ascii_b8,uuid_v4,narrative_small_discovery
detector_pair__ef4280f9c85ffa3478a335d9__ordinary_control,0,9.375870035910339e-07,textcnn,leave_one_model__mistral_7b_instruct_v0_3_q4_k_m,validation,matched_clean_llm,dedup-cluster-2e7f1969791ae609498a9082,revision_v1_hmac_sha256_hex_020,llama3_8b_instruct_q4_k_m,segmented_hex_single_topic,hmac_sha256_hex,procedure_home_task
detector_pair__ef4280f9c85ffa3478a335d9__rankcloak,1,0.9972752928733826,textcnn,leave_one_model__mistral_7b_instruct_v0_3_q4_k_m,validation,matched_clean_llm,dedup-cluster-2e7f1969791ae609498a9082,revision_v1_hmac_sha256_hex_020,llama3_8b_instruct_q4_k_m,segmented_hex_single_topic,hmac_sha256_hex,procedure_home_task
detector_pair__ef5873e8075369b01f90eba3__ordinary_control,0,2.478404212524765e-06,textcnn,leave_one_model__mistral_7b_instruct_v0_3_q4_k_m,validation,matched_clean_llm,dedup-cluster-2e2ec68963e479ffd3172011,revision_v1_ed25519_signature_base64_005,qwen2_5_7b_instruct_q4_k_m,nonseg_ascii_b8,ed25519_signature_base64,professional_process_email
detector_pair__ef5873e8075369b01f90eba3__rankcloak,1,0.9991142153739929,textcnn,leave_one_model__mistral_7b_instruct_v0_3_q4_k_m,validation,matched_clean_llm,dedup-cluster-2e2ec68963e479ffd3172011,revision_v1_ed25519_signature_base64_005,qwen2_5_7b_instruct_q4_k_m,nonseg_ascii_b8,ed25519_signature_base64,professional_process_email
detector_pair__ef643aad2f8777a67237e28c__ordinary_control,0,2.240492722194176e-05,textcnn,leave_one_model__mistral_7b_instruct_v0_3_q4_k_m,validation,matched_clean_llm,dedup-cluster-4c7d81d9bc771045be64324c,revision_v1_nonce_96_bit_hex_001,llama3_8b_instruct_q4_k_m,direct_subword_calgacus,nonce_96_bit_hex,procedure_garden_task
detector_pair__ef643aad2f8777a67237e28c__rankcloak,1,0.2591155469417572,textcnn,leave_one_model__mistral_7b_instruct_v0_3_q4_k_m,validation,matched_clean_llm,dedup-cluster-4c7d81d9bc771045be64324c,revision_v1_nonce_96_bit_hex_001,llama3_8b_instruct_q4_k_m,direct_subword_calgacus,nonce_96_bit_hex,procedure_garden_task
detector_pair__ef7fd65625fbef8c4cb2f1c3__ordinary_control,0,0.05793960765004158,textcnn,leave_one_model__mistral_7b_instruct_v0_3_q4_k_m,validation,matched_clean_llm,dedup-cluster-74a6b9f9e3047bf7067f2ba2,revision_v1_aes256_gcm_base64_047,llama3_8b_instruct_q4_k_m,nonseg_ascii_b8,aes256_gcm_base64,narrative_small_discovery
detector_pair__ef7fd65625fbef8c4cb2f1c3__rankcloak,1,0.9975789189338684,textcnn,leave_one_model__mistral_7b_instruct_v0_3_q4_k_m,validation,matched_clean_llm,dedup-cluster-74a6b9f9e3047bf7067f2ba2,revision_v1_aes256_gcm_base64_047,llama3_8b_instruct_q4_k_m,nonseg_ascii_b8,aes256_gcm_base64,narrative_small_discovery
detector_pair__efacdf470d7536dbd34b4105__ordinary_control,0,9.439130371902138e-05,textcnn,leave_one_model__mistral_7b_instruct_v0_3_q4_k_m,validation,matched_clean_llm,dedup-cluster-e8b46972e25b5d16f253b139,revision_v1_nonce_96_bit_hex_005,qwen2_5_7b_instruct_q4_k_m,nonseg_hex_nibble_b16,nonce_96_bit_hex,forum_practical_answer
detector_pair__efacdf470d7536dbd34b4105__rankcloak,1,0.8704513907432556,textcnn,leave_one_model__mistral_7b_instruct_v0_3_q4_k_m,validation,matched_clean_llm,dedup-cluster-e8b46972e25b5d16f253b139,revision_v1_nonce_96_bit_hex_005,qwen2_5_7b_instruct_q4_k_m,nonseg_hex_nibble_b16,nonce_96_bit_hex,forum_practical_answer
detector_pair__f029ce164a48dca9f178dc37__ordinary_control,0,0.01139405183494091,textcnn,leave_one_model__mistral_7b_instruct_v0_3_q4_k_m,validation,matched_clean_llm,dedup-cluster-064db5ffad9ed683b6e0fdbd,revision_v1_sha256_hex_035,llama3_8b_instruct_q4_k_m,segmented_hex_multi_topic,sha256_hex,explain_biological_process
detector_pair__f029ce164a48dca9f178dc37__rankcloak,1,0.9999926090240479,textcnn,leave_one_model__mistral_7b_instruct_v0_3_q4_k_m,validation,matched_clean_llm,dedup-cluster-064db5ffad9ed683b6e0fdbd,revision_v1_sha256_hex_035,llama3_8b_instruct_q4_k_m,segmented_hex_multi_topic,sha256_hex,explain_biological_process
detector_pair__f04ee5b774abbf32e141ef2d__ordinary_control,0,2.1378332348831464e-06,textcnn,leave_one_model__mistral_7b_instruct_v0_3_q4_k_m,validation,matched_clean_llm,dedup-cluster-4df1f95590c9f69533ae0634,revision_v1_nonce_96_bit_hex_027,qwen2_5_7b_instruct_q4_k_m,segmented_hex_single_topic,nonce_96_bit_hex,casual_hobby_chat
detector_pair__f04ee5b774abbf32e141ef2d__rankcloak,1,0.9978947043418884,textcnn,leave_one_model__mistral_7b_instruct_v0_3_q4_k_m,validation,matched_clean_llm,dedup-cluster-4df1f95590c9f69533ae0634,revision_v1_nonce_96_bit_hex_027,qwen2_5_7b_instruct_q4_k_m,segmented_hex_single_topic,nonce_96_bit_hex,casual_hobby_chat
detector_pair__f056055e01f6cc9d1406ab6a__ordinary_control,0,0.04170076921582222,textcnn,leave_one_model__mistral_7b_instruct_v0_3_q4_k_m,validation,matched_clean_llm,dedup-cluster-6ace02c4c66fff411127a281,revision_v1_token_128_bit_hex_012,qwen2_5_7b_instruct_q4_k_m,segmented_hex_multi_topic,token_128_bit_hex,narrative_small_discovery
detector_pair__f056055e01f6cc9d1406ab6a__rankcloak,1,0.9983782768249512,textcnn,leave_one_model__mistral_7b_instruct_v0_3_q4_k_m,validation,matched_clean_llm,dedup-cluster-6ace02c4c66fff411127a281,revision_v1_token_128_bit_hex_012,qwen2_5_7b_instruct_q4_k_m,segmented_hex_multi_topic,token_128_bit_hex,narrative_small_discovery
detector_pair__f0c18ec9fb6c1bb749bdad65__ordinary_control,0,0.0016963313100859523,textcnn,leave_one_model__mistral_7b_instruct_v0_3_q4_k_m,validation,matched_clean_llm,dedup-cluster-4f6ab2ce0956867e1b0b1bad,revision_v1_hmac_sha256_hex_043,qwen2_5_7b_instruct_q4_k_m,segmented_hex_multi_topic,hmac_sha256_hex,procedure_simple_meal
detector_pair__f0c18ec9fb6c1bb749bdad65__rankcloak,1,0.9994274377822876,textcnn,leave_one_model__mistral_7b_instruct_v0_3_q4_k_m,validation,matched_clean_llm,dedup-cluster-4f6ab2ce0956867e1b0b1bad,revision_v1_hmac_sha256_hex_043,qwen2_5_7b_instruct_q4_k_m,segmented_hex_multi_topic,hmac_sha256_hex,procedure_simple_meal
detector_pair__f0cdae306897250678b192f4__ordinary_control,0,0.03576173260807991,textcnn,leave_one_model__mistral_7b_instruct_v0_3_q4_k_m,validation,matched_clean_llm,dedup-cluster-5ace189a35be6720f7c9dc5e,revision_v1_chacha20_poly1305_base64_057,qwen2_5_7b_instruct_q4_k_m,nonseg_ascii_b16,chacha20_poly1305_base64,narrative_local_walk
detector_pair__f0cdae306897250678b192f4__rankcloak,1,0.9997521042823792,textcnn,leave_one_model__mistral_7b_instruct_v0_3_q4_k_m,validation,matched_clean_llm,dedup-cluster-5ace189a35be6720f7c9dc5e,revision_v1_chacha20_poly1305_base64_057,qwen2_5_7b_instruct_q4_k_m,nonseg_ascii_b16,chacha20_poly1305_base64,narrative_local_walk
detector_pair__f0e7bf27d7a014beb93643bd__ordinary_control,0,2.132578447344713e-05,textcnn,leave_one_model__mistral_7b_instruct_v0_3_q4_k_m,validation,matched_clean_llm,dedup-cluster-37d4a9d7e9509ca2f58035f8,revision_v1_hmac_sha256_hex_022,qwen2_5_7b_instruct_q4_k_m,nonseg_ascii_b8,hmac_sha256_hex,casual_neighborhood_chat
detector_pair__f0e7bf27d7a014beb93643bd__rankcloak,1,0.9998904466629028,textcnn,leave_one_model__mistral_7b_instruct_v0_3_q4_k_m,validation,matched_clean_llm,dedup-cluster-37d4a9d7e9509ca2f58035f8,revision_v1_hmac_sha256_hex_022,qwen2_5_7b_instruct_q4_k_m,nonseg_ascii_b8,hmac_sha256_hex,casual_neighborhood_chat
detector_pair__f19ef044291f86414a82ac7c__ordinary_control,0,0.00046673641190864146,textcnn,leave_one_model__mistral_7b_instruct_v0_3_q4_k_m,validation,matched_clean_llm,dedup-cluster-c1384975805483ef72db522a,revision_v1_uuid_v4_047,llama3_8b_instruct_q4_k_m,nonseg_ascii_b8,uuid_v4,procedure_garden_task
detector_pair__f19ef044291f86414a82ac7c__rankcloak,1,0.9538400173187256,textcnn,leave_one_model__mistral_7b_instruct_v0_3_q4_k_m,validation,matched_clean_llm,dedup-cluster-c1384975805483ef72db522a,revision_v1_uuid_v4_047,llama3_8b_instruct_q4_k_m,nonseg_ascii_b8,uuid_v4,procedure_garden_task
detector_pair__f29cd6df5505fe4d3b304039__ordinary_control,0,3.748413490711755e-08,textcnn,leave_one_model__mistral_7b_instruct_v0_3_q4_k_m,validation,matched_clean_llm,dedup-cluster-d95563a927f567b6601e551e,revision_v1_uuid_v4_020,qwen2_5_7b_instruct_q4_k_m,direct_subword_calgacus,uuid_v4,professional_process_email
detector_pair__f29cd6df5505fe4d3b304039__rankcloak,1,0.9955013394355774,textcnn,leave_one_model__mistral_7b_instruct_v0_3_q4_k_m,validation,matched_clean_llm,dedup-cluster-d95563a927f567b6601e551e,revision_v1_uuid_v4_020,qwen2_5_7b_instruct_q4_k_m,direct_subword_calgacus,uuid_v4,professional_process_email
detector_pair__f32f7cc64785a4b62e3dbd1b__ordinary_control,0,0.004616070538759232,textcnn,leave_one_model__mistral_7b_instruct_v0_3_q4_k_m,validation,matched_clean_llm,dedup-cluster-725b5797405341915f74ba63,revision_v1_token_128_bit_hex_006,qwen2_5_7b_instruct_q4_k_m,nonseg_ascii_b8,token_128_bit_hex,narrative_learning_moment
detector_pair__f32f7cc64785a4b62e3dbd1b__rankcloak,1,0.8582621812820435,textcnn,leave_one_model__mistral_7b_instruct_v0_3_q4_k_m,validation,matched_clean_llm,dedup-cluster-725b5797405341915f74ba63,revision_v1_token_128_bit_hex_006,qwen2_5_7b_instruct_q4_k_m,nonseg_ascii_b8,token_128_bit_hex,narrative_learning_moment
detector_pair__f4e922ae5c1a454d831dfe9e__ordinary_control,0,5.160251248526038e-08,textcnn,leave_one_model__mistral_7b_instruct_v0_3_q4_k_m,validation,matched_clean_llm,dedup-cluster-897bd4c0922eb43a17664a25,revision_v1_aes256_gcm_base64_025,qwen2_5_7b_instruct_q4_k_m,direct_subword_calgacus,aes256_gcm_base64,professional_schedule_note
detector_pair__f4e922ae5c1a454d831dfe9e__rankcloak,1,0.9992750287055969,textcnn,leave_one_model__mistral_7b_instruct_v0_3_q4_k_m,validation,matched_clean_llm,dedup-cluster-897bd4c0922eb43a17664a25,revision_v1_aes256_gcm_base64_025,qwen2_5_7b_instruct_q4_k_m,direct_subword_calgacus,aes256_gcm_base64,professional_schedule_note
detector_pair__f4f943550b1e30571162a370__ordinary_control,0,0.09528877586126328,textcnn,leave_one_model__mistral_7b_instruct_v0_3_q4_k_m,validation,matched_clean_llm,dedup-cluster-064db5ffad9ed683b6e0fdbd,revision_v1_sha256_hex_035,llama3_8b_instruct_q4_k_m,nonseg_ascii_b8,sha256_hex,explain_biological_process
detector_pair__f4f943550b1e30571162a370__rankcloak,1,0.9999959468841553,textcnn,leave_one_model__mistral_7b_instruct_v0_3_q4_k_m,validation,matched_clean_llm,dedup-cluster-064db5ffad9ed683b6e0fdbd,revision_v1_sha256_hex_035,llama3_8b_instruct_q4_k_m,nonseg_ascii_b8,sha256_hex,explain_biological_process
detector_pair__f4ffbdd67a035c6626b9bc48__ordinary_control,0,0.0009246740373782814,textcnn,leave_one_model__mistral_7b_instruct_v0_3_q4_k_m,validation,matched_clean_llm,dedup-cluster-68e08a4fc96aff3403abad93,revision_v1_nonce_96_bit_hex_031,qwen2_5_7b_instruct_q4_k_m,segmented_hex_single_topic,nonce_96_bit_hex,narrative_learning_moment
detector_pair__f4ffbdd67a035c6626b9bc48__rankcloak,1,0.16741704940795898,textcnn,leave_one_model__mistral_7b_instruct_v0_3_q4_k_m,validation,matched_clean_llm,dedup-cluster-68e08a4fc96aff3403abad93,revision_v1_nonce_96_bit_hex_031,qwen2_5_7b_instruct_q4_k_m,segmented_hex_single_topic,nonce_96_bit_hex,narrative_learning_moment
detector_pair__f51eef1f68125f8c1e3195ac__ordinary_control,0,0.0006147472886368632,textcnn,leave_one_model__mistral_7b_instruct_v0_3_q4_k_m,validation,matched_clean_llm,dedup-cluster-5650c0ad5d795f7721100b4c,revision_v1_uuid_v4_024,llama3_8b_instruct_q4_k_m,nonseg_ascii_b8,uuid_v4,narrative_learning_moment
detector_pair__f51eef1f68125f8c1e3195ac__rankcloak,1,0.9992062449455261,textcnn,leave_one_model__mistral_7b_instruct_v0_3_q4_k_m,validation,matched_clean_llm,dedup-cluster-5650c0ad5d795f7721100b4c,revision_v1_uuid_v4_024,llama3_8b_instruct_q4_k_m,nonseg_ascii_b8,uuid_v4,narrative_learning_moment
detector_pair__f57cb5d6ad2883ce197ef9cb__ordinary_control,0,0.006996214389801025,textcnn,leave_one_model__mistral_7b_instruct_v0_3_q4_k_m,validation,matched_clean_llm,dedup-cluster-59f7511f5e7a9e62060c4324,revision_v1_uuid_v4_058,llama3_8b_instruct_q4_k_m,nonseg_ascii_b8,uuid_v4,forum_purchase_advice
detector_pair__f57cb5d6ad2883ce197ef9cb__rankcloak,1,0.9999758005142212,textcnn,leave_one_model__mistral_7b_instruct_v0_3_q4_k_m,validation,matched_clean_llm,dedup-cluster-59f7511f5e7a9e62060c4324,revision_v1_uuid_v4_058,llama3_8b_instruct_q4_k_m,nonseg_ascii_b8,uuid_v4,forum_purchase_advice
detector_pair__f597676c7a9a4b7d6348a729__ordinary_control,0,0.00014541222481057048,textcnn,leave_one_model__mistral_7b_instruct_v0_3_q4_k_m,validation,matched_clean_llm,dedup-cluster-a1f09603de61d42b17c60f90,revision_v1_nonce_96_bit_hex_058,llama3_8b_instruct_q4_k_m,direct_subword_calgacus,nonce_96_bit_hex,casual_neighborhood_chat
detector_pair__f597676c7a9a4b7d6348a729__rankcloak,1,0.03937368467450142,textcnn,leave_one_model__mistral_7b_instruct_v0_3_q4_k_m,validation,matched_clean_llm,dedup-cluster-a1f09603de61d42b17c60f90,revision_v1_nonce_96_bit_hex_058,llama3_8b_instruct_q4_k_m,direct_subword_calgacus,nonce_96_bit_hex,casual_neighborhood_chat
detector_pair__f59922f4683b7ea18b8f028a__ordinary_control,0,0.0024015880189836025,textcnn,leave_one_model__mistral_7b_instruct_v0_3_q4_k_m,validation,matched_clean_llm,dedup-cluster-0401b1baba09fb1c1437ea35,revision_v1_nonce_96_bit_hex_011,llama3_8b_instruct_q4_k_m,segmented_hex_single_topic,nonce_96_bit_hex,professional_project_update
detector_pair__f59922f4683b7ea18b8f028a__rankcloak,1,0.0016555450856685638,textcnn,leave_one_model__mistral_7b_instruct_v0_3_q4_k_m,validation,matched_clean_llm,dedup-cluster-0401b1baba09fb1c1437ea35,revision_v1_nonce_96_bit_hex_011,llama3_8b_instruct_q4_k_m,segmented_hex_single_topic,nonce_96_bit_hex,professional_project_update
detector_pair__f5a41c9f6cdf3982925ffc65__ordinary_control,0,1.4851269725113525e-07,textcnn,leave_one_model__mistral_7b_instruct_v0_3_q4_k_m,validation,matched_clean_llm,dedup-cluster-e303bfe023e32c25389ebaf9,revision_v1_token_128_bit_hex_057,qwen2_5_7b_instruct_q4_k_m,nonseg_ascii_b16,token_128_bit_hex,professional_schedule_note
detector_pair__f5a41c9f6cdf3982925ffc65__rankcloak,1,0.9999974966049194,textcnn,leave_one_model__mistral_7b_instruct_v0_3_q4_k_m,validation,matched_clean_llm,dedup-cluster-e303bfe023e32c25389ebaf9,revision_v1_token_128_bit_hex_057,qwen2_5_7b_instruct_q4_k_m,nonseg_ascii_b16,token_128_bit_hex,professional_schedule_note
detector_pair__f5a596b8917706443b53680b__ordinary_control,0,4.788428486790508e-05,textcnn,leave_one_model__mistral_7b_instruct_v0_3_q4_k_m,validation,matched_clean_llm,dedup-cluster-a34a1c3f812dbedb8252c73c,revision_v1_ed25519_signature_base64_015,llama3_8b_instruct_q4_k_m,direct_subword_calgacus,ed25519_signature_base64,narrative_small_discovery
detector_pair__f5a596b8917706443b53680b__rankcloak,1,0.9990925788879395,textcnn,leave_one_model__mistral_7b_instruct_v0_3_q4_k_m,validation,matched_clean_llm,dedup-cluster-a34a1c3f812dbedb8252c73c,revision_v1_ed25519_signature_base64_015,llama3_8b_instruct_q4_k_m,direct_subword_calgacus,ed25519_signature_base64,narrative_small_discovery
detector_pair__f68db7ca558af2a8482934ae__ordinary_control,0,0.12656383216381073,textcnn,leave_one_model__mistral_7b_instruct_v0_3_q4_k_m,validation,matched_clean_llm,dedup-cluster-982d753609ba3daf81c7d866,revision_v1_sha256_hex_046,llama3_8b_instruct_q4_k_m,segmented_hex_multi_topic,sha256_hex,narrative_local_walk
detector_pair__f68db7ca558af2a8482934ae__rankcloak,1,0.9997121691703796,textcnn,leave_one_model__mistral_7b_instruct_v0_3_q4_k_m,validation,matched_clean_llm,dedup-cluster-982d753609ba3daf81c7d866,revision_v1_sha256_hex_046,llama3_8b_instruct_q4_k_m,segmented_hex_multi_topic,sha256_hex,narrative_local_walk
detector_pair__f6c8308514fb0ce7c1b38478__ordinary_control,0,3.4633161703823134e-05,textcnn,leave_one_model__mistral_7b_instruct_v0_3_q4_k_m,validation,matched_clean_llm,dedup-cluster-edb6b099f1dff5a3bddeca8c,revision_v1_sha256_hex_012,qwen2_5_7b_instruct_q4_k_m,nonseg_ascii_b8,sha256_hex,professional_project_update
detector_pair__f6c8308514fb0ce7c1b38478__rankcloak,1,0.9985760450363159,textcnn,leave_one_model__mistral_7b_instruct_v0_3_q4_k_m,validation,matched_clean_llm,dedup-cluster-edb6b099f1dff5a3bddeca8c,revision_v1_sha256_hex_012,qwen2_5_7b_instruct_q4_k_m,nonseg_ascii_b8,sha256_hex,professional_project_update
detector_pair__f6db0a9a4211812412241fc8__ordinary_control,0,2.9963377983222017e-06,textcnn,leave_one_model__mistral_7b_instruct_v0_3_q4_k_m,validation,matched_clean_llm,dedup-cluster-064db5ffad9ed683b6e0fdbd,revision_v1_sha256_hex_035,llama3_8b_instruct_q4_k_m,segmented_hex_single_topic,sha256_hex,explain_biological_process
detector_pair__f6db0a9a4211812412241fc8__rankcloak,1,0.9998471736907959,textcnn,leave_one_model__mistral_7b_instruct_v0_3_q4_k_m,validation,matched_clean_llm,dedup-cluster-064db5ffad9ed683b6e0fdbd,revision_v1_sha256_hex_035,llama3_8b_instruct_q4_k_m,segmented_hex_single_topic,sha256_hex,explain_biological_process
detector_pair__f6f7c72ed643d7e8086187f7__ordinary_control,0,2.794600004563108e-05,textcnn,leave_one_model__mistral_7b_instruct_v0_3_q4_k_m,validation,matched_clean_llm,dedup-cluster-bc86fac7c4db3068f8c80ad3,revision_v1_chacha20_poly1305_base64_048,llama3_8b_instruct_q4_k_m,direct_subword_calgacus,chacha20_poly1305_base64,casual_neighborhood_chat
detector_pair__f6f7c72ed643d7e8086187f7__rankcloak,1,0.9980337023735046,textcnn,leave_one_model__mistral_7b_instruct_v0_3_q4_k_m,validation,matched_clean_llm,dedup-cluster-bc86fac7c4db3068f8c80ad3,revision_v1_chacha20_poly1305_base64_048,llama3_8b_instruct_q4_k_m,direct_subword_calgacus,chacha20_poly1305_base64,casual_neighborhood_chat
detector_pair__f7508d3bee3505c91d6dac64__ordinary_control,0,0.01159335020929575,textcnn,leave_one_model__mistral_7b_instruct_v0_3_q4_k_m,validation,matched_clean_llm,dedup-cluster-cb374f9ca23dfd168fe55742,revision_v1_hmac_sha256_hex_055,llama3_8b_instruct_q4_k_m,nonseg_ascii_b8,hmac_sha256_hex,forum_purchase_advice
detector_pair__f7508d3bee3505c91d6dac64__rankcloak,1,0.9999421834945679,textcnn,leave_one_model__mistral_7b_instruct_v0_3_q4_k_m,validation,matched_clean_llm,dedup-cluster-cb374f9ca23dfd168fe55742,revision_v1_hmac_sha256_hex_055,llama3_8b_instruct_q4_k_m,nonseg_ascii_b8,hmac_sha256_hex,forum_purchase_advice
detector_pair__f7a510927cc40d29c6375fe0__ordinary_control,0,2.7885860731657885e-07,textcnn,leave_one_model__mistral_7b_instruct_v0_3_q4_k_m,validation,matched_clean_llm,dedup-cluster-cdae81a0da256f43636cdb0c,revision_v1_chacha20_poly1305_base64_024,qwen2_5_7b_instruct_q4_k_m,nonseg_ascii_b8,chacha20_poly1305_base64,professional_process_email
detector_pair__f7a510927cc40d29c6375fe0__rankcloak,1,0.9906774759292603,textcnn,leave_one_model__mistral_7b_instruct_v0_3_q4_k_m,validation,matched_clean_llm,dedup-cluster-cdae81a0da256f43636cdb0c,revision_v1_chacha20_poly1305_base64_024,qwen2_5_7b_instruct_q4_k_m,nonseg_ascii_b8,chacha20_poly1305_base64,professional_process_email
detector_pair__f7acd9c060055485d2caca14__ordinary_control,0,0.0005101271090097725,textcnn,leave_one_model__mistral_7b_instruct_v0_3_q4_k_m,validation,matched_clean_llm,dedup-cluster-a9a56840e2c7d4a59a486e62,revision_v1_nonce_96_bit_hex_025,qwen2_5_7b_instruct_q4_k_m,segmented_hex_single_topic,nonce_96_bit_hex,narrative_local_walk
detector_pair__f7acd9c060055485d2caca14__rankcloak,1,0.9058045744895935,textcnn,leave_one_model__mistral_7b_instruct_v0_3_q4_k_m,validation,matched_clean_llm,dedup-cluster-a9a56840e2c7d4a59a486e62,revision_v1_nonce_96_bit_hex_025,qwen2_5_7b_instruct_q4_k_m,segmented_hex_single_topic,nonce_96_bit_hex,narrative_local_walk
detector_pair__f7c2c9ad1f8147f69cab754d__ordinary_control,0,0.005038140341639519,textcnn,leave_one_model__mistral_7b_instruct_v0_3_q4_k_m,validation,matched_clean_llm,dedup-cluster-1d730332b470450b93b8b767,revision_v1_hmac_sha256_hex_006,qwen2_5_7b_instruct_q4_k_m,nonseg_ascii_b8,hmac_sha256_hex,forum_practical_answer
detector_pair__f7c2c9ad1f8147f69cab754d__rankcloak,1,0.9986200332641602,textcnn,leave_one_model__mistral_7b_instruct_v0_3_q4_k_m,validation,matched_clean_llm,dedup-cluster-1d730332b470450b93b8b767,revision_v1_hmac_sha256_hex_006,qwen2_5_7b_instruct_q4_k_m,nonseg_ascii_b8,hmac_sha256_hex,forum_practical_answer
detector_pair__f7f321f8a3d04bf099b33b61__ordinary_control,0,0.0005361041403375566,textcnn,leave_one_model__mistral_7b_instruct_v0_3_q4_k_m,validation,matched_clean_llm,dedup-cluster-ead69251c7d45a2f2e36dc76,revision_v1_ed25519_signature_base64_004,llama3_8b_instruct_q4_k_m,nonseg_ascii_b8,ed25519_signature_base64,explain_everyday_system
detector_pair__f7f321f8a3d04bf099b33b61__rankcloak,1,0.999919056892395,textcnn,leave_one_model__mistral_7b_instruct_v0_3_q4_k_m,validation,matched_clean_llm,dedup-cluster-ead69251c7d45a2f2e36dc76,revision_v1_ed25519_signature_base64_004,llama3_8b_instruct_q4_k_m,nonseg_ascii_b8,ed25519_signature_base64,explain_everyday_system
detector_pair__f7feeec0592a79a4f4a627fe__ordinary_control,0,0.001424306072294712,textcnn,leave_one_model__mistral_7b_instruct_v0_3_q4_k_m,validation,matched_clean_llm,dedup-cluster-92db4da9195620c7435535fe,revision_v1_ed25519_signature_base64_008,llama3_8b_instruct_q4_k_m,nonseg_ascii_b16,ed25519_signature_base64,procedure_garden_task
detector_pair__f7feeec0592a79a4f4a627fe__rankcloak,1,0.999998927116394,textcnn,leave_one_model__mistral_7b_instruct_v0_3_q4_k_m,validation,matched_clean_llm,dedup-cluster-92db4da9195620c7435535fe,revision_v1_ed25519_signature_base64_008,llama3_8b_instruct_q4_k_m,nonseg_ascii_b16,ed25519_signature_base64,procedure_garden_task
detector_pair__f80b1945269a8bc5e5cb2a62__ordinary_control,0,1.6287797279801453e-06,textcnn,leave_one_model__mistral_7b_instruct_v0_3_q4_k_m,validation,matched_clean_llm,dedup-cluster-339659e6d45626f95acf4c5b,revision_v1_nonce_96_bit_hex_052,qwen2_5_7b_instruct_q4_k_m,nonseg_ascii_b16,nonce_96_bit_hex,professional_process_email
detector_pair__f80b1945269a8bc5e5cb2a62__rankcloak,1,0.9999964237213135,textcnn,leave_one_model__mistral_7b_instruct_v0_3_q4_k_m,validation,matched_clean_llm,dedup-cluster-339659e6d45626f95acf4c5b,revision_v1_nonce_96_bit_hex_052,qwen2_5_7b_instruct_q4_k_m,nonseg_ascii_b16,nonce_96_bit_hex,professional_process_email
detector_pair__f836973a93340d1729c00c70__ordinary_control,0,0.22626128792762756,textcnn,leave_one_model__mistral_7b_instruct_v0_3_q4_k_m,validation,matched_clean_llm,dedup-cluster-357353b9c6b8da3922f5c452,revision_v1_ed25519_signature_base64_025,llama3_8b_instruct_q4_k_m,direct_subword_calgacus,ed25519_signature_base64,forum_learning_answer
detector_pair__f836973a93340d1729c00c70__rankcloak,1,0.9999998807907104,textcnn,leave_one_model__mistral_7b_instruct_v0_3_q4_k_m,validation,matched_clean_llm,dedup-cluster-357353b9c6b8da3922f5c452,revision_v1_ed25519_signature_base64_025,llama3_8b_instruct_q4_k_m,direct_subword_calgacus,ed25519_signature_base64,forum_learning_answer
detector_pair__f87ae78a58a88a5cc6173b25__ordinary_control,0,0.0004060970095451921,textcnn,leave_one_model__mistral_7b_instruct_v0_3_q4_k_m,validation,matched_clean_llm,dedup-cluster-53ddb375f906007b9492f105,revision_v1_sha256_hex_033,qwen2_5_7b_instruct_q4_k_m,segmented_hex_single_topic,sha256_hex,narrative_small_discovery
detector_pair__f87ae78a58a88a5cc6173b25__rankcloak,1,0.7459216713905334,textcnn,leave_one_model__mistral_7b_instruct_v0_3_q4_k_m,validation,matched_clean_llm,dedup-cluster-53ddb375f906007b9492f105,revision_v1_sha256_hex_033,qwen2_5_7b_instruct_q4_k_m,segmented_hex_single_topic,sha256_hex,narrative_small_discovery
detector_pair__f8ab937c85386e8d3b02fd9f__ordinary_control,0,0.022630443796515465,textcnn,leave_one_model__mistral_7b_instruct_v0_3_q4_k_m,validation,matched_clean_llm,dedup-cluster-895f397b7b83bd34e4862c58,revision_v1_chacha20_poly1305_base64_033,qwen2_5_7b_instruct_q4_k_m,nonseg_ascii_b8,chacha20_poly1305_base64,narrative_small_discovery
detector_pair__f8ab937c85386e8d3b02fd9f__rankcloak,1,0.9979463219642639,textcnn,leave_one_model__mistral_7b_instruct_v0_3_q4_k_m,validation,matched_clean_llm,dedup-cluster-895f397b7b83bd34e4862c58,revision_v1_chacha20_poly1305_base64_033,qwen2_5_7b_instruct_q4_k_m,nonseg_ascii_b8,chacha20_poly1305_base64,narrative_small_discovery
detector_pair__f98a572b832a5264b408aafa__ordinary_control,0,0.0028488433454185724,textcnn,leave_one_model__mistral_7b_instruct_v0_3_q4_k_m,validation,matched_clean_llm,dedup-cluster-02520044ca48813bb14ebc78,revision_v1_aes256_gcm_base64_003,qwen2_5_7b_instruct_q4_k_m,nonseg_ascii_b8,aes256_gcm_base64,procedure_simple_meal
detector_pair__f98a572b832a5264b408aafa__rankcloak,1,0.9934412240982056,textcnn,leave_one_model__mistral_7b_instruct_v0_3_q4_k_m,validation,matched_clean_llm,dedup-cluster-02520044ca48813bb14ebc78,revision_v1_aes256_gcm_base64_003,qwen2_5_7b_instruct_q4_k_m,nonseg_ascii_b8,aes256_gcm_base64,procedure_simple_meal
detector_pair__fb1cf05c0c052fe50f626a35__ordinary_control,0,0.004947983659803867,textcnn,leave_one_model__mistral_7b_instruct_v0_3_q4_k_m,validation,matched_clean_llm,dedup-cluster-4f6ab2ce0956867e1b0b1bad,revision_v1_hmac_sha256_hex_043,llama3_8b_instruct_q4_k_m,segmented_hex_single_topic,hmac_sha256_hex,forum_learning_answer
detector_pair__fb1cf05c0c052fe50f626a35__rankcloak,1,0.16543251276016235,textcnn,leave_one_model__mistral_7b_instruct_v0_3_q4_k_m,validation,matched_clean_llm,dedup-cluster-4f6ab2ce0956867e1b0b1bad,revision_v1_hmac_sha256_hex_043,llama3_8b_instruct_q4_k_m,segmented_hex_single_topic,hmac_sha256_hex,forum_learning_answer
detector_pair__fc182bb2b3c65af37cdcc00c__ordinary_control,0,0.00040273950435221195,textcnn,leave_one_model__mistral_7b_instruct_v0_3_q4_k_m,validation,matched_clean_llm,dedup-cluster-1658921bbd26cede8f32a38a,revision_v1_ed25519_signature_base64_033,qwen2_5_7b_instruct_q4_k_m,direct_subword_calgacus,ed25519_signature_base64,explain_everyday_system
detector_pair__fc182bb2b3c65af37cdcc00c__rankcloak,1,0.9993153810501099,textcnn,leave_one_model__mistral_7b_instruct_v0_3_q4_k_m,validation,matched_clean_llm,dedup-cluster-1658921bbd26cede8f32a38a,revision_v1_ed25519_signature_base64_033,qwen2_5_7b_instruct_q4_k_m,direct_subword_calgacus,ed25519_signature_base64,explain_everyday_system
detector_pair__fc2ad3ac2920c791c096e02f__ordinary_control,0,0.0030074608512222767,textcnn,leave_one_model__mistral_7b_instruct_v0_3_q4_k_m,validation,matched_clean_llm,dedup-cluster-bc86fac7c4db3068f8c80ad3,revision_v1_chacha20_poly1305_base64_048,qwen2_5_7b_instruct_q4_k_m,nonseg_ascii_b16,chacha20_poly1305_base64,professional_project_update
detector_pair__fc2ad3ac2920c791c096e02f__rankcloak,1,0.9998043179512024,textcnn,leave_one_model__mistral_7b_instruct_v0_3_q4_k_m,validation,matched_clean_llm,dedup-cluster-bc86fac7c4db3068f8c80ad3,revision_v1_chacha20_poly1305_base64_048,qwen2_5_7b_instruct_q4_k_m,nonseg_ascii_b16,chacha20_poly1305_base64,professional_project_update
detector_pair__fc5abd37d646a1ea6e0da078__ordinary_control,0,0.0001640755799598992,textcnn,leave_one_model__mistral_7b_instruct_v0_3_q4_k_m,validation,matched_clean_llm,dedup-cluster-6ace02c4c66fff411127a281,revision_v1_token_128_bit_hex_012,llama3_8b_instruct_q4_k_m,segmented_hex_single_topic,token_128_bit_hex,procedure_garden_task
detector_pair__fc5abd37d646a1ea6e0da078__rankcloak,1,0.958444356918335,textcnn,leave_one_model__mistral_7b_instruct_v0_3_q4_k_m,validation,matched_clean_llm,dedup-cluster-6ace02c4c66fff411127a281,revision_v1_token_128_bit_hex_012,llama3_8b_instruct_q4_k_m,segmented_hex_single_topic,token_128_bit_hex,procedure_garden_task
detector_pair__fc8bf8ecdecd1c4e0664896f__ordinary_control,0,1.282921573420026e-07,textcnn,leave_one_model__mistral_7b_instruct_v0_3_q4_k_m,validation,matched_clean_llm,dedup-cluster-e303bfe023e32c25389ebaf9,revision_v1_token_128_bit_hex_057,qwen2_5_7b_instruct_q4_k_m,direct_subword_calgacus,token_128_bit_hex,professional_schedule_note
detector_pair__fc8bf8ecdecd1c4e0664896f__rankcloak,1,0.9706420302391052,textcnn,leave_one_model__mistral_7b_instruct_v0_3_q4_k_m,validation,matched_clean_llm,dedup-cluster-e303bfe023e32c25389ebaf9,revision_v1_token_128_bit_hex_057,qwen2_5_7b_instruct_q4_k_m,direct_subword_calgacus,token_128_bit_hex,professional_schedule_note
detector_pair__fccc0e344c5759978bbb8798__ordinary_control,0,0.045452479273080826,textcnn,leave_one_model__mistral_7b_instruct_v0_3_q4_k_m,validation,matched_clean_llm,dedup-cluster-982d753609ba3daf81c7d866,revision_v1_sha256_hex_046,llama3_8b_instruct_q4_k_m,nonseg_hex_nibble_b16,sha256_hex,narrative_local_walk
detector_pair__fccc0e344c5759978bbb8798__rankcloak,1,0.9997562766075134,textcnn,leave_one_model__mistral_7b_instruct_v0_3_q4_k_m,validation,matched_clean_llm,dedup-cluster-982d753609ba3daf81c7d866,revision_v1_sha256_hex_046,llama3_8b_instruct_q4_k_m,nonseg_hex_nibble_b16,sha256_hex,narrative_local_walk
detector_pair__fcfe4b4db63fc8bca83a9f27__ordinary_control,0,0.002351761097088456,textcnn,leave_one_model__mistral_7b_instruct_v0_3_q4_k_m,validation,matched_clean_llm,dedup-cluster-53ddb375f906007b9492f105,revision_v1_sha256_hex_033,llama3_8b_instruct_q4_k_m,segmented_hex_single_topic,sha256_hex,procedure_garden_task
detector_pair__fcfe4b4db63fc8bca83a9f27__rankcloak,1,0.8220021724700928,textcnn,leave_one_model__mistral_7b_instruct_v0_3_q4_k_m,validation,matched_clean_llm,dedup-cluster-53ddb375f906007b9492f105,revision_v1_sha256_hex_033,llama3_8b_instruct_q4_k_m,segmented_hex_single_topic,sha256_hex,procedure_garden_task
detector_pair__fd10e8144539b3ace21246c5__ordinary_control,0,0.0018163510831072927,textcnn,leave_one_model__mistral_7b_instruct_v0_3_q4_k_m,validation,matched_clean_llm,dedup-cluster-a1abcb49aa12280f617295a6,revision_v1_sha256_hex_034,qwen2_5_7b_instruct_q4_k_m,segmented_hex_multi_topic,sha256_hex,explain_weather_pattern
detector_pair__fd10e8144539b3ace21246c5__rankcloak,1,0.9947109222412109,textcnn,leave_one_model__mistral_7b_instruct_v0_3_q4_k_m,validation,matched_clean_llm,dedup-cluster-a1abcb49aa12280f617295a6,revision_v1_sha256_hex_034,qwen2_5_7b_instruct_q4_k_m,segmented_hex_multi_topic,sha256_hex,explain_weather_pattern
detector_pair__fd7678f6479a973840885aa6__ordinary_control,0,0.00010597446089377627,textcnn,leave_one_model__mistral_7b_instruct_v0_3_q4_k_m,validation,matched_clean_llm,dedup-cluster-729f0f62c71d15bb8d8f7eff,revision_v1_token_128_bit_hex_004,llama3_8b_instruct_q4_k_m,segmented_hex_single_topic,token_128_bit_hex,professional_project_update
detector_pair__fd7678f6479a973840885aa6__rankcloak,1,0.998969554901123,textcnn,leave_one_model__mistral_7b_instruct_v0_3_q4_k_m,validation,matched_clean_llm,dedup-cluster-729f0f62c71d15bb8d8f7eff,revision_v1_token_128_bit_hex_004,llama3_8b_instruct_q4_k_m,segmented_hex_single_topic,token_128_bit_hex,professional_project_update
detector_pair__fdaf58ddc5e03e479c33ca0e__ordinary_control,0,1.9873819212534727e-07,textcnn,leave_one_model__mistral_7b_instruct_v0_3_q4_k_m,validation,matched_clean_llm,dedup-cluster-21724430ac9765521f1234e5,revision_v1_token_128_bit_hex_056,qwen2_5_7b_instruct_q4_k_m,nonseg_ascii_b16,token_128_bit_hex,casual_hobby_chat
detector_pair__fdaf58ddc5e03e479c33ca0e__rankcloak,1,0.9973748922348022,textcnn,leave_one_model__mistral_7b_instruct_v0_3_q4_k_m,validation,matched_clean_llm,dedup-cluster-21724430ac9765521f1234e5,revision_v1_token_128_bit_hex_056,qwen2_5_7b_instruct_q4_k_m,nonseg_ascii_b16,token_128_bit_hex,casual_hobby_chat
detector_pair__fdcdc7d05333752fbabca562__ordinary_control,0,0.00045523321023210883,textcnn,leave_one_model__mistral_7b_instruct_v0_3_q4_k_m,validation,matched_clean_llm,dedup-cluster-c588a294c6263bec1e8ad56d,revision_v1_token_128_bit_hex_054,qwen2_5_7b_instruct_q4_k_m,segmented_hex_single_topic,token_128_bit_hex,narrative_local_walk
detector_pair__fdcdc7d05333752fbabca562__rankcloak,1,0.7753744721412659,textcnn,leave_one_model__mistral_7b_instruct_v0_3_q4_k_m,validation,matched_clean_llm,dedup-cluster-c588a294c6263bec1e8ad56d,revision_v1_token_128_bit_hex_054,qwen2_5_7b_instruct_q4_k_m,segmented_hex_single_topic,token_128_bit_hex,narrative_local_walk
detector_pair__fdd1cf055321eb7d0f02eee5__ordinary_control,0,1.242976122739492e-05,textcnn,leave_one_model__mistral_7b_instruct_v0_3_q4_k_m,validation,matched_clean_llm,dedup-cluster-60a1e2f88d4e40514869d20f,revision_v1_ed25519_signature_base64_051,qwen2_5_7b_instruct_q4_k_m,direct_subword_calgacus,ed25519_signature_base64,explain_everyday_system
detector_pair__fdd1cf055321eb7d0f02eee5__rankcloak,1,0.9999988079071045,textcnn,leave_one_model__mistral_7b_instruct_v0_3_q4_k_m,validation,matched_clean_llm,dedup-cluster-60a1e2f88d4e40514869d20f,revision_v1_ed25519_signature_base64_051,qwen2_5_7b_instruct_q4_k_m,direct_subword_calgacus,ed25519_signature_base64,explain_everyday_system
detector_pair__fe074ed87922f104bf9d97eb__ordinary_control,0,9.272700845031068e-05,textcnn,leave_one_model__mistral_7b_instruct_v0_3_q4_k_m,validation,matched_clean_llm,dedup-cluster-00eccca339b70a566fc600ea,revision_v1_ed25519_signature_base64_041,qwen2_5_7b_instruct_q4_k_m,nonseg_ascii_b16,ed25519_signature_base64,professional_process_email
detector_pair__fe074ed87922f104bf9d97eb__rankcloak,1,0.9999974966049194,textcnn,leave_one_model__mistral_7b_instruct_v0_3_q4_k_m,validation,matched_clean_llm,dedup-cluster-00eccca339b70a566fc600ea,revision_v1_ed25519_signature_base64_041,qwen2_5_7b_instruct_q4_k_m,nonseg_ascii_b16,ed25519_signature_base64,professional_process_email
detector_pair__fe47bc9e6712bd17dd8f9dd9__ordinary_control,0,0.00825771875679493,textcnn,leave_one_model__mistral_7b_instruct_v0_3_q4_k_m,validation,matched_clean_llm,dedup-cluster-d80c78b75330766130b70bf5,revision_v1_hmac_sha256_hex_030,llama3_8b_instruct_q4_k_m,segmented_hex_multi_topic,hmac_sha256_hex,professional_project_update
detector_pair__fe47bc9e6712bd17dd8f9dd9__rankcloak,1,1.0,textcnn,leave_one_model__mistral_7b_instruct_v0_3_q4_k_m,validation,matched_clean_llm,dedup-cluster-d80c78b75330766130b70bf5,revision_v1_hmac_sha256_hex_030,llama3_8b_instruct_q4_k_m,segmented_hex_multi_topic,hmac_sha256_hex,professional_project_update
detector_pair__fe49fc91a6451ab4634b05b5__ordinary_control,0,4.0257742739413516e-07,textcnn,leave_one_model__mistral_7b_instruct_v0_3_q4_k_m,validation,matched_clean_llm,dedup-cluster-8150a67016c09420f58d3140,revision_v1_sha256_hex_053,qwen2_5_7b_instruct_q4_k_m,nonseg_ascii_b16,sha256_hex,casual_weekend_chat
detector_pair__fe49fc91a6451ab4634b05b5__rankcloak,1,0.9992863535881042,textcnn,leave_one_model__mistral_7b_instruct_v0_3_q4_k_m,validation,matched_clean_llm,dedup-cluster-8150a67016c09420f58d3140,revision_v1_sha256_hex_053,qwen2_5_7b_instruct_q4_k_m,nonseg_ascii_b16,sha256_hex,casual_weekend_chat
detector_pair__fe77dcba4f7957f8af66fafc__ordinary_control,0,8.566400356357917e-05,textcnn,leave_one_model__mistral_7b_instruct_v0_3_q4_k_m,validation,matched_clean_llm,dedup-cluster-68e08a4fc96aff3403abad93,revision_v1_nonce_96_bit_hex_031,llama3_8b_instruct_q4_k_m,segmented_hex_single_topic,nonce_96_bit_hex,procedure_home_task
detector_pair__fe77dcba4f7957f8af66fafc__rankcloak,1,0.9999873638153076,textcnn,leave_one_model__mistral_7b_instruct_v0_3_q4_k_m,validation,matched_clean_llm,dedup-cluster-68e08a4fc96aff3403abad93,revision_v1_nonce_96_bit_hex_031,llama3_8b_instruct_q4_k_m,segmented_hex_single_topic,nonce_96_bit_hex,procedure_home_task
detector_pair__feb8ccc459187a0c9394756f__ordinary_control,0,0.0006485067424364388,textcnn,leave_one_model__mistral_7b_instruct_v0_3_q4_k_m,validation,matched_clean_llm,dedup-cluster-1a58c45e1a5617daccb29f6e,revision_v1_aes256_gcm_base64_035,llama3_8b_instruct_q4_k_m,nonseg_ascii_b8,aes256_gcm_base64,narrative_local_walk
detector_pair__feb8ccc459187a0c9394756f__rankcloak,1,0.7223783135414124,textcnn,leave_one_model__mistral_7b_instruct_v0_3_q4_k_m,validation,matched_clean_llm,dedup-cluster-1a58c45e1a5617daccb29f6e,revision_v1_aes256_gcm_base64_035,llama3_8b_instruct_q4_k_m,nonseg_ascii_b8,aes256_gcm_base64,narrative_local_walk
detector_pair__febb6dbd342ee295918ec971__ordinary_control,0,0.0019158454379066825,textcnn,leave_one_model__mistral_7b_instruct_v0_3_q4_k_m,validation,matched_clean_llm,dedup-cluster-895f397b7b83bd34e4862c58,revision_v1_chacha20_poly1305_base64_033,llama3_8b_instruct_q4_k_m,nonseg_ascii_b8,chacha20_poly1305_base64,procedure_garden_task
detector_pair__febb6dbd342ee295918ec971__rankcloak,1,0.9948157668113708,textcnn,leave_one_model__mistral_7b_instruct_v0_3_q4_k_m,validation,matched_clean_llm,dedup-cluster-895f397b7b83bd34e4862c58,revision_v1_chacha20_poly1305_base64_033,llama3_8b_instruct_q4_k_m,nonseg_ascii_b8,chacha20_poly1305_base64,procedure_garden_task
detector_pair__fec33b454c789481ab3e2293__ordinary_control,0,0.00012945578782819211,textcnn,leave_one_model__mistral_7b_instruct_v0_3_q4_k_m,validation,matched_clean_llm,dedup-cluster-d028afde8d3446e776f3bdbf,revision_v1_hmac_sha256_hex_013,qwen2_5_7b_instruct_q4_k_m,segmented_hex_multi_topic,hmac_sha256_hex,procedure_home_task
detector_pair__fec33b454c789481ab3e2293__rankcloak,1,0.999579131603241,textcnn,leave_one_model__mistral_7b_instruct_v0_3_q4_k_m,validation,matched_clean_llm,dedup-cluster-d028afde8d3446e776f3bdbf,revision_v1_hmac_sha256_hex_013,qwen2_5_7b_instruct_q4_k_m,segmented_hex_multi_topic,hmac_sha256_hex,procedure_home_task
detector_pair__fed2ca8be159e52bfb9ebf8a__ordinary_control,0,0.0014067355077713728,textcnn,leave_one_model__mistral_7b_instruct_v0_3_q4_k_m,validation,matched_clean_llm,dedup-cluster-a9a56840e2c7d4a59a486e62,revision_v1_nonce_96_bit_hex_025,qwen2_5_7b_instruct_q4_k_m,segmented_hex_single_topic,nonce_96_bit_hex,narrative_local_walk
detector_pair__fed2ca8be159e52bfb9ebf8a__rankcloak,1,0.1254972219467163,textcnn,leave_one_model__mistral_7b_instruct_v0_3_q4_k_m,validation,matched_clean_llm,dedup-cluster-a9a56840e2c7d4a59a486e62,revision_v1_nonce_96_bit_hex_025,qwen2_5_7b_instruct_q4_k_m,segmented_hex_single_topic,nonce_96_bit_hex,narrative_local_walk
detector_pair__ff71a85bfb2951f55e33b0ee__ordinary_control,0,0.0031085354276001453,textcnn,leave_one_model__mistral_7b_instruct_v0_3_q4_k_m,validation,matched_clean_llm,dedup-cluster-a1abcb49aa12280f617295a6,revision_v1_sha256_hex_034,qwen2_5_7b_instruct_q4_k_m,nonseg_ascii_b8,sha256_hex,explain_weather_pattern
detector_pair__ff71a85bfb2951f55e33b0ee__rankcloak,1,0.9991108775138855,textcnn,leave_one_model__mistral_7b_instruct_v0_3_q4_k_m,validation,matched_clean_llm,dedup-cluster-a1abcb49aa12280f617295a6,revision_v1_sha256_hex_034,qwen2_5_7b_instruct_q4_k_m,nonseg_ascii_b8,sha256_hex,explain_weather_pattern
detector_pair__ffc01e222d6d4224f929be81__ordinary_control,0,0.5598117113113403,textcnn,leave_one_model__mistral_7b_instruct_v0_3_q4_k_m,validation,matched_clean_llm,dedup-cluster-a2b2305f32aed49b82a74ffb,revision_v1_chacha20_poly1305_base64_051,qwen2_5_7b_instruct_q4_k_m,nonseg_ascii_b8,chacha20_poly1305_base64,narrative_small_discovery
detector_pair__ffc01e222d6d4224f929be81__rankcloak,1,0.9767820239067078,textcnn,leave_one_model__mistral_7b_instruct_v0_3_q4_k_m,validation,matched_clean_llm,dedup-cluster-a2b2305f32aed49b82a74ffb,revision_v1_chacha20_poly1305_base64_051,qwen2_5_7b_instruct_q4_k_m,nonseg_ascii_b8,chacha20_poly1305_base64,narrative_small_discovery
detector_pair__ffe21cf1d5c98da8bfd7b457__ordinary_control,0,0.0009178065811283886,textcnn,leave_one_model__mistral_7b_instruct_v0_3_q4_k_m,validation,matched_clean_llm,dedup-cluster-4df1f95590c9f69533ae0634,revision_v1_nonce_96_bit_hex_027,qwen2_5_7b_instruct_q4_k_m,segmented_hex_single_topic,nonce_96_bit_hex,casual_hobby_chat
detector_pair__ffe21cf1d5c98da8bfd7b457__rankcloak,1,0.9513764977455139,textcnn,leave_one_model__mistral_7b_instruct_v0_3_q4_k_m,validation,matched_clean_llm,dedup-cluster-4df1f95590c9f69533ae0634,revision_v1_nonce_96_bit_hex_027,qwen2_5_7b_instruct_q4_k_m,segmented_hex_single_topic,nonce_96_bit_hex,casual_hobby_chat
detector_pair__fff188cb1e9f029e8ecbea65__ordinary_control,0,0.00029190670466050506,textcnn,leave_one_model__mistral_7b_instruct_v0_3_q4_k_m,validation,matched_clean_llm,dedup-cluster-5c707906476e8093ab209bdf,revision_v1_ed25519_signature_base64_020,qwen2_5_7b_instruct_q4_k_m,direct_subword_calgacus,ed25519_signature_base64,narrative_learning_moment
detector_pair__fff188cb1e9f029e8ecbea65__rankcloak,1,0.9998188614845276,textcnn,leave_one_model__mistral_7b_instruct_v0_3_q4_k_m,validation,matched_clean_llm,dedup-cluster-5c707906476e8093ab209bdf,revision_v1_ed25519_signature_base64_020,qwen2_5_7b_instruct_q4_k_m,direct_subword_calgacus,ed25519_signature_base64,narrative_learning_moment
detector_pair__00018c387c36257f2f471da9__ordinary_control,0,0.0015371697954833508,textcnn,leave_one_model__mistral_7b_instruct_v0_3_q4_k_m,test,matched_clean_llm,dedup-cluster-43af11f5d2e1ab75fc7f8cd0,revision_v1_uuid_v4_037,mistral_7b_instruct_v0_3_q4_k_m,nonseg_ascii_b8,uuid_v4,professional_project_update
detector_pair__00018c387c36257f2f471da9__rankcloak,1,0.999561607837677,textcnn,leave_one_model__mistral_7b_instruct_v0_3_q4_k_m,test,matched_clean_llm,dedup-cluster-43af11f5d2e1ab75fc7f8cd0,revision_v1_uuid_v4_037,mistral_7b_instruct_v0_3_q4_k_m,nonseg_ascii_b8,uuid_v4,professional_project_update
detector_pair__002d46790949220e954c73ff__ordinary_control,0,0.015501495450735092,textcnn,leave_one_model__mistral_7b_instruct_v0_3_q4_k_m,test,matched_clean_llm,dedup-cluster-a66afc9b25c5890a041c104a,revision_v1_ed25519_signature_base64_011,mistral_7b_instruct_v0_3_q4_k_m,nonseg_ascii_b8,ed25519_signature_base64,forum_purchase_advice
detector_pair__002d46790949220e954c73ff__rankcloak,1,0.9999996423721313,textcnn,leave_one_model__mistral_7b_instruct_v0_3_q4_k_m,test,matched_clean_llm,dedup-cluster-a66afc9b25c5890a041c104a,revision_v1_ed25519_signature_base64_011,mistral_7b_instruct_v0_3_q4_k_m,nonseg_ascii_b8,ed25519_signature_base64,forum_purchase_advice
detector_pair__008acd613f71361c751f07f9__ordinary_control,0,0.010681773535907269,textcnn,leave_one_model__mistral_7b_instruct_v0_3_q4_k_m,test,matched_clean_llm,dedup-cluster-f8f816ecf1e0e78375afe932,revision_v1_chacha20_poly1305_base64_025,mistral_7b_instruct_v0_3_q4_k_m,nonseg_ascii_b16,chacha20_poly1305_base64,procedure_simple_meal
detector_pair__008acd613f71361c751f07f9__rankcloak,1,0.9998760223388672,textcnn,leave_one_model__mistral_7b_instruct_v0_3_q4_k_m,test,matched_clean_llm,dedup-cluster-f8f816ecf1e0e78375afe932,revision_v1_chacha20_poly1305_base64_025,mistral_7b_instruct_v0_3_q4_k_m,nonseg_ascii_b16,chacha20_poly1305_base64,procedure_simple_meal
detector_pair__024ee98531d6c53f0e48fe07__ordinary_control,0,3.522055294524762e-06,textcnn,leave_one_model__mistral_7b_instruct_v0_3_q4_k_m,test,matched_clean_llm,dedup-cluster-3550b9941e44ba053c139eaa,revision_v1_sha256_hex_055,mistral_7b_instruct_v0_3_q4_k_m,nonseg_hex_nibble_b16,sha256_hex,procedure_garden_task
detector_pair__024ee98531d6c53f0e48fe07__rankcloak,1,0.9999140501022339,textcnn,leave_one_model__mistral_7b_instruct_v0_3_q4_k_m,test,matched_clean_llm,dedup-cluster-3550b9941e44ba053c139eaa,revision_v1_sha256_hex_055,mistral_7b_instruct_v0_3_q4_k_m,nonseg_hex_nibble_b16,sha256_hex,procedure_garden_task
detector_pair__02693c143b43050fa03d9f97__ordinary_control,0,6.808594434914994e-07,textcnn,leave_one_model__mistral_7b_instruct_v0_3_q4_k_m,test,matched_clean_llm,dedup-cluster-eb4a9e676533f32ebcf1a3d5,revision_v1_ed25519_signature_base64_003,mistral_7b_instruct_v0_3_q4_k_m,direct_subword_calgacus,ed25519_signature_base64,casual_weekend_chat
detector_pair__02693c143b43050fa03d9f97__rankcloak,1,0.9999996423721313,textcnn,leave_one_model__mistral_7b_instruct_v0_3_q4_k_m,test,matched_clean_llm,dedup-cluster-eb4a9e676533f32ebcf1a3d5,revision_v1_ed25519_signature_base64_003,mistral_7b_instruct_v0_3_q4_k_m,direct_subword_calgacus,ed25519_signature_base64,casual_weekend_chat
detector_pair__029944ee02d4269551ff0f51__ordinary_control,0,5.171779662305198e-07,textcnn,leave_one_model__mistral_7b_instruct_v0_3_q4_k_m,test,matched_clean_llm,dedup-cluster-f6fc3479f88b17e2282c2e2e,revision_v1_token_128_bit_hex_043,mistral_7b_instruct_v0_3_q4_k_m,nonseg_ascii_b16,token_128_bit_hex,casual_weekend_chat
detector_pair__029944ee02d4269551ff0f51__rankcloak,1,1.0,textcnn,leave_one_model__mistral_7b_instruct_v0_3_q4_k_m,test,matched_clean_llm,dedup-cluster-f6fc3479f88b17e2282c2e2e,revision_v1_token_128_bit_hex_043,mistral_7b_instruct_v0_3_q4_k_m,nonseg_ascii_b16,token_128_bit_hex,casual_weekend_chat
detector_pair__02d6e6fcbd665dcb045ba318__ordinary_control,0,0.06264019757509232,textcnn,leave_one_model__mistral_7b_instruct_v0_3_q4_k_m,test,matched_clean_llm,dedup-cluster-29c00935d1f39c68be75bfe8,revision_v1_nonce_96_bit_hex_035,mistral_7b_instruct_v0_3_q4_k_m,segmented_hex_single_topic,nonce_96_bit_hex,procedure_simple_meal
detector_pair__02d6e6fcbd665dcb045ba318__rankcloak,1,0.9980375170707703,textcnn,leave_one_model__mistral_7b_instruct_v0_3_q4_k_m,test,matched_clean_llm,dedup-cluster-29c00935d1f39c68be75bfe8,revision_v1_nonce_96_bit_hex_035,mistral_7b_instruct_v0_3_q4_k_m,segmented_hex_single_topic,nonce_96_bit_hex,procedure_simple_meal
detector_pair__02dab61449ad7be852a2a9d2__ordinary_control,0,5.564088951359736e-06,textcnn,leave_one_model__mistral_7b_instruct_v0_3_q4_k_m,test,matched_clean_llm,dedup-cluster-2447f2f757732f18a1468db2,revision_v1_aes256_gcm_base64_044,mistral_7b_instruct_v0_3_q4_k_m,nonseg_ascii_b16,aes256_gcm_base64,procedure_garden_task
detector_pair__02dab61449ad7be852a2a9d2__rankcloak,1,0.99937504529953,textcnn,leave_one_model__mistral_7b_instruct_v0_3_q4_k_m,test,matched_clean_llm,dedup-cluster-2447f2f757732f18a1468db2,revision_v1_aes256_gcm_base64_044,mistral_7b_instruct_v0_3_q4_k_m,nonseg_ascii_b16,aes256_gcm_base64,procedure_garden_task
detector_pair__0349fd300d34499a6cb4001d__ordinary_control,0,0.010919715277850628,textcnn,leave_one_model__mistral_7b_instruct_v0_3_q4_k_m,test,matched_clean_llm,dedup-cluster-dab9c4d7024256297969359d,revision_v1_chacha20_poly1305_base64_032,mistral_7b_instruct_v0_3_q4_k_m,direct_subword_calgacus,chacha20_poly1305_base64,narrative_local_walk
detector_pair__0349fd300d34499a6cb4001d__rankcloak,1,0.9998868703842163,textcnn,leave_one_model__mistral_7b_instruct_v0_3_q4_k_m,test,matched_clean_llm,dedup-cluster-dab9c4d7024256297969359d,revision_v1_chacha20_poly1305_base64_032,mistral_7b_instruct_v0_3_q4_k_m,direct_subword_calgacus,chacha20_poly1305_base64,narrative_local_walk
detector_pair__0390851ed32c583152eca3f9__ordinary_control,0,0.7109633684158325,textcnn,leave_one_model__mistral_7b_instruct_v0_3_q4_k_m,test,matched_clean_llm,dedup-cluster-0d14bae63cd1e6e73dd0fa7a,revision_v1_nonce_96_bit_hex_022,mistral_7b_instruct_v0_3_q4_k_m,segmented_hex_multi_topic,nonce_96_bit_hex,forum_purchase_advice
detector_pair__0390851ed32c583152eca3f9__rankcloak,1,0.22442547976970673,textcnn,leave_one_model__mistral_7b_instruct_v0_3_q4_k_m,test,matched_clean_llm,dedup-cluster-0d14bae63cd1e6e73dd0fa7a,revision_v1_nonce_96_bit_hex_022,mistral_7b_instruct_v0_3_q4_k_m,segmented_hex_multi_topic,nonce_96_bit_hex,forum_purchase_advice
detector_pair__045d6792776fb2d3e2ab1416__ordinary_control,0,0.0001506466796854511,textcnn,leave_one_model__mistral_7b_instruct_v0_3_q4_k_m,test,matched_clean_llm,dedup-cluster-86d70a013a18a7f0dc80b7f5,revision_v1_hmac_sha256_hex_001,mistral_7b_instruct_v0_3_q4_k_m,segmented_hex_multi_topic,hmac_sha256_hex,narrative_small_discovery
detector_pair__045d6792776fb2d3e2ab1416__rankcloak,1,0.9948310256004333,textcnn,leave_one_model__mistral_7b_instruct_v0_3_q4_k_m,test,matched_clean_llm,dedup-cluster-86d70a013a18a7f0dc80b7f5,revision_v1_hmac_sha256_hex_001,mistral_7b_instruct_v0_3_q4_k_m,segmented_hex_multi_topic,hmac_sha256_hex,narrative_small_discovery
detector_pair__06196031c3158c27588c761c__ordinary_control,0,0.11096661537885666,textcnn,leave_one_model__mistral_7b_instruct_v0_3_q4_k_m,test,matched_clean_llm,dedup-cluster-089a5c41a6187c40edeb1a0c,revision_v1_nonce_96_bit_hex_007,mistral_7b_instruct_v0_3_q4_k_m,nonseg_ascii_b16,nonce_96_bit_hex,explain_biological_process
detector_pair__06196031c3158c27588c761c__rankcloak,1,0.3454158902168274,textcnn,leave_one_model__mistral_7b_instruct_v0_3_q4_k_m,test,matched_clean_llm,dedup-cluster-089a5c41a6187c40edeb1a0c,revision_v1_nonce_96_bit_hex_007,mistral_7b_instruct_v0_3_q4_k_m,nonseg_ascii_b16,nonce_96_bit_hex,explain_biological_process
detector_pair__067318001494b6c9b7a223c2__ordinary_control,0,0.0007201411644928157,textcnn,leave_one_model__mistral_7b_instruct_v0_3_q4_k_m,test,matched_clean_llm,dedup-cluster-0a09c663faa5a6e644901d76,revision_v1_sha256_hex_016,mistral_7b_instruct_v0_3_q4_k_m,segmented_hex_single_topic,sha256_hex,casual_hobby_chat
detector_pair__067318001494b6c9b7a223c2__rankcloak,1,0.03664721921086311,textcnn,leave_one_model__mistral_7b_instruct_v0_3_q4_k_m,test,matched_clean_llm,dedup-cluster-0a09c663faa5a6e644901d76,revision_v1_sha256_hex_016,mistral_7b_instruct_v0_3_q4_k_m,segmented_hex_single_topic,sha256_hex,casual_hobby_chat
detector_pair__06821f13dc27b1b4064acfff__ordinary_control,0,0.9551776647567749,textcnn,leave_one_model__mistral_7b_instruct_v0_3_q4_k_m,test,matched_clean_llm,dedup-cluster-92597d293b9374d8f0316f4d,revision_v1_hmac_sha256_hex_031,mistral_7b_instruct_v0_3_q4_k_m,nonseg_hex_nibble_b16,hmac_sha256_hex,narrative_learning_moment
detector_pair__06821f13dc27b1b4064acfff__rankcloak,1,0.9919682145118713,textcnn,leave_one_model__mistral_7b_instruct_v0_3_q4_k_m,test,matched_clean_llm,dedup-cluster-92597d293b9374d8f0316f4d,revision_v1_hmac_sha256_hex_031,mistral_7b_instruct_v0_3_q4_k_m,nonseg_hex_nibble_b16,hmac_sha256_hex,narrative_learning_moment
detector_pair__0791902950d2e3b1263b0c89__ordinary_control,0,0.0068178786896169186,textcnn,leave_one_model__mistral_7b_instruct_v0_3_q4_k_m,test,matched_clean_llm,dedup-cluster-f06bf1b2872f90ff6209fecd,revision_v1_uuid_v4_044,mistral_7b_instruct_v0_3_q4_k_m,nonseg_ascii_b16,uuid_v4,forum_purchase_advice
detector_pair__0791902950d2e3b1263b0c89__rankcloak,1,0.9992958307266235,textcnn,leave_one_model__mistral_7b_instruct_v0_3_q4_k_m,test,matched_clean_llm,dedup-cluster-f06bf1b2872f90ff6209fecd,revision_v1_uuid_v4_044,mistral_7b_instruct_v0_3_q4_k_m,nonseg_ascii_b16,uuid_v4,forum_purchase_advice
detector_pair__081374148a339a543dab6763__ordinary_control,0,0.001710610231384635,textcnn,leave_one_model__mistral_7b_instruct_v0_3_q4_k_m,test,matched_clean_llm,dedup-cluster-3835ae9c8d0c8b9133aa0f7c,revision_v1_sha256_hex_014,mistral_7b_instruct_v0_3_q4_k_m,nonseg_hex_nibble_b16,sha256_hex,narrative_local_walk
detector_pair__081374148a339a543dab6763__rankcloak,1,0.9392787218093872,textcnn,leave_one_model__mistral_7b_instruct_v0_3_q4_k_m,test,matched_clean_llm,dedup-cluster-3835ae9c8d0c8b9133aa0f7c,revision_v1_sha256_hex_014,mistral_7b_instruct_v0_3_q4_k_m,nonseg_hex_nibble_b16,sha256_hex,narrative_local_walk
detector_pair__08adceeed4bfbdf0496ac525__ordinary_control,0,0.0024402413982897997,textcnn,leave_one_model__mistral_7b_instruct_v0_3_q4_k_m,test,matched_clean_llm,dedup-cluster-ff49451d067828caa2ddfd75,revision_v1_chacha20_poly1305_base64_031,mistral_7b_instruct_v0_3_q4_k_m,nonseg_ascii_b16,chacha20_poly1305_base64,procedure_home_task
detector_pair__08adceeed4bfbdf0496ac525__rankcloak,1,0.9999799728393555,textcnn,leave_one_model__mistral_7b_instruct_v0_3_q4_k_m,test,matched_clean_llm,dedup-cluster-ff49451d067828caa2ddfd75,revision_v1_chacha20_poly1305_base64_031,mistral_7b_instruct_v0_3_q4_k_m,nonseg_ascii_b16,chacha20_poly1305_base64,procedure_home_task
detector_pair__09b44c445bb5ebe0230fe17e__ordinary_control,0,7.257046672748402e-05,textcnn,leave_one_model__mistral_7b_instruct_v0_3_q4_k_m,test,matched_clean_llm,dedup-cluster-bdb0cb932ce8d25533d129e7,revision_v1_uuid_v4_054,mistral_7b_instruct_v0_3_q4_k_m,nonseg_ascii_b16,uuid_v4,casual_weekend_chat
detector_pair__09b44c445bb5ebe0230fe17e__rankcloak,1,0.9970784187316895,textcnn,leave_one_model__mistral_7b_instruct_v0_3_q4_k_m,test,matched_clean_llm,dedup-cluster-bdb0cb932ce8d25533d129e7,revision_v1_uuid_v4_054,mistral_7b_instruct_v0_3_q4_k_m,nonseg_ascii_b16,uuid_v4,casual_weekend_chat
detector_pair__0aedf80885c8f03d9921677a__ordinary_control,0,6.501613825093955e-05,textcnn,leave_one_model__mistral_7b_instruct_v0_3_q4_k_m,test,matched_clean_llm,dedup-cluster-d5b4f2b51dfabbdce0cd2fb8,revision_v1_sha256_hex_057,mistral_7b_instruct_v0_3_q4_k_m,direct_subword_calgacus,sha256_hex,explain_biological_process
detector_pair__0aedf80885c8f03d9921677a__rankcloak,1,0.13067369163036346,textcnn,leave_one_model__mistral_7b_instruct_v0_3_q4_k_m,test,matched_clean_llm,dedup-cluster-d5b4f2b51dfabbdce0cd2fb8,revision_v1_sha256_hex_057,mistral_7b_instruct_v0_3_q4_k_m,direct_subword_calgacus,sha256_hex,explain_biological_process
detector_pair__0be27d71ca0f0253382a27a1__ordinary_control,0,3.66063613910228e-05,textcnn,leave_one_model__mistral_7b_instruct_v0_3_q4_k_m,test,matched_clean_llm,dedup-cluster-be754e26863b30c33e0e75f4,revision_v1_hmac_sha256_hex_000,mistral_7b_instruct_v0_3_q4_k_m,segmented_hex_multi_topic,hmac_sha256_hex,procedure_simple_meal
detector_pair__0be27d71ca0f0253382a27a1__rankcloak,1,0.9999825954437256,textcnn,leave_one_model__mistral_7b_instruct_v0_3_q4_k_m,test,matched_clean_llm,dedup-cluster-be754e26863b30c33e0e75f4,revision_v1_hmac_sha256_hex_000,mistral_7b_instruct_v0_3_q4_k_m,segmented_hex_multi_topic,hmac_sha256_hex,procedure_simple_meal
detector_pair__0c0e512ab2aff87d4f680ea1__ordinary_control,0,0.0925203412771225,textcnn,leave_one_model__mistral_7b_instruct_v0_3_q4_k_m,test,matched_clean_llm,dedup-cluster-87be1653d2065bc655a96c84,revision_v1_token_128_bit_hex_020,mistral_7b_instruct_v0_3_q4_k_m,segmented_hex_single_topic,token_128_bit_hex,professional_process_email
detector_pair__0c0e512ab2aff87d4f680ea1__rankcloak,1,0.6715401411056519,textcnn,leave_one_model__mistral_7b_instruct_v0_3_q4_k_m,test,matched_clean_llm,dedup-cluster-87be1653d2065bc655a96c84,revision_v1_token_128_bit_hex_020,mistral_7b_instruct_v0_3_q4_k_m,segmented_hex_single_topic,token_128_bit_hex,professional_process_email
detector_pair__0ca23ea84499fa8cb899dd46__ordinary_control,0,0.0002821736561600119,textcnn,leave_one_model__mistral_7b_instruct_v0_3_q4_k_m,test,matched_clean_llm,dedup-cluster-0b53467e512d7aed40a8b7c5,revision_v1_hmac_sha256_hex_035,mistral_7b_instruct_v0_3_q4_k_m,direct_subword_calgacus,hmac_sha256_hex,forum_learning_answer
detector_pair__0ca23ea84499fa8cb899dd46__rankcloak,1,0.9976847171783447,textcnn,leave_one_model__mistral_7b_instruct_v0_3_q4_k_m,test,matched_clean_llm,dedup-cluster-0b53467e512d7aed40a8b7c5,revision_v1_hmac_sha256_hex_035,mistral_7b_instruct_v0_3_q4_k_m,direct_subword_calgacus,hmac_sha256_hex,forum_learning_answer
detector_pair__0ca735b83e1fc5c162928969__ordinary_control,0,0.010817153379321098,textcnn,leave_one_model__mistral_7b_instruct_v0_3_q4_k_m,test,matched_clean_llm,dedup-cluster-054651d73ab2fcb750307ee7,revision_v1_token_128_bit_hex_023,mistral_7b_instruct_v0_3_q4_k_m,nonseg_ascii_b8,token_128_bit_hex,narrative_learning_moment
detector_pair__0ca735b83e1fc5c162928969__rankcloak,1,0.47394514083862305,textcnn,leave_one_model__mistral_7b_instruct_v0_3_q4_k_m,test,matched_clean_llm,dedup-cluster-054651d73ab2fcb750307ee7,revision_v1_token_128_bit_hex_023,mistral_7b_instruct_v0_3_q4_k_m,nonseg_ascii_b8,token_128_bit_hex,narrative_learning_moment
detector_pair__0d6dcbf40bdc84866b9b38b3__ordinary_control,0,0.0004379435267765075,textcnn,leave_one_model__mistral_7b_instruct_v0_3_q4_k_m,test,matched_clean_llm,dedup-cluster-b84d789db2f53c6cca61a4a3,revision_v1_nonce_96_bit_hex_004,mistral_7b_instruct_v0_3_q4_k_m,nonseg_ascii_b16,nonce_96_bit_hex,forum_purchase_advice
detector_pair__0d6dcbf40bdc84866b9b38b3__rankcloak,1,0.999976634979248,textcnn,leave_one_model__mistral_7b_instruct_v0_3_q4_k_m,test,matched_clean_llm,dedup-cluster-b84d789db2f53c6cca61a4a3,revision_v1_nonce_96_bit_hex_004,mistral_7b_instruct_v0_3_q4_k_m,nonseg_ascii_b16,nonce_96_bit_hex,forum_purchase_advice
detector_pair__0e8ca7efba7e50e4fcdae6ea__ordinary_control,0,1.2174782568763476e-05,textcnn,leave_one_model__mistral_7b_instruct_v0_3_q4_k_m,test,matched_clean_llm,dedup-cluster-0a09c663faa5a6e644901d76,revision_v1_sha256_hex_016,mistral_7b_instruct_v0_3_q4_k_m,segmented_hex_single_topic,sha256_hex,casual_hobby_chat
detector_pair__0e8ca7efba7e50e4fcdae6ea__rankcloak,1,0.9998093247413635,textcnn,leave_one_model__mistral_7b_instruct_v0_3_q4_k_m,test,matched_clean_llm,dedup-cluster-0a09c663faa5a6e644901d76,revision_v1_sha256_hex_016,mistral_7b_instruct_v0_3_q4_k_m,segmented_hex_single_topic,sha256_hex,casual_hobby_chat
detector_pair__0f455bab17bbc42009fd10e9__ordinary_control,0,1.672633516136557e-05,textcnn,leave_one_model__mistral_7b_instruct_v0_3_q4_k_m,test,matched_clean_llm,dedup-cluster-87be1653d2065bc655a96c84,revision_v1_token_128_bit_hex_020,mistral_7b_instruct_v0_3_q4_k_m,segmented_hex_multi_topic,token_128_bit_hex,professional_process_email
detector_pair__0f455bab17bbc42009fd10e9__rankcloak,1,0.6368455290794373,textcnn,leave_one_model__mistral_7b_instruct_v0_3_q4_k_m,test,matched_clean_llm,dedup-cluster-87be1653d2065bc655a96c84,revision_v1_token_128_bit_hex_020,mistral_7b_instruct_v0_3_q4_k_m,segmented_hex_multi_topic,token_128_bit_hex,professional_process_email
detector_pair__0f4b1752f226e56532b96353__ordinary_control,0,0.00281569454818964,textcnn,leave_one_model__mistral_7b_instruct_v0_3_q4_k_m,test,matched_clean_llm,dedup-cluster-b84d789db2f53c6cca61a4a3,revision_v1_nonce_96_bit_hex_004,mistral_7b_instruct_v0_3_q4_k_m,segmented_hex_single_topic,nonce_96_bit_hex,forum_purchase_advice
detector_pair__0f4b1752f226e56532b96353__rankcloak,1,0.9999768733978271,textcnn,leave_one_model__mistral_7b_instruct_v0_3_q4_k_m,test,matched_clean_llm,dedup-cluster-b84d789db2f53c6cca61a4a3,revision_v1_nonce_96_bit_hex_004,mistral_7b_instruct_v0_3_q4_k_m,segmented_hex_single_topic,nonce_96_bit_hex,forum_purchase_advice
detector_pair__0fb14e4a0029274f80f5563e__ordinary_control,0,0.004295041784644127,textcnn,leave_one_model__mistral_7b_instruct_v0_3_q4_k_m,test,matched_clean_llm,dedup-cluster-2b83d1cb5d632d6722e2a911,revision_v1_ed25519_signature_base64_022,mistral_7b_instruct_v0_3_q4_k_m,nonseg_ascii_b8,ed25519_signature_base64,professional_project_update
detector_pair__0fb14e4a0029274f80f5563e__rankcloak,1,0.9985858201980591,textcnn,leave_one_model__mistral_7b_instruct_v0_3_q4_k_m,test,matched_clean_llm,dedup-cluster-2b83d1cb5d632d6722e2a911,revision_v1_ed25519_signature_base64_022,mistral_7b_instruct_v0_3_q4_k_m,nonseg_ascii_b8,ed25519_signature_base64,professional_project_update
detector_pair__0fdc0825edea56df983c93b0__ordinary_control,0,0.22430017590522766,textcnn,leave_one_model__mistral_7b_instruct_v0_3_q4_k_m,test,matched_clean_llm,dedup-cluster-3835ae9c8d0c8b9133aa0f7c,revision_v1_sha256_hex_014,mistral_7b_instruct_v0_3_q4_k_m,nonseg_ascii_b16,sha256_hex,narrative_local_walk
detector_pair__0fdc0825edea56df983c93b0__rankcloak,1,0.8660621643066406,textcnn,leave_one_model__mistral_7b_instruct_v0_3_q4_k_m,test,matched_clean_llm,dedup-cluster-3835ae9c8d0c8b9133aa0f7c,revision_v1_sha256_hex_014,mistral_7b_instruct_v0_3_q4_k_m,nonseg_ascii_b16,sha256_hex,narrative_local_walk
detector_pair__101bcb85830cba493a3756c8__ordinary_control,0,0.8418421745300293,textcnn,leave_one_model__mistral_7b_instruct_v0_3_q4_k_m,test,matched_clean_llm,dedup-cluster-92597d293b9374d8f0316f4d,revision_v1_hmac_sha256_hex_031,mistral_7b_instruct_v0_3_q4_k_m,nonseg_ascii_b8,hmac_sha256_hex,narrative_learning_moment
detector_pair__101bcb85830cba493a3756c8__rankcloak,1,0.9976121187210083,textcnn,leave_one_model__mistral_7b_instruct_v0_3_q4_k_m,test,matched_clean_llm,dedup-cluster-92597d293b9374d8f0316f4d,revision_v1_hmac_sha256_hex_031,mistral_7b_instruct_v0_3_q4_k_m,nonseg_ascii_b8,hmac_sha256_hex,narrative_learning_moment
detector_pair__106d6d90c6be1fac6b56a46d__ordinary_control,0,0.9225602746009827,textcnn,leave_one_model__mistral_7b_instruct_v0_3_q4_k_m,test,matched_clean_llm,dedup-cluster-0f86d19fbad1d704affd1c2e,revision_v1_aes256_gcm_base64_007,mistral_7b_instruct_v0_3_q4_k_m,nonseg_ascii_b16,aes256_gcm_base64,forum_learning_answer
detector_pair__106d6d90c6be1fac6b56a46d__rankcloak,1,1.0,textcnn,leave_one_model__mistral_7b_instruct_v0_3_q4_k_m,test,matched_clean_llm,dedup-cluster-0f86d19fbad1d704affd1c2e,revision_v1_aes256_gcm_base64_007,mistral_7b_instruct_v0_3_q4_k_m,nonseg_ascii_b16,aes256_gcm_base64,forum_learning_answer
detector_pair__120e3a6fa54f13d2881c35c3__ordinary_control,0,0.002752367639914155,textcnn,leave_one_model__mistral_7b_instruct_v0_3_q4_k_m,test,matched_clean_llm,dedup-cluster-dab9c4d7024256297969359d,revision_v1_chacha20_poly1305_base64_032,mistral_7b_instruct_v0_3_q4_k_m,nonseg_ascii_b16,chacha20_poly1305_base64,narrative_local_walk
detector_pair__120e3a6fa54f13d2881c35c3__rankcloak,1,0.9969301819801331,textcnn,leave_one_model__mistral_7b_instruct_v0_3_q4_k_m,test,matched_clean_llm,dedup-cluster-dab9c4d7024256297969359d,revision_v1_chacha20_poly1305_base64_032,mistral_7b_instruct_v0_3_q4_k_m,nonseg_ascii_b16,chacha20_poly1305_base64,narrative_local_walk
detector_pair__12957eab8074bdd8aa36eb1f__ordinary_control,0,0.15234272181987762,textcnn,leave_one_model__mistral_7b_instruct_v0_3_q4_k_m,test,matched_clean_llm,dedup-cluster-1a88735e2967b1b509e24d6b,revision_v1_token_128_bit_hex_015,mistral_7b_instruct_v0_3_q4_k_m,direct_subword_calgacus,token_128_bit_hex,forum_purchase_advice
detector_pair__12957eab8074bdd8aa36eb1f__rankcloak,1,0.9728719592094421,textcnn,leave_one_model__mistral_7b_instruct_v0_3_q4_k_m,test,matched_clean_llm,dedup-cluster-1a88735e2967b1b509e24d6b,revision_v1_token_128_bit_hex_015,mistral_7b_instruct_v0_3_q4_k_m,direct_subword_calgacus,token_128_bit_hex,forum_purchase_advice
detector_pair__1311c60d23077fc2b759f801__ordinary_control,0,0.20072007179260254,textcnn,leave_one_model__mistral_7b_instruct_v0_3_q4_k_m,test,matched_clean_llm,dedup-cluster-91605a72859a660f036d538b,revision_v1_sha256_hex_009,mistral_7b_instruct_v0_3_q4_k_m,segmented_hex_single_topic,sha256_hex,explain_weather_pattern
detector_pair__1311c60d23077fc2b759f801__rankcloak,1,0.9957238435745239,textcnn,leave_one_model__mistral_7b_instruct_v0_3_q4_k_m,test,matched_clean_llm,dedup-cluster-91605a72859a660f036d538b,revision_v1_sha256_hex_009,mistral_7b_instruct_v0_3_q4_k_m,segmented_hex_single_topic,sha256_hex,explain_weather_pattern
detector_pair__1338ac9e367156b794e6655b__ordinary_control,0,0.00021852855570614338,textcnn,leave_one_model__mistral_7b_instruct_v0_3_q4_k_m,test,matched_clean_llm,dedup-cluster-0a53df1782d32b924a429e87,revision_v1_uuid_v4_040,mistral_7b_instruct_v0_3_q4_k_m,direct_subword_calgacus,uuid_v4,narrative_small_discovery
detector_pair__1338ac9e367156b794e6655b__rankcloak,1,0.9998769760131836,textcnn,leave_one_model__mistral_7b_instruct_v0_3_q4_k_m,test,matched_clean_llm,dedup-cluster-0a53df1782d32b924a429e87,revision_v1_uuid_v4_040,mistral_7b_instruct_v0_3_q4_k_m,direct_subword_calgacus,uuid_v4,narrative_small_discovery
detector_pair__13ec410f3026846add7793a2__ordinary_control,0,0.007494574412703514,textcnn,leave_one_model__mistral_7b_instruct_v0_3_q4_k_m,test,matched_clean_llm,dedup-cluster-1e85096517059ca2585e10f1,revision_v1_nonce_96_bit_hex_044,mistral_7b_instruct_v0_3_q4_k_m,segmented_hex_single_topic,nonce_96_bit_hex,casual_neighborhood_chat
detector_pair__13ec410f3026846add7793a2__rankcloak,1,0.12116187065839767,textcnn,leave_one_model__mistral_7b_instruct_v0_3_q4_k_m,test,matched_clean_llm,dedup-cluster-1e85096517059ca2585e10f1,revision_v1_nonce_96_bit_hex_044,mistral_7b_instruct_v0_3_q4_k_m,segmented_hex_single_topic,nonce_96_bit_hex,casual_neighborhood_chat
detector_pair__14e6e1e46600db8fb7012f1e__ordinary_control,0,0.00031226020655594766,textcnn,leave_one_model__mistral_7b_instruct_v0_3_q4_k_m,test,matched_clean_llm,dedup-cluster-0597144dc6356aef849f0b73,revision_v1_chacha20_poly1305_base64_007,mistral_7b_instruct_v0_3_q4_k_m,direct_subword_calgacus,chacha20_poly1305_base64,procedure_simple_meal
detector_pair__14e6e1e46600db8fb7012f1e__rankcloak,1,0.9432922005653381,textcnn,leave_one_model__mistral_7b_instruct_v0_3_q4_k_m,test,matched_clean_llm,dedup-cluster-0597144dc6356aef849f0b73,revision_v1_chacha20_poly1305_base64_007,mistral_7b_instruct_v0_3_q4_k_m,direct_subword_calgacus,chacha20_poly1305_base64,procedure_simple_meal
detector_pair__158508211ed26fd93e84fbd0__ordinary_control,0,0.0021295128390192986,textcnn,leave_one_model__mistral_7b_instruct_v0_3_q4_k_m,test,matched_clean_llm,dedup-cluster-fd9e19480ac45dd31145b893,revision_v1_hmac_sha256_hex_008,mistral_7b_instruct_v0_3_q4_k_m,segmented_hex_multi_topic,hmac_sha256_hex,explain_everyday_system
detector_pair__158508211ed26fd93e84fbd0__rankcloak,1,0.055214136838912964,textcnn,leave_one_model__mistral_7b_instruct_v0_3_q4_k_m,test,matched_clean_llm,dedup-cluster-fd9e19480ac45dd31145b893,revision_v1_hmac_sha256_hex_008,mistral_7b_instruct_v0_3_q4_k_m,segmented_hex_multi_topic,hmac_sha256_hex,explain_everyday_system
detector_pair__15b18141fe1300dba3586ce5__ordinary_control,0,0.0023932058829814196,textcnn,leave_one_model__mistral_7b_instruct_v0_3_q4_k_m,test,matched_clean_llm,dedup-cluster-607fc29d4914c273292301d6,revision_v1_token_128_bit_hex_052,mistral_7b_instruct_v0_3_q4_k_m,segmented_hex_multi_topic,token_128_bit_hex,procedure_home_task
detector_pair__15b18141fe1300dba3586ce5__rankcloak,1,0.036776624619960785,textcnn,leave_one_model__mistral_7b_instruct_v0_3_q4_k_m,test,matched_clean_llm,dedup-cluster-607fc29d4914c273292301d6,revision_v1_token_128_bit_hex_052,mistral_7b_instruct_v0_3_q4_k_m,segmented_hex_multi_topic,token_128_bit_hex,procedure_home_task
detector_pair__162581862d14ec59f6e15e87__ordinary_control,0,2.7832569685415365e-05,textcnn,leave_one_model__mistral_7b_instruct_v0_3_q4_k_m,test,matched_clean_llm,dedup-cluster-2ecc22c7d6a07954ad922bdc,revision_v1_token_128_bit_hex_014,mistral_7b_instruct_v0_3_q4_k_m,segmented_hex_multi_topic,token_128_bit_hex,professional_schedule_note
detector_pair__162581862d14ec59f6e15e87__rankcloak,1,0.8219167590141296,textcnn,leave_one_model__mistral_7b_instruct_v0_3_q4_k_m,test,matched_clean_llm,dedup-cluster-2ecc22c7d6a07954ad922bdc,revision_v1_token_128_bit_hex_014,mistral_7b_instruct_v0_3_q4_k_m,segmented_hex_multi_topic,token_128_bit_hex,professional_schedule_note
detector_pair__16bbf95b3fcdd2928188c444__ordinary_control,0,0.000132772620418109,textcnn,leave_one_model__mistral_7b_instruct_v0_3_q4_k_m,test,matched_clean_llm,dedup-cluster-1309181ed8aa479328b3f0a7,revision_v1_aes256_gcm_base64_004,mistral_7b_instruct_v0_3_q4_k_m,nonseg_ascii_b16,aes256_gcm_base64,explain_everyday_system
detector_pair__16bbf95b3fcdd2928188c444__rankcloak,1,0.9997249245643616,textcnn,leave_one_model__mistral_7b_instruct_v0_3_q4_k_m,test,matched_clean_llm,dedup-cluster-1309181ed8aa479328b3f0a7,revision_v1_aes256_gcm_base64_004,mistral_7b_instruct_v0_3_q4_k_m,nonseg_ascii_b16,aes256_gcm_base64,explain_everyday_system
detector_pair__16c1da49b1c8f52c54a6cdad__ordinary_control,0,0.17620600759983063,textcnn,leave_one_model__mistral_7b_instruct_v0_3_q4_k_m,test,matched_clean_llm,dedup-cluster-29c00935d1f39c68be75bfe8,revision_v1_nonce_96_bit_hex_035,mistral_7b_instruct_v0_3_q4_k_m,nonseg_ascii_b16,nonce_96_bit_hex,procedure_simple_meal
detector_pair__16c1da49b1c8f52c54a6cdad__rankcloak,1,0.8714652061462402,textcnn,leave_one_model__mistral_7b_instruct_v0_3_q4_k_m,test,matched_clean_llm,dedup-cluster-29c00935d1f39c68be75bfe8,revision_v1_nonce_96_bit_hex_035,mistral_7b_instruct_v0_3_q4_k_m,nonseg_ascii_b16,nonce_96_bit_hex,procedure_simple_meal
detector_pair__16ddd4f13066e196b8be89a7__ordinary_control,0,5.8310529311711434e-06,textcnn,leave_one_model__mistral_7b_instruct_v0_3_q4_k_m,test,matched_clean_llm,dedup-cluster-4fce714af80d0b4f14ad4961,revision_v1_sha256_hex_008,mistral_7b_instruct_v0_3_q4_k_m,segmented_hex_multi_topic,sha256_hex,narrative_small_discovery
detector_pair__16ddd4f13066e196b8be89a7__rankcloak,1,0.9482673406600952,textcnn,leave_one_model__mistral_7b_instruct_v0_3_q4_k_m,test,matched_clean_llm,dedup-cluster-4fce714af80d0b4f14ad4961,revision_v1_sha256_hex_008,mistral_7b_instruct_v0_3_q4_k_m,segmented_hex_multi_topic,sha256_hex,narrative_small_discovery
detector_pair__17489ac82b6e2e362adaf4e0__ordinary_control,0,0.992168128490448,textcnn,leave_one_model__mistral_7b_instruct_v0_3_q4_k_m,test,matched_clean_llm,dedup-cluster-a4dc36180df85cc7bf87e268,revision_v1_chacha20_poly1305_base64_056,mistral_7b_instruct_v0_3_q4_k_m,nonseg_ascii_b16,chacha20_poly1305_base64,narrative_learning_moment
detector_pair__17489ac82b6e2e362adaf4e0__rankcloak,1,0.9999785423278809,textcnn,leave_one_model__mistral_7b_instruct_v0_3_q4_k_m,test,matched_clean_llm,dedup-cluster-a4dc36180df85cc7bf87e268,revision_v1_chacha20_poly1305_base64_056,mistral_7b_instruct_v0_3_q4_k_m,nonseg_ascii_b16,chacha20_poly1305_base64,narrative_learning_moment
detector_pair__191e8bdb32e0c3a9affd16e3__ordinary_control,0,3.017348535649944e-05,textcnn,leave_one_model__mistral_7b_instruct_v0_3_q4_k_m,test,matched_clean_llm,dedup-cluster-f6fc3479f88b17e2282c2e2e,revision_v1_token_128_bit_hex_043,mistral_7b_instruct_v0_3_q4_k_m,nonseg_hex_nibble_b16,token_128_bit_hex,casual_weekend_chat
detector_pair__191e8bdb32e0c3a9affd16e3__rankcloak,1,0.7327414751052856,textcnn,leave_one_model__mistral_7b_instruct_v0_3_q4_k_m,test,matched_clean_llm,dedup-cluster-f6fc3479f88b17e2282c2e2e,revision_v1_token_128_bit_hex_043,mistral_7b_instruct_v0_3_q4_k_m,nonseg_hex_nibble_b16,token_128_bit_hex,casual_weekend_chat
detector_pair__1966e8c347357007211e6537__ordinary_control,0,0.0003544348292052746,textcnn,leave_one_model__mistral_7b_instruct_v0_3_q4_k_m,test,matched_clean_llm,dedup-cluster-42ce35dd2bcd53cb8fe0bada,revision_v1_token_128_bit_hex_027,mistral_7b_instruct_v0_3_q4_k_m,segmented_hex_single_topic,token_128_bit_hex,forum_practical_answer
detector_pair__1966e8c347357007211e6537__rankcloak,1,0.9978391528129578,textcnn,leave_one_model__mistral_7b_instruct_v0_3_q4_k_m,test,matched_clean_llm,dedup-cluster-42ce35dd2bcd53cb8fe0bada,revision_v1_token_128_bit_hex_027,mistral_7b_instruct_v0_3_q4_k_m,segmented_hex_single_topic,token_128_bit_hex,forum_practical_answer
detector_pair__199213d92c45ba7a8cdbd496__ordinary_control,0,0.0028445536736398935,textcnn,leave_one_model__mistral_7b_instruct_v0_3_q4_k_m,test,matched_clean_llm,dedup-cluster-b84d789db2f53c6cca61a4a3,revision_v1_nonce_96_bit_hex_004,mistral_7b_instruct_v0_3_q4_k_m,nonseg_ascii_b8,nonce_96_bit_hex,forum_purchase_advice
detector_pair__199213d92c45ba7a8cdbd496__rankcloak,1,0.9999939203262329,textcnn,leave_one_model__mistral_7b_instruct_v0_3_q4_k_m,test,matched_clean_llm,dedup-cluster-b84d789db2f53c6cca61a4a3,revision_v1_nonce_96_bit_hex_004,mistral_7b_instruct_v0_3_q4_k_m,nonseg_ascii_b8,nonce_96_bit_hex,forum_purchase_advice
detector_pair__19efa88b12f6c80116a5e704__ordinary_control,0,3.771185902223806e-06,textcnn,leave_one_model__mistral_7b_instruct_v0_3_q4_k_m,test,matched_clean_llm,dedup-cluster-96b6945d530fbf8a209d06d3,revision_v1_chacha20_poly1305_base64_034,mistral_7b_instruct_v0_3_q4_k_m,direct_subword_calgacus,chacha20_poly1305_base64,casual_hobby_chat
detector_pair__19efa88b12f6c80116a5e704__rankcloak,1,0.9976370334625244,textcnn,leave_one_model__mistral_7b_instruct_v0_3_q4_k_m,test,matched_clean_llm,dedup-cluster-96b6945d530fbf8a209d06d3,revision_v1_chacha20_poly1305_base64_034,mistral_7b_instruct_v0_3_q4_k_m,direct_subword_calgacus,chacha20_poly1305_base64,casual_hobby_chat
detector_pair__1a67699df8ef8d08315d5a68__ordinary_control,0,0.9414990544319153,textcnn,leave_one_model__mistral_7b_instruct_v0_3_q4_k_m,test,matched_clean_llm,dedup-cluster-8cd2e77d4fa5e7d635c78e1d,revision_v1_nonce_96_bit_hex_053,mistral_7b_instruct_v0_3_q4_k_m,nonseg_ascii_b16,nonce_96_bit_hex,procedure_simple_meal
detector_pair__1a67699df8ef8d08315d5a68__rankcloak,1,0.9750294089317322,textcnn,leave_one_model__mistral_7b_instruct_v0_3_q4_k_m,test,matched_clean_llm,dedup-cluster-8cd2e77d4fa5e7d635c78e1d,revision_v1_nonce_96_bit_hex_053,mistral_7b_instruct_v0_3_q4_k_m,nonseg_ascii_b16,nonce_96_bit_hex,procedure_simple_meal
detector_pair__1b830d840fa8c039fa337817__ordinary_control,0,0.00980496034026146,textcnn,leave_one_model__mistral_7b_instruct_v0_3_q4_k_m,test,matched_clean_llm,dedup-cluster-a4dc36180df85cc7bf87e268,revision_v1_chacha20_poly1305_base64_056,mistral_7b_instruct_v0_3_q4_k_m,nonseg_ascii_b8,chacha20_poly1305_base64,narrative_learning_moment
detector_pair__1b830d840fa8c039fa337817__rankcloak,1,0.6493435502052307,textcnn,leave_one_model__mistral_7b_instruct_v0_3_q4_k_m,test,matched_clean_llm,dedup-cluster-a4dc36180df85cc7bf87e268,revision_v1_chacha20_poly1305_base64_056,mistral_7b_instruct_v0_3_q4_k_m,nonseg_ascii_b8,chacha20_poly1305_base64,narrative_learning_moment
detector_pair__1c62914a3f0f6926a0c3eb4a__ordinary_control,0,0.0024668737314641476,textcnn,leave_one_model__mistral_7b_instruct_v0_3_q4_k_m,test,matched_clean_llm,dedup-cluster-054651d73ab2fcb750307ee7,revision_v1_token_128_bit_hex_023,mistral_7b_instruct_v0_3_q4_k_m,nonseg_hex_nibble_b16,token_128_bit_hex,narrative_learning_moment
detector_pair__1c62914a3f0f6926a0c3eb4a__rankcloak,1,0.9998860359191895,textcnn,leave_one_model__mistral_7b_instruct_v0_3_q4_k_m,test,matched_clean_llm,dedup-cluster-054651d73ab2fcb750307ee7,revision_v1_token_128_bit_hex_023,mistral_7b_instruct_v0_3_q4_k_m,nonseg_hex_nibble_b16,token_128_bit_hex,narrative_learning_moment
detector_pair__1c957ed1650fc52544172ad8__ordinary_control,0,0.0010082488879561424,textcnn,leave_one_model__mistral_7b_instruct_v0_3_q4_k_m,test,matched_clean_llm,dedup-cluster-0597144dc6356aef849f0b73,revision_v1_chacha20_poly1305_base64_007,mistral_7b_instruct_v0_3_q4_k_m,nonseg_ascii_b8,chacha20_poly1305_base64,procedure_simple_meal
detector_pair__1c957ed1650fc52544172ad8__rankcloak,1,0.9997555613517761,textcnn,leave_one_model__mistral_7b_instruct_v0_3_q4_k_m,test,matched_clean_llm,dedup-cluster-0597144dc6356aef849f0b73,revision_v1_chacha20_poly1305_base64_007,mistral_7b_instruct_v0_3_q4_k_m,nonseg_ascii_b8,chacha20_poly1305_base64,procedure_simple_meal
detector_pair__1ca2af7bff2814b35cc05e90__ordinary_control,0,0.9417300224304199,textcnn,leave_one_model__mistral_7b_instruct_v0_3_q4_k_m,test,matched_clean_llm,dedup-cluster-ae9ee8b26103dc75c9112dfb,revision_v1_ed25519_signature_base64_047,mistral_7b_instruct_v0_3_q4_k_m,nonseg_ascii_b16,ed25519_signature_base64,forum_purchase_advice
detector_pair__1ca2af7bff2814b35cc05e90__rankcloak,1,0.9901663064956665,textcnn,leave_one_model__mistral_7b_instruct_v0_3_q4_k_m,test,matched_clean_llm,dedup-cluster-ae9ee8b26103dc75c9112dfb,revision_v1_ed25519_signature_base64_047,mistral_7b_instruct_v0_3_q4_k_m,nonseg_ascii_b16,ed25519_signature_base64,forum_purchase_advice
detector_pair__1ce09cf4b3275b85411d110c__ordinary_control,0,0.003091435879468918,textcnn,leave_one_model__mistral_7b_instruct_v0_3_q4_k_m,test,matched_clean_llm,dedup-cluster-0a09c663faa5a6e644901d76,revision_v1_sha256_hex_016,mistral_7b_instruct_v0_3_q4_k_m,nonseg_ascii_b16,sha256_hex,casual_hobby_chat
detector_pair__1ce09cf4b3275b85411d110c__rankcloak,1,0.9972509741783142,textcnn,leave_one_model__mistral_7b_instruct_v0_3_q4_k_m,test,matched_clean_llm,dedup-cluster-0a09c663faa5a6e644901d76,revision_v1_sha256_hex_016,mistral_7b_instruct_v0_3_q4_k_m,nonseg_ascii_b16,sha256_hex,casual_hobby_chat
detector_pair__1edbb03edcddfddf837fdd7d__ordinary_control,0,4.845083094551228e-05,textcnn,leave_one_model__mistral_7b_instruct_v0_3_q4_k_m,test,matched_clean_llm,dedup-cluster-2b83d1cb5d632d6722e2a911,revision_v1_ed25519_signature_base64_022,mistral_7b_instruct_v0_3_q4_k_m,direct_subword_calgacus,ed25519_signature_base64,professional_project_update
detector_pair__1edbb03edcddfddf837fdd7d__rankcloak,1,1.0,textcnn,leave_one_model__mistral_7b_instruct_v0_3_q4_k_m,test,matched_clean_llm,dedup-cluster-2b83d1cb5d632d6722e2a911,revision_v1_ed25519_signature_base64_022,mistral_7b_instruct_v0_3_q4_k_m,direct_subword_calgacus,ed25519_signature_base64,professional_project_update
detector_pair__2060a52f73f96e8ade02629a__ordinary_control,0,0.00024630376719869673,textcnn,leave_one_model__mistral_7b_instruct_v0_3_q4_k_m,test,matched_clean_llm,dedup-cluster-1ad3df916a9f0ee2bcfba8d6,revision_v1_uuid_v4_027,mistral_7b_instruct_v0_3_q4_k_m,nonseg_ascii_b8,uuid_v4,procedure_home_task
detector_pair__2060a52f73f96e8ade02629a__rankcloak,1,0.9986374974250793,textcnn,leave_one_model__mistral_7b_instruct_v0_3_q4_k_m,test,matched_clean_llm,dedup-cluster-1ad3df916a9f0ee2bcfba8d6,revision_v1_uuid_v4_027,mistral_7b_instruct_v0_3_q4_k_m,nonseg_ascii_b8,uuid_v4,procedure_home_task
detector_pair__20ef9380c85d5c841148bc13__ordinary_control,0,4.800196984433569e-05,textcnn,leave_one_model__mistral_7b_instruct_v0_3_q4_k_m,test,matched_clean_llm,dedup-cluster-00190ab339967308d13aeb9a,revision_v1_token_128_bit_hex_037,mistral_7b_instruct_v0_3_q4_k_m,nonseg_ascii_b16,token_128_bit_hex,casual_neighborhood_chat
detector_pair__20ef9380c85d5c841148bc13__rankcloak,1,0.5824787020683289,textcnn,leave_one_model__mistral_7b_instruct_v0_3_q4_k_m,test,matched_clean_llm,dedup-cluster-00190ab339967308d13aeb9a,revision_v1_token_128_bit_hex_037,mistral_7b_instruct_v0_3_q4_k_m,nonseg_ascii_b16,token_128_bit_hex,casual_neighborhood_chat
detector_pair__2127ab043b57a1a75a59f8a9__ordinary_control,0,0.6797956824302673,textcnn,leave_one_model__mistral_7b_instruct_v0_3_q4_k_m,test,matched_clean_llm,dedup-cluster-8cd2e77d4fa5e7d635c78e1d,revision_v1_nonce_96_bit_hex_053,mistral_7b_instruct_v0_3_q4_k_m,segmented_hex_multi_topic,nonce_96_bit_hex,procedure_simple_meal
detector_pair__2127ab043b57a1a75a59f8a9__rankcloak,1,0.016819851472973824,textcnn,leave_one_model__mistral_7b_instruct_v0_3_q4_k_m,test,matched_clean_llm,dedup-cluster-8cd2e77d4fa5e7d635c78e1d,revision_v1_nonce_96_bit_hex_053,mistral_7b_instruct_v0_3_q4_k_m,segmented_hex_multi_topic,nonce_96_bit_hex,procedure_simple_meal
detector_pair__22f59566cf1e99f7547fc187__ordinary_control,0,0.2535769045352936,textcnn,leave_one_model__mistral_7b_instruct_v0_3_q4_k_m,test,matched_clean_llm,dedup-cluster-f10c8c155e4980c1847c8ddb,revision_v1_uuid_v4_035,mistral_7b_instruct_v0_3_q4_k_m,nonseg_ascii_b16,uuid_v4,explain_biological_process
detector_pair__22f59566cf1e99f7547fc187__rankcloak,1,0.999998927116394,textcnn,leave_one_model__mistral_7b_instruct_v0_3_q4_k_m,test,matched_clean_llm,dedup-cluster-f10c8c155e4980c1847c8ddb,revision_v1_uuid_v4_035,mistral_7b_instruct_v0_3_q4_k_m,nonseg_ascii_b16,uuid_v4,explain_biological_process
detector_pair__236249e6bfe42ed9d91d71a2__ordinary_control,0,0.002858287887647748,textcnn,leave_one_model__mistral_7b_instruct_v0_3_q4_k_m,test,matched_clean_llm,dedup-cluster-054651d73ab2fcb750307ee7,revision_v1_token_128_bit_hex_023,mistral_7b_instruct_v0_3_q4_k_m,segmented_hex_multi_topic,token_128_bit_hex,narrative_learning_moment
detector_pair__236249e6bfe42ed9d91d71a2__rankcloak,1,0.9993075132369995,textcnn,leave_one_model__mistral_7b_instruct_v0_3_q4_k_m,test,matched_clean_llm,dedup-cluster-054651d73ab2fcb750307ee7,revision_v1_token_128_bit_hex_023,mistral_7b_instruct_v0_3_q4_k_m,segmented_hex_multi_topic,token_128_bit_hex,narrative_learning_moment
detector_pair__23b7d7c73628a4425592f309__ordinary_control,0,1.0502625627850648e-05,textcnn,leave_one_model__mistral_7b_instruct_v0_3_q4_k_m,test,matched_clean_llm,dedup-cluster-a0ec330801b891c994a313b8,revision_v1_hmac_sha256_hex_057,mistral_7b_instruct_v0_3_q4_k_m,segmented_hex_multi_topic,hmac_sha256_hex,casual_weekend_chat
detector_pair__23b7d7c73628a4425592f309__rankcloak,1,0.9999902248382568,textcnn,leave_one_model__mistral_7b_instruct_v0_3_q4_k_m,test,matched_clean_llm,dedup-cluster-a0ec330801b891c994a313b8,revision_v1_hmac_sha256_hex_057,mistral_7b_instruct_v0_3_q4_k_m,segmented_hex_multi_topic,hmac_sha256_hex,casual_weekend_chat
detector_pair__23baac4011808ad0f5a58cd3__ordinary_control,0,2.164193028875161e-05,textcnn,leave_one_model__mistral_7b_instruct_v0_3_q4_k_m,test,matched_clean_llm,dedup-cluster-3550b9941e44ba053c139eaa,revision_v1_sha256_hex_055,mistral_7b_instruct_v0_3_q4_k_m,segmented_hex_multi_topic,sha256_hex,procedure_garden_task
detector_pair__23baac4011808ad0f5a58cd3__rankcloak,1,0.9999672174453735,textcnn,leave_one_model__mistral_7b_instruct_v0_3_q4_k_m,test,matched_clean_llm,dedup-cluster-3550b9941e44ba053c139eaa,revision_v1_sha256_hex_055,mistral_7b_instruct_v0_3_q4_k_m,segmented_hex_multi_topic,sha256_hex,procedure_garden_task
detector_pair__2409cfc2d9c87e968bddd779__ordinary_control,0,2.7289801437291317e-05,textcnn,leave_one_model__mistral_7b_instruct_v0_3_q4_k_m,test,matched_clean_llm,dedup-cluster-6fa6c069ce75963f9386e415,revision_v1_aes256_gcm_base64_016,mistral_7b_instruct_v0_3_q4_k_m,nonseg_ascii_b8,aes256_gcm_base64,explain_weather_pattern
detector_pair__2409cfc2d9c87e968bddd779__rankcloak,1,0.993839681148529,textcnn,leave_one_model__mistral_7b_instruct_v0_3_q4_k_m,test,matched_clean_llm,dedup-cluster-6fa6c069ce75963f9386e415,revision_v1_aes256_gcm_base64_016,mistral_7b_instruct_v0_3_q4_k_m,nonseg_ascii_b8,aes256_gcm_base64,explain_weather_pattern
detector_pair__250961ce23995ba0520bf69f__ordinary_control,0,0.004669114015996456,textcnn,leave_one_model__mistral_7b_instruct_v0_3_q4_k_m,test,matched_clean_llm,dedup-cluster-3550b9941e44ba053c139eaa,revision_v1_sha256_hex_055,mistral_7b_instruct_v0_3_q4_k_m,nonseg_ascii_b16,sha256_hex,procedure_garden_task
detector_pair__250961ce23995ba0520bf69f__rankcloak,1,0.9999860525131226,textcnn,leave_one_model__mistral_7b_instruct_v0_3_q4_k_m,test,matched_clean_llm,dedup-cluster-3550b9941e44ba053c139eaa,revision_v1_sha256_hex_055,mistral_7b_instruct_v0_3_q4_k_m,nonseg_ascii_b16,sha256_hex,procedure_garden_task
detector_pair__252deb115bd9943068d6136d__ordinary_control,0,0.00030952299130149186,textcnn,leave_one_model__mistral_7b_instruct_v0_3_q4_k_m,test,matched_clean_llm,dedup-cluster-4fce714af80d0b4f14ad4961,revision_v1_sha256_hex_008,mistral_7b_instruct_v0_3_q4_k_m,segmented_hex_single_topic,sha256_hex,narrative_small_discovery
detector_pair__252deb115bd9943068d6136d__rankcloak,1,0.9999052286148071,textcnn,leave_one_model__mistral_7b_instruct_v0_3_q4_k_m,test,matched_clean_llm,dedup-cluster-4fce714af80d0b4f14ad4961,revision_v1_sha256_hex_008,mistral_7b_instruct_v0_3_q4_k_m,segmented_hex_single_topic,sha256_hex,narrative_small_discovery
detector_pair__2540f7a416487e550db890fd__ordinary_control,0,0.12049973011016846,textcnn,leave_one_model__mistral_7b_instruct_v0_3_q4_k_m,test,matched_clean_llm,dedup-cluster-6b084f6dbf9a47a93f82df24,revision_v1_aes256_gcm_base64_037,mistral_7b_instruct_v0_3_q4_k_m,nonseg_ascii_b16,aes256_gcm_base64,forum_purchase_advice
detector_pair__2540f7a416487e550db890fd__rankcloak,1,0.9999375343322754,textcnn,leave_one_model__mistral_7b_instruct_v0_3_q4_k_m,test,matched_clean_llm,dedup-cluster-6b084f6dbf9a47a93f82df24,revision_v1_aes256_gcm_base64_037,mistral_7b_instruct_v0_3_q4_k_m,nonseg_ascii_b16,aes256_gcm_base64,forum_purchase_advice
detector_pair__25c06212b7b8534795e737fa__ordinary_control,0,0.005347127094864845,textcnn,leave_one_model__mistral_7b_instruct_v0_3_q4_k_m,test,matched_clean_llm,dedup-cluster-95e2f27c2b585a3d4fdfda70,revision_v1_nonce_96_bit_hex_013,mistral_7b_instruct_v0_3_q4_k_m,nonseg_hex_nibble_b16,nonce_96_bit_hex,explain_weather_pattern
detector_pair__25c06212b7b8534795e737fa__rankcloak,1,0.6149007081985474,textcnn,leave_one_model__mistral_7b_instruct_v0_3_q4_k_m,test,matched_clean_llm,dedup-cluster-95e2f27c2b585a3d4fdfda70,revision_v1_nonce_96_bit_hex_013,mistral_7b_instruct_v0_3_q4_k_m,nonseg_hex_nibble_b16,nonce_96_bit_hex,explain_weather_pattern
detector_pair__2629142c8ae2ea489203f131__ordinary_control,0,2.781521288852673e-05,textcnn,leave_one_model__mistral_7b_instruct_v0_3_q4_k_m,test,matched_clean_llm,dedup-cluster-fd9e19480ac45dd31145b893,revision_v1_hmac_sha256_hex_008,mistral_7b_instruct_v0_3_q4_k_m,segmented_hex_multi_topic,hmac_sha256_hex,explain_everyday_system
detector_pair__2629142c8ae2ea489203f131__rankcloak,1,0.9598131775856018,textcnn,leave_one_model__mistral_7b_instruct_v0_3_q4_k_m,test,matched_clean_llm,dedup-cluster-fd9e19480ac45dd31145b893,revision_v1_hmac_sha256_hex_008,mistral_7b_instruct_v0_3_q4_k_m,segmented_hex_multi_topic,hmac_sha256_hex,explain_everyday_system
detector_pair__265cb65b32b4cf59297bb5ef__ordinary_control,0,0.00010235507943434641,textcnn,leave_one_model__mistral_7b_instruct_v0_3_q4_k_m,test,matched_clean_llm,dedup-cluster-86d638dbb2173052f0f13f3d,revision_v1_chacha20_poly1305_base64_027,mistral_7b_instruct_v0_3_q4_k_m,direct_subword_calgacus,chacha20_poly1305_base64,explain_weather_pattern
detector_pair__265cb65b32b4cf59297bb5ef__rankcloak,1,0.9999909400939941,textcnn,leave_one_model__mistral_7b_instruct_v0_3_q4_k_m,test,matched_clean_llm,dedup-cluster-86d638dbb2173052f0f13f3d,revision_v1_chacha20_poly1305_base64_027,mistral_7b_instruct_v0_3_q4_k_m,direct_subword_calgacus,chacha20_poly1305_base64,explain_weather_pattern
detector_pair__272e29019ec04fff57756f5b__ordinary_control,0,6.0467067669378594e-05,textcnn,leave_one_model__mistral_7b_instruct_v0_3_q4_k_m,test,matched_clean_llm,dedup-cluster-c3dca9a9298a213ff99b5c53,revision_v1_sha256_hex_017,mistral_7b_instruct_v0_3_q4_k_m,segmented_hex_single_topic,sha256_hex,professional_schedule_note
detector_pair__272e29019ec04fff57756f5b__rankcloak,1,0.9999443292617798,textcnn,leave_one_model__mistral_7b_instruct_v0_3_q4_k_m,test,matched_clean_llm,dedup-cluster-c3dca9a9298a213ff99b5c53,revision_v1_sha256_hex_017,mistral_7b_instruct_v0_3_q4_k_m,segmented_hex_single_topic,sha256_hex,professional_schedule_note
detector_pair__278f6225e83b49b678b1f8c8__ordinary_control,0,0.002153996145352721,textcnn,leave_one_model__mistral_7b_instruct_v0_3_q4_k_m,test,matched_clean_llm,dedup-cluster-0d14bae63cd1e6e73dd0fa7a,revision_v1_nonce_96_bit_hex_022,mistral_7b_instruct_v0_3_q4_k_m,nonseg_hex_nibble_b16,nonce_96_bit_hex,forum_purchase_advice
detector_pair__278f6225e83b49b678b1f8c8__rankcloak,1,0.9983238577842712,textcnn,leave_one_model__mistral_7b_instruct_v0_3_q4_k_m,test,matched_clean_llm,dedup-cluster-0d14bae63cd1e6e73dd0fa7a,revision_v1_nonce_96_bit_hex_022,mistral_7b_instruct_v0_3_q4_k_m,nonseg_hex_nibble_b16,nonce_96_bit_hex,forum_purchase_advice
detector_pair__27aa132b13ca89daab2be19a__ordinary_control,0,0.0018868696643039584,textcnn,leave_one_model__mistral_7b_instruct_v0_3_q4_k_m,test,matched_clean_llm,dedup-cluster-3550b9941e44ba053c139eaa,revision_v1_sha256_hex_055,mistral_7b_instruct_v0_3_q4_k_m,nonseg_ascii_b8,sha256_hex,procedure_garden_task
detector_pair__27aa132b13ca89daab2be19a__rankcloak,1,0.9999465942382812,textcnn,leave_one_model__mistral_7b_instruct_v0_3_q4_k_m,test,matched_clean_llm,dedup-cluster-3550b9941e44ba053c139eaa,revision_v1_sha256_hex_055,mistral_7b_instruct_v0_3_q4_k_m,nonseg_ascii_b8,sha256_hex,procedure_garden_task
detector_pair__2859b570123e9d83c464ef82__ordinary_control,0,0.00011030677706003189,textcnn,leave_one_model__mistral_7b_instruct_v0_3_q4_k_m,test,matched_clean_llm,dedup-cluster-a0ec330801b891c994a313b8,revision_v1_hmac_sha256_hex_057,mistral_7b_instruct_v0_3_q4_k_m,nonseg_ascii_b16,hmac_sha256_hex,casual_weekend_chat
detector_pair__2859b570123e9d83c464ef82__rankcloak,1,0.999923825263977,textcnn,leave_one_model__mistral_7b_instruct_v0_3_q4_k_m,test,matched_clean_llm,dedup-cluster-a0ec330801b891c994a313b8,revision_v1_hmac_sha256_hex_057,mistral_7b_instruct_v0_3_q4_k_m,nonseg_ascii_b16,hmac_sha256_hex,casual_weekend_chat
detector_pair__288f4502f3d3b48a37ed5d0e__ordinary_control,0,0.007022131700068712,textcnn,leave_one_model__mistral_7b_instruct_v0_3_q4_k_m,test,matched_clean_llm,dedup-cluster-3835ae9c8d0c8b9133aa0f7c,revision_v1_sha256_hex_014,mistral_7b_instruct_v0_3_q4_k_m,segmented_hex_single_topic,sha256_hex,narrative_local_walk
detector_pair__288f4502f3d3b48a37ed5d0e__rankcloak,1,0.9999780654907227,textcnn,leave_one_model__mistral_7b_instruct_v0_3_q4_k_m,test,matched_clean_llm,dedup-cluster-3835ae9c8d0c8b9133aa0f7c,revision_v1_sha256_hex_014,mistral_7b_instruct_v0_3_q4_k_m,segmented_hex_single_topic,sha256_hex,narrative_local_walk
detector_pair__2a1341c1f80754c5ad1342e2__ordinary_control,0,2.591332759038778e-06,textcnn,leave_one_model__mistral_7b_instruct_v0_3_q4_k_m,test,matched_clean_llm,dedup-cluster-a0ec330801b891c994a313b8,revision_v1_hmac_sha256_hex_057,mistral_7b_instruct_v0_3_q4_k_m,nonseg_ascii_b8,hmac_sha256_hex,casual_weekend_chat
detector_pair__2a1341c1f80754c5ad1342e2__rankcloak,1,0.9999985694885254,textcnn,leave_one_model__mistral_7b_instruct_v0_3_q4_k_m,test,matched_clean_llm,dedup-cluster-a0ec330801b891c994a313b8,revision_v1_hmac_sha256_hex_057,mistral_7b_instruct_v0_3_q4_k_m,nonseg_ascii_b8,hmac_sha256_hex,casual_weekend_chat
detector_pair__2b991b9ae19561b774875bae__ordinary_control,0,0.012788700871169567,textcnn,leave_one_model__mistral_7b_instruct_v0_3_q4_k_m,test,matched_clean_llm,dedup-cluster-1ae66c809db7c888edc24849,revision_v1_sha256_hex_020,mistral_7b_instruct_v0_3_q4_k_m,segmented_hex_single_topic,sha256_hex,narrative_learning_moment
detector_pair__2b991b9ae19561b774875bae__rankcloak,1,0.8752018809318542,textcnn,leave_one_model__mistral_7b_instruct_v0_3_q4_k_m,test,matched_clean_llm,dedup-cluster-1ae66c809db7c888edc24849,revision_v1_sha256_hex_020,mistral_7b_instruct_v0_3_q4_k_m,segmented_hex_single_topic,sha256_hex,narrative_learning_moment
detector_pair__2be7f546acdc946c1b638903__ordinary_control,0,0.0001301950978813693,textcnn,leave_one_model__mistral_7b_instruct_v0_3_q4_k_m,test,matched_clean_llm,dedup-cluster-3d7049c126c3e6af15cc5c6b,revision_v1_hmac_sha256_hex_016,mistral_7b_instruct_v0_3_q4_k_m,segmented_hex_multi_topic,hmac_sha256_hex,professional_process_email
detector_pair__2be7f546acdc946c1b638903__rankcloak,1,0.9997567534446716,textcnn,leave_one_model__mistral_7b_instruct_v0_3_q4_k_m,test,matched_clean_llm,dedup-cluster-3d7049c126c3e6af15cc5c6b,revision_v1_hmac_sha256_hex_016,mistral_7b_instruct_v0_3_q4_k_m,segmented_hex_multi_topic,hmac_sha256_hex,professional_process_email
detector_pair__2befea501a29dd535c4655c4__ordinary_control,0,1.0237969036097638e-05,textcnn,leave_one_model__mistral_7b_instruct_v0_3_q4_k_m,test,matched_clean_llm,dedup-cluster-c5e7aa80077f7be08ccd7015,revision_v1_nonce_96_bit_hex_018,mistral_7b_instruct_v0_3_q4_k_m,nonseg_ascii_b8,nonce_96_bit_hex,narrative_local_walk
detector_pair__2befea501a29dd535c4655c4__rankcloak,1,0.3778444528579712,textcnn,leave_one_model__mistral_7b_instruct_v0_3_q4_k_m,test,matched_clean_llm,dedup-cluster-c5e7aa80077f7be08ccd7015,revision_v1_nonce_96_bit_hex_018,mistral_7b_instruct_v0_3_q4_k_m,nonseg_ascii_b8,nonce_96_bit_hex,narrative_local_walk
detector_pair__2c85ef39960633209c436a44__ordinary_control,0,0.03825542703270912,textcnn,leave_one_model__mistral_7b_instruct_v0_3_q4_k_m,test,matched_clean_llm,dedup-cluster-9dcfc126b0a6fc49629304d7,revision_v1_ed25519_signature_base64_054,mistral_7b_instruct_v0_3_q4_k_m,nonseg_ascii_b8,ed25519_signature_base64,procedure_simple_meal
detector_pair__2c85ef39960633209c436a44__rankcloak,1,0.9997871518135071,textcnn,leave_one_model__mistral_7b_instruct_v0_3_q4_k_m,test,matched_clean_llm,dedup-cluster-9dcfc126b0a6fc49629304d7,revision_v1_ed25519_signature_base64_054,mistral_7b_instruct_v0_3_q4_k_m,nonseg_ascii_b8,ed25519_signature_base64,procedure_simple_meal
detector_pair__2e7749839062ca0c68b6094a__ordinary_control,0,0.005303547251969576,textcnn,leave_one_model__mistral_7b_instruct_v0_3_q4_k_m,test,matched_clean_llm,dedup-cluster-1fbc53be5b90e4fb2159f7ea,revision_v1_ed25519_signature_base64_018,mistral_7b_instruct_v0_3_q4_k_m,direct_subword_calgacus,ed25519_signature_base64,procedure_simple_meal
detector_pair__2e7749839062ca0c68b6094a__rankcloak,1,0.9999816417694092,textcnn,leave_one_model__mistral_7b_instruct_v0_3_q4_k_m,test,matched_clean_llm,dedup-cluster-1fbc53be5b90e4fb2159f7ea,revision_v1_ed25519_signature_base64_018,mistral_7b_instruct_v0_3_q4_k_m,direct_subword_calgacus,ed25519_signature_base64,procedure_simple_meal
detector_pair__2e9fc979ac7d2444f237c8a9__ordinary_control,0,0.0010351765668019652,textcnn,leave_one_model__mistral_7b_instruct_v0_3_q4_k_m,test,matched_clean_llm,dedup-cluster-65c353c55a1ef0ebfabe11b3,revision_v1_uuid_v4_032,mistral_7b_instruct_v0_3_q4_k_m,nonseg_ascii_b16,uuid_v4,forum_learning_answer
detector_pair__2e9fc979ac7d2444f237c8a9__rankcloak,1,0.9999970197677612,textcnn,leave_one_model__mistral_7b_instruct_v0_3_q4_k_m,test,matched_clean_llm,dedup-cluster-65c353c55a1ef0ebfabe11b3,revision_v1_uuid_v4_032,mistral_7b_instruct_v0_3_q4_k_m,nonseg_ascii_b16,uuid_v4,forum_learning_answer
detector_pair__2f1b1bf36863705ed2c11c36__ordinary_control,0,0.0006677823257632554,textcnn,leave_one_model__mistral_7b_instruct_v0_3_q4_k_m,test,matched_clean_llm,dedup-cluster-4fce714af80d0b4f14ad4961,revision_v1_sha256_hex_008,mistral_7b_instruct_v0_3_q4_k_m,segmented_hex_multi_topic,sha256_hex,narrative_small_discovery
detector_pair__2f1b1bf36863705ed2c11c36__rankcloak,1,0.16657257080078125,textcnn,leave_one_model__mistral_7b_instruct_v0_3_q4_k_m,test,matched_clean_llm,dedup-cluster-4fce714af80d0b4f14ad4961,revision_v1_sha256_hex_008,mistral_7b_instruct_v0_3_q4_k_m,segmented_hex_multi_topic,sha256_hex,narrative_small_discovery
detector_pair__30614d4ef853c7cf66de9e49__ordinary_control,0,0.0007004798389971256,textcnn,leave_one_model__mistral_7b_instruct_v0_3_q4_k_m,test,matched_clean_llm,dedup-cluster-c5e7aa80077f7be08ccd7015,revision_v1_nonce_96_bit_hex_018,mistral_7b_instruct_v0_3_q4_k_m,segmented_hex_multi_topic,nonce_96_bit_hex,narrative_local_walk
detector_pair__30614d4ef853c7cf66de9e49__rankcloak,1,0.09107911586761475,textcnn,leave_one_model__mistral_7b_instruct_v0_3_q4_k_m,test,matched_clean_llm,dedup-cluster-c5e7aa80077f7be08ccd7015,revision_v1_nonce_96_bit_hex_018,mistral_7b_instruct_v0_3_q4_k_m,segmented_hex_multi_topic,nonce_96_bit_hex,narrative_local_walk
detector_pair__307a4e20822637155c132f2f__ordinary_control,0,1.0686670066206716e-05,textcnn,leave_one_model__mistral_7b_instruct_v0_3_q4_k_m,test,matched_clean_llm,dedup-cluster-b160d50a48c5e58f6dd7c118,revision_v1_token_128_bit_hex_009,mistral_7b_instruct_v0_3_q4_k_m,segmented_hex_multi_topic,token_128_bit_hex,forum_practical_answer
detector_pair__307a4e20822637155c132f2f__rankcloak,1,0.35895273089408875,textcnn,leave_one_model__mistral_7b_instruct_v0_3_q4_k_m,test,matched_clean_llm,dedup-cluster-b160d50a48c5e58f6dd7c118,revision_v1_token_128_bit_hex_009,mistral_7b_instruct_v0_3_q4_k_m,segmented_hex_multi_topic,token_128_bit_hex,forum_practical_answer
detector_pair__30ea4358b7a59d99a6c031df__ordinary_control,0,0.013959642499685287,textcnn,leave_one_model__mistral_7b_instruct_v0_3_q4_k_m,test,matched_clean_llm,dedup-cluster-f1630cf66c55bafe664639a5,revision_v1_hmac_sha256_hex_009,mistral_7b_instruct_v0_3_q4_k_m,nonseg_hex_nibble_b16,hmac_sha256_hex,casual_hobby_chat
detector_pair__30ea4358b7a59d99a6c031df__rankcloak,1,0.9978741407394409,textcnn,leave_one_model__mistral_7b_instruct_v0_3_q4_k_m,test,matched_clean_llm,dedup-cluster-f1630cf66c55bafe664639a5,revision_v1_hmac_sha256_hex_009,mistral_7b_instruct_v0_3_q4_k_m,nonseg_hex_nibble_b16,hmac_sha256_hex,casual_hobby_chat
detector_pair__311b917e4388942a4f44730d__ordinary_control,0,0.0009792550699785352,textcnn,leave_one_model__mistral_7b_instruct_v0_3_q4_k_m,test,matched_clean_llm,dedup-cluster-607fc29d4914c273292301d6,revision_v1_token_128_bit_hex_052,mistral_7b_instruct_v0_3_q4_k_m,nonseg_ascii_b16,token_128_bit_hex,procedure_home_task
detector_pair__311b917e4388942a4f44730d__rankcloak,1,0.9895089864730835,textcnn,leave_one_model__mistral_7b_instruct_v0_3_q4_k_m,test,matched_clean_llm,dedup-cluster-607fc29d4914c273292301d6,revision_v1_token_128_bit_hex_052,mistral_7b_instruct_v0_3_q4_k_m,nonseg_ascii_b16,token_128_bit_hex,procedure_home_task
detector_pair__31af5c35c89705527f599e76__ordinary_control,0,0.008028100244700909,textcnn,leave_one_model__mistral_7b_instruct_v0_3_q4_k_m,test,matched_clean_llm,dedup-cluster-fd9e19480ac45dd31145b893,revision_v1_hmac_sha256_hex_008,mistral_7b_instruct_v0_3_q4_k_m,segmented_hex_single_topic,hmac_sha256_hex,explain_everyday_system
detector_pair__31af5c35c89705527f599e76__rankcloak,1,0.999976396560669,textcnn,leave_one_model__mistral_7b_instruct_v0_3_q4_k_m,test,matched_clean_llm,dedup-cluster-fd9e19480ac45dd31145b893,revision_v1_hmac_sha256_hex_008,mistral_7b_instruct_v0_3_q4_k_m,segmented_hex_single_topic,hmac_sha256_hex,explain_everyday_system
detector_pair__31dba3e3d1afeb9671428469__ordinary_control,0,0.002468188526108861,textcnn,leave_one_model__mistral_7b_instruct_v0_3_q4_k_m,test,matched_clean_llm,dedup-cluster-86d70a013a18a7f0dc80b7f5,revision_v1_hmac_sha256_hex_001,mistral_7b_instruct_v0_3_q4_k_m,nonseg_ascii_b8,hmac_sha256_hex,narrative_small_discovery
detector_pair__31dba3e3d1afeb9671428469__rankcloak,1,0.9975976347923279,textcnn,leave_one_model__mistral_7b_instruct_v0_3_q4_k_m,test,matched_clean_llm,dedup-cluster-86d70a013a18a7f0dc80b7f5,revision_v1_hmac_sha256_hex_001,mistral_7b_instruct_v0_3_q4_k_m,nonseg_ascii_b8,hmac_sha256_hex,narrative_small_discovery
detector_pair__31e0f73b35cca8108283cb51__ordinary_control,0,8.44865155613661e-07,textcnn,leave_one_model__mistral_7b_instruct_v0_3_q4_k_m,test,matched_clean_llm,dedup-cluster-1e85096517059ca2585e10f1,revision_v1_nonce_96_bit_hex_044,mistral_7b_instruct_v0_3_q4_k_m,segmented_hex_single_topic,nonce_96_bit_hex,casual_neighborhood_chat
detector_pair__31e0f73b35cca8108283cb51__rankcloak,1,0.9865285158157349,textcnn,leave_one_model__mistral_7b_instruct_v0_3_q4_k_m,test,matched_clean_llm,dedup-cluster-1e85096517059ca2585e10f1,revision_v1_nonce_96_bit_hex_044,mistral_7b_instruct_v0_3_q4_k_m,segmented_hex_single_topic,nonce_96_bit_hex,casual_neighborhood_chat
detector_pair__31e998983f57275fbdff9046__ordinary_control,0,1.6111822333186865e-05,textcnn,leave_one_model__mistral_7b_instruct_v0_3_q4_k_m,test,matched_clean_llm,dedup-cluster-02069e60ee294b6b19cc3fda,revision_v1_chacha20_poly1305_base64_028,mistral_7b_instruct_v0_3_q4_k_m,nonseg_ascii_b16,chacha20_poly1305_base64,casual_weekend_chat
detector_pair__31e998983f57275fbdff9046__rankcloak,1,0.9999984502792358,textcnn,leave_one_model__mistral_7b_instruct_v0_3_q4_k_m,test,matched_clean_llm,dedup-cluster-02069e60ee294b6b19cc3fda,revision_v1_chacha20_poly1305_base64_028,mistral_7b_instruct_v0_3_q4_k_m,nonseg_ascii_b16,chacha20_poly1305_base64,casual_weekend_chat
detector_pair__32910744a4da8b3f05ca8ab5__ordinary_control,0,1.1847545465570875e-05,textcnn,leave_one_model__mistral_7b_instruct_v0_3_q4_k_m,test,matched_clean_llm,dedup-cluster-d3540d957b4816af4830d47f,revision_v1_chacha20_poly1305_base64_053,mistral_7b_instruct_v0_3_q4_k_m,nonseg_ascii_b16,chacha20_poly1305_base64,professional_schedule_note
detector_pair__32910744a4da8b3f05ca8ab5__rankcloak,1,0.9950805902481079,textcnn,leave_one_model__mistral_7b_instruct_v0_3_q4_k_m,test,matched_clean_llm,dedup-cluster-d3540d957b4816af4830d47f,revision_v1_chacha20_poly1305_base64_053,mistral_7b_instruct_v0_3_q4_k_m,nonseg_ascii_b16,chacha20_poly1305_base64,professional_schedule_note
detector_pair__32af6a459be7829fcdec14eb__ordinary_control,0,0.0013243971625342965,textcnn,leave_one_model__mistral_7b_instruct_v0_3_q4_k_m,test,matched_clean_llm,dedup-cluster-f9ad8da8cff8f544eb822985,revision_v1_uuid_v4_056,mistral_7b_instruct_v0_3_q4_k_m,nonseg_ascii_b8,uuid_v4,forum_practical_answer
detector_pair__32af6a459be7829fcdec14eb__rankcloak,1,0.9920043349266052,textcnn,leave_one_model__mistral_7b_instruct_v0_3_q4_k_m,test,matched_clean_llm,dedup-cluster-f9ad8da8cff8f544eb822985,revision_v1_uuid_v4_056,mistral_7b_instruct_v0_3_q4_k_m,nonseg_ascii_b8,uuid_v4,forum_practical_answer
detector_pair__32d2450b7059cf60ad0d87a3__ordinary_control,0,1.43695206133998e-05,textcnn,leave_one_model__mistral_7b_instruct_v0_3_q4_k_m,test,matched_clean_llm,dedup-cluster-f6fc3479f88b17e2282c2e2e,revision_v1_token_128_bit_hex_043,mistral_7b_instruct_v0_3_q4_k_m,direct_subword_calgacus,token_128_bit_hex,casual_weekend_chat
detector_pair__32d2450b7059cf60ad0d87a3__rankcloak,1,0.9997150301933289,textcnn,leave_one_model__mistral_7b_instruct_v0_3_q4_k_m,test,matched_clean_llm,dedup-cluster-f6fc3479f88b17e2282c2e2e,revision_v1_token_128_bit_hex_043,mistral_7b_instruct_v0_3_q4_k_m,direct_subword_calgacus,token_128_bit_hex,casual_weekend_chat
detector_pair__356dca8ad8107bfbb29bc78d__ordinary_control,0,0.0009688169811852276,textcnn,leave_one_model__mistral_7b_instruct_v0_3_q4_k_m,test,matched_clean_llm,dedup-cluster-3835ae9c8d0c8b9133aa0f7c,revision_v1_sha256_hex_014,mistral_7b_instruct_v0_3_q4_k_m,direct_subword_calgacus,sha256_hex,narrative_local_walk
detector_pair__356dca8ad8107bfbb29bc78d__rankcloak,1,0.7931851744651794,textcnn,leave_one_model__mistral_7b_instruct_v0_3_q4_k_m,test,matched_clean_llm,dedup-cluster-3835ae9c8d0c8b9133aa0f7c,revision_v1_sha256_hex_014,mistral_7b_instruct_v0_3_q4_k_m,direct_subword_calgacus,sha256_hex,narrative_local_walk
detector_pair__3571b97389c9e068bc81ba55__ordinary_control,0,9.025638428283855e-05,textcnn,leave_one_model__mistral_7b_instruct_v0_3_q4_k_m,test,matched_clean_llm,dedup-cluster-96b6945d530fbf8a209d06d3,revision_v1_chacha20_poly1305_base64_034,mistral_7b_instruct_v0_3_q4_k_m,nonseg_ascii_b8,chacha20_poly1305_base64,casual_hobby_chat
detector_pair__3571b97389c9e068bc81ba55__rankcloak,1,0.999885082244873,textcnn,leave_one_model__mistral_7b_instruct_v0_3_q4_k_m,test,matched_clean_llm,dedup-cluster-96b6945d530fbf8a209d06d3,revision_v1_chacha20_poly1305_base64_034,mistral_7b_instruct_v0_3_q4_k_m,nonseg_ascii_b8,chacha20_poly1305_base64,casual_hobby_chat
detector_pair__369db33bf175d28b1ef14584__ordinary_control,0,0.30409055948257446,textcnn,leave_one_model__mistral_7b_instruct_v0_3_q4_k_m,test,matched_clean_llm,dedup-cluster-c791365cbb6a3ed856420c65,revision_v1_hmac_sha256_hex_023,mistral_7b_instruct_v0_3_q4_k_m,nonseg_ascii_b16,hmac_sha256_hex,forum_practical_answer
detector_pair__369db33bf175d28b1ef14584__rankcloak,1,0.9999852180480957,textcnn,leave_one_model__mistral_7b_instruct_v0_3_q4_k_m,test,matched_clean_llm,dedup-cluster-c791365cbb6a3ed856420c65,revision_v1_hmac_sha256_hex_023,mistral_7b_instruct_v0_3_q4_k_m,nonseg_ascii_b16,hmac_sha256_hex,forum_practical_answer
detector_pair__36c563f081f1a6671fb5f8f9__ordinary_control,0,0.0029692533425986767,textcnn,leave_one_model__mistral_7b_instruct_v0_3_q4_k_m,test,matched_clean_llm,dedup-cluster-c5e7aa80077f7be08ccd7015,revision_v1_nonce_96_bit_hex_018,mistral_7b_instruct_v0_3_q4_k_m,segmented_hex_single_topic,nonce_96_bit_hex,narrative_local_walk
detector_pair__36c563f081f1a6671fb5f8f9__rankcloak,1,0.8640927672386169,textcnn,leave_one_model__mistral_7b_instruct_v0_3_q4_k_m,test,matched_clean_llm,dedup-cluster-c5e7aa80077f7be08ccd7015,revision_v1_nonce_96_bit_hex_018,mistral_7b_instruct_v0_3_q4_k_m,segmented_hex_single_topic,nonce_96_bit_hex,narrative_local_walk
detector_pair__3882f7e98001dfbd17e099b2__ordinary_control,0,9.767950359673705e-06,textcnn,leave_one_model__mistral_7b_instruct_v0_3_q4_k_m,test,matched_clean_llm,dedup-cluster-47ad0bb4bd74bdd2b73605ec,revision_v1_ed25519_signature_base64_002,mistral_7b_instruct_v0_3_q4_k_m,direct_subword_calgacus,ed25519_signature_base64,explain_weather_pattern
detector_pair__3882f7e98001dfbd17e099b2__rankcloak,1,0.9999864101409912,textcnn,leave_one_model__mistral_7b_instruct_v0_3_q4_k_m,test,matched_clean_llm,dedup-cluster-47ad0bb4bd74bdd2b73605ec,revision_v1_ed25519_signature_base64_002,mistral_7b_instruct_v0_3_q4_k_m,direct_subword_calgacus,ed25519_signature_base64,explain_weather_pattern
detector_pair__38db704afe3ff28bc5398c1b__ordinary_control,0,5.33278907823842e-05,textcnn,leave_one_model__mistral_7b_instruct_v0_3_q4_k_m,test,matched_clean_llm,dedup-cluster-2b83d1cb5d632d6722e2a911,revision_v1_ed25519_signature_base64_022,mistral_7b_instruct_v0_3_q4_k_m,nonseg_ascii_b16,ed25519_signature_base64,professional_project_update
detector_pair__38db704afe3ff28bc5398c1b__rankcloak,1,0.9999819993972778,textcnn,leave_one_model__mistral_7b_instruct_v0_3_q4_k_m,test,matched_clean_llm,dedup-cluster-2b83d1cb5d632d6722e2a911,revision_v1_ed25519_signature_base64_022,mistral_7b_instruct_v0_3_q4_k_m,nonseg_ascii_b16,ed25519_signature_base64,professional_project_update
detector_pair__3a8aaf42adb162221d46409b__ordinary_control,0,2.3001002773526125e-05,textcnn,leave_one_model__mistral_7b_instruct_v0_3_q4_k_m,test,matched_clean_llm,dedup-cluster-96b6945d530fbf8a209d06d3,revision_v1_chacha20_poly1305_base64_034,mistral_7b_instruct_v0_3_q4_k_m,nonseg_ascii_b16,chacha20_poly1305_base64,casual_hobby_chat
detector_pair__3a8aaf42adb162221d46409b__rankcloak,1,0.9869039058685303,textcnn,leave_one_model__mistral_7b_instruct_v0_3_q4_k_m,test,matched_clean_llm,dedup-cluster-96b6945d530fbf8a209d06d3,revision_v1_chacha20_poly1305_base64_034,mistral_7b_instruct_v0_3_q4_k_m,nonseg_ascii_b16,chacha20_poly1305_base64,casual_hobby_chat
detector_pair__3aabfa703dc329f0768b5ad6__ordinary_control,0,0.29524242877960205,textcnn,leave_one_model__mistral_7b_instruct_v0_3_q4_k_m,test,matched_clean_llm,dedup-cluster-7eecb5c2a0c12ed30123e2b3,revision_v1_uuid_v4_043,mistral_7b_instruct_v0_3_q4_k_m,direct_subword_calgacus,uuid_v4,professional_schedule_note
detector_pair__3aabfa703dc329f0768b5ad6__rankcloak,1,0.010730934329330921,textcnn,leave_one_model__mistral_7b_instruct_v0_3_q4_k_m,test,matched_clean_llm,dedup-cluster-7eecb5c2a0c12ed30123e2b3,revision_v1_uuid_v4_043,mistral_7b_instruct_v0_3_q4_k_m,direct_subword_calgacus,uuid_v4,professional_schedule_note
detector_pair__3aeec83e3dc30b24aa45e2e5__ordinary_control,0,0.00016296048124786466,textcnn,leave_one_model__mistral_7b_instruct_v0_3_q4_k_m,test,matched_clean_llm,dedup-cluster-a331d504eed2f1bff244b461,revision_v1_chacha20_poly1305_base64_000,mistral_7b_instruct_v0_3_q4_k_m,direct_subword_calgacus,chacha20_poly1305_base64,forum_learning_answer
detector_pair__3aeec83e3dc30b24aa45e2e5__rankcloak,1,0.9980736970901489,textcnn,leave_one_model__mistral_7b_instruct_v0_3_q4_k_m,test,matched_clean_llm,dedup-cluster-a331d504eed2f1bff244b461,revision_v1_chacha20_poly1305_base64_000,mistral_7b_instruct_v0_3_q4_k_m,direct_subword_calgacus,chacha20_poly1305_base64,forum_learning_answer
detector_pair__3b8e4ca3ff12f0bc93cdb940__ordinary_control,0,0.014443820342421532,textcnn,leave_one_model__mistral_7b_instruct_v0_3_q4_k_m,test,matched_clean_llm,dedup-cluster-00190ab339967308d13aeb9a,revision_v1_token_128_bit_hex_037,mistral_7b_instruct_v0_3_q4_k_m,segmented_hex_multi_topic,token_128_bit_hex,casual_neighborhood_chat
detector_pair__3b8e4ca3ff12f0bc93cdb940__rankcloak,1,0.9386705756187439,textcnn,leave_one_model__mistral_7b_instruct_v0_3_q4_k_m,test,matched_clean_llm,dedup-cluster-00190ab339967308d13aeb9a,revision_v1_token_128_bit_hex_037,mistral_7b_instruct_v0_3_q4_k_m,segmented_hex_multi_topic,token_128_bit_hex,casual_neighborhood_chat
detector_pair__3b95f9ab51cef6fe0f91e357__ordinary_control,0,0.04444447532296181,textcnn,leave_one_model__mistral_7b_instruct_v0_3_q4_k_m,test,matched_clean_llm,dedup-cluster-6fa6c069ce75963f9386e415,revision_v1_aes256_gcm_base64_016,mistral_7b_instruct_v0_3_q4_k_m,direct_subword_calgacus,aes256_gcm_base64,explain_weather_pattern
detector_pair__3b95f9ab51cef6fe0f91e357__rankcloak,1,0.9995903372764587,textcnn,leave_one_model__mistral_7b_instruct_v0_3_q4_k_m,test,matched_clean_llm,dedup-cluster-6fa6c069ce75963f9386e415,revision_v1_aes256_gcm_base64_016,mistral_7b_instruct_v0_3_q4_k_m,direct_subword_calgacus,aes256_gcm_base64,explain_weather_pattern
detector_pair__3ba78c02735a4148faaa3e27__ordinary_control,0,0.0031406080815941095,textcnn,leave_one_model__mistral_7b_instruct_v0_3_q4_k_m,test,matched_clean_llm,dedup-cluster-054651d73ab2fcb750307ee7,revision_v1_token_128_bit_hex_023,mistral_7b_instruct_v0_3_q4_k_m,direct_subword_calgacus,token_128_bit_hex,narrative_learning_moment
detector_pair__3ba78c02735a4148faaa3e27__rankcloak,1,0.9998335838317871,textcnn,leave_one_model__mistral_7b_instruct_v0_3_q4_k_m,test,matched_clean_llm,dedup-cluster-054651d73ab2fcb750307ee7,revision_v1_token_128_bit_hex_023,mistral_7b_instruct_v0_3_q4_k_m,direct_subword_calgacus,token_128_bit_hex,narrative_learning_moment
detector_pair__3be926b8cd8b9ca463025930__ordinary_control,0,0.003557852003723383,textcnn,leave_one_model__mistral_7b_instruct_v0_3_q4_k_m,test,matched_clean_llm,dedup-cluster-3835ae9c8d0c8b9133aa0f7c,revision_v1_sha256_hex_014,mistral_7b_instruct_v0_3_q4_k_m,nonseg_ascii_b8,sha256_hex,narrative_local_walk
detector_pair__3be926b8cd8b9ca463025930__rankcloak,1,0.9974242448806763,textcnn,leave_one_model__mistral_7b_instruct_v0_3_q4_k_m,test,matched_clean_llm,dedup-cluster-3835ae9c8d0c8b9133aa0f7c,revision_v1_sha256_hex_014,mistral_7b_instruct_v0_3_q4_k_m,nonseg_ascii_b8,sha256_hex,narrative_local_walk
detector_pair__3cc27a17d3f78f9bfe7794a8__ordinary_control,0,0.00012581696501001716,textcnn,leave_one_model__mistral_7b_instruct_v0_3_q4_k_m,test,matched_clean_llm,dedup-cluster-dab9c4d7024256297969359d,revision_v1_chacha20_poly1305_base64_032,mistral_7b_instruct_v0_3_q4_k_m,nonseg_ascii_b8,chacha20_poly1305_base64,narrative_local_walk
detector_pair__3cc27a17d3f78f9bfe7794a8__rankcloak,1,0.012848413549363613,textcnn,leave_one_model__mistral_7b_instruct_v0_3_q4_k_m,test,matched_clean_llm,dedup-cluster-dab9c4d7024256297969359d,revision_v1_chacha20_poly1305_base64_032,mistral_7b_instruct_v0_3_q4_k_m,nonseg_ascii_b8,chacha20_poly1305_base64,narrative_local_walk
detector_pair__3ce02fcc812d65e78ef6ed6e__ordinary_control,0,0.002453722059726715,textcnn,leave_one_model__mistral_7b_instruct_v0_3_q4_k_m,test,matched_clean_llm,dedup-cluster-92597d293b9374d8f0316f4d,revision_v1_hmac_sha256_hex_031,mistral_7b_instruct_v0_3_q4_k_m,direct_subword_calgacus,hmac_sha256_hex,narrative_learning_moment
detector_pair__3ce02fcc812d65e78ef6ed6e__rankcloak,1,0.9998679161071777,textcnn,leave_one_model__mistral_7b_instruct_v0_3_q4_k_m,test,matched_clean_llm,dedup-cluster-92597d293b9374d8f0316f4d,revision_v1_hmac_sha256_hex_031,mistral_7b_instruct_v0_3_q4_k_m,direct_subword_calgacus,hmac_sha256_hex,narrative_learning_moment
detector_pair__3d08517a809769e4acb564d2__ordinary_control,0,0.000305781839415431,textcnn,leave_one_model__mistral_7b_instruct_v0_3_q4_k_m,test,matched_clean_llm,dedup-cluster-fd9e19480ac45dd31145b893,revision_v1_hmac_sha256_hex_008,mistral_7b_instruct_v0_3_q4_k_m,nonseg_hex_nibble_b16,hmac_sha256_hex,explain_everyday_system
detector_pair__3d08517a809769e4acb564d2__rankcloak,1,0.9982384443283081,textcnn,leave_one_model__mistral_7b_instruct_v0_3_q4_k_m,test,matched_clean_llm,dedup-cluster-fd9e19480ac45dd31145b893,revision_v1_hmac_sha256_hex_008,mistral_7b_instruct_v0_3_q4_k_m,nonseg_hex_nibble_b16,hmac_sha256_hex,explain_everyday_system
detector_pair__3dd2425ee7623571d9877752__ordinary_control,0,0.0009326613508164883,textcnn,leave_one_model__mistral_7b_instruct_v0_3_q4_k_m,test,matched_clean_llm,dedup-cluster-91605a72859a660f036d538b,revision_v1_sha256_hex_009,mistral_7b_instruct_v0_3_q4_k_m,segmented_hex_multi_topic,sha256_hex,explain_weather_pattern
detector_pair__3dd2425ee7623571d9877752__rankcloak,1,0.9965403079986572,textcnn,leave_one_model__mistral_7b_instruct_v0_3_q4_k_m,test,matched_clean_llm,dedup-cluster-91605a72859a660f036d538b,revision_v1_sha256_hex_009,mistral_7b_instruct_v0_3_q4_k_m,segmented_hex_multi_topic,sha256_hex,explain_weather_pattern
detector_pair__3dfa1f18f3fd550a6edf2b8b__ordinary_control,0,0.0066723087802529335,textcnn,leave_one_model__mistral_7b_instruct_v0_3_q4_k_m,test,matched_clean_llm,dedup-cluster-a331d504eed2f1bff244b461,revision_v1_chacha20_poly1305_base64_000,mistral_7b_instruct_v0_3_q4_k_m,nonseg_ascii_b8,chacha20_poly1305_base64,forum_learning_answer
detector_pair__3dfa1f18f3fd550a6edf2b8b__rankcloak,1,0.9963114857673645,textcnn,leave_one_model__mistral_7b_instruct_v0_3_q4_k_m,test,matched_clean_llm,dedup-cluster-a331d504eed2f1bff244b461,revision_v1_chacha20_poly1305_base64_000,mistral_7b_instruct_v0_3_q4_k_m,nonseg_ascii_b8,chacha20_poly1305_base64,forum_learning_answer
detector_pair__3ed4ce513816a30b4382407f__ordinary_control,0,8.120308484649286e-05,textcnn,leave_one_model__mistral_7b_instruct_v0_3_q4_k_m,test,matched_clean_llm,dedup-cluster-3b447f2610b594483f55ba30,revision_v1_aes256_gcm_base64_028,mistral_7b_instruct_v0_3_q4_k_m,direct_subword_calgacus,aes256_gcm_base64,explain_biological_process
detector_pair__3ed4ce513816a30b4382407f__rankcloak,1,0.9998345375061035,textcnn,leave_one_model__mistral_7b_instruct_v0_3_q4_k_m,test,matched_clean_llm,dedup-cluster-3b447f2610b594483f55ba30,revision_v1_aes256_gcm_base64_028,mistral_7b_instruct_v0_3_q4_k_m,direct_subword_calgacus,aes256_gcm_base64,explain_biological_process
detector_pair__3ee3d994636d6be02c4fdf7f__ordinary_control,0,0.00021465080499183387,textcnn,leave_one_model__mistral_7b_instruct_v0_3_q4_k_m,test,matched_clean_llm,dedup-cluster-3550b9941e44ba053c139eaa,revision_v1_sha256_hex_055,mistral_7b_instruct_v0_3_q4_k_m,direct_subword_calgacus,sha256_hex,procedure_garden_task
detector_pair__3ee3d994636d6be02c4fdf7f__rankcloak,1,0.9831106662750244,textcnn,leave_one_model__mistral_7b_instruct_v0_3_q4_k_m,test,matched_clean_llm,dedup-cluster-3550b9941e44ba053c139eaa,revision_v1_sha256_hex_055,mistral_7b_instruct_v0_3_q4_k_m,direct_subword_calgacus,sha256_hex,procedure_garden_task
detector_pair__3f05dd91417fc04291286591__ordinary_control,0,0.0024343300610780716,textcnn,leave_one_model__mistral_7b_instruct_v0_3_q4_k_m,test,matched_clean_llm,dedup-cluster-f1630cf66c55bafe664639a5,revision_v1_hmac_sha256_hex_009,mistral_7b_instruct_v0_3_q4_k_m,segmented_hex_single_topic,hmac_sha256_hex,casual_hobby_chat
detector_pair__3f05dd91417fc04291286591__rankcloak,1,0.3796106278896332,textcnn,leave_one_model__mistral_7b_instruct_v0_3_q4_k_m,test,matched_clean_llm,dedup-cluster-f1630cf66c55bafe664639a5,revision_v1_hmac_sha256_hex_009,mistral_7b_instruct_v0_3_q4_k_m,segmented_hex_single_topic,hmac_sha256_hex,casual_hobby_chat
detector_pair__3f55869fc97c7d06a3b34afb__ordinary_control,0,0.012255745008587837,textcnn,leave_one_model__mistral_7b_instruct_v0_3_q4_k_m,test,matched_clean_llm,dedup-cluster-c5e7aa80077f7be08ccd7015,revision_v1_nonce_96_bit_hex_018,mistral_7b_instruct_v0_3_q4_k_m,direct_subword_calgacus,nonce_96_bit_hex,narrative_local_walk
detector_pair__3f55869fc97c7d06a3b34afb__rankcloak,1,0.9504689574241638,textcnn,leave_one_model__mistral_7b_instruct_v0_3_q4_k_m,test,matched_clean_llm,dedup-cluster-c5e7aa80077f7be08ccd7015,revision_v1_nonce_96_bit_hex_018,mistral_7b_instruct_v0_3_q4_k_m,direct_subword_calgacus,nonce_96_bit_hex,narrative_local_walk
detector_pair__3ff19c004e28145d05b97efc__ordinary_control,0,0.0010422231862321496,textcnn,leave_one_model__mistral_7b_instruct_v0_3_q4_k_m,test,matched_clean_llm,dedup-cluster-60d0df848b633a552e7a097a,revision_v1_ed25519_signature_base64_007,mistral_7b_instruct_v0_3_q4_k_m,nonseg_ascii_b8,ed25519_signature_base64,narrative_local_walk
detector_pair__3ff19c004e28145d05b97efc__rankcloak,1,0.9870021343231201,textcnn,leave_one_model__mistral_7b_instruct_v0_3_q4_k_m,test,matched_clean_llm,dedup-cluster-60d0df848b633a552e7a097a,revision_v1_ed25519_signature_base64_007,mistral_7b_instruct_v0_3_q4_k_m,nonseg_ascii_b8,ed25519_signature_base64,narrative_local_walk
detector_pair__4061939e5c4b597dd249ec5e__ordinary_control,0,0.06164898723363876,textcnn,leave_one_model__mistral_7b_instruct_v0_3_q4_k_m,test,matched_clean_llm,dedup-cluster-29c00935d1f39c68be75bfe8,revision_v1_nonce_96_bit_hex_035,mistral_7b_instruct_v0_3_q4_k_m,segmented_hex_multi_topic,nonce_96_bit_hex,procedure_simple_meal
detector_pair__4061939e5c4b597dd249ec5e__rankcloak,1,0.9390195608139038,textcnn,leave_one_model__mistral_7b_instruct_v0_3_q4_k_m,test,matched_clean_llm,dedup-cluster-29c00935d1f39c68be75bfe8,revision_v1_nonce_96_bit_hex_035,mistral_7b_instruct_v0_3_q4_k_m,segmented_hex_multi_topic,nonce_96_bit_hex,procedure_simple_meal
detector_pair__40a77cf8b4e8b74cf1d0e5c9__ordinary_control,0,0.0005692659760825336,textcnn,leave_one_model__mistral_7b_instruct_v0_3_q4_k_m,test,matched_clean_llm,dedup-cluster-5b9dd88bf5e7e73a8e168e80,revision_v1_ed25519_signature_base64_001,mistral_7b_instruct_v0_3_q4_k_m,direct_subword_calgacus,ed25519_signature_base64,narrative_small_discovery
detector_pair__40a77cf8b4e8b74cf1d0e5c9__rankcloak,1,0.9996169805526733,textcnn,leave_one_model__mistral_7b_instruct_v0_3_q4_k_m,test,matched_clean_llm,dedup-cluster-5b9dd88bf5e7e73a8e168e80,revision_v1_ed25519_signature_base64_001,mistral_7b_instruct_v0_3_q4_k_m,direct_subword_calgacus,ed25519_signature_base64,narrative_small_discovery
detector_pair__415a8a293fbbbb7bef4be93a__ordinary_control,0,0.0004527177079580724,textcnn,leave_one_model__mistral_7b_instruct_v0_3_q4_k_m,test,matched_clean_llm,dedup-cluster-2ecc22c7d6a07954ad922bdc,revision_v1_token_128_bit_hex_014,mistral_7b_instruct_v0_3_q4_k_m,segmented_hex_multi_topic,token_128_bit_hex,professional_schedule_note
detector_pair__415a8a293fbbbb7bef4be93a__rankcloak,1,0.9685232043266296,textcnn,leave_one_model__mistral_7b_instruct_v0_3_q4_k_m,test,matched_clean_llm,dedup-cluster-2ecc22c7d6a07954ad922bdc,revision_v1_token_128_bit_hex_014,mistral_7b_instruct_v0_3_q4_k_m,segmented_hex_multi_topic,token_128_bit_hex,professional_schedule_note
detector_pair__41bf5162e6bee0ad0f1af62a__ordinary_control,0,0.0012766210129484534,textcnn,leave_one_model__mistral_7b_instruct_v0_3_q4_k_m,test,matched_clean_llm,dedup-cluster-0a53df1782d32b924a429e87,revision_v1_uuid_v4_040,mistral_7b_instruct_v0_3_q4_k_m,nonseg_ascii_b16,uuid_v4,narrative_small_discovery
detector_pair__41bf5162e6bee0ad0f1af62a__rankcloak,1,0.900966227054596,textcnn,leave_one_model__mistral_7b_instruct_v0_3_q4_k_m,test,matched_clean_llm,dedup-cluster-0a53df1782d32b924a429e87,revision_v1_uuid_v4_040,mistral_7b_instruct_v0_3_q4_k_m,nonseg_ascii_b16,uuid_v4,narrative_small_discovery
detector_pair__420d16e4aca956e840478b3f__ordinary_control,0,0.013144254684448242,textcnn,leave_one_model__mistral_7b_instruct_v0_3_q4_k_m,test,matched_clean_llm,dedup-cluster-1fbc53be5b90e4fb2159f7ea,revision_v1_ed25519_signature_base64_018,mistral_7b_instruct_v0_3_q4_k_m,nonseg_ascii_b8,ed25519_signature_base64,procedure_simple_meal
detector_pair__420d16e4aca956e840478b3f__rankcloak,1,0.9988911747932434,textcnn,leave_one_model__mistral_7b_instruct_v0_3_q4_k_m,test,matched_clean_llm,dedup-cluster-1fbc53be5b90e4fb2159f7ea,revision_v1_ed25519_signature_base64_018,mistral_7b_instruct_v0_3_q4_k_m,nonseg_ascii_b8,ed25519_signature_base64,procedure_simple_meal
detector_pair__427d58d0df6d964a45fdb47f__ordinary_control,0,0.32146772742271423,textcnn,leave_one_model__mistral_7b_instruct_v0_3_q4_k_m,test,matched_clean_llm,dedup-cluster-b84d789db2f53c6cca61a4a3,revision_v1_nonce_96_bit_hex_004,mistral_7b_instruct_v0_3_q4_k_m,direct_subword_calgacus,nonce_96_bit_hex,forum_purchase_advice
detector_pair__427d58d0df6d964a45fdb47f__rankcloak,1,0.745924174785614,textcnn,leave_one_model__mistral_7b_instruct_v0_3_q4_k_m,test,matched_clean_llm,dedup-cluster-b84d789db2f53c6cca61a4a3,revision_v1_nonce_96_bit_hex_004,mistral_7b_instruct_v0_3_q4_k_m,direct_subword_calgacus,nonce_96_bit_hex,forum_purchase_advice
detector_pair__4411c84137f5fb6638e630a4__ordinary_control,0,0.00015703953977208585,textcnn,leave_one_model__mistral_7b_instruct_v0_3_q4_k_m,test,matched_clean_llm,dedup-cluster-9f10381b863e019fc6de8b74,revision_v1_uuid_v4_011,mistral_7b_instruct_v0_3_q4_k_m,nonseg_ascii_b16,uuid_v4,explain_everyday_system
detector_pair__4411c84137f5fb6638e630a4__rankcloak,1,0.9999638795852661,textcnn,leave_one_model__mistral_7b_instruct_v0_3_q4_k_m,test,matched_clean_llm,dedup-cluster-9f10381b863e019fc6de8b74,revision_v1_uuid_v4_011,mistral_7b_instruct_v0_3_q4_k_m,nonseg_ascii_b16,uuid_v4,explain_everyday_system
detector_pair__44c9dc13dbb25687c398c2c5__ordinary_control,0,0.001927114324644208,textcnn,leave_one_model__mistral_7b_instruct_v0_3_q4_k_m,test,matched_clean_llm,dedup-cluster-cd5aaecb05ff01717fe8ab2b,revision_v1_uuid_v4_025,mistral_7b_instruct_v0_3_q4_k_m,nonseg_ascii_b8,uuid_v4,professional_schedule_note
detector_pair__44c9dc13dbb25687c398c2c5__rankcloak,1,0.99703049659729,textcnn,leave_one_model__mistral_7b_instruct_v0_3_q4_k_m,test,matched_clean_llm,dedup-cluster-cd5aaecb05ff01717fe8ab2b,revision_v1_uuid_v4_025,mistral_7b_instruct_v0_3_q4_k_m,nonseg_ascii_b8,uuid_v4,professional_schedule_note
detector_pair__44eca7733d6a05aa6a751c90__ordinary_control,0,7.016194285824895e-05,textcnn,leave_one_model__mistral_7b_instruct_v0_3_q4_k_m,test,matched_clean_llm,dedup-cluster-530f7a325b417a884b1be200,revision_v1_nonce_96_bit_hex_032,mistral_7b_instruct_v0_3_q4_k_m,segmented_hex_single_topic,nonce_96_bit_hex,casual_weekend_chat
detector_pair__44eca7733d6a05aa6a751c90__rankcloak,1,0.933489978313446,textcnn,leave_one_model__mistral_7b_instruct_v0_3_q4_k_m,test,matched_clean_llm,dedup-cluster-530f7a325b417a884b1be200,revision_v1_nonce_96_bit_hex_032,mistral_7b_instruct_v0_3_q4_k_m,segmented_hex_single_topic,nonce_96_bit_hex,casual_weekend_chat
detector_pair__459e8c1a4d73ec7c1383d9c2__ordinary_control,0,0.3081262707710266,textcnn,leave_one_model__mistral_7b_instruct_v0_3_q4_k_m,test,matched_clean_llm,dedup-cluster-f9ad8da8cff8f544eb822985,revision_v1_uuid_v4_056,mistral_7b_instruct_v0_3_q4_k_m,direct_subword_calgacus,uuid_v4,forum_practical_answer
detector_pair__459e8c1a4d73ec7c1383d9c2__rankcloak,1,0.9953952431678772,textcnn,leave_one_model__mistral_7b_instruct_v0_3_q4_k_m,test,matched_clean_llm,dedup-cluster-f9ad8da8cff8f544eb822985,revision_v1_uuid_v4_056,mistral_7b_instruct_v0_3_q4_k_m,direct_subword_calgacus,uuid_v4,forum_practical_answer
detector_pair__45ca7f6771864b31f85efd44__ordinary_control,0,0.08090648055076599,textcnn,leave_one_model__mistral_7b_instruct_v0_3_q4_k_m,test,matched_clean_llm,dedup-cluster-07152d65b441d025c2de854b,revision_v1_nonce_96_bit_hex_030,mistral_7b_instruct_v0_3_q4_k_m,nonseg_hex_nibble_b16,nonce_96_bit_hex,narrative_small_discovery
detector_pair__45ca7f6771864b31f85efd44__rankcloak,1,0.9999966621398926,textcnn,leave_one_model__mistral_7b_instruct_v0_3_q4_k_m,test,matched_clean_llm,dedup-cluster-07152d65b441d025c2de854b,revision_v1_nonce_96_bit_hex_030,mistral_7b_instruct_v0_3_q4_k_m,nonseg_hex_nibble_b16,nonce_96_bit_hex,narrative_small_discovery
detector_pair__45f7abe52c6f65b96f516e0a__ordinary_control,0,0.007738389540463686,textcnn,leave_one_model__mistral_7b_instruct_v0_3_q4_k_m,test,matched_clean_llm,dedup-cluster-309b32994a041eadb8229c21,revision_v1_chacha20_poly1305_base64_059,mistral_7b_instruct_v0_3_q4_k_m,nonseg_ascii_b16,chacha20_poly1305_base64,professional_process_email
detector_pair__45f7abe52c6f65b96f516e0a__rankcloak,1,0.9998546838760376,textcnn,leave_one_model__mistral_7b_instruct_v0_3_q4_k_m,test,matched_clean_llm,dedup-cluster-309b32994a041eadb8229c21,revision_v1_chacha20_poly1305_base64_059,mistral_7b_instruct_v0_3_q4_k_m,nonseg_ascii_b16,chacha20_poly1305_base64,professional_process_email
detector_pair__4633359167bdff406e906f1b__ordinary_control,0,3.199424554622965e-06,textcnn,leave_one_model__mistral_7b_instruct_v0_3_q4_k_m,test,matched_clean_llm,dedup-cluster-83b5ef276b5071a7412eb272,revision_v1_token_128_bit_hex_001,mistral_7b_instruct_v0_3_q4_k_m,nonseg_ascii_b16,token_128_bit_hex,casual_neighborhood_chat
detector_pair__4633359167bdff406e906f1b__rankcloak,1,0.9917871356010437,textcnn,leave_one_model__mistral_7b_instruct_v0_3_q4_k_m,test,matched_clean_llm,dedup-cluster-83b5ef276b5071a7412eb272,revision_v1_token_128_bit_hex_001,mistral_7b_instruct_v0_3_q4_k_m,nonseg_ascii_b16,token_128_bit_hex,casual_neighborhood_chat
detector_pair__469c0563ccdbdc62b5a15d87__ordinary_control,0,0.007696010638028383,textcnn,leave_one_model__mistral_7b_instruct_v0_3_q4_k_m,test,matched_clean_llm,dedup-cluster-047b2cb5417d30901a590a18,revision_v1_chacha20_poly1305_base64_013,mistral_7b_instruct_v0_3_q4_k_m,direct_subword_calgacus,chacha20_poly1305_base64,procedure_home_task
detector_pair__469c0563ccdbdc62b5a15d87__rankcloak,1,0.999455988407135,textcnn,leave_one_model__mistral_7b_instruct_v0_3_q4_k_m,test,matched_clean_llm,dedup-cluster-047b2cb5417d30901a590a18,revision_v1_chacha20_poly1305_base64_013,mistral_7b_instruct_v0_3_q4_k_m,direct_subword_calgacus,chacha20_poly1305_base64,procedure_home_task
detector_pair__46c4c8f0da680c185741a7a1__ordinary_control,0,1.4706282854604069e-05,textcnn,leave_one_model__mistral_7b_instruct_v0_3_q4_k_m,test,matched_clean_llm,dedup-cluster-64d1f52c4a9a8a169b1930ca,revision_v1_uuid_v4_018,mistral_7b_instruct_v0_3_q4_k_m,nonseg_ascii_b16,uuid_v4,casual_weekend_chat
detector_pair__46c4c8f0da680c185741a7a1__rankcloak,1,0.9999985694885254,textcnn,leave_one_model__mistral_7b_instruct_v0_3_q4_k_m,test,matched_clean_llm,dedup-cluster-64d1f52c4a9a8a169b1930ca,revision_v1_uuid_v4_018,mistral_7b_instruct_v0_3_q4_k_m,nonseg_ascii_b16,uuid_v4,casual_weekend_chat
detector_pair__470dd2398272488fa81b05a7__ordinary_control,0,0.0008697071461938322,textcnn,leave_one_model__mistral_7b_instruct_v0_3_q4_k_m,test,matched_clean_llm,dedup-cluster-6fa6c069ce75963f9386e415,revision_v1_aes256_gcm_base64_016,mistral_7b_instruct_v0_3_q4_k_m,nonseg_ascii_b16,aes256_gcm_base64,explain_weather_pattern
detector_pair__470dd2398272488fa81b05a7__rankcloak,1,0.9999947547912598,textcnn,leave_one_model__mistral_7b_instruct_v0_3_q4_k_m,test,matched_clean_llm,dedup-cluster-6fa6c069ce75963f9386e415,revision_v1_aes256_gcm_base64_016,mistral_7b_instruct_v0_3_q4_k_m,nonseg_ascii_b16,aes256_gcm_base64,explain_weather_pattern
detector_pair__475eabcd58f2462cc74e7e1e__ordinary_control,0,0.00025720574194565415,textcnn,leave_one_model__mistral_7b_instruct_v0_3_q4_k_m,test,matched_clean_llm,dedup-cluster-c3dca9a9298a213ff99b5c53,revision_v1_sha256_hex_017,mistral_7b_instruct_v0_3_q4_k_m,nonseg_ascii_b16,sha256_hex,professional_schedule_note
detector_pair__475eabcd58f2462cc74e7e1e__rankcloak,1,0.9988552331924438,textcnn,leave_one_model__mistral_7b_instruct_v0_3_q4_k_m,test,matched_clean_llm,dedup-cluster-c3dca9a9298a213ff99b5c53,revision_v1_sha256_hex_017,mistral_7b_instruct_v0_3_q4_k_m,nonseg_ascii_b16,sha256_hex,professional_schedule_note
detector_pair__480ab545112b8ca0d18b3415__ordinary_control,0,0.14902794361114502,textcnn,leave_one_model__mistral_7b_instruct_v0_3_q4_k_m,test,matched_clean_llm,dedup-cluster-b84d789db2f53c6cca61a4a3,revision_v1_nonce_96_bit_hex_004,mistral_7b_instruct_v0_3_q4_k_m,segmented_hex_single_topic,nonce_96_bit_hex,forum_purchase_advice
detector_pair__480ab545112b8ca0d18b3415__rankcloak,1,0.9926884174346924,textcnn,leave_one_model__mistral_7b_instruct_v0_3_q4_k_m,test,matched_clean_llm,dedup-cluster-b84d789db2f53c6cca61a4a3,revision_v1_nonce_96_bit_hex_004,mistral_7b_instruct_v0_3_q4_k_m,segmented_hex_single_topic,nonce_96_bit_hex,forum_purchase_advice
detector_pair__4854630876017a2a593b4406__ordinary_control,0,0.010663235560059547,textcnn,leave_one_model__mistral_7b_instruct_v0_3_q4_k_m,test,matched_clean_llm,dedup-cluster-f6fc3479f88b17e2282c2e2e,revision_v1_token_128_bit_hex_043,mistral_7b_instruct_v0_3_q4_k_m,nonseg_ascii_b8,token_128_bit_hex,casual_weekend_chat
detector_pair__4854630876017a2a593b4406__rankcloak,1,0.4045671224594116,textcnn,leave_one_model__mistral_7b_instruct_v0_3_q4_k_m,test,matched_clean_llm,dedup-cluster-f6fc3479f88b17e2282c2e2e,revision_v1_token_128_bit_hex_043,mistral_7b_instruct_v0_3_q4_k_m,nonseg_ascii_b8,token_128_bit_hex,casual_weekend_chat
detector_pair__4963db64dfd57b1c4c9a619f__ordinary_control,0,0.0004934816970489919,textcnn,leave_one_model__mistral_7b_instruct_v0_3_q4_k_m,test,matched_clean_llm,dedup-cluster-bedfef4695d9764d2eb3ab0f,revision_v1_uuid_v4_029,mistral_7b_instruct_v0_3_q4_k_m,nonseg_ascii_b8,uuid_v4,explain_everyday_system
detector_pair__4963db64dfd57b1c4c9a619f__rankcloak,1,0.9996743202209473,textcnn,leave_one_model__mistral_7b_instruct_v0_3_q4_k_m,test,matched_clean_llm,dedup-cluster-bedfef4695d9764d2eb3ab0f,revision_v1_uuid_v4_029,mistral_7b_instruct_v0_3_q4_k_m,nonseg_ascii_b8,uuid_v4,explain_everyday_system
detector_pair__497afad84a8677ea3014c4bb__ordinary_control,0,4.820761887458502e-07,textcnn,leave_one_model__mistral_7b_instruct_v0_3_q4_k_m,test,matched_clean_llm,dedup-cluster-1ae66c809db7c888edc24849,revision_v1_sha256_hex_020,mistral_7b_instruct_v0_3_q4_k_m,nonseg_hex_nibble_b16,sha256_hex,narrative_learning_moment
detector_pair__497afad84a8677ea3014c4bb__rankcloak,1,0.9960899949073792,textcnn,leave_one_model__mistral_7b_instruct_v0_3_q4_k_m,test,matched_clean_llm,dedup-cluster-1ae66c809db7c888edc24849,revision_v1_sha256_hex_020,mistral_7b_instruct_v0_3_q4_k_m,nonseg_hex_nibble_b16,sha256_hex,narrative_learning_moment
detector_pair__4a0ab3a8f617650f8c062b04__ordinary_control,0,8.721543417777866e-05,textcnn,leave_one_model__mistral_7b_instruct_v0_3_q4_k_m,test,matched_clean_llm,dedup-cluster-91605a72859a660f036d538b,revision_v1_sha256_hex_009,mistral_7b_instruct_v0_3_q4_k_m,segmented_hex_multi_topic,sha256_hex,explain_weather_pattern
detector_pair__4a0ab3a8f617650f8c062b04__rankcloak,1,0.9999978542327881,textcnn,leave_one_model__mistral_7b_instruct_v0_3_q4_k_m,test,matched_clean_llm,dedup-cluster-91605a72859a660f036d538b,revision_v1_sha256_hex_009,mistral_7b_instruct_v0_3_q4_k_m,segmented_hex_multi_topic,sha256_hex,explain_weather_pattern
detector_pair__4a0dc151c735e81bc3a30cf9__ordinary_control,0,0.003182516898959875,textcnn,leave_one_model__mistral_7b_instruct_v0_3_q4_k_m,test,matched_clean_llm,dedup-cluster-2ecc22c7d6a07954ad922bdc,revision_v1_token_128_bit_hex_014,mistral_7b_instruct_v0_3_q4_k_m,segmented_hex_single_topic,token_128_bit_hex,professional_schedule_note
detector_pair__4a0dc151c735e81bc3a30cf9__rankcloak,1,0.9616758227348328,textcnn,leave_one_model__mistral_7b_instruct_v0_3_q4_k_m,test,matched_clean_llm,dedup-cluster-2ecc22c7d6a07954ad922bdc,revision_v1_token_128_bit_hex_014,mistral_7b_instruct_v0_3_q4_k_m,segmented_hex_single_topic,token_128_bit_hex,professional_schedule_note
detector_pair__4aed4740dd01f61f74df4bdb__ordinary_control,0,0.00027989858062937856,textcnn,leave_one_model__mistral_7b_instruct_v0_3_q4_k_m,test,matched_clean_llm,dedup-cluster-65c353c55a1ef0ebfabe11b3,revision_v1_uuid_v4_032,mistral_7b_instruct_v0_3_q4_k_m,direct_subword_calgacus,uuid_v4,forum_learning_answer
detector_pair__4aed4740dd01f61f74df4bdb__rankcloak,1,0.3956202268600464,textcnn,leave_one_model__mistral_7b_instruct_v0_3_q4_k_m,test,matched_clean_llm,dedup-cluster-65c353c55a1ef0ebfabe11b3,revision_v1_uuid_v4_032,mistral_7b_instruct_v0_3_q4_k_m,direct_subword_calgacus,uuid_v4,forum_learning_answer
detector_pair__4b342f8aee6825d0079b1212__ordinary_control,0,0.026603881269693375,textcnn,leave_one_model__mistral_7b_instruct_v0_3_q4_k_m,test,matched_clean_llm,dedup-cluster-1bfe0b32bac3fbfe62622c65,revision_v1_ed25519_signature_base64_056,mistral_7b_instruct_v0_3_q4_k_m,nonseg_ascii_b8,ed25519_signature_base64,explain_weather_pattern
detector_pair__4b342f8aee6825d0079b1212__rankcloak,1,0.9999908208847046,textcnn,leave_one_model__mistral_7b_instruct_v0_3_q4_k_m,test,matched_clean_llm,dedup-cluster-1bfe0b32bac3fbfe62622c65,revision_v1_ed25519_signature_base64_056,mistral_7b_instruct_v0_3_q4_k_m,nonseg_ascii_b8,ed25519_signature_base64,explain_weather_pattern
detector_pair__4c7f1f596b6ff3a08a470697__ordinary_control,0,0.0012977077858522534,textcnn,leave_one_model__mistral_7b_instruct_v0_3_q4_k_m,test,matched_clean_llm,dedup-cluster-07152d65b441d025c2de854b,revision_v1_nonce_96_bit_hex_030,mistral_7b_instruct_v0_3_q4_k_m,nonseg_ascii_b16,nonce_96_bit_hex,narrative_small_discovery
detector_pair__4c7f1f596b6ff3a08a470697__rankcloak,1,0.9992110729217529,textcnn,leave_one_model__mistral_7b_instruct_v0_3_q4_k_m,test,matched_clean_llm,dedup-cluster-07152d65b441d025c2de854b,revision_v1_nonce_96_bit_hex_030,mistral_7b_instruct_v0_3_q4_k_m,nonseg_ascii_b16,nonce_96_bit_hex,narrative_small_discovery
detector_pair__4c95f7c40a66f8c492dfcedf__ordinary_control,0,0.0030078242998570204,textcnn,leave_one_model__mistral_7b_instruct_v0_3_q4_k_m,test,matched_clean_llm,dedup-cluster-a70c2199fe9757fc3a965e41,revision_v1_sha256_hex_041,mistral_7b_instruct_v0_3_q4_k_m,nonseg_hex_nibble_b16,sha256_hex,professional_process_email
detector_pair__4c95f7c40a66f8c492dfcedf__rankcloak,1,0.9998799562454224,textcnn,leave_one_model__mistral_7b_instruct_v0_3_q4_k_m,test,matched_clean_llm,dedup-cluster-a70c2199fe9757fc3a965e41,revision_v1_sha256_hex_041,mistral_7b_instruct_v0_3_q4_k_m,nonseg_hex_nibble_b16,sha256_hex,professional_process_email
detector_pair__4c9e46a7a4ef70d5902fbdb8__ordinary_control,0,1.950206387846265e-05,textcnn,leave_one_model__mistral_7b_instruct_v0_3_q4_k_m,test,matched_clean_llm,dedup-cluster-a0ec330801b891c994a313b8,revision_v1_hmac_sha256_hex_057,mistral_7b_instruct_v0_3_q4_k_m,segmented_hex_multi_topic,hmac_sha256_hex,casual_weekend_chat
detector_pair__4c9e46a7a4ef70d5902fbdb8__rankcloak,1,0.9999946355819702,textcnn,leave_one_model__mistral_7b_instruct_v0_3_q4_k_m,test,matched_clean_llm,dedup-cluster-a0ec330801b891c994a313b8,revision_v1_hmac_sha256_hex_057,mistral_7b_instruct_v0_3_q4_k_m,segmented_hex_multi_topic,hmac_sha256_hex,casual_weekend_chat
detector_pair__4cbbe9d65e31869a23d15376__ordinary_control,0,1.3009559552301653e-05,textcnn,leave_one_model__mistral_7b_instruct_v0_3_q4_k_m,test,matched_clean_llm,dedup-cluster-83b5ef276b5071a7412eb272,revision_v1_token_128_bit_hex_001,mistral_7b_instruct_v0_3_q4_k_m,nonseg_hex_nibble_b16,token_128_bit_hex,casual_neighborhood_chat
detector_pair__4cbbe9d65e31869a23d15376__rankcloak,1,0.999833345413208,textcnn,leave_one_model__mistral_7b_instruct_v0_3_q4_k_m,test,matched_clean_llm,dedup-cluster-83b5ef276b5071a7412eb272,revision_v1_token_128_bit_hex_001,mistral_7b_instruct_v0_3_q4_k_m,nonseg_hex_nibble_b16,token_128_bit_hex,casual_neighborhood_chat
detector_pair__4d859e499f4eb7edf4883598__ordinary_control,0,0.013063307851552963,textcnn,leave_one_model__mistral_7b_instruct_v0_3_q4_k_m,test,matched_clean_llm,dedup-cluster-47ad0bb4bd74bdd2b73605ec,revision_v1_ed25519_signature_base64_002,mistral_7b_instruct_v0_3_q4_k_m,nonseg_ascii_b16,ed25519_signature_base64,explain_weather_pattern
detector_pair__4d859e499f4eb7edf4883598__rankcloak,1,0.9999923706054688,textcnn,leave_one_model__mistral_7b_instruct_v0_3_q4_k_m,test,matched_clean_llm,dedup-cluster-47ad0bb4bd74bdd2b73605ec,revision_v1_ed25519_signature_base64_002,mistral_7b_instruct_v0_3_q4_k_m,nonseg_ascii_b16,ed25519_signature_base64,explain_weather_pattern
detector_pair__4db5537ec81713e8217f0b74__ordinary_control,0,0.0016199867241084576,textcnn,leave_one_model__mistral_7b_instruct_v0_3_q4_k_m,test,matched_clean_llm,dedup-cluster-f89833150d03922e848a8e4d,revision_v1_ed25519_signature_base64_026,mistral_7b_instruct_v0_3_q4_k_m,nonseg_ascii_b8,ed25519_signature_base64,explain_everyday_system
detector_pair__4db5537ec81713e8217f0b74__rankcloak,1,0.999950647354126,textcnn,leave_one_model__mistral_7b_instruct_v0_3_q4_k_m,test,matched_clean_llm,dedup-cluster-f89833150d03922e848a8e4d,revision_v1_ed25519_signature_base64_026,mistral_7b_instruct_v0_3_q4_k_m,nonseg_ascii_b8,ed25519_signature_base64,explain_everyday_system
detector_pair__4e3b9d527a7beafaee921982__ordinary_control,0,1.5182695278781466e-06,textcnn,leave_one_model__mistral_7b_instruct_v0_3_q4_k_m,test,matched_clean_llm,dedup-cluster-0b53467e512d7aed40a8b7c5,revision_v1_hmac_sha256_hex_035,mistral_7b_instruct_v0_3_q4_k_m,nonseg_ascii_b8,hmac_sha256_hex,forum_learning_answer
detector_pair__4e3b9d527a7beafaee921982__rankcloak,1,0.9999988079071045,textcnn,leave_one_model__mistral_7b_instruct_v0_3_q4_k_m,test,matched_clean_llm,dedup-cluster-0b53467e512d7aed40a8b7c5,revision_v1_hmac_sha256_hex_035,mistral_7b_instruct_v0_3_q4_k_m,nonseg_ascii_b8,hmac_sha256_hex,forum_learning_answer
detector_pair__4e4f132ac375ae3c6f3fc296__ordinary_control,0,0.016817700117826462,textcnn,leave_one_model__mistral_7b_instruct_v0_3_q4_k_m,test,matched_clean_llm,dedup-cluster-1a88735e2967b1b509e24d6b,revision_v1_token_128_bit_hex_015,mistral_7b_instruct_v0_3_q4_k_m,segmented_hex_single_topic,token_128_bit_hex,forum_purchase_advice
detector_pair__4e4f132ac375ae3c6f3fc296__rankcloak,1,0.9971117973327637,textcnn,leave_one_model__mistral_7b_instruct_v0_3_q4_k_m,test,matched_clean_llm,dedup-cluster-1a88735e2967b1b509e24d6b,revision_v1_token_128_bit_hex_015,mistral_7b_instruct_v0_3_q4_k_m,segmented_hex_single_topic,token_128_bit_hex,forum_purchase_advice
detector_pair__4ea7370488124fff1203768e__ordinary_control,0,0.0015637216856703162,textcnn,leave_one_model__mistral_7b_instruct_v0_3_q4_k_m,test,matched_clean_llm,dedup-cluster-054651d73ab2fcb750307ee7,revision_v1_token_128_bit_hex_023,mistral_7b_instruct_v0_3_q4_k_m,segmented_hex_multi_topic,token_128_bit_hex,narrative_learning_moment
detector_pair__4ea7370488124fff1203768e__rankcloak,1,0.9999616146087646,textcnn,leave_one_model__mistral_7b_instruct_v0_3_q4_k_m,test,matched_clean_llm,dedup-cluster-054651d73ab2fcb750307ee7,revision_v1_token_128_bit_hex_023,mistral_7b_instruct_v0_3_q4_k_m,segmented_hex_multi_topic,token_128_bit_hex,narrative_learning_moment
detector_pair__4ecdefb91e38c7f5096a63ed__ordinary_control,0,0.000512536964379251,textcnn,leave_one_model__mistral_7b_instruct_v0_3_q4_k_m,test,matched_clean_llm,dedup-cluster-9dcfc126b0a6fc49629304d7,revision_v1_ed25519_signature_base64_054,mistral_7b_instruct_v0_3_q4_k_m,direct_subword_calgacus,ed25519_signature_base64,procedure_simple_meal
detector_pair__4ecdefb91e38c7f5096a63ed__rankcloak,1,0.9981175661087036,textcnn,leave_one_model__mistral_7b_instruct_v0_3_q4_k_m,test,matched_clean_llm,dedup-cluster-9dcfc126b0a6fc49629304d7,revision_v1_ed25519_signature_base64_054,mistral_7b_instruct_v0_3_q4_k_m,direct_subword_calgacus,ed25519_signature_base64,procedure_simple_meal
detector_pair__4f1681addf18e6756c20a0c9__ordinary_control,0,9.843487350735813e-05,textcnn,leave_one_model__mistral_7b_instruct_v0_3_q4_k_m,test,matched_clean_llm,dedup-cluster-a0ec330801b891c994a313b8,revision_v1_hmac_sha256_hex_057,mistral_7b_instruct_v0_3_q4_k_m,nonseg_hex_nibble_b16,hmac_sha256_hex,casual_weekend_chat
detector_pair__4f1681addf18e6756c20a0c9__rankcloak,1,0.9999974966049194,textcnn,leave_one_model__mistral_7b_instruct_v0_3_q4_k_m,test,matched_clean_llm,dedup-cluster-a0ec330801b891c994a313b8,revision_v1_hmac_sha256_hex_057,mistral_7b_instruct_v0_3_q4_k_m,nonseg_hex_nibble_b16,hmac_sha256_hex,casual_weekend_chat
detector_pair__4fa83e15a0a35e36c86d4a9c__ordinary_control,0,0.03037542663514614,textcnn,leave_one_model__mistral_7b_instruct_v0_3_q4_k_m,test,matched_clean_llm,dedup-cluster-1a88735e2967b1b509e24d6b,revision_v1_token_128_bit_hex_015,mistral_7b_instruct_v0_3_q4_k_m,segmented_hex_single_topic,token_128_bit_hex,forum_purchase_advice
detector_pair__4fa83e15a0a35e36c86d4a9c__rankcloak,1,0.9999386072158813,textcnn,leave_one_model__mistral_7b_instruct_v0_3_q4_k_m,test,matched_clean_llm,dedup-cluster-1a88735e2967b1b509e24d6b,revision_v1_token_128_bit_hex_015,mistral_7b_instruct_v0_3_q4_k_m,segmented_hex_single_topic,token_128_bit_hex,forum_purchase_advice
detector_pair__501526af3c8f359ee0965a10__ordinary_control,0,0.00015131180407479405,textcnn,leave_one_model__mistral_7b_instruct_v0_3_q4_k_m,test,matched_clean_llm,dedup-cluster-530f7a325b417a884b1be200,revision_v1_nonce_96_bit_hex_032,mistral_7b_instruct_v0_3_q4_k_m,nonseg_hex_nibble_b16,nonce_96_bit_hex,casual_weekend_chat
detector_pair__501526af3c8f359ee0965a10__rankcloak,1,0.9999984502792358,textcnn,leave_one_model__mistral_7b_instruct_v0_3_q4_k_m,test,matched_clean_llm,dedup-cluster-530f7a325b417a884b1be200,revision_v1_nonce_96_bit_hex_032,mistral_7b_instruct_v0_3_q4_k_m,nonseg_hex_nibble_b16,nonce_96_bit_hex,casual_weekend_chat
detector_pair__502ac6f0d06cbce4a1151b56__ordinary_control,0,0.0006485859048552811,textcnn,leave_one_model__mistral_7b_instruct_v0_3_q4_k_m,test,matched_clean_llm,dedup-cluster-089a5c41a6187c40edeb1a0c,revision_v1_nonce_96_bit_hex_007,mistral_7b_instruct_v0_3_q4_k_m,segmented_hex_single_topic,nonce_96_bit_hex,explain_biological_process
detector_pair__502ac6f0d06cbce4a1151b56__rankcloak,1,0.08828075230121613,textcnn,leave_one_model__mistral_7b_instruct_v0_3_q4_k_m,test,matched_clean_llm,dedup-cluster-089a5c41a6187c40edeb1a0c,revision_v1_nonce_96_bit_hex_007,mistral_7b_instruct_v0_3_q4_k_m,segmented_hex_single_topic,nonce_96_bit_hex,explain_biological_process
detector_pair__50cdb767364a5ab2f4bce18e__ordinary_control,0,0.0012297906214371324,textcnn,leave_one_model__mistral_7b_instruct_v0_3_q4_k_m,test,matched_clean_llm,dedup-cluster-f6fc3479f88b17e2282c2e2e,revision_v1_token_128_bit_hex_043,mistral_7b_instruct_v0_3_q4_k_m,segmented_hex_multi_topic,token_128_bit_hex,casual_weekend_chat
detector_pair__50cdb767364a5ab2f4bce18e__rankcloak,1,0.9880422353744507,textcnn,leave_one_model__mistral_7b_instruct_v0_3_q4_k_m,test,matched_clean_llm,dedup-cluster-f6fc3479f88b17e2282c2e2e,revision_v1_token_128_bit_hex_043,mistral_7b_instruct_v0_3_q4_k_m,segmented_hex_multi_topic,token_128_bit_hex,casual_weekend_chat
detector_pair__51419761e6ef0bc8fd9f9332__ordinary_control,0,7.316545147517672e-09,textcnn,leave_one_model__mistral_7b_instruct_v0_3_q4_k_m,test,matched_clean_llm,dedup-cluster-2ecc22c7d6a07954ad922bdc,revision_v1_token_128_bit_hex_014,mistral_7b_instruct_v0_3_q4_k_m,nonseg_ascii_b8,token_128_bit_hex,professional_schedule_note
detector_pair__51419761e6ef0bc8fd9f9332__rankcloak,1,0.9209239482879639,textcnn,leave_one_model__mistral_7b_instruct_v0_3_q4_k_m,test,matched_clean_llm,dedup-cluster-2ecc22c7d6a07954ad922bdc,revision_v1_token_128_bit_hex_014,mistral_7b_instruct_v0_3_q4_k_m,nonseg_ascii_b8,token_128_bit_hex,professional_schedule_note
detector_pair__519331a3b2423921967fbba1__ordinary_control,0,0.005332061089575291,textcnn,leave_one_model__mistral_7b_instruct_v0_3_q4_k_m,test,matched_clean_llm,dedup-cluster-054651d73ab2fcb750307ee7,revision_v1_token_128_bit_hex_023,mistral_7b_instruct_v0_3_q4_k_m,segmented_hex_single_topic,token_128_bit_hex,narrative_learning_moment
detector_pair__519331a3b2423921967fbba1__rankcloak,1,0.9985388517379761,textcnn,leave_one_model__mistral_7b_instruct_v0_3_q4_k_m,test,matched_clean_llm,dedup-cluster-054651d73ab2fcb750307ee7,revision_v1_token_128_bit_hex_023,mistral_7b_instruct_v0_3_q4_k_m,segmented_hex_single_topic,token_128_bit_hex,narrative_learning_moment
detector_pair__51bcea2e4d412aba4ad135d9__ordinary_control,0,0.00036467224708758295,textcnn,leave_one_model__mistral_7b_instruct_v0_3_q4_k_m,test,matched_clean_llm,dedup-cluster-7eecb5c2a0c12ed30123e2b3,revision_v1_uuid_v4_043,mistral_7b_instruct_v0_3_q4_k_m,nonseg_ascii_b8,uuid_v4,professional_schedule_note
detector_pair__51bcea2e4d412aba4ad135d9__rankcloak,1,0.9899008870124817,textcnn,leave_one_model__mistral_7b_instruct_v0_3_q4_k_m,test,matched_clean_llm,dedup-cluster-7eecb5c2a0c12ed30123e2b3,revision_v1_uuid_v4_043,mistral_7b_instruct_v0_3_q4_k_m,nonseg_ascii_b8,uuid_v4,professional_schedule_note
detector_pair__51c3669de71393390e0deab5__ordinary_control,0,0.0019333187956362963,textcnn,leave_one_model__mistral_7b_instruct_v0_3_q4_k_m,test,matched_clean_llm,dedup-cluster-1ad3df916a9f0ee2bcfba8d6,revision_v1_uuid_v4_027,mistral_7b_instruct_v0_3_q4_k_m,direct_subword_calgacus,uuid_v4,procedure_home_task
detector_pair__51c3669de71393390e0deab5__rankcloak,1,0.9633817672729492,textcnn,leave_one_model__mistral_7b_instruct_v0_3_q4_k_m,test,matched_clean_llm,dedup-cluster-1ad3df916a9f0ee2bcfba8d6,revision_v1_uuid_v4_027,mistral_7b_instruct_v0_3_q4_k_m,direct_subword_calgacus,uuid_v4,procedure_home_task
detector_pair__523511ab965fe5cbadcb78e1__ordinary_control,0,0.0036124626640230417,textcnn,leave_one_model__mistral_7b_instruct_v0_3_q4_k_m,test,matched_clean_llm,dedup-cluster-87be1653d2065bc655a96c84,revision_v1_token_128_bit_hex_020,mistral_7b_instruct_v0_3_q4_k_m,nonseg_ascii_b16,token_128_bit_hex,professional_process_email
detector_pair__523511ab965fe5cbadcb78e1__rankcloak,1,0.929835855960846,textcnn,leave_one_model__mistral_7b_instruct_v0_3_q4_k_m,test,matched_clean_llm,dedup-cluster-87be1653d2065bc655a96c84,revision_v1_token_128_bit_hex_020,mistral_7b_instruct_v0_3_q4_k_m,nonseg_ascii_b16,token_128_bit_hex,professional_process_email
detector_pair__525335b77e80596eec688017__ordinary_control,0,0.00010233937064185739,textcnn,leave_one_model__mistral_7b_instruct_v0_3_q4_k_m,test,matched_clean_llm,dedup-cluster-00190ab339967308d13aeb9a,revision_v1_token_128_bit_hex_037,mistral_7b_instruct_v0_3_q4_k_m,segmented_hex_multi_topic,token_128_bit_hex,casual_neighborhood_chat
detector_pair__525335b77e80596eec688017__rankcloak,1,0.9999992847442627,textcnn,leave_one_model__mistral_7b_instruct_v0_3_q4_k_m,test,matched_clean_llm,dedup-cluster-00190ab339967308d13aeb9a,revision_v1_token_128_bit_hex_037,mistral_7b_instruct_v0_3_q4_k_m,segmented_hex_multi_topic,token_128_bit_hex,casual_neighborhood_chat
detector_pair__532f9b6fab3dfe71feabedff__ordinary_control,0,0.0011689031962305307,textcnn,leave_one_model__mistral_7b_instruct_v0_3_q4_k_m,test,matched_clean_llm,dedup-cluster-86d70a013a18a7f0dc80b7f5,revision_v1_hmac_sha256_hex_001,mistral_7b_instruct_v0_3_q4_k_m,nonseg_ascii_b16,hmac_sha256_hex,narrative_small_discovery
detector_pair__532f9b6fab3dfe71feabedff__rankcloak,1,0.9999551773071289,textcnn,leave_one_model__mistral_7b_instruct_v0_3_q4_k_m,test,matched_clean_llm,dedup-cluster-86d70a013a18a7f0dc80b7f5,revision_v1_hmac_sha256_hex_001,mistral_7b_instruct_v0_3_q4_k_m,nonseg_ascii_b16,hmac_sha256_hex,narrative_small_discovery
detector_pair__534d036af44d9f80a0b2fb52__ordinary_control,0,6.593301804969087e-05,textcnn,leave_one_model__mistral_7b_instruct_v0_3_q4_k_m,test,matched_clean_llm,dedup-cluster-c791365cbb6a3ed856420c65,revision_v1_hmac_sha256_hex_023,mistral_7b_instruct_v0_3_q4_k_m,nonseg_ascii_b8,hmac_sha256_hex,forum_practical_answer
detector_pair__534d036af44d9f80a0b2fb52__rankcloak,1,0.9911482334136963,textcnn,leave_one_model__mistral_7b_instruct_v0_3_q4_k_m,test,matched_clean_llm,dedup-cluster-c791365cbb6a3ed856420c65,revision_v1_hmac_sha256_hex_023,mistral_7b_instruct_v0_3_q4_k_m,nonseg_ascii_b8,hmac_sha256_hex,forum_practical_answer
detector_pair__5364dfb5d82162716102bc32__ordinary_control,0,0.004449403844773769,textcnn,leave_one_model__mistral_7b_instruct_v0_3_q4_k_m,test,matched_clean_llm,dedup-cluster-be754e26863b30c33e0e75f4,revision_v1_hmac_sha256_hex_000,mistral_7b_instruct_v0_3_q4_k_m,nonseg_ascii_b16,hmac_sha256_hex,procedure_simple_meal
detector_pair__5364dfb5d82162716102bc32__rankcloak,1,0.9982197880744934,textcnn,leave_one_model__mistral_7b_instruct_v0_3_q4_k_m,test,matched_clean_llm,dedup-cluster-be754e26863b30c33e0e75f4,revision_v1_hmac_sha256_hex_000,mistral_7b_instruct_v0_3_q4_k_m,nonseg_ascii_b16,hmac_sha256_hex,procedure_simple_meal
detector_pair__539523bcdfcc829097da6b4e__ordinary_control,0,0.007784755434840918,textcnn,leave_one_model__mistral_7b_instruct_v0_3_q4_k_m,test,matched_clean_llm,dedup-cluster-92597d293b9374d8f0316f4d,revision_v1_hmac_sha256_hex_031,mistral_7b_instruct_v0_3_q4_k_m,segmented_hex_single_topic,hmac_sha256_hex,narrative_learning_moment
detector_pair__539523bcdfcc829097da6b4e__rankcloak,1,0.8399285078048706,textcnn,leave_one_model__mistral_7b_instruct_v0_3_q4_k_m,test,matched_clean_llm,dedup-cluster-92597d293b9374d8f0316f4d,revision_v1_hmac_sha256_hex_031,mistral_7b_instruct_v0_3_q4_k_m,segmented_hex_single_topic,hmac_sha256_hex,narrative_learning_moment
detector_pair__53a5870c094f015e9a463ce5__ordinary_control,0,7.566677959403023e-05,textcnn,leave_one_model__mistral_7b_instruct_v0_3_q4_k_m,test,matched_clean_llm,dedup-cluster-91605a72859a660f036d538b,revision_v1_sha256_hex_009,mistral_7b_instruct_v0_3_q4_k_m,nonseg_hex_nibble_b16,sha256_hex,explain_weather_pattern
detector_pair__53a5870c094f015e9a463ce5__rankcloak,1,0.8406848907470703,textcnn,leave_one_model__mistral_7b_instruct_v0_3_q4_k_m,test,matched_clean_llm,dedup-cluster-91605a72859a660f036d538b,revision_v1_sha256_hex_009,mistral_7b_instruct_v0_3_q4_k_m,nonseg_hex_nibble_b16,sha256_hex,explain_weather_pattern
detector_pair__545a01809863b69f7c373472__ordinary_control,0,0.07188968360424042,textcnn,leave_one_model__mistral_7b_instruct_v0_3_q4_k_m,test,matched_clean_llm,dedup-cluster-4fce714af80d0b4f14ad4961,revision_v1_sha256_hex_008,mistral_7b_instruct_v0_3_q4_k_m,nonseg_ascii_b8,sha256_hex,narrative_small_discovery
detector_pair__545a01809863b69f7c373472__rankcloak,1,0.9999697208404541,textcnn,leave_one_model__mistral_7b_instruct_v0_3_q4_k_m,test,matched_clean_llm,dedup-cluster-4fce714af80d0b4f14ad4961,revision_v1_sha256_hex_008,mistral_7b_instruct_v0_3_q4_k_m,nonseg_ascii_b8,sha256_hex,narrative_small_discovery
detector_pair__554f91dba84fab1f399f3044__ordinary_control,0,0.2863622307777405,textcnn,leave_one_model__mistral_7b_instruct_v0_3_q4_k_m,test,matched_clean_llm,dedup-cluster-b84d789db2f53c6cca61a4a3,revision_v1_nonce_96_bit_hex_004,mistral_7b_instruct_v0_3_q4_k_m,segmented_hex_multi_topic,nonce_96_bit_hex,forum_purchase_advice
detector_pair__554f91dba84fab1f399f3044__rankcloak,1,0.9999263286590576,textcnn,leave_one_model__mistral_7b_instruct_v0_3_q4_k_m,test,matched_clean_llm,dedup-cluster-b84d789db2f53c6cca61a4a3,revision_v1_nonce_96_bit_hex_004,mistral_7b_instruct_v0_3_q4_k_m,segmented_hex_multi_topic,nonce_96_bit_hex,forum_purchase_advice
detector_pair__557480d58a95307c8f523c53__ordinary_control,0,3.700448723975569e-05,textcnn,leave_one_model__mistral_7b_instruct_v0_3_q4_k_m,test,matched_clean_llm,dedup-cluster-f89833150d03922e848a8e4d,revision_v1_ed25519_signature_base64_026,mistral_7b_instruct_v0_3_q4_k_m,nonseg_ascii_b16,ed25519_signature_base64,explain_everyday_system
detector_pair__557480d58a95307c8f523c53__rankcloak,1,0.9999661445617676,textcnn,leave_one_model__mistral_7b_instruct_v0_3_q4_k_m,test,matched_clean_llm,dedup-cluster-f89833150d03922e848a8e4d,revision_v1_ed25519_signature_base64_026,mistral_7b_instruct_v0_3_q4_k_m,nonseg_ascii_b16,ed25519_signature_base64,explain_everyday_system
detector_pair__57002f17b1d017bff5345a07__ordinary_control,0,0.29819366335868835,textcnn,leave_one_model__mistral_7b_instruct_v0_3_q4_k_m,test,matched_clean_llm,dedup-cluster-1e85096517059ca2585e10f1,revision_v1_nonce_96_bit_hex_044,mistral_7b_instruct_v0_3_q4_k_m,nonseg_hex_nibble_b16,nonce_96_bit_hex,casual_neighborhood_chat
detector_pair__57002f17b1d017bff5345a07__rankcloak,1,0.9999344348907471,textcnn,leave_one_model__mistral_7b_instruct_v0_3_q4_k_m,test,matched_clean_llm,dedup-cluster-1e85096517059ca2585e10f1,revision_v1_nonce_96_bit_hex_044,mistral_7b_instruct_v0_3_q4_k_m,nonseg_hex_nibble_b16,nonce_96_bit_hex,casual_neighborhood_chat
detector_pair__57c3d583ed62c222f8fdf2ca__ordinary_control,0,0.8170222640037537,textcnn,leave_one_model__mistral_7b_instruct_v0_3_q4_k_m,test,matched_clean_llm,dedup-cluster-6ff827405e3ec8e1790ca5eb,revision_v1_sha256_hex_051,mistral_7b_instruct_v0_3_q4_k_m,segmented_hex_single_topic,sha256_hex,explain_everyday_system
detector_pair__57c3d583ed62c222f8fdf2ca__rankcloak,1,0.055272042751312256,textcnn,leave_one_model__mistral_7b_instruct_v0_3_q4_k_m,test,matched_clean_llm,dedup-cluster-6ff827405e3ec8e1790ca5eb,revision_v1_sha256_hex_051,mistral_7b_instruct_v0_3_q4_k_m,segmented_hex_single_topic,sha256_hex,explain_everyday_system
detector_pair__584407edaadee27d8a7ff14d__ordinary_control,0,0.0009379230323247612,textcnn,leave_one_model__mistral_7b_instruct_v0_3_q4_k_m,test,matched_clean_llm,dedup-cluster-4a2ba4b96048298d2a4a680c,revision_v1_token_128_bit_hex_008,mistral_7b_instruct_v0_3_q4_k_m,nonseg_ascii_b8,token_128_bit_hex,professional_project_update
detector_pair__584407edaadee27d8a7ff14d__rankcloak,1,0.9999943971633911,textcnn,leave_one_model__mistral_7b_instruct_v0_3_q4_k_m,test,matched_clean_llm,dedup-cluster-4a2ba4b96048298d2a4a680c,revision_v1_token_128_bit_hex_008,mistral_7b_instruct_v0_3_q4_k_m,nonseg_ascii_b8,token_128_bit_hex,professional_project_update
detector_pair__58578cffa0f88dd1851fa98c__ordinary_control,0,2.498075809853617e-05,textcnn,leave_one_model__mistral_7b_instruct_v0_3_q4_k_m,test,matched_clean_llm,dedup-cluster-d3540d957b4816af4830d47f,revision_v1_chacha20_poly1305_base64_053,mistral_7b_instruct_v0_3_q4_k_m,direct_subword_calgacus,chacha20_poly1305_base64,professional_schedule_note
detector_pair__58578cffa0f88dd1851fa98c__rankcloak,1,0.9999996423721313,textcnn,leave_one_model__mistral_7b_instruct_v0_3_q4_k_m,test,matched_clean_llm,dedup-cluster-d3540d957b4816af4830d47f,revision_v1_chacha20_poly1305_base64_053,mistral_7b_instruct_v0_3_q4_k_m,direct_subword_calgacus,chacha20_poly1305_base64,professional_schedule_note
detector_pair__58b7c080cfaedd50dd1804b3__ordinary_control,0,3.126177762169391e-05,textcnn,leave_one_model__mistral_7b_instruct_v0_3_q4_k_m,test,matched_clean_llm,dedup-cluster-1e85096517059ca2585e10f1,revision_v1_nonce_96_bit_hex_044,mistral_7b_instruct_v0_3_q4_k_m,nonseg_ascii_b8,nonce_96_bit_hex,casual_neighborhood_chat
detector_pair__58b7c080cfaedd50dd1804b3__rankcloak,1,0.9962100982666016,textcnn,leave_one_model__mistral_7b_instruct_v0_3_q4_k_m,test,matched_clean_llm,dedup-cluster-1e85096517059ca2585e10f1,revision_v1_nonce_96_bit_hex_044,mistral_7b_instruct_v0_3_q4_k_m,nonseg_ascii_b8,nonce_96_bit_hex,casual_neighborhood_chat
detector_pair__58d664d4ce7e9516462a7f4a__ordinary_control,0,0.000532963895238936,textcnn,leave_one_model__mistral_7b_instruct_v0_3_q4_k_m,test,matched_clean_llm,dedup-cluster-b84d789db2f53c6cca61a4a3,revision_v1_nonce_96_bit_hex_004,mistral_7b_instruct_v0_3_q4_k_m,nonseg_hex_nibble_b16,nonce_96_bit_hex,forum_purchase_advice
detector_pair__58d664d4ce7e9516462a7f4a__rankcloak,1,0.999983549118042,textcnn,leave_one_model__mistral_7b_instruct_v0_3_q4_k_m,test,matched_clean_llm,dedup-cluster-b84d789db2f53c6cca61a4a3,revision_v1_nonce_96_bit_hex_004,mistral_7b_instruct_v0_3_q4_k_m,nonseg_hex_nibble_b16,nonce_96_bit_hex,forum_purchase_advice
detector_pair__59bf7325f4dcb0074efb88c2__ordinary_control,0,1.1713126696122345e-05,textcnn,leave_one_model__mistral_7b_instruct_v0_3_q4_k_m,test,matched_clean_llm,dedup-cluster-87be1653d2065bc655a96c84,revision_v1_token_128_bit_hex_020,mistral_7b_instruct_v0_3_q4_k_m,segmented_hex_single_topic,token_128_bit_hex,professional_process_email
detector_pair__59bf7325f4dcb0074efb88c2__rankcloak,1,0.9978105425834656,textcnn,leave_one_model__mistral_7b_instruct_v0_3_q4_k_m,test,matched_clean_llm,dedup-cluster-87be1653d2065bc655a96c84,revision_v1_token_128_bit_hex_020,mistral_7b_instruct_v0_3_q4_k_m,segmented_hex_single_topic,token_128_bit_hex,professional_process_email
detector_pair__59d15a4f5f5255f43358fa5a__ordinary_control,0,6.633620614593383e-06,textcnn,leave_one_model__mistral_7b_instruct_v0_3_q4_k_m,test,matched_clean_llm,dedup-cluster-91605a72859a660f036d538b,revision_v1_sha256_hex_009,mistral_7b_instruct_v0_3_q4_k_m,segmented_hex_single_topic,sha256_hex,explain_weather_pattern
detector_pair__59d15a4f5f5255f43358fa5a__rankcloak,1,0.999832034111023,textcnn,leave_one_model__mistral_7b_instruct_v0_3_q4_k_m,test,matched_clean_llm,dedup-cluster-91605a72859a660f036d538b,revision_v1_sha256_hex_009,mistral_7b_instruct_v0_3_q4_k_m,segmented_hex_single_topic,sha256_hex,explain_weather_pattern
detector_pair__5a708241a674b61f8ec69b53__ordinary_control,0,0.47990572452545166,textcnn,leave_one_model__mistral_7b_instruct_v0_3_q4_k_m,test,matched_clean_llm,dedup-cluster-3550b9941e44ba053c139eaa,revision_v1_sha256_hex_055,mistral_7b_instruct_v0_3_q4_k_m,segmented_hex_multi_topic,sha256_hex,procedure_garden_task
detector_pair__5a708241a674b61f8ec69b53__rankcloak,1,0.4400663673877716,textcnn,leave_one_model__mistral_7b_instruct_v0_3_q4_k_m,test,matched_clean_llm,dedup-cluster-3550b9941e44ba053c139eaa,revision_v1_sha256_hex_055,mistral_7b_instruct_v0_3_q4_k_m,segmented_hex_multi_topic,sha256_hex,procedure_garden_task
detector_pair__5b24e4103a97f40e546d21d5__ordinary_control,0,1.1460578207334038e-05,textcnn,leave_one_model__mistral_7b_instruct_v0_3_q4_k_m,test,matched_clean_llm,dedup-cluster-a0ec330801b891c994a313b8,revision_v1_hmac_sha256_hex_057,mistral_7b_instruct_v0_3_q4_k_m,segmented_hex_single_topic,hmac_sha256_hex,casual_weekend_chat
detector_pair__5b24e4103a97f40e546d21d5__rankcloak,1,0.7176747918128967,textcnn,leave_one_model__mistral_7b_instruct_v0_3_q4_k_m,test,matched_clean_llm,dedup-cluster-a0ec330801b891c994a313b8,revision_v1_hmac_sha256_hex_057,mistral_7b_instruct_v0_3_q4_k_m,segmented_hex_single_topic,hmac_sha256_hex,casual_weekend_chat
detector_pair__5b2f19667501fb2761bcabc5__ordinary_control,0,0.00030048369080759585,textcnn,leave_one_model__mistral_7b_instruct_v0_3_q4_k_m,test,matched_clean_llm,dedup-cluster-089a5c41a6187c40edeb1a0c,revision_v1_nonce_96_bit_hex_007,mistral_7b_instruct_v0_3_q4_k_m,segmented_hex_multi_topic,nonce_96_bit_hex,explain_biological_process
detector_pair__5b2f19667501fb2761bcabc5__rankcloak,1,0.9461644887924194,textcnn,leave_one_model__mistral_7b_instruct_v0_3_q4_k_m,test,matched_clean_llm,dedup-cluster-089a5c41a6187c40edeb1a0c,revision_v1_nonce_96_bit_hex_007,mistral_7b_instruct_v0_3_q4_k_m,segmented_hex_multi_topic,nonce_96_bit_hex,explain_biological_process
detector_pair__5be848f3a1fb0035c25b0b2a__ordinary_control,0,0.0012405671877786517,textcnn,leave_one_model__mistral_7b_instruct_v0_3_q4_k_m,test,matched_clean_llm,dedup-cluster-6ff827405e3ec8e1790ca5eb,revision_v1_sha256_hex_051,mistral_7b_instruct_v0_3_q4_k_m,direct_subword_calgacus,sha256_hex,explain_everyday_system
detector_pair__5be848f3a1fb0035c25b0b2a__rankcloak,1,0.999687910079956,textcnn,leave_one_model__mistral_7b_instruct_v0_3_q4_k_m,test,matched_clean_llm,dedup-cluster-6ff827405e3ec8e1790ca5eb,revision_v1_sha256_hex_051,mistral_7b_instruct_v0_3_q4_k_m,direct_subword_calgacus,sha256_hex,explain_everyday_system
detector_pair__5cce0190b5a9835b587fcac5__ordinary_control,0,0.00366284535266459,textcnn,leave_one_model__mistral_7b_instruct_v0_3_q4_k_m,test,matched_clean_llm,dedup-cluster-b021f708a83df097e9b0dc22,revision_v1_aes256_gcm_base64_043,mistral_7b_instruct_v0_3_q4_k_m,nonseg_ascii_b16,aes256_gcm_base64,forum_learning_answer
detector_pair__5cce0190b5a9835b587fcac5__rankcloak,1,0.9998605251312256,textcnn,leave_one_model__mistral_7b_instruct_v0_3_q4_k_m,test,matched_clean_llm,dedup-cluster-b021f708a83df097e9b0dc22,revision_v1_aes256_gcm_base64_043,mistral_7b_instruct_v0_3_q4_k_m,nonseg_ascii_b16,aes256_gcm_base64,forum_learning_answer
detector_pair__5da4a474de00f9359a3c6ab2__ordinary_control,0,0.0011563643347471952,textcnn,leave_one_model__mistral_7b_instruct_v0_3_q4_k_m,test,matched_clean_llm,dedup-cluster-a7d8804ca4431e2f7d1239fd,revision_v1_aes256_gcm_base64_048,mistral_7b_instruct_v0_3_q4_k_m,nonseg_ascii_b8,aes256_gcm_base64,professional_project_update
detector_pair__5da4a474de00f9359a3c6ab2__rankcloak,1,1.0,textcnn,leave_one_model__mistral_7b_instruct_v0_3_q4_k_m,test,matched_clean_llm,dedup-cluster-a7d8804ca4431e2f7d1239fd,revision_v1_aes256_gcm_base64_048,mistral_7b_instruct_v0_3_q4_k_m,nonseg_ascii_b8,aes256_gcm_base64,professional_project_update
detector_pair__5e03875111859745116034fb__ordinary_control,0,0.0019521873909980059,textcnn,leave_one_model__mistral_7b_instruct_v0_3_q4_k_m,test,matched_clean_llm,dedup-cluster-a70c2199fe9757fc3a965e41,revision_v1_sha256_hex_041,mistral_7b_instruct_v0_3_q4_k_m,segmented_hex_multi_topic,sha256_hex,professional_process_email
detector_pair__5e03875111859745116034fb__rankcloak,1,0.999976634979248,textcnn,leave_one_model__mistral_7b_instruct_v0_3_q4_k_m,test,matched_clean_llm,dedup-cluster-a70c2199fe9757fc3a965e41,revision_v1_sha256_hex_041,mistral_7b_instruct_v0_3_q4_k_m,segmented_hex_multi_topic,sha256_hex,professional_process_email
detector_pair__5e308b29955b7dcd72faa577__ordinary_control,0,0.008163955993950367,textcnn,leave_one_model__mistral_7b_instruct_v0_3_q4_k_m,test,matched_clean_llm,dedup-cluster-1a88735e2967b1b509e24d6b,revision_v1_token_128_bit_hex_015,mistral_7b_instruct_v0_3_q4_k_m,nonseg_ascii_b16,token_128_bit_hex,forum_purchase_advice
detector_pair__5e308b29955b7dcd72faa577__rankcloak,1,0.9796494841575623,textcnn,leave_one_model__mistral_7b_instruct_v0_3_q4_k_m,test,matched_clean_llm,dedup-cluster-1a88735e2967b1b509e24d6b,revision_v1_token_128_bit_hex_015,mistral_7b_instruct_v0_3_q4_k_m,nonseg_ascii_b16,token_128_bit_hex,forum_purchase_advice
detector_pair__5e50f8dad80a9a55dd6ea481__ordinary_control,0,0.0003812904469668865,textcnn,leave_one_model__mistral_7b_instruct_v0_3_q4_k_m,test,matched_clean_llm,dedup-cluster-a331d504eed2f1bff244b461,revision_v1_chacha20_poly1305_base64_000,mistral_7b_instruct_v0_3_q4_k_m,nonseg_ascii_b16,chacha20_poly1305_base64,forum_learning_answer
detector_pair__5e50f8dad80a9a55dd6ea481__rankcloak,1,0.9999972581863403,textcnn,leave_one_model__mistral_7b_instruct_v0_3_q4_k_m,test,matched_clean_llm,dedup-cluster-a331d504eed2f1bff244b461,revision_v1_chacha20_poly1305_base64_000,mistral_7b_instruct_v0_3_q4_k_m,nonseg_ascii_b16,chacha20_poly1305_base64,forum_learning_answer
detector_pair__5e70a3a73ff77e4565d5c655__ordinary_control,0,3.6248075048206374e-05,textcnn,leave_one_model__mistral_7b_instruct_v0_3_q4_k_m,test,matched_clean_llm,dedup-cluster-c3dca9a9298a213ff99b5c53,revision_v1_sha256_hex_017,mistral_7b_instruct_v0_3_q4_k_m,nonseg_hex_nibble_b16,sha256_hex,professional_schedule_note
detector_pair__5e70a3a73ff77e4565d5c655__rankcloak,1,0.9978317618370056,textcnn,leave_one_model__mistral_7b_instruct_v0_3_q4_k_m,test,matched_clean_llm,dedup-cluster-c3dca9a9298a213ff99b5c53,revision_v1_sha256_hex_017,mistral_7b_instruct_v0_3_q4_k_m,nonseg_hex_nibble_b16,sha256_hex,professional_schedule_note
detector_pair__5f40e7830c8be889fa673f05__ordinary_control,0,0.0007865861989557743,textcnn,leave_one_model__mistral_7b_instruct_v0_3_q4_k_m,test,matched_clean_llm,dedup-cluster-86d70a013a18a7f0dc80b7f5,revision_v1_hmac_sha256_hex_001,mistral_7b_instruct_v0_3_q4_k_m,direct_subword_calgacus,hmac_sha256_hex,narrative_small_discovery
detector_pair__5f40e7830c8be889fa673f05__rankcloak,1,0.9871593713760376,textcnn,leave_one_model__mistral_7b_instruct_v0_3_q4_k_m,test,matched_clean_llm,dedup-cluster-86d70a013a18a7f0dc80b7f5,revision_v1_hmac_sha256_hex_001,mistral_7b_instruct_v0_3_q4_k_m,direct_subword_calgacus,hmac_sha256_hex,narrative_small_discovery
detector_pair__5ff4288b50d4e2bce6640a75__ordinary_control,0,0.007070948835462332,textcnn,leave_one_model__mistral_7b_instruct_v0_3_q4_k_m,test,matched_clean_llm,dedup-cluster-42ce35dd2bcd53cb8fe0bada,revision_v1_token_128_bit_hex_027,mistral_7b_instruct_v0_3_q4_k_m,direct_subword_calgacus,token_128_bit_hex,forum_practical_answer
detector_pair__5ff4288b50d4e2bce6640a75__rankcloak,1,0.6320818066596985,textcnn,leave_one_model__mistral_7b_instruct_v0_3_q4_k_m,test,matched_clean_llm,dedup-cluster-42ce35dd2bcd53cb8fe0bada,revision_v1_token_128_bit_hex_027,mistral_7b_instruct_v0_3_q4_k_m,direct_subword_calgacus,token_128_bit_hex,forum_practical_answer
detector_pair__6003435cece0dd518326fd5c__ordinary_control,0,4.745646583614871e-05,textcnn,leave_one_model__mistral_7b_instruct_v0_3_q4_k_m,test,matched_clean_llm,dedup-cluster-309b32994a041eadb8229c21,revision_v1_chacha20_poly1305_base64_059,mistral_7b_instruct_v0_3_q4_k_m,direct_subword_calgacus,chacha20_poly1305_base64,professional_process_email
detector_pair__6003435cece0dd518326fd5c__rankcloak,1,0.9999417066574097,textcnn,leave_one_model__mistral_7b_instruct_v0_3_q4_k_m,test,matched_clean_llm,dedup-cluster-309b32994a041eadb8229c21,revision_v1_chacha20_poly1305_base64_059,mistral_7b_instruct_v0_3_q4_k_m,direct_subword_calgacus,chacha20_poly1305_base64,professional_process_email
detector_pair__6027a6f08e8e62e9ae688430__ordinary_control,0,3.2198568078456447e-05,textcnn,leave_one_model__mistral_7b_instruct_v0_3_q4_k_m,test,matched_clean_llm,dedup-cluster-6ff827405e3ec8e1790ca5eb,revision_v1_sha256_hex_051,mistral_7b_instruct_v0_3_q4_k_m,segmented_hex_single_topic,sha256_hex,explain_everyday_system
detector_pair__6027a6f08e8e62e9ae688430__rankcloak,1,0.9997630715370178,textcnn,leave_one_model__mistral_7b_instruct_v0_3_q4_k_m,test,matched_clean_llm,dedup-cluster-6ff827405e3ec8e1790ca5eb,revision_v1_sha256_hex_051,mistral_7b_instruct_v0_3_q4_k_m,segmented_hex_single_topic,sha256_hex,explain_everyday_system
detector_pair__6035a60af4403c833f37f4ed__ordinary_control,0,0.00023651613446418196,textcnn,leave_one_model__mistral_7b_instruct_v0_3_q4_k_m,test,matched_clean_llm,dedup-cluster-2ecc22c7d6a07954ad922bdc,revision_v1_token_128_bit_hex_014,mistral_7b_instruct_v0_3_q4_k_m,segmented_hex_single_topic,token_128_bit_hex,professional_schedule_note
detector_pair__6035a60af4403c833f37f4ed__rankcloak,1,0.8651525974273682,textcnn,leave_one_model__mistral_7b_instruct_v0_3_q4_k_m,test,matched_clean_llm,dedup-cluster-2ecc22c7d6a07954ad922bdc,revision_v1_token_128_bit_hex_014,mistral_7b_instruct_v0_3_q4_k_m,segmented_hex_single_topic,token_128_bit_hex,professional_schedule_note
detector_pair__606707a24908c96574a025d8__ordinary_control,0,1.6199702201902255e-07,textcnn,leave_one_model__mistral_7b_instruct_v0_3_q4_k_m,test,matched_clean_llm,dedup-cluster-83b5ef276b5071a7412eb272,revision_v1_token_128_bit_hex_001,mistral_7b_instruct_v0_3_q4_k_m,nonseg_ascii_b8,token_128_bit_hex,casual_neighborhood_chat
detector_pair__606707a24908c96574a025d8__rankcloak,1,0.999043881893158,textcnn,leave_one_model__mistral_7b_instruct_v0_3_q4_k_m,test,matched_clean_llm,dedup-cluster-83b5ef276b5071a7412eb272,revision_v1_token_128_bit_hex_001,mistral_7b_instruct_v0_3_q4_k_m,nonseg_ascii_b8,token_128_bit_hex,casual_neighborhood_chat
detector_pair__619ca2eccc42843ebc791f07__ordinary_control,0,0.5228468775749207,textcnn,leave_one_model__mistral_7b_instruct_v0_3_q4_k_m,test,matched_clean_llm,dedup-cluster-c5e7aa80077f7be08ccd7015,revision_v1_nonce_96_bit_hex_018,mistral_7b_instruct_v0_3_q4_k_m,nonseg_ascii_b16,nonce_96_bit_hex,narrative_local_walk
detector_pair__619ca2eccc42843ebc791f07__rankcloak,1,0.8007003664970398,textcnn,leave_one_model__mistral_7b_instruct_v0_3_q4_k_m,test,matched_clean_llm,dedup-cluster-c5e7aa80077f7be08ccd7015,revision_v1_nonce_96_bit_hex_018,mistral_7b_instruct_v0_3_q4_k_m,nonseg_ascii_b16,nonce_96_bit_hex,narrative_local_walk
detector_pair__6577c4c94c977491b56a6772__ordinary_control,0,0.004140923265367746,textcnn,leave_one_model__mistral_7b_instruct_v0_3_q4_k_m,test,matched_clean_llm,dedup-cluster-86d70a013a18a7f0dc80b7f5,revision_v1_hmac_sha256_hex_001,mistral_7b_instruct_v0_3_q4_k_m,segmented_hex_multi_topic,hmac_sha256_hex,narrative_small_discovery
detector_pair__6577c4c94c977491b56a6772__rankcloak,1,0.8352868556976318,textcnn,leave_one_model__mistral_7b_instruct_v0_3_q4_k_m,test,matched_clean_llm,dedup-cluster-86d70a013a18a7f0dc80b7f5,revision_v1_hmac_sha256_hex_001,mistral_7b_instruct_v0_3_q4_k_m,segmented_hex_multi_topic,hmac_sha256_hex,narrative_small_discovery
detector_pair__65b790c60c9c02193663bd14__ordinary_control,0,8.53259043651633e-05,textcnn,leave_one_model__mistral_7b_instruct_v0_3_q4_k_m,test,matched_clean_llm,dedup-cluster-0a09c663faa5a6e644901d76,revision_v1_sha256_hex_016,mistral_7b_instruct_v0_3_q4_k_m,segmented_hex_multi_topic,sha256_hex,casual_hobby_chat
detector_pair__65b790c60c9c02193663bd14__rankcloak,1,0.9323970079421997,textcnn,leave_one_model__mistral_7b_instruct_v0_3_q4_k_m,test,matched_clean_llm,dedup-cluster-0a09c663faa5a6e644901d76,revision_v1_sha256_hex_016,mistral_7b_instruct_v0_3_q4_k_m,segmented_hex_multi_topic,sha256_hex,casual_hobby_chat
detector_pair__65f67641cea8e7a367da2bab__ordinary_control,0,0.00653321435675025,textcnn,leave_one_model__mistral_7b_instruct_v0_3_q4_k_m,test,matched_clean_llm,dedup-cluster-42ce35dd2bcd53cb8fe0bada,revision_v1_token_128_bit_hex_027,mistral_7b_instruct_v0_3_q4_k_m,segmented_hex_single_topic,token_128_bit_hex,forum_practical_answer
detector_pair__65f67641cea8e7a367da2bab__rankcloak,1,0.9995399713516235,textcnn,leave_one_model__mistral_7b_instruct_v0_3_q4_k_m,test,matched_clean_llm,dedup-cluster-42ce35dd2bcd53cb8fe0bada,revision_v1_token_128_bit_hex_027,mistral_7b_instruct_v0_3_q4_k_m,segmented_hex_single_topic,token_128_bit_hex,forum_practical_answer
detector_pair__6607d502d6cda5a1a24b5e38__ordinary_control,0,0.0005658028530888259,textcnn,leave_one_model__mistral_7b_instruct_v0_3_q4_k_m,test,matched_clean_llm,dedup-cluster-3d7049c126c3e6af15cc5c6b,revision_v1_hmac_sha256_hex_016,mistral_7b_instruct_v0_3_q4_k_m,direct_subword_calgacus,hmac_sha256_hex,professional_process_email
detector_pair__6607d502d6cda5a1a24b5e38__rankcloak,1,0.9929726123809814,textcnn,leave_one_model__mistral_7b_instruct_v0_3_q4_k_m,test,matched_clean_llm,dedup-cluster-3d7049c126c3e6af15cc5c6b,revision_v1_hmac_sha256_hex_016,mistral_7b_instruct_v0_3_q4_k_m,direct_subword_calgacus,hmac_sha256_hex,professional_process_email
detector_pair__661c77c28cf4bd387bf2d6bc__ordinary_control,0,0.5060280561447144,textcnn,leave_one_model__mistral_7b_instruct_v0_3_q4_k_m,test,matched_clean_llm,dedup-cluster-0d14bae63cd1e6e73dd0fa7a,revision_v1_nonce_96_bit_hex_022,mistral_7b_instruct_v0_3_q4_k_m,segmented_hex_single_topic,nonce_96_bit_hex,forum_purchase_advice
detector_pair__661c77c28cf4bd387bf2d6bc__rankcloak,1,0.9814714193344116,textcnn,leave_one_model__mistral_7b_instruct_v0_3_q4_k_m,test,matched_clean_llm,dedup-cluster-0d14bae63cd1e6e73dd0fa7a,revision_v1_nonce_96_bit_hex_022,mistral_7b_instruct_v0_3_q4_k_m,segmented_hex_single_topic,nonce_96_bit_hex,forum_purchase_advice
detector_pair__663bf4d9636233819484ce5e__ordinary_control,0,0.15522833168506622,textcnn,leave_one_model__mistral_7b_instruct_v0_3_q4_k_m,test,matched_clean_llm,dedup-cluster-ae9ee8b26103dc75c9112dfb,revision_v1_ed25519_signature_base64_047,mistral_7b_instruct_v0_3_q4_k_m,direct_subword_calgacus,ed25519_signature_base64,forum_purchase_advice
detector_pair__663bf4d9636233819484ce5e__rankcloak,1,0.9999336004257202,textcnn,leave_one_model__mistral_7b_instruct_v0_3_q4_k_m,test,matched_clean_llm,dedup-cluster-ae9ee8b26103dc75c9112dfb,revision_v1_ed25519_signature_base64_047,mistral_7b_instruct_v0_3_q4_k_m,direct_subword_calgacus,ed25519_signature_base64,forum_purchase_advice
detector_pair__668cf8df04848ebb0e820c33__ordinary_control,0,0.004586806986480951,textcnn,leave_one_model__mistral_7b_instruct_v0_3_q4_k_m,test,matched_clean_llm,dedup-cluster-f81b727c549baaf473769b12,revision_v1_chacha20_poly1305_base64_005,mistral_7b_instruct_v0_3_q4_k_m,direct_subword_calgacus,chacha20_poly1305_base64,professional_process_email
detector_pair__668cf8df04848ebb0e820c33__rankcloak,1,0.9999877214431763,textcnn,leave_one_model__mistral_7b_instruct_v0_3_q4_k_m,test,matched_clean_llm,dedup-cluster-f81b727c549baaf473769b12,revision_v1_chacha20_poly1305_base64_005,mistral_7b_instruct_v0_3_q4_k_m,direct_subword_calgacus,chacha20_poly1305_base64,professional_process_email
detector_pair__676a8c75cdc6b488ac818596__ordinary_control,0,1.7836533743320615e-06,textcnn,leave_one_model__mistral_7b_instruct_v0_3_q4_k_m,test,matched_clean_llm,dedup-cluster-9ce5c8433f0a2ba109d4fda8,revision_v1_aes256_gcm_base64_029,mistral_7b_instruct_v0_3_q4_k_m,direct_subword_calgacus,aes256_gcm_base64,casual_neighborhood_chat
detector_pair__676a8c75cdc6b488ac818596__rankcloak,1,0.653938889503479,textcnn,leave_one_model__mistral_7b_instruct_v0_3_q4_k_m,test,matched_clean_llm,dedup-cluster-9ce5c8433f0a2ba109d4fda8,revision_v1_aes256_gcm_base64_029,mistral_7b_instruct_v0_3_q4_k_m,direct_subword_calgacus,aes256_gcm_base64,casual_neighborhood_chat
detector_pair__67fec187627c25f000979f06__ordinary_control,0,0.004407653585076332,textcnn,leave_one_model__mistral_7b_instruct_v0_3_q4_k_m,test,matched_clean_llm,dedup-cluster-d3540d957b4816af4830d47f,revision_v1_chacha20_poly1305_base64_053,mistral_7b_instruct_v0_3_q4_k_m,nonseg_ascii_b8,chacha20_poly1305_base64,professional_schedule_note
detector_pair__67fec187627c25f000979f06__rankcloak,1,0.9844319820404053,textcnn,leave_one_model__mistral_7b_instruct_v0_3_q4_k_m,test,matched_clean_llm,dedup-cluster-d3540d957b4816af4830d47f,revision_v1_chacha20_poly1305_base64_053,mistral_7b_instruct_v0_3_q4_k_m,nonseg_ascii_b8,chacha20_poly1305_base64,professional_schedule_note
detector_pair__690259d93ce3948ea5dfd992__ordinary_control,0,3.5605928587756352e-06,textcnn,leave_one_model__mistral_7b_instruct_v0_3_q4_k_m,test,matched_clean_llm,dedup-cluster-9ce5c8433f0a2ba109d4fda8,revision_v1_aes256_gcm_base64_029,mistral_7b_instruct_v0_3_q4_k_m,nonseg_ascii_b8,aes256_gcm_base64,casual_neighborhood_chat
detector_pair__690259d93ce3948ea5dfd992__rankcloak,1,0.9999961853027344,textcnn,leave_one_model__mistral_7b_instruct_v0_3_q4_k_m,test,matched_clean_llm,dedup-cluster-9ce5c8433f0a2ba109d4fda8,revision_v1_aes256_gcm_base64_029,mistral_7b_instruct_v0_3_q4_k_m,nonseg_ascii_b8,aes256_gcm_base64,casual_neighborhood_chat
detector_pair__69c9148d0c1a6cd1601e22b4__ordinary_control,0,0.03388955816626549,textcnn,leave_one_model__mistral_7b_instruct_v0_3_q4_k_m,test,matched_clean_llm,dedup-cluster-91605a72859a660f036d538b,revision_v1_sha256_hex_009,mistral_7b_instruct_v0_3_q4_k_m,direct_subword_calgacus,sha256_hex,explain_weather_pattern
detector_pair__69c9148d0c1a6cd1601e22b4__rankcloak,1,0.9987940788269043,textcnn,leave_one_model__mistral_7b_instruct_v0_3_q4_k_m,test,matched_clean_llm,dedup-cluster-91605a72859a660f036d538b,revision_v1_sha256_hex_009,mistral_7b_instruct_v0_3_q4_k_m,direct_subword_calgacus,sha256_hex,explain_weather_pattern
detector_pair__69db025c7e2d1d8e72b24092__ordinary_control,0,0.013292274437844753,textcnn,leave_one_model__mistral_7b_instruct_v0_3_q4_k_m,test,matched_clean_llm,dedup-cluster-cd5aaecb05ff01717fe8ab2b,revision_v1_uuid_v4_025,mistral_7b_instruct_v0_3_q4_k_m,direct_subword_calgacus,uuid_v4,professional_schedule_note
detector_pair__69db025c7e2d1d8e72b24092__rankcloak,1,0.4081672728061676,textcnn,leave_one_model__mistral_7b_instruct_v0_3_q4_k_m,test,matched_clean_llm,dedup-cluster-cd5aaecb05ff01717fe8ab2b,revision_v1_uuid_v4_025,mistral_7b_instruct_v0_3_q4_k_m,direct_subword_calgacus,uuid_v4,professional_schedule_note
detector_pair__69ffa27d0b69e86ee5b5e98a__ordinary_control,0,0.9202579855918884,textcnn,leave_one_model__mistral_7b_instruct_v0_3_q4_k_m,test,matched_clean_llm,dedup-cluster-c5e7aa80077f7be08ccd7015,revision_v1_nonce_96_bit_hex_018,mistral_7b_instruct_v0_3_q4_k_m,segmented_hex_multi_topic,nonce_96_bit_hex,narrative_local_walk
detector_pair__69ffa27d0b69e86ee5b5e98a__rankcloak,1,0.9881860017776489,textcnn,leave_one_model__mistral_7b_instruct_v0_3_q4_k_m,test,matched_clean_llm,dedup-cluster-c5e7aa80077f7be08ccd7015,revision_v1_nonce_96_bit_hex_018,mistral_7b_instruct_v0_3_q4_k_m,segmented_hex_multi_topic,nonce_96_bit_hex,narrative_local_walk
detector_pair__6a7eab91e85be47ae53cdacd__ordinary_control,0,0.003693794831633568,textcnn,leave_one_model__mistral_7b_instruct_v0_3_q4_k_m,test,matched_clean_llm,dedup-cluster-f1630cf66c55bafe664639a5,revision_v1_hmac_sha256_hex_009,mistral_7b_instruct_v0_3_q4_k_m,direct_subword_calgacus,hmac_sha256_hex,casual_hobby_chat
detector_pair__6a7eab91e85be47ae53cdacd__rankcloak,1,0.9991148114204407,textcnn,leave_one_model__mistral_7b_instruct_v0_3_q4_k_m,test,matched_clean_llm,dedup-cluster-f1630cf66c55bafe664639a5,revision_v1_hmac_sha256_hex_009,mistral_7b_instruct_v0_3_q4_k_m,direct_subword_calgacus,hmac_sha256_hex,casual_hobby_chat
detector_pair__6b358121748f76835f245ee1__ordinary_control,0,0.007798709440976381,textcnn,leave_one_model__mistral_7b_instruct_v0_3_q4_k_m,test,matched_clean_llm,dedup-cluster-be754e26863b30c33e0e75f4,revision_v1_hmac_sha256_hex_000,mistral_7b_instruct_v0_3_q4_k_m,segmented_hex_multi_topic,hmac_sha256_hex,procedure_simple_meal
detector_pair__6b358121748f76835f245ee1__rankcloak,1,0.2976803183555603,textcnn,leave_one_model__mistral_7b_instruct_v0_3_q4_k_m,test,matched_clean_llm,dedup-cluster-be754e26863b30c33e0e75f4,revision_v1_hmac_sha256_hex_000,mistral_7b_instruct_v0_3_q4_k_m,segmented_hex_multi_topic,hmac_sha256_hex,procedure_simple_meal
detector_pair__6bddb5f41d71a02aae6e8607__ordinary_control,0,0.8057986497879028,textcnn,leave_one_model__mistral_7b_instruct_v0_3_q4_k_m,test,matched_clean_llm,dedup-cluster-d5b4f2b51dfabbdce0cd2fb8,revision_v1_sha256_hex_057,mistral_7b_instruct_v0_3_q4_k_m,segmented_hex_multi_topic,sha256_hex,explain_biological_process
detector_pair__6bddb5f41d71a02aae6e8607__rankcloak,1,0.27981820702552795,textcnn,leave_one_model__mistral_7b_instruct_v0_3_q4_k_m,test,matched_clean_llm,dedup-cluster-d5b4f2b51dfabbdce0cd2fb8,revision_v1_sha256_hex_057,mistral_7b_instruct_v0_3_q4_k_m,segmented_hex_multi_topic,sha256_hex,explain_biological_process
detector_pair__6ce78ffdade19e7ce6cf12c9__ordinary_control,0,0.015682518482208252,textcnn,leave_one_model__mistral_7b_instruct_v0_3_q4_k_m,test,matched_clean_llm,dedup-cluster-29f0784a87261cd21c8ecb5a,revision_v1_chacha20_poly1305_base64_018,mistral_7b_instruct_v0_3_q4_k_m,nonseg_ascii_b16,chacha20_poly1305_base64,forum_learning_answer
detector_pair__6ce78ffdade19e7ce6cf12c9__rankcloak,1,0.9999063014984131,textcnn,leave_one_model__mistral_7b_instruct_v0_3_q4_k_m,test,matched_clean_llm,dedup-cluster-29f0784a87261cd21c8ecb5a,revision_v1_chacha20_poly1305_base64_018,mistral_7b_instruct_v0_3_q4_k_m,nonseg_ascii_b16,chacha20_poly1305_base64,forum_learning_answer
detector_pair__6e23ab3735c3fb81abc97123__ordinary_control,0,6.562157795997337e-05,textcnn,leave_one_model__mistral_7b_instruct_v0_3_q4_k_m,test,matched_clean_llm,dedup-cluster-089a5c41a6187c40edeb1a0c,revision_v1_nonce_96_bit_hex_007,mistral_7b_instruct_v0_3_q4_k_m,segmented_hex_single_topic,nonce_96_bit_hex,explain_biological_process
detector_pair__6e23ab3735c3fb81abc97123__rankcloak,1,0.8851823806762695,textcnn,leave_one_model__mistral_7b_instruct_v0_3_q4_k_m,test,matched_clean_llm,dedup-cluster-089a5c41a6187c40edeb1a0c,revision_v1_nonce_96_bit_hex_007,mistral_7b_instruct_v0_3_q4_k_m,segmented_hex_single_topic,nonce_96_bit_hex,explain_biological_process
detector_pair__6eefaefb2049c41568167012__ordinary_control,0,1.615912333363667e-05,textcnn,leave_one_model__mistral_7b_instruct_v0_3_q4_k_m,test,matched_clean_llm,dedup-cluster-a0ec330801b891c994a313b8,revision_v1_hmac_sha256_hex_057,mistral_7b_instruct_v0_3_q4_k_m,segmented_hex_single_topic,hmac_sha256_hex,casual_weekend_chat
detector_pair__6eefaefb2049c41568167012__rankcloak,1,0.999548614025116,textcnn,leave_one_model__mistral_7b_instruct_v0_3_q4_k_m,test,matched_clean_llm,dedup-cluster-a0ec330801b891c994a313b8,revision_v1_hmac_sha256_hex_057,mistral_7b_instruct_v0_3_q4_k_m,segmented_hex_single_topic,hmac_sha256_hex,casual_weekend_chat
detector_pair__7114aa1896fd0c80119fa0bf__ordinary_control,0,0.00020160360145382583,textcnn,leave_one_model__mistral_7b_instruct_v0_3_q4_k_m,test,matched_clean_llm,dedup-cluster-9f10381b863e019fc6de8b74,revision_v1_uuid_v4_011,mistral_7b_instruct_v0_3_q4_k_m,nonseg_ascii_b8,uuid_v4,explain_everyday_system
detector_pair__7114aa1896fd0c80119fa0bf__rankcloak,1,0.9982925057411194,textcnn,leave_one_model__mistral_7b_instruct_v0_3_q4_k_m,test,matched_clean_llm,dedup-cluster-9f10381b863e019fc6de8b74,revision_v1_uuid_v4_011,mistral_7b_instruct_v0_3_q4_k_m,nonseg_ascii_b8,uuid_v4,explain_everyday_system
detector_pair__71357edb0e2384ee1b08855f__ordinary_control,0,0.028360538184642792,textcnn,leave_one_model__mistral_7b_instruct_v0_3_q4_k_m,test,matched_clean_llm,dedup-cluster-089a5c41a6187c40edeb1a0c,revision_v1_nonce_96_bit_hex_007,mistral_7b_instruct_v0_3_q4_k_m,nonseg_hex_nibble_b16,nonce_96_bit_hex,explain_biological_process
detector_pair__71357edb0e2384ee1b08855f__rankcloak,1,0.9350472688674927,textcnn,leave_one_model__mistral_7b_instruct_v0_3_q4_k_m,test,matched_clean_llm,dedup-cluster-089a5c41a6187c40edeb1a0c,revision_v1_nonce_96_bit_hex_007,mistral_7b_instruct_v0_3_q4_k_m,nonseg_hex_nibble_b16,nonce_96_bit_hex,explain_biological_process
detector_pair__716e8831a0b94d1e8f4c5967__ordinary_control,0,1.9835750208585523e-05,textcnn,leave_one_model__mistral_7b_instruct_v0_3_q4_k_m,test,matched_clean_llm,dedup-cluster-1a88735e2967b1b509e24d6b,revision_v1_token_128_bit_hex_015,mistral_7b_instruct_v0_3_q4_k_m,nonseg_hex_nibble_b16,token_128_bit_hex,forum_purchase_advice
detector_pair__716e8831a0b94d1e8f4c5967__rankcloak,1,0.8816388249397278,textcnn,leave_one_model__mistral_7b_instruct_v0_3_q4_k_m,test,matched_clean_llm,dedup-cluster-1a88735e2967b1b509e24d6b,revision_v1_token_128_bit_hex_015,mistral_7b_instruct_v0_3_q4_k_m,nonseg_hex_nibble_b16,token_128_bit_hex,forum_purchase_advice
detector_pair__7263d14950d97cd9a6f145af__ordinary_control,0,0.47064316272735596,textcnn,leave_one_model__mistral_7b_instruct_v0_3_q4_k_m,test,matched_clean_llm,dedup-cluster-c791365cbb6a3ed856420c65,revision_v1_hmac_sha256_hex_023,mistral_7b_instruct_v0_3_q4_k_m,segmented_hex_multi_topic,hmac_sha256_hex,forum_practical_answer
detector_pair__7263d14950d97cd9a6f145af__rankcloak,1,0.9999617338180542,textcnn,leave_one_model__mistral_7b_instruct_v0_3_q4_k_m,test,matched_clean_llm,dedup-cluster-c791365cbb6a3ed856420c65,revision_v1_hmac_sha256_hex_023,mistral_7b_instruct_v0_3_q4_k_m,segmented_hex_multi_topic,hmac_sha256_hex,forum_practical_answer
detector_pair__731b4fafa248f5f4d4f5c230__ordinary_control,0,1.0037270840257406e-05,textcnn,leave_one_model__mistral_7b_instruct_v0_3_q4_k_m,test,matched_clean_llm,dedup-cluster-e1f89602cec0d549198e89c6,revision_v1_chacha20_poly1305_base64_046,mistral_7b_instruct_v0_3_q4_k_m,nonseg_ascii_b8,chacha20_poly1305_base64,casual_weekend_chat
detector_pair__731b4fafa248f5f4d4f5c230__rankcloak,1,0.9999998807907104,textcnn,leave_one_model__mistral_7b_instruct_v0_3_q4_k_m,test,matched_clean_llm,dedup-cluster-e1f89602cec0d549198e89c6,revision_v1_chacha20_poly1305_base64_046,mistral_7b_instruct_v0_3_q4_k_m,nonseg_ascii_b8,chacha20_poly1305_base64,casual_weekend_chat
detector_pair__731c673c2b8d77079a93f3ed__ordinary_control,0,0.0010261255083605647,textcnn,leave_one_model__mistral_7b_instruct_v0_3_q4_k_m,test,matched_clean_llm,dedup-cluster-3d7049c126c3e6af15cc5c6b,revision_v1_hmac_sha256_hex_016,mistral_7b_instruct_v0_3_q4_k_m,segmented_hex_multi_topic,hmac_sha256_hex,professional_process_email
detector_pair__731c673c2b8d77079a93f3ed__rankcloak,1,0.9999960660934448,textcnn,leave_one_model__mistral_7b_instruct_v0_3_q4_k_m,test,matched_clean_llm,dedup-cluster-3d7049c126c3e6af15cc5c6b,revision_v1_hmac_sha256_hex_016,mistral_7b_instruct_v0_3_q4_k_m,segmented_hex_multi_topic,hmac_sha256_hex,professional_process_email
detector_pair__7373e91dd057338304d546b9__ordinary_control,0,0.004195014946162701,textcnn,leave_one_model__mistral_7b_instruct_v0_3_q4_k_m,test,matched_clean_llm,dedup-cluster-1ae66c809db7c888edc24849,revision_v1_sha256_hex_020,mistral_7b_instruct_v0_3_q4_k_m,segmented_hex_multi_topic,sha256_hex,narrative_learning_moment
detector_pair__7373e91dd057338304d546b9__rankcloak,1,0.9995560050010681,textcnn,leave_one_model__mistral_7b_instruct_v0_3_q4_k_m,test,matched_clean_llm,dedup-cluster-1ae66c809db7c888edc24849,revision_v1_sha256_hex_020,mistral_7b_instruct_v0_3_q4_k_m,segmented_hex_multi_topic,sha256_hex,narrative_learning_moment
detector_pair__73d42001a35eac7b23d5d467__ordinary_control,0,0.11012835800647736,textcnn,leave_one_model__mistral_7b_instruct_v0_3_q4_k_m,test,matched_clean_llm,dedup-cluster-054651d73ab2fcb750307ee7,revision_v1_token_128_bit_hex_023,mistral_7b_instruct_v0_3_q4_k_m,segmented_hex_single_topic,token_128_bit_hex,narrative_learning_moment
detector_pair__73d42001a35eac7b23d5d467__rankcloak,1,0.9998447895050049,textcnn,leave_one_model__mistral_7b_instruct_v0_3_q4_k_m,test,matched_clean_llm,dedup-cluster-054651d73ab2fcb750307ee7,revision_v1_token_128_bit_hex_023,mistral_7b_instruct_v0_3_q4_k_m,segmented_hex_single_topic,token_128_bit_hex,narrative_learning_moment
detector_pair__74f46e77217fb0acbc21b42c__ordinary_control,0,0.0021324187982827425,textcnn,leave_one_model__mistral_7b_instruct_v0_3_q4_k_m,test,matched_clean_llm,dedup-cluster-92597d293b9374d8f0316f4d,revision_v1_hmac_sha256_hex_031,mistral_7b_instruct_v0_3_q4_k_m,segmented_hex_single_topic,hmac_sha256_hex,narrative_learning_moment
detector_pair__74f46e77217fb0acbc21b42c__rankcloak,1,0.9999934434890747,textcnn,leave_one_model__mistral_7b_instruct_v0_3_q4_k_m,test,matched_clean_llm,dedup-cluster-92597d293b9374d8f0316f4d,revision_v1_hmac_sha256_hex_031,mistral_7b_instruct_v0_3_q4_k_m,segmented_hex_single_topic,hmac_sha256_hex,narrative_learning_moment
detector_pair__7511f20ae070d95dc2f0c4f8__ordinary_control,0,6.001993824611418e-05,textcnn,leave_one_model__mistral_7b_instruct_v0_3_q4_k_m,test,matched_clean_llm,dedup-cluster-b021f708a83df097e9b0dc22,revision_v1_aes256_gcm_base64_043,mistral_7b_instruct_v0_3_q4_k_m,nonseg_ascii_b8,aes256_gcm_base64,forum_learning_answer
detector_pair__7511f20ae070d95dc2f0c4f8__rankcloak,1,0.9999082088470459,textcnn,leave_one_model__mistral_7b_instruct_v0_3_q4_k_m,test,matched_clean_llm,dedup-cluster-b021f708a83df097e9b0dc22,revision_v1_aes256_gcm_base64_043,mistral_7b_instruct_v0_3_q4_k_m,nonseg_ascii_b8,aes256_gcm_base64,forum_learning_answer
detector_pair__7590dd66c7ffab7971dc2db8__ordinary_control,0,3.294680573162623e-05,textcnn,leave_one_model__mistral_7b_instruct_v0_3_q4_k_m,test,matched_clean_llm,dedup-cluster-43af11f5d2e1ab75fc7f8cd0,revision_v1_uuid_v4_037,mistral_7b_instruct_v0_3_q4_k_m,nonseg_ascii_b16,uuid_v4,professional_project_update
detector_pair__7590dd66c7ffab7971dc2db8__rankcloak,1,0.9999517202377319,textcnn,leave_one_model__mistral_7b_instruct_v0_3_q4_k_m,test,matched_clean_llm,dedup-cluster-43af11f5d2e1ab75fc7f8cd0,revision_v1_uuid_v4_037,mistral_7b_instruct_v0_3_q4_k_m,nonseg_ascii_b16,uuid_v4,professional_project_update
detector_pair__7597f143819963444e9d8928__ordinary_control,0,0.00011430011363700032,textcnn,leave_one_model__mistral_7b_instruct_v0_3_q4_k_m,test,matched_clean_llm,dedup-cluster-6ff827405e3ec8e1790ca5eb,revision_v1_sha256_hex_051,mistral_7b_instruct_v0_3_q4_k_m,nonseg_hex_nibble_b16,sha256_hex,explain_everyday_system
detector_pair__7597f143819963444e9d8928__rankcloak,1,0.6395101547241211,textcnn,leave_one_model__mistral_7b_instruct_v0_3_q4_k_m,test,matched_clean_llm,dedup-cluster-6ff827405e3ec8e1790ca5eb,revision_v1_sha256_hex_051,mistral_7b_instruct_v0_3_q4_k_m,nonseg_hex_nibble_b16,sha256_hex,explain_everyday_system
detector_pair__75a6e8fdc0fe730d29a0186b__ordinary_control,0,0.02873861789703369,textcnn,leave_one_model__mistral_7b_instruct_v0_3_q4_k_m,test,matched_clean_llm,dedup-cluster-cd5aaecb05ff01717fe8ab2b,revision_v1_uuid_v4_025,mistral_7b_instruct_v0_3_q4_k_m,nonseg_ascii_b16,uuid_v4,professional_schedule_note
detector_pair__75a6e8fdc0fe730d29a0186b__rankcloak,1,0.7752941846847534,textcnn,leave_one_model__mistral_7b_instruct_v0_3_q4_k_m,test,matched_clean_llm,dedup-cluster-cd5aaecb05ff01717fe8ab2b,revision_v1_uuid_v4_025,mistral_7b_instruct_v0_3_q4_k_m,nonseg_ascii_b16,uuid_v4,professional_schedule_note
detector_pair__76484b30d86020d47e8edb8a__ordinary_control,0,0.07746884226799011,textcnn,leave_one_model__mistral_7b_instruct_v0_3_q4_k_m,test,matched_clean_llm,dedup-cluster-a70c2199fe9757fc3a965e41,revision_v1_sha256_hex_041,mistral_7b_instruct_v0_3_q4_k_m,nonseg_ascii_b8,sha256_hex,professional_process_email
detector_pair__76484b30d86020d47e8edb8a__rankcloak,1,0.9999908208847046,textcnn,leave_one_model__mistral_7b_instruct_v0_3_q4_k_m,test,matched_clean_llm,dedup-cluster-a70c2199fe9757fc3a965e41,revision_v1_sha256_hex_041,mistral_7b_instruct_v0_3_q4_k_m,nonseg_ascii_b8,sha256_hex,professional_process_email
detector_pair__768de7751d01c44935ea0887__ordinary_control,0,3.4319196373644445e-08,textcnn,leave_one_model__mistral_7b_instruct_v0_3_q4_k_m,test,matched_clean_llm,dedup-cluster-83b5ef276b5071a7412eb272,revision_v1_token_128_bit_hex_001,mistral_7b_instruct_v0_3_q4_k_m,segmented_hex_multi_topic,token_128_bit_hex,casual_neighborhood_chat
detector_pair__768de7751d01c44935ea0887__rankcloak,1,0.9713907241821289,textcnn,leave_one_model__mistral_7b_instruct_v0_3_q4_k_m,test,matched_clean_llm,dedup-cluster-83b5ef276b5071a7412eb272,revision_v1_token_128_bit_hex_001,mistral_7b_instruct_v0_3_q4_k_m,segmented_hex_multi_topic,token_128_bit_hex,casual_neighborhood_chat
detector_pair__76c3215ce14b611b10fe48e4__ordinary_control,0,9.457556302550074e-07,textcnn,leave_one_model__mistral_7b_instruct_v0_3_q4_k_m,test,matched_clean_llm,dedup-cluster-0a53df1782d32b924a429e87,revision_v1_uuid_v4_040,mistral_7b_instruct_v0_3_q4_k_m,nonseg_ascii_b8,uuid_v4,narrative_small_discovery
detector_pair__76c3215ce14b611b10fe48e4__rankcloak,1,0.9845527410507202,textcnn,leave_one_model__mistral_7b_instruct_v0_3_q4_k_m,test,matched_clean_llm,dedup-cluster-0a53df1782d32b924a429e87,revision_v1_uuid_v4_040,mistral_7b_instruct_v0_3_q4_k_m,nonseg_ascii_b8,uuid_v4,narrative_small_discovery
detector_pair__7710a5800232f59d07d2032e__ordinary_control,0,0.0017539914697408676,textcnn,leave_one_model__mistral_7b_instruct_v0_3_q4_k_m,test,matched_clean_llm,dedup-cluster-29c00935d1f39c68be75bfe8,revision_v1_nonce_96_bit_hex_035,mistral_7b_instruct_v0_3_q4_k_m,nonseg_ascii_b8,nonce_96_bit_hex,procedure_simple_meal
detector_pair__7710a5800232f59d07d2032e__rankcloak,1,0.9999737739562988,textcnn,leave_one_model__mistral_7b_instruct_v0_3_q4_k_m,test,matched_clean_llm,dedup-cluster-29c00935d1f39c68be75bfe8,revision_v1_nonce_96_bit_hex_035,mistral_7b_instruct_v0_3_q4_k_m,nonseg_ascii_b8,nonce_96_bit_hex,procedure_simple_meal
detector_pair__7757171a48212af73bddefe2__ordinary_control,0,0.00016993719327729195,textcnn,leave_one_model__mistral_7b_instruct_v0_3_q4_k_m,test,matched_clean_llm,dedup-cluster-d5b4f2b51dfabbdce0cd2fb8,revision_v1_sha256_hex_057,mistral_7b_instruct_v0_3_q4_k_m,segmented_hex_multi_topic,sha256_hex,explain_biological_process
detector_pair__7757171a48212af73bddefe2__rankcloak,1,0.9956069588661194,textcnn,leave_one_model__mistral_7b_instruct_v0_3_q4_k_m,test,matched_clean_llm,dedup-cluster-d5b4f2b51dfabbdce0cd2fb8,revision_v1_sha256_hex_057,mistral_7b_instruct_v0_3_q4_k_m,segmented_hex_multi_topic,sha256_hex,explain_biological_process
detector_pair__78789aa0c34864ffc8f26d88__ordinary_control,0,0.09073163568973541,textcnn,leave_one_model__mistral_7b_instruct_v0_3_q4_k_m,test,matched_clean_llm,dedup-cluster-c791365cbb6a3ed856420c65,revision_v1_hmac_sha256_hex_023,mistral_7b_instruct_v0_3_q4_k_m,segmented_hex_multi_topic,hmac_sha256_hex,forum_practical_answer
detector_pair__78789aa0c34864ffc8f26d88__rankcloak,1,0.9681439399719238,textcnn,leave_one_model__mistral_7b_instruct_v0_3_q4_k_m,test,matched_clean_llm,dedup-cluster-c791365cbb6a3ed856420c65,revision_v1_hmac_sha256_hex_023,mistral_7b_instruct_v0_3_q4_k_m,segmented_hex_multi_topic,hmac_sha256_hex,forum_practical_answer
detector_pair__78d32d06d4a253d91f0fdf19__ordinary_control,0,0.005912618711590767,textcnn,leave_one_model__mistral_7b_instruct_v0_3_q4_k_m,test,matched_clean_llm,dedup-cluster-1fbc53be5b90e4fb2159f7ea,revision_v1_ed25519_signature_base64_018,mistral_7b_instruct_v0_3_q4_k_m,nonseg_ascii_b16,ed25519_signature_base64,procedure_simple_meal
detector_pair__78d32d06d4a253d91f0fdf19__rankcloak,1,0.999679446220398,textcnn,leave_one_model__mistral_7b_instruct_v0_3_q4_k_m,test,matched_clean_llm,dedup-cluster-1fbc53be5b90e4fb2159f7ea,revision_v1_ed25519_signature_base64_018,mistral_7b_instruct_v0_3_q4_k_m,nonseg_ascii_b16,ed25519_signature_base64,procedure_simple_meal
detector_pair__79cec8d2c94f9af35423238a__ordinary_control,0,1.2135601537011098e-05,textcnn,leave_one_model__mistral_7b_instruct_v0_3_q4_k_m,test,matched_clean_llm,dedup-cluster-02069e60ee294b6b19cc3fda,revision_v1_chacha20_poly1305_base64_028,mistral_7b_instruct_v0_3_q4_k_m,direct_subword_calgacus,chacha20_poly1305_base64,casual_weekend_chat
detector_pair__79cec8d2c94f9af35423238a__rankcloak,1,0.9871915578842163,textcnn,leave_one_model__mistral_7b_instruct_v0_3_q4_k_m,test,matched_clean_llm,dedup-cluster-02069e60ee294b6b19cc3fda,revision_v1_chacha20_poly1305_base64_028,mistral_7b_instruct_v0_3_q4_k_m,direct_subword_calgacus,chacha20_poly1305_base64,casual_weekend_chat
detector_pair__7a2509ff2318236885c6dede__ordinary_control,0,0.23856966197490692,textcnn,leave_one_model__mistral_7b_instruct_v0_3_q4_k_m,test,matched_clean_llm,dedup-cluster-4fce714af80d0b4f14ad4961,revision_v1_sha256_hex_008,mistral_7b_instruct_v0_3_q4_k_m,segmented_hex_single_topic,sha256_hex,narrative_small_discovery
detector_pair__7a2509ff2318236885c6dede__rankcloak,1,0.3987908661365509,textcnn,leave_one_model__mistral_7b_instruct_v0_3_q4_k_m,test,matched_clean_llm,dedup-cluster-4fce714af80d0b4f14ad4961,revision_v1_sha256_hex_008,mistral_7b_instruct_v0_3_q4_k_m,segmented_hex_single_topic,sha256_hex,narrative_small_discovery
detector_pair__7a43a27e4295663220eeb1d0__ordinary_control,0,0.78591388463974,textcnn,leave_one_model__mistral_7b_instruct_v0_3_q4_k_m,test,matched_clean_llm,dedup-cluster-f06bf1b2872f90ff6209fecd,revision_v1_uuid_v4_044,mistral_7b_instruct_v0_3_q4_k_m,nonseg_ascii_b8,uuid_v4,forum_purchase_advice
detector_pair__7a43a27e4295663220eeb1d0__rankcloak,1,0.9997684359550476,textcnn,leave_one_model__mistral_7b_instruct_v0_3_q4_k_m,test,matched_clean_llm,dedup-cluster-f06bf1b2872f90ff6209fecd,revision_v1_uuid_v4_044,mistral_7b_instruct_v0_3_q4_k_m,nonseg_ascii_b8,uuid_v4,forum_purchase_advice
detector_pair__7c0043c5aedf262d0c87b206__ordinary_control,0,0.019489750266075134,textcnn,leave_one_model__mistral_7b_instruct_v0_3_q4_k_m,test,matched_clean_llm,dedup-cluster-fd9e19480ac45dd31145b893,revision_v1_hmac_sha256_hex_008,mistral_7b_instruct_v0_3_q4_k_m,nonseg_ascii_b8,hmac_sha256_hex,explain_everyday_system
detector_pair__7c0043c5aedf262d0c87b206__rankcloak,1,0.9988943934440613,textcnn,leave_one_model__mistral_7b_instruct_v0_3_q4_k_m,test,matched_clean_llm,dedup-cluster-fd9e19480ac45dd31145b893,revision_v1_hmac_sha256_hex_008,mistral_7b_instruct_v0_3_q4_k_m,nonseg_ascii_b8,hmac_sha256_hex,explain_everyday_system
detector_pair__7c13b243bf3ef1cf7c618c2d__ordinary_control,0,1.3494397535396274e-05,textcnn,leave_one_model__mistral_7b_instruct_v0_3_q4_k_m,test,matched_clean_llm,dedup-cluster-2447f2f757732f18a1468db2,revision_v1_aes256_gcm_base64_044,mistral_7b_instruct_v0_3_q4_k_m,direct_subword_calgacus,aes256_gcm_base64,procedure_garden_task
detector_pair__7c13b243bf3ef1cf7c618c2d__rankcloak,1,0.9999768733978271,textcnn,leave_one_model__mistral_7b_instruct_v0_3_q4_k_m,test,matched_clean_llm,dedup-cluster-2447f2f757732f18a1468db2,revision_v1_aes256_gcm_base64_044,mistral_7b_instruct_v0_3_q4_k_m,direct_subword_calgacus,aes256_gcm_base64,procedure_garden_task
detector_pair__7c2200751ccea0ad1bf469fa__ordinary_control,0,0.0005752081633545458,textcnn,leave_one_model__mistral_7b_instruct_v0_3_q4_k_m,test,matched_clean_llm,dedup-cluster-00190ab339967308d13aeb9a,revision_v1_token_128_bit_hex_037,mistral_7b_instruct_v0_3_q4_k_m,segmented_hex_single_topic,token_128_bit_hex,casual_neighborhood_chat
detector_pair__7c2200751ccea0ad1bf469fa__rankcloak,1,0.8573852777481079,textcnn,leave_one_model__mistral_7b_instruct_v0_3_q4_k_m,test,matched_clean_llm,dedup-cluster-00190ab339967308d13aeb9a,revision_v1_token_128_bit_hex_037,mistral_7b_instruct_v0_3_q4_k_m,segmented_hex_single_topic,token_128_bit_hex,casual_neighborhood_chat
detector_pair__7ccfd4477e9a3b6a69afdbbd__ordinary_control,0,0.1475359946489334,textcnn,leave_one_model__mistral_7b_instruct_v0_3_q4_k_m,test,matched_clean_llm,dedup-cluster-29c00935d1f39c68be75bfe8,revision_v1_nonce_96_bit_hex_035,mistral_7b_instruct_v0_3_q4_k_m,nonseg_hex_nibble_b16,nonce_96_bit_hex,procedure_simple_meal
detector_pair__7ccfd4477e9a3b6a69afdbbd__rankcloak,1,0.997765302658081,textcnn,leave_one_model__mistral_7b_instruct_v0_3_q4_k_m,test,matched_clean_llm,dedup-cluster-29c00935d1f39c68be75bfe8,revision_v1_nonce_96_bit_hex_035,mistral_7b_instruct_v0_3_q4_k_m,nonseg_hex_nibble_b16,nonce_96_bit_hex,procedure_simple_meal
detector_pair__7d575075d6231cfdd0368678__ordinary_control,0,1.2160161531937774e-05,textcnn,leave_one_model__mistral_7b_instruct_v0_3_q4_k_m,test,matched_clean_llm,dedup-cluster-1e85096517059ca2585e10f1,revision_v1_nonce_96_bit_hex_044,mistral_7b_instruct_v0_3_q4_k_m,nonseg_ascii_b16,nonce_96_bit_hex,casual_neighborhood_chat
detector_pair__7d575075d6231cfdd0368678__rankcloak,1,0.8012596964836121,textcnn,leave_one_model__mistral_7b_instruct_v0_3_q4_k_m,test,matched_clean_llm,dedup-cluster-1e85096517059ca2585e10f1,revision_v1_nonce_96_bit_hex_044,mistral_7b_instruct_v0_3_q4_k_m,nonseg_ascii_b16,nonce_96_bit_hex,casual_neighborhood_chat
detector_pair__7d61cb0f8ae4ff4695fdd525__ordinary_control,0,0.036840032786130905,textcnn,leave_one_model__mistral_7b_instruct_v0_3_q4_k_m,test,matched_clean_llm,dedup-cluster-87be1653d2065bc655a96c84,revision_v1_token_128_bit_hex_020,mistral_7b_instruct_v0_3_q4_k_m,nonseg_ascii_b8,token_128_bit_hex,professional_process_email
detector_pair__7d61cb0f8ae4ff4695fdd525__rankcloak,1,0.9999918937683105,textcnn,leave_one_model__mistral_7b_instruct_v0_3_q4_k_m,test,matched_clean_llm,dedup-cluster-87be1653d2065bc655a96c84,revision_v1_token_128_bit_hex_020,mistral_7b_instruct_v0_3_q4_k_m,nonseg_ascii_b8,token_128_bit_hex,professional_process_email
detector_pair__7fb74b02c4d6808cde0dac3d__ordinary_control,0,0.0001712696539470926,textcnn,leave_one_model__mistral_7b_instruct_v0_3_q4_k_m,test,matched_clean_llm,dedup-cluster-f1630cf66c55bafe664639a5,revision_v1_hmac_sha256_hex_009,mistral_7b_instruct_v0_3_q4_k_m,nonseg_ascii_b8,hmac_sha256_hex,casual_hobby_chat
detector_pair__7fb74b02c4d6808cde0dac3d__rankcloak,1,0.99978107213974,textcnn,leave_one_model__mistral_7b_instruct_v0_3_q4_k_m,test,matched_clean_llm,dedup-cluster-f1630cf66c55bafe664639a5,revision_v1_hmac_sha256_hex_009,mistral_7b_instruct_v0_3_q4_k_m,nonseg_ascii_b8,hmac_sha256_hex,casual_hobby_chat
detector_pair__7ff7ff1116bff9f37f46c0cf__ordinary_control,0,3.5672137528308667e-06,textcnn,leave_one_model__mistral_7b_instruct_v0_3_q4_k_m,test,matched_clean_llm,dedup-cluster-530f7a325b417a884b1be200,revision_v1_nonce_96_bit_hex_032,mistral_7b_instruct_v0_3_q4_k_m,nonseg_ascii_b16,nonce_96_bit_hex,casual_weekend_chat
detector_pair__7ff7ff1116bff9f37f46c0cf__rankcloak,1,0.9999580383300781,textcnn,leave_one_model__mistral_7b_instruct_v0_3_q4_k_m,test,matched_clean_llm,dedup-cluster-530f7a325b417a884b1be200,revision_v1_nonce_96_bit_hex_032,mistral_7b_instruct_v0_3_q4_k_m,nonseg_ascii_b16,nonce_96_bit_hex,casual_weekend_chat
detector_pair__809e1f3d84d6c260961c9343__ordinary_control,0,0.04093067720532417,textcnn,leave_one_model__mistral_7b_instruct_v0_3_q4_k_m,test,matched_clean_llm,dedup-cluster-3835ae9c8d0c8b9133aa0f7c,revision_v1_sha256_hex_014,mistral_7b_instruct_v0_3_q4_k_m,segmented_hex_multi_topic,sha256_hex,narrative_local_walk
detector_pair__809e1f3d84d6c260961c9343__rankcloak,1,0.9997966885566711,textcnn,leave_one_model__mistral_7b_instruct_v0_3_q4_k_m,test,matched_clean_llm,dedup-cluster-3835ae9c8d0c8b9133aa0f7c,revision_v1_sha256_hex_014,mistral_7b_instruct_v0_3_q4_k_m,segmented_hex_multi_topic,sha256_hex,narrative_local_walk
detector_pair__80d226c268cd331b6fa02cb2__ordinary_control,0,0.0007240366539917886,textcnn,leave_one_model__mistral_7b_instruct_v0_3_q4_k_m,test,matched_clean_llm,dedup-cluster-4a2ba4b96048298d2a4a680c,revision_v1_token_128_bit_hex_008,mistral_7b_instruct_v0_3_q4_k_m,direct_subword_calgacus,token_128_bit_hex,professional_project_update
detector_pair__80d226c268cd331b6fa02cb2__rankcloak,1,0.9999889135360718,textcnn,leave_one_model__mistral_7b_instruct_v0_3_q4_k_m,test,matched_clean_llm,dedup-cluster-4a2ba4b96048298d2a4a680c,revision_v1_token_128_bit_hex_008,mistral_7b_instruct_v0_3_q4_k_m,direct_subword_calgacus,token_128_bit_hex,professional_project_update
detector_pair__81ea448359c66dffc917b299__ordinary_control,0,7.051441934891045e-05,textcnn,leave_one_model__mistral_7b_instruct_v0_3_q4_k_m,test,matched_clean_llm,dedup-cluster-c3dca9a9298a213ff99b5c53,revision_v1_sha256_hex_017,mistral_7b_instruct_v0_3_q4_k_m,segmented_hex_multi_topic,sha256_hex,professional_schedule_note
detector_pair__81ea448359c66dffc917b299__rankcloak,1,0.9999732971191406,textcnn,leave_one_model__mistral_7b_instruct_v0_3_q4_k_m,test,matched_clean_llm,dedup-cluster-c3dca9a9298a213ff99b5c53,revision_v1_sha256_hex_017,mistral_7b_instruct_v0_3_q4_k_m,segmented_hex_multi_topic,sha256_hex,professional_schedule_note
detector_pair__82758322bfccb18154e811f3__ordinary_control,0,0.004148904234170914,textcnn,leave_one_model__mistral_7b_instruct_v0_3_q4_k_m,test,matched_clean_llm,dedup-cluster-0d14bae63cd1e6e73dd0fa7a,revision_v1_nonce_96_bit_hex_022,mistral_7b_instruct_v0_3_q4_k_m,nonseg_ascii_b8,nonce_96_bit_hex,forum_purchase_advice
detector_pair__82758322bfccb18154e811f3__rankcloak,1,0.9998897314071655,textcnn,leave_one_model__mistral_7b_instruct_v0_3_q4_k_m,test,matched_clean_llm,dedup-cluster-0d14bae63cd1e6e73dd0fa7a,revision_v1_nonce_96_bit_hex_022,mistral_7b_instruct_v0_3_q4_k_m,nonseg_ascii_b8,nonce_96_bit_hex,forum_purchase_advice
detector_pair__83cb3a60d37a49602f6071aa__ordinary_control,0,7.399391324725002e-05,textcnn,leave_one_model__mistral_7b_instruct_v0_3_q4_k_m,test,matched_clean_llm,dedup-cluster-64d1f52c4a9a8a169b1930ca,revision_v1_uuid_v4_018,mistral_7b_instruct_v0_3_q4_k_m,nonseg_ascii_b8,uuid_v4,casual_weekend_chat
detector_pair__83cb3a60d37a49602f6071aa__rankcloak,1,0.277693510055542,textcnn,leave_one_model__mistral_7b_instruct_v0_3_q4_k_m,test,matched_clean_llm,dedup-cluster-64d1f52c4a9a8a169b1930ca,revision_v1_uuid_v4_018,mistral_7b_instruct_v0_3_q4_k_m,nonseg_ascii_b8,uuid_v4,casual_weekend_chat
detector_pair__84a374eb86207b084e9319b0__ordinary_control,0,0.0017440062947571278,textcnn,leave_one_model__mistral_7b_instruct_v0_3_q4_k_m,test,matched_clean_llm,dedup-cluster-0f86d19fbad1d704affd1c2e,revision_v1_aes256_gcm_base64_007,mistral_7b_instruct_v0_3_q4_k_m,nonseg_ascii_b8,aes256_gcm_base64,forum_learning_answer
detector_pair__84a374eb86207b084e9319b0__rankcloak,1,0.9999948740005493,textcnn,leave_one_model__mistral_7b_instruct_v0_3_q4_k_m,test,matched_clean_llm,dedup-cluster-0f86d19fbad1d704affd1c2e,revision_v1_aes256_gcm_base64_007,mistral_7b_instruct_v0_3_q4_k_m,nonseg_ascii_b8,aes256_gcm_base64,forum_learning_answer
detector_pair__850679ad388a442f9cc0a29e__ordinary_control,0,0.0002553421654738486,textcnn,leave_one_model__mistral_7b_instruct_v0_3_q4_k_m,test,matched_clean_llm,dedup-cluster-ff49451d067828caa2ddfd75,revision_v1_chacha20_poly1305_base64_031,mistral_7b_instruct_v0_3_q4_k_m,nonseg_ascii_b8,chacha20_poly1305_base64,procedure_home_task
detector_pair__850679ad388a442f9cc0a29e__rankcloak,1,0.9997630715370178,textcnn,leave_one_model__mistral_7b_instruct_v0_3_q4_k_m,test,matched_clean_llm,dedup-cluster-ff49451d067828caa2ddfd75,revision_v1_chacha20_poly1305_base64_031,mistral_7b_instruct_v0_3_q4_k_m,nonseg_ascii_b8,chacha20_poly1305_base64,procedure_home_task
detector_pair__86096ff1a9a322de9ee97059__ordinary_control,0,0.0004084437678102404,textcnn,leave_one_model__mistral_7b_instruct_v0_3_q4_k_m,test,matched_clean_llm,dedup-cluster-4e1923627139bf11a982ad81,revision_v1_aes256_gcm_base64_030,mistral_7b_instruct_v0_3_q4_k_m,nonseg_ascii_b8,aes256_gcm_base64,professional_project_update
detector_pair__86096ff1a9a322de9ee97059__rankcloak,1,0.9999982118606567,textcnn,leave_one_model__mistral_7b_instruct_v0_3_q4_k_m,test,matched_clean_llm,dedup-cluster-4e1923627139bf11a982ad81,revision_v1_aes256_gcm_base64_030,mistral_7b_instruct_v0_3_q4_k_m,nonseg_ascii_b8,aes256_gcm_base64,professional_project_update
detector_pair__86194ad78f0566dd995c6780__ordinary_control,0,3.4357824915787205e-05,textcnn,leave_one_model__mistral_7b_instruct_v0_3_q4_k_m,test,matched_clean_llm,dedup-cluster-0b53467e512d7aed40a8b7c5,revision_v1_hmac_sha256_hex_035,mistral_7b_instruct_v0_3_q4_k_m,segmented_hex_multi_topic,hmac_sha256_hex,forum_learning_answer
detector_pair__86194ad78f0566dd995c6780__rankcloak,1,0.9999942779541016,textcnn,leave_one_model__mistral_7b_instruct_v0_3_q4_k_m,test,matched_clean_llm,dedup-cluster-0b53467e512d7aed40a8b7c5,revision_v1_hmac_sha256_hex_035,mistral_7b_instruct_v0_3_q4_k_m,segmented_hex_multi_topic,hmac_sha256_hex,forum_learning_answer
detector_pair__864db39273d414ab89f54e91__ordinary_control,0,3.0311861337395385e-05,textcnn,leave_one_model__mistral_7b_instruct_v0_3_q4_k_m,test,matched_clean_llm,dedup-cluster-95e2f27c2b585a3d4fdfda70,revision_v1_nonce_96_bit_hex_013,mistral_7b_instruct_v0_3_q4_k_m,segmented_hex_single_topic,nonce_96_bit_hex,explain_weather_pattern
detector_pair__864db39273d414ab89f54e91__rankcloak,1,0.49202072620391846,textcnn,leave_one_model__mistral_7b_instruct_v0_3_q4_k_m,test,matched_clean_llm,dedup-cluster-95e2f27c2b585a3d4fdfda70,revision_v1_nonce_96_bit_hex_013,mistral_7b_instruct_v0_3_q4_k_m,segmented_hex_single_topic,nonce_96_bit_hex,explain_weather_pattern
detector_pair__864f74c14cc1230dcfa942a7__ordinary_control,0,0.501915454864502,textcnn,leave_one_model__mistral_7b_instruct_v0_3_q4_k_m,test,matched_clean_llm,dedup-cluster-3835ae9c8d0c8b9133aa0f7c,revision_v1_sha256_hex_014,mistral_7b_instruct_v0_3_q4_k_m,segmented_hex_multi_topic,sha256_hex,narrative_local_walk
detector_pair__864f74c14cc1230dcfa942a7__rankcloak,1,0.9867124557495117,textcnn,leave_one_model__mistral_7b_instruct_v0_3_q4_k_m,test,matched_clean_llm,dedup-cluster-3835ae9c8d0c8b9133aa0f7c,revision_v1_sha256_hex_014,mistral_7b_instruct_v0_3_q4_k_m,segmented_hex_multi_topic,sha256_hex,narrative_local_walk
detector_pair__86a459fec673197f81aef897__ordinary_control,0,0.11360549926757812,textcnn,leave_one_model__mistral_7b_instruct_v0_3_q4_k_m,test,matched_clean_llm,dedup-cluster-f9ad8da8cff8f544eb822985,revision_v1_uuid_v4_056,mistral_7b_instruct_v0_3_q4_k_m,nonseg_ascii_b16,uuid_v4,forum_practical_answer
detector_pair__86a459fec673197f81aef897__rankcloak,1,0.9980939030647278,textcnn,leave_one_model__mistral_7b_instruct_v0_3_q4_k_m,test,matched_clean_llm,dedup-cluster-f9ad8da8cff8f544eb822985,revision_v1_uuid_v4_056,mistral_7b_instruct_v0_3_q4_k_m,nonseg_ascii_b16,uuid_v4,forum_practical_answer
detector_pair__86c3f94446d692106ba00654__ordinary_control,0,0.005719137378036976,textcnn,leave_one_model__mistral_7b_instruct_v0_3_q4_k_m,test,matched_clean_llm,dedup-cluster-86d70a013a18a7f0dc80b7f5,revision_v1_hmac_sha256_hex_001,mistral_7b_instruct_v0_3_q4_k_m,segmented_hex_single_topic,hmac_sha256_hex,narrative_small_discovery
detector_pair__86c3f94446d692106ba00654__rankcloak,1,0.9999489784240723,textcnn,leave_one_model__mistral_7b_instruct_v0_3_q4_k_m,test,matched_clean_llm,dedup-cluster-86d70a013a18a7f0dc80b7f5,revision_v1_hmac_sha256_hex_001,mistral_7b_instruct_v0_3_q4_k_m,segmented_hex_single_topic,hmac_sha256_hex,narrative_small_discovery
detector_pair__88d232d6683e1784350a2da1__ordinary_control,0,1.6293206499540247e-05,textcnn,leave_one_model__mistral_7b_instruct_v0_3_q4_k_m,test,matched_clean_llm,dedup-cluster-00190ab339967308d13aeb9a,revision_v1_token_128_bit_hex_037,mistral_7b_instruct_v0_3_q4_k_m,direct_subword_calgacus,token_128_bit_hex,casual_neighborhood_chat
detector_pair__88d232d6683e1784350a2da1__rankcloak,1,0.06014062091708183,textcnn,leave_one_model__mistral_7b_instruct_v0_3_q4_k_m,test,matched_clean_llm,dedup-cluster-00190ab339967308d13aeb9a,revision_v1_token_128_bit_hex_037,mistral_7b_instruct_v0_3_q4_k_m,direct_subword_calgacus,token_128_bit_hex,casual_neighborhood_chat
detector_pair__8acec4a41853e8081f6127b4__ordinary_control,0,0.014192700386047363,textcnn,leave_one_model__mistral_7b_instruct_v0_3_q4_k_m,test,matched_clean_llm,dedup-cluster-fd9e19480ac45dd31145b893,revision_v1_hmac_sha256_hex_008,mistral_7b_instruct_v0_3_q4_k_m,direct_subword_calgacus,hmac_sha256_hex,explain_everyday_system
detector_pair__8acec4a41853e8081f6127b4__rankcloak,1,0.9988749623298645,textcnn,leave_one_model__mistral_7b_instruct_v0_3_q4_k_m,test,matched_clean_llm,dedup-cluster-fd9e19480ac45dd31145b893,revision_v1_hmac_sha256_hex_008,mistral_7b_instruct_v0_3_q4_k_m,direct_subword_calgacus,hmac_sha256_hex,explain_everyday_system
detector_pair__8b4541424824e4a6a95ad2d9__ordinary_control,0,0.00030744337709620595,textcnn,leave_one_model__mistral_7b_instruct_v0_3_q4_k_m,test,matched_clean_llm,dedup-cluster-089a5c41a6187c40edeb1a0c,revision_v1_nonce_96_bit_hex_007,mistral_7b_instruct_v0_3_q4_k_m,nonseg_ascii_b8,nonce_96_bit_hex,explain_biological_process
detector_pair__8b4541424824e4a6a95ad2d9__rankcloak,1,0.9884158372879028,textcnn,leave_one_model__mistral_7b_instruct_v0_3_q4_k_m,test,matched_clean_llm,dedup-cluster-089a5c41a6187c40edeb1a0c,revision_v1_nonce_96_bit_hex_007,mistral_7b_instruct_v0_3_q4_k_m,nonseg_ascii_b8,nonce_96_bit_hex,explain_biological_process
detector_pair__8b7aaf8ce0b66ff9bf4f1553__ordinary_control,0,0.04646056517958641,textcnn,leave_one_model__mistral_7b_instruct_v0_3_q4_k_m,test,matched_clean_llm,dedup-cluster-f10c8c155e4980c1847c8ddb,revision_v1_uuid_v4_035,mistral_7b_instruct_v0_3_q4_k_m,direct_subword_calgacus,uuid_v4,explain_biological_process
detector_pair__8b7aaf8ce0b66ff9bf4f1553__rankcloak,1,0.9703207015991211,textcnn,leave_one_model__mistral_7b_instruct_v0_3_q4_k_m,test,matched_clean_llm,dedup-cluster-f10c8c155e4980c1847c8ddb,revision_v1_uuid_v4_035,mistral_7b_instruct_v0_3_q4_k_m,direct_subword_calgacus,uuid_v4,explain_biological_process
detector_pair__8c6b76df154f306d91e956aa__ordinary_control,0,0.01059221476316452,textcnn,leave_one_model__mistral_7b_instruct_v0_3_q4_k_m,test,matched_clean_llm,dedup-cluster-a37fa1ef4ffc42eb7c181e4b,revision_v1_aes256_gcm_base64_056,mistral_7b_instruct_v0_3_q4_k_m,nonseg_ascii_b8,aes256_gcm_base64,procedure_home_task
detector_pair__8c6b76df154f306d91e956aa__rankcloak,1,0.9996405839920044,textcnn,leave_one_model__mistral_7b_instruct_v0_3_q4_k_m,test,matched_clean_llm,dedup-cluster-a37fa1ef4ffc42eb7c181e4b,revision_v1_aes256_gcm_base64_056,mistral_7b_instruct_v0_3_q4_k_m,nonseg_ascii_b8,aes256_gcm_base64,procedure_home_task
detector_pair__8ca0db27cd39a7fef0a88ed8__ordinary_control,0,0.0001394803839502856,textcnn,leave_one_model__mistral_7b_instruct_v0_3_q4_k_m,test,matched_clean_llm,dedup-cluster-a519d2b02dc9e7bccd7392ff,revision_v1_aes256_gcm_base64_026,mistral_7b_instruct_v0_3_q4_k_m,nonseg_ascii_b8,aes256_gcm_base64,procedure_garden_task
detector_pair__8ca0db27cd39a7fef0a88ed8__rankcloak,1,0.993316113948822,textcnn,leave_one_model__mistral_7b_instruct_v0_3_q4_k_m,test,matched_clean_llm,dedup-cluster-a519d2b02dc9e7bccd7392ff,revision_v1_aes256_gcm_base64_026,mistral_7b_instruct_v0_3_q4_k_m,nonseg_ascii_b8,aes256_gcm_base64,procedure_garden_task
detector_pair__8ea3e48b004c7f89f7d858a0__ordinary_control,0,0.6962177157402039,textcnn,leave_one_model__mistral_7b_instruct_v0_3_q4_k_m,test,matched_clean_llm,dedup-cluster-5b9dd88bf5e7e73a8e168e80,revision_v1_ed25519_signature_base64_001,mistral_7b_instruct_v0_3_q4_k_m,nonseg_ascii_b16,ed25519_signature_base64,narrative_small_discovery
detector_pair__8ea3e48b004c7f89f7d858a0__rankcloak,1,0.9954095482826233,textcnn,leave_one_model__mistral_7b_instruct_v0_3_q4_k_m,test,matched_clean_llm,dedup-cluster-5b9dd88bf5e7e73a8e168e80,revision_v1_ed25519_signature_base64_001,mistral_7b_instruct_v0_3_q4_k_m,nonseg_ascii_b16,ed25519_signature_base64,narrative_small_discovery
detector_pair__8eb8d80ddddc116cbf075b7e__ordinary_control,0,3.2349904358852655e-05,textcnn,leave_one_model__mistral_7b_instruct_v0_3_q4_k_m,test,matched_clean_llm,dedup-cluster-83b5ef276b5071a7412eb272,revision_v1_token_128_bit_hex_001,mistral_7b_instruct_v0_3_q4_k_m,segmented_hex_single_topic,token_128_bit_hex,casual_neighborhood_chat
detector_pair__8eb8d80ddddc116cbf075b7e__rankcloak,1,0.9965080618858337,textcnn,leave_one_model__mistral_7b_instruct_v0_3_q4_k_m,test,matched_clean_llm,dedup-cluster-83b5ef276b5071a7412eb272,revision_v1_token_128_bit_hex_001,mistral_7b_instruct_v0_3_q4_k_m,segmented_hex_single_topic,token_128_bit_hex,casual_neighborhood_chat
detector_pair__8f97ca28d4657db6ad763673__ordinary_control,0,4.6359896259673405e-06,textcnn,leave_one_model__mistral_7b_instruct_v0_3_q4_k_m,test,matched_clean_llm,dedup-cluster-c3dca9a9298a213ff99b5c53,revision_v1_sha256_hex_017,mistral_7b_instruct_v0_3_q4_k_m,segmented_hex_multi_topic,sha256_hex,professional_schedule_note
detector_pair__8f97ca28d4657db6ad763673__rankcloak,1,0.9999998807907104,textcnn,leave_one_model__mistral_7b_instruct_v0_3_q4_k_m,test,matched_clean_llm,dedup-cluster-c3dca9a9298a213ff99b5c53,revision_v1_sha256_hex_017,mistral_7b_instruct_v0_3_q4_k_m,segmented_hex_multi_topic,sha256_hex,professional_schedule_note
detector_pair__8fb17fa5a731c82ca719a78a__ordinary_control,0,1.9384469851502217e-05,textcnn,leave_one_model__mistral_7b_instruct_v0_3_q4_k_m,test,matched_clean_llm,dedup-cluster-a70c2199fe9757fc3a965e41,revision_v1_sha256_hex_041,mistral_7b_instruct_v0_3_q4_k_m,segmented_hex_multi_topic,sha256_hex,professional_process_email
detector_pair__8fb17fa5a731c82ca719a78a__rankcloak,1,0.9945806860923767,textcnn,leave_one_model__mistral_7b_instruct_v0_3_q4_k_m,test,matched_clean_llm,dedup-cluster-a70c2199fe9757fc3a965e41,revision_v1_sha256_hex_041,mistral_7b_instruct_v0_3_q4_k_m,segmented_hex_multi_topic,sha256_hex,professional_process_email
detector_pair__8fbc82beeab02a97bce2cf4f__ordinary_control,0,0.018818490207195282,textcnn,leave_one_model__mistral_7b_instruct_v0_3_q4_k_m,test,matched_clean_llm,dedup-cluster-6a3b0df392337f6421c0e2eb,revision_v1_uuid_v4_026,mistral_7b_instruct_v0_3_q4_k_m,direct_subword_calgacus,uuid_v4,forum_purchase_advice
detector_pair__8fbc82beeab02a97bce2cf4f__rankcloak,1,0.9998074173927307,textcnn,leave_one_model__mistral_7b_instruct_v0_3_q4_k_m,test,matched_clean_llm,dedup-cluster-6a3b0df392337f6421c0e2eb,revision_v1_uuid_v4_026,mistral_7b_instruct_v0_3_q4_k_m,direct_subword_calgacus,uuid_v4,forum_purchase_advice
detector_pair__8fbe1568cb6c52c20ee39f1a__ordinary_control,0,0.0408068485558033,textcnn,leave_one_model__mistral_7b_instruct_v0_3_q4_k_m,test,matched_clean_llm,dedup-cluster-a66afc9b25c5890a041c104a,revision_v1_ed25519_signature_base64_011,mistral_7b_instruct_v0_3_q4_k_m,nonseg_ascii_b16,ed25519_signature_base64,forum_purchase_advice
detector_pair__8fbe1568cb6c52c20ee39f1a__rankcloak,1,0.9925315976142883,textcnn,leave_one_model__mistral_7b_instruct_v0_3_q4_k_m,test,matched_clean_llm,dedup-cluster-a66afc9b25c5890a041c104a,revision_v1_ed25519_signature_base64_011,mistral_7b_instruct_v0_3_q4_k_m,nonseg_ascii_b16,ed25519_signature_base64,forum_purchase_advice
detector_pair__9015474998e77bc0e41c9660__ordinary_control,0,1.8245629689772613e-05,textcnn,leave_one_model__mistral_7b_instruct_v0_3_q4_k_m,test,matched_clean_llm,dedup-cluster-80b481e94169d611d3504384,revision_v1_ed25519_signature_base64_034,mistral_7b_instruct_v0_3_q4_k_m,nonseg_ascii_b16,ed25519_signature_base64,professional_process_email
detector_pair__9015474998e77bc0e41c9660__rankcloak,1,0.9999996423721313,textcnn,leave_one_model__mistral_7b_instruct_v0_3_q4_k_m,test,matched_clean_llm,dedup-cluster-80b481e94169d611d3504384,revision_v1_ed25519_signature_base64_034,mistral_7b_instruct_v0_3_q4_k_m,nonseg_ascii_b16,ed25519_signature_base64,professional_process_email
detector_pair__9220c276e3afb2edb90ea7da__ordinary_control,0,1.2349203643680084e-05,textcnn,leave_one_model__mistral_7b_instruct_v0_3_q4_k_m,test,matched_clean_llm,dedup-cluster-a7d8804ca4431e2f7d1239fd,revision_v1_aes256_gcm_base64_048,mistral_7b_instruct_v0_3_q4_k_m,nonseg_ascii_b16,aes256_gcm_base64,professional_project_update
detector_pair__9220c276e3afb2edb90ea7da__rankcloak,1,1.0,textcnn,leave_one_model__mistral_7b_instruct_v0_3_q4_k_m,test,matched_clean_llm,dedup-cluster-a7d8804ca4431e2f7d1239fd,revision_v1_aes256_gcm_base64_048,mistral_7b_instruct_v0_3_q4_k_m,nonseg_ascii_b16,aes256_gcm_base64,professional_project_update
detector_pair__9238a3b251a9e04b246e21a9__ordinary_control,0,9.631755528971553e-05,textcnn,leave_one_model__mistral_7b_instruct_v0_3_q4_k_m,test,matched_clean_llm,dedup-cluster-bce5a8a5d318ff689ce98a79,revision_v1_ed25519_signature_base64_023,mistral_7b_instruct_v0_3_q4_k_m,nonseg_ascii_b16,ed25519_signature_base64,forum_practical_answer
detector_pair__9238a3b251a9e04b246e21a9__rankcloak,1,0.9561973214149475,textcnn,leave_one_model__mistral_7b_instruct_v0_3_q4_k_m,test,matched_clean_llm,dedup-cluster-bce5a8a5d318ff689ce98a79,revision_v1_ed25519_signature_base64_023,mistral_7b_instruct_v0_3_q4_k_m,nonseg_ascii_b16,ed25519_signature_base64,forum_practical_answer
detector_pair__92f93fb9175e2a9f24edbb88__ordinary_control,0,0.0004245760792400688,textcnn,leave_one_model__mistral_7b_instruct_v0_3_q4_k_m,test,matched_clean_llm,dedup-cluster-9ce5c8433f0a2ba109d4fda8,revision_v1_aes256_gcm_base64_029,mistral_7b_instruct_v0_3_q4_k_m,nonseg_ascii_b16,aes256_gcm_base64,casual_neighborhood_chat
detector_pair__92f93fb9175e2a9f24edbb88__rankcloak,1,0.9999945163726807,textcnn,leave_one_model__mistral_7b_instruct_v0_3_q4_k_m,test,matched_clean_llm,dedup-cluster-9ce5c8433f0a2ba109d4fda8,revision_v1_aes256_gcm_base64_029,mistral_7b_instruct_v0_3_q4_k_m,nonseg_ascii_b16,aes256_gcm_base64,casual_neighborhood_chat
detector_pair__93cb39fc8a90eeab971a64ef__ordinary_control,0,0.005102270282804966,textcnn,leave_one_model__mistral_7b_instruct_v0_3_q4_k_m,test,matched_clean_llm,dedup-cluster-1ae66c809db7c888edc24849,revision_v1_sha256_hex_020,mistral_7b_instruct_v0_3_q4_k_m,segmented_hex_single_topic,sha256_hex,narrative_learning_moment
detector_pair__93cb39fc8a90eeab971a64ef__rankcloak,1,0.9999843835830688,textcnn,leave_one_model__mistral_7b_instruct_v0_3_q4_k_m,test,matched_clean_llm,dedup-cluster-1ae66c809db7c888edc24849,revision_v1_sha256_hex_020,mistral_7b_instruct_v0_3_q4_k_m,segmented_hex_single_topic,sha256_hex,narrative_learning_moment
detector_pair__93edcba6903bd6ffb86ec28e__ordinary_control,0,7.125207775970921e-05,textcnn,leave_one_model__mistral_7b_instruct_v0_3_q4_k_m,test,matched_clean_llm,dedup-cluster-0b53467e512d7aed40a8b7c5,revision_v1_hmac_sha256_hex_035,mistral_7b_instruct_v0_3_q4_k_m,nonseg_ascii_b16,hmac_sha256_hex,forum_learning_answer
detector_pair__93edcba6903bd6ffb86ec28e__rankcloak,1,0.8375869393348694,textcnn,leave_one_model__mistral_7b_instruct_v0_3_q4_k_m,test,matched_clean_llm,dedup-cluster-0b53467e512d7aed40a8b7c5,revision_v1_hmac_sha256_hex_035,mistral_7b_instruct_v0_3_q4_k_m,nonseg_ascii_b16,hmac_sha256_hex,forum_learning_answer
detector_pair__949c1aeaeafc521efb203023__ordinary_control,0,0.019113721325993538,textcnn,leave_one_model__mistral_7b_instruct_v0_3_q4_k_m,test,matched_clean_llm,dedup-cluster-8cd2e77d4fa5e7d635c78e1d,revision_v1_nonce_96_bit_hex_053,mistral_7b_instruct_v0_3_q4_k_m,direct_subword_calgacus,nonce_96_bit_hex,procedure_simple_meal
detector_pair__949c1aeaeafc521efb203023__rankcloak,1,0.6559504270553589,textcnn,leave_one_model__mistral_7b_instruct_v0_3_q4_k_m,test,matched_clean_llm,dedup-cluster-8cd2e77d4fa5e7d635c78e1d,revision_v1_nonce_96_bit_hex_053,mistral_7b_instruct_v0_3_q4_k_m,direct_subword_calgacus,nonce_96_bit_hex,procedure_simple_meal
detector_pair__95468c85f5d143ff3728784b__ordinary_control,0,0.0032124416902661324,textcnn,leave_one_model__mistral_7b_instruct_v0_3_q4_k_m,test,matched_clean_llm,dedup-cluster-95e2f27c2b585a3d4fdfda70,revision_v1_nonce_96_bit_hex_013,mistral_7b_instruct_v0_3_q4_k_m,segmented_hex_multi_topic,nonce_96_bit_hex,explain_weather_pattern
detector_pair__95468c85f5d143ff3728784b__rankcloak,1,0.8761317133903503,textcnn,leave_one_model__mistral_7b_instruct_v0_3_q4_k_m,test,matched_clean_llm,dedup-cluster-95e2f27c2b585a3d4fdfda70,revision_v1_nonce_96_bit_hex_013,mistral_7b_instruct_v0_3_q4_k_m,segmented_hex_multi_topic,nonce_96_bit_hex,explain_weather_pattern
detector_pair__966828ff96f42ad1535ceca4__ordinary_control,0,2.5131534130196087e-05,textcnn,leave_one_model__mistral_7b_instruct_v0_3_q4_k_m,test,matched_clean_llm,dedup-cluster-e1f89602cec0d549198e89c6,revision_v1_chacha20_poly1305_base64_046,mistral_7b_instruct_v0_3_q4_k_m,nonseg_ascii_b16,chacha20_poly1305_base64,casual_weekend_chat
detector_pair__966828ff96f42ad1535ceca4__rankcloak,1,0.999625563621521,textcnn,leave_one_model__mistral_7b_instruct_v0_3_q4_k_m,test,matched_clean_llm,dedup-cluster-e1f89602cec0d549198e89c6,revision_v1_chacha20_poly1305_base64_046,mistral_7b_instruct_v0_3_q4_k_m,nonseg_ascii_b16,chacha20_poly1305_base64,casual_weekend_chat
detector_pair__96e724d909bcbe68ef34b0b0__ordinary_control,0,0.1963772475719452,textcnn,leave_one_model__mistral_7b_instruct_v0_3_q4_k_m,test,matched_clean_llm,dedup-cluster-0b53467e512d7aed40a8b7c5,revision_v1_hmac_sha256_hex_035,mistral_7b_instruct_v0_3_q4_k_m,segmented_hex_single_topic,hmac_sha256_hex,forum_learning_answer
detector_pair__96e724d909bcbe68ef34b0b0__rankcloak,1,0.9392811059951782,textcnn,leave_one_model__mistral_7b_instruct_v0_3_q4_k_m,test,matched_clean_llm,dedup-cluster-0b53467e512d7aed40a8b7c5,revision_v1_hmac_sha256_hex_035,mistral_7b_instruct_v0_3_q4_k_m,segmented_hex_single_topic,hmac_sha256_hex,forum_learning_answer
detector_pair__970f2d859f860ce6c95a99c0__ordinary_control,0,2.4238725018221885e-05,textcnn,leave_one_model__mistral_7b_instruct_v0_3_q4_k_m,test,matched_clean_llm,dedup-cluster-607fc29d4914c273292301d6,revision_v1_token_128_bit_hex_052,mistral_7b_instruct_v0_3_q4_k_m,segmented_hex_multi_topic,token_128_bit_hex,procedure_home_task
detector_pair__970f2d859f860ce6c95a99c0__rankcloak,1,0.005577269475907087,textcnn,leave_one_model__mistral_7b_instruct_v0_3_q4_k_m,test,matched_clean_llm,dedup-cluster-607fc29d4914c273292301d6,revision_v1_token_128_bit_hex_052,mistral_7b_instruct_v0_3_q4_k_m,segmented_hex_multi_topic,token_128_bit_hex,procedure_home_task
detector_pair__97ce637e11d258ad01e2849b__ordinary_control,0,0.007823724299669266,textcnn,leave_one_model__mistral_7b_instruct_v0_3_q4_k_m,test,matched_clean_llm,dedup-cluster-4e1923627139bf11a982ad81,revision_v1_aes256_gcm_base64_030,mistral_7b_instruct_v0_3_q4_k_m,direct_subword_calgacus,aes256_gcm_base64,professional_project_update
detector_pair__97ce637e11d258ad01e2849b__rankcloak,1,0.9999980926513672,textcnn,leave_one_model__mistral_7b_instruct_v0_3_q4_k_m,test,matched_clean_llm,dedup-cluster-4e1923627139bf11a982ad81,revision_v1_aes256_gcm_base64_030,mistral_7b_instruct_v0_3_q4_k_m,direct_subword_calgacus,aes256_gcm_base64,professional_project_update
detector_pair__9806115be9fce97808d8a076__ordinary_control,0,0.17512258887290955,textcnn,leave_one_model__mistral_7b_instruct_v0_3_q4_k_m,test,matched_clean_llm,dedup-cluster-be754e26863b30c33e0e75f4,revision_v1_hmac_sha256_hex_000,mistral_7b_instruct_v0_3_q4_k_m,nonseg_hex_nibble_b16,hmac_sha256_hex,procedure_simple_meal
detector_pair__9806115be9fce97808d8a076__rankcloak,1,0.9996522665023804,textcnn,leave_one_model__mistral_7b_instruct_v0_3_q4_k_m,test,matched_clean_llm,dedup-cluster-be754e26863b30c33e0e75f4,revision_v1_hmac_sha256_hex_000,mistral_7b_instruct_v0_3_q4_k_m,nonseg_hex_nibble_b16,hmac_sha256_hex,procedure_simple_meal
detector_pair__98ae9658c4d5c0fc2d425057__ordinary_control,0,0.09521745145320892,textcnn,leave_one_model__mistral_7b_instruct_v0_3_q4_k_m,test,matched_clean_llm,dedup-cluster-1a88735e2967b1b509e24d6b,revision_v1_token_128_bit_hex_015,mistral_7b_instruct_v0_3_q4_k_m,segmented_hex_multi_topic,token_128_bit_hex,forum_purchase_advice
detector_pair__98ae9658c4d5c0fc2d425057__rankcloak,1,0.9995099306106567,textcnn,leave_one_model__mistral_7b_instruct_v0_3_q4_k_m,test,matched_clean_llm,dedup-cluster-1a88735e2967b1b509e24d6b,revision_v1_token_128_bit_hex_015,mistral_7b_instruct_v0_3_q4_k_m,segmented_hex_multi_topic,token_128_bit_hex,forum_purchase_advice
detector_pair__997406d27cf3d47ae8335b35__ordinary_control,0,0.029816467314958572,textcnn,leave_one_model__mistral_7b_instruct_v0_3_q4_k_m,test,matched_clean_llm,dedup-cluster-c31bf6d242afa63449100919,revision_v1_uuid_v4_015,mistral_7b_instruct_v0_3_q4_k_m,direct_subword_calgacus,uuid_v4,procedure_garden_task
detector_pair__997406d27cf3d47ae8335b35__rankcloak,1,0.050454605370759964,textcnn,leave_one_model__mistral_7b_instruct_v0_3_q4_k_m,test,matched_clean_llm,dedup-cluster-c31bf6d242afa63449100919,revision_v1_uuid_v4_015,mistral_7b_instruct_v0_3_q4_k_m,direct_subword_calgacus,uuid_v4,procedure_garden_task
detector_pair__9a21b8d23021ed6136915862__ordinary_control,0,1.0147433386009652e-05,textcnn,leave_one_model__mistral_7b_instruct_v0_3_q4_k_m,test,matched_clean_llm,dedup-cluster-0a09c663faa5a6e644901d76,revision_v1_sha256_hex_016,mistral_7b_instruct_v0_3_q4_k_m,direct_subword_calgacus,sha256_hex,casual_hobby_chat
detector_pair__9a21b8d23021ed6136915862__rankcloak,1,0.9999203681945801,textcnn,leave_one_model__mistral_7b_instruct_v0_3_q4_k_m,test,matched_clean_llm,dedup-cluster-0a09c663faa5a6e644901d76,revision_v1_sha256_hex_016,mistral_7b_instruct_v0_3_q4_k_m,direct_subword_calgacus,sha256_hex,casual_hobby_chat
detector_pair__9a5454f4a0e9a48929580ef9__ordinary_control,0,0.0008439632947556674,textcnn,leave_one_model__mistral_7b_instruct_v0_3_q4_k_m,test,matched_clean_llm,dedup-cluster-047b2cb5417d30901a590a18,revision_v1_chacha20_poly1305_base64_013,mistral_7b_instruct_v0_3_q4_k_m,nonseg_ascii_b8,chacha20_poly1305_base64,procedure_home_task
detector_pair__9a5454f4a0e9a48929580ef9__rankcloak,1,0.9997496008872986,textcnn,leave_one_model__mistral_7b_instruct_v0_3_q4_k_m,test,matched_clean_llm,dedup-cluster-047b2cb5417d30901a590a18,revision_v1_chacha20_poly1305_base64_013,mistral_7b_instruct_v0_3_q4_k_m,nonseg_ascii_b8,chacha20_poly1305_base64,procedure_home_task
detector_pair__9aa8133990a3a677cdfb5541__ordinary_control,0,0.003323755692690611,textcnn,leave_one_model__mistral_7b_instruct_v0_3_q4_k_m,test,matched_clean_llm,dedup-cluster-ae9ee8b26103dc75c9112dfb,revision_v1_ed25519_signature_base64_047,mistral_7b_instruct_v0_3_q4_k_m,nonseg_ascii_b8,ed25519_signature_base64,forum_purchase_advice
detector_pair__9aa8133990a3a677cdfb5541__rankcloak,1,0.9999737739562988,textcnn,leave_one_model__mistral_7b_instruct_v0_3_q4_k_m,test,matched_clean_llm,dedup-cluster-ae9ee8b26103dc75c9112dfb,revision_v1_ed25519_signature_base64_047,mistral_7b_instruct_v0_3_q4_k_m,nonseg_ascii_b8,ed25519_signature_base64,forum_purchase_advice
detector_pair__9aac3d7e40531e59957aff0d__ordinary_control,0,1.8986322174896486e-05,textcnn,leave_one_model__mistral_7b_instruct_v0_3_q4_k_m,test,matched_clean_llm,dedup-cluster-c5e7aa80077f7be08ccd7015,revision_v1_nonce_96_bit_hex_018,mistral_7b_instruct_v0_3_q4_k_m,nonseg_hex_nibble_b16,nonce_96_bit_hex,narrative_local_walk
detector_pair__9aac3d7e40531e59957aff0d__rankcloak,1,0.9696061611175537,textcnn,leave_one_model__mistral_7b_instruct_v0_3_q4_k_m,test,matched_clean_llm,dedup-cluster-c5e7aa80077f7be08ccd7015,revision_v1_nonce_96_bit_hex_018,mistral_7b_instruct_v0_3_q4_k_m,nonseg_hex_nibble_b16,nonce_96_bit_hex,narrative_local_walk
detector_pair__9cbc3a442372b5b3883a6b0b__ordinary_control,0,0.0003158537147101015,textcnn,leave_one_model__mistral_7b_instruct_v0_3_q4_k_m,test,matched_clean_llm,dedup-cluster-a519d2b02dc9e7bccd7392ff,revision_v1_aes256_gcm_base64_026,mistral_7b_instruct_v0_3_q4_k_m,nonseg_ascii_b16,aes256_gcm_base64,procedure_garden_task
detector_pair__9cbc3a442372b5b3883a6b0b__rankcloak,1,0.9699242115020752,textcnn,leave_one_model__mistral_7b_instruct_v0_3_q4_k_m,test,matched_clean_llm,dedup-cluster-a519d2b02dc9e7bccd7392ff,revision_v1_aes256_gcm_base64_026,mistral_7b_instruct_v0_3_q4_k_m,nonseg_ascii_b16,aes256_gcm_base64,procedure_garden_task
detector_pair__9ce5ac986ebc7819c904deef__ordinary_control,0,0.00020384113304316998,textcnn,leave_one_model__mistral_7b_instruct_v0_3_q4_k_m,test,matched_clean_llm,dedup-cluster-3b447f2610b594483f55ba30,revision_v1_aes256_gcm_base64_028,mistral_7b_instruct_v0_3_q4_k_m,nonseg_ascii_b8,aes256_gcm_base64,explain_biological_process
detector_pair__9ce5ac986ebc7819c904deef__rankcloak,1,0.9996535778045654,textcnn,leave_one_model__mistral_7b_instruct_v0_3_q4_k_m,test,matched_clean_llm,dedup-cluster-3b447f2610b594483f55ba30,revision_v1_aes256_gcm_base64_028,mistral_7b_instruct_v0_3_q4_k_m,nonseg_ascii_b8,aes256_gcm_base64,explain_biological_process
detector_pair__9d1ebbc111d4e81927030247__ordinary_control,0,0.8836278319358826,textcnn,leave_one_model__mistral_7b_instruct_v0_3_q4_k_m,test,matched_clean_llm,dedup-cluster-b84d789db2f53c6cca61a4a3,revision_v1_nonce_96_bit_hex_004,mistral_7b_instruct_v0_3_q4_k_m,segmented_hex_multi_topic,nonce_96_bit_hex,forum_purchase_advice
detector_pair__9d1ebbc111d4e81927030247__rankcloak,1,0.9972061514854431,textcnn,leave_one_model__mistral_7b_instruct_v0_3_q4_k_m,test,matched_clean_llm,dedup-cluster-b84d789db2f53c6cca61a4a3,revision_v1_nonce_96_bit_hex_004,mistral_7b_instruct_v0_3_q4_k_m,segmented_hex_multi_topic,nonce_96_bit_hex,forum_purchase_advice
detector_pair__9d40f768dd74b15f5f781c6c__ordinary_control,0,0.0018830874469131231,textcnn,leave_one_model__mistral_7b_instruct_v0_3_q4_k_m,test,matched_clean_llm,dedup-cluster-80b481e94169d611d3504384,revision_v1_ed25519_signature_base64_034,mistral_7b_instruct_v0_3_q4_k_m,direct_subword_calgacus,ed25519_signature_base64,professional_process_email
detector_pair__9d40f768dd74b15f5f781c6c__rankcloak,1,0.8137674927711487,textcnn,leave_one_model__mistral_7b_instruct_v0_3_q4_k_m,test,matched_clean_llm,dedup-cluster-80b481e94169d611d3504384,revision_v1_ed25519_signature_base64_034,mistral_7b_instruct_v0_3_q4_k_m,direct_subword_calgacus,ed25519_signature_base64,professional_process_email
detector_pair__9dffce9c877902af25511d5c__ordinary_control,0,0.0002941500279121101,textcnn,leave_one_model__mistral_7b_instruct_v0_3_q4_k_m,test,matched_clean_llm,dedup-cluster-607fc29d4914c273292301d6,revision_v1_token_128_bit_hex_052,mistral_7b_instruct_v0_3_q4_k_m,segmented_hex_single_topic,token_128_bit_hex,procedure_home_task
detector_pair__9dffce9c877902af25511d5c__rankcloak,1,0.9990265369415283,textcnn,leave_one_model__mistral_7b_instruct_v0_3_q4_k_m,test,matched_clean_llm,dedup-cluster-607fc29d4914c273292301d6,revision_v1_token_128_bit_hex_052,mistral_7b_instruct_v0_3_q4_k_m,segmented_hex_single_topic,token_128_bit_hex,procedure_home_task
detector_pair__9ea329730589b6038b38f05a__ordinary_control,0,0.02929842285811901,textcnn,leave_one_model__mistral_7b_instruct_v0_3_q4_k_m,test,matched_clean_llm,dedup-cluster-f06bf1b2872f90ff6209fecd,revision_v1_uuid_v4_044,mistral_7b_instruct_v0_3_q4_k_m,direct_subword_calgacus,uuid_v4,forum_purchase_advice
detector_pair__9ea329730589b6038b38f05a__rankcloak,1,0.9927670955657959,textcnn,leave_one_model__mistral_7b_instruct_v0_3_q4_k_m,test,matched_clean_llm,dedup-cluster-f06bf1b2872f90ff6209fecd,revision_v1_uuid_v4_044,mistral_7b_instruct_v0_3_q4_k_m,direct_subword_calgacus,uuid_v4,forum_purchase_advice
detector_pair__9f0f81a3610d03270b7ce878__ordinary_control,0,0.00013900425983592868,textcnn,leave_one_model__mistral_7b_instruct_v0_3_q4_k_m,test,matched_clean_llm,dedup-cluster-1ae66c809db7c888edc24849,revision_v1_sha256_hex_020,mistral_7b_instruct_v0_3_q4_k_m,nonseg_ascii_b16,sha256_hex,narrative_learning_moment
detector_pair__9f0f81a3610d03270b7ce878__rankcloak,1,0.9999998807907104,textcnn,leave_one_model__mistral_7b_instruct_v0_3_q4_k_m,test,matched_clean_llm,dedup-cluster-1ae66c809db7c888edc24849,revision_v1_sha256_hex_020,mistral_7b_instruct_v0_3_q4_k_m,nonseg_ascii_b16,sha256_hex,narrative_learning_moment
detector_pair__9f2e0411a9da12ee97f572bd__ordinary_control,0,0.0021825917065143585,textcnn,leave_one_model__mistral_7b_instruct_v0_3_q4_k_m,test,matched_clean_llm,dedup-cluster-b160d50a48c5e58f6dd7c118,revision_v1_token_128_bit_hex_009,mistral_7b_instruct_v0_3_q4_k_m,segmented_hex_multi_topic,token_128_bit_hex,forum_practical_answer
detector_pair__9f2e0411a9da12ee97f572bd__rankcloak,1,0.8868373036384583,textcnn,leave_one_model__mistral_7b_instruct_v0_3_q4_k_m,test,matched_clean_llm,dedup-cluster-b160d50a48c5e58f6dd7c118,revision_v1_token_128_bit_hex_009,mistral_7b_instruct_v0_3_q4_k_m,segmented_hex_multi_topic,token_128_bit_hex,forum_practical_answer
detector_pair__9f497428f721a10035d9cde6__ordinary_control,0,1.9143351892125793e-05,textcnn,leave_one_model__mistral_7b_instruct_v0_3_q4_k_m,test,matched_clean_llm,dedup-cluster-1e85096517059ca2585e10f1,revision_v1_nonce_96_bit_hex_044,mistral_7b_instruct_v0_3_q4_k_m,segmented_hex_multi_topic,nonce_96_bit_hex,casual_neighborhood_chat
detector_pair__9f497428f721a10035d9cde6__rankcloak,1,0.7687848210334778,textcnn,leave_one_model__mistral_7b_instruct_v0_3_q4_k_m,test,matched_clean_llm,dedup-cluster-1e85096517059ca2585e10f1,revision_v1_nonce_96_bit_hex_044,mistral_7b_instruct_v0_3_q4_k_m,segmented_hex_multi_topic,nonce_96_bit_hex,casual_neighborhood_chat
detector_pair__9fbd365c4e68db92c51d678e__ordinary_control,0,0.0003698957443702966,textcnn,leave_one_model__mistral_7b_instruct_v0_3_q4_k_m,test,matched_clean_llm,dedup-cluster-bce5a8a5d318ff689ce98a79,revision_v1_ed25519_signature_base64_023,mistral_7b_instruct_v0_3_q4_k_m,direct_subword_calgacus,ed25519_signature_base64,forum_practical_answer
detector_pair__9fbd365c4e68db92c51d678e__rankcloak,1,0.9999512434005737,textcnn,leave_one_model__mistral_7b_instruct_v0_3_q4_k_m,test,matched_clean_llm,dedup-cluster-bce5a8a5d318ff689ce98a79,revision_v1_ed25519_signature_base64_023,mistral_7b_instruct_v0_3_q4_k_m,direct_subword_calgacus,ed25519_signature_base64,forum_practical_answer
detector_pair__a015cc6edd5677197549e3f7__ordinary_control,0,0.019165929406881332,textcnn,leave_one_model__mistral_7b_instruct_v0_3_q4_k_m,test,matched_clean_llm,dedup-cluster-1aad62135c7a4ea593d27bdb,revision_v1_ed25519_signature_base64_014,mistral_7b_instruct_v0_3_q4_k_m,nonseg_ascii_b16,ed25519_signature_base64,explain_biological_process
detector_pair__a015cc6edd5677197549e3f7__rankcloak,1,0.9991542100906372,textcnn,leave_one_model__mistral_7b_instruct_v0_3_q4_k_m,test,matched_clean_llm,dedup-cluster-1aad62135c7a4ea593d27bdb,revision_v1_ed25519_signature_base64_014,mistral_7b_instruct_v0_3_q4_k_m,nonseg_ascii_b16,ed25519_signature_base64,explain_biological_process
detector_pair__a033a1b0d55c6658fcc0e9d7__ordinary_control,0,0.03969282656908035,textcnn,leave_one_model__mistral_7b_instruct_v0_3_q4_k_m,test,matched_clean_llm,dedup-cluster-29c00935d1f39c68be75bfe8,revision_v1_nonce_96_bit_hex_035,mistral_7b_instruct_v0_3_q4_k_m,segmented_hex_multi_topic,nonce_96_bit_hex,procedure_simple_meal
detector_pair__a033a1b0d55c6658fcc0e9d7__rankcloak,1,0.2323445826768875,textcnn,leave_one_model__mistral_7b_instruct_v0_3_q4_k_m,test,matched_clean_llm,dedup-cluster-29c00935d1f39c68be75bfe8,revision_v1_nonce_96_bit_hex_035,mistral_7b_instruct_v0_3_q4_k_m,segmented_hex_multi_topic,nonce_96_bit_hex,procedure_simple_meal
detector_pair__a1037f0b9a962a08fbef8db5__ordinary_control,0,0.0012563989730551839,textcnn,leave_one_model__mistral_7b_instruct_v0_3_q4_k_m,test,matched_clean_llm,dedup-cluster-6b084f6dbf9a47a93f82df24,revision_v1_aes256_gcm_base64_037,mistral_7b_instruct_v0_3_q4_k_m,direct_subword_calgacus,aes256_gcm_base64,forum_purchase_advice
detector_pair__a1037f0b9a962a08fbef8db5__rankcloak,1,0.9947326183319092,textcnn,leave_one_model__mistral_7b_instruct_v0_3_q4_k_m,test,matched_clean_llm,dedup-cluster-6b084f6dbf9a47a93f82df24,revision_v1_aes256_gcm_base64_037,mistral_7b_instruct_v0_3_q4_k_m,direct_subword_calgacus,aes256_gcm_base64,forum_purchase_advice
detector_pair__a1849a3f3454b2b1bc907023__ordinary_control,0,0.03252830728888512,textcnn,leave_one_model__mistral_7b_instruct_v0_3_q4_k_m,test,matched_clean_llm,dedup-cluster-fd9e19480ac45dd31145b893,revision_v1_hmac_sha256_hex_008,mistral_7b_instruct_v0_3_q4_k_m,nonseg_ascii_b16,hmac_sha256_hex,explain_everyday_system
detector_pair__a1849a3f3454b2b1bc907023__rankcloak,1,0.9971749782562256,textcnn,leave_one_model__mistral_7b_instruct_v0_3_q4_k_m,test,matched_clean_llm,dedup-cluster-fd9e19480ac45dd31145b893,revision_v1_hmac_sha256_hex_008,mistral_7b_instruct_v0_3_q4_k_m,nonseg_ascii_b16,hmac_sha256_hex,explain_everyday_system
detector_pair__a203e8c30c5dd5023180edda__ordinary_control,0,0.06810013204813004,textcnn,leave_one_model__mistral_7b_instruct_v0_3_q4_k_m,test,matched_clean_llm,dedup-cluster-607fc29d4914c273292301d6,revision_v1_token_128_bit_hex_052,mistral_7b_instruct_v0_3_q4_k_m,nonseg_ascii_b8,token_128_bit_hex,procedure_home_task
detector_pair__a203e8c30c5dd5023180edda__rankcloak,1,0.9619233012199402,textcnn,leave_one_model__mistral_7b_instruct_v0_3_q4_k_m,test,matched_clean_llm,dedup-cluster-607fc29d4914c273292301d6,revision_v1_token_128_bit_hex_052,mistral_7b_instruct_v0_3_q4_k_m,nonseg_ascii_b8,token_128_bit_hex,procedure_home_task
detector_pair__a314490c2f5861a61bb077b8__ordinary_control,0,0.00020662449242081493,textcnn,leave_one_model__mistral_7b_instruct_v0_3_q4_k_m,test,matched_clean_llm,dedup-cluster-1ad3df916a9f0ee2bcfba8d6,revision_v1_uuid_v4_027,mistral_7b_instruct_v0_3_q4_k_m,nonseg_ascii_b16,uuid_v4,procedure_home_task
detector_pair__a314490c2f5861a61bb077b8__rankcloak,1,1.0,textcnn,leave_one_model__mistral_7b_instruct_v0_3_q4_k_m,test,matched_clean_llm,dedup-cluster-1ad3df916a9f0ee2bcfba8d6,revision_v1_uuid_v4_027,mistral_7b_instruct_v0_3_q4_k_m,nonseg_ascii_b16,uuid_v4,procedure_home_task
detector_pair__a3b57e0d1a6f08d4c8186a35__ordinary_control,0,0.00012665476242545992,textcnn,leave_one_model__mistral_7b_instruct_v0_3_q4_k_m,test,matched_clean_llm,dedup-cluster-607fc29d4914c273292301d6,revision_v1_token_128_bit_hex_052,mistral_7b_instruct_v0_3_q4_k_m,nonseg_hex_nibble_b16,token_128_bit_hex,procedure_home_task
detector_pair__a3b57e0d1a6f08d4c8186a35__rankcloak,1,0.6216645836830139,textcnn,leave_one_model__mistral_7b_instruct_v0_3_q4_k_m,test,matched_clean_llm,dedup-cluster-607fc29d4914c273292301d6,revision_v1_token_128_bit_hex_052,mistral_7b_instruct_v0_3_q4_k_m,nonseg_hex_nibble_b16,token_128_bit_hex,procedure_home_task
detector_pair__a3b913c7fab45233f023e724__ordinary_control,0,1.573673762322869e-05,textcnn,leave_one_model__mistral_7b_instruct_v0_3_q4_k_m,test,matched_clean_llm,dedup-cluster-c3dca9a9298a213ff99b5c53,revision_v1_sha256_hex_017,mistral_7b_instruct_v0_3_q4_k_m,segmented_hex_single_topic,sha256_hex,professional_schedule_note
detector_pair__a3b913c7fab45233f023e724__rankcloak,1,0.9967965483665466,textcnn,leave_one_model__mistral_7b_instruct_v0_3_q4_k_m,test,matched_clean_llm,dedup-cluster-c3dca9a9298a213ff99b5c53,revision_v1_sha256_hex_017,mistral_7b_instruct_v0_3_q4_k_m,segmented_hex_single_topic,sha256_hex,professional_schedule_note
detector_pair__a458296877cdcc4c47df4276__ordinary_control,0,0.00038512845640070736,textcnn,leave_one_model__mistral_7b_instruct_v0_3_q4_k_m,test,matched_clean_llm,dedup-cluster-60d0df848b633a552e7a097a,revision_v1_ed25519_signature_base64_007,mistral_7b_instruct_v0_3_q4_k_m,nonseg_ascii_b16,ed25519_signature_base64,narrative_local_walk
detector_pair__a458296877cdcc4c47df4276__rankcloak,1,0.9999984502792358,textcnn,leave_one_model__mistral_7b_instruct_v0_3_q4_k_m,test,matched_clean_llm,dedup-cluster-60d0df848b633a552e7a097a,revision_v1_ed25519_signature_base64_007,mistral_7b_instruct_v0_3_q4_k_m,nonseg_ascii_b16,ed25519_signature_base64,narrative_local_walk
detector_pair__a47cb4e2e9beff635661e0a2__ordinary_control,0,0.00029780849581584334,textcnn,leave_one_model__mistral_7b_instruct_v0_3_q4_k_m,test,matched_clean_llm,dedup-cluster-a7d8804ca4431e2f7d1239fd,revision_v1_aes256_gcm_base64_048,mistral_7b_instruct_v0_3_q4_k_m,direct_subword_calgacus,aes256_gcm_base64,professional_project_update
detector_pair__a47cb4e2e9beff635661e0a2__rankcloak,1,0.9993252754211426,textcnn,leave_one_model__mistral_7b_instruct_v0_3_q4_k_m,test,matched_clean_llm,dedup-cluster-a7d8804ca4431e2f7d1239fd,revision_v1_aes256_gcm_base64_048,mistral_7b_instruct_v0_3_q4_k_m,direct_subword_calgacus,aes256_gcm_base64,professional_project_update
detector_pair__a65d401753e437ab88888bb0__ordinary_control,0,0.3825457990169525,textcnn,leave_one_model__mistral_7b_instruct_v0_3_q4_k_m,test,matched_clean_llm,dedup-cluster-8cd2e77d4fa5e7d635c78e1d,revision_v1_nonce_96_bit_hex_053,mistral_7b_instruct_v0_3_q4_k_m,segmented_hex_single_topic,nonce_96_bit_hex,procedure_simple_meal
detector_pair__a65d401753e437ab88888bb0__rankcloak,1,0.751968264579773,textcnn,leave_one_model__mistral_7b_instruct_v0_3_q4_k_m,test,matched_clean_llm,dedup-cluster-8cd2e77d4fa5e7d635c78e1d,revision_v1_nonce_96_bit_hex_053,mistral_7b_instruct_v0_3_q4_k_m,segmented_hex_single_topic,nonce_96_bit_hex,procedure_simple_meal
detector_pair__a6dbbad7153773d26126f497__ordinary_control,0,8.4943778347224e-05,textcnn,leave_one_model__mistral_7b_instruct_v0_3_q4_k_m,test,matched_clean_llm,dedup-cluster-64d1f52c4a9a8a169b1930ca,revision_v1_uuid_v4_018,mistral_7b_instruct_v0_3_q4_k_m,direct_subword_calgacus,uuid_v4,casual_weekend_chat
detector_pair__a6dbbad7153773d26126f497__rankcloak,1,0.9867667555809021,textcnn,leave_one_model__mistral_7b_instruct_v0_3_q4_k_m,test,matched_clean_llm,dedup-cluster-64d1f52c4a9a8a169b1930ca,revision_v1_uuid_v4_018,mistral_7b_instruct_v0_3_q4_k_m,direct_subword_calgacus,uuid_v4,casual_weekend_chat
detector_pair__a6f161fad6bde8648dd45106__ordinary_control,0,0.04199570417404175,textcnn,leave_one_model__mistral_7b_instruct_v0_3_q4_k_m,test,matched_clean_llm,dedup-cluster-3d7049c126c3e6af15cc5c6b,revision_v1_hmac_sha256_hex_016,mistral_7b_instruct_v0_3_q4_k_m,segmented_hex_single_topic,hmac_sha256_hex,professional_process_email
detector_pair__a6f161fad6bde8648dd45106__rankcloak,1,0.9997850060462952,textcnn,leave_one_model__mistral_7b_instruct_v0_3_q4_k_m,test,matched_clean_llm,dedup-cluster-3d7049c126c3e6af15cc5c6b,revision_v1_hmac_sha256_hex_016,mistral_7b_instruct_v0_3_q4_k_m,segmented_hex_single_topic,hmac_sha256_hex,professional_process_email
detector_pair__a7b7ee8338bbee1c193b5800__ordinary_control,0,6.900161679368466e-06,textcnn,leave_one_model__mistral_7b_instruct_v0_3_q4_k_m,test,matched_clean_llm,dedup-cluster-530f7a325b417a884b1be200,revision_v1_nonce_96_bit_hex_032,mistral_7b_instruct_v0_3_q4_k_m,segmented_hex_single_topic,nonce_96_bit_hex,casual_weekend_chat
detector_pair__a7b7ee8338bbee1c193b5800__rankcloak,1,0.999998927116394,textcnn,leave_one_model__mistral_7b_instruct_v0_3_q4_k_m,test,matched_clean_llm,dedup-cluster-530f7a325b417a884b1be200,revision_v1_nonce_96_bit_hex_032,mistral_7b_instruct_v0_3_q4_k_m,segmented_hex_single_topic,nonce_96_bit_hex,casual_weekend_chat
detector_pair__a7bce496ae8322ba70e2301a__ordinary_control,0,0.4985138475894928,textcnn,leave_one_model__mistral_7b_instruct_v0_3_q4_k_m,test,matched_clean_llm,dedup-cluster-1a88735e2967b1b509e24d6b,revision_v1_token_128_bit_hex_015,mistral_7b_instruct_v0_3_q4_k_m,nonseg_ascii_b8,token_128_bit_hex,forum_purchase_advice
detector_pair__a7bce496ae8322ba70e2301a__rankcloak,1,0.995452344417572,textcnn,leave_one_model__mistral_7b_instruct_v0_3_q4_k_m,test,matched_clean_llm,dedup-cluster-1a88735e2967b1b509e24d6b,revision_v1_token_128_bit_hex_015,mistral_7b_instruct_v0_3_q4_k_m,nonseg_ascii_b8,token_128_bit_hex,forum_purchase_advice
detector_pair__a93eb404a810e125560a6519__ordinary_control,0,0.0066077820956707,textcnn,leave_one_model__mistral_7b_instruct_v0_3_q4_k_m,test,matched_clean_llm,dedup-cluster-a66afc9b25c5890a041c104a,revision_v1_ed25519_signature_base64_011,mistral_7b_instruct_v0_3_q4_k_m,direct_subword_calgacus,ed25519_signature_base64,forum_purchase_advice
detector_pair__a93eb404a810e125560a6519__rankcloak,1,0.9987753033638,textcnn,leave_one_model__mistral_7b_instruct_v0_3_q4_k_m,test,matched_clean_llm,dedup-cluster-a66afc9b25c5890a041c104a,revision_v1_ed25519_signature_base64_011,mistral_7b_instruct_v0_3_q4_k_m,direct_subword_calgacus,ed25519_signature_base64,forum_purchase_advice
detector_pair__a9add297c2842da0453c7a9f__ordinary_control,0,0.15871365368366241,textcnn,leave_one_model__mistral_7b_instruct_v0_3_q4_k_m,test,matched_clean_llm,dedup-cluster-be754e26863b30c33e0e75f4,revision_v1_hmac_sha256_hex_000,mistral_7b_instruct_v0_3_q4_k_m,segmented_hex_single_topic,hmac_sha256_hex,procedure_simple_meal
detector_pair__a9add297c2842da0453c7a9f__rankcloak,1,0.750575602054596,textcnn,leave_one_model__mistral_7b_instruct_v0_3_q4_k_m,test,matched_clean_llm,dedup-cluster-be754e26863b30c33e0e75f4,revision_v1_hmac_sha256_hex_000,mistral_7b_instruct_v0_3_q4_k_m,segmented_hex_single_topic,hmac_sha256_hex,procedure_simple_meal
detector_pair__a9ba1ce6e273999470c05101__ordinary_control,0,0.023458456620573997,textcnn,leave_one_model__mistral_7b_instruct_v0_3_q4_k_m,test,matched_clean_llm,dedup-cluster-95e2f27c2b585a3d4fdfda70,revision_v1_nonce_96_bit_hex_013,mistral_7b_instruct_v0_3_q4_k_m,direct_subword_calgacus,nonce_96_bit_hex,explain_weather_pattern
detector_pair__a9ba1ce6e273999470c05101__rankcloak,1,0.999971866607666,textcnn,leave_one_model__mistral_7b_instruct_v0_3_q4_k_m,test,matched_clean_llm,dedup-cluster-95e2f27c2b585a3d4fdfda70,revision_v1_nonce_96_bit_hex_013,mistral_7b_instruct_v0_3_q4_k_m,direct_subword_calgacus,nonce_96_bit_hex,explain_weather_pattern
detector_pair__aab94f69484f669c08045995__ordinary_control,0,1.6036871386404528e-07,textcnn,leave_one_model__mistral_7b_instruct_v0_3_q4_k_m,test,matched_clean_llm,dedup-cluster-f6fc3479f88b17e2282c2e2e,revision_v1_token_128_bit_hex_043,mistral_7b_instruct_v0_3_q4_k_m,segmented_hex_single_topic,token_128_bit_hex,casual_weekend_chat
detector_pair__aab94f69484f669c08045995__rankcloak,1,0.8092976212501526,textcnn,leave_one_model__mistral_7b_instruct_v0_3_q4_k_m,test,matched_clean_llm,dedup-cluster-f6fc3479f88b17e2282c2e2e,revision_v1_token_128_bit_hex_043,mistral_7b_instruct_v0_3_q4_k_m,segmented_hex_single_topic,token_128_bit_hex,casual_weekend_chat
detector_pair__ab64cc6d7fb3765ba9faec31__ordinary_control,0,0.06364449113607407,textcnn,leave_one_model__mistral_7b_instruct_v0_3_q4_k_m,test,matched_clean_llm,dedup-cluster-0597144dc6356aef849f0b73,revision_v1_chacha20_poly1305_base64_007,mistral_7b_instruct_v0_3_q4_k_m,nonseg_ascii_b16,chacha20_poly1305_base64,procedure_simple_meal
detector_pair__ab64cc6d7fb3765ba9faec31__rankcloak,1,0.9998465776443481,textcnn,leave_one_model__mistral_7b_instruct_v0_3_q4_k_m,test,matched_clean_llm,dedup-cluster-0597144dc6356aef849f0b73,revision_v1_chacha20_poly1305_base64_007,mistral_7b_instruct_v0_3_q4_k_m,nonseg_ascii_b16,chacha20_poly1305_base64,procedure_simple_meal
detector_pair__abb683358507fe880c73be92__ordinary_control,0,0.0026131521444767714,textcnn,leave_one_model__mistral_7b_instruct_v0_3_q4_k_m,test,matched_clean_llm,dedup-cluster-4a2ba4b96048298d2a4a680c,revision_v1_token_128_bit_hex_008,mistral_7b_instruct_v0_3_q4_k_m,nonseg_ascii_b16,token_128_bit_hex,professional_project_update
detector_pair__abb683358507fe880c73be92__rankcloak,1,0.9984473586082458,textcnn,leave_one_model__mistral_7b_instruct_v0_3_q4_k_m,test,matched_clean_llm,dedup-cluster-4a2ba4b96048298d2a4a680c,revision_v1_token_128_bit_hex_008,mistral_7b_instruct_v0_3_q4_k_m,nonseg_ascii_b16,token_128_bit_hex,professional_project_update
detector_pair__aceae6909646a3b6c2ec36d8__ordinary_control,0,0.00039445189759135246,textcnn,leave_one_model__mistral_7b_instruct_v0_3_q4_k_m,test,matched_clean_llm,dedup-cluster-1ae66c809db7c888edc24849,revision_v1_sha256_hex_020,mistral_7b_instruct_v0_3_q4_k_m,direct_subword_calgacus,sha256_hex,narrative_learning_moment
detector_pair__aceae6909646a3b6c2ec36d8__rankcloak,1,0.9999995231628418,textcnn,leave_one_model__mistral_7b_instruct_v0_3_q4_k_m,test,matched_clean_llm,dedup-cluster-1ae66c809db7c888edc24849,revision_v1_sha256_hex_020,mistral_7b_instruct_v0_3_q4_k_m,direct_subword_calgacus,sha256_hex,narrative_learning_moment
detector_pair__ad04dfed34945301414d8837__ordinary_control,0,0.0001801574690034613,textcnn,leave_one_model__mistral_7b_instruct_v0_3_q4_k_m,test,matched_clean_llm,dedup-cluster-4a2ba4b96048298d2a4a680c,revision_v1_token_128_bit_hex_008,mistral_7b_instruct_v0_3_q4_k_m,segmented_hex_multi_topic,token_128_bit_hex,professional_project_update
detector_pair__ad04dfed34945301414d8837__rankcloak,1,0.20997439324855804,textcnn,leave_one_model__mistral_7b_instruct_v0_3_q4_k_m,test,matched_clean_llm,dedup-cluster-4a2ba4b96048298d2a4a680c,revision_v1_token_128_bit_hex_008,mistral_7b_instruct_v0_3_q4_k_m,segmented_hex_multi_topic,token_128_bit_hex,professional_project_update
detector_pair__ad31d31b8d814373724e8d31__ordinary_control,0,0.007195490412414074,textcnn,leave_one_model__mistral_7b_instruct_v0_3_q4_k_m,test,matched_clean_llm,dedup-cluster-07152d65b441d025c2de854b,revision_v1_nonce_96_bit_hex_030,mistral_7b_instruct_v0_3_q4_k_m,segmented_hex_multi_topic,nonce_96_bit_hex,narrative_small_discovery
detector_pair__ad31d31b8d814373724e8d31__rankcloak,1,0.9799157381057739,textcnn,leave_one_model__mistral_7b_instruct_v0_3_q4_k_m,test,matched_clean_llm,dedup-cluster-07152d65b441d025c2de854b,revision_v1_nonce_96_bit_hex_030,mistral_7b_instruct_v0_3_q4_k_m,segmented_hex_multi_topic,nonce_96_bit_hex,narrative_small_discovery
detector_pair__aed18d28427c40eccac1c389__ordinary_control,0,0.00044533939217217267,textcnn,leave_one_model__mistral_7b_instruct_v0_3_q4_k_m,test,matched_clean_llm,dedup-cluster-7eecb5c2a0c12ed30123e2b3,revision_v1_uuid_v4_043,mistral_7b_instruct_v0_3_q4_k_m,nonseg_ascii_b16,uuid_v4,professional_schedule_note
detector_pair__aed18d28427c40eccac1c389__rankcloak,1,0.9887891411781311,textcnn,leave_one_model__mistral_7b_instruct_v0_3_q4_k_m,test,matched_clean_llm,dedup-cluster-7eecb5c2a0c12ed30123e2b3,revision_v1_uuid_v4_043,mistral_7b_instruct_v0_3_q4_k_m,nonseg_ascii_b16,uuid_v4,professional_schedule_note
detector_pair__aeecb6ee530f9b837a5563ef__ordinary_control,0,7.686297067266423e-06,textcnn,leave_one_model__mistral_7b_instruct_v0_3_q4_k_m,test,matched_clean_llm,dedup-cluster-1e85096517059ca2585e10f1,revision_v1_nonce_96_bit_hex_044,mistral_7b_instruct_v0_3_q4_k_m,direct_subword_calgacus,nonce_96_bit_hex,casual_neighborhood_chat
detector_pair__aeecb6ee530f9b837a5563ef__rankcloak,1,0.999995231628418,textcnn,leave_one_model__mistral_7b_instruct_v0_3_q4_k_m,test,matched_clean_llm,dedup-cluster-1e85096517059ca2585e10f1,revision_v1_nonce_96_bit_hex_044,mistral_7b_instruct_v0_3_q4_k_m,direct_subword_calgacus,nonce_96_bit_hex,casual_neighborhood_chat
detector_pair__af4698c0893b87952391266a__ordinary_control,0,0.0871480256319046,textcnn,leave_one_model__mistral_7b_instruct_v0_3_q4_k_m,test,matched_clean_llm,dedup-cluster-f81b727c549baaf473769b12,revision_v1_chacha20_poly1305_base64_005,mistral_7b_instruct_v0_3_q4_k_m,nonseg_ascii_b16,chacha20_poly1305_base64,professional_process_email
detector_pair__af4698c0893b87952391266a__rankcloak,1,0.9998149275779724,textcnn,leave_one_model__mistral_7b_instruct_v0_3_q4_k_m,test,matched_clean_llm,dedup-cluster-f81b727c549baaf473769b12,revision_v1_chacha20_poly1305_base64_005,mistral_7b_instruct_v0_3_q4_k_m,nonseg_ascii_b16,chacha20_poly1305_base64,professional_process_email
detector_pair__b00ad7684ae4181f7ad11574__ordinary_control,0,0.00963618140667677,textcnn,leave_one_model__mistral_7b_instruct_v0_3_q4_k_m,test,matched_clean_llm,dedup-cluster-47ad0bb4bd74bdd2b73605ec,revision_v1_ed25519_signature_base64_002,mistral_7b_instruct_v0_3_q4_k_m,nonseg_ascii_b8,ed25519_signature_base64,explain_weather_pattern
detector_pair__b00ad7684ae4181f7ad11574__rankcloak,1,0.9999728202819824,textcnn,leave_one_model__mistral_7b_instruct_v0_3_q4_k_m,test,matched_clean_llm,dedup-cluster-47ad0bb4bd74bdd2b73605ec,revision_v1_ed25519_signature_base64_002,mistral_7b_instruct_v0_3_q4_k_m,nonseg_ascii_b8,ed25519_signature_base64,explain_weather_pattern
detector_pair__b0701c25c7300c3031c7ae0b__ordinary_control,0,0.026179293170571327,textcnn,leave_one_model__mistral_7b_instruct_v0_3_q4_k_m,test,matched_clean_llm,dedup-cluster-3835ae9c8d0c8b9133aa0f7c,revision_v1_sha256_hex_014,mistral_7b_instruct_v0_3_q4_k_m,segmented_hex_single_topic,sha256_hex,narrative_local_walk
detector_pair__b0701c25c7300c3031c7ae0b__rankcloak,1,0.9930673837661743,textcnn,leave_one_model__mistral_7b_instruct_v0_3_q4_k_m,test,matched_clean_llm,dedup-cluster-3835ae9c8d0c8b9133aa0f7c,revision_v1_sha256_hex_014,mistral_7b_instruct_v0_3_q4_k_m,segmented_hex_single_topic,sha256_hex,narrative_local_walk
detector_pair__b092ab48fed22050987fb8be__ordinary_control,0,2.541244975873269e-05,textcnn,leave_one_model__mistral_7b_instruct_v0_3_q4_k_m,test,matched_clean_llm,dedup-cluster-0f86d19fbad1d704affd1c2e,revision_v1_aes256_gcm_base64_007,mistral_7b_instruct_v0_3_q4_k_m,direct_subword_calgacus,aes256_gcm_base64,forum_learning_answer
detector_pair__b092ab48fed22050987fb8be__rankcloak,1,0.9999942779541016,textcnn,leave_one_model__mistral_7b_instruct_v0_3_q4_k_m,test,matched_clean_llm,dedup-cluster-0f86d19fbad1d704affd1c2e,revision_v1_aes256_gcm_base64_007,mistral_7b_instruct_v0_3_q4_k_m,direct_subword_calgacus,aes256_gcm_base64,forum_learning_answer
detector_pair__b09dd01aef8fe0321703ebbd__ordinary_control,0,2.396154923189897e-05,textcnn,leave_one_model__mistral_7b_instruct_v0_3_q4_k_m,test,matched_clean_llm,dedup-cluster-530f7a325b417a884b1be200,revision_v1_nonce_96_bit_hex_032,mistral_7b_instruct_v0_3_q4_k_m,direct_subword_calgacus,nonce_96_bit_hex,casual_weekend_chat
detector_pair__b09dd01aef8fe0321703ebbd__rankcloak,1,0.9996527433395386,textcnn,leave_one_model__mistral_7b_instruct_v0_3_q4_k_m,test,matched_clean_llm,dedup-cluster-530f7a325b417a884b1be200,revision_v1_nonce_96_bit_hex_032,mistral_7b_instruct_v0_3_q4_k_m,direct_subword_calgacus,nonce_96_bit_hex,casual_weekend_chat
detector_pair__b1953b92041569d684f5fe71__ordinary_control,0,4.145392722421093e-06,textcnn,leave_one_model__mistral_7b_instruct_v0_3_q4_k_m,test,matched_clean_llm,dedup-cluster-bdb0cb932ce8d25533d129e7,revision_v1_uuid_v4_054,mistral_7b_instruct_v0_3_q4_k_m,nonseg_ascii_b8,uuid_v4,casual_weekend_chat
detector_pair__b1953b92041569d684f5fe71__rankcloak,1,0.9861263632774353,textcnn,leave_one_model__mistral_7b_instruct_v0_3_q4_k_m,test,matched_clean_llm,dedup-cluster-bdb0cb932ce8d25533d129e7,revision_v1_uuid_v4_054,mistral_7b_instruct_v0_3_q4_k_m,nonseg_ascii_b8,uuid_v4,casual_weekend_chat
detector_pair__b28c1d49f4778913456ccf1d__ordinary_control,0,0.0012669337447732687,textcnn,leave_one_model__mistral_7b_instruct_v0_3_q4_k_m,test,matched_clean_llm,dedup-cluster-2ecc22c7d6a07954ad922bdc,revision_v1_token_128_bit_hex_014,mistral_7b_instruct_v0_3_q4_k_m,direct_subword_calgacus,token_128_bit_hex,professional_schedule_note
detector_pair__b28c1d49f4778913456ccf1d__rankcloak,1,0.2638344168663025,textcnn,leave_one_model__mistral_7b_instruct_v0_3_q4_k_m,test,matched_clean_llm,dedup-cluster-2ecc22c7d6a07954ad922bdc,revision_v1_token_128_bit_hex_014,mistral_7b_instruct_v0_3_q4_k_m,direct_subword_calgacus,token_128_bit_hex,professional_schedule_note
detector_pair__b311e011bae6607d74fd7f48__ordinary_control,0,0.005859041120857,textcnn,leave_one_model__mistral_7b_instruct_v0_3_q4_k_m,test,matched_clean_llm,dedup-cluster-07152d65b441d025c2de854b,revision_v1_nonce_96_bit_hex_030,mistral_7b_instruct_v0_3_q4_k_m,segmented_hex_single_topic,nonce_96_bit_hex,narrative_small_discovery
detector_pair__b311e011bae6607d74fd7f48__rankcloak,1,0.9998897314071655,textcnn,leave_one_model__mistral_7b_instruct_v0_3_q4_k_m,test,matched_clean_llm,dedup-cluster-07152d65b441d025c2de854b,revision_v1_nonce_96_bit_hex_030,mistral_7b_instruct_v0_3_q4_k_m,segmented_hex_single_topic,nonce_96_bit_hex,narrative_small_discovery
detector_pair__b42e2da1e666a2ec6378904d__ordinary_control,0,0.004093378782272339,textcnn,leave_one_model__mistral_7b_instruct_v0_3_q4_k_m,test,matched_clean_llm,dedup-cluster-86d638dbb2173052f0f13f3d,revision_v1_chacha20_poly1305_base64_027,mistral_7b_instruct_v0_3_q4_k_m,nonseg_ascii_b16,chacha20_poly1305_base64,explain_weather_pattern
detector_pair__b42e2da1e666a2ec6378904d__rankcloak,1,0.999765932559967,textcnn,leave_one_model__mistral_7b_instruct_v0_3_q4_k_m,test,matched_clean_llm,dedup-cluster-86d638dbb2173052f0f13f3d,revision_v1_chacha20_poly1305_base64_027,mistral_7b_instruct_v0_3_q4_k_m,nonseg_ascii_b16,chacha20_poly1305_base64,explain_weather_pattern
detector_pair__b446b1669e27d3a9aef61efe__ordinary_control,0,0.0820915475487709,textcnn,leave_one_model__mistral_7b_instruct_v0_3_q4_k_m,test,matched_clean_llm,dedup-cluster-1bfe0b32bac3fbfe62622c65,revision_v1_ed25519_signature_base64_056,mistral_7b_instruct_v0_3_q4_k_m,nonseg_ascii_b16,ed25519_signature_base64,explain_weather_pattern
detector_pair__b446b1669e27d3a9aef61efe__rankcloak,1,0.9999997615814209,textcnn,leave_one_model__mistral_7b_instruct_v0_3_q4_k_m,test,matched_clean_llm,dedup-cluster-1bfe0b32bac3fbfe62622c65,revision_v1_ed25519_signature_base64_056,mistral_7b_instruct_v0_3_q4_k_m,nonseg_ascii_b16,ed25519_signature_base64,explain_weather_pattern
detector_pair__b499312298ff2fc566967bd9__ordinary_control,0,0.017537953332066536,textcnn,leave_one_model__mistral_7b_instruct_v0_3_q4_k_m,test,matched_clean_llm,dedup-cluster-92597d293b9374d8f0316f4d,revision_v1_hmac_sha256_hex_031,mistral_7b_instruct_v0_3_q4_k_m,segmented_hex_multi_topic,hmac_sha256_hex,narrative_learning_moment
detector_pair__b499312298ff2fc566967bd9__rankcloak,1,0.9999780654907227,textcnn,leave_one_model__mistral_7b_instruct_v0_3_q4_k_m,test,matched_clean_llm,dedup-cluster-92597d293b9374d8f0316f4d,revision_v1_hmac_sha256_hex_031,mistral_7b_instruct_v0_3_q4_k_m,segmented_hex_multi_topic,hmac_sha256_hex,narrative_learning_moment
detector_pair__b51b0da5e46438ade6e09d53__ordinary_control,0,0.8305895328521729,textcnn,leave_one_model__mistral_7b_instruct_v0_3_q4_k_m,test,matched_clean_llm,dedup-cluster-a70c2199fe9757fc3a965e41,revision_v1_sha256_hex_041,mistral_7b_instruct_v0_3_q4_k_m,direct_subword_calgacus,sha256_hex,professional_process_email
detector_pair__b51b0da5e46438ade6e09d53__rankcloak,1,0.9999417066574097,textcnn,leave_one_model__mistral_7b_instruct_v0_3_q4_k_m,test,matched_clean_llm,dedup-cluster-a70c2199fe9757fc3a965e41,revision_v1_sha256_hex_041,mistral_7b_instruct_v0_3_q4_k_m,direct_subword_calgacus,sha256_hex,professional_process_email
detector_pair__b554f186f5980ad009106dca__ordinary_control,0,0.00012255065666977316,textcnn,leave_one_model__mistral_7b_instruct_v0_3_q4_k_m,test,matched_clean_llm,dedup-cluster-047b2cb5417d30901a590a18,revision_v1_chacha20_poly1305_base64_013,mistral_7b_instruct_v0_3_q4_k_m,nonseg_ascii_b16,chacha20_poly1305_base64,procedure_home_task
detector_pair__b554f186f5980ad009106dca__rankcloak,1,0.9999438524246216,textcnn,leave_one_model__mistral_7b_instruct_v0_3_q4_k_m,test,matched_clean_llm,dedup-cluster-047b2cb5417d30901a590a18,revision_v1_chacha20_poly1305_base64_013,mistral_7b_instruct_v0_3_q4_k_m,nonseg_ascii_b16,chacha20_poly1305_base64,procedure_home_task
detector_pair__b57c8145b76b4ee0f4abf775__ordinary_control,0,5.563848617384792e-07,textcnn,leave_one_model__mistral_7b_instruct_v0_3_q4_k_m,test,matched_clean_llm,dedup-cluster-f1630cf66c55bafe664639a5,revision_v1_hmac_sha256_hex_009,mistral_7b_instruct_v0_3_q4_k_m,segmented_hex_multi_topic,hmac_sha256_hex,casual_hobby_chat
detector_pair__b57c8145b76b4ee0f4abf775__rankcloak,1,0.9999079704284668,textcnn,leave_one_model__mistral_7b_instruct_v0_3_q4_k_m,test,matched_clean_llm,dedup-cluster-f1630cf66c55bafe664639a5,revision_v1_hmac_sha256_hex_009,mistral_7b_instruct_v0_3_q4_k_m,segmented_hex_multi_topic,hmac_sha256_hex,casual_hobby_chat
detector_pair__b5e2176fb1b3c8e468d00495__ordinary_control,0,3.711830913744052e-07,textcnn,leave_one_model__mistral_7b_instruct_v0_3_q4_k_m,test,matched_clean_llm,dedup-cluster-00190ab339967308d13aeb9a,revision_v1_token_128_bit_hex_037,mistral_7b_instruct_v0_3_q4_k_m,segmented_hex_single_topic,token_128_bit_hex,casual_neighborhood_chat
detector_pair__b5e2176fb1b3c8e468d00495__rankcloak,1,0.9998443126678467,textcnn,leave_one_model__mistral_7b_instruct_v0_3_q4_k_m,test,matched_clean_llm,dedup-cluster-00190ab339967308d13aeb9a,revision_v1_token_128_bit_hex_037,mistral_7b_instruct_v0_3_q4_k_m,segmented_hex_single_topic,token_128_bit_hex,casual_neighborhood_chat
detector_pair__b6715f534ad28efafe9ac930__ordinary_control,0,0.0006702967802993953,textcnn,leave_one_model__mistral_7b_instruct_v0_3_q4_k_m,test,matched_clean_llm,dedup-cluster-4a6717280abe6dffe389b392,revision_v1_aes256_gcm_base64_034,mistral_7b_instruct_v0_3_q4_k_m,nonseg_ascii_b8,aes256_gcm_base64,explain_weather_pattern
detector_pair__b6715f534ad28efafe9ac930__rankcloak,1,0.9999711513519287,textcnn,leave_one_model__mistral_7b_instruct_v0_3_q4_k_m,test,matched_clean_llm,dedup-cluster-4a6717280abe6dffe389b392,revision_v1_aes256_gcm_base64_034,mistral_7b_instruct_v0_3_q4_k_m,nonseg_ascii_b8,aes256_gcm_base64,explain_weather_pattern
detector_pair__b802c0872fe1fc70b59c7428__ordinary_control,0,0.13151000440120697,textcnn,leave_one_model__mistral_7b_instruct_v0_3_q4_k_m,test,matched_clean_llm,dedup-cluster-be754e26863b30c33e0e75f4,revision_v1_hmac_sha256_hex_000,mistral_7b_instruct_v0_3_q4_k_m,nonseg_ascii_b8,hmac_sha256_hex,procedure_simple_meal
detector_pair__b802c0872fe1fc70b59c7428__rankcloak,1,0.9999665021896362,textcnn,leave_one_model__mistral_7b_instruct_v0_3_q4_k_m,test,matched_clean_llm,dedup-cluster-be754e26863b30c33e0e75f4,revision_v1_hmac_sha256_hex_000,mistral_7b_instruct_v0_3_q4_k_m,nonseg_ascii_b8,hmac_sha256_hex,procedure_simple_meal
detector_pair__b84ceb6c692b1ac1f5594945__ordinary_control,0,0.0001263409067178145,textcnn,leave_one_model__mistral_7b_instruct_v0_3_q4_k_m,test,matched_clean_llm,dedup-cluster-8cd2e77d4fa5e7d635c78e1d,revision_v1_nonce_96_bit_hex_053,mistral_7b_instruct_v0_3_q4_k_m,nonseg_ascii_b8,nonce_96_bit_hex,procedure_simple_meal
detector_pair__b84ceb6c692b1ac1f5594945__rankcloak,1,0.9734706878662109,textcnn,leave_one_model__mistral_7b_instruct_v0_3_q4_k_m,test,matched_clean_llm,dedup-cluster-8cd2e77d4fa5e7d635c78e1d,revision_v1_nonce_96_bit_hex_053,mistral_7b_instruct_v0_3_q4_k_m,nonseg_ascii_b8,nonce_96_bit_hex,procedure_simple_meal
detector_pair__b994ccec10c8eae74c147c65__ordinary_control,0,0.0003442284360062331,textcnn,leave_one_model__mistral_7b_instruct_v0_3_q4_k_m,test,matched_clean_llm,dedup-cluster-a70c2199fe9757fc3a965e41,revision_v1_sha256_hex_041,mistral_7b_instruct_v0_3_q4_k_m,nonseg_ascii_b16,sha256_hex,professional_process_email
detector_pair__b994ccec10c8eae74c147c65__rankcloak,1,0.9999821186065674,textcnn,leave_one_model__mistral_7b_instruct_v0_3_q4_k_m,test,matched_clean_llm,dedup-cluster-a70c2199fe9757fc3a965e41,revision_v1_sha256_hex_041,mistral_7b_instruct_v0_3_q4_k_m,nonseg_ascii_b16,sha256_hex,professional_process_email
detector_pair__b9cdbbf0a92f1bc955ff71f0__ordinary_control,0,0.0008551380597054958,textcnn,leave_one_model__mistral_7b_instruct_v0_3_q4_k_m,test,matched_clean_llm,dedup-cluster-c791365cbb6a3ed856420c65,revision_v1_hmac_sha256_hex_023,mistral_7b_instruct_v0_3_q4_k_m,nonseg_hex_nibble_b16,hmac_sha256_hex,forum_practical_answer
detector_pair__b9cdbbf0a92f1bc955ff71f0__rankcloak,1,0.999925971031189,textcnn,leave_one_model__mistral_7b_instruct_v0_3_q4_k_m,test,matched_clean_llm,dedup-cluster-c791365cbb6a3ed856420c65,revision_v1_hmac_sha256_hex_023,mistral_7b_instruct_v0_3_q4_k_m,nonseg_hex_nibble_b16,hmac_sha256_hex,forum_practical_answer
detector_pair__b9cfc2a40287de46093311dd__ordinary_control,0,0.014356679283082485,textcnn,leave_one_model__mistral_7b_instruct_v0_3_q4_k_m,test,matched_clean_llm,dedup-cluster-0b53467e512d7aed40a8b7c5,revision_v1_hmac_sha256_hex_035,mistral_7b_instruct_v0_3_q4_k_m,segmented_hex_single_topic,hmac_sha256_hex,forum_learning_answer
detector_pair__b9cfc2a40287de46093311dd__rankcloak,1,0.012555764056742191,textcnn,leave_one_model__mistral_7b_instruct_v0_3_q4_k_m,test,matched_clean_llm,dedup-cluster-0b53467e512d7aed40a8b7c5,revision_v1_hmac_sha256_hex_035,mistral_7b_instruct_v0_3_q4_k_m,segmented_hex_single_topic,hmac_sha256_hex,forum_learning_answer
detector_pair__ba69813d85ec5e23ac213e84__ordinary_control,0,0.4514278769493103,textcnn,leave_one_model__mistral_7b_instruct_v0_3_q4_k_m,test,matched_clean_llm,dedup-cluster-a37fa1ef4ffc42eb7c181e4b,revision_v1_aes256_gcm_base64_056,mistral_7b_instruct_v0_3_q4_k_m,direct_subword_calgacus,aes256_gcm_base64,procedure_home_task
detector_pair__ba69813d85ec5e23ac213e84__rankcloak,1,0.9999206066131592,textcnn,leave_one_model__mistral_7b_instruct_v0_3_q4_k_m,test,matched_clean_llm,dedup-cluster-a37fa1ef4ffc42eb7c181e4b,revision_v1_aes256_gcm_base64_056,mistral_7b_instruct_v0_3_q4_k_m,direct_subword_calgacus,aes256_gcm_base64,procedure_home_task
detector_pair__bafeea38793e48e3182c9e28__ordinary_control,0,0.00015841929416637868,textcnn,leave_one_model__mistral_7b_instruct_v0_3_q4_k_m,test,matched_clean_llm,dedup-cluster-2ecc22c7d6a07954ad922bdc,revision_v1_token_128_bit_hex_014,mistral_7b_instruct_v0_3_q4_k_m,nonseg_hex_nibble_b16,token_128_bit_hex,professional_schedule_note
detector_pair__bafeea38793e48e3182c9e28__rankcloak,1,0.950985848903656,textcnn,leave_one_model__mistral_7b_instruct_v0_3_q4_k_m,test,matched_clean_llm,dedup-cluster-2ecc22c7d6a07954ad922bdc,revision_v1_token_128_bit_hex_014,mistral_7b_instruct_v0_3_q4_k_m,nonseg_hex_nibble_b16,token_128_bit_hex,professional_schedule_note
detector_pair__bc66a96983489e805912bcb1__ordinary_control,0,0.0007262646104209125,textcnn,leave_one_model__mistral_7b_instruct_v0_3_q4_k_m,test,matched_clean_llm,dedup-cluster-4a2ba4b96048298d2a4a680c,revision_v1_token_128_bit_hex_008,mistral_7b_instruct_v0_3_q4_k_m,segmented_hex_single_topic,token_128_bit_hex,professional_project_update
detector_pair__bc66a96983489e805912bcb1__rankcloak,1,0.9999397993087769,textcnn,leave_one_model__mistral_7b_instruct_v0_3_q4_k_m,test,matched_clean_llm,dedup-cluster-4a2ba4b96048298d2a4a680c,revision_v1_token_128_bit_hex_008,mistral_7b_instruct_v0_3_q4_k_m,segmented_hex_single_topic,token_128_bit_hex,professional_project_update
detector_pair__bc905c656160b99b9132b2cb__ordinary_control,0,3.706786628754344e-06,textcnn,leave_one_model__mistral_7b_instruct_v0_3_q4_k_m,test,matched_clean_llm,dedup-cluster-f1630cf66c55bafe664639a5,revision_v1_hmac_sha256_hex_009,mistral_7b_instruct_v0_3_q4_k_m,segmented_hex_single_topic,hmac_sha256_hex,casual_hobby_chat
detector_pair__bc905c656160b99b9132b2cb__rankcloak,1,0.9998487234115601,textcnn,leave_one_model__mistral_7b_instruct_v0_3_q4_k_m,test,matched_clean_llm,dedup-cluster-f1630cf66c55bafe664639a5,revision_v1_hmac_sha256_hex_009,mistral_7b_instruct_v0_3_q4_k_m,segmented_hex_single_topic,hmac_sha256_hex,casual_hobby_chat
detector_pair__bd10729c90ea0ea39c2b5257__ordinary_control,0,0.004685587715357542,textcnn,leave_one_model__mistral_7b_instruct_v0_3_q4_k_m,test,matched_clean_llm,dedup-cluster-8cd2e77d4fa5e7d635c78e1d,revision_v1_nonce_96_bit_hex_053,mistral_7b_instruct_v0_3_q4_k_m,nonseg_hex_nibble_b16,nonce_96_bit_hex,procedure_simple_meal
detector_pair__bd10729c90ea0ea39c2b5257__rankcloak,1,0.6225038766860962,textcnn,leave_one_model__mistral_7b_instruct_v0_3_q4_k_m,test,matched_clean_llm,dedup-cluster-8cd2e77d4fa5e7d635c78e1d,revision_v1_nonce_96_bit_hex_053,mistral_7b_instruct_v0_3_q4_k_m,nonseg_hex_nibble_b16,nonce_96_bit_hex,procedure_simple_meal
detector_pair__bdad9d73ced36a3293543f02__ordinary_control,0,0.002265259390696883,textcnn,leave_one_model__mistral_7b_instruct_v0_3_q4_k_m,test,matched_clean_llm,dedup-cluster-607fc29d4914c273292301d6,revision_v1_token_128_bit_hex_052,mistral_7b_instruct_v0_3_q4_k_m,segmented_hex_single_topic,token_128_bit_hex,procedure_home_task
detector_pair__bdad9d73ced36a3293543f02__rankcloak,1,0.920522153377533,textcnn,leave_one_model__mistral_7b_instruct_v0_3_q4_k_m,test,matched_clean_llm,dedup-cluster-607fc29d4914c273292301d6,revision_v1_token_128_bit_hex_052,mistral_7b_instruct_v0_3_q4_k_m,segmented_hex_single_topic,token_128_bit_hex,procedure_home_task
detector_pair__be4ac86cd15a54d47d5923db__ordinary_control,0,0.016648145392537117,textcnn,leave_one_model__mistral_7b_instruct_v0_3_q4_k_m,test,matched_clean_llm,dedup-cluster-4fce714af80d0b4f14ad4961,revision_v1_sha256_hex_008,mistral_7b_instruct_v0_3_q4_k_m,nonseg_ascii_b16,sha256_hex,narrative_small_discovery
detector_pair__be4ac86cd15a54d47d5923db__rankcloak,1,0.9999949932098389,textcnn,leave_one_model__mistral_7b_instruct_v0_3_q4_k_m,test,matched_clean_llm,dedup-cluster-4fce714af80d0b4f14ad4961,revision_v1_sha256_hex_008,mistral_7b_instruct_v0_3_q4_k_m,nonseg_ascii_b16,sha256_hex,narrative_small_discovery
detector_pair__be4d60b4b338aace099af318__ordinary_control,0,0.00011206534691154957,textcnn,leave_one_model__mistral_7b_instruct_v0_3_q4_k_m,test,matched_clean_llm,dedup-cluster-4e1923627139bf11a982ad81,revision_v1_aes256_gcm_base64_030,mistral_7b_instruct_v0_3_q4_k_m,nonseg_ascii_b16,aes256_gcm_base64,professional_project_update
detector_pair__be4d60b4b338aace099af318__rankcloak,1,0.9753947257995605,textcnn,leave_one_model__mistral_7b_instruct_v0_3_q4_k_m,test,matched_clean_llm,dedup-cluster-4e1923627139bf11a982ad81,revision_v1_aes256_gcm_base64_030,mistral_7b_instruct_v0_3_q4_k_m,nonseg_ascii_b16,aes256_gcm_base64,professional_project_update
detector_pair__bf598ac66364e525716864b6__ordinary_control,0,0.10415742546319962,textcnn,leave_one_model__mistral_7b_instruct_v0_3_q4_k_m,test,matched_clean_llm,dedup-cluster-86d70a013a18a7f0dc80b7f5,revision_v1_hmac_sha256_hex_001,mistral_7b_instruct_v0_3_q4_k_m,segmented_hex_single_topic,hmac_sha256_hex,narrative_small_discovery
detector_pair__bf598ac66364e525716864b6__rankcloak,1,0.986242949962616,textcnn,leave_one_model__mistral_7b_instruct_v0_3_q4_k_m,test,matched_clean_llm,dedup-cluster-86d70a013a18a7f0dc80b7f5,revision_v1_hmac_sha256_hex_001,mistral_7b_instruct_v0_3_q4_k_m,segmented_hex_single_topic,hmac_sha256_hex,narrative_small_discovery
detector_pair__bf730e27845d006bc0cea367__ordinary_control,0,2.3501284886151552e-05,textcnn,leave_one_model__mistral_7b_instruct_v0_3_q4_k_m,test,matched_clean_llm,dedup-cluster-c31bf6d242afa63449100919,revision_v1_uuid_v4_015,mistral_7b_instruct_v0_3_q4_k_m,nonseg_ascii_b16,uuid_v4,procedure_garden_task
detector_pair__bf730e27845d006bc0cea367__rankcloak,1,0.9985877275466919,textcnn,leave_one_model__mistral_7b_instruct_v0_3_q4_k_m,test,matched_clean_llm,dedup-cluster-c31bf6d242afa63449100919,revision_v1_uuid_v4_015,mistral_7b_instruct_v0_3_q4_k_m,nonseg_ascii_b16,uuid_v4,procedure_garden_task
detector_pair__c08c450ea5767bee922c1e33__ordinary_control,0,0.0019498853944242,textcnn,leave_one_model__mistral_7b_instruct_v0_3_q4_k_m,test,matched_clean_llm,dedup-cluster-d5b4f2b51dfabbdce0cd2fb8,revision_v1_sha256_hex_057,mistral_7b_instruct_v0_3_q4_k_m,segmented_hex_single_topic,sha256_hex,explain_biological_process
detector_pair__c08c450ea5767bee922c1e33__rankcloak,1,0.8363817930221558,textcnn,leave_one_model__mistral_7b_instruct_v0_3_q4_k_m,test,matched_clean_llm,dedup-cluster-d5b4f2b51dfabbdce0cd2fb8,revision_v1_sha256_hex_057,mistral_7b_instruct_v0_3_q4_k_m,segmented_hex_single_topic,sha256_hex,explain_biological_process
detector_pair__c0bd67168d7741eff17ebfd3__ordinary_control,0,0.00020394202147144824,textcnn,leave_one_model__mistral_7b_instruct_v0_3_q4_k_m,test,matched_clean_llm,dedup-cluster-91605a72859a660f036d538b,revision_v1_sha256_hex_009,mistral_7b_instruct_v0_3_q4_k_m,nonseg_ascii_b16,sha256_hex,explain_weather_pattern
detector_pair__c0bd67168d7741eff17ebfd3__rankcloak,1,0.9999908208847046,textcnn,leave_one_model__mistral_7b_instruct_v0_3_q4_k_m,test,matched_clean_llm,dedup-cluster-91605a72859a660f036d538b,revision_v1_sha256_hex_009,mistral_7b_instruct_v0_3_q4_k_m,nonseg_ascii_b16,sha256_hex,explain_weather_pattern
detector_pair__c2591ea7d326da6a1e6b24c0__ordinary_control,0,0.00011810701107606292,textcnn,leave_one_model__mistral_7b_instruct_v0_3_q4_k_m,test,matched_clean_llm,dedup-cluster-00190ab339967308d13aeb9a,revision_v1_token_128_bit_hex_037,mistral_7b_instruct_v0_3_q4_k_m,nonseg_ascii_b8,token_128_bit_hex,casual_neighborhood_chat
detector_pair__c2591ea7d326da6a1e6b24c0__rankcloak,1,1.0,textcnn,leave_one_model__mistral_7b_instruct_v0_3_q4_k_m,test,matched_clean_llm,dedup-cluster-00190ab339967308d13aeb9a,revision_v1_token_128_bit_hex_037,mistral_7b_instruct_v0_3_q4_k_m,nonseg_ascii_b8,token_128_bit_hex,casual_neighborhood_chat
detector_pair__c2cc6fb85f4c9d6804be5aad__ordinary_control,0,0.00041814264841377735,textcnn,leave_one_model__mistral_7b_instruct_v0_3_q4_k_m,test,matched_clean_llm,dedup-cluster-b021f708a83df097e9b0dc22,revision_v1_aes256_gcm_base64_043,mistral_7b_instruct_v0_3_q4_k_m,direct_subword_calgacus,aes256_gcm_base64,forum_learning_answer
detector_pair__c2cc6fb85f4c9d6804be5aad__rankcloak,1,0.9803669452667236,textcnn,leave_one_model__mistral_7b_instruct_v0_3_q4_k_m,test,matched_clean_llm,dedup-cluster-b021f708a83df097e9b0dc22,revision_v1_aes256_gcm_base64_043,mistral_7b_instruct_v0_3_q4_k_m,direct_subword_calgacus,aes256_gcm_base64,forum_learning_answer
detector_pair__c2e63154de77d463a29ec54b__ordinary_control,0,9.773860801942647e-05,textcnn,leave_one_model__mistral_7b_instruct_v0_3_q4_k_m,test,matched_clean_llm,dedup-cluster-3d7049c126c3e6af15cc5c6b,revision_v1_hmac_sha256_hex_016,mistral_7b_instruct_v0_3_q4_k_m,segmented_hex_single_topic,hmac_sha256_hex,professional_process_email
detector_pair__c2e63154de77d463a29ec54b__rankcloak,1,0.01099683903157711,textcnn,leave_one_model__mistral_7b_instruct_v0_3_q4_k_m,test,matched_clean_llm,dedup-cluster-3d7049c126c3e6af15cc5c6b,revision_v1_hmac_sha256_hex_016,mistral_7b_instruct_v0_3_q4_k_m,segmented_hex_single_topic,hmac_sha256_hex,professional_process_email
detector_pair__c3033216405bc81e429b4d30__ordinary_control,0,0.0016839163145050406,textcnn,leave_one_model__mistral_7b_instruct_v0_3_q4_k_m,test,matched_clean_llm,dedup-cluster-d5b4f2b51dfabbdce0cd2fb8,revision_v1_sha256_hex_057,mistral_7b_instruct_v0_3_q4_k_m,nonseg_ascii_b8,sha256_hex,explain_biological_process
detector_pair__c3033216405bc81e429b4d30__rankcloak,1,0.9999395608901978,textcnn,leave_one_model__mistral_7b_instruct_v0_3_q4_k_m,test,matched_clean_llm,dedup-cluster-d5b4f2b51dfabbdce0cd2fb8,revision_v1_sha256_hex_057,mistral_7b_instruct_v0_3_q4_k_m,nonseg_ascii_b8,sha256_hex,explain_biological_process
detector_pair__c317f774a46932b3fbb427f7__ordinary_control,0,8.082731073955074e-05,textcnn,leave_one_model__mistral_7b_instruct_v0_3_q4_k_m,test,matched_clean_llm,dedup-cluster-c3dca9a9298a213ff99b5c53,revision_v1_sha256_hex_017,mistral_7b_instruct_v0_3_q4_k_m,nonseg_ascii_b8,sha256_hex,professional_schedule_note
detector_pair__c317f774a46932b3fbb427f7__rankcloak,1,0.9999995231628418,textcnn,leave_one_model__mistral_7b_instruct_v0_3_q4_k_m,test,matched_clean_llm,dedup-cluster-c3dca9a9298a213ff99b5c53,revision_v1_sha256_hex_017,mistral_7b_instruct_v0_3_q4_k_m,nonseg_ascii_b8,sha256_hex,professional_schedule_note
detector_pair__c35a78174acf8ccb6026c543__ordinary_control,0,0.6386898756027222,textcnn,leave_one_model__mistral_7b_instruct_v0_3_q4_k_m,test,matched_clean_llm,dedup-cluster-8cd2e77d4fa5e7d635c78e1d,revision_v1_nonce_96_bit_hex_053,mistral_7b_instruct_v0_3_q4_k_m,segmented_hex_multi_topic,nonce_96_bit_hex,procedure_simple_meal
detector_pair__c35a78174acf8ccb6026c543__rankcloak,1,0.9969158172607422,textcnn,leave_one_model__mistral_7b_instruct_v0_3_q4_k_m,test,matched_clean_llm,dedup-cluster-8cd2e77d4fa5e7d635c78e1d,revision_v1_nonce_96_bit_hex_053,mistral_7b_instruct_v0_3_q4_k_m,segmented_hex_multi_topic,nonce_96_bit_hex,procedure_simple_meal
detector_pair__c36cae65f70379c2712e0760__ordinary_control,0,0.023506106808781624,textcnn,leave_one_model__mistral_7b_instruct_v0_3_q4_k_m,test,matched_clean_llm,dedup-cluster-0b53467e512d7aed40a8b7c5,revision_v1_hmac_sha256_hex_035,mistral_7b_instruct_v0_3_q4_k_m,segmented_hex_multi_topic,hmac_sha256_hex,forum_learning_answer
detector_pair__c36cae65f70379c2712e0760__rankcloak,1,0.9952576756477356,textcnn,leave_one_model__mistral_7b_instruct_v0_3_q4_k_m,test,matched_clean_llm,dedup-cluster-0b53467e512d7aed40a8b7c5,revision_v1_hmac_sha256_hex_035,mistral_7b_instruct_v0_3_q4_k_m,segmented_hex_multi_topic,hmac_sha256_hex,forum_learning_answer
detector_pair__c3a0f957fe7282ed598e0017__ordinary_control,0,0.27550673484802246,textcnn,leave_one_model__mistral_7b_instruct_v0_3_q4_k_m,test,matched_clean_llm,dedup-cluster-0d14bae63cd1e6e73dd0fa7a,revision_v1_nonce_96_bit_hex_022,mistral_7b_instruct_v0_3_q4_k_m,direct_subword_calgacus,nonce_96_bit_hex,forum_purchase_advice
detector_pair__c3a0f957fe7282ed598e0017__rankcloak,1,0.022579506039619446,textcnn,leave_one_model__mistral_7b_instruct_v0_3_q4_k_m,test,matched_clean_llm,dedup-cluster-0d14bae63cd1e6e73dd0fa7a,revision_v1_nonce_96_bit_hex_022,mistral_7b_instruct_v0_3_q4_k_m,direct_subword_calgacus,nonce_96_bit_hex,forum_purchase_advice
detector_pair__c3aafada598afe3ea856277d__ordinary_control,0,2.3465183403459378e-05,textcnn,leave_one_model__mistral_7b_instruct_v0_3_q4_k_m,test,matched_clean_llm,dedup-cluster-a519d2b02dc9e7bccd7392ff,revision_v1_aes256_gcm_base64_026,mistral_7b_instruct_v0_3_q4_k_m,direct_subword_calgacus,aes256_gcm_base64,procedure_garden_task
detector_pair__c3aafada598afe3ea856277d__rankcloak,1,0.9992094039916992,textcnn,leave_one_model__mistral_7b_instruct_v0_3_q4_k_m,test,matched_clean_llm,dedup-cluster-a519d2b02dc9e7bccd7392ff,revision_v1_aes256_gcm_base64_026,mistral_7b_instruct_v0_3_q4_k_m,direct_subword_calgacus,aes256_gcm_base64,procedure_garden_task
detector_pair__c42786f25f111f74c33b887f__ordinary_control,0,0.01118201669305563,textcnn,leave_one_model__mistral_7b_instruct_v0_3_q4_k_m,test,matched_clean_llm,dedup-cluster-4a6717280abe6dffe389b392,revision_v1_aes256_gcm_base64_034,mistral_7b_instruct_v0_3_q4_k_m,nonseg_ascii_b16,aes256_gcm_base64,explain_weather_pattern
detector_pair__c42786f25f111f74c33b887f__rankcloak,1,0.9999748468399048,textcnn,leave_one_model__mistral_7b_instruct_v0_3_q4_k_m,test,matched_clean_llm,dedup-cluster-4a6717280abe6dffe389b392,revision_v1_aes256_gcm_base64_034,mistral_7b_instruct_v0_3_q4_k_m,nonseg_ascii_b16,aes256_gcm_base64,explain_weather_pattern
detector_pair__c47bc8196ae367f081a11d52__ordinary_control,0,0.0011491928016766906,textcnn,leave_one_model__mistral_7b_instruct_v0_3_q4_k_m,test,matched_clean_llm,dedup-cluster-1bfe0b32bac3fbfe62622c65,revision_v1_ed25519_signature_base64_056,mistral_7b_instruct_v0_3_q4_k_m,direct_subword_calgacus,ed25519_signature_base64,explain_weather_pattern
detector_pair__c47bc8196ae367f081a11d52__rankcloak,1,0.869874894618988,textcnn,leave_one_model__mistral_7b_instruct_v0_3_q4_k_m,test,matched_clean_llm,dedup-cluster-1bfe0b32bac3fbfe62622c65,revision_v1_ed25519_signature_base64_056,mistral_7b_instruct_v0_3_q4_k_m,direct_subword_calgacus,ed25519_signature_base64,explain_weather_pattern
detector_pair__c4a0112b477051bab289c7cf__ordinary_control,0,8.615553269919474e-06,textcnn,leave_one_model__mistral_7b_instruct_v0_3_q4_k_m,test,matched_clean_llm,dedup-cluster-eb4a9e676533f32ebcf1a3d5,revision_v1_ed25519_signature_base64_003,mistral_7b_instruct_v0_3_q4_k_m,nonseg_ascii_b16,ed25519_signature_base64,casual_weekend_chat
detector_pair__c4a0112b477051bab289c7cf__rankcloak,1,0.9999958276748657,textcnn,leave_one_model__mistral_7b_instruct_v0_3_q4_k_m,test,matched_clean_llm,dedup-cluster-eb4a9e676533f32ebcf1a3d5,revision_v1_ed25519_signature_base64_003,mistral_7b_instruct_v0_3_q4_k_m,nonseg_ascii_b16,ed25519_signature_base64,casual_weekend_chat
detector_pair__c4c5a330d355ffae9f8f2e86__ordinary_control,0,7.360587187577039e-05,textcnn,leave_one_model__mistral_7b_instruct_v0_3_q4_k_m,test,matched_clean_llm,dedup-cluster-8cd2e77d4fa5e7d635c78e1d,revision_v1_nonce_96_bit_hex_053,mistral_7b_instruct_v0_3_q4_k_m,segmented_hex_single_topic,nonce_96_bit_hex,procedure_simple_meal
detector_pair__c4c5a330d355ffae9f8f2e86__rankcloak,1,0.022949356585741043,textcnn,leave_one_model__mistral_7b_instruct_v0_3_q4_k_m,test,matched_clean_llm,dedup-cluster-8cd2e77d4fa5e7d635c78e1d,revision_v1_nonce_96_bit_hex_053,mistral_7b_instruct_v0_3_q4_k_m,segmented_hex_single_topic,nonce_96_bit_hex,procedure_simple_meal
detector_pair__c528fc0667d5d4d5106a0de2__ordinary_control,0,9.450061043025926e-06,textcnn,leave_one_model__mistral_7b_instruct_v0_3_q4_k_m,test,matched_clean_llm,dedup-cluster-bedfef4695d9764d2eb3ab0f,revision_v1_uuid_v4_029,mistral_7b_instruct_v0_3_q4_k_m,direct_subword_calgacus,uuid_v4,explain_everyday_system
detector_pair__c528fc0667d5d4d5106a0de2__rankcloak,1,0.9983314871788025,textcnn,leave_one_model__mistral_7b_instruct_v0_3_q4_k_m,test,matched_clean_llm,dedup-cluster-bedfef4695d9764d2eb3ab0f,revision_v1_uuid_v4_029,mistral_7b_instruct_v0_3_q4_k_m,direct_subword_calgacus,uuid_v4,explain_everyday_system
detector_pair__c56b3f3f6d2a0e56196348e6__ordinary_control,0,0.015411783009767532,textcnn,leave_one_model__mistral_7b_instruct_v0_3_q4_k_m,test,matched_clean_llm,dedup-cluster-3550b9941e44ba053c139eaa,revision_v1_sha256_hex_055,mistral_7b_instruct_v0_3_q4_k_m,segmented_hex_single_topic,sha256_hex,procedure_garden_task
detector_pair__c56b3f3f6d2a0e56196348e6__rankcloak,1,0.5063225626945496,textcnn,leave_one_model__mistral_7b_instruct_v0_3_q4_k_m,test,matched_clean_llm,dedup-cluster-3550b9941e44ba053c139eaa,revision_v1_sha256_hex_055,mistral_7b_instruct_v0_3_q4_k_m,segmented_hex_single_topic,sha256_hex,procedure_garden_task
detector_pair__c6321b63682932d64ede8383__ordinary_control,0,0.0007057801121845841,textcnn,leave_one_model__mistral_7b_instruct_v0_3_q4_k_m,test,matched_clean_llm,dedup-cluster-a4dc36180df85cc7bf87e268,revision_v1_chacha20_poly1305_base64_056,mistral_7b_instruct_v0_3_q4_k_m,direct_subword_calgacus,chacha20_poly1305_base64,narrative_learning_moment
detector_pair__c6321b63682932d64ede8383__rankcloak,1,0.9971302151679993,textcnn,leave_one_model__mistral_7b_instruct_v0_3_q4_k_m,test,matched_clean_llm,dedup-cluster-a4dc36180df85cc7bf87e268,revision_v1_chacha20_poly1305_base64_056,mistral_7b_instruct_v0_3_q4_k_m,direct_subword_calgacus,chacha20_poly1305_base64,narrative_learning_moment
detector_pair__c6b5fd73161e1bd1e06f8fea__ordinary_control,0,0.010854886844754219,textcnn,leave_one_model__mistral_7b_instruct_v0_3_q4_k_m,test,matched_clean_llm,dedup-cluster-7e1000ec149766aba547a02b,revision_v1_aes256_gcm_base64_040,mistral_7b_instruct_v0_3_q4_k_m,nonseg_ascii_b8,aes256_gcm_base64,explain_everyday_system
detector_pair__c6b5fd73161e1bd1e06f8fea__rankcloak,1,0.9998512268066406,textcnn,leave_one_model__mistral_7b_instruct_v0_3_q4_k_m,test,matched_clean_llm,dedup-cluster-7e1000ec149766aba547a02b,revision_v1_aes256_gcm_base64_040,mistral_7b_instruct_v0_3_q4_k_m,nonseg_ascii_b8,aes256_gcm_base64,explain_everyday_system
detector_pair__c70880da4a2d40e3ecb01c5c__ordinary_control,0,5.9191661421209574e-05,textcnn,leave_one_model__mistral_7b_instruct_v0_3_q4_k_m,test,matched_clean_llm,dedup-cluster-4a6717280abe6dffe389b392,revision_v1_aes256_gcm_base64_034,mistral_7b_instruct_v0_3_q4_k_m,direct_subword_calgacus,aes256_gcm_base64,explain_weather_pattern
detector_pair__c70880da4a2d40e3ecb01c5c__rankcloak,1,0.9797255396842957,textcnn,leave_one_model__mistral_7b_instruct_v0_3_q4_k_m,test,matched_clean_llm,dedup-cluster-4a6717280abe6dffe389b392,revision_v1_aes256_gcm_base64_034,mistral_7b_instruct_v0_3_q4_k_m,direct_subword_calgacus,aes256_gcm_base64,explain_weather_pattern
detector_pair__c7396b312d9c4d972ce2cddd__ordinary_control,0,0.0016649249009788036,textcnn,leave_one_model__mistral_7b_instruct_v0_3_q4_k_m,test,matched_clean_llm,dedup-cluster-1aad62135c7a4ea593d27bdb,revision_v1_ed25519_signature_base64_014,mistral_7b_instruct_v0_3_q4_k_m,nonseg_ascii_b8,ed25519_signature_base64,explain_biological_process
detector_pair__c7396b312d9c4d972ce2cddd__rankcloak,1,0.9996920824050903,textcnn,leave_one_model__mistral_7b_instruct_v0_3_q4_k_m,test,matched_clean_llm,dedup-cluster-1aad62135c7a4ea593d27bdb,revision_v1_ed25519_signature_base64_014,mistral_7b_instruct_v0_3_q4_k_m,nonseg_ascii_b8,ed25519_signature_base64,explain_biological_process
detector_pair__c739aee0ca4297a7d5bcb55d__ordinary_control,0,0.007889285683631897,textcnn,leave_one_model__mistral_7b_instruct_v0_3_q4_k_m,test,matched_clean_llm,dedup-cluster-0a09c663faa5a6e644901d76,revision_v1_sha256_hex_016,mistral_7b_instruct_v0_3_q4_k_m,nonseg_hex_nibble_b16,sha256_hex,casual_hobby_chat
detector_pair__c739aee0ca4297a7d5bcb55d__rankcloak,1,0.9999134540557861,textcnn,leave_one_model__mistral_7b_instruct_v0_3_q4_k_m,test,matched_clean_llm,dedup-cluster-0a09c663faa5a6e644901d76,revision_v1_sha256_hex_016,mistral_7b_instruct_v0_3_q4_k_m,nonseg_hex_nibble_b16,sha256_hex,casual_hobby_chat
detector_pair__c7ab8d7f82dfd0f15894aa60__ordinary_control,0,0.004294257145375013,textcnn,leave_one_model__mistral_7b_instruct_v0_3_q4_k_m,test,matched_clean_llm,dedup-cluster-c791365cbb6a3ed856420c65,revision_v1_hmac_sha256_hex_023,mistral_7b_instruct_v0_3_q4_k_m,segmented_hex_single_topic,hmac_sha256_hex,forum_practical_answer
detector_pair__c7ab8d7f82dfd0f15894aa60__rankcloak,1,0.06300117820501328,textcnn,leave_one_model__mistral_7b_instruct_v0_3_q4_k_m,test,matched_clean_llm,dedup-cluster-c791365cbb6a3ed856420c65,revision_v1_hmac_sha256_hex_023,mistral_7b_instruct_v0_3_q4_k_m,segmented_hex_single_topic,hmac_sha256_hex,forum_practical_answer
detector_pair__c801d042a4c8dcfd2a02c5b0__ordinary_control,0,0.0004022815264761448,textcnn,leave_one_model__mistral_7b_instruct_v0_3_q4_k_m,test,matched_clean_llm,dedup-cluster-95e2f27c2b585a3d4fdfda70,revision_v1_nonce_96_bit_hex_013,mistral_7b_instruct_v0_3_q4_k_m,segmented_hex_multi_topic,nonce_96_bit_hex,explain_weather_pattern
detector_pair__c801d042a4c8dcfd2a02c5b0__rankcloak,1,0.016180381178855896,textcnn,leave_one_model__mistral_7b_instruct_v0_3_q4_k_m,test,matched_clean_llm,dedup-cluster-95e2f27c2b585a3d4fdfda70,revision_v1_nonce_96_bit_hex_013,mistral_7b_instruct_v0_3_q4_k_m,segmented_hex_multi_topic,nonce_96_bit_hex,explain_weather_pattern
detector_pair__c84b41e17dc0ef7e8342930f__ordinary_control,0,0.00013968987332191318,textcnn,leave_one_model__mistral_7b_instruct_v0_3_q4_k_m,test,matched_clean_llm,dedup-cluster-e1f89602cec0d549198e89c6,revision_v1_chacha20_poly1305_base64_046,mistral_7b_instruct_v0_3_q4_k_m,direct_subword_calgacus,chacha20_poly1305_base64,casual_weekend_chat
detector_pair__c84b41e17dc0ef7e8342930f__rankcloak,1,0.9999994039535522,textcnn,leave_one_model__mistral_7b_instruct_v0_3_q4_k_m,test,matched_clean_llm,dedup-cluster-e1f89602cec0d549198e89c6,revision_v1_chacha20_poly1305_base64_046,mistral_7b_instruct_v0_3_q4_k_m,direct_subword_calgacus,chacha20_poly1305_base64,casual_weekend_chat
detector_pair__c867bc754a0598aea1b8296a__ordinary_control,0,0.03804744780063629,textcnn,leave_one_model__mistral_7b_instruct_v0_3_q4_k_m,test,matched_clean_llm,dedup-cluster-86d638dbb2173052f0f13f3d,revision_v1_chacha20_poly1305_base64_027,mistral_7b_instruct_v0_3_q4_k_m,nonseg_ascii_b8,chacha20_poly1305_base64,explain_weather_pattern
detector_pair__c867bc754a0598aea1b8296a__rankcloak,1,0.999975323677063,textcnn,leave_one_model__mistral_7b_instruct_v0_3_q4_k_m,test,matched_clean_llm,dedup-cluster-86d638dbb2173052f0f13f3d,revision_v1_chacha20_poly1305_base64_027,mistral_7b_instruct_v0_3_q4_k_m,nonseg_ascii_b8,chacha20_poly1305_base64,explain_weather_pattern
detector_pair__c95f1868814992c51fe9946a__ordinary_control,0,1.2676960068347398e-06,textcnn,leave_one_model__mistral_7b_instruct_v0_3_q4_k_m,test,matched_clean_llm,dedup-cluster-f6fc3479f88b17e2282c2e2e,revision_v1_token_128_bit_hex_043,mistral_7b_instruct_v0_3_q4_k_m,segmented_hex_single_topic,token_128_bit_hex,casual_weekend_chat
detector_pair__c95f1868814992c51fe9946a__rankcloak,1,0.9984704852104187,textcnn,leave_one_model__mistral_7b_instruct_v0_3_q4_k_m,test,matched_clean_llm,dedup-cluster-f6fc3479f88b17e2282c2e2e,revision_v1_token_128_bit_hex_043,mistral_7b_instruct_v0_3_q4_k_m,segmented_hex_single_topic,token_128_bit_hex,casual_weekend_chat
detector_pair__c96179a6693e5dd5438d54c8__ordinary_control,0,0.1136365681886673,textcnn,leave_one_model__mistral_7b_instruct_v0_3_q4_k_m,test,matched_clean_llm,dedup-cluster-29c00935d1f39c68be75bfe8,revision_v1_nonce_96_bit_hex_035,mistral_7b_instruct_v0_3_q4_k_m,segmented_hex_single_topic,nonce_96_bit_hex,procedure_simple_meal
detector_pair__c96179a6693e5dd5438d54c8__rankcloak,1,0.46194902062416077,textcnn,leave_one_model__mistral_7b_instruct_v0_3_q4_k_m,test,matched_clean_llm,dedup-cluster-29c00935d1f39c68be75bfe8,revision_v1_nonce_96_bit_hex_035,mistral_7b_instruct_v0_3_q4_k_m,segmented_hex_single_topic,nonce_96_bit_hex,procedure_simple_meal
detector_pair__c97f9665ead49dcb8197c697__ordinary_control,0,0.002468043938279152,textcnn,leave_one_model__mistral_7b_instruct_v0_3_q4_k_m,test,matched_clean_llm,dedup-cluster-1e85096517059ca2585e10f1,revision_v1_nonce_96_bit_hex_044,mistral_7b_instruct_v0_3_q4_k_m,segmented_hex_multi_topic,nonce_96_bit_hex,casual_neighborhood_chat
detector_pair__c97f9665ead49dcb8197c697__rankcloak,1,0.9416861534118652,textcnn,leave_one_model__mistral_7b_instruct_v0_3_q4_k_m,test,matched_clean_llm,dedup-cluster-1e85096517059ca2585e10f1,revision_v1_nonce_96_bit_hex_044,mistral_7b_instruct_v0_3_q4_k_m,segmented_hex_multi_topic,nonce_96_bit_hex,casual_neighborhood_chat
detector_pair__c9934696198cfffe837f69aa__ordinary_control,0,1.40642146106984e-06,textcnn,leave_one_model__mistral_7b_instruct_v0_3_q4_k_m,test,matched_clean_llm,dedup-cluster-d5b4f2b51dfabbdce0cd2fb8,revision_v1_sha256_hex_057,mistral_7b_instruct_v0_3_q4_k_m,segmented_hex_single_topic,sha256_hex,explain_biological_process
detector_pair__c9934696198cfffe837f69aa__rankcloak,1,0.9999620914459229,textcnn,leave_one_model__mistral_7b_instruct_v0_3_q4_k_m,test,matched_clean_llm,dedup-cluster-d5b4f2b51dfabbdce0cd2fb8,revision_v1_sha256_hex_057,mistral_7b_instruct_v0_3_q4_k_m,segmented_hex_single_topic,sha256_hex,explain_biological_process
detector_pair__c9ef15b394462fe1e553d76a__ordinary_control,0,3.43535648426041e-05,textcnn,leave_one_model__mistral_7b_instruct_v0_3_q4_k_m,test,matched_clean_llm,dedup-cluster-0a09c663faa5a6e644901d76,revision_v1_sha256_hex_016,mistral_7b_instruct_v0_3_q4_k_m,nonseg_ascii_b8,sha256_hex,casual_hobby_chat
detector_pair__c9ef15b394462fe1e553d76a__rankcloak,1,0.9999920129776001,textcnn,leave_one_model__mistral_7b_instruct_v0_3_q4_k_m,test,matched_clean_llm,dedup-cluster-0a09c663faa5a6e644901d76,revision_v1_sha256_hex_016,mistral_7b_instruct_v0_3_q4_k_m,nonseg_ascii_b8,sha256_hex,casual_hobby_chat
detector_pair__cba8778a74892068aac0bd12__ordinary_control,0,0.027121469378471375,textcnn,leave_one_model__mistral_7b_instruct_v0_3_q4_k_m,test,matched_clean_llm,dedup-cluster-3550b9941e44ba053c139eaa,revision_v1_sha256_hex_055,mistral_7b_instruct_v0_3_q4_k_m,segmented_hex_single_topic,sha256_hex,procedure_garden_task
detector_pair__cba8778a74892068aac0bd12__rankcloak,1,0.9999994039535522,textcnn,leave_one_model__mistral_7b_instruct_v0_3_q4_k_m,test,matched_clean_llm,dedup-cluster-3550b9941e44ba053c139eaa,revision_v1_sha256_hex_055,mistral_7b_instruct_v0_3_q4_k_m,segmented_hex_single_topic,sha256_hex,procedure_garden_task
detector_pair__cbb6fd8d964619d01af899eb__ordinary_control,0,0.9753795266151428,textcnn,leave_one_model__mistral_7b_instruct_v0_3_q4_k_m,test,matched_clean_llm,dedup-cluster-92597d293b9374d8f0316f4d,revision_v1_hmac_sha256_hex_031,mistral_7b_instruct_v0_3_q4_k_m,nonseg_ascii_b16,hmac_sha256_hex,narrative_learning_moment
detector_pair__cbb6fd8d964619d01af899eb__rankcloak,1,0.9999998807907104,textcnn,leave_one_model__mistral_7b_instruct_v0_3_q4_k_m,test,matched_clean_llm,dedup-cluster-92597d293b9374d8f0316f4d,revision_v1_hmac_sha256_hex_031,mistral_7b_instruct_v0_3_q4_k_m,nonseg_ascii_b16,hmac_sha256_hex,narrative_learning_moment
detector_pair__cbbdde49a1497d2026dd8b66__ordinary_control,0,0.05772785097360611,textcnn,leave_one_model__mistral_7b_instruct_v0_3_q4_k_m,test,matched_clean_llm,dedup-cluster-5b9dd88bf5e7e73a8e168e80,revision_v1_ed25519_signature_base64_001,mistral_7b_instruct_v0_3_q4_k_m,nonseg_ascii_b8,ed25519_signature_base64,narrative_small_discovery
detector_pair__cbbdde49a1497d2026dd8b66__rankcloak,1,0.9955582618713379,textcnn,leave_one_model__mistral_7b_instruct_v0_3_q4_k_m,test,matched_clean_llm,dedup-cluster-5b9dd88bf5e7e73a8e168e80,revision_v1_ed25519_signature_base64_001,mistral_7b_instruct_v0_3_q4_k_m,nonseg_ascii_b8,ed25519_signature_base64,narrative_small_discovery
detector_pair__cc6a93925fde0e9331c66979__ordinary_control,0,0.022237643599510193,textcnn,leave_one_model__mistral_7b_instruct_v0_3_q4_k_m,test,matched_clean_llm,dedup-cluster-4a2ba4b96048298d2a4a680c,revision_v1_token_128_bit_hex_008,mistral_7b_instruct_v0_3_q4_k_m,nonseg_hex_nibble_b16,token_128_bit_hex,professional_project_update
detector_pair__cc6a93925fde0e9331c66979__rankcloak,1,0.9998446702957153,textcnn,leave_one_model__mistral_7b_instruct_v0_3_q4_k_m,test,matched_clean_llm,dedup-cluster-4a2ba4b96048298d2a4a680c,revision_v1_token_128_bit_hex_008,mistral_7b_instruct_v0_3_q4_k_m,nonseg_hex_nibble_b16,token_128_bit_hex,professional_project_update
detector_pair__ccd3496c04fd32d8ee5bfe8a__ordinary_control,0,0.0008533066138625145,textcnn,leave_one_model__mistral_7b_instruct_v0_3_q4_k_m,test,matched_clean_llm,dedup-cluster-f10c8c155e4980c1847c8ddb,revision_v1_uuid_v4_035,mistral_7b_instruct_v0_3_q4_k_m,nonseg_ascii_b8,uuid_v4,explain_biological_process
detector_pair__ccd3496c04fd32d8ee5bfe8a__rankcloak,1,0.9232276678085327,textcnn,leave_one_model__mistral_7b_instruct_v0_3_q4_k_m,test,matched_clean_llm,dedup-cluster-f10c8c155e4980c1847c8ddb,revision_v1_uuid_v4_035,mistral_7b_instruct_v0_3_q4_k_m,nonseg_ascii_b8,uuid_v4,explain_biological_process
detector_pair__cd2bc4f0c69505a32cde290a__ordinary_control,0,0.0105471545830369,textcnn,leave_one_model__mistral_7b_instruct_v0_3_q4_k_m,test,matched_clean_llm,dedup-cluster-0d14bae63cd1e6e73dd0fa7a,revision_v1_nonce_96_bit_hex_022,mistral_7b_instruct_v0_3_q4_k_m,nonseg_ascii_b16,nonce_96_bit_hex,forum_purchase_advice
detector_pair__cd2bc4f0c69505a32cde290a__rankcloak,1,0.9999161958694458,textcnn,leave_one_model__mistral_7b_instruct_v0_3_q4_k_m,test,matched_clean_llm,dedup-cluster-0d14bae63cd1e6e73dd0fa7a,revision_v1_nonce_96_bit_hex_022,mistral_7b_instruct_v0_3_q4_k_m,nonseg_ascii_b16,nonce_96_bit_hex,forum_purchase_advice
detector_pair__cd5ff0c3f4e7a39ac500fae3__ordinary_control,0,0.0009587054955773056,textcnn,leave_one_model__mistral_7b_instruct_v0_3_q4_k_m,test,matched_clean_llm,dedup-cluster-0b53467e512d7aed40a8b7c5,revision_v1_hmac_sha256_hex_035,mistral_7b_instruct_v0_3_q4_k_m,nonseg_hex_nibble_b16,hmac_sha256_hex,forum_learning_answer
detector_pair__cd5ff0c3f4e7a39ac500fae3__rankcloak,1,0.9999889135360718,textcnn,leave_one_model__mistral_7b_instruct_v0_3_q4_k_m,test,matched_clean_llm,dedup-cluster-0b53467e512d7aed40a8b7c5,revision_v1_hmac_sha256_hex_035,mistral_7b_instruct_v0_3_q4_k_m,nonseg_hex_nibble_b16,hmac_sha256_hex,forum_learning_answer
detector_pair__ceaf94b8e007f5deeb1028cc__ordinary_control,0,0.07409593462944031,textcnn,leave_one_model__mistral_7b_instruct_v0_3_q4_k_m,test,matched_clean_llm,dedup-cluster-d5b4f2b51dfabbdce0cd2fb8,revision_v1_sha256_hex_057,mistral_7b_instruct_v0_3_q4_k_m,nonseg_ascii_b16,sha256_hex,explain_biological_process
detector_pair__ceaf94b8e007f5deeb1028cc__rankcloak,1,0.9999910593032837,textcnn,leave_one_model__mistral_7b_instruct_v0_3_q4_k_m,test,matched_clean_llm,dedup-cluster-d5b4f2b51dfabbdce0cd2fb8,revision_v1_sha256_hex_057,mistral_7b_instruct_v0_3_q4_k_m,nonseg_ascii_b16,sha256_hex,explain_biological_process
detector_pair__cedb8e023421c9f21bcc739a__ordinary_control,0,0.002092926762998104,textcnn,leave_one_model__mistral_7b_instruct_v0_3_q4_k_m,test,matched_clean_llm,dedup-cluster-a70c2199fe9757fc3a965e41,revision_v1_sha256_hex_041,mistral_7b_instruct_v0_3_q4_k_m,segmented_hex_single_topic,sha256_hex,professional_process_email
detector_pair__cedb8e023421c9f21bcc739a__rankcloak,1,0.9999825954437256,textcnn,leave_one_model__mistral_7b_instruct_v0_3_q4_k_m,test,matched_clean_llm,dedup-cluster-a70c2199fe9757fc3a965e41,revision_v1_sha256_hex_041,mistral_7b_instruct_v0_3_q4_k_m,segmented_hex_single_topic,sha256_hex,professional_process_email
detector_pair__cefc0007bd225dc7c4412ba7__ordinary_control,0,1.378769184157136e-06,textcnn,leave_one_model__mistral_7b_instruct_v0_3_q4_k_m,test,matched_clean_llm,dedup-cluster-83b5ef276b5071a7412eb272,revision_v1_token_128_bit_hex_001,mistral_7b_instruct_v0_3_q4_k_m,segmented_hex_single_topic,token_128_bit_hex,casual_neighborhood_chat
detector_pair__cefc0007bd225dc7c4412ba7__rankcloak,1,0.9332928657531738,textcnn,leave_one_model__mistral_7b_instruct_v0_3_q4_k_m,test,matched_clean_llm,dedup-cluster-83b5ef276b5071a7412eb272,revision_v1_token_128_bit_hex_001,mistral_7b_instruct_v0_3_q4_k_m,segmented_hex_single_topic,token_128_bit_hex,casual_neighborhood_chat
detector_pair__cffee2bcd35c6ab562c542f7__ordinary_control,0,0.00041624423465691507,textcnn,leave_one_model__mistral_7b_instruct_v0_3_q4_k_m,test,matched_clean_llm,dedup-cluster-f8f816ecf1e0e78375afe932,revision_v1_chacha20_poly1305_base64_025,mistral_7b_instruct_v0_3_q4_k_m,nonseg_ascii_b8,chacha20_poly1305_base64,procedure_simple_meal
detector_pair__cffee2bcd35c6ab562c542f7__rankcloak,1,0.9995824694633484,textcnn,leave_one_model__mistral_7b_instruct_v0_3_q4_k_m,test,matched_clean_llm,dedup-cluster-f8f816ecf1e0e78375afe932,revision_v1_chacha20_poly1305_base64_025,mistral_7b_instruct_v0_3_q4_k_m,nonseg_ascii_b8,chacha20_poly1305_base64,procedure_simple_meal
detector_pair__d1634f22ed5be753c8b8d057__ordinary_control,0,0.13682198524475098,textcnn,leave_one_model__mistral_7b_instruct_v0_3_q4_k_m,test,matched_clean_llm,dedup-cluster-3d7049c126c3e6af15cc5c6b,revision_v1_hmac_sha256_hex_016,mistral_7b_instruct_v0_3_q4_k_m,nonseg_ascii_b16,hmac_sha256_hex,professional_process_email
detector_pair__d1634f22ed5be753c8b8d057__rankcloak,1,0.9999988079071045,textcnn,leave_one_model__mistral_7b_instruct_v0_3_q4_k_m,test,matched_clean_llm,dedup-cluster-3d7049c126c3e6af15cc5c6b,revision_v1_hmac_sha256_hex_016,mistral_7b_instruct_v0_3_q4_k_m,nonseg_ascii_b16,hmac_sha256_hex,professional_process_email
detector_pair__d205f62b2386fcb979d77f75__ordinary_control,0,7.728330047029885e-07,textcnn,leave_one_model__mistral_7b_instruct_v0_3_q4_k_m,test,matched_clean_llm,dedup-cluster-bedfef4695d9764d2eb3ab0f,revision_v1_uuid_v4_029,mistral_7b_instruct_v0_3_q4_k_m,nonseg_ascii_b16,uuid_v4,explain_everyday_system
detector_pair__d205f62b2386fcb979d77f75__rankcloak,1,0.9999998807907104,textcnn,leave_one_model__mistral_7b_instruct_v0_3_q4_k_m,test,matched_clean_llm,dedup-cluster-bedfef4695d9764d2eb3ab0f,revision_v1_uuid_v4_029,mistral_7b_instruct_v0_3_q4_k_m,nonseg_ascii_b16,uuid_v4,explain_everyday_system
detector_pair__d29ba809fe71232a2fd5824d__ordinary_control,0,0.0036724896635860205,textcnn,leave_one_model__mistral_7b_instruct_v0_3_q4_k_m,test,matched_clean_llm,dedup-cluster-6a3b0df392337f6421c0e2eb,revision_v1_uuid_v4_026,mistral_7b_instruct_v0_3_q4_k_m,nonseg_ascii_b8,uuid_v4,forum_purchase_advice
detector_pair__d29ba809fe71232a2fd5824d__rankcloak,1,0.9931191205978394,textcnn,leave_one_model__mistral_7b_instruct_v0_3_q4_k_m,test,matched_clean_llm,dedup-cluster-6a3b0df392337f6421c0e2eb,revision_v1_uuid_v4_026,mistral_7b_instruct_v0_3_q4_k_m,nonseg_ascii_b8,uuid_v4,forum_purchase_advice
detector_pair__d2d5bc492ed679d0de8e10a4__ordinary_control,0,0.0004955033073201776,textcnn,leave_one_model__mistral_7b_instruct_v0_3_q4_k_m,test,matched_clean_llm,dedup-cluster-6b084f6dbf9a47a93f82df24,revision_v1_aes256_gcm_base64_037,mistral_7b_instruct_v0_3_q4_k_m,nonseg_ascii_b8,aes256_gcm_base64,forum_purchase_advice
detector_pair__d2d5bc492ed679d0de8e10a4__rankcloak,1,0.9999938011169434,textcnn,leave_one_model__mistral_7b_instruct_v0_3_q4_k_m,test,matched_clean_llm,dedup-cluster-6b084f6dbf9a47a93f82df24,revision_v1_aes256_gcm_base64_037,mistral_7b_instruct_v0_3_q4_k_m,nonseg_ascii_b8,aes256_gcm_base64,forum_purchase_advice
detector_pair__d311a5d27b23d1f5cc168a22__ordinary_control,0,1.0106272384291515e-05,textcnn,leave_one_model__mistral_7b_instruct_v0_3_q4_k_m,test,matched_clean_llm,dedup-cluster-83b5ef276b5071a7412eb272,revision_v1_token_128_bit_hex_001,mistral_7b_instruct_v0_3_q4_k_m,segmented_hex_multi_topic,token_128_bit_hex,casual_neighborhood_chat
detector_pair__d311a5d27b23d1f5cc168a22__rankcloak,1,0.00765946414321661,textcnn,leave_one_model__mistral_7b_instruct_v0_3_q4_k_m,test,matched_clean_llm,dedup-cluster-83b5ef276b5071a7412eb272,revision_v1_token_128_bit_hex_001,mistral_7b_instruct_v0_3_q4_k_m,segmented_hex_multi_topic,token_128_bit_hex,casual_neighborhood_chat
detector_pair__d35a6cb3b17a4c0b2cd13a95__ordinary_control,0,0.001722172717563808,textcnn,leave_one_model__mistral_7b_instruct_v0_3_q4_k_m,test,matched_clean_llm,dedup-cluster-91605a72859a660f036d538b,revision_v1_sha256_hex_009,mistral_7b_instruct_v0_3_q4_k_m,nonseg_ascii_b8,sha256_hex,explain_weather_pattern
detector_pair__d35a6cb3b17a4c0b2cd13a95__rankcloak,1,0.9985131621360779,textcnn,leave_one_model__mistral_7b_instruct_v0_3_q4_k_m,test,matched_clean_llm,dedup-cluster-91605a72859a660f036d538b,revision_v1_sha256_hex_009,mistral_7b_instruct_v0_3_q4_k_m,nonseg_ascii_b8,sha256_hex,explain_weather_pattern
detector_pair__d38922b26dbda12ef28409e4__ordinary_control,0,0.00017946926527656615,textcnn,leave_one_model__mistral_7b_instruct_v0_3_q4_k_m,test,matched_clean_llm,dedup-cluster-4a2ba4b96048298d2a4a680c,revision_v1_token_128_bit_hex_008,mistral_7b_instruct_v0_3_q4_k_m,segmented_hex_single_topic,token_128_bit_hex,professional_project_update
detector_pair__d38922b26dbda12ef28409e4__rankcloak,1,0.4301045835018158,textcnn,leave_one_model__mistral_7b_instruct_v0_3_q4_k_m,test,matched_clean_llm,dedup-cluster-4a2ba4b96048298d2a4a680c,revision_v1_token_128_bit_hex_008,mistral_7b_instruct_v0_3_q4_k_m,segmented_hex_single_topic,token_128_bit_hex,professional_project_update
detector_pair__d42ae107040fd54de84a5583__ordinary_control,0,6.201157248142408e-06,textcnn,leave_one_model__mistral_7b_instruct_v0_3_q4_k_m,test,matched_clean_llm,dedup-cluster-530f7a325b417a884b1be200,revision_v1_nonce_96_bit_hex_032,mistral_7b_instruct_v0_3_q4_k_m,nonseg_ascii_b8,nonce_96_bit_hex,casual_weekend_chat
detector_pair__d42ae107040fd54de84a5583__rankcloak,1,0.9003109931945801,textcnn,leave_one_model__mistral_7b_instruct_v0_3_q4_k_m,test,matched_clean_llm,dedup-cluster-530f7a325b417a884b1be200,revision_v1_nonce_96_bit_hex_032,mistral_7b_instruct_v0_3_q4_k_m,nonseg_ascii_b8,nonce_96_bit_hex,casual_weekend_chat
detector_pair__d42d35deb186cd391c59aa49__ordinary_control,0,0.0004685984458774328,textcnn,leave_one_model__mistral_7b_instruct_v0_3_q4_k_m,test,matched_clean_llm,dedup-cluster-66b8f96fb6033ede0ca665e8,revision_v1_aes256_gcm_base64_020,mistral_7b_instruct_v0_3_q4_k_m,nonseg_ascii_b8,aes256_gcm_base64,procedure_home_task
detector_pair__d42d35deb186cd391c59aa49__rankcloak,1,0.9980930685997009,textcnn,leave_one_model__mistral_7b_instruct_v0_3_q4_k_m,test,matched_clean_llm,dedup-cluster-66b8f96fb6033ede0ca665e8,revision_v1_aes256_gcm_base64_020,mistral_7b_instruct_v0_3_q4_k_m,nonseg_ascii_b8,aes256_gcm_base64,procedure_home_task
detector_pair__d431aae38f24b956aa80d12c__ordinary_control,0,0.013031156733632088,textcnn,leave_one_model__mistral_7b_instruct_v0_3_q4_k_m,test,matched_clean_llm,dedup-cluster-0d14bae63cd1e6e73dd0fa7a,revision_v1_nonce_96_bit_hex_022,mistral_7b_instruct_v0_3_q4_k_m,segmented_hex_multi_topic,nonce_96_bit_hex,forum_purchase_advice
detector_pair__d431aae38f24b956aa80d12c__rankcloak,1,0.9946489930152893,textcnn,leave_one_model__mistral_7b_instruct_v0_3_q4_k_m,test,matched_clean_llm,dedup-cluster-0d14bae63cd1e6e73dd0fa7a,revision_v1_nonce_96_bit_hex_022,mistral_7b_instruct_v0_3_q4_k_m,segmented_hex_multi_topic,nonce_96_bit_hex,forum_purchase_advice
detector_pair__d47dc586a9ec7f4e71b8fa09__ordinary_control,0,0.004165689926594496,textcnn,leave_one_model__mistral_7b_instruct_v0_3_q4_k_m,test,matched_clean_llm,dedup-cluster-607fc29d4914c273292301d6,revision_v1_token_128_bit_hex_052,mistral_7b_instruct_v0_3_q4_k_m,direct_subword_calgacus,token_128_bit_hex,procedure_home_task
detector_pair__d47dc586a9ec7f4e71b8fa09__rankcloak,1,0.13370931148529053,textcnn,leave_one_model__mistral_7b_instruct_v0_3_q4_k_m,test,matched_clean_llm,dedup-cluster-607fc29d4914c273292301d6,revision_v1_token_128_bit_hex_052,mistral_7b_instruct_v0_3_q4_k_m,direct_subword_calgacus,token_128_bit_hex,procedure_home_task
detector_pair__d511f2cb47996835f857b4da__ordinary_control,0,3.5987472074339166e-05,textcnn,leave_one_model__mistral_7b_instruct_v0_3_q4_k_m,test,matched_clean_llm,dedup-cluster-07152d65b441d025c2de854b,revision_v1_nonce_96_bit_hex_030,mistral_7b_instruct_v0_3_q4_k_m,nonseg_ascii_b8,nonce_96_bit_hex,narrative_small_discovery
detector_pair__d511f2cb47996835f857b4da__rankcloak,1,0.08726289868354797,textcnn,leave_one_model__mistral_7b_instruct_v0_3_q4_k_m,test,matched_clean_llm,dedup-cluster-07152d65b441d025c2de854b,revision_v1_nonce_96_bit_hex_030,mistral_7b_instruct_v0_3_q4_k_m,nonseg_ascii_b8,nonce_96_bit_hex,narrative_small_discovery
detector_pair__d56fedb7165843a06d2d66e5__ordinary_control,0,2.1297209684689733e-07,textcnn,leave_one_model__mistral_7b_instruct_v0_3_q4_k_m,test,matched_clean_llm,dedup-cluster-2ecc22c7d6a07954ad922bdc,revision_v1_token_128_bit_hex_014,mistral_7b_instruct_v0_3_q4_k_m,nonseg_ascii_b16,token_128_bit_hex,professional_schedule_note
detector_pair__d56fedb7165843a06d2d66e5__rankcloak,1,0.9999059438705444,textcnn,leave_one_model__mistral_7b_instruct_v0_3_q4_k_m,test,matched_clean_llm,dedup-cluster-2ecc22c7d6a07954ad922bdc,revision_v1_token_128_bit_hex_014,mistral_7b_instruct_v0_3_q4_k_m,nonseg_ascii_b16,token_128_bit_hex,professional_schedule_note
detector_pair__d644fbff1ec95ecb0961e0d2__ordinary_control,0,0.009202075190842152,textcnn,leave_one_model__mistral_7b_instruct_v0_3_q4_k_m,test,matched_clean_llm,dedup-cluster-054651d73ab2fcb750307ee7,revision_v1_token_128_bit_hex_023,mistral_7b_instruct_v0_3_q4_k_m,nonseg_ascii_b16,token_128_bit_hex,narrative_learning_moment
detector_pair__d644fbff1ec95ecb0961e0d2__rankcloak,1,0.023822344839572906,textcnn,leave_one_model__mistral_7b_instruct_v0_3_q4_k_m,test,matched_clean_llm,dedup-cluster-054651d73ab2fcb750307ee7,revision_v1_token_128_bit_hex_023,mistral_7b_instruct_v0_3_q4_k_m,nonseg_ascii_b16,token_128_bit_hex,narrative_learning_moment
detector_pair__d722405857265b02c7dc64ec__ordinary_control,0,0.0001804247876862064,textcnn,leave_one_model__mistral_7b_instruct_v0_3_q4_k_m,test,matched_clean_llm,dedup-cluster-089a5c41a6187c40edeb1a0c,revision_v1_nonce_96_bit_hex_007,mistral_7b_instruct_v0_3_q4_k_m,direct_subword_calgacus,nonce_96_bit_hex,explain_biological_process
detector_pair__d722405857265b02c7dc64ec__rankcloak,1,0.585564136505127,textcnn,leave_one_model__mistral_7b_instruct_v0_3_q4_k_m,test,matched_clean_llm,dedup-cluster-089a5c41a6187c40edeb1a0c,revision_v1_nonce_96_bit_hex_007,mistral_7b_instruct_v0_3_q4_k_m,direct_subword_calgacus,nonce_96_bit_hex,explain_biological_process
detector_pair__d81899b7b0c1697f39881fab__ordinary_control,0,0.0001906489342218265,textcnn,leave_one_model__mistral_7b_instruct_v0_3_q4_k_m,test,matched_clean_llm,dedup-cluster-87be1653d2065bc655a96c84,revision_v1_token_128_bit_hex_020,mistral_7b_instruct_v0_3_q4_k_m,segmented_hex_multi_topic,token_128_bit_hex,professional_process_email
detector_pair__d81899b7b0c1697f39881fab__rankcloak,1,0.9999181032180786,textcnn,leave_one_model__mistral_7b_instruct_v0_3_q4_k_m,test,matched_clean_llm,dedup-cluster-87be1653d2065bc655a96c84,revision_v1_token_128_bit_hex_020,mistral_7b_instruct_v0_3_q4_k_m,segmented_hex_multi_topic,token_128_bit_hex,professional_process_email
detector_pair__d8b241634529e7033ef4b335__ordinary_control,0,0.0005104410811327398,textcnn,leave_one_model__mistral_7b_instruct_v0_3_q4_k_m,test,matched_clean_llm,dedup-cluster-83b5ef276b5071a7412eb272,revision_v1_token_128_bit_hex_001,mistral_7b_instruct_v0_3_q4_k_m,direct_subword_calgacus,token_128_bit_hex,casual_neighborhood_chat
detector_pair__d8b241634529e7033ef4b335__rankcloak,1,0.9985899329185486,textcnn,leave_one_model__mistral_7b_instruct_v0_3_q4_k_m,test,matched_clean_llm,dedup-cluster-83b5ef276b5071a7412eb272,revision_v1_token_128_bit_hex_001,mistral_7b_instruct_v0_3_q4_k_m,direct_subword_calgacus,token_128_bit_hex,casual_neighborhood_chat
detector_pair__d8dacaba87b93fc0d6578436__ordinary_control,0,0.10539372265338898,textcnn,leave_one_model__mistral_7b_instruct_v0_3_q4_k_m,test,matched_clean_llm,dedup-cluster-6ff827405e3ec8e1790ca5eb,revision_v1_sha256_hex_051,mistral_7b_instruct_v0_3_q4_k_m,nonseg_ascii_b16,sha256_hex,explain_everyday_system
detector_pair__d8dacaba87b93fc0d6578436__rankcloak,1,0.8814387917518616,textcnn,leave_one_model__mistral_7b_instruct_v0_3_q4_k_m,test,matched_clean_llm,dedup-cluster-6ff827405e3ec8e1790ca5eb,revision_v1_sha256_hex_051,mistral_7b_instruct_v0_3_q4_k_m,nonseg_ascii_b16,sha256_hex,explain_everyday_system
detector_pair__d980b70d779dc1526942807d__ordinary_control,0,0.7656704187393188,textcnn,leave_one_model__mistral_7b_instruct_v0_3_q4_k_m,test,matched_clean_llm,dedup-cluster-92597d293b9374d8f0316f4d,revision_v1_hmac_sha256_hex_031,mistral_7b_instruct_v0_3_q4_k_m,segmented_hex_multi_topic,hmac_sha256_hex,narrative_learning_moment
detector_pair__d980b70d779dc1526942807d__rankcloak,1,1.0,textcnn,leave_one_model__mistral_7b_instruct_v0_3_q4_k_m,test,matched_clean_llm,dedup-cluster-92597d293b9374d8f0316f4d,revision_v1_hmac_sha256_hex_031,mistral_7b_instruct_v0_3_q4_k_m,segmented_hex_multi_topic,hmac_sha256_hex,narrative_learning_moment
detector_pair__da2b2dfdef0b51c00fd26d86__ordinary_control,0,0.6984286904335022,textcnn,leave_one_model__mistral_7b_instruct_v0_3_q4_k_m,test,matched_clean_llm,dedup-cluster-6ff827405e3ec8e1790ca5eb,revision_v1_sha256_hex_051,mistral_7b_instruct_v0_3_q4_k_m,nonseg_ascii_b8,sha256_hex,explain_everyday_system
detector_pair__da2b2dfdef0b51c00fd26d86__rankcloak,1,1.0,textcnn,leave_one_model__mistral_7b_instruct_v0_3_q4_k_m,test,matched_clean_llm,dedup-cluster-6ff827405e3ec8e1790ca5eb,revision_v1_sha256_hex_051,mistral_7b_instruct_v0_3_q4_k_m,nonseg_ascii_b8,sha256_hex,explain_everyday_system
detector_pair__dac275ecf24eadab0e79a07d__ordinary_control,0,0.8561821579933167,textcnn,leave_one_model__mistral_7b_instruct_v0_3_q4_k_m,test,matched_clean_llm,dedup-cluster-07152d65b441d025c2de854b,revision_v1_nonce_96_bit_hex_030,mistral_7b_instruct_v0_3_q4_k_m,segmented_hex_multi_topic,nonce_96_bit_hex,narrative_small_discovery
detector_pair__dac275ecf24eadab0e79a07d__rankcloak,1,0.1283324807882309,textcnn,leave_one_model__mistral_7b_instruct_v0_3_q4_k_m,test,matched_clean_llm,dedup-cluster-07152d65b441d025c2de854b,revision_v1_nonce_96_bit_hex_030,mistral_7b_instruct_v0_3_q4_k_m,segmented_hex_multi_topic,nonce_96_bit_hex,narrative_small_discovery
detector_pair__dac56067e952b3358c22b419__ordinary_control,0,0.0005934179062023759,textcnn,leave_one_model__mistral_7b_instruct_v0_3_q4_k_m,test,matched_clean_llm,dedup-cluster-1309181ed8aa479328b3f0a7,revision_v1_aes256_gcm_base64_004,mistral_7b_instruct_v0_3_q4_k_m,nonseg_ascii_b8,aes256_gcm_base64,explain_everyday_system
detector_pair__dac56067e952b3358c22b419__rankcloak,1,0.9996883869171143,textcnn,leave_one_model__mistral_7b_instruct_v0_3_q4_k_m,test,matched_clean_llm,dedup-cluster-1309181ed8aa479328b3f0a7,revision_v1_aes256_gcm_base64_004,mistral_7b_instruct_v0_3_q4_k_m,nonseg_ascii_b8,aes256_gcm_base64,explain_everyday_system
detector_pair__db27d8552765ee27737ea3fe__ordinary_control,0,0.8431205749511719,textcnn,leave_one_model__mistral_7b_instruct_v0_3_q4_k_m,test,matched_clean_llm,dedup-cluster-9dcfc126b0a6fc49629304d7,revision_v1_ed25519_signature_base64_054,mistral_7b_instruct_v0_3_q4_k_m,nonseg_ascii_b16,ed25519_signature_base64,procedure_simple_meal
detector_pair__db27d8552765ee27737ea3fe__rankcloak,1,0.9994786381721497,textcnn,leave_one_model__mistral_7b_instruct_v0_3_q4_k_m,test,matched_clean_llm,dedup-cluster-9dcfc126b0a6fc49629304d7,revision_v1_ed25519_signature_base64_054,mistral_7b_instruct_v0_3_q4_k_m,nonseg_ascii_b16,ed25519_signature_base64,procedure_simple_meal
detector_pair__dbe4eed9fa55c3baec3fc114__ordinary_control,0,4.742172677651979e-06,textcnn,leave_one_model__mistral_7b_instruct_v0_3_q4_k_m,test,matched_clean_llm,dedup-cluster-02069e60ee294b6b19cc3fda,revision_v1_chacha20_poly1305_base64_028,mistral_7b_instruct_v0_3_q4_k_m,nonseg_ascii_b8,chacha20_poly1305_base64,casual_weekend_chat
detector_pair__dbe4eed9fa55c3baec3fc114__rankcloak,1,0.9992358684539795,textcnn,leave_one_model__mistral_7b_instruct_v0_3_q4_k_m,test,matched_clean_llm,dedup-cluster-02069e60ee294b6b19cc3fda,revision_v1_chacha20_poly1305_base64_028,mistral_7b_instruct_v0_3_q4_k_m,nonseg_ascii_b8,chacha20_poly1305_base64,casual_weekend_chat
detector_pair__dcc49b96425bc7c9f1ff2a4f__ordinary_control,0,1.929547366330553e-08,textcnn,leave_one_model__mistral_7b_instruct_v0_3_q4_k_m,test,matched_clean_llm,dedup-cluster-530f7a325b417a884b1be200,revision_v1_nonce_96_bit_hex_032,mistral_7b_instruct_v0_3_q4_k_m,segmented_hex_multi_topic,nonce_96_bit_hex,casual_weekend_chat
detector_pair__dcc49b96425bc7c9f1ff2a4f__rankcloak,1,0.9999798536300659,textcnn,leave_one_model__mistral_7b_instruct_v0_3_q4_k_m,test,matched_clean_llm,dedup-cluster-530f7a325b417a884b1be200,revision_v1_nonce_96_bit_hex_032,mistral_7b_instruct_v0_3_q4_k_m,segmented_hex_multi_topic,nonce_96_bit_hex,casual_weekend_chat
detector_pair__dce9c98bca9c58d97750d4da__ordinary_control,0,1.4433564956561895e-06,textcnn,leave_one_model__mistral_7b_instruct_v0_3_q4_k_m,test,matched_clean_llm,dedup-cluster-f81b727c549baaf473769b12,revision_v1_chacha20_poly1305_base64_005,mistral_7b_instruct_v0_3_q4_k_m,nonseg_ascii_b8,chacha20_poly1305_base64,professional_process_email
detector_pair__dce9c98bca9c58d97750d4da__rankcloak,1,0.9999997615814209,textcnn,leave_one_model__mistral_7b_instruct_v0_3_q4_k_m,test,matched_clean_llm,dedup-cluster-f81b727c549baaf473769b12,revision_v1_chacha20_poly1305_base64_005,mistral_7b_instruct_v0_3_q4_k_m,nonseg_ascii_b8,chacha20_poly1305_base64,professional_process_email
detector_pair__dcfb36424d1d7854314344b8__ordinary_control,0,4.038139778117511e-08,textcnn,leave_one_model__mistral_7b_instruct_v0_3_q4_k_m,test,matched_clean_llm,dedup-cluster-00190ab339967308d13aeb9a,revision_v1_token_128_bit_hex_037,mistral_7b_instruct_v0_3_q4_k_m,nonseg_hex_nibble_b16,token_128_bit_hex,casual_neighborhood_chat
detector_pair__dcfb36424d1d7854314344b8__rankcloak,1,0.9983606934547424,textcnn,leave_one_model__mistral_7b_instruct_v0_3_q4_k_m,test,matched_clean_llm,dedup-cluster-00190ab339967308d13aeb9a,revision_v1_token_128_bit_hex_037,mistral_7b_instruct_v0_3_q4_k_m,nonseg_hex_nibble_b16,token_128_bit_hex,casual_neighborhood_chat
detector_pair__dd37d51b7fc895f83ed79bc3__ordinary_control,0,0.006079754792153835,textcnn,leave_one_model__mistral_7b_instruct_v0_3_q4_k_m,test,matched_clean_llm,dedup-cluster-3d7049c126c3e6af15cc5c6b,revision_v1_hmac_sha256_hex_016,mistral_7b_instruct_v0_3_q4_k_m,nonseg_ascii_b8,hmac_sha256_hex,professional_process_email
detector_pair__dd37d51b7fc895f83ed79bc3__rankcloak,1,0.998197615146637,textcnn,leave_one_model__mistral_7b_instruct_v0_3_q4_k_m,test,matched_clean_llm,dedup-cluster-3d7049c126c3e6af15cc5c6b,revision_v1_hmac_sha256_hex_016,mistral_7b_instruct_v0_3_q4_k_m,nonseg_ascii_b8,hmac_sha256_hex,professional_process_email
detector_pair__dd69aaca57b8c5f9ebb0c8cc__ordinary_control,0,0.7286789417266846,textcnn,leave_one_model__mistral_7b_instruct_v0_3_q4_k_m,test,matched_clean_llm,dedup-cluster-6a3b0df392337f6421c0e2eb,revision_v1_uuid_v4_026,mistral_7b_instruct_v0_3_q4_k_m,nonseg_ascii_b16,uuid_v4,forum_purchase_advice
detector_pair__dd69aaca57b8c5f9ebb0c8cc__rankcloak,1,0.9060307741165161,textcnn,leave_one_model__mistral_7b_instruct_v0_3_q4_k_m,test,matched_clean_llm,dedup-cluster-6a3b0df392337f6421c0e2eb,revision_v1_uuid_v4_026,mistral_7b_instruct_v0_3_q4_k_m,nonseg_ascii_b16,uuid_v4,forum_purchase_advice
detector_pair__de29b705b8868f0a8eee742b__ordinary_control,0,0.2128347009420395,textcnn,leave_one_model__mistral_7b_instruct_v0_3_q4_k_m,test,matched_clean_llm,dedup-cluster-4a2ba4b96048298d2a4a680c,revision_v1_token_128_bit_hex_008,mistral_7b_instruct_v0_3_q4_k_m,segmented_hex_multi_topic,token_128_bit_hex,professional_project_update
detector_pair__de29b705b8868f0a8eee742b__rankcloak,1,0.9912558794021606,textcnn,leave_one_model__mistral_7b_instruct_v0_3_q4_k_m,test,matched_clean_llm,dedup-cluster-4a2ba4b96048298d2a4a680c,revision_v1_token_128_bit_hex_008,mistral_7b_instruct_v0_3_q4_k_m,segmented_hex_multi_topic,token_128_bit_hex,professional_project_update
detector_pair__de3b6226dfaa6675ed93f8e8__ordinary_control,0,0.8956435322761536,textcnn,leave_one_model__mistral_7b_instruct_v0_3_q4_k_m,test,matched_clean_llm,dedup-cluster-a70c2199fe9757fc3a965e41,revision_v1_sha256_hex_041,mistral_7b_instruct_v0_3_q4_k_m,segmented_hex_single_topic,sha256_hex,professional_process_email
detector_pair__de3b6226dfaa6675ed93f8e8__rankcloak,1,0.9739193320274353,textcnn,leave_one_model__mistral_7b_instruct_v0_3_q4_k_m,test,matched_clean_llm,dedup-cluster-a70c2199fe9757fc3a965e41,revision_v1_sha256_hex_041,mistral_7b_instruct_v0_3_q4_k_m,segmented_hex_single_topic,sha256_hex,professional_process_email
detector_pair__deb1935d4844ddfeed3ebcf5__ordinary_control,0,0.02377019077539444,textcnn,leave_one_model__mistral_7b_instruct_v0_3_q4_k_m,test,matched_clean_llm,dedup-cluster-42ce35dd2bcd53cb8fe0bada,revision_v1_token_128_bit_hex_027,mistral_7b_instruct_v0_3_q4_k_m,segmented_hex_multi_topic,token_128_bit_hex,forum_practical_answer
detector_pair__deb1935d4844ddfeed3ebcf5__rankcloak,1,0.12015686184167862,textcnn,leave_one_model__mistral_7b_instruct_v0_3_q4_k_m,test,matched_clean_llm,dedup-cluster-42ce35dd2bcd53cb8fe0bada,revision_v1_token_128_bit_hex_027,mistral_7b_instruct_v0_3_q4_k_m,segmented_hex_multi_topic,token_128_bit_hex,forum_practical_answer
detector_pair__deb2b606a6de5c8ec85b126c__ordinary_control,0,5.5005970352794975e-05,textcnn,leave_one_model__mistral_7b_instruct_v0_3_q4_k_m,test,matched_clean_llm,dedup-cluster-bce5a8a5d318ff689ce98a79,revision_v1_ed25519_signature_base64_023,mistral_7b_instruct_v0_3_q4_k_m,nonseg_ascii_b8,ed25519_signature_base64,forum_practical_answer
detector_pair__deb2b606a6de5c8ec85b126c__rankcloak,1,0.9999916553497314,textcnn,leave_one_model__mistral_7b_instruct_v0_3_q4_k_m,test,matched_clean_llm,dedup-cluster-bce5a8a5d318ff689ce98a79,revision_v1_ed25519_signature_base64_023,mistral_7b_instruct_v0_3_q4_k_m,nonseg_ascii_b8,ed25519_signature_base64,forum_practical_answer
detector_pair__ded92b7d9e5934943db80a38__ordinary_control,0,0.001193332253023982,textcnn,leave_one_model__mistral_7b_instruct_v0_3_q4_k_m,test,matched_clean_llm,dedup-cluster-3d7049c126c3e6af15cc5c6b,revision_v1_hmac_sha256_hex_016,mistral_7b_instruct_v0_3_q4_k_m,nonseg_hex_nibble_b16,hmac_sha256_hex,professional_process_email
detector_pair__ded92b7d9e5934943db80a38__rankcloak,1,0.8837006688117981,textcnn,leave_one_model__mistral_7b_instruct_v0_3_q4_k_m,test,matched_clean_llm,dedup-cluster-3d7049c126c3e6af15cc5c6b,revision_v1_hmac_sha256_hex_016,mistral_7b_instruct_v0_3_q4_k_m,nonseg_hex_nibble_b16,hmac_sha256_hex,professional_process_email
detector_pair__deef19015e1a51d5048b6214__ordinary_control,0,6.275298005675722e-07,textcnn,leave_one_model__mistral_7b_instruct_v0_3_q4_k_m,test,matched_clean_llm,dedup-cluster-f89833150d03922e848a8e4d,revision_v1_ed25519_signature_base64_026,mistral_7b_instruct_v0_3_q4_k_m,direct_subword_calgacus,ed25519_signature_base64,explain_everyday_system
detector_pair__deef19015e1a51d5048b6214__rankcloak,1,0.9667494893074036,textcnn,leave_one_model__mistral_7b_instruct_v0_3_q4_k_m,test,matched_clean_llm,dedup-cluster-f89833150d03922e848a8e4d,revision_v1_ed25519_signature_base64_026,mistral_7b_instruct_v0_3_q4_k_m,direct_subword_calgacus,ed25519_signature_base64,explain_everyday_system
detector_pair__df1ce2d54d8b11dcdf1b4338__ordinary_control,0,0.009246746078133583,textcnn,leave_one_model__mistral_7b_instruct_v0_3_q4_k_m,test,matched_clean_llm,dedup-cluster-66b8f96fb6033ede0ca665e8,revision_v1_aes256_gcm_base64_020,mistral_7b_instruct_v0_3_q4_k_m,direct_subword_calgacus,aes256_gcm_base64,procedure_home_task
detector_pair__df1ce2d54d8b11dcdf1b4338__rankcloak,1,0.9995120763778687,textcnn,leave_one_model__mistral_7b_instruct_v0_3_q4_k_m,test,matched_clean_llm,dedup-cluster-66b8f96fb6033ede0ca665e8,revision_v1_aes256_gcm_base64_020,mistral_7b_instruct_v0_3_q4_k_m,direct_subword_calgacus,aes256_gcm_base64,procedure_home_task
detector_pair__df85b4e80a10e64559b71dbe__ordinary_control,0,0.0019139242358505726,textcnn,leave_one_model__mistral_7b_instruct_v0_3_q4_k_m,test,matched_clean_llm,dedup-cluster-1a88735e2967b1b509e24d6b,revision_v1_token_128_bit_hex_015,mistral_7b_instruct_v0_3_q4_k_m,segmented_hex_multi_topic,token_128_bit_hex,forum_purchase_advice
detector_pair__df85b4e80a10e64559b71dbe__rankcloak,1,0.9916211366653442,textcnn,leave_one_model__mistral_7b_instruct_v0_3_q4_k_m,test,matched_clean_llm,dedup-cluster-1a88735e2967b1b509e24d6b,revision_v1_token_128_bit_hex_015,mistral_7b_instruct_v0_3_q4_k_m,segmented_hex_multi_topic,token_128_bit_hex,forum_purchase_advice
detector_pair__df9aa239cc449fcfa9672bcc__ordinary_control,0,5.291578054311685e-05,textcnn,leave_one_model__mistral_7b_instruct_v0_3_q4_k_m,test,matched_clean_llm,dedup-cluster-29f0784a87261cd21c8ecb5a,revision_v1_chacha20_poly1305_base64_018,mistral_7b_instruct_v0_3_q4_k_m,direct_subword_calgacus,chacha20_poly1305_base64,forum_learning_answer
detector_pair__df9aa239cc449fcfa9672bcc__rankcloak,1,0.9735034108161926,textcnn,leave_one_model__mistral_7b_instruct_v0_3_q4_k_m,test,matched_clean_llm,dedup-cluster-29f0784a87261cd21c8ecb5a,revision_v1_chacha20_poly1305_base64_018,mistral_7b_instruct_v0_3_q4_k_m,direct_subword_calgacus,chacha20_poly1305_base64,forum_learning_answer
detector_pair__df9ad765260ed54b8eeb9fe6__ordinary_control,0,0.09306143969297409,textcnn,leave_one_model__mistral_7b_instruct_v0_3_q4_k_m,test,matched_clean_llm,dedup-cluster-f8f816ecf1e0e78375afe932,revision_v1_chacha20_poly1305_base64_025,mistral_7b_instruct_v0_3_q4_k_m,direct_subword_calgacus,chacha20_poly1305_base64,procedure_simple_meal
detector_pair__df9ad765260ed54b8eeb9fe6__rankcloak,1,0.9420599937438965,textcnn,leave_one_model__mistral_7b_instruct_v0_3_q4_k_m,test,matched_clean_llm,dedup-cluster-f8f816ecf1e0e78375afe932,revision_v1_chacha20_poly1305_base64_025,mistral_7b_instruct_v0_3_q4_k_m,direct_subword_calgacus,chacha20_poly1305_base64,procedure_simple_meal
detector_pair__dfc5944a44a8f5a4f5cb8338__ordinary_control,0,0.00018466796609573066,textcnn,leave_one_model__mistral_7b_instruct_v0_3_q4_k_m,test,matched_clean_llm,dedup-cluster-2447f2f757732f18a1468db2,revision_v1_aes256_gcm_base64_044,mistral_7b_instruct_v0_3_q4_k_m,nonseg_ascii_b8,aes256_gcm_base64,procedure_garden_task
detector_pair__dfc5944a44a8f5a4f5cb8338__rankcloak,1,0.9996697902679443,textcnn,leave_one_model__mistral_7b_instruct_v0_3_q4_k_m,test,matched_clean_llm,dedup-cluster-2447f2f757732f18a1468db2,revision_v1_aes256_gcm_base64_044,mistral_7b_instruct_v0_3_q4_k_m,nonseg_ascii_b8,aes256_gcm_base64,procedure_garden_task
detector_pair__dfc7c426e346163c290bcec6__ordinary_control,0,0.09996326267719269,textcnn,leave_one_model__mistral_7b_instruct_v0_3_q4_k_m,test,matched_clean_llm,dedup-cluster-29c00935d1f39c68be75bfe8,revision_v1_nonce_96_bit_hex_035,mistral_7b_instruct_v0_3_q4_k_m,direct_subword_calgacus,nonce_96_bit_hex,procedure_simple_meal
detector_pair__dfc7c426e346163c290bcec6__rankcloak,1,0.8469878435134888,textcnn,leave_one_model__mistral_7b_instruct_v0_3_q4_k_m,test,matched_clean_llm,dedup-cluster-29c00935d1f39c68be75bfe8,revision_v1_nonce_96_bit_hex_035,mistral_7b_instruct_v0_3_q4_k_m,direct_subword_calgacus,nonce_96_bit_hex,procedure_simple_meal
detector_pair__e045058bff435bcb50b96813__ordinary_control,0,0.0009476204286329448,textcnn,leave_one_model__mistral_7b_instruct_v0_3_q4_k_m,test,matched_clean_llm,dedup-cluster-80b481e94169d611d3504384,revision_v1_ed25519_signature_base64_034,mistral_7b_instruct_v0_3_q4_k_m,nonseg_ascii_b8,ed25519_signature_base64,professional_process_email
detector_pair__e045058bff435bcb50b96813__rankcloak,1,0.9999401569366455,textcnn,leave_one_model__mistral_7b_instruct_v0_3_q4_k_m,test,matched_clean_llm,dedup-cluster-80b481e94169d611d3504384,revision_v1_ed25519_signature_base64_034,mistral_7b_instruct_v0_3_q4_k_m,nonseg_ascii_b8,ed25519_signature_base64,professional_process_email
detector_pair__e0a8be4ef9a283664f90be29__ordinary_control,0,0.0006803756696172059,textcnn,leave_one_model__mistral_7b_instruct_v0_3_q4_k_m,test,matched_clean_llm,dedup-cluster-60d0df848b633a552e7a097a,revision_v1_ed25519_signature_base64_007,mistral_7b_instruct_v0_3_q4_k_m,direct_subword_calgacus,ed25519_signature_base64,narrative_local_walk
detector_pair__e0a8be4ef9a283664f90be29__rankcloak,1,0.9999889135360718,textcnn,leave_one_model__mistral_7b_instruct_v0_3_q4_k_m,test,matched_clean_llm,dedup-cluster-60d0df848b633a552e7a097a,revision_v1_ed25519_signature_base64_007,mistral_7b_instruct_v0_3_q4_k_m,direct_subword_calgacus,ed25519_signature_base64,narrative_local_walk
detector_pair__e2259e2d39a49204cb0195f1__ordinary_control,0,0.006888235453516245,textcnn,leave_one_model__mistral_7b_instruct_v0_3_q4_k_m,test,matched_clean_llm,dedup-cluster-07152d65b441d025c2de854b,revision_v1_nonce_96_bit_hex_030,mistral_7b_instruct_v0_3_q4_k_m,segmented_hex_single_topic,nonce_96_bit_hex,narrative_small_discovery
detector_pair__e2259e2d39a49204cb0195f1__rankcloak,1,0.8997429013252258,textcnn,leave_one_model__mistral_7b_instruct_v0_3_q4_k_m,test,matched_clean_llm,dedup-cluster-07152d65b441d025c2de854b,revision_v1_nonce_96_bit_hex_030,mistral_7b_instruct_v0_3_q4_k_m,segmented_hex_single_topic,nonce_96_bit_hex,narrative_small_discovery
detector_pair__e231d54767fa31dcdf97c67f__ordinary_control,0,0.0028554913587868214,textcnn,leave_one_model__mistral_7b_instruct_v0_3_q4_k_m,test,matched_clean_llm,dedup-cluster-ff49451d067828caa2ddfd75,revision_v1_chacha20_poly1305_base64_031,mistral_7b_instruct_v0_3_q4_k_m,direct_subword_calgacus,chacha20_poly1305_base64,procedure_home_task
detector_pair__e231d54767fa31dcdf97c67f__rankcloak,1,0.9999998807907104,textcnn,leave_one_model__mistral_7b_instruct_v0_3_q4_k_m,test,matched_clean_llm,dedup-cluster-ff49451d067828caa2ddfd75,revision_v1_chacha20_poly1305_base64_031,mistral_7b_instruct_v0_3_q4_k_m,direct_subword_calgacus,chacha20_poly1305_base64,procedure_home_task
detector_pair__e2e324f7351fde7c75785ab0__ordinary_control,0,0.0034182353410869837,textcnn,leave_one_model__mistral_7b_instruct_v0_3_q4_k_m,test,matched_clean_llm,dedup-cluster-6ff827405e3ec8e1790ca5eb,revision_v1_sha256_hex_051,mistral_7b_instruct_v0_3_q4_k_m,segmented_hex_multi_topic,sha256_hex,explain_everyday_system
detector_pair__e2e324f7351fde7c75785ab0__rankcloak,1,0.9993731379508972,textcnn,leave_one_model__mistral_7b_instruct_v0_3_q4_k_m,test,matched_clean_llm,dedup-cluster-6ff827405e3ec8e1790ca5eb,revision_v1_sha256_hex_051,mistral_7b_instruct_v0_3_q4_k_m,segmented_hex_multi_topic,sha256_hex,explain_everyday_system
detector_pair__e3483b54c32681612666fede__ordinary_control,0,0.014601652510464191,textcnn,leave_one_model__mistral_7b_instruct_v0_3_q4_k_m,test,matched_clean_llm,dedup-cluster-d5b4f2b51dfabbdce0cd2fb8,revision_v1_sha256_hex_057,mistral_7b_instruct_v0_3_q4_k_m,nonseg_hex_nibble_b16,sha256_hex,explain_biological_process
detector_pair__e3483b54c32681612666fede__rankcloak,1,0.9697535634040833,textcnn,leave_one_model__mistral_7b_instruct_v0_3_q4_k_m,test,matched_clean_llm,dedup-cluster-d5b4f2b51dfabbdce0cd2fb8,revision_v1_sha256_hex_057,mistral_7b_instruct_v0_3_q4_k_m,nonseg_hex_nibble_b16,sha256_hex,explain_biological_process
detector_pair__e4173d6d88b5c6e96e04f5e1__ordinary_control,0,9.418791887583211e-05,textcnn,leave_one_model__mistral_7b_instruct_v0_3_q4_k_m,test,matched_clean_llm,dedup-cluster-4fce714af80d0b4f14ad4961,revision_v1_sha256_hex_008,mistral_7b_instruct_v0_3_q4_k_m,direct_subword_calgacus,sha256_hex,narrative_small_discovery
detector_pair__e4173d6d88b5c6e96e04f5e1__rankcloak,1,0.970824122428894,textcnn,leave_one_model__mistral_7b_instruct_v0_3_q4_k_m,test,matched_clean_llm,dedup-cluster-4fce714af80d0b4f14ad4961,revision_v1_sha256_hex_008,mistral_7b_instruct_v0_3_q4_k_m,direct_subword_calgacus,sha256_hex,narrative_small_discovery
detector_pair__e505d9cc09830a8db670f2e6__ordinary_control,0,0.013767211697995663,textcnn,leave_one_model__mistral_7b_instruct_v0_3_q4_k_m,test,matched_clean_llm,dedup-cluster-42ce35dd2bcd53cb8fe0bada,revision_v1_token_128_bit_hex_027,mistral_7b_instruct_v0_3_q4_k_m,nonseg_hex_nibble_b16,token_128_bit_hex,forum_practical_answer
detector_pair__e505d9cc09830a8db670f2e6__rankcloak,1,0.8283531665802002,textcnn,leave_one_model__mistral_7b_instruct_v0_3_q4_k_m,test,matched_clean_llm,dedup-cluster-42ce35dd2bcd53cb8fe0bada,revision_v1_token_128_bit_hex_027,mistral_7b_instruct_v0_3_q4_k_m,nonseg_hex_nibble_b16,token_128_bit_hex,forum_practical_answer
detector_pair__e54ecd111d1af1d79456539d__ordinary_control,0,0.009487040340900421,textcnn,leave_one_model__mistral_7b_instruct_v0_3_q4_k_m,test,matched_clean_llm,dedup-cluster-c791365cbb6a3ed856420c65,revision_v1_hmac_sha256_hex_023,mistral_7b_instruct_v0_3_q4_k_m,segmented_hex_single_topic,hmac_sha256_hex,forum_practical_answer
detector_pair__e54ecd111d1af1d79456539d__rankcloak,1,0.9970113039016724,textcnn,leave_one_model__mistral_7b_instruct_v0_3_q4_k_m,test,matched_clean_llm,dedup-cluster-c791365cbb6a3ed856420c65,revision_v1_hmac_sha256_hex_023,mistral_7b_instruct_v0_3_q4_k_m,segmented_hex_single_topic,hmac_sha256_hex,forum_practical_answer
detector_pair__e71e7fc7cc04d2950c9ee2c8__ordinary_control,0,0.009062729775905609,textcnn,leave_one_model__mistral_7b_instruct_v0_3_q4_k_m,test,matched_clean_llm,dedup-cluster-089a5c41a6187c40edeb1a0c,revision_v1_nonce_96_bit_hex_007,mistral_7b_instruct_v0_3_q4_k_m,segmented_hex_multi_topic,nonce_96_bit_hex,explain_biological_process
detector_pair__e71e7fc7cc04d2950c9ee2c8__rankcloak,1,0.9333845376968384,textcnn,leave_one_model__mistral_7b_instruct_v0_3_q4_k_m,test,matched_clean_llm,dedup-cluster-089a5c41a6187c40edeb1a0c,revision_v1_nonce_96_bit_hex_007,mistral_7b_instruct_v0_3_q4_k_m,segmented_hex_multi_topic,nonce_96_bit_hex,explain_biological_process
detector_pair__e7410dde89d469a7d28936b4__ordinary_control,0,8.752135909162462e-05,textcnn,leave_one_model__mistral_7b_instruct_v0_3_q4_k_m,test,matched_clean_llm,dedup-cluster-6ff827405e3ec8e1790ca5eb,revision_v1_sha256_hex_051,mistral_7b_instruct_v0_3_q4_k_m,segmented_hex_multi_topic,sha256_hex,explain_everyday_system
detector_pair__e7410dde89d469a7d28936b4__rankcloak,1,0.9910653233528137,textcnn,leave_one_model__mistral_7b_instruct_v0_3_q4_k_m,test,matched_clean_llm,dedup-cluster-6ff827405e3ec8e1790ca5eb,revision_v1_sha256_hex_051,mistral_7b_instruct_v0_3_q4_k_m,segmented_hex_multi_topic,sha256_hex,explain_everyday_system
detector_pair__e9b2b9afa6c68285fa8e2544__ordinary_control,0,9.531701834930573e-06,textcnn,leave_one_model__mistral_7b_instruct_v0_3_q4_k_m,test,matched_clean_llm,dedup-cluster-bdb0cb932ce8d25533d129e7,revision_v1_uuid_v4_054,mistral_7b_instruct_v0_3_q4_k_m,direct_subword_calgacus,uuid_v4,casual_weekend_chat
detector_pair__e9b2b9afa6c68285fa8e2544__rankcloak,1,0.9997780919075012,textcnn,leave_one_model__mistral_7b_instruct_v0_3_q4_k_m,test,matched_clean_llm,dedup-cluster-bdb0cb932ce8d25533d129e7,revision_v1_uuid_v4_054,mistral_7b_instruct_v0_3_q4_k_m,direct_subword_calgacus,uuid_v4,casual_weekend_chat
detector_pair__e9b668e01aeefdb8be9aaefa__ordinary_control,0,5.518584202945931e-06,textcnn,leave_one_model__mistral_7b_instruct_v0_3_q4_k_m,test,matched_clean_llm,dedup-cluster-b160d50a48c5e58f6dd7c118,revision_v1_token_128_bit_hex_009,mistral_7b_instruct_v0_3_q4_k_m,nonseg_ascii_b16,token_128_bit_hex,forum_practical_answer
detector_pair__e9b668e01aeefdb8be9aaefa__rankcloak,1,0.9626836776733398,textcnn,leave_one_model__mistral_7b_instruct_v0_3_q4_k_m,test,matched_clean_llm,dedup-cluster-b160d50a48c5e58f6dd7c118,revision_v1_token_128_bit_hex_009,mistral_7b_instruct_v0_3_q4_k_m,nonseg_ascii_b16,token_128_bit_hex,forum_practical_answer
detector_pair__e9c1d881c4cfbb5d52fc295d__ordinary_control,0,0.00029784743674099445,textcnn,leave_one_model__mistral_7b_instruct_v0_3_q4_k_m,test,matched_clean_llm,dedup-cluster-b160d50a48c5e58f6dd7c118,revision_v1_token_128_bit_hex_009,mistral_7b_instruct_v0_3_q4_k_m,segmented_hex_single_topic,token_128_bit_hex,forum_practical_answer
detector_pair__e9c1d881c4cfbb5d52fc295d__rankcloak,1,0.3093830645084381,textcnn,leave_one_model__mistral_7b_instruct_v0_3_q4_k_m,test,matched_clean_llm,dedup-cluster-b160d50a48c5e58f6dd7c118,revision_v1_token_128_bit_hex_009,mistral_7b_instruct_v0_3_q4_k_m,segmented_hex_single_topic,token_128_bit_hex,forum_practical_answer
detector_pair__e9c5401cb23b1b35046c0ca8__ordinary_control,0,0.3254448473453522,textcnn,leave_one_model__mistral_7b_instruct_v0_3_q4_k_m,test,matched_clean_llm,dedup-cluster-95e2f27c2b585a3d4fdfda70,revision_v1_nonce_96_bit_hex_013,mistral_7b_instruct_v0_3_q4_k_m,nonseg_ascii_b16,nonce_96_bit_hex,explain_weather_pattern
detector_pair__e9c5401cb23b1b35046c0ca8__rankcloak,1,0.8990188241004944,textcnn,leave_one_model__mistral_7b_instruct_v0_3_q4_k_m,test,matched_clean_llm,dedup-cluster-95e2f27c2b585a3d4fdfda70,revision_v1_nonce_96_bit_hex_013,mistral_7b_instruct_v0_3_q4_k_m,nonseg_ascii_b16,nonce_96_bit_hex,explain_weather_pattern
detector_pair__e9cb857720ec44389b47b587__ordinary_control,0,0.0013223019195720553,textcnn,leave_one_model__mistral_7b_instruct_v0_3_q4_k_m,test,matched_clean_llm,dedup-cluster-c31bf6d242afa63449100919,revision_v1_uuid_v4_015,mistral_7b_instruct_v0_3_q4_k_m,nonseg_ascii_b8,uuid_v4,procedure_garden_task
detector_pair__e9cb857720ec44389b47b587__rankcloak,1,0.9998956918716431,textcnn,leave_one_model__mistral_7b_instruct_v0_3_q4_k_m,test,matched_clean_llm,dedup-cluster-c31bf6d242afa63449100919,revision_v1_uuid_v4_015,mistral_7b_instruct_v0_3_q4_k_m,nonseg_ascii_b8,uuid_v4,procedure_garden_task
detector_pair__ea02d7be424e1caa17f0bdc3__ordinary_control,0,0.0009993118001148105,textcnn,leave_one_model__mistral_7b_instruct_v0_3_q4_k_m,test,matched_clean_llm,dedup-cluster-86d70a013a18a7f0dc80b7f5,revision_v1_hmac_sha256_hex_001,mistral_7b_instruct_v0_3_q4_k_m,nonseg_hex_nibble_b16,hmac_sha256_hex,narrative_small_discovery
detector_pair__ea02d7be424e1caa17f0bdc3__rankcloak,1,0.999876856803894,textcnn,leave_one_model__mistral_7b_instruct_v0_3_q4_k_m,test,matched_clean_llm,dedup-cluster-86d70a013a18a7f0dc80b7f5,revision_v1_hmac_sha256_hex_001,mistral_7b_instruct_v0_3_q4_k_m,nonseg_hex_nibble_b16,hmac_sha256_hex,narrative_small_discovery
detector_pair__ea17c45c5b9d23fa638097e1__ordinary_control,0,0.0020439941436052322,textcnn,leave_one_model__mistral_7b_instruct_v0_3_q4_k_m,test,matched_clean_llm,dedup-cluster-be754e26863b30c33e0e75f4,revision_v1_hmac_sha256_hex_000,mistral_7b_instruct_v0_3_q4_k_m,segmented_hex_single_topic,hmac_sha256_hex,procedure_simple_meal
detector_pair__ea17c45c5b9d23fa638097e1__rankcloak,1,0.9999970197677612,textcnn,leave_one_model__mistral_7b_instruct_v0_3_q4_k_m,test,matched_clean_llm,dedup-cluster-be754e26863b30c33e0e75f4,revision_v1_hmac_sha256_hex_000,mistral_7b_instruct_v0_3_q4_k_m,segmented_hex_single_topic,hmac_sha256_hex,procedure_simple_meal
detector_pair__ea65b6686918d2f3af41b9cb__ordinary_control,0,0.00021455709065776318,textcnn,leave_one_model__mistral_7b_instruct_v0_3_q4_k_m,test,matched_clean_llm,dedup-cluster-f1630cf66c55bafe664639a5,revision_v1_hmac_sha256_hex_009,mistral_7b_instruct_v0_3_q4_k_m,nonseg_ascii_b16,hmac_sha256_hex,casual_hobby_chat
detector_pair__ea65b6686918d2f3af41b9cb__rankcloak,1,0.9925006031990051,textcnn,leave_one_model__mistral_7b_instruct_v0_3_q4_k_m,test,matched_clean_llm,dedup-cluster-f1630cf66c55bafe664639a5,revision_v1_hmac_sha256_hex_009,mistral_7b_instruct_v0_3_q4_k_m,nonseg_ascii_b16,hmac_sha256_hex,casual_hobby_chat
detector_pair__eab9cb5762557244cb035e71__ordinary_control,0,6.310293883871054e-06,textcnn,leave_one_model__mistral_7b_instruct_v0_3_q4_k_m,test,matched_clean_llm,dedup-cluster-95e2f27c2b585a3d4fdfda70,revision_v1_nonce_96_bit_hex_013,mistral_7b_instruct_v0_3_q4_k_m,nonseg_ascii_b8,nonce_96_bit_hex,explain_weather_pattern
detector_pair__eab9cb5762557244cb035e71__rankcloak,1,0.5592380166053772,textcnn,leave_one_model__mistral_7b_instruct_v0_3_q4_k_m,test,matched_clean_llm,dedup-cluster-95e2f27c2b585a3d4fdfda70,revision_v1_nonce_96_bit_hex_013,mistral_7b_instruct_v0_3_q4_k_m,nonseg_ascii_b8,nonce_96_bit_hex,explain_weather_pattern
detector_pair__eabcfe4a2146ccacead6a7f6__ordinary_control,0,7.538153568020789e-08,textcnn,leave_one_model__mistral_7b_instruct_v0_3_q4_k_m,test,matched_clean_llm,dedup-cluster-c3dca9a9298a213ff99b5c53,revision_v1_sha256_hex_017,mistral_7b_instruct_v0_3_q4_k_m,direct_subword_calgacus,sha256_hex,professional_schedule_note
detector_pair__eabcfe4a2146ccacead6a7f6__rankcloak,1,0.984043538570404,textcnn,leave_one_model__mistral_7b_instruct_v0_3_q4_k_m,test,matched_clean_llm,dedup-cluster-c3dca9a9298a213ff99b5c53,revision_v1_sha256_hex_017,mistral_7b_instruct_v0_3_q4_k_m,direct_subword_calgacus,sha256_hex,professional_schedule_note
detector_pair__eac61c68c382d3a2d90d3b79__ordinary_control,0,0.000338638958055526,textcnn,leave_one_model__mistral_7b_instruct_v0_3_q4_k_m,test,matched_clean_llm,dedup-cluster-0a09c663faa5a6e644901d76,revision_v1_sha256_hex_016,mistral_7b_instruct_v0_3_q4_k_m,segmented_hex_multi_topic,sha256_hex,casual_hobby_chat
detector_pair__eac61c68c382d3a2d90d3b79__rankcloak,1,0.0026160492561757565,textcnn,leave_one_model__mistral_7b_instruct_v0_3_q4_k_m,test,matched_clean_llm,dedup-cluster-0a09c663faa5a6e644901d76,revision_v1_sha256_hex_016,mistral_7b_instruct_v0_3_q4_k_m,segmented_hex_multi_topic,sha256_hex,casual_hobby_chat
detector_pair__eb078e23120e8dd00237ae0f__ordinary_control,0,5.127251642988995e-05,textcnn,leave_one_model__mistral_7b_instruct_v0_3_q4_k_m,test,matched_clean_llm,dedup-cluster-f6fc3479f88b17e2282c2e2e,revision_v1_token_128_bit_hex_043,mistral_7b_instruct_v0_3_q4_k_m,segmented_hex_multi_topic,token_128_bit_hex,casual_weekend_chat
detector_pair__eb078e23120e8dd00237ae0f__rankcloak,1,0.9848841428756714,textcnn,leave_one_model__mistral_7b_instruct_v0_3_q4_k_m,test,matched_clean_llm,dedup-cluster-f6fc3479f88b17e2282c2e2e,revision_v1_token_128_bit_hex_043,mistral_7b_instruct_v0_3_q4_k_m,segmented_hex_multi_topic,token_128_bit_hex,casual_weekend_chat
detector_pair__ebd944b74d60b1e1967ff7c0__ordinary_control,0,0.005361477844417095,textcnn,leave_one_model__mistral_7b_instruct_v0_3_q4_k_m,test,matched_clean_llm,dedup-cluster-87be1653d2065bc655a96c84,revision_v1_token_128_bit_hex_020,mistral_7b_instruct_v0_3_q4_k_m,direct_subword_calgacus,token_128_bit_hex,professional_process_email
detector_pair__ebd944b74d60b1e1967ff7c0__rankcloak,1,0.5100116729736328,textcnn,leave_one_model__mistral_7b_instruct_v0_3_q4_k_m,test,matched_clean_llm,dedup-cluster-87be1653d2065bc655a96c84,revision_v1_token_128_bit_hex_020,mistral_7b_instruct_v0_3_q4_k_m,direct_subword_calgacus,token_128_bit_hex,professional_process_email
detector_pair__ecd2516f31abb0517ba4c6a1__ordinary_control,0,0.0009741219109855592,textcnn,leave_one_model__mistral_7b_instruct_v0_3_q4_k_m,test,matched_clean_llm,dedup-cluster-a37fa1ef4ffc42eb7c181e4b,revision_v1_aes256_gcm_base64_056,mistral_7b_instruct_v0_3_q4_k_m,nonseg_ascii_b16,aes256_gcm_base64,procedure_home_task
detector_pair__ecd2516f31abb0517ba4c6a1__rankcloak,1,0.9994174242019653,textcnn,leave_one_model__mistral_7b_instruct_v0_3_q4_k_m,test,matched_clean_llm,dedup-cluster-a37fa1ef4ffc42eb7c181e4b,revision_v1_aes256_gcm_base64_056,mistral_7b_instruct_v0_3_q4_k_m,nonseg_ascii_b16,aes256_gcm_base64,procedure_home_task
detector_pair__ecfdf89e10ec3543c00a2e9c__ordinary_control,0,0.004051197320222855,textcnn,leave_one_model__mistral_7b_instruct_v0_3_q4_k_m,test,matched_clean_llm,dedup-cluster-07152d65b441d025c2de854b,revision_v1_nonce_96_bit_hex_030,mistral_7b_instruct_v0_3_q4_k_m,direct_subword_calgacus,nonce_96_bit_hex,narrative_small_discovery
detector_pair__ecfdf89e10ec3543c00a2e9c__rankcloak,1,0.9983367919921875,textcnn,leave_one_model__mistral_7b_instruct_v0_3_q4_k_m,test,matched_clean_llm,dedup-cluster-07152d65b441d025c2de854b,revision_v1_nonce_96_bit_hex_030,mistral_7b_instruct_v0_3_q4_k_m,direct_subword_calgacus,nonce_96_bit_hex,narrative_small_discovery
detector_pair__edb23d70faa399ce951247eb__ordinary_control,0,8.95048797247e-05,textcnn,leave_one_model__mistral_7b_instruct_v0_3_q4_k_m,test,matched_clean_llm,dedup-cluster-b160d50a48c5e58f6dd7c118,revision_v1_token_128_bit_hex_009,mistral_7b_instruct_v0_3_q4_k_m,nonseg_ascii_b8,token_128_bit_hex,forum_practical_answer
detector_pair__edb23d70faa399ce951247eb__rankcloak,1,0.9999940395355225,textcnn,leave_one_model__mistral_7b_instruct_v0_3_q4_k_m,test,matched_clean_llm,dedup-cluster-b160d50a48c5e58f6dd7c118,revision_v1_token_128_bit_hex_009,mistral_7b_instruct_v0_3_q4_k_m,nonseg_ascii_b8,token_128_bit_hex,forum_practical_answer
detector_pair__edb5e5ea8f15be229929149d__ordinary_control,0,1.664456067373976e-05,textcnn,leave_one_model__mistral_7b_instruct_v0_3_q4_k_m,test,matched_clean_llm,dedup-cluster-7e1000ec149766aba547a02b,revision_v1_aes256_gcm_base64_040,mistral_7b_instruct_v0_3_q4_k_m,direct_subword_calgacus,aes256_gcm_base64,explain_everyday_system
detector_pair__edb5e5ea8f15be229929149d__rankcloak,1,0.8989785313606262,textcnn,leave_one_model__mistral_7b_instruct_v0_3_q4_k_m,test,matched_clean_llm,dedup-cluster-7e1000ec149766aba547a02b,revision_v1_aes256_gcm_base64_040,mistral_7b_instruct_v0_3_q4_k_m,direct_subword_calgacus,aes256_gcm_base64,explain_everyday_system
detector_pair__ee29f3d0f46b9df13437e772__ordinary_control,0,0.003616946516558528,textcnn,leave_one_model__mistral_7b_instruct_v0_3_q4_k_m,test,matched_clean_llm,dedup-cluster-309b32994a041eadb8229c21,revision_v1_chacha20_poly1305_base64_059,mistral_7b_instruct_v0_3_q4_k_m,nonseg_ascii_b8,chacha20_poly1305_base64,professional_process_email
detector_pair__ee29f3d0f46b9df13437e772__rankcloak,1,0.9999997615814209,textcnn,leave_one_model__mistral_7b_instruct_v0_3_q4_k_m,test,matched_clean_llm,dedup-cluster-309b32994a041eadb8229c21,revision_v1_chacha20_poly1305_base64_059,mistral_7b_instruct_v0_3_q4_k_m,nonseg_ascii_b8,chacha20_poly1305_base64,professional_process_email
detector_pair__ee5f21c1172529ba6d07663f__ordinary_control,0,0.40433794260025024,textcnn,leave_one_model__mistral_7b_instruct_v0_3_q4_k_m,test,matched_clean_llm,dedup-cluster-66b8f96fb6033ede0ca665e8,revision_v1_aes256_gcm_base64_020,mistral_7b_instruct_v0_3_q4_k_m,nonseg_ascii_b16,aes256_gcm_base64,procedure_home_task
detector_pair__ee5f21c1172529ba6d07663f__rankcloak,1,0.999998927116394,textcnn,leave_one_model__mistral_7b_instruct_v0_3_q4_k_m,test,matched_clean_llm,dedup-cluster-66b8f96fb6033ede0ca665e8,revision_v1_aes256_gcm_base64_020,mistral_7b_instruct_v0_3_q4_k_m,nonseg_ascii_b16,aes256_gcm_base64,procedure_home_task
detector_pair__efc205e79d4c0db9d6a53cad__ordinary_control,0,0.00027369739837013185,textcnn,leave_one_model__mistral_7b_instruct_v0_3_q4_k_m,test,matched_clean_llm,dedup-cluster-7e1000ec149766aba547a02b,revision_v1_aes256_gcm_base64_040,mistral_7b_instruct_v0_3_q4_k_m,nonseg_ascii_b16,aes256_gcm_base64,explain_everyday_system
detector_pair__efc205e79d4c0db9d6a53cad__rankcloak,1,0.9996770620346069,textcnn,leave_one_model__mistral_7b_instruct_v0_3_q4_k_m,test,matched_clean_llm,dedup-cluster-7e1000ec149766aba547a02b,revision_v1_aes256_gcm_base64_040,mistral_7b_instruct_v0_3_q4_k_m,nonseg_ascii_b16,aes256_gcm_base64,explain_everyday_system
detector_pair__efc85804cc2cf48b48353524__ordinary_control,0,0.00017195001419167966,textcnn,leave_one_model__mistral_7b_instruct_v0_3_q4_k_m,test,matched_clean_llm,dedup-cluster-42ce35dd2bcd53cb8fe0bada,revision_v1_token_128_bit_hex_027,mistral_7b_instruct_v0_3_q4_k_m,nonseg_ascii_b16,token_128_bit_hex,forum_practical_answer
detector_pair__efc85804cc2cf48b48353524__rankcloak,1,0.9884892106056213,textcnn,leave_one_model__mistral_7b_instruct_v0_3_q4_k_m,test,matched_clean_llm,dedup-cluster-42ce35dd2bcd53cb8fe0bada,revision_v1_token_128_bit_hex_027,mistral_7b_instruct_v0_3_q4_k_m,nonseg_ascii_b16,token_128_bit_hex,forum_practical_answer
detector_pair__f0ca22053275004641ebef5a__ordinary_control,0,0.24370154738426208,textcnn,leave_one_model__mistral_7b_instruct_v0_3_q4_k_m,test,matched_clean_llm,dedup-cluster-b160d50a48c5e58f6dd7c118,revision_v1_token_128_bit_hex_009,mistral_7b_instruct_v0_3_q4_k_m,nonseg_hex_nibble_b16,token_128_bit_hex,forum_practical_answer
detector_pair__f0ca22053275004641ebef5a__rankcloak,1,0.73966383934021,textcnn,leave_one_model__mistral_7b_instruct_v0_3_q4_k_m,test,matched_clean_llm,dedup-cluster-b160d50a48c5e58f6dd7c118,revision_v1_token_128_bit_hex_009,mistral_7b_instruct_v0_3_q4_k_m,nonseg_hex_nibble_b16,token_128_bit_hex,forum_practical_answer
detector_pair__f15fddf297773f2937e1dbc8__ordinary_control,0,7.3481232902850024e-06,textcnn,leave_one_model__mistral_7b_instruct_v0_3_q4_k_m,test,matched_clean_llm,dedup-cluster-87be1653d2065bc655a96c84,revision_v1_token_128_bit_hex_020,mistral_7b_instruct_v0_3_q4_k_m,nonseg_hex_nibble_b16,token_128_bit_hex,professional_process_email
detector_pair__f15fddf297773f2937e1dbc8__rankcloak,1,0.9970399737358093,textcnn,leave_one_model__mistral_7b_instruct_v0_3_q4_k_m,test,matched_clean_llm,dedup-cluster-87be1653d2065bc655a96c84,revision_v1_token_128_bit_hex_020,mistral_7b_instruct_v0_3_q4_k_m,nonseg_hex_nibble_b16,token_128_bit_hex,professional_process_email
detector_pair__f3086a6adfcce60fb04c7189__ordinary_control,0,4.26477927248925e-05,textcnn,leave_one_model__mistral_7b_instruct_v0_3_q4_k_m,test,matched_clean_llm,dedup-cluster-a0ec330801b891c994a313b8,revision_v1_hmac_sha256_hex_057,mistral_7b_instruct_v0_3_q4_k_m,direct_subword_calgacus,hmac_sha256_hex,casual_weekend_chat
detector_pair__f3086a6adfcce60fb04c7189__rankcloak,1,0.9999978542327881,textcnn,leave_one_model__mistral_7b_instruct_v0_3_q4_k_m,test,matched_clean_llm,dedup-cluster-a0ec330801b891c994a313b8,revision_v1_hmac_sha256_hex_057,mistral_7b_instruct_v0_3_q4_k_m,direct_subword_calgacus,hmac_sha256_hex,casual_weekend_chat
detector_pair__f42f8bc307f2177ab5d9b1a0__ordinary_control,0,0.014212134294211864,textcnn,leave_one_model__mistral_7b_instruct_v0_3_q4_k_m,test,matched_clean_llm,dedup-cluster-42ce35dd2bcd53cb8fe0bada,revision_v1_token_128_bit_hex_027,mistral_7b_instruct_v0_3_q4_k_m,nonseg_ascii_b8,token_128_bit_hex,forum_practical_answer
detector_pair__f42f8bc307f2177ab5d9b1a0__rankcloak,1,0.9998243451118469,textcnn,leave_one_model__mistral_7b_instruct_v0_3_q4_k_m,test,matched_clean_llm,dedup-cluster-42ce35dd2bcd53cb8fe0bada,revision_v1_token_128_bit_hex_027,mistral_7b_instruct_v0_3_q4_k_m,nonseg_ascii_b8,token_128_bit_hex,forum_practical_answer
detector_pair__f4406d3ac2cafe6cd03aa922__ordinary_control,0,3.8002419842086965e-06,textcnn,leave_one_model__mistral_7b_instruct_v0_3_q4_k_m,test,matched_clean_llm,dedup-cluster-43af11f5d2e1ab75fc7f8cd0,revision_v1_uuid_v4_037,mistral_7b_instruct_v0_3_q4_k_m,direct_subword_calgacus,uuid_v4,professional_project_update
detector_pair__f4406d3ac2cafe6cd03aa922__rankcloak,1,0.23127268254756927,textcnn,leave_one_model__mistral_7b_instruct_v0_3_q4_k_m,test,matched_clean_llm,dedup-cluster-43af11f5d2e1ab75fc7f8cd0,revision_v1_uuid_v4_037,mistral_7b_instruct_v0_3_q4_k_m,direct_subword_calgacus,uuid_v4,professional_project_update
detector_pair__f4da6775a64e8687a575afe8__ordinary_control,0,0.1604110300540924,textcnn,leave_one_model__mistral_7b_instruct_v0_3_q4_k_m,test,matched_clean_llm,dedup-cluster-b160d50a48c5e58f6dd7c118,revision_v1_token_128_bit_hex_009,mistral_7b_instruct_v0_3_q4_k_m,segmented_hex_single_topic,token_128_bit_hex,forum_practical_answer
detector_pair__f4da6775a64e8687a575afe8__rankcloak,1,0.9862128496170044,textcnn,leave_one_model__mistral_7b_instruct_v0_3_q4_k_m,test,matched_clean_llm,dedup-cluster-b160d50a48c5e58f6dd7c118,revision_v1_token_128_bit_hex_009,mistral_7b_instruct_v0_3_q4_k_m,segmented_hex_single_topic,token_128_bit_hex,forum_practical_answer
detector_pair__f52ccfe7c34309c6fde54f8f__ordinary_control,0,0.00020091621263418347,textcnn,leave_one_model__mistral_7b_instruct_v0_3_q4_k_m,test,matched_clean_llm,dedup-cluster-9f10381b863e019fc6de8b74,revision_v1_uuid_v4_011,mistral_7b_instruct_v0_3_q4_k_m,direct_subword_calgacus,uuid_v4,explain_everyday_system
detector_pair__f52ccfe7c34309c6fde54f8f__rankcloak,1,0.999713122844696,textcnn,leave_one_model__mistral_7b_instruct_v0_3_q4_k_m,test,matched_clean_llm,dedup-cluster-9f10381b863e019fc6de8b74,revision_v1_uuid_v4_011,mistral_7b_instruct_v0_3_q4_k_m,direct_subword_calgacus,uuid_v4,explain_everyday_system
detector_pair__f571054f673ab707b2c75f1e__ordinary_control,0,0.0006572583224624395,textcnn,leave_one_model__mistral_7b_instruct_v0_3_q4_k_m,test,matched_clean_llm,dedup-cluster-be754e26863b30c33e0e75f4,revision_v1_hmac_sha256_hex_000,mistral_7b_instruct_v0_3_q4_k_m,direct_subword_calgacus,hmac_sha256_hex,procedure_simple_meal
detector_pair__f571054f673ab707b2c75f1e__rankcloak,1,0.825008749961853,textcnn,leave_one_model__mistral_7b_instruct_v0_3_q4_k_m,test,matched_clean_llm,dedup-cluster-be754e26863b30c33e0e75f4,revision_v1_hmac_sha256_hex_000,mistral_7b_instruct_v0_3_q4_k_m,direct_subword_calgacus,hmac_sha256_hex,procedure_simple_meal
detector_pair__f72f190e2a99835f92db76fa__ordinary_control,0,0.973785936832428,textcnn,leave_one_model__mistral_7b_instruct_v0_3_q4_k_m,test,matched_clean_llm,dedup-cluster-95e2f27c2b585a3d4fdfda70,revision_v1_nonce_96_bit_hex_013,mistral_7b_instruct_v0_3_q4_k_m,segmented_hex_single_topic,nonce_96_bit_hex,explain_weather_pattern
detector_pair__f72f190e2a99835f92db76fa__rankcloak,1,0.6695806384086609,textcnn,leave_one_model__mistral_7b_instruct_v0_3_q4_k_m,test,matched_clean_llm,dedup-cluster-95e2f27c2b585a3d4fdfda70,revision_v1_nonce_96_bit_hex_013,mistral_7b_instruct_v0_3_q4_k_m,segmented_hex_single_topic,nonce_96_bit_hex,explain_weather_pattern
detector_pair__f8792a8c78699378106dfee3__ordinary_control,0,0.9996346235275269,textcnn,leave_one_model__mistral_7b_instruct_v0_3_q4_k_m,test,matched_clean_llm,dedup-cluster-42ce35dd2bcd53cb8fe0bada,revision_v1_token_128_bit_hex_027,mistral_7b_instruct_v0_3_q4_k_m,segmented_hex_multi_topic,token_128_bit_hex,forum_practical_answer
detector_pair__f8792a8c78699378106dfee3__rankcloak,1,0.7175814509391785,textcnn,leave_one_model__mistral_7b_instruct_v0_3_q4_k_m,test,matched_clean_llm,dedup-cluster-42ce35dd2bcd53cb8fe0bada,revision_v1_token_128_bit_hex_027,mistral_7b_instruct_v0_3_q4_k_m,segmented_hex_multi_topic,token_128_bit_hex,forum_practical_answer
detector_pair__f8b18bc50ed6dfc31c7bc5b9__ordinary_control,0,0.0001966429699677974,textcnn,leave_one_model__mistral_7b_instruct_v0_3_q4_k_m,test,matched_clean_llm,dedup-cluster-65c353c55a1ef0ebfabe11b3,revision_v1_uuid_v4_032,mistral_7b_instruct_v0_3_q4_k_m,nonseg_ascii_b8,uuid_v4,forum_learning_answer
detector_pair__f8b18bc50ed6dfc31c7bc5b9__rankcloak,1,0.9724457859992981,textcnn,leave_one_model__mistral_7b_instruct_v0_3_q4_k_m,test,matched_clean_llm,dedup-cluster-65c353c55a1ef0ebfabe11b3,revision_v1_uuid_v4_032,mistral_7b_instruct_v0_3_q4_k_m,nonseg_ascii_b8,uuid_v4,forum_learning_answer
detector_pair__f8bf733660e1593831bc4851__ordinary_control,0,0.0014459608355537057,textcnn,leave_one_model__mistral_7b_instruct_v0_3_q4_k_m,test,matched_clean_llm,dedup-cluster-29f0784a87261cd21c8ecb5a,revision_v1_chacha20_poly1305_base64_018,mistral_7b_instruct_v0_3_q4_k_m,nonseg_ascii_b8,chacha20_poly1305_base64,forum_learning_answer
detector_pair__f8bf733660e1593831bc4851__rankcloak,1,0.9998181462287903,textcnn,leave_one_model__mistral_7b_instruct_v0_3_q4_k_m,test,matched_clean_llm,dedup-cluster-29f0784a87261cd21c8ecb5a,revision_v1_chacha20_poly1305_base64_018,mistral_7b_instruct_v0_3_q4_k_m,nonseg_ascii_b8,chacha20_poly1305_base64,forum_learning_answer
detector_pair__f969e63f0cd1b6ae74ac494f__ordinary_control,0,0.006613653153181076,textcnn,leave_one_model__mistral_7b_instruct_v0_3_q4_k_m,test,matched_clean_llm,dedup-cluster-c5e7aa80077f7be08ccd7015,revision_v1_nonce_96_bit_hex_018,mistral_7b_instruct_v0_3_q4_k_m,segmented_hex_single_topic,nonce_96_bit_hex,narrative_local_walk
detector_pair__f969e63f0cd1b6ae74ac494f__rankcloak,1,0.022202378138899803,textcnn,leave_one_model__mistral_7b_instruct_v0_3_q4_k_m,test,matched_clean_llm,dedup-cluster-c5e7aa80077f7be08ccd7015,revision_v1_nonce_96_bit_hex_018,mistral_7b_instruct_v0_3_q4_k_m,segmented_hex_single_topic,nonce_96_bit_hex,narrative_local_walk
detector_pair__f991809cb50da2edd2ab3bef__ordinary_control,0,0.02281082421541214,textcnn,leave_one_model__mistral_7b_instruct_v0_3_q4_k_m,test,matched_clean_llm,dedup-cluster-1309181ed8aa479328b3f0a7,revision_v1_aes256_gcm_base64_004,mistral_7b_instruct_v0_3_q4_k_m,direct_subword_calgacus,aes256_gcm_base64,explain_everyday_system
detector_pair__f991809cb50da2edd2ab3bef__rankcloak,1,0.7653880715370178,textcnn,leave_one_model__mistral_7b_instruct_v0_3_q4_k_m,test,matched_clean_llm,dedup-cluster-1309181ed8aa479328b3f0a7,revision_v1_aes256_gcm_base64_004,mistral_7b_instruct_v0_3_q4_k_m,direct_subword_calgacus,aes256_gcm_base64,explain_everyday_system
detector_pair__f9fe0846331153520b88093f__ordinary_control,0,1.7141328498837538e-05,textcnn,leave_one_model__mistral_7b_instruct_v0_3_q4_k_m,test,matched_clean_llm,dedup-cluster-3b447f2610b594483f55ba30,revision_v1_aes256_gcm_base64_028,mistral_7b_instruct_v0_3_q4_k_m,nonseg_ascii_b16,aes256_gcm_base64,explain_biological_process
detector_pair__f9fe0846331153520b88093f__rankcloak,1,0.9999678134918213,textcnn,leave_one_model__mistral_7b_instruct_v0_3_q4_k_m,test,matched_clean_llm,dedup-cluster-3b447f2610b594483f55ba30,revision_v1_aes256_gcm_base64_028,mistral_7b_instruct_v0_3_q4_k_m,nonseg_ascii_b16,aes256_gcm_base64,explain_biological_process
detector_pair__faa802d03644ed3b25a4472a__ordinary_control,0,0.06267310678958893,textcnn,leave_one_model__mistral_7b_instruct_v0_3_q4_k_m,test,matched_clean_llm,dedup-cluster-0d14bae63cd1e6e73dd0fa7a,revision_v1_nonce_96_bit_hex_022,mistral_7b_instruct_v0_3_q4_k_m,segmented_hex_single_topic,nonce_96_bit_hex,forum_purchase_advice
detector_pair__faa802d03644ed3b25a4472a__rankcloak,1,0.9999738931655884,textcnn,leave_one_model__mistral_7b_instruct_v0_3_q4_k_m,test,matched_clean_llm,dedup-cluster-0d14bae63cd1e6e73dd0fa7a,revision_v1_nonce_96_bit_hex_022,mistral_7b_instruct_v0_3_q4_k_m,segmented_hex_single_topic,nonce_96_bit_hex,forum_purchase_advice
detector_pair__fac860075236fede8895afe0__ordinary_control,0,0.0005009027663618326,textcnn,leave_one_model__mistral_7b_instruct_v0_3_q4_k_m,test,matched_clean_llm,dedup-cluster-1ae66c809db7c888edc24849,revision_v1_sha256_hex_020,mistral_7b_instruct_v0_3_q4_k_m,segmented_hex_multi_topic,sha256_hex,narrative_learning_moment
detector_pair__fac860075236fede8895afe0__rankcloak,1,0.9690105319023132,textcnn,leave_one_model__mistral_7b_instruct_v0_3_q4_k_m,test,matched_clean_llm,dedup-cluster-1ae66c809db7c888edc24849,revision_v1_sha256_hex_020,mistral_7b_instruct_v0_3_q4_k_m,segmented_hex_multi_topic,sha256_hex,narrative_learning_moment
detector_pair__fb41928ba35bc5469be8aff9__ordinary_control,0,0.5807048678398132,textcnn,leave_one_model__mistral_7b_instruct_v0_3_q4_k_m,test,matched_clean_llm,dedup-cluster-4fce714af80d0b4f14ad4961,revision_v1_sha256_hex_008,mistral_7b_instruct_v0_3_q4_k_m,nonseg_hex_nibble_b16,sha256_hex,narrative_small_discovery
detector_pair__fb41928ba35bc5469be8aff9__rankcloak,1,0.8529537916183472,textcnn,leave_one_model__mistral_7b_instruct_v0_3_q4_k_m,test,matched_clean_llm,dedup-cluster-4fce714af80d0b4f14ad4961,revision_v1_sha256_hex_008,mistral_7b_instruct_v0_3_q4_k_m,nonseg_hex_nibble_b16,sha256_hex,narrative_small_discovery
detector_pair__fc0b7bc881f8edf5636bf93d__ordinary_control,0,2.5870984245557338e-05,textcnn,leave_one_model__mistral_7b_instruct_v0_3_q4_k_m,test,matched_clean_llm,dedup-cluster-fd9e19480ac45dd31145b893,revision_v1_hmac_sha256_hex_008,mistral_7b_instruct_v0_3_q4_k_m,segmented_hex_single_topic,hmac_sha256_hex,explain_everyday_system
detector_pair__fc0b7bc881f8edf5636bf93d__rankcloak,1,0.9006919264793396,textcnn,leave_one_model__mistral_7b_instruct_v0_3_q4_k_m,test,matched_clean_llm,dedup-cluster-fd9e19480ac45dd31145b893,revision_v1_hmac_sha256_hex_008,mistral_7b_instruct_v0_3_q4_k_m,segmented_hex_single_topic,hmac_sha256_hex,explain_everyday_system
detector_pair__fc189b6853e7cc363fa05d22__ordinary_control,0,5.85259658691939e-06,textcnn,leave_one_model__mistral_7b_instruct_v0_3_q4_k_m,test,matched_clean_llm,dedup-cluster-eb4a9e676533f32ebcf1a3d5,revision_v1_ed25519_signature_base64_003,mistral_7b_instruct_v0_3_q4_k_m,nonseg_ascii_b8,ed25519_signature_base64,casual_weekend_chat
detector_pair__fc189b6853e7cc363fa05d22__rankcloak,1,0.9975215792655945,textcnn,leave_one_model__mistral_7b_instruct_v0_3_q4_k_m,test,matched_clean_llm,dedup-cluster-eb4a9e676533f32ebcf1a3d5,revision_v1_ed25519_signature_base64_003,mistral_7b_instruct_v0_3_q4_k_m,nonseg_ascii_b8,ed25519_signature_base64,casual_weekend_chat
detector_pair__fcc08a40f1ec34bb9ee41744__ordinary_control,0,1.8367081793257967e-06,textcnn,leave_one_model__mistral_7b_instruct_v0_3_q4_k_m,test,matched_clean_llm,dedup-cluster-530f7a325b417a884b1be200,revision_v1_nonce_96_bit_hex_032,mistral_7b_instruct_v0_3_q4_k_m,segmented_hex_multi_topic,nonce_96_bit_hex,casual_weekend_chat
detector_pair__fcc08a40f1ec34bb9ee41744__rankcloak,1,0.754093587398529,textcnn,leave_one_model__mistral_7b_instruct_v0_3_q4_k_m,test,matched_clean_llm,dedup-cluster-530f7a325b417a884b1be200,revision_v1_nonce_96_bit_hex_032,mistral_7b_instruct_v0_3_q4_k_m,segmented_hex_multi_topic,nonce_96_bit_hex,casual_weekend_chat
detector_pair__fd60c48e575355583ebb1375__ordinary_control,0,0.858954668045044,textcnn,leave_one_model__mistral_7b_instruct_v0_3_q4_k_m,test,matched_clean_llm,dedup-cluster-c791365cbb6a3ed856420c65,revision_v1_hmac_sha256_hex_023,mistral_7b_instruct_v0_3_q4_k_m,direct_subword_calgacus,hmac_sha256_hex,forum_practical_answer
detector_pair__fd60c48e575355583ebb1375__rankcloak,1,0.9567302465438843,textcnn,leave_one_model__mistral_7b_instruct_v0_3_q4_k_m,test,matched_clean_llm,dedup-cluster-c791365cbb6a3ed856420c65,revision_v1_hmac_sha256_hex_023,mistral_7b_instruct_v0_3_q4_k_m,direct_subword_calgacus,hmac_sha256_hex,forum_practical_answer
detector_pair__fe424fa08078f87ed2e13c72__ordinary_control,0,0.06353165209293365,textcnn,leave_one_model__mistral_7b_instruct_v0_3_q4_k_m,test,matched_clean_llm,dedup-cluster-1ae66c809db7c888edc24849,revision_v1_sha256_hex_020,mistral_7b_instruct_v0_3_q4_k_m,nonseg_ascii_b8,sha256_hex,narrative_learning_moment
detector_pair__fe424fa08078f87ed2e13c72__rankcloak,1,0.9998565912246704,textcnn,leave_one_model__mistral_7b_instruct_v0_3_q4_k_m,test,matched_clean_llm,dedup-cluster-1ae66c809db7c888edc24849,revision_v1_sha256_hex_020,mistral_7b_instruct_v0_3_q4_k_m,nonseg_ascii_b8,sha256_hex,narrative_learning_moment
detector_pair__fe58f6508dded51c63a67e28__ordinary_control,0,6.011034201947041e-06,textcnn,leave_one_model__mistral_7b_instruct_v0_3_q4_k_m,test,matched_clean_llm,dedup-cluster-f1630cf66c55bafe664639a5,revision_v1_hmac_sha256_hex_009,mistral_7b_instruct_v0_3_q4_k_m,segmented_hex_multi_topic,hmac_sha256_hex,casual_hobby_chat
detector_pair__fe58f6508dded51c63a67e28__rankcloak,1,0.9871870279312134,textcnn,leave_one_model__mistral_7b_instruct_v0_3_q4_k_m,test,matched_clean_llm,dedup-cluster-f1630cf66c55bafe664639a5,revision_v1_hmac_sha256_hex_009,mistral_7b_instruct_v0_3_q4_k_m,segmented_hex_multi_topic,hmac_sha256_hex,casual_hobby_chat
detector_pair__fe69248e3f76ca3304d55434__ordinary_control,0,0.005402665119618177,textcnn,leave_one_model__mistral_7b_instruct_v0_3_q4_k_m,test,matched_clean_llm,dedup-cluster-1aad62135c7a4ea593d27bdb,revision_v1_ed25519_signature_base64_014,mistral_7b_instruct_v0_3_q4_k_m,direct_subword_calgacus,ed25519_signature_base64,explain_biological_process
detector_pair__fe69248e3f76ca3304d55434__rankcloak,1,0.9997755885124207,textcnn,leave_one_model__mistral_7b_instruct_v0_3_q4_k_m,test,matched_clean_llm,dedup-cluster-1aad62135c7a4ea593d27bdb,revision_v1_ed25519_signature_base64_014,mistral_7b_instruct_v0_3_q4_k_m,direct_subword_calgacus,ed25519_signature_base64,explain_biological_process
detector_pair__ff7c3f099528d8be934db790__ordinary_control,0,0.8964868187904358,textcnn,leave_one_model__mistral_7b_instruct_v0_3_q4_k_m,test,matched_clean_llm,dedup-cluster-b160d50a48c5e58f6dd7c118,revision_v1_token_128_bit_hex_009,mistral_7b_instruct_v0_3_q4_k_m,direct_subword_calgacus,token_128_bit_hex,forum_practical_answer
detector_pair__ff7c3f099528d8be934db790__rankcloak,1,0.9728055000305176,textcnn,leave_one_model__mistral_7b_instruct_v0_3_q4_k_m,test,matched_clean_llm,dedup-cluster-b160d50a48c5e58f6dd7c118,revision_v1_token_128_bit_hex_009,mistral_7b_instruct_v0_3_q4_k_m,direct_subword_calgacus,token_128_bit_hex,forum_practical_answer
