study_phase,model_id,protocol_variant,prompt_category,payload_class,replay_mode,transformation_id,mitigation_id,outcome,analysis_unit,mean,standard_deviation,median,n_payloads,bootstrap_resamples_requested,ci_low,ci_high,bootstrap_resamples_valid,confidence_level,view,hardware_id
smoke_v2_exploratory,llama3_8b_instruct_q4_k_m,direct_subword_calgacus,casual_conversation,ed25519_signature_base64,detokenized_text_retokenized,unmodified,none,mean_log_probability,payload,-7.197836233627203,,-7.197836233627203,1,100,-7.197836233627203,-7.197836233627203,0,0.95,,
smoke_v2_exploratory,llama3_8b_instruct_q4_k_m,direct_subword_calgacus,casual_conversation,ed25519_signature_base64,greedy_leadin_regeneration,unmodified,none,mean_log_probability,payload,-7.197836233627203,,-7.197836233627203,1,100,-7.197836233627203,-7.197836233627203,0,0.95,,
smoke_v2_exploratory,llama3_8b_instruct_q4_k_m,direct_subword_calgacus,casual_conversation,ed25519_signature_base64,saved_token_ids,unmodified,none,mean_log_probability,payload,-7.197836233627203,,-7.197836233627203,1,100,-7.197836233627203,-7.197836233627203,0,0.95,,
smoke_v2_exploratory,llama3_8b_instruct_q4_k_m,nonseg_ascii_b16,forum_question_answer,aes256_gcm_base64,detokenized_text_retokenized,unmodified,none,mean_log_probability,payload,-3.9873135176982855,,-3.9873135176982855,1,100,-3.9873135176982855,-3.9873135176982855,0,0.95,,
smoke_v2_exploratory,llama3_8b_instruct_q4_k_m,nonseg_ascii_b16,forum_question_answer,aes256_gcm_base64,greedy_leadin_regeneration,unmodified,none,mean_log_probability,payload,-3.9873135176982855,,-3.9873135176982855,1,100,-3.9873135176982855,-3.9873135176982855,0,0.95,,
smoke_v2_exploratory,llama3_8b_instruct_q4_k_m,nonseg_ascii_b16,forum_question_answer,aes256_gcm_base64,saved_token_ids,unmodified,none,mean_log_probability,payload,-3.9873135176982855,,-3.9873135176982855,1,100,-3.9873135176982855,-3.9873135176982855,0,0.95,,
smoke_v2_exploratory,llama3_8b_instruct_q4_k_m,nonseg_ascii_b8,professional_communication,uuid_v4,detokenized_text_retokenized,unmodified,none,mean_log_probability,payload,-3.4775246579349117,,-3.4775246579349117,1,100,-3.4775246579349117,-3.4775246579349117,0,0.95,,
smoke_v2_exploratory,llama3_8b_instruct_q4_k_m,nonseg_ascii_b8,professional_communication,uuid_v4,greedy_leadin_regeneration,unmodified,none,mean_log_probability,payload,-3.4775246579349117,,-3.4775246579349117,1,100,-3.4775246579349117,-3.4775246579349117,0,0.95,,
smoke_v2_exploratory,llama3_8b_instruct_q4_k_m,nonseg_ascii_b8,professional_communication,uuid_v4,saved_token_ids,unmodified,none,mean_log_probability,payload,-3.4775246579349117,,-3.4775246579349117,1,100,-3.4775246579349117,-3.4775246579349117,0,0.95,,
smoke_v2_exploratory,llama3_8b_instruct_q4_k_m,nonseg_hex_nibble_b16,recipe_procedure,sha256_hex,detokenized_text_retokenized,unmodified,none,mean_log_probability,payload,-4.408034335083492,,-4.408034335083492,1,100,-4.408034335083492,-4.408034335083492,0,0.95,,
smoke_v2_exploratory,llama3_8b_instruct_q4_k_m,nonseg_hex_nibble_b16,recipe_procedure,sha256_hex,greedy_leadin_regeneration,unmodified,none,mean_log_probability,payload,-4.408034335083492,,-4.408034335083492,1,100,-4.408034335083492,-4.408034335083492,0,0.95,,
smoke_v2_exploratory,llama3_8b_instruct_q4_k_m,nonseg_hex_nibble_b16,recipe_procedure,sha256_hex,saved_token_ids,unmodified,none,mean_log_probability,payload,-4.408034335083492,,-4.408034335083492,1,100,-4.408034335083492,-4.408034335083492,0,0.95,,
smoke_v2_exploratory,llama3_8b_instruct_q4_k_m,segmented_hex_multi_topic,casual_conversation,sha256_hex,detokenized_text_retokenized,unmodified,none,mean_log_probability,payload,-4.892450590743378,,-4.892450590743378,1,100,-4.892450590743378,-4.892450590743378,0,0.95,,
smoke_v2_exploratory,llama3_8b_instruct_q4_k_m,segmented_hex_multi_topic,casual_conversation,sha256_hex,greedy_leadin_regeneration,unmodified,none,mean_log_probability,payload,-4.892450590743378,,-4.892450590743378,1,100,-4.892450590743378,-4.892450590743378,0,0.95,,
smoke_v2_exploratory,llama3_8b_instruct_q4_k_m,segmented_hex_multi_topic,casual_conversation,sha256_hex,saved_token_ids,unmodified,none,mean_log_probability,payload,-4.892450590743378,,-4.892450590743378,1,100,-4.892450590743378,-4.892450590743378,0,0.95,,
smoke_v2_exploratory,llama3_8b_instruct_q4_k_m,segmented_hex_multi_topic,factual_explanatory,nonce_96_bit_hex,detokenized_text_retokenized,unmodified,none,mean_log_probability,payload,-5.272749145349974,,-5.272749145349974,1,100,-5.272749145349974,-5.272749145349974,0,0.95,,
smoke_v2_exploratory,llama3_8b_instruct_q4_k_m,segmented_hex_multi_topic,factual_explanatory,nonce_96_bit_hex,greedy_leadin_regeneration,unmodified,none,mean_log_probability,payload,-5.272749145349974,,-5.272749145349974,1,100,-5.272749145349974,-5.272749145349974,0,0.95,,
smoke_v2_exploratory,llama3_8b_instruct_q4_k_m,segmented_hex_multi_topic,factual_explanatory,nonce_96_bit_hex,saved_token_ids,unmodified,none,mean_log_probability,payload,-5.272749145349974,,-5.272749145349974,1,100,-5.272749145349974,-5.272749145349974,0,0.95,,
smoke_v2_exploratory,llama3_8b_instruct_q4_k_m,segmented_hex_multi_topic,factual_explanatory,token_128_bit_hex,detokenized_text_retokenized,unmodified,none,mean_log_probability,payload,-6.656860724213452,,-6.656860724213452,1,100,-6.656860724213452,-6.656860724213452,0,0.95,,
smoke_v2_exploratory,llama3_8b_instruct_q4_k_m,segmented_hex_multi_topic,factual_explanatory,token_128_bit_hex,greedy_leadin_regeneration,unmodified,none,mean_log_probability,payload,-6.656860724213452,,-6.656860724213452,1,100,-6.656860724213452,-6.656860724213452,0,0.95,,
smoke_v2_exploratory,llama3_8b_instruct_q4_k_m,segmented_hex_multi_topic,factual_explanatory,token_128_bit_hex,saved_token_ids,unmodified,none,mean_log_probability,payload,-6.656860724213452,,-6.656860724213452,1,100,-6.656860724213452,-6.656860724213452,0,0.95,,
smoke_v2_exploratory,llama3_8b_instruct_q4_k_m,segmented_hex_multi_topic,forum_question_answer,nonce_96_bit_hex,detokenized_text_retokenized,unmodified,none,mean_log_probability,payload,-6.637829738668866,,-6.637829738668866,1,100,-6.637829738668866,-6.637829738668866,0,0.95,,
smoke_v2_exploratory,llama3_8b_instruct_q4_k_m,segmented_hex_multi_topic,forum_question_answer,nonce_96_bit_hex,greedy_leadin_regeneration,unmodified,none,mean_log_probability,payload,-6.637829738668866,,-6.637829738668866,1,100,-6.637829738668866,-6.637829738668866,0,0.95,,
smoke_v2_exploratory,llama3_8b_instruct_q4_k_m,segmented_hex_multi_topic,forum_question_answer,nonce_96_bit_hex,saved_token_ids,unmodified,none,mean_log_probability,payload,-6.637829738668866,,-6.637829738668866,1,100,-6.637829738668866,-6.637829738668866,0,0.95,,
smoke_v2_exploratory,llama3_8b_instruct_q4_k_m,segmented_hex_multi_topic,personal_narrative_blog,sha256_hex,detokenized_text_retokenized,unmodified,none,mean_log_probability,payload,-4.911269899682133,,-4.911269899682133,1,100,-4.911269899682133,-4.911269899682133,0,0.95,,
smoke_v2_exploratory,llama3_8b_instruct_q4_k_m,segmented_hex_multi_topic,personal_narrative_blog,sha256_hex,greedy_leadin_regeneration,unmodified,none,mean_log_probability,payload,-4.911269899682133,,-4.911269899682133,1,100,-4.911269899682133,-4.911269899682133,0,0.95,,
smoke_v2_exploratory,llama3_8b_instruct_q4_k_m,segmented_hex_multi_topic,personal_narrative_blog,sha256_hex,saved_token_ids,unmodified,none,mean_log_probability,payload,-4.911269899682133,,-4.911269899682133,1,100,-4.911269899682133,-4.911269899682133,0,0.95,,
smoke_v2_exploratory,llama3_8b_instruct_q4_k_m,segmented_hex_multi_topic,professional_communication,nonce_96_bit_hex,detokenized_text_retokenized,unmodified,none,mean_log_probability,payload,-5.328216427781193,,-5.328216427781193,1,100,-5.328216427781193,-5.328216427781193,0,0.95,,
smoke_v2_exploratory,llama3_8b_instruct_q4_k_m,segmented_hex_multi_topic,professional_communication,nonce_96_bit_hex,greedy_leadin_regeneration,unmodified,none,mean_log_probability,payload,-5.328216427781193,,-5.328216427781193,1,100,-5.328216427781193,-5.328216427781193,0,0.95,,
smoke_v2_exploratory,llama3_8b_instruct_q4_k_m,segmented_hex_multi_topic,professional_communication,nonce_96_bit_hex,saved_token_ids,unmodified,none,mean_log_probability,payload,-5.328216427781193,,-5.328216427781193,1,100,-5.328216427781193,-5.328216427781193,0,0.95,,
smoke_v2_exploratory,llama3_8b_instruct_q4_k_m,segmented_hex_multi_topic,recipe_procedure,token_128_bit_hex,detokenized_text_retokenized,unmodified,none,mean_log_probability,payload,-4.42217622875533,,-4.42217622875533,1,100,-4.42217622875533,-4.42217622875533,0,0.95,,
smoke_v2_exploratory,llama3_8b_instruct_q4_k_m,segmented_hex_multi_topic,recipe_procedure,token_128_bit_hex,greedy_leadin_regeneration,unmodified,none,mean_log_probability,payload,-4.42217622875533,,-4.42217622875533,1,100,-4.42217622875533,-4.42217622875533,0,0.95,,
smoke_v2_exploratory,llama3_8b_instruct_q4_k_m,segmented_hex_multi_topic,recipe_procedure,token_128_bit_hex,saved_token_ids,unmodified,none,mean_log_probability,payload,-4.42217622875533,,-4.42217622875533,1,100,-4.42217622875533,-4.42217622875533,0,0.95,,
smoke_v2_exploratory,llama3_8b_instruct_q4_k_m,segmented_hex_single_topic,personal_narrative_blog,hmac_sha256_hex,detokenized_text_retokenized,unmodified,none,mean_log_probability,payload,-4.640531875542392,,-4.640531875542392,1,100,-4.640531875542392,-4.640531875542392,0,0.95,,
smoke_v2_exploratory,llama3_8b_instruct_q4_k_m,segmented_hex_single_topic,personal_narrative_blog,hmac_sha256_hex,greedy_leadin_regeneration,unmodified,none,mean_log_probability,payload,-4.640531875542392,,-4.640531875542392,1,100,-4.640531875542392,-4.640531875542392,0,0.95,,
smoke_v2_exploratory,llama3_8b_instruct_q4_k_m,segmented_hex_single_topic,personal_narrative_blog,hmac_sha256_hex,saved_token_ids,unmodified,none,mean_log_probability,payload,-4.640531875542392,,-4.640531875542392,1,100,-4.640531875542392,-4.640531875542392,0,0.95,,
smoke_v2_exploratory,mistral_7b_instruct_v0_3_q4_k_m,direct_subword_calgacus,casual_conversation,ed25519_signature_base64,detokenized_text_retokenized,unmodified,none,mean_log_probability,payload,-6.717450865051271,,-6.717450865051271,1,100,-6.717450865051271,-6.717450865051271,0,0.95,,
smoke_v2_exploratory,mistral_7b_instruct_v0_3_q4_k_m,direct_subword_calgacus,casual_conversation,ed25519_signature_base64,greedy_leadin_regeneration,unmodified,none,mean_log_probability,payload,-6.717450865051271,,-6.717450865051271,1,100,-6.717450865051271,-6.717450865051271,0,0.95,,
smoke_v2_exploratory,mistral_7b_instruct_v0_3_q4_k_m,direct_subword_calgacus,casual_conversation,ed25519_signature_base64,saved_token_ids,unmodified,none,mean_log_probability,payload,-6.717450865051271,,-6.717450865051271,1,100,-6.717450865051271,-6.717450865051271,0,0.95,,
smoke_v2_exploratory,mistral_7b_instruct_v0_3_q4_k_m,nonseg_ascii_b16,forum_question_answer,aes256_gcm_base64,detokenized_text_retokenized,unmodified,none,mean_log_probability,payload,-4.502629656289923,,-4.502629656289923,1,100,-4.502629656289923,-4.502629656289923,0,0.95,,
smoke_v2_exploratory,mistral_7b_instruct_v0_3_q4_k_m,nonseg_ascii_b16,forum_question_answer,aes256_gcm_base64,greedy_leadin_regeneration,unmodified,none,mean_log_probability,payload,-4.502629656289923,,-4.502629656289923,1,100,-4.502629656289923,-4.502629656289923,0,0.95,,
smoke_v2_exploratory,mistral_7b_instruct_v0_3_q4_k_m,nonseg_ascii_b16,forum_question_answer,aes256_gcm_base64,saved_token_ids,unmodified,none,mean_log_probability,payload,-4.502629656289923,,-4.502629656289923,1,100,-4.502629656289923,-4.502629656289923,0,0.95,,
smoke_v2_exploratory,mistral_7b_instruct_v0_3_q4_k_m,nonseg_ascii_b8,professional_communication,uuid_v4,detokenized_text_retokenized,unmodified,none,mean_log_probability,payload,-3.82638644903491,,-3.82638644903491,1,100,-3.82638644903491,-3.82638644903491,0,0.95,,
smoke_v2_exploratory,mistral_7b_instruct_v0_3_q4_k_m,nonseg_ascii_b8,professional_communication,uuid_v4,greedy_leadin_regeneration,unmodified,none,mean_log_probability,payload,-3.82638644903491,,-3.82638644903491,1,100,-3.82638644903491,-3.82638644903491,0,0.95,,
smoke_v2_exploratory,mistral_7b_instruct_v0_3_q4_k_m,nonseg_ascii_b8,professional_communication,uuid_v4,saved_token_ids,unmodified,none,mean_log_probability,payload,-3.82638644903491,,-3.82638644903491,1,100,-3.82638644903491,-3.82638644903491,0,0.95,,
smoke_v2_exploratory,mistral_7b_instruct_v0_3_q4_k_m,nonseg_hex_nibble_b16,recipe_procedure,nonce_96_bit_hex,detokenized_text_retokenized,unmodified,none,mean_log_probability,payload,-5.347011722915165,,-5.347011722915165,1,100,-5.347011722915165,-5.347011722915165,0,0.95,,
smoke_v2_exploratory,mistral_7b_instruct_v0_3_q4_k_m,nonseg_hex_nibble_b16,recipe_procedure,nonce_96_bit_hex,greedy_leadin_regeneration,unmodified,none,mean_log_probability,payload,-5.347011722915165,,-5.347011722915165,1,100,-5.347011722915165,-5.347011722915165,0,0.95,,
smoke_v2_exploratory,mistral_7b_instruct_v0_3_q4_k_m,nonseg_hex_nibble_b16,recipe_procedure,nonce_96_bit_hex,saved_token_ids,unmodified,none,mean_log_probability,payload,-5.347011722915165,,-5.347011722915165,1,100,-5.347011722915165,-5.347011722915165,0,0.95,,
smoke_v2_exploratory,mistral_7b_instruct_v0_3_q4_k_m,segmented_hex_multi_topic,casual_conversation,nonce_96_bit_hex,detokenized_text_retokenized,unmodified,none,mean_log_probability,payload,-5.371469251515552,,-5.371469251515552,1,100,-5.371469251515552,-5.371469251515552,0,0.95,,
smoke_v2_exploratory,mistral_7b_instruct_v0_3_q4_k_m,segmented_hex_multi_topic,casual_conversation,nonce_96_bit_hex,greedy_leadin_regeneration,unmodified,none,mean_log_probability,payload,-5.371469251515552,,-5.371469251515552,1,100,-5.371469251515552,-5.371469251515552,0,0.95,,
smoke_v2_exploratory,mistral_7b_instruct_v0_3_q4_k_m,segmented_hex_multi_topic,casual_conversation,nonce_96_bit_hex,saved_token_ids,unmodified,none,mean_log_probability,payload,-5.371469251515552,,-5.371469251515552,1,100,-5.371469251515552,-5.371469251515552,0,0.95,,
smoke_v2_exploratory,mistral_7b_instruct_v0_3_q4_k_m,segmented_hex_multi_topic,factual_explanatory,sha256_hex,detokenized_text_retokenized,unmodified,none,mean_log_probability,payload,-5.302126682665638,,-5.302126682665638,1,100,-5.302126682665638,-5.302126682665638,0,0.95,,
smoke_v2_exploratory,mistral_7b_instruct_v0_3_q4_k_m,segmented_hex_multi_topic,factual_explanatory,sha256_hex,greedy_leadin_regeneration,unmodified,none,mean_log_probability,payload,-5.302126682665638,,-5.302126682665638,1,100,-5.302126682665638,-5.302126682665638,0,0.95,,
smoke_v2_exploratory,mistral_7b_instruct_v0_3_q4_k_m,segmented_hex_multi_topic,factual_explanatory,sha256_hex,saved_token_ids,unmodified,none,mean_log_probability,payload,-5.302126682665638,,-5.302126682665638,1,100,-5.302126682665638,-5.302126682665638,0,0.95,,
smoke_v2_exploratory,mistral_7b_instruct_v0_3_q4_k_m,segmented_hex_multi_topic,factual_explanatory,token_128_bit_hex,detokenized_text_retokenized,unmodified,none,mean_log_probability,payload,-6.427254824048108,,-6.427254824048108,1,100,-6.427254824048108,-6.427254824048108,0,0.95,,
smoke_v2_exploratory,mistral_7b_instruct_v0_3_q4_k_m,segmented_hex_multi_topic,factual_explanatory,token_128_bit_hex,greedy_leadin_regeneration,unmodified,none,mean_log_probability,payload,-6.427254824048108,,-6.427254824048108,1,100,-6.427254824048108,-6.427254824048108,0,0.95,,
smoke_v2_exploratory,mistral_7b_instruct_v0_3_q4_k_m,segmented_hex_multi_topic,factual_explanatory,token_128_bit_hex,saved_token_ids,unmodified,none,mean_log_probability,payload,-6.427254824048108,,-6.427254824048108,1,100,-6.427254824048108,-6.427254824048108,0,0.95,,
smoke_v2_exploratory,mistral_7b_instruct_v0_3_q4_k_m,segmented_hex_multi_topic,forum_question_answer,sha256_hex,detokenized_text_retokenized,unmodified,none,mean_log_probability,payload,-6.577981935121049,,-6.577981935121049,1,100,-6.577981935121049,-6.577981935121049,0,0.95,,
smoke_v2_exploratory,mistral_7b_instruct_v0_3_q4_k_m,segmented_hex_multi_topic,forum_question_answer,sha256_hex,greedy_leadin_regeneration,unmodified,none,mean_log_probability,payload,-6.577981935121049,,-6.577981935121049,1,100,-6.577981935121049,-6.577981935121049,0,0.95,,
smoke_v2_exploratory,mistral_7b_instruct_v0_3_q4_k_m,segmented_hex_multi_topic,forum_question_answer,sha256_hex,saved_token_ids,unmodified,none,mean_log_probability,payload,-6.577981935121049,,-6.577981935121049,1,100,-6.577981935121049,-6.577981935121049,0,0.95,,
smoke_v2_exploratory,mistral_7b_instruct_v0_3_q4_k_m,segmented_hex_multi_topic,personal_narrative_blog,nonce_96_bit_hex,detokenized_text_retokenized,unmodified,none,mean_log_probability,payload,-5.069214422561667,,-5.069214422561667,1,100,-5.069214422561667,-5.069214422561667,0,0.95,,
smoke_v2_exploratory,mistral_7b_instruct_v0_3_q4_k_m,segmented_hex_multi_topic,personal_narrative_blog,nonce_96_bit_hex,greedy_leadin_regeneration,unmodified,none,mean_log_probability,payload,-5.069214422561667,,-5.069214422561667,1,100,-5.069214422561667,-5.069214422561667,0,0.95,,
smoke_v2_exploratory,mistral_7b_instruct_v0_3_q4_k_m,segmented_hex_multi_topic,personal_narrative_blog,nonce_96_bit_hex,saved_token_ids,unmodified,none,mean_log_probability,payload,-5.069214422561667,,-5.069214422561667,1,100,-5.069214422561667,-5.069214422561667,0,0.95,,
smoke_v2_exploratory,mistral_7b_instruct_v0_3_q4_k_m,segmented_hex_multi_topic,recipe_procedure,token_128_bit_hex,detokenized_text_retokenized,unmodified,none,mean_log_probability,payload,-4.598775760408845,,-4.598775760408845,1,100,-4.598775760408845,-4.598775760408845,0,0.95,,
smoke_v2_exploratory,mistral_7b_instruct_v0_3_q4_k_m,segmented_hex_multi_topic,recipe_procedure,token_128_bit_hex,greedy_leadin_regeneration,unmodified,none,mean_log_probability,payload,-4.598775760408845,,-4.598775760408845,1,100,-4.598775760408845,-4.598775760408845,0,0.95,,
smoke_v2_exploratory,mistral_7b_instruct_v0_3_q4_k_m,segmented_hex_multi_topic,recipe_procedure,token_128_bit_hex,saved_token_ids,unmodified,none,mean_log_probability,payload,-4.598775760408845,,-4.598775760408845,1,100,-4.598775760408845,-4.598775760408845,0,0.95,,
smoke_v2_exploratory,mistral_7b_instruct_v0_3_q4_k_m,segmented_hex_single_topic,personal_narrative_blog,token_128_bit_hex,detokenized_text_retokenized,unmodified,none,mean_log_probability,payload,-4.912280988133592,,-4.912280988133592,1,100,-4.912280988133592,-4.912280988133592,0,0.95,,
smoke_v2_exploratory,mistral_7b_instruct_v0_3_q4_k_m,segmented_hex_single_topic,personal_narrative_blog,token_128_bit_hex,greedy_leadin_regeneration,unmodified,none,mean_log_probability,payload,-4.912280988133592,,-4.912280988133592,1,100,-4.912280988133592,-4.912280988133592,0,0.95,,
smoke_v2_exploratory,mistral_7b_instruct_v0_3_q4_k_m,segmented_hex_single_topic,personal_narrative_blog,token_128_bit_hex,saved_token_ids,unmodified,none,mean_log_probability,payload,-4.912280988133592,,-4.912280988133592,1,100,-4.912280988133592,-4.912280988133592,0,0.95,,
smoke_v2_exploratory,qwen2_5_7b_instruct_q4_k_m,direct_subword_calgacus,casual_conversation,ed25519_signature_base64,detokenized_text_retokenized,unmodified,none,mean_log_probability,payload,-6.665950108793214,,-6.665950108793214,1,100,-6.665950108793214,-6.665950108793214,0,0.95,,
smoke_v2_exploratory,qwen2_5_7b_instruct_q4_k_m,direct_subword_calgacus,casual_conversation,ed25519_signature_base64,greedy_leadin_regeneration,unmodified,none,mean_log_probability,payload,-6.665950108793214,,-6.665950108793214,1,100,-6.665950108793214,-6.665950108793214,0,0.95,,
smoke_v2_exploratory,qwen2_5_7b_instruct_q4_k_m,direct_subword_calgacus,casual_conversation,ed25519_signature_base64,saved_token_ids,unmodified,none,mean_log_probability,payload,-6.665950108793214,,-6.665950108793214,1,100,-6.665950108793214,-6.665950108793214,0,0.95,,
smoke_v2_exploratory,qwen2_5_7b_instruct_q4_k_m,nonseg_ascii_b16,forum_question_answer,chacha20_poly1305_base64,detokenized_text_retokenized,unmodified,none,mean_log_probability,payload,-4.279280436056285,,-4.279280436056285,1,100,-4.279280436056285,-4.279280436056285,0,0.95,,
smoke_v2_exploratory,qwen2_5_7b_instruct_q4_k_m,nonseg_ascii_b16,forum_question_answer,chacha20_poly1305_base64,greedy_leadin_regeneration,unmodified,none,mean_log_probability,payload,-4.279280436056285,,-4.279280436056285,1,100,-4.279280436056285,-4.279280436056285,0,0.95,,
smoke_v2_exploratory,qwen2_5_7b_instruct_q4_k_m,nonseg_ascii_b16,forum_question_answer,chacha20_poly1305_base64,saved_token_ids,unmodified,none,mean_log_probability,payload,-4.279280436056285,,-4.279280436056285,1,100,-4.279280436056285,-4.279280436056285,0,0.95,,
smoke_v2_exploratory,qwen2_5_7b_instruct_q4_k_m,nonseg_ascii_b8,professional_communication,uuid_v4,detokenized_text_retokenized,unmodified,none,mean_log_probability,payload,-4.262136616009382,,-4.262136616009382,1,100,-4.262136616009382,-4.262136616009382,0,0.95,,
smoke_v2_exploratory,qwen2_5_7b_instruct_q4_k_m,nonseg_ascii_b8,professional_communication,uuid_v4,greedy_leadin_regeneration,unmodified,none,mean_log_probability,payload,-4.262136616009382,,-4.262136616009382,1,100,-4.262136616009382,-4.262136616009382,0,0.95,,
smoke_v2_exploratory,qwen2_5_7b_instruct_q4_k_m,nonseg_ascii_b8,professional_communication,uuid_v4,saved_token_ids,unmodified,none,mean_log_probability,payload,-4.262136616009382,,-4.262136616009382,1,100,-4.262136616009382,-4.262136616009382,0,0.95,,
smoke_v2_exploratory,qwen2_5_7b_instruct_q4_k_m,nonseg_hex_nibble_b16,recipe_procedure,token_128_bit_hex,detokenized_text_retokenized,unmodified,none,mean_log_probability,payload,-5.190401380511235,,-5.190401380511235,1,100,-5.190401380511235,-5.190401380511235,0,0.95,,
smoke_v2_exploratory,qwen2_5_7b_instruct_q4_k_m,nonseg_hex_nibble_b16,recipe_procedure,token_128_bit_hex,greedy_leadin_regeneration,unmodified,none,mean_log_probability,payload,-5.190401380511235,,-5.190401380511235,1,100,-5.190401380511235,-5.190401380511235,0,0.95,,
smoke_v2_exploratory,qwen2_5_7b_instruct_q4_k_m,nonseg_hex_nibble_b16,recipe_procedure,token_128_bit_hex,saved_token_ids,unmodified,none,mean_log_probability,payload,-5.190401380511235,,-5.190401380511235,1,100,-5.190401380511235,-5.190401380511235,0,0.95,,
smoke_v2_exploratory,qwen2_5_7b_instruct_q4_k_m,segmented_hex_multi_topic,casual_conversation,nonce_96_bit_hex,detokenized_text_retokenized,unmodified,none,mean_log_probability,payload,-5.788852570168564,,-5.788852570168564,1,100,-5.788852570168564,-5.788852570168564,0,0.95,,
smoke_v2_exploratory,qwen2_5_7b_instruct_q4_k_m,segmented_hex_multi_topic,casual_conversation,nonce_96_bit_hex,greedy_leadin_regeneration,unmodified,none,mean_log_probability,payload,-5.788852570168564,,-5.788852570168564,1,100,-5.788852570168564,-5.788852570168564,0,0.95,,
smoke_v2_exploratory,qwen2_5_7b_instruct_q4_k_m,segmented_hex_multi_topic,casual_conversation,nonce_96_bit_hex,saved_token_ids,unmodified,none,mean_log_probability,payload,-5.788852570168564,,-5.788852570168564,1,100,-5.788852570168564,-5.788852570168564,0,0.95,,
smoke_v2_exploratory,qwen2_5_7b_instruct_q4_k_m,segmented_hex_multi_topic,factual_explanatory,hmac_sha256_hex,detokenized_text_retokenized,unmodified,none,mean_log_probability,payload,-4.966190287143553,,-4.966190287143553,1,100,-4.966190287143553,-4.966190287143553,0,0.95,,
smoke_v2_exploratory,qwen2_5_7b_instruct_q4_k_m,segmented_hex_multi_topic,factual_explanatory,hmac_sha256_hex,greedy_leadin_regeneration,unmodified,none,mean_log_probability,payload,-4.966190287143553,,-4.966190287143553,1,100,-4.966190287143553,-4.966190287143553,0,0.95,,
smoke_v2_exploratory,qwen2_5_7b_instruct_q4_k_m,segmented_hex_multi_topic,factual_explanatory,hmac_sha256_hex,saved_token_ids,unmodified,none,mean_log_probability,payload,-4.966190287143553,,-4.966190287143553,1,100,-4.966190287143553,-4.966190287143553,0,0.95,,
smoke_v2_exploratory,qwen2_5_7b_instruct_q4_k_m,segmented_hex_multi_topic,factual_explanatory,nonce_96_bit_hex,detokenized_text_retokenized,unmodified,none,mean_log_probability,payload,-5.2515929364752125,,-5.2515929364752125,1,100,-5.2515929364752125,-5.2515929364752125,0,0.95,,
smoke_v2_exploratory,qwen2_5_7b_instruct_q4_k_m,segmented_hex_multi_topic,factual_explanatory,nonce_96_bit_hex,greedy_leadin_regeneration,unmodified,none,mean_log_probability,payload,-5.2515929364752125,,-5.2515929364752125,1,100,-5.2515929364752125,-5.2515929364752125,0,0.95,,
smoke_v2_exploratory,qwen2_5_7b_instruct_q4_k_m,segmented_hex_multi_topic,factual_explanatory,nonce_96_bit_hex,saved_token_ids,unmodified,none,mean_log_probability,payload,-5.2515929364752125,,-5.2515929364752125,1,100,-5.2515929364752125,-5.2515929364752125,0,0.95,,
smoke_v2_exploratory,qwen2_5_7b_instruct_q4_k_m,segmented_hex_multi_topic,forum_question_answer,token_128_bit_hex,detokenized_text_retokenized,unmodified,none,mean_log_probability,payload,-5.091620588175074,,-5.091620588175074,1,100,-5.091620588175074,-5.091620588175074,0,0.95,,
smoke_v2_exploratory,qwen2_5_7b_instruct_q4_k_m,segmented_hex_multi_topic,forum_question_answer,token_128_bit_hex,greedy_leadin_regeneration,unmodified,none,mean_log_probability,payload,-5.091620588175074,,-5.091620588175074,1,100,-5.091620588175074,-5.091620588175074,0,0.95,,
smoke_v2_exploratory,qwen2_5_7b_instruct_q4_k_m,segmented_hex_multi_topic,forum_question_answer,token_128_bit_hex,saved_token_ids,unmodified,none,mean_log_probability,payload,-5.091620588175074,,-5.091620588175074,1,100,-5.091620588175074,-5.091620588175074,0,0.95,,
smoke_v2_exploratory,qwen2_5_7b_instruct_q4_k_m,segmented_hex_multi_topic,personal_narrative_blog,nonce_96_bit_hex,detokenized_text_retokenized,unmodified,none,mean_log_probability,payload,-5.492607651336893,,-5.492607651336893,1,100,-5.492607651336893,-5.492607651336893,0,0.95,,
smoke_v2_exploratory,qwen2_5_7b_instruct_q4_k_m,segmented_hex_multi_topic,personal_narrative_blog,nonce_96_bit_hex,greedy_leadin_regeneration,unmodified,none,mean_log_probability,payload,-5.492607651336893,,-5.492607651336893,1,100,-5.492607651336893,-5.492607651336893,0,0.95,,
smoke_v2_exploratory,qwen2_5_7b_instruct_q4_k_m,segmented_hex_multi_topic,personal_narrative_blog,nonce_96_bit_hex,saved_token_ids,unmodified,none,mean_log_probability,payload,-5.492607651336893,,-5.492607651336893,1,100,-5.492607651336893,-5.492607651336893,0,0.95,,
smoke_v2_exploratory,qwen2_5_7b_instruct_q4_k_m,segmented_hex_multi_topic,professional_communication,nonce_96_bit_hex,detokenized_text_retokenized,unmodified,none,mean_log_probability,payload,-5.101800560175247,,-5.101800560175247,1,100,-5.101800560175247,-5.101800560175247,0,0.95,,
smoke_v2_exploratory,qwen2_5_7b_instruct_q4_k_m,segmented_hex_multi_topic,professional_communication,nonce_96_bit_hex,greedy_leadin_regeneration,unmodified,none,mean_log_probability,payload,-5.101800560175247,,-5.101800560175247,1,100,-5.101800560175247,-5.101800560175247,0,0.95,,
smoke_v2_exploratory,qwen2_5_7b_instruct_q4_k_m,segmented_hex_multi_topic,professional_communication,nonce_96_bit_hex,saved_token_ids,unmodified,none,mean_log_probability,payload,-5.101800560175247,,-5.101800560175247,1,100,-5.101800560175247,-5.101800560175247,0,0.95,,
smoke_v2_exploratory,qwen2_5_7b_instruct_q4_k_m,segmented_hex_multi_topic,recipe_procedure,sha256_hex,detokenized_text_retokenized,unmodified,none,mean_log_probability,payload,-5.558602199860999,,-5.558602199860999,1,100,-5.558602199860999,-5.558602199860999,0,0.95,,
smoke_v2_exploratory,qwen2_5_7b_instruct_q4_k_m,segmented_hex_multi_topic,recipe_procedure,sha256_hex,greedy_leadin_regeneration,unmodified,none,mean_log_probability,payload,-5.558602199860999,,-5.558602199860999,1,100,-5.558602199860999,-5.558602199860999,0,0.95,,
smoke_v2_exploratory,qwen2_5_7b_instruct_q4_k_m,segmented_hex_multi_topic,recipe_procedure,sha256_hex,saved_token_ids,unmodified,none,mean_log_probability,payload,-5.558602199860999,,-5.558602199860999,1,100,-5.558602199860999,-5.558602199860999,0,0.95,,
smoke_v2_exploratory,qwen2_5_7b_instruct_q4_k_m,segmented_hex_single_topic,personal_narrative_blog,sha256_hex,detokenized_text_retokenized,unmodified,none,mean_log_probability,payload,-5.157253319316308,,-5.157253319316308,1,100,-5.157253319316308,-5.157253319316308,0,0.95,,
smoke_v2_exploratory,qwen2_5_7b_instruct_q4_k_m,segmented_hex_single_topic,personal_narrative_blog,sha256_hex,greedy_leadin_regeneration,unmodified,none,mean_log_probability,payload,-5.157253319316308,,-5.157253319316308,1,100,-5.157253319316308,-5.157253319316308,0,0.95,,
smoke_v2_exploratory,qwen2_5_7b_instruct_q4_k_m,segmented_hex_single_topic,personal_narrative_blog,sha256_hex,saved_token_ids,unmodified,none,mean_log_probability,payload,-5.157253319316308,,-5.157253319316308,1,100,-5.157253319316308,-5.157253319316308,0,0.95,,
smoke_v2_exploratory,llama3_8b_instruct_q4_k_m,direct_subword_calgacus,casual_conversation,ed25519_signature_base64,detokenized_text_retokenized,unmodified,none,effective_payload_rate,payload,8.39344262295082,,8.39344262295082,1,100,8.39344262295082,8.39344262295082,0,0.95,,
smoke_v2_exploratory,llama3_8b_instruct_q4_k_m,direct_subword_calgacus,casual_conversation,ed25519_signature_base64,greedy_leadin_regeneration,unmodified,none,effective_payload_rate,payload,8.39344262295082,,8.39344262295082,1,100,8.39344262295082,8.39344262295082,0,0.95,,
smoke_v2_exploratory,llama3_8b_instruct_q4_k_m,direct_subword_calgacus,casual_conversation,ed25519_signature_base64,saved_token_ids,unmodified,none,effective_payload_rate,payload,8.39344262295082,,8.39344262295082,1,100,8.39344262295082,8.39344262295082,0,0.95,,
smoke_v2_exploratory,llama3_8b_instruct_q4_k_m,nonseg_ascii_b16,forum_question_answer,aes256_gcm_base64,detokenized_text_retokenized,unmodified,none,effective_payload_rate,payload,3.0,,3.0,1,100,3.0,3.0,0,0.95,,
smoke_v2_exploratory,llama3_8b_instruct_q4_k_m,nonseg_ascii_b16,forum_question_answer,aes256_gcm_base64,greedy_leadin_regeneration,unmodified,none,effective_payload_rate,payload,3.0,,3.0,1,100,3.0,3.0,0,0.95,,
smoke_v2_exploratory,llama3_8b_instruct_q4_k_m,nonseg_ascii_b16,forum_question_answer,aes256_gcm_base64,saved_token_ids,unmodified,none,effective_payload_rate,payload,3.0,,3.0,1,100,3.0,3.0,0,0.95,,
smoke_v2_exploratory,llama3_8b_instruct_q4_k_m,nonseg_ascii_b8,professional_communication,uuid_v4,detokenized_text_retokenized,unmodified,none,effective_payload_rate,payload,1.3333333333333333,,1.3333333333333333,1,100,1.3333333333333333,1.3333333333333333,0,0.95,,
smoke_v2_exploratory,llama3_8b_instruct_q4_k_m,nonseg_ascii_b8,professional_communication,uuid_v4,greedy_leadin_regeneration,unmodified,none,effective_payload_rate,payload,1.3333333333333333,,1.3333333333333333,1,100,1.3333333333333333,1.3333333333333333,0,0.95,,
smoke_v2_exploratory,llama3_8b_instruct_q4_k_m,nonseg_ascii_b8,professional_communication,uuid_v4,saved_token_ids,unmodified,none,effective_payload_rate,payload,1.3333333333333333,,1.3333333333333333,1,100,1.3333333333333333,1.3333333333333333,0,0.95,,
smoke_v2_exploratory,llama3_8b_instruct_q4_k_m,nonseg_hex_nibble_b16,recipe_procedure,sha256_hex,detokenized_text_retokenized,unmodified,none,effective_payload_rate,payload,4.0,,4.0,1,100,4.0,4.0,0,0.95,,
smoke_v2_exploratory,llama3_8b_instruct_q4_k_m,nonseg_hex_nibble_b16,recipe_procedure,sha256_hex,greedy_leadin_regeneration,unmodified,none,effective_payload_rate,payload,4.0,,4.0,1,100,4.0,4.0,0,0.95,,
smoke_v2_exploratory,llama3_8b_instruct_q4_k_m,nonseg_hex_nibble_b16,recipe_procedure,sha256_hex,saved_token_ids,unmodified,none,effective_payload_rate,payload,4.0,,4.0,1,100,4.0,4.0,0,0.95,,
smoke_v2_exploratory,llama3_8b_instruct_q4_k_m,segmented_hex_multi_topic,casual_conversation,sha256_hex,detokenized_text_retokenized,unmodified,none,effective_payload_rate,payload,0.6666666666666666,,0.6666666666666666,1,100,0.6666666666666666,0.6666666666666666,0,0.95,,
smoke_v2_exploratory,llama3_8b_instruct_q4_k_m,segmented_hex_multi_topic,casual_conversation,sha256_hex,greedy_leadin_regeneration,unmodified,none,effective_payload_rate,payload,0.6666666666666666,,0.6666666666666666,1,100,0.6666666666666666,0.6666666666666666,0,0.95,,
smoke_v2_exploratory,llama3_8b_instruct_q4_k_m,segmented_hex_multi_topic,casual_conversation,sha256_hex,saved_token_ids,unmodified,none,effective_payload_rate,payload,0.6666666666666666,,0.6666666666666666,1,100,0.6666666666666666,0.6666666666666666,0,0.95,,
smoke_v2_exploratory,llama3_8b_instruct_q4_k_m,segmented_hex_multi_topic,factual_explanatory,nonce_96_bit_hex,detokenized_text_retokenized,unmodified,none,effective_payload_rate,payload,1.2151898734177216,,1.2151898734177216,1,100,1.2151898734177216,1.2151898734177216,0,0.95,,
smoke_v2_exploratory,llama3_8b_instruct_q4_k_m,segmented_hex_multi_topic,factual_explanatory,nonce_96_bit_hex,greedy_leadin_regeneration,unmodified,none,effective_payload_rate,payload,1.2151898734177216,,1.2151898734177216,1,100,1.2151898734177216,1.2151898734177216,0,0.95,,
smoke_v2_exploratory,llama3_8b_instruct_q4_k_m,segmented_hex_multi_topic,factual_explanatory,nonce_96_bit_hex,saved_token_ids,unmodified,none,effective_payload_rate,payload,1.2151898734177216,,1.2151898734177216,1,100,1.2151898734177216,1.2151898734177216,0,0.95,,
smoke_v2_exploratory,llama3_8b_instruct_q4_k_m,segmented_hex_multi_topic,factual_explanatory,token_128_bit_hex,detokenized_text_retokenized,unmodified,none,effective_payload_rate,payload,0.9411764705882352,,0.9411764705882352,1,100,0.9411764705882352,0.9411764705882352,0,0.95,,
smoke_v2_exploratory,llama3_8b_instruct_q4_k_m,segmented_hex_multi_topic,factual_explanatory,token_128_bit_hex,greedy_leadin_regeneration,unmodified,none,effective_payload_rate,payload,0.9411764705882352,,0.9411764705882352,1,100,0.9411764705882352,0.9411764705882352,0,0.95,,
smoke_v2_exploratory,llama3_8b_instruct_q4_k_m,segmented_hex_multi_topic,factual_explanatory,token_128_bit_hex,saved_token_ids,unmodified,none,effective_payload_rate,payload,0.9411764705882352,,0.9411764705882352,1,100,0.9411764705882352,0.9411764705882352,0,0.95,,
smoke_v2_exploratory,llama3_8b_instruct_q4_k_m,segmented_hex_multi_topic,forum_question_answer,nonce_96_bit_hex,detokenized_text_retokenized,unmodified,none,effective_payload_rate,payload,0.2735042735042735,,0.2735042735042735,1,100,0.2735042735042735,0.2735042735042735,0,0.95,,
smoke_v2_exploratory,llama3_8b_instruct_q4_k_m,segmented_hex_multi_topic,forum_question_answer,nonce_96_bit_hex,greedy_leadin_regeneration,unmodified,none,effective_payload_rate,payload,0.2735042735042735,,0.2735042735042735,1,100,0.2735042735042735,0.2735042735042735,0,0.95,,
smoke_v2_exploratory,llama3_8b_instruct_q4_k_m,segmented_hex_multi_topic,forum_question_answer,nonce_96_bit_hex,saved_token_ids,unmodified,none,effective_payload_rate,payload,0.2735042735042735,,0.2735042735042735,1,100,0.2735042735042735,0.2735042735042735,0,0.95,,
smoke_v2_exploratory,llama3_8b_instruct_q4_k_m,segmented_hex_multi_topic,personal_narrative_blog,sha256_hex,detokenized_text_retokenized,unmodified,none,effective_payload_rate,payload,0.7252124645892352,,0.7252124645892352,1,100,0.7252124645892352,0.7252124645892352,0,0.95,,
smoke_v2_exploratory,llama3_8b_instruct_q4_k_m,segmented_hex_multi_topic,personal_narrative_blog,sha256_hex,greedy_leadin_regeneration,unmodified,none,effective_payload_rate,payload,0.7252124645892352,,0.7252124645892352,1,100,0.7252124645892352,0.7252124645892352,0,0.95,,
smoke_v2_exploratory,llama3_8b_instruct_q4_k_m,segmented_hex_multi_topic,personal_narrative_blog,sha256_hex,saved_token_ids,unmodified,none,effective_payload_rate,payload,0.7252124645892352,,0.7252124645892352,1,100,0.7252124645892352,0.7252124645892352,0,0.95,,
smoke_v2_exploratory,llama3_8b_instruct_q4_k_m,segmented_hex_multi_topic,professional_communication,nonce_96_bit_hex,detokenized_text_retokenized,unmodified,none,effective_payload_rate,payload,0.4383561643835616,,0.4383561643835616,1,100,0.4383561643835616,0.4383561643835616,0,0.95,,
smoke_v2_exploratory,llama3_8b_instruct_q4_k_m,segmented_hex_multi_topic,professional_communication,nonce_96_bit_hex,greedy_leadin_regeneration,unmodified,none,effective_payload_rate,payload,0.4383561643835616,,0.4383561643835616,1,100,0.4383561643835616,0.4383561643835616,0,0.95,,
smoke_v2_exploratory,llama3_8b_instruct_q4_k_m,segmented_hex_multi_topic,professional_communication,nonce_96_bit_hex,saved_token_ids,unmodified,none,effective_payload_rate,payload,0.4383561643835616,,0.4383561643835616,1,100,0.4383561643835616,0.4383561643835616,0,0.95,,
smoke_v2_exploratory,llama3_8b_instruct_q4_k_m,segmented_hex_multi_topic,recipe_procedure,token_128_bit_hex,detokenized_text_retokenized,unmodified,none,effective_payload_rate,payload,4.0,,4.0,1,100,4.0,4.0,0,0.95,,
smoke_v2_exploratory,llama3_8b_instruct_q4_k_m,segmented_hex_multi_topic,recipe_procedure,token_128_bit_hex,greedy_leadin_regeneration,unmodified,none,effective_payload_rate,payload,4.0,,4.0,1,100,4.0,4.0,0,0.95,,
smoke_v2_exploratory,llama3_8b_instruct_q4_k_m,segmented_hex_multi_topic,recipe_procedure,token_128_bit_hex,saved_token_ids,unmodified,none,effective_payload_rate,payload,4.0,,4.0,1,100,4.0,4.0,0,0.95,,
smoke_v2_exploratory,llama3_8b_instruct_q4_k_m,segmented_hex_single_topic,personal_narrative_blog,hmac_sha256_hex,detokenized_text_retokenized,unmodified,none,effective_payload_rate,payload,1.2132701421800949,,1.2132701421800949,1,100,1.2132701421800949,1.2132701421800949,0,0.95,,
smoke_v2_exploratory,llama3_8b_instruct_q4_k_m,segmented_hex_single_topic,personal_narrative_blog,hmac_sha256_hex,greedy_leadin_regeneration,unmodified,none,effective_payload_rate,payload,1.2132701421800949,,1.2132701421800949,1,100,1.2132701421800949,1.2132701421800949,0,0.95,,
smoke_v2_exploratory,llama3_8b_instruct_q4_k_m,segmented_hex_single_topic,personal_narrative_blog,hmac_sha256_hex,saved_token_ids,unmodified,none,effective_payload_rate,payload,1.2132701421800949,,1.2132701421800949,1,100,1.2132701421800949,1.2132701421800949,0,0.95,,
smoke_v2_exploratory,mistral_7b_instruct_v0_3_q4_k_m,direct_subword_calgacus,casual_conversation,ed25519_signature_base64,detokenized_text_retokenized,unmodified,none,effective_payload_rate,payload,6.918918918918919,,6.918918918918919,1,100,6.918918918918919,6.918918918918919,0,0.95,,
smoke_v2_exploratory,mistral_7b_instruct_v0_3_q4_k_m,direct_subword_calgacus,casual_conversation,ed25519_signature_base64,greedy_leadin_regeneration,unmodified,none,effective_payload_rate,payload,6.918918918918919,,6.918918918918919,1,100,6.918918918918919,6.918918918918919,0,0.95,,
smoke_v2_exploratory,mistral_7b_instruct_v0_3_q4_k_m,direct_subword_calgacus,casual_conversation,ed25519_signature_base64,saved_token_ids,unmodified,none,effective_payload_rate,payload,6.918918918918919,,6.918918918918919,1,100,6.918918918918919,6.918918918918919,0,0.95,,
smoke_v2_exploratory,mistral_7b_instruct_v0_3_q4_k_m,nonseg_ascii_b16,forum_question_answer,aes256_gcm_base64,detokenized_text_retokenized,unmodified,none,effective_payload_rate,payload,3.0,,3.0,1,100,3.0,3.0,0,0.95,,
smoke_v2_exploratory,mistral_7b_instruct_v0_3_q4_k_m,nonseg_ascii_b16,forum_question_answer,aes256_gcm_base64,greedy_leadin_regeneration,unmodified,none,effective_payload_rate,payload,3.0,,3.0,1,100,3.0,3.0,0,0.95,,
smoke_v2_exploratory,mistral_7b_instruct_v0_3_q4_k_m,nonseg_ascii_b16,forum_question_answer,aes256_gcm_base64,saved_token_ids,unmodified,none,effective_payload_rate,payload,3.0,,3.0,1,100,3.0,3.0,0,0.95,,
smoke_v2_exploratory,mistral_7b_instruct_v0_3_q4_k_m,nonseg_ascii_b8,professional_communication,uuid_v4,detokenized_text_retokenized,unmodified,none,effective_payload_rate,payload,1.3333333333333333,,1.3333333333333333,1,100,1.3333333333333333,1.3333333333333333,0,0.95,,
smoke_v2_exploratory,mistral_7b_instruct_v0_3_q4_k_m,nonseg_ascii_b8,professional_communication,uuid_v4,greedy_leadin_regeneration,unmodified,none,effective_payload_rate,payload,1.3333333333333333,,1.3333333333333333,1,100,1.3333333333333333,1.3333333333333333,0,0.95,,
smoke_v2_exploratory,mistral_7b_instruct_v0_3_q4_k_m,nonseg_ascii_b8,professional_communication,uuid_v4,saved_token_ids,unmodified,none,effective_payload_rate,payload,1.3333333333333333,,1.3333333333333333,1,100,1.3333333333333333,1.3333333333333333,0,0.95,,
smoke_v2_exploratory,mistral_7b_instruct_v0_3_q4_k_m,nonseg_hex_nibble_b16,recipe_procedure,nonce_96_bit_hex,detokenized_text_retokenized,unmodified,none,effective_payload_rate,payload,4.0,,4.0,1,100,4.0,4.0,0,0.95,,
smoke_v2_exploratory,mistral_7b_instruct_v0_3_q4_k_m,nonseg_hex_nibble_b16,recipe_procedure,nonce_96_bit_hex,greedy_leadin_regeneration,unmodified,none,effective_payload_rate,payload,4.0,,4.0,1,100,4.0,4.0,0,0.95,,
smoke_v2_exploratory,mistral_7b_instruct_v0_3_q4_k_m,nonseg_hex_nibble_b16,recipe_procedure,nonce_96_bit_hex,saved_token_ids,unmodified,none,effective_payload_rate,payload,4.0,,4.0,1,100,4.0,4.0,0,0.95,,
smoke_v2_exploratory,mistral_7b_instruct_v0_3_q4_k_m,segmented_hex_multi_topic,casual_conversation,nonce_96_bit_hex,detokenized_text_retokenized,unmodified,none,effective_payload_rate,payload,0.6666666666666666,,0.6666666666666666,1,100,0.6666666666666666,0.6666666666666666,0,0.95,,
smoke_v2_exploratory,mistral_7b_instruct_v0_3_q4_k_m,segmented_hex_multi_topic,casual_conversation,nonce_96_bit_hex,greedy_leadin_regeneration,unmodified,none,effective_payload_rate,payload,0.6666666666666666,,0.6666666666666666,1,100,0.6666666666666666,0.6666666666666666,0,0.95,,
smoke_v2_exploratory,mistral_7b_instruct_v0_3_q4_k_m,segmented_hex_multi_topic,casual_conversation,nonce_96_bit_hex,saved_token_ids,unmodified,none,effective_payload_rate,payload,0.6666666666666666,,0.6666666666666666,1,100,0.6666666666666666,0.6666666666666666,0,0.95,,
smoke_v2_exploratory,mistral_7b_instruct_v0_3_q4_k_m,segmented_hex_multi_topic,factual_explanatory,sha256_hex,detokenized_text_retokenized,unmodified,none,effective_payload_rate,payload,0.9552238805970148,,0.9552238805970148,1,100,0.9552238805970148,0.9552238805970148,0,0.95,,
smoke_v2_exploratory,mistral_7b_instruct_v0_3_q4_k_m,segmented_hex_multi_topic,factual_explanatory,sha256_hex,greedy_leadin_regeneration,unmodified,none,effective_payload_rate,payload,0.9552238805970148,,0.9552238805970148,1,100,0.9552238805970148,0.9552238805970148,0,0.95,,
smoke_v2_exploratory,mistral_7b_instruct_v0_3_q4_k_m,segmented_hex_multi_topic,factual_explanatory,sha256_hex,saved_token_ids,unmodified,none,effective_payload_rate,payload,0.9552238805970148,,0.9552238805970148,1,100,0.9552238805970148,0.9552238805970148,0,0.95,,
smoke_v2_exploratory,mistral_7b_instruct_v0_3_q4_k_m,segmented_hex_multi_topic,factual_explanatory,token_128_bit_hex,detokenized_text_retokenized,unmodified,none,effective_payload_rate,payload,0.8707482993197279,,0.8707482993197279,1,100,0.8707482993197279,0.8707482993197279,0,0.95,,
smoke_v2_exploratory,mistral_7b_instruct_v0_3_q4_k_m,segmented_hex_multi_topic,factual_explanatory,token_128_bit_hex,greedy_leadin_regeneration,unmodified,none,effective_payload_rate,payload,0.8707482993197279,,0.8707482993197279,1,100,0.8707482993197279,0.8707482993197279,0,0.95,,
smoke_v2_exploratory,mistral_7b_instruct_v0_3_q4_k_m,segmented_hex_multi_topic,factual_explanatory,token_128_bit_hex,saved_token_ids,unmodified,none,effective_payload_rate,payload,0.8707482993197279,,0.8707482993197279,1,100,0.8707482993197279,0.8707482993197279,0,0.95,,
smoke_v2_exploratory,mistral_7b_instruct_v0_3_q4_k_m,segmented_hex_multi_topic,forum_question_answer,sha256_hex,detokenized_text_retokenized,unmodified,none,effective_payload_rate,payload,0.3478260869565217,,0.3478260869565217,1,100,0.3478260869565217,0.3478260869565217,0,0.95,,
smoke_v2_exploratory,mistral_7b_instruct_v0_3_q4_k_m,segmented_hex_multi_topic,forum_question_answer,sha256_hex,greedy_leadin_regeneration,unmodified,none,effective_payload_rate,payload,0.3478260869565217,,0.3478260869565217,1,100,0.3478260869565217,0.3478260869565217,0,0.95,,
smoke_v2_exploratory,mistral_7b_instruct_v0_3_q4_k_m,segmented_hex_multi_topic,forum_question_answer,sha256_hex,saved_token_ids,unmodified,none,effective_payload_rate,payload,0.3478260869565217,,0.3478260869565217,1,100,0.3478260869565217,0.3478260869565217,0,0.95,,
smoke_v2_exploratory,mistral_7b_instruct_v0_3_q4_k_m,segmented_hex_multi_topic,personal_narrative_blog,nonce_96_bit_hex,detokenized_text_retokenized,unmodified,none,effective_payload_rate,payload,0.6857142857142857,,0.6857142857142857,1,100,0.6857142857142857,0.6857142857142857,0,0.95,,
smoke_v2_exploratory,mistral_7b_instruct_v0_3_q4_k_m,segmented_hex_multi_topic,personal_narrative_blog,nonce_96_bit_hex,greedy_leadin_regeneration,unmodified,none,effective_payload_rate,payload,0.6857142857142857,,0.6857142857142857,1,100,0.6857142857142857,0.6857142857142857,0,0.95,,
smoke_v2_exploratory,mistral_7b_instruct_v0_3_q4_k_m,segmented_hex_multi_topic,personal_narrative_blog,nonce_96_bit_hex,saved_token_ids,unmodified,none,effective_payload_rate,payload,0.6857142857142857,,0.6857142857142857,1,100,0.6857142857142857,0.6857142857142857,0,0.95,,
smoke_v2_exploratory,mistral_7b_instruct_v0_3_q4_k_m,segmented_hex_multi_topic,recipe_procedure,token_128_bit_hex,detokenized_text_retokenized,unmodified,none,effective_payload_rate,payload,4.0,,4.0,1,100,4.0,4.0,0,0.95,,
smoke_v2_exploratory,mistral_7b_instruct_v0_3_q4_k_m,segmented_hex_multi_topic,recipe_procedure,token_128_bit_hex,greedy_leadin_regeneration,unmodified,none,effective_payload_rate,payload,4.0,,4.0,1,100,4.0,4.0,0,0.95,,
smoke_v2_exploratory,mistral_7b_instruct_v0_3_q4_k_m,segmented_hex_multi_topic,recipe_procedure,token_128_bit_hex,saved_token_ids,unmodified,none,effective_payload_rate,payload,4.0,,4.0,1,100,4.0,4.0,0,0.95,,
smoke_v2_exploratory,mistral_7b_instruct_v0_3_q4_k_m,segmented_hex_single_topic,personal_narrative_blog,token_128_bit_hex,detokenized_text_retokenized,unmodified,none,effective_payload_rate,payload,0.8707482993197279,,0.8707482993197279,1,100,0.8707482993197279,0.8707482993197279,0,0.95,,
smoke_v2_exploratory,mistral_7b_instruct_v0_3_q4_k_m,segmented_hex_single_topic,personal_narrative_blog,token_128_bit_hex,greedy_leadin_regeneration,unmodified,none,effective_payload_rate,payload,0.8707482993197279,,0.8707482993197279,1,100,0.8707482993197279,0.8707482993197279,0,0.95,,
smoke_v2_exploratory,mistral_7b_instruct_v0_3_q4_k_m,segmented_hex_single_topic,personal_narrative_blog,token_128_bit_hex,saved_token_ids,unmodified,none,effective_payload_rate,payload,0.8707482993197279,,0.8707482993197279,1,100,0.8707482993197279,0.8707482993197279,0,0.95,,
smoke_v2_exploratory,qwen2_5_7b_instruct_q4_k_m,direct_subword_calgacus,casual_conversation,ed25519_signature_base64,detokenized_text_retokenized,unmodified,none,effective_payload_rate,payload,7.757575757575758,,7.757575757575758,1,100,7.757575757575758,7.757575757575758,0,0.95,,
smoke_v2_exploratory,qwen2_5_7b_instruct_q4_k_m,direct_subword_calgacus,casual_conversation,ed25519_signature_base64,greedy_leadin_regeneration,unmodified,none,effective_payload_rate,payload,7.757575757575758,,7.757575757575758,1,100,7.757575757575758,7.757575757575758,0,0.95,,
smoke_v2_exploratory,qwen2_5_7b_instruct_q4_k_m,direct_subword_calgacus,casual_conversation,ed25519_signature_base64,saved_token_ids,unmodified,none,effective_payload_rate,payload,7.757575757575758,,7.757575757575758,1,100,7.757575757575758,7.757575757575758,0,0.95,,
smoke_v2_exploratory,qwen2_5_7b_instruct_q4_k_m,nonseg_ascii_b16,forum_question_answer,chacha20_poly1305_base64,detokenized_text_retokenized,unmodified,none,effective_payload_rate,payload,3.0,,3.0,1,100,3.0,3.0,0,0.95,,
smoke_v2_exploratory,qwen2_5_7b_instruct_q4_k_m,nonseg_ascii_b16,forum_question_answer,chacha20_poly1305_base64,greedy_leadin_regeneration,unmodified,none,effective_payload_rate,payload,3.0,,3.0,1,100,3.0,3.0,0,0.95,,
smoke_v2_exploratory,qwen2_5_7b_instruct_q4_k_m,nonseg_ascii_b16,forum_question_answer,chacha20_poly1305_base64,saved_token_ids,unmodified,none,effective_payload_rate,payload,3.0,,3.0,1,100,3.0,3.0,0,0.95,,
smoke_v2_exploratory,qwen2_5_7b_instruct_q4_k_m,nonseg_ascii_b8,professional_communication,uuid_v4,detokenized_text_retokenized,unmodified,none,effective_payload_rate,payload,1.3333333333333333,,1.3333333333333333,1,100,1.3333333333333333,1.3333333333333333,0,0.95,,
smoke_v2_exploratory,qwen2_5_7b_instruct_q4_k_m,nonseg_ascii_b8,professional_communication,uuid_v4,greedy_leadin_regeneration,unmodified,none,effective_payload_rate,payload,1.3333333333333333,,1.3333333333333333,1,100,1.3333333333333333,1.3333333333333333,0,0.95,,
smoke_v2_exploratory,qwen2_5_7b_instruct_q4_k_m,nonseg_ascii_b8,professional_communication,uuid_v4,saved_token_ids,unmodified,none,effective_payload_rate,payload,1.3333333333333333,,1.3333333333333333,1,100,1.3333333333333333,1.3333333333333333,0,0.95,,
smoke_v2_exploratory,qwen2_5_7b_instruct_q4_k_m,nonseg_hex_nibble_b16,recipe_procedure,token_128_bit_hex,detokenized_text_retokenized,unmodified,none,effective_payload_rate,payload,4.0,,4.0,1,100,4.0,4.0,0,0.95,,
smoke_v2_exploratory,qwen2_5_7b_instruct_q4_k_m,nonseg_hex_nibble_b16,recipe_procedure,token_128_bit_hex,greedy_leadin_regeneration,unmodified,none,effective_payload_rate,payload,4.0,,4.0,1,100,4.0,4.0,0,0.95,,
smoke_v2_exploratory,qwen2_5_7b_instruct_q4_k_m,nonseg_hex_nibble_b16,recipe_procedure,token_128_bit_hex,saved_token_ids,unmodified,none,effective_payload_rate,payload,4.0,,4.0,1,100,4.0,4.0,0,0.95,,
smoke_v2_exploratory,qwen2_5_7b_instruct_q4_k_m,segmented_hex_multi_topic,casual_conversation,nonce_96_bit_hex,detokenized_text_retokenized,unmodified,none,effective_payload_rate,payload,0.6666666666666666,,0.6666666666666666,1,100,0.6666666666666666,0.6666666666666666,0,0.95,,
smoke_v2_exploratory,qwen2_5_7b_instruct_q4_k_m,segmented_hex_multi_topic,casual_conversation,nonce_96_bit_hex,greedy_leadin_regeneration,unmodified,none,effective_payload_rate,payload,0.6666666666666666,,0.6666666666666666,1,100,0.6666666666666666,0.6666666666666666,0,0.95,,
smoke_v2_exploratory,qwen2_5_7b_instruct_q4_k_m,segmented_hex_multi_topic,casual_conversation,nonce_96_bit_hex,saved_token_ids,unmodified,none,effective_payload_rate,payload,0.6666666666666666,,0.6666666666666666,1,100,0.6666666666666666,0.6666666666666666,0,0.95,,
smoke_v2_exploratory,qwen2_5_7b_instruct_q4_k_m,segmented_hex_multi_topic,factual_explanatory,hmac_sha256_hex,detokenized_text_retokenized,unmodified,none,effective_payload_rate,payload,1.3061224489795915,,1.3061224489795915,1,100,1.3061224489795915,1.3061224489795915,0,0.95,,
smoke_v2_exploratory,qwen2_5_7b_instruct_q4_k_m,segmented_hex_multi_topic,factual_explanatory,hmac_sha256_hex,greedy_leadin_regeneration,unmodified,none,effective_payload_rate,payload,1.3061224489795915,,1.3061224489795915,1,100,1.3061224489795915,1.3061224489795915,0,0.95,,
smoke_v2_exploratory,qwen2_5_7b_instruct_q4_k_m,segmented_hex_multi_topic,factual_explanatory,hmac_sha256_hex,saved_token_ids,unmodified,none,effective_payload_rate,payload,1.3061224489795915,,1.3061224489795915,1,100,1.3061224489795915,1.3061224489795915,0,0.95,,
smoke_v2_exploratory,qwen2_5_7b_instruct_q4_k_m,segmented_hex_multi_topic,factual_explanatory,nonce_96_bit_hex,detokenized_text_retokenized,unmodified,none,effective_payload_rate,payload,0.8135593220338984,,0.8135593220338984,1,100,0.8135593220338984,0.8135593220338984,0,0.95,,
smoke_v2_exploratory,qwen2_5_7b_instruct_q4_k_m,segmented_hex_multi_topic,factual_explanatory,nonce_96_bit_hex,greedy_leadin_regeneration,unmodified,none,effective_payload_rate,payload,0.8135593220338984,,0.8135593220338984,1,100,0.8135593220338984,0.8135593220338984,0,0.95,,
smoke_v2_exploratory,qwen2_5_7b_instruct_q4_k_m,segmented_hex_multi_topic,factual_explanatory,nonce_96_bit_hex,saved_token_ids,unmodified,none,effective_payload_rate,payload,0.8135593220338984,,0.8135593220338984,1,100,0.8135593220338984,0.8135593220338984,0,0.95,,
smoke_v2_exploratory,qwen2_5_7b_instruct_q4_k_m,segmented_hex_multi_topic,forum_question_answer,token_128_bit_hex,detokenized_text_retokenized,unmodified,none,effective_payload_rate,payload,0.8648648648648649,,0.8648648648648649,1,100,0.8648648648648649,0.8648648648648649,0,0.95,,
smoke_v2_exploratory,qwen2_5_7b_instruct_q4_k_m,segmented_hex_multi_topic,forum_question_answer,token_128_bit_hex,greedy_leadin_regeneration,unmodified,none,effective_payload_rate,payload,0.8648648648648649,,0.8648648648648649,1,100,0.8648648648648649,0.8648648648648649,0,0.95,,
smoke_v2_exploratory,qwen2_5_7b_instruct_q4_k_m,segmented_hex_multi_topic,forum_question_answer,token_128_bit_hex,saved_token_ids,unmodified,none,effective_payload_rate,payload,0.8648648648648649,,0.8648648648648649,1,100,0.8648648648648649,0.8648648648648649,0,0.95,,
smoke_v2_exploratory,qwen2_5_7b_instruct_q4_k_m,segmented_hex_multi_topic,personal_narrative_blog,nonce_96_bit_hex,detokenized_text_retokenized,unmodified,none,effective_payload_rate,payload,0.9230769230769232,,0.9230769230769232,1,100,0.9230769230769232,0.9230769230769232,0,0.95,,
smoke_v2_exploratory,qwen2_5_7b_instruct_q4_k_m,segmented_hex_multi_topic,personal_narrative_blog,nonce_96_bit_hex,greedy_leadin_regeneration,unmodified,none,effective_payload_rate,payload,0.9230769230769232,,0.9230769230769232,1,100,0.9230769230769232,0.9230769230769232,0,0.95,,
smoke_v2_exploratory,qwen2_5_7b_instruct_q4_k_m,segmented_hex_multi_topic,personal_narrative_blog,nonce_96_bit_hex,saved_token_ids,unmodified,none,effective_payload_rate,payload,0.9230769230769232,,0.9230769230769232,1,100,0.9230769230769232,0.9230769230769232,0,0.95,,
smoke_v2_exploratory,qwen2_5_7b_instruct_q4_k_m,segmented_hex_multi_topic,professional_communication,nonce_96_bit_hex,detokenized_text_retokenized,unmodified,none,effective_payload_rate,payload,1.352112676056338,,1.352112676056338,1,100,1.352112676056338,1.352112676056338,0,0.95,,
smoke_v2_exploratory,qwen2_5_7b_instruct_q4_k_m,segmented_hex_multi_topic,professional_communication,nonce_96_bit_hex,greedy_leadin_regeneration,unmodified,none,effective_payload_rate,payload,1.352112676056338,,1.352112676056338,1,100,1.352112676056338,1.352112676056338,0,0.95,,
smoke_v2_exploratory,qwen2_5_7b_instruct_q4_k_m,segmented_hex_multi_topic,professional_communication,nonce_96_bit_hex,saved_token_ids,unmodified,none,effective_payload_rate,payload,1.352112676056338,,1.352112676056338,1,100,1.352112676056338,1.352112676056338,0,0.95,,
smoke_v2_exploratory,qwen2_5_7b_instruct_q4_k_m,segmented_hex_multi_topic,recipe_procedure,sha256_hex,detokenized_text_retokenized,unmodified,none,effective_payload_rate,payload,4.0,,4.0,1,100,4.0,4.0,0,0.95,,
smoke_v2_exploratory,qwen2_5_7b_instruct_q4_k_m,segmented_hex_multi_topic,recipe_procedure,sha256_hex,greedy_leadin_regeneration,unmodified,none,effective_payload_rate,payload,4.0,,4.0,1,100,4.0,4.0,0,0.95,,
smoke_v2_exploratory,qwen2_5_7b_instruct_q4_k_m,segmented_hex_multi_topic,recipe_procedure,sha256_hex,saved_token_ids,unmodified,none,effective_payload_rate,payload,4.0,,4.0,1,100,4.0,4.0,0,0.95,,
smoke_v2_exploratory,qwen2_5_7b_instruct_q4_k_m,segmented_hex_single_topic,personal_narrative_blog,sha256_hex,detokenized_text_retokenized,unmodified,none,effective_payload_rate,payload,0.504930966469428,,0.504930966469428,1,100,0.504930966469428,0.504930966469428,0,0.95,,
smoke_v2_exploratory,qwen2_5_7b_instruct_q4_k_m,segmented_hex_single_topic,personal_narrative_blog,sha256_hex,greedy_leadin_regeneration,unmodified,none,effective_payload_rate,payload,0.504930966469428,,0.504930966469428,1,100,0.504930966469428,0.504930966469428,0,0.95,,
smoke_v2_exploratory,qwen2_5_7b_instruct_q4_k_m,segmented_hex_single_topic,personal_narrative_blog,sha256_hex,saved_token_ids,unmodified,none,effective_payload_rate,payload,0.504930966469428,,0.504930966469428,1,100,0.504930966469428,0.504930966469428,0,0.95,,
,llama3_8b_instruct_q4_k_m,direct_subword_calgacus,casual_conversation,ed25519_signature_base64,,,,flesch_reading_ease_heuristic,payload,51.322099056603804,,51.322099056603804,1,100,51.322099056603804,51.322099056603804,0,0.95,forced_span,
,llama3_8b_instruct_q4_k_m,direct_subword_calgacus,casual_conversation,ed25519_signature_base64,,,,flesch_reading_ease_heuristic,payload,51.322099056603804,,51.322099056603804,1,100,51.322099056603804,51.322099056603804,0,0.95,full_message,
,llama3_8b_instruct_q4_k_m,nonseg_ascii_b16,forum_question_answer,aes256_gcm_base64,,,,flesch_reading_ease_heuristic,payload,72.5461320754717,,72.5461320754717,1,100,72.5461320754717,72.5461320754717,0,0.95,forced_span,
,llama3_8b_instruct_q4_k_m,nonseg_ascii_b16,forum_question_answer,aes256_gcm_base64,,,,flesch_reading_ease_heuristic,payload,72.5461320754717,,72.5461320754717,1,100,72.5461320754717,72.5461320754717,0,0.95,full_message,
,llama3_8b_instruct_q4_k_m,nonseg_ascii_b8,professional_communication,uuid_v4,,,,flesch_reading_ease_heuristic,payload,34.89131782945739,,34.89131782945739,1,100,34.89131782945739,34.89131782945739,0,0.95,forced_span,
,llama3_8b_instruct_q4_k_m,nonseg_ascii_b8,professional_communication,uuid_v4,,,,flesch_reading_ease_heuristic,payload,34.89131782945739,,34.89131782945739,1,100,34.89131782945739,34.89131782945739,0,0.95,full_message,
,llama3_8b_instruct_q4_k_m,nonseg_hex_nibble_b16,recipe_procedure,sha256_hex,,,,flesch_reading_ease_heuristic,payload,67.8246153846154,,67.8246153846154,1,100,67.8246153846154,67.8246153846154,0,0.95,forced_span,
,llama3_8b_instruct_q4_k_m,nonseg_hex_nibble_b16,recipe_procedure,sha256_hex,,,,flesch_reading_ease_heuristic,payload,67.8246153846154,,67.8246153846154,1,100,67.8246153846154,67.8246153846154,0,0.95,full_message,
,llama3_8b_instruct_q4_k_m,ordinary_llm_control,casual_conversation,ed25519_signature_base64,,,,flesch_reading_ease_heuristic,payload,72.79963235294119,,72.79963235294119,1,100,72.79963235294119,72.79963235294119,0,0.95,full_message,
,llama3_8b_instruct_q4_k_m,ordinary_llm_control,casual_conversation,sha256_hex,,,,flesch_reading_ease_heuristic,payload,90.29115384615386,,90.29115384615386,1,100,90.29115384615386,90.29115384615386,0,0.95,forced_span,
,llama3_8b_instruct_q4_k_m,ordinary_llm_control,casual_conversation,sha256_hex,,,,flesch_reading_ease_heuristic,payload,88.23602430090234,,88.23602430090234,1,100,88.23602430090234,88.23602430090234,0,0.95,full_message,
,llama3_8b_instruct_q4_k_m,ordinary_llm_control,factual_explanatory,nonce_96_bit_hex,,,,flesch_reading_ease_heuristic,payload,51.17500000000004,,51.17500000000004,1,100,51.17500000000004,51.17500000000004,0,0.95,forced_span,
,llama3_8b_instruct_q4_k_m,ordinary_llm_control,factual_explanatory,nonce_96_bit_hex,,,,flesch_reading_ease_heuristic,payload,59.361032608695695,,59.361032608695695,1,100,59.361032608695695,59.361032608695695,0,0.95,full_message,
,llama3_8b_instruct_q4_k_m,ordinary_llm_control,factual_explanatory,token_128_bit_hex,,,,flesch_reading_ease_heuristic,payload,69.59336206896553,,69.59336206896553,1,100,69.59336206896553,69.59336206896553,0,0.95,forced_span,
,llama3_8b_instruct_q4_k_m,ordinary_llm_control,factual_explanatory,token_128_bit_hex,,,,flesch_reading_ease_heuristic,payload,40.798214285714295,,40.798214285714295,1,100,40.798214285714295,40.798214285714295,0,0.95,full_message,
,llama3_8b_instruct_q4_k_m,ordinary_llm_control,forum_question_answer,aes256_gcm_base64,,,,flesch_reading_ease_heuristic,payload,81.21044897959186,,81.21044897959186,1,100,81.21044897959186,81.21044897959186,0,0.95,full_message,
,llama3_8b_instruct_q4_k_m,ordinary_llm_control,forum_question_answer,nonce_96_bit_hex,,,,flesch_reading_ease_heuristic,payload,39.06321428571431,,39.06321428571431,1,100,39.06321428571431,39.06321428571431,0,0.95,forced_span,
,llama3_8b_instruct_q4_k_m,ordinary_llm_control,forum_question_answer,nonce_96_bit_hex,,,,flesch_reading_ease_heuristic,payload,75.10977528089889,,75.10977528089889,1,100,75.10977528089889,75.10977528089889,0,0.95,full_message,
,llama3_8b_instruct_q4_k_m,ordinary_llm_control,personal_narrative_blog,hmac_sha256_hex,,,,flesch_reading_ease_heuristic,payload,79.05329545454546,,79.05329545454546,1,100,79.05329545454546,79.05329545454546,0,0.95,forced_span,
,llama3_8b_instruct_q4_k_m,ordinary_llm_control,personal_narrative_blog,hmac_sha256_hex,,,,flesch_reading_ease_heuristic,payload,68.26797368421052,,68.26797368421052,1,100,68.26797368421052,68.26797368421052,0,0.95,full_message,
,llama3_8b_instruct_q4_k_m,ordinary_llm_control,personal_narrative_blog,sha256_hex,,,,flesch_reading_ease_heuristic,payload,55.83397435897439,,55.83397435897439,1,100,55.83397435897439,55.83397435897439,0,0.95,forced_span,
,llama3_8b_instruct_q4_k_m,ordinary_llm_control,personal_narrative_blog,sha256_hex,,,,flesch_reading_ease_heuristic,payload,50.871266506602666,,50.871266506602666,1,100,50.871266506602666,50.871266506602666,0,0.95,full_message,
,llama3_8b_instruct_q4_k_m,ordinary_llm_control,professional_communication,nonce_96_bit_hex,,,,flesch_reading_ease_heuristic,payload,33.690000000000026,,33.690000000000026,1,100,33.690000000000026,33.690000000000026,0,0.95,forced_span,
,llama3_8b_instruct_q4_k_m,ordinary_llm_control,professional_communication,nonce_96_bit_hex,,,,flesch_reading_ease_heuristic,payload,40.998367902074136,,40.998367902074136,1,100,40.998367902074136,40.998367902074136,0,0.95,full_message,
,llama3_8b_instruct_q4_k_m,ordinary_llm_control,professional_communication,uuid_v4,,,,flesch_reading_ease_heuristic,payload,52.65369620253165,,52.65369620253165,1,100,52.65369620253165,52.65369620253165,0,0.95,full_message,
,llama3_8b_instruct_q4_k_m,ordinary_llm_control,recipe_procedure,sha256_hex,,,,flesch_reading_ease_heuristic,payload,60.15920731707318,,60.15920731707318,1,100,60.15920731707318,60.15920731707318,0,0.95,full_message,
,llama3_8b_instruct_q4_k_m,ordinary_llm_control,recipe_procedure,token_128_bit_hex,,,,flesch_reading_ease_heuristic,payload,72.32350000000002,,72.32350000000002,1,100,72.32350000000002,72.32350000000002,0,0.95,forced_span,
,llama3_8b_instruct_q4_k_m,ordinary_llm_control,recipe_procedure,token_128_bit_hex,,,,flesch_reading_ease_heuristic,payload,52.05000000000001,,52.05000000000001,1,100,52.05000000000001,52.05000000000001,0,0.95,full_message,
,llama3_8b_instruct_q4_k_m,segmented_hex_multi_topic,casual_conversation,sha256_hex,,,,flesch_reading_ease_heuristic,payload,45.133333333333354,,45.133333333333354,1,100,45.133333333333354,45.133333333333354,0,0.95,forced_span,
,llama3_8b_instruct_q4_k_m,segmented_hex_multi_topic,casual_conversation,sha256_hex,,,,flesch_reading_ease_heuristic,payload,61.229405825242736,,61.229405825242736,1,100,61.229405825242736,61.229405825242736,0,0.95,full_message,
,llama3_8b_instruct_q4_k_m,segmented_hex_multi_topic,factual_explanatory,nonce_96_bit_hex,,,,flesch_reading_ease_heuristic,payload,33.57500000000002,,33.57500000000002,1,100,33.57500000000002,33.57500000000002,0,0.95,forced_span,
,llama3_8b_instruct_q4_k_m,segmented_hex_multi_topic,factual_explanatory,nonce_96_bit_hex,,,,flesch_reading_ease_heuristic,payload,55.685,,55.685,1,100,55.685,55.685,0,0.95,full_message,
,llama3_8b_instruct_q4_k_m,segmented_hex_multi_topic,factual_explanatory,token_128_bit_hex,,,,flesch_reading_ease_heuristic,payload,77.64602564102567,,77.64602564102567,1,100,77.64602564102567,77.64602564102567,0,0.95,forced_span,
,llama3_8b_instruct_q4_k_m,segmented_hex_multi_topic,factual_explanatory,token_128_bit_hex,,,,flesch_reading_ease_heuristic,payload,80.46434059633029,,80.46434059633029,1,100,80.46434059633029,80.46434059633029,0,0.95,full_message,
,llama3_8b_instruct_q4_k_m,segmented_hex_multi_topic,forum_question_answer,nonce_96_bit_hex,,,,flesch_reading_ease_heuristic,payload,73.84500000000001,,73.84500000000001,1,100,73.84500000000001,73.84500000000001,0,0.95,forced_span,
,llama3_8b_instruct_q4_k_m,segmented_hex_multi_topic,forum_question_answer,nonce_96_bit_hex,,,,flesch_reading_ease_heuristic,payload,71.39753968253969,,71.39753968253969,1,100,71.39753968253969,71.39753968253969,0,0.95,full_message,
,llama3_8b_instruct_q4_k_m,segmented_hex_multi_topic,personal_narrative_blog,sha256_hex,,,,flesch_reading_ease_heuristic,payload,70.19100000000002,,70.19100000000002,1,100,70.19100000000002,70.19100000000002,0,0.95,forced_span,
,llama3_8b_instruct_q4_k_m,segmented_hex_multi_topic,personal_narrative_blog,sha256_hex,,,,flesch_reading_ease_heuristic,payload,57.875696969697,,57.875696969697,1,100,57.875696969697,57.875696969697,0,0.95,full_message,
,llama3_8b_instruct_q4_k_m,segmented_hex_multi_topic,professional_communication,nonce_96_bit_hex,,,,flesch_reading_ease_heuristic,payload,52.58250000000001,,52.58250000000001,1,100,52.58250000000001,52.58250000000001,0,0.95,forced_span,
,llama3_8b_instruct_q4_k_m,segmented_hex_multi_topic,professional_communication,nonce_96_bit_hex,,,,flesch_reading_ease_heuristic,payload,48.236428571428576,,48.236428571428576,1,100,48.236428571428576,48.236428571428576,0,0.95,full_message,
,llama3_8b_instruct_q4_k_m,segmented_hex_multi_topic,recipe_procedure,token_128_bit_hex,,,,flesch_reading_ease_heuristic,payload,53.56666666666669,,53.56666666666669,1,100,53.56666666666669,53.56666666666669,0,0.95,forced_span,
,llama3_8b_instruct_q4_k_m,segmented_hex_multi_topic,recipe_procedure,token_128_bit_hex,,,,flesch_reading_ease_heuristic,payload,53.56666666666669,,53.56666666666669,1,100,53.56666666666669,53.56666666666669,0,0.95,full_message,
,llama3_8b_instruct_q4_k_m,segmented_hex_single_topic,personal_narrative_blog,hmac_sha256_hex,,,,flesch_reading_ease_heuristic,payload,11.03545454545457,,11.03545454545457,1,100,11.03545454545457,11.03545454545457,0,0.95,forced_span,
,llama3_8b_instruct_q4_k_m,segmented_hex_single_topic,personal_narrative_blog,hmac_sha256_hex,,,,flesch_reading_ease_heuristic,payload,57.43818965517241,,57.43818965517241,1,100,57.43818965517241,57.43818965517241,0,0.95,full_message,
,mistral_7b_instruct_v0_3_q4_k_m,direct_subword_calgacus,casual_conversation,ed25519_signature_base64,,,,flesch_reading_ease_heuristic,payload,56.25000000000003,,56.25000000000003,1,100,56.25000000000003,56.25000000000003,0,0.95,forced_span,
,mistral_7b_instruct_v0_3_q4_k_m,direct_subword_calgacus,casual_conversation,ed25519_signature_base64,,,,flesch_reading_ease_heuristic,payload,56.25000000000003,,56.25000000000003,1,100,56.25000000000003,56.25000000000003,0,0.95,full_message,
,mistral_7b_instruct_v0_3_q4_k_m,nonseg_ascii_b16,forum_question_answer,aes256_gcm_base64,,,,flesch_reading_ease_heuristic,payload,62.630795918367355,,62.630795918367355,1,100,62.630795918367355,62.630795918367355,0,0.95,forced_span,
,mistral_7b_instruct_v0_3_q4_k_m,nonseg_ascii_b16,forum_question_answer,aes256_gcm_base64,,,,flesch_reading_ease_heuristic,payload,62.630795918367355,,62.630795918367355,1,100,62.630795918367355,62.630795918367355,0,0.95,full_message,
,mistral_7b_instruct_v0_3_q4_k_m,nonseg_ascii_b8,professional_communication,uuid_v4,,,,flesch_reading_ease_heuristic,payload,35.91379310344831,,35.91379310344831,1,100,35.91379310344831,35.91379310344831,0,0.95,forced_span,
,mistral_7b_instruct_v0_3_q4_k_m,nonseg_ascii_b8,professional_communication,uuid_v4,,,,flesch_reading_ease_heuristic,payload,35.91379310344831,,35.91379310344831,1,100,35.91379310344831,35.91379310344831,0,0.95,full_message,
,mistral_7b_instruct_v0_3_q4_k_m,nonseg_hex_nibble_b16,recipe_procedure,nonce_96_bit_hex,,,,flesch_reading_ease_heuristic,payload,65.16823529411766,,65.16823529411766,1,100,65.16823529411766,65.16823529411766,0,0.95,forced_span,
,mistral_7b_instruct_v0_3_q4_k_m,nonseg_hex_nibble_b16,recipe_procedure,nonce_96_bit_hex,,,,flesch_reading_ease_heuristic,payload,65.16823529411766,,65.16823529411766,1,100,65.16823529411766,65.16823529411766,0,0.95,full_message,
,mistral_7b_instruct_v0_3_q4_k_m,ordinary_llm_control,casual_conversation,ed25519_signature_base64,,,,flesch_reading_ease_heuristic,payload,76.78000000000003,,76.78000000000003,1,100,76.78000000000003,76.78000000000003,0,0.95,full_message,
,mistral_7b_instruct_v0_3_q4_k_m,ordinary_llm_control,casual_conversation,nonce_96_bit_hex,,,,flesch_reading_ease_heuristic,payload,96.02461538461542,,96.02461538461542,1,100,96.02461538461542,96.02461538461542,0,0.95,forced_span,
,mistral_7b_instruct_v0_3_q4_k_m,ordinary_llm_control,casual_conversation,nonce_96_bit_hex,,,,flesch_reading_ease_heuristic,payload,73.01477272727274,,73.01477272727274,1,100,73.01477272727274,73.01477272727274,0,0.95,full_message,
,mistral_7b_instruct_v0_3_q4_k_m,ordinary_llm_control,factual_explanatory,sha256_hex,,,,flesch_reading_ease_heuristic,payload,14.66500000000002,,14.66500000000002,1,100,14.66500000000002,14.66500000000002,0,0.95,forced_span,
,mistral_7b_instruct_v0_3_q4_k_m,ordinary_llm_control,factual_explanatory,sha256_hex,,,,flesch_reading_ease_heuristic,payload,34.80851617440226,,34.80851617440226,1,100,34.80851617440226,34.80851617440226,0,0.95,full_message,
,mistral_7b_instruct_v0_3_q4_k_m,ordinary_llm_control,factual_explanatory,token_128_bit_hex,,,,flesch_reading_ease_heuristic,payload,14.66500000000002,,14.66500000000002,1,100,14.66500000000002,14.66500000000002,0,0.95,forced_span,
,mistral_7b_instruct_v0_3_q4_k_m,ordinary_llm_control,factual_explanatory,token_128_bit_hex,,,,flesch_reading_ease_heuristic,payload,42.147916666666674,,42.147916666666674,1,100,42.147916666666674,42.147916666666674,0,0.95,full_message,
,mistral_7b_instruct_v0_3_q4_k_m,ordinary_llm_control,forum_question_answer,aes256_gcm_base64,,,,flesch_reading_ease_heuristic,payload,81.02500000000002,,81.02500000000002,1,100,81.02500000000002,81.02500000000002,0,0.95,full_message,
,mistral_7b_instruct_v0_3_q4_k_m,ordinary_llm_control,forum_question_answer,sha256_hex,,,,flesch_reading_ease_heuristic,payload,83.12192567567571,,83.12192567567571,1,100,83.12192567567571,83.12192567567571,0,0.95,forced_span,
,mistral_7b_instruct_v0_3_q4_k_m,ordinary_llm_control,forum_question_answer,sha256_hex,,,,flesch_reading_ease_heuristic,payload,66.2173234903086,,66.2173234903086,1,100,66.2173234903086,66.2173234903086,0,0.95,full_message,
,mistral_7b_instruct_v0_3_q4_k_m,ordinary_llm_control,personal_narrative_blog,nonce_96_bit_hex,,,,flesch_reading_ease_heuristic,payload,80.09764705882354,,80.09764705882354,1,100,80.09764705882354,80.09764705882354,0,0.95,forced_span,
,mistral_7b_instruct_v0_3_q4_k_m,ordinary_llm_control,personal_narrative_blog,nonce_96_bit_hex,,,,flesch_reading_ease_heuristic,payload,54.09577319587632,,54.09577319587632,1,100,54.09577319587632,54.09577319587632,0,0.95,full_message,
,mistral_7b_instruct_v0_3_q4_k_m,ordinary_llm_control,personal_narrative_blog,token_128_bit_hex,,,,flesch_reading_ease_heuristic,payload,73.24769230769233,,73.24769230769233,1,100,73.24769230769233,73.24769230769233,0,0.95,forced_span,
,mistral_7b_instruct_v0_3_q4_k_m,ordinary_llm_control,personal_narrative_blog,token_128_bit_hex,,,,flesch_reading_ease_heuristic,payload,51.40834693877554,,51.40834693877554,1,100,51.40834693877554,51.40834693877554,0,0.95,full_message,
,mistral_7b_instruct_v0_3_q4_k_m,ordinary_llm_control,professional_communication,uuid_v4,,,,flesch_reading_ease_heuristic,payload,38.51755434782612,,38.51755434782612,1,100,38.51755434782612,38.51755434782612,0,0.95,full_message,
,mistral_7b_instruct_v0_3_q4_k_m,ordinary_llm_control,recipe_procedure,nonce_96_bit_hex,,,,flesch_reading_ease_heuristic,payload,85.88886363636365,,85.88886363636365,1,100,85.88886363636365,85.88886363636365,0,0.95,full_message,
,mistral_7b_instruct_v0_3_q4_k_m,ordinary_llm_control,recipe_procedure,token_128_bit_hex,,,,flesch_reading_ease_heuristic,payload,63.94666666666669,,63.94666666666669,1,100,63.94666666666669,63.94666666666669,0,0.95,forced_span,
,mistral_7b_instruct_v0_3_q4_k_m,ordinary_llm_control,recipe_procedure,token_128_bit_hex,,,,flesch_reading_ease_heuristic,payload,78.24500000000002,,78.24500000000002,1,100,78.24500000000002,78.24500000000002,0,0.95,full_message,
,mistral_7b_instruct_v0_3_q4_k_m,segmented_hex_multi_topic,casual_conversation,nonce_96_bit_hex,,,,flesch_reading_ease_heuristic,payload,27.255263157894774,,27.255263157894774,1,100,27.255263157894774,27.255263157894774,0,0.95,forced_span,
,mistral_7b_instruct_v0_3_q4_k_m,segmented_hex_multi_topic,casual_conversation,nonce_96_bit_hex,,,,flesch_reading_ease_heuristic,payload,71.93121495327105,,71.93121495327105,1,100,71.93121495327105,71.93121495327105,0,0.95,full_message,
,mistral_7b_instruct_v0_3_q4_k_m,segmented_hex_multi_topic,factual_explanatory,sha256_hex,,,,flesch_reading_ease_heuristic,payload,18.56250000000003,,18.56250000000003,1,100,18.56250000000003,18.56250000000003,0,0.95,forced_span,
,mistral_7b_instruct_v0_3_q4_k_m,segmented_hex_multi_topic,factual_explanatory,sha256_hex,,,,flesch_reading_ease_heuristic,payload,52.0103956043956,,52.0103956043956,1,100,52.0103956043956,52.0103956043956,0,0.95,full_message,
,mistral_7b_instruct_v0_3_q4_k_m,segmented_hex_multi_topic,factual_explanatory,token_128_bit_hex,,,,flesch_reading_ease_heuristic,payload,21.006538461538497,,21.006538461538497,1,100,21.006538461538497,21.006538461538497,0,0.95,forced_span,
,mistral_7b_instruct_v0_3_q4_k_m,segmented_hex_multi_topic,factual_explanatory,token_128_bit_hex,,,,flesch_reading_ease_heuristic,payload,45.25300000000004,,45.25300000000004,1,100,45.25300000000004,45.25300000000004,0,0.95,full_message,
,mistral_7b_instruct_v0_3_q4_k_m,segmented_hex_multi_topic,forum_question_answer,sha256_hex,,,,flesch_reading_ease_heuristic,payload,15.129999999999995,,15.129999999999995,1,100,15.129999999999995,15.129999999999995,0,0.95,forced_span,
,mistral_7b_instruct_v0_3_q4_k_m,segmented_hex_multi_topic,forum_question_answer,sha256_hex,,,,flesch_reading_ease_heuristic,payload,63.40692607256443,,63.40692607256443,1,100,63.40692607256443,63.40692607256443,0,0.95,full_message,
,mistral_7b_instruct_v0_3_q4_k_m,segmented_hex_multi_topic,personal_narrative_blog,nonce_96_bit_hex,,,,flesch_reading_ease_heuristic,payload,25.795000000000044,,25.795000000000044,1,100,25.795000000000044,25.795000000000044,0,0.95,forced_span,
,mistral_7b_instruct_v0_3_q4_k_m,segmented_hex_multi_topic,personal_narrative_blog,nonce_96_bit_hex,,,,flesch_reading_ease_heuristic,payload,50.328333333333376,,50.328333333333376,1,100,50.328333333333376,50.328333333333376,0,0.95,full_message,
,mistral_7b_instruct_v0_3_q4_k_m,segmented_hex_multi_topic,recipe_procedure,token_128_bit_hex,,,,flesch_reading_ease_heuristic,payload,85.85950000000001,,85.85950000000001,1,100,85.85950000000001,85.85950000000001,0,0.95,forced_span,
,mistral_7b_instruct_v0_3_q4_k_m,segmented_hex_multi_topic,recipe_procedure,token_128_bit_hex,,,,flesch_reading_ease_heuristic,payload,85.85950000000001,,85.85950000000001,1,100,85.85950000000001,85.85950000000001,0,0.95,full_message,
,mistral_7b_instruct_v0_3_q4_k_m,segmented_hex_single_topic,personal_narrative_blog,token_128_bit_hex,,,,flesch_reading_ease_heuristic,payload,58.429130434782635,,58.429130434782635,1,100,58.429130434782635,58.429130434782635,0,0.95,forced_span,
,mistral_7b_instruct_v0_3_q4_k_m,segmented_hex_single_topic,personal_narrative_blog,token_128_bit_hex,,,,flesch_reading_ease_heuristic,payload,59.513000000000005,,59.513000000000005,1,100,59.513000000000005,59.513000000000005,0,0.95,full_message,
,qwen2_5_7b_instruct_q4_k_m,direct_subword_calgacus,casual_conversation,ed25519_signature_base64,,,,flesch_reading_ease_heuristic,payload,11.130000000000024,,11.130000000000024,1,100,11.130000000000024,11.130000000000024,0,0.95,forced_span,
,qwen2_5_7b_instruct_q4_k_m,direct_subword_calgacus,casual_conversation,ed25519_signature_base64,,,,flesch_reading_ease_heuristic,payload,11.130000000000024,,11.130000000000024,1,100,11.130000000000024,11.130000000000024,0,0.95,full_message,
,qwen2_5_7b_instruct_q4_k_m,nonseg_ascii_b16,forum_question_answer,chacha20_poly1305_base64,,,,flesch_reading_ease_heuristic,payload,65.63483616504854,,65.63483616504854,1,100,65.63483616504854,65.63483616504854,0,0.95,forced_span,
,qwen2_5_7b_instruct_q4_k_m,nonseg_ascii_b16,forum_question_answer,chacha20_poly1305_base64,,,,flesch_reading_ease_heuristic,payload,65.63483616504854,,65.63483616504854,1,100,65.63483616504854,65.63483616504854,0,0.95,full_message,
,qwen2_5_7b_instruct_q4_k_m,nonseg_ascii_b8,professional_communication,uuid_v4,,,,flesch_reading_ease_heuristic,payload,55.93718309859159,,55.93718309859159,1,100,55.93718309859159,55.93718309859159,0,0.95,forced_span,
,qwen2_5_7b_instruct_q4_k_m,nonseg_ascii_b8,professional_communication,uuid_v4,,,,flesch_reading_ease_heuristic,payload,55.93718309859159,,55.93718309859159,1,100,55.93718309859159,55.93718309859159,0,0.95,full_message,
,qwen2_5_7b_instruct_q4_k_m,nonseg_hex_nibble_b16,recipe_procedure,token_128_bit_hex,,,,flesch_reading_ease_heuristic,payload,43.09178571428572,,43.09178571428572,1,100,43.09178571428572,43.09178571428572,0,0.95,forced_span,
,qwen2_5_7b_instruct_q4_k_m,nonseg_hex_nibble_b16,recipe_procedure,token_128_bit_hex,,,,flesch_reading_ease_heuristic,payload,43.09178571428572,,43.09178571428572,1,100,43.09178571428572,43.09178571428572,0,0.95,full_message,
,qwen2_5_7b_instruct_q4_k_m,ordinary_llm_control,casual_conversation,ed25519_signature_base64,,,,flesch_reading_ease_heuristic,payload,46.53341981132078,,46.53341981132078,1,100,46.53341981132078,46.53341981132078,0,0.95,full_message,
,qwen2_5_7b_instruct_q4_k_m,ordinary_llm_control,casual_conversation,nonce_96_bit_hex,,,,flesch_reading_ease_heuristic,payload,50.25565789473683,,50.25565789473683,1,100,50.25565789473683,50.25565789473683,0,0.95,forced_span,
,qwen2_5_7b_instruct_q4_k_m,ordinary_llm_control,casual_conversation,nonce_96_bit_hex,,,,flesch_reading_ease_heuristic,payload,79.06327751196172,,79.06327751196172,1,100,79.06327751196172,79.06327751196172,0,0.95,full_message,
,qwen2_5_7b_instruct_q4_k_m,ordinary_llm_control,factual_explanatory,hmac_sha256_hex,,,,flesch_reading_ease_heuristic,payload,46.954625850340165,,46.954625850340165,1,100,46.954625850340165,46.954625850340165,0,0.95,forced_span,
,qwen2_5_7b_instruct_q4_k_m,ordinary_llm_control,factual_explanatory,hmac_sha256_hex,,,,flesch_reading_ease_heuristic,payload,69.71411281489597,,69.71411281489597,1,100,69.71411281489597,69.71411281489597,0,0.95,full_message,
,qwen2_5_7b_instruct_q4_k_m,ordinary_llm_control,factual_explanatory,nonce_96_bit_hex,,,,flesch_reading_ease_heuristic,payload,26.97750000000002,,26.97750000000002,1,100,26.97750000000002,26.97750000000002,0,0.95,forced_span,
,qwen2_5_7b_instruct_q4_k_m,ordinary_llm_control,factual_explanatory,nonce_96_bit_hex,,,,flesch_reading_ease_heuristic,payload,57.376666666666665,,57.376666666666665,1,100,57.376666666666665,57.376666666666665,0,0.95,full_message,
,qwen2_5_7b_instruct_q4_k_m,ordinary_llm_control,forum_question_answer,chacha20_poly1305_base64,,,,flesch_reading_ease_heuristic,payload,78.93103773584906,,78.93103773584906,1,100,78.93103773584906,78.93103773584906,0,0.95,full_message,
,qwen2_5_7b_instruct_q4_k_m,ordinary_llm_control,forum_question_answer,token_128_bit_hex,,,,flesch_reading_ease_heuristic,payload,43.09178571428572,,43.09178571428572,1,100,43.09178571428572,43.09178571428572,0,0.95,forced_span,
,qwen2_5_7b_instruct_q4_k_m,ordinary_llm_control,forum_question_answer,token_128_bit_hex,,,,flesch_reading_ease_heuristic,payload,56.54262913223141,,56.54262913223141,1,100,56.54262913223141,56.54262913223141,0,0.95,full_message,
,qwen2_5_7b_instruct_q4_k_m,ordinary_llm_control,personal_narrative_blog,nonce_96_bit_hex,,,,flesch_reading_ease_heuristic,payload,75.50000000000003,,75.50000000000003,1,100,75.50000000000003,75.50000000000003,0,0.95,forced_span,
,qwen2_5_7b_instruct_q4_k_m,ordinary_llm_control,personal_narrative_blog,nonce_96_bit_hex,,,,flesch_reading_ease_heuristic,payload,62.41181818181819,,62.41181818181819,1,100,62.41181818181819,62.41181818181819,0,0.95,full_message,
,qwen2_5_7b_instruct_q4_k_m,ordinary_llm_control,personal_narrative_blog,sha256_hex,,,,flesch_reading_ease_heuristic,payload,65.52047619047622,,65.52047619047622,1,100,65.52047619047622,65.52047619047622,0,0.95,forced_span,
,qwen2_5_7b_instruct_q4_k_m,ordinary_llm_control,personal_narrative_blog,sha256_hex,,,,flesch_reading_ease_heuristic,payload,58.11477928692702,,58.11477928692702,1,100,58.11477928692702,58.11477928692702,0,0.95,full_message,
,qwen2_5_7b_instruct_q4_k_m,ordinary_llm_control,professional_communication,nonce_96_bit_hex,,,,flesch_reading_ease_heuristic,payload,33.98397058823531,,33.98397058823531,1,100,33.98397058823531,33.98397058823531,0,0.95,forced_span,
,qwen2_5_7b_instruct_q4_k_m,ordinary_llm_control,professional_communication,nonce_96_bit_hex,,,,flesch_reading_ease_heuristic,payload,60.595113636363635,,60.595113636363635,1,100,60.595113636363635,60.595113636363635,0,0.95,full_message,
,qwen2_5_7b_instruct_q4_k_m,ordinary_llm_control,professional_communication,uuid_v4,,,,flesch_reading_ease_heuristic,payload,56.29250000000002,,56.29250000000002,1,100,56.29250000000002,56.29250000000002,0,0.95,full_message,
,qwen2_5_7b_instruct_q4_k_m,ordinary_llm_control,recipe_procedure,sha256_hex,,,,flesch_reading_ease_heuristic,payload,63.24493421052631,,63.24493421052631,1,100,63.24493421052631,63.24493421052631,0,0.95,forced_span,
,qwen2_5_7b_instruct_q4_k_m,ordinary_llm_control,recipe_procedure,sha256_hex,,,,flesch_reading_ease_heuristic,payload,58.69400000000002,,58.69400000000002,1,100,58.69400000000002,58.69400000000002,0,0.95,full_message,
,qwen2_5_7b_instruct_q4_k_m,ordinary_llm_control,recipe_procedure,token_128_bit_hex,,,,flesch_reading_ease_heuristic,payload,37.455384615384645,,37.455384615384645,1,100,37.455384615384645,37.455384615384645,0,0.95,full_message,
,qwen2_5_7b_instruct_q4_k_m,segmented_hex_multi_topic,casual_conversation,nonce_96_bit_hex,,,,flesch_reading_ease_heuristic,payload,42.60000000000002,,42.60000000000002,1,100,42.60000000000002,42.60000000000002,0,0.95,forced_span,
,qwen2_5_7b_instruct_q4_k_m,segmented_hex_multi_topic,casual_conversation,nonce_96_bit_hex,,,,flesch_reading_ease_heuristic,payload,54.439086629001906,,54.439086629001906,1,100,54.439086629001906,54.439086629001906,0,0.95,full_message,
,qwen2_5_7b_instruct_q4_k_m,segmented_hex_multi_topic,factual_explanatory,hmac_sha256_hex,,,,flesch_reading_ease_heuristic,payload,49.04693396226415,,49.04693396226415,1,100,49.04693396226415,49.04693396226415,0,0.95,forced_span,
,qwen2_5_7b_instruct_q4_k_m,segmented_hex_multi_topic,factual_explanatory,hmac_sha256_hex,,,,flesch_reading_ease_heuristic,payload,61.07746606334845,,61.07746606334845,1,100,61.07746606334845,61.07746606334845,0,0.95,full_message,
,qwen2_5_7b_instruct_q4_k_m,segmented_hex_multi_topic,factual_explanatory,nonce_96_bit_hex,,,,flesch_reading_ease_heuristic,payload,64.70833333333334,,64.70833333333334,1,100,64.70833333333334,64.70833333333334,0,0.95,forced_span,
,qwen2_5_7b_instruct_q4_k_m,segmented_hex_multi_topic,factual_explanatory,nonce_96_bit_hex,,,,flesch_reading_ease_heuristic,payload,60.70668082524273,,60.70668082524273,1,100,60.70668082524273,60.70668082524273,0,0.95,full_message,
,qwen2_5_7b_instruct_q4_k_m,segmented_hex_multi_topic,forum_question_answer,token_128_bit_hex,,,,flesch_reading_ease_heuristic,payload,36.189354838709676,,36.189354838709676,1,100,36.189354838709676,36.189354838709676,0,0.95,forced_span,
,qwen2_5_7b_instruct_q4_k_m,segmented_hex_multi_topic,forum_question_answer,token_128_bit_hex,,,,flesch_reading_ease_heuristic,payload,66.22384615384617,,66.22384615384617,1,100,66.22384615384617,66.22384615384617,0,0.95,full_message,
,qwen2_5_7b_instruct_q4_k_m,segmented_hex_multi_topic,personal_narrative_blog,nonce_96_bit_hex,,,,flesch_reading_ease_heuristic,payload,21.565000000000026,,21.565000000000026,1,100,21.565000000000026,21.565000000000026,0,0.95,forced_span,
,qwen2_5_7b_instruct_q4_k_m,segmented_hex_multi_topic,personal_narrative_blog,nonce_96_bit_hex,,,,flesch_reading_ease_heuristic,payload,57.22333333333336,,57.22333333333336,1,100,57.22333333333336,57.22333333333336,0,0.95,full_message,
,qwen2_5_7b_instruct_q4_k_m,segmented_hex_multi_topic,professional_communication,nonce_96_bit_hex,,,,flesch_reading_ease_heuristic,payload,31.70789473684212,,31.70789473684212,1,100,31.70789473684212,31.70789473684212,0,0.95,forced_span,
,qwen2_5_7b_instruct_q4_k_m,segmented_hex_multi_topic,professional_communication,nonce_96_bit_hex,,,,flesch_reading_ease_heuristic,payload,38.16500000000002,,38.16500000000002,1,100,38.16500000000002,38.16500000000002,0,0.95,full_message,
,qwen2_5_7b_instruct_q4_k_m,segmented_hex_multi_topic,recipe_procedure,sha256_hex,,,,flesch_reading_ease_heuristic,payload,16.12855263157897,,16.12855263157897,1,100,16.12855263157897,16.12855263157897,0,0.95,forced_span,
,qwen2_5_7b_instruct_q4_k_m,segmented_hex_multi_topic,recipe_procedure,sha256_hex,,,,flesch_reading_ease_heuristic,payload,16.12855263157897,,16.12855263157897,1,100,16.12855263157897,16.12855263157897,0,0.95,full_message,
,qwen2_5_7b_instruct_q4_k_m,segmented_hex_single_topic,personal_narrative_blog,sha256_hex,,,,flesch_reading_ease_heuristic,payload,34.42500000000004,,34.42500000000004,1,100,34.42500000000004,34.42500000000004,0,0.95,forced_span,
,qwen2_5_7b_instruct_q4_k_m,segmented_hex_single_topic,personal_narrative_blog,sha256_hex,,,,flesch_reading_ease_heuristic,payload,67.9338970282627,,67.9338970282627,1,100,67.9338970282627,67.9338970282627,0,0.95,full_message,
,llama3_8b_instruct_q4_k_m,direct_subword_calgacus,casual_conversation,ed25519_signature_base64,,,,flesch_kincaid_grade_heuristic,payload,9.392594339622644,,9.392594339622644,1,100,9.392594339622644,9.392594339622644,0,0.95,forced_span,
,llama3_8b_instruct_q4_k_m,direct_subword_calgacus,casual_conversation,ed25519_signature_base64,,,,flesch_kincaid_grade_heuristic,payload,9.392594339622644,,9.392594339622644,1,100,9.392594339622644,9.392594339622644,0,0.95,full_message,
,llama3_8b_instruct_q4_k_m,nonseg_ascii_b16,forum_question_answer,aes256_gcm_base64,,,,flesch_kincaid_grade_heuristic,payload,6.902506738544474,,6.902506738544474,1,100,6.902506738544474,6.902506738544474,0,0.95,forced_span,
,llama3_8b_instruct_q4_k_m,nonseg_ascii_b16,forum_question_answer,aes256_gcm_base64,,,,flesch_kincaid_grade_heuristic,payload,6.902506738544474,,6.902506738544474,1,100,6.902506738544474,6.902506738544474,0,0.95,full_message,
,llama3_8b_instruct_q4_k_m,nonseg_ascii_b8,professional_communication,uuid_v4,,,,flesch_kincaid_grade_heuristic,payload,11.953488372093023,,11.953488372093023,1,100,11.953488372093023,11.953488372093023,0,0.95,forced_span,
,llama3_8b_instruct_q4_k_m,nonseg_ascii_b8,professional_communication,uuid_v4,,,,flesch_kincaid_grade_heuristic,payload,11.953488372093023,,11.953488372093023,1,100,11.953488372093023,11.953488372093023,0,0.95,full_message,
,llama3_8b_instruct_q4_k_m,nonseg_hex_nibble_b16,recipe_procedure,sha256_hex,,,,flesch_kincaid_grade_heuristic,payload,7.028717948717951,,7.028717948717951,1,100,7.028717948717951,7.028717948717951,0,0.95,forced_span,
,llama3_8b_instruct_q4_k_m,nonseg_hex_nibble_b16,recipe_procedure,sha256_hex,,,,flesch_kincaid_grade_heuristic,payload,7.028717948717951,,7.028717948717951,1,100,7.028717948717951,7.028717948717951,0,0.95,full_message,
,llama3_8b_instruct_q4_k_m,ordinary_llm_control,casual_conversation,ed25519_signature_base64,,,,flesch_kincaid_grade_heuristic,payload,6.272696078431373,,6.272696078431373,1,100,6.272696078431373,6.272696078431373,0,0.95,full_message,
,llama3_8b_instruct_q4_k_m,ordinary_llm_control,casual_conversation,sha256_hex,,,,flesch_kincaid_grade_heuristic,payload,2.5109890109890145,,2.5109890109890145,1,100,2.5109890109890145,2.5109890109890145,0,0.95,forced_span,
,llama3_8b_instruct_q4_k_m,ordinary_llm_control,casual_conversation,sha256_hex,,,,flesch_kincaid_grade_heuristic,payload,2.780348432055753,,2.780348432055753,1,100,2.780348432055753,2.780348432055753,0,0.95,full_message,
,llama3_8b_instruct_q4_k_m,ordinary_llm_control,factual_explanatory,nonce_96_bit_hex,,,,flesch_kincaid_grade_heuristic,payload,11.090000000000003,,11.090000000000003,1,100,11.090000000000003,11.090000000000003,0,0.95,forced_span,
,llama3_8b_instruct_q4_k_m,ordinary_llm_control,factual_explanatory,nonce_96_bit_hex,,,,flesch_kincaid_grade_heuristic,payload,9.265036231884057,,9.265036231884057,1,100,9.265036231884057,9.265036231884057,0,0.95,full_message,
,llama3_8b_instruct_q4_k_m,ordinary_llm_control,factual_explanatory,token_128_bit_hex,,,,flesch_kincaid_grade_heuristic,payload,7.154655172413797,,7.154655172413797,1,100,7.154655172413797,7.154655172413797,0,0.95,forced_span,
,llama3_8b_instruct_q4_k_m,ordinary_llm_control,factual_explanatory,token_128_bit_hex,,,,flesch_kincaid_grade_heuristic,payload,11.046785714285718,,11.046785714285718,1,100,11.046785714285718,11.046785714285718,0,0.95,full_message,
,llama3_8b_instruct_q4_k_m,ordinary_llm_control,forum_question_answer,aes256_gcm_base64,,,,flesch_kincaid_grade_heuristic,payload,4.366693877551022,,4.366693877551022,1,100,4.366693877551022,4.366693877551022,0,0.95,full_message,
,llama3_8b_instruct_q4_k_m,ordinary_llm_control,forum_question_answer,nonce_96_bit_hex,,,,flesch_kincaid_grade_heuristic,payload,10.419285714285714,,10.419285714285714,1,100,10.419285714285714,10.419285714285714,0,0.95,forced_span,
,llama3_8b_instruct_q4_k_m,ordinary_llm_control,forum_question_answer,nonce_96_bit_hex,,,,flesch_kincaid_grade_heuristic,payload,5.9416051364366,,5.9416051364366,1,100,5.9416051364366,5.9416051364366,0,0.95,full_message,
,llama3_8b_instruct_q4_k_m,ordinary_llm_control,personal_narrative_blog,hmac_sha256_hex,,,,flesch_kincaid_grade_heuristic,payload,5.648863636363636,,5.648863636363636,1,100,5.648863636363636,5.648863636363636,0,0.95,forced_span,
,llama3_8b_instruct_q4_k_m,ordinary_llm_control,personal_narrative_blog,hmac_sha256_hex,,,,flesch_kincaid_grade_heuristic,payload,7.985432748538013,,7.985432748538013,1,100,7.985432748538013,7.985432748538013,0,0.95,full_message,
,llama3_8b_instruct_q4_k_m,ordinary_llm_control,personal_narrative_blog,sha256_hex,,,,flesch_kincaid_grade_heuristic,payload,9.777692307692309,,9.777692307692309,1,100,9.777692307692309,9.777692307692309,0,0.95,forced_span,
,llama3_8b_instruct_q4_k_m,ordinary_llm_control,personal_narrative_blog,sha256_hex,,,,flesch_kincaid_grade_heuristic,payload,10.460148059223688,,10.460148059223688,1,100,10.460148059223688,10.460148059223688,0,0.95,full_message,
,llama3_8b_instruct_q4_k_m,ordinary_llm_control,professional_communication,nonce_96_bit_hex,,,,flesch_kincaid_grade_heuristic,payload,12.286666666666669,,12.286666666666669,1,100,12.286666666666669,12.286666666666669,0,0.95,forced_span,
,llama3_8b_instruct_q4_k_m,ordinary_llm_control,professional_communication,nonce_96_bit_hex,,,,flesch_kincaid_grade_heuristic,payload,10.06899693981639,,10.06899693981639,1,100,10.06899693981639,10.06899693981639,0,0.95,full_message,
,llama3_8b_instruct_q4_k_m,ordinary_llm_control,professional_communication,uuid_v4,,,,flesch_kincaid_grade_heuristic,payload,9.840354430379751,,9.840354430379751,1,100,9.840354430379751,9.840354430379751,0,0.95,full_message,
,llama3_8b_instruct_q4_k_m,ordinary_llm_control,recipe_procedure,sha256_hex,,,,flesch_kincaid_grade_heuristic,payload,9.961097560975613,,9.961097560975613,1,100,9.961097560975613,9.961097560975613,0,0.95,full_message,
,llama3_8b_instruct_q4_k_m,ordinary_llm_control,recipe_procedure,token_128_bit_hex,,,,flesch_kincaid_grade_heuristic,payload,6.277000000000001,,6.277000000000001,1,100,6.277000000000001,6.277000000000001,0,0.95,forced_span,
,llama3_8b_instruct_q4_k_m,ordinary_llm_control,recipe_procedure,token_128_bit_hex,,,,flesch_kincaid_grade_heuristic,payload,11.96166666666667,,11.96166666666667,1,100,11.96166666666667,11.96166666666667,0,0.95,full_message,
,llama3_8b_instruct_q4_k_m,segmented_hex_multi_topic,casual_conversation,sha256_hex,,,,flesch_kincaid_grade_heuristic,payload,10.856170212765957,,10.856170212765957,1,100,10.856170212765957,10.856170212765957,0,0.95,forced_span,
,llama3_8b_instruct_q4_k_m,segmented_hex_multi_topic,casual_conversation,sha256_hex,,,,flesch_kincaid_grade_heuristic,payload,7.789623300970874,,7.789623300970874,1,100,7.789623300970874,7.789623300970874,0,0.95,full_message,
,llama3_8b_instruct_q4_k_m,segmented_hex_multi_topic,factual_explanatory,nonce_96_bit_hex,,,,flesch_kincaid_grade_heuristic,payload,9.57,,9.57,1,100,9.57,9.57,0,0.95,forced_span,
,llama3_8b_instruct_q4_k_m,segmented_hex_multi_topic,factual_explanatory,nonce_96_bit_hex,,,,flesch_kincaid_grade_heuristic,payload,7.97666666666667,,7.97666666666667,1,100,7.97666666666667,7.97666666666667,0,0.95,full_message,
,llama3_8b_instruct_q4_k_m,segmented_hex_multi_topic,factual_explanatory,token_128_bit_hex,,,,flesch_kincaid_grade_heuristic,payload,4.582307692307694,,4.582307692307694,1,100,4.582307692307694,4.582307692307694,0,0.95,forced_span,
,llama3_8b_instruct_q4_k_m,segmented_hex_multi_topic,factual_explanatory,token_128_bit_hex,,,,flesch_kincaid_grade_heuristic,payload,5.420997706422021,,5.420997706422021,1,100,5.420997706422021,5.420997706422021,0,0.95,full_message,
,llama3_8b_instruct_q4_k_m,segmented_hex_multi_topic,forum_question_answer,nonce_96_bit_hex,,,,flesch_kincaid_grade_heuristic,payload,4.450000000000003,,4.450000000000003,1,100,4.450000000000003,4.450000000000003,0,0.95,forced_span,
,llama3_8b_instruct_q4_k_m,segmented_hex_multi_topic,forum_question_answer,nonce_96_bit_hex,,,,flesch_kincaid_grade_heuristic,payload,7.165238095238099,,7.165238095238099,1,100,7.165238095238099,7.165238095238099,0,0.95,full_message,
,llama3_8b_instruct_q4_k_m,segmented_hex_multi_topic,personal_narrative_blog,sha256_hex,,,,flesch_kincaid_grade_heuristic,payload,5.854000000000003,,5.854000000000003,1,100,5.854000000000003,5.854000000000003,0,0.95,forced_span,
,llama3_8b_instruct_q4_k_m,segmented_hex_multi_topic,personal_narrative_blog,sha256_hex,,,,flesch_kincaid_grade_heuristic,payload,8.440051948051948,,8.440051948051948,1,100,8.440051948051948,8.440051948051948,0,0.95,full_message,
,llama3_8b_instruct_q4_k_m,segmented_hex_multi_topic,professional_communication,nonce_96_bit_hex,,,,flesch_kincaid_grade_heuristic,payload,7.7883333333333375,,7.7883333333333375,1,100,7.7883333333333375,7.7883333333333375,0,0.95,forced_span,
,llama3_8b_instruct_q4_k_m,segmented_hex_multi_topic,professional_communication,nonce_96_bit_hex,,,,flesch_kincaid_grade_heuristic,payload,11.003015873015876,,11.003015873015876,1,100,11.003015873015876,11.003015873015876,0,0.95,full_message,
,llama3_8b_instruct_q4_k_m,segmented_hex_multi_topic,recipe_procedure,token_128_bit_hex,,,,flesch_kincaid_grade_heuristic,payload,8.023703703703706,,8.023703703703706,1,100,8.023703703703706,8.023703703703706,0,0.95,forced_span,
,llama3_8b_instruct_q4_k_m,segmented_hex_multi_topic,recipe_procedure,token_128_bit_hex,,,,flesch_kincaid_grade_heuristic,payload,8.023703703703706,,8.023703703703706,1,100,8.023703703703706,8.023703703703706,0,0.95,full_message,
,llama3_8b_instruct_q4_k_m,segmented_hex_single_topic,personal_narrative_blog,hmac_sha256_hex,,,,flesch_kincaid_grade_heuristic,payload,25.38363636363636,,25.38363636363636,1,100,25.38363636363636,25.38363636363636,0,0.95,forced_span,
,llama3_8b_instruct_q4_k_m,segmented_hex_single_topic,personal_narrative_blog,hmac_sha256_hex,,,,flesch_kincaid_grade_heuristic,payload,8.850057471264371,,8.850057471264371,1,100,8.850057471264371,8.850057471264371,0,0.95,full_message,
,mistral_7b_instruct_v0_3_q4_k_m,direct_subword_calgacus,casual_conversation,ed25519_signature_base64,,,,flesch_kincaid_grade_heuristic,payload,9.140000000000004,,9.140000000000004,1,100,9.140000000000004,9.140000000000004,0,0.95,forced_span,
,mistral_7b_instruct_v0_3_q4_k_m,direct_subword_calgacus,casual_conversation,ed25519_signature_base64,,,,flesch_kincaid_grade_heuristic,payload,9.140000000000004,,9.140000000000004,1,100,9.140000000000004,9.140000000000004,0,0.95,full_message,
,mistral_7b_instruct_v0_3_q4_k_m,nonseg_ascii_b16,forum_question_answer,aes256_gcm_base64,,,,flesch_kincaid_grade_heuristic,payload,9.392775510204086,,9.392775510204086,1,100,9.392775510204086,9.392775510204086,0,0.95,forced_span,
,mistral_7b_instruct_v0_3_q4_k_m,nonseg_ascii_b16,forum_question_answer,aes256_gcm_base64,,,,flesch_kincaid_grade_heuristic,payload,9.392775510204086,,9.392775510204086,1,100,9.392775510204086,9.392775510204086,0,0.95,full_message,
,mistral_7b_instruct_v0_3_q4_k_m,nonseg_ascii_b8,professional_communication,uuid_v4,,,,flesch_kincaid_grade_heuristic,payload,15.454482758620689,,15.454482758620689,1,100,15.454482758620689,15.454482758620689,0,0.95,forced_span,
,mistral_7b_instruct_v0_3_q4_k_m,nonseg_ascii_b8,professional_communication,uuid_v4,,,,flesch_kincaid_grade_heuristic,payload,15.454482758620689,,15.454482758620689,1,100,15.454482758620689,15.454482758620689,0,0.95,full_message,
,mistral_7b_instruct_v0_3_q4_k_m,nonseg_hex_nibble_b16,recipe_procedure,nonce_96_bit_hex,,,,flesch_kincaid_grade_heuristic,payload,8.39294117647059,,8.39294117647059,1,100,8.39294117647059,8.39294117647059,0,0.95,forced_span,
,mistral_7b_instruct_v0_3_q4_k_m,nonseg_hex_nibble_b16,recipe_procedure,nonce_96_bit_hex,,,,flesch_kincaid_grade_heuristic,payload,8.39294117647059,,8.39294117647059,1,100,8.39294117647059,8.39294117647059,0,0.95,full_message,
,mistral_7b_instruct_v0_3_q4_k_m,ordinary_llm_control,casual_conversation,ed25519_signature_base64,,,,flesch_kincaid_grade_heuristic,payload,6.773333333333333,,6.773333333333333,1,100,6.773333333333333,6.773333333333333,0,0.95,full_message,
,mistral_7b_instruct_v0_3_q4_k_m,ordinary_llm_control,casual_conversation,nonce_96_bit_hex,,,,flesch_kincaid_grade_heuristic,payload,3.0953846153846136,,3.0953846153846136,1,100,3.0953846153846136,3.0953846153846136,0,0.95,forced_span,
,mistral_7b_instruct_v0_3_q4_k_m,ordinary_llm_control,casual_conversation,nonce_96_bit_hex,,,,flesch_kincaid_grade_heuristic,payload,7.174292929292928,,7.174292929292928,1,100,7.174292929292928,7.174292929292928,0,0.95,full_message,
,mistral_7b_instruct_v0_3_q4_k_m,ordinary_llm_control,factual_explanatory,sha256_hex,,,,flesch_kincaid_grade_heuristic,payload,15.685555555555556,,15.685555555555556,1,100,15.685555555555556,15.685555555555556,0,0.95,forced_span,
,mistral_7b_instruct_v0_3_q4_k_m,ordinary_llm_control,factual_explanatory,sha256_hex,,,,flesch_kincaid_grade_heuristic,payload,12.76552742616034,,12.76552742616034,1,100,12.76552742616034,12.76552742616034,0,0.95,full_message,
,mistral_7b_instruct_v0_3_q4_k_m,ordinary_llm_control,factual_explanatory,token_128_bit_hex,,,,flesch_kincaid_grade_heuristic,payload,15.685555555555556,,15.685555555555556,1,100,15.685555555555556,15.685555555555556,0,0.95,forced_span,
,mistral_7b_instruct_v0_3_q4_k_m,ordinary_llm_control,factual_explanatory,token_128_bit_hex,,,,flesch_kincaid_grade_heuristic,payload,12.411203703703706,,12.411203703703706,1,100,12.411203703703706,12.411203703703706,0,0.95,full_message,
,mistral_7b_instruct_v0_3_q4_k_m,ordinary_llm_control,forum_question_answer,aes256_gcm_base64,,,,flesch_kincaid_grade_heuristic,payload,4.797142857142859,,4.797142857142859,1,100,4.797142857142859,4.797142857142859,0,0.95,full_message,
,mistral_7b_instruct_v0_3_q4_k_m,ordinary_llm_control,forum_question_answer,sha256_hex,,,,flesch_kincaid_grade_heuristic,payload,3.9634459459459457,,3.9634459459459457,1,100,3.9634459459459457,3.9634459459459457,0,0.95,forced_span,
,mistral_7b_instruct_v0_3_q4_k_m,ordinary_llm_control,forum_question_answer,sha256_hex,,,,flesch_kincaid_grade_heuristic,payload,7.717703449723604,,7.717703449723604,1,100,7.717703449723604,7.717703449723604,0,0.95,full_message,
,mistral_7b_instruct_v0_3_q4_k_m,ordinary_llm_control,personal_narrative_blog,nonce_96_bit_hex,,,,flesch_kincaid_grade_heuristic,payload,6.310588235294119,,6.310588235294119,1,100,6.310588235294119,6.310588235294119,0,0.95,forced_span,
,mistral_7b_instruct_v0_3_q4_k_m,ordinary_llm_control,personal_narrative_blog,nonce_96_bit_hex,,,,flesch_kincaid_grade_heuristic,payload,9.156553755522832,,9.156553755522832,1,100,9.156553755522832,9.156553755522832,0,0.95,full_message,
,mistral_7b_instruct_v0_3_q4_k_m,ordinary_llm_control,personal_narrative_blog,token_128_bit_hex,,,,flesch_kincaid_grade_heuristic,payload,6.272307692307695,,6.272307692307695,1,100,6.272307692307695,6.272307692307695,0,0.95,forced_span,
,mistral_7b_instruct_v0_3_q4_k_m,ordinary_llm_control,personal_narrative_blog,token_128_bit_hex,,,,flesch_kincaid_grade_heuristic,payload,10.958081632653062,,10.958081632653062,1,100,10.958081632653062,10.958081632653062,0,0.95,full_message,
,mistral_7b_instruct_v0_3_q4_k_m,ordinary_llm_control,professional_communication,uuid_v4,,,,flesch_kincaid_grade_heuristic,payload,12.172282608695653,,12.172282608695653,1,100,12.172282608695653,12.172282608695653,0,0.95,full_message,
,mistral_7b_instruct_v0_3_q4_k_m,ordinary_llm_control,recipe_procedure,nonce_96_bit_hex,,,,flesch_kincaid_grade_heuristic,payload,2.6459090909090897,,2.6459090909090897,1,100,2.6459090909090897,2.6459090909090897,0,0.95,full_message,
,mistral_7b_instruct_v0_3_q4_k_m,ordinary_llm_control,recipe_procedure,token_128_bit_hex,,,,flesch_kincaid_grade_heuristic,payload,5.665000000000003,,5.665000000000003,1,100,5.665000000000003,5.665000000000003,0,0.95,forced_span,
,mistral_7b_instruct_v0_3_q4_k_m,ordinary_llm_control,recipe_procedure,token_128_bit_hex,,,,flesch_kincaid_grade_heuristic,payload,4.830000000000002,,4.830000000000002,1,100,4.830000000000002,4.830000000000002,0,0.95,full_message,
,mistral_7b_instruct_v0_3_q4_k_m,segmented_hex_multi_topic,casual_conversation,nonce_96_bit_hex,,,,flesch_kincaid_grade_heuristic,payload,14.177894736842106,,14.177894736842106,1,100,14.177894736842106,14.177894736842106,0,0.95,forced_span,
,mistral_7b_instruct_v0_3_q4_k_m,segmented_hex_multi_topic,casual_conversation,nonce_96_bit_hex,,,,flesch_kincaid_grade_heuristic,payload,7.023765020026705,,7.023765020026705,1,100,7.023765020026705,7.023765020026705,0,0.95,full_message,
,mistral_7b_instruct_v0_3_q4_k_m,segmented_hex_multi_topic,factual_explanatory,sha256_hex,,,,flesch_kincaid_grade_heuristic,payload,16.632499999999997,,16.632499999999997,1,100,16.632499999999997,16.632499999999997,0,0.95,forced_span,
,mistral_7b_instruct_v0_3_q4_k_m,segmented_hex_multi_topic,factual_explanatory,sha256_hex,,,,flesch_kincaid_grade_heuristic,payload,9.349142857142859,,9.349142857142859,1,100,9.349142857142859,9.349142857142859,0,0.95,full_message,
,mistral_7b_instruct_v0_3_q4_k_m,segmented_hex_multi_topic,factual_explanatory,token_128_bit_hex,,,,flesch_kincaid_grade_heuristic,payload,16.788461538461537,,16.788461538461537,1,100,16.788461538461537,16.788461538461537,0,0.95,forced_span,
,mistral_7b_instruct_v0_3_q4_k_m,segmented_hex_multi_topic,factual_explanatory,token_128_bit_hex,,,,flesch_kincaid_grade_heuristic,payload,11.916,,11.916,1,100,11.916,11.916,0,0.95,full_message,
,mistral_7b_instruct_v0_3_q4_k_m,segmented_hex_multi_topic,forum_question_answer,sha256_hex,,,,flesch_kincaid_grade_heuristic,payload,22.825106382978728,,22.825106382978728,1,100,22.825106382978728,22.825106382978728,0,0.95,forced_span,
,mistral_7b_instruct_v0_3_q4_k_m,segmented_hex_multi_topic,forum_question_answer,sha256_hex,,,,flesch_kincaid_grade_heuristic,payload,8.398194327253844,,8.398194327253844,1,100,8.398194327253844,8.398194327253844,0,0.95,full_message,
,mistral_7b_instruct_v0_3_q4_k_m,segmented_hex_multi_topic,personal_narrative_blog,nonce_96_bit_hex,,,,flesch_kincaid_grade_heuristic,payload,14.630000000000003,,14.630000000000003,1,100,14.630000000000003,14.630000000000003,0,0.95,forced_span,
,mistral_7b_instruct_v0_3_q4_k_m,segmented_hex_multi_topic,personal_narrative_blog,nonce_96_bit_hex,,,,flesch_kincaid_grade_heuristic,payload,10.379999999999999,,10.379999999999999,1,100,10.379999999999999,10.379999999999999,0,0.95,full_message,
,mistral_7b_instruct_v0_3_q4_k_m,segmented_hex_multi_topic,recipe_procedure,token_128_bit_hex,,,,flesch_kincaid_grade_heuristic,payload,4.388999999999999,,4.388999999999999,1,100,4.388999999999999,4.388999999999999,0,0.95,forced_span,
,mistral_7b_instruct_v0_3_q4_k_m,segmented_hex_multi_topic,recipe_procedure,token_128_bit_hex,,,,flesch_kincaid_grade_heuristic,payload,4.388999999999999,,4.388999999999999,1,100,4.388999999999999,4.388999999999999,0,0.95,full_message,
,mistral_7b_instruct_v0_3_q4_k_m,segmented_hex_single_topic,personal_narrative_blog,token_128_bit_hex,,,,flesch_kincaid_grade_heuristic,payload,10.823478260869567,,10.823478260869567,1,100,10.823478260869567,10.823478260869567,0,0.95,forced_span,
,mistral_7b_instruct_v0_3_q4_k_m,segmented_hex_single_topic,personal_narrative_blog,token_128_bit_hex,,,,flesch_kincaid_grade_heuristic,payload,8.507428571428576,,8.507428571428576,1,100,8.507428571428576,8.507428571428576,0,0.95,full_message,
,qwen2_5_7b_instruct_q4_k_m,direct_subword_calgacus,casual_conversation,ed25519_signature_base64,,,,flesch_kincaid_grade_heuristic,payload,15.433333333333337,,15.433333333333337,1,100,15.433333333333337,15.433333333333337,0,0.95,forced_span,
,qwen2_5_7b_instruct_q4_k_m,direct_subword_calgacus,casual_conversation,ed25519_signature_base64,,,,flesch_kincaid_grade_heuristic,payload,15.433333333333337,,15.433333333333337,1,100,15.433333333333337,15.433333333333337,0,0.95,full_message,
,qwen2_5_7b_instruct_q4_k_m,nonseg_ascii_b16,forum_question_answer,chacha20_poly1305_base64,,,,flesch_kincaid_grade_heuristic,payload,7.303094660194173,,7.303094660194173,1,100,7.303094660194173,7.303094660194173,0,0.95,forced_span,
,qwen2_5_7b_instruct_q4_k_m,nonseg_ascii_b16,forum_question_answer,chacha20_poly1305_base64,,,,flesch_kincaid_grade_heuristic,payload,7.303094660194173,,7.303094660194173,1,100,7.303094660194173,7.303094660194173,0,0.95,full_message,
,qwen2_5_7b_instruct_q4_k_m,nonseg_ascii_b8,professional_communication,uuid_v4,,,,flesch_kincaid_grade_heuristic,payload,7.976981891348089,,7.976981891348089,1,100,7.976981891348089,7.976981891348089,0,0.95,forced_span,
,qwen2_5_7b_instruct_q4_k_m,nonseg_ascii_b8,professional_communication,uuid_v4,,,,flesch_kincaid_grade_heuristic,payload,7.976981891348089,,7.976981891348089,1,100,7.976981891348089,7.976981891348089,0,0.95,full_message,
,qwen2_5_7b_instruct_q4_k_m,nonseg_hex_nibble_b16,recipe_procedure,token_128_bit_hex,,,,flesch_kincaid_grade_heuristic,payload,9.857380952380954,,9.857380952380954,1,100,9.857380952380954,9.857380952380954,0,0.95,forced_span,
,qwen2_5_7b_instruct_q4_k_m,nonseg_hex_nibble_b16,recipe_procedure,token_128_bit_hex,,,,flesch_kincaid_grade_heuristic,payload,9.857380952380954,,9.857380952380954,1,100,9.857380952380954,9.857380952380954,0,0.95,full_message,
,qwen2_5_7b_instruct_q4_k_m,ordinary_llm_control,casual_conversation,ed25519_signature_base64,,,,flesch_kincaid_grade_heuristic,payload,10.060518867924532,,10.060518867924532,1,100,10.060518867924532,10.060518867924532,0,0.95,full_message,
,qwen2_5_7b_instruct_q4_k_m,ordinary_llm_control,casual_conversation,nonce_96_bit_hex,,,,flesch_kincaid_grade_heuristic,payload,8.609736842105267,,8.609736842105267,1,100,8.609736842105267,8.609736842105267,0,0.95,forced_span,
,qwen2_5_7b_instruct_q4_k_m,ordinary_llm_control,casual_conversation,nonce_96_bit_hex,,,,flesch_kincaid_grade_heuristic,payload,4.806204146730465,,4.806204146730465,1,100,4.806204146730465,4.806204146730465,0,0.95,full_message,
,qwen2_5_7b_instruct_q4_k_m,ordinary_llm_control,factual_explanatory,hmac_sha256_hex,,,,flesch_kincaid_grade_heuristic,payload,10.76775510204082,,10.76775510204082,1,100,10.76775510204082,10.76775510204082,0,0.95,forced_span,
,qwen2_5_7b_instruct_q4_k_m,ordinary_llm_control,factual_explanatory,hmac_sha256_hex,,,,flesch_kincaid_grade_heuristic,payload,7.28461117196057,,7.28461117196057,1,100,7.28461117196057,7.28461117196057,0,0.95,full_message,
,qwen2_5_7b_instruct_q4_k_m,ordinary_llm_control,factual_explanatory,nonce_96_bit_hex,,,,flesch_kincaid_grade_heuristic,payload,12.105,,12.105,1,100,12.105,12.105,0,0.95,forced_span,
,qwen2_5_7b_instruct_q4_k_m,ordinary_llm_control,factual_explanatory,nonce_96_bit_hex,,,,flesch_kincaid_grade_heuristic,payload,7.326666666666668,,7.326666666666668,1,100,7.326666666666668,7.326666666666668,0,0.95,full_message,
,qwen2_5_7b_instruct_q4_k_m,ordinary_llm_control,forum_question_answer,chacha20_poly1305_base64,,,,flesch_kincaid_grade_heuristic,payload,6.011940700808626,,6.011940700808626,1,100,6.011940700808626,6.011940700808626,0,0.95,full_message,
,qwen2_5_7b_instruct_q4_k_m,ordinary_llm_control,forum_question_answer,token_128_bit_hex,,,,flesch_kincaid_grade_heuristic,payload,9.857380952380954,,9.857380952380954,1,100,9.857380952380954,9.857380952380954,0,0.95,forced_span,
,qwen2_5_7b_instruct_q4_k_m,ordinary_llm_control,forum_question_answer,token_128_bit_hex,,,,flesch_kincaid_grade_heuristic,payload,9.130237603305787,,9.130237603305787,1,100,9.130237603305787,9.130237603305787,0,0.95,full_message,
,qwen2_5_7b_instruct_q4_k_m,ordinary_llm_control,personal_narrative_blog,nonce_96_bit_hex,,,,flesch_kincaid_grade_heuristic,payload,4.964444444444446,,4.964444444444446,1,100,4.964444444444446,4.964444444444446,0,0.95,forced_span,
,qwen2_5_7b_instruct_q4_k_m,ordinary_llm_control,personal_narrative_blog,nonce_96_bit_hex,,,,flesch_kincaid_grade_heuristic,payload,10.019545454545455,,10.019545454545455,1,100,10.019545454545455,10.019545454545455,0,0.95,full_message,
,qwen2_5_7b_instruct_q4_k_m,ordinary_llm_control,personal_narrative_blog,sha256_hex,,,,flesch_kincaid_grade_heuristic,payload,8.757857142857144,,8.757857142857144,1,100,8.757857142857144,8.757857142857144,0,0.95,forced_span,
,qwen2_5_7b_instruct_q4_k_m,ordinary_llm_control,personal_narrative_blog,sha256_hex,,,,flesch_kincaid_grade_heuristic,payload,10.828098471986419,,10.828098471986419,1,100,10.828098471986419,10.828098471986419,0,0.95,full_message,
,qwen2_5_7b_instruct_q4_k_m,ordinary_llm_control,professional_communication,nonce_96_bit_hex,,,,flesch_kincaid_grade_heuristic,payload,10.630882352941178,,10.630882352941178,1,100,10.630882352941178,10.630882352941178,0,0.95,forced_span,
,qwen2_5_7b_instruct_q4_k_m,ordinary_llm_control,professional_communication,nonce_96_bit_hex,,,,flesch_kincaid_grade_heuristic,payload,8.223409090909094,,8.223409090909094,1,100,8.223409090909094,8.223409090909094,0,0.95,full_message,
,qwen2_5_7b_instruct_q4_k_m,ordinary_llm_control,professional_communication,uuid_v4,,,,flesch_kincaid_grade_heuristic,payload,9.382500000000004,,9.382500000000004,1,100,9.382500000000004,9.382500000000004,0,0.95,full_message,
,qwen2_5_7b_instruct_q4_k_m,ordinary_llm_control,recipe_procedure,sha256_hex,,,,flesch_kincaid_grade_heuristic,payload,7.978026315789478,,7.978026315789478,1,100,7.978026315789478,7.978026315789478,0,0.95,forced_span,
,qwen2_5_7b_instruct_q4_k_m,ordinary_llm_control,recipe_procedure,sha256_hex,,,,flesch_kincaid_grade_heuristic,payload,7.407914893617022,,7.407914893617022,1,100,7.407914893617022,7.407914893617022,0,0.95,full_message,
,qwen2_5_7b_instruct_q4_k_m,ordinary_llm_control,recipe_procedure,token_128_bit_hex,,,,flesch_kincaid_grade_heuristic,payload,11.264615384615386,,11.264615384615386,1,100,11.264615384615386,11.264615384615386,0,0.95,full_message,
,qwen2_5_7b_instruct_q4_k_m,segmented_hex_multi_topic,casual_conversation,nonce_96_bit_hex,,,,flesch_kincaid_grade_heuristic,payload,9.553333333333335,,9.553333333333335,1,100,9.553333333333335,9.553333333333335,0,0.95,forced_span,
,qwen2_5_7b_instruct_q4_k_m,segmented_hex_multi_topic,casual_conversation,nonce_96_bit_hex,,,,flesch_kincaid_grade_heuristic,payload,8.923333333333336,,8.923333333333336,1,100,8.923333333333336,8.923333333333336,0,0.95,full_message,
,qwen2_5_7b_instruct_q4_k_m,segmented_hex_multi_topic,factual_explanatory,hmac_sha256_hex,,,,flesch_kincaid_grade_heuristic,payload,13.001603773584907,,13.001603773584907,1,100,13.001603773584907,13.001603773584907,0,0.95,forced_span,
,qwen2_5_7b_instruct_q4_k_m,segmented_hex_multi_topic,factual_explanatory,hmac_sha256_hex,,,,flesch_kincaid_grade_heuristic,payload,7.6640522875817005,,7.6640522875817005,1,100,7.6640522875817005,7.6640522875817005,0,0.95,full_message,
,qwen2_5_7b_instruct_q4_k_m,segmented_hex_multi_topic,factual_explanatory,nonce_96_bit_hex,,,,flesch_kincaid_grade_heuristic,payload,5.890000000000004,,5.890000000000004,1,100,5.890000000000004,5.890000000000004,0,0.95,forced_span,
,qwen2_5_7b_instruct_q4_k_m,segmented_hex_multi_topic,factual_explanatory,nonce_96_bit_hex,,,,flesch_kincaid_grade_heuristic,payload,7.990473300970873,,7.990473300970873,1,100,7.990473300970873,7.990473300970873,0,0.95,full_message,
,qwen2_5_7b_instruct_q4_k_m,segmented_hex_multi_topic,forum_question_answer,token_128_bit_hex,,,,flesch_kincaid_grade_heuristic,payload,15.912903225806453,,15.912903225806453,1,100,15.912903225806453,15.912903225806453,0,0.95,forced_span,
,qwen2_5_7b_instruct_q4_k_m,segmented_hex_multi_topic,forum_question_answer,token_128_bit_hex,,,,flesch_kincaid_grade_heuristic,payload,8.174725274725276,,8.174725274725276,1,100,8.174725274725276,8.174725274725276,0,0.95,full_message,
,qwen2_5_7b_instruct_q4_k_m,segmented_hex_multi_topic,personal_narrative_blog,nonce_96_bit_hex,,,,flesch_kincaid_grade_heuristic,payload,15.220000000000002,,15.220000000000002,1,100,15.220000000000002,15.220000000000002,0,0.95,forced_span,
,qwen2_5_7b_instruct_q4_k_m,segmented_hex_multi_topic,personal_narrative_blog,nonce_96_bit_hex,,,,flesch_kincaid_grade_heuristic,payload,8.152486772486775,,8.152486772486775,1,100,8.152486772486775,8.152486772486775,0,0.95,full_message,
,qwen2_5_7b_instruct_q4_k_m,segmented_hex_multi_topic,professional_communication,nonce_96_bit_hex,,,,flesch_kincaid_grade_heuristic,payload,13.556842105263158,,13.556842105263158,1,100,13.556842105263158,13.556842105263158,0,0.95,forced_span,
,qwen2_5_7b_instruct_q4_k_m,segmented_hex_multi_topic,professional_communication,nonce_96_bit_hex,,,,flesch_kincaid_grade_heuristic,payload,12.407777777777778,,12.407777777777778,1,100,12.407777777777778,12.407777777777778,0,0.95,full_message,
,qwen2_5_7b_instruct_q4_k_m,segmented_hex_multi_topic,recipe_procedure,sha256_hex,,,,flesch_kincaid_grade_heuristic,payload,18.089912280701757,,18.089912280701757,1,100,18.089912280701757,18.089912280701757,0,0.95,forced_span,
,qwen2_5_7b_instruct_q4_k_m,segmented_hex_multi_topic,recipe_procedure,sha256_hex,,,,flesch_kincaid_grade_heuristic,payload,18.089912280701757,,18.089912280701757,1,100,18.089912280701757,18.089912280701757,0,0.95,full_message,
,qwen2_5_7b_instruct_q4_k_m,segmented_hex_single_topic,personal_narrative_blog,sha256_hex,,,,flesch_kincaid_grade_heuristic,payload,14.420000000000002,,14.420000000000002,1,100,14.420000000000002,14.420000000000002,0,0.95,forced_span,
,qwen2_5_7b_instruct_q4_k_m,segmented_hex_single_topic,personal_narrative_blog,sha256_hex,,,,flesch_kincaid_grade_heuristic,payload,7.93472880299252,,7.93472880299252,1,100,7.93472880299252,7.93472880299252,0,0.95,full_message,
,llama3_8b_instruct_q4_k_m,direct_subword_calgacus,casual_conversation,ed25519_signature_base64,,,,coleman_liau_index,payload,12.03169811320755,,12.03169811320755,1,100,12.03169811320755,12.03169811320755,0,0.95,forced_span,
,llama3_8b_instruct_q4_k_m,direct_subword_calgacus,casual_conversation,ed25519_signature_base64,,,,coleman_liau_index,payload,12.03169811320755,,12.03169811320755,1,100,12.03169811320755,12.03169811320755,0,0.95,full_message,
,llama3_8b_instruct_q4_k_m,nonseg_ascii_b16,forum_question_answer,aes256_gcm_base64,,,,coleman_liau_index,payload,9.204528301886786,,9.204528301886786,1,100,9.204528301886786,9.204528301886786,0,0.95,forced_span,
,llama3_8b_instruct_q4_k_m,nonseg_ascii_b16,forum_question_answer,aes256_gcm_base64,,,,coleman_liau_index,payload,9.204528301886786,,9.204528301886786,1,100,9.204528301886786,9.204528301886786,0,0.95,full_message,
,llama3_8b_instruct_q4_k_m,nonseg_ascii_b8,professional_communication,uuid_v4,,,,coleman_liau_index,payload,16.184186046511627,,16.184186046511627,1,100,16.184186046511627,16.184186046511627,0,0.95,forced_span,
,llama3_8b_instruct_q4_k_m,nonseg_ascii_b8,professional_communication,uuid_v4,,,,coleman_liau_index,payload,16.184186046511627,,16.184186046511627,1,100,16.184186046511627,16.184186046511627,0,0.95,full_message,
,llama3_8b_instruct_q4_k_m,nonseg_hex_nibble_b16,recipe_procedure,sha256_hex,,,,coleman_liau_index,payload,9.061538461538458,,9.061538461538458,1,100,9.061538461538458,9.061538461538458,0,0.95,forced_span,
,llama3_8b_instruct_q4_k_m,nonseg_hex_nibble_b16,recipe_procedure,sha256_hex,,,,coleman_liau_index,payload,9.061538461538458,,9.061538461538458,1,100,9.061538461538458,9.061538461538458,0,0.95,full_message,
,llama3_8b_instruct_q4_k_m,ordinary_llm_control,casual_conversation,ed25519_signature_base64,,,,coleman_liau_index,payload,7.127843137254899,,7.127843137254899,1,100,7.127843137254899,7.127843137254899,0,0.95,full_message,
,llama3_8b_instruct_q4_k_m,ordinary_llm_control,casual_conversation,sha256_hex,,,,coleman_liau_index,payload,3.5092307692307685,,3.5092307692307685,1,100,3.5092307692307685,3.5092307692307685,0,0.95,forced_span,
,llama3_8b_instruct_q4_k_m,ordinary_llm_control,casual_conversation,sha256_hex,,,,coleman_liau_index,payload,4.824529616724739,,4.824529616724739,1,100,4.824529616724739,4.824529616724739,0,0.95,full_message,
,llama3_8b_instruct_q4_k_m,ordinary_llm_control,factual_explanatory,nonce_96_bit_hex,,,,coleman_liau_index,payload,13.296,,13.296,1,100,13.296,13.296,0,0.95,forced_span,
,llama3_8b_instruct_q4_k_m,ordinary_llm_control,factual_explanatory,nonce_96_bit_hex,,,,coleman_liau_index,payload,9.24231884057971,,9.24231884057971,1,100,9.24231884057971,9.24231884057971,0,0.95,full_message,
,llama3_8b_instruct_q4_k_m,ordinary_llm_control,factual_explanatory,token_128_bit_hex,,,,coleman_liau_index,payload,6.895172413793102,,6.895172413793102,1,100,6.895172413793102,6.895172413793102,0,0.95,forced_span,
,llama3_8b_instruct_q4_k_m,ordinary_llm_control,factual_explanatory,token_128_bit_hex,,,,coleman_liau_index,payload,13.533214285714283,,13.533214285714283,1,100,13.533214285714283,13.533214285714283,0,0.95,full_message,
,llama3_8b_instruct_q4_k_m,ordinary_llm_control,forum_question_answer,aes256_gcm_base64,,,,coleman_liau_index,payload,6.679591836734691,,6.679591836734691,1,100,6.679591836734691,6.679591836734691,0,0.95,full_message,
,llama3_8b_instruct_q4_k_m,ordinary_llm_control,forum_question_answer,nonce_96_bit_hex,,,,coleman_liau_index,payload,13.300952380952381,,13.300952380952381,1,100,13.300952380952381,13.300952380952381,0,0.95,forced_span,
,llama3_8b_instruct_q4_k_m,ordinary_llm_control,forum_question_answer,nonce_96_bit_hex,,,,coleman_liau_index,payload,8.232808988764042,,8.232808988764042,1,100,8.232808988764042,8.232808988764042,0,0.95,full_message,
,llama3_8b_instruct_q4_k_m,ordinary_llm_control,personal_narrative_blog,hmac_sha256_hex,,,,coleman_liau_index,payload,5.674181818181822,,5.674181818181822,1,100,5.674181818181822,5.674181818181822,0,0.95,forced_span,
,llama3_8b_instruct_q4_k_m,ordinary_llm_control,personal_narrative_blog,hmac_sha256_hex,,,,coleman_liau_index,payload,6.470409356725142,,6.470409356725142,1,100,6.470409356725142,6.470409356725142,0,0.95,full_message,
,llama3_8b_instruct_q4_k_m,ordinary_llm_control,personal_narrative_blog,sha256_hex,,,,coleman_liau_index,payload,10.196153846153845,,10.196153846153845,1,100,10.196153846153845,10.196153846153845,0,0.95,forced_span,
,llama3_8b_instruct_q4_k_m,ordinary_llm_control,personal_narrative_blog,sha256_hex,,,,coleman_liau_index,payload,11.008435374149663,,11.008435374149663,1,100,11.008435374149663,11.008435374149663,0,0.95,full_message,
,llama3_8b_instruct_q4_k_m,ordinary_llm_control,professional_communication,nonce_96_bit_hex,,,,coleman_liau_index,payload,14.370666666666665,,14.370666666666665,1,100,14.370666666666665,14.370666666666665,0,0.95,forced_span,
,llama3_8b_instruct_q4_k_m,ordinary_llm_control,professional_communication,nonce_96_bit_hex,,,,coleman_liau_index,payload,13.478381502890176,,13.478381502890176,1,100,13.478381502890176,13.478381502890176,0,0.95,full_message,
,llama3_8b_instruct_q4_k_m,ordinary_llm_control,professional_communication,uuid_v4,,,,coleman_liau_index,payload,12.545316455696202,,12.545316455696202,1,100,12.545316455696202,12.545316455696202,0,0.95,full_message,
,llama3_8b_instruct_q4_k_m,ordinary_llm_control,recipe_procedure,sha256_hex,,,,coleman_liau_index,payload,11.008780487804877,,11.008780487804877,1,100,11.008780487804877,11.008780487804877,0,0.95,full_message,
,llama3_8b_instruct_q4_k_m,ordinary_llm_control,recipe_procedure,token_128_bit_hex,,,,coleman_liau_index,payload,6.9984,,6.9984,1,100,6.9984,6.9984,0,0.95,forced_span,
,llama3_8b_instruct_q4_k_m,ordinary_llm_control,recipe_procedure,token_128_bit_hex,,,,coleman_liau_index,payload,9.426666666666666,,9.426666666666666,1,100,9.426666666666666,9.426666666666666,0,0.95,full_message,
,llama3_8b_instruct_q4_k_m,segmented_hex_multi_topic,casual_conversation,sha256_hex,,,,coleman_liau_index,payload,14.08765957446808,,14.08765957446808,1,100,14.08765957446808,14.08765957446808,0,0.95,forced_span,
,llama3_8b_instruct_q4_k_m,segmented_hex_multi_topic,casual_conversation,sha256_hex,,,,coleman_liau_index,payload,9.930226537216829,,9.930226537216829,1,100,9.930226537216829,9.930226537216829,0,0.95,full_message,
,llama3_8b_instruct_q4_k_m,segmented_hex_multi_topic,factual_explanatory,nonce_96_bit_hex,,,,coleman_liau_index,payload,8.159999999999997,,8.159999999999997,1,100,8.159999999999997,8.159999999999997,0,0.95,forced_span,
,llama3_8b_instruct_q4_k_m,segmented_hex_multi_topic,factual_explanatory,nonce_96_bit_hex,,,,coleman_liau_index,payload,11.424,,11.424,1,100,11.424,11.424,0,0.95,full_message,
,llama3_8b_instruct_q4_k_m,segmented_hex_multi_topic,factual_explanatory,token_128_bit_hex,,,,coleman_liau_index,payload,8.149230769230773,,8.149230769230773,1,100,8.149230769230773,8.149230769230773,0,0.95,forced_span,
,llama3_8b_instruct_q4_k_m,segmented_hex_multi_topic,factual_explanatory,token_128_bit_hex,,,,coleman_liau_index,payload,6.842201834862383,,6.842201834862383,1,100,6.842201834862383,6.842201834862383,0,0.95,full_message,
,llama3_8b_instruct_q4_k_m,segmented_hex_multi_topic,forum_question_answer,nonce_96_bit_hex,,,,coleman_liau_index,payload,6.053333333333331,,6.053333333333331,1,100,6.053333333333331,6.053333333333331,0,0.95,forced_span,
,llama3_8b_instruct_q4_k_m,segmented_hex_multi_topic,forum_question_answer,nonce_96_bit_hex,,,,coleman_liau_index,payload,7.749142857142854,,7.749142857142854,1,100,7.749142857142854,7.749142857142854,0,0.95,full_message,
,llama3_8b_instruct_q4_k_m,segmented_hex_multi_topic,personal_narrative_blog,sha256_hex,,,,coleman_liau_index,payload,6.596666666666664,,6.596666666666664,1,100,6.596666666666664,6.596666666666664,0,0.95,forced_span,
,llama3_8b_instruct_q4_k_m,segmented_hex_multi_topic,personal_narrative_blog,sha256_hex,,,,coleman_liau_index,payload,10.12087272727273,,10.12087272727273,1,100,10.12087272727273,10.12087272727273,0,0.95,full_message,
,llama3_8b_instruct_q4_k_m,segmented_hex_multi_topic,professional_communication,nonce_96_bit_hex,,,,coleman_liau_index,payload,12.397333333333332,,12.397333333333332,1,100,12.397333333333332,12.397333333333332,0,0.95,forced_span,
,llama3_8b_instruct_q4_k_m,segmented_hex_multi_topic,professional_communication,nonce_96_bit_hex,,,,coleman_liau_index,payload,12.562222222222218,,12.562222222222218,1,100,12.562222222222218,12.562222222222218,0,0.95,full_message,
,llama3_8b_instruct_q4_k_m,segmented_hex_multi_topic,recipe_procedure,token_128_bit_hex,,,,coleman_liau_index,payload,10.74666666666667,,10.74666666666667,1,100,10.74666666666667,10.74666666666667,0,0.95,forced_span,
,llama3_8b_instruct_q4_k_m,segmented_hex_multi_topic,recipe_procedure,token_128_bit_hex,,,,coleman_liau_index,payload,10.74666666666667,,10.74666666666667,1,100,10.74666666666667,10.74666666666667,0,0.95,full_message,
,llama3_8b_instruct_q4_k_m,segmented_hex_single_topic,personal_narrative_blog,hmac_sha256_hex,,,,coleman_liau_index,payload,12.634181818181816,,12.634181818181816,1,100,12.634181818181816,12.634181818181816,0,0.95,forced_span,
,llama3_8b_instruct_q4_k_m,segmented_hex_single_topic,personal_narrative_blog,hmac_sha256_hex,,,,coleman_liau_index,payload,9.395862068965517,,9.395862068965517,1,100,9.395862068965517,9.395862068965517,0,0.95,full_message,
,mistral_7b_instruct_v0_3_q4_k_m,direct_subword_calgacus,casual_conversation,ed25519_signature_base64,,,,coleman_liau_index,payload,10.973333333333333,,10.973333333333333,1,100,10.973333333333333,10.973333333333333,0,0.95,forced_span,
,mistral_7b_instruct_v0_3_q4_k_m,direct_subword_calgacus,casual_conversation,ed25519_signature_base64,,,,coleman_liau_index,payload,10.973333333333333,,10.973333333333333,1,100,10.973333333333333,10.973333333333333,0,0.95,full_message,
,mistral_7b_instruct_v0_3_q4_k_m,nonseg_ascii_b16,forum_question_answer,aes256_gcm_base64,,,,coleman_liau_index,payload,8.669795918367342,,8.669795918367342,1,100,8.669795918367342,8.669795918367342,0,0.95,forced_span,
,mistral_7b_instruct_v0_3_q4_k_m,nonseg_ascii_b16,forum_question_answer,aes256_gcm_base64,,,,coleman_liau_index,payload,8.669795918367342,,8.669795918367342,1,100,8.669795918367342,8.669795918367342,0,0.95,full_message,
,mistral_7b_instruct_v0_3_q4_k_m,nonseg_ascii_b8,professional_communication,uuid_v4,,,,coleman_liau_index,payload,10.754482758620682,,10.754482758620682,1,100,10.754482758620682,10.754482758620682,0,0.95,forced_span,
,mistral_7b_instruct_v0_3_q4_k_m,nonseg_ascii_b8,professional_communication,uuid_v4,,,,coleman_liau_index,payload,10.754482758620682,,10.754482758620682,1,100,10.754482758620682,10.754482758620682,0,0.95,full_message,
,mistral_7b_instruct_v0_3_q4_k_m,nonseg_hex_nibble_b16,recipe_procedure,nonce_96_bit_hex,,,,coleman_liau_index,payload,6.670588235294115,,6.670588235294115,1,100,6.670588235294115,6.670588235294115,0,0.95,forced_span,
,mistral_7b_instruct_v0_3_q4_k_m,nonseg_hex_nibble_b16,recipe_procedure,nonce_96_bit_hex,,,,coleman_liau_index,payload,6.670588235294115,,6.670588235294115,1,100,6.670588235294115,6.670588235294115,0,0.95,full_message,
,mistral_7b_instruct_v0_3_q4_k_m,ordinary_llm_control,casual_conversation,ed25519_signature_base64,,,,coleman_liau_index,payload,7.13176470588235,,7.13176470588235,1,100,7.13176470588235,7.13176470588235,0,0.95,full_message,
,mistral_7b_instruct_v0_3_q4_k_m,ordinary_llm_control,casual_conversation,nonce_96_bit_hex,,,,coleman_liau_index,payload,4.086153846153845,,4.086153846153845,1,100,4.086153846153845,4.086153846153845,0,0.95,forced_span,
,mistral_7b_instruct_v0_3_q4_k_m,ordinary_llm_control,casual_conversation,nonce_96_bit_hex,,,,coleman_liau_index,payload,8.064242424242419,,8.064242424242419,1,100,8.064242424242419,8.064242424242419,0,0.95,full_message,
,mistral_7b_instruct_v0_3_q4_k_m,ordinary_llm_control,factual_explanatory,sha256_hex,,,,coleman_liau_index,payload,19.63222222222222,,19.63222222222222,1,100,19.63222222222222,19.63222222222222,0,0.95,forced_span,
,mistral_7b_instruct_v0_3_q4_k_m,ordinary_llm_control,factual_explanatory,sha256_hex,,,,coleman_liau_index,payload,14.370126582278477,,14.370126582278477,1,100,14.370126582278477,14.370126582278477,0,0.95,full_message,
,mistral_7b_instruct_v0_3_q4_k_m,ordinary_llm_control,factual_explanatory,token_128_bit_hex,,,,coleman_liau_index,payload,18.162222222222216,,18.162222222222216,1,100,18.162222222222216,18.162222222222216,0,0.95,forced_span,
,mistral_7b_instruct_v0_3_q4_k_m,ordinary_llm_control,factual_explanatory,token_128_bit_hex,,,,coleman_liau_index,payload,12.719012345679008,,12.719012345679008,1,100,12.719012345679008,12.719012345679008,0,0.95,full_message,
,mistral_7b_instruct_v0_3_q4_k_m,ordinary_llm_control,forum_question_answer,aes256_gcm_base64,,,,coleman_liau_index,payload,5.791499999999999,,5.791499999999999,1,100,5.791499999999999,5.791499999999999,0,0.95,full_message,
,mistral_7b_instruct_v0_3_q4_k_m,ordinary_llm_control,forum_question_answer,sha256_hex,,,,coleman_liau_index,payload,6.427027027027027,,6.427027027027027,1,100,6.427027027027027,6.427027027027027,0,0.95,forced_span,
,mistral_7b_instruct_v0_3_q4_k_m,ordinary_llm_control,forum_question_answer,sha256_hex,,,,coleman_liau_index,payload,9.351930585683295,,9.351930585683295,1,100,9.351930585683295,9.351930585683295,0,0.95,full_message,
,mistral_7b_instruct_v0_3_q4_k_m,ordinary_llm_control,personal_narrative_blog,nonce_96_bit_hex,,,,coleman_liau_index,payload,3.5576470588235267,,3.5576470588235267,1,100,3.5576470588235267,3.5576470588235267,0,0.95,forced_span,
,mistral_7b_instruct_v0_3_q4_k_m,ordinary_llm_control,personal_narrative_blog,nonce_96_bit_hex,,,,coleman_liau_index,payload,10.494020618556696,,10.494020618556696,1,100,10.494020618556696,10.494020618556696,0,0.95,full_message,
,mistral_7b_instruct_v0_3_q4_k_m,ordinary_llm_control,personal_narrative_blog,token_128_bit_hex,,,,coleman_liau_index,payload,4.764615384615382,,4.764615384615382,1,100,4.764615384615382,4.764615384615382,0,0.95,forced_span,
,mistral_7b_instruct_v0_3_q4_k_m,ordinary_llm_control,personal_narrative_blog,token_128_bit_hex,,,,coleman_liau_index,payload,9.989795918367346,,9.989795918367346,1,100,9.989795918367346,9.989795918367346,0,0.95,full_message,
,mistral_7b_instruct_v0_3_q4_k_m,ordinary_llm_control,professional_communication,uuid_v4,,,,coleman_liau_index,payload,13.588405797101451,,13.588405797101451,1,100,13.588405797101451,13.588405797101451,0,0.95,full_message,
,mistral_7b_instruct_v0_3_q4_k_m,ordinary_llm_control,recipe_procedure,nonce_96_bit_hex,,,,coleman_liau_index,payload,6.614545454545453,,6.614545454545453,1,100,6.614545454545453,6.614545454545453,0,0.95,full_message,
,mistral_7b_instruct_v0_3_q4_k_m,ordinary_llm_control,recipe_procedure,token_128_bit_hex,,,,coleman_liau_index,payload,9.519999999999996,,9.519999999999996,1,100,9.519999999999996,9.519999999999996,0,0.95,forced_span,
,mistral_7b_instruct_v0_3_q4_k_m,ordinary_llm_control,recipe_procedure,token_128_bit_hex,,,,coleman_liau_index,payload,8.287999999999993,,8.287999999999993,1,100,8.287999999999993,8.287999999999993,0,0.95,full_message,
,mistral_7b_instruct_v0_3_q4_k_m,segmented_hex_multi_topic,casual_conversation,nonce_96_bit_hex,,,,coleman_liau_index,payload,13.898947368421052,,13.898947368421052,1,100,13.898947368421052,13.898947368421052,0,0.95,forced_span,
,mistral_7b_instruct_v0_3_q4_k_m,segmented_hex_multi_topic,casual_conversation,nonce_96_bit_hex,,,,coleman_liau_index,payload,8.421308411214952,,8.421308411214952,1,100,8.421308411214952,8.421308411214952,0,0.95,full_message,
,mistral_7b_instruct_v0_3_q4_k_m,segmented_hex_multi_topic,factual_explanatory,sha256_hex,,,,coleman_liau_index,payload,17.021666666666672,,17.021666666666672,1,100,17.021666666666672,17.021666666666672,0,0.95,forced_span,
,mistral_7b_instruct_v0_3_q4_k_m,segmented_hex_multi_topic,factual_explanatory,sha256_hex,,,,coleman_liau_index,payload,11.636342857142854,,11.636342857142854,1,100,11.636342857142854,11.636342857142854,0,0.95,full_message,
,mistral_7b_instruct_v0_3_q4_k_m,segmented_hex_multi_topic,factual_explanatory,token_128_bit_hex,,,,coleman_liau_index,payload,15.627692307692307,,15.627692307692307,1,100,15.627692307692307,15.627692307692307,0,0.95,forced_span,
,mistral_7b_instruct_v0_3_q4_k_m,segmented_hex_multi_topic,factual_explanatory,token_128_bit_hex,,,,coleman_liau_index,payload,12.237599999999993,,12.237599999999993,1,100,12.237599999999993,12.237599999999993,0,0.95,full_message,
,mistral_7b_instruct_v0_3_q4_k_m,segmented_hex_multi_topic,forum_question_answer,sha256_hex,,,,coleman_liau_index,payload,13.345531914893616,,13.345531914893616,1,100,13.345531914893616,13.345531914893616,0,0.95,forced_span,
,mistral_7b_instruct_v0_3_q4_k_m,segmented_hex_multi_topic,forum_question_answer,sha256_hex,,,,coleman_liau_index,payload,9.11541247484909,,9.11541247484909,1,100,9.11541247484909,9.11541247484909,0,0.95,full_message,
,mistral_7b_instruct_v0_3_q4_k_m,segmented_hex_multi_topic,personal_narrative_blog,nonce_96_bit_hex,,,,coleman_liau_index,payload,11.237999999999996,,11.237999999999996,1,100,11.237999999999996,11.237999999999996,0,0.95,forced_span,
,mistral_7b_instruct_v0_3_q4_k_m,segmented_hex_multi_topic,personal_narrative_blog,nonce_96_bit_hex,,,,coleman_liau_index,payload,10.1188,,10.1188,1,100,10.1188,10.1188,0,0.95,full_message,
,mistral_7b_instruct_v0_3_q4_k_m,segmented_hex_multi_topic,recipe_procedure,token_128_bit_hex,,,,coleman_liau_index,payload,6.2928,,6.2928,1,100,6.2928,6.2928,0,0.95,forced_span,
,mistral_7b_instruct_v0_3_q4_k_m,segmented_hex_multi_topic,recipe_procedure,token_128_bit_hex,,,,coleman_liau_index,payload,6.2928,,6.2928,1,100,6.2928,6.2928,0,0.95,full_message,
,mistral_7b_instruct_v0_3_q4_k_m,segmented_hex_single_topic,personal_narrative_blog,token_128_bit_hex,,,,coleman_liau_index,payload,8.22260869565217,,8.22260869565217,1,100,8.22260869565217,8.22260869565217,0,0.95,forced_span,
,mistral_7b_instruct_v0_3_q4_k_m,segmented_hex_single_topic,personal_narrative_blog,token_128_bit_hex,,,,coleman_liau_index,payload,9.940400000000004,,9.940400000000004,1,100,9.940400000000004,9.940400000000004,0,0.95,full_message,
,qwen2_5_7b_instruct_q4_k_m,direct_subword_calgacus,casual_conversation,ed25519_signature_base64,,,,coleman_liau_index,payload,14.762666666666668,,14.762666666666668,1,100,14.762666666666668,14.762666666666668,0,0.95,forced_span,
,qwen2_5_7b_instruct_q4_k_m,direct_subword_calgacus,casual_conversation,ed25519_signature_base64,,,,coleman_liau_index,payload,14.762666666666668,,14.762666666666668,1,100,14.762666666666668,14.762666666666668,0,0.95,full_message,
,qwen2_5_7b_instruct_q4_k_m,nonseg_ascii_b16,forum_question_answer,chacha20_poly1305_base64,,,,coleman_liau_index,payload,10.558834951456305,,10.558834951456305,1,100,10.558834951456305,10.558834951456305,0,0.95,forced_span,
,qwen2_5_7b_instruct_q4_k_m,nonseg_ascii_b16,forum_question_answer,chacha20_poly1305_base64,,,,coleman_liau_index,payload,10.558834951456305,,10.558834951456305,1,100,10.558834951456305,10.558834951456305,0,0.95,full_message,
,qwen2_5_7b_instruct_q4_k_m,nonseg_ascii_b8,professional_communication,uuid_v4,,,,coleman_liau_index,payload,10.350422535211269,,10.350422535211269,1,100,10.350422535211269,10.350422535211269,0,0.95,forced_span,
,qwen2_5_7b_instruct_q4_k_m,nonseg_ascii_b8,professional_communication,uuid_v4,,,,coleman_liau_index,payload,10.350422535211269,,10.350422535211269,1,100,10.350422535211269,10.350422535211269,0,0.95,full_message,
,qwen2_5_7b_instruct_q4_k_m,nonseg_hex_nibble_b16,recipe_procedure,token_128_bit_hex,,,,coleman_liau_index,payload,16.380952380952383,,16.380952380952383,1,100,16.380952380952383,16.380952380952383,0,0.95,forced_span,
,qwen2_5_7b_instruct_q4_k_m,nonseg_hex_nibble_b16,recipe_procedure,token_128_bit_hex,,,,coleman_liau_index,payload,16.380952380952383,,16.380952380952383,1,100,16.380952380952383,16.380952380952383,0,0.95,full_message,
,qwen2_5_7b_instruct_q4_k_m,ordinary_llm_control,casual_conversation,ed25519_signature_base64,,,,coleman_liau_index,payload,11.920754716981133,,11.920754716981133,1,100,11.920754716981133,11.920754716981133,0,0.95,full_message,
,qwen2_5_7b_instruct_q4_k_m,ordinary_llm_control,casual_conversation,nonce_96_bit_hex,,,,coleman_liau_index,payload,9.865263157894734,,9.865263157894734,1,100,9.865263157894734,9.865263157894734,0,0.95,forced_span,
,qwen2_5_7b_instruct_q4_k_m,ordinary_llm_control,casual_conversation,nonce_96_bit_hex,,,,coleman_liau_index,payload,7.236491228070175,,7.236491228070175,1,100,7.236491228070175,7.236491228070175,0,0.95,full_message,
,qwen2_5_7b_instruct_q4_k_m,ordinary_llm_control,factual_explanatory,hmac_sha256_hex,,,,coleman_liau_index,payload,12.267755102040816,,12.267755102040816,1,100,12.267755102040816,12.267755102040816,0,0.95,forced_span,
,qwen2_5_7b_instruct_q4_k_m,ordinary_llm_control,factual_explanatory,hmac_sha256_hex,,,,coleman_liau_index,payload,7.600481927710845,,7.600481927710845,1,100,7.600481927710845,7.600481927710845,0,0.95,full_message,
,qwen2_5_7b_instruct_q4_k_m,ordinary_llm_control,factual_explanatory,nonce_96_bit_hex,,,,coleman_liau_index,payload,15.260952380952375,,15.260952380952375,1,100,15.260952380952375,15.260952380952375,0,0.95,forced_span,
,qwen2_5_7b_instruct_q4_k_m,ordinary_llm_control,factual_explanatory,nonce_96_bit_hex,,,,coleman_liau_index,payload,11.537599999999994,,11.537599999999994,1,100,11.537599999999994,11.537599999999994,0,0.95,full_message,
,qwen2_5_7b_instruct_q4_k_m,ordinary_llm_control,forum_question_answer,chacha20_poly1305_base64,,,,coleman_liau_index,payload,6.763773584905657,,6.763773584905657,1,100,6.763773584905657,6.763773584905657,0,0.95,full_message,
,qwen2_5_7b_instruct_q4_k_m,ordinary_llm_control,forum_question_answer,token_128_bit_hex,,,,coleman_liau_index,payload,13.020952380952384,,13.020952380952384,1,100,13.020952380952384,13.020952380952384,0,0.95,forced_span,
,qwen2_5_7b_instruct_q4_k_m,ordinary_llm_control,forum_question_answer,token_128_bit_hex,,,,coleman_liau_index,payload,11.302809917355368,,11.302809917355368,1,100,11.302809917355368,11.302809917355368,0,0.95,full_message,
,qwen2_5_7b_instruct_q4_k_m,ordinary_llm_control,personal_narrative_blog,nonce_96_bit_hex,,,,coleman_liau_index,payload,6.064444444444444,,6.064444444444444,1,100,6.064444444444444,6.064444444444444,0,0.95,forced_span,
,qwen2_5_7b_instruct_q4_k_m,ordinary_llm_control,personal_narrative_blog,nonce_96_bit_hex,,,,coleman_liau_index,payload,9.314545454545456,,9.314545454545456,1,100,9.314545454545456,9.314545454545456,0,0.95,full_message,
,qwen2_5_7b_instruct_q4_k_m,ordinary_llm_control,personal_narrative_blog,sha256_hex,,,,coleman_liau_index,payload,8.02428571428571,,8.02428571428571,1,100,8.02428571428571,8.02428571428571,0,0.95,forced_span,
,qwen2_5_7b_instruct_q4_k_m,ordinary_llm_control,personal_narrative_blog,sha256_hex,,,,coleman_liau_index,payload,9.038986175115205,,9.038986175115205,1,100,9.038986175115205,9.038986175115205,0,0.95,full_message,
,qwen2_5_7b_instruct_q4_k_m,ordinary_llm_control,professional_communication,nonce_96_bit_hex,,,,coleman_liau_index,payload,13.92235294117647,,13.92235294117647,1,100,13.92235294117647,13.92235294117647,0,0.95,forced_span,
,qwen2_5_7b_instruct_q4_k_m,ordinary_llm_control,professional_communication,nonce_96_bit_hex,,,,coleman_liau_index,payload,11.447272727272725,,11.447272727272725,1,100,11.447272727272725,11.447272727272725,0,0.95,full_message,
,qwen2_5_7b_instruct_q4_k_m,ordinary_llm_control,professional_communication,uuid_v4,,,,coleman_liau_index,payload,11.455999999999996,,11.455999999999996,1,100,11.455999999999996,11.455999999999996,0,0.95,full_message,
,qwen2_5_7b_instruct_q4_k_m,ordinary_llm_control,recipe_procedure,sha256_hex,,,,coleman_liau_index,payload,9.25333333333333,,9.25333333333333,1,100,9.25333333333333,9.25333333333333,0,0.95,forced_span,
,qwen2_5_7b_instruct_q4_k_m,ordinary_llm_control,recipe_procedure,sha256_hex,,,,coleman_liau_index,payload,10.701276595744684,,10.701276595744684,1,100,10.701276595744684,10.701276595744684,0,0.95,full_message,
,qwen2_5_7b_instruct_q4_k_m,ordinary_llm_control,recipe_procedure,token_128_bit_hex,,,,coleman_liau_index,payload,16.072307692307685,,16.072307692307685,1,100,16.072307692307685,16.072307692307685,0,0.95,full_message,
,qwen2_5_7b_instruct_q4_k_m,segmented_hex_multi_topic,casual_conversation,nonce_96_bit_hex,,,,coleman_liau_index,payload,14.88444444444444,,14.88444444444444,1,100,14.88444444444444,14.88444444444444,0,0.95,forced_span,
,qwen2_5_7b_instruct_q4_k_m,segmented_hex_multi_topic,casual_conversation,nonce_96_bit_hex,,,,coleman_liau_index,payload,11.39220338983051,,11.39220338983051,1,100,11.39220338983051,11.39220338983051,0,0.95,full_message,
,qwen2_5_7b_instruct_q4_k_m,segmented_hex_multi_topic,factual_explanatory,hmac_sha256_hex,,,,coleman_liau_index,payload,10.15320754716981,,10.15320754716981,1,100,10.15320754716981,10.15320754716981,0,0.95,forced_span,
,qwen2_5_7b_instruct_q4_k_m,segmented_hex_multi_topic,factual_explanatory,hmac_sha256_hex,,,,coleman_liau_index,payload,9.355555555555558,,9.355555555555558,1,100,9.355555555555558,9.355555555555558,0,0.95,full_message,
,qwen2_5_7b_instruct_q4_k_m,segmented_hex_multi_topic,factual_explanatory,nonce_96_bit_hex,,,,coleman_liau_index,payload,8.277999999999995,,8.277999999999995,1,100,8.277999999999995,8.277999999999995,0,0.95,forced_span,
,qwen2_5_7b_instruct_q4_k_m,segmented_hex_multi_topic,factual_explanatory,nonce_96_bit_hex,,,,coleman_liau_index,payload,8.96038834951456,,8.96038834951456,1,100,8.96038834951456,8.96038834951456,0,0.95,full_message,
,qwen2_5_7b_instruct_q4_k_m,segmented_hex_multi_topic,forum_question_answer,token_128_bit_hex,,,,coleman_liau_index,payload,12.265806451612903,,12.265806451612903,1,100,12.265806451612903,12.265806451612903,0,0.95,forced_span,
,qwen2_5_7b_instruct_q4_k_m,segmented_hex_multi_topic,forum_question_answer,token_128_bit_hex,,,,coleman_liau_index,payload,9.265982905982902,,9.265982905982902,1,100,9.265982905982902,9.265982905982902,0,0.95,full_message,
,qwen2_5_7b_instruct_q4_k_m,segmented_hex_multi_topic,personal_narrative_blog,nonce_96_bit_hex,,,,coleman_liau_index,payload,17.412000000000003,,17.412000000000003,1,100,17.412000000000003,17.412000000000003,0,0.95,forced_span,
,qwen2_5_7b_instruct_q4_k_m,segmented_hex_multi_topic,personal_narrative_blog,nonce_96_bit_hex,,,,coleman_liau_index,payload,10.751604938271601,,10.751604938271601,1,100,10.751604938271601,10.751604938271601,0,0.95,full_message,
,qwen2_5_7b_instruct_q4_k_m,segmented_hex_multi_topic,professional_communication,nonce_96_bit_hex,,,,coleman_liau_index,payload,16.993684210526315,,16.993684210526315,1,100,16.993684210526315,16.993684210526315,0,0.95,forced_span,
,qwen2_5_7b_instruct_q4_k_m,segmented_hex_multi_topic,professional_communication,nonce_96_bit_hex,,,,coleman_liau_index,payload,13.697777777777777,,13.697777777777777,1,100,13.697777777777777,13.697777777777777,0,0.95,full_message,
,qwen2_5_7b_instruct_q4_k_m,segmented_hex_multi_topic,recipe_procedure,sha256_hex,,,,coleman_liau_index,payload,16.894035087719292,,16.894035087719292,1,100,16.894035087719292,16.894035087719292,0,0.95,forced_span,
,qwen2_5_7b_instruct_q4_k_m,segmented_hex_multi_topic,recipe_procedure,sha256_hex,,,,coleman_liau_index,payload,16.894035087719292,,16.894035087719292,1,100,16.894035087719292,16.894035087719292,0,0.95,full_message,
,qwen2_5_7b_instruct_q4_k_m,segmented_hex_single_topic,personal_narrative_blog,sha256_hex,,,,coleman_liau_index,payload,16.531666666666663,,16.531666666666663,1,100,16.531666666666663,16.531666666666663,0,0.95,forced_span,
,qwen2_5_7b_instruct_q4_k_m,segmented_hex_single_topic,personal_narrative_blog,sha256_hex,,,,coleman_liau_index,payload,9.277007481296753,,9.277007481296753,1,100,9.277007481296753,9.277007481296753,0,0.95,full_message,
,llama3_8b_instruct_q4_k_m,direct_subword_calgacus,casual_conversation,ed25519_signature_base64,,,,unique_word_fraction,payload,0.8679245283018868,,0.8679245283018868,1,100,0.8679245283018868,0.8679245283018868,0,0.95,forced_span,
,llama3_8b_instruct_q4_k_m,direct_subword_calgacus,casual_conversation,ed25519_signature_base64,,,,unique_word_fraction,payload,0.8679245283018868,,0.8679245283018868,1,100,0.8679245283018868,0.8679245283018868,0,0.95,full_message,
,llama3_8b_instruct_q4_k_m,nonseg_ascii_b16,forum_question_answer,aes256_gcm_base64,,,,unique_word_fraction,payload,0.8301886792452831,,0.8301886792452831,1,100,0.8301886792452831,0.8301886792452831,0,0.95,forced_span,
,llama3_8b_instruct_q4_k_m,nonseg_ascii_b16,forum_question_answer,aes256_gcm_base64,,,,unique_word_fraction,payload,0.8301886792452831,,0.8301886792452831,1,100,0.8301886792452831,0.8301886792452831,0,0.95,full_message,
,llama3_8b_instruct_q4_k_m,nonseg_ascii_b8,professional_communication,uuid_v4,,,,unique_word_fraction,payload,0.872093023255814,,0.872093023255814,1,100,0.872093023255814,0.872093023255814,0,0.95,forced_span,
,llama3_8b_instruct_q4_k_m,nonseg_ascii_b8,professional_communication,uuid_v4,,,,unique_word_fraction,payload,0.872093023255814,,0.872093023255814,1,100,0.872093023255814,0.872093023255814,0,0.95,full_message,
,llama3_8b_instruct_q4_k_m,nonseg_hex_nibble_b16,recipe_procedure,sha256_hex,,,,unique_word_fraction,payload,0.9230769230769231,,0.9230769230769231,1,100,0.9230769230769231,0.9230769230769231,0,0.95,forced_span,
,llama3_8b_instruct_q4_k_m,nonseg_hex_nibble_b16,recipe_procedure,sha256_hex,,,,unique_word_fraction,payload,0.9230769230769231,,0.9230769230769231,1,100,0.9230769230769231,0.9230769230769231,0,0.95,full_message,
,llama3_8b_instruct_q4_k_m,ordinary_llm_control,casual_conversation,ed25519_signature_base64,,,,unique_word_fraction,payload,0.803921568627451,,0.803921568627451,1,100,0.803921568627451,0.803921568627451,0,0.95,full_message,
,llama3_8b_instruct_q4_k_m,ordinary_llm_control,casual_conversation,sha256_hex,,,,unique_word_fraction,payload,0.8269230769230769,,0.8269230769230769,1,100,0.8269230769230769,0.8269230769230769,0,0.95,forced_span,
,llama3_8b_instruct_q4_k_m,ordinary_llm_control,casual_conversation,sha256_hex,,,,unique_word_fraction,payload,0.2508710801393728,,0.2508710801393728,1,100,0.2508710801393728,0.2508710801393728,0,0.95,full_message,
,llama3_8b_instruct_q4_k_m,ordinary_llm_control,factual_explanatory,nonce_96_bit_hex,,,,unique_word_fraction,payload,0.85,,0.85,1,100,0.85,0.85,0,0.95,forced_span,
,llama3_8b_instruct_q4_k_m,ordinary_llm_control,factual_explanatory,nonce_96_bit_hex,,,,unique_word_fraction,payload,0.7391304347826086,,0.7391304347826086,1,100,0.7391304347826086,0.7391304347826086,0,0.95,full_message,
,llama3_8b_instruct_q4_k_m,ordinary_llm_control,factual_explanatory,token_128_bit_hex,,,,unique_word_fraction,payload,0.7241379310344828,,0.7241379310344828,1,100,0.7241379310344828,0.7241379310344828,0,0.95,forced_span,
,llama3_8b_instruct_q4_k_m,ordinary_llm_control,factual_explanatory,token_128_bit_hex,,,,unique_word_fraction,payload,0.6696428571428571,,0.6696428571428571,1,100,0.6696428571428571,0.6696428571428571,0,0.95,full_message,
,llama3_8b_instruct_q4_k_m,ordinary_llm_control,forum_question_answer,aes256_gcm_base64,,,,unique_word_fraction,payload,0.7959183673469388,,0.7959183673469388,1,100,0.7959183673469388,0.7959183673469388,0,0.95,full_message,
,llama3_8b_instruct_q4_k_m,ordinary_llm_control,forum_question_answer,nonce_96_bit_hex,,,,unique_word_fraction,payload,0.9523809523809523,,0.9523809523809523,1,100,0.9523809523809523,0.9523809523809523,0,0.95,forced_span,
,llama3_8b_instruct_q4_k_m,ordinary_llm_control,forum_question_answer,nonce_96_bit_hex,,,,unique_word_fraction,payload,0.5955056179775281,,0.5955056179775281,1,100,0.5955056179775281,0.5955056179775281,0,0.95,full_message,
,llama3_8b_instruct_q4_k_m,ordinary_llm_control,personal_narrative_blog,hmac_sha256_hex,,,,unique_word_fraction,payload,0.8181818181818182,,0.8181818181818182,1,100,0.8181818181818182,0.8181818181818182,0,0.95,forced_span,
,llama3_8b_instruct_q4_k_m,ordinary_llm_control,personal_narrative_blog,hmac_sha256_hex,,,,unique_word_fraction,payload,0.6023391812865497,,0.6023391812865497,1,100,0.6023391812865497,0.6023391812865497,0,0.95,full_message,
,llama3_8b_instruct_q4_k_m,ordinary_llm_control,personal_narrative_blog,sha256_hex,,,,unique_word_fraction,payload,0.7692307692307693,,0.7692307692307693,1,100,0.7692307692307693,0.7692307692307693,0,0.95,forced_span,
,llama3_8b_instruct_q4_k_m,ordinary_llm_control,personal_narrative_blog,sha256_hex,,,,unique_word_fraction,payload,0.5748299319727891,,0.5748299319727891,1,100,0.5748299319727891,0.5748299319727891,0,0.95,full_message,
,llama3_8b_instruct_q4_k_m,ordinary_llm_control,professional_communication,nonce_96_bit_hex,,,,unique_word_fraction,payload,0.7333333333333333,,0.7333333333333333,1,100,0.7333333333333333,0.7333333333333333,0,0.95,forced_span,
,llama3_8b_instruct_q4_k_m,ordinary_llm_control,professional_communication,nonce_96_bit_hex,,,,unique_word_fraction,payload,0.49710982658959535,,0.49710982658959535,1,100,0.49710982658959535,0.49710982658959535,0,0.95,full_message,
,llama3_8b_instruct_q4_k_m,ordinary_llm_control,professional_communication,uuid_v4,,,,unique_word_fraction,payload,0.7468354430379747,,0.7468354430379747,1,100,0.7468354430379747,0.7468354430379747,0,0.95,full_message,
,llama3_8b_instruct_q4_k_m,ordinary_llm_control,recipe_procedure,sha256_hex,,,,unique_word_fraction,payload,0.926829268292683,,0.926829268292683,1,100,0.926829268292683,0.926829268292683,0,0.95,full_message,
,llama3_8b_instruct_q4_k_m,ordinary_llm_control,recipe_procedure,token_128_bit_hex,,,,unique_word_fraction,payload,0.88,,0.88,1,100,0.88,0.88,0,0.95,forced_span,
,llama3_8b_instruct_q4_k_m,ordinary_llm_control,recipe_procedure,token_128_bit_hex,,,,unique_word_fraction,payload,0.9166666666666666,,0.9166666666666666,1,100,0.9166666666666666,0.9166666666666666,0,0.95,full_message,
,llama3_8b_instruct_q4_k_m,segmented_hex_multi_topic,casual_conversation,sha256_hex,,,,unique_word_fraction,payload,0.8723404255319149,,0.8723404255319149,1,100,0.8723404255319149,0.8723404255319149,0,0.95,forced_span,
,llama3_8b_instruct_q4_k_m,segmented_hex_multi_topic,casual_conversation,sha256_hex,,,,unique_word_fraction,payload,0.6213592233009708,,0.6213592233009708,1,100,0.6213592233009708,0.6213592233009708,0,0.95,full_message,
,llama3_8b_instruct_q4_k_m,segmented_hex_multi_topic,factual_explanatory,nonce_96_bit_hex,,,,unique_word_fraction,payload,1.0,,1.0,1,100,1.0,1.0,0,0.95,forced_span,
,llama3_8b_instruct_q4_k_m,segmented_hex_multi_topic,factual_explanatory,nonce_96_bit_hex,,,,unique_word_fraction,payload,0.9,,0.9,1,100,0.9,0.9,0,0.95,full_message,
,llama3_8b_instruct_q4_k_m,segmented_hex_multi_topic,factual_explanatory,token_128_bit_hex,,,,unique_word_fraction,payload,0.9230769230769231,,0.9230769230769231,1,100,0.9230769230769231,0.9230769230769231,0,0.95,forced_span,
,llama3_8b_instruct_q4_k_m,segmented_hex_multi_topic,factual_explanatory,token_128_bit_hex,,,,unique_word_fraction,payload,0.7706422018348624,,0.7706422018348624,1,100,0.7706422018348624,0.7706422018348624,0,0.95,full_message,
,llama3_8b_instruct_q4_k_m,segmented_hex_multi_topic,forum_question_answer,nonce_96_bit_hex,,,,unique_word_fraction,payload,0.8888888888888888,,0.8888888888888888,1,100,0.8888888888888888,0.8888888888888888,0,0.95,forced_span,
,llama3_8b_instruct_q4_k_m,segmented_hex_multi_topic,forum_question_answer,nonce_96_bit_hex,,,,unique_word_fraction,payload,0.5571428571428572,,0.5571428571428572,1,100,0.5571428571428572,0.5571428571428572,0,0.95,full_message,
,llama3_8b_instruct_q4_k_m,segmented_hex_multi_topic,personal_narrative_blog,sha256_hex,,,,unique_word_fraction,payload,0.8958333333333334,,0.8958333333333334,1,100,0.8958333333333334,0.8958333333333334,0,0.95,forced_span,
,llama3_8b_instruct_q4_k_m,segmented_hex_multi_topic,personal_narrative_blog,sha256_hex,,,,unique_word_fraction,payload,0.6581818181818182,,0.6581818181818182,1,100,0.6581818181818182,0.6581818181818182,0,0.95,full_message,
,llama3_8b_instruct_q4_k_m,segmented_hex_multi_topic,professional_communication,nonce_96_bit_hex,,,,unique_word_fraction,payload,1.0,,1.0,1,100,1.0,1.0,0,0.95,forced_span,
,llama3_8b_instruct_q4_k_m,segmented_hex_multi_topic,professional_communication,nonce_96_bit_hex,,,,unique_word_fraction,payload,0.8174603174603174,,0.8174603174603174,1,100,0.8174603174603174,0.8174603174603174,0,0.95,full_message,
,llama3_8b_instruct_q4_k_m,segmented_hex_multi_topic,recipe_procedure,token_128_bit_hex,,,,unique_word_fraction,payload,0.9629629629629629,,0.9629629629629629,1,100,0.9629629629629629,0.9629629629629629,0,0.95,forced_span,
,llama3_8b_instruct_q4_k_m,segmented_hex_multi_topic,recipe_procedure,token_128_bit_hex,,,,unique_word_fraction,payload,0.9629629629629629,,0.9629629629629629,1,100,0.9629629629629629,0.9629629629629629,0,0.95,full_message,
,llama3_8b_instruct_q4_k_m,segmented_hex_single_topic,personal_narrative_blog,hmac_sha256_hex,,,,unique_word_fraction,payload,0.9272727272727272,,0.9272727272727272,1,100,0.9272727272727272,0.9272727272727272,0,0.95,forced_span,
,llama3_8b_instruct_q4_k_m,segmented_hex_single_topic,personal_narrative_blog,hmac_sha256_hex,,,,unique_word_fraction,payload,0.6839080459770115,,0.6839080459770115,1,100,0.6839080459770115,0.6839080459770115,0,0.95,full_message,
,mistral_7b_instruct_v0_3_q4_k_m,direct_subword_calgacus,casual_conversation,ed25519_signature_base64,,,,unique_word_fraction,payload,0.9333333333333333,,0.9333333333333333,1,100,0.9333333333333333,0.9333333333333333,0,0.95,forced_span,
,mistral_7b_instruct_v0_3_q4_k_m,direct_subword_calgacus,casual_conversation,ed25519_signature_base64,,,,unique_word_fraction,payload,0.9333333333333333,,0.9333333333333333,1,100,0.9333333333333333,0.9333333333333333,0,0.95,full_message,
,mistral_7b_instruct_v0_3_q4_k_m,nonseg_ascii_b16,forum_question_answer,aes256_gcm_base64,,,,unique_word_fraction,payload,0.7755102040816326,,0.7755102040816326,1,100,0.7755102040816326,0.7755102040816326,0,0.95,forced_span,
,mistral_7b_instruct_v0_3_q4_k_m,nonseg_ascii_b16,forum_question_answer,aes256_gcm_base64,,,,unique_word_fraction,payload,0.7755102040816326,,0.7755102040816326,1,100,0.7755102040816326,0.7755102040816326,0,0.95,full_message,
,mistral_7b_instruct_v0_3_q4_k_m,nonseg_ascii_b8,professional_communication,uuid_v4,,,,unique_word_fraction,payload,0.8448275862068966,,0.8448275862068966,1,100,0.8448275862068966,0.8448275862068966,0,0.95,forced_span,
,mistral_7b_instruct_v0_3_q4_k_m,nonseg_ascii_b8,professional_communication,uuid_v4,,,,unique_word_fraction,payload,0.8448275862068966,,0.8448275862068966,1,100,0.8448275862068966,0.8448275862068966,0,0.95,full_message,
,mistral_7b_instruct_v0_3_q4_k_m,nonseg_hex_nibble_b16,recipe_procedure,nonce_96_bit_hex,,,,unique_word_fraction,payload,1.0,,1.0,1,100,1.0,1.0,0,0.95,forced_span,
,mistral_7b_instruct_v0_3_q4_k_m,nonseg_hex_nibble_b16,recipe_procedure,nonce_96_bit_hex,,,,unique_word_fraction,payload,1.0,,1.0,1,100,1.0,1.0,0,0.95,full_message,
,mistral_7b_instruct_v0_3_q4_k_m,ordinary_llm_control,casual_conversation,ed25519_signature_base64,,,,unique_word_fraction,payload,0.8235294117647058,,0.8235294117647058,1,100,0.8235294117647058,0.8235294117647058,0,0.95,full_message,
,mistral_7b_instruct_v0_3_q4_k_m,ordinary_llm_control,casual_conversation,nonce_96_bit_hex,,,,unique_word_fraction,payload,1.0,,1.0,1,100,1.0,1.0,0,0.95,forced_span,
,mistral_7b_instruct_v0_3_q4_k_m,ordinary_llm_control,casual_conversation,nonce_96_bit_hex,,,,unique_word_fraction,payload,0.696969696969697,,0.696969696969697,1,100,0.696969696969697,0.696969696969697,0,0.95,full_message,
,mistral_7b_instruct_v0_3_q4_k_m,ordinary_llm_control,factual_explanatory,sha256_hex,,,,unique_word_fraction,payload,0.9444444444444444,,0.9444444444444444,1,100,0.9444444444444444,0.9444444444444444,0,0.95,forced_span,
,mistral_7b_instruct_v0_3_q4_k_m,ordinary_llm_control,factual_explanatory,sha256_hex,,,,unique_word_fraction,payload,0.5759493670886076,,0.5759493670886076,1,100,0.5759493670886076,0.5759493670886076,0,0.95,full_message,
,mistral_7b_instruct_v0_3_q4_k_m,ordinary_llm_control,factual_explanatory,token_128_bit_hex,,,,unique_word_fraction,payload,1.0,,1.0,1,100,1.0,1.0,0,0.95,forced_span,
,mistral_7b_instruct_v0_3_q4_k_m,ordinary_llm_control,factual_explanatory,token_128_bit_hex,,,,unique_word_fraction,payload,0.6419753086419753,,0.6419753086419753,1,100,0.6419753086419753,0.6419753086419753,0,0.95,full_message,
,mistral_7b_instruct_v0_3_q4_k_m,ordinary_llm_control,forum_question_answer,aes256_gcm_base64,,,,unique_word_fraction,payload,0.7625,,0.7625,1,100,0.7625,0.7625,0,0.95,full_message,
,mistral_7b_instruct_v0_3_q4_k_m,ordinary_llm_control,forum_question_answer,sha256_hex,,,,unique_word_fraction,payload,0.8378378378378378,,0.8378378378378378,1,100,0.8378378378378378,0.8378378378378378,0,0.95,forced_span,
,mistral_7b_instruct_v0_3_q4_k_m,ordinary_llm_control,forum_question_answer,sha256_hex,,,,unique_word_fraction,payload,0.45336225596529284,,0.45336225596529284,1,100,0.45336225596529284,0.45336225596529284,0,0.95,full_message,
,mistral_7b_instruct_v0_3_q4_k_m,ordinary_llm_control,personal_narrative_blog,nonce_96_bit_hex,,,,unique_word_fraction,payload,1.0,,1.0,1,100,1.0,1.0,0,0.95,forced_span,
,mistral_7b_instruct_v0_3_q4_k_m,ordinary_llm_control,personal_narrative_blog,nonce_96_bit_hex,,,,unique_word_fraction,payload,0.7010309278350515,,0.7010309278350515,1,100,0.7010309278350515,0.7010309278350515,0,0.95,full_message,
,mistral_7b_instruct_v0_3_q4_k_m,ordinary_llm_control,personal_narrative_blog,token_128_bit_hex,,,,unique_word_fraction,payload,0.8461538461538461,,0.8461538461538461,1,100,0.8461538461538461,0.8461538461538461,0,0.95,forced_span,
,mistral_7b_instruct_v0_3_q4_k_m,ordinary_llm_control,personal_narrative_blog,token_128_bit_hex,,,,unique_word_fraction,payload,0.7551020408163265,,0.7551020408163265,1,100,0.7551020408163265,0.7551020408163265,0,0.95,full_message,
,mistral_7b_instruct_v0_3_q4_k_m,ordinary_llm_control,professional_communication,uuid_v4,,,,unique_word_fraction,payload,0.7391304347826086,,0.7391304347826086,1,100,0.7391304347826086,0.7391304347826086,0,0.95,full_message,
,mistral_7b_instruct_v0_3_q4_k_m,ordinary_llm_control,recipe_procedure,nonce_96_bit_hex,,,,unique_word_fraction,payload,1.0,,1.0,1,100,1.0,1.0,0,0.95,full_message,
,mistral_7b_instruct_v0_3_q4_k_m,ordinary_llm_control,recipe_procedure,token_128_bit_hex,,,,unique_word_fraction,payload,0.8125,,0.8125,1,100,0.8125,0.8125,0,0.95,forced_span,
,mistral_7b_instruct_v0_3_q4_k_m,ordinary_llm_control,recipe_procedure,token_128_bit_hex,,,,unique_word_fraction,payload,1.0,,1.0,1,100,1.0,1.0,0,0.95,full_message,
,mistral_7b_instruct_v0_3_q4_k_m,segmented_hex_multi_topic,casual_conversation,nonce_96_bit_hex,,,,unique_word_fraction,payload,0.9473684210526315,,0.9473684210526315,1,100,0.9473684210526315,0.9473684210526315,0,0.95,forced_span,
,mistral_7b_instruct_v0_3_q4_k_m,segmented_hex_multi_topic,casual_conversation,nonce_96_bit_hex,,,,unique_word_fraction,payload,0.7383177570093458,,0.7383177570093458,1,100,0.7383177570093458,0.7383177570093458,0,0.95,full_message,
,mistral_7b_instruct_v0_3_q4_k_m,segmented_hex_multi_topic,factual_explanatory,sha256_hex,,,,unique_word_fraction,payload,0.8958333333333334,,0.8958333333333334,1,100,0.8958333333333334,0.8958333333333334,0,0.95,forced_span,
,mistral_7b_instruct_v0_3_q4_k_m,segmented_hex_multi_topic,factual_explanatory,sha256_hex,,,,unique_word_fraction,payload,0.6914285714285714,,0.6914285714285714,1,100,0.6914285714285714,0.6914285714285714,0,0.95,full_message,
,mistral_7b_instruct_v0_3_q4_k_m,segmented_hex_multi_topic,factual_explanatory,token_128_bit_hex,,,,unique_word_fraction,payload,1.0,,1.0,1,100,1.0,1.0,0,0.95,forced_span,
,mistral_7b_instruct_v0_3_q4_k_m,segmented_hex_multi_topic,factual_explanatory,token_128_bit_hex,,,,unique_word_fraction,payload,0.74,,0.74,1,100,0.74,0.74,0,0.95,full_message,
,mistral_7b_instruct_v0_3_q4_k_m,segmented_hex_multi_topic,forum_question_answer,sha256_hex,,,,unique_word_fraction,payload,0.9787234042553191,,0.9787234042553191,1,100,0.9787234042553191,0.9787234042553191,0,0.95,forced_span,
,mistral_7b_instruct_v0_3_q4_k_m,segmented_hex_multi_topic,forum_question_answer,sha256_hex,,,,unique_word_fraction,payload,0.49899396378269617,,0.49899396378269617,1,100,0.49899396378269617,0.49899396378269617,0,0.95,full_message,
,mistral_7b_instruct_v0_3_q4_k_m,segmented_hex_multi_topic,personal_narrative_blog,nonce_96_bit_hex,,,,unique_word_fraction,payload,1.0,,1.0,1,100,1.0,1.0,0,0.95,forced_span,
,mistral_7b_instruct_v0_3_q4_k_m,segmented_hex_multi_topic,personal_narrative_blog,nonce_96_bit_hex,,,,unique_word_fraction,payload,0.77,,0.77,1,100,0.77,0.77,0,0.95,full_message,
,mistral_7b_instruct_v0_3_q4_k_m,segmented_hex_multi_topic,recipe_procedure,token_128_bit_hex,,,,unique_word_fraction,payload,0.88,,0.88,1,100,0.88,0.88,0,0.95,forced_span,
,mistral_7b_instruct_v0_3_q4_k_m,segmented_hex_multi_topic,recipe_procedure,token_128_bit_hex,,,,unique_word_fraction,payload,0.88,,0.88,1,100,0.88,0.88,0,0.95,full_message,
,mistral_7b_instruct_v0_3_q4_k_m,segmented_hex_single_topic,personal_narrative_blog,token_128_bit_hex,,,,unique_word_fraction,payload,0.9130434782608695,,0.9130434782608695,1,100,0.9130434782608695,0.9130434782608695,0,0.95,forced_span,
,mistral_7b_instruct_v0_3_q4_k_m,segmented_hex_single_topic,personal_narrative_blog,token_128_bit_hex,,,,unique_word_fraction,payload,0.73,,0.73,1,100,0.73,0.73,0,0.95,full_message,
,qwen2_5_7b_instruct_q4_k_m,direct_subword_calgacus,casual_conversation,ed25519_signature_base64,,,,unique_word_fraction,payload,0.9666666666666667,,0.9666666666666667,1,100,0.9666666666666667,0.9666666666666667,0,0.95,forced_span,
,qwen2_5_7b_instruct_q4_k_m,direct_subword_calgacus,casual_conversation,ed25519_signature_base64,,,,unique_word_fraction,payload,0.9666666666666667,,0.9666666666666667,1,100,0.9666666666666667,0.9666666666666667,0,0.95,full_message,
,qwen2_5_7b_instruct_q4_k_m,nonseg_ascii_b16,forum_question_answer,chacha20_poly1305_base64,,,,unique_word_fraction,payload,0.8058252427184466,,0.8058252427184466,1,100,0.8058252427184466,0.8058252427184466,0,0.95,forced_span,
,qwen2_5_7b_instruct_q4_k_m,nonseg_ascii_b16,forum_question_answer,chacha20_poly1305_base64,,,,unique_word_fraction,payload,0.8058252427184466,,0.8058252427184466,1,100,0.8058252427184466,0.8058252427184466,0,0.95,full_message,
,qwen2_5_7b_instruct_q4_k_m,nonseg_ascii_b8,professional_communication,uuid_v4,,,,unique_word_fraction,payload,0.7746478873239436,,0.7746478873239436,1,100,0.7746478873239436,0.7746478873239436,0,0.95,forced_span,
,qwen2_5_7b_instruct_q4_k_m,nonseg_ascii_b8,professional_communication,uuid_v4,,,,unique_word_fraction,payload,0.7746478873239436,,0.7746478873239436,1,100,0.7746478873239436,0.7746478873239436,0,0.95,full_message,
,qwen2_5_7b_instruct_q4_k_m,nonseg_hex_nibble_b16,recipe_procedure,token_128_bit_hex,,,,unique_word_fraction,payload,0.9047619047619048,,0.9047619047619048,1,100,0.9047619047619048,0.9047619047619048,0,0.95,forced_span,
,qwen2_5_7b_instruct_q4_k_m,nonseg_hex_nibble_b16,recipe_procedure,token_128_bit_hex,,,,unique_word_fraction,payload,0.9047619047619048,,0.9047619047619048,1,100,0.9047619047619048,0.9047619047619048,0,0.95,full_message,
,qwen2_5_7b_instruct_q4_k_m,ordinary_llm_control,casual_conversation,ed25519_signature_base64,,,,unique_word_fraction,payload,0.8490566037735849,,0.8490566037735849,1,100,0.8490566037735849,0.8490566037735849,0,0.95,full_message,
,qwen2_5_7b_instruct_q4_k_m,ordinary_llm_control,casual_conversation,nonce_96_bit_hex,,,,unique_word_fraction,payload,0.8421052631578947,,0.8421052631578947,1,100,0.8421052631578947,0.8421052631578947,0,0.95,forced_span,
,qwen2_5_7b_instruct_q4_k_m,ordinary_llm_control,casual_conversation,nonce_96_bit_hex,,,,unique_word_fraction,payload,0.7982456140350878,,0.7982456140350878,1,100,0.7982456140350878,0.7982456140350878,0,0.95,full_message,
,qwen2_5_7b_instruct_q4_k_m,ordinary_llm_control,factual_explanatory,hmac_sha256_hex,,,,unique_word_fraction,payload,0.7755102040816326,,0.7755102040816326,1,100,0.7755102040816326,0.7755102040816326,0,0.95,forced_span,
,qwen2_5_7b_instruct_q4_k_m,ordinary_llm_control,factual_explanatory,hmac_sha256_hex,,,,unique_word_fraction,payload,0.536144578313253,,0.536144578313253,1,100,0.536144578313253,0.536144578313253,0,0.95,full_message,
,qwen2_5_7b_instruct_q4_k_m,ordinary_llm_control,factual_explanatory,nonce_96_bit_hex,,,,unique_word_fraction,payload,0.8095238095238095,,0.8095238095238095,1,100,0.8095238095238095,0.8095238095238095,0,0.95,forced_span,
,qwen2_5_7b_instruct_q4_k_m,ordinary_llm_control,factual_explanatory,nonce_96_bit_hex,,,,unique_word_fraction,payload,0.6266666666666667,,0.6266666666666667,1,100,0.6266666666666667,0.6266666666666667,0,0.95,full_message,
,qwen2_5_7b_instruct_q4_k_m,ordinary_llm_control,forum_question_answer,chacha20_poly1305_base64,,,,unique_word_fraction,payload,0.6037735849056604,,0.6037735849056604,1,100,0.6037735849056604,0.6037735849056604,0,0.95,full_message,
,qwen2_5_7b_instruct_q4_k_m,ordinary_llm_control,forum_question_answer,token_128_bit_hex,,,,unique_word_fraction,payload,1.0,,1.0,1,100,1.0,1.0,0,0.95,forced_span,
,qwen2_5_7b_instruct_q4_k_m,ordinary_llm_control,forum_question_answer,token_128_bit_hex,,,,unique_word_fraction,payload,0.7107438016528925,,0.7107438016528925,1,100,0.7107438016528925,0.7107438016528925,0,0.95,full_message,
,qwen2_5_7b_instruct_q4_k_m,ordinary_llm_control,personal_narrative_blog,nonce_96_bit_hex,,,,unique_word_fraction,payload,0.9444444444444444,,0.9444444444444444,1,100,0.9444444444444444,0.9444444444444444,0,0.95,forced_span,
,qwen2_5_7b_instruct_q4_k_m,ordinary_llm_control,personal_narrative_blog,nonce_96_bit_hex,,,,unique_word_fraction,payload,0.7954545454545454,,0.7954545454545454,1,100,0.7954545454545454,0.7954545454545454,0,0.95,full_message,
,qwen2_5_7b_instruct_q4_k_m,ordinary_llm_control,personal_narrative_blog,sha256_hex,,,,unique_word_fraction,payload,0.7857142857142857,,0.7857142857142857,1,100,0.7857142857142857,0.7857142857142857,0,0.95,forced_span,
,qwen2_5_7b_instruct_q4_k_m,ordinary_llm_control,personal_narrative_blog,sha256_hex,,,,unique_word_fraction,payload,0.4815668202764977,,0.4815668202764977,1,100,0.4815668202764977,0.4815668202764977,0,0.95,full_message,
,qwen2_5_7b_instruct_q4_k_m,ordinary_llm_control,professional_communication,nonce_96_bit_hex,,,,unique_word_fraction,payload,1.0,,1.0,1,100,1.0,1.0,0,0.95,forced_span,
,qwen2_5_7b_instruct_q4_k_m,ordinary_llm_control,professional_communication,nonce_96_bit_hex,,,,unique_word_fraction,payload,0.7636363636363637,,0.7636363636363637,1,100,0.7636363636363637,0.7636363636363637,0,0.95,full_message,
,qwen2_5_7b_instruct_q4_k_m,ordinary_llm_control,professional_communication,uuid_v4,,,,unique_word_fraction,payload,0.7375,,0.7375,1,100,0.7375,0.7375,0,0.95,full_message,
,qwen2_5_7b_instruct_q4_k_m,ordinary_llm_control,recipe_procedure,sha256_hex,,,,unique_word_fraction,payload,0.7543859649122807,,0.7543859649122807,1,100,0.7543859649122807,0.7543859649122807,0,0.95,forced_span,
,qwen2_5_7b_instruct_q4_k_m,ordinary_llm_control,recipe_procedure,sha256_hex,,,,unique_word_fraction,payload,0.7872340425531915,,0.7872340425531915,1,100,0.7872340425531915,0.7872340425531915,0,0.95,full_message,
,qwen2_5_7b_instruct_q4_k_m,ordinary_llm_control,recipe_procedure,token_128_bit_hex,,,,unique_word_fraction,payload,0.8846153846153846,,0.8846153846153846,1,100,0.8846153846153846,0.8846153846153846,0,0.95,full_message,
,qwen2_5_7b_instruct_q4_k_m,segmented_hex_multi_topic,casual_conversation,nonce_96_bit_hex,,,,unique_word_fraction,payload,1.0,,1.0,1,100,1.0,1.0,0,0.95,forced_span,
,qwen2_5_7b_instruct_q4_k_m,segmented_hex_multi_topic,casual_conversation,nonce_96_bit_hex,,,,unique_word_fraction,payload,0.7288135593220338,,0.7288135593220338,1,100,0.7288135593220338,0.7288135593220338,0,0.95,full_message,
,qwen2_5_7b_instruct_q4_k_m,segmented_hex_multi_topic,factual_explanatory,hmac_sha256_hex,,,,unique_word_fraction,payload,0.9622641509433962,,0.9622641509433962,1,100,0.9622641509433962,0.9622641509433962,0,0.95,forced_span,
,qwen2_5_7b_instruct_q4_k_m,segmented_hex_multi_topic,factual_explanatory,hmac_sha256_hex,,,,unique_word_fraction,payload,0.7973856209150327,,0.7973856209150327,1,100,0.7973856209150327,0.7973856209150327,0,0.95,full_message,
,qwen2_5_7b_instruct_q4_k_m,segmented_hex_multi_topic,factual_explanatory,nonce_96_bit_hex,,,,unique_word_fraction,payload,0.95,,0.95,1,100,0.95,0.95,0,0.95,forced_span,
,qwen2_5_7b_instruct_q4_k_m,segmented_hex_multi_topic,factual_explanatory,nonce_96_bit_hex,,,,unique_word_fraction,payload,0.6893203883495146,,0.6893203883495146,1,100,0.6893203883495146,0.6893203883495146,0,0.95,full_message,
,qwen2_5_7b_instruct_q4_k_m,segmented_hex_multi_topic,forum_question_answer,token_128_bit_hex,,,,unique_word_fraction,payload,0.8709677419354839,,0.8709677419354839,1,100,0.8709677419354839,0.8709677419354839,0,0.95,forced_span,
,qwen2_5_7b_instruct_q4_k_m,segmented_hex_multi_topic,forum_question_answer,token_128_bit_hex,,,,unique_word_fraction,payload,0.7606837606837606,,0.7606837606837606,1,100,0.7606837606837606,0.7606837606837606,0,0.95,full_message,
,qwen2_5_7b_instruct_q4_k_m,segmented_hex_multi_topic,personal_narrative_blog,nonce_96_bit_hex,,,,unique_word_fraction,payload,1.0,,1.0,1,100,1.0,1.0,0,0.95,forced_span,
,qwen2_5_7b_instruct_q4_k_m,segmented_hex_multi_topic,personal_narrative_blog,nonce_96_bit_hex,,,,unique_word_fraction,payload,0.8271604938271605,,0.8271604938271605,1,100,0.8271604938271605,0.8271604938271605,0,0.95,full_message,
,qwen2_5_7b_instruct_q4_k_m,segmented_hex_multi_topic,professional_communication,nonce_96_bit_hex,,,,unique_word_fraction,payload,1.0,,1.0,1,100,1.0,1.0,0,0.95,forced_span,
,qwen2_5_7b_instruct_q4_k_m,segmented_hex_multi_topic,professional_communication,nonce_96_bit_hex,,,,unique_word_fraction,payload,0.8518518518518519,,0.8518518518518519,1,100,0.8518518518518519,0.8518518518518519,0,0.95,full_message,
,qwen2_5_7b_instruct_q4_k_m,segmented_hex_multi_topic,recipe_procedure,sha256_hex,,,,unique_word_fraction,payload,0.9122807017543859,,0.9122807017543859,1,100,0.9122807017543859,0.9122807017543859,0,0.95,forced_span,
,qwen2_5_7b_instruct_q4_k_m,segmented_hex_multi_topic,recipe_procedure,sha256_hex,,,,unique_word_fraction,payload,0.9122807017543859,,0.9122807017543859,1,100,0.9122807017543859,0.9122807017543859,0,0.95,full_message,
,qwen2_5_7b_instruct_q4_k_m,segmented_hex_single_topic,personal_narrative_blog,sha256_hex,,,,unique_word_fraction,payload,0.9375,,0.9375,1,100,0.9375,0.9375,0,0.95,forced_span,
,qwen2_5_7b_instruct_q4_k_m,segmented_hex_single_topic,personal_narrative_blog,sha256_hex,,,,unique_word_fraction,payload,0.5211970074812967,,0.5211970074812967,1,100,0.5211970074812967,0.5211970074812967,0,0.95,full_message,
,llama3_8b_instruct_q4_k_m,direct_subword_calgacus,casual_conversation,ed25519_signature_base64,,,,repeated_bigram_fraction,payload,0.0,,0.0,1,100,0.0,0.0,0,0.95,forced_span,
,llama3_8b_instruct_q4_k_m,direct_subword_calgacus,casual_conversation,ed25519_signature_base64,,,,repeated_bigram_fraction,payload,0.0,,0.0,1,100,0.0,0.0,0,0.95,full_message,
,llama3_8b_instruct_q4_k_m,nonseg_ascii_b16,forum_question_answer,aes256_gcm_base64,,,,repeated_bigram_fraction,payload,0.00952380952380949,,0.00952380952380949,1,100,0.00952380952380949,0.00952380952380949,0,0.95,forced_span,
,llama3_8b_instruct_q4_k_m,nonseg_ascii_b16,forum_question_answer,aes256_gcm_base64,,,,repeated_bigram_fraction,payload,0.00952380952380949,,0.00952380952380949,1,100,0.00952380952380949,0.00952380952380949,0,0.95,full_message,
,llama3_8b_instruct_q4_k_m,nonseg_ascii_b8,professional_communication,uuid_v4,,,,repeated_bigram_fraction,payload,0.0,,0.0,1,100,0.0,0.0,0,0.95,forced_span,
,llama3_8b_instruct_q4_k_m,nonseg_ascii_b8,professional_communication,uuid_v4,,,,repeated_bigram_fraction,payload,0.0,,0.0,1,100,0.0,0.0,0,0.95,full_message,
,llama3_8b_instruct_q4_k_m,nonseg_hex_nibble_b16,recipe_procedure,sha256_hex,,,,repeated_bigram_fraction,payload,0.0,,0.0,1,100,0.0,0.0,0,0.95,forced_span,
,llama3_8b_instruct_q4_k_m,nonseg_hex_nibble_b16,recipe_procedure,sha256_hex,,,,repeated_bigram_fraction,payload,0.0,,0.0,1,100,0.0,0.0,0,0.95,full_message,
,llama3_8b_instruct_q4_k_m,ordinary_llm_control,casual_conversation,ed25519_signature_base64,,,,repeated_bigram_fraction,payload,0.040000000000000036,,0.040000000000000036,1,100,0.040000000000000036,0.040000000000000036,0,0.95,full_message,
,llama3_8b_instruct_q4_k_m,ordinary_llm_control,casual_conversation,sha256_hex,,,,repeated_bigram_fraction,payload,0.05882352941176472,,0.05882352941176472,1,100,0.05882352941176472,0.05882352941176472,0,0.95,forced_span,
,llama3_8b_instruct_q4_k_m,ordinary_llm_control,casual_conversation,sha256_hex,,,,repeated_bigram_fraction,payload,0.6818181818181819,,0.6818181818181819,1,100,0.6818181818181819,0.6818181818181819,0,0.95,full_message,
,llama3_8b_instruct_q4_k_m,ordinary_llm_control,factual_explanatory,nonce_96_bit_hex,,,,repeated_bigram_fraction,payload,0.0,,0.0,1,100,0.0,0.0,0,0.95,forced_span,
,llama3_8b_instruct_q4_k_m,ordinary_llm_control,factual_explanatory,nonce_96_bit_hex,,,,repeated_bigram_fraction,payload,0.044117647058823484,,0.044117647058823484,1,100,0.044117647058823484,0.044117647058823484,0,0.95,full_message,
,llama3_8b_instruct_q4_k_m,ordinary_llm_control,factual_explanatory,token_128_bit_hex,,,,repeated_bigram_fraction,payload,0.0,,0.0,1,100,0.0,0.0,0,0.95,forced_span,
,llama3_8b_instruct_q4_k_m,ordinary_llm_control,factual_explanatory,token_128_bit_hex,,,,repeated_bigram_fraction,payload,0.05405405405405406,,0.05405405405405406,1,100,0.05405405405405406,0.05405405405405406,0,0.95,full_message,
,llama3_8b_instruct_q4_k_m,ordinary_llm_control,forum_question_answer,aes256_gcm_base64,,,,repeated_bigram_fraction,payload,0.0,,0.0,1,100,0.0,0.0,0,0.95,full_message,
,llama3_8b_instruct_q4_k_m,ordinary_llm_control,forum_question_answer,nonce_96_bit_hex,,,,repeated_bigram_fraction,payload,0.0,,0.0,1,100,0.0,0.0,0,0.95,forced_span,
,llama3_8b_instruct_q4_k_m,ordinary_llm_control,forum_question_answer,nonce_96_bit_hex,,,,repeated_bigram_fraction,payload,0.06766917293233088,,0.06766917293233088,1,100,0.06766917293233088,0.06766917293233088,0,0.95,full_message,
,llama3_8b_instruct_q4_k_m,ordinary_llm_control,personal_narrative_blog,hmac_sha256_hex,,,,repeated_bigram_fraction,payload,0.0,,0.0,1,100,0.0,0.0,0,0.95,forced_span,
,llama3_8b_instruct_q4_k_m,ordinary_llm_control,personal_narrative_blog,hmac_sha256_hex,,,,repeated_bigram_fraction,payload,0.08235294117647063,,0.08235294117647063,1,100,0.08235294117647063,0.08235294117647063,0,0.95,full_message,
,llama3_8b_instruct_q4_k_m,ordinary_llm_control,personal_narrative_blog,sha256_hex,,,,repeated_bigram_fraction,payload,0.039215686274509776,,0.039215686274509776,1,100,0.039215686274509776,0.039215686274509776,0,0.95,forced_span,
,llama3_8b_instruct_q4_k_m,ordinary_llm_control,personal_narrative_blog,sha256_hex,,,,repeated_bigram_fraction,payload,0.07849829351535831,,0.07849829351535831,1,100,0.07849829351535831,0.07849829351535831,0,0.95,full_message,
,llama3_8b_instruct_q4_k_m,ordinary_llm_control,professional_communication,nonce_96_bit_hex,,,,repeated_bigram_fraction,payload,0.1428571428571429,,0.1428571428571429,1,100,0.1428571428571429,0.1428571428571429,0,0.95,forced_span,
,llama3_8b_instruct_q4_k_m,ordinary_llm_control,professional_communication,nonce_96_bit_hex,,,,repeated_bigram_fraction,payload,0.16860465116279066,,0.16860465116279066,1,100,0.16860465116279066,0.16860465116279066,0,0.95,full_message,
,llama3_8b_instruct_q4_k_m,ordinary_llm_control,professional_communication,uuid_v4,,,,repeated_bigram_fraction,payload,0.02564102564102566,,0.02564102564102566,1,100,0.02564102564102566,0.02564102564102566,0,0.95,full_message,
,llama3_8b_instruct_q4_k_m,ordinary_llm_control,recipe_procedure,sha256_hex,,,,repeated_bigram_fraction,payload,0.0,,0.0,1,100,0.0,0.0,0,0.95,full_message,
,llama3_8b_instruct_q4_k_m,ordinary_llm_control,recipe_procedure,token_128_bit_hex,,,,repeated_bigram_fraction,payload,0.0,,0.0,1,100,0.0,0.0,0,0.95,forced_span,
,llama3_8b_instruct_q4_k_m,ordinary_llm_control,recipe_procedure,token_128_bit_hex,,,,repeated_bigram_fraction,payload,0.0,,0.0,1,100,0.0,0.0,0,0.95,full_message,
,llama3_8b_instruct_q4_k_m,segmented_hex_multi_topic,casual_conversation,sha256_hex,,,,repeated_bigram_fraction,payload,0.0,,0.0,1,100,0.0,0.0,0,0.95,forced_span,
,llama3_8b_instruct_q4_k_m,segmented_hex_multi_topic,casual_conversation,sha256_hex,,,,repeated_bigram_fraction,payload,0.07792207792207795,,0.07792207792207795,1,100,0.07792207792207795,0.07792207792207795,0,0.95,full_message,
,llama3_8b_instruct_q4_k_m,segmented_hex_multi_topic,factual_explanatory,nonce_96_bit_hex,,,,repeated_bigram_fraction,payload,0.0,,0.0,1,100,0.0,0.0,0,0.95,forced_span,
,llama3_8b_instruct_q4_k_m,segmented_hex_multi_topic,factual_explanatory,nonce_96_bit_hex,,,,repeated_bigram_fraction,payload,0.0,,0.0,1,100,0.0,0.0,0,0.95,full_message,
,llama3_8b_instruct_q4_k_m,segmented_hex_multi_topic,factual_explanatory,token_128_bit_hex,,,,repeated_bigram_fraction,payload,0.0,,0.0,1,100,0.0,0.0,0,0.95,forced_span,
,llama3_8b_instruct_q4_k_m,segmented_hex_multi_topic,factual_explanatory,token_128_bit_hex,,,,repeated_bigram_fraction,payload,0.0092592592592593,,0.0092592592592593,1,100,0.0092592592592593,0.0092592592592593,0,0.95,full_message,
,llama3_8b_instruct_q4_k_m,segmented_hex_multi_topic,forum_question_answer,nonce_96_bit_hex,,,,repeated_bigram_fraction,payload,0.0,,0.0,1,100,0.0,0.0,0,0.95,forced_span,
,llama3_8b_instruct_q4_k_m,segmented_hex_multi_topic,forum_question_answer,nonce_96_bit_hex,,,,repeated_bigram_fraction,payload,0.11469534050179209,,0.11469534050179209,1,100,0.11469534050179209,0.11469534050179209,0,0.95,full_message,
,llama3_8b_instruct_q4_k_m,segmented_hex_multi_topic,personal_narrative_blog,sha256_hex,,,,repeated_bigram_fraction,payload,0.0,,0.0,1,100,0.0,0.0,0,0.95,forced_span,
,llama3_8b_instruct_q4_k_m,segmented_hex_multi_topic,personal_narrative_blog,sha256_hex,,,,repeated_bigram_fraction,payload,0.04014598540145986,,0.04014598540145986,1,100,0.04014598540145986,0.04014598540145986,0,0.95,full_message,
,llama3_8b_instruct_q4_k_m,segmented_hex_multi_topic,professional_communication,nonce_96_bit_hex,,,,repeated_bigram_fraction,payload,0.0,,0.0,1,100,0.0,0.0,0,0.95,forced_span,
,llama3_8b_instruct_q4_k_m,segmented_hex_multi_topic,professional_communication,nonce_96_bit_hex,,,,repeated_bigram_fraction,payload,0.008000000000000007,,0.008000000000000007,1,100,0.008000000000000007,0.008000000000000007,0,0.95,full_message,
,llama3_8b_instruct_q4_k_m,segmented_hex_multi_topic,recipe_procedure,token_128_bit_hex,,,,repeated_bigram_fraction,payload,0.0,,0.0,1,100,0.0,0.0,0,0.95,forced_span,
,llama3_8b_instruct_q4_k_m,segmented_hex_multi_topic,recipe_procedure,token_128_bit_hex,,,,repeated_bigram_fraction,payload,0.0,,0.0,1,100,0.0,0.0,0,0.95,full_message,
,llama3_8b_instruct_q4_k_m,segmented_hex_single_topic,personal_narrative_blog,hmac_sha256_hex,,,,repeated_bigram_fraction,payload,0.0,,0.0,1,100,0.0,0.0,0,0.95,forced_span,
,llama3_8b_instruct_q4_k_m,segmented_hex_single_topic,personal_narrative_blog,hmac_sha256_hex,,,,repeated_bigram_fraction,payload,0.023121387283236983,,0.023121387283236983,1,100,0.023121387283236983,0.023121387283236983,0,0.95,full_message,
,mistral_7b_instruct_v0_3_q4_k_m,direct_subword_calgacus,casual_conversation,ed25519_signature_base64,,,,repeated_bigram_fraction,payload,0.0,,0.0,1,100,0.0,0.0,0,0.95,forced_span,
,mistral_7b_instruct_v0_3_q4_k_m,direct_subword_calgacus,casual_conversation,ed25519_signature_base64,,,,repeated_bigram_fraction,payload,0.0,,0.0,1,100,0.0,0.0,0,0.95,full_message,
,mistral_7b_instruct_v0_3_q4_k_m,nonseg_ascii_b16,forum_question_answer,aes256_gcm_base64,,,,repeated_bigram_fraction,payload,0.010309278350515427,,0.010309278350515427,1,100,0.010309278350515427,0.010309278350515427,0,0.95,forced_span,
,mistral_7b_instruct_v0_3_q4_k_m,nonseg_ascii_b16,forum_question_answer,aes256_gcm_base64,,,,repeated_bigram_fraction,payload,0.010309278350515427,,0.010309278350515427,1,100,0.010309278350515427,0.010309278350515427,0,0.95,full_message,
,mistral_7b_instruct_v0_3_q4_k_m,nonseg_ascii_b8,professional_communication,uuid_v4,,,,repeated_bigram_fraction,payload,0.01754385964912286,,0.01754385964912286,1,100,0.01754385964912286,0.01754385964912286,0,0.95,forced_span,
,mistral_7b_instruct_v0_3_q4_k_m,nonseg_ascii_b8,professional_communication,uuid_v4,,,,repeated_bigram_fraction,payload,0.01754385964912286,,0.01754385964912286,1,100,0.01754385964912286,0.01754385964912286,0,0.95,full_message,
,mistral_7b_instruct_v0_3_q4_k_m,nonseg_hex_nibble_b16,recipe_procedure,nonce_96_bit_hex,,,,repeated_bigram_fraction,payload,0.0,,0.0,1,100,0.0,0.0,0,0.95,forced_span,
,mistral_7b_instruct_v0_3_q4_k_m,nonseg_hex_nibble_b16,recipe_procedure,nonce_96_bit_hex,,,,repeated_bigram_fraction,payload,0.0,,0.0,1,100,0.0,0.0,0,0.95,full_message,
,mistral_7b_instruct_v0_3_q4_k_m,ordinary_llm_control,casual_conversation,ed25519_signature_base64,,,,repeated_bigram_fraction,payload,0.040000000000000036,,0.040000000000000036,1,100,0.040000000000000036,0.040000000000000036,0,0.95,full_message,
,mistral_7b_instruct_v0_3_q4_k_m,ordinary_llm_control,casual_conversation,nonce_96_bit_hex,,,,repeated_bigram_fraction,payload,0.0,,0.0,1,100,0.0,0.0,0,0.95,forced_span,
,mistral_7b_instruct_v0_3_q4_k_m,ordinary_llm_control,casual_conversation,nonce_96_bit_hex,,,,repeated_bigram_fraction,payload,0.0714285714285714,,0.0714285714285714,1,100,0.0714285714285714,0.0714285714285714,0,0.95,full_message,
,mistral_7b_instruct_v0_3_q4_k_m,ordinary_llm_control,factual_explanatory,sha256_hex,,,,repeated_bigram_fraction,payload,0.0,,0.0,1,100,0.0,0.0,0,0.95,forced_span,
,mistral_7b_instruct_v0_3_q4_k_m,ordinary_llm_control,factual_explanatory,sha256_hex,,,,repeated_bigram_fraction,payload,0.10828025477707004,,0.10828025477707004,1,100,0.10828025477707004,0.10828025477707004,0,0.95,full_message,
,mistral_7b_instruct_v0_3_q4_k_m,ordinary_llm_control,factual_explanatory,token_128_bit_hex,,,,repeated_bigram_fraction,payload,0.0,,0.0,1,100,0.0,0.0,0,0.95,forced_span,
,mistral_7b_instruct_v0_3_q4_k_m,ordinary_llm_control,factual_explanatory,token_128_bit_hex,,,,repeated_bigram_fraction,payload,0.0625,,0.0625,1,100,0.0625,0.0625,0,0.95,full_message,
,mistral_7b_instruct_v0_3_q4_k_m,ordinary_llm_control,forum_question_answer,aes256_gcm_base64,,,,repeated_bigram_fraction,payload,0.012658227848101222,,0.012658227848101222,1,100,0.012658227848101222,0.012658227848101222,0,0.95,full_message,
,mistral_7b_instruct_v0_3_q4_k_m,ordinary_llm_control,forum_question_answer,sha256_hex,,,,repeated_bigram_fraction,payload,0.0,,0.0,1,100,0.0,0.0,0,0.95,forced_span,
,mistral_7b_instruct_v0_3_q4_k_m,ordinary_llm_control,forum_question_answer,sha256_hex,,,,repeated_bigram_fraction,payload,0.12608695652173918,,0.12608695652173918,1,100,0.12608695652173918,0.12608695652173918,0,0.95,full_message,
,mistral_7b_instruct_v0_3_q4_k_m,ordinary_llm_control,personal_narrative_blog,nonce_96_bit_hex,,,,repeated_bigram_fraction,payload,0.0,,0.0,1,100,0.0,0.0,0,0.95,forced_span,
,mistral_7b_instruct_v0_3_q4_k_m,ordinary_llm_control,personal_narrative_blog,nonce_96_bit_hex,,,,repeated_bigram_fraction,payload,0.03125,,0.03125,1,100,0.03125,0.03125,0,0.95,full_message,
,mistral_7b_instruct_v0_3_q4_k_m,ordinary_llm_control,personal_narrative_blog,token_128_bit_hex,,,,repeated_bigram_fraction,payload,0.040000000000000036,,0.040000000000000036,1,100,0.040000000000000036,0.040000000000000036,0,0.95,forced_span,
,mistral_7b_instruct_v0_3_q4_k_m,ordinary_llm_control,personal_narrative_blog,token_128_bit_hex,,,,repeated_bigram_fraction,payload,0.020618556701030966,,0.020618556701030966,1,100,0.020618556701030966,0.020618556701030966,0,0.95,full_message,
,mistral_7b_instruct_v0_3_q4_k_m,ordinary_llm_control,professional_communication,uuid_v4,,,,repeated_bigram_fraction,payload,0.014705882352941124,,0.014705882352941124,1,100,0.014705882352941124,0.014705882352941124,0,0.95,full_message,
,mistral_7b_instruct_v0_3_q4_k_m,ordinary_llm_control,recipe_procedure,nonce_96_bit_hex,,,,repeated_bigram_fraction,payload,0.0,,0.0,1,100,0.0,0.0,0,0.95,full_message,
,mistral_7b_instruct_v0_3_q4_k_m,ordinary_llm_control,recipe_procedure,token_128_bit_hex,,,,repeated_bigram_fraction,payload,0.1333333333333333,,0.1333333333333333,1,100,0.1333333333333333,0.1333333333333333,0,0.95,forced_span,
,mistral_7b_instruct_v0_3_q4_k_m,ordinary_llm_control,recipe_procedure,token_128_bit_hex,,,,repeated_bigram_fraction,payload,0.0,,0.0,1,100,0.0,0.0,0,0.95,full_message,
,mistral_7b_instruct_v0_3_q4_k_m,segmented_hex_multi_topic,casual_conversation,nonce_96_bit_hex,,,,repeated_bigram_fraction,payload,0.0,,0.0,1,100,0.0,0.0,0,0.95,forced_span,
,mistral_7b_instruct_v0_3_q4_k_m,segmented_hex_multi_topic,casual_conversation,nonce_96_bit_hex,,,,repeated_bigram_fraction,payload,0.018867924528301883,,0.018867924528301883,1,100,0.018867924528301883,0.018867924528301883,0,0.95,full_message,
,mistral_7b_instruct_v0_3_q4_k_m,segmented_hex_multi_topic,factual_explanatory,sha256_hex,,,,repeated_bigram_fraction,payload,0.0,,0.0,1,100,0.0,0.0,0,0.95,forced_span,
,mistral_7b_instruct_v0_3_q4_k_m,segmented_hex_multi_topic,factual_explanatory,sha256_hex,,,,repeated_bigram_fraction,payload,0.05747126436781613,,0.05747126436781613,1,100,0.05747126436781613,0.05747126436781613,0,0.95,full_message,
,mistral_7b_instruct_v0_3_q4_k_m,segmented_hex_multi_topic,factual_explanatory,token_128_bit_hex,,,,repeated_bigram_fraction,payload,0.0,,0.0,1,100,0.0,0.0,0,0.95,forced_span,
,mistral_7b_instruct_v0_3_q4_k_m,segmented_hex_multi_topic,factual_explanatory,token_128_bit_hex,,,,repeated_bigram_fraction,payload,0.0505050505050505,,0.0505050505050505,1,100,0.0505050505050505,0.0505050505050505,0,0.95,full_message,
,mistral_7b_instruct_v0_3_q4_k_m,segmented_hex_multi_topic,forum_question_answer,sha256_hex,,,,repeated_bigram_fraction,payload,0.0,,0.0,1,100,0.0,0.0,0,0.95,forced_span,
,mistral_7b_instruct_v0_3_q4_k_m,segmented_hex_multi_topic,forum_question_answer,sha256_hex,,,,repeated_bigram_fraction,payload,0.11895161290322576,,0.11895161290322576,1,100,0.11895161290322576,0.11895161290322576,0,0.95,full_message,
,mistral_7b_instruct_v0_3_q4_k_m,segmented_hex_multi_topic,personal_narrative_blog,nonce_96_bit_hex,,,,repeated_bigram_fraction,payload,0.0,,0.0,1,100,0.0,0.0,0,0.95,forced_span,
,mistral_7b_instruct_v0_3_q4_k_m,segmented_hex_multi_topic,personal_narrative_blog,nonce_96_bit_hex,,,,repeated_bigram_fraction,payload,0.030303030303030276,,0.030303030303030276,1,100,0.030303030303030276,0.030303030303030276,0,0.95,full_message,
,mistral_7b_instruct_v0_3_q4_k_m,segmented_hex_multi_topic,recipe_procedure,token_128_bit_hex,,,,repeated_bigram_fraction,payload,0.0,,0.0,1,100,0.0,0.0,0,0.95,forced_span,
,mistral_7b_instruct_v0_3_q4_k_m,segmented_hex_multi_topic,recipe_procedure,token_128_bit_hex,,,,repeated_bigram_fraction,payload,0.0,,0.0,1,100,0.0,0.0,0,0.95,full_message,
,mistral_7b_instruct_v0_3_q4_k_m,segmented_hex_single_topic,personal_narrative_blog,token_128_bit_hex,,,,repeated_bigram_fraction,payload,0.0,,0.0,1,100,0.0,0.0,0,0.95,forced_span,
,mistral_7b_instruct_v0_3_q4_k_m,segmented_hex_single_topic,personal_narrative_blog,token_128_bit_hex,,,,repeated_bigram_fraction,payload,0.07070707070707072,,0.07070707070707072,1,100,0.07070707070707072,0.07070707070707072,0,0.95,full_message,
,qwen2_5_7b_instruct_q4_k_m,direct_subword_calgacus,casual_conversation,ed25519_signature_base64,,,,repeated_bigram_fraction,payload,0.0,,0.0,1,100,0.0,0.0,0,0.95,forced_span,
,qwen2_5_7b_instruct_q4_k_m,direct_subword_calgacus,casual_conversation,ed25519_signature_base64,,,,repeated_bigram_fraction,payload,0.0,,0.0,1,100,0.0,0.0,0,0.95,full_message,
,qwen2_5_7b_instruct_q4_k_m,nonseg_ascii_b16,forum_question_answer,chacha20_poly1305_base64,,,,repeated_bigram_fraction,payload,0.0,,0.0,1,100,0.0,0.0,0,0.95,forced_span,
,qwen2_5_7b_instruct_q4_k_m,nonseg_ascii_b16,forum_question_answer,chacha20_poly1305_base64,,,,repeated_bigram_fraction,payload,0.0,,0.0,1,100,0.0,0.0,0,0.95,full_message,
,qwen2_5_7b_instruct_q4_k_m,nonseg_ascii_b8,professional_communication,uuid_v4,,,,repeated_bigram_fraction,payload,0.014285714285714235,,0.014285714285714235,1,100,0.014285714285714235,0.014285714285714235,0,0.95,forced_span,
,qwen2_5_7b_instruct_q4_k_m,nonseg_ascii_b8,professional_communication,uuid_v4,,,,repeated_bigram_fraction,payload,0.014285714285714235,,0.014285714285714235,1,100,0.014285714285714235,0.014285714285714235,0,0.95,full_message,
,qwen2_5_7b_instruct_q4_k_m,nonseg_hex_nibble_b16,recipe_procedure,token_128_bit_hex,,,,repeated_bigram_fraction,payload,0.0,,0.0,1,100,0.0,0.0,0,0.95,forced_span,
,qwen2_5_7b_instruct_q4_k_m,nonseg_hex_nibble_b16,recipe_procedure,token_128_bit_hex,,,,repeated_bigram_fraction,payload,0.0,,0.0,1,100,0.0,0.0,0,0.95,full_message,
,qwen2_5_7b_instruct_q4_k_m,ordinary_llm_control,casual_conversation,ed25519_signature_base64,,,,repeated_bigram_fraction,payload,0.0,,0.0,1,100,0.0,0.0,0,0.95,full_message,
,qwen2_5_7b_instruct_q4_k_m,ordinary_llm_control,casual_conversation,nonce_96_bit_hex,,,,repeated_bigram_fraction,payload,0.0,,0.0,1,100,0.0,0.0,0,0.95,forced_span,
,qwen2_5_7b_instruct_q4_k_m,ordinary_llm_control,casual_conversation,nonce_96_bit_hex,,,,repeated_bigram_fraction,payload,0.0,,0.0,1,100,0.0,0.0,0,0.95,full_message,
,qwen2_5_7b_instruct_q4_k_m,ordinary_llm_control,factual_explanatory,hmac_sha256_hex,,,,repeated_bigram_fraction,payload,0.04166666666666663,,0.04166666666666663,1,100,0.04166666666666663,0.04166666666666663,0,0.95,forced_span,
,qwen2_5_7b_instruct_q4_k_m,ordinary_llm_control,factual_explanatory,hmac_sha256_hex,,,,repeated_bigram_fraction,payload,0.21212121212121215,,0.21212121212121215,1,100,0.21212121212121215,0.21212121212121215,0,0.95,full_message,
,qwen2_5_7b_instruct_q4_k_m,ordinary_llm_control,factual_explanatory,nonce_96_bit_hex,,,,repeated_bigram_fraction,payload,0.0,,0.0,1,100,0.0,0.0,0,0.95,forced_span,
,qwen2_5_7b_instruct_q4_k_m,ordinary_llm_control,factual_explanatory,nonce_96_bit_hex,,,,repeated_bigram_fraction,payload,0.08108108108108103,,0.08108108108108103,1,100,0.08108108108108103,0.08108108108108103,0,0.95,full_message,
,qwen2_5_7b_instruct_q4_k_m,ordinary_llm_control,forum_question_answer,chacha20_poly1305_base64,,,,repeated_bigram_fraction,payload,0.09523809523809523,,0.09523809523809523,1,100,0.09523809523809523,0.09523809523809523,0,0.95,full_message,
,qwen2_5_7b_instruct_q4_k_m,ordinary_llm_control,forum_question_answer,token_128_bit_hex,,,,repeated_bigram_fraction,payload,0.0,,0.0,1,100,0.0,0.0,0,0.95,forced_span,
,qwen2_5_7b_instruct_q4_k_m,ordinary_llm_control,forum_question_answer,token_128_bit_hex,,,,repeated_bigram_fraction,payload,0.06666666666666665,,0.06666666666666665,1,100,0.06666666666666665,0.06666666666666665,0,0.95,full_message,
,qwen2_5_7b_instruct_q4_k_m,ordinary_llm_control,personal_narrative_blog,nonce_96_bit_hex,,,,repeated_bigram_fraction,payload,0.0,,0.0,1,100,0.0,0.0,0,0.95,forced_span,
,qwen2_5_7b_instruct_q4_k_m,ordinary_llm_control,personal_narrative_blog,nonce_96_bit_hex,,,,repeated_bigram_fraction,payload,0.0,,0.0,1,100,0.0,0.0,0,0.95,full_message,
,qwen2_5_7b_instruct_q4_k_m,ordinary_llm_control,personal_narrative_blog,sha256_hex,,,,repeated_bigram_fraction,payload,0.018181818181818188,,0.018181818181818188,1,100,0.018181818181818188,0.018181818181818188,0,0.95,forced_span,
,qwen2_5_7b_instruct_q4_k_m,ordinary_llm_control,personal_narrative_blog,sha256_hex,,,,repeated_bigram_fraction,payload,0.11316397228637409,,0.11316397228637409,1,100,0.11316397228637409,0.11316397228637409,0,0.95,full_message,
,qwen2_5_7b_instruct_q4_k_m,ordinary_llm_control,professional_communication,nonce_96_bit_hex,,,,repeated_bigram_fraction,payload,0.0,,0.0,1,100,0.0,0.0,0,0.95,forced_span,
,qwen2_5_7b_instruct_q4_k_m,ordinary_llm_control,professional_communication,nonce_96_bit_hex,,,,repeated_bigram_fraction,payload,0.0,,0.0,1,100,0.0,0.0,0,0.95,full_message,
,qwen2_5_7b_instruct_q4_k_m,ordinary_llm_control,professional_communication,uuid_v4,,,,repeated_bigram_fraction,payload,0.06329113924050633,,0.06329113924050633,1,100,0.06329113924050633,0.06329113924050633,0,0.95,full_message,
,qwen2_5_7b_instruct_q4_k_m,ordinary_llm_control,recipe_procedure,sha256_hex,,,,repeated_bigram_fraction,payload,0.0535714285714286,,0.0535714285714286,1,100,0.0535714285714286,0.0535714285714286,0,0.95,forced_span,
,qwen2_5_7b_instruct_q4_k_m,ordinary_llm_control,recipe_procedure,sha256_hex,,,,repeated_bigram_fraction,payload,0.021739130434782594,,0.021739130434782594,1,100,0.021739130434782594,0.021739130434782594,0,0.95,full_message,
,qwen2_5_7b_instruct_q4_k_m,ordinary_llm_control,recipe_procedure,token_128_bit_hex,,,,repeated_bigram_fraction,payload,0.040000000000000036,,0.040000000000000036,1,100,0.040000000000000036,0.040000000000000036,0,0.95,full_message,
,qwen2_5_7b_instruct_q4_k_m,segmented_hex_multi_topic,casual_conversation,nonce_96_bit_hex,,,,repeated_bigram_fraction,payload,0.0,,0.0,1,100,0.0,0.0,0,0.95,forced_span,
,qwen2_5_7b_instruct_q4_k_m,segmented_hex_multi_topic,casual_conversation,nonce_96_bit_hex,,,,repeated_bigram_fraction,payload,0.017094017094017144,,0.017094017094017144,1,100,0.017094017094017144,0.017094017094017144,0,0.95,full_message,
,qwen2_5_7b_instruct_q4_k_m,segmented_hex_multi_topic,factual_explanatory,hmac_sha256_hex,,,,repeated_bigram_fraction,payload,0.0,,0.0,1,100,0.0,0.0,0,0.95,forced_span,
,qwen2_5_7b_instruct_q4_k_m,segmented_hex_multi_topic,factual_explanatory,hmac_sha256_hex,,,,repeated_bigram_fraction,payload,0.006578947368421018,,0.006578947368421018,1,100,0.006578947368421018,0.006578947368421018,0,0.95,full_message,
,qwen2_5_7b_instruct_q4_k_m,segmented_hex_multi_topic,factual_explanatory,nonce_96_bit_hex,,,,repeated_bigram_fraction,payload,0.0,,0.0,1,100,0.0,0.0,0,0.95,forced_span,
,qwen2_5_7b_instruct_q4_k_m,segmented_hex_multi_topic,factual_explanatory,nonce_96_bit_hex,,,,repeated_bigram_fraction,payload,0.02941176470588236,,0.02941176470588236,1,100,0.02941176470588236,0.02941176470588236,0,0.95,full_message,
,qwen2_5_7b_instruct_q4_k_m,segmented_hex_multi_topic,forum_question_answer,token_128_bit_hex,,,,repeated_bigram_fraction,payload,0.0,,0.0,1,100,0.0,0.0,0,0.95,forced_span,
,qwen2_5_7b_instruct_q4_k_m,segmented_hex_multi_topic,forum_question_answer,token_128_bit_hex,,,,repeated_bigram_fraction,payload,0.0431034482758621,,0.0431034482758621,1,100,0.0431034482758621,0.0431034482758621,0,0.95,full_message,
,qwen2_5_7b_instruct_q4_k_m,segmented_hex_multi_topic,personal_narrative_blog,nonce_96_bit_hex,,,,repeated_bigram_fraction,payload,0.0,,0.0,1,100,0.0,0.0,0,0.95,forced_span,
,qwen2_5_7b_instruct_q4_k_m,segmented_hex_multi_topic,personal_narrative_blog,nonce_96_bit_hex,,,,repeated_bigram_fraction,payload,0.0,,0.0,1,100,0.0,0.0,0,0.95,full_message,
,qwen2_5_7b_instruct_q4_k_m,segmented_hex_multi_topic,professional_communication,nonce_96_bit_hex,,,,repeated_bigram_fraction,payload,0.0,,0.0,1,100,0.0,0.0,0,0.95,forced_span,
,qwen2_5_7b_instruct_q4_k_m,segmented_hex_multi_topic,professional_communication,nonce_96_bit_hex,,,,repeated_bigram_fraction,payload,0.0,,0.0,1,100,0.0,0.0,0,0.95,full_message,
,qwen2_5_7b_instruct_q4_k_m,segmented_hex_multi_topic,recipe_procedure,sha256_hex,,,,repeated_bigram_fraction,payload,0.0,,0.0,1,100,0.0,0.0,0,0.95,forced_span,
,qwen2_5_7b_instruct_q4_k_m,segmented_hex_multi_topic,recipe_procedure,sha256_hex,,,,repeated_bigram_fraction,payload,0.0,,0.0,1,100,0.0,0.0,0,0.95,full_message,
,qwen2_5_7b_instruct_q4_k_m,segmented_hex_single_topic,personal_narrative_blog,sha256_hex,,,,repeated_bigram_fraction,payload,0.0,,0.0,1,100,0.0,0.0,0,0.95,forced_span,
,qwen2_5_7b_instruct_q4_k_m,segmented_hex_single_topic,personal_narrative_blog,sha256_hex,,,,repeated_bigram_fraction,payload,0.10499999999999998,,0.10499999999999998,1,100,0.10499999999999998,0.10499999999999998,0,0.95,full_message,
,llama3_8b_instruct_q4_k_m,direct_subword_calgacus,casual_conversation,ed25519_signature_base64,,,,surface_flag_total,payload,1.0,,1.0,1,100,1.0,1.0,0,0.95,forced_span,
,llama3_8b_instruct_q4_k_m,direct_subword_calgacus,casual_conversation,ed25519_signature_base64,,,,surface_flag_total,payload,1.0,,1.0,1,100,1.0,1.0,0,0.95,full_message,
,llama3_8b_instruct_q4_k_m,nonseg_ascii_b16,forum_question_answer,aes256_gcm_base64,,,,surface_flag_total,payload,4.0,,4.0,1,100,4.0,4.0,0,0.95,forced_span,
,llama3_8b_instruct_q4_k_m,nonseg_ascii_b16,forum_question_answer,aes256_gcm_base64,,,,surface_flag_total,payload,4.0,,4.0,1,100,4.0,4.0,0,0.95,full_message,
,llama3_8b_instruct_q4_k_m,nonseg_ascii_b8,professional_communication,uuid_v4,,,,surface_flag_total,payload,1.0,,1.0,1,100,1.0,1.0,0,0.95,forced_span,
,llama3_8b_instruct_q4_k_m,nonseg_ascii_b8,professional_communication,uuid_v4,,,,surface_flag_total,payload,1.0,,1.0,1,100,1.0,1.0,0,0.95,full_message,
,llama3_8b_instruct_q4_k_m,nonseg_hex_nibble_b16,recipe_procedure,sha256_hex,,,,surface_flag_total,payload,1.0,,1.0,1,100,1.0,1.0,0,0.95,forced_span,
,llama3_8b_instruct_q4_k_m,nonseg_hex_nibble_b16,recipe_procedure,sha256_hex,,,,surface_flag_total,payload,1.0,,1.0,1,100,1.0,1.0,0,0.95,full_message,
,llama3_8b_instruct_q4_k_m,ordinary_llm_control,casual_conversation,ed25519_signature_base64,,,,surface_flag_total,payload,1.0,,1.0,1,100,1.0,1.0,0,0.95,full_message,
,llama3_8b_instruct_q4_k_m,ordinary_llm_control,casual_conversation,sha256_hex,,,,surface_flag_total,payload,1.0,,1.0,1,100,1.0,1.0,0,0.95,forced_span,
,llama3_8b_instruct_q4_k_m,ordinary_llm_control,casual_conversation,sha256_hex,,,,surface_flag_total,payload,17.0,,17.0,1,100,17.0,17.0,0,0.95,full_message,
,llama3_8b_instruct_q4_k_m,ordinary_llm_control,factual_explanatory,nonce_96_bit_hex,,,,surface_flag_total,payload,1.0,,1.0,1,100,1.0,1.0,0,0.95,forced_span,
,llama3_8b_instruct_q4_k_m,ordinary_llm_control,factual_explanatory,nonce_96_bit_hex,,,,surface_flag_total,payload,1.0,,1.0,1,100,1.0,1.0,0,0.95,full_message,
,llama3_8b_instruct_q4_k_m,ordinary_llm_control,factual_explanatory,token_128_bit_hex,,,,surface_flag_total,payload,2.0,,2.0,1,100,2.0,2.0,0,0.95,forced_span,
,llama3_8b_instruct_q4_k_m,ordinary_llm_control,factual_explanatory,token_128_bit_hex,,,,surface_flag_total,payload,1.0,,1.0,1,100,1.0,1.0,0,0.95,full_message,
,llama3_8b_instruct_q4_k_m,ordinary_llm_control,forum_question_answer,aes256_gcm_base64,,,,surface_flag_total,payload,1.0,,1.0,1,100,1.0,1.0,0,0.95,full_message,
,llama3_8b_instruct_q4_k_m,ordinary_llm_control,forum_question_answer,nonce_96_bit_hex,,,,surface_flag_total,payload,0.0,,0.0,1,100,0.0,0.0,0,0.95,forced_span,
,llama3_8b_instruct_q4_k_m,ordinary_llm_control,forum_question_answer,nonce_96_bit_hex,,,,surface_flag_total,payload,2.0,,2.0,1,100,2.0,2.0,0,0.95,full_message,
,llama3_8b_instruct_q4_k_m,ordinary_llm_control,personal_narrative_blog,hmac_sha256_hex,,,,surface_flag_total,payload,1.0,,1.0,1,100,1.0,1.0,0,0.95,forced_span,
,llama3_8b_instruct_q4_k_m,ordinary_llm_control,personal_narrative_blog,hmac_sha256_hex,,,,surface_flag_total,payload,2.0,,2.0,1,100,2.0,2.0,0,0.95,full_message,
,llama3_8b_instruct_q4_k_m,ordinary_llm_control,personal_narrative_blog,sha256_hex,,,,surface_flag_total,payload,2.0,,2.0,1,100,2.0,2.0,0,0.95,forced_span,
,llama3_8b_instruct_q4_k_m,ordinary_llm_control,personal_narrative_blog,sha256_hex,,,,surface_flag_total,payload,1.0,,1.0,1,100,1.0,1.0,0,0.95,full_message,
,llama3_8b_instruct_q4_k_m,ordinary_llm_control,professional_communication,nonce_96_bit_hex,,,,surface_flag_total,payload,2.0,,2.0,1,100,2.0,2.0,0,0.95,forced_span,
,llama3_8b_instruct_q4_k_m,ordinary_llm_control,professional_communication,nonce_96_bit_hex,,,,surface_flag_total,payload,2.0,,2.0,1,100,2.0,2.0,0,0.95,full_message,
,llama3_8b_instruct_q4_k_m,ordinary_llm_control,professional_communication,uuid_v4,,,,surface_flag_total,payload,2.0,,2.0,1,100,2.0,2.0,0,0.95,full_message,
,llama3_8b_instruct_q4_k_m,ordinary_llm_control,recipe_procedure,sha256_hex,,,,surface_flag_total,payload,1.0,,1.0,1,100,1.0,1.0,0,0.95,full_message,
,llama3_8b_instruct_q4_k_m,ordinary_llm_control,recipe_procedure,token_128_bit_hex,,,,surface_flag_total,payload,1.0,,1.0,1,100,1.0,1.0,0,0.95,forced_span,
,llama3_8b_instruct_q4_k_m,ordinary_llm_control,recipe_procedure,token_128_bit_hex,,,,surface_flag_total,payload,2.0,,2.0,1,100,2.0,2.0,0,0.95,full_message,
,llama3_8b_instruct_q4_k_m,segmented_hex_multi_topic,casual_conversation,sha256_hex,,,,surface_flag_total,payload,3.0,,3.0,1,100,3.0,3.0,0,0.95,forced_span,
,llama3_8b_instruct_q4_k_m,segmented_hex_multi_topic,casual_conversation,sha256_hex,,,,surface_flag_total,payload,3.0,,3.0,1,100,3.0,3.0,0,0.95,full_message,
,llama3_8b_instruct_q4_k_m,segmented_hex_multi_topic,factual_explanatory,nonce_96_bit_hex,,,,surface_flag_total,payload,1.0,,1.0,1,100,1.0,1.0,0,0.95,forced_span,
,llama3_8b_instruct_q4_k_m,segmented_hex_multi_topic,factual_explanatory,nonce_96_bit_hex,,,,surface_flag_total,payload,1.0,,1.0,1,100,1.0,1.0,0,0.95,full_message,
,llama3_8b_instruct_q4_k_m,segmented_hex_multi_topic,factual_explanatory,token_128_bit_hex,,,,surface_flag_total,payload,2.0,,2.0,1,100,2.0,2.0,0,0.95,forced_span,
,llama3_8b_instruct_q4_k_m,segmented_hex_multi_topic,factual_explanatory,token_128_bit_hex,,,,surface_flag_total,payload,0.0,,0.0,1,100,0.0,0.0,0,0.95,full_message,
,llama3_8b_instruct_q4_k_m,segmented_hex_multi_topic,forum_question_answer,nonce_96_bit_hex,,,,surface_flag_total,payload,6.0,,6.0,1,100,6.0,6.0,0,0.95,forced_span,
,llama3_8b_instruct_q4_k_m,segmented_hex_multi_topic,forum_question_answer,nonce_96_bit_hex,,,,surface_flag_total,payload,3.0,,3.0,1,100,3.0,3.0,0,0.95,full_message,
,llama3_8b_instruct_q4_k_m,segmented_hex_multi_topic,personal_narrative_blog,sha256_hex,,,,surface_flag_total,payload,5.0,,5.0,1,100,5.0,5.0,0,0.95,forced_span,
,llama3_8b_instruct_q4_k_m,segmented_hex_multi_topic,personal_narrative_blog,sha256_hex,,,,surface_flag_total,payload,3.0,,3.0,1,100,3.0,3.0,0,0.95,full_message,
,llama3_8b_instruct_q4_k_m,segmented_hex_multi_topic,professional_communication,nonce_96_bit_hex,,,,surface_flag_total,payload,1.0,,1.0,1,100,1.0,1.0,0,0.95,forced_span,
,llama3_8b_instruct_q4_k_m,segmented_hex_multi_topic,professional_communication,nonce_96_bit_hex,,,,surface_flag_total,payload,2.0,,2.0,1,100,2.0,2.0,0,0.95,full_message,
,llama3_8b_instruct_q4_k_m,segmented_hex_multi_topic,recipe_procedure,token_128_bit_hex,,,,surface_flag_total,payload,5.0,,5.0,1,100,5.0,5.0,0,0.95,forced_span,
,llama3_8b_instruct_q4_k_m,segmented_hex_multi_topic,recipe_procedure,token_128_bit_hex,,,,surface_flag_total,payload,5.0,,5.0,1,100,5.0,5.0,0,0.95,full_message,
,llama3_8b_instruct_q4_k_m,segmented_hex_single_topic,personal_narrative_blog,hmac_sha256_hex,,,,surface_flag_total,payload,3.0,,3.0,1,100,3.0,3.0,0,0.95,forced_span,
,llama3_8b_instruct_q4_k_m,segmented_hex_single_topic,personal_narrative_blog,hmac_sha256_hex,,,,surface_flag_total,payload,6.0,,6.0,1,100,6.0,6.0,0,0.95,full_message,
,mistral_7b_instruct_v0_3_q4_k_m,direct_subword_calgacus,casual_conversation,ed25519_signature_base64,,,,surface_flag_total,payload,3.0,,3.0,1,100,3.0,3.0,0,0.95,forced_span,
,mistral_7b_instruct_v0_3_q4_k_m,direct_subword_calgacus,casual_conversation,ed25519_signature_base64,,,,surface_flag_total,payload,3.0,,3.0,1,100,3.0,3.0,0,0.95,full_message,
,mistral_7b_instruct_v0_3_q4_k_m,nonseg_ascii_b16,forum_question_answer,aes256_gcm_base64,,,,surface_flag_total,payload,1.0,,1.0,1,100,1.0,1.0,0,0.95,forced_span,
,mistral_7b_instruct_v0_3_q4_k_m,nonseg_ascii_b16,forum_question_answer,aes256_gcm_base64,,,,surface_flag_total,payload,1.0,,1.0,1,100,1.0,1.0,0,0.95,full_message,
,mistral_7b_instruct_v0_3_q4_k_m,nonseg_ascii_b8,professional_communication,uuid_v4,,,,surface_flag_total,payload,2.0,,2.0,1,100,2.0,2.0,0,0.95,forced_span,
,mistral_7b_instruct_v0_3_q4_k_m,nonseg_ascii_b8,professional_communication,uuid_v4,,,,surface_flag_total,payload,2.0,,2.0,1,100,2.0,2.0,0,0.95,full_message,
,mistral_7b_instruct_v0_3_q4_k_m,nonseg_hex_nibble_b16,recipe_procedure,nonce_96_bit_hex,,,,surface_flag_total,payload,1.0,,1.0,1,100,1.0,1.0,0,0.95,forced_span,
,mistral_7b_instruct_v0_3_q4_k_m,nonseg_hex_nibble_b16,recipe_procedure,nonce_96_bit_hex,,,,surface_flag_total,payload,1.0,,1.0,1,100,1.0,1.0,0,0.95,full_message,
,mistral_7b_instruct_v0_3_q4_k_m,ordinary_llm_control,casual_conversation,ed25519_signature_base64,,,,surface_flag_total,payload,1.0,,1.0,1,100,1.0,1.0,0,0.95,full_message,
,mistral_7b_instruct_v0_3_q4_k_m,ordinary_llm_control,casual_conversation,nonce_96_bit_hex,,,,surface_flag_total,payload,1.0,,1.0,1,100,1.0,1.0,0,0.95,forced_span,
,mistral_7b_instruct_v0_3_q4_k_m,ordinary_llm_control,casual_conversation,nonce_96_bit_hex,,,,surface_flag_total,payload,0.0,,0.0,1,100,0.0,0.0,0,0.95,full_message,
,mistral_7b_instruct_v0_3_q4_k_m,ordinary_llm_control,factual_explanatory,sha256_hex,,,,surface_flag_total,payload,1.0,,1.0,1,100,1.0,1.0,0,0.95,forced_span,
,mistral_7b_instruct_v0_3_q4_k_m,ordinary_llm_control,factual_explanatory,sha256_hex,,,,surface_flag_total,payload,5.0,,5.0,1,100,5.0,5.0,0,0.95,full_message,
,mistral_7b_instruct_v0_3_q4_k_m,ordinary_llm_control,factual_explanatory,token_128_bit_hex,,,,surface_flag_total,payload,1.0,,1.0,1,100,1.0,1.0,0,0.95,forced_span,
,mistral_7b_instruct_v0_3_q4_k_m,ordinary_llm_control,factual_explanatory,token_128_bit_hex,,,,surface_flag_total,payload,1.0,,1.0,1,100,1.0,1.0,0,0.95,full_message,
,mistral_7b_instruct_v0_3_q4_k_m,ordinary_llm_control,forum_question_answer,aes256_gcm_base64,,,,surface_flag_total,payload,1.0,,1.0,1,100,1.0,1.0,0,0.95,full_message,
,mistral_7b_instruct_v0_3_q4_k_m,ordinary_llm_control,forum_question_answer,sha256_hex,,,,surface_flag_total,payload,1.0,,1.0,1,100,1.0,1.0,0,0.95,forced_span,
,mistral_7b_instruct_v0_3_q4_k_m,ordinary_llm_control,forum_question_answer,sha256_hex,,,,surface_flag_total,payload,5.0,,5.0,1,100,5.0,5.0,0,0.95,full_message,
,mistral_7b_instruct_v0_3_q4_k_m,ordinary_llm_control,personal_narrative_blog,nonce_96_bit_hex,,,,surface_flag_total,payload,1.0,,1.0,1,100,1.0,1.0,0,0.95,forced_span,
,mistral_7b_instruct_v0_3_q4_k_m,ordinary_llm_control,personal_narrative_blog,nonce_96_bit_hex,,,,surface_flag_total,payload,1.0,,1.0,1,100,1.0,1.0,0,0.95,full_message,
,mistral_7b_instruct_v0_3_q4_k_m,ordinary_llm_control,personal_narrative_blog,token_128_bit_hex,,,,surface_flag_total,payload,1.0,,1.0,1,100,1.0,1.0,0,0.95,forced_span,
,mistral_7b_instruct_v0_3_q4_k_m,ordinary_llm_control,personal_narrative_blog,token_128_bit_hex,,,,surface_flag_total,payload,1.0,,1.0,1,100,1.0,1.0,0,0.95,full_message,
,mistral_7b_instruct_v0_3_q4_k_m,ordinary_llm_control,professional_communication,uuid_v4,,,,surface_flag_total,payload,1.0,,1.0,1,100,1.0,1.0,0,0.95,full_message,
,mistral_7b_instruct_v0_3_q4_k_m,ordinary_llm_control,recipe_procedure,nonce_96_bit_hex,,,,surface_flag_total,payload,1.0,,1.0,1,100,1.0,1.0,0,0.95,full_message,
,mistral_7b_instruct_v0_3_q4_k_m,ordinary_llm_control,recipe_procedure,token_128_bit_hex,,,,surface_flag_total,payload,2.0,,2.0,1,100,2.0,2.0,0,0.95,forced_span,
,mistral_7b_instruct_v0_3_q4_k_m,ordinary_llm_control,recipe_procedure,token_128_bit_hex,,,,surface_flag_total,payload,1.0,,1.0,1,100,1.0,1.0,0,0.95,full_message,
,mistral_7b_instruct_v0_3_q4_k_m,segmented_hex_multi_topic,casual_conversation,nonce_96_bit_hex,,,,surface_flag_total,payload,1.0,,1.0,1,100,1.0,1.0,0,0.95,forced_span,
,mistral_7b_instruct_v0_3_q4_k_m,segmented_hex_multi_topic,casual_conversation,nonce_96_bit_hex,,,,surface_flag_total,payload,1.0,,1.0,1,100,1.0,1.0,0,0.95,full_message,
,mistral_7b_instruct_v0_3_q4_k_m,segmented_hex_multi_topic,factual_explanatory,sha256_hex,,,,surface_flag_total,payload,1.0,,1.0,1,100,1.0,1.0,0,0.95,forced_span,
,mistral_7b_instruct_v0_3_q4_k_m,segmented_hex_multi_topic,factual_explanatory,sha256_hex,,,,surface_flag_total,payload,0.0,,0.0,1,100,0.0,0.0,0,0.95,full_message,
,mistral_7b_instruct_v0_3_q4_k_m,segmented_hex_multi_topic,factual_explanatory,token_128_bit_hex,,,,surface_flag_total,payload,2.0,,2.0,1,100,2.0,2.0,0,0.95,forced_span,
,mistral_7b_instruct_v0_3_q4_k_m,segmented_hex_multi_topic,factual_explanatory,token_128_bit_hex,,,,surface_flag_total,payload,0.0,,0.0,1,100,0.0,0.0,0,0.95,full_message,
,mistral_7b_instruct_v0_3_q4_k_m,segmented_hex_multi_topic,forum_question_answer,sha256_hex,,,,surface_flag_total,payload,6.0,,6.0,1,100,6.0,6.0,0,0.95,forced_span,
,mistral_7b_instruct_v0_3_q4_k_m,segmented_hex_multi_topic,forum_question_answer,sha256_hex,,,,surface_flag_total,payload,1.0,,1.0,1,100,1.0,1.0,0,0.95,full_message,
,mistral_7b_instruct_v0_3_q4_k_m,segmented_hex_multi_topic,personal_narrative_blog,nonce_96_bit_hex,,,,surface_flag_total,payload,2.0,,2.0,1,100,2.0,2.0,0,0.95,forced_span,
,mistral_7b_instruct_v0_3_q4_k_m,segmented_hex_multi_topic,personal_narrative_blog,nonce_96_bit_hex,,,,surface_flag_total,payload,0.0,,0.0,1,100,0.0,0.0,0,0.95,full_message,
,mistral_7b_instruct_v0_3_q4_k_m,segmented_hex_multi_topic,recipe_procedure,token_128_bit_hex,,,,surface_flag_total,payload,3.0,,3.0,1,100,3.0,3.0,0,0.95,forced_span,
,mistral_7b_instruct_v0_3_q4_k_m,segmented_hex_multi_topic,recipe_procedure,token_128_bit_hex,,,,surface_flag_total,payload,3.0,,3.0,1,100,3.0,3.0,0,0.95,full_message,
,mistral_7b_instruct_v0_3_q4_k_m,segmented_hex_single_topic,personal_narrative_blog,token_128_bit_hex,,,,surface_flag_total,payload,1.0,,1.0,1,100,1.0,1.0,0,0.95,forced_span,
,mistral_7b_instruct_v0_3_q4_k_m,segmented_hex_single_topic,personal_narrative_blog,token_128_bit_hex,,,,surface_flag_total,payload,0.0,,0.0,1,100,0.0,0.0,0,0.95,full_message,
,qwen2_5_7b_instruct_q4_k_m,direct_subword_calgacus,casual_conversation,ed25519_signature_base64,,,,surface_flag_total,payload,1.0,,1.0,1,100,1.0,1.0,0,0.95,forced_span,
,qwen2_5_7b_instruct_q4_k_m,direct_subword_calgacus,casual_conversation,ed25519_signature_base64,,,,surface_flag_total,payload,1.0,,1.0,1,100,1.0,1.0,0,0.95,full_message,
,qwen2_5_7b_instruct_q4_k_m,nonseg_ascii_b16,forum_question_answer,chacha20_poly1305_base64,,,,surface_flag_total,payload,1.0,,1.0,1,100,1.0,1.0,0,0.95,forced_span,
,qwen2_5_7b_instruct_q4_k_m,nonseg_ascii_b16,forum_question_answer,chacha20_poly1305_base64,,,,surface_flag_total,payload,1.0,,1.0,1,100,1.0,1.0,0,0.95,full_message,
,qwen2_5_7b_instruct_q4_k_m,nonseg_ascii_b8,professional_communication,uuid_v4,,,,surface_flag_total,payload,2.0,,2.0,1,100,2.0,2.0,0,0.95,forced_span,
,qwen2_5_7b_instruct_q4_k_m,nonseg_ascii_b8,professional_communication,uuid_v4,,,,surface_flag_total,payload,2.0,,2.0,1,100,2.0,2.0,0,0.95,full_message,
,qwen2_5_7b_instruct_q4_k_m,nonseg_hex_nibble_b16,recipe_procedure,token_128_bit_hex,,,,surface_flag_total,payload,3.0,,3.0,1,100,3.0,3.0,0,0.95,forced_span,
,qwen2_5_7b_instruct_q4_k_m,nonseg_hex_nibble_b16,recipe_procedure,token_128_bit_hex,,,,surface_flag_total,payload,3.0,,3.0,1,100,3.0,3.0,0,0.95,full_message,
,qwen2_5_7b_instruct_q4_k_m,ordinary_llm_control,casual_conversation,ed25519_signature_base64,,,,surface_flag_total,payload,1.0,,1.0,1,100,1.0,1.0,0,0.95,full_message,
,qwen2_5_7b_instruct_q4_k_m,ordinary_llm_control,casual_conversation,nonce_96_bit_hex,,,,surface_flag_total,payload,2.0,,2.0,1,100,2.0,2.0,0,0.95,forced_span,
,qwen2_5_7b_instruct_q4_k_m,ordinary_llm_control,casual_conversation,nonce_96_bit_hex,,,,surface_flag_total,payload,1.0,,1.0,1,100,1.0,1.0,0,0.95,full_message,
,qwen2_5_7b_instruct_q4_k_m,ordinary_llm_control,factual_explanatory,hmac_sha256_hex,,,,surface_flag_total,payload,0.0,,0.0,1,100,0.0,0.0,0,0.95,forced_span,
,qwen2_5_7b_instruct_q4_k_m,ordinary_llm_control,factual_explanatory,hmac_sha256_hex,,,,surface_flag_total,payload,1.0,,1.0,1,100,1.0,1.0,0,0.95,full_message,
,qwen2_5_7b_instruct_q4_k_m,ordinary_llm_control,factual_explanatory,nonce_96_bit_hex,,,,surface_flag_total,payload,1.0,,1.0,1,100,1.0,1.0,0,0.95,forced_span,
,qwen2_5_7b_instruct_q4_k_m,ordinary_llm_control,factual_explanatory,nonce_96_bit_hex,,,,surface_flag_total,payload,5.0,,5.0,1,100,5.0,5.0,0,0.95,full_message,
,qwen2_5_7b_instruct_q4_k_m,ordinary_llm_control,forum_question_answer,chacha20_poly1305_base64,,,,surface_flag_total,payload,1.0,,1.0,1,100,1.0,1.0,0,0.95,full_message,
,qwen2_5_7b_instruct_q4_k_m,ordinary_llm_control,forum_question_answer,token_128_bit_hex,,,,surface_flag_total,payload,1.0,,1.0,1,100,1.0,1.0,0,0.95,forced_span,
,qwen2_5_7b_instruct_q4_k_m,ordinary_llm_control,forum_question_answer,token_128_bit_hex,,,,surface_flag_total,payload,1.0,,1.0,1,100,1.0,1.0,0,0.95,full_message,
,qwen2_5_7b_instruct_q4_k_m,ordinary_llm_control,personal_narrative_blog,nonce_96_bit_hex,,,,surface_flag_total,payload,1.0,,1.0,1,100,1.0,1.0,0,0.95,forced_span,
,qwen2_5_7b_instruct_q4_k_m,ordinary_llm_control,personal_narrative_blog,nonce_96_bit_hex,,,,surface_flag_total,payload,1.0,,1.0,1,100,1.0,1.0,0,0.95,full_message,
,qwen2_5_7b_instruct_q4_k_m,ordinary_llm_control,personal_narrative_blog,sha256_hex,,,,surface_flag_total,payload,1.0,,1.0,1,100,1.0,1.0,0,0.95,forced_span,
,qwen2_5_7b_instruct_q4_k_m,ordinary_llm_control,personal_narrative_blog,sha256_hex,,,,surface_flag_total,payload,1.0,,1.0,1,100,1.0,1.0,0,0.95,full_message,
,qwen2_5_7b_instruct_q4_k_m,ordinary_llm_control,professional_communication,nonce_96_bit_hex,,,,surface_flag_total,payload,1.0,,1.0,1,100,1.0,1.0,0,0.95,forced_span,
,qwen2_5_7b_instruct_q4_k_m,ordinary_llm_control,professional_communication,nonce_96_bit_hex,,,,surface_flag_total,payload,1.0,,1.0,1,100,1.0,1.0,0,0.95,full_message,
,qwen2_5_7b_instruct_q4_k_m,ordinary_llm_control,professional_communication,uuid_v4,,,,surface_flag_total,payload,1.0,,1.0,1,100,1.0,1.0,0,0.95,full_message,
,qwen2_5_7b_instruct_q4_k_m,ordinary_llm_control,recipe_procedure,sha256_hex,,,,surface_flag_total,payload,1.0,,1.0,1,100,1.0,1.0,0,0.95,forced_span,
,qwen2_5_7b_instruct_q4_k_m,ordinary_llm_control,recipe_procedure,sha256_hex,,,,surface_flag_total,payload,1.0,,1.0,1,100,1.0,1.0,0,0.95,full_message,
,qwen2_5_7b_instruct_q4_k_m,ordinary_llm_control,recipe_procedure,token_128_bit_hex,,,,surface_flag_total,payload,1.0,,1.0,1,100,1.0,1.0,0,0.95,full_message,
,qwen2_5_7b_instruct_q4_k_m,segmented_hex_multi_topic,casual_conversation,nonce_96_bit_hex,,,,surface_flag_total,payload,0.0,,0.0,1,100,0.0,0.0,0,0.95,forced_span,
,qwen2_5_7b_instruct_q4_k_m,segmented_hex_multi_topic,casual_conversation,nonce_96_bit_hex,,,,surface_flag_total,payload,1.0,,1.0,1,100,1.0,1.0,0,0.95,full_message,
,qwen2_5_7b_instruct_q4_k_m,segmented_hex_multi_topic,factual_explanatory,hmac_sha256_hex,,,,surface_flag_total,payload,1.0,,1.0,1,100,1.0,1.0,0,0.95,forced_span,
,qwen2_5_7b_instruct_q4_k_m,segmented_hex_multi_topic,factual_explanatory,hmac_sha256_hex,,,,surface_flag_total,payload,0.0,,0.0,1,100,0.0,0.0,0,0.95,full_message,
,qwen2_5_7b_instruct_q4_k_m,segmented_hex_multi_topic,factual_explanatory,nonce_96_bit_hex,,,,surface_flag_total,payload,1.0,,1.0,1,100,1.0,1.0,0,0.95,forced_span,
,qwen2_5_7b_instruct_q4_k_m,segmented_hex_multi_topic,factual_explanatory,nonce_96_bit_hex,,,,surface_flag_total,payload,0.0,,0.0,1,100,0.0,0.0,0,0.95,full_message,
,qwen2_5_7b_instruct_q4_k_m,segmented_hex_multi_topic,forum_question_answer,token_128_bit_hex,,,,surface_flag_total,payload,2.0,,2.0,1,100,2.0,2.0,0,0.95,forced_span,
,qwen2_5_7b_instruct_q4_k_m,segmented_hex_multi_topic,forum_question_answer,token_128_bit_hex,,,,surface_flag_total,payload,0.0,,0.0,1,100,0.0,0.0,0,0.95,full_message,
,qwen2_5_7b_instruct_q4_k_m,segmented_hex_multi_topic,personal_narrative_blog,nonce_96_bit_hex,,,,surface_flag_total,payload,2.0,,2.0,1,100,2.0,2.0,0,0.95,forced_span,
,qwen2_5_7b_instruct_q4_k_m,segmented_hex_multi_topic,personal_narrative_blog,nonce_96_bit_hex,,,,surface_flag_total,payload,0.0,,0.0,1,100,0.0,0.0,0,0.95,full_message,
,qwen2_5_7b_instruct_q4_k_m,segmented_hex_multi_topic,professional_communication,nonce_96_bit_hex,,,,surface_flag_total,payload,1.0,,1.0,1,100,1.0,1.0,0,0.95,forced_span,
,qwen2_5_7b_instruct_q4_k_m,segmented_hex_multi_topic,professional_communication,nonce_96_bit_hex,,,,surface_flag_total,payload,0.0,,0.0,1,100,0.0,0.0,0,0.95,full_message,
,qwen2_5_7b_instruct_q4_k_m,segmented_hex_multi_topic,recipe_procedure,sha256_hex,,,,surface_flag_total,payload,2.0,,2.0,1,100,2.0,2.0,0,0.95,forced_span,
,qwen2_5_7b_instruct_q4_k_m,segmented_hex_multi_topic,recipe_procedure,sha256_hex,,,,surface_flag_total,payload,2.0,,2.0,1,100,2.0,2.0,0,0.95,full_message,
,qwen2_5_7b_instruct_q4_k_m,segmented_hex_single_topic,personal_narrative_blog,sha256_hex,,,,surface_flag_total,payload,2.0,,2.0,1,100,2.0,2.0,0,0.95,forced_span,
,qwen2_5_7b_instruct_q4_k_m,segmented_hex_single_topic,personal_narrative_blog,sha256_hex,,,,surface_flag_total,payload,0.0,,0.0,1,100,0.0,0.0,0,0.95,full_message,
,llama3_8b_instruct_q4_k_m,direct_subword_calgacus,casual_conversation,ed25519_signature_base64,,,,tfidf_prompt_similarity,payload,0.039789437101851344,,0.039789437101851344,1,100,0.039789437101851344,0.039789437101851344,0,0.95,forced_span,
,llama3_8b_instruct_q4_k_m,direct_subword_calgacus,casual_conversation,ed25519_signature_base64,,,,tfidf_prompt_similarity,payload,0.039789437101851344,,0.039789437101851344,1,100,0.039789437101851344,0.039789437101851344,0,0.95,full_message,
,llama3_8b_instruct_q4_k_m,nonseg_ascii_b16,forum_question_answer,aes256_gcm_base64,,,,tfidf_prompt_similarity,payload,0.05058012231415981,,0.05058012231415981,1,100,0.05058012231415981,0.05058012231415981,0,0.95,forced_span,
,llama3_8b_instruct_q4_k_m,nonseg_ascii_b16,forum_question_answer,aes256_gcm_base64,,,,tfidf_prompt_similarity,payload,0.05058012231415981,,0.05058012231415981,1,100,0.05058012231415981,0.05058012231415981,0,0.95,full_message,
,llama3_8b_instruct_q4_k_m,nonseg_ascii_b8,professional_communication,uuid_v4,,,,tfidf_prompt_similarity,payload,0.06978792671272113,,0.06978792671272113,1,100,0.06978792671272113,0.06978792671272113,0,0.95,forced_span,
,llama3_8b_instruct_q4_k_m,nonseg_ascii_b8,professional_communication,uuid_v4,,,,tfidf_prompt_similarity,payload,0.06978792671272113,,0.06978792671272113,1,100,0.06978792671272113,0.06978792671272113,0,0.95,full_message,
,llama3_8b_instruct_q4_k_m,nonseg_hex_nibble_b16,recipe_procedure,sha256_hex,,,,tfidf_prompt_similarity,payload,0.045515740924665454,,0.045515740924665454,1,100,0.045515740924665454,0.045515740924665454,0,0.95,forced_span,
,llama3_8b_instruct_q4_k_m,nonseg_hex_nibble_b16,recipe_procedure,sha256_hex,,,,tfidf_prompt_similarity,payload,0.045515740924665454,,0.045515740924665454,1,100,0.045515740924665454,0.045515740924665454,0,0.95,full_message,
,llama3_8b_instruct_q4_k_m,ordinary_llm_control,casual_conversation,ed25519_signature_base64,,,,tfidf_prompt_similarity,payload,0.06262849730895065,,0.06262849730895065,1,100,0.06262849730895065,0.06262849730895065,0,0.95,full_message,
,llama3_8b_instruct_q4_k_m,ordinary_llm_control,casual_conversation,sha256_hex,,,,tfidf_prompt_similarity,payload,0.02370970691439222,,0.02370970691439222,1,100,0.02370970691439222,0.02370970691439222,0,0.95,forced_span,
,llama3_8b_instruct_q4_k_m,ordinary_llm_control,casual_conversation,sha256_hex,,,,tfidf_prompt_similarity,payload,0.23775385026661613,,0.23775385026661613,1,100,0.23775385026661613,0.23775385026661613,0,0.95,full_message,
,llama3_8b_instruct_q4_k_m,ordinary_llm_control,factual_explanatory,nonce_96_bit_hex,,,,tfidf_prompt_similarity,payload,0.06833701201497874,,0.06833701201497874,1,100,0.06833701201497874,0.06833701201497874,0,0.95,forced_span,
,llama3_8b_instruct_q4_k_m,ordinary_llm_control,factual_explanatory,nonce_96_bit_hex,,,,tfidf_prompt_similarity,payload,0.039536950051274,,0.039536950051274,1,100,0.039536950051274,0.039536950051274,0,0.95,full_message,
,llama3_8b_instruct_q4_k_m,ordinary_llm_control,factual_explanatory,token_128_bit_hex,,,,tfidf_prompt_similarity,payload,0.05136128164057338,,0.05136128164057338,1,100,0.05136128164057338,0.05136128164057338,0,0.95,forced_span,
,llama3_8b_instruct_q4_k_m,ordinary_llm_control,factual_explanatory,token_128_bit_hex,,,,tfidf_prompt_similarity,payload,0.10117954817274395,,0.10117954817274395,1,100,0.10117954817274395,0.10117954817274395,0,0.95,full_message,
,llama3_8b_instruct_q4_k_m,ordinary_llm_control,forum_question_answer,aes256_gcm_base64,,,,tfidf_prompt_similarity,payload,0.05782896651039712,,0.05782896651039712,1,100,0.05782896651039712,0.05782896651039712,0,0.95,full_message,
,llama3_8b_instruct_q4_k_m,ordinary_llm_control,forum_question_answer,nonce_96_bit_hex,,,,tfidf_prompt_similarity,payload,0.053697967652005636,,0.053697967652005636,1,100,0.053697967652005636,0.053697967652005636,0,0.95,forced_span,
,llama3_8b_instruct_q4_k_m,ordinary_llm_control,forum_question_answer,nonce_96_bit_hex,,,,tfidf_prompt_similarity,payload,0.05051770501071942,,0.05051770501071942,1,100,0.05051770501071942,0.05051770501071942,0,0.95,full_message,
,llama3_8b_instruct_q4_k_m,ordinary_llm_control,personal_narrative_blog,hmac_sha256_hex,,,,tfidf_prompt_similarity,payload,0.06124271521304713,,0.06124271521304713,1,100,0.06124271521304713,0.06124271521304713,0,0.95,forced_span,
,llama3_8b_instruct_q4_k_m,ordinary_llm_control,personal_narrative_blog,hmac_sha256_hex,,,,tfidf_prompt_similarity,payload,0.0578285737611936,,0.0578285737611936,1,100,0.0578285737611936,0.0578285737611936,0,0.95,full_message,
,llama3_8b_instruct_q4_k_m,ordinary_llm_control,personal_narrative_blog,sha256_hex,,,,tfidf_prompt_similarity,payload,0.05055950943191418,,0.05055950943191418,1,100,0.05055950943191418,0.05055950943191418,0,0.95,forced_span,
,llama3_8b_instruct_q4_k_m,ordinary_llm_control,personal_narrative_blog,sha256_hex,,,,tfidf_prompt_similarity,payload,0.07586554907591173,,0.07586554907591173,1,100,0.07586554907591173,0.07586554907591173,0,0.95,full_message,
,llama3_8b_instruct_q4_k_m,ordinary_llm_control,professional_communication,nonce_96_bit_hex,,,,tfidf_prompt_similarity,payload,0.1180168037503174,,0.1180168037503174,1,100,0.1180168037503174,0.1180168037503174,0,0.95,forced_span,
,llama3_8b_instruct_q4_k_m,ordinary_llm_control,professional_communication,nonce_96_bit_hex,,,,tfidf_prompt_similarity,payload,0.2243242439478029,,0.2243242439478029,1,100,0.2243242439478029,0.2243242439478029,0,0.95,full_message,
,llama3_8b_instruct_q4_k_m,ordinary_llm_control,professional_communication,uuid_v4,,,,tfidf_prompt_similarity,payload,0.16050383245336652,,0.16050383245336652,1,100,0.16050383245336652,0.16050383245336652,0,0.95,full_message,
,llama3_8b_instruct_q4_k_m,ordinary_llm_control,recipe_procedure,sha256_hex,,,,tfidf_prompt_similarity,payload,0.08695525741310131,,0.08695525741310131,1,100,0.08695525741310131,0.08695525741310131,0,0.95,full_message,
,llama3_8b_instruct_q4_k_m,ordinary_llm_control,recipe_procedure,token_128_bit_hex,,,,tfidf_prompt_similarity,payload,0.13158200980652307,,0.13158200980652307,1,100,0.13158200980652307,0.13158200980652307,0,0.95,forced_span,
,llama3_8b_instruct_q4_k_m,ordinary_llm_control,recipe_procedure,token_128_bit_hex,,,,tfidf_prompt_similarity,payload,0.048308303772588754,,0.048308303772588754,1,100,0.048308303772588754,0.048308303772588754,0,0.95,full_message,
,llama3_8b_instruct_q4_k_m,segmented_hex_multi_topic,casual_conversation,sha256_hex,,,,tfidf_prompt_similarity,payload,0.12766714273374935,,0.12766714273374935,1,100,0.12766714273374935,0.12766714273374935,0,0.95,forced_span,
,llama3_8b_instruct_q4_k_m,segmented_hex_multi_topic,casual_conversation,sha256_hex,,,,tfidf_prompt_similarity,payload,0.26240448096026253,,0.26240448096026253,1,100,0.26240448096026253,0.26240448096026253,0,0.95,full_message,
,llama3_8b_instruct_q4_k_m,segmented_hex_multi_topic,factual_explanatory,nonce_96_bit_hex,,,,tfidf_prompt_similarity,payload,0.009720835122593452,,0.009720835122593452,1,100,0.009720835122593452,0.009720835122593452,0,0.95,forced_span,
,llama3_8b_instruct_q4_k_m,segmented_hex_multi_topic,factual_explanatory,nonce_96_bit_hex,,,,tfidf_prompt_similarity,payload,0.26026333626682757,,0.26026333626682757,1,100,0.26026333626682757,0.26026333626682757,0,0.95,full_message,
,llama3_8b_instruct_q4_k_m,segmented_hex_multi_topic,factual_explanatory,token_128_bit_hex,,,,tfidf_prompt_similarity,payload,0.015833021403275426,,0.015833021403275426,1,100,0.015833021403275426,0.015833021403275426,0,0.95,forced_span,
,llama3_8b_instruct_q4_k_m,segmented_hex_multi_topic,factual_explanatory,token_128_bit_hex,,,,tfidf_prompt_similarity,payload,0.06745927817451235,,0.06745927817451235,1,100,0.06745927817451235,0.06745927817451235,0,0.95,full_message,
,llama3_8b_instruct_q4_k_m,segmented_hex_multi_topic,forum_question_answer,nonce_96_bit_hex,,,,tfidf_prompt_similarity,payload,0.09177122728203774,,0.09177122728203774,1,100,0.09177122728203774,0.09177122728203774,0,0.95,forced_span,
,llama3_8b_instruct_q4_k_m,segmented_hex_multi_topic,forum_question_answer,nonce_96_bit_hex,,,,tfidf_prompt_similarity,payload,0.1918187649687496,,0.1918187649687496,1,100,0.1918187649687496,0.1918187649687496,0,0.95,full_message,
,llama3_8b_instruct_q4_k_m,segmented_hex_multi_topic,personal_narrative_blog,sha256_hex,,,,tfidf_prompt_similarity,payload,0.10954009718275216,,0.10954009718275216,1,100,0.10954009718275216,0.10954009718275216,0,0.95,forced_span,
,llama3_8b_instruct_q4_k_m,segmented_hex_multi_topic,personal_narrative_blog,sha256_hex,,,,tfidf_prompt_similarity,payload,0.29524619376748706,,0.29524619376748706,1,100,0.29524619376748706,0.29524619376748706,0,0.95,full_message,
,llama3_8b_instruct_q4_k_m,segmented_hex_multi_topic,professional_communication,nonce_96_bit_hex,,,,tfidf_prompt_similarity,payload,0.049370509910561765,,0.049370509910561765,1,100,0.049370509910561765,0.049370509910561765,0,0.95,forced_span,
,llama3_8b_instruct_q4_k_m,segmented_hex_multi_topic,professional_communication,nonce_96_bit_hex,,,,tfidf_prompt_similarity,payload,0.14180482470208416,,0.14180482470208416,1,100,0.14180482470208416,0.14180482470208416,0,0.95,full_message,
,llama3_8b_instruct_q4_k_m,segmented_hex_multi_topic,recipe_procedure,token_128_bit_hex,,,,tfidf_prompt_similarity,payload,0.06726818265224094,,0.06726818265224094,1,100,0.06726818265224094,0.06726818265224094,0,0.95,forced_span,
,llama3_8b_instruct_q4_k_m,segmented_hex_multi_topic,recipe_procedure,token_128_bit_hex,,,,tfidf_prompt_similarity,payload,0.06726818265224094,,0.06726818265224094,1,100,0.06726818265224094,0.06726818265224094,0,0.95,full_message,
,llama3_8b_instruct_q4_k_m,segmented_hex_single_topic,personal_narrative_blog,hmac_sha256_hex,,,,tfidf_prompt_similarity,payload,0.0938791753362507,,0.0938791753362507,1,100,0.0938791753362507,0.0938791753362507,0,0.95,forced_span,
,llama3_8b_instruct_q4_k_m,segmented_hex_single_topic,personal_narrative_blog,hmac_sha256_hex,,,,tfidf_prompt_similarity,payload,0.11491897526910273,,0.11491897526910273,1,100,0.11491897526910273,0.11491897526910273,0,0.95,full_message,
,mistral_7b_instruct_v0_3_q4_k_m,direct_subword_calgacus,casual_conversation,ed25519_signature_base64,,,,tfidf_prompt_similarity,payload,0.026754768720019584,,0.026754768720019584,1,100,0.026754768720019584,0.026754768720019584,0,0.95,forced_span,
,mistral_7b_instruct_v0_3_q4_k_m,direct_subword_calgacus,casual_conversation,ed25519_signature_base64,,,,tfidf_prompt_similarity,payload,0.026754768720019584,,0.026754768720019584,1,100,0.026754768720019584,0.026754768720019584,0,0.95,full_message,
,mistral_7b_instruct_v0_3_q4_k_m,nonseg_ascii_b16,forum_question_answer,aes256_gcm_base64,,,,tfidf_prompt_similarity,payload,0.04285388210073305,,0.04285388210073305,1,100,0.04285388210073305,0.04285388210073305,0,0.95,forced_span,
,mistral_7b_instruct_v0_3_q4_k_m,nonseg_ascii_b16,forum_question_answer,aes256_gcm_base64,,,,tfidf_prompt_similarity,payload,0.04285388210073305,,0.04285388210073305,1,100,0.04285388210073305,0.04285388210073305,0,0.95,full_message,
,mistral_7b_instruct_v0_3_q4_k_m,nonseg_ascii_b8,professional_communication,uuid_v4,,,,tfidf_prompt_similarity,payload,0.016908182363158483,,0.016908182363158483,1,100,0.016908182363158483,0.016908182363158483,0,0.95,forced_span,
,mistral_7b_instruct_v0_3_q4_k_m,nonseg_ascii_b8,professional_communication,uuid_v4,,,,tfidf_prompt_similarity,payload,0.016908182363158483,,0.016908182363158483,1,100,0.016908182363158483,0.016908182363158483,0,0.95,full_message,
,mistral_7b_instruct_v0_3_q4_k_m,nonseg_hex_nibble_b16,recipe_procedure,nonce_96_bit_hex,,,,tfidf_prompt_similarity,payload,0.031689811749357054,,0.031689811749357054,1,100,0.031689811749357054,0.031689811749357054,0,0.95,forced_span,
,mistral_7b_instruct_v0_3_q4_k_m,nonseg_hex_nibble_b16,recipe_procedure,nonce_96_bit_hex,,,,tfidf_prompt_similarity,payload,0.031689811749357054,,0.031689811749357054,1,100,0.031689811749357054,0.031689811749357054,0,0.95,full_message,
,mistral_7b_instruct_v0_3_q4_k_m,ordinary_llm_control,casual_conversation,ed25519_signature_base64,,,,tfidf_prompt_similarity,payload,0.047434053845386855,,0.047434053845386855,1,100,0.047434053845386855,0.047434053845386855,0,0.95,full_message,
,mistral_7b_instruct_v0_3_q4_k_m,ordinary_llm_control,casual_conversation,nonce_96_bit_hex,,,,tfidf_prompt_similarity,payload,0.052080036553896134,,0.052080036553896134,1,100,0.052080036553896134,0.052080036553896134,0,0.95,forced_span,
,mistral_7b_instruct_v0_3_q4_k_m,ordinary_llm_control,casual_conversation,nonce_96_bit_hex,,,,tfidf_prompt_similarity,payload,0.0688080492745631,,0.0688080492745631,1,100,0.0688080492745631,0.0688080492745631,0,0.95,full_message,
,mistral_7b_instruct_v0_3_q4_k_m,ordinary_llm_control,factual_explanatory,sha256_hex,,,,tfidf_prompt_similarity,payload,0.0403135147219937,,0.0403135147219937,1,100,0.0403135147219937,0.0403135147219937,0,0.95,forced_span,
,mistral_7b_instruct_v0_3_q4_k_m,ordinary_llm_control,factual_explanatory,sha256_hex,,,,tfidf_prompt_similarity,payload,0.1763609946675842,,0.1763609946675842,1,100,0.1763609946675842,0.1763609946675842,0,0.95,full_message,
,mistral_7b_instruct_v0_3_q4_k_m,ordinary_llm_control,factual_explanatory,token_128_bit_hex,,,,tfidf_prompt_similarity,payload,0.09499503060185524,,0.09499503060185524,1,100,0.09499503060185524,0.09499503060185524,0,0.95,forced_span,
,mistral_7b_instruct_v0_3_q4_k_m,ordinary_llm_control,factual_explanatory,token_128_bit_hex,,,,tfidf_prompt_similarity,payload,0.10563396003653126,,0.10563396003653126,1,100,0.10563396003653126,0.10563396003653126,0,0.95,full_message,
,mistral_7b_instruct_v0_3_q4_k_m,ordinary_llm_control,forum_question_answer,aes256_gcm_base64,,,,tfidf_prompt_similarity,payload,0.0705649973040759,,0.0705649973040759,1,100,0.0705649973040759,0.0705649973040759,0,0.95,full_message,
,mistral_7b_instruct_v0_3_q4_k_m,ordinary_llm_control,forum_question_answer,sha256_hex,,,,tfidf_prompt_similarity,payload,0.05478619931220169,,0.05478619931220169,1,100,0.05478619931220169,0.05478619931220169,0,0.95,forced_span,
,mistral_7b_instruct_v0_3_q4_k_m,ordinary_llm_control,forum_question_answer,sha256_hex,,,,tfidf_prompt_similarity,payload,0.06855836660916113,,0.06855836660916113,1,100,0.06855836660916113,0.06855836660916113,0,0.95,full_message,
,mistral_7b_instruct_v0_3_q4_k_m,ordinary_llm_control,personal_narrative_blog,nonce_96_bit_hex,,,,tfidf_prompt_similarity,payload,0.017167042996789023,,0.017167042996789023,1,100,0.017167042996789023,0.017167042996789023,0,0.95,forced_span,
,mistral_7b_instruct_v0_3_q4_k_m,ordinary_llm_control,personal_narrative_blog,nonce_96_bit_hex,,,,tfidf_prompt_similarity,payload,0.022833183424225176,,0.022833183424225176,1,100,0.022833183424225176,0.022833183424225176,0,0.95,full_message,
,mistral_7b_instruct_v0_3_q4_k_m,ordinary_llm_control,personal_narrative_blog,token_128_bit_hex,,,,tfidf_prompt_similarity,payload,0.014058504636199247,,0.014058504636199247,1,100,0.014058504636199247,0.014058504636199247,0,0.95,forced_span,
,mistral_7b_instruct_v0_3_q4_k_m,ordinary_llm_control,personal_narrative_blog,token_128_bit_hex,,,,tfidf_prompt_similarity,payload,0.012166304176589156,,0.012166304176589156,1,100,0.012166304176589156,0.012166304176589156,0,0.95,full_message,
,mistral_7b_instruct_v0_3_q4_k_m,ordinary_llm_control,professional_communication,uuid_v4,,,,tfidf_prompt_similarity,payload,0.11052818959360941,,0.11052818959360941,1,100,0.11052818959360941,0.11052818959360941,0,0.95,full_message,
,mistral_7b_instruct_v0_3_q4_k_m,ordinary_llm_control,recipe_procedure,nonce_96_bit_hex,,,,tfidf_prompt_similarity,payload,0.019031278251455404,,0.019031278251455404,1,100,0.019031278251455404,0.019031278251455404,0,0.95,full_message,
,mistral_7b_instruct_v0_3_q4_k_m,ordinary_llm_control,recipe_procedure,token_128_bit_hex,,,,tfidf_prompt_similarity,payload,0.027591143060338483,,0.027591143060338483,1,100,0.027591143060338483,0.027591143060338483,0,0.95,forced_span,
,mistral_7b_instruct_v0_3_q4_k_m,ordinary_llm_control,recipe_procedure,token_128_bit_hex,,,,tfidf_prompt_similarity,payload,0.0,,0.0,1,100,0.0,0.0,0,0.95,full_message,
,mistral_7b_instruct_v0_3_q4_k_m,segmented_hex_multi_topic,casual_conversation,nonce_96_bit_hex,,,,tfidf_prompt_similarity,payload,0.051263732003671944,,0.051263732003671944,1,100,0.051263732003671944,0.051263732003671944,0,0.95,forced_span,
,mistral_7b_instruct_v0_3_q4_k_m,segmented_hex_multi_topic,casual_conversation,nonce_96_bit_hex,,,,tfidf_prompt_similarity,payload,0.0999023173619887,,0.0999023173619887,1,100,0.0999023173619887,0.0999023173619887,0,0.95,full_message,
,mistral_7b_instruct_v0_3_q4_k_m,segmented_hex_multi_topic,factual_explanatory,sha256_hex,,,,tfidf_prompt_similarity,payload,0.0663851329005144,,0.0663851329005144,1,100,0.0663851329005144,0.0663851329005144,0,0.95,forced_span,
,mistral_7b_instruct_v0_3_q4_k_m,segmented_hex_multi_topic,factual_explanatory,sha256_hex,,,,tfidf_prompt_similarity,payload,0.17612702064385655,,0.17612702064385655,1,100,0.17612702064385655,0.17612702064385655,0,0.95,full_message,
,mistral_7b_instruct_v0_3_q4_k_m,segmented_hex_multi_topic,factual_explanatory,token_128_bit_hex,,,,tfidf_prompt_similarity,payload,0.024126530912003508,,0.024126530912003508,1,100,0.024126530912003508,0.024126530912003508,0,0.95,forced_span,
,mistral_7b_instruct_v0_3_q4_k_m,segmented_hex_multi_topic,factual_explanatory,token_128_bit_hex,,,,tfidf_prompt_similarity,payload,0.11527248669154805,,0.11527248669154805,1,100,0.11527248669154805,0.11527248669154805,0,0.95,full_message,
,mistral_7b_instruct_v0_3_q4_k_m,segmented_hex_multi_topic,forum_question_answer,sha256_hex,,,,tfidf_prompt_similarity,payload,0.043716168055503504,,0.043716168055503504,1,100,0.043716168055503504,0.043716168055503504,0,0.95,forced_span,
,mistral_7b_instruct_v0_3_q4_k_m,segmented_hex_multi_topic,forum_question_answer,sha256_hex,,,,tfidf_prompt_similarity,payload,0.17145973185035282,,0.17145973185035282,1,100,0.17145973185035282,0.17145973185035282,0,0.95,full_message,
,mistral_7b_instruct_v0_3_q4_k_m,segmented_hex_multi_topic,personal_narrative_blog,nonce_96_bit_hex,,,,tfidf_prompt_similarity,payload,0.038171872958813885,,0.038171872958813885,1,100,0.038171872958813885,0.038171872958813885,0,0.95,forced_span,
,mistral_7b_instruct_v0_3_q4_k_m,segmented_hex_multi_topic,personal_narrative_blog,nonce_96_bit_hex,,,,tfidf_prompt_similarity,payload,0.1254122240884772,,0.1254122240884772,1,100,0.1254122240884772,0.1254122240884772,0,0.95,full_message,
,mistral_7b_instruct_v0_3_q4_k_m,segmented_hex_multi_topic,recipe_procedure,token_128_bit_hex,,,,tfidf_prompt_similarity,payload,0.03712278157581652,,0.03712278157581652,1,100,0.03712278157581652,0.03712278157581652,0,0.95,forced_span,
,mistral_7b_instruct_v0_3_q4_k_m,segmented_hex_multi_topic,recipe_procedure,token_128_bit_hex,,,,tfidf_prompt_similarity,payload,0.03712278157581652,,0.03712278157581652,1,100,0.03712278157581652,0.03712278157581652,0,0.95,full_message,
,mistral_7b_instruct_v0_3_q4_k_m,segmented_hex_single_topic,personal_narrative_blog,token_128_bit_hex,,,,tfidf_prompt_similarity,payload,0.04026481905978845,,0.04026481905978845,1,100,0.04026481905978845,0.04026481905978845,0,0.95,forced_span,
,mistral_7b_instruct_v0_3_q4_k_m,segmented_hex_single_topic,personal_narrative_blog,token_128_bit_hex,,,,tfidf_prompt_similarity,payload,0.021458467774237253,,0.021458467774237253,1,100,0.021458467774237253,0.021458467774237253,0,0.95,full_message,
,qwen2_5_7b_instruct_q4_k_m,direct_subword_calgacus,casual_conversation,ed25519_signature_base64,,,,tfidf_prompt_similarity,payload,0.0,,0.0,1,100,0.0,0.0,0,0.95,forced_span,
,qwen2_5_7b_instruct_q4_k_m,direct_subword_calgacus,casual_conversation,ed25519_signature_base64,,,,tfidf_prompt_similarity,payload,0.0,,0.0,1,100,0.0,0.0,0,0.95,full_message,
,qwen2_5_7b_instruct_q4_k_m,nonseg_ascii_b16,forum_question_answer,chacha20_poly1305_base64,,,,tfidf_prompt_similarity,payload,0.0,,0.0,1,100,0.0,0.0,0,0.95,forced_span,
,qwen2_5_7b_instruct_q4_k_m,nonseg_ascii_b16,forum_question_answer,chacha20_poly1305_base64,,,,tfidf_prompt_similarity,payload,0.0,,0.0,1,100,0.0,0.0,0,0.95,full_message,
,qwen2_5_7b_instruct_q4_k_m,nonseg_ascii_b8,professional_communication,uuid_v4,,,,tfidf_prompt_similarity,payload,0.06008517490272964,,0.06008517490272964,1,100,0.06008517490272964,0.06008517490272964,0,0.95,forced_span,
,qwen2_5_7b_instruct_q4_k_m,nonseg_ascii_b8,professional_communication,uuid_v4,,,,tfidf_prompt_similarity,payload,0.06008517490272964,,0.06008517490272964,1,100,0.06008517490272964,0.06008517490272964,0,0.95,full_message,
,qwen2_5_7b_instruct_q4_k_m,nonseg_hex_nibble_b16,recipe_procedure,token_128_bit_hex,,,,tfidf_prompt_similarity,payload,0.03777148423762831,,0.03777148423762831,1,100,0.03777148423762831,0.03777148423762831,0,0.95,forced_span,
,qwen2_5_7b_instruct_q4_k_m,nonseg_hex_nibble_b16,recipe_procedure,token_128_bit_hex,,,,tfidf_prompt_similarity,payload,0.03777148423762831,,0.03777148423762831,1,100,0.03777148423762831,0.03777148423762831,0,0.95,full_message,
,qwen2_5_7b_instruct_q4_k_m,ordinary_llm_control,casual_conversation,ed25519_signature_base64,,,,tfidf_prompt_similarity,payload,0.10665549508081704,,0.10665549508081704,1,100,0.10665549508081704,0.10665549508081704,0,0.95,full_message,
,qwen2_5_7b_instruct_q4_k_m,ordinary_llm_control,casual_conversation,nonce_96_bit_hex,,,,tfidf_prompt_similarity,payload,0.06801461610286176,,0.06801461610286176,1,100,0.06801461610286176,0.06801461610286176,0,0.95,forced_span,
,qwen2_5_7b_instruct_q4_k_m,ordinary_llm_control,casual_conversation,nonce_96_bit_hex,,,,tfidf_prompt_similarity,payload,0.12557778552395865,,0.12557778552395865,1,100,0.12557778552395865,0.12557778552395865,0,0.95,full_message,
,qwen2_5_7b_instruct_q4_k_m,ordinary_llm_control,factual_explanatory,hmac_sha256_hex,,,,tfidf_prompt_similarity,payload,0.10220837362665829,,0.10220837362665829,1,100,0.10220837362665829,0.10220837362665829,0,0.95,forced_span,
,qwen2_5_7b_instruct_q4_k_m,ordinary_llm_control,factual_explanatory,hmac_sha256_hex,,,,tfidf_prompt_similarity,payload,0.05261946876316476,,0.05261946876316476,1,100,0.05261946876316476,0.05261946876316476,0,0.95,full_message,
,qwen2_5_7b_instruct_q4_k_m,ordinary_llm_control,factual_explanatory,nonce_96_bit_hex,,,,tfidf_prompt_similarity,payload,0.05230779153432352,,0.05230779153432352,1,100,0.05230779153432352,0.05230779153432352,0,0.95,forced_span,
,qwen2_5_7b_instruct_q4_k_m,ordinary_llm_control,factual_explanatory,nonce_96_bit_hex,,,,tfidf_prompt_similarity,payload,0.09225647217220147,,0.09225647217220147,1,100,0.09225647217220147,0.09225647217220147,0,0.95,full_message,
,qwen2_5_7b_instruct_q4_k_m,ordinary_llm_control,forum_question_answer,chacha20_poly1305_base64,,,,tfidf_prompt_similarity,payload,0.009480689545451015,,0.009480689545451015,1,100,0.009480689545451015,0.009480689545451015,0,0.95,full_message,
,qwen2_5_7b_instruct_q4_k_m,ordinary_llm_control,forum_question_answer,token_128_bit_hex,,,,tfidf_prompt_similarity,payload,0.09301135568562466,,0.09301135568562466,1,100,0.09301135568562466,0.09301135568562466,0,0.95,forced_span,
,qwen2_5_7b_instruct_q4_k_m,ordinary_llm_control,forum_question_answer,token_128_bit_hex,,,,tfidf_prompt_similarity,payload,0.028827265256522367,,0.028827265256522367,1,100,0.028827265256522367,0.028827265256522367,0,0.95,full_message,
,qwen2_5_7b_instruct_q4_k_m,ordinary_llm_control,personal_narrative_blog,nonce_96_bit_hex,,,,tfidf_prompt_similarity,payload,0.046725392688786914,,0.046725392688786914,1,100,0.046725392688786914,0.046725392688786914,0,0.95,forced_span,
,qwen2_5_7b_instruct_q4_k_m,ordinary_llm_control,personal_narrative_blog,nonce_96_bit_hex,,,,tfidf_prompt_similarity,payload,0.10104038126014357,,0.10104038126014357,1,100,0.10104038126014357,0.10104038126014357,0,0.95,full_message,
,qwen2_5_7b_instruct_q4_k_m,ordinary_llm_control,personal_narrative_blog,sha256_hex,,,,tfidf_prompt_similarity,payload,0.08005687237578962,,0.08005687237578962,1,100,0.08005687237578962,0.08005687237578962,0,0.95,forced_span,
,qwen2_5_7b_instruct_q4_k_m,ordinary_llm_control,personal_narrative_blog,sha256_hex,,,,tfidf_prompt_similarity,payload,0.14110739521526755,,0.14110739521526755,1,100,0.14110739521526755,0.14110739521526755,0,0.95,full_message,
,qwen2_5_7b_instruct_q4_k_m,ordinary_llm_control,professional_communication,nonce_96_bit_hex,,,,tfidf_prompt_similarity,payload,0.0349190981257452,,0.0349190981257452,1,100,0.0349190981257452,0.0349190981257452,0,0.95,forced_span,
,qwen2_5_7b_instruct_q4_k_m,ordinary_llm_control,professional_communication,nonce_96_bit_hex,,,,tfidf_prompt_similarity,payload,0.1047070860147771,,0.1047070860147771,1,100,0.1047070860147771,0.1047070860147771,0,0.95,full_message,
,qwen2_5_7b_instruct_q4_k_m,ordinary_llm_control,professional_communication,uuid_v4,,,,tfidf_prompt_similarity,payload,0.04040894189455597,,0.04040894189455597,1,100,0.04040894189455597,0.04040894189455597,0,0.95,full_message,
,qwen2_5_7b_instruct_q4_k_m,ordinary_llm_control,recipe_procedure,sha256_hex,,,,tfidf_prompt_similarity,payload,0.08517047973832151,,0.08517047973832151,1,100,0.08517047973832151,0.08517047973832151,0,0.95,forced_span,
,qwen2_5_7b_instruct_q4_k_m,ordinary_llm_control,recipe_procedure,sha256_hex,,,,tfidf_prompt_similarity,payload,0.1150862012539556,,0.1150862012539556,1,100,0.1150862012539556,0.1150862012539556,0,0.95,full_message,
,qwen2_5_7b_instruct_q4_k_m,ordinary_llm_control,recipe_procedure,token_128_bit_hex,,,,tfidf_prompt_similarity,payload,0.04416279416524429,,0.04416279416524429,1,100,0.04416279416524429,0.04416279416524429,0,0.95,full_message,
,qwen2_5_7b_instruct_q4_k_m,segmented_hex_multi_topic,casual_conversation,nonce_96_bit_hex,,,,tfidf_prompt_similarity,payload,0.033343084931068225,,0.033343084931068225,1,100,0.033343084931068225,0.033343084931068225,0,0.95,forced_span,
,qwen2_5_7b_instruct_q4_k_m,segmented_hex_multi_topic,casual_conversation,nonce_96_bit_hex,,,,tfidf_prompt_similarity,payload,0.16317063243739915,,0.16317063243739915,1,100,0.16317063243739915,0.16317063243739915,0,0.95,full_message,
,qwen2_5_7b_instruct_q4_k_m,segmented_hex_multi_topic,factual_explanatory,hmac_sha256_hex,,,,tfidf_prompt_similarity,payload,0.08543698577905218,,0.08543698577905218,1,100,0.08543698577905218,0.08543698577905218,0,0.95,forced_span,
,qwen2_5_7b_instruct_q4_k_m,segmented_hex_multi_topic,factual_explanatory,hmac_sha256_hex,,,,tfidf_prompt_similarity,payload,0.1700760836235556,,0.1700760836235556,1,100,0.1700760836235556,0.1700760836235556,0,0.95,full_message,
,qwen2_5_7b_instruct_q4_k_m,segmented_hex_multi_topic,factual_explanatory,nonce_96_bit_hex,,,,tfidf_prompt_similarity,payload,0.04968356968220567,,0.04968356968220567,1,100,0.04968356968220567,0.04968356968220567,0,0.95,forced_span,
,qwen2_5_7b_instruct_q4_k_m,segmented_hex_multi_topic,factual_explanatory,nonce_96_bit_hex,,,,tfidf_prompt_similarity,payload,0.15814747893952427,,0.15814747893952427,1,100,0.15814747893952427,0.15814747893952427,0,0.95,full_message,
,qwen2_5_7b_instruct_q4_k_m,segmented_hex_multi_topic,forum_question_answer,token_128_bit_hex,,,,tfidf_prompt_similarity,payload,0.021105924152393367,,0.021105924152393367,1,100,0.021105924152393367,0.021105924152393367,0,0.95,forced_span,
,qwen2_5_7b_instruct_q4_k_m,segmented_hex_multi_topic,forum_question_answer,token_128_bit_hex,,,,tfidf_prompt_similarity,payload,0.13656504479252501,,0.13656504479252501,1,100,0.13656504479252501,0.13656504479252501,0,0.95,full_message,
,qwen2_5_7b_instruct_q4_k_m,segmented_hex_multi_topic,personal_narrative_blog,nonce_96_bit_hex,,,,tfidf_prompt_similarity,payload,0.06246421519235307,,0.06246421519235307,1,100,0.06246421519235307,0.06246421519235307,0,0.95,forced_span,
,qwen2_5_7b_instruct_q4_k_m,segmented_hex_multi_topic,personal_narrative_blog,nonce_96_bit_hex,,,,tfidf_prompt_similarity,payload,0.1334663457994342,,0.1334663457994342,1,100,0.1334663457994342,0.1334663457994342,0,0.95,full_message,
,qwen2_5_7b_instruct_q4_k_m,segmented_hex_multi_topic,professional_communication,nonce_96_bit_hex,,,,tfidf_prompt_similarity,payload,0.024071994394381718,,0.024071994394381718,1,100,0.024071994394381718,0.024071994394381718,0,0.95,forced_span,
,qwen2_5_7b_instruct_q4_k_m,segmented_hex_multi_topic,professional_communication,nonce_96_bit_hex,,,,tfidf_prompt_similarity,payload,0.07687907865500186,,0.07687907865500186,1,100,0.07687907865500186,0.07687907865500186,0,0.95,full_message,
,qwen2_5_7b_instruct_q4_k_m,segmented_hex_multi_topic,recipe_procedure,sha256_hex,,,,tfidf_prompt_similarity,payload,0.047407090342916784,,0.047407090342916784,1,100,0.047407090342916784,0.047407090342916784,0,0.95,forced_span,
,qwen2_5_7b_instruct_q4_k_m,segmented_hex_multi_topic,recipe_procedure,sha256_hex,,,,tfidf_prompt_similarity,payload,0.047407090342916784,,0.047407090342916784,1,100,0.047407090342916784,0.047407090342916784,0,0.95,full_message,
,qwen2_5_7b_instruct_q4_k_m,segmented_hex_single_topic,personal_narrative_blog,sha256_hex,,,,tfidf_prompt_similarity,payload,0.05455489208771579,,0.05455489208771579,1,100,0.05455489208771579,0.05455489208771579,0,0.95,forced_span,
,qwen2_5_7b_instruct_q4_k_m,segmented_hex_single_topic,personal_narrative_blog,sha256_hex,,,,tfidf_prompt_similarity,payload,0.2499953738527533,,0.2499953738527533,1,100,0.2499953738527533,0.2499953738527533,0,0.95,full_message,
smoke_v2_exploratory,llama3_8b_instruct_q4_k_m,direct_subword_calgacus,,ed25519_signature_base64,,,,payload_bits_per_second,payload,114.39695163465208,,114.39695163465208,1,100,114.39695163465208,114.39695163465208,0,0.95,,GPU-10d1f16f-9e79-08bb-b2ba-3353c04422cf
smoke_v2_exploratory,llama3_8b_instruct_q4_k_m,nonseg_ascii_b16,,aes256_gcm_base64,,,,payload_bits_per_second,payload,52.57559318993968,,52.57559318993968,1,100,52.57559318993968,52.57559318993968,0,0.95,,GPU-10d1f16f-9e79-08bb-b2ba-3353c04422cf
smoke_v2_exploratory,llama3_8b_instruct_q4_k_m,nonseg_ascii_b8,,uuid_v4,,,,payload_bits_per_second,payload,22.776359263472425,,22.776359263472425,1,100,22.776359263472425,22.776359263472425,0,0.95,,GPU-10d1f16f-9e79-08bb-b2ba-3353c04422cf
smoke_v2_exploratory,llama3_8b_instruct_q4_k_m,nonseg_hex_nibble_b16,,sha256_hex,,,,payload_bits_per_second,payload,64.64313732065484,,64.64313732065484,1,100,64.64313732065484,64.64313732065484,0,0.95,,GPU-10d1f16f-9e79-08bb-b2ba-3353c04422cf
smoke_v2_exploratory,llama3_8b_instruct_q4_k_m,segmented_hex_multi_topic,,nonce_96_bit_hex,,,,payload_bits_per_second,payload,12.740210999856743,8.228973781161502,8.970942599693446,3,100,7.071007017484965,22.178683382391814,100,0.95,,GPU-10d1f16f-9e79-08bb-b2ba-3353c04422cf
smoke_v2_exploratory,llama3_8b_instruct_q4_k_m,segmented_hex_multi_topic,,sha256_hex,,,,payload_bits_per_second,payload,15.235458337482232,0.6630607852656223,15.235458337482232,2,100,14.766603559882034,15.704313115082432,100,0.95,,GPU-10d1f16f-9e79-08bb-b2ba-3353c04422cf
smoke_v2_exploratory,llama3_8b_instruct_q4_k_m,segmented_hex_multi_topic,,token_128_bit_hex,,,,payload_bits_per_second,payload,28.504694102926877,8.716438298568749,28.504694102926877,2,100,22.34124147421478,34.66814673163897,100,0.95,,GPU-10d1f16f-9e79-08bb-b2ba-3353c04422cf
smoke_v2_exploratory,llama3_8b_instruct_q4_k_m,segmented_hex_single_topic,,hmac_sha256_hex,,,,payload_bits_per_second,payload,19.96070020696053,,19.96070020696053,1,100,19.96070020696053,19.96070020696053,0,0.95,,GPU-10d1f16f-9e79-08bb-b2ba-3353c04422cf
smoke_v2_exploratory,mistral_7b_instruct_v0_3_q4_k_m,direct_subword_calgacus,,ed25519_signature_base64,,,,payload_bits_per_second,payload,134.83509086490375,,134.83509086490375,1,100,134.83509086490375,134.83509086490375,0,0.95,,GPU-10d1f16f-9e79-08bb-b2ba-3353c04422cf
smoke_v2_exploratory,mistral_7b_instruct_v0_3_q4_k_m,nonseg_ascii_b16,,aes256_gcm_base64,,,,payload_bits_per_second,payload,97.73960474481264,,97.73960474481264,1,100,97.73960474481264,97.73960474481264,0,0.95,,GPU-10d1f16f-9e79-08bb-b2ba-3353c04422cf
smoke_v2_exploratory,mistral_7b_instruct_v0_3_q4_k_m,nonseg_ascii_b8,,uuid_v4,,,,payload_bits_per_second,payload,42.12359786976616,,42.12359786976616,1,100,42.12359786976616,42.12359786976616,0,0.95,,GPU-10d1f16f-9e79-08bb-b2ba-3353c04422cf
smoke_v2_exploratory,mistral_7b_instruct_v0_3_q4_k_m,nonseg_hex_nibble_b16,,nonce_96_bit_hex,,,,payload_bits_per_second,payload,86.54003855422627,,86.54003855422627,1,100,86.54003855422627,86.54003855422627,0,0.95,,GPU-10d1f16f-9e79-08bb-b2ba-3353c04422cf
smoke_v2_exploratory,mistral_7b_instruct_v0_3_q4_k_m,segmented_hex_multi_topic,,nonce_96_bit_hex,,,,payload_bits_per_second,payload,20.16693869222961,0.3139225454173449,20.16693869222961,2,100,19.944961931597664,20.388915452861557,100,0.95,,GPU-10d1f16f-9e79-08bb-b2ba-3353c04422cf
smoke_v2_exploratory,mistral_7b_instruct_v0_3_q4_k_m,segmented_hex_multi_topic,,sha256_hex,,,,payload_bits_per_second,payload,18.930233094487114,9.083320389234364,18.930233094487114,2,100,12.507355651569464,25.353110537404763,100,0.95,,GPU-10d1f16f-9e79-08bb-b2ba-3353c04422cf
smoke_v2_exploratory,mistral_7b_instruct_v0_3_q4_k_m,segmented_hex_multi_topic,,token_128_bit_hex,,,,payload_bits_per_second,payload,37.450924969387025,12.679522079567839,37.450924969387025,2,100,28.48514892472005,46.416701014054,100,0.95,,GPU-10d1f16f-9e79-08bb-b2ba-3353c04422cf
smoke_v2_exploratory,mistral_7b_instruct_v0_3_q4_k_m,segmented_hex_single_topic,,token_128_bit_hex,,,,payload_bits_per_second,payload,22.59130168322348,,22.59130168322348,1,100,22.59130168322348,22.59130168322348,0,0.95,,GPU-10d1f16f-9e79-08bb-b2ba-3353c04422cf
smoke_v2_exploratory,qwen2_5_7b_instruct_q4_k_m,direct_subword_calgacus,,ed25519_signature_base64,,,,payload_bits_per_second,payload,93.90047726279452,,93.90047726279452,1,100,93.90047726279452,93.90047726279452,0,0.95,,GPU-10d1f16f-9e79-08bb-b2ba-3353c04422cf
smoke_v2_exploratory,qwen2_5_7b_instruct_q4_k_m,nonseg_ascii_b16,,chacha20_poly1305_base64,,,,payload_bits_per_second,payload,47.44344520230637,,47.44344520230637,1,100,47.44344520230637,47.44344520230637,0,0.95,,GPU-10d1f16f-9e79-08bb-b2ba-3353c04422cf
smoke_v2_exploratory,qwen2_5_7b_instruct_q4_k_m,nonseg_ascii_b8,,uuid_v4,,,,payload_bits_per_second,payload,18.57728030257771,,18.57728030257771,1,100,18.57728030257771,18.57728030257771,0,0.95,,GPU-10d1f16f-9e79-08bb-b2ba-3353c04422cf
smoke_v2_exploratory,qwen2_5_7b_instruct_q4_k_m,nonseg_hex_nibble_b16,,token_128_bit_hex,,,,payload_bits_per_second,payload,51.84690507501671,,51.84690507501671,1,100,51.84690507501671,51.84690507501671,0,0.95,,GPU-10d1f16f-9e79-08bb-b2ba-3353c04422cf
smoke_v2_exploratory,qwen2_5_7b_instruct_q4_k_m,segmented_hex_multi_topic,,hmac_sha256_hex,,,,payload_bits_per_second,payload,21.379456267699545,,21.379456267699545,1,100,21.379456267699545,21.379456267699545,0,0.95,,GPU-10d1f16f-9e79-08bb-b2ba-3353c04422cf
smoke_v2_exploratory,qwen2_5_7b_instruct_q4_k_m,segmented_hex_multi_topic,,nonce_96_bit_hex,,,,payload_bits_per_second,payload,15.615343325916395,2.3885736448421944,15.868924323372017,4,100,13.434246228479482,17.663310399689106,100,0.95,,GPU-10d1f16f-9e79-08bb-b2ba-3353c04422cf
smoke_v2_exploratory,qwen2_5_7b_instruct_q4_k_m,segmented_hex_multi_topic,,sha256_hex,,,,payload_bits_per_second,payload,35.65475205245306,,35.65475205245306,1,100,35.65475205245306,35.65475205245306,0,0.95,,GPU-10d1f16f-9e79-08bb-b2ba-3353c04422cf
smoke_v2_exploratory,qwen2_5_7b_instruct_q4_k_m,segmented_hex_multi_topic,,token_128_bit_hex,,,,payload_bits_per_second,payload,17.261077459439743,,17.261077459439743,1,100,17.261077459439743,17.261077459439743,0,0.95,,GPU-10d1f16f-9e79-08bb-b2ba-3353c04422cf
smoke_v2_exploratory,qwen2_5_7b_instruct_q4_k_m,segmented_hex_single_topic,,sha256_hex,,,,payload_bits_per_second,payload,11.009822550898653,,11.009822550898653,1,100,11.009822550898653,11.009822550898653,0,0.95,,GPU-10d1f16f-9e79-08bb-b2ba-3353c04422cf
smoke_v2_exploratory,llama3_8b_instruct_q4_k_m,direct_subword_calgacus,,ed25519_signature_base64,,,,encoding_tokens_per_second,payload,13.62932431584722,,13.62932431584722,1,100,13.62932431584722,13.62932431584722,0,0.95,,GPU-10d1f16f-9e79-08bb-b2ba-3353c04422cf
smoke_v2_exploratory,llama3_8b_instruct_q4_k_m,nonseg_ascii_b16,,aes256_gcm_base64,,,,encoding_tokens_per_second,payload,17.52519772997989,,17.52519772997989,1,100,17.52519772997989,17.52519772997989,0,0.95,,GPU-10d1f16f-9e79-08bb-b2ba-3353c04422cf
smoke_v2_exploratory,llama3_8b_instruct_q4_k_m,nonseg_ascii_b8,,uuid_v4,,,,encoding_tokens_per_second,payload,17.08226944760432,,17.08226944760432,1,100,17.08226944760432,17.08226944760432,0,0.95,,GPU-10d1f16f-9e79-08bb-b2ba-3353c04422cf
smoke_v2_exploratory,llama3_8b_instruct_q4_k_m,nonseg_hex_nibble_b16,,sha256_hex,,,,encoding_tokens_per_second,payload,16.16078433016371,,16.16078433016371,1,100,16.16078433016371,16.16078433016371,0,0.95,,GPU-10d1f16f-9e79-08bb-b2ba-3353c04422cf
smoke_v2_exploratory,llama3_8b_instruct_q4_k_m,segmented_hex_multi_topic,,nonce_96_bit_hex,,,,encoding_tokens_per_second,payload,21.52318013777445,3.909997659615158,20.464962805550677,3,100,18.251208200093263,25.85336940767941,100,0.95,,GPU-10d1f16f-9e79-08bb-b2ba-3353c04422cf
smoke_v2_exploratory,llama3_8b_instruct_q4_k_m,segmented_hex_multi_topic,,sha256_hex,,,,encoding_tokens_per_second,payload,21.902340423083594,0.3501096628207079,21.902340423083594,2,100,21.654775506344137,22.149905339823054,100,0.95,,GPU-10d1f16f-9e79-08bb-b2ba-3353c04422cf
smoke_v2_exploratory,llama3_8b_instruct_q4_k_m,segmented_hex_multi_topic,,token_128_bit_hex,,,,encoding_tokens_per_second,payload,16.20230287463147,10.656475644424333,16.20230287463147,2,100,8.667036682909742,23.737569066353203,100,0.95,,GPU-10d1f16f-9e79-08bb-b2ba-3353c04422cf
smoke_v2_exploratory,llama3_8b_instruct_q4_k_m,segmented_hex_single_topic,,hmac_sha256_hex,,,,encoding_tokens_per_second,payload,16.45198337370575,,16.45198337370575,1,100,16.45198337370575,16.45198337370575,0,0.95,,GPU-10d1f16f-9e79-08bb-b2ba-3353c04422cf
smoke_v2_exploratory,mistral_7b_instruct_v0_3_q4_k_m,direct_subword_calgacus,,ed25519_signature_base64,,,,encoding_tokens_per_second,payload,19.48788422656812,,19.48788422656812,1,100,19.48788422656812,19.48788422656812,0,0.95,,GPU-10d1f16f-9e79-08bb-b2ba-3353c04422cf
smoke_v2_exploratory,mistral_7b_instruct_v0_3_q4_k_m,nonseg_ascii_b16,,aes256_gcm_base64,,,,encoding_tokens_per_second,payload,32.57986824827088,,32.57986824827088,1,100,32.57986824827088,32.57986824827088,0,0.95,,GPU-10d1f16f-9e79-08bb-b2ba-3353c04422cf
smoke_v2_exploratory,mistral_7b_instruct_v0_3_q4_k_m,nonseg_ascii_b8,,uuid_v4,,,,encoding_tokens_per_second,payload,31.59269840232462,,31.59269840232462,1,100,31.59269840232462,31.59269840232462,0,0.95,,GPU-10d1f16f-9e79-08bb-b2ba-3353c04422cf
smoke_v2_exploratory,mistral_7b_instruct_v0_3_q4_k_m,nonseg_hex_nibble_b16,,nonce_96_bit_hex,,,,encoding_tokens_per_second,payload,21.635009638556568,,21.635009638556568,1,100,21.635009638556568,21.635009638556568,0,0.95,,GPU-10d1f16f-9e79-08bb-b2ba-3353c04422cf
smoke_v2_exploratory,mistral_7b_instruct_v0_3_q4_k_m,segmented_hex_multi_topic,,nonce_96_bit_hex,,,,encoding_tokens_per_second,payload,29.825638966409798,0.129830364280552,29.825638966409798,2,100,29.7338350354231,29.917442897396494,100,0.95,,GPU-10d1f16f-9e79-08bb-b2ba-3353c04422cf
smoke_v2_exploratory,mistral_7b_instruct_v0_3_q4_k_m,segmented_hex_multi_topic,,sha256_hex,,,,encoding_tokens_per_second,payload,31.25009254605391,6.658902272591977,31.25009254605391,2,100,26.54153759384561,35.95864749826221,100,0.95,,GPU-10d1f16f-9e79-08bb-b2ba-3353c04422cf
smoke_v2_exploratory,mistral_7b_instruct_v0_3_q4_k_m,segmented_hex_multi_topic,,token_128_bit_hex,,,,encoding_tokens_per_second,payload,22.158794235873344,14.926485310533804,22.158794235873344,2,100,11.6041752535135,32.713413218233185,100,0.95,,GPU-10d1f16f-9e79-08bb-b2ba-3353c04422cf
smoke_v2_exploratory,mistral_7b_instruct_v0_3_q4_k_m,segmented_hex_single_topic,,token_128_bit_hex,,,,encoding_tokens_per_second,payload,25.944698026826963,,25.944698026826963,1,100,25.944698026826963,25.944698026826963,0,0.95,,GPU-10d1f16f-9e79-08bb-b2ba-3353c04422cf
smoke_v2_exploratory,qwen2_5_7b_instruct_q4_k_m,direct_subword_calgacus,,ed25519_signature_base64,,,,encoding_tokens_per_second,payload,12.104358397157108,,12.104358397157108,1,100,12.104358397157108,12.104358397157108,0,0.95,,GPU-10d1f16f-9e79-08bb-b2ba-3353c04422cf
smoke_v2_exploratory,qwen2_5_7b_instruct_q4_k_m,nonseg_ascii_b16,,chacha20_poly1305_base64,,,,encoding_tokens_per_second,payload,15.814481734102124,,15.814481734102124,1,100,15.814481734102124,15.814481734102124,0,0.95,,GPU-10d1f16f-9e79-08bb-b2ba-3353c04422cf
smoke_v2_exploratory,qwen2_5_7b_instruct_q4_k_m,nonseg_ascii_b8,,uuid_v4,,,,encoding_tokens_per_second,payload,13.93296022693328,,13.93296022693328,1,100,13.93296022693328,13.93296022693328,0,0.95,,GPU-10d1f16f-9e79-08bb-b2ba-3353c04422cf
smoke_v2_exploratory,qwen2_5_7b_instruct_q4_k_m,nonseg_hex_nibble_b16,,token_128_bit_hex,,,,encoding_tokens_per_second,payload,12.961726268754177,,12.961726268754177,1,100,12.961726268754177,12.961726268754177,0,0.95,,GPU-10d1f16f-9e79-08bb-b2ba-3353c04422cf
smoke_v2_exploratory,qwen2_5_7b_instruct_q4_k_m,segmented_hex_multi_topic,,hmac_sha256_hex,,,,encoding_tokens_per_second,payload,16.36864620495746,,16.36864620495746,1,100,16.36864620495746,16.36864620495746,0,0.95,,GPU-10d1f16f-9e79-08bb-b2ba-3353c04422cf
smoke_v2_exploratory,qwen2_5_7b_instruct_q4_k_m,segmented_hex_multi_topic,,nonce_96_bit_hex,,,,encoding_tokens_per_second,payload,17.92509714129186,5.675825555169625,20.148156510780048,4,100,12.528314972083475,21.609104604518265,100,0.95,,GPU-10d1f16f-9e79-08bb-b2ba-3353c04422cf
smoke_v2_exploratory,qwen2_5_7b_instruct_q4_k_m,segmented_hex_multi_topic,,sha256_hex,,,,encoding_tokens_per_second,payload,8.913688013113266,,8.913688013113266,1,100,8.913688013113266,8.913688013113266,0,0.95,,GPU-10d1f16f-9e79-08bb-b2ba-3353c04422cf
smoke_v2_exploratory,qwen2_5_7b_instruct_q4_k_m,segmented_hex_multi_topic,,token_128_bit_hex,,,,encoding_tokens_per_second,payload,19.958120812477205,,19.958120812477205,1,100,19.958120812477205,19.958120812477205,0,0.95,,GPU-10d1f16f-9e79-08bb-b2ba-3353c04422cf
smoke_v2_exploratory,qwen2_5_7b_instruct_q4_k_m,segmented_hex_single_topic,,sha256_hex,,,,encoding_tokens_per_second,payload,21.80460950510006,,21.80460950510006,1,100,21.80460950510006,21.80460950510006,0,0.95,,GPU-10d1f16f-9e79-08bb-b2ba-3353c04422cf
smoke_v2_exploratory,llama3_8b_instruct_q4_k_m,direct_subword_calgacus,,ed25519_signature_base64,,,,decoding_tokens_per_second,payload,16.475617597291265,,16.475617597291265,1,100,16.475617597291265,16.475617597291265,0,0.95,,GPU-10d1f16f-9e79-08bb-b2ba-3353c04422cf
smoke_v2_exploratory,llama3_8b_instruct_q4_k_m,nonseg_ascii_b16,,aes256_gcm_base64,,,,decoding_tokens_per_second,payload,39.50718338204505,,39.50718338204505,1,100,39.50718338204505,39.50718338204505,0,0.95,,GPU-10d1f16f-9e79-08bb-b2ba-3353c04422cf
smoke_v2_exploratory,llama3_8b_instruct_q4_k_m,nonseg_ascii_b8,,uuid_v4,,,,decoding_tokens_per_second,payload,37.79824596710478,,37.79824596710478,1,100,37.79824596710478,37.79824596710478,0,0.95,,GPU-10d1f16f-9e79-08bb-b2ba-3353c04422cf
smoke_v2_exploratory,llama3_8b_instruct_q4_k_m,nonseg_hex_nibble_b16,,sha256_hex,,,,decoding_tokens_per_second,payload,32.32982684025735,,32.32982684025735,1,100,32.32982684025735,32.32982684025735,0,0.95,,GPU-10d1f16f-9e79-08bb-b2ba-3353c04422cf
smoke_v2_exploratory,llama3_8b_instruct_q4_k_m,segmented_hex_multi_topic,,nonce_96_bit_hex,,,,decoding_tokens_per_second,payload,11.450696785356982,1.6244142437690081,12.12895494588115,3,100,9.597072397699916,12.626063012489878,100,0.95,,GPU-10d1f16f-9e79-08bb-b2ba-3353c04422cf
smoke_v2_exploratory,llama3_8b_instruct_q4_k_m,segmented_hex_multi_topic,,sha256_hex,,,,decoding_tokens_per_second,payload,12.288989844635815,0.018102225150167434,12.288989844635815,2,100,12.276189638477566,12.301790050794065,100,0.95,,GPU-10d1f16f-9e79-08bb-b2ba-3353c04422cf
smoke_v2_exploratory,llama3_8b_instruct_q4_k_m,segmented_hex_multi_topic,,token_128_bit_hex,,,,decoding_tokens_per_second,payload,11.442394935983609,0.629061156285343,11.442394935983609,2,100,10.997581526593192,11.887208345374026,100,0.95,,GPU-10d1f16f-9e79-08bb-b2ba-3353c04422cf
smoke_v2_exploratory,llama3_8b_instruct_q4_k_m,segmented_hex_single_topic,,hmac_sha256_hex,,,,decoding_tokens_per_second,payload,12.579128983810948,,12.579128983810948,1,100,12.579128983810948,12.579128983810948,0,0.95,,GPU-10d1f16f-9e79-08bb-b2ba-3353c04422cf
smoke_v2_exploratory,mistral_7b_instruct_v0_3_q4_k_m,direct_subword_calgacus,,ed25519_signature_base64,,,,decoding_tokens_per_second,payload,20.834742535032,,20.834742535032,1,100,20.834742535032,20.834742535032,0,0.95,,GPU-10d1f16f-9e79-08bb-b2ba-3353c04422cf
smoke_v2_exploratory,mistral_7b_instruct_v0_3_q4_k_m,nonseg_ascii_b16,,aes256_gcm_base64,,,,decoding_tokens_per_second,payload,41.91628503456722,,41.91628503456722,1,100,41.91628503456722,41.91628503456722,0,0.95,,GPU-10d1f16f-9e79-08bb-b2ba-3353c04422cf
smoke_v2_exploratory,mistral_7b_instruct_v0_3_q4_k_m,nonseg_ascii_b8,,uuid_v4,,,,decoding_tokens_per_second,payload,40.073670885462,,40.073670885462,1,100,40.073670885462,40.073670885462,0,0.95,,GPU-10d1f16f-9e79-08bb-b2ba-3353c04422cf
smoke_v2_exploratory,mistral_7b_instruct_v0_3_q4_k_m,nonseg_hex_nibble_b16,,nonce_96_bit_hex,,,,decoding_tokens_per_second,payload,25.32341634992513,,25.32341634992513,1,100,25.32341634992513,25.32341634992513,0,0.95,,GPU-10d1f16f-9e79-08bb-b2ba-3353c04422cf
smoke_v2_exploratory,mistral_7b_instruct_v0_3_q4_k_m,segmented_hex_multi_topic,,nonce_96_bit_hex,,,,decoding_tokens_per_second,payload,12.3016998492255,0.015707423825267637,12.3016998492255,2,100,12.290593023323682,12.312806675127318,100,0.95,,GPU-10d1f16f-9e79-08bb-b2ba-3353c04422cf
smoke_v2_exploratory,mistral_7b_instruct_v0_3_q4_k_m,segmented_hex_multi_topic,,sha256_hex,,,,decoding_tokens_per_second,payload,11.119605681764135,1.7043304675961684,11.119605681764135,2,100,9.914462050744044,12.324749312784224,100,0.95,,GPU-10d1f16f-9e79-08bb-b2ba-3353c04422cf
smoke_v2_exploratory,mistral_7b_instruct_v0_3_q4_k_m,segmented_hex_multi_topic,,token_128_bit_hex,,,,decoding_tokens_per_second,payload,11.932798175871682,0.9499907886001276,11.932798175871682,2,100,11.261053247187776,12.604543104555589,100,0.95,,GPU-10d1f16f-9e79-08bb-b2ba-3353c04422cf
smoke_v2_exploratory,mistral_7b_instruct_v0_3_q4_k_m,segmented_hex_single_topic,,token_128_bit_hex,,,,decoding_tokens_per_second,payload,12.402679656200345,,12.402679656200345,1,100,12.402679656200345,12.402679656200345,0,0.95,,GPU-10d1f16f-9e79-08bb-b2ba-3353c04422cf
smoke_v2_exploratory,qwen2_5_7b_instruct_q4_k_m,direct_subword_calgacus,,ed25519_signature_base64,,,,decoding_tokens_per_second,payload,15.242427610192903,,15.242427610192903,1,100,15.242427610192903,15.242427610192903,0,0.95,,GPU-10d1f16f-9e79-08bb-b2ba-3353c04422cf
smoke_v2_exploratory,qwen2_5_7b_instruct_q4_k_m,nonseg_ascii_b16,,chacha20_poly1305_base64,,,,decoding_tokens_per_second,payload,40.311147106580144,,40.311147106580144,1,100,40.311147106580144,40.311147106580144,0,0.95,,GPU-10d1f16f-9e79-08bb-b2ba-3353c04422cf
smoke_v2_exploratory,qwen2_5_7b_instruct_q4_k_m,nonseg_ascii_b8,,uuid_v4,,,,decoding_tokens_per_second,payload,38.574464929600005,,38.574464929600005,1,100,38.574464929600005,38.574464929600005,0,0.95,,GPU-10d1f16f-9e79-08bb-b2ba-3353c04422cf
smoke_v2_exploratory,qwen2_5_7b_instruct_q4_k_m,nonseg_hex_nibble_b16,,token_128_bit_hex,,,,decoding_tokens_per_second,payload,27.621462168983104,,27.621462168983104,1,100,27.621462168983104,27.621462168983104,0,0.95,,GPU-10d1f16f-9e79-08bb-b2ba-3353c04422cf
smoke_v2_exploratory,qwen2_5_7b_instruct_q4_k_m,segmented_hex_multi_topic,,hmac_sha256_hex,,,,decoding_tokens_per_second,payload,13.043667627996651,,13.043667627996651,1,100,13.043667627996651,13.043667627996651,0,0.95,,GPU-10d1f16f-9e79-08bb-b2ba-3353c04422cf
smoke_v2_exploratory,qwen2_5_7b_instruct_q4_k_m,segmented_hex_multi_topic,,nonce_96_bit_hex,,,,decoding_tokens_per_second,payload,12.612492858225757,2.532373736647703,13.628655220848763,4,100,10.088403837268956,14.25824016750892,100,0.95,,GPU-10d1f16f-9e79-08bb-b2ba-3353c04422cf
smoke_v2_exploratory,qwen2_5_7b_instruct_q4_k_m,segmented_hex_multi_topic,,sha256_hex,,,,decoding_tokens_per_second,payload,13.425797029628162,,13.425797029628162,1,100,13.425797029628162,13.425797029628162,0,0.95,,GPU-10d1f16f-9e79-08bb-b2ba-3353c04422cf
smoke_v2_exploratory,qwen2_5_7b_instruct_q4_k_m,segmented_hex_multi_topic,,token_128_bit_hex,,,,decoding_tokens_per_second,payload,10.713045020515,,10.713045020515,1,100,10.713045020515,10.713045020515,0,0.95,,GPU-10d1f16f-9e79-08bb-b2ba-3353c04422cf
smoke_v2_exploratory,qwen2_5_7b_instruct_q4_k_m,segmented_hex_single_topic,,sha256_hex,,,,decoding_tokens_per_second,payload,13.855395778854692,,13.855395778854692,1,100,13.855395778854692,13.855395778854692,0,0.95,,GPU-10d1f16f-9e79-08bb-b2ba-3353c04422cf
smoke_v2_exploratory,llama3_8b_instruct_q4_k_m,direct_subword_calgacus,,ed25519_signature_base64,,,,encoding_seconds,payload,4.475643735990161,,4.475643735990161,1,100,4.475643735990161,4.475643735990161,0,0.95,,GPU-10d1f16f-9e79-08bb-b2ba-3353c04422cf
smoke_v2_exploratory,llama3_8b_instruct_q4_k_m,nonseg_ascii_b16,,aes256_gcm_base64,,,,encoding_seconds,payload,7.303769234000356,,7.303769234000356,1,100,7.303769234000356,7.303769234000356,0,0.95,,GPU-10d1f16f-9e79-08bb-b2ba-3353c04422cf
smoke_v2_exploratory,llama3_8b_instruct_q4_k_m,nonseg_ascii_b8,,uuid_v4,,,,encoding_seconds,payload,5.61986217899539,,5.61986217899539,1,100,5.61986217899539,5.61986217899539,0,0.95,,GPU-10d1f16f-9e79-08bb-b2ba-3353c04422cf
smoke_v2_exploratory,llama3_8b_instruct_q4_k_m,nonseg_hex_nibble_b16,,sha256_hex,,,,encoding_seconds,payload,3.960203829992679,,3.960203829992679,1,100,3.960203829992679,3.960203829992679,0,0.95,,GPU-10d1f16f-9e79-08bb-b2ba-3353c04422cf
smoke_v2_exploratory,llama3_8b_instruct_q4_k_m,segmented_hex_multi_topic,,nonce_96_bit_hex,,,,encoding_seconds,payload,9.535421368661142,4.732978369184929,10.701216614994337,3,100,4.328480565993232,13.57656692499586,100,0.95,,GPU-10d1f16f-9e79-08bb-b2ba-3353c04422cf
smoke_v2_exploratory,llama3_8b_instruct_q4_k_m,segmented_hex_multi_topic,,sha256_hex,,,,encoding_seconds,payload,16.81883569800266,0.7319707853970656,16.81883569800266,2,100,16.30125419201795,17.336417203987367,100,0.95,,GPU-10d1f16f-9e79-08bb-b2ba-3353c04422cf
smoke_v2_exploratory,llama3_8b_instruct_q4_k_m,segmented_hex_multi_topic,,token_128_bit_hex,,,,encoding_seconds,payload,4.710732307998114,1.4404928309517895,4.710732307998114,2,100,3.692150058981497,5.729314557014732,100,0.95,,GPU-10d1f16f-9e79-08bb-b2ba-3353c04422cf
smoke_v2_exploratory,llama3_8b_instruct_q4_k_m,segmented_hex_single_topic,,hmac_sha256_hex,,,,encoding_seconds,payload,12.82520138801192,,12.82520138801192,1,100,12.82520138801192,12.82520138801192,0,0.95,,GPU-10d1f16f-9e79-08bb-b2ba-3353c04422cf
smoke_v2_exploratory,mistral_7b_instruct_v0_3_q4_k_m,direct_subword_calgacus,,ed25519_signature_base64,,,,encoding_seconds,payload,3.7972310970071694,,3.7972310970071694,1,100,3.7972310970071694,3.7972310970071694,0,0.95,,GPU-10d1f16f-9e79-08bb-b2ba-3353c04422cf
smoke_v2_exploratory,mistral_7b_instruct_v0_3_q4_k_m,nonseg_ascii_b16,,aes256_gcm_base64,,,,encoding_seconds,payload,3.928806556999916,,3.928806556999916,1,100,3.928806556999916,3.928806556999916,0,0.95,,GPU-10d1f16f-9e79-08bb-b2ba-3353c04422cf
smoke_v2_exploratory,mistral_7b_instruct_v0_3_q4_k_m,nonseg_ascii_b8,,uuid_v4,,,,encoding_seconds,payload,3.03867680998519,,3.03867680998519,1,100,3.03867680998519,3.03867680998519,0,0.95,,GPU-10d1f16f-9e79-08bb-b2ba-3353c04422cf
smoke_v2_exploratory,mistral_7b_instruct_v0_3_q4_k_m,nonseg_hex_nibble_b16,,nonce_96_bit_hex,,,,encoding_seconds,payload,1.1093131179950433,,1.1093131179950433,1,100,1.1093131179950433,1.1093131179950433,0,0.95,,GPU-10d1f16f-9e79-08bb-b2ba-3353c04422cf
smoke_v2_exploratory,mistral_7b_instruct_v0_3_q4_k_m,segmented_hex_multi_topic,,nonce_96_bit_hex,,,,encoding_seconds,payload,4.760843159507203,0.07410822365127201,4.760843159507203,2,100,4.7084407320217,4.813245586992707,100,0.95,,GPU-10d1f16f-9e79-08bb-b2ba-3353c04422cf
smoke_v2_exploratory,mistral_7b_instruct_v0_3_q4_k_m,segmented_hex_multi_topic,,sha256_hex,,,,encoding_seconds,payload,15.282667966021108,7.33310407984807,15.282667966021108,2,100,10.0973803440138,20.467955588028417,100,0.95,,GPU-10d1f16f-9e79-08bb-b2ba-3353c04422cf
smoke_v2_exploratory,mistral_7b_instruct_v0_3_q4_k_m,segmented_hex_multi_topic,,token_128_bit_hex,,,,encoding_seconds,payload,3.625598873491981,1.2274960099296655,3.625598873491981,2,100,2.757628120991285,4.493569625992677,100,0.95,,GPU-10d1f16f-9e79-08bb-b2ba-3353c04422cf
smoke_v2_exploratory,mistral_7b_instruct_v0_3_q4_k_m,segmented_hex_single_topic,,token_128_bit_hex,,,,encoding_seconds,payload,5.665897512008087,,5.665897512008087,1,100,5.665897512008087,5.665897512008087,0,0.95,,GPU-10d1f16f-9e79-08bb-b2ba-3353c04422cf
smoke_v2_exploratory,qwen2_5_7b_instruct_q4_k_m,direct_subword_calgacus,,ed25519_signature_base64,,,,encoding_seconds,payload,5.452581445002579,,5.452581445002579,1,100,5.452581445002579,5.452581445002579,0,0.95,,GPU-10d1f16f-9e79-08bb-b2ba-3353c04422cf
smoke_v2_exploratory,qwen2_5_7b_instruct_q4_k_m,nonseg_ascii_b16,,chacha20_poly1305_base64,,,,encoding_seconds,payload,8.093847282012575,,8.093847282012575,1,100,8.093847282012575,8.093847282012575,0,0.95,,GPU-10d1f16f-9e79-08bb-b2ba-3353c04422cf
smoke_v2_exploratory,qwen2_5_7b_instruct_q4_k_m,nonseg_ascii_b8,,uuid_v4,,,,encoding_seconds,payload,6.890136656991672,,6.890136656991672,1,100,6.890136656991672,6.890136656991672,0,0.95,,GPU-10d1f16f-9e79-08bb-b2ba-3353c04422cf
smoke_v2_exploratory,qwen2_5_7b_instruct_q4_k_m,nonseg_hex_nibble_b16,,token_128_bit_hex,,,,encoding_seconds,payload,2.4688069580006413,,2.4688069580006413,1,100,2.4688069580006413,2.4688069580006413,0,0.95,,GPU-10d1f16f-9e79-08bb-b2ba-3353c04422cf
smoke_v2_exploratory,qwen2_5_7b_instruct_q4_k_m,segmented_hex_multi_topic,,hmac_sha256_hex,,,,encoding_seconds,payload,11.974111819989048,,11.974111819989048,1,100,11.974111819989048,11.974111819989048,0,0.95,,GPU-10d1f16f-9e79-08bb-b2ba-3353c04422cf
smoke_v2_exploratory,qwen2_5_7b_instruct_q4_k_m,segmented_hex_multi_topic,,nonce_96_bit_hex,,,,encoding_seconds,payload,6.259775103255379,0.9776975413271118,6.11781564001285,4,100,5.435137380548895,7.158941544164189,100,0.95,,GPU-10d1f16f-9e79-08bb-b2ba-3353c04422cf
smoke_v2_exploratory,qwen2_5_7b_instruct_q4_k_m,segmented_hex_multi_topic,,sha256_hex,,,,encoding_seconds,payload,7.179968595024548,,7.179968595024548,1,100,7.179968595024548,7.179968595024548,0,0.95,,GPU-10d1f16f-9e79-08bb-b2ba-3353c04422cf
smoke_v2_exploratory,qwen2_5_7b_instruct_q4_k_m,segmented_hex_multi_topic,,token_128_bit_hex,,,,encoding_seconds,payload,7.415527813995141,,7.415527813995141,1,100,7.415527813995141,7.415527813995141,0,0.95,,GPU-10d1f16f-9e79-08bb-b2ba-3353c04422cf
smoke_v2_exploratory,qwen2_5_7b_instruct_q4_k_m,segmented_hex_single_topic,,sha256_hex,,,,encoding_seconds,payload,23.251964217997735,,23.251964217997735,1,100,23.251964217997735,23.251964217997735,0,0.95,,GPU-10d1f16f-9e79-08bb-b2ba-3353c04422cf
smoke_v2_exploratory,llama3_8b_instruct_q4_k_m,direct_subword_calgacus,,ed25519_signature_base64,,,,decoding_seconds,payload,3.702440872992156,,3.702440872992156,1,100,3.702440872992156,3.702440872992156,0,0.95,,GPU-10d1f16f-9e79-08bb-b2ba-3353c04422cf
smoke_v2_exploratory,llama3_8b_instruct_q4_k_m,nonseg_ascii_b16,,aes256_gcm_base64,,,,decoding_seconds,payload,3.23991712499992,,3.23991712499992,1,100,3.23991712499992,3.23991712499992,0,0.95,,GPU-10d1f16f-9e79-08bb-b2ba-3353c04422cf
smoke_v2_exploratory,llama3_8b_instruct_q4_k_m,nonseg_ascii_b8,,uuid_v4,,,,decoding_seconds,payload,2.5398003940063063,,2.5398003940063063,1,100,2.5398003940063063,2.5398003940063063,0,0.95,,GPU-10d1f16f-9e79-08bb-b2ba-3353c04422cf
smoke_v2_exploratory,llama3_8b_instruct_q4_k_m,nonseg_hex_nibble_b16,,sha256_hex,,,,decoding_seconds,payload,1.9795961270137925,,1.9795961270137925,1,100,1.9795961270137925,1.9795961270137925,0,0.95,,GPU-10d1f16f-9e79-08bb-b2ba-3353c04422cf
smoke_v2_exploratory,llama3_8b_instruct_q4_k_m,segmented_hex_multi_topic,,nonce_96_bit_hex,,,,decoding_seconds,payload,2.1267762323356387,0.32621573161553197,1.9787360170012107,3,100,1.9008300510031404,2.500762629002565,100,0.95,,GPU-10d1f16f-9e79-08bb-b2ba-3353c04422cf
smoke_v2_exploratory,llama3_8b_instruct_q4_k_m,segmented_hex_multi_topic,,sha256_hex,,,,decoding_seconds,payload,5.2079194665057,0.007671495536939732,5.2079194665057,2,100,5.202494899989688,5.213344033021713,100,0.95,,GPU-10d1f16f-9e79-08bb-b2ba-3353c04422cf
smoke_v2_exploratory,llama3_8b_instruct_q4_k_m,segmented_hex_multi_topic,,token_128_bit_hex,,,,decoding_seconds,payload,2.800849976018071,0.1539805201929298,2.800849976018071,2,100,2.6919693060190184,2.909730646017124,100,0.95,,GPU-10d1f16f-9e79-08bb-b2ba-3353c04422cf
smoke_v2_exploratory,llama3_8b_instruct_q4_k_m,segmented_hex_single_topic,,hmac_sha256_hex,,,,decoding_seconds,payload,5.087792651014752,,5.087792651014752,1,100,5.087792651014752,5.087792651014752,0,0.95,,GPU-10d1f16f-9e79-08bb-b2ba-3353c04422cf
smoke_v2_exploratory,mistral_7b_instruct_v0_3_q4_k_m,direct_subword_calgacus,,ed25519_signature_base64,,,,decoding_seconds,payload,3.551759752997896,,3.551759752997896,1,100,3.551759752997896,3.551759752997896,0,0.95,,GPU-10d1f16f-9e79-08bb-b2ba-3353c04422cf
smoke_v2_exploratory,mistral_7b_instruct_v0_3_q4_k_m,nonseg_ascii_b16,,aes256_gcm_base64,,,,decoding_seconds,payload,3.053705735001131,,3.053705735001131,1,100,3.053705735001131,3.053705735001131,0,0.95,,GPU-10d1f16f-9e79-08bb-b2ba-3353c04422cf
smoke_v2_exploratory,mistral_7b_instruct_v0_3_q4_k_m,nonseg_ascii_b8,,uuid_v4,,,,decoding_seconds,payload,2.3955878730048425,,2.3955878730048425,1,100,2.3955878730048425,2.3955878730048425,0,0.95,,GPU-10d1f16f-9e79-08bb-b2ba-3353c04422cf
smoke_v2_exploratory,mistral_7b_instruct_v0_3_q4_k_m,nonseg_hex_nibble_b16,,nonce_96_bit_hex,,,,decoding_seconds,payload,0.9477394230052596,,0.9477394230052596,1,100,0.9477394230052596,0.9477394230052596,0,0.95,,GPU-10d1f16f-9e79-08bb-b2ba-3353c04422cf
smoke_v2_exploratory,mistral_7b_instruct_v0_3_q4_k_m,segmented_hex_multi_topic,,nonce_96_bit_hex,,,,decoding_seconds,payload,1.9509514829915129,0.0024910721429944245,1.9509514829915129,2,100,1.9491900289867767,1.9527129369962493,100,0.95,,GPU-10d1f16f-9e79-08bb-b2ba-3353c04422cf
smoke_v2_exploratory,mistral_7b_instruct_v0_3_q4_k_m,segmented_hex_multi_topic,,sha256_hex,,,,decoding_seconds,payload,5.824009993993968,0.8926609414420997,5.824009993993968,2,100,5.192803388999892,6.455216598988045,100,0.95,,GPU-10d1f16f-9e79-08bb-b2ba-3353c04422cf
smoke_v2_exploratory,mistral_7b_instruct_v0_3_q4_k_m,segmented_hex_multi_topic,,token_128_bit_hex,,,,decoding_seconds,payload,2.690209821012104,0.21417227641800832,2.690209821012104,2,100,2.5387671520147705,2.8416524900094373,100,0.95,,GPU-10d1f16f-9e79-08bb-b2ba-3353c04422cf
smoke_v2_exploratory,mistral_7b_instruct_v0_3_q4_k_m,segmented_hex_single_topic,,token_128_bit_hex,,,,decoding_seconds,payload,2.580087600988918,,2.580087600988918,1,100,2.580087600988918,2.580087600988918,0,0.95,,GPU-10d1f16f-9e79-08bb-b2ba-3353c04422cf
smoke_v2_exploratory,qwen2_5_7b_instruct_q4_k_m,direct_subword_calgacus,,ed25519_signature_base64,,,,decoding_seconds,payload,4.330018924010801,,4.330018924010801,1,100,4.330018924010801,4.330018924010801,0,0.95,,GPU-10d1f16f-9e79-08bb-b2ba-3353c04422cf
smoke_v2_exploratory,qwen2_5_7b_instruct_q4_k_m,nonseg_ascii_b16,,chacha20_poly1305_base64,,,,decoding_seconds,payload,3.175300361996051,,3.175300361996051,1,100,3.175300361996051,3.175300361996051,0,0.95,,GPU-10d1f16f-9e79-08bb-b2ba-3353c04422cf
smoke_v2_exploratory,qwen2_5_7b_instruct_q4_k_m,nonseg_ascii_b8,,uuid_v4,,,,decoding_seconds,payload,2.488692977989558,,2.488692977989558,1,100,2.488692977989558,2.488692977989558,0,0.95,,GPU-10d1f16f-9e79-08bb-b2ba-3353c04422cf
smoke_v2_exploratory,qwen2_5_7b_instruct_q4_k_m,nonseg_hex_nibble_b16,,token_128_bit_hex,,,,decoding_seconds,payload,1.1585194079962091,,1.1585194079962091,1,100,1.1585194079962091,1.1585194079962091,0,0.95,,GPU-10d1f16f-9e79-08bb-b2ba-3353c04422cf
smoke_v2_exploratory,qwen2_5_7b_instruct_q4_k_m,segmented_hex_multi_topic,,hmac_sha256_hex,,,,decoding_seconds,payload,4.906595431995811,,4.906595431995811,1,100,4.906595431995811,4.906595431995811,0,0.95,,GPU-10d1f16f-9e79-08bb-b2ba-3353c04422cf
smoke_v2_exploratory,qwen2_5_7b_instruct_q4_k_m,segmented_hex_multi_topic,,nonce_96_bit_hex,,,,decoding_seconds,payload,1.9754148347492446,0.48312738686805073,1.764645946008386,4,100,1.6832384501532034,2.46040715169438,100,0.95,,GPU-10d1f16f-9e79-08bb-b2ba-3353c04422cf
smoke_v2_exploratory,qwen2_5_7b_instruct_q4_k_m,segmented_hex_multi_topic,,sha256_hex,,,,decoding_seconds,payload,4.76694231700094,,4.76694231700094,1,100,4.76694231700094,4.76694231700094,0,0.95,,GPU-10d1f16f-9e79-08bb-b2ba-3353c04422cf
smoke_v2_exploratory,qwen2_5_7b_instruct_q4_k_m,segmented_hex_multi_topic,,token_128_bit_hex,,,,decoding_seconds,payload,2.987012557001435,,2.987012557001435,1,100,2.987012557001435,2.987012557001435,0,0.95,,GPU-10d1f16f-9e79-08bb-b2ba-3353c04422cf
smoke_v2_exploratory,qwen2_5_7b_instruct_q4_k_m,segmented_hex_single_topic,,sha256_hex,,,,decoding_seconds,payload,4.619139071990503,,4.619139071990503,1,100,4.619139071990503,4.619139071990503,0,0.95,,GPU-10d1f16f-9e79-08bb-b2ba-3353c04422cf
smoke_v2_exploratory,llama3_8b_instruct_q4_k_m,direct_subword_calgacus,,ed25519_signature_base64,,,,peak_ram_mib,payload,5043.015625,,5043.015625,1,100,5043.015625,5043.015625,0,0.95,,GPU-10d1f16f-9e79-08bb-b2ba-3353c04422cf
smoke_v2_exploratory,llama3_8b_instruct_q4_k_m,nonseg_ascii_b16,,aes256_gcm_base64,,,,peak_ram_mib,payload,5043.015625,,5043.015625,1,100,5043.015625,5043.015625,0,0.95,,GPU-10d1f16f-9e79-08bb-b2ba-3353c04422cf
smoke_v2_exploratory,llama3_8b_instruct_q4_k_m,nonseg_ascii_b8,,uuid_v4,,,,peak_ram_mib,payload,5043.015625,,5043.015625,1,100,5043.015625,5043.015625,0,0.95,,GPU-10d1f16f-9e79-08bb-b2ba-3353c04422cf
smoke_v2_exploratory,llama3_8b_instruct_q4_k_m,nonseg_hex_nibble_b16,,sha256_hex,,,,peak_ram_mib,payload,5043.015625,,5043.015625,1,100,5043.015625,5043.015625,0,0.95,,GPU-10d1f16f-9e79-08bb-b2ba-3353c04422cf
smoke_v2_exploratory,llama3_8b_instruct_q4_k_m,segmented_hex_multi_topic,,nonce_96_bit_hex,,,,peak_ram_mib,payload,5043.015625,0.0,5043.015625,3,100,5043.015625,5043.015625,100,0.95,,GPU-10d1f16f-9e79-08bb-b2ba-3353c04422cf
smoke_v2_exploratory,llama3_8b_instruct_q4_k_m,segmented_hex_multi_topic,,sha256_hex,,,,peak_ram_mib,payload,5043.015625,0.0,5043.015625,2,100,5043.015625,5043.015625,100,0.95,,GPU-10d1f16f-9e79-08bb-b2ba-3353c04422cf
smoke_v2_exploratory,llama3_8b_instruct_q4_k_m,segmented_hex_multi_topic,,token_128_bit_hex,,,,peak_ram_mib,payload,5043.015625,0.0,5043.015625,2,100,5043.015625,5043.015625,100,0.95,,GPU-10d1f16f-9e79-08bb-b2ba-3353c04422cf
smoke_v2_exploratory,llama3_8b_instruct_q4_k_m,segmented_hex_single_topic,,hmac_sha256_hex,,,,peak_ram_mib,payload,5043.015625,,5043.015625,1,100,5043.015625,5043.015625,0,0.95,,GPU-10d1f16f-9e79-08bb-b2ba-3353c04422cf
smoke_v2_exploratory,mistral_7b_instruct_v0_3_q4_k_m,direct_subword_calgacus,,ed25519_signature_base64,,,,peak_ram_mib,payload,4460.71875,,4460.71875,1,100,4460.71875,4460.71875,0,0.95,,GPU-10d1f16f-9e79-08bb-b2ba-3353c04422cf
smoke_v2_exploratory,mistral_7b_instruct_v0_3_q4_k_m,nonseg_ascii_b16,,aes256_gcm_base64,,,,peak_ram_mib,payload,4460.71875,,4460.71875,1,100,4460.71875,4460.71875,0,0.95,,GPU-10d1f16f-9e79-08bb-b2ba-3353c04422cf
smoke_v2_exploratory,mistral_7b_instruct_v0_3_q4_k_m,nonseg_ascii_b8,,uuid_v4,,,,peak_ram_mib,payload,4460.71875,,4460.71875,1,100,4460.71875,4460.71875,0,0.95,,GPU-10d1f16f-9e79-08bb-b2ba-3353c04422cf
smoke_v2_exploratory,mistral_7b_instruct_v0_3_q4_k_m,nonseg_hex_nibble_b16,,nonce_96_bit_hex,,,,peak_ram_mib,payload,4460.71875,,4460.71875,1,100,4460.71875,4460.71875,0,0.95,,GPU-10d1f16f-9e79-08bb-b2ba-3353c04422cf
smoke_v2_exploratory,mistral_7b_instruct_v0_3_q4_k_m,segmented_hex_multi_topic,,nonce_96_bit_hex,,,,peak_ram_mib,payload,4460.71875,0.0,4460.71875,2,100,4460.71875,4460.71875,100,0.95,,GPU-10d1f16f-9e79-08bb-b2ba-3353c04422cf
smoke_v2_exploratory,mistral_7b_instruct_v0_3_q4_k_m,segmented_hex_multi_topic,,sha256_hex,,,,peak_ram_mib,payload,4460.71875,0.0,4460.71875,2,100,4460.71875,4460.71875,100,0.95,,GPU-10d1f16f-9e79-08bb-b2ba-3353c04422cf
smoke_v2_exploratory,mistral_7b_instruct_v0_3_q4_k_m,segmented_hex_multi_topic,,token_128_bit_hex,,,,peak_ram_mib,payload,4460.71875,0.0,4460.71875,2,100,4460.71875,4460.71875,100,0.95,,GPU-10d1f16f-9e79-08bb-b2ba-3353c04422cf
smoke_v2_exploratory,mistral_7b_instruct_v0_3_q4_k_m,segmented_hex_single_topic,,token_128_bit_hex,,,,peak_ram_mib,payload,4460.71875,,4460.71875,1,100,4460.71875,4460.71875,0,0.95,,GPU-10d1f16f-9e79-08bb-b2ba-3353c04422cf
smoke_v2_exploratory,qwen2_5_7b_instruct_q4_k_m,direct_subword_calgacus,,ed25519_signature_base64,,,,peak_ram_mib,payload,4802.43359375,,4802.43359375,1,100,4802.43359375,4802.43359375,0,0.95,,GPU-10d1f16f-9e79-08bb-b2ba-3353c04422cf
smoke_v2_exploratory,qwen2_5_7b_instruct_q4_k_m,nonseg_ascii_b16,,chacha20_poly1305_base64,,,,peak_ram_mib,payload,4802.43359375,,4802.43359375,1,100,4802.43359375,4802.43359375,0,0.95,,GPU-10d1f16f-9e79-08bb-b2ba-3353c04422cf
smoke_v2_exploratory,qwen2_5_7b_instruct_q4_k_m,nonseg_ascii_b8,,uuid_v4,,,,peak_ram_mib,payload,4802.43359375,,4802.43359375,1,100,4802.43359375,4802.43359375,0,0.95,,GPU-10d1f16f-9e79-08bb-b2ba-3353c04422cf
smoke_v2_exploratory,qwen2_5_7b_instruct_q4_k_m,nonseg_hex_nibble_b16,,token_128_bit_hex,,,,peak_ram_mib,payload,4802.43359375,,4802.43359375,1,100,4802.43359375,4802.43359375,0,0.95,,GPU-10d1f16f-9e79-08bb-b2ba-3353c04422cf
smoke_v2_exploratory,qwen2_5_7b_instruct_q4_k_m,segmented_hex_multi_topic,,hmac_sha256_hex,,,,peak_ram_mib,payload,4802.43359375,,4802.43359375,1,100,4802.43359375,4802.43359375,0,0.95,,GPU-10d1f16f-9e79-08bb-b2ba-3353c04422cf
smoke_v2_exploratory,qwen2_5_7b_instruct_q4_k_m,segmented_hex_multi_topic,,nonce_96_bit_hex,,,,peak_ram_mib,payload,4802.43359375,0.0,4802.43359375,4,100,4802.43359375,4802.43359375,100,0.95,,GPU-10d1f16f-9e79-08bb-b2ba-3353c04422cf
smoke_v2_exploratory,qwen2_5_7b_instruct_q4_k_m,segmented_hex_multi_topic,,sha256_hex,,,,peak_ram_mib,payload,4802.43359375,,4802.43359375,1,100,4802.43359375,4802.43359375,0,0.95,,GPU-10d1f16f-9e79-08bb-b2ba-3353c04422cf
smoke_v2_exploratory,qwen2_5_7b_instruct_q4_k_m,segmented_hex_multi_topic,,token_128_bit_hex,,,,peak_ram_mib,payload,4802.43359375,,4802.43359375,1,100,4802.43359375,4802.43359375,0,0.95,,GPU-10d1f16f-9e79-08bb-b2ba-3353c04422cf
smoke_v2_exploratory,qwen2_5_7b_instruct_q4_k_m,segmented_hex_single_topic,,sha256_hex,,,,peak_ram_mib,payload,4802.43359375,,4802.43359375,1,100,4802.43359375,4802.43359375,0,0.95,,GPU-10d1f16f-9e79-08bb-b2ba-3353c04422cf
smoke_v2_memory_profile,llama3_8b_instruct_q4_k_m,not_applicable_memory_profile,,not_applicable_memory_profile,,,,peak_ram_mib,payload,5043.015625,,5043.015625,1,100,5043.015625,5043.015625,0,0.95,,GPU-10d1f16f-9e79-08bb-b2ba-3353c04422cf
smoke_v2_memory_profile,mistral_7b_instruct_v0_3_q4_k_m,not_applicable_memory_profile,,not_applicable_memory_profile,,,,peak_ram_mib,payload,4460.71875,,4460.71875,1,100,4460.71875,4460.71875,0,0.95,,GPU-10d1f16f-9e79-08bb-b2ba-3353c04422cf
smoke_v2_memory_profile,qwen2_5_7b_instruct_q4_k_m,not_applicable_memory_profile,,not_applicable_memory_profile,,,,peak_ram_mib,payload,4802.43359375,,4802.43359375,1,100,4802.43359375,4802.43359375,0,0.95,,GPU-10d1f16f-9e79-08bb-b2ba-3353c04422cf
smoke_v2_memory_profile,llama3_8b_instruct_q4_k_m,not_applicable_memory_profile,,not_applicable_memory_profile,,,,peak_gpu_memory_mib,payload,5279.0,,5279.0,1,100,5279.0,5279.0,0,0.95,,GPU-10d1f16f-9e79-08bb-b2ba-3353c04422cf
smoke_v2_memory_profile,mistral_7b_instruct_v0_3_q4_k_m,not_applicable_memory_profile,,not_applicable_memory_profile,,,,peak_gpu_memory_mib,payload,4973.0,,4973.0,1,100,4973.0,4973.0,0,0.95,,GPU-10d1f16f-9e79-08bb-b2ba-3353c04422cf
smoke_v2_memory_profile,qwen2_5_7b_instruct_q4_k_m,not_applicable_memory_profile,,not_applicable_memory_profile,,,,peak_gpu_memory_mib,payload,4757.0,,4757.0,1,100,4757.0,4757.0,0,0.95,,GPU-10d1f16f-9e79-08bb-b2ba-3353c04422cf
smoke_v2_exploratory,llama3_8b_instruct_q4_k_m,direct_subword_calgacus,,ed25519_signature_base64,,,,cover_tokens_per_payload_byte,payload,0.6931818181818182,,0.6931818181818182,1,100,0.6931818181818182,0.6931818181818182,0,0.95,,GPU-10d1f16f-9e79-08bb-b2ba-3353c04422cf
smoke_v2_exploratory,llama3_8b_instruct_q4_k_m,nonseg_ascii_b16,,aes256_gcm_base64,,,,cover_tokens_per_payload_byte,payload,2.0,,2.0,1,100,2.0,2.0,0,0.95,,GPU-10d1f16f-9e79-08bb-b2ba-3353c04422cf
smoke_v2_exploratory,llama3_8b_instruct_q4_k_m,nonseg_ascii_b8,,uuid_v4,,,,cover_tokens_per_payload_byte,payload,2.6666666666666665,,2.6666666666666665,1,100,2.6666666666666665,2.6666666666666665,0,0.95,,GPU-10d1f16f-9e79-08bb-b2ba-3353c04422cf
smoke_v2_exploratory,llama3_8b_instruct_q4_k_m,nonseg_hex_nibble_b16,,sha256_hex,,,,cover_tokens_per_payload_byte,payload,1.0,,1.0,1,100,1.0,1.0,0,0.95,,GPU-10d1f16f-9e79-08bb-b2ba-3353c04422cf
smoke_v2_exploratory,llama3_8b_instruct_q4_k_m,segmented_hex_multi_topic,,nonce_96_bit_hex,,,,cover_tokens_per_payload_byte,payload,9.01388888888889,5.667483601244063,9.125,3,100,3.2916666666666665,14.625,100,0.95,,GPU-10d1f16f-9e79-08bb-b2ba-3353c04422cf
smoke_v2_exploratory,llama3_8b_instruct_q4_k_m,segmented_hex_multi_topic,,sha256_hex,,,,cover_tokens_per_payload_byte,payload,5.7578125,0.34250484713723395,5.7578125,2,100,5.515625,6.0,100,0.95,,GPU-10d1f16f-9e79-08bb-b2ba-3353c04422cf
smoke_v2_exploratory,llama3_8b_instruct_q4_k_m,segmented_hex_multi_topic,,token_128_bit_hex,,,,cover_tokens_per_payload_byte,payload,2.625,2.2980970388562794,2.625,2,100,1.0,4.25,100,0.95,,GPU-10d1f16f-9e79-08bb-b2ba-3353c04422cf
smoke_v2_exploratory,llama3_8b_instruct_q4_k_m,segmented_hex_single_topic,,hmac_sha256_hex,,,,cover_tokens_per_payload_byte,payload,3.296875,,3.296875,1,100,3.296875,3.296875,0,0.95,,GPU-10d1f16f-9e79-08bb-b2ba-3353c04422cf
smoke_v2_exploratory,mistral_7b_instruct_v0_3_q4_k_m,direct_subword_calgacus,,ed25519_signature_base64,,,,cover_tokens_per_payload_byte,payload,0.8409090909090909,,0.8409090909090909,1,100,0.8409090909090909,0.8409090909090909,0,0.95,,GPU-10d1f16f-9e79-08bb-b2ba-3353c04422cf
smoke_v2_exploratory,mistral_7b_instruct_v0_3_q4_k_m,nonseg_ascii_b16,,aes256_gcm_base64,,,,cover_tokens_per_payload_byte,payload,2.0,,2.0,1,100,2.0,2.0,0,0.95,,GPU-10d1f16f-9e79-08bb-b2ba-3353c04422cf
smoke_v2_exploratory,mistral_7b_instruct_v0_3_q4_k_m,nonseg_ascii_b8,,uuid_v4,,,,cover_tokens_per_payload_byte,payload,2.6666666666666665,,2.6666666666666665,1,100,2.6666666666666665,2.6666666666666665,0,0.95,,GPU-10d1f16f-9e79-08bb-b2ba-3353c04422cf
smoke_v2_exploratory,mistral_7b_instruct_v0_3_q4_k_m,nonseg_hex_nibble_b16,,nonce_96_bit_hex,,,,cover_tokens_per_payload_byte,payload,1.0,,1.0,1,100,1.0,1.0,0,0.95,,GPU-10d1f16f-9e79-08bb-b2ba-3353c04422cf
smoke_v2_exploratory,mistral_7b_instruct_v0_3_q4_k_m,segmented_hex_multi_topic,,nonce_96_bit_hex,,,,cover_tokens_per_payload_byte,payload,5.916666666666666,0.11785113019775813,5.916666666666666,2,100,5.833333333333333,6.0,100,0.95,,GPU-10d1f16f-9e79-08bb-b2ba-3353c04422cf
smoke_v2_exploratory,mistral_7b_instruct_v0_3_q4_k_m,segmented_hex_multi_topic,,sha256_hex,,,,cover_tokens_per_payload_byte,payload,7.84375,5.170718337426629,7.84375,2,100,4.1875,11.5,100,0.95,,GPU-10d1f16f-9e79-08bb-b2ba-3353c04422cf
smoke_v2_exploratory,mistral_7b_instruct_v0_3_q4_k_m,segmented_hex_multi_topic,,token_128_bit_hex,,,,cover_tokens_per_payload_byte,payload,2.796875,2.5411649948891553,2.796875,2,100,1.0,4.59375,100,0.95,,GPU-10d1f16f-9e79-08bb-b2ba-3353c04422cf
smoke_v2_exploratory,mistral_7b_instruct_v0_3_q4_k_m,segmented_hex_single_topic,,token_128_bit_hex,,,,cover_tokens_per_payload_byte,payload,4.59375,,4.59375,1,100,4.59375,4.59375,0,0.95,,GPU-10d1f16f-9e79-08bb-b2ba-3353c04422cf
smoke_v2_exploratory,qwen2_5_7b_instruct_q4_k_m,direct_subword_calgacus,,ed25519_signature_base64,,,,cover_tokens_per_payload_byte,payload,0.75,,0.75,1,100,0.75,0.75,0,0.95,,GPU-10d1f16f-9e79-08bb-b2ba-3353c04422cf
smoke_v2_exploratory,qwen2_5_7b_instruct_q4_k_m,nonseg_ascii_b16,,chacha20_poly1305_base64,,,,cover_tokens_per_payload_byte,payload,2.0,,2.0,1,100,2.0,2.0,0,0.95,,GPU-10d1f16f-9e79-08bb-b2ba-3353c04422cf
smoke_v2_exploratory,qwen2_5_7b_instruct_q4_k_m,nonseg_ascii_b8,,uuid_v4,,,,cover_tokens_per_payload_byte,payload,2.6666666666666665,,2.6666666666666665,1,100,2.6666666666666665,2.6666666666666665,0,0.95,,GPU-10d1f16f-9e79-08bb-b2ba-3353c04422cf
smoke_v2_exploratory,qwen2_5_7b_instruct_q4_k_m,nonseg_hex_nibble_b16,,token_128_bit_hex,,,,cover_tokens_per_payload_byte,payload,1.0,,1.0,1,100,1.0,1.0,0,0.95,,GPU-10d1f16f-9e79-08bb-b2ba-3353c04422cf
smoke_v2_exploratory,qwen2_5_7b_instruct_q4_k_m,segmented_hex_multi_topic,,hmac_sha256_hex,,,,cover_tokens_per_payload_byte,payload,3.0625,,3.0625,1,100,3.0625,3.0625,0,0.95,,GPU-10d1f16f-9e79-08bb-b2ba-3353c04422cf
smoke_v2_exploratory,qwen2_5_7b_instruct_q4_k_m,segmented_hex_multi_topic,,nonce_96_bit_hex,,,,cover_tokens_per_payload_byte,payload,4.552083333333333,1.2671851095447153,4.625,4,100,3.5765625000000005,5.458333333333334,100,0.95,,GPU-10d1f16f-9e79-08bb-b2ba-3353c04422cf
smoke_v2_exploratory,qwen2_5_7b_instruct_q4_k_m,segmented_hex_multi_topic,,sha256_hex,,,,cover_tokens_per_payload_byte,payload,1.0,,1.0,1,100,1.0,1.0,0,0.95,,GPU-10d1f16f-9e79-08bb-b2ba-3353c04422cf
smoke_v2_exploratory,qwen2_5_7b_instruct_q4_k_m,segmented_hex_multi_topic,,token_128_bit_hex,,,,cover_tokens_per_payload_byte,payload,4.625,,4.625,1,100,4.625,4.625,0,0.95,,GPU-10d1f16f-9e79-08bb-b2ba-3353c04422cf
smoke_v2_exploratory,qwen2_5_7b_instruct_q4_k_m,segmented_hex_single_topic,,sha256_hex,,,,cover_tokens_per_payload_byte,payload,7.921875,,7.921875,1,100,7.921875,7.921875,0,0.95,,GPU-10d1f16f-9e79-08bb-b2ba-3353c04422cf
