preprocess_schema_version,input_run_identity_sha256,evidence_status,evidence_family,study_phase,record_type,trial_id,work_id,source_trial_id,source_record_sha256,transform_work_id,transformation_model_id,transformation_record_sha256,model_id,source_model_id,payload_name,payload_class,payload_split,prompt_id,prompt_category,language,protocol_variant,representation_name,codec_id,alphabet_size_B,segmented,segment_count,segment_size_ranks,token_filter,tail_policy,leadin_tokens,topic_schedule,ablation_factor,ablation_level,robustness_family,replay_mode,transformation_id,mitigation_id,protocol_contract_revision,result_schema_revision,exact_rank_replay,exact_payload_recovery,recovery_outcome_semantics,exact_recovery,H_bits,artifact_bit_length,serialized_payload_bits,effective_representation_bits_per_full_token,effective_artifact_bits_per_full_token,effective_serialized_bits_per_full_token,effective_payload_rate,forced_token_count,tail_token_count,full_token_count,mean_log_probability,unavailable_fields
2.0,745382f57e9cc83666635159aa26a118606c9b14f1bdb680061e9812cb64b165,secondary_supplementary_multilingual_v2_payload_fidelity_after_manifest_freeze,secondary_supplementary,multilingual_v2_secondary,rankcloak_trial,revision_v1_multilingual_v2_payload_fidelity_v2__3f2f9a97575b8264b82e,revision_v1_multilingual_v2_payload_fidelity_v2__3f2f9a97575b8264b82e,,,,,,llama3_8b_instruct_q4_k_m,llama3_8b_instruct_q4_k_m,revision_v1_sha256_hex_000,sha256_hex,train,es_casual_conversation_01,casual_conversation,es,direct_subword_calgacus,direct_subword,direct_subword,,False,1,,none,none,0,,,,,saved_token_ids,unmodified,none,payload_fidelity_v2,payload_aware_result_v2,1,1,original_serialized_payload_bytes_sha256_v1,1,,256,512,,7.314285714285714,14.628571428571428,7.314285714285714,35,0,35,-6.707588444201316,
2.0,745382f57e9cc83666635159aa26a118606c9b14f1bdb680061e9812cb64b165,secondary_supplementary_multilingual_v2_payload_fidelity_after_manifest_freeze,secondary_supplementary,multilingual_v2_secondary,rankcloak_trial,revision_v1_multilingual_v2_payload_fidelity_v2__aaeeec58094fcb91ca2f,revision_v1_multilingual_v2_payload_fidelity_v2__aaeeec58094fcb91ca2f,,,,,,llama3_8b_instruct_q4_k_m,llama3_8b_instruct_q4_k_m,revision_v1_sha256_hex_000,sha256_hex,train,es_casual_conversation_01,casual_conversation,es,nonseg_ascii_b16,ascii_b16,ascii_b16,16,False,1,,none,none,0,,,,,saved_token_ids,unmodified,none,payload_fidelity_v2,payload_aware_result_v2,1,1,original_serialized_payload_bytes_sha256_v1,1,512,256,512,4.0,2.0,4.0,2.0,128,0,128,-4.6148409203151495,
2.0,745382f57e9cc83666635159aa26a118606c9b14f1bdb680061e9812cb64b165,secondary_supplementary_multilingual_v2_payload_fidelity_after_manifest_freeze,secondary_supplementary,multilingual_v2_secondary,rankcloak_trial,revision_v1_multilingual_v2_payload_fidelity_v2__1ae23c292e2c3f158648,revision_v1_multilingual_v2_payload_fidelity_v2__1ae23c292e2c3f158648,,,,,,llama3_8b_instruct_q4_k_m,llama3_8b_instruct_q4_k_m,revision_v1_sha256_hex_000,sha256_hex,train,zh_hans_casual_conversation_01,casual_conversation,zh_hans,direct_subword_calgacus,direct_subword,direct_subword,,False,1,,none,none,0,,,,,saved_token_ids,unmodified,none,payload_fidelity_v2,payload_aware_result_v2,1,1,original_serialized_payload_bytes_sha256_v1,1,,256,512,,7.314285714285714,14.628571428571428,7.314285714285714,35,0,35,-6.929110449922726,
2.0,745382f57e9cc83666635159aa26a118606c9b14f1bdb680061e9812cb64b165,secondary_supplementary_multilingual_v2_payload_fidelity_after_manifest_freeze,secondary_supplementary,multilingual_v2_secondary,rankcloak_trial,revision_v1_multilingual_v2_payload_fidelity_v2__80470bf1204f275e07c0,revision_v1_multilingual_v2_payload_fidelity_v2__80470bf1204f275e07c0,,,,,,llama3_8b_instruct_q4_k_m,llama3_8b_instruct_q4_k_m,revision_v1_sha256_hex_000,sha256_hex,train,zh_hans_casual_conversation_01,casual_conversation,zh_hans,nonseg_ascii_b16,ascii_b16,ascii_b16,16,False,1,,none,none,0,,,,,saved_token_ids,unmodified,none,payload_fidelity_v2,payload_aware_result_v2,1,1,original_serialized_payload_bytes_sha256_v1,1,512,256,512,4.0,2.0,4.0,2.0,128,0,128,-3.58615773534303,
2.0,745382f57e9cc83666635159aa26a118606c9b14f1bdb680061e9812cb64b165,secondary_supplementary_multilingual_v2_payload_fidelity_after_manifest_freeze,secondary_supplementary,multilingual_v2_secondary,rankcloak_trial,revision_v1_multilingual_v2_payload_fidelity_v2__e93d75dd9e6a3a677064,revision_v1_multilingual_v2_payload_fidelity_v2__e93d75dd9e6a3a677064,,,,,,llama3_8b_instruct_q4_k_m,llama3_8b_instruct_q4_k_m,revision_v1_sha256_hex_001,sha256_hex,train,es_professional_communication_01,professional_communication,es,direct_subword_calgacus,direct_subword,direct_subword,,False,1,,none,none,0,,,,,saved_token_ids,unmodified,none,payload_fidelity_v2,payload_aware_result_v2,1,1,original_serialized_payload_bytes_sha256_v1,1,,256,512,,7.314285714285714,14.628571428571428,7.314285714285714,35,0,35,-7.01027346449474,
2.0,745382f57e9cc83666635159aa26a118606c9b14f1bdb680061e9812cb64b165,secondary_supplementary_multilingual_v2_payload_fidelity_after_manifest_freeze,secondary_supplementary,multilingual_v2_secondary,rankcloak_trial,revision_v1_multilingual_v2_payload_fidelity_v2__010d844314b672bc8247,revision_v1_multilingual_v2_payload_fidelity_v2__010d844314b672bc8247,,,,,,llama3_8b_instruct_q4_k_m,llama3_8b_instruct_q4_k_m,revision_v1_sha256_hex_001,sha256_hex,train,es_professional_communication_01,professional_communication,es,nonseg_ascii_b16,ascii_b16,ascii_b16,16,False,1,,none,none,0,,,,,saved_token_ids,unmodified,none,payload_fidelity_v2,payload_aware_result_v2,1,1,original_serialized_payload_bytes_sha256_v1,1,512,256,512,4.0,2.0,4.0,2.0,128,0,128,-3.775577551152887,
2.0,745382f57e9cc83666635159aa26a118606c9b14f1bdb680061e9812cb64b165,secondary_supplementary_multilingual_v2_payload_fidelity_after_manifest_freeze,secondary_supplementary,multilingual_v2_secondary,rankcloak_trial,revision_v1_multilingual_v2_payload_fidelity_v2__a3f12e6fb9ee105419ea,revision_v1_multilingual_v2_payload_fidelity_v2__a3f12e6fb9ee105419ea,,,,,,llama3_8b_instruct_q4_k_m,llama3_8b_instruct_q4_k_m,revision_v1_sha256_hex_001,sha256_hex,train,zh_hans_professional_communication_01,professional_communication,zh_hans,direct_subword_calgacus,direct_subword,direct_subword,,False,1,,none,none,0,,,,,saved_token_ids,unmodified,none,payload_fidelity_v2,payload_aware_result_v2,1,1,original_serialized_payload_bytes_sha256_v1,1,,256,512,,7.314285714285714,14.628571428571428,7.314285714285714,35,0,35,-6.685142997440551,
2.0,745382f57e9cc83666635159aa26a118606c9b14f1bdb680061e9812cb64b165,secondary_supplementary_multilingual_v2_payload_fidelity_after_manifest_freeze,secondary_supplementary,multilingual_v2_secondary,rankcloak_trial,revision_v1_multilingual_v2_payload_fidelity_v2__d5304414a4cc2df59c79,revision_v1_multilingual_v2_payload_fidelity_v2__d5304414a4cc2df59c79,,,,,,llama3_8b_instruct_q4_k_m,llama3_8b_instruct_q4_k_m,revision_v1_sha256_hex_001,sha256_hex,train,zh_hans_professional_communication_01,professional_communication,zh_hans,nonseg_ascii_b16,ascii_b16,ascii_b16,16,False,1,,none,none,0,,,,,saved_token_ids,unmodified,none,payload_fidelity_v2,payload_aware_result_v2,1,1,original_serialized_payload_bytes_sha256_v1,1,512,256,512,4.0,2.0,4.0,2.0,128,0,128,-3.8614457399743527,
2.0,745382f57e9cc83666635159aa26a118606c9b14f1bdb680061e9812cb64b165,secondary_supplementary_multilingual_v2_payload_fidelity_after_manifest_freeze,secondary_supplementary,multilingual_v2_secondary,rankcloak_trial,revision_v1_multilingual_v2_payload_fidelity_v2__8888853026103c5593e5,revision_v1_multilingual_v2_payload_fidelity_v2__8888853026103c5593e5,,,,,,llama3_8b_instruct_q4_k_m,llama3_8b_instruct_q4_k_m,revision_v1_sha256_hex_002,sha256_hex,train,es_forum_question_answer_01,forum_question_answer,es,direct_subword_calgacus,direct_subword,direct_subword,,False,1,,none,none,0,,,,,saved_token_ids,unmodified,none,payload_fidelity_v2,payload_aware_result_v2,1,1,original_serialized_payload_bytes_sha256_v1,1,,256,512,,7.314285714285714,14.628571428571428,7.314285714285714,35,0,35,-7.004494012240727,
2.0,745382f57e9cc83666635159aa26a118606c9b14f1bdb680061e9812cb64b165,secondary_supplementary_multilingual_v2_payload_fidelity_after_manifest_freeze,secondary_supplementary,multilingual_v2_secondary,rankcloak_trial,revision_v1_multilingual_v2_payload_fidelity_v2__e2f7d2d4b70cbcac4004,revision_v1_multilingual_v2_payload_fidelity_v2__e2f7d2d4b70cbcac4004,,,,,,llama3_8b_instruct_q4_k_m,llama3_8b_instruct_q4_k_m,revision_v1_sha256_hex_002,sha256_hex,train,es_forum_question_answer_01,forum_question_answer,es,nonseg_ascii_b16,ascii_b16,ascii_b16,16,False,1,,none,none,0,,,,,saved_token_ids,unmodified,none,payload_fidelity_v2,payload_aware_result_v2,1,1,original_serialized_payload_bytes_sha256_v1,1,512,256,512,4.0,2.0,4.0,2.0,128,0,128,-4.248704945232099,
2.0,745382f57e9cc83666635159aa26a118606c9b14f1bdb680061e9812cb64b165,secondary_supplementary_multilingual_v2_payload_fidelity_after_manifest_freeze,secondary_supplementary,multilingual_v2_secondary,rankcloak_trial,revision_v1_multilingual_v2_payload_fidelity_v2__b8d7da66e0004895a384,revision_v1_multilingual_v2_payload_fidelity_v2__b8d7da66e0004895a384,,,,,,llama3_8b_instruct_q4_k_m,llama3_8b_instruct_q4_k_m,revision_v1_sha256_hex_002,sha256_hex,train,zh_hans_forum_question_answer_01,forum_question_answer,zh_hans,direct_subword_calgacus,direct_subword,direct_subword,,False,1,,none,none,0,,,,,saved_token_ids,unmodified,none,payload_fidelity_v2,payload_aware_result_v2,1,1,original_serialized_payload_bytes_sha256_v1,1,,256,512,,7.314285714285714,14.628571428571428,7.314285714285714,35,0,35,-6.731722214088609,
2.0,745382f57e9cc83666635159aa26a118606c9b14f1bdb680061e9812cb64b165,secondary_supplementary_multilingual_v2_payload_fidelity_after_manifest_freeze,secondary_supplementary,multilingual_v2_secondary,rankcloak_trial,revision_v1_multilingual_v2_payload_fidelity_v2__73675b4d9f48edbd328a,revision_v1_multilingual_v2_payload_fidelity_v2__73675b4d9f48edbd328a,,,,,,llama3_8b_instruct_q4_k_m,llama3_8b_instruct_q4_k_m,revision_v1_sha256_hex_002,sha256_hex,train,zh_hans_forum_question_answer_01,forum_question_answer,zh_hans,nonseg_ascii_b16,ascii_b16,ascii_b16,16,False,1,,none,none,0,,,,,saved_token_ids,unmodified,none,payload_fidelity_v2,payload_aware_result_v2,1,1,original_serialized_payload_bytes_sha256_v1,1,512,256,512,4.0,2.0,4.0,2.0,128,0,128,-3.772253934690137,
2.0,745382f57e9cc83666635159aa26a118606c9b14f1bdb680061e9812cb64b165,secondary_supplementary_multilingual_v2_payload_fidelity_after_manifest_freeze,secondary_supplementary,multilingual_v2_secondary,rankcloak_trial,revision_v1_multilingual_v2_payload_fidelity_v2__7cc301b632e9dfbe6713,revision_v1_multilingual_v2_payload_fidelity_v2__7cc301b632e9dfbe6713,,,,,,llama3_8b_instruct_q4_k_m,llama3_8b_instruct_q4_k_m,revision_v1_sha256_hex_003,sha256_hex,train,es_recipe_procedure_01,recipe_procedure,es,direct_subword_calgacus,direct_subword,direct_subword,,False,1,,none,none,0,,,,,saved_token_ids,unmodified,none,payload_fidelity_v2,payload_aware_result_v2,1,1,original_serialized_payload_bytes_sha256_v1,1,,256,512,,5.688888888888889,11.377777777777778,5.688888888888889,45,0,45,-5.374699244616142,
2.0,745382f57e9cc83666635159aa26a118606c9b14f1bdb680061e9812cb64b165,secondary_supplementary_multilingual_v2_payload_fidelity_after_manifest_freeze,secondary_supplementary,multilingual_v2_secondary,rankcloak_trial,revision_v1_multilingual_v2_payload_fidelity_v2__9f0e1f7a43a94ed0fa05,revision_v1_multilingual_v2_payload_fidelity_v2__9f0e1f7a43a94ed0fa05,,,,,,llama3_8b_instruct_q4_k_m,llama3_8b_instruct_q4_k_m,revision_v1_sha256_hex_003,sha256_hex,train,es_recipe_procedure_01,recipe_procedure,es,nonseg_ascii_b16,ascii_b16,ascii_b16,16,False,1,,none,none,0,,,,,saved_token_ids,unmodified,none,payload_fidelity_v2,payload_aware_result_v2,1,1,original_serialized_payload_bytes_sha256_v1,1,512,256,512,4.0,2.0,4.0,2.0,128,0,128,-4.401408199817635,
2.0,745382f57e9cc83666635159aa26a118606c9b14f1bdb680061e9812cb64b165,secondary_supplementary_multilingual_v2_payload_fidelity_after_manifest_freeze,secondary_supplementary,multilingual_v2_secondary,rankcloak_trial,revision_v1_multilingual_v2_payload_fidelity_v2__59fffaa81cbe8eae6eee,revision_v1_multilingual_v2_payload_fidelity_v2__59fffaa81cbe8eae6eee,,,,,,llama3_8b_instruct_q4_k_m,llama3_8b_instruct_q4_k_m,revision_v1_sha256_hex_003,sha256_hex,train,zh_hans_recipe_procedure_01,recipe_procedure,zh_hans,direct_subword_calgacus,direct_subword,direct_subword,,False,1,,none,none,0,,,,,saved_token_ids,unmodified,none,payload_fidelity_v2,payload_aware_result_v2,1,1,original_serialized_payload_bytes_sha256_v1,1,,256,512,,5.688888888888889,11.377777777777778,5.688888888888889,45,0,45,-5.37784411685004,
2.0,745382f57e9cc83666635159aa26a118606c9b14f1bdb680061e9812cb64b165,secondary_supplementary_multilingual_v2_payload_fidelity_after_manifest_freeze,secondary_supplementary,multilingual_v2_secondary,rankcloak_trial,revision_v1_multilingual_v2_payload_fidelity_v2__e7773ae50d294a44a3d3,revision_v1_multilingual_v2_payload_fidelity_v2__e7773ae50d294a44a3d3,,,,,,llama3_8b_instruct_q4_k_m,llama3_8b_instruct_q4_k_m,revision_v1_sha256_hex_003,sha256_hex,train,zh_hans_recipe_procedure_01,recipe_procedure,zh_hans,nonseg_ascii_b16,ascii_b16,ascii_b16,16,False,1,,none,none,0,,,,,saved_token_ids,unmodified,none,payload_fidelity_v2,payload_aware_result_v2,1,1,original_serialized_payload_bytes_sha256_v1,1,512,256,512,4.0,2.0,4.0,2.0,128,0,128,-3.6279236215871653,
2.0,745382f57e9cc83666635159aa26a118606c9b14f1bdb680061e9812cb64b165,secondary_supplementary_multilingual_v2_payload_fidelity_after_manifest_freeze,secondary_supplementary,multilingual_v2_secondary,rankcloak_trial,revision_v1_multilingual_v2_payload_fidelity_v2__6bfc1430e41dddf2d648,revision_v1_multilingual_v2_payload_fidelity_v2__6bfc1430e41dddf2d648,,,,,,llama3_8b_instruct_q4_k_m,llama3_8b_instruct_q4_k_m,revision_v1_sha256_hex_004,sha256_hex,train,es_personal_narrative_blog_01,personal_narrative_blog,es,direct_subword_calgacus,direct_subword,direct_subword,,False,1,,none,none,0,,,,,saved_token_ids,unmodified,none,payload_fidelity_v2,payload_aware_result_v2,1,1,original_serialized_payload_bytes_sha256_v1,1,,256,512,,7.314285714285714,14.628571428571428,7.314285714285714,35,0,35,-6.580475440991498,
2.0,745382f57e9cc83666635159aa26a118606c9b14f1bdb680061e9812cb64b165,secondary_supplementary_multilingual_v2_payload_fidelity_after_manifest_freeze,secondary_supplementary,multilingual_v2_secondary,rankcloak_trial,revision_v1_multilingual_v2_payload_fidelity_v2__d173235727fe500e74ef,revision_v1_multilingual_v2_payload_fidelity_v2__d173235727fe500e74ef,,,,,,llama3_8b_instruct_q4_k_m,llama3_8b_instruct_q4_k_m,revision_v1_sha256_hex_004,sha256_hex,train,es_personal_narrative_blog_01,personal_narrative_blog,es,nonseg_ascii_b16,ascii_b16,ascii_b16,16,False,1,,none,none,0,,,,,saved_token_ids,unmodified,none,payload_fidelity_v2,payload_aware_result_v2,1,1,original_serialized_payload_bytes_sha256_v1,1,512,256,512,4.0,2.0,4.0,2.0,128,0,128,-4.221334648127199,
2.0,745382f57e9cc83666635159aa26a118606c9b14f1bdb680061e9812cb64b165,secondary_supplementary_multilingual_v2_payload_fidelity_after_manifest_freeze,secondary_supplementary,multilingual_v2_secondary,rankcloak_trial,revision_v1_multilingual_v2_payload_fidelity_v2__d6b6aa7d15291f1b86f9,revision_v1_multilingual_v2_payload_fidelity_v2__d6b6aa7d15291f1b86f9,,,,,,llama3_8b_instruct_q4_k_m,llama3_8b_instruct_q4_k_m,revision_v1_sha256_hex_004,sha256_hex,train,zh_hans_personal_narrative_blog_01,personal_narrative_blog,zh_hans,direct_subword_calgacus,direct_subword,direct_subword,,False,1,,none,none,0,,,,,saved_token_ids,unmodified,none,payload_fidelity_v2,payload_aware_result_v2,1,1,original_serialized_payload_bytes_sha256_v1,1,,256,512,,7.314285714285714,14.628571428571428,7.314285714285714,35,0,35,-6.965966776711326,
2.0,745382f57e9cc83666635159aa26a118606c9b14f1bdb680061e9812cb64b165,secondary_supplementary_multilingual_v2_payload_fidelity_after_manifest_freeze,secondary_supplementary,multilingual_v2_secondary,rankcloak_trial,revision_v1_multilingual_v2_payload_fidelity_v2__d86613e339239be7691e,revision_v1_multilingual_v2_payload_fidelity_v2__d86613e339239be7691e,,,,,,llama3_8b_instruct_q4_k_m,llama3_8b_instruct_q4_k_m,revision_v1_sha256_hex_004,sha256_hex,train,zh_hans_personal_narrative_blog_01,personal_narrative_blog,zh_hans,nonseg_ascii_b16,ascii_b16,ascii_b16,16,False,1,,none,none,0,,,,,saved_token_ids,unmodified,none,payload_fidelity_v2,payload_aware_result_v2,1,1,original_serialized_payload_bytes_sha256_v1,1,512,256,512,4.0,2.0,4.0,2.0,128,0,128,-4.0338133965061225,
2.0,745382f57e9cc83666635159aa26a118606c9b14f1bdb680061e9812cb64b165,secondary_supplementary_multilingual_v2_payload_fidelity_after_manifest_freeze,secondary_supplementary,multilingual_v2_secondary,rankcloak_trial,revision_v1_multilingual_v2_payload_fidelity_v2__8df98ae899d481cdc579,revision_v1_multilingual_v2_payload_fidelity_v2__8df98ae899d481cdc579,,,,,,llama3_8b_instruct_q4_k_m,llama3_8b_instruct_q4_k_m,revision_v1_sha256_hex_005,sha256_hex,train,es_factual_explanatory_01,factual_explanatory,es,direct_subword_calgacus,direct_subword,direct_subword,,False,1,,none,none,0,,,,,saved_token_ids,unmodified,none,payload_fidelity_v2,payload_aware_result_v2,1,1,original_serialized_payload_bytes_sha256_v1,1,,256,512,,5.818181818181818,11.636363636363637,5.818181818181818,44,0,44,-5.773020400589817,
2.0,745382f57e9cc83666635159aa26a118606c9b14f1bdb680061e9812cb64b165,secondary_supplementary_multilingual_v2_payload_fidelity_after_manifest_freeze,secondary_supplementary,multilingual_v2_secondary,rankcloak_trial,revision_v1_multilingual_v2_payload_fidelity_v2__21953a728d6112690d21,revision_v1_multilingual_v2_payload_fidelity_v2__21953a728d6112690d21,,,,,,llama3_8b_instruct_q4_k_m,llama3_8b_instruct_q4_k_m,revision_v1_sha256_hex_005,sha256_hex,train,es_factual_explanatory_01,factual_explanatory,es,nonseg_ascii_b16,ascii_b16,ascii_b16,16,False,1,,none,none,0,,,,,saved_token_ids,unmodified,none,payload_fidelity_v2,payload_aware_result_v2,1,1,original_serialized_payload_bytes_sha256_v1,1,512,256,512,4.0,2.0,4.0,2.0,128,0,128,-4.072751761593153,
2.0,745382f57e9cc83666635159aa26a118606c9b14f1bdb680061e9812cb64b165,secondary_supplementary_multilingual_v2_payload_fidelity_after_manifest_freeze,secondary_supplementary,multilingual_v2_secondary,rankcloak_trial,revision_v1_multilingual_v2_payload_fidelity_v2__106b39c304497f6ee350,revision_v1_multilingual_v2_payload_fidelity_v2__106b39c304497f6ee350,,,,,,llama3_8b_instruct_q4_k_m,llama3_8b_instruct_q4_k_m,revision_v1_sha256_hex_005,sha256_hex,train,zh_hans_factual_explanatory_01,factual_explanatory,zh_hans,direct_subword_calgacus,direct_subword,direct_subword,,False,1,,none,none,0,,,,,saved_token_ids,unmodified,none,payload_fidelity_v2,payload_aware_result_v2,1,1,original_serialized_payload_bytes_sha256_v1,1,,256,512,,5.818181818181818,11.636363636363637,5.818181818181818,44,0,44,-5.305899199723653,
2.0,745382f57e9cc83666635159aa26a118606c9b14f1bdb680061e9812cb64b165,secondary_supplementary_multilingual_v2_payload_fidelity_after_manifest_freeze,secondary_supplementary,multilingual_v2_secondary,rankcloak_trial,revision_v1_multilingual_v2_payload_fidelity_v2__5889a5a8b807c327d352,revision_v1_multilingual_v2_payload_fidelity_v2__5889a5a8b807c327d352,,,,,,llama3_8b_instruct_q4_k_m,llama3_8b_instruct_q4_k_m,revision_v1_sha256_hex_005,sha256_hex,train,zh_hans_factual_explanatory_01,factual_explanatory,zh_hans,nonseg_ascii_b16,ascii_b16,ascii_b16,16,False,1,,none,none,0,,,,,saved_token_ids,unmodified,none,payload_fidelity_v2,payload_aware_result_v2,1,1,original_serialized_payload_bytes_sha256_v1,1,512,256,512,4.0,2.0,4.0,2.0,128,0,128,-3.6164796875305285,
2.0,745382f57e9cc83666635159aa26a118606c9b14f1bdb680061e9812cb64b165,secondary_supplementary_multilingual_v2_payload_fidelity_after_manifest_freeze,secondary_supplementary,multilingual_v2_secondary,rankcloak_trial,revision_v1_multilingual_v2_payload_fidelity_v2__842dd29191ae6675bae8,revision_v1_multilingual_v2_payload_fidelity_v2__842dd29191ae6675bae8,,,,,,llama3_8b_instruct_q4_k_m,llama3_8b_instruct_q4_k_m,revision_v1_hmac_sha256_hex_000,hmac_sha256_hex,train,es_professional_communication_01,professional_communication,es,direct_subword_calgacus,direct_subword,direct_subword,,False,1,,none,none,0,,,,,saved_token_ids,unmodified,none,payload_fidelity_v2,payload_aware_result_v2,1,1,original_serialized_payload_bytes_sha256_v1,1,,256,512,,6.7368421052631575,13.473684210526315,6.7368421052631575,38,0,38,-6.600151188124344,
2.0,745382f57e9cc83666635159aa26a118606c9b14f1bdb680061e9812cb64b165,secondary_supplementary_multilingual_v2_payload_fidelity_after_manifest_freeze,secondary_supplementary,multilingual_v2_secondary,rankcloak_trial,revision_v1_multilingual_v2_payload_fidelity_v2__426e6b754ac86caf56dc,revision_v1_multilingual_v2_payload_fidelity_v2__426e6b754ac86caf56dc,,,,,,llama3_8b_instruct_q4_k_m,llama3_8b_instruct_q4_k_m,revision_v1_hmac_sha256_hex_000,hmac_sha256_hex,train,es_professional_communication_01,professional_communication,es,nonseg_ascii_b16,ascii_b16,ascii_b16,16,False,1,,none,none,0,,,,,saved_token_ids,unmodified,none,payload_fidelity_v2,payload_aware_result_v2,1,1,original_serialized_payload_bytes_sha256_v1,1,512,256,512,4.0,2.0,4.0,2.0,128,0,128,-4.396078104356719,
2.0,745382f57e9cc83666635159aa26a118606c9b14f1bdb680061e9812cb64b165,secondary_supplementary_multilingual_v2_payload_fidelity_after_manifest_freeze,secondary_supplementary,multilingual_v2_secondary,rankcloak_trial,revision_v1_multilingual_v2_payload_fidelity_v2__68de34944f31dfaf13c1,revision_v1_multilingual_v2_payload_fidelity_v2__68de34944f31dfaf13c1,,,,,,llama3_8b_instruct_q4_k_m,llama3_8b_instruct_q4_k_m,revision_v1_hmac_sha256_hex_000,hmac_sha256_hex,train,zh_hans_professional_communication_01,professional_communication,zh_hans,direct_subword_calgacus,direct_subword,direct_subword,,False,1,,none,none,0,,,,,saved_token_ids,unmodified,none,payload_fidelity_v2,payload_aware_result_v2,1,1,original_serialized_payload_bytes_sha256_v1,1,,256,512,,6.7368421052631575,13.473684210526315,6.7368421052631575,38,0,38,-6.169274090997247,
2.0,745382f57e9cc83666635159aa26a118606c9b14f1bdb680061e9812cb64b165,secondary_supplementary_multilingual_v2_payload_fidelity_after_manifest_freeze,secondary_supplementary,multilingual_v2_secondary,rankcloak_trial,revision_v1_multilingual_v2_payload_fidelity_v2__748851eea0be50d2e740,revision_v1_multilingual_v2_payload_fidelity_v2__748851eea0be50d2e740,,,,,,llama3_8b_instruct_q4_k_m,llama3_8b_instruct_q4_k_m,revision_v1_hmac_sha256_hex_000,hmac_sha256_hex,train,zh_hans_professional_communication_01,professional_communication,zh_hans,nonseg_ascii_b16,ascii_b16,ascii_b16,16,False,1,,none,none,0,,,,,saved_token_ids,unmodified,none,payload_fidelity_v2,payload_aware_result_v2,1,1,original_serialized_payload_bytes_sha256_v1,1,512,256,512,4.0,2.0,4.0,2.0,128,0,128,-3.814873248546157,
2.0,745382f57e9cc83666635159aa26a118606c9b14f1bdb680061e9812cb64b165,secondary_supplementary_multilingual_v2_payload_fidelity_after_manifest_freeze,secondary_supplementary,multilingual_v2_secondary,rankcloak_trial,revision_v1_multilingual_v2_payload_fidelity_v2__bdbd483310660e6f4af0,revision_v1_multilingual_v2_payload_fidelity_v2__bdbd483310660e6f4af0,,,,,,llama3_8b_instruct_q4_k_m,llama3_8b_instruct_q4_k_m,revision_v1_hmac_sha256_hex_001,hmac_sha256_hex,train,es_forum_question_answer_01,forum_question_answer,es,direct_subword_calgacus,direct_subword,direct_subword,,False,1,,none,none,0,,,,,saved_token_ids,unmodified,none,payload_fidelity_v2,payload_aware_result_v2,1,1,original_serialized_payload_bytes_sha256_v1,1,,256,512,,7.111111111111111,14.222222222222221,7.111111111111111,36,0,36,-6.927811778571422,
2.0,745382f57e9cc83666635159aa26a118606c9b14f1bdb680061e9812cb64b165,secondary_supplementary_multilingual_v2_payload_fidelity_after_manifest_freeze,secondary_supplementary,multilingual_v2_secondary,rankcloak_trial,revision_v1_multilingual_v2_payload_fidelity_v2__27ef9ef62385b4bf7618,revision_v1_multilingual_v2_payload_fidelity_v2__27ef9ef62385b4bf7618,,,,,,llama3_8b_instruct_q4_k_m,llama3_8b_instruct_q4_k_m,revision_v1_hmac_sha256_hex_001,hmac_sha256_hex,train,es_forum_question_answer_01,forum_question_answer,es,nonseg_ascii_b16,ascii_b16,ascii_b16,16,False,1,,none,none,0,,,,,saved_token_ids,unmodified,none,payload_fidelity_v2,payload_aware_result_v2,1,1,original_serialized_payload_bytes_sha256_v1,1,512,256,512,4.0,2.0,4.0,2.0,128,0,128,-4.0369801707940445,
2.0,745382f57e9cc83666635159aa26a118606c9b14f1bdb680061e9812cb64b165,secondary_supplementary_multilingual_v2_payload_fidelity_after_manifest_freeze,secondary_supplementary,multilingual_v2_secondary,rankcloak_trial,revision_v1_multilingual_v2_payload_fidelity_v2__32460e637f902a38a672,revision_v1_multilingual_v2_payload_fidelity_v2__32460e637f902a38a672,,,,,,llama3_8b_instruct_q4_k_m,llama3_8b_instruct_q4_k_m,revision_v1_hmac_sha256_hex_001,hmac_sha256_hex,train,zh_hans_forum_question_answer_01,forum_question_answer,zh_hans,direct_subword_calgacus,direct_subword,direct_subword,,False,1,,none,none,0,,,,,saved_token_ids,unmodified,none,payload_fidelity_v2,payload_aware_result_v2,1,1,original_serialized_payload_bytes_sha256_v1,1,,256,512,,7.111111111111111,14.222222222222221,7.111111111111111,36,0,36,-6.422110501337285,
2.0,745382f57e9cc83666635159aa26a118606c9b14f1bdb680061e9812cb64b165,secondary_supplementary_multilingual_v2_payload_fidelity_after_manifest_freeze,secondary_supplementary,multilingual_v2_secondary,rankcloak_trial,revision_v1_multilingual_v2_payload_fidelity_v2__4fde878f81662fad9c7e,revision_v1_multilingual_v2_payload_fidelity_v2__4fde878f81662fad9c7e,,,,,,llama3_8b_instruct_q4_k_m,llama3_8b_instruct_q4_k_m,revision_v1_hmac_sha256_hex_001,hmac_sha256_hex,train,zh_hans_forum_question_answer_01,forum_question_answer,zh_hans,nonseg_ascii_b16,ascii_b16,ascii_b16,16,False,1,,none,none,0,,,,,saved_token_ids,unmodified,none,payload_fidelity_v2,payload_aware_result_v2,1,1,original_serialized_payload_bytes_sha256_v1,1,512,256,512,4.0,2.0,4.0,2.0,128,0,128,-4.111335389642298,
2.0,745382f57e9cc83666635159aa26a118606c9b14f1bdb680061e9812cb64b165,secondary_supplementary_multilingual_v2_payload_fidelity_after_manifest_freeze,secondary_supplementary,multilingual_v2_secondary,rankcloak_trial,revision_v1_multilingual_v2_payload_fidelity_v2__c5775ffa165a4b372dac,revision_v1_multilingual_v2_payload_fidelity_v2__c5775ffa165a4b372dac,,,,,,llama3_8b_instruct_q4_k_m,llama3_8b_instruct_q4_k_m,revision_v1_hmac_sha256_hex_002,hmac_sha256_hex,train,es_recipe_procedure_01,recipe_procedure,es,direct_subword_calgacus,direct_subword,direct_subword,,False,1,,none,none,0,,,,,saved_token_ids,unmodified,none,payload_fidelity_v2,payload_aware_result_v2,1,1,original_serialized_payload_bytes_sha256_v1,1,,256,512,,6.918918918918919,13.837837837837839,6.918918918918919,37,0,37,-6.469896738455317,
2.0,745382f57e9cc83666635159aa26a118606c9b14f1bdb680061e9812cb64b165,secondary_supplementary_multilingual_v2_payload_fidelity_after_manifest_freeze,secondary_supplementary,multilingual_v2_secondary,rankcloak_trial,revision_v1_multilingual_v2_payload_fidelity_v2__41d49e760d4584f505c6,revision_v1_multilingual_v2_payload_fidelity_v2__41d49e760d4584f505c6,,,,,,llama3_8b_instruct_q4_k_m,llama3_8b_instruct_q4_k_m,revision_v1_hmac_sha256_hex_002,hmac_sha256_hex,train,es_recipe_procedure_01,recipe_procedure,es,nonseg_ascii_b16,ascii_b16,ascii_b16,16,False,1,,none,none,0,,,,,saved_token_ids,unmodified,none,payload_fidelity_v2,payload_aware_result_v2,1,1,original_serialized_payload_bytes_sha256_v1,1,512,256,512,4.0,2.0,4.0,2.0,128,0,128,-3.757326371623554,
2.0,745382f57e9cc83666635159aa26a118606c9b14f1bdb680061e9812cb64b165,secondary_supplementary_multilingual_v2_payload_fidelity_after_manifest_freeze,secondary_supplementary,multilingual_v2_secondary,rankcloak_trial,revision_v1_multilingual_v2_payload_fidelity_v2__f43fabc6ec4bed495aa1,revision_v1_multilingual_v2_payload_fidelity_v2__f43fabc6ec4bed495aa1,,,,,,llama3_8b_instruct_q4_k_m,llama3_8b_instruct_q4_k_m,revision_v1_hmac_sha256_hex_002,hmac_sha256_hex,train,zh_hans_recipe_procedure_01,recipe_procedure,zh_hans,direct_subword_calgacus,direct_subword,direct_subword,,False,1,,none,none,0,,,,,saved_token_ids,unmodified,none,payload_fidelity_v2,payload_aware_result_v2,1,1,original_serialized_payload_bytes_sha256_v1,1,,256,512,,6.918918918918919,13.837837837837839,6.918918918918919,37,0,37,-6.451369488944365,
2.0,745382f57e9cc83666635159aa26a118606c9b14f1bdb680061e9812cb64b165,secondary_supplementary_multilingual_v2_payload_fidelity_after_manifest_freeze,secondary_supplementary,multilingual_v2_secondary,rankcloak_trial,revision_v1_multilingual_v2_payload_fidelity_v2__7c74790f5da125a9d43c,revision_v1_multilingual_v2_payload_fidelity_v2__7c74790f5da125a9d43c,,,,,,llama3_8b_instruct_q4_k_m,llama3_8b_instruct_q4_k_m,revision_v1_hmac_sha256_hex_002,hmac_sha256_hex,train,zh_hans_recipe_procedure_01,recipe_procedure,zh_hans,nonseg_ascii_b16,ascii_b16,ascii_b16,16,False,1,,none,none,0,,,,,saved_token_ids,unmodified,none,payload_fidelity_v2,payload_aware_result_v2,1,1,original_serialized_payload_bytes_sha256_v1,1,512,256,512,4.0,2.0,4.0,2.0,128,0,128,-3.5730790381166213,
2.0,745382f57e9cc83666635159aa26a118606c9b14f1bdb680061e9812cb64b165,secondary_supplementary_multilingual_v2_payload_fidelity_after_manifest_freeze,secondary_supplementary,multilingual_v2_secondary,rankcloak_trial,revision_v1_multilingual_v2_payload_fidelity_v2__0a26a2072310bb8fe69a,revision_v1_multilingual_v2_payload_fidelity_v2__0a26a2072310bb8fe69a,,,,,,llama3_8b_instruct_q4_k_m,llama3_8b_instruct_q4_k_m,revision_v1_hmac_sha256_hex_003,hmac_sha256_hex,train,es_personal_narrative_blog_01,personal_narrative_blog,es,direct_subword_calgacus,direct_subword,direct_subword,,False,1,,none,none,0,,,,,saved_token_ids,unmodified,none,payload_fidelity_v2,payload_aware_result_v2,1,1,original_serialized_payload_bytes_sha256_v1,1,,256,512,,8.258064516129032,16.516129032258064,8.258064516129032,31,0,31,-7.205344928100214,
2.0,745382f57e9cc83666635159aa26a118606c9b14f1bdb680061e9812cb64b165,secondary_supplementary_multilingual_v2_payload_fidelity_after_manifest_freeze,secondary_supplementary,multilingual_v2_secondary,rankcloak_trial,revision_v1_multilingual_v2_payload_fidelity_v2__8638124a5f3d0bdb40f4,revision_v1_multilingual_v2_payload_fidelity_v2__8638124a5f3d0bdb40f4,,,,,,llama3_8b_instruct_q4_k_m,llama3_8b_instruct_q4_k_m,revision_v1_hmac_sha256_hex_003,hmac_sha256_hex,train,es_personal_narrative_blog_01,personal_narrative_blog,es,nonseg_ascii_b16,ascii_b16,ascii_b16,16,False,1,,none,none,0,,,,,saved_token_ids,unmodified,none,payload_fidelity_v2,payload_aware_result_v2,1,1,original_serialized_payload_bytes_sha256_v1,1,512,256,512,4.0,2.0,4.0,2.0,128,0,128,-3.884221789811278,
2.0,745382f57e9cc83666635159aa26a118606c9b14f1bdb680061e9812cb64b165,secondary_supplementary_multilingual_v2_payload_fidelity_after_manifest_freeze,secondary_supplementary,multilingual_v2_secondary,rankcloak_trial,revision_v1_multilingual_v2_payload_fidelity_v2__81e0cec7df1068662930,revision_v1_multilingual_v2_payload_fidelity_v2__81e0cec7df1068662930,,,,,,llama3_8b_instruct_q4_k_m,llama3_8b_instruct_q4_k_m,revision_v1_hmac_sha256_hex_003,hmac_sha256_hex,train,zh_hans_personal_narrative_blog_01,personal_narrative_blog,zh_hans,direct_subword_calgacus,direct_subword,direct_subword,,False,1,,none,none,0,,,,,saved_token_ids,unmodified,none,payload_fidelity_v2,payload_aware_result_v2,1,1,original_serialized_payload_bytes_sha256_v1,1,,256,512,,8.258064516129032,16.516129032258064,8.258064516129032,31,0,31,-7.142689327397152,
2.0,745382f57e9cc83666635159aa26a118606c9b14f1bdb680061e9812cb64b165,secondary_supplementary_multilingual_v2_payload_fidelity_after_manifest_freeze,secondary_supplementary,multilingual_v2_secondary,rankcloak_trial,revision_v1_multilingual_v2_payload_fidelity_v2__edda0d7d0bf774c68dfe,revision_v1_multilingual_v2_payload_fidelity_v2__edda0d7d0bf774c68dfe,,,,,,llama3_8b_instruct_q4_k_m,llama3_8b_instruct_q4_k_m,revision_v1_hmac_sha256_hex_003,hmac_sha256_hex,train,zh_hans_personal_narrative_blog_01,personal_narrative_blog,zh_hans,nonseg_ascii_b16,ascii_b16,ascii_b16,16,False,1,,none,none,0,,,,,saved_token_ids,unmodified,none,payload_fidelity_v2,payload_aware_result_v2,1,1,original_serialized_payload_bytes_sha256_v1,1,512,256,512,4.0,2.0,4.0,2.0,128,0,128,-4.337903535194661,
2.0,745382f57e9cc83666635159aa26a118606c9b14f1bdb680061e9812cb64b165,secondary_supplementary_multilingual_v2_payload_fidelity_after_manifest_freeze,secondary_supplementary,multilingual_v2_secondary,rankcloak_trial,revision_v1_multilingual_v2_payload_fidelity_v2__3b2520062de8352a09e0,revision_v1_multilingual_v2_payload_fidelity_v2__3b2520062de8352a09e0,,,,,,llama3_8b_instruct_q4_k_m,llama3_8b_instruct_q4_k_m,revision_v1_hmac_sha256_hex_004,hmac_sha256_hex,train,es_factual_explanatory_01,factual_explanatory,es,direct_subword_calgacus,direct_subword,direct_subword,,False,1,,none,none,0,,,,,saved_token_ids,unmodified,none,payload_fidelity_v2,payload_aware_result_v2,1,1,original_serialized_payload_bytes_sha256_v1,1,,256,512,,7.111111111111111,14.222222222222221,7.111111111111111,36,0,36,-6.591915335881517,
2.0,745382f57e9cc83666635159aa26a118606c9b14f1bdb680061e9812cb64b165,secondary_supplementary_multilingual_v2_payload_fidelity_after_manifest_freeze,secondary_supplementary,multilingual_v2_secondary,rankcloak_trial,revision_v1_multilingual_v2_payload_fidelity_v2__ac502c096c2684bddf57,revision_v1_multilingual_v2_payload_fidelity_v2__ac502c096c2684bddf57,,,,,,llama3_8b_instruct_q4_k_m,llama3_8b_instruct_q4_k_m,revision_v1_hmac_sha256_hex_004,hmac_sha256_hex,train,es_factual_explanatory_01,factual_explanatory,es,nonseg_ascii_b16,ascii_b16,ascii_b16,16,False,1,,none,none,0,,,,,saved_token_ids,unmodified,none,payload_fidelity_v2,payload_aware_result_v2,1,1,original_serialized_payload_bytes_sha256_v1,1,512,256,512,4.0,2.0,4.0,2.0,128,0,128,-3.980841912663659,
2.0,745382f57e9cc83666635159aa26a118606c9b14f1bdb680061e9812cb64b165,secondary_supplementary_multilingual_v2_payload_fidelity_after_manifest_freeze,secondary_supplementary,multilingual_v2_secondary,rankcloak_trial,revision_v1_multilingual_v2_payload_fidelity_v2__90e4cd6076c464bb5317,revision_v1_multilingual_v2_payload_fidelity_v2__90e4cd6076c464bb5317,,,,,,llama3_8b_instruct_q4_k_m,llama3_8b_instruct_q4_k_m,revision_v1_hmac_sha256_hex_004,hmac_sha256_hex,train,zh_hans_factual_explanatory_01,factual_explanatory,zh_hans,direct_subword_calgacus,direct_subword,direct_subword,,False,1,,none,none,0,,,,,saved_token_ids,unmodified,none,payload_fidelity_v2,payload_aware_result_v2,1,1,original_serialized_payload_bytes_sha256_v1,1,,256,512,,7.111111111111111,14.222222222222221,7.111111111111111,36,0,36,-6.10009529892126,
2.0,745382f57e9cc83666635159aa26a118606c9b14f1bdb680061e9812cb64b165,secondary_supplementary_multilingual_v2_payload_fidelity_after_manifest_freeze,secondary_supplementary,multilingual_v2_secondary,rankcloak_trial,revision_v1_multilingual_v2_payload_fidelity_v2__2bdaaaf884539ac455a9,revision_v1_multilingual_v2_payload_fidelity_v2__2bdaaaf884539ac455a9,,,,,,llama3_8b_instruct_q4_k_m,llama3_8b_instruct_q4_k_m,revision_v1_hmac_sha256_hex_004,hmac_sha256_hex,train,zh_hans_factual_explanatory_01,factual_explanatory,zh_hans,nonseg_ascii_b16,ascii_b16,ascii_b16,16,False,1,,none,none,0,,,,,saved_token_ids,unmodified,none,payload_fidelity_v2,payload_aware_result_v2,1,1,original_serialized_payload_bytes_sha256_v1,1,512,256,512,4.0,2.0,4.0,2.0,128,0,128,-3.445010482814439,
2.0,745382f57e9cc83666635159aa26a118606c9b14f1bdb680061e9812cb64b165,secondary_supplementary_multilingual_v2_payload_fidelity_after_manifest_freeze,secondary_supplementary,multilingual_v2_secondary,rankcloak_trial,revision_v1_multilingual_v2_payload_fidelity_v2__c84c416cc169f7f25d49,revision_v1_multilingual_v2_payload_fidelity_v2__c84c416cc169f7f25d49,,,,,,llama3_8b_instruct_q4_k_m,llama3_8b_instruct_q4_k_m,revision_v1_hmac_sha256_hex_005,hmac_sha256_hex,train,es_casual_conversation_01,casual_conversation,es,direct_subword_calgacus,direct_subword,direct_subword,,False,1,,none,none,0,,,,,saved_token_ids,unmodified,none,payload_fidelity_v2,payload_aware_result_v2,1,1,original_serialized_payload_bytes_sha256_v1,1,,256,512,,6.918918918918919,13.837837837837839,6.918918918918919,37,0,37,-6.2885469536124186,
2.0,745382f57e9cc83666635159aa26a118606c9b14f1bdb680061e9812cb64b165,secondary_supplementary_multilingual_v2_payload_fidelity_after_manifest_freeze,secondary_supplementary,multilingual_v2_secondary,rankcloak_trial,revision_v1_multilingual_v2_payload_fidelity_v2__0fd1228bffa2fe6f0a4b,revision_v1_multilingual_v2_payload_fidelity_v2__0fd1228bffa2fe6f0a4b,,,,,,llama3_8b_instruct_q4_k_m,llama3_8b_instruct_q4_k_m,revision_v1_hmac_sha256_hex_005,hmac_sha256_hex,train,es_casual_conversation_01,casual_conversation,es,nonseg_ascii_b16,ascii_b16,ascii_b16,16,False,1,,none,none,0,,,,,saved_token_ids,unmodified,none,payload_fidelity_v2,payload_aware_result_v2,1,1,original_serialized_payload_bytes_sha256_v1,1,512,256,512,4.0,2.0,4.0,2.0,128,0,128,-4.176467340551293,
2.0,745382f57e9cc83666635159aa26a118606c9b14f1bdb680061e9812cb64b165,secondary_supplementary_multilingual_v2_payload_fidelity_after_manifest_freeze,secondary_supplementary,multilingual_v2_secondary,rankcloak_trial,revision_v1_multilingual_v2_payload_fidelity_v2__cc8079c392f94ce51fab,revision_v1_multilingual_v2_payload_fidelity_v2__cc8079c392f94ce51fab,,,,,,llama3_8b_instruct_q4_k_m,llama3_8b_instruct_q4_k_m,revision_v1_hmac_sha256_hex_005,hmac_sha256_hex,train,zh_hans_casual_conversation_01,casual_conversation,zh_hans,direct_subword_calgacus,direct_subword,direct_subword,,False,1,,none,none,0,,,,,saved_token_ids,unmodified,none,payload_fidelity_v2,payload_aware_result_v2,1,1,original_serialized_payload_bytes_sha256_v1,1,,256,512,,6.918918918918919,13.837837837837839,6.918918918918919,37,0,37,-6.2970673440896565,
2.0,745382f57e9cc83666635159aa26a118606c9b14f1bdb680061e9812cb64b165,secondary_supplementary_multilingual_v2_payload_fidelity_after_manifest_freeze,secondary_supplementary,multilingual_v2_secondary,rankcloak_trial,revision_v1_multilingual_v2_payload_fidelity_v2__9a57e87c991ee970699d,revision_v1_multilingual_v2_payload_fidelity_v2__9a57e87c991ee970699d,,,,,,llama3_8b_instruct_q4_k_m,llama3_8b_instruct_q4_k_m,revision_v1_hmac_sha256_hex_005,hmac_sha256_hex,train,zh_hans_casual_conversation_01,casual_conversation,zh_hans,nonseg_ascii_b16,ascii_b16,ascii_b16,16,False,1,,none,none,0,,,,,saved_token_ids,unmodified,none,payload_fidelity_v2,payload_aware_result_v2,1,1,original_serialized_payload_bytes_sha256_v1,1,512,256,512,4.0,2.0,4.0,2.0,128,0,128,-3.9844419617404623,
2.0,745382f57e9cc83666635159aa26a118606c9b14f1bdb680061e9812cb64b165,secondary_supplementary_multilingual_v2_payload_fidelity_after_manifest_freeze,secondary_supplementary,multilingual_v2_secondary,rankcloak_trial,revision_v1_multilingual_v2_payload_fidelity_v2__b5b232fb939a1a0803c9,revision_v1_multilingual_v2_payload_fidelity_v2__b5b232fb939a1a0803c9,,,,,,llama3_8b_instruct_q4_k_m,llama3_8b_instruct_q4_k_m,revision_v1_nonce_96_bit_hex_000,nonce_96_bit_hex,train,es_forum_question_answer_01,forum_question_answer,es,direct_subword_calgacus,direct_subword,direct_subword,,False,1,,none,none,0,,,,,saved_token_ids,unmodified,none,payload_fidelity_v2,payload_aware_result_v2,1,1,original_serialized_payload_bytes_sha256_v1,1,,96,192,,6.0,12.0,6.0,16,0,16,-7.1541946923543644,
2.0,745382f57e9cc83666635159aa26a118606c9b14f1bdb680061e9812cb64b165,secondary_supplementary_multilingual_v2_payload_fidelity_after_manifest_freeze,secondary_supplementary,multilingual_v2_secondary,rankcloak_trial,revision_v1_multilingual_v2_payload_fidelity_v2__85e3100a9257b2bd7e32,revision_v1_multilingual_v2_payload_fidelity_v2__85e3100a9257b2bd7e32,,,,,,llama3_8b_instruct_q4_k_m,llama3_8b_instruct_q4_k_m,revision_v1_nonce_96_bit_hex_000,nonce_96_bit_hex,train,es_forum_question_answer_01,forum_question_answer,es,nonseg_ascii_b16,ascii_b16,ascii_b16,16,False,1,,none,none,0,,,,,saved_token_ids,unmodified,none,payload_fidelity_v2,payload_aware_result_v2,1,1,original_serialized_payload_bytes_sha256_v1,1,192,96,192,4.0,2.0,4.0,2.0,48,0,48,-4.98733423297099,
2.0,745382f57e9cc83666635159aa26a118606c9b14f1bdb680061e9812cb64b165,secondary_supplementary_multilingual_v2_payload_fidelity_after_manifest_freeze,secondary_supplementary,multilingual_v2_secondary,rankcloak_trial,revision_v1_multilingual_v2_payload_fidelity_v2__85c3ac2323ea602a0a14,revision_v1_multilingual_v2_payload_fidelity_v2__85c3ac2323ea602a0a14,,,,,,llama3_8b_instruct_q4_k_m,llama3_8b_instruct_q4_k_m,revision_v1_nonce_96_bit_hex_000,nonce_96_bit_hex,train,zh_hans_forum_question_answer_01,forum_question_answer,zh_hans,direct_subword_calgacus,direct_subword,direct_subword,,False,1,,none,none,0,,,,,saved_token_ids,unmodified,none,payload_fidelity_v2,payload_aware_result_v2,1,1,original_serialized_payload_bytes_sha256_v1,1,,96,192,,6.0,12.0,6.0,16,0,16,-6.215437067016385,
2.0,745382f57e9cc83666635159aa26a118606c9b14f1bdb680061e9812cb64b165,secondary_supplementary_multilingual_v2_payload_fidelity_after_manifest_freeze,secondary_supplementary,multilingual_v2_secondary,rankcloak_trial,revision_v1_multilingual_v2_payload_fidelity_v2__00ab6e8a08d31c7a4acf,revision_v1_multilingual_v2_payload_fidelity_v2__00ab6e8a08d31c7a4acf,,,,,,llama3_8b_instruct_q4_k_m,llama3_8b_instruct_q4_k_m,revision_v1_nonce_96_bit_hex_000,nonce_96_bit_hex,train,zh_hans_forum_question_answer_01,forum_question_answer,zh_hans,nonseg_ascii_b16,ascii_b16,ascii_b16,16,False,1,,none,none,0,,,,,saved_token_ids,unmodified,none,payload_fidelity_v2,payload_aware_result_v2,1,1,original_serialized_payload_bytes_sha256_v1,1,192,96,192,4.0,2.0,4.0,2.0,48,0,48,-3.8289421693935726,
2.0,745382f57e9cc83666635159aa26a118606c9b14f1bdb680061e9812cb64b165,secondary_supplementary_multilingual_v2_payload_fidelity_after_manifest_freeze,secondary_supplementary,multilingual_v2_secondary,rankcloak_trial,revision_v1_multilingual_v2_payload_fidelity_v2__1bb3a93771a9e9cefdba,revision_v1_multilingual_v2_payload_fidelity_v2__1bb3a93771a9e9cefdba,,,,,,llama3_8b_instruct_q4_k_m,llama3_8b_instruct_q4_k_m,revision_v1_nonce_96_bit_hex_001,nonce_96_bit_hex,train,es_recipe_procedure_01,recipe_procedure,es,direct_subword_calgacus,direct_subword,direct_subword,,False,1,,none,none,0,,,,,saved_token_ids,unmodified,none,payload_fidelity_v2,payload_aware_result_v2,1,1,original_serialized_payload_bytes_sha256_v1,1,,96,192,,6.857142857142857,13.714285714285714,6.857142857142857,14,0,14,-7.002530944161999,
2.0,745382f57e9cc83666635159aa26a118606c9b14f1bdb680061e9812cb64b165,secondary_supplementary_multilingual_v2_payload_fidelity_after_manifest_freeze,secondary_supplementary,multilingual_v2_secondary,rankcloak_trial,revision_v1_multilingual_v2_payload_fidelity_v2__e543d8f7972e73c0179a,revision_v1_multilingual_v2_payload_fidelity_v2__e543d8f7972e73c0179a,,,,,,llama3_8b_instruct_q4_k_m,llama3_8b_instruct_q4_k_m,revision_v1_nonce_96_bit_hex_001,nonce_96_bit_hex,train,es_recipe_procedure_01,recipe_procedure,es,nonseg_ascii_b16,ascii_b16,ascii_b16,16,False,1,,none,none,0,,,,,saved_token_ids,unmodified,none,payload_fidelity_v2,payload_aware_result_v2,1,1,original_serialized_payload_bytes_sha256_v1,1,192,96,192,4.0,2.0,4.0,2.0,48,0,48,-4.217604339837693,
2.0,745382f57e9cc83666635159aa26a118606c9b14f1bdb680061e9812cb64b165,secondary_supplementary_multilingual_v2_payload_fidelity_after_manifest_freeze,secondary_supplementary,multilingual_v2_secondary,rankcloak_trial,revision_v1_multilingual_v2_payload_fidelity_v2__c98cc0415695f78f6ddf,revision_v1_multilingual_v2_payload_fidelity_v2__c98cc0415695f78f6ddf,,,,,,llama3_8b_instruct_q4_k_m,llama3_8b_instruct_q4_k_m,revision_v1_nonce_96_bit_hex_001,nonce_96_bit_hex,train,zh_hans_recipe_procedure_01,recipe_procedure,zh_hans,direct_subword_calgacus,direct_subword,direct_subword,,False,1,,none,none,0,,,,,saved_token_ids,unmodified,none,payload_fidelity_v2,payload_aware_result_v2,1,1,original_serialized_payload_bytes_sha256_v1,1,,96,192,,6.857142857142857,13.714285714285714,6.857142857142857,14,0,14,-6.888395522981071,
2.0,745382f57e9cc83666635159aa26a118606c9b14f1bdb680061e9812cb64b165,secondary_supplementary_multilingual_v2_payload_fidelity_after_manifest_freeze,secondary_supplementary,multilingual_v2_secondary,rankcloak_trial,revision_v1_multilingual_v2_payload_fidelity_v2__4b264988c6ba18f0d045,revision_v1_multilingual_v2_payload_fidelity_v2__4b264988c6ba18f0d045,,,,,,llama3_8b_instruct_q4_k_m,llama3_8b_instruct_q4_k_m,revision_v1_nonce_96_bit_hex_001,nonce_96_bit_hex,train,zh_hans_recipe_procedure_01,recipe_procedure,zh_hans,nonseg_ascii_b16,ascii_b16,ascii_b16,16,False,1,,none,none,0,,,,,saved_token_ids,unmodified,none,payload_fidelity_v2,payload_aware_result_v2,1,1,original_serialized_payload_bytes_sha256_v1,1,192,96,192,4.0,2.0,4.0,2.0,48,0,48,-4.233561027058278,
2.0,745382f57e9cc83666635159aa26a118606c9b14f1bdb680061e9812cb64b165,secondary_supplementary_multilingual_v2_payload_fidelity_after_manifest_freeze,secondary_supplementary,multilingual_v2_secondary,rankcloak_trial,revision_v1_multilingual_v2_payload_fidelity_v2__2c780f3705d1348a6dc3,revision_v1_multilingual_v2_payload_fidelity_v2__2c780f3705d1348a6dc3,,,,,,llama3_8b_instruct_q4_k_m,llama3_8b_instruct_q4_k_m,revision_v1_nonce_96_bit_hex_002,nonce_96_bit_hex,train,es_personal_narrative_blog_01,personal_narrative_blog,es,direct_subword_calgacus,direct_subword,direct_subword,,False,1,,none,none,0,,,,,saved_token_ids,unmodified,none,payload_fidelity_v2,payload_aware_result_v2,1,1,original_serialized_payload_bytes_sha256_v1,1,,96,192,,6.4,12.8,6.4,15,0,15,-6.176442278934222,
2.0,745382f57e9cc83666635159aa26a118606c9b14f1bdb680061e9812cb64b165,secondary_supplementary_multilingual_v2_payload_fidelity_after_manifest_freeze,secondary_supplementary,multilingual_v2_secondary,rankcloak_trial,revision_v1_multilingual_v2_payload_fidelity_v2__d993ad18be1ab05dd2be,revision_v1_multilingual_v2_payload_fidelity_v2__d993ad18be1ab05dd2be,,,,,,llama3_8b_instruct_q4_k_m,llama3_8b_instruct_q4_k_m,revision_v1_nonce_96_bit_hex_002,nonce_96_bit_hex,train,es_personal_narrative_blog_01,personal_narrative_blog,es,nonseg_ascii_b16,ascii_b16,ascii_b16,16,False,1,,none,none,0,,,,,saved_token_ids,unmodified,none,payload_fidelity_v2,payload_aware_result_v2,1,1,original_serialized_payload_bytes_sha256_v1,1,192,96,192,4.0,2.0,4.0,2.0,48,0,48,-4.6153539241717825,
2.0,745382f57e9cc83666635159aa26a118606c9b14f1bdb680061e9812cb64b165,secondary_supplementary_multilingual_v2_payload_fidelity_after_manifest_freeze,secondary_supplementary,multilingual_v2_secondary,rankcloak_trial,revision_v1_multilingual_v2_payload_fidelity_v2__948a679188d98819067c,revision_v1_multilingual_v2_payload_fidelity_v2__948a679188d98819067c,,,,,,llama3_8b_instruct_q4_k_m,llama3_8b_instruct_q4_k_m,revision_v1_nonce_96_bit_hex_002,nonce_96_bit_hex,train,zh_hans_personal_narrative_blog_01,personal_narrative_blog,zh_hans,direct_subword_calgacus,direct_subword,direct_subword,,False,1,,none,none,0,,,,,saved_token_ids,unmodified,none,payload_fidelity_v2,payload_aware_result_v2,1,1,original_serialized_payload_bytes_sha256_v1,1,,96,192,,6.4,12.8,6.4,15,0,15,-5.824057855857812,
2.0,745382f57e9cc83666635159aa26a118606c9b14f1bdb680061e9812cb64b165,secondary_supplementary_multilingual_v2_payload_fidelity_after_manifest_freeze,secondary_supplementary,multilingual_v2_secondary,rankcloak_trial,revision_v1_multilingual_v2_payload_fidelity_v2__7eb0db75e90c64b00730,revision_v1_multilingual_v2_payload_fidelity_v2__7eb0db75e90c64b00730,,,,,,llama3_8b_instruct_q4_k_m,llama3_8b_instruct_q4_k_m,revision_v1_nonce_96_bit_hex_002,nonce_96_bit_hex,train,zh_hans_personal_narrative_blog_01,personal_narrative_blog,zh_hans,nonseg_ascii_b16,ascii_b16,ascii_b16,16,False,1,,none,none,0,,,,,saved_token_ids,unmodified,none,payload_fidelity_v2,payload_aware_result_v2,1,1,original_serialized_payload_bytes_sha256_v1,1,192,96,192,4.0,2.0,4.0,2.0,48,0,48,-4.259805962671387,
2.0,745382f57e9cc83666635159aa26a118606c9b14f1bdb680061e9812cb64b165,secondary_supplementary_multilingual_v2_payload_fidelity_after_manifest_freeze,secondary_supplementary,multilingual_v2_secondary,rankcloak_trial,revision_v1_multilingual_v2_payload_fidelity_v2__6b0f4b414ad24a5ef278,revision_v1_multilingual_v2_payload_fidelity_v2__6b0f4b414ad24a5ef278,,,,,,llama3_8b_instruct_q4_k_m,llama3_8b_instruct_q4_k_m,revision_v1_nonce_96_bit_hex_003,nonce_96_bit_hex,train,es_factual_explanatory_01,factual_explanatory,es,direct_subword_calgacus,direct_subword,direct_subword,,False,1,,none,none,0,,,,,saved_token_ids,unmodified,none,payload_fidelity_v2,payload_aware_result_v2,1,1,original_serialized_payload_bytes_sha256_v1,1,,96,192,,6.0,12.0,6.0,16,0,16,-6.87437031678574,
2.0,745382f57e9cc83666635159aa26a118606c9b14f1bdb680061e9812cb64b165,secondary_supplementary_multilingual_v2_payload_fidelity_after_manifest_freeze,secondary_supplementary,multilingual_v2_secondary,rankcloak_trial,revision_v1_multilingual_v2_payload_fidelity_v2__d8087d15465dc1cf1817,revision_v1_multilingual_v2_payload_fidelity_v2__d8087d15465dc1cf1817,,,,,,llama3_8b_instruct_q4_k_m,llama3_8b_instruct_q4_k_m,revision_v1_nonce_96_bit_hex_003,nonce_96_bit_hex,train,es_factual_explanatory_01,factual_explanatory,es,nonseg_ascii_b16,ascii_b16,ascii_b16,16,False,1,,none,none,0,,,,,saved_token_ids,unmodified,none,payload_fidelity_v2,payload_aware_result_v2,1,1,original_serialized_payload_bytes_sha256_v1,1,192,96,192,4.0,2.0,4.0,2.0,48,0,48,-3.720073037249874,
2.0,745382f57e9cc83666635159aa26a118606c9b14f1bdb680061e9812cb64b165,secondary_supplementary_multilingual_v2_payload_fidelity_after_manifest_freeze,secondary_supplementary,multilingual_v2_secondary,rankcloak_trial,revision_v1_multilingual_v2_payload_fidelity_v2__6cc3309cf1271b5624ca,revision_v1_multilingual_v2_payload_fidelity_v2__6cc3309cf1271b5624ca,,,,,,llama3_8b_instruct_q4_k_m,llama3_8b_instruct_q4_k_m,revision_v1_nonce_96_bit_hex_003,nonce_96_bit_hex,train,zh_hans_factual_explanatory_01,factual_explanatory,zh_hans,direct_subword_calgacus,direct_subword,direct_subword,,False,1,,none,none,0,,,,,saved_token_ids,unmodified,none,payload_fidelity_v2,payload_aware_result_v2,1,1,original_serialized_payload_bytes_sha256_v1,1,,96,192,,6.0,12.0,6.0,16,0,16,-6.3747407899043695,
2.0,745382f57e9cc83666635159aa26a118606c9b14f1bdb680061e9812cb64b165,secondary_supplementary_multilingual_v2_payload_fidelity_after_manifest_freeze,secondary_supplementary,multilingual_v2_secondary,rankcloak_trial,revision_v1_multilingual_v2_payload_fidelity_v2__06c572118c8035448eff,revision_v1_multilingual_v2_payload_fidelity_v2__06c572118c8035448eff,,,,,,llama3_8b_instruct_q4_k_m,llama3_8b_instruct_q4_k_m,revision_v1_nonce_96_bit_hex_003,nonce_96_bit_hex,train,zh_hans_factual_explanatory_01,factual_explanatory,zh_hans,nonseg_ascii_b16,ascii_b16,ascii_b16,16,False,1,,none,none,0,,,,,saved_token_ids,unmodified,none,payload_fidelity_v2,payload_aware_result_v2,1,1,original_serialized_payload_bytes_sha256_v1,1,192,96,192,4.0,2.0,4.0,2.0,48,0,48,-3.957750554648076,
2.0,745382f57e9cc83666635159aa26a118606c9b14f1bdb680061e9812cb64b165,secondary_supplementary_multilingual_v2_payload_fidelity_after_manifest_freeze,secondary_supplementary,multilingual_v2_secondary,rankcloak_trial,revision_v1_multilingual_v2_payload_fidelity_v2__f95df048c78fa3133be4,revision_v1_multilingual_v2_payload_fidelity_v2__f95df048c78fa3133be4,,,,,,llama3_8b_instruct_q4_k_m,llama3_8b_instruct_q4_k_m,revision_v1_nonce_96_bit_hex_004,nonce_96_bit_hex,train,es_casual_conversation_01,casual_conversation,es,direct_subword_calgacus,direct_subword,direct_subword,,False,1,,none,none,0,,,,,saved_token_ids,unmodified,none,payload_fidelity_v2,payload_aware_result_v2,1,1,original_serialized_payload_bytes_sha256_v1,1,,96,192,,7.384615384615385,14.76923076923077,7.384615384615385,13,0,13,-7.690870451792345,
2.0,745382f57e9cc83666635159aa26a118606c9b14f1bdb680061e9812cb64b165,secondary_supplementary_multilingual_v2_payload_fidelity_after_manifest_freeze,secondary_supplementary,multilingual_v2_secondary,rankcloak_trial,revision_v1_multilingual_v2_payload_fidelity_v2__7cf8684cb5302b34140f,revision_v1_multilingual_v2_payload_fidelity_v2__7cf8684cb5302b34140f,,,,,,llama3_8b_instruct_q4_k_m,llama3_8b_instruct_q4_k_m,revision_v1_nonce_96_bit_hex_004,nonce_96_bit_hex,train,es_casual_conversation_01,casual_conversation,es,nonseg_ascii_b16,ascii_b16,ascii_b16,16,False,1,,none,none,0,,,,,saved_token_ids,unmodified,none,payload_fidelity_v2,payload_aware_result_v2,1,1,original_serialized_payload_bytes_sha256_v1,1,192,96,192,4.0,2.0,4.0,2.0,48,0,48,-3.8304664487573223,
2.0,745382f57e9cc83666635159aa26a118606c9b14f1bdb680061e9812cb64b165,secondary_supplementary_multilingual_v2_payload_fidelity_after_manifest_freeze,secondary_supplementary,multilingual_v2_secondary,rankcloak_trial,revision_v1_multilingual_v2_payload_fidelity_v2__a918344ebd0de80e63b7,revision_v1_multilingual_v2_payload_fidelity_v2__a918344ebd0de80e63b7,,,,,,llama3_8b_instruct_q4_k_m,llama3_8b_instruct_q4_k_m,revision_v1_nonce_96_bit_hex_004,nonce_96_bit_hex,train,zh_hans_casual_conversation_01,casual_conversation,zh_hans,direct_subword_calgacus,direct_subword,direct_subword,,False,1,,none,none,0,,,,,saved_token_ids,unmodified,none,payload_fidelity_v2,payload_aware_result_v2,1,1,original_serialized_payload_bytes_sha256_v1,1,,96,192,,7.384615384615385,14.76923076923077,7.384615384615385,13,0,13,-7.024817554603999,
2.0,745382f57e9cc83666635159aa26a118606c9b14f1bdb680061e9812cb64b165,secondary_supplementary_multilingual_v2_payload_fidelity_after_manifest_freeze,secondary_supplementary,multilingual_v2_secondary,rankcloak_trial,revision_v1_multilingual_v2_payload_fidelity_v2__dc28666ab5166a184690,revision_v1_multilingual_v2_payload_fidelity_v2__dc28666ab5166a184690,,,,,,llama3_8b_instruct_q4_k_m,llama3_8b_instruct_q4_k_m,revision_v1_nonce_96_bit_hex_004,nonce_96_bit_hex,train,zh_hans_casual_conversation_01,casual_conversation,zh_hans,nonseg_ascii_b16,ascii_b16,ascii_b16,16,False,1,,none,none,0,,,,,saved_token_ids,unmodified,none,payload_fidelity_v2,payload_aware_result_v2,1,1,original_serialized_payload_bytes_sha256_v1,1,192,96,192,4.0,2.0,4.0,2.0,48,0,48,-3.727768412597856,
2.0,745382f57e9cc83666635159aa26a118606c9b14f1bdb680061e9812cb64b165,secondary_supplementary_multilingual_v2_payload_fidelity_after_manifest_freeze,secondary_supplementary,multilingual_v2_secondary,rankcloak_trial,revision_v1_multilingual_v2_payload_fidelity_v2__ab73d54371b43ee4f7af,revision_v1_multilingual_v2_payload_fidelity_v2__ab73d54371b43ee4f7af,,,,,,llama3_8b_instruct_q4_k_m,llama3_8b_instruct_q4_k_m,revision_v1_nonce_96_bit_hex_005,nonce_96_bit_hex,train,es_professional_communication_01,professional_communication,es,direct_subword_calgacus,direct_subword,direct_subword,,False,1,,none,none,0,,,,,saved_token_ids,unmodified,none,payload_fidelity_v2,payload_aware_result_v2,1,1,original_serialized_payload_bytes_sha256_v1,1,,96,192,,6.4,12.8,6.4,15,0,15,-6.7664945435592605,
2.0,745382f57e9cc83666635159aa26a118606c9b14f1bdb680061e9812cb64b165,secondary_supplementary_multilingual_v2_payload_fidelity_after_manifest_freeze,secondary_supplementary,multilingual_v2_secondary,rankcloak_trial,revision_v1_multilingual_v2_payload_fidelity_v2__c9274950c191a1ba0c7b,revision_v1_multilingual_v2_payload_fidelity_v2__c9274950c191a1ba0c7b,,,,,,llama3_8b_instruct_q4_k_m,llama3_8b_instruct_q4_k_m,revision_v1_nonce_96_bit_hex_005,nonce_96_bit_hex,train,es_professional_communication_01,professional_communication,es,nonseg_ascii_b16,ascii_b16,ascii_b16,16,False,1,,none,none,0,,,,,saved_token_ids,unmodified,none,payload_fidelity_v2,payload_aware_result_v2,1,1,original_serialized_payload_bytes_sha256_v1,1,192,96,192,4.0,2.0,4.0,2.0,48,0,48,-4.451590778566585,
2.0,745382f57e9cc83666635159aa26a118606c9b14f1bdb680061e9812cb64b165,secondary_supplementary_multilingual_v2_payload_fidelity_after_manifest_freeze,secondary_supplementary,multilingual_v2_secondary,rankcloak_trial,revision_v1_multilingual_v2_payload_fidelity_v2__5cd2259aa9a46fff5c62,revision_v1_multilingual_v2_payload_fidelity_v2__5cd2259aa9a46fff5c62,,,,,,llama3_8b_instruct_q4_k_m,llama3_8b_instruct_q4_k_m,revision_v1_nonce_96_bit_hex_005,nonce_96_bit_hex,train,zh_hans_professional_communication_01,professional_communication,zh_hans,direct_subword_calgacus,direct_subword,direct_subword,,False,1,,none,none,0,,,,,saved_token_ids,unmodified,none,payload_fidelity_v2,payload_aware_result_v2,1,1,original_serialized_payload_bytes_sha256_v1,1,,96,192,,6.4,12.8,6.4,15,0,15,-6.585874680364719,
2.0,745382f57e9cc83666635159aa26a118606c9b14f1bdb680061e9812cb64b165,secondary_supplementary_multilingual_v2_payload_fidelity_after_manifest_freeze,secondary_supplementary,multilingual_v2_secondary,rankcloak_trial,revision_v1_multilingual_v2_payload_fidelity_v2__f36b1774b2fbf620106e,revision_v1_multilingual_v2_payload_fidelity_v2__f36b1774b2fbf620106e,,,,,,llama3_8b_instruct_q4_k_m,llama3_8b_instruct_q4_k_m,revision_v1_nonce_96_bit_hex_005,nonce_96_bit_hex,train,zh_hans_professional_communication_01,professional_communication,zh_hans,nonseg_ascii_b16,ascii_b16,ascii_b16,16,False,1,,none,none,0,,,,,saved_token_ids,unmodified,none,payload_fidelity_v2,payload_aware_result_v2,1,1,original_serialized_payload_bytes_sha256_v1,1,192,96,192,4.0,2.0,4.0,2.0,48,0,48,-3.895749590004398,
2.0,745382f57e9cc83666635159aa26a118606c9b14f1bdb680061e9812cb64b165,secondary_supplementary_multilingual_v2_payload_fidelity_after_manifest_freeze,secondary_supplementary,multilingual_v2_secondary,rankcloak_trial,revision_v1_multilingual_v2_payload_fidelity_v2__a4c3097de611c5d23a94,revision_v1_multilingual_v2_payload_fidelity_v2__a4c3097de611c5d23a94,,,,,,llama3_8b_instruct_q4_k_m,llama3_8b_instruct_q4_k_m,revision_v1_token_128_bit_hex_000,token_128_bit_hex,train,es_recipe_procedure_01,recipe_procedure,es,direct_subword_calgacus,direct_subword,direct_subword,,False,1,,none,none,0,,,,,saved_token_ids,unmodified,none,payload_fidelity_v2,payload_aware_result_v2,1,1,original_serialized_payload_bytes_sha256_v1,1,,128,256,,7.111111111111111,14.222222222222221,7.111111111111111,18,0,18,-7.583009620522579,
2.0,745382f57e9cc83666635159aa26a118606c9b14f1bdb680061e9812cb64b165,secondary_supplementary_multilingual_v2_payload_fidelity_after_manifest_freeze,secondary_supplementary,multilingual_v2_secondary,rankcloak_trial,revision_v1_multilingual_v2_payload_fidelity_v2__d7fd7c02f8761a7ca9f1,revision_v1_multilingual_v2_payload_fidelity_v2__d7fd7c02f8761a7ca9f1,,,,,,llama3_8b_instruct_q4_k_m,llama3_8b_instruct_q4_k_m,revision_v1_token_128_bit_hex_000,token_128_bit_hex,train,es_recipe_procedure_01,recipe_procedure,es,nonseg_ascii_b16,ascii_b16,ascii_b16,16,False,1,,none,none,0,,,,,saved_token_ids,unmodified,none,payload_fidelity_v2,payload_aware_result_v2,1,1,original_serialized_payload_bytes_sha256_v1,1,256,128,256,4.0,2.0,4.0,2.0,64,0,64,-4.268278084995399,
2.0,745382f57e9cc83666635159aa26a118606c9b14f1bdb680061e9812cb64b165,secondary_supplementary_multilingual_v2_payload_fidelity_after_manifest_freeze,secondary_supplementary,multilingual_v2_secondary,rankcloak_trial,revision_v1_multilingual_v2_payload_fidelity_v2__2d0581fb2cf4b824529a,revision_v1_multilingual_v2_payload_fidelity_v2__2d0581fb2cf4b824529a,,,,,,llama3_8b_instruct_q4_k_m,llama3_8b_instruct_q4_k_m,revision_v1_token_128_bit_hex_000,token_128_bit_hex,train,zh_hans_recipe_procedure_01,recipe_procedure,zh_hans,direct_subword_calgacus,direct_subword,direct_subword,,False,1,,none,none,0,,,,,saved_token_ids,unmodified,none,payload_fidelity_v2,payload_aware_result_v2,1,1,original_serialized_payload_bytes_sha256_v1,1,,128,256,,7.111111111111111,14.222222222222221,7.111111111111111,18,0,18,-6.917341679402789,
2.0,745382f57e9cc83666635159aa26a118606c9b14f1bdb680061e9812cb64b165,secondary_supplementary_multilingual_v2_payload_fidelity_after_manifest_freeze,secondary_supplementary,multilingual_v2_secondary,rankcloak_trial,revision_v1_multilingual_v2_payload_fidelity_v2__4d77c9e1118d32a3bf6a,revision_v1_multilingual_v2_payload_fidelity_v2__4d77c9e1118d32a3bf6a,,,,,,llama3_8b_instruct_q4_k_m,llama3_8b_instruct_q4_k_m,revision_v1_token_128_bit_hex_000,token_128_bit_hex,train,zh_hans_recipe_procedure_01,recipe_procedure,zh_hans,nonseg_ascii_b16,ascii_b16,ascii_b16,16,False,1,,none,none,0,,,,,saved_token_ids,unmodified,none,payload_fidelity_v2,payload_aware_result_v2,1,1,original_serialized_payload_bytes_sha256_v1,1,256,128,256,4.0,2.0,4.0,2.0,64,0,64,-4.162726241367896,
2.0,745382f57e9cc83666635159aa26a118606c9b14f1bdb680061e9812cb64b165,secondary_supplementary_multilingual_v2_payload_fidelity_after_manifest_freeze,secondary_supplementary,multilingual_v2_secondary,rankcloak_trial,revision_v1_multilingual_v2_payload_fidelity_v2__b11c9a0cd7575f794f5b,revision_v1_multilingual_v2_payload_fidelity_v2__b11c9a0cd7575f794f5b,,,,,,llama3_8b_instruct_q4_k_m,llama3_8b_instruct_q4_k_m,revision_v1_token_128_bit_hex_001,token_128_bit_hex,train,es_personal_narrative_blog_01,personal_narrative_blog,es,direct_subword_calgacus,direct_subword,direct_subword,,False,1,,none,none,0,,,,,saved_token_ids,unmodified,none,payload_fidelity_v2,payload_aware_result_v2,1,1,original_serialized_payload_bytes_sha256_v1,1,,128,256,,6.4,12.8,6.4,20,0,20,-6.484056135271817,
2.0,745382f57e9cc83666635159aa26a118606c9b14f1bdb680061e9812cb64b165,secondary_supplementary_multilingual_v2_payload_fidelity_after_manifest_freeze,secondary_supplementary,multilingual_v2_secondary,rankcloak_trial,revision_v1_multilingual_v2_payload_fidelity_v2__ae8ca1cf23937f5a0463,revision_v1_multilingual_v2_payload_fidelity_v2__ae8ca1cf23937f5a0463,,,,,,llama3_8b_instruct_q4_k_m,llama3_8b_instruct_q4_k_m,revision_v1_token_128_bit_hex_001,token_128_bit_hex,train,es_personal_narrative_blog_01,personal_narrative_blog,es,nonseg_ascii_b16,ascii_b16,ascii_b16,16,False,1,,none,none,0,,,,,saved_token_ids,unmodified,none,payload_fidelity_v2,payload_aware_result_v2,1,1,original_serialized_payload_bytes_sha256_v1,1,256,128,256,4.0,2.0,4.0,2.0,64,0,64,-4.002726980445878,
2.0,745382f57e9cc83666635159aa26a118606c9b14f1bdb680061e9812cb64b165,secondary_supplementary_multilingual_v2_payload_fidelity_after_manifest_freeze,secondary_supplementary,multilingual_v2_secondary,rankcloak_trial,revision_v1_multilingual_v2_payload_fidelity_v2__68ae41bf13aa61e4979e,revision_v1_multilingual_v2_payload_fidelity_v2__68ae41bf13aa61e4979e,,,,,,llama3_8b_instruct_q4_k_m,llama3_8b_instruct_q4_k_m,revision_v1_token_128_bit_hex_001,token_128_bit_hex,train,zh_hans_personal_narrative_blog_01,personal_narrative_blog,zh_hans,direct_subword_calgacus,direct_subword,direct_subword,,False,1,,none,none,0,,,,,saved_token_ids,unmodified,none,payload_fidelity_v2,payload_aware_result_v2,1,1,original_serialized_payload_bytes_sha256_v1,1,,128,256,,6.4,12.8,6.4,20,0,20,-6.284784735816961,
2.0,745382f57e9cc83666635159aa26a118606c9b14f1bdb680061e9812cb64b165,secondary_supplementary_multilingual_v2_payload_fidelity_after_manifest_freeze,secondary_supplementary,multilingual_v2_secondary,rankcloak_trial,revision_v1_multilingual_v2_payload_fidelity_v2__fcabd437895f74384bf0,revision_v1_multilingual_v2_payload_fidelity_v2__fcabd437895f74384bf0,,,,,,llama3_8b_instruct_q4_k_m,llama3_8b_instruct_q4_k_m,revision_v1_token_128_bit_hex_001,token_128_bit_hex,train,zh_hans_personal_narrative_blog_01,personal_narrative_blog,zh_hans,nonseg_ascii_b16,ascii_b16,ascii_b16,16,False,1,,none,none,0,,,,,saved_token_ids,unmodified,none,payload_fidelity_v2,payload_aware_result_v2,1,1,original_serialized_payload_bytes_sha256_v1,1,256,128,256,4.0,2.0,4.0,2.0,64,0,64,-4.110027496998457,
2.0,745382f57e9cc83666635159aa26a118606c9b14f1bdb680061e9812cb64b165,secondary_supplementary_multilingual_v2_payload_fidelity_after_manifest_freeze,secondary_supplementary,multilingual_v2_secondary,rankcloak_trial,revision_v1_multilingual_v2_payload_fidelity_v2__8cbce2509c870d34a7cf,revision_v1_multilingual_v2_payload_fidelity_v2__8cbce2509c870d34a7cf,,,,,,llama3_8b_instruct_q4_k_m,llama3_8b_instruct_q4_k_m,revision_v1_token_128_bit_hex_002,token_128_bit_hex,train,es_factual_explanatory_01,factual_explanatory,es,direct_subword_calgacus,direct_subword,direct_subword,,False,1,,none,none,0,,,,,saved_token_ids,unmodified,none,payload_fidelity_v2,payload_aware_result_v2,1,1,original_serialized_payload_bytes_sha256_v1,1,,128,256,,8.0,16.0,8.0,16,0,16,-7.415733328792449,
2.0,745382f57e9cc83666635159aa26a118606c9b14f1bdb680061e9812cb64b165,secondary_supplementary_multilingual_v2_payload_fidelity_after_manifest_freeze,secondary_supplementary,multilingual_v2_secondary,rankcloak_trial,revision_v1_multilingual_v2_payload_fidelity_v2__8a5bd5b2b88eb6c70661,revision_v1_multilingual_v2_payload_fidelity_v2__8a5bd5b2b88eb6c70661,,,,,,llama3_8b_instruct_q4_k_m,llama3_8b_instruct_q4_k_m,revision_v1_token_128_bit_hex_002,token_128_bit_hex,train,es_factual_explanatory_01,factual_explanatory,es,nonseg_ascii_b16,ascii_b16,ascii_b16,16,False,1,,none,none,0,,,,,saved_token_ids,unmodified,none,payload_fidelity_v2,payload_aware_result_v2,1,1,original_serialized_payload_bytes_sha256_v1,1,256,128,256,4.0,2.0,4.0,2.0,64,0,64,-4.442385287848469,
2.0,745382f57e9cc83666635159aa26a118606c9b14f1bdb680061e9812cb64b165,secondary_supplementary_multilingual_v2_payload_fidelity_after_manifest_freeze,secondary_supplementary,multilingual_v2_secondary,rankcloak_trial,revision_v1_multilingual_v2_payload_fidelity_v2__34b98706919206c39cb3,revision_v1_multilingual_v2_payload_fidelity_v2__34b98706919206c39cb3,,,,,,llama3_8b_instruct_q4_k_m,llama3_8b_instruct_q4_k_m,revision_v1_token_128_bit_hex_002,token_128_bit_hex,train,zh_hans_factual_explanatory_01,factual_explanatory,zh_hans,direct_subword_calgacus,direct_subword,direct_subword,,False,1,,none,none,0,,,,,saved_token_ids,unmodified,none,payload_fidelity_v2,payload_aware_result_v2,1,1,original_serialized_payload_bytes_sha256_v1,1,,128,256,,8.0,16.0,8.0,16,0,16,-7.469950095703076,
2.0,745382f57e9cc83666635159aa26a118606c9b14f1bdb680061e9812cb64b165,secondary_supplementary_multilingual_v2_payload_fidelity_after_manifest_freeze,secondary_supplementary,multilingual_v2_secondary,rankcloak_trial,revision_v1_multilingual_v2_payload_fidelity_v2__28fd8b07ffdb282c490e,revision_v1_multilingual_v2_payload_fidelity_v2__28fd8b07ffdb282c490e,,,,,,llama3_8b_instruct_q4_k_m,llama3_8b_instruct_q4_k_m,revision_v1_token_128_bit_hex_002,token_128_bit_hex,train,zh_hans_factual_explanatory_01,factual_explanatory,zh_hans,nonseg_ascii_b16,ascii_b16,ascii_b16,16,False,1,,none,none,0,,,,,saved_token_ids,unmodified,none,payload_fidelity_v2,payload_aware_result_v2,1,1,original_serialized_payload_bytes_sha256_v1,1,256,128,256,4.0,2.0,4.0,2.0,64,0,64,-4.019488873732948,
2.0,745382f57e9cc83666635159aa26a118606c9b14f1bdb680061e9812cb64b165,secondary_supplementary_multilingual_v2_payload_fidelity_after_manifest_freeze,secondary_supplementary,multilingual_v2_secondary,rankcloak_trial,revision_v1_multilingual_v2_payload_fidelity_v2__8f3994f8f4bcb59b564b,revision_v1_multilingual_v2_payload_fidelity_v2__8f3994f8f4bcb59b564b,,,,,,llama3_8b_instruct_q4_k_m,llama3_8b_instruct_q4_k_m,revision_v1_token_128_bit_hex_003,token_128_bit_hex,train,es_casual_conversation_01,casual_conversation,es,direct_subword_calgacus,direct_subword,direct_subword,,False,1,,none,none,0,,,,,saved_token_ids,unmodified,none,payload_fidelity_v2,payload_aware_result_v2,1,1,original_serialized_payload_bytes_sha256_v1,1,,128,256,,6.7368421052631575,13.473684210526315,6.7368421052631575,19,0,19,-6.725260323992175,
2.0,745382f57e9cc83666635159aa26a118606c9b14f1bdb680061e9812cb64b165,secondary_supplementary_multilingual_v2_payload_fidelity_after_manifest_freeze,secondary_supplementary,multilingual_v2_secondary,rankcloak_trial,revision_v1_multilingual_v2_payload_fidelity_v2__d500305c4cf9200cc163,revision_v1_multilingual_v2_payload_fidelity_v2__d500305c4cf9200cc163,,,,,,llama3_8b_instruct_q4_k_m,llama3_8b_instruct_q4_k_m,revision_v1_token_128_bit_hex_003,token_128_bit_hex,train,es_casual_conversation_01,casual_conversation,es,nonseg_ascii_b16,ascii_b16,ascii_b16,16,False,1,,none,none,0,,,,,saved_token_ids,unmodified,none,payload_fidelity_v2,payload_aware_result_v2,1,1,original_serialized_payload_bytes_sha256_v1,1,256,128,256,4.0,2.0,4.0,2.0,64,0,64,-4.10018505105652,
2.0,745382f57e9cc83666635159aa26a118606c9b14f1bdb680061e9812cb64b165,secondary_supplementary_multilingual_v2_payload_fidelity_after_manifest_freeze,secondary_supplementary,multilingual_v2_secondary,rankcloak_trial,revision_v1_multilingual_v2_payload_fidelity_v2__d0d41ca0b6ffb264d067,revision_v1_multilingual_v2_payload_fidelity_v2__d0d41ca0b6ffb264d067,,,,,,llama3_8b_instruct_q4_k_m,llama3_8b_instruct_q4_k_m,revision_v1_token_128_bit_hex_003,token_128_bit_hex,train,zh_hans_casual_conversation_01,casual_conversation,zh_hans,direct_subword_calgacus,direct_subword,direct_subword,,False,1,,none,none,0,,,,,saved_token_ids,unmodified,none,payload_fidelity_v2,payload_aware_result_v2,1,1,original_serialized_payload_bytes_sha256_v1,1,,128,256,,6.7368421052631575,13.473684210526315,6.7368421052631575,19,0,19,-6.396007053898985,
2.0,745382f57e9cc83666635159aa26a118606c9b14f1bdb680061e9812cb64b165,secondary_supplementary_multilingual_v2_payload_fidelity_after_manifest_freeze,secondary_supplementary,multilingual_v2_secondary,rankcloak_trial,revision_v1_multilingual_v2_payload_fidelity_v2__ac5f6c8bc9d604c241a0,revision_v1_multilingual_v2_payload_fidelity_v2__ac5f6c8bc9d604c241a0,,,,,,llama3_8b_instruct_q4_k_m,llama3_8b_instruct_q4_k_m,revision_v1_token_128_bit_hex_003,token_128_bit_hex,train,zh_hans_casual_conversation_01,casual_conversation,zh_hans,nonseg_ascii_b16,ascii_b16,ascii_b16,16,False,1,,none,none,0,,,,,saved_token_ids,unmodified,none,payload_fidelity_v2,payload_aware_result_v2,1,1,original_serialized_payload_bytes_sha256_v1,1,256,128,256,4.0,2.0,4.0,2.0,64,0,64,-4.406110301031278,
2.0,745382f57e9cc83666635159aa26a118606c9b14f1bdb680061e9812cb64b165,secondary_supplementary_multilingual_v2_payload_fidelity_after_manifest_freeze,secondary_supplementary,multilingual_v2_secondary,rankcloak_trial,revision_v1_multilingual_v2_payload_fidelity_v2__9ca1f18fae978193e07d,revision_v1_multilingual_v2_payload_fidelity_v2__9ca1f18fae978193e07d,,,,,,llama3_8b_instruct_q4_k_m,llama3_8b_instruct_q4_k_m,revision_v1_token_128_bit_hex_004,token_128_bit_hex,train,es_professional_communication_01,professional_communication,es,direct_subword_calgacus,direct_subword,direct_subword,,False,1,,none,none,0,,,,,saved_token_ids,unmodified,none,payload_fidelity_v2,payload_aware_result_v2,1,1,original_serialized_payload_bytes_sha256_v1,1,,128,256,,8.533333333333333,17.066666666666666,8.533333333333333,15,0,15,-8.57497211449144,
2.0,745382f57e9cc83666635159aa26a118606c9b14f1bdb680061e9812cb64b165,secondary_supplementary_multilingual_v2_payload_fidelity_after_manifest_freeze,secondary_supplementary,multilingual_v2_secondary,rankcloak_trial,revision_v1_multilingual_v2_payload_fidelity_v2__3c76c291a4d87bcf8642,revision_v1_multilingual_v2_payload_fidelity_v2__3c76c291a4d87bcf8642,,,,,,llama3_8b_instruct_q4_k_m,llama3_8b_instruct_q4_k_m,revision_v1_token_128_bit_hex_004,token_128_bit_hex,train,es_professional_communication_01,professional_communication,es,nonseg_ascii_b16,ascii_b16,ascii_b16,16,False,1,,none,none,0,,,,,saved_token_ids,unmodified,none,payload_fidelity_v2,payload_aware_result_v2,1,1,original_serialized_payload_bytes_sha256_v1,1,256,128,256,4.0,2.0,4.0,2.0,64,0,64,-4.509571143152178,
2.0,745382f57e9cc83666635159aa26a118606c9b14f1bdb680061e9812cb64b165,secondary_supplementary_multilingual_v2_payload_fidelity_after_manifest_freeze,secondary_supplementary,multilingual_v2_secondary,rankcloak_trial,revision_v1_multilingual_v2_payload_fidelity_v2__fe8b6be7920c1cb5b9c2,revision_v1_multilingual_v2_payload_fidelity_v2__fe8b6be7920c1cb5b9c2,,,,,,llama3_8b_instruct_q4_k_m,llama3_8b_instruct_q4_k_m,revision_v1_token_128_bit_hex_004,token_128_bit_hex,train,zh_hans_professional_communication_01,professional_communication,zh_hans,direct_subword_calgacus,direct_subword,direct_subword,,False,1,,none,none,0,,,,,saved_token_ids,unmodified,none,payload_fidelity_v2,payload_aware_result_v2,1,1,original_serialized_payload_bytes_sha256_v1,1,,128,256,,8.533333333333333,17.066666666666666,8.533333333333333,15,0,15,-7.333076282598376,
2.0,745382f57e9cc83666635159aa26a118606c9b14f1bdb680061e9812cb64b165,secondary_supplementary_multilingual_v2_payload_fidelity_after_manifest_freeze,secondary_supplementary,multilingual_v2_secondary,rankcloak_trial,revision_v1_multilingual_v2_payload_fidelity_v2__b2b145d32786e1cc40b0,revision_v1_multilingual_v2_payload_fidelity_v2__b2b145d32786e1cc40b0,,,,,,llama3_8b_instruct_q4_k_m,llama3_8b_instruct_q4_k_m,revision_v1_token_128_bit_hex_004,token_128_bit_hex,train,zh_hans_professional_communication_01,professional_communication,zh_hans,nonseg_ascii_b16,ascii_b16,ascii_b16,16,False,1,,none,none,0,,,,,saved_token_ids,unmodified,none,payload_fidelity_v2,payload_aware_result_v2,1,1,original_serialized_payload_bytes_sha256_v1,1,256,128,256,4.0,2.0,4.0,2.0,64,0,64,-4.666329988619731,
2.0,745382f57e9cc83666635159aa26a118606c9b14f1bdb680061e9812cb64b165,secondary_supplementary_multilingual_v2_payload_fidelity_after_manifest_freeze,secondary_supplementary,multilingual_v2_secondary,rankcloak_trial,revision_v1_multilingual_v2_payload_fidelity_v2__09e49b21187815bc78d1,revision_v1_multilingual_v2_payload_fidelity_v2__09e49b21187815bc78d1,,,,,,llama3_8b_instruct_q4_k_m,llama3_8b_instruct_q4_k_m,revision_v1_token_128_bit_hex_005,token_128_bit_hex,train,es_forum_question_answer_01,forum_question_answer,es,direct_subword_calgacus,direct_subword,direct_subword,,False,1,,none,none,0,,,,,saved_token_ids,unmodified,none,payload_fidelity_v2,payload_aware_result_v2,1,1,original_serialized_payload_bytes_sha256_v1,1,,128,256,,6.4,12.8,6.4,20,0,20,-7.524380422068534,
2.0,745382f57e9cc83666635159aa26a118606c9b14f1bdb680061e9812cb64b165,secondary_supplementary_multilingual_v2_payload_fidelity_after_manifest_freeze,secondary_supplementary,multilingual_v2_secondary,rankcloak_trial,revision_v1_multilingual_v2_payload_fidelity_v2__ea1e1457cb88a578470e,revision_v1_multilingual_v2_payload_fidelity_v2__ea1e1457cb88a578470e,,,,,,llama3_8b_instruct_q4_k_m,llama3_8b_instruct_q4_k_m,revision_v1_token_128_bit_hex_005,token_128_bit_hex,train,es_forum_question_answer_01,forum_question_answer,es,nonseg_ascii_b16,ascii_b16,ascii_b16,16,False,1,,none,none,0,,,,,saved_token_ids,unmodified,none,payload_fidelity_v2,payload_aware_result_v2,1,1,original_serialized_payload_bytes_sha256_v1,1,256,128,256,4.0,2.0,4.0,2.0,64,0,64,-3.842685889673499,
2.0,745382f57e9cc83666635159aa26a118606c9b14f1bdb680061e9812cb64b165,secondary_supplementary_multilingual_v2_payload_fidelity_after_manifest_freeze,secondary_supplementary,multilingual_v2_secondary,rankcloak_trial,revision_v1_multilingual_v2_payload_fidelity_v2__cecde30c79c38b3848fd,revision_v1_multilingual_v2_payload_fidelity_v2__cecde30c79c38b3848fd,,,,,,llama3_8b_instruct_q4_k_m,llama3_8b_instruct_q4_k_m,revision_v1_token_128_bit_hex_005,token_128_bit_hex,train,zh_hans_forum_question_answer_01,forum_question_answer,zh_hans,direct_subword_calgacus,direct_subword,direct_subword,,False,1,,none,none,0,,,,,saved_token_ids,unmodified,none,payload_fidelity_v2,payload_aware_result_v2,1,1,original_serialized_payload_bytes_sha256_v1,1,,128,256,,6.4,12.8,6.4,20,0,20,-6.728308601248801,
2.0,745382f57e9cc83666635159aa26a118606c9b14f1bdb680061e9812cb64b165,secondary_supplementary_multilingual_v2_payload_fidelity_after_manifest_freeze,secondary_supplementary,multilingual_v2_secondary,rankcloak_trial,revision_v1_multilingual_v2_payload_fidelity_v2__9ed089ef5ec5a8b62330,revision_v1_multilingual_v2_payload_fidelity_v2__9ed089ef5ec5a8b62330,,,,,,llama3_8b_instruct_q4_k_m,llama3_8b_instruct_q4_k_m,revision_v1_token_128_bit_hex_005,token_128_bit_hex,train,zh_hans_forum_question_answer_01,forum_question_answer,zh_hans,nonseg_ascii_b16,ascii_b16,ascii_b16,16,False,1,,none,none,0,,,,,saved_token_ids,unmodified,none,payload_fidelity_v2,payload_aware_result_v2,1,1,original_serialized_payload_bytes_sha256_v1,1,256,128,256,4.0,2.0,4.0,2.0,64,0,64,-4.477977242208574,
2.0,745382f57e9cc83666635159aa26a118606c9b14f1bdb680061e9812cb64b165,secondary_supplementary_multilingual_v2_payload_fidelity_after_manifest_freeze,secondary_supplementary,multilingual_v2_secondary,rankcloak_trial,revision_v1_multilingual_v2_payload_fidelity_v2__068a1e9193813aa7f7f0,revision_v1_multilingual_v2_payload_fidelity_v2__068a1e9193813aa7f7f0,,,,,,llama3_8b_instruct_q4_k_m,llama3_8b_instruct_q4_k_m,revision_v1_uuid_v4_000,uuid_v4,train,es_personal_narrative_blog_01,personal_narrative_blog,es,direct_subword_calgacus,direct_subword,direct_subword,,False,1,,none,none,0,,,,,saved_token_ids,unmodified,none,payload_fidelity_v2,payload_aware_result_v2,1,1,original_serialized_payload_bytes_sha256_v1,1,,128,288,,5.818181818181818,13.090909090909092,5.818181818181818,22,0,22,-6.129063753163791,
2.0,745382f57e9cc83666635159aa26a118606c9b14f1bdb680061e9812cb64b165,secondary_supplementary_multilingual_v2_payload_fidelity_after_manifest_freeze,secondary_supplementary,multilingual_v2_secondary,rankcloak_trial,revision_v1_multilingual_v2_payload_fidelity_v2__1575d1a1f3b9e6344d13,revision_v1_multilingual_v2_payload_fidelity_v2__1575d1a1f3b9e6344d13,,,,,,llama3_8b_instruct_q4_k_m,llama3_8b_instruct_q4_k_m,revision_v1_uuid_v4_000,uuid_v4,train,es_personal_narrative_blog_01,personal_narrative_blog,es,nonseg_ascii_b16,ascii_b16,ascii_b16,16,False,1,,none,none,0,,,,,saved_token_ids,unmodified,none,payload_fidelity_v2,payload_aware_result_v2,1,1,original_serialized_payload_bytes_sha256_v1,1,288,128,288,4.0,1.7777777777777777,4.0,1.7777777777777777,72,0,72,-4.209957563141074,
2.0,745382f57e9cc83666635159aa26a118606c9b14f1bdb680061e9812cb64b165,secondary_supplementary_multilingual_v2_payload_fidelity_after_manifest_freeze,secondary_supplementary,multilingual_v2_secondary,rankcloak_trial,revision_v1_multilingual_v2_payload_fidelity_v2__1740d5583473ecd2eded,revision_v1_multilingual_v2_payload_fidelity_v2__1740d5583473ecd2eded,,,,,,llama3_8b_instruct_q4_k_m,llama3_8b_instruct_q4_k_m,revision_v1_uuid_v4_000,uuid_v4,train,zh_hans_personal_narrative_blog_01,personal_narrative_blog,zh_hans,direct_subword_calgacus,direct_subword,direct_subword,,False,1,,none,none,0,,,,,saved_token_ids,unmodified,none,payload_fidelity_v2,payload_aware_result_v2,1,1,original_serialized_payload_bytes_sha256_v1,1,,128,288,,5.818181818181818,13.090909090909092,5.818181818181818,22,0,22,-5.437369913793922,
2.0,745382f57e9cc83666635159aa26a118606c9b14f1bdb680061e9812cb64b165,secondary_supplementary_multilingual_v2_payload_fidelity_after_manifest_freeze,secondary_supplementary,multilingual_v2_secondary,rankcloak_trial,revision_v1_multilingual_v2_payload_fidelity_v2__f92bb3d875cae38d3fe5,revision_v1_multilingual_v2_payload_fidelity_v2__f92bb3d875cae38d3fe5,,,,,,llama3_8b_instruct_q4_k_m,llama3_8b_instruct_q4_k_m,revision_v1_uuid_v4_000,uuid_v4,train,zh_hans_personal_narrative_blog_01,personal_narrative_blog,zh_hans,nonseg_ascii_b16,ascii_b16,ascii_b16,16,False,1,,none,none,0,,,,,saved_token_ids,unmodified,none,payload_fidelity_v2,payload_aware_result_v2,1,1,original_serialized_payload_bytes_sha256_v1,1,288,128,288,4.0,1.7777777777777777,4.0,1.7777777777777777,72,0,72,-3.910221436856255,
2.0,745382f57e9cc83666635159aa26a118606c9b14f1bdb680061e9812cb64b165,secondary_supplementary_multilingual_v2_payload_fidelity_after_manifest_freeze,secondary_supplementary,multilingual_v2_secondary,rankcloak_trial,revision_v1_multilingual_v2_payload_fidelity_v2__2858ea9f9da36be0093f,revision_v1_multilingual_v2_payload_fidelity_v2__2858ea9f9da36be0093f,,,,,,llama3_8b_instruct_q4_k_m,llama3_8b_instruct_q4_k_m,revision_v1_uuid_v4_001,uuid_v4,train,es_factual_explanatory_01,factual_explanatory,es,direct_subword_calgacus,direct_subword,direct_subword,,False,1,,none,none,0,,,,,saved_token_ids,unmodified,none,payload_fidelity_v2,payload_aware_result_v2,1,1,original_serialized_payload_bytes_sha256_v1,1,,128,288,,5.818181818181818,13.090909090909092,5.818181818181818,22,0,22,-6.087348188713424,
2.0,745382f57e9cc83666635159aa26a118606c9b14f1bdb680061e9812cb64b165,secondary_supplementary_multilingual_v2_payload_fidelity_after_manifest_freeze,secondary_supplementary,multilingual_v2_secondary,rankcloak_trial,revision_v1_multilingual_v2_payload_fidelity_v2__459888d02358016fbc8c,revision_v1_multilingual_v2_payload_fidelity_v2__459888d02358016fbc8c,,,,,,llama3_8b_instruct_q4_k_m,llama3_8b_instruct_q4_k_m,revision_v1_uuid_v4_001,uuid_v4,train,es_factual_explanatory_01,factual_explanatory,es,nonseg_ascii_b16,ascii_b16,ascii_b16,16,False,1,,none,none,0,,,,,saved_token_ids,unmodified,none,payload_fidelity_v2,payload_aware_result_v2,1,1,original_serialized_payload_bytes_sha256_v1,1,288,128,288,4.0,1.7777777777777777,4.0,1.7777777777777777,72,0,72,-4.050931022245923,
2.0,745382f57e9cc83666635159aa26a118606c9b14f1bdb680061e9812cb64b165,secondary_supplementary_multilingual_v2_payload_fidelity_after_manifest_freeze,secondary_supplementary,multilingual_v2_secondary,rankcloak_trial,revision_v1_multilingual_v2_payload_fidelity_v2__ccfbd9b7a19d6c0f5abc,revision_v1_multilingual_v2_payload_fidelity_v2__ccfbd9b7a19d6c0f5abc,,,,,,llama3_8b_instruct_q4_k_m,llama3_8b_instruct_q4_k_m,revision_v1_uuid_v4_001,uuid_v4,train,zh_hans_factual_explanatory_01,factual_explanatory,zh_hans,direct_subword_calgacus,direct_subword,direct_subword,,False,1,,none,none,0,,,,,saved_token_ids,unmodified,none,payload_fidelity_v2,payload_aware_result_v2,1,1,original_serialized_payload_bytes_sha256_v1,1,,128,288,,5.818181818181818,13.090909090909092,5.818181818181818,22,0,22,-5.627616222125513,
2.0,745382f57e9cc83666635159aa26a118606c9b14f1bdb680061e9812cb64b165,secondary_supplementary_multilingual_v2_payload_fidelity_after_manifest_freeze,secondary_supplementary,multilingual_v2_secondary,rankcloak_trial,revision_v1_multilingual_v2_payload_fidelity_v2__cf4ef92167ffec14c663,revision_v1_multilingual_v2_payload_fidelity_v2__cf4ef92167ffec14c663,,,,,,llama3_8b_instruct_q4_k_m,llama3_8b_instruct_q4_k_m,revision_v1_uuid_v4_001,uuid_v4,train,zh_hans_factual_explanatory_01,factual_explanatory,zh_hans,nonseg_ascii_b16,ascii_b16,ascii_b16,16,False,1,,none,none,0,,,,,saved_token_ids,unmodified,none,payload_fidelity_v2,payload_aware_result_v2,1,1,original_serialized_payload_bytes_sha256_v1,1,288,128,288,4.0,1.7777777777777777,4.0,1.7777777777777777,72,0,72,-3.828755270557492,
2.0,745382f57e9cc83666635159aa26a118606c9b14f1bdb680061e9812cb64b165,secondary_supplementary_multilingual_v2_payload_fidelity_after_manifest_freeze,secondary_supplementary,multilingual_v2_secondary,rankcloak_trial,revision_v1_multilingual_v2_payload_fidelity_v2__11e971475777c68df1de,revision_v1_multilingual_v2_payload_fidelity_v2__11e971475777c68df1de,,,,,,llama3_8b_instruct_q4_k_m,llama3_8b_instruct_q4_k_m,revision_v1_uuid_v4_002,uuid_v4,train,es_casual_conversation_01,casual_conversation,es,direct_subword_calgacus,direct_subword,direct_subword,,False,1,,none,none,0,,,,,saved_token_ids,unmodified,none,payload_fidelity_v2,payload_aware_result_v2,1,1,original_serialized_payload_bytes_sha256_v1,1,,128,288,,5.565217391304348,12.521739130434783,5.565217391304348,23,0,23,-5.683452610308261,
2.0,745382f57e9cc83666635159aa26a118606c9b14f1bdb680061e9812cb64b165,secondary_supplementary_multilingual_v2_payload_fidelity_after_manifest_freeze,secondary_supplementary,multilingual_v2_secondary,rankcloak_trial,revision_v1_multilingual_v2_payload_fidelity_v2__57596474af1241df00a9,revision_v1_multilingual_v2_payload_fidelity_v2__57596474af1241df00a9,,,,,,llama3_8b_instruct_q4_k_m,llama3_8b_instruct_q4_k_m,revision_v1_uuid_v4_002,uuid_v4,train,es_casual_conversation_01,casual_conversation,es,nonseg_ascii_b16,ascii_b16,ascii_b16,16,False,1,,none,none,0,,,,,saved_token_ids,unmodified,none,payload_fidelity_v2,payload_aware_result_v2,1,1,original_serialized_payload_bytes_sha256_v1,1,288,128,288,4.0,1.7777777777777777,4.0,1.7777777777777777,72,0,72,-4.268652680643659,
2.0,745382f57e9cc83666635159aa26a118606c9b14f1bdb680061e9812cb64b165,secondary_supplementary_multilingual_v2_payload_fidelity_after_manifest_freeze,secondary_supplementary,multilingual_v2_secondary,rankcloak_trial,revision_v1_multilingual_v2_payload_fidelity_v2__7cc326248ee1eb4d3516,revision_v1_multilingual_v2_payload_fidelity_v2__7cc326248ee1eb4d3516,,,,,,llama3_8b_instruct_q4_k_m,llama3_8b_instruct_q4_k_m,revision_v1_uuid_v4_002,uuid_v4,train,zh_hans_casual_conversation_01,casual_conversation,zh_hans,direct_subword_calgacus,direct_subword,direct_subword,,False,1,,none,none,0,,,,,saved_token_ids,unmodified,none,payload_fidelity_v2,payload_aware_result_v2,1,1,original_serialized_payload_bytes_sha256_v1,1,,128,288,,5.565217391304348,12.521739130434783,5.565217391304348,23,0,23,-5.780906633265902,
2.0,745382f57e9cc83666635159aa26a118606c9b14f1bdb680061e9812cb64b165,secondary_supplementary_multilingual_v2_payload_fidelity_after_manifest_freeze,secondary_supplementary,multilingual_v2_secondary,rankcloak_trial,revision_v1_multilingual_v2_payload_fidelity_v2__6ed36cb590f617c3fba0,revision_v1_multilingual_v2_payload_fidelity_v2__6ed36cb590f617c3fba0,,,,,,llama3_8b_instruct_q4_k_m,llama3_8b_instruct_q4_k_m,revision_v1_uuid_v4_002,uuid_v4,train,zh_hans_casual_conversation_01,casual_conversation,zh_hans,nonseg_ascii_b16,ascii_b16,ascii_b16,16,False,1,,none,none,0,,,,,saved_token_ids,unmodified,none,payload_fidelity_v2,payload_aware_result_v2,1,1,original_serialized_payload_bytes_sha256_v1,1,288,128,288,4.0,1.7777777777777777,4.0,1.7777777777777777,72,0,72,-4.058542274041162,
2.0,745382f57e9cc83666635159aa26a118606c9b14f1bdb680061e9812cb64b165,secondary_supplementary_multilingual_v2_payload_fidelity_after_manifest_freeze,secondary_supplementary,multilingual_v2_secondary,rankcloak_trial,revision_v1_multilingual_v2_payload_fidelity_v2__6ceab1737286a20975d8,revision_v1_multilingual_v2_payload_fidelity_v2__6ceab1737286a20975d8,,,,,,llama3_8b_instruct_q4_k_m,llama3_8b_instruct_q4_k_m,revision_v1_uuid_v4_003,uuid_v4,train,es_professional_communication_01,professional_communication,es,direct_subword_calgacus,direct_subword,direct_subword,,False,1,,none,none,0,,,,,saved_token_ids,unmodified,none,payload_fidelity_v2,payload_aware_result_v2,1,1,original_serialized_payload_bytes_sha256_v1,1,,128,288,,4.7407407407407405,10.666666666666666,4.7407407407407405,27,0,27,-4.982413833174264,
2.0,745382f57e9cc83666635159aa26a118606c9b14f1bdb680061e9812cb64b165,secondary_supplementary_multilingual_v2_payload_fidelity_after_manifest_freeze,secondary_supplementary,multilingual_v2_secondary,rankcloak_trial,revision_v1_multilingual_v2_payload_fidelity_v2__d997ca53b2877bba6ef2,revision_v1_multilingual_v2_payload_fidelity_v2__d997ca53b2877bba6ef2,,,,,,llama3_8b_instruct_q4_k_m,llama3_8b_instruct_q4_k_m,revision_v1_uuid_v4_003,uuid_v4,train,es_professional_communication_01,professional_communication,es,nonseg_ascii_b16,ascii_b16,ascii_b16,16,False,1,,none,none,0,,,,,saved_token_ids,unmodified,none,payload_fidelity_v2,payload_aware_result_v2,1,1,original_serialized_payload_bytes_sha256_v1,1,288,128,288,4.0,1.7777777777777777,4.0,1.7777777777777777,72,0,72,-4.449306141727793,
2.0,745382f57e9cc83666635159aa26a118606c9b14f1bdb680061e9812cb64b165,secondary_supplementary_multilingual_v2_payload_fidelity_after_manifest_freeze,secondary_supplementary,multilingual_v2_secondary,rankcloak_trial,revision_v1_multilingual_v2_payload_fidelity_v2__452305c6ede443e0a40e,revision_v1_multilingual_v2_payload_fidelity_v2__452305c6ede443e0a40e,,,,,,llama3_8b_instruct_q4_k_m,llama3_8b_instruct_q4_k_m,revision_v1_uuid_v4_003,uuid_v4,train,zh_hans_professional_communication_01,professional_communication,zh_hans,direct_subword_calgacus,direct_subword,direct_subword,,False,1,,none,none,0,,,,,saved_token_ids,unmodified,none,payload_fidelity_v2,payload_aware_result_v2,1,1,original_serialized_payload_bytes_sha256_v1,1,,128,288,,4.7407407407407405,10.666666666666666,4.7407407407407405,27,0,27,-4.302883938796499,
2.0,745382f57e9cc83666635159aa26a118606c9b14f1bdb680061e9812cb64b165,secondary_supplementary_multilingual_v2_payload_fidelity_after_manifest_freeze,secondary_supplementary,multilingual_v2_secondary,rankcloak_trial,revision_v1_multilingual_v2_payload_fidelity_v2__aebb3083d4197fc8def0,revision_v1_multilingual_v2_payload_fidelity_v2__aebb3083d4197fc8def0,,,,,,llama3_8b_instruct_q4_k_m,llama3_8b_instruct_q4_k_m,revision_v1_uuid_v4_003,uuid_v4,train,zh_hans_professional_communication_01,professional_communication,zh_hans,nonseg_ascii_b16,ascii_b16,ascii_b16,16,False,1,,none,none,0,,,,,saved_token_ids,unmodified,none,payload_fidelity_v2,payload_aware_result_v2,1,1,original_serialized_payload_bytes_sha256_v1,1,288,128,288,4.0,1.7777777777777777,4.0,1.7777777777777777,72,0,72,-4.353537675760617,
2.0,745382f57e9cc83666635159aa26a118606c9b14f1bdb680061e9812cb64b165,secondary_supplementary_multilingual_v2_payload_fidelity_after_manifest_freeze,secondary_supplementary,multilingual_v2_secondary,rankcloak_trial,revision_v1_multilingual_v2_payload_fidelity_v2__43993419191eca87e3d7,revision_v1_multilingual_v2_payload_fidelity_v2__43993419191eca87e3d7,,,,,,llama3_8b_instruct_q4_k_m,llama3_8b_instruct_q4_k_m,revision_v1_uuid_v4_004,uuid_v4,train,es_forum_question_answer_01,forum_question_answer,es,direct_subword_calgacus,direct_subword,direct_subword,,False,1,,none,none,0,,,,,saved_token_ids,unmodified,none,payload_fidelity_v2,payload_aware_result_v2,1,1,original_serialized_payload_bytes_sha256_v1,1,,128,288,,6.4,14.4,6.4,20,0,20,-6.076366534529829,
2.0,745382f57e9cc83666635159aa26a118606c9b14f1bdb680061e9812cb64b165,secondary_supplementary_multilingual_v2_payload_fidelity_after_manifest_freeze,secondary_supplementary,multilingual_v2_secondary,rankcloak_trial,revision_v1_multilingual_v2_payload_fidelity_v2__65090d4e0a54e7a9eb59,revision_v1_multilingual_v2_payload_fidelity_v2__65090d4e0a54e7a9eb59,,,,,,llama3_8b_instruct_q4_k_m,llama3_8b_instruct_q4_k_m,revision_v1_uuid_v4_004,uuid_v4,train,es_forum_question_answer_01,forum_question_answer,es,nonseg_ascii_b16,ascii_b16,ascii_b16,16,False,1,,none,none,0,,,,,saved_token_ids,unmodified,none,payload_fidelity_v2,payload_aware_result_v2,1,1,original_serialized_payload_bytes_sha256_v1,1,288,128,288,4.0,1.7777777777777777,4.0,1.7777777777777777,72,0,72,-4.795896004012413,
2.0,745382f57e9cc83666635159aa26a118606c9b14f1bdb680061e9812cb64b165,secondary_supplementary_multilingual_v2_payload_fidelity_after_manifest_freeze,secondary_supplementary,multilingual_v2_secondary,rankcloak_trial,revision_v1_multilingual_v2_payload_fidelity_v2__48f5d06c7aaae5ba934d,revision_v1_multilingual_v2_payload_fidelity_v2__48f5d06c7aaae5ba934d,,,,,,llama3_8b_instruct_q4_k_m,llama3_8b_instruct_q4_k_m,revision_v1_uuid_v4_004,uuid_v4,train,zh_hans_forum_question_answer_01,forum_question_answer,zh_hans,direct_subword_calgacus,direct_subword,direct_subword,,False,1,,none,none,0,,,,,saved_token_ids,unmodified,none,payload_fidelity_v2,payload_aware_result_v2,1,1,original_serialized_payload_bytes_sha256_v1,1,,128,288,,6.4,14.4,6.4,20,0,20,-5.93797142046519,
2.0,745382f57e9cc83666635159aa26a118606c9b14f1bdb680061e9812cb64b165,secondary_supplementary_multilingual_v2_payload_fidelity_after_manifest_freeze,secondary_supplementary,multilingual_v2_secondary,rankcloak_trial,revision_v1_multilingual_v2_payload_fidelity_v2__d6a2db587a8bfe833506,revision_v1_multilingual_v2_payload_fidelity_v2__d6a2db587a8bfe833506,,,,,,llama3_8b_instruct_q4_k_m,llama3_8b_instruct_q4_k_m,revision_v1_uuid_v4_004,uuid_v4,train,zh_hans_forum_question_answer_01,forum_question_answer,zh_hans,nonseg_ascii_b16,ascii_b16,ascii_b16,16,False,1,,none,none,0,,,,,saved_token_ids,unmodified,none,payload_fidelity_v2,payload_aware_result_v2,1,1,original_serialized_payload_bytes_sha256_v1,1,288,128,288,4.0,1.7777777777777777,4.0,1.7777777777777777,72,0,72,-4.042300047065235,
2.0,745382f57e9cc83666635159aa26a118606c9b14f1bdb680061e9812cb64b165,secondary_supplementary_multilingual_v2_payload_fidelity_after_manifest_freeze,secondary_supplementary,multilingual_v2_secondary,rankcloak_trial,revision_v1_multilingual_v2_payload_fidelity_v2__79dd659e0236f2463ded,revision_v1_multilingual_v2_payload_fidelity_v2__79dd659e0236f2463ded,,,,,,llama3_8b_instruct_q4_k_m,llama3_8b_instruct_q4_k_m,revision_v1_uuid_v4_005,uuid_v4,train,es_recipe_procedure_01,recipe_procedure,es,direct_subword_calgacus,direct_subword,direct_subword,,False,1,,none,none,0,,,,,saved_token_ids,unmodified,none,payload_fidelity_v2,payload_aware_result_v2,1,1,original_serialized_payload_bytes_sha256_v1,1,,128,288,,6.095238095238095,13.714285714285714,6.095238095238095,21,0,21,-6.533700684412281,
2.0,745382f57e9cc83666635159aa26a118606c9b14f1bdb680061e9812cb64b165,secondary_supplementary_multilingual_v2_payload_fidelity_after_manifest_freeze,secondary_supplementary,multilingual_v2_secondary,rankcloak_trial,revision_v1_multilingual_v2_payload_fidelity_v2__b14927b5e6d7e3700a7e,revision_v1_multilingual_v2_payload_fidelity_v2__b14927b5e6d7e3700a7e,,,,,,llama3_8b_instruct_q4_k_m,llama3_8b_instruct_q4_k_m,revision_v1_uuid_v4_005,uuid_v4,train,es_recipe_procedure_01,recipe_procedure,es,nonseg_ascii_b16,ascii_b16,ascii_b16,16,False,1,,none,none,0,,,,,saved_token_ids,unmodified,none,payload_fidelity_v2,payload_aware_result_v2,1,1,original_serialized_payload_bytes_sha256_v1,1,288,128,288,4.0,1.7777777777777777,4.0,1.7777777777777777,72,0,72,-4.096379336193453,
2.0,745382f57e9cc83666635159aa26a118606c9b14f1bdb680061e9812cb64b165,secondary_supplementary_multilingual_v2_payload_fidelity_after_manifest_freeze,secondary_supplementary,multilingual_v2_secondary,rankcloak_trial,revision_v1_multilingual_v2_payload_fidelity_v2__2d10618a5a88b33667a8,revision_v1_multilingual_v2_payload_fidelity_v2__2d10618a5a88b33667a8,,,,,,llama3_8b_instruct_q4_k_m,llama3_8b_instruct_q4_k_m,revision_v1_uuid_v4_005,uuid_v4,train,zh_hans_recipe_procedure_01,recipe_procedure,zh_hans,direct_subword_calgacus,direct_subword,direct_subword,,False,1,,none,none,0,,,,,saved_token_ids,unmodified,none,payload_fidelity_v2,payload_aware_result_v2,1,1,original_serialized_payload_bytes_sha256_v1,1,,128,288,,6.095238095238095,13.714285714285714,6.095238095238095,21,0,21,-5.727803031861118,
2.0,745382f57e9cc83666635159aa26a118606c9b14f1bdb680061e9812cb64b165,secondary_supplementary_multilingual_v2_payload_fidelity_after_manifest_freeze,secondary_supplementary,multilingual_v2_secondary,rankcloak_trial,revision_v1_multilingual_v2_payload_fidelity_v2__34fb5db349c75dfee966,revision_v1_multilingual_v2_payload_fidelity_v2__34fb5db349c75dfee966,,,,,,llama3_8b_instruct_q4_k_m,llama3_8b_instruct_q4_k_m,revision_v1_uuid_v4_005,uuid_v4,train,zh_hans_recipe_procedure_01,recipe_procedure,zh_hans,nonseg_ascii_b16,ascii_b16,ascii_b16,16,False,1,,none,none,0,,,,,saved_token_ids,unmodified,none,payload_fidelity_v2,payload_aware_result_v2,1,1,original_serialized_payload_bytes_sha256_v1,1,288,128,288,4.0,1.7777777777777777,4.0,1.7777777777777777,72,0,72,-4.468095619382651,
2.0,745382f57e9cc83666635159aa26a118606c9b14f1bdb680061e9812cb64b165,secondary_supplementary_multilingual_v2_payload_fidelity_after_manifest_freeze,secondary_supplementary,multilingual_v2_secondary,rankcloak_trial,revision_v1_multilingual_v2_payload_fidelity_v2__40a947468bb7ecc2aa8f,revision_v1_multilingual_v2_payload_fidelity_v2__40a947468bb7ecc2aa8f,,,,,,llama3_8b_instruct_q4_k_m,llama3_8b_instruct_q4_k_m,revision_v1_aes256_gcm_base64_000,aes256_gcm_base64,train,es_factual_explanatory_01,factual_explanatory,es,direct_subword_calgacus,direct_subword,direct_subword,,False,1,,none,none,0,,,,,saved_token_ids,unmodified,none,payload_fidelity_v2,payload_aware_result_v2,1,1,original_serialized_payload_bytes_sha256_v1,1,,384,512,,7.384615384615385,9.846153846153847,7.384615384615385,52,0,52,-6.566278256226596,
2.0,745382f57e9cc83666635159aa26a118606c9b14f1bdb680061e9812cb64b165,secondary_supplementary_multilingual_v2_payload_fidelity_after_manifest_freeze,secondary_supplementary,multilingual_v2_secondary,rankcloak_trial,revision_v1_multilingual_v2_payload_fidelity_v2__a84bbbd067ad216e0a07,revision_v1_multilingual_v2_payload_fidelity_v2__a84bbbd067ad216e0a07,,,,,,llama3_8b_instruct_q4_k_m,llama3_8b_instruct_q4_k_m,revision_v1_aes256_gcm_base64_000,aes256_gcm_base64,train,es_factual_explanatory_01,factual_explanatory,es,nonseg_ascii_b16,ascii_b16,ascii_b16,16,False,1,,none,none,0,,,,,saved_token_ids,unmodified,none,payload_fidelity_v2,payload_aware_result_v2,1,1,original_serialized_payload_bytes_sha256_v1,1,512,384,512,4.0,3.0,4.0,3.0,128,0,128,-4.228065534935057,
2.0,745382f57e9cc83666635159aa26a118606c9b14f1bdb680061e9812cb64b165,secondary_supplementary_multilingual_v2_payload_fidelity_after_manifest_freeze,secondary_supplementary,multilingual_v2_secondary,rankcloak_trial,revision_v1_multilingual_v2_payload_fidelity_v2__26d0ec0ec6ada281ab35,revision_v1_multilingual_v2_payload_fidelity_v2__26d0ec0ec6ada281ab35,,,,,,llama3_8b_instruct_q4_k_m,llama3_8b_instruct_q4_k_m,revision_v1_aes256_gcm_base64_000,aes256_gcm_base64,train,zh_hans_factual_explanatory_01,factual_explanatory,zh_hans,direct_subword_calgacus,direct_subword,direct_subword,,False,1,,none,none,0,,,,,saved_token_ids,unmodified,none,payload_fidelity_v2,payload_aware_result_v2,1,1,original_serialized_payload_bytes_sha256_v1,1,,384,512,,7.384615384615385,9.846153846153847,7.384615384615385,52,0,52,-6.710165363116947,
2.0,745382f57e9cc83666635159aa26a118606c9b14f1bdb680061e9812cb64b165,secondary_supplementary_multilingual_v2_payload_fidelity_after_manifest_freeze,secondary_supplementary,multilingual_v2_secondary,rankcloak_trial,revision_v1_multilingual_v2_payload_fidelity_v2__667c5bdb4f02a4d4fe26,revision_v1_multilingual_v2_payload_fidelity_v2__667c5bdb4f02a4d4fe26,,,,,,llama3_8b_instruct_q4_k_m,llama3_8b_instruct_q4_k_m,revision_v1_aes256_gcm_base64_000,aes256_gcm_base64,train,zh_hans_factual_explanatory_01,factual_explanatory,zh_hans,nonseg_ascii_b16,ascii_b16,ascii_b16,16,False,1,,none,none,0,,,,,saved_token_ids,unmodified,none,payload_fidelity_v2,payload_aware_result_v2,1,1,original_serialized_payload_bytes_sha256_v1,1,512,384,512,4.0,3.0,4.0,3.0,128,0,128,-3.991915270964264,
2.0,745382f57e9cc83666635159aa26a118606c9b14f1bdb680061e9812cb64b165,secondary_supplementary_multilingual_v2_payload_fidelity_after_manifest_freeze,secondary_supplementary,multilingual_v2_secondary,rankcloak_trial,revision_v1_multilingual_v2_payload_fidelity_v2__2512bef4c8a5deaeb71f,revision_v1_multilingual_v2_payload_fidelity_v2__2512bef4c8a5deaeb71f,,,,,,llama3_8b_instruct_q4_k_m,llama3_8b_instruct_q4_k_m,revision_v1_aes256_gcm_base64_001,aes256_gcm_base64,train,es_casual_conversation_01,casual_conversation,es,direct_subword_calgacus,direct_subword,direct_subword,,False,1,,none,none,0,,,,,saved_token_ids,unmodified,none,payload_fidelity_v2,payload_aware_result_v2,1,1,original_serialized_payload_bytes_sha256_v1,1,,384,512,,8.533333333333333,11.377777777777778,8.533333333333333,45,0,45,-7.5159300512616865,
2.0,745382f57e9cc83666635159aa26a118606c9b14f1bdb680061e9812cb64b165,secondary_supplementary_multilingual_v2_payload_fidelity_after_manifest_freeze,secondary_supplementary,multilingual_v2_secondary,rankcloak_trial,revision_v1_multilingual_v2_payload_fidelity_v2__3bc7b3a7f59e5a0fedf5,revision_v1_multilingual_v2_payload_fidelity_v2__3bc7b3a7f59e5a0fedf5,,,,,,llama3_8b_instruct_q4_k_m,llama3_8b_instruct_q4_k_m,revision_v1_aes256_gcm_base64_001,aes256_gcm_base64,train,es_casual_conversation_01,casual_conversation,es,nonseg_ascii_b16,ascii_b16,ascii_b16,16,False,1,,none,none,0,,,,,saved_token_ids,unmodified,none,payload_fidelity_v2,payload_aware_result_v2,1,1,original_serialized_payload_bytes_sha256_v1,1,512,384,512,4.0,3.0,4.0,3.0,128,0,128,-4.657287472365093,
2.0,745382f57e9cc83666635159aa26a118606c9b14f1bdb680061e9812cb64b165,secondary_supplementary_multilingual_v2_payload_fidelity_after_manifest_freeze,secondary_supplementary,multilingual_v2_secondary,rankcloak_trial,revision_v1_multilingual_v2_payload_fidelity_v2__24abed8b23977cbf310c,revision_v1_multilingual_v2_payload_fidelity_v2__24abed8b23977cbf310c,,,,,,llama3_8b_instruct_q4_k_m,llama3_8b_instruct_q4_k_m,revision_v1_aes256_gcm_base64_001,aes256_gcm_base64,train,zh_hans_casual_conversation_01,casual_conversation,zh_hans,direct_subword_calgacus,direct_subword,direct_subword,,False,1,,none,none,0,,,,,saved_token_ids,unmodified,none,payload_fidelity_v2,payload_aware_result_v2,1,1,original_serialized_payload_bytes_sha256_v1,1,,384,512,,8.533333333333333,11.377777777777778,8.533333333333333,45,0,45,-7.7531140173527975,
2.0,745382f57e9cc83666635159aa26a118606c9b14f1bdb680061e9812cb64b165,secondary_supplementary_multilingual_v2_payload_fidelity_after_manifest_freeze,secondary_supplementary,multilingual_v2_secondary,rankcloak_trial,revision_v1_multilingual_v2_payload_fidelity_v2__c1c7eb52295959f1155b,revision_v1_multilingual_v2_payload_fidelity_v2__c1c7eb52295959f1155b,,,,,,llama3_8b_instruct_q4_k_m,llama3_8b_instruct_q4_k_m,revision_v1_aes256_gcm_base64_001,aes256_gcm_base64,train,zh_hans_casual_conversation_01,casual_conversation,zh_hans,nonseg_ascii_b16,ascii_b16,ascii_b16,16,False,1,,none,none,0,,,,,saved_token_ids,unmodified,none,payload_fidelity_v2,payload_aware_result_v2,1,1,original_serialized_payload_bytes_sha256_v1,1,512,384,512,4.0,3.0,4.0,3.0,128,0,128,-4.210728256207732,
2.0,745382f57e9cc83666635159aa26a118606c9b14f1bdb680061e9812cb64b165,secondary_supplementary_multilingual_v2_payload_fidelity_after_manifest_freeze,secondary_supplementary,multilingual_v2_secondary,rankcloak_trial,revision_v1_multilingual_v2_payload_fidelity_v2__daae9053598cae7e2264,revision_v1_multilingual_v2_payload_fidelity_v2__daae9053598cae7e2264,,,,,,llama3_8b_instruct_q4_k_m,llama3_8b_instruct_q4_k_m,revision_v1_aes256_gcm_base64_002,aes256_gcm_base64,train,es_professional_communication_01,professional_communication,es,direct_subword_calgacus,direct_subword,direct_subword,,False,1,,none,none,0,,,,,saved_token_ids,unmodified,none,payload_fidelity_v2,payload_aware_result_v2,1,1,original_serialized_payload_bytes_sha256_v1,1,,384,512,,8.0,10.666666666666666,8.0,48,0,48,-7.341930302401454,
2.0,745382f57e9cc83666635159aa26a118606c9b14f1bdb680061e9812cb64b165,secondary_supplementary_multilingual_v2_payload_fidelity_after_manifest_freeze,secondary_supplementary,multilingual_v2_secondary,rankcloak_trial,revision_v1_multilingual_v2_payload_fidelity_v2__d5ae3b1a929afbf71be8,revision_v1_multilingual_v2_payload_fidelity_v2__d5ae3b1a929afbf71be8,,,,,,llama3_8b_instruct_q4_k_m,llama3_8b_instruct_q4_k_m,revision_v1_aes256_gcm_base64_002,aes256_gcm_base64,train,es_professional_communication_01,professional_communication,es,nonseg_ascii_b16,ascii_b16,ascii_b16,16,False,1,,none,none,0,,,,,saved_token_ids,unmodified,none,payload_fidelity_v2,payload_aware_result_v2,1,1,original_serialized_payload_bytes_sha256_v1,1,512,384,512,4.0,3.0,4.0,3.0,128,0,128,-4.452847515343754,
2.0,745382f57e9cc83666635159aa26a118606c9b14f1bdb680061e9812cb64b165,secondary_supplementary_multilingual_v2_payload_fidelity_after_manifest_freeze,secondary_supplementary,multilingual_v2_secondary,rankcloak_trial,revision_v1_multilingual_v2_payload_fidelity_v2__a603221dd55faae4a8a1,revision_v1_multilingual_v2_payload_fidelity_v2__a603221dd55faae4a8a1,,,,,,llama3_8b_instruct_q4_k_m,llama3_8b_instruct_q4_k_m,revision_v1_aes256_gcm_base64_002,aes256_gcm_base64,train,zh_hans_professional_communication_01,professional_communication,zh_hans,direct_subword_calgacus,direct_subword,direct_subword,,False,1,,none,none,0,,,,,saved_token_ids,unmodified,none,payload_fidelity_v2,payload_aware_result_v2,1,1,original_serialized_payload_bytes_sha256_v1,1,,384,512,,8.0,10.666666666666666,8.0,48,0,48,-7.140808236730145,
2.0,745382f57e9cc83666635159aa26a118606c9b14f1bdb680061e9812cb64b165,secondary_supplementary_multilingual_v2_payload_fidelity_after_manifest_freeze,secondary_supplementary,multilingual_v2_secondary,rankcloak_trial,revision_v1_multilingual_v2_payload_fidelity_v2__5880baaeeb161bbd5eca,revision_v1_multilingual_v2_payload_fidelity_v2__5880baaeeb161bbd5eca,,,,,,llama3_8b_instruct_q4_k_m,llama3_8b_instruct_q4_k_m,revision_v1_aes256_gcm_base64_002,aes256_gcm_base64,train,zh_hans_professional_communication_01,professional_communication,zh_hans,nonseg_ascii_b16,ascii_b16,ascii_b16,16,False,1,,none,none,0,,,,,saved_token_ids,unmodified,none,payload_fidelity_v2,payload_aware_result_v2,1,1,original_serialized_payload_bytes_sha256_v1,1,512,384,512,4.0,3.0,4.0,3.0,128,0,128,-4.610271466007859,
2.0,745382f57e9cc83666635159aa26a118606c9b14f1bdb680061e9812cb64b165,secondary_supplementary_multilingual_v2_payload_fidelity_after_manifest_freeze,secondary_supplementary,multilingual_v2_secondary,rankcloak_trial,revision_v1_multilingual_v2_payload_fidelity_v2__a874b21ec5cf239e1d17,revision_v1_multilingual_v2_payload_fidelity_v2__a874b21ec5cf239e1d17,,,,,,llama3_8b_instruct_q4_k_m,llama3_8b_instruct_q4_k_m,revision_v1_aes256_gcm_base64_003,aes256_gcm_base64,train,es_forum_question_answer_01,forum_question_answer,es,direct_subword_calgacus,direct_subword,direct_subword,,False,1,,none,none,0,,,,,saved_token_ids,unmodified,none,payload_fidelity_v2,payload_aware_result_v2,1,1,original_serialized_payload_bytes_sha256_v1,1,,384,512,,8.347826086956522,11.130434782608695,8.347826086956522,46,0,46,-7.285935393794711,
2.0,745382f57e9cc83666635159aa26a118606c9b14f1bdb680061e9812cb64b165,secondary_supplementary_multilingual_v2_payload_fidelity_after_manifest_freeze,secondary_supplementary,multilingual_v2_secondary,rankcloak_trial,revision_v1_multilingual_v2_payload_fidelity_v2__b8b4cf3b4eb6c6757006,revision_v1_multilingual_v2_payload_fidelity_v2__b8b4cf3b4eb6c6757006,,,,,,llama3_8b_instruct_q4_k_m,llama3_8b_instruct_q4_k_m,revision_v1_aes256_gcm_base64_003,aes256_gcm_base64,train,es_forum_question_answer_01,forum_question_answer,es,nonseg_ascii_b16,ascii_b16,ascii_b16,16,False,1,,none,none,0,,,,,saved_token_ids,unmodified,none,payload_fidelity_v2,payload_aware_result_v2,1,1,original_serialized_payload_bytes_sha256_v1,1,512,384,512,4.0,3.0,4.0,3.0,128,0,128,-4.622877319215588,
2.0,745382f57e9cc83666635159aa26a118606c9b14f1bdb680061e9812cb64b165,secondary_supplementary_multilingual_v2_payload_fidelity_after_manifest_freeze,secondary_supplementary,multilingual_v2_secondary,rankcloak_trial,revision_v1_multilingual_v2_payload_fidelity_v2__4c2e5c4f1221963e7e09,revision_v1_multilingual_v2_payload_fidelity_v2__4c2e5c4f1221963e7e09,,,,,,llama3_8b_instruct_q4_k_m,llama3_8b_instruct_q4_k_m,revision_v1_aes256_gcm_base64_003,aes256_gcm_base64,train,zh_hans_forum_question_answer_01,forum_question_answer,zh_hans,direct_subword_calgacus,direct_subword,direct_subword,,False,1,,none,none,0,,,,,saved_token_ids,unmodified,none,payload_fidelity_v2,payload_aware_result_v2,1,1,original_serialized_payload_bytes_sha256_v1,1,,384,512,,8.347826086956522,11.130434782608695,8.347826086956522,46,0,46,-7.367876021755585,
2.0,745382f57e9cc83666635159aa26a118606c9b14f1bdb680061e9812cb64b165,secondary_supplementary_multilingual_v2_payload_fidelity_after_manifest_freeze,secondary_supplementary,multilingual_v2_secondary,rankcloak_trial,revision_v1_multilingual_v2_payload_fidelity_v2__4d58e70342402f9044ca,revision_v1_multilingual_v2_payload_fidelity_v2__4d58e70342402f9044ca,,,,,,llama3_8b_instruct_q4_k_m,llama3_8b_instruct_q4_k_m,revision_v1_aes256_gcm_base64_003,aes256_gcm_base64,train,zh_hans_forum_question_answer_01,forum_question_answer,zh_hans,nonseg_ascii_b16,ascii_b16,ascii_b16,16,False,1,,none,none,0,,,,,saved_token_ids,unmodified,none,payload_fidelity_v2,payload_aware_result_v2,1,1,original_serialized_payload_bytes_sha256_v1,1,512,384,512,4.0,3.0,4.0,3.0,128,0,128,-4.614399660944695,
2.0,745382f57e9cc83666635159aa26a118606c9b14f1bdb680061e9812cb64b165,secondary_supplementary_multilingual_v2_payload_fidelity_after_manifest_freeze,secondary_supplementary,multilingual_v2_secondary,rankcloak_trial,revision_v1_multilingual_v2_payload_fidelity_v2__bae0d3ab659906cf75b4,revision_v1_multilingual_v2_payload_fidelity_v2__bae0d3ab659906cf75b4,,,,,,llama3_8b_instruct_q4_k_m,llama3_8b_instruct_q4_k_m,revision_v1_aes256_gcm_base64_004,aes256_gcm_base64,train,es_recipe_procedure_01,recipe_procedure,es,direct_subword_calgacus,direct_subword,direct_subword,,False,1,,none,none,0,,,,,saved_token_ids,unmodified,none,payload_fidelity_v2,payload_aware_result_v2,1,1,original_serialized_payload_bytes_sha256_v1,1,,384,512,,8.0,10.666666666666666,8.0,48,0,48,-7.57892073285268,
2.0,745382f57e9cc83666635159aa26a118606c9b14f1bdb680061e9812cb64b165,secondary_supplementary_multilingual_v2_payload_fidelity_after_manifest_freeze,secondary_supplementary,multilingual_v2_secondary,rankcloak_trial,revision_v1_multilingual_v2_payload_fidelity_v2__df30c16ae93666f30ad8,revision_v1_multilingual_v2_payload_fidelity_v2__df30c16ae93666f30ad8,,,,,,llama3_8b_instruct_q4_k_m,llama3_8b_instruct_q4_k_m,revision_v1_aes256_gcm_base64_004,aes256_gcm_base64,train,es_recipe_procedure_01,recipe_procedure,es,nonseg_ascii_b16,ascii_b16,ascii_b16,16,False,1,,none,none,0,,,,,saved_token_ids,unmodified,none,payload_fidelity_v2,payload_aware_result_v2,1,1,original_serialized_payload_bytes_sha256_v1,1,512,384,512,4.0,3.0,4.0,3.0,128,0,128,-4.220656474181269,
2.0,745382f57e9cc83666635159aa26a118606c9b14f1bdb680061e9812cb64b165,secondary_supplementary_multilingual_v2_payload_fidelity_after_manifest_freeze,secondary_supplementary,multilingual_v2_secondary,rankcloak_trial,revision_v1_multilingual_v2_payload_fidelity_v2__cbfc81c1a1ba4d0244b4,revision_v1_multilingual_v2_payload_fidelity_v2__cbfc81c1a1ba4d0244b4,,,,,,llama3_8b_instruct_q4_k_m,llama3_8b_instruct_q4_k_m,revision_v1_aes256_gcm_base64_004,aes256_gcm_base64,train,zh_hans_recipe_procedure_01,recipe_procedure,zh_hans,direct_subword_calgacus,direct_subword,direct_subword,,False,1,,none,none,0,,,,,saved_token_ids,unmodified,none,payload_fidelity_v2,payload_aware_result_v2,1,1,original_serialized_payload_bytes_sha256_v1,1,,384,512,,8.0,10.666666666666666,8.0,48,0,48,-7.416024357269525,
2.0,745382f57e9cc83666635159aa26a118606c9b14f1bdb680061e9812cb64b165,secondary_supplementary_multilingual_v2_payload_fidelity_after_manifest_freeze,secondary_supplementary,multilingual_v2_secondary,rankcloak_trial,revision_v1_multilingual_v2_payload_fidelity_v2__b051134c4bf0c493d6a3,revision_v1_multilingual_v2_payload_fidelity_v2__b051134c4bf0c493d6a3,,,,,,llama3_8b_instruct_q4_k_m,llama3_8b_instruct_q4_k_m,revision_v1_aes256_gcm_base64_004,aes256_gcm_base64,train,zh_hans_recipe_procedure_01,recipe_procedure,zh_hans,nonseg_ascii_b16,ascii_b16,ascii_b16,16,False,1,,none,none,0,,,,,saved_token_ids,unmodified,none,payload_fidelity_v2,payload_aware_result_v2,1,1,original_serialized_payload_bytes_sha256_v1,1,512,384,512,4.0,3.0,4.0,3.0,128,0,128,-4.0764184971275625,
2.0,745382f57e9cc83666635159aa26a118606c9b14f1bdb680061e9812cb64b165,secondary_supplementary_multilingual_v2_payload_fidelity_after_manifest_freeze,secondary_supplementary,multilingual_v2_secondary,rankcloak_trial,revision_v1_multilingual_v2_payload_fidelity_v2__a8bc2805e20b56dbec0c,revision_v1_multilingual_v2_payload_fidelity_v2__a8bc2805e20b56dbec0c,,,,,,llama3_8b_instruct_q4_k_m,llama3_8b_instruct_q4_k_m,revision_v1_aes256_gcm_base64_005,aes256_gcm_base64,train,es_personal_narrative_blog_01,personal_narrative_blog,es,direct_subword_calgacus,direct_subword,direct_subword,,False,1,,none,none,0,,,,,saved_token_ids,unmodified,none,payload_fidelity_v2,payload_aware_result_v2,1,1,original_serialized_payload_bytes_sha256_v1,1,,384,512,,8.347826086956522,11.130434782608695,8.347826086956522,46,0,46,-7.315719188452201,
2.0,745382f57e9cc83666635159aa26a118606c9b14f1bdb680061e9812cb64b165,secondary_supplementary_multilingual_v2_payload_fidelity_after_manifest_freeze,secondary_supplementary,multilingual_v2_secondary,rankcloak_trial,revision_v1_multilingual_v2_payload_fidelity_v2__e06400df87c038784d3d,revision_v1_multilingual_v2_payload_fidelity_v2__e06400df87c038784d3d,,,,,,llama3_8b_instruct_q4_k_m,llama3_8b_instruct_q4_k_m,revision_v1_aes256_gcm_base64_005,aes256_gcm_base64,train,es_personal_narrative_blog_01,personal_narrative_blog,es,nonseg_ascii_b16,ascii_b16,ascii_b16,16,False,1,,none,none,0,,,,,saved_token_ids,unmodified,none,payload_fidelity_v2,payload_aware_result_v2,1,1,original_serialized_payload_bytes_sha256_v1,1,512,384,512,4.0,3.0,4.0,3.0,128,0,128,-4.193830597271807,
2.0,745382f57e9cc83666635159aa26a118606c9b14f1bdb680061e9812cb64b165,secondary_supplementary_multilingual_v2_payload_fidelity_after_manifest_freeze,secondary_supplementary,multilingual_v2_secondary,rankcloak_trial,revision_v1_multilingual_v2_payload_fidelity_v2__0d61fddd2308a19dfbc5,revision_v1_multilingual_v2_payload_fidelity_v2__0d61fddd2308a19dfbc5,,,,,,llama3_8b_instruct_q4_k_m,llama3_8b_instruct_q4_k_m,revision_v1_aes256_gcm_base64_005,aes256_gcm_base64,train,zh_hans_personal_narrative_blog_01,personal_narrative_blog,zh_hans,direct_subword_calgacus,direct_subword,direct_subword,,False,1,,none,none,0,,,,,saved_token_ids,unmodified,none,payload_fidelity_v2,payload_aware_result_v2,1,1,original_serialized_payload_bytes_sha256_v1,1,,384,512,,8.347826086956522,11.130434782608695,8.347826086956522,46,0,46,-7.142721418006207,
2.0,745382f57e9cc83666635159aa26a118606c9b14f1bdb680061e9812cb64b165,secondary_supplementary_multilingual_v2_payload_fidelity_after_manifest_freeze,secondary_supplementary,multilingual_v2_secondary,rankcloak_trial,revision_v1_multilingual_v2_payload_fidelity_v2__e4fabc2256d0630667af,revision_v1_multilingual_v2_payload_fidelity_v2__e4fabc2256d0630667af,,,,,,llama3_8b_instruct_q4_k_m,llama3_8b_instruct_q4_k_m,revision_v1_aes256_gcm_base64_005,aes256_gcm_base64,train,zh_hans_personal_narrative_blog_01,personal_narrative_blog,zh_hans,nonseg_ascii_b16,ascii_b16,ascii_b16,16,False,1,,none,none,0,,,,,saved_token_ids,unmodified,none,payload_fidelity_v2,payload_aware_result_v2,1,1,original_serialized_payload_bytes_sha256_v1,1,512,384,512,4.0,3.0,4.0,3.0,128,0,128,-4.507564370181816,
2.0,745382f57e9cc83666635159aa26a118606c9b14f1bdb680061e9812cb64b165,secondary_supplementary_multilingual_v2_payload_fidelity_after_manifest_freeze,secondary_supplementary,multilingual_v2_secondary,rankcloak_trial,revision_v1_multilingual_v2_payload_fidelity_v2__17c52715197ac5c05891,revision_v1_multilingual_v2_payload_fidelity_v2__17c52715197ac5c05891,,,,,,llama3_8b_instruct_q4_k_m,llama3_8b_instruct_q4_k_m,revision_v1_chacha20_poly1305_base64_000,chacha20_poly1305_base64,train,es_casual_conversation_01,casual_conversation,es,direct_subword_calgacus,direct_subword,direct_subword,,False,1,,none,none,0,,,,,saved_token_ids,unmodified,none,payload_fidelity_v2,payload_aware_result_v2,1,1,original_serialized_payload_bytes_sha256_v1,1,,384,512,,7.836734693877551,10.448979591836734,7.836734693877551,49,0,49,-7.065086642725508,
2.0,745382f57e9cc83666635159aa26a118606c9b14f1bdb680061e9812cb64b165,secondary_supplementary_multilingual_v2_payload_fidelity_after_manifest_freeze,secondary_supplementary,multilingual_v2_secondary,rankcloak_trial,revision_v1_multilingual_v2_payload_fidelity_v2__ff6ea812d836ad7d0c8d,revision_v1_multilingual_v2_payload_fidelity_v2__ff6ea812d836ad7d0c8d,,,,,,llama3_8b_instruct_q4_k_m,llama3_8b_instruct_q4_k_m,revision_v1_chacha20_poly1305_base64_000,chacha20_poly1305_base64,train,es_casual_conversation_01,casual_conversation,es,nonseg_ascii_b16,ascii_b16,ascii_b16,16,False,1,,none,none,0,,,,,saved_token_ids,unmodified,none,payload_fidelity_v2,payload_aware_result_v2,1,1,original_serialized_payload_bytes_sha256_v1,1,512,384,512,4.0,3.0,4.0,3.0,128,0,128,-4.392986472499689,
2.0,745382f57e9cc83666635159aa26a118606c9b14f1bdb680061e9812cb64b165,secondary_supplementary_multilingual_v2_payload_fidelity_after_manifest_freeze,secondary_supplementary,multilingual_v2_secondary,rankcloak_trial,revision_v1_multilingual_v2_payload_fidelity_v2__ac127319496de2b5305f,revision_v1_multilingual_v2_payload_fidelity_v2__ac127319496de2b5305f,,,,,,llama3_8b_instruct_q4_k_m,llama3_8b_instruct_q4_k_m,revision_v1_chacha20_poly1305_base64_000,chacha20_poly1305_base64,train,zh_hans_casual_conversation_01,casual_conversation,zh_hans,direct_subword_calgacus,direct_subword,direct_subword,,False,1,,none,none,0,,,,,saved_token_ids,unmodified,none,payload_fidelity_v2,payload_aware_result_v2,1,1,original_serialized_payload_bytes_sha256_v1,1,,384,512,,7.836734693877551,10.448979591836734,7.836734693877551,49,0,49,-6.79884705951694,
2.0,745382f57e9cc83666635159aa26a118606c9b14f1bdb680061e9812cb64b165,secondary_supplementary_multilingual_v2_payload_fidelity_after_manifest_freeze,secondary_supplementary,multilingual_v2_secondary,rankcloak_trial,revision_v1_multilingual_v2_payload_fidelity_v2__ef4b3dd16bb7eedcb211,revision_v1_multilingual_v2_payload_fidelity_v2__ef4b3dd16bb7eedcb211,,,,,,llama3_8b_instruct_q4_k_m,llama3_8b_instruct_q4_k_m,revision_v1_chacha20_poly1305_base64_000,chacha20_poly1305_base64,train,zh_hans_casual_conversation_01,casual_conversation,zh_hans,nonseg_ascii_b16,ascii_b16,ascii_b16,16,False,1,,none,none,0,,,,,saved_token_ids,unmodified,none,payload_fidelity_v2,payload_aware_result_v2,1,1,original_serialized_payload_bytes_sha256_v1,1,512,384,512,4.0,3.0,4.0,3.0,128,0,128,-4.111581907426954,
2.0,745382f57e9cc83666635159aa26a118606c9b14f1bdb680061e9812cb64b165,secondary_supplementary_multilingual_v2_payload_fidelity_after_manifest_freeze,secondary_supplementary,multilingual_v2_secondary,rankcloak_trial,revision_v1_multilingual_v2_payload_fidelity_v2__1b1aea2597f1a9d8d7a5,revision_v1_multilingual_v2_payload_fidelity_v2__1b1aea2597f1a9d8d7a5,,,,,,llama3_8b_instruct_q4_k_m,llama3_8b_instruct_q4_k_m,revision_v1_chacha20_poly1305_base64_001,chacha20_poly1305_base64,train,es_professional_communication_01,professional_communication,es,direct_subword_calgacus,direct_subword,direct_subword,,False,1,,none,none,0,,,,,saved_token_ids,unmodified,none,payload_fidelity_v2,payload_aware_result_v2,1,1,original_serialized_payload_bytes_sha256_v1,1,,384,512,,8.0,10.666666666666666,8.0,48,0,48,-7.200734021325789,
2.0,745382f57e9cc83666635159aa26a118606c9b14f1bdb680061e9812cb64b165,secondary_supplementary_multilingual_v2_payload_fidelity_after_manifest_freeze,secondary_supplementary,multilingual_v2_secondary,rankcloak_trial,revision_v1_multilingual_v2_payload_fidelity_v2__a99c015814208e945dc2,revision_v1_multilingual_v2_payload_fidelity_v2__a99c015814208e945dc2,,,,,,llama3_8b_instruct_q4_k_m,llama3_8b_instruct_q4_k_m,revision_v1_chacha20_poly1305_base64_001,chacha20_poly1305_base64,train,es_professional_communication_01,professional_communication,es,nonseg_ascii_b16,ascii_b16,ascii_b16,16,False,1,,none,none,0,,,,,saved_token_ids,unmodified,none,payload_fidelity_v2,payload_aware_result_v2,1,1,original_serialized_payload_bytes_sha256_v1,1,512,384,512,4.0,3.0,4.0,3.0,128,0,128,-4.298399137256036,
2.0,745382f57e9cc83666635159aa26a118606c9b14f1bdb680061e9812cb64b165,secondary_supplementary_multilingual_v2_payload_fidelity_after_manifest_freeze,secondary_supplementary,multilingual_v2_secondary,rankcloak_trial,revision_v1_multilingual_v2_payload_fidelity_v2__749266e8051bdc8bb875,revision_v1_multilingual_v2_payload_fidelity_v2__749266e8051bdc8bb875,,,,,,llama3_8b_instruct_q4_k_m,llama3_8b_instruct_q4_k_m,revision_v1_chacha20_poly1305_base64_001,chacha20_poly1305_base64,train,zh_hans_professional_communication_01,professional_communication,zh_hans,direct_subword_calgacus,direct_subword,direct_subword,,False,1,,none,none,0,,,,,saved_token_ids,unmodified,none,payload_fidelity_v2,payload_aware_result_v2,1,1,original_serialized_payload_bytes_sha256_v1,1,,384,512,,8.0,10.666666666666666,8.0,48,0,48,-6.976961804473755,
2.0,745382f57e9cc83666635159aa26a118606c9b14f1bdb680061e9812cb64b165,secondary_supplementary_multilingual_v2_payload_fidelity_after_manifest_freeze,secondary_supplementary,multilingual_v2_secondary,rankcloak_trial,revision_v1_multilingual_v2_payload_fidelity_v2__e8636c5e2249e0c8213b,revision_v1_multilingual_v2_payload_fidelity_v2__e8636c5e2249e0c8213b,,,,,,llama3_8b_instruct_q4_k_m,llama3_8b_instruct_q4_k_m,revision_v1_chacha20_poly1305_base64_001,chacha20_poly1305_base64,train,zh_hans_professional_communication_01,professional_communication,zh_hans,nonseg_ascii_b16,ascii_b16,ascii_b16,16,False,1,,none,none,0,,,,,saved_token_ids,unmodified,none,payload_fidelity_v2,payload_aware_result_v2,1,1,original_serialized_payload_bytes_sha256_v1,1,512,384,512,4.0,3.0,4.0,3.0,128,0,128,-4.085137386670235,
2.0,745382f57e9cc83666635159aa26a118606c9b14f1bdb680061e9812cb64b165,secondary_supplementary_multilingual_v2_payload_fidelity_after_manifest_freeze,secondary_supplementary,multilingual_v2_secondary,rankcloak_trial,revision_v1_multilingual_v2_payload_fidelity_v2__a7ff5a3eafc18c2daf0b,revision_v1_multilingual_v2_payload_fidelity_v2__a7ff5a3eafc18c2daf0b,,,,,,llama3_8b_instruct_q4_k_m,llama3_8b_instruct_q4_k_m,revision_v1_chacha20_poly1305_base64_002,chacha20_poly1305_base64,train,es_forum_question_answer_01,forum_question_answer,es,direct_subword_calgacus,direct_subword,direct_subword,,False,1,,none,none,0,,,,,saved_token_ids,unmodified,none,payload_fidelity_v2,payload_aware_result_v2,1,1,original_serialized_payload_bytes_sha256_v1,1,,384,512,,8.170212765957446,10.893617021276595,8.170212765957446,47,0,47,-6.9388919930291975,
2.0,745382f57e9cc83666635159aa26a118606c9b14f1bdb680061e9812cb64b165,secondary_supplementary_multilingual_v2_payload_fidelity_after_manifest_freeze,secondary_supplementary,multilingual_v2_secondary,rankcloak_trial,revision_v1_multilingual_v2_payload_fidelity_v2__5872600974b0df0f9224,revision_v1_multilingual_v2_payload_fidelity_v2__5872600974b0df0f9224,,,,,,llama3_8b_instruct_q4_k_m,llama3_8b_instruct_q4_k_m,revision_v1_chacha20_poly1305_base64_002,chacha20_poly1305_base64,train,es_forum_question_answer_01,forum_question_answer,es,nonseg_ascii_b16,ascii_b16,ascii_b16,16,False,1,,none,none,0,,,,,saved_token_ids,unmodified,none,payload_fidelity_v2,payload_aware_result_v2,1,1,original_serialized_payload_bytes_sha256_v1,1,512,384,512,4.0,3.0,4.0,3.0,128,0,128,-4.434548145718421,
2.0,745382f57e9cc83666635159aa26a118606c9b14f1bdb680061e9812cb64b165,secondary_supplementary_multilingual_v2_payload_fidelity_after_manifest_freeze,secondary_supplementary,multilingual_v2_secondary,rankcloak_trial,revision_v1_multilingual_v2_payload_fidelity_v2__3fb70ba897c93c3ee0f0,revision_v1_multilingual_v2_payload_fidelity_v2__3fb70ba897c93c3ee0f0,,,,,,llama3_8b_instruct_q4_k_m,llama3_8b_instruct_q4_k_m,revision_v1_chacha20_poly1305_base64_002,chacha20_poly1305_base64,train,zh_hans_forum_question_answer_01,forum_question_answer,zh_hans,direct_subword_calgacus,direct_subword,direct_subword,,False,1,,none,none,0,,,,,saved_token_ids,unmodified,none,payload_fidelity_v2,payload_aware_result_v2,1,1,original_serialized_payload_bytes_sha256_v1,1,,384,512,,8.170212765957446,10.893617021276595,8.170212765957446,47,0,47,-6.667401790450085,
2.0,745382f57e9cc83666635159aa26a118606c9b14f1bdb680061e9812cb64b165,secondary_supplementary_multilingual_v2_payload_fidelity_after_manifest_freeze,secondary_supplementary,multilingual_v2_secondary,rankcloak_trial,revision_v1_multilingual_v2_payload_fidelity_v2__ef957ded63b81ddaa46e,revision_v1_multilingual_v2_payload_fidelity_v2__ef957ded63b81ddaa46e,,,,,,llama3_8b_instruct_q4_k_m,llama3_8b_instruct_q4_k_m,revision_v1_chacha20_poly1305_base64_002,chacha20_poly1305_base64,train,zh_hans_forum_question_answer_01,forum_question_answer,zh_hans,nonseg_ascii_b16,ascii_b16,ascii_b16,16,False,1,,none,none,0,,,,,saved_token_ids,unmodified,none,payload_fidelity_v2,payload_aware_result_v2,1,1,original_serialized_payload_bytes_sha256_v1,1,512,384,512,4.0,3.0,4.0,3.0,128,0,128,-4.1057765760704825,
2.0,745382f57e9cc83666635159aa26a118606c9b14f1bdb680061e9812cb64b165,secondary_supplementary_multilingual_v2_payload_fidelity_after_manifest_freeze,secondary_supplementary,multilingual_v2_secondary,rankcloak_trial,revision_v1_multilingual_v2_payload_fidelity_v2__3eead517396c008b7840,revision_v1_multilingual_v2_payload_fidelity_v2__3eead517396c008b7840,,,,,,llama3_8b_instruct_q4_k_m,llama3_8b_instruct_q4_k_m,revision_v1_chacha20_poly1305_base64_003,chacha20_poly1305_base64,train,es_recipe_procedure_01,recipe_procedure,es,direct_subword_calgacus,direct_subword,direct_subword,,False,1,,none,none,0,,,,,saved_token_ids,unmodified,none,payload_fidelity_v2,payload_aware_result_v2,1,1,original_serialized_payload_bytes_sha256_v1,1,,384,512,,8.533333333333333,11.377777777777778,8.533333333333333,45,0,45,-7.667718944321239,
2.0,745382f57e9cc83666635159aa26a118606c9b14f1bdb680061e9812cb64b165,secondary_supplementary_multilingual_v2_payload_fidelity_after_manifest_freeze,secondary_supplementary,multilingual_v2_secondary,rankcloak_trial,revision_v1_multilingual_v2_payload_fidelity_v2__cd86eaacc95bde06367d,revision_v1_multilingual_v2_payload_fidelity_v2__cd86eaacc95bde06367d,,,,,,llama3_8b_instruct_q4_k_m,llama3_8b_instruct_q4_k_m,revision_v1_chacha20_poly1305_base64_003,chacha20_poly1305_base64,train,es_recipe_procedure_01,recipe_procedure,es,nonseg_ascii_b16,ascii_b16,ascii_b16,16,False,1,,none,none,0,,,,,saved_token_ids,unmodified,none,payload_fidelity_v2,payload_aware_result_v2,1,1,original_serialized_payload_bytes_sha256_v1,1,512,384,512,4.0,3.0,4.0,3.0,128,0,128,-4.662347599068893,
2.0,745382f57e9cc83666635159aa26a118606c9b14f1bdb680061e9812cb64b165,secondary_supplementary_multilingual_v2_payload_fidelity_after_manifest_freeze,secondary_supplementary,multilingual_v2_secondary,rankcloak_trial,revision_v1_multilingual_v2_payload_fidelity_v2__6f2bca384f260cbeff5a,revision_v1_multilingual_v2_payload_fidelity_v2__6f2bca384f260cbeff5a,,,,,,llama3_8b_instruct_q4_k_m,llama3_8b_instruct_q4_k_m,revision_v1_chacha20_poly1305_base64_003,chacha20_poly1305_base64,train,zh_hans_recipe_procedure_01,recipe_procedure,zh_hans,direct_subword_calgacus,direct_subword,direct_subword,,False,1,,none,none,0,,,,,saved_token_ids,unmodified,none,payload_fidelity_v2,payload_aware_result_v2,1,1,original_serialized_payload_bytes_sha256_v1,1,,384,512,,8.533333333333333,11.377777777777778,8.533333333333333,45,0,45,-7.288793172533475,
2.0,745382f57e9cc83666635159aa26a118606c9b14f1bdb680061e9812cb64b165,secondary_supplementary_multilingual_v2_payload_fidelity_after_manifest_freeze,secondary_supplementary,multilingual_v2_secondary,rankcloak_trial,revision_v1_multilingual_v2_payload_fidelity_v2__23dcaaaafb7cbe3aad0d,revision_v1_multilingual_v2_payload_fidelity_v2__23dcaaaafb7cbe3aad0d,,,,,,llama3_8b_instruct_q4_k_m,llama3_8b_instruct_q4_k_m,revision_v1_chacha20_poly1305_base64_003,chacha20_poly1305_base64,train,zh_hans_recipe_procedure_01,recipe_procedure,zh_hans,nonseg_ascii_b16,ascii_b16,ascii_b16,16,False,1,,none,none,0,,,,,saved_token_ids,unmodified,none,payload_fidelity_v2,payload_aware_result_v2,1,1,original_serialized_payload_bytes_sha256_v1,1,512,384,512,4.0,3.0,4.0,3.0,128,0,128,-3.979128480402137,
2.0,745382f57e9cc83666635159aa26a118606c9b14f1bdb680061e9812cb64b165,secondary_supplementary_multilingual_v2_payload_fidelity_after_manifest_freeze,secondary_supplementary,multilingual_v2_secondary,rankcloak_trial,revision_v1_multilingual_v2_payload_fidelity_v2__950b09a4e4ef5f8ee252,revision_v1_multilingual_v2_payload_fidelity_v2__950b09a4e4ef5f8ee252,,,,,,llama3_8b_instruct_q4_k_m,llama3_8b_instruct_q4_k_m,revision_v1_chacha20_poly1305_base64_004,chacha20_poly1305_base64,train,es_personal_narrative_blog_01,personal_narrative_blog,es,direct_subword_calgacus,direct_subword,direct_subword,,False,1,,none,none,0,,,,,saved_token_ids,unmodified,none,payload_fidelity_v2,payload_aware_result_v2,1,1,original_serialized_payload_bytes_sha256_v1,1,,384,512,,8.533333333333333,11.377777777777778,8.533333333333333,45,0,45,-7.383687129246674,
2.0,745382f57e9cc83666635159aa26a118606c9b14f1bdb680061e9812cb64b165,secondary_supplementary_multilingual_v2_payload_fidelity_after_manifest_freeze,secondary_supplementary,multilingual_v2_secondary,rankcloak_trial,revision_v1_multilingual_v2_payload_fidelity_v2__28080bc6a9170b12d348,revision_v1_multilingual_v2_payload_fidelity_v2__28080bc6a9170b12d348,,,,,,llama3_8b_instruct_q4_k_m,llama3_8b_instruct_q4_k_m,revision_v1_chacha20_poly1305_base64_004,chacha20_poly1305_base64,train,es_personal_narrative_blog_01,personal_narrative_blog,es,nonseg_ascii_b16,ascii_b16,ascii_b16,16,False,1,,none,none,0,,,,,saved_token_ids,unmodified,none,payload_fidelity_v2,payload_aware_result_v2,1,1,original_serialized_payload_bytes_sha256_v1,1,512,384,512,4.0,3.0,4.0,3.0,128,0,128,-4.602365027332727,
2.0,745382f57e9cc83666635159aa26a118606c9b14f1bdb680061e9812cb64b165,secondary_supplementary_multilingual_v2_payload_fidelity_after_manifest_freeze,secondary_supplementary,multilingual_v2_secondary,rankcloak_trial,revision_v1_multilingual_v2_payload_fidelity_v2__3cb1ac06ffcf1b3a9209,revision_v1_multilingual_v2_payload_fidelity_v2__3cb1ac06ffcf1b3a9209,,,,,,llama3_8b_instruct_q4_k_m,llama3_8b_instruct_q4_k_m,revision_v1_chacha20_poly1305_base64_004,chacha20_poly1305_base64,train,zh_hans_personal_narrative_blog_01,personal_narrative_blog,zh_hans,direct_subword_calgacus,direct_subword,direct_subword,,False,1,,none,none,0,,,,,saved_token_ids,unmodified,none,payload_fidelity_v2,payload_aware_result_v2,1,1,original_serialized_payload_bytes_sha256_v1,1,,384,512,,8.533333333333333,11.377777777777778,8.533333333333333,45,0,45,-7.251312042710318,
2.0,745382f57e9cc83666635159aa26a118606c9b14f1bdb680061e9812cb64b165,secondary_supplementary_multilingual_v2_payload_fidelity_after_manifest_freeze,secondary_supplementary,multilingual_v2_secondary,rankcloak_trial,revision_v1_multilingual_v2_payload_fidelity_v2__929d94fb96da2940cfe4,revision_v1_multilingual_v2_payload_fidelity_v2__929d94fb96da2940cfe4,,,,,,llama3_8b_instruct_q4_k_m,llama3_8b_instruct_q4_k_m,revision_v1_chacha20_poly1305_base64_004,chacha20_poly1305_base64,train,zh_hans_personal_narrative_blog_01,personal_narrative_blog,zh_hans,nonseg_ascii_b16,ascii_b16,ascii_b16,16,False,1,,none,none,0,,,,,saved_token_ids,unmodified,none,payload_fidelity_v2,payload_aware_result_v2,1,1,original_serialized_payload_bytes_sha256_v1,1,512,384,512,4.0,3.0,4.0,3.0,128,0,128,-4.194098573325652,
2.0,745382f57e9cc83666635159aa26a118606c9b14f1bdb680061e9812cb64b165,secondary_supplementary_multilingual_v2_payload_fidelity_after_manifest_freeze,secondary_supplementary,multilingual_v2_secondary,rankcloak_trial,revision_v1_multilingual_v2_payload_fidelity_v2__1cb8a451c377b0e5bd04,revision_v1_multilingual_v2_payload_fidelity_v2__1cb8a451c377b0e5bd04,,,,,,llama3_8b_instruct_q4_k_m,llama3_8b_instruct_q4_k_m,revision_v1_chacha20_poly1305_base64_005,chacha20_poly1305_base64,train,es_factual_explanatory_01,factual_explanatory,es,direct_subword_calgacus,direct_subword,direct_subword,,False,1,,none,none,0,,,,,saved_token_ids,unmodified,none,payload_fidelity_v2,payload_aware_result_v2,1,1,original_serialized_payload_bytes_sha256_v1,1,,384,512,,8.727272727272727,11.636363636363637,8.727272727272727,44,0,44,-7.871053971646139,
2.0,745382f57e9cc83666635159aa26a118606c9b14f1bdb680061e9812cb64b165,secondary_supplementary_multilingual_v2_payload_fidelity_after_manifest_freeze,secondary_supplementary,multilingual_v2_secondary,rankcloak_trial,revision_v1_multilingual_v2_payload_fidelity_v2__4946c3d1035549a4d27e,revision_v1_multilingual_v2_payload_fidelity_v2__4946c3d1035549a4d27e,,,,,,llama3_8b_instruct_q4_k_m,llama3_8b_instruct_q4_k_m,revision_v1_chacha20_poly1305_base64_005,chacha20_poly1305_base64,train,es_factual_explanatory_01,factual_explanatory,es,nonseg_ascii_b16,ascii_b16,ascii_b16,16,False,1,,none,none,0,,,,,saved_token_ids,unmodified,none,payload_fidelity_v2,payload_aware_result_v2,1,1,original_serialized_payload_bytes_sha256_v1,1,512,384,512,4.0,3.0,4.0,3.0,128,0,128,-4.663213838726249,
2.0,745382f57e9cc83666635159aa26a118606c9b14f1bdb680061e9812cb64b165,secondary_supplementary_multilingual_v2_payload_fidelity_after_manifest_freeze,secondary_supplementary,multilingual_v2_secondary,rankcloak_trial,revision_v1_multilingual_v2_payload_fidelity_v2__830e59158bd337f8ad03,revision_v1_multilingual_v2_payload_fidelity_v2__830e59158bd337f8ad03,,,,,,llama3_8b_instruct_q4_k_m,llama3_8b_instruct_q4_k_m,revision_v1_chacha20_poly1305_base64_005,chacha20_poly1305_base64,train,zh_hans_factual_explanatory_01,factual_explanatory,zh_hans,direct_subword_calgacus,direct_subword,direct_subword,,False,1,,none,none,0,,,,,saved_token_ids,unmodified,none,payload_fidelity_v2,payload_aware_result_v2,1,1,original_serialized_payload_bytes_sha256_v1,1,,384,512,,8.727272727272727,11.636363636363637,8.727272727272727,44,0,44,-7.961848562302666,
2.0,745382f57e9cc83666635159aa26a118606c9b14f1bdb680061e9812cb64b165,secondary_supplementary_multilingual_v2_payload_fidelity_after_manifest_freeze,secondary_supplementary,multilingual_v2_secondary,rankcloak_trial,revision_v1_multilingual_v2_payload_fidelity_v2__a30bef874b89cb6cb467,revision_v1_multilingual_v2_payload_fidelity_v2__a30bef874b89cb6cb467,,,,,,llama3_8b_instruct_q4_k_m,llama3_8b_instruct_q4_k_m,revision_v1_chacha20_poly1305_base64_005,chacha20_poly1305_base64,train,zh_hans_factual_explanatory_01,factual_explanatory,zh_hans,nonseg_ascii_b16,ascii_b16,ascii_b16,16,False,1,,none,none,0,,,,,saved_token_ids,unmodified,none,payload_fidelity_v2,payload_aware_result_v2,1,1,original_serialized_payload_bytes_sha256_v1,1,512,384,512,4.0,3.0,4.0,3.0,128,0,128,-4.232729233643492,
2.0,745382f57e9cc83666635159aa26a118606c9b14f1bdb680061e9812cb64b165,secondary_supplementary_multilingual_v2_payload_fidelity_after_manifest_freeze,secondary_supplementary,multilingual_v2_secondary,rankcloak_trial,revision_v1_multilingual_v2_payload_fidelity_v2__65f617d912d0ba7a5816,revision_v1_multilingual_v2_payload_fidelity_v2__65f617d912d0ba7a5816,,,,,,llama3_8b_instruct_q4_k_m,llama3_8b_instruct_q4_k_m,revision_v1_ed25519_signature_base64_000,ed25519_signature_base64,train,es_professional_communication_01,professional_communication,es,direct_subword_calgacus,direct_subword,direct_subword,,False,1,,none,none,0,,,,,saved_token_ids,unmodified,none,payload_fidelity_v2,payload_aware_result_v2,1,1,original_serialized_payload_bytes_sha256_v1,1,,512,704,,7.876923076923077,10.830769230769231,7.876923076923077,65,0,65,-7.503244952366837,
2.0,745382f57e9cc83666635159aa26a118606c9b14f1bdb680061e9812cb64b165,secondary_supplementary_multilingual_v2_payload_fidelity_after_manifest_freeze,secondary_supplementary,multilingual_v2_secondary,rankcloak_trial,revision_v1_multilingual_v2_payload_fidelity_v2__f975a437d86824e64ce4,revision_v1_multilingual_v2_payload_fidelity_v2__f975a437d86824e64ce4,,,,,,llama3_8b_instruct_q4_k_m,llama3_8b_instruct_q4_k_m,revision_v1_ed25519_signature_base64_000,ed25519_signature_base64,train,es_professional_communication_01,professional_communication,es,nonseg_ascii_b16,ascii_b16,ascii_b16,16,False,1,,none,none,0,,,,,saved_token_ids,unmodified,none,payload_fidelity_v2,payload_aware_result_v2,1,1,original_serialized_payload_bytes_sha256_v1,1,704,512,704,4.0,2.909090909090909,4.0,2.909090909090909,176,0,176,-3.9198299549770312,
2.0,745382f57e9cc83666635159aa26a118606c9b14f1bdb680061e9812cb64b165,secondary_supplementary_multilingual_v2_payload_fidelity_after_manifest_freeze,secondary_supplementary,multilingual_v2_secondary,rankcloak_trial,revision_v1_multilingual_v2_payload_fidelity_v2__6d840a4c414a2011e61e,revision_v1_multilingual_v2_payload_fidelity_v2__6d840a4c414a2011e61e,,,,,,llama3_8b_instruct_q4_k_m,llama3_8b_instruct_q4_k_m,revision_v1_ed25519_signature_base64_000,ed25519_signature_base64,train,zh_hans_professional_communication_01,professional_communication,zh_hans,direct_subword_calgacus,direct_subword,direct_subword,,False,1,,none,none,0,,,,,saved_token_ids,unmodified,none,payload_fidelity_v2,payload_aware_result_v2,1,1,original_serialized_payload_bytes_sha256_v1,1,,512,704,,7.876923076923077,10.830769230769231,7.876923076923077,65,0,65,-7.3391943906743835,
2.0,745382f57e9cc83666635159aa26a118606c9b14f1bdb680061e9812cb64b165,secondary_supplementary_multilingual_v2_payload_fidelity_after_manifest_freeze,secondary_supplementary,multilingual_v2_secondary,rankcloak_trial,revision_v1_multilingual_v2_payload_fidelity_v2__cc71e7c9db0db78adbf1,revision_v1_multilingual_v2_payload_fidelity_v2__cc71e7c9db0db78adbf1,,,,,,llama3_8b_instruct_q4_k_m,llama3_8b_instruct_q4_k_m,revision_v1_ed25519_signature_base64_000,ed25519_signature_base64,train,zh_hans_professional_communication_01,professional_communication,zh_hans,nonseg_ascii_b16,ascii_b16,ascii_b16,16,False,1,,none,none,0,,,,,saved_token_ids,unmodified,none,payload_fidelity_v2,payload_aware_result_v2,1,1,original_serialized_payload_bytes_sha256_v1,1,704,512,704,4.0,2.909090909090909,4.0,2.909090909090909,176,0,176,-4.139726799895626,
2.0,745382f57e9cc83666635159aa26a118606c9b14f1bdb680061e9812cb64b165,secondary_supplementary_multilingual_v2_payload_fidelity_after_manifest_freeze,secondary_supplementary,multilingual_v2_secondary,rankcloak_trial,revision_v1_multilingual_v2_payload_fidelity_v2__ee346a0ff0ee02b2d10e,revision_v1_multilingual_v2_payload_fidelity_v2__ee346a0ff0ee02b2d10e,,,,,,llama3_8b_instruct_q4_k_m,llama3_8b_instruct_q4_k_m,revision_v1_ed25519_signature_base64_001,ed25519_signature_base64,train,es_forum_question_answer_01,forum_question_answer,es,direct_subword_calgacus,direct_subword,direct_subword,,False,1,,none,none,0,,,,,saved_token_ids,unmodified,none,payload_fidelity_v2,payload_aware_result_v2,1,1,original_serialized_payload_bytes_sha256_v1,1,,512,704,,8.39344262295082,11.540983606557377,8.39344262295082,61,0,61,-7.173696837037572,
2.0,745382f57e9cc83666635159aa26a118606c9b14f1bdb680061e9812cb64b165,secondary_supplementary_multilingual_v2_payload_fidelity_after_manifest_freeze,secondary_supplementary,multilingual_v2_secondary,rankcloak_trial,revision_v1_multilingual_v2_payload_fidelity_v2__6a1b1886f992cd24a1dc,revision_v1_multilingual_v2_payload_fidelity_v2__6a1b1886f992cd24a1dc,,,,,,llama3_8b_instruct_q4_k_m,llama3_8b_instruct_q4_k_m,revision_v1_ed25519_signature_base64_001,ed25519_signature_base64,train,es_forum_question_answer_01,forum_question_answer,es,nonseg_ascii_b16,ascii_b16,ascii_b16,16,False,1,,none,none,0,,,,,saved_token_ids,unmodified,none,payload_fidelity_v2,payload_aware_result_v2,1,1,original_serialized_payload_bytes_sha256_v1,1,704,512,704,4.0,2.909090909090909,4.0,2.909090909090909,176,0,176,-4.383975140749749,
2.0,745382f57e9cc83666635159aa26a118606c9b14f1bdb680061e9812cb64b165,secondary_supplementary_multilingual_v2_payload_fidelity_after_manifest_freeze,secondary_supplementary,multilingual_v2_secondary,rankcloak_trial,revision_v1_multilingual_v2_payload_fidelity_v2__34466ca95d80e57ae3e7,revision_v1_multilingual_v2_payload_fidelity_v2__34466ca95d80e57ae3e7,,,,,,llama3_8b_instruct_q4_k_m,llama3_8b_instruct_q4_k_m,revision_v1_ed25519_signature_base64_001,ed25519_signature_base64,train,zh_hans_forum_question_answer_01,forum_question_answer,zh_hans,direct_subword_calgacus,direct_subword,direct_subword,,False,1,,none,none,0,,,,,saved_token_ids,unmodified,none,payload_fidelity_v2,payload_aware_result_v2,1,1,original_serialized_payload_bytes_sha256_v1,1,,512,704,,8.39344262295082,11.540983606557377,8.39344262295082,61,0,61,-7.139875828649886,
2.0,745382f57e9cc83666635159aa26a118606c9b14f1bdb680061e9812cb64b165,secondary_supplementary_multilingual_v2_payload_fidelity_after_manifest_freeze,secondary_supplementary,multilingual_v2_secondary,rankcloak_trial,revision_v1_multilingual_v2_payload_fidelity_v2__cf546c993455e10a878d,revision_v1_multilingual_v2_payload_fidelity_v2__cf546c993455e10a878d,,,,,,llama3_8b_instruct_q4_k_m,llama3_8b_instruct_q4_k_m,revision_v1_ed25519_signature_base64_001,ed25519_signature_base64,train,zh_hans_forum_question_answer_01,forum_question_answer,zh_hans,nonseg_ascii_b16,ascii_b16,ascii_b16,16,False,1,,none,none,0,,,,,saved_token_ids,unmodified,none,payload_fidelity_v2,payload_aware_result_v2,1,1,original_serialized_payload_bytes_sha256_v1,1,704,512,704,4.0,2.909090909090909,4.0,2.909090909090909,176,0,176,-4.304552052127157,
2.0,745382f57e9cc83666635159aa26a118606c9b14f1bdb680061e9812cb64b165,secondary_supplementary_multilingual_v2_payload_fidelity_after_manifest_freeze,secondary_supplementary,multilingual_v2_secondary,rankcloak_trial,revision_v1_multilingual_v2_payload_fidelity_v2__c5054db362ef3c924ac9,revision_v1_multilingual_v2_payload_fidelity_v2__c5054db362ef3c924ac9,,,,,,llama3_8b_instruct_q4_k_m,llama3_8b_instruct_q4_k_m,revision_v1_ed25519_signature_base64_002,ed25519_signature_base64,train,es_recipe_procedure_01,recipe_procedure,es,direct_subword_calgacus,direct_subword,direct_subword,,False,1,,none,none,0,,,,,saved_token_ids,unmodified,none,payload_fidelity_v2,payload_aware_result_v2,1,1,original_serialized_payload_bytes_sha256_v1,1,,512,704,,8.0,11.0,8.0,64,0,64,-7.177823388695848,
2.0,745382f57e9cc83666635159aa26a118606c9b14f1bdb680061e9812cb64b165,secondary_supplementary_multilingual_v2_payload_fidelity_after_manifest_freeze,secondary_supplementary,multilingual_v2_secondary,rankcloak_trial,revision_v1_multilingual_v2_payload_fidelity_v2__3accd3afd7cdc128b92b,revision_v1_multilingual_v2_payload_fidelity_v2__3accd3afd7cdc128b92b,,,,,,llama3_8b_instruct_q4_k_m,llama3_8b_instruct_q4_k_m,revision_v1_ed25519_signature_base64_002,ed25519_signature_base64,train,es_recipe_procedure_01,recipe_procedure,es,nonseg_ascii_b16,ascii_b16,ascii_b16,16,False,1,,none,none,0,,,,,saved_token_ids,unmodified,none,payload_fidelity_v2,payload_aware_result_v2,1,1,original_serialized_payload_bytes_sha256_v1,1,704,512,704,4.0,2.909090909090909,4.0,2.909090909090909,176,0,176,-4.349168253015244,
2.0,745382f57e9cc83666635159aa26a118606c9b14f1bdb680061e9812cb64b165,secondary_supplementary_multilingual_v2_payload_fidelity_after_manifest_freeze,secondary_supplementary,multilingual_v2_secondary,rankcloak_trial,revision_v1_multilingual_v2_payload_fidelity_v2__1924c1186d024ba7a230,revision_v1_multilingual_v2_payload_fidelity_v2__1924c1186d024ba7a230,,,,,,llama3_8b_instruct_q4_k_m,llama3_8b_instruct_q4_k_m,revision_v1_ed25519_signature_base64_002,ed25519_signature_base64,train,zh_hans_recipe_procedure_01,recipe_procedure,zh_hans,direct_subword_calgacus,direct_subword,direct_subword,,False,1,,none,none,0,,,,,saved_token_ids,unmodified,none,payload_fidelity_v2,payload_aware_result_v2,1,1,original_serialized_payload_bytes_sha256_v1,1,,512,704,,8.0,11.0,8.0,64,0,64,-6.9787130692411665,
2.0,745382f57e9cc83666635159aa26a118606c9b14f1bdb680061e9812cb64b165,secondary_supplementary_multilingual_v2_payload_fidelity_after_manifest_freeze,secondary_supplementary,multilingual_v2_secondary,rankcloak_trial,revision_v1_multilingual_v2_payload_fidelity_v2__84d85610f62d3fb06c59,revision_v1_multilingual_v2_payload_fidelity_v2__84d85610f62d3fb06c59,,,,,,llama3_8b_instruct_q4_k_m,llama3_8b_instruct_q4_k_m,revision_v1_ed25519_signature_base64_002,ed25519_signature_base64,train,zh_hans_recipe_procedure_01,recipe_procedure,zh_hans,nonseg_ascii_b16,ascii_b16,ascii_b16,16,False,1,,none,none,0,,,,,saved_token_ids,unmodified,none,payload_fidelity_v2,payload_aware_result_v2,1,1,original_serialized_payload_bytes_sha256_v1,1,704,512,704,4.0,2.909090909090909,4.0,2.909090909090909,176,0,176,-4.1009240881978934,
2.0,745382f57e9cc83666635159aa26a118606c9b14f1bdb680061e9812cb64b165,secondary_supplementary_multilingual_v2_payload_fidelity_after_manifest_freeze,secondary_supplementary,multilingual_v2_secondary,rankcloak_trial,revision_v1_multilingual_v2_payload_fidelity_v2__f1c10022220c30720380,revision_v1_multilingual_v2_payload_fidelity_v2__f1c10022220c30720380,,,,,,llama3_8b_instruct_q4_k_m,llama3_8b_instruct_q4_k_m,revision_v1_ed25519_signature_base64_003,ed25519_signature_base64,train,es_personal_narrative_blog_01,personal_narrative_blog,es,direct_subword_calgacus,direct_subword,direct_subword,,False,1,,none,none,0,,,,,saved_token_ids,unmodified,none,payload_fidelity_v2,payload_aware_result_v2,1,1,original_serialized_payload_bytes_sha256_v1,1,,512,704,,8.258064516129032,11.35483870967742,8.258064516129032,62,0,62,-6.932418584160478,
2.0,745382f57e9cc83666635159aa26a118606c9b14f1bdb680061e9812cb64b165,secondary_supplementary_multilingual_v2_payload_fidelity_after_manifest_freeze,secondary_supplementary,multilingual_v2_secondary,rankcloak_trial,revision_v1_multilingual_v2_payload_fidelity_v2__109c9e11e1de603b0db9,revision_v1_multilingual_v2_payload_fidelity_v2__109c9e11e1de603b0db9,,,,,,llama3_8b_instruct_q4_k_m,llama3_8b_instruct_q4_k_m,revision_v1_ed25519_signature_base64_003,ed25519_signature_base64,train,es_personal_narrative_blog_01,personal_narrative_blog,es,nonseg_ascii_b16,ascii_b16,ascii_b16,16,False,1,,none,none,0,,,,,saved_token_ids,unmodified,none,payload_fidelity_v2,payload_aware_result_v2,1,1,original_serialized_payload_bytes_sha256_v1,1,704,512,704,4.0,2.909090909090909,4.0,2.909090909090909,176,0,176,-4.30922391731415,
2.0,745382f57e9cc83666635159aa26a118606c9b14f1bdb680061e9812cb64b165,secondary_supplementary_multilingual_v2_payload_fidelity_after_manifest_freeze,secondary_supplementary,multilingual_v2_secondary,rankcloak_trial,revision_v1_multilingual_v2_payload_fidelity_v2__4ac33393933dc1cc4f85,revision_v1_multilingual_v2_payload_fidelity_v2__4ac33393933dc1cc4f85,,,,,,llama3_8b_instruct_q4_k_m,llama3_8b_instruct_q4_k_m,revision_v1_ed25519_signature_base64_003,ed25519_signature_base64,train,zh_hans_personal_narrative_blog_01,personal_narrative_blog,zh_hans,direct_subword_calgacus,direct_subword,direct_subword,,False,1,,none,none,0,,,,,saved_token_ids,unmodified,none,payload_fidelity_v2,payload_aware_result_v2,1,1,original_serialized_payload_bytes_sha256_v1,1,,512,704,,8.258064516129032,11.35483870967742,8.258064516129032,62,0,62,-6.987498189767129,
2.0,745382f57e9cc83666635159aa26a118606c9b14f1bdb680061e9812cb64b165,secondary_supplementary_multilingual_v2_payload_fidelity_after_manifest_freeze,secondary_supplementary,multilingual_v2_secondary,rankcloak_trial,revision_v1_multilingual_v2_payload_fidelity_v2__832d182c8379d8b70c67,revision_v1_multilingual_v2_payload_fidelity_v2__832d182c8379d8b70c67,,,,,,llama3_8b_instruct_q4_k_m,llama3_8b_instruct_q4_k_m,revision_v1_ed25519_signature_base64_003,ed25519_signature_base64,train,zh_hans_personal_narrative_blog_01,personal_narrative_blog,zh_hans,nonseg_ascii_b16,ascii_b16,ascii_b16,16,False,1,,none,none,0,,,,,saved_token_ids,unmodified,none,payload_fidelity_v2,payload_aware_result_v2,1,1,original_serialized_payload_bytes_sha256_v1,1,704,512,704,4.0,2.909090909090909,4.0,2.909090909090909,176,0,176,-4.259411291972757,
2.0,745382f57e9cc83666635159aa26a118606c9b14f1bdb680061e9812cb64b165,secondary_supplementary_multilingual_v2_payload_fidelity_after_manifest_freeze,secondary_supplementary,multilingual_v2_secondary,rankcloak_trial,revision_v1_multilingual_v2_payload_fidelity_v2__d9b0b562631b89a7f012,revision_v1_multilingual_v2_payload_fidelity_v2__d9b0b562631b89a7f012,,,,,,llama3_8b_instruct_q4_k_m,llama3_8b_instruct_q4_k_m,revision_v1_ed25519_signature_base64_004,ed25519_signature_base64,train,es_factual_explanatory_01,factual_explanatory,es,direct_subword_calgacus,direct_subword,direct_subword,,False,1,,none,none,0,,,,,saved_token_ids,unmodified,none,payload_fidelity_v2,payload_aware_result_v2,1,1,original_serialized_payload_bytes_sha256_v1,1,,512,704,,8.0,11.0,8.0,64,0,64,-6.9209068360584665,
2.0,745382f57e9cc83666635159aa26a118606c9b14f1bdb680061e9812cb64b165,secondary_supplementary_multilingual_v2_payload_fidelity_after_manifest_freeze,secondary_supplementary,multilingual_v2_secondary,rankcloak_trial,revision_v1_multilingual_v2_payload_fidelity_v2__cd3373300be03ae4263b,revision_v1_multilingual_v2_payload_fidelity_v2__cd3373300be03ae4263b,,,,,,llama3_8b_instruct_q4_k_m,llama3_8b_instruct_q4_k_m,revision_v1_ed25519_signature_base64_004,ed25519_signature_base64,train,es_factual_explanatory_01,factual_explanatory,es,nonseg_ascii_b16,ascii_b16,ascii_b16,16,False,1,,none,none,0,,,,,saved_token_ids,unmodified,none,payload_fidelity_v2,payload_aware_result_v2,1,1,original_serialized_payload_bytes_sha256_v1,1,704,512,704,4.0,2.909090909090909,4.0,2.909090909090909,176,0,176,-4.571286242125498,
2.0,745382f57e9cc83666635159aa26a118606c9b14f1bdb680061e9812cb64b165,secondary_supplementary_multilingual_v2_payload_fidelity_after_manifest_freeze,secondary_supplementary,multilingual_v2_secondary,rankcloak_trial,revision_v1_multilingual_v2_payload_fidelity_v2__e9e40da4d231209a1113,revision_v1_multilingual_v2_payload_fidelity_v2__e9e40da4d231209a1113,,,,,,llama3_8b_instruct_q4_k_m,llama3_8b_instruct_q4_k_m,revision_v1_ed25519_signature_base64_004,ed25519_signature_base64,train,zh_hans_factual_explanatory_01,factual_explanatory,zh_hans,direct_subword_calgacus,direct_subword,direct_subword,,False,1,,none,none,0,,,,,saved_token_ids,unmodified,none,payload_fidelity_v2,payload_aware_result_v2,1,1,original_serialized_payload_bytes_sha256_v1,1,,512,704,,8.0,11.0,8.0,64,0,64,-6.729994981970036,
2.0,745382f57e9cc83666635159aa26a118606c9b14f1bdb680061e9812cb64b165,secondary_supplementary_multilingual_v2_payload_fidelity_after_manifest_freeze,secondary_supplementary,multilingual_v2_secondary,rankcloak_trial,revision_v1_multilingual_v2_payload_fidelity_v2__e8b629a0457648fd7faa,revision_v1_multilingual_v2_payload_fidelity_v2__e8b629a0457648fd7faa,,,,,,llama3_8b_instruct_q4_k_m,llama3_8b_instruct_q4_k_m,revision_v1_ed25519_signature_base64_004,ed25519_signature_base64,train,zh_hans_factual_explanatory_01,factual_explanatory,zh_hans,nonseg_ascii_b16,ascii_b16,ascii_b16,16,False,1,,none,none,0,,,,,saved_token_ids,unmodified,none,payload_fidelity_v2,payload_aware_result_v2,1,1,original_serialized_payload_bytes_sha256_v1,1,704,512,704,4.0,2.909090909090909,4.0,2.909090909090909,176,0,176,-4.20985251003763,
2.0,745382f57e9cc83666635159aa26a118606c9b14f1bdb680061e9812cb64b165,secondary_supplementary_multilingual_v2_payload_fidelity_after_manifest_freeze,secondary_supplementary,multilingual_v2_secondary,rankcloak_trial,revision_v1_multilingual_v2_payload_fidelity_v2__eb46c9c99b63c71e248b,revision_v1_multilingual_v2_payload_fidelity_v2__eb46c9c99b63c71e248b,,,,,,llama3_8b_instruct_q4_k_m,llama3_8b_instruct_q4_k_m,revision_v1_ed25519_signature_base64_005,ed25519_signature_base64,train,es_casual_conversation_01,casual_conversation,es,direct_subword_calgacus,direct_subword,direct_subword,,False,1,,none,none,0,,,,,saved_token_ids,unmodified,none,payload_fidelity_v2,payload_aware_result_v2,1,1,original_serialized_payload_bytes_sha256_v1,1,,512,704,,8.677966101694915,11.932203389830509,8.677966101694915,59,0,59,-7.533520598747585,
2.0,745382f57e9cc83666635159aa26a118606c9b14f1bdb680061e9812cb64b165,secondary_supplementary_multilingual_v2_payload_fidelity_after_manifest_freeze,secondary_supplementary,multilingual_v2_secondary,rankcloak_trial,revision_v1_multilingual_v2_payload_fidelity_v2__6b9971a678b2e3a24c35,revision_v1_multilingual_v2_payload_fidelity_v2__6b9971a678b2e3a24c35,,,,,,llama3_8b_instruct_q4_k_m,llama3_8b_instruct_q4_k_m,revision_v1_ed25519_signature_base64_005,ed25519_signature_base64,train,es_casual_conversation_01,casual_conversation,es,nonseg_ascii_b16,ascii_b16,ascii_b16,16,False,1,,none,none,0,,,,,saved_token_ids,unmodified,none,payload_fidelity_v2,payload_aware_result_v2,1,1,original_serialized_payload_bytes_sha256_v1,1,704,512,704,4.0,2.909090909090909,4.0,2.909090909090909,176,0,176,-3.9600842739225524,
2.0,745382f57e9cc83666635159aa26a118606c9b14f1bdb680061e9812cb64b165,secondary_supplementary_multilingual_v2_payload_fidelity_after_manifest_freeze,secondary_supplementary,multilingual_v2_secondary,rankcloak_trial,revision_v1_multilingual_v2_payload_fidelity_v2__c29f2544209b75d45c97,revision_v1_multilingual_v2_payload_fidelity_v2__c29f2544209b75d45c97,,,,,,llama3_8b_instruct_q4_k_m,llama3_8b_instruct_q4_k_m,revision_v1_ed25519_signature_base64_005,ed25519_signature_base64,train,zh_hans_casual_conversation_01,casual_conversation,zh_hans,direct_subword_calgacus,direct_subword,direct_subword,,False,1,,none,none,0,,,,,saved_token_ids,unmodified,none,payload_fidelity_v2,payload_aware_result_v2,1,1,original_serialized_payload_bytes_sha256_v1,1,,512,704,,8.677966101694915,11.932203389830509,8.677966101694915,59,0,59,-7.425759956052238,
2.0,745382f57e9cc83666635159aa26a118606c9b14f1bdb680061e9812cb64b165,secondary_supplementary_multilingual_v2_payload_fidelity_after_manifest_freeze,secondary_supplementary,multilingual_v2_secondary,rankcloak_trial,revision_v1_multilingual_v2_payload_fidelity_v2__5bd25990a9dcc86dc223,revision_v1_multilingual_v2_payload_fidelity_v2__5bd25990a9dcc86dc223,,,,,,llama3_8b_instruct_q4_k_m,llama3_8b_instruct_q4_k_m,revision_v1_ed25519_signature_base64_005,ed25519_signature_base64,train,zh_hans_casual_conversation_01,casual_conversation,zh_hans,nonseg_ascii_b16,ascii_b16,ascii_b16,16,False,1,,none,none,0,,,,,saved_token_ids,unmodified,none,payload_fidelity_v2,payload_aware_result_v2,1,1,original_serialized_payload_bytes_sha256_v1,1,704,512,704,4.0,2.909090909090909,4.0,2.909090909090909,176,0,176,-4.519349702907353,
2.0,8e1e720f86da3c4454554b09665c1e7208eb9e8ef12fd1e6d70354ce4e542c31,secondary_supplementary_multilingual_v2_payload_fidelity_after_manifest_freeze,secondary_supplementary,multilingual_v2_secondary,rankcloak_trial,revision_v1_multilingual_v2_payload_fidelity_v2__81df0a2b7e9a033eb424,revision_v1_multilingual_v2_payload_fidelity_v2__81df0a2b7e9a033eb424,,,,,,mistral_7b_instruct_v0_3_q4_k_m,mistral_7b_instruct_v0_3_q4_k_m,revision_v1_sha256_hex_000,sha256_hex,train,es_forum_question_answer_01,forum_question_answer,es,direct_subword_calgacus,direct_subword,direct_subword,,False,1,,none,none,0,,,,,saved_token_ids,unmodified,none,payload_fidelity_v2,payload_aware_result_v2,1,1,original_serialized_payload_bytes_sha256_v1,1,,256,512,,4.491228070175438,8.982456140350877,4.491228070175438,57,0,57,-4.743545353306397,
2.0,8e1e720f86da3c4454554b09665c1e7208eb9e8ef12fd1e6d70354ce4e542c31,secondary_supplementary_multilingual_v2_payload_fidelity_after_manifest_freeze,secondary_supplementary,multilingual_v2_secondary,rankcloak_trial,revision_v1_multilingual_v2_payload_fidelity_v2__14a8eda20c7fde091715,revision_v1_multilingual_v2_payload_fidelity_v2__14a8eda20c7fde091715,,,,,,mistral_7b_instruct_v0_3_q4_k_m,mistral_7b_instruct_v0_3_q4_k_m,revision_v1_sha256_hex_000,sha256_hex,train,es_forum_question_answer_01,forum_question_answer,es,nonseg_ascii_b16,ascii_b16,ascii_b16,16,False,1,,none,none,0,,,,,saved_token_ids,unmodified,none,payload_fidelity_v2,payload_aware_result_v2,1,1,original_serialized_payload_bytes_sha256_v1,1,512,256,512,4.0,2.0,4.0,2.0,128,0,128,-4.105339056718925,
2.0,8e1e720f86da3c4454554b09665c1e7208eb9e8ef12fd1e6d70354ce4e542c31,secondary_supplementary_multilingual_v2_payload_fidelity_after_manifest_freeze,secondary_supplementary,multilingual_v2_secondary,rankcloak_trial,revision_v1_multilingual_v2_payload_fidelity_v2__e4b97dd1a2c021b53e3a,revision_v1_multilingual_v2_payload_fidelity_v2__e4b97dd1a2c021b53e3a,,,,,,mistral_7b_instruct_v0_3_q4_k_m,mistral_7b_instruct_v0_3_q4_k_m,revision_v1_sha256_hex_000,sha256_hex,train,zh_hans_forum_question_answer_01,forum_question_answer,zh_hans,direct_subword_calgacus,direct_subword,direct_subword,,False,1,,none,none,0,,,,,saved_token_ids,unmodified,none,payload_fidelity_v2,payload_aware_result_v2,1,1,original_serialized_payload_bytes_sha256_v1,1,,256,512,,4.491228070175438,8.982456140350877,4.491228070175438,57,0,57,-4.840456396599542,
2.0,8e1e720f86da3c4454554b09665c1e7208eb9e8ef12fd1e6d70354ce4e542c31,secondary_supplementary_multilingual_v2_payload_fidelity_after_manifest_freeze,secondary_supplementary,multilingual_v2_secondary,rankcloak_trial,revision_v1_multilingual_v2_payload_fidelity_v2__c0549a8bf3bf62f748c9,revision_v1_multilingual_v2_payload_fidelity_v2__c0549a8bf3bf62f748c9,,,,,,mistral_7b_instruct_v0_3_q4_k_m,mistral_7b_instruct_v0_3_q4_k_m,revision_v1_sha256_hex_000,sha256_hex,train,zh_hans_forum_question_answer_01,forum_question_answer,zh_hans,nonseg_ascii_b16,ascii_b16,ascii_b16,16,False,1,,none,none,0,,,,,saved_token_ids,unmodified,none,payload_fidelity_v2,payload_aware_result_v2,1,1,original_serialized_payload_bytes_sha256_v1,1,512,256,512,4.0,2.0,4.0,2.0,128,0,128,-4.214285853509013,
2.0,8e1e720f86da3c4454554b09665c1e7208eb9e8ef12fd1e6d70354ce4e542c31,secondary_supplementary_multilingual_v2_payload_fidelity_after_manifest_freeze,secondary_supplementary,multilingual_v2_secondary,rankcloak_trial,revision_v1_multilingual_v2_payload_fidelity_v2__711e68039a1bb23df85d,revision_v1_multilingual_v2_payload_fidelity_v2__711e68039a1bb23df85d,,,,,,mistral_7b_instruct_v0_3_q4_k_m,mistral_7b_instruct_v0_3_q4_k_m,revision_v1_sha256_hex_001,sha256_hex,train,es_recipe_procedure_01,recipe_procedure,es,direct_subword_calgacus,direct_subword,direct_subword,,False,1,,none,none,0,,,,,saved_token_ids,unmodified,none,payload_fidelity_v2,payload_aware_result_v2,1,1,original_serialized_payload_bytes_sha256_v1,1,,256,512,,4.266666666666667,8.533333333333333,4.266666666666667,60,0,60,-4.643540532298663,
2.0,8e1e720f86da3c4454554b09665c1e7208eb9e8ef12fd1e6d70354ce4e542c31,secondary_supplementary_multilingual_v2_payload_fidelity_after_manifest_freeze,secondary_supplementary,multilingual_v2_secondary,rankcloak_trial,revision_v1_multilingual_v2_payload_fidelity_v2__0efa24e588a1c9ffd51c,revision_v1_multilingual_v2_payload_fidelity_v2__0efa24e588a1c9ffd51c,,,,,,mistral_7b_instruct_v0_3_q4_k_m,mistral_7b_instruct_v0_3_q4_k_m,revision_v1_sha256_hex_001,sha256_hex,train,es_recipe_procedure_01,recipe_procedure,es,nonseg_ascii_b16,ascii_b16,ascii_b16,16,False,1,,none,none,0,,,,,saved_token_ids,unmodified,none,payload_fidelity_v2,payload_aware_result_v2,1,1,original_serialized_payload_bytes_sha256_v1,1,512,256,512,4.0,2.0,4.0,2.0,128,0,128,-3.949002481655859,
2.0,8e1e720f86da3c4454554b09665c1e7208eb9e8ef12fd1e6d70354ce4e542c31,secondary_supplementary_multilingual_v2_payload_fidelity_after_manifest_freeze,secondary_supplementary,multilingual_v2_secondary,rankcloak_trial,revision_v1_multilingual_v2_payload_fidelity_v2__340b1f70ed5ee1069f9b,revision_v1_multilingual_v2_payload_fidelity_v2__340b1f70ed5ee1069f9b,,,,,,mistral_7b_instruct_v0_3_q4_k_m,mistral_7b_instruct_v0_3_q4_k_m,revision_v1_sha256_hex_001,sha256_hex,train,zh_hans_recipe_procedure_01,recipe_procedure,zh_hans,direct_subword_calgacus,direct_subword,direct_subword,,False,1,,none,none,0,,,,,saved_token_ids,unmodified,none,payload_fidelity_v2,payload_aware_result_v2,1,1,original_serialized_payload_bytes_sha256_v1,1,,256,512,,4.266666666666667,8.533333333333333,4.266666666666667,60,0,60,-4.743063874828389,
2.0,8e1e720f86da3c4454554b09665c1e7208eb9e8ef12fd1e6d70354ce4e542c31,secondary_supplementary_multilingual_v2_payload_fidelity_after_manifest_freeze,secondary_supplementary,multilingual_v2_secondary,rankcloak_trial,revision_v1_multilingual_v2_payload_fidelity_v2__9608bcedbbb6bc7561b8,revision_v1_multilingual_v2_payload_fidelity_v2__9608bcedbbb6bc7561b8,,,,,,mistral_7b_instruct_v0_3_q4_k_m,mistral_7b_instruct_v0_3_q4_k_m,revision_v1_sha256_hex_001,sha256_hex,train,zh_hans_recipe_procedure_01,recipe_procedure,zh_hans,nonseg_ascii_b16,ascii_b16,ascii_b16,16,False,1,,none,none,0,,,,,saved_token_ids,unmodified,none,payload_fidelity_v2,payload_aware_result_v2,1,1,original_serialized_payload_bytes_sha256_v1,1,512,256,512,4.0,2.0,4.0,2.0,128,0,128,-4.195575246675826,
2.0,8e1e720f86da3c4454554b09665c1e7208eb9e8ef12fd1e6d70354ce4e542c31,secondary_supplementary_multilingual_v2_payload_fidelity_after_manifest_freeze,secondary_supplementary,multilingual_v2_secondary,rankcloak_trial,revision_v1_multilingual_v2_payload_fidelity_v2__40dad87615155ab719d9,revision_v1_multilingual_v2_payload_fidelity_v2__40dad87615155ab719d9,,,,,,mistral_7b_instruct_v0_3_q4_k_m,mistral_7b_instruct_v0_3_q4_k_m,revision_v1_sha256_hex_002,sha256_hex,train,es_personal_narrative_blog_01,personal_narrative_blog,es,direct_subword_calgacus,direct_subword,direct_subword,,False,1,,none,none,0,,,,,saved_token_ids,unmodified,none,payload_fidelity_v2,payload_aware_result_v2,1,1,original_serialized_payload_bytes_sha256_v1,1,,256,512,,4.413793103448276,8.827586206896552,4.413793103448276,58,0,58,-4.65404267713477,
2.0,8e1e720f86da3c4454554b09665c1e7208eb9e8ef12fd1e6d70354ce4e542c31,secondary_supplementary_multilingual_v2_payload_fidelity_after_manifest_freeze,secondary_supplementary,multilingual_v2_secondary,rankcloak_trial,revision_v1_multilingual_v2_payload_fidelity_v2__6cf1bc35759557db874d,revision_v1_multilingual_v2_payload_fidelity_v2__6cf1bc35759557db874d,,,,,,mistral_7b_instruct_v0_3_q4_k_m,mistral_7b_instruct_v0_3_q4_k_m,revision_v1_sha256_hex_002,sha256_hex,train,es_personal_narrative_blog_01,personal_narrative_blog,es,nonseg_ascii_b16,ascii_b16,ascii_b16,16,False,1,,none,none,0,,,,,saved_token_ids,unmodified,none,payload_fidelity_v2,payload_aware_result_v2,1,1,original_serialized_payload_bytes_sha256_v1,1,512,256,512,4.0,2.0,4.0,2.0,128,0,128,-3.933250759118457,
2.0,8e1e720f86da3c4454554b09665c1e7208eb9e8ef12fd1e6d70354ce4e542c31,secondary_supplementary_multilingual_v2_payload_fidelity_after_manifest_freeze,secondary_supplementary,multilingual_v2_secondary,rankcloak_trial,revision_v1_multilingual_v2_payload_fidelity_v2__2ee89d24377f1d744ce5,revision_v1_multilingual_v2_payload_fidelity_v2__2ee89d24377f1d744ce5,,,,,,mistral_7b_instruct_v0_3_q4_k_m,mistral_7b_instruct_v0_3_q4_k_m,revision_v1_sha256_hex_002,sha256_hex,train,zh_hans_personal_narrative_blog_01,personal_narrative_blog,zh_hans,direct_subword_calgacus,direct_subword,direct_subword,,False,1,,none,none,0,,,,,saved_token_ids,unmodified,none,payload_fidelity_v2,payload_aware_result_v2,1,1,original_serialized_payload_bytes_sha256_v1,1,,256,512,,4.413793103448276,8.827586206896552,4.413793103448276,58,0,58,-4.635415326428989,
2.0,8e1e720f86da3c4454554b09665c1e7208eb9e8ef12fd1e6d70354ce4e542c31,secondary_supplementary_multilingual_v2_payload_fidelity_after_manifest_freeze,secondary_supplementary,multilingual_v2_secondary,rankcloak_trial,revision_v1_multilingual_v2_payload_fidelity_v2__6f970acf487a8eebcced,revision_v1_multilingual_v2_payload_fidelity_v2__6f970acf487a8eebcced,,,,,,mistral_7b_instruct_v0_3_q4_k_m,mistral_7b_instruct_v0_3_q4_k_m,revision_v1_sha256_hex_002,sha256_hex,train,zh_hans_personal_narrative_blog_01,personal_narrative_blog,zh_hans,nonseg_ascii_b16,ascii_b16,ascii_b16,16,False,1,,none,none,0,,,,,saved_token_ids,unmodified,none,payload_fidelity_v2,payload_aware_result_v2,1,1,original_serialized_payload_bytes_sha256_v1,1,512,256,512,4.0,2.0,4.0,2.0,128,0,128,-4.002682273482333,
2.0,8e1e720f86da3c4454554b09665c1e7208eb9e8ef12fd1e6d70354ce4e542c31,secondary_supplementary_multilingual_v2_payload_fidelity_after_manifest_freeze,secondary_supplementary,multilingual_v2_secondary,rankcloak_trial,revision_v1_multilingual_v2_payload_fidelity_v2__dd1c56f8e96f51cb83f6,revision_v1_multilingual_v2_payload_fidelity_v2__dd1c56f8e96f51cb83f6,,,,,,mistral_7b_instruct_v0_3_q4_k_m,mistral_7b_instruct_v0_3_q4_k_m,revision_v1_sha256_hex_003,sha256_hex,train,es_factual_explanatory_01,factual_explanatory,es,direct_subword_calgacus,direct_subword,direct_subword,,False,1,,none,none,0,,,,,saved_token_ids,unmodified,none,payload_fidelity_v2,payload_aware_result_v2,1,1,original_serialized_payload_bytes_sha256_v1,1,,256,512,,4.654545454545454,9.309090909090909,4.654545454545454,55,0,55,-4.945907433363834,
2.0,8e1e720f86da3c4454554b09665c1e7208eb9e8ef12fd1e6d70354ce4e542c31,secondary_supplementary_multilingual_v2_payload_fidelity_after_manifest_freeze,secondary_supplementary,multilingual_v2_secondary,rankcloak_trial,revision_v1_multilingual_v2_payload_fidelity_v2__57c635020e03857397ad,revision_v1_multilingual_v2_payload_fidelity_v2__57c635020e03857397ad,,,,,,mistral_7b_instruct_v0_3_q4_k_m,mistral_7b_instruct_v0_3_q4_k_m,revision_v1_sha256_hex_003,sha256_hex,train,es_factual_explanatory_01,factual_explanatory,es,nonseg_ascii_b16,ascii_b16,ascii_b16,16,False,1,,none,none,0,,,,,saved_token_ids,unmodified,none,payload_fidelity_v2,payload_aware_result_v2,1,1,original_serialized_payload_bytes_sha256_v1,1,512,256,512,4.0,2.0,4.0,2.0,128,0,128,-4.007846117858698,
2.0,8e1e720f86da3c4454554b09665c1e7208eb9e8ef12fd1e6d70354ce4e542c31,secondary_supplementary_multilingual_v2_payload_fidelity_after_manifest_freeze,secondary_supplementary,multilingual_v2_secondary,rankcloak_trial,revision_v1_multilingual_v2_payload_fidelity_v2__b76c04a5b9edb5bb3d9f,revision_v1_multilingual_v2_payload_fidelity_v2__b76c04a5b9edb5bb3d9f,,,,,,mistral_7b_instruct_v0_3_q4_k_m,mistral_7b_instruct_v0_3_q4_k_m,revision_v1_sha256_hex_003,sha256_hex,train,zh_hans_factual_explanatory_01,factual_explanatory,zh_hans,direct_subword_calgacus,direct_subword,direct_subword,,False,1,,none,none,0,,,,,saved_token_ids,unmodified,none,payload_fidelity_v2,payload_aware_result_v2,1,1,original_serialized_payload_bytes_sha256_v1,1,,256,512,,4.654545454545454,9.309090909090909,4.654545454545454,55,0,55,-5.111606141239679,
2.0,8e1e720f86da3c4454554b09665c1e7208eb9e8ef12fd1e6d70354ce4e542c31,secondary_supplementary_multilingual_v2_payload_fidelity_after_manifest_freeze,secondary_supplementary,multilingual_v2_secondary,rankcloak_trial,revision_v1_multilingual_v2_payload_fidelity_v2__5463062fecb543172008,revision_v1_multilingual_v2_payload_fidelity_v2__5463062fecb543172008,,,,,,mistral_7b_instruct_v0_3_q4_k_m,mistral_7b_instruct_v0_3_q4_k_m,revision_v1_sha256_hex_003,sha256_hex,train,zh_hans_factual_explanatory_01,factual_explanatory,zh_hans,nonseg_ascii_b16,ascii_b16,ascii_b16,16,False,1,,none,none,0,,,,,saved_token_ids,unmodified,none,payload_fidelity_v2,payload_aware_result_v2,1,1,original_serialized_payload_bytes_sha256_v1,1,512,256,512,4.0,2.0,4.0,2.0,128,0,128,-4.193662807429625,
2.0,8e1e720f86da3c4454554b09665c1e7208eb9e8ef12fd1e6d70354ce4e542c31,secondary_supplementary_multilingual_v2_payload_fidelity_after_manifest_freeze,secondary_supplementary,multilingual_v2_secondary,rankcloak_trial,revision_v1_multilingual_v2_payload_fidelity_v2__5c6cc1449a0301367c7f,revision_v1_multilingual_v2_payload_fidelity_v2__5c6cc1449a0301367c7f,,,,,,mistral_7b_instruct_v0_3_q4_k_m,mistral_7b_instruct_v0_3_q4_k_m,revision_v1_sha256_hex_004,sha256_hex,train,es_casual_conversation_01,casual_conversation,es,direct_subword_calgacus,direct_subword,direct_subword,,False,1,,none,none,0,,,,,saved_token_ids,unmodified,none,payload_fidelity_v2,payload_aware_result_v2,1,1,original_serialized_payload_bytes_sha256_v1,1,,256,512,,4.413793103448276,8.827586206896552,4.413793103448276,58,0,58,-4.863830778763463,
2.0,8e1e720f86da3c4454554b09665c1e7208eb9e8ef12fd1e6d70354ce4e542c31,secondary_supplementary_multilingual_v2_payload_fidelity_after_manifest_freeze,secondary_supplementary,multilingual_v2_secondary,rankcloak_trial,revision_v1_multilingual_v2_payload_fidelity_v2__5dafe6d57fce2e2bb09b,revision_v1_multilingual_v2_payload_fidelity_v2__5dafe6d57fce2e2bb09b,,,,,,mistral_7b_instruct_v0_3_q4_k_m,mistral_7b_instruct_v0_3_q4_k_m,revision_v1_sha256_hex_004,sha256_hex,train,es_casual_conversation_01,casual_conversation,es,nonseg_ascii_b16,ascii_b16,ascii_b16,16,False,1,,none,none,0,,,,,saved_token_ids,unmodified,none,payload_fidelity_v2,payload_aware_result_v2,1,1,original_serialized_payload_bytes_sha256_v1,1,512,256,512,4.0,2.0,4.0,2.0,128,0,128,-3.9271540690925497,
2.0,8e1e720f86da3c4454554b09665c1e7208eb9e8ef12fd1e6d70354ce4e542c31,secondary_supplementary_multilingual_v2_payload_fidelity_after_manifest_freeze,secondary_supplementary,multilingual_v2_secondary,rankcloak_trial,revision_v1_multilingual_v2_payload_fidelity_v2__a92765f3ff6e489902e2,revision_v1_multilingual_v2_payload_fidelity_v2__a92765f3ff6e489902e2,,,,,,mistral_7b_instruct_v0_3_q4_k_m,mistral_7b_instruct_v0_3_q4_k_m,revision_v1_sha256_hex_004,sha256_hex,train,zh_hans_casual_conversation_01,casual_conversation,zh_hans,direct_subword_calgacus,direct_subword,direct_subword,,False,1,,none,none,0,,,,,saved_token_ids,unmodified,none,payload_fidelity_v2,payload_aware_result_v2,1,1,original_serialized_payload_bytes_sha256_v1,1,,256,512,,4.413793103448276,8.827586206896552,4.413793103448276,58,0,58,-4.607132706238588,
2.0,8e1e720f86da3c4454554b09665c1e7208eb9e8ef12fd1e6d70354ce4e542c31,secondary_supplementary_multilingual_v2_payload_fidelity_after_manifest_freeze,secondary_supplementary,multilingual_v2_secondary,rankcloak_trial,revision_v1_multilingual_v2_payload_fidelity_v2__ff11f0be68ad54b61578,revision_v1_multilingual_v2_payload_fidelity_v2__ff11f0be68ad54b61578,,,,,,mistral_7b_instruct_v0_3_q4_k_m,mistral_7b_instruct_v0_3_q4_k_m,revision_v1_sha256_hex_004,sha256_hex,train,zh_hans_casual_conversation_01,casual_conversation,zh_hans,nonseg_ascii_b16,ascii_b16,ascii_b16,16,False,1,,none,none,0,,,,,saved_token_ids,unmodified,none,payload_fidelity_v2,payload_aware_result_v2,1,1,original_serialized_payload_bytes_sha256_v1,1,512,256,512,4.0,2.0,4.0,2.0,128,0,128,-4.0316705331408755,
2.0,8e1e720f86da3c4454554b09665c1e7208eb9e8ef12fd1e6d70354ce4e542c31,secondary_supplementary_multilingual_v2_payload_fidelity_after_manifest_freeze,secondary_supplementary,multilingual_v2_secondary,rankcloak_trial,revision_v1_multilingual_v2_payload_fidelity_v2__181960e2bbc948ae142e,revision_v1_multilingual_v2_payload_fidelity_v2__181960e2bbc948ae142e,,,,,,mistral_7b_instruct_v0_3_q4_k_m,mistral_7b_instruct_v0_3_q4_k_m,revision_v1_sha256_hex_005,sha256_hex,train,es_professional_communication_01,professional_communication,es,direct_subword_calgacus,direct_subword,direct_subword,,False,1,,none,none,0,,,,,saved_token_ids,unmodified,none,payload_fidelity_v2,payload_aware_result_v2,1,1,original_serialized_payload_bytes_sha256_v1,1,,256,512,,4.491228070175438,8.982456140350877,4.491228070175438,57,0,57,-4.997141600904524,
2.0,8e1e720f86da3c4454554b09665c1e7208eb9e8ef12fd1e6d70354ce4e542c31,secondary_supplementary_multilingual_v2_payload_fidelity_after_manifest_freeze,secondary_supplementary,multilingual_v2_secondary,rankcloak_trial,revision_v1_multilingual_v2_payload_fidelity_v2__519f646c09e843436e0c,revision_v1_multilingual_v2_payload_fidelity_v2__519f646c09e843436e0c,,,,,,mistral_7b_instruct_v0_3_q4_k_m,mistral_7b_instruct_v0_3_q4_k_m,revision_v1_sha256_hex_005,sha256_hex,train,es_professional_communication_01,professional_communication,es,nonseg_ascii_b16,ascii_b16,ascii_b16,16,False,1,,none,none,0,,,,,saved_token_ids,unmodified,none,payload_fidelity_v2,payload_aware_result_v2,1,1,original_serialized_payload_bytes_sha256_v1,1,512,256,512,4.0,2.0,4.0,2.0,128,0,128,-4.43474826029399,
2.0,8e1e720f86da3c4454554b09665c1e7208eb9e8ef12fd1e6d70354ce4e542c31,secondary_supplementary_multilingual_v2_payload_fidelity_after_manifest_freeze,secondary_supplementary,multilingual_v2_secondary,rankcloak_trial,revision_v1_multilingual_v2_payload_fidelity_v2__92aa8b9ebe5d654b3663,revision_v1_multilingual_v2_payload_fidelity_v2__92aa8b9ebe5d654b3663,,,,,,mistral_7b_instruct_v0_3_q4_k_m,mistral_7b_instruct_v0_3_q4_k_m,revision_v1_sha256_hex_005,sha256_hex,train,zh_hans_professional_communication_01,professional_communication,zh_hans,direct_subword_calgacus,direct_subword,direct_subword,,False,1,,none,none,0,,,,,saved_token_ids,unmodified,none,payload_fidelity_v2,payload_aware_result_v2,1,1,original_serialized_payload_bytes_sha256_v1,1,,256,512,,4.491228070175438,8.982456140350877,4.491228070175438,57,0,57,-5.497466026513036,
2.0,8e1e720f86da3c4454554b09665c1e7208eb9e8ef12fd1e6d70354ce4e542c31,secondary_supplementary_multilingual_v2_payload_fidelity_after_manifest_freeze,secondary_supplementary,multilingual_v2_secondary,rankcloak_trial,revision_v1_multilingual_v2_payload_fidelity_v2__0bbdfdb72d16b8253766,revision_v1_multilingual_v2_payload_fidelity_v2__0bbdfdb72d16b8253766,,,,,,mistral_7b_instruct_v0_3_q4_k_m,mistral_7b_instruct_v0_3_q4_k_m,revision_v1_sha256_hex_005,sha256_hex,train,zh_hans_professional_communication_01,professional_communication,zh_hans,nonseg_ascii_b16,ascii_b16,ascii_b16,16,False,1,,none,none,0,,,,,saved_token_ids,unmodified,none,payload_fidelity_v2,payload_aware_result_v2,1,1,original_serialized_payload_bytes_sha256_v1,1,512,256,512,4.0,2.0,4.0,2.0,128,0,128,-4.406686332976413,
2.0,8e1e720f86da3c4454554b09665c1e7208eb9e8ef12fd1e6d70354ce4e542c31,secondary_supplementary_multilingual_v2_payload_fidelity_after_manifest_freeze,secondary_supplementary,multilingual_v2_secondary,rankcloak_trial,revision_v1_multilingual_v2_payload_fidelity_v2__5b068b62a06fa220fca4,revision_v1_multilingual_v2_payload_fidelity_v2__5b068b62a06fa220fca4,,,,,,mistral_7b_instruct_v0_3_q4_k_m,mistral_7b_instruct_v0_3_q4_k_m,revision_v1_hmac_sha256_hex_000,hmac_sha256_hex,train,es_recipe_procedure_01,recipe_procedure,es,direct_subword_calgacus,direct_subword,direct_subword,,False,1,,none,none,0,,,,,saved_token_ids,unmodified,none,payload_fidelity_v2,payload_aware_result_v2,1,1,original_serialized_payload_bytes_sha256_v1,1,,256,512,,4.571428571428571,9.142857142857142,4.571428571428571,56,0,56,-4.651307493546887,
2.0,8e1e720f86da3c4454554b09665c1e7208eb9e8ef12fd1e6d70354ce4e542c31,secondary_supplementary_multilingual_v2_payload_fidelity_after_manifest_freeze,secondary_supplementary,multilingual_v2_secondary,rankcloak_trial,revision_v1_multilingual_v2_payload_fidelity_v2__11f624a4f67c026fc4e1,revision_v1_multilingual_v2_payload_fidelity_v2__11f624a4f67c026fc4e1,,,,,,mistral_7b_instruct_v0_3_q4_k_m,mistral_7b_instruct_v0_3_q4_k_m,revision_v1_hmac_sha256_hex_000,hmac_sha256_hex,train,es_recipe_procedure_01,recipe_procedure,es,nonseg_ascii_b16,ascii_b16,ascii_b16,16,False,1,,none,none,0,,,,,saved_token_ids,unmodified,none,payload_fidelity_v2,payload_aware_result_v2,1,1,original_serialized_payload_bytes_sha256_v1,1,512,256,512,4.0,2.0,4.0,2.0,128,0,128,-4.0933011753171655,
2.0,8e1e720f86da3c4454554b09665c1e7208eb9e8ef12fd1e6d70354ce4e542c31,secondary_supplementary_multilingual_v2_payload_fidelity_after_manifest_freeze,secondary_supplementary,multilingual_v2_secondary,rankcloak_trial,revision_v1_multilingual_v2_payload_fidelity_v2__75dd2a51c26111125a32,revision_v1_multilingual_v2_payload_fidelity_v2__75dd2a51c26111125a32,,,,,,mistral_7b_instruct_v0_3_q4_k_m,mistral_7b_instruct_v0_3_q4_k_m,revision_v1_hmac_sha256_hex_000,hmac_sha256_hex,train,zh_hans_recipe_procedure_01,recipe_procedure,zh_hans,direct_subword_calgacus,direct_subword,direct_subword,,False,1,,none,none,0,,,,,saved_token_ids,unmodified,none,payload_fidelity_v2,payload_aware_result_v2,1,1,original_serialized_payload_bytes_sha256_v1,1,,256,512,,4.571428571428571,9.142857142857142,4.571428571428571,56,0,56,-5.520865163836199,
2.0,8e1e720f86da3c4454554b09665c1e7208eb9e8ef12fd1e6d70354ce4e542c31,secondary_supplementary_multilingual_v2_payload_fidelity_after_manifest_freeze,secondary_supplementary,multilingual_v2_secondary,rankcloak_trial,revision_v1_multilingual_v2_payload_fidelity_v2__d974ce4de7976e10bf67,revision_v1_multilingual_v2_payload_fidelity_v2__d974ce4de7976e10bf67,,,,,,mistral_7b_instruct_v0_3_q4_k_m,mistral_7b_instruct_v0_3_q4_k_m,revision_v1_hmac_sha256_hex_000,hmac_sha256_hex,train,zh_hans_recipe_procedure_01,recipe_procedure,zh_hans,nonseg_ascii_b16,ascii_b16,ascii_b16,16,False,1,,none,none,0,,,,,saved_token_ids,unmodified,none,payload_fidelity_v2,payload_aware_result_v2,1,1,original_serialized_payload_bytes_sha256_v1,1,512,256,512,4.0,2.0,4.0,2.0,128,0,128,-4.194506288520424,
2.0,8e1e720f86da3c4454554b09665c1e7208eb9e8ef12fd1e6d70354ce4e542c31,secondary_supplementary_multilingual_v2_payload_fidelity_after_manifest_freeze,secondary_supplementary,multilingual_v2_secondary,rankcloak_trial,revision_v1_multilingual_v2_payload_fidelity_v2__a2f8ad9e29bf1d2024f9,revision_v1_multilingual_v2_payload_fidelity_v2__a2f8ad9e29bf1d2024f9,,,,,,mistral_7b_instruct_v0_3_q4_k_m,mistral_7b_instruct_v0_3_q4_k_m,revision_v1_hmac_sha256_hex_001,hmac_sha256_hex,train,es_personal_narrative_blog_01,personal_narrative_blog,es,direct_subword_calgacus,direct_subword,direct_subword,,False,1,,none,none,0,,,,,saved_token_ids,unmodified,none,payload_fidelity_v2,payload_aware_result_v2,1,1,original_serialized_payload_bytes_sha256_v1,1,,256,512,,4.338983050847458,8.677966101694915,4.338983050847458,59,0,59,-4.8196365016929485,
2.0,8e1e720f86da3c4454554b09665c1e7208eb9e8ef12fd1e6d70354ce4e542c31,secondary_supplementary_multilingual_v2_payload_fidelity_after_manifest_freeze,secondary_supplementary,multilingual_v2_secondary,rankcloak_trial,revision_v1_multilingual_v2_payload_fidelity_v2__1c23d7be2d2e8dfa5648,revision_v1_multilingual_v2_payload_fidelity_v2__1c23d7be2d2e8dfa5648,,,,,,mistral_7b_instruct_v0_3_q4_k_m,mistral_7b_instruct_v0_3_q4_k_m,revision_v1_hmac_sha256_hex_001,hmac_sha256_hex,train,es_personal_narrative_blog_01,personal_narrative_blog,es,nonseg_ascii_b16,ascii_b16,ascii_b16,16,False,1,,none,none,0,,,,,saved_token_ids,unmodified,none,payload_fidelity_v2,payload_aware_result_v2,1,1,original_serialized_payload_bytes_sha256_v1,1,512,256,512,4.0,2.0,4.0,2.0,128,0,128,-3.933996651460697,
2.0,8e1e720f86da3c4454554b09665c1e7208eb9e8ef12fd1e6d70354ce4e542c31,secondary_supplementary_multilingual_v2_payload_fidelity_after_manifest_freeze,secondary_supplementary,multilingual_v2_secondary,rankcloak_trial,revision_v1_multilingual_v2_payload_fidelity_v2__95aff9b0d8910cc5f6a8,revision_v1_multilingual_v2_payload_fidelity_v2__95aff9b0d8910cc5f6a8,,,,,,mistral_7b_instruct_v0_3_q4_k_m,mistral_7b_instruct_v0_3_q4_k_m,revision_v1_hmac_sha256_hex_001,hmac_sha256_hex,train,zh_hans_personal_narrative_blog_01,personal_narrative_blog,zh_hans,direct_subword_calgacus,direct_subword,direct_subword,,False,1,,none,none,0,,,,,saved_token_ids,unmodified,none,payload_fidelity_v2,payload_aware_result_v2,1,1,original_serialized_payload_bytes_sha256_v1,1,,256,512,,4.338983050847458,8.677966101694915,4.338983050847458,59,0,59,-4.794557466363994,
2.0,8e1e720f86da3c4454554b09665c1e7208eb9e8ef12fd1e6d70354ce4e542c31,secondary_supplementary_multilingual_v2_payload_fidelity_after_manifest_freeze,secondary_supplementary,multilingual_v2_secondary,rankcloak_trial,revision_v1_multilingual_v2_payload_fidelity_v2__bfc1f7447e519cfe118b,revision_v1_multilingual_v2_payload_fidelity_v2__bfc1f7447e519cfe118b,,,,,,mistral_7b_instruct_v0_3_q4_k_m,mistral_7b_instruct_v0_3_q4_k_m,revision_v1_hmac_sha256_hex_001,hmac_sha256_hex,train,zh_hans_personal_narrative_blog_01,personal_narrative_blog,zh_hans,nonseg_ascii_b16,ascii_b16,ascii_b16,16,False,1,,none,none,0,,,,,saved_token_ids,unmodified,none,payload_fidelity_v2,payload_aware_result_v2,1,1,original_serialized_payload_bytes_sha256_v1,1,512,256,512,4.0,2.0,4.0,2.0,128,0,128,-3.518171800023792,
2.0,8e1e720f86da3c4454554b09665c1e7208eb9e8ef12fd1e6d70354ce4e542c31,secondary_supplementary_multilingual_v2_payload_fidelity_after_manifest_freeze,secondary_supplementary,multilingual_v2_secondary,rankcloak_trial,revision_v1_multilingual_v2_payload_fidelity_v2__0b2d9fd38c1a5e6581cf,revision_v1_multilingual_v2_payload_fidelity_v2__0b2d9fd38c1a5e6581cf,,,,,,mistral_7b_instruct_v0_3_q4_k_m,mistral_7b_instruct_v0_3_q4_k_m,revision_v1_hmac_sha256_hex_002,hmac_sha256_hex,train,es_factual_explanatory_01,factual_explanatory,es,direct_subword_calgacus,direct_subword,direct_subword,,False,1,,none,none,0,,,,,saved_token_ids,unmodified,none,payload_fidelity_v2,payload_aware_result_v2,1,1,original_serialized_payload_bytes_sha256_v1,1,,256,512,,4.413793103448276,8.827586206896552,4.413793103448276,58,0,58,-4.3794958768977885,
2.0,8e1e720f86da3c4454554b09665c1e7208eb9e8ef12fd1e6d70354ce4e542c31,secondary_supplementary_multilingual_v2_payload_fidelity_after_manifest_freeze,secondary_supplementary,multilingual_v2_secondary,rankcloak_trial,revision_v1_multilingual_v2_payload_fidelity_v2__ee9a078ab6aa9a690728,revision_v1_multilingual_v2_payload_fidelity_v2__ee9a078ab6aa9a690728,,,,,,mistral_7b_instruct_v0_3_q4_k_m,mistral_7b_instruct_v0_3_q4_k_m,revision_v1_hmac_sha256_hex_002,hmac_sha256_hex,train,es_factual_explanatory_01,factual_explanatory,es,nonseg_ascii_b16,ascii_b16,ascii_b16,16,False,1,,none,none,0,,,,,saved_token_ids,unmodified,none,payload_fidelity_v2,payload_aware_result_v2,1,1,original_serialized_payload_bytes_sha256_v1,1,512,256,512,4.0,2.0,4.0,2.0,128,0,128,-4.225275529249852,
2.0,8e1e720f86da3c4454554b09665c1e7208eb9e8ef12fd1e6d70354ce4e542c31,secondary_supplementary_multilingual_v2_payload_fidelity_after_manifest_freeze,secondary_supplementary,multilingual_v2_secondary,rankcloak_trial,revision_v1_multilingual_v2_payload_fidelity_v2__b452a156c32456e56e11,revision_v1_multilingual_v2_payload_fidelity_v2__b452a156c32456e56e11,,,,,,mistral_7b_instruct_v0_3_q4_k_m,mistral_7b_instruct_v0_3_q4_k_m,revision_v1_hmac_sha256_hex_002,hmac_sha256_hex,train,zh_hans_factual_explanatory_01,factual_explanatory,zh_hans,direct_subword_calgacus,direct_subword,direct_subword,,False,1,,none,none,0,,,,,saved_token_ids,unmodified,none,payload_fidelity_v2,payload_aware_result_v2,1,1,original_serialized_payload_bytes_sha256_v1,1,,256,512,,4.413793103448276,8.827586206896552,4.413793103448276,58,0,58,-4.152834429260695,
2.0,8e1e720f86da3c4454554b09665c1e7208eb9e8ef12fd1e6d70354ce4e542c31,secondary_supplementary_multilingual_v2_payload_fidelity_after_manifest_freeze,secondary_supplementary,multilingual_v2_secondary,rankcloak_trial,revision_v1_multilingual_v2_payload_fidelity_v2__ccf4d2c6f1824971241e,revision_v1_multilingual_v2_payload_fidelity_v2__ccf4d2c6f1824971241e,,,,,,mistral_7b_instruct_v0_3_q4_k_m,mistral_7b_instruct_v0_3_q4_k_m,revision_v1_hmac_sha256_hex_002,hmac_sha256_hex,train,zh_hans_factual_explanatory_01,factual_explanatory,zh_hans,nonseg_ascii_b16,ascii_b16,ascii_b16,16,False,1,,none,none,0,,,,,saved_token_ids,unmodified,none,payload_fidelity_v2,payload_aware_result_v2,1,1,original_serialized_payload_bytes_sha256_v1,1,512,256,512,4.0,2.0,4.0,2.0,128,0,128,-4.122613665145787,
2.0,8e1e720f86da3c4454554b09665c1e7208eb9e8ef12fd1e6d70354ce4e542c31,secondary_supplementary_multilingual_v2_payload_fidelity_after_manifest_freeze,secondary_supplementary,multilingual_v2_secondary,rankcloak_trial,revision_v1_multilingual_v2_payload_fidelity_v2__9063e415acd3ad3183c5,revision_v1_multilingual_v2_payload_fidelity_v2__9063e415acd3ad3183c5,,,,,,mistral_7b_instruct_v0_3_q4_k_m,mistral_7b_instruct_v0_3_q4_k_m,revision_v1_hmac_sha256_hex_003,hmac_sha256_hex,train,es_casual_conversation_01,casual_conversation,es,direct_subword_calgacus,direct_subword,direct_subword,,False,1,,none,none,0,,,,,saved_token_ids,unmodified,none,payload_fidelity_v2,payload_aware_result_v2,1,1,original_serialized_payload_bytes_sha256_v1,1,,256,512,,4.413793103448276,8.827586206896552,4.413793103448276,58,0,58,-4.400632468230583,
2.0,8e1e720f86da3c4454554b09665c1e7208eb9e8ef12fd1e6d70354ce4e542c31,secondary_supplementary_multilingual_v2_payload_fidelity_after_manifest_freeze,secondary_supplementary,multilingual_v2_secondary,rankcloak_trial,revision_v1_multilingual_v2_payload_fidelity_v2__5d246f07d70e1f010428,revision_v1_multilingual_v2_payload_fidelity_v2__5d246f07d70e1f010428,,,,,,mistral_7b_instruct_v0_3_q4_k_m,mistral_7b_instruct_v0_3_q4_k_m,revision_v1_hmac_sha256_hex_003,hmac_sha256_hex,train,es_casual_conversation_01,casual_conversation,es,nonseg_ascii_b16,ascii_b16,ascii_b16,16,False,1,,none,none,0,,,,,saved_token_ids,unmodified,none,payload_fidelity_v2,payload_aware_result_v2,1,1,original_serialized_payload_bytes_sha256_v1,1,512,256,512,4.0,2.0,4.0,2.0,128,0,128,-3.9830444753863867,
2.0,8e1e720f86da3c4454554b09665c1e7208eb9e8ef12fd1e6d70354ce4e542c31,secondary_supplementary_multilingual_v2_payload_fidelity_after_manifest_freeze,secondary_supplementary,multilingual_v2_secondary,rankcloak_trial,revision_v1_multilingual_v2_payload_fidelity_v2__8c78598fcb13b7c7e6db,revision_v1_multilingual_v2_payload_fidelity_v2__8c78598fcb13b7c7e6db,,,,,,mistral_7b_instruct_v0_3_q4_k_m,mistral_7b_instruct_v0_3_q4_k_m,revision_v1_hmac_sha256_hex_003,hmac_sha256_hex,train,zh_hans_casual_conversation_01,casual_conversation,zh_hans,direct_subword_calgacus,direct_subword,direct_subword,,False,1,,none,none,0,,,,,saved_token_ids,unmodified,none,payload_fidelity_v2,payload_aware_result_v2,1,1,original_serialized_payload_bytes_sha256_v1,1,,256,512,,4.413793103448276,8.827586206896552,4.413793103448276,58,0,58,-4.619633966484665,
2.0,8e1e720f86da3c4454554b09665c1e7208eb9e8ef12fd1e6d70354ce4e542c31,secondary_supplementary_multilingual_v2_payload_fidelity_after_manifest_freeze,secondary_supplementary,multilingual_v2_secondary,rankcloak_trial,revision_v1_multilingual_v2_payload_fidelity_v2__a09d2ae90eb53ce701c9,revision_v1_multilingual_v2_payload_fidelity_v2__a09d2ae90eb53ce701c9,,,,,,mistral_7b_instruct_v0_3_q4_k_m,mistral_7b_instruct_v0_3_q4_k_m,revision_v1_hmac_sha256_hex_003,hmac_sha256_hex,train,zh_hans_casual_conversation_01,casual_conversation,zh_hans,nonseg_ascii_b16,ascii_b16,ascii_b16,16,False,1,,none,none,0,,,,,saved_token_ids,unmodified,none,payload_fidelity_v2,payload_aware_result_v2,1,1,original_serialized_payload_bytes_sha256_v1,1,512,256,512,4.0,2.0,4.0,2.0,128,0,128,-3.98019268107904,
2.0,8e1e720f86da3c4454554b09665c1e7208eb9e8ef12fd1e6d70354ce4e542c31,secondary_supplementary_multilingual_v2_payload_fidelity_after_manifest_freeze,secondary_supplementary,multilingual_v2_secondary,rankcloak_trial,revision_v1_multilingual_v2_payload_fidelity_v2__8a5e0e756f0b21cd6485,revision_v1_multilingual_v2_payload_fidelity_v2__8a5e0e756f0b21cd6485,,,,,,mistral_7b_instruct_v0_3_q4_k_m,mistral_7b_instruct_v0_3_q4_k_m,revision_v1_hmac_sha256_hex_004,hmac_sha256_hex,train,es_professional_communication_01,professional_communication,es,direct_subword_calgacus,direct_subword,direct_subword,,False,1,,none,none,0,,,,,saved_token_ids,unmodified,none,payload_fidelity_v2,payload_aware_result_v2,1,1,original_serialized_payload_bytes_sha256_v1,1,,256,512,,4.654545454545454,9.309090909090909,4.654545454545454,55,0,55,-5.457203029354204,
2.0,8e1e720f86da3c4454554b09665c1e7208eb9e8ef12fd1e6d70354ce4e542c31,secondary_supplementary_multilingual_v2_payload_fidelity_after_manifest_freeze,secondary_supplementary,multilingual_v2_secondary,rankcloak_trial,revision_v1_multilingual_v2_payload_fidelity_v2__a8a0d475997dafccc678,revision_v1_multilingual_v2_payload_fidelity_v2__a8a0d475997dafccc678,,,,,,mistral_7b_instruct_v0_3_q4_k_m,mistral_7b_instruct_v0_3_q4_k_m,revision_v1_hmac_sha256_hex_004,hmac_sha256_hex,train,es_professional_communication_01,professional_communication,es,nonseg_ascii_b16,ascii_b16,ascii_b16,16,False,1,,none,none,0,,,,,saved_token_ids,unmodified,none,payload_fidelity_v2,payload_aware_result_v2,1,1,original_serialized_payload_bytes_sha256_v1,1,512,256,512,4.0,2.0,4.0,2.0,128,0,128,-3.999705711472438,
2.0,8e1e720f86da3c4454554b09665c1e7208eb9e8ef12fd1e6d70354ce4e542c31,secondary_supplementary_multilingual_v2_payload_fidelity_after_manifest_freeze,secondary_supplementary,multilingual_v2_secondary,rankcloak_trial,revision_v1_multilingual_v2_payload_fidelity_v2__8c55af44f48f0a4a609c,revision_v1_multilingual_v2_payload_fidelity_v2__8c55af44f48f0a4a609c,,,,,,mistral_7b_instruct_v0_3_q4_k_m,mistral_7b_instruct_v0_3_q4_k_m,revision_v1_hmac_sha256_hex_004,hmac_sha256_hex,train,zh_hans_professional_communication_01,professional_communication,zh_hans,direct_subword_calgacus,direct_subword,direct_subword,,False,1,,none,none,0,,,,,saved_token_ids,unmodified,none,payload_fidelity_v2,payload_aware_result_v2,1,1,original_serialized_payload_bytes_sha256_v1,1,,256,512,,4.654545454545454,9.309090909090909,4.654545454545454,55,0,55,-5.349581598566294,
2.0,8e1e720f86da3c4454554b09665c1e7208eb9e8ef12fd1e6d70354ce4e542c31,secondary_supplementary_multilingual_v2_payload_fidelity_after_manifest_freeze,secondary_supplementary,multilingual_v2_secondary,rankcloak_trial,revision_v1_multilingual_v2_payload_fidelity_v2__4f72f94887892d1ac0a4,revision_v1_multilingual_v2_payload_fidelity_v2__4f72f94887892d1ac0a4,,,,,,mistral_7b_instruct_v0_3_q4_k_m,mistral_7b_instruct_v0_3_q4_k_m,revision_v1_hmac_sha256_hex_004,hmac_sha256_hex,train,zh_hans_professional_communication_01,professional_communication,zh_hans,nonseg_ascii_b16,ascii_b16,ascii_b16,16,False,1,,none,none,0,,,,,saved_token_ids,unmodified,none,payload_fidelity_v2,payload_aware_result_v2,1,1,original_serialized_payload_bytes_sha256_v1,1,512,256,512,4.0,2.0,4.0,2.0,128,0,128,-4.44207959752379,
2.0,8e1e720f86da3c4454554b09665c1e7208eb9e8ef12fd1e6d70354ce4e542c31,secondary_supplementary_multilingual_v2_payload_fidelity_after_manifest_freeze,secondary_supplementary,multilingual_v2_secondary,rankcloak_trial,revision_v1_multilingual_v2_payload_fidelity_v2__c6b5527029bfd05f71cf,revision_v1_multilingual_v2_payload_fidelity_v2__c6b5527029bfd05f71cf,,,,,,mistral_7b_instruct_v0_3_q4_k_m,mistral_7b_instruct_v0_3_q4_k_m,revision_v1_hmac_sha256_hex_005,hmac_sha256_hex,train,es_forum_question_answer_01,forum_question_answer,es,direct_subword_calgacus,direct_subword,direct_subword,,False,1,,none,none,0,,,,,saved_token_ids,unmodified,none,payload_fidelity_v2,payload_aware_result_v2,1,1,original_serialized_payload_bytes_sha256_v1,1,,256,512,,4.19672131147541,8.39344262295082,4.19672131147541,61,0,61,-5.14897553304581,
2.0,8e1e720f86da3c4454554b09665c1e7208eb9e8ef12fd1e6d70354ce4e542c31,secondary_supplementary_multilingual_v2_payload_fidelity_after_manifest_freeze,secondary_supplementary,multilingual_v2_secondary,rankcloak_trial,revision_v1_multilingual_v2_payload_fidelity_v2__014dc778830b941acf0d,revision_v1_multilingual_v2_payload_fidelity_v2__014dc778830b941acf0d,,,,,,mistral_7b_instruct_v0_3_q4_k_m,mistral_7b_instruct_v0_3_q4_k_m,revision_v1_hmac_sha256_hex_005,hmac_sha256_hex,train,es_forum_question_answer_01,forum_question_answer,es,nonseg_ascii_b16,ascii_b16,ascii_b16,16,False,1,,none,none,0,,,,,saved_token_ids,unmodified,none,payload_fidelity_v2,payload_aware_result_v2,1,1,original_serialized_payload_bytes_sha256_v1,1,512,256,512,4.0,2.0,4.0,2.0,128,0,128,-3.973326785109673,
2.0,8e1e720f86da3c4454554b09665c1e7208eb9e8ef12fd1e6d70354ce4e542c31,secondary_supplementary_multilingual_v2_payload_fidelity_after_manifest_freeze,secondary_supplementary,multilingual_v2_secondary,rankcloak_trial,revision_v1_multilingual_v2_payload_fidelity_v2__49c748cada3641291e3f,revision_v1_multilingual_v2_payload_fidelity_v2__49c748cada3641291e3f,,,,,,mistral_7b_instruct_v0_3_q4_k_m,mistral_7b_instruct_v0_3_q4_k_m,revision_v1_hmac_sha256_hex_005,hmac_sha256_hex,train,zh_hans_forum_question_answer_01,forum_question_answer,zh_hans,direct_subword_calgacus,direct_subword,direct_subword,,False,1,,none,none,0,,,,,saved_token_ids,unmodified,none,payload_fidelity_v2,payload_aware_result_v2,1,1,original_serialized_payload_bytes_sha256_v1,1,,256,512,,4.19672131147541,8.39344262295082,4.19672131147541,61,0,61,-5.021714037822327,
2.0,8e1e720f86da3c4454554b09665c1e7208eb9e8ef12fd1e6d70354ce4e542c31,secondary_supplementary_multilingual_v2_payload_fidelity_after_manifest_freeze,secondary_supplementary,multilingual_v2_secondary,rankcloak_trial,revision_v1_multilingual_v2_payload_fidelity_v2__a2c125e34243a2ab8f73,revision_v1_multilingual_v2_payload_fidelity_v2__a2c125e34243a2ab8f73,,,,,,mistral_7b_instruct_v0_3_q4_k_m,mistral_7b_instruct_v0_3_q4_k_m,revision_v1_hmac_sha256_hex_005,hmac_sha256_hex,train,zh_hans_forum_question_answer_01,forum_question_answer,zh_hans,nonseg_ascii_b16,ascii_b16,ascii_b16,16,False,1,,none,none,0,,,,,saved_token_ids,unmodified,none,payload_fidelity_v2,payload_aware_result_v2,1,1,original_serialized_payload_bytes_sha256_v1,1,512,256,512,4.0,2.0,4.0,2.0,128,0,128,-4.128447558792624,
2.0,8e1e720f86da3c4454554b09665c1e7208eb9e8ef12fd1e6d70354ce4e542c31,secondary_supplementary_multilingual_v2_payload_fidelity_after_manifest_freeze,secondary_supplementary,multilingual_v2_secondary,rankcloak_trial,revision_v1_multilingual_v2_payload_fidelity_v2__1ca92e05a14c6b68bd53,revision_v1_multilingual_v2_payload_fidelity_v2__1ca92e05a14c6b68bd53,,,,,,mistral_7b_instruct_v0_3_q4_k_m,mistral_7b_instruct_v0_3_q4_k_m,revision_v1_nonce_96_bit_hex_000,nonce_96_bit_hex,train,es_personal_narrative_blog_01,personal_narrative_blog,es,direct_subword_calgacus,direct_subword,direct_subword,,False,1,,none,none,0,,,,,saved_token_ids,unmodified,none,payload_fidelity_v2,payload_aware_result_v2,1,1,original_serialized_payload_bytes_sha256_v1,1,,96,192,,4.8,9.6,4.8,20,0,20,-5.32091296173073,
2.0,8e1e720f86da3c4454554b09665c1e7208eb9e8ef12fd1e6d70354ce4e542c31,secondary_supplementary_multilingual_v2_payload_fidelity_after_manifest_freeze,secondary_supplementary,multilingual_v2_secondary,rankcloak_trial,revision_v1_multilingual_v2_payload_fidelity_v2__9d03da93a1986e49c59e,revision_v1_multilingual_v2_payload_fidelity_v2__9d03da93a1986e49c59e,,,,,,mistral_7b_instruct_v0_3_q4_k_m,mistral_7b_instruct_v0_3_q4_k_m,revision_v1_nonce_96_bit_hex_000,nonce_96_bit_hex,train,es_personal_narrative_blog_01,personal_narrative_blog,es,nonseg_ascii_b16,ascii_b16,ascii_b16,16,False,1,,none,none,0,,,,,saved_token_ids,unmodified,none,payload_fidelity_v2,payload_aware_result_v2,1,1,original_serialized_payload_bytes_sha256_v1,1,192,96,192,4.0,2.0,4.0,2.0,48,0,48,-4.365489509657933,
2.0,8e1e720f86da3c4454554b09665c1e7208eb9e8ef12fd1e6d70354ce4e542c31,secondary_supplementary_multilingual_v2_payload_fidelity_after_manifest_freeze,secondary_supplementary,multilingual_v2_secondary,rankcloak_trial,revision_v1_multilingual_v2_payload_fidelity_v2__0d487e9d97079b68f584,revision_v1_multilingual_v2_payload_fidelity_v2__0d487e9d97079b68f584,,,,,,mistral_7b_instruct_v0_3_q4_k_m,mistral_7b_instruct_v0_3_q4_k_m,revision_v1_nonce_96_bit_hex_000,nonce_96_bit_hex,train,zh_hans_personal_narrative_blog_01,personal_narrative_blog,zh_hans,direct_subword_calgacus,direct_subword,direct_subword,,False,1,,none,none,0,,,,,saved_token_ids,unmodified,none,payload_fidelity_v2,payload_aware_result_v2,1,1,original_serialized_payload_bytes_sha256_v1,1,,96,192,,4.8,9.6,4.8,20,0,20,-4.608227867507212,
2.0,8e1e720f86da3c4454554b09665c1e7208eb9e8ef12fd1e6d70354ce4e542c31,secondary_supplementary_multilingual_v2_payload_fidelity_after_manifest_freeze,secondary_supplementary,multilingual_v2_secondary,rankcloak_trial,revision_v1_multilingual_v2_payload_fidelity_v2__3b96d2270c6d3037d474,revision_v1_multilingual_v2_payload_fidelity_v2__3b96d2270c6d3037d474,,,,,,mistral_7b_instruct_v0_3_q4_k_m,mistral_7b_instruct_v0_3_q4_k_m,revision_v1_nonce_96_bit_hex_000,nonce_96_bit_hex,train,zh_hans_personal_narrative_blog_01,personal_narrative_blog,zh_hans,nonseg_ascii_b16,ascii_b16,ascii_b16,16,False,1,,none,none,0,,,,,saved_token_ids,unmodified,none,payload_fidelity_v2,payload_aware_result_v2,1,1,original_serialized_payload_bytes_sha256_v1,1,192,96,192,4.0,2.0,4.0,2.0,48,0,48,-4.261976964953938,
2.0,8e1e720f86da3c4454554b09665c1e7208eb9e8ef12fd1e6d70354ce4e542c31,secondary_supplementary_multilingual_v2_payload_fidelity_after_manifest_freeze,secondary_supplementary,multilingual_v2_secondary,rankcloak_trial,revision_v1_multilingual_v2_payload_fidelity_v2__cd1289ed14ed54eaf7bb,revision_v1_multilingual_v2_payload_fidelity_v2__cd1289ed14ed54eaf7bb,,,,,,mistral_7b_instruct_v0_3_q4_k_m,mistral_7b_instruct_v0_3_q4_k_m,revision_v1_nonce_96_bit_hex_001,nonce_96_bit_hex,train,es_factual_explanatory_01,factual_explanatory,es,direct_subword_calgacus,direct_subword,direct_subword,,False,1,,none,none,0,,,,,saved_token_ids,unmodified,none,payload_fidelity_v2,payload_aware_result_v2,1,1,original_serialized_payload_bytes_sha256_v1,1,,96,192,,4.0,8.0,4.0,24,0,24,-4.9168906936372725,
2.0,8e1e720f86da3c4454554b09665c1e7208eb9e8ef12fd1e6d70354ce4e542c31,secondary_supplementary_multilingual_v2_payload_fidelity_after_manifest_freeze,secondary_supplementary,multilingual_v2_secondary,rankcloak_trial,revision_v1_multilingual_v2_payload_fidelity_v2__5f0327f21492e548ab55,revision_v1_multilingual_v2_payload_fidelity_v2__5f0327f21492e548ab55,,,,,,mistral_7b_instruct_v0_3_q4_k_m,mistral_7b_instruct_v0_3_q4_k_m,revision_v1_nonce_96_bit_hex_001,nonce_96_bit_hex,train,es_factual_explanatory_01,factual_explanatory,es,nonseg_ascii_b16,ascii_b16,ascii_b16,16,False,1,,none,none,0,,,,,saved_token_ids,unmodified,none,payload_fidelity_v2,payload_aware_result_v2,1,1,original_serialized_payload_bytes_sha256_v1,1,192,96,192,4.0,2.0,4.0,2.0,48,0,48,-4.221326698098047,
2.0,8e1e720f86da3c4454554b09665c1e7208eb9e8ef12fd1e6d70354ce4e542c31,secondary_supplementary_multilingual_v2_payload_fidelity_after_manifest_freeze,secondary_supplementary,multilingual_v2_secondary,rankcloak_trial,revision_v1_multilingual_v2_payload_fidelity_v2__87c0dc0fe4bfe01d2141,revision_v1_multilingual_v2_payload_fidelity_v2__87c0dc0fe4bfe01d2141,,,,,,mistral_7b_instruct_v0_3_q4_k_m,mistral_7b_instruct_v0_3_q4_k_m,revision_v1_nonce_96_bit_hex_001,nonce_96_bit_hex,train,zh_hans_factual_explanatory_01,factual_explanatory,zh_hans,direct_subword_calgacus,direct_subword,direct_subword,,False,1,,none,none,0,,,,,saved_token_ids,unmodified,none,payload_fidelity_v2,payload_aware_result_v2,1,1,original_serialized_payload_bytes_sha256_v1,1,,96,192,,4.0,8.0,4.0,24,0,24,-5.7260826598651065,
2.0,8e1e720f86da3c4454554b09665c1e7208eb9e8ef12fd1e6d70354ce4e542c31,secondary_supplementary_multilingual_v2_payload_fidelity_after_manifest_freeze,secondary_supplementary,multilingual_v2_secondary,rankcloak_trial,revision_v1_multilingual_v2_payload_fidelity_v2__490f58c6ad3e40c72ccf,revision_v1_multilingual_v2_payload_fidelity_v2__490f58c6ad3e40c72ccf,,,,,,mistral_7b_instruct_v0_3_q4_k_m,mistral_7b_instruct_v0_3_q4_k_m,revision_v1_nonce_96_bit_hex_001,nonce_96_bit_hex,train,zh_hans_factual_explanatory_01,factual_explanatory,zh_hans,nonseg_ascii_b16,ascii_b16,ascii_b16,16,False,1,,none,none,0,,,,,saved_token_ids,unmodified,none,payload_fidelity_v2,payload_aware_result_v2,1,1,original_serialized_payload_bytes_sha256_v1,1,192,96,192,4.0,2.0,4.0,2.0,48,0,48,-4.2015145158360445,
2.0,8e1e720f86da3c4454554b09665c1e7208eb9e8ef12fd1e6d70354ce4e542c31,secondary_supplementary_multilingual_v2_payload_fidelity_after_manifest_freeze,secondary_supplementary,multilingual_v2_secondary,rankcloak_trial,revision_v1_multilingual_v2_payload_fidelity_v2__c1d7e3875427f29abd3c,revision_v1_multilingual_v2_payload_fidelity_v2__c1d7e3875427f29abd3c,,,,,,mistral_7b_instruct_v0_3_q4_k_m,mistral_7b_instruct_v0_3_q4_k_m,revision_v1_nonce_96_bit_hex_002,nonce_96_bit_hex,train,es_casual_conversation_01,casual_conversation,es,direct_subword_calgacus,direct_subword,direct_subword,,False,1,,none,none,0,,,,,saved_token_ids,unmodified,none,payload_fidelity_v2,payload_aware_result_v2,1,1,original_serialized_payload_bytes_sha256_v1,1,,96,192,,4.571428571428571,9.142857142857142,4.571428571428571,21,0,21,-6.111474657422372,
2.0,8e1e720f86da3c4454554b09665c1e7208eb9e8ef12fd1e6d70354ce4e542c31,secondary_supplementary_multilingual_v2_payload_fidelity_after_manifest_freeze,secondary_supplementary,multilingual_v2_secondary,rankcloak_trial,revision_v1_multilingual_v2_payload_fidelity_v2__1f59e5d7b859286ae9f1,revision_v1_multilingual_v2_payload_fidelity_v2__1f59e5d7b859286ae9f1,,,,,,mistral_7b_instruct_v0_3_q4_k_m,mistral_7b_instruct_v0_3_q4_k_m,revision_v1_nonce_96_bit_hex_002,nonce_96_bit_hex,train,es_casual_conversation_01,casual_conversation,es,nonseg_ascii_b16,ascii_b16,ascii_b16,16,False,1,,none,none,0,,,,,saved_token_ids,unmodified,none,payload_fidelity_v2,payload_aware_result_v2,1,1,original_serialized_payload_bytes_sha256_v1,1,192,96,192,4.0,2.0,4.0,2.0,48,0,48,-4.1361307930514855,
2.0,8e1e720f86da3c4454554b09665c1e7208eb9e8ef12fd1e6d70354ce4e542c31,secondary_supplementary_multilingual_v2_payload_fidelity_after_manifest_freeze,secondary_supplementary,multilingual_v2_secondary,rankcloak_trial,revision_v1_multilingual_v2_payload_fidelity_v2__7c3199866f5c8e235666,revision_v1_multilingual_v2_payload_fidelity_v2__7c3199866f5c8e235666,,,,,,mistral_7b_instruct_v0_3_q4_k_m,mistral_7b_instruct_v0_3_q4_k_m,revision_v1_nonce_96_bit_hex_002,nonce_96_bit_hex,train,zh_hans_casual_conversation_01,casual_conversation,zh_hans,direct_subword_calgacus,direct_subword,direct_subword,,False,1,,none,none,0,,,,,saved_token_ids,unmodified,none,payload_fidelity_v2,payload_aware_result_v2,1,1,original_serialized_payload_bytes_sha256_v1,1,,96,192,,4.571428571428571,9.142857142857142,4.571428571428571,21,0,21,-5.727583883891504,
2.0,8e1e720f86da3c4454554b09665c1e7208eb9e8ef12fd1e6d70354ce4e542c31,secondary_supplementary_multilingual_v2_payload_fidelity_after_manifest_freeze,secondary_supplementary,multilingual_v2_secondary,rankcloak_trial,revision_v1_multilingual_v2_payload_fidelity_v2__9e93aa9c0224c70ab1d1,revision_v1_multilingual_v2_payload_fidelity_v2__9e93aa9c0224c70ab1d1,,,,,,mistral_7b_instruct_v0_3_q4_k_m,mistral_7b_instruct_v0_3_q4_k_m,revision_v1_nonce_96_bit_hex_002,nonce_96_bit_hex,train,zh_hans_casual_conversation_01,casual_conversation,zh_hans,nonseg_ascii_b16,ascii_b16,ascii_b16,16,False,1,,none,none,0,,,,,saved_token_ids,unmodified,none,payload_fidelity_v2,payload_aware_result_v2,1,1,original_serialized_payload_bytes_sha256_v1,1,192,96,192,4.0,2.0,4.0,2.0,48,0,48,-4.152863927795589,
2.0,8e1e720f86da3c4454554b09665c1e7208eb9e8ef12fd1e6d70354ce4e542c31,secondary_supplementary_multilingual_v2_payload_fidelity_after_manifest_freeze,secondary_supplementary,multilingual_v2_secondary,rankcloak_trial,revision_v1_multilingual_v2_payload_fidelity_v2__bc3ae7820149b4fb3c48,revision_v1_multilingual_v2_payload_fidelity_v2__bc3ae7820149b4fb3c48,,,,,,mistral_7b_instruct_v0_3_q4_k_m,mistral_7b_instruct_v0_3_q4_k_m,revision_v1_nonce_96_bit_hex_003,nonce_96_bit_hex,train,es_professional_communication_01,professional_communication,es,direct_subword_calgacus,direct_subword,direct_subword,,False,1,,none,none,0,,,,,saved_token_ids,unmodified,none,payload_fidelity_v2,payload_aware_result_v2,1,1,original_serialized_payload_bytes_sha256_v1,1,,96,192,,4.0,8.0,4.0,24,0,24,-5.431908692977004,
2.0,8e1e720f86da3c4454554b09665c1e7208eb9e8ef12fd1e6d70354ce4e542c31,secondary_supplementary_multilingual_v2_payload_fidelity_after_manifest_freeze,secondary_supplementary,multilingual_v2_secondary,rankcloak_trial,revision_v1_multilingual_v2_payload_fidelity_v2__c230fe48a80893324ed1,revision_v1_multilingual_v2_payload_fidelity_v2__c230fe48a80893324ed1,,,,,,mistral_7b_instruct_v0_3_q4_k_m,mistral_7b_instruct_v0_3_q4_k_m,revision_v1_nonce_96_bit_hex_003,nonce_96_bit_hex,train,es_professional_communication_01,professional_communication,es,nonseg_ascii_b16,ascii_b16,ascii_b16,16,False,1,,none,none,0,,,,,saved_token_ids,unmodified,none,payload_fidelity_v2,payload_aware_result_v2,1,1,original_serialized_payload_bytes_sha256_v1,1,192,96,192,4.0,2.0,4.0,2.0,48,0,48,-4.444325104517815,
2.0,8e1e720f86da3c4454554b09665c1e7208eb9e8ef12fd1e6d70354ce4e542c31,secondary_supplementary_multilingual_v2_payload_fidelity_after_manifest_freeze,secondary_supplementary,multilingual_v2_secondary,rankcloak_trial,revision_v1_multilingual_v2_payload_fidelity_v2__7835137a3076c611fb8f,revision_v1_multilingual_v2_payload_fidelity_v2__7835137a3076c611fb8f,,,,,,mistral_7b_instruct_v0_3_q4_k_m,mistral_7b_instruct_v0_3_q4_k_m,revision_v1_nonce_96_bit_hex_003,nonce_96_bit_hex,train,zh_hans_professional_communication_01,professional_communication,zh_hans,direct_subword_calgacus,direct_subword,direct_subword,,False,1,,none,none,0,,,,,saved_token_ids,unmodified,none,payload_fidelity_v2,payload_aware_result_v2,1,1,original_serialized_payload_bytes_sha256_v1,1,,96,192,,4.0,8.0,4.0,24,0,24,-6.264414299665177,
2.0,8e1e720f86da3c4454554b09665c1e7208eb9e8ef12fd1e6d70354ce4e542c31,secondary_supplementary_multilingual_v2_payload_fidelity_after_manifest_freeze,secondary_supplementary,multilingual_v2_secondary,rankcloak_trial,revision_v1_multilingual_v2_payload_fidelity_v2__14ee6e4e9aa5b7dec16e,revision_v1_multilingual_v2_payload_fidelity_v2__14ee6e4e9aa5b7dec16e,,,,,,mistral_7b_instruct_v0_3_q4_k_m,mistral_7b_instruct_v0_3_q4_k_m,revision_v1_nonce_96_bit_hex_003,nonce_96_bit_hex,train,zh_hans_professional_communication_01,professional_communication,zh_hans,nonseg_ascii_b16,ascii_b16,ascii_b16,16,False,1,,none,none,0,,,,,saved_token_ids,unmodified,none,payload_fidelity_v2,payload_aware_result_v2,1,1,original_serialized_payload_bytes_sha256_v1,1,192,96,192,4.0,2.0,4.0,2.0,48,0,48,-4.6939737117245866,
2.0,8e1e720f86da3c4454554b09665c1e7208eb9e8ef12fd1e6d70354ce4e542c31,secondary_supplementary_multilingual_v2_payload_fidelity_after_manifest_freeze,secondary_supplementary,multilingual_v2_secondary,rankcloak_trial,revision_v1_multilingual_v2_payload_fidelity_v2__5ed4fb8af14bd0d9648f,revision_v1_multilingual_v2_payload_fidelity_v2__5ed4fb8af14bd0d9648f,,,,,,mistral_7b_instruct_v0_3_q4_k_m,mistral_7b_instruct_v0_3_q4_k_m,revision_v1_nonce_96_bit_hex_004,nonce_96_bit_hex,train,es_forum_question_answer_01,forum_question_answer,es,direct_subword_calgacus,direct_subword,direct_subword,,False,1,,none,none,0,,,,,saved_token_ids,unmodified,none,payload_fidelity_v2,payload_aware_result_v2,1,1,original_serialized_payload_bytes_sha256_v1,1,,96,192,,4.363636363636363,8.727272727272727,4.363636363636363,22,0,22,-5.102196439604855,
2.0,8e1e720f86da3c4454554b09665c1e7208eb9e8ef12fd1e6d70354ce4e542c31,secondary_supplementary_multilingual_v2_payload_fidelity_after_manifest_freeze,secondary_supplementary,multilingual_v2_secondary,rankcloak_trial,revision_v1_multilingual_v2_payload_fidelity_v2__b8bfd00993566886fa7c,revision_v1_multilingual_v2_payload_fidelity_v2__b8bfd00993566886fa7c,,,,,,mistral_7b_instruct_v0_3_q4_k_m,mistral_7b_instruct_v0_3_q4_k_m,revision_v1_nonce_96_bit_hex_004,nonce_96_bit_hex,train,es_forum_question_answer_01,forum_question_answer,es,nonseg_ascii_b16,ascii_b16,ascii_b16,16,False,1,,none,none,0,,,,,saved_token_ids,unmodified,none,payload_fidelity_v2,payload_aware_result_v2,1,1,original_serialized_payload_bytes_sha256_v1,1,192,96,192,4.0,2.0,4.0,2.0,48,0,48,-4.623729728392682,
2.0,8e1e720f86da3c4454554b09665c1e7208eb9e8ef12fd1e6d70354ce4e542c31,secondary_supplementary_multilingual_v2_payload_fidelity_after_manifest_freeze,secondary_supplementary,multilingual_v2_secondary,rankcloak_trial,revision_v1_multilingual_v2_payload_fidelity_v2__bd10d3151c3a9e831c98,revision_v1_multilingual_v2_payload_fidelity_v2__bd10d3151c3a9e831c98,,,,,,mistral_7b_instruct_v0_3_q4_k_m,mistral_7b_instruct_v0_3_q4_k_m,revision_v1_nonce_96_bit_hex_004,nonce_96_bit_hex,train,zh_hans_forum_question_answer_01,forum_question_answer,zh_hans,direct_subword_calgacus,direct_subword,direct_subword,,False,1,,none,none,0,,,,,saved_token_ids,unmodified,none,payload_fidelity_v2,payload_aware_result_v2,1,1,original_serialized_payload_bytes_sha256_v1,1,,96,192,,4.363636363636363,8.727272727272727,4.363636363636363,22,0,22,-5.229275409379756,
2.0,8e1e720f86da3c4454554b09665c1e7208eb9e8ef12fd1e6d70354ce4e542c31,secondary_supplementary_multilingual_v2_payload_fidelity_after_manifest_freeze,secondary_supplementary,multilingual_v2_secondary,rankcloak_trial,revision_v1_multilingual_v2_payload_fidelity_v2__3bd69d26cbfc03be62a0,revision_v1_multilingual_v2_payload_fidelity_v2__3bd69d26cbfc03be62a0,,,,,,mistral_7b_instruct_v0_3_q4_k_m,mistral_7b_instruct_v0_3_q4_k_m,revision_v1_nonce_96_bit_hex_004,nonce_96_bit_hex,train,zh_hans_forum_question_answer_01,forum_question_answer,zh_hans,nonseg_ascii_b16,ascii_b16,ascii_b16,16,False,1,,none,none,0,,,,,saved_token_ids,unmodified,none,payload_fidelity_v2,payload_aware_result_v2,1,1,original_serialized_payload_bytes_sha256_v1,1,192,96,192,4.0,2.0,4.0,2.0,48,0,48,-4.600011494234427,
2.0,8e1e720f86da3c4454554b09665c1e7208eb9e8ef12fd1e6d70354ce4e542c31,secondary_supplementary_multilingual_v2_payload_fidelity_after_manifest_freeze,secondary_supplementary,multilingual_v2_secondary,rankcloak_trial,revision_v1_multilingual_v2_payload_fidelity_v2__9e8fee4380fbf92027e0,revision_v1_multilingual_v2_payload_fidelity_v2__9e8fee4380fbf92027e0,,,,,,mistral_7b_instruct_v0_3_q4_k_m,mistral_7b_instruct_v0_3_q4_k_m,revision_v1_nonce_96_bit_hex_005,nonce_96_bit_hex,train,es_recipe_procedure_01,recipe_procedure,es,direct_subword_calgacus,direct_subword,direct_subword,,False,1,,none,none,0,,,,,saved_token_ids,unmodified,none,payload_fidelity_v2,payload_aware_result_v2,1,1,original_serialized_payload_bytes_sha256_v1,1,,96,192,,4.8,9.6,4.8,20,0,20,-5.773455860512229,
2.0,8e1e720f86da3c4454554b09665c1e7208eb9e8ef12fd1e6d70354ce4e542c31,secondary_supplementary_multilingual_v2_payload_fidelity_after_manifest_freeze,secondary_supplementary,multilingual_v2_secondary,rankcloak_trial,revision_v1_multilingual_v2_payload_fidelity_v2__a373bfc641dd0605be4d,revision_v1_multilingual_v2_payload_fidelity_v2__a373bfc641dd0605be4d,,,,,,mistral_7b_instruct_v0_3_q4_k_m,mistral_7b_instruct_v0_3_q4_k_m,revision_v1_nonce_96_bit_hex_005,nonce_96_bit_hex,train,es_recipe_procedure_01,recipe_procedure,es,nonseg_ascii_b16,ascii_b16,ascii_b16,16,False,1,,none,none,0,,,,,saved_token_ids,unmodified,none,payload_fidelity_v2,payload_aware_result_v2,1,1,original_serialized_payload_bytes_sha256_v1,1,192,96,192,4.0,2.0,4.0,2.0,48,0,48,-4.186465127045609,
2.0,8e1e720f86da3c4454554b09665c1e7208eb9e8ef12fd1e6d70354ce4e542c31,secondary_supplementary_multilingual_v2_payload_fidelity_after_manifest_freeze,secondary_supplementary,multilingual_v2_secondary,rankcloak_trial,revision_v1_multilingual_v2_payload_fidelity_v2__6b714a9d026245f7f9ae,revision_v1_multilingual_v2_payload_fidelity_v2__6b714a9d026245f7f9ae,,,,,,mistral_7b_instruct_v0_3_q4_k_m,mistral_7b_instruct_v0_3_q4_k_m,revision_v1_nonce_96_bit_hex_005,nonce_96_bit_hex,train,zh_hans_recipe_procedure_01,recipe_procedure,zh_hans,direct_subword_calgacus,direct_subword,direct_subword,,False,1,,none,none,0,,,,,saved_token_ids,unmodified,none,payload_fidelity_v2,payload_aware_result_v2,1,1,original_serialized_payload_bytes_sha256_v1,1,,96,192,,4.8,9.6,4.8,20,0,20,-7.671320083295894,
2.0,8e1e720f86da3c4454554b09665c1e7208eb9e8ef12fd1e6d70354ce4e542c31,secondary_supplementary_multilingual_v2_payload_fidelity_after_manifest_freeze,secondary_supplementary,multilingual_v2_secondary,rankcloak_trial,revision_v1_multilingual_v2_payload_fidelity_v2__ebf819498fe80190fe28,revision_v1_multilingual_v2_payload_fidelity_v2__ebf819498fe80190fe28,,,,,,mistral_7b_instruct_v0_3_q4_k_m,mistral_7b_instruct_v0_3_q4_k_m,revision_v1_nonce_96_bit_hex_005,nonce_96_bit_hex,train,zh_hans_recipe_procedure_01,recipe_procedure,zh_hans,nonseg_ascii_b16,ascii_b16,ascii_b16,16,False,1,,none,none,0,,,,,saved_token_ids,unmodified,none,payload_fidelity_v2,payload_aware_result_v2,1,1,original_serialized_payload_bytes_sha256_v1,1,192,96,192,4.0,2.0,4.0,2.0,48,0,48,-3.8195548556172176,
2.0,8e1e720f86da3c4454554b09665c1e7208eb9e8ef12fd1e6d70354ce4e542c31,secondary_supplementary_multilingual_v2_payload_fidelity_after_manifest_freeze,secondary_supplementary,multilingual_v2_secondary,rankcloak_trial,revision_v1_multilingual_v2_payload_fidelity_v2__681cc5456771910a5fce,revision_v1_multilingual_v2_payload_fidelity_v2__681cc5456771910a5fce,,,,,,mistral_7b_instruct_v0_3_q4_k_m,mistral_7b_instruct_v0_3_q4_k_m,revision_v1_token_128_bit_hex_000,token_128_bit_hex,train,es_factual_explanatory_01,factual_explanatory,es,direct_subword_calgacus,direct_subword,direct_subword,,False,1,,none,none,0,,,,,saved_token_ids,unmodified,none,payload_fidelity_v2,payload_aware_result_v2,1,1,original_serialized_payload_bytes_sha256_v1,1,,128,256,,4.413793103448276,8.827586206896552,4.413793103448276,29,0,29,-5.197096375775868,
2.0,8e1e720f86da3c4454554b09665c1e7208eb9e8ef12fd1e6d70354ce4e542c31,secondary_supplementary_multilingual_v2_payload_fidelity_after_manifest_freeze,secondary_supplementary,multilingual_v2_secondary,rankcloak_trial,revision_v1_multilingual_v2_payload_fidelity_v2__3815bf7192315c4384b2,revision_v1_multilingual_v2_payload_fidelity_v2__3815bf7192315c4384b2,,,,,,mistral_7b_instruct_v0_3_q4_k_m,mistral_7b_instruct_v0_3_q4_k_m,revision_v1_token_128_bit_hex_000,token_128_bit_hex,train,es_factual_explanatory_01,factual_explanatory,es,nonseg_ascii_b16,ascii_b16,ascii_b16,16,False,1,,none,none,0,,,,,saved_token_ids,unmodified,none,payload_fidelity_v2,payload_aware_result_v2,1,1,original_serialized_payload_bytes_sha256_v1,1,256,128,256,4.0,2.0,4.0,2.0,64,0,64,-4.090673353942222,
2.0,8e1e720f86da3c4454554b09665c1e7208eb9e8ef12fd1e6d70354ce4e542c31,secondary_supplementary_multilingual_v2_payload_fidelity_after_manifest_freeze,secondary_supplementary,multilingual_v2_secondary,rankcloak_trial,revision_v1_multilingual_v2_payload_fidelity_v2__ae7d5e4de31abdd4d753,revision_v1_multilingual_v2_payload_fidelity_v2__ae7d5e4de31abdd4d753,,,,,,mistral_7b_instruct_v0_3_q4_k_m,mistral_7b_instruct_v0_3_q4_k_m,revision_v1_token_128_bit_hex_000,token_128_bit_hex,train,zh_hans_factual_explanatory_01,factual_explanatory,zh_hans,direct_subword_calgacus,direct_subword,direct_subword,,False,1,,none,none,0,,,,,saved_token_ids,unmodified,none,payload_fidelity_v2,payload_aware_result_v2,1,1,original_serialized_payload_bytes_sha256_v1,1,,128,256,,4.413793103448276,8.827586206896552,4.413793103448276,29,0,29,-5.0999247068021605,
2.0,8e1e720f86da3c4454554b09665c1e7208eb9e8ef12fd1e6d70354ce4e542c31,secondary_supplementary_multilingual_v2_payload_fidelity_after_manifest_freeze,secondary_supplementary,multilingual_v2_secondary,rankcloak_trial,revision_v1_multilingual_v2_payload_fidelity_v2__37d16245bf8b9b6b9cd3,revision_v1_multilingual_v2_payload_fidelity_v2__37d16245bf8b9b6b9cd3,,,,,,mistral_7b_instruct_v0_3_q4_k_m,mistral_7b_instruct_v0_3_q4_k_m,revision_v1_token_128_bit_hex_000,token_128_bit_hex,train,zh_hans_factual_explanatory_01,factual_explanatory,zh_hans,nonseg_ascii_b16,ascii_b16,ascii_b16,16,False,1,,none,none,0,,,,,saved_token_ids,unmodified,none,payload_fidelity_v2,payload_aware_result_v2,1,1,original_serialized_payload_bytes_sha256_v1,1,256,128,256,4.0,2.0,4.0,2.0,64,0,64,-2.925380872432272,
2.0,8e1e720f86da3c4454554b09665c1e7208eb9e8ef12fd1e6d70354ce4e542c31,secondary_supplementary_multilingual_v2_payload_fidelity_after_manifest_freeze,secondary_supplementary,multilingual_v2_secondary,rankcloak_trial,revision_v1_multilingual_v2_payload_fidelity_v2__6434e2a12ed4de7fda4f,revision_v1_multilingual_v2_payload_fidelity_v2__6434e2a12ed4de7fda4f,,,,,,mistral_7b_instruct_v0_3_q4_k_m,mistral_7b_instruct_v0_3_q4_k_m,revision_v1_token_128_bit_hex_001,token_128_bit_hex,train,es_casual_conversation_01,casual_conversation,es,direct_subword_calgacus,direct_subword,direct_subword,,False,1,,none,none,0,,,,,saved_token_ids,unmodified,none,payload_fidelity_v2,payload_aware_result_v2,1,1,original_serialized_payload_bytes_sha256_v1,1,,128,256,,4.266666666666667,8.533333333333333,4.266666666666667,30,0,30,-5.624301456262006,
2.0,8e1e720f86da3c4454554b09665c1e7208eb9e8ef12fd1e6d70354ce4e542c31,secondary_supplementary_multilingual_v2_payload_fidelity_after_manifest_freeze,secondary_supplementary,multilingual_v2_secondary,rankcloak_trial,revision_v1_multilingual_v2_payload_fidelity_v2__dd1417db60ef2a1fdaaf,revision_v1_multilingual_v2_payload_fidelity_v2__dd1417db60ef2a1fdaaf,,,,,,mistral_7b_instruct_v0_3_q4_k_m,mistral_7b_instruct_v0_3_q4_k_m,revision_v1_token_128_bit_hex_001,token_128_bit_hex,train,es_casual_conversation_01,casual_conversation,es,nonseg_ascii_b16,ascii_b16,ascii_b16,16,False,1,,none,none,0,,,,,saved_token_ids,unmodified,none,payload_fidelity_v2,payload_aware_result_v2,1,1,original_serialized_payload_bytes_sha256_v1,1,256,128,256,4.0,2.0,4.0,2.0,64,0,64,-4.1470035980865685,
2.0,8e1e720f86da3c4454554b09665c1e7208eb9e8ef12fd1e6d70354ce4e542c31,secondary_supplementary_multilingual_v2_payload_fidelity_after_manifest_freeze,secondary_supplementary,multilingual_v2_secondary,rankcloak_trial,revision_v1_multilingual_v2_payload_fidelity_v2__ea313af0410f89e024dd,revision_v1_multilingual_v2_payload_fidelity_v2__ea313af0410f89e024dd,,,,,,mistral_7b_instruct_v0_3_q4_k_m,mistral_7b_instruct_v0_3_q4_k_m,revision_v1_token_128_bit_hex_001,token_128_bit_hex,train,zh_hans_casual_conversation_01,casual_conversation,zh_hans,direct_subword_calgacus,direct_subword,direct_subword,,False,1,,none,none,0,,,,,saved_token_ids,unmodified,none,payload_fidelity_v2,payload_aware_result_v2,1,1,original_serialized_payload_bytes_sha256_v1,1,,128,256,,4.266666666666667,8.533333333333333,4.266666666666667,30,0,30,-5.129798129176326,
2.0,8e1e720f86da3c4454554b09665c1e7208eb9e8ef12fd1e6d70354ce4e542c31,secondary_supplementary_multilingual_v2_payload_fidelity_after_manifest_freeze,secondary_supplementary,multilingual_v2_secondary,rankcloak_trial,revision_v1_multilingual_v2_payload_fidelity_v2__bc5de06cca36be9029d7,revision_v1_multilingual_v2_payload_fidelity_v2__bc5de06cca36be9029d7,,,,,,mistral_7b_instruct_v0_3_q4_k_m,mistral_7b_instruct_v0_3_q4_k_m,revision_v1_token_128_bit_hex_001,token_128_bit_hex,train,zh_hans_casual_conversation_01,casual_conversation,zh_hans,nonseg_ascii_b16,ascii_b16,ascii_b16,16,False,1,,none,none,0,,,,,saved_token_ids,unmodified,none,payload_fidelity_v2,payload_aware_result_v2,1,1,original_serialized_payload_bytes_sha256_v1,1,256,128,256,4.0,2.0,4.0,2.0,64,0,64,-4.293007013324436,
2.0,8e1e720f86da3c4454554b09665c1e7208eb9e8ef12fd1e6d70354ce4e542c31,secondary_supplementary_multilingual_v2_payload_fidelity_after_manifest_freeze,secondary_supplementary,multilingual_v2_secondary,rankcloak_trial,revision_v1_multilingual_v2_payload_fidelity_v2__c223e3cdef4c65e4e6ad,revision_v1_multilingual_v2_payload_fidelity_v2__c223e3cdef4c65e4e6ad,,,,,,mistral_7b_instruct_v0_3_q4_k_m,mistral_7b_instruct_v0_3_q4_k_m,revision_v1_token_128_bit_hex_002,token_128_bit_hex,train,es_professional_communication_01,professional_communication,es,direct_subword_calgacus,direct_subword,direct_subword,,False,1,,none,none,0,,,,,saved_token_ids,unmodified,none,payload_fidelity_v2,payload_aware_result_v2,1,1,original_serialized_payload_bytes_sha256_v1,1,,128,256,,3.878787878787879,7.757575757575758,3.878787878787879,33,0,33,-4.676201350373782,
2.0,8e1e720f86da3c4454554b09665c1e7208eb9e8ef12fd1e6d70354ce4e542c31,secondary_supplementary_multilingual_v2_payload_fidelity_after_manifest_freeze,secondary_supplementary,multilingual_v2_secondary,rankcloak_trial,revision_v1_multilingual_v2_payload_fidelity_v2__1d538361a34f2caa4315,revision_v1_multilingual_v2_payload_fidelity_v2__1d538361a34f2caa4315,,,,,,mistral_7b_instruct_v0_3_q4_k_m,mistral_7b_instruct_v0_3_q4_k_m,revision_v1_token_128_bit_hex_002,token_128_bit_hex,train,es_professional_communication_01,professional_communication,es,nonseg_ascii_b16,ascii_b16,ascii_b16,16,False,1,,none,none,0,,,,,saved_token_ids,unmodified,none,payload_fidelity_v2,payload_aware_result_v2,1,1,original_serialized_payload_bytes_sha256_v1,1,256,128,256,4.0,2.0,4.0,2.0,64,0,64,-3.9237678401823155,
2.0,8e1e720f86da3c4454554b09665c1e7208eb9e8ef12fd1e6d70354ce4e542c31,secondary_supplementary_multilingual_v2_payload_fidelity_after_manifest_freeze,secondary_supplementary,multilingual_v2_secondary,rankcloak_trial,revision_v1_multilingual_v2_payload_fidelity_v2__601f28569dc8395e32dd,revision_v1_multilingual_v2_payload_fidelity_v2__601f28569dc8395e32dd,,,,,,mistral_7b_instruct_v0_3_q4_k_m,mistral_7b_instruct_v0_3_q4_k_m,revision_v1_token_128_bit_hex_002,token_128_bit_hex,train,zh_hans_professional_communication_01,professional_communication,zh_hans,direct_subword_calgacus,direct_subword,direct_subword,,False,1,,none,none,0,,,,,saved_token_ids,unmodified,none,payload_fidelity_v2,payload_aware_result_v2,1,1,original_serialized_payload_bytes_sha256_v1,1,,128,256,,3.878787878787879,7.757575757575758,3.878787878787879,33,0,33,-4.336205319873595,
2.0,8e1e720f86da3c4454554b09665c1e7208eb9e8ef12fd1e6d70354ce4e542c31,secondary_supplementary_multilingual_v2_payload_fidelity_after_manifest_freeze,secondary_supplementary,multilingual_v2_secondary,rankcloak_trial,revision_v1_multilingual_v2_payload_fidelity_v2__502f03bc54855ffd8598,revision_v1_multilingual_v2_payload_fidelity_v2__502f03bc54855ffd8598,,,,,,mistral_7b_instruct_v0_3_q4_k_m,mistral_7b_instruct_v0_3_q4_k_m,revision_v1_token_128_bit_hex_002,token_128_bit_hex,train,zh_hans_professional_communication_01,professional_communication,zh_hans,nonseg_ascii_b16,ascii_b16,ascii_b16,16,False,1,,none,none,0,,,,,saved_token_ids,unmodified,none,payload_fidelity_v2,payload_aware_result_v2,1,1,original_serialized_payload_bytes_sha256_v1,1,256,128,256,4.0,2.0,4.0,2.0,64,0,64,-4.6856144710260885,
2.0,8e1e720f86da3c4454554b09665c1e7208eb9e8ef12fd1e6d70354ce4e542c31,secondary_supplementary_multilingual_v2_payload_fidelity_after_manifest_freeze,secondary_supplementary,multilingual_v2_secondary,rankcloak_trial,revision_v1_multilingual_v2_payload_fidelity_v2__3f8534465617f527d26b,revision_v1_multilingual_v2_payload_fidelity_v2__3f8534465617f527d26b,,,,,,mistral_7b_instruct_v0_3_q4_k_m,mistral_7b_instruct_v0_3_q4_k_m,revision_v1_token_128_bit_hex_003,token_128_bit_hex,train,es_forum_question_answer_01,forum_question_answer,es,direct_subword_calgacus,direct_subword,direct_subword,,False,1,,none,none,0,,,,,saved_token_ids,unmodified,none,payload_fidelity_v2,payload_aware_result_v2,1,1,original_serialized_payload_bytes_sha256_v1,1,,128,256,,4.7407407407407405,9.481481481481481,4.7407407407407405,27,0,27,-5.670127276218562,
2.0,8e1e720f86da3c4454554b09665c1e7208eb9e8ef12fd1e6d70354ce4e542c31,secondary_supplementary_multilingual_v2_payload_fidelity_after_manifest_freeze,secondary_supplementary,multilingual_v2_secondary,rankcloak_trial,revision_v1_multilingual_v2_payload_fidelity_v2__556a54804dcae707c080,revision_v1_multilingual_v2_payload_fidelity_v2__556a54804dcae707c080,,,,,,mistral_7b_instruct_v0_3_q4_k_m,mistral_7b_instruct_v0_3_q4_k_m,revision_v1_token_128_bit_hex_003,token_128_bit_hex,train,es_forum_question_answer_01,forum_question_answer,es,nonseg_ascii_b16,ascii_b16,ascii_b16,16,False,1,,none,none,0,,,,,saved_token_ids,unmodified,none,payload_fidelity_v2,payload_aware_result_v2,1,1,original_serialized_payload_bytes_sha256_v1,1,256,128,256,4.0,2.0,4.0,2.0,64,0,64,-4.453563284428468,
2.0,8e1e720f86da3c4454554b09665c1e7208eb9e8ef12fd1e6d70354ce4e542c31,secondary_supplementary_multilingual_v2_payload_fidelity_after_manifest_freeze,secondary_supplementary,multilingual_v2_secondary,rankcloak_trial,revision_v1_multilingual_v2_payload_fidelity_v2__a10d1982b1b80925755b,revision_v1_multilingual_v2_payload_fidelity_v2__a10d1982b1b80925755b,,,,,,mistral_7b_instruct_v0_3_q4_k_m,mistral_7b_instruct_v0_3_q4_k_m,revision_v1_token_128_bit_hex_003,token_128_bit_hex,train,zh_hans_forum_question_answer_01,forum_question_answer,zh_hans,direct_subword_calgacus,direct_subword,direct_subword,,False,1,,none,none,0,,,,,saved_token_ids,unmodified,none,payload_fidelity_v2,payload_aware_result_v2,1,1,original_serialized_payload_bytes_sha256_v1,1,,128,256,,4.7407407407407405,9.481481481481481,4.7407407407407405,27,0,27,-4.8714181738717555,
2.0,8e1e720f86da3c4454554b09665c1e7208eb9e8ef12fd1e6d70354ce4e542c31,secondary_supplementary_multilingual_v2_payload_fidelity_after_manifest_freeze,secondary_supplementary,multilingual_v2_secondary,rankcloak_trial,revision_v1_multilingual_v2_payload_fidelity_v2__c357444d04a34f3af755,revision_v1_multilingual_v2_payload_fidelity_v2__c357444d04a34f3af755,,,,,,mistral_7b_instruct_v0_3_q4_k_m,mistral_7b_instruct_v0_3_q4_k_m,revision_v1_token_128_bit_hex_003,token_128_bit_hex,train,zh_hans_forum_question_answer_01,forum_question_answer,zh_hans,nonseg_ascii_b16,ascii_b16,ascii_b16,16,False,1,,none,none,0,,,,,saved_token_ids,unmodified,none,payload_fidelity_v2,payload_aware_result_v2,1,1,original_serialized_payload_bytes_sha256_v1,1,256,128,256,4.0,2.0,4.0,2.0,64,0,64,-4.642074802945082,
2.0,8e1e720f86da3c4454554b09665c1e7208eb9e8ef12fd1e6d70354ce4e542c31,secondary_supplementary_multilingual_v2_payload_fidelity_after_manifest_freeze,secondary_supplementary,multilingual_v2_secondary,rankcloak_trial,revision_v1_multilingual_v2_payload_fidelity_v2__c64a2af388b31a22c203,revision_v1_multilingual_v2_payload_fidelity_v2__c64a2af388b31a22c203,,,,,,mistral_7b_instruct_v0_3_q4_k_m,mistral_7b_instruct_v0_3_q4_k_m,revision_v1_token_128_bit_hex_004,token_128_bit_hex,train,es_recipe_procedure_01,recipe_procedure,es,direct_subword_calgacus,direct_subword,direct_subword,,False,1,,none,none,0,,,,,saved_token_ids,unmodified,none,payload_fidelity_v2,payload_aware_result_v2,1,1,original_serialized_payload_bytes_sha256_v1,1,,128,256,,4.266666666666667,8.533333333333333,4.266666666666667,30,0,30,-4.934199181483037,
2.0,8e1e720f86da3c4454554b09665c1e7208eb9e8ef12fd1e6d70354ce4e542c31,secondary_supplementary_multilingual_v2_payload_fidelity_after_manifest_freeze,secondary_supplementary,multilingual_v2_secondary,rankcloak_trial,revision_v1_multilingual_v2_payload_fidelity_v2__47e1172193b9c26c9bd6,revision_v1_multilingual_v2_payload_fidelity_v2__47e1172193b9c26c9bd6,,,,,,mistral_7b_instruct_v0_3_q4_k_m,mistral_7b_instruct_v0_3_q4_k_m,revision_v1_token_128_bit_hex_004,token_128_bit_hex,train,es_recipe_procedure_01,recipe_procedure,es,nonseg_ascii_b16,ascii_b16,ascii_b16,16,False,1,,none,none,0,,,,,saved_token_ids,unmodified,none,payload_fidelity_v2,payload_aware_result_v2,1,1,original_serialized_payload_bytes_sha256_v1,1,256,128,256,4.0,2.0,4.0,2.0,64,0,64,-4.441890571283289,
2.0,8e1e720f86da3c4454554b09665c1e7208eb9e8ef12fd1e6d70354ce4e542c31,secondary_supplementary_multilingual_v2_payload_fidelity_after_manifest_freeze,secondary_supplementary,multilingual_v2_secondary,rankcloak_trial,revision_v1_multilingual_v2_payload_fidelity_v2__a1b0ee768a12758af272,revision_v1_multilingual_v2_payload_fidelity_v2__a1b0ee768a12758af272,,,,,,mistral_7b_instruct_v0_3_q4_k_m,mistral_7b_instruct_v0_3_q4_k_m,revision_v1_token_128_bit_hex_004,token_128_bit_hex,train,zh_hans_recipe_procedure_01,recipe_procedure,zh_hans,direct_subword_calgacus,direct_subword,direct_subword,,False,1,,none,none,0,,,,,saved_token_ids,unmodified,none,payload_fidelity_v2,payload_aware_result_v2,1,1,original_serialized_payload_bytes_sha256_v1,1,,128,256,,4.266666666666667,8.533333333333333,4.266666666666667,30,0,30,-6.366247016610415,
2.0,8e1e720f86da3c4454554b09665c1e7208eb9e8ef12fd1e6d70354ce4e542c31,secondary_supplementary_multilingual_v2_payload_fidelity_after_manifest_freeze,secondary_supplementary,multilingual_v2_secondary,rankcloak_trial,revision_v1_multilingual_v2_payload_fidelity_v2__a0b3d9e952b5ffbfe2c6,revision_v1_multilingual_v2_payload_fidelity_v2__a0b3d9e952b5ffbfe2c6,,,,,,mistral_7b_instruct_v0_3_q4_k_m,mistral_7b_instruct_v0_3_q4_k_m,revision_v1_token_128_bit_hex_004,token_128_bit_hex,train,zh_hans_recipe_procedure_01,recipe_procedure,zh_hans,nonseg_ascii_b16,ascii_b16,ascii_b16,16,False,1,,none,none,0,,,,,saved_token_ids,unmodified,none,payload_fidelity_v2,payload_aware_result_v2,1,1,original_serialized_payload_bytes_sha256_v1,1,256,128,256,4.0,2.0,4.0,2.0,64,0,64,-4.088650964721247,
2.0,8e1e720f86da3c4454554b09665c1e7208eb9e8ef12fd1e6d70354ce4e542c31,secondary_supplementary_multilingual_v2_payload_fidelity_after_manifest_freeze,secondary_supplementary,multilingual_v2_secondary,rankcloak_trial,revision_v1_multilingual_v2_payload_fidelity_v2__f5cbe558e4c5f1a939fb,revision_v1_multilingual_v2_payload_fidelity_v2__f5cbe558e4c5f1a939fb,,,,,,mistral_7b_instruct_v0_3_q4_k_m,mistral_7b_instruct_v0_3_q4_k_m,revision_v1_token_128_bit_hex_005,token_128_bit_hex,train,es_personal_narrative_blog_01,personal_narrative_blog,es,direct_subword_calgacus,direct_subword,direct_subword,,False,1,,none,none,0,,,,,saved_token_ids,unmodified,none,payload_fidelity_v2,payload_aware_result_v2,1,1,original_serialized_payload_bytes_sha256_v1,1,,128,256,,4.129032258064516,8.258064516129032,4.129032258064516,31,0,31,-5.4769407618011385,
2.0,8e1e720f86da3c4454554b09665c1e7208eb9e8ef12fd1e6d70354ce4e542c31,secondary_supplementary_multilingual_v2_payload_fidelity_after_manifest_freeze,secondary_supplementary,multilingual_v2_secondary,rankcloak_trial,revision_v1_multilingual_v2_payload_fidelity_v2__d3d8eb58c7c47dd3b26a,revision_v1_multilingual_v2_payload_fidelity_v2__d3d8eb58c7c47dd3b26a,,,,,,mistral_7b_instruct_v0_3_q4_k_m,mistral_7b_instruct_v0_3_q4_k_m,revision_v1_token_128_bit_hex_005,token_128_bit_hex,train,es_personal_narrative_blog_01,personal_narrative_blog,es,nonseg_ascii_b16,ascii_b16,ascii_b16,16,False,1,,none,none,0,,,,,saved_token_ids,unmodified,none,payload_fidelity_v2,payload_aware_result_v2,1,1,original_serialized_payload_bytes_sha256_v1,1,256,128,256,4.0,2.0,4.0,2.0,64,0,64,-4.12644410615988,
2.0,8e1e720f86da3c4454554b09665c1e7208eb9e8ef12fd1e6d70354ce4e542c31,secondary_supplementary_multilingual_v2_payload_fidelity_after_manifest_freeze,secondary_supplementary,multilingual_v2_secondary,rankcloak_trial,revision_v1_multilingual_v2_payload_fidelity_v2__2b83f907d9301dee6c3d,revision_v1_multilingual_v2_payload_fidelity_v2__2b83f907d9301dee6c3d,,,,,,mistral_7b_instruct_v0_3_q4_k_m,mistral_7b_instruct_v0_3_q4_k_m,revision_v1_token_128_bit_hex_005,token_128_bit_hex,train,zh_hans_personal_narrative_blog_01,personal_narrative_blog,zh_hans,direct_subword_calgacus,direct_subword,direct_subword,,False,1,,none,none,0,,,,,saved_token_ids,unmodified,none,payload_fidelity_v2,payload_aware_result_v2,1,1,original_serialized_payload_bytes_sha256_v1,1,,128,256,,4.129032258064516,8.258064516129032,4.129032258064516,31,0,31,-4.390541470123262,
2.0,8e1e720f86da3c4454554b09665c1e7208eb9e8ef12fd1e6d70354ce4e542c31,secondary_supplementary_multilingual_v2_payload_fidelity_after_manifest_freeze,secondary_supplementary,multilingual_v2_secondary,rankcloak_trial,revision_v1_multilingual_v2_payload_fidelity_v2__73e59816f92eb52a3bb7,revision_v1_multilingual_v2_payload_fidelity_v2__73e59816f92eb52a3bb7,,,,,,mistral_7b_instruct_v0_3_q4_k_m,mistral_7b_instruct_v0_3_q4_k_m,revision_v1_token_128_bit_hex_005,token_128_bit_hex,train,zh_hans_personal_narrative_blog_01,personal_narrative_blog,zh_hans,nonseg_ascii_b16,ascii_b16,ascii_b16,16,False,1,,none,none,0,,,,,saved_token_ids,unmodified,none,payload_fidelity_v2,payload_aware_result_v2,1,1,original_serialized_payload_bytes_sha256_v1,1,256,128,256,4.0,2.0,4.0,2.0,64,0,64,-3.936809682680366,
2.0,8e1e720f86da3c4454554b09665c1e7208eb9e8ef12fd1e6d70354ce4e542c31,secondary_supplementary_multilingual_v2_payload_fidelity_after_manifest_freeze,secondary_supplementary,multilingual_v2_secondary,rankcloak_trial,revision_v1_multilingual_v2_payload_fidelity_v2__452cc47a647969a8544e,revision_v1_multilingual_v2_payload_fidelity_v2__452cc47a647969a8544e,,,,,,mistral_7b_instruct_v0_3_q4_k_m,mistral_7b_instruct_v0_3_q4_k_m,revision_v1_uuid_v4_000,uuid_v4,train,es_casual_conversation_01,casual_conversation,es,direct_subword_calgacus,direct_subword,direct_subword,,False,1,,none,none,0,,,,,saved_token_ids,unmodified,none,payload_fidelity_v2,payload_aware_result_v2,1,1,original_serialized_payload_bytes_sha256_v1,1,,128,288,,3.657142857142857,8.228571428571428,3.657142857142857,35,0,35,-4.3426140545189895,
2.0,8e1e720f86da3c4454554b09665c1e7208eb9e8ef12fd1e6d70354ce4e542c31,secondary_supplementary_multilingual_v2_payload_fidelity_after_manifest_freeze,secondary_supplementary,multilingual_v2_secondary,rankcloak_trial,revision_v1_multilingual_v2_payload_fidelity_v2__ec1ab73465ab0636e013,revision_v1_multilingual_v2_payload_fidelity_v2__ec1ab73465ab0636e013,,,,,,mistral_7b_instruct_v0_3_q4_k_m,mistral_7b_instruct_v0_3_q4_k_m,revision_v1_uuid_v4_000,uuid_v4,train,es_casual_conversation_01,casual_conversation,es,nonseg_ascii_b16,ascii_b16,ascii_b16,16,False,1,,none,none,0,,,,,saved_token_ids,unmodified,none,payload_fidelity_v2,payload_aware_result_v2,1,1,original_serialized_payload_bytes_sha256_v1,1,288,128,288,4.0,1.7777777777777777,4.0,1.7777777777777777,72,0,72,-4.330937724072424,
2.0,8e1e720f86da3c4454554b09665c1e7208eb9e8ef12fd1e6d70354ce4e542c31,secondary_supplementary_multilingual_v2_payload_fidelity_after_manifest_freeze,secondary_supplementary,multilingual_v2_secondary,rankcloak_trial,revision_v1_multilingual_v2_payload_fidelity_v2__f8edeff00a49bb690eab,revision_v1_multilingual_v2_payload_fidelity_v2__f8edeff00a49bb690eab,,,,,,mistral_7b_instruct_v0_3_q4_k_m,mistral_7b_instruct_v0_3_q4_k_m,revision_v1_uuid_v4_000,uuid_v4,train,zh_hans_casual_conversation_01,casual_conversation,zh_hans,direct_subword_calgacus,direct_subword,direct_subword,,False,1,,none,none,0,,,,,saved_token_ids,unmodified,none,payload_fidelity_v2,payload_aware_result_v2,1,1,original_serialized_payload_bytes_sha256_v1,1,,128,288,,3.657142857142857,8.228571428571428,3.657142857142857,35,0,35,-4.300202537012978,
2.0,8e1e720f86da3c4454554b09665c1e7208eb9e8ef12fd1e6d70354ce4e542c31,secondary_supplementary_multilingual_v2_payload_fidelity_after_manifest_freeze,secondary_supplementary,multilingual_v2_secondary,rankcloak_trial,revision_v1_multilingual_v2_payload_fidelity_v2__606ea9e177aa7d221009,revision_v1_multilingual_v2_payload_fidelity_v2__606ea9e177aa7d221009,,,,,,mistral_7b_instruct_v0_3_q4_k_m,mistral_7b_instruct_v0_3_q4_k_m,revision_v1_uuid_v4_000,uuid_v4,train,zh_hans_casual_conversation_01,casual_conversation,zh_hans,nonseg_ascii_b16,ascii_b16,ascii_b16,16,False,1,,none,none,0,,,,,saved_token_ids,unmodified,none,payload_fidelity_v2,payload_aware_result_v2,1,1,original_serialized_payload_bytes_sha256_v1,1,288,128,288,4.0,1.7777777777777777,4.0,1.7777777777777777,72,0,72,-4.255955352390183,
2.0,8e1e720f86da3c4454554b09665c1e7208eb9e8ef12fd1e6d70354ce4e542c31,secondary_supplementary_multilingual_v2_payload_fidelity_after_manifest_freeze,secondary_supplementary,multilingual_v2_secondary,rankcloak_trial,revision_v1_multilingual_v2_payload_fidelity_v2__c06cbaada3f3f442198e,revision_v1_multilingual_v2_payload_fidelity_v2__c06cbaada3f3f442198e,,,,,,mistral_7b_instruct_v0_3_q4_k_m,mistral_7b_instruct_v0_3_q4_k_m,revision_v1_uuid_v4_001,uuid_v4,train,es_professional_communication_01,professional_communication,es,direct_subword_calgacus,direct_subword,direct_subword,,False,1,,none,none,0,,,,,saved_token_ids,unmodified,none,payload_fidelity_v2,payload_aware_result_v2,1,1,original_serialized_payload_bytes_sha256_v1,1,,128,288,,3.764705882352941,8.470588235294118,3.764705882352941,34,0,34,-4.314334009415172,
2.0,8e1e720f86da3c4454554b09665c1e7208eb9e8ef12fd1e6d70354ce4e542c31,secondary_supplementary_multilingual_v2_payload_fidelity_after_manifest_freeze,secondary_supplementary,multilingual_v2_secondary,rankcloak_trial,revision_v1_multilingual_v2_payload_fidelity_v2__9c5a29b5f5a89b263331,revision_v1_multilingual_v2_payload_fidelity_v2__9c5a29b5f5a89b263331,,,,,,mistral_7b_instruct_v0_3_q4_k_m,mistral_7b_instruct_v0_3_q4_k_m,revision_v1_uuid_v4_001,uuid_v4,train,es_professional_communication_01,professional_communication,es,nonseg_ascii_b16,ascii_b16,ascii_b16,16,False,1,,none,none,0,,,,,saved_token_ids,unmodified,none,payload_fidelity_v2,payload_aware_result_v2,1,1,original_serialized_payload_bytes_sha256_v1,1,288,128,288,4.0,1.7777777777777777,4.0,1.7777777777777777,72,0,72,-4.389977786599718,
2.0,8e1e720f86da3c4454554b09665c1e7208eb9e8ef12fd1e6d70354ce4e542c31,secondary_supplementary_multilingual_v2_payload_fidelity_after_manifest_freeze,secondary_supplementary,multilingual_v2_secondary,rankcloak_trial,revision_v1_multilingual_v2_payload_fidelity_v2__13716d4b3f7293c91d64,revision_v1_multilingual_v2_payload_fidelity_v2__13716d4b3f7293c91d64,,,,,,mistral_7b_instruct_v0_3_q4_k_m,mistral_7b_instruct_v0_3_q4_k_m,revision_v1_uuid_v4_001,uuid_v4,train,zh_hans_professional_communication_01,professional_communication,zh_hans,direct_subword_calgacus,direct_subword,direct_subword,,False,1,,none,none,0,,,,,saved_token_ids,unmodified,none,payload_fidelity_v2,payload_aware_result_v2,1,1,original_serialized_payload_bytes_sha256_v1,1,,128,288,,3.764705882352941,8.470588235294118,3.764705882352941,34,0,34,-5.163451549649513,
2.0,8e1e720f86da3c4454554b09665c1e7208eb9e8ef12fd1e6d70354ce4e542c31,secondary_supplementary_multilingual_v2_payload_fidelity_after_manifest_freeze,secondary_supplementary,multilingual_v2_secondary,rankcloak_trial,revision_v1_multilingual_v2_payload_fidelity_v2__e3ac0dfa2a06b5589b26,revision_v1_multilingual_v2_payload_fidelity_v2__e3ac0dfa2a06b5589b26,,,,,,mistral_7b_instruct_v0_3_q4_k_m,mistral_7b_instruct_v0_3_q4_k_m,revision_v1_uuid_v4_001,uuid_v4,train,zh_hans_professional_communication_01,professional_communication,zh_hans,nonseg_ascii_b16,ascii_b16,ascii_b16,16,False,1,,none,none,0,,,,,saved_token_ids,unmodified,none,payload_fidelity_v2,payload_aware_result_v2,1,1,original_serialized_payload_bytes_sha256_v1,1,288,128,288,4.0,1.7777777777777777,4.0,1.7777777777777777,72,0,72,-4.309042151951908,
2.0,8e1e720f86da3c4454554b09665c1e7208eb9e8ef12fd1e6d70354ce4e542c31,secondary_supplementary_multilingual_v2_payload_fidelity_after_manifest_freeze,secondary_supplementary,multilingual_v2_secondary,rankcloak_trial,revision_v1_multilingual_v2_payload_fidelity_v2__5d2133f8c241ab5f31e8,revision_v1_multilingual_v2_payload_fidelity_v2__5d2133f8c241ab5f31e8,,,,,,mistral_7b_instruct_v0_3_q4_k_m,mistral_7b_instruct_v0_3_q4_k_m,revision_v1_uuid_v4_002,uuid_v4,train,es_forum_question_answer_01,forum_question_answer,es,direct_subword_calgacus,direct_subword,direct_subword,,False,1,,none,none,0,,,,,saved_token_ids,unmodified,none,payload_fidelity_v2,payload_aware_result_v2,1,1,original_serialized_payload_bytes_sha256_v1,1,,128,288,,3.657142857142857,8.228571428571428,3.657142857142857,35,0,35,-4.622050288004539,
2.0,8e1e720f86da3c4454554b09665c1e7208eb9e8ef12fd1e6d70354ce4e542c31,secondary_supplementary_multilingual_v2_payload_fidelity_after_manifest_freeze,secondary_supplementary,multilingual_v2_secondary,rankcloak_trial,revision_v1_multilingual_v2_payload_fidelity_v2__e8c3e8640703c8b34b2d,revision_v1_multilingual_v2_payload_fidelity_v2__e8c3e8640703c8b34b2d,,,,,,mistral_7b_instruct_v0_3_q4_k_m,mistral_7b_instruct_v0_3_q4_k_m,revision_v1_uuid_v4_002,uuid_v4,train,es_forum_question_answer_01,forum_question_answer,es,nonseg_ascii_b16,ascii_b16,ascii_b16,16,False,1,,none,none,0,,,,,saved_token_ids,unmodified,none,payload_fidelity_v2,payload_aware_result_v2,1,1,original_serialized_payload_bytes_sha256_v1,1,288,128,288,4.0,1.7777777777777777,4.0,1.7777777777777777,72,0,72,-4.686312629619945,
2.0,8e1e720f86da3c4454554b09665c1e7208eb9e8ef12fd1e6d70354ce4e542c31,secondary_supplementary_multilingual_v2_payload_fidelity_after_manifest_freeze,secondary_supplementary,multilingual_v2_secondary,rankcloak_trial,revision_v1_multilingual_v2_payload_fidelity_v2__ef70866e317e649b5149,revision_v1_multilingual_v2_payload_fidelity_v2__ef70866e317e649b5149,,,,,,mistral_7b_instruct_v0_3_q4_k_m,mistral_7b_instruct_v0_3_q4_k_m,revision_v1_uuid_v4_002,uuid_v4,train,zh_hans_forum_question_answer_01,forum_question_answer,zh_hans,direct_subword_calgacus,direct_subword,direct_subword,,False,1,,none,none,0,,,,,saved_token_ids,unmodified,none,payload_fidelity_v2,payload_aware_result_v2,1,1,original_serialized_payload_bytes_sha256_v1,1,,128,288,,3.657142857142857,8.228571428571428,3.657142857142857,35,0,35,-4.222723320585718,
2.0,8e1e720f86da3c4454554b09665c1e7208eb9e8ef12fd1e6d70354ce4e542c31,secondary_supplementary_multilingual_v2_payload_fidelity_after_manifest_freeze,secondary_supplementary,multilingual_v2_secondary,rankcloak_trial,revision_v1_multilingual_v2_payload_fidelity_v2__742324f8f8143c3e3ca7,revision_v1_multilingual_v2_payload_fidelity_v2__742324f8f8143c3e3ca7,,,,,,mistral_7b_instruct_v0_3_q4_k_m,mistral_7b_instruct_v0_3_q4_k_m,revision_v1_uuid_v4_002,uuid_v4,train,zh_hans_forum_question_answer_01,forum_question_answer,zh_hans,nonseg_ascii_b16,ascii_b16,ascii_b16,16,False,1,,none,none,0,,,,,saved_token_ids,unmodified,none,payload_fidelity_v2,payload_aware_result_v2,1,1,original_serialized_payload_bytes_sha256_v1,1,288,128,288,4.0,1.7777777777777777,4.0,1.7777777777777777,72,0,72,-4.110193215749668,
2.0,8e1e720f86da3c4454554b09665c1e7208eb9e8ef12fd1e6d70354ce4e542c31,secondary_supplementary_multilingual_v2_payload_fidelity_after_manifest_freeze,secondary_supplementary,multilingual_v2_secondary,rankcloak_trial,revision_v1_multilingual_v2_payload_fidelity_v2__8c68d5e5838d6d480d77,revision_v1_multilingual_v2_payload_fidelity_v2__8c68d5e5838d6d480d77,,,,,,mistral_7b_instruct_v0_3_q4_k_m,mistral_7b_instruct_v0_3_q4_k_m,revision_v1_uuid_v4_003,uuid_v4,train,es_recipe_procedure_01,recipe_procedure,es,direct_subword_calgacus,direct_subword,direct_subword,,False,1,,none,none,0,,,,,saved_token_ids,unmodified,none,payload_fidelity_v2,payload_aware_result_v2,1,1,original_serialized_payload_bytes_sha256_v1,1,,128,288,,3.5555555555555554,8.0,3.5555555555555554,36,0,36,-3.720701278132645,
2.0,8e1e720f86da3c4454554b09665c1e7208eb9e8ef12fd1e6d70354ce4e542c31,secondary_supplementary_multilingual_v2_payload_fidelity_after_manifest_freeze,secondary_supplementary,multilingual_v2_secondary,rankcloak_trial,revision_v1_multilingual_v2_payload_fidelity_v2__852c93f320da80eadb7f,revision_v1_multilingual_v2_payload_fidelity_v2__852c93f320da80eadb7f,,,,,,mistral_7b_instruct_v0_3_q4_k_m,mistral_7b_instruct_v0_3_q4_k_m,revision_v1_uuid_v4_003,uuid_v4,train,es_recipe_procedure_01,recipe_procedure,es,nonseg_ascii_b16,ascii_b16,ascii_b16,16,False,1,,none,none,0,,,,,saved_token_ids,unmodified,none,payload_fidelity_v2,payload_aware_result_v2,1,1,original_serialized_payload_bytes_sha256_v1,1,288,128,288,4.0,1.7777777777777777,4.0,1.7777777777777777,72,0,72,-4.220742463721426,
2.0,8e1e720f86da3c4454554b09665c1e7208eb9e8ef12fd1e6d70354ce4e542c31,secondary_supplementary_multilingual_v2_payload_fidelity_after_manifest_freeze,secondary_supplementary,multilingual_v2_secondary,rankcloak_trial,revision_v1_multilingual_v2_payload_fidelity_v2__2a0b5cfd5555bba87162,revision_v1_multilingual_v2_payload_fidelity_v2__2a0b5cfd5555bba87162,,,,,,mistral_7b_instruct_v0_3_q4_k_m,mistral_7b_instruct_v0_3_q4_k_m,revision_v1_uuid_v4_003,uuid_v4,train,zh_hans_recipe_procedure_01,recipe_procedure,zh_hans,direct_subword_calgacus,direct_subword,direct_subword,,False,1,,none,none,0,,,,,saved_token_ids,unmodified,none,payload_fidelity_v2,payload_aware_result_v2,1,1,original_serialized_payload_bytes_sha256_v1,1,,128,288,,3.5555555555555554,8.0,3.5555555555555554,36,0,36,-4.522759347294993,
2.0,8e1e720f86da3c4454554b09665c1e7208eb9e8ef12fd1e6d70354ce4e542c31,secondary_supplementary_multilingual_v2_payload_fidelity_after_manifest_freeze,secondary_supplementary,multilingual_v2_secondary,rankcloak_trial,revision_v1_multilingual_v2_payload_fidelity_v2__3e9daff5a74cb799af87,revision_v1_multilingual_v2_payload_fidelity_v2__3e9daff5a74cb799af87,,,,,,mistral_7b_instruct_v0_3_q4_k_m,mistral_7b_instruct_v0_3_q4_k_m,revision_v1_uuid_v4_003,uuid_v4,train,zh_hans_recipe_procedure_01,recipe_procedure,zh_hans,nonseg_ascii_b16,ascii_b16,ascii_b16,16,False,1,,none,none,0,,,,,saved_token_ids,unmodified,none,payload_fidelity_v2,payload_aware_result_v2,1,1,original_serialized_payload_bytes_sha256_v1,1,288,128,288,4.0,1.7777777777777777,4.0,1.7777777777777777,72,0,72,-4.284407134350027,
2.0,8e1e720f86da3c4454554b09665c1e7208eb9e8ef12fd1e6d70354ce4e542c31,secondary_supplementary_multilingual_v2_payload_fidelity_after_manifest_freeze,secondary_supplementary,multilingual_v2_secondary,rankcloak_trial,revision_v1_multilingual_v2_payload_fidelity_v2__e416faff12589c7875db,revision_v1_multilingual_v2_payload_fidelity_v2__e416faff12589c7875db,,,,,,mistral_7b_instruct_v0_3_q4_k_m,mistral_7b_instruct_v0_3_q4_k_m,revision_v1_uuid_v4_004,uuid_v4,train,es_personal_narrative_blog_01,personal_narrative_blog,es,direct_subword_calgacus,direct_subword,direct_subword,,False,1,,none,none,0,,,,,saved_token_ids,unmodified,none,payload_fidelity_v2,payload_aware_result_v2,1,1,original_serialized_payload_bytes_sha256_v1,1,,128,288,,3.764705882352941,8.470588235294118,3.764705882352941,34,0,34,-4.532061430222953,
2.0,8e1e720f86da3c4454554b09665c1e7208eb9e8ef12fd1e6d70354ce4e542c31,secondary_supplementary_multilingual_v2_payload_fidelity_after_manifest_freeze,secondary_supplementary,multilingual_v2_secondary,rankcloak_trial,revision_v1_multilingual_v2_payload_fidelity_v2__a2f6458cca933f8dfa7b,revision_v1_multilingual_v2_payload_fidelity_v2__a2f6458cca933f8dfa7b,,,,,,mistral_7b_instruct_v0_3_q4_k_m,mistral_7b_instruct_v0_3_q4_k_m,revision_v1_uuid_v4_004,uuid_v4,train,es_personal_narrative_blog_01,personal_narrative_blog,es,nonseg_ascii_b16,ascii_b16,ascii_b16,16,False,1,,none,none,0,,,,,saved_token_ids,unmodified,none,payload_fidelity_v2,payload_aware_result_v2,1,1,original_serialized_payload_bytes_sha256_v1,1,288,128,288,4.0,1.7777777777777777,4.0,1.7777777777777777,72,0,72,-4.2379554564941255,
2.0,8e1e720f86da3c4454554b09665c1e7208eb9e8ef12fd1e6d70354ce4e542c31,secondary_supplementary_multilingual_v2_payload_fidelity_after_manifest_freeze,secondary_supplementary,multilingual_v2_secondary,rankcloak_trial,revision_v1_multilingual_v2_payload_fidelity_v2__47f2d5ab45fe85ce3f98,revision_v1_multilingual_v2_payload_fidelity_v2__47f2d5ab45fe85ce3f98,,,,,,mistral_7b_instruct_v0_3_q4_k_m,mistral_7b_instruct_v0_3_q4_k_m,revision_v1_uuid_v4_004,uuid_v4,train,zh_hans_personal_narrative_blog_01,personal_narrative_blog,zh_hans,direct_subword_calgacus,direct_subword,direct_subword,,False,1,,none,none,0,,,,,saved_token_ids,unmodified,none,payload_fidelity_v2,payload_aware_result_v2,1,1,original_serialized_payload_bytes_sha256_v1,1,,128,288,,3.764705882352941,8.470588235294118,3.764705882352941,34,0,34,-4.092587909410448,
2.0,8e1e720f86da3c4454554b09665c1e7208eb9e8ef12fd1e6d70354ce4e542c31,secondary_supplementary_multilingual_v2_payload_fidelity_after_manifest_freeze,secondary_supplementary,multilingual_v2_secondary,rankcloak_trial,revision_v1_multilingual_v2_payload_fidelity_v2__1a209b13a21afdb2d888,revision_v1_multilingual_v2_payload_fidelity_v2__1a209b13a21afdb2d888,,,,,,mistral_7b_instruct_v0_3_q4_k_m,mistral_7b_instruct_v0_3_q4_k_m,revision_v1_uuid_v4_004,uuid_v4,train,zh_hans_personal_narrative_blog_01,personal_narrative_blog,zh_hans,nonseg_ascii_b16,ascii_b16,ascii_b16,16,False,1,,none,none,0,,,,,saved_token_ids,unmodified,none,payload_fidelity_v2,payload_aware_result_v2,1,1,original_serialized_payload_bytes_sha256_v1,1,288,128,288,4.0,1.7777777777777777,4.0,1.7777777777777777,72,0,72,-3.814211301044245,
2.0,8e1e720f86da3c4454554b09665c1e7208eb9e8ef12fd1e6d70354ce4e542c31,secondary_supplementary_multilingual_v2_payload_fidelity_after_manifest_freeze,secondary_supplementary,multilingual_v2_secondary,rankcloak_trial,revision_v1_multilingual_v2_payload_fidelity_v2__0684c5dd9ec31b0446c1,revision_v1_multilingual_v2_payload_fidelity_v2__0684c5dd9ec31b0446c1,,,,,,mistral_7b_instruct_v0_3_q4_k_m,mistral_7b_instruct_v0_3_q4_k_m,revision_v1_uuid_v4_005,uuid_v4,train,es_factual_explanatory_01,factual_explanatory,es,direct_subword_calgacus,direct_subword,direct_subword,,False,1,,none,none,0,,,,,saved_token_ids,unmodified,none,payload_fidelity_v2,payload_aware_result_v2,1,1,original_serialized_payload_bytes_sha256_v1,1,,128,288,,4.129032258064516,9.290322580645162,4.129032258064516,31,0,31,-4.680988900718452,
2.0,8e1e720f86da3c4454554b09665c1e7208eb9e8ef12fd1e6d70354ce4e542c31,secondary_supplementary_multilingual_v2_payload_fidelity_after_manifest_freeze,secondary_supplementary,multilingual_v2_secondary,rankcloak_trial,revision_v1_multilingual_v2_payload_fidelity_v2__dd92cff989b4906eeea7,revision_v1_multilingual_v2_payload_fidelity_v2__dd92cff989b4906eeea7,,,,,,mistral_7b_instruct_v0_3_q4_k_m,mistral_7b_instruct_v0_3_q4_k_m,revision_v1_uuid_v4_005,uuid_v4,train,es_factual_explanatory_01,factual_explanatory,es,nonseg_ascii_b16,ascii_b16,ascii_b16,16,False,1,,none,none,0,,,,,saved_token_ids,unmodified,none,payload_fidelity_v2,payload_aware_result_v2,1,1,original_serialized_payload_bytes_sha256_v1,1,288,128,288,4.0,1.7777777777777777,4.0,1.7777777777777777,72,0,72,-4.110312117012864,
2.0,8e1e720f86da3c4454554b09665c1e7208eb9e8ef12fd1e6d70354ce4e542c31,secondary_supplementary_multilingual_v2_payload_fidelity_after_manifest_freeze,secondary_supplementary,multilingual_v2_secondary,rankcloak_trial,revision_v1_multilingual_v2_payload_fidelity_v2__122b2fa8531e52ee76fd,revision_v1_multilingual_v2_payload_fidelity_v2__122b2fa8531e52ee76fd,,,,,,mistral_7b_instruct_v0_3_q4_k_m,mistral_7b_instruct_v0_3_q4_k_m,revision_v1_uuid_v4_005,uuid_v4,train,zh_hans_factual_explanatory_01,factual_explanatory,zh_hans,direct_subword_calgacus,direct_subword,direct_subword,,False,1,,none,none,0,,,,,saved_token_ids,unmodified,none,payload_fidelity_v2,payload_aware_result_v2,1,1,original_serialized_payload_bytes_sha256_v1,1,,128,288,,4.129032258064516,9.290322580645162,4.129032258064516,31,0,31,-4.745425849650167,
2.0,8e1e720f86da3c4454554b09665c1e7208eb9e8ef12fd1e6d70354ce4e542c31,secondary_supplementary_multilingual_v2_payload_fidelity_after_manifest_freeze,secondary_supplementary,multilingual_v2_secondary,rankcloak_trial,revision_v1_multilingual_v2_payload_fidelity_v2__0c12c249d9c437903bca,revision_v1_multilingual_v2_payload_fidelity_v2__0c12c249d9c437903bca,,,,,,mistral_7b_instruct_v0_3_q4_k_m,mistral_7b_instruct_v0_3_q4_k_m,revision_v1_uuid_v4_005,uuid_v4,train,zh_hans_factual_explanatory_01,factual_explanatory,zh_hans,nonseg_ascii_b16,ascii_b16,ascii_b16,16,False,1,,none,none,0,,,,,saved_token_ids,unmodified,none,payload_fidelity_v2,payload_aware_result_v2,1,1,original_serialized_payload_bytes_sha256_v1,1,288,128,288,4.0,1.7777777777777777,4.0,1.7777777777777777,72,0,72,-4.501089696645939,
2.0,8e1e720f86da3c4454554b09665c1e7208eb9e8ef12fd1e6d70354ce4e542c31,secondary_supplementary_multilingual_v2_payload_fidelity_after_manifest_freeze,secondary_supplementary,multilingual_v2_secondary,rankcloak_trial,revision_v1_multilingual_v2_payload_fidelity_v2__220fa4ec7642657c9f4c,revision_v1_multilingual_v2_payload_fidelity_v2__220fa4ec7642657c9f4c,,,,,,mistral_7b_instruct_v0_3_q4_k_m,mistral_7b_instruct_v0_3_q4_k_m,revision_v1_aes256_gcm_base64_000,aes256_gcm_base64,train,es_professional_communication_01,professional_communication,es,direct_subword_calgacus,direct_subword,direct_subword,,False,1,,none,none,0,,,,,saved_token_ids,unmodified,none,payload_fidelity_v2,payload_aware_result_v2,1,1,original_serialized_payload_bytes_sha256_v1,1,,384,512,,6.620689655172414,8.827586206896552,6.620689655172414,58,0,58,-6.869025290572409,
2.0,8e1e720f86da3c4454554b09665c1e7208eb9e8ef12fd1e6d70354ce4e542c31,secondary_supplementary_multilingual_v2_payload_fidelity_after_manifest_freeze,secondary_supplementary,multilingual_v2_secondary,rankcloak_trial,revision_v1_multilingual_v2_payload_fidelity_v2__35e747377212239faa53,revision_v1_multilingual_v2_payload_fidelity_v2__35e747377212239faa53,,,,,,mistral_7b_instruct_v0_3_q4_k_m,mistral_7b_instruct_v0_3_q4_k_m,revision_v1_aes256_gcm_base64_000,aes256_gcm_base64,train,es_professional_communication_01,professional_communication,es,nonseg_ascii_b16,ascii_b16,ascii_b16,16,False,1,,none,none,0,,,,,saved_token_ids,unmodified,none,payload_fidelity_v2,payload_aware_result_v2,1,1,original_serialized_payload_bytes_sha256_v1,1,512,384,512,4.0,3.0,4.0,3.0,128,0,128,-4.412170544639373,
2.0,8e1e720f86da3c4454554b09665c1e7208eb9e8ef12fd1e6d70354ce4e542c31,secondary_supplementary_multilingual_v2_payload_fidelity_after_manifest_freeze,secondary_supplementary,multilingual_v2_secondary,rankcloak_trial,revision_v1_multilingual_v2_payload_fidelity_v2__8a1a41e19d4698862ae1,revision_v1_multilingual_v2_payload_fidelity_v2__8a1a41e19d4698862ae1,,,,,,mistral_7b_instruct_v0_3_q4_k_m,mistral_7b_instruct_v0_3_q4_k_m,revision_v1_aes256_gcm_base64_000,aes256_gcm_base64,train,zh_hans_professional_communication_01,professional_communication,zh_hans,direct_subword_calgacus,direct_subword,direct_subword,,False,1,,none,none,0,,,,,saved_token_ids,unmodified,none,payload_fidelity_v2,payload_aware_result_v2,1,1,original_serialized_payload_bytes_sha256_v1,1,,384,512,,6.620689655172414,8.827586206896552,6.620689655172414,58,0,58,-6.927136829215614,
2.0,8e1e720f86da3c4454554b09665c1e7208eb9e8ef12fd1e6d70354ce4e542c31,secondary_supplementary_multilingual_v2_payload_fidelity_after_manifest_freeze,secondary_supplementary,multilingual_v2_secondary,rankcloak_trial,revision_v1_multilingual_v2_payload_fidelity_v2__2e243a11cc76feec7a77,revision_v1_multilingual_v2_payload_fidelity_v2__2e243a11cc76feec7a77,,,,,,mistral_7b_instruct_v0_3_q4_k_m,mistral_7b_instruct_v0_3_q4_k_m,revision_v1_aes256_gcm_base64_000,aes256_gcm_base64,train,zh_hans_professional_communication_01,professional_communication,zh_hans,nonseg_ascii_b16,ascii_b16,ascii_b16,16,False,1,,none,none,0,,,,,saved_token_ids,unmodified,none,payload_fidelity_v2,payload_aware_result_v2,1,1,original_serialized_payload_bytes_sha256_v1,1,512,384,512,4.0,3.0,4.0,3.0,128,0,128,-4.738021309559597,
2.0,8e1e720f86da3c4454554b09665c1e7208eb9e8ef12fd1e6d70354ce4e542c31,secondary_supplementary_multilingual_v2_payload_fidelity_after_manifest_freeze,secondary_supplementary,multilingual_v2_secondary,rankcloak_trial,revision_v1_multilingual_v2_payload_fidelity_v2__d1a12fc25e1ff398b001,revision_v1_multilingual_v2_payload_fidelity_v2__d1a12fc25e1ff398b001,,,,,,mistral_7b_instruct_v0_3_q4_k_m,mistral_7b_instruct_v0_3_q4_k_m,revision_v1_aes256_gcm_base64_001,aes256_gcm_base64,train,es_forum_question_answer_01,forum_question_answer,es,direct_subword_calgacus,direct_subword,direct_subword,,False,1,,none,none,0,,,,,saved_token_ids,unmodified,none,payload_fidelity_v2,payload_aware_result_v2,1,1,original_serialized_payload_bytes_sha256_v1,1,,384,512,,7.384615384615385,9.846153846153847,7.384615384615385,52,0,52,-6.625627718237837,
2.0,8e1e720f86da3c4454554b09665c1e7208eb9e8ef12fd1e6d70354ce4e542c31,secondary_supplementary_multilingual_v2_payload_fidelity_after_manifest_freeze,secondary_supplementary,multilingual_v2_secondary,rankcloak_trial,revision_v1_multilingual_v2_payload_fidelity_v2__30ffba80c7e5092e8627,revision_v1_multilingual_v2_payload_fidelity_v2__30ffba80c7e5092e8627,,,,,,mistral_7b_instruct_v0_3_q4_k_m,mistral_7b_instruct_v0_3_q4_k_m,revision_v1_aes256_gcm_base64_001,aes256_gcm_base64,train,es_forum_question_answer_01,forum_question_answer,es,nonseg_ascii_b16,ascii_b16,ascii_b16,16,False,1,,none,none,0,,,,,saved_token_ids,unmodified,none,payload_fidelity_v2,payload_aware_result_v2,1,1,original_serialized_payload_bytes_sha256_v1,1,512,384,512,4.0,3.0,4.0,3.0,128,0,128,-4.81052775040896,
2.0,8e1e720f86da3c4454554b09665c1e7208eb9e8ef12fd1e6d70354ce4e542c31,secondary_supplementary_multilingual_v2_payload_fidelity_after_manifest_freeze,secondary_supplementary,multilingual_v2_secondary,rankcloak_trial,revision_v1_multilingual_v2_payload_fidelity_v2__014b4ff008c9dcfc4922,revision_v1_multilingual_v2_payload_fidelity_v2__014b4ff008c9dcfc4922,,,,,,mistral_7b_instruct_v0_3_q4_k_m,mistral_7b_instruct_v0_3_q4_k_m,revision_v1_aes256_gcm_base64_001,aes256_gcm_base64,train,zh_hans_forum_question_answer_01,forum_question_answer,zh_hans,direct_subword_calgacus,direct_subword,direct_subword,,False,1,,none,none,0,,,,,saved_token_ids,unmodified,none,payload_fidelity_v2,payload_aware_result_v2,1,1,original_serialized_payload_bytes_sha256_v1,1,,384,512,,7.384615384615385,9.846153846153847,7.384615384615385,52,0,52,-7.009094773792664,
2.0,8e1e720f86da3c4454554b09665c1e7208eb9e8ef12fd1e6d70354ce4e542c31,secondary_supplementary_multilingual_v2_payload_fidelity_after_manifest_freeze,secondary_supplementary,multilingual_v2_secondary,rankcloak_trial,revision_v1_multilingual_v2_payload_fidelity_v2__a150937f4fd5579138c7,revision_v1_multilingual_v2_payload_fidelity_v2__a150937f4fd5579138c7,,,,,,mistral_7b_instruct_v0_3_q4_k_m,mistral_7b_instruct_v0_3_q4_k_m,revision_v1_aes256_gcm_base64_001,aes256_gcm_base64,train,zh_hans_forum_question_answer_01,forum_question_answer,zh_hans,nonseg_ascii_b16,ascii_b16,ascii_b16,16,False,1,,none,none,0,,,,,saved_token_ids,unmodified,none,payload_fidelity_v2,payload_aware_result_v2,1,1,original_serialized_payload_bytes_sha256_v1,1,512,384,512,4.0,3.0,4.0,3.0,128,0,128,-4.532055590877162,
2.0,8e1e720f86da3c4454554b09665c1e7208eb9e8ef12fd1e6d70354ce4e542c31,secondary_supplementary_multilingual_v2_payload_fidelity_after_manifest_freeze,secondary_supplementary,multilingual_v2_secondary,rankcloak_trial,revision_v1_multilingual_v2_payload_fidelity_v2__32a3339c2f83f04523bf,revision_v1_multilingual_v2_payload_fidelity_v2__32a3339c2f83f04523bf,,,,,,mistral_7b_instruct_v0_3_q4_k_m,mistral_7b_instruct_v0_3_q4_k_m,revision_v1_aes256_gcm_base64_002,aes256_gcm_base64,train,es_recipe_procedure_01,recipe_procedure,es,direct_subword_calgacus,direct_subword,direct_subword,,False,1,,none,none,0,,,,,saved_token_ids,unmodified,none,payload_fidelity_v2,payload_aware_result_v2,1,1,original_serialized_payload_bytes_sha256_v1,1,,384,512,,6.9818181818181815,9.309090909090909,6.9818181818181815,55,0,55,-6.479737893190119,
2.0,8e1e720f86da3c4454554b09665c1e7208eb9e8ef12fd1e6d70354ce4e542c31,secondary_supplementary_multilingual_v2_payload_fidelity_after_manifest_freeze,secondary_supplementary,multilingual_v2_secondary,rankcloak_trial,revision_v1_multilingual_v2_payload_fidelity_v2__7df49de6bb6b9acc4dc7,revision_v1_multilingual_v2_payload_fidelity_v2__7df49de6bb6b9acc4dc7,,,,,,mistral_7b_instruct_v0_3_q4_k_m,mistral_7b_instruct_v0_3_q4_k_m,revision_v1_aes256_gcm_base64_002,aes256_gcm_base64,train,es_recipe_procedure_01,recipe_procedure,es,nonseg_ascii_b16,ascii_b16,ascii_b16,16,False,1,,none,none,0,,,,,saved_token_ids,unmodified,none,payload_fidelity_v2,payload_aware_result_v2,1,1,original_serialized_payload_bytes_sha256_v1,1,512,384,512,4.0,3.0,4.0,3.0,128,0,128,-4.553545407921526,
2.0,8e1e720f86da3c4454554b09665c1e7208eb9e8ef12fd1e6d70354ce4e542c31,secondary_supplementary_multilingual_v2_payload_fidelity_after_manifest_freeze,secondary_supplementary,multilingual_v2_secondary,rankcloak_trial,revision_v1_multilingual_v2_payload_fidelity_v2__dbd0deaf2819cd609a54,revision_v1_multilingual_v2_payload_fidelity_v2__dbd0deaf2819cd609a54,,,,,,mistral_7b_instruct_v0_3_q4_k_m,mistral_7b_instruct_v0_3_q4_k_m,revision_v1_aes256_gcm_base64_002,aes256_gcm_base64,train,zh_hans_recipe_procedure_01,recipe_procedure,zh_hans,direct_subword_calgacus,direct_subword,direct_subword,,False,1,,none,none,0,,,,,saved_token_ids,unmodified,none,payload_fidelity_v2,payload_aware_result_v2,1,1,original_serialized_payload_bytes_sha256_v1,1,,384,512,,6.9818181818181815,9.309090909090909,6.9818181818181815,55,0,55,-7.15539859796196,
2.0,8e1e720f86da3c4454554b09665c1e7208eb9e8ef12fd1e6d70354ce4e542c31,secondary_supplementary_multilingual_v2_payload_fidelity_after_manifest_freeze,secondary_supplementary,multilingual_v2_secondary,rankcloak_trial,revision_v1_multilingual_v2_payload_fidelity_v2__ba8a6907a50ae7204bf6,revision_v1_multilingual_v2_payload_fidelity_v2__ba8a6907a50ae7204bf6,,,,,,mistral_7b_instruct_v0_3_q4_k_m,mistral_7b_instruct_v0_3_q4_k_m,revision_v1_aes256_gcm_base64_002,aes256_gcm_base64,train,zh_hans_recipe_procedure_01,recipe_procedure,zh_hans,nonseg_ascii_b16,ascii_b16,ascii_b16,16,False,1,,none,none,0,,,,,saved_token_ids,unmodified,none,payload_fidelity_v2,payload_aware_result_v2,1,1,original_serialized_payload_bytes_sha256_v1,1,512,384,512,4.0,3.0,4.0,3.0,128,0,128,-4.217115842043465,
2.0,8e1e720f86da3c4454554b09665c1e7208eb9e8ef12fd1e6d70354ce4e542c31,secondary_supplementary_multilingual_v2_payload_fidelity_after_manifest_freeze,secondary_supplementary,multilingual_v2_secondary,rankcloak_trial,revision_v1_multilingual_v2_payload_fidelity_v2__636fab0b9f320b9f1d82,revision_v1_multilingual_v2_payload_fidelity_v2__636fab0b9f320b9f1d82,,,,,,mistral_7b_instruct_v0_3_q4_k_m,mistral_7b_instruct_v0_3_q4_k_m,revision_v1_aes256_gcm_base64_003,aes256_gcm_base64,train,es_personal_narrative_blog_01,personal_narrative_blog,es,direct_subword_calgacus,direct_subword,direct_subword,,False,1,,none,none,0,,,,,saved_token_ids,unmodified,none,payload_fidelity_v2,payload_aware_result_v2,1,1,original_serialized_payload_bytes_sha256_v1,1,,384,512,,6.9818181818181815,9.309090909090909,6.9818181818181815,55,0,55,-6.665197582657946,
2.0,8e1e720f86da3c4454554b09665c1e7208eb9e8ef12fd1e6d70354ce4e542c31,secondary_supplementary_multilingual_v2_payload_fidelity_after_manifest_freeze,secondary_supplementary,multilingual_v2_secondary,rankcloak_trial,revision_v1_multilingual_v2_payload_fidelity_v2__0fdc39fc839df6183511,revision_v1_multilingual_v2_payload_fidelity_v2__0fdc39fc839df6183511,,,,,,mistral_7b_instruct_v0_3_q4_k_m,mistral_7b_instruct_v0_3_q4_k_m,revision_v1_aes256_gcm_base64_003,aes256_gcm_base64,train,es_personal_narrative_blog_01,personal_narrative_blog,es,nonseg_ascii_b16,ascii_b16,ascii_b16,16,False,1,,none,none,0,,,,,saved_token_ids,unmodified,none,payload_fidelity_v2,payload_aware_result_v2,1,1,original_serialized_payload_bytes_sha256_v1,1,512,384,512,4.0,3.0,4.0,3.0,128,0,128,-4.170508031690185,
2.0,8e1e720f86da3c4454554b09665c1e7208eb9e8ef12fd1e6d70354ce4e542c31,secondary_supplementary_multilingual_v2_payload_fidelity_after_manifest_freeze,secondary_supplementary,multilingual_v2_secondary,rankcloak_trial,revision_v1_multilingual_v2_payload_fidelity_v2__99166f4012f7e7218da0,revision_v1_multilingual_v2_payload_fidelity_v2__99166f4012f7e7218da0,,,,,,mistral_7b_instruct_v0_3_q4_k_m,mistral_7b_instruct_v0_3_q4_k_m,revision_v1_aes256_gcm_base64_003,aes256_gcm_base64,train,zh_hans_personal_narrative_blog_01,personal_narrative_blog,zh_hans,direct_subword_calgacus,direct_subword,direct_subword,,False,1,,none,none,0,,,,,saved_token_ids,unmodified,none,payload_fidelity_v2,payload_aware_result_v2,1,1,original_serialized_payload_bytes_sha256_v1,1,,384,512,,6.9818181818181815,9.309090909090909,6.9818181818181815,55,0,55,-6.721966182395963,
2.0,8e1e720f86da3c4454554b09665c1e7208eb9e8ef12fd1e6d70354ce4e542c31,secondary_supplementary_multilingual_v2_payload_fidelity_after_manifest_freeze,secondary_supplementary,multilingual_v2_secondary,rankcloak_trial,revision_v1_multilingual_v2_payload_fidelity_v2__8ca90799f7508c14ca9a,revision_v1_multilingual_v2_payload_fidelity_v2__8ca90799f7508c14ca9a,,,,,,mistral_7b_instruct_v0_3_q4_k_m,mistral_7b_instruct_v0_3_q4_k_m,revision_v1_aes256_gcm_base64_003,aes256_gcm_base64,train,zh_hans_personal_narrative_blog_01,personal_narrative_blog,zh_hans,nonseg_ascii_b16,ascii_b16,ascii_b16,16,False,1,,none,none,0,,,,,saved_token_ids,unmodified,none,payload_fidelity_v2,payload_aware_result_v2,1,1,original_serialized_payload_bytes_sha256_v1,1,512,384,512,4.0,3.0,4.0,3.0,128,0,128,-4.450264370789236,
2.0,8e1e720f86da3c4454554b09665c1e7208eb9e8ef12fd1e6d70354ce4e542c31,secondary_supplementary_multilingual_v2_payload_fidelity_after_manifest_freeze,secondary_supplementary,multilingual_v2_secondary,rankcloak_trial,revision_v1_multilingual_v2_payload_fidelity_v2__eb422b45fb08124db9a6,revision_v1_multilingual_v2_payload_fidelity_v2__eb422b45fb08124db9a6,,,,,,mistral_7b_instruct_v0_3_q4_k_m,mistral_7b_instruct_v0_3_q4_k_m,revision_v1_aes256_gcm_base64_004,aes256_gcm_base64,train,es_factual_explanatory_01,factual_explanatory,es,direct_subword_calgacus,direct_subword,direct_subword,,False,1,,none,none,0,,,,,saved_token_ids,unmodified,none,payload_fidelity_v2,payload_aware_result_v2,1,1,original_serialized_payload_bytes_sha256_v1,1,,384,512,,7.111111111111111,9.481481481481481,7.111111111111111,54,0,54,-6.648974881250673,
2.0,8e1e720f86da3c4454554b09665c1e7208eb9e8ef12fd1e6d70354ce4e542c31,secondary_supplementary_multilingual_v2_payload_fidelity_after_manifest_freeze,secondary_supplementary,multilingual_v2_secondary,rankcloak_trial,revision_v1_multilingual_v2_payload_fidelity_v2__1053981863278678b02b,revision_v1_multilingual_v2_payload_fidelity_v2__1053981863278678b02b,,,,,,mistral_7b_instruct_v0_3_q4_k_m,mistral_7b_instruct_v0_3_q4_k_m,revision_v1_aes256_gcm_base64_004,aes256_gcm_base64,train,es_factual_explanatory_01,factual_explanatory,es,nonseg_ascii_b16,ascii_b16,ascii_b16,16,False,1,,none,none,0,,,,,saved_token_ids,unmodified,none,payload_fidelity_v2,payload_aware_result_v2,1,1,original_serialized_payload_bytes_sha256_v1,1,512,384,512,4.0,3.0,4.0,3.0,128,0,128,-4.426202866562787,
2.0,8e1e720f86da3c4454554b09665c1e7208eb9e8ef12fd1e6d70354ce4e542c31,secondary_supplementary_multilingual_v2_payload_fidelity_after_manifest_freeze,secondary_supplementary,multilingual_v2_secondary,rankcloak_trial,revision_v1_multilingual_v2_payload_fidelity_v2__7bafb7d852bc65c01c45,revision_v1_multilingual_v2_payload_fidelity_v2__7bafb7d852bc65c01c45,,,,,,mistral_7b_instruct_v0_3_q4_k_m,mistral_7b_instruct_v0_3_q4_k_m,revision_v1_aes256_gcm_base64_004,aes256_gcm_base64,train,zh_hans_factual_explanatory_01,factual_explanatory,zh_hans,direct_subword_calgacus,direct_subword,direct_subword,,False,1,,none,none,0,,,,,saved_token_ids,unmodified,none,payload_fidelity_v2,payload_aware_result_v2,1,1,original_serialized_payload_bytes_sha256_v1,1,,384,512,,7.111111111111111,9.481481481481481,7.111111111111111,54,0,54,-6.903235002931597,
2.0,8e1e720f86da3c4454554b09665c1e7208eb9e8ef12fd1e6d70354ce4e542c31,secondary_supplementary_multilingual_v2_payload_fidelity_after_manifest_freeze,secondary_supplementary,multilingual_v2_secondary,rankcloak_trial,revision_v1_multilingual_v2_payload_fidelity_v2__aaf53d4a10037478e13f,revision_v1_multilingual_v2_payload_fidelity_v2__aaf53d4a10037478e13f,,,,,,mistral_7b_instruct_v0_3_q4_k_m,mistral_7b_instruct_v0_3_q4_k_m,revision_v1_aes256_gcm_base64_004,aes256_gcm_base64,train,zh_hans_factual_explanatory_01,factual_explanatory,zh_hans,nonseg_ascii_b16,ascii_b16,ascii_b16,16,False,1,,none,none,0,,,,,saved_token_ids,unmodified,none,payload_fidelity_v2,payload_aware_result_v2,1,1,original_serialized_payload_bytes_sha256_v1,1,512,384,512,4.0,3.0,4.0,3.0,128,0,128,-4.599867253073028,
2.0,8e1e720f86da3c4454554b09665c1e7208eb9e8ef12fd1e6d70354ce4e542c31,secondary_supplementary_multilingual_v2_payload_fidelity_after_manifest_freeze,secondary_supplementary,multilingual_v2_secondary,rankcloak_trial,revision_v1_multilingual_v2_payload_fidelity_v2__6ad8051b39698d8509a5,revision_v1_multilingual_v2_payload_fidelity_v2__6ad8051b39698d8509a5,,,,,,mistral_7b_instruct_v0_3_q4_k_m,mistral_7b_instruct_v0_3_q4_k_m,revision_v1_aes256_gcm_base64_005,aes256_gcm_base64,train,es_casual_conversation_01,casual_conversation,es,direct_subword_calgacus,direct_subword,direct_subword,,False,1,,none,none,0,,,,,saved_token_ids,unmodified,none,payload_fidelity_v2,payload_aware_result_v2,1,1,original_serialized_payload_bytes_sha256_v1,1,,384,512,,7.384615384615385,9.846153846153847,7.384615384615385,52,0,52,-7.120180437437368,
2.0,8e1e720f86da3c4454554b09665c1e7208eb9e8ef12fd1e6d70354ce4e542c31,secondary_supplementary_multilingual_v2_payload_fidelity_after_manifest_freeze,secondary_supplementary,multilingual_v2_secondary,rankcloak_trial,revision_v1_multilingual_v2_payload_fidelity_v2__142e01b429da42662b67,revision_v1_multilingual_v2_payload_fidelity_v2__142e01b429da42662b67,,,,,,mistral_7b_instruct_v0_3_q4_k_m,mistral_7b_instruct_v0_3_q4_k_m,revision_v1_aes256_gcm_base64_005,aes256_gcm_base64,train,es_casual_conversation_01,casual_conversation,es,nonseg_ascii_b16,ascii_b16,ascii_b16,16,False,1,,none,none,0,,,,,saved_token_ids,unmodified,none,payload_fidelity_v2,payload_aware_result_v2,1,1,original_serialized_payload_bytes_sha256_v1,1,512,384,512,4.0,3.0,4.0,3.0,128,0,128,-4.434505389009341,
2.0,8e1e720f86da3c4454554b09665c1e7208eb9e8ef12fd1e6d70354ce4e542c31,secondary_supplementary_multilingual_v2_payload_fidelity_after_manifest_freeze,secondary_supplementary,multilingual_v2_secondary,rankcloak_trial,revision_v1_multilingual_v2_payload_fidelity_v2__3c5785cd21a7857dc28f,revision_v1_multilingual_v2_payload_fidelity_v2__3c5785cd21a7857dc28f,,,,,,mistral_7b_instruct_v0_3_q4_k_m,mistral_7b_instruct_v0_3_q4_k_m,revision_v1_aes256_gcm_base64_005,aes256_gcm_base64,train,zh_hans_casual_conversation_01,casual_conversation,zh_hans,direct_subword_calgacus,direct_subword,direct_subword,,False,1,,none,none,0,,,,,saved_token_ids,unmodified,none,payload_fidelity_v2,payload_aware_result_v2,1,1,original_serialized_payload_bytes_sha256_v1,1,,384,512,,7.384615384615385,9.846153846153847,7.384615384615385,52,0,52,-7.181288635050816,
2.0,8e1e720f86da3c4454554b09665c1e7208eb9e8ef12fd1e6d70354ce4e542c31,secondary_supplementary_multilingual_v2_payload_fidelity_after_manifest_freeze,secondary_supplementary,multilingual_v2_secondary,rankcloak_trial,revision_v1_multilingual_v2_payload_fidelity_v2__2e2e3a57affff5d84093,revision_v1_multilingual_v2_payload_fidelity_v2__2e2e3a57affff5d84093,,,,,,mistral_7b_instruct_v0_3_q4_k_m,mistral_7b_instruct_v0_3_q4_k_m,revision_v1_aes256_gcm_base64_005,aes256_gcm_base64,train,zh_hans_casual_conversation_01,casual_conversation,zh_hans,nonseg_ascii_b16,ascii_b16,ascii_b16,16,False,1,,none,none,0,,,,,saved_token_ids,unmodified,none,payload_fidelity_v2,payload_aware_result_v2,1,1,original_serialized_payload_bytes_sha256_v1,1,512,384,512,4.0,3.0,4.0,3.0,128,0,128,-4.498452530709953,
2.0,8e1e720f86da3c4454554b09665c1e7208eb9e8ef12fd1e6d70354ce4e542c31,secondary_supplementary_multilingual_v2_payload_fidelity_after_manifest_freeze,secondary_supplementary,multilingual_v2_secondary,rankcloak_trial,revision_v1_multilingual_v2_payload_fidelity_v2__bc255d75e97ad9e494ac,revision_v1_multilingual_v2_payload_fidelity_v2__bc255d75e97ad9e494ac,,,,,,mistral_7b_instruct_v0_3_q4_k_m,mistral_7b_instruct_v0_3_q4_k_m,revision_v1_chacha20_poly1305_base64_000,chacha20_poly1305_base64,train,es_forum_question_answer_01,forum_question_answer,es,direct_subword_calgacus,direct_subword,direct_subword,,False,1,,none,none,0,,,,,saved_token_ids,unmodified,none,payload_fidelity_v2,payload_aware_result_v2,1,1,original_serialized_payload_bytes_sha256_v1,1,,384,512,,6.9818181818181815,9.309090909090909,6.9818181818181815,55,0,55,-6.251649893653476,
2.0,8e1e720f86da3c4454554b09665c1e7208eb9e8ef12fd1e6d70354ce4e542c31,secondary_supplementary_multilingual_v2_payload_fidelity_after_manifest_freeze,secondary_supplementary,multilingual_v2_secondary,rankcloak_trial,revision_v1_multilingual_v2_payload_fidelity_v2__abbd558098c7c490b18d,revision_v1_multilingual_v2_payload_fidelity_v2__abbd558098c7c490b18d,,,,,,mistral_7b_instruct_v0_3_q4_k_m,mistral_7b_instruct_v0_3_q4_k_m,revision_v1_chacha20_poly1305_base64_000,chacha20_poly1305_base64,train,es_forum_question_answer_01,forum_question_answer,es,nonseg_ascii_b16,ascii_b16,ascii_b16,16,False,1,,none,none,0,,,,,saved_token_ids,unmodified,none,payload_fidelity_v2,payload_aware_result_v2,1,1,original_serialized_payload_bytes_sha256_v1,1,512,384,512,4.0,3.0,4.0,3.0,128,0,128,-4.436518675935638,
2.0,8e1e720f86da3c4454554b09665c1e7208eb9e8ef12fd1e6d70354ce4e542c31,secondary_supplementary_multilingual_v2_payload_fidelity_after_manifest_freeze,secondary_supplementary,multilingual_v2_secondary,rankcloak_trial,revision_v1_multilingual_v2_payload_fidelity_v2__1e7a029f3aaf0f61662d,revision_v1_multilingual_v2_payload_fidelity_v2__1e7a029f3aaf0f61662d,,,,,,mistral_7b_instruct_v0_3_q4_k_m,mistral_7b_instruct_v0_3_q4_k_m,revision_v1_chacha20_poly1305_base64_000,chacha20_poly1305_base64,train,zh_hans_forum_question_answer_01,forum_question_answer,zh_hans,direct_subword_calgacus,direct_subword,direct_subword,,False,1,,none,none,0,,,,,saved_token_ids,unmodified,none,payload_fidelity_v2,payload_aware_result_v2,1,1,original_serialized_payload_bytes_sha256_v1,1,,384,512,,6.9818181818181815,9.309090909090909,6.9818181818181815,55,0,55,-6.817136989899153,
2.0,8e1e720f86da3c4454554b09665c1e7208eb9e8ef12fd1e6d70354ce4e542c31,secondary_supplementary_multilingual_v2_payload_fidelity_after_manifest_freeze,secondary_supplementary,multilingual_v2_secondary,rankcloak_trial,revision_v1_multilingual_v2_payload_fidelity_v2__ca5600866bfff2c66fd8,revision_v1_multilingual_v2_payload_fidelity_v2__ca5600866bfff2c66fd8,,,,,,mistral_7b_instruct_v0_3_q4_k_m,mistral_7b_instruct_v0_3_q4_k_m,revision_v1_chacha20_poly1305_base64_000,chacha20_poly1305_base64,train,zh_hans_forum_question_answer_01,forum_question_answer,zh_hans,nonseg_ascii_b16,ascii_b16,ascii_b16,16,False,1,,none,none,0,,,,,saved_token_ids,unmodified,none,payload_fidelity_v2,payload_aware_result_v2,1,1,original_serialized_payload_bytes_sha256_v1,1,512,384,512,4.0,3.0,4.0,3.0,128,0,128,-4.391241395051122,
2.0,8e1e720f86da3c4454554b09665c1e7208eb9e8ef12fd1e6d70354ce4e542c31,secondary_supplementary_multilingual_v2_payload_fidelity_after_manifest_freeze,secondary_supplementary,multilingual_v2_secondary,rankcloak_trial,revision_v1_multilingual_v2_payload_fidelity_v2__19681bedfe3dacc18735,revision_v1_multilingual_v2_payload_fidelity_v2__19681bedfe3dacc18735,,,,,,mistral_7b_instruct_v0_3_q4_k_m,mistral_7b_instruct_v0_3_q4_k_m,revision_v1_chacha20_poly1305_base64_001,chacha20_poly1305_base64,train,es_recipe_procedure_01,recipe_procedure,es,direct_subword_calgacus,direct_subword,direct_subword,,False,1,,none,none,0,,,,,saved_token_ids,unmodified,none,payload_fidelity_v2,payload_aware_result_v2,1,1,original_serialized_payload_bytes_sha256_v1,1,,384,512,,7.245283018867925,9.660377358490566,7.245283018867925,53,0,53,-6.287516902758025,
2.0,8e1e720f86da3c4454554b09665c1e7208eb9e8ef12fd1e6d70354ce4e542c31,secondary_supplementary_multilingual_v2_payload_fidelity_after_manifest_freeze,secondary_supplementary,multilingual_v2_secondary,rankcloak_trial,revision_v1_multilingual_v2_payload_fidelity_v2__8614eb8c966e25adbcab,revision_v1_multilingual_v2_payload_fidelity_v2__8614eb8c966e25adbcab,,,,,,mistral_7b_instruct_v0_3_q4_k_m,mistral_7b_instruct_v0_3_q4_k_m,revision_v1_chacha20_poly1305_base64_001,chacha20_poly1305_base64,train,es_recipe_procedure_01,recipe_procedure,es,nonseg_ascii_b16,ascii_b16,ascii_b16,16,False,1,,none,none,0,,,,,saved_token_ids,unmodified,none,payload_fidelity_v2,payload_aware_result_v2,1,1,original_serialized_payload_bytes_sha256_v1,1,512,384,512,4.0,3.0,4.0,3.0,128,0,128,-4.461301847506547,
2.0,8e1e720f86da3c4454554b09665c1e7208eb9e8ef12fd1e6d70354ce4e542c31,secondary_supplementary_multilingual_v2_payload_fidelity_after_manifest_freeze,secondary_supplementary,multilingual_v2_secondary,rankcloak_trial,revision_v1_multilingual_v2_payload_fidelity_v2__b532c69fb7bd51e932a3,revision_v1_multilingual_v2_payload_fidelity_v2__b532c69fb7bd51e932a3,,,,,,mistral_7b_instruct_v0_3_q4_k_m,mistral_7b_instruct_v0_3_q4_k_m,revision_v1_chacha20_poly1305_base64_001,chacha20_poly1305_base64,train,zh_hans_recipe_procedure_01,recipe_procedure,zh_hans,direct_subword_calgacus,direct_subword,direct_subword,,False,1,,none,none,0,,,,,saved_token_ids,unmodified,none,payload_fidelity_v2,payload_aware_result_v2,1,1,original_serialized_payload_bytes_sha256_v1,1,,384,512,,7.245283018867925,9.660377358490566,7.245283018867925,53,0,53,-6.829440569665487,
2.0,8e1e720f86da3c4454554b09665c1e7208eb9e8ef12fd1e6d70354ce4e542c31,secondary_supplementary_multilingual_v2_payload_fidelity_after_manifest_freeze,secondary_supplementary,multilingual_v2_secondary,rankcloak_trial,revision_v1_multilingual_v2_payload_fidelity_v2__469fa3a4d92cf4e408f7,revision_v1_multilingual_v2_payload_fidelity_v2__469fa3a4d92cf4e408f7,,,,,,mistral_7b_instruct_v0_3_q4_k_m,mistral_7b_instruct_v0_3_q4_k_m,revision_v1_chacha20_poly1305_base64_001,chacha20_poly1305_base64,train,zh_hans_recipe_procedure_01,recipe_procedure,zh_hans,nonseg_ascii_b16,ascii_b16,ascii_b16,16,False,1,,none,none,0,,,,,saved_token_ids,unmodified,none,payload_fidelity_v2,payload_aware_result_v2,1,1,original_serialized_payload_bytes_sha256_v1,1,512,384,512,4.0,3.0,4.0,3.0,128,0,128,-4.171178797012283,
2.0,8e1e720f86da3c4454554b09665c1e7208eb9e8ef12fd1e6d70354ce4e542c31,secondary_supplementary_multilingual_v2_payload_fidelity_after_manifest_freeze,secondary_supplementary,multilingual_v2_secondary,rankcloak_trial,revision_v1_multilingual_v2_payload_fidelity_v2__c78358ca067a19765520,revision_v1_multilingual_v2_payload_fidelity_v2__c78358ca067a19765520,,,,,,mistral_7b_instruct_v0_3_q4_k_m,mistral_7b_instruct_v0_3_q4_k_m,revision_v1_chacha20_poly1305_base64_002,chacha20_poly1305_base64,train,es_personal_narrative_blog_01,personal_narrative_blog,es,direct_subword_calgacus,direct_subword,direct_subword,,False,1,,none,none,0,,,,,saved_token_ids,unmodified,none,payload_fidelity_v2,payload_aware_result_v2,1,1,original_serialized_payload_bytes_sha256_v1,1,,384,512,,7.529411764705882,10.03921568627451,7.529411764705882,51,0,51,-6.926912983025794,
2.0,8e1e720f86da3c4454554b09665c1e7208eb9e8ef12fd1e6d70354ce4e542c31,secondary_supplementary_multilingual_v2_payload_fidelity_after_manifest_freeze,secondary_supplementary,multilingual_v2_secondary,rankcloak_trial,revision_v1_multilingual_v2_payload_fidelity_v2__4ae1c91e7dff250c1299,revision_v1_multilingual_v2_payload_fidelity_v2__4ae1c91e7dff250c1299,,,,,,mistral_7b_instruct_v0_3_q4_k_m,mistral_7b_instruct_v0_3_q4_k_m,revision_v1_chacha20_poly1305_base64_002,chacha20_poly1305_base64,train,es_personal_narrative_blog_01,personal_narrative_blog,es,nonseg_ascii_b16,ascii_b16,ascii_b16,16,False,1,,none,none,0,,,,,saved_token_ids,unmodified,none,payload_fidelity_v2,payload_aware_result_v2,1,1,original_serialized_payload_bytes_sha256_v1,1,512,384,512,4.0,3.0,4.0,3.0,128,0,128,-4.265767047626032,
2.0,8e1e720f86da3c4454554b09665c1e7208eb9e8ef12fd1e6d70354ce4e542c31,secondary_supplementary_multilingual_v2_payload_fidelity_after_manifest_freeze,secondary_supplementary,multilingual_v2_secondary,rankcloak_trial,revision_v1_multilingual_v2_payload_fidelity_v2__dcff53b3513882f07a50,revision_v1_multilingual_v2_payload_fidelity_v2__dcff53b3513882f07a50,,,,,,mistral_7b_instruct_v0_3_q4_k_m,mistral_7b_instruct_v0_3_q4_k_m,revision_v1_chacha20_poly1305_base64_002,chacha20_poly1305_base64,train,zh_hans_personal_narrative_blog_01,personal_narrative_blog,zh_hans,direct_subword_calgacus,direct_subword,direct_subword,,False,1,,none,none,0,,,,,saved_token_ids,unmodified,none,payload_fidelity_v2,payload_aware_result_v2,1,1,original_serialized_payload_bytes_sha256_v1,1,,384,512,,7.529411764705882,10.03921568627451,7.529411764705882,51,0,51,-6.997669577624802,
2.0,8e1e720f86da3c4454554b09665c1e7208eb9e8ef12fd1e6d70354ce4e542c31,secondary_supplementary_multilingual_v2_payload_fidelity_after_manifest_freeze,secondary_supplementary,multilingual_v2_secondary,rankcloak_trial,revision_v1_multilingual_v2_payload_fidelity_v2__836ec84437c183a15f5a,revision_v1_multilingual_v2_payload_fidelity_v2__836ec84437c183a15f5a,,,,,,mistral_7b_instruct_v0_3_q4_k_m,mistral_7b_instruct_v0_3_q4_k_m,revision_v1_chacha20_poly1305_base64_002,chacha20_poly1305_base64,train,zh_hans_personal_narrative_blog_01,personal_narrative_blog,zh_hans,nonseg_ascii_b16,ascii_b16,ascii_b16,16,False,1,,none,none,0,,,,,saved_token_ids,unmodified,none,payload_fidelity_v2,payload_aware_result_v2,1,1,original_serialized_payload_bytes_sha256_v1,1,512,384,512,4.0,3.0,4.0,3.0,128,0,128,-4.209975783859472,
2.0,8e1e720f86da3c4454554b09665c1e7208eb9e8ef12fd1e6d70354ce4e542c31,secondary_supplementary_multilingual_v2_payload_fidelity_after_manifest_freeze,secondary_supplementary,multilingual_v2_secondary,rankcloak_trial,revision_v1_multilingual_v2_payload_fidelity_v2__9baf6b20ea1e042dcc35,revision_v1_multilingual_v2_payload_fidelity_v2__9baf6b20ea1e042dcc35,,,,,,mistral_7b_instruct_v0_3_q4_k_m,mistral_7b_instruct_v0_3_q4_k_m,revision_v1_chacha20_poly1305_base64_003,chacha20_poly1305_base64,train,es_factual_explanatory_01,factual_explanatory,es,direct_subword_calgacus,direct_subword,direct_subword,,False,1,,none,none,0,,,,,saved_token_ids,unmodified,none,payload_fidelity_v2,payload_aware_result_v2,1,1,original_serialized_payload_bytes_sha256_v1,1,,384,512,,7.384615384615385,9.846153846153847,7.384615384615385,52,0,52,-6.470677658175158,
2.0,8e1e720f86da3c4454554b09665c1e7208eb9e8ef12fd1e6d70354ce4e542c31,secondary_supplementary_multilingual_v2_payload_fidelity_after_manifest_freeze,secondary_supplementary,multilingual_v2_secondary,rankcloak_trial,revision_v1_multilingual_v2_payload_fidelity_v2__48e311d5eb296c954250,revision_v1_multilingual_v2_payload_fidelity_v2__48e311d5eb296c954250,,,,,,mistral_7b_instruct_v0_3_q4_k_m,mistral_7b_instruct_v0_3_q4_k_m,revision_v1_chacha20_poly1305_base64_003,chacha20_poly1305_base64,train,es_factual_explanatory_01,factual_explanatory,es,nonseg_ascii_b16,ascii_b16,ascii_b16,16,False,1,,none,none,0,,,,,saved_token_ids,unmodified,none,payload_fidelity_v2,payload_aware_result_v2,1,1,original_serialized_payload_bytes_sha256_v1,1,512,384,512,4.0,3.0,4.0,3.0,128,0,128,-4.4544022599014985,
2.0,8e1e720f86da3c4454554b09665c1e7208eb9e8ef12fd1e6d70354ce4e542c31,secondary_supplementary_multilingual_v2_payload_fidelity_after_manifest_freeze,secondary_supplementary,multilingual_v2_secondary,rankcloak_trial,revision_v1_multilingual_v2_payload_fidelity_v2__260e22beb0552c0581d8,revision_v1_multilingual_v2_payload_fidelity_v2__260e22beb0552c0581d8,,,,,,mistral_7b_instruct_v0_3_q4_k_m,mistral_7b_instruct_v0_3_q4_k_m,revision_v1_chacha20_poly1305_base64_003,chacha20_poly1305_base64,train,zh_hans_factual_explanatory_01,factual_explanatory,zh_hans,direct_subword_calgacus,direct_subword,direct_subword,,False,1,,none,none,0,,,,,saved_token_ids,unmodified,none,payload_fidelity_v2,payload_aware_result_v2,1,1,original_serialized_payload_bytes_sha256_v1,1,,384,512,,7.384615384615385,9.846153846153847,7.384615384615385,52,0,52,-7.3299724642191695,
2.0,8e1e720f86da3c4454554b09665c1e7208eb9e8ef12fd1e6d70354ce4e542c31,secondary_supplementary_multilingual_v2_payload_fidelity_after_manifest_freeze,secondary_supplementary,multilingual_v2_secondary,rankcloak_trial,revision_v1_multilingual_v2_payload_fidelity_v2__3a627d4105481fc1f210,revision_v1_multilingual_v2_payload_fidelity_v2__3a627d4105481fc1f210,,,,,,mistral_7b_instruct_v0_3_q4_k_m,mistral_7b_instruct_v0_3_q4_k_m,revision_v1_chacha20_poly1305_base64_003,chacha20_poly1305_base64,train,zh_hans_factual_explanatory_01,factual_explanatory,zh_hans,nonseg_ascii_b16,ascii_b16,ascii_b16,16,False,1,,none,none,0,,,,,saved_token_ids,unmodified,none,payload_fidelity_v2,payload_aware_result_v2,1,1,original_serialized_payload_bytes_sha256_v1,1,512,384,512,4.0,3.0,4.0,3.0,128,0,128,-4.335110570396384,
2.0,8e1e720f86da3c4454554b09665c1e7208eb9e8ef12fd1e6d70354ce4e542c31,secondary_supplementary_multilingual_v2_payload_fidelity_after_manifest_freeze,secondary_supplementary,multilingual_v2_secondary,rankcloak_trial,revision_v1_multilingual_v2_payload_fidelity_v2__ad65d04dc8c00d2de38e,revision_v1_multilingual_v2_payload_fidelity_v2__ad65d04dc8c00d2de38e,,,,,,mistral_7b_instruct_v0_3_q4_k_m,mistral_7b_instruct_v0_3_q4_k_m,revision_v1_chacha20_poly1305_base64_004,chacha20_poly1305_base64,train,es_casual_conversation_01,casual_conversation,es,direct_subword_calgacus,direct_subword,direct_subword,,False,1,,none,none,0,,,,,saved_token_ids,unmodified,none,payload_fidelity_v2,payload_aware_result_v2,1,1,original_serialized_payload_bytes_sha256_v1,1,,384,512,,7.111111111111111,9.481481481481481,7.111111111111111,54,0,54,-6.625487856471772,
2.0,8e1e720f86da3c4454554b09665c1e7208eb9e8ef12fd1e6d70354ce4e542c31,secondary_supplementary_multilingual_v2_payload_fidelity_after_manifest_freeze,secondary_supplementary,multilingual_v2_secondary,rankcloak_trial,revision_v1_multilingual_v2_payload_fidelity_v2__63c6f00cc7630c7f98fd,revision_v1_multilingual_v2_payload_fidelity_v2__63c6f00cc7630c7f98fd,,,,,,mistral_7b_instruct_v0_3_q4_k_m,mistral_7b_instruct_v0_3_q4_k_m,revision_v1_chacha20_poly1305_base64_004,chacha20_poly1305_base64,train,es_casual_conversation_01,casual_conversation,es,nonseg_ascii_b16,ascii_b16,ascii_b16,16,False,1,,none,none,0,,,,,saved_token_ids,unmodified,none,payload_fidelity_v2,payload_aware_result_v2,1,1,original_serialized_payload_bytes_sha256_v1,1,512,384,512,4.0,3.0,4.0,3.0,128,0,128,-4.6813783994147276,
2.0,8e1e720f86da3c4454554b09665c1e7208eb9e8ef12fd1e6d70354ce4e542c31,secondary_supplementary_multilingual_v2_payload_fidelity_after_manifest_freeze,secondary_supplementary,multilingual_v2_secondary,rankcloak_trial,revision_v1_multilingual_v2_payload_fidelity_v2__d46b22078ab32d55fe0d,revision_v1_multilingual_v2_payload_fidelity_v2__d46b22078ab32d55fe0d,,,,,,mistral_7b_instruct_v0_3_q4_k_m,mistral_7b_instruct_v0_3_q4_k_m,revision_v1_chacha20_poly1305_base64_004,chacha20_poly1305_base64,train,zh_hans_casual_conversation_01,casual_conversation,zh_hans,direct_subword_calgacus,direct_subword,direct_subword,,False,1,,none,none,0,,,,,saved_token_ids,unmodified,none,payload_fidelity_v2,payload_aware_result_v2,1,1,original_serialized_payload_bytes_sha256_v1,1,,384,512,,7.111111111111111,9.481481481481481,7.111111111111111,54,0,54,-6.632520609747512,
2.0,8e1e720f86da3c4454554b09665c1e7208eb9e8ef12fd1e6d70354ce4e542c31,secondary_supplementary_multilingual_v2_payload_fidelity_after_manifest_freeze,secondary_supplementary,multilingual_v2_secondary,rankcloak_trial,revision_v1_multilingual_v2_payload_fidelity_v2__afa32c24de58af2f9ebc,revision_v1_multilingual_v2_payload_fidelity_v2__afa32c24de58af2f9ebc,,,,,,mistral_7b_instruct_v0_3_q4_k_m,mistral_7b_instruct_v0_3_q4_k_m,revision_v1_chacha20_poly1305_base64_004,chacha20_poly1305_base64,train,zh_hans_casual_conversation_01,casual_conversation,zh_hans,nonseg_ascii_b16,ascii_b16,ascii_b16,16,False,1,,none,none,0,,,,,saved_token_ids,unmodified,none,payload_fidelity_v2,payload_aware_result_v2,1,1,original_serialized_payload_bytes_sha256_v1,1,512,384,512,4.0,3.0,4.0,3.0,128,0,128,-4.325106091880389,
2.0,8e1e720f86da3c4454554b09665c1e7208eb9e8ef12fd1e6d70354ce4e542c31,secondary_supplementary_multilingual_v2_payload_fidelity_after_manifest_freeze,secondary_supplementary,multilingual_v2_secondary,rankcloak_trial,revision_v1_multilingual_v2_payload_fidelity_v2__191db8dc90c983dd90d7,revision_v1_multilingual_v2_payload_fidelity_v2__191db8dc90c983dd90d7,,,,,,mistral_7b_instruct_v0_3_q4_k_m,mistral_7b_instruct_v0_3_q4_k_m,revision_v1_chacha20_poly1305_base64_005,chacha20_poly1305_base64,train,es_professional_communication_01,professional_communication,es,direct_subword_calgacus,direct_subword,direct_subword,,False,1,,none,none,0,,,,,saved_token_ids,unmodified,none,payload_fidelity_v2,payload_aware_result_v2,1,1,original_serialized_payload_bytes_sha256_v1,1,,384,512,,7.529411764705882,10.03921568627451,7.529411764705882,51,0,51,-6.811728172298026,
2.0,8e1e720f86da3c4454554b09665c1e7208eb9e8ef12fd1e6d70354ce4e542c31,secondary_supplementary_multilingual_v2_payload_fidelity_after_manifest_freeze,secondary_supplementary,multilingual_v2_secondary,rankcloak_trial,revision_v1_multilingual_v2_payload_fidelity_v2__a6a773c56e83faa13740,revision_v1_multilingual_v2_payload_fidelity_v2__a6a773c56e83faa13740,,,,,,mistral_7b_instruct_v0_3_q4_k_m,mistral_7b_instruct_v0_3_q4_k_m,revision_v1_chacha20_poly1305_base64_005,chacha20_poly1305_base64,train,es_professional_communication_01,professional_communication,es,nonseg_ascii_b16,ascii_b16,ascii_b16,16,False,1,,none,none,0,,,,,saved_token_ids,unmodified,none,payload_fidelity_v2,payload_aware_result_v2,1,1,original_serialized_payload_bytes_sha256_v1,1,512,384,512,4.0,3.0,4.0,3.0,128,0,128,-4.337102569043207,
2.0,8e1e720f86da3c4454554b09665c1e7208eb9e8ef12fd1e6d70354ce4e542c31,secondary_supplementary_multilingual_v2_payload_fidelity_after_manifest_freeze,secondary_supplementary,multilingual_v2_secondary,rankcloak_trial,revision_v1_multilingual_v2_payload_fidelity_v2__4f8389f411801d2f18b6,revision_v1_multilingual_v2_payload_fidelity_v2__4f8389f411801d2f18b6,,,,,,mistral_7b_instruct_v0_3_q4_k_m,mistral_7b_instruct_v0_3_q4_k_m,revision_v1_chacha20_poly1305_base64_005,chacha20_poly1305_base64,train,zh_hans_professional_communication_01,professional_communication,zh_hans,direct_subword_calgacus,direct_subword,direct_subword,,False,1,,none,none,0,,,,,saved_token_ids,unmodified,none,payload_fidelity_v2,payload_aware_result_v2,1,1,original_serialized_payload_bytes_sha256_v1,1,,384,512,,7.529411764705882,10.03921568627451,7.529411764705882,51,0,51,-7.405088032243186,
2.0,8e1e720f86da3c4454554b09665c1e7208eb9e8ef12fd1e6d70354ce4e542c31,secondary_supplementary_multilingual_v2_payload_fidelity_after_manifest_freeze,secondary_supplementary,multilingual_v2_secondary,rankcloak_trial,revision_v1_multilingual_v2_payload_fidelity_v2__b69fcf8513974304b492,revision_v1_multilingual_v2_payload_fidelity_v2__b69fcf8513974304b492,,,,,,mistral_7b_instruct_v0_3_q4_k_m,mistral_7b_instruct_v0_3_q4_k_m,revision_v1_chacha20_poly1305_base64_005,chacha20_poly1305_base64,train,zh_hans_professional_communication_01,professional_communication,zh_hans,nonseg_ascii_b16,ascii_b16,ascii_b16,16,False,1,,none,none,0,,,,,saved_token_ids,unmodified,none,payload_fidelity_v2,payload_aware_result_v2,1,1,original_serialized_payload_bytes_sha256_v1,1,512,384,512,4.0,3.0,4.0,3.0,128,0,128,-4.987653165327037,
2.0,8e1e720f86da3c4454554b09665c1e7208eb9e8ef12fd1e6d70354ce4e542c31,secondary_supplementary_multilingual_v2_payload_fidelity_after_manifest_freeze,secondary_supplementary,multilingual_v2_secondary,rankcloak_trial,revision_v1_multilingual_v2_payload_fidelity_v2__20262a6fbdc51d1f4937,revision_v1_multilingual_v2_payload_fidelity_v2__20262a6fbdc51d1f4937,,,,,,mistral_7b_instruct_v0_3_q4_k_m,mistral_7b_instruct_v0_3_q4_k_m,revision_v1_ed25519_signature_base64_000,ed25519_signature_base64,train,es_recipe_procedure_01,recipe_procedure,es,direct_subword_calgacus,direct_subword,direct_subword,,False,1,,none,none,0,,,,,saved_token_ids,unmodified,none,payload_fidelity_v2,payload_aware_result_v2,1,1,original_serialized_payload_bytes_sha256_v1,1,,512,704,,7.013698630136986,9.643835616438356,7.013698630136986,73,0,73,-6.451345372255663,
2.0,8e1e720f86da3c4454554b09665c1e7208eb9e8ef12fd1e6d70354ce4e542c31,secondary_supplementary_multilingual_v2_payload_fidelity_after_manifest_freeze,secondary_supplementary,multilingual_v2_secondary,rankcloak_trial,revision_v1_multilingual_v2_payload_fidelity_v2__1335c7c5bdaaec5e4243,revision_v1_multilingual_v2_payload_fidelity_v2__1335c7c5bdaaec5e4243,,,,,,mistral_7b_instruct_v0_3_q4_k_m,mistral_7b_instruct_v0_3_q4_k_m,revision_v1_ed25519_signature_base64_000,ed25519_signature_base64,train,es_recipe_procedure_01,recipe_procedure,es,nonseg_ascii_b16,ascii_b16,ascii_b16,16,False,1,,none,none,0,,,,,saved_token_ids,unmodified,none,payload_fidelity_v2,payload_aware_result_v2,1,1,original_serialized_payload_bytes_sha256_v1,1,704,512,704,4.0,2.909090909090909,4.0,2.909090909090909,176,0,176,-4.143255056827576,
2.0,8e1e720f86da3c4454554b09665c1e7208eb9e8ef12fd1e6d70354ce4e542c31,secondary_supplementary_multilingual_v2_payload_fidelity_after_manifest_freeze,secondary_supplementary,multilingual_v2_secondary,rankcloak_trial,revision_v1_multilingual_v2_payload_fidelity_v2__8019436e947587922cdc,revision_v1_multilingual_v2_payload_fidelity_v2__8019436e947587922cdc,,,,,,mistral_7b_instruct_v0_3_q4_k_m,mistral_7b_instruct_v0_3_q4_k_m,revision_v1_ed25519_signature_base64_000,ed25519_signature_base64,train,zh_hans_recipe_procedure_01,recipe_procedure,zh_hans,direct_subword_calgacus,direct_subword,direct_subword,,False,1,,none,none,0,,,,,saved_token_ids,unmodified,none,payload_fidelity_v2,payload_aware_result_v2,1,1,original_serialized_payload_bytes_sha256_v1,1,,512,704,,7.013698630136986,9.643835616438356,7.013698630136986,73,0,73,-6.7606190845468985,
2.0,8e1e720f86da3c4454554b09665c1e7208eb9e8ef12fd1e6d70354ce4e542c31,secondary_supplementary_multilingual_v2_payload_fidelity_after_manifest_freeze,secondary_supplementary,multilingual_v2_secondary,rankcloak_trial,revision_v1_multilingual_v2_payload_fidelity_v2__d135d3b02fa558d09ca0,revision_v1_multilingual_v2_payload_fidelity_v2__d135d3b02fa558d09ca0,,,,,,mistral_7b_instruct_v0_3_q4_k_m,mistral_7b_instruct_v0_3_q4_k_m,revision_v1_ed25519_signature_base64_000,ed25519_signature_base64,train,zh_hans_recipe_procedure_01,recipe_procedure,zh_hans,nonseg_ascii_b16,ascii_b16,ascii_b16,16,False,1,,none,none,0,,,,,saved_token_ids,unmodified,none,payload_fidelity_v2,payload_aware_result_v2,1,1,original_serialized_payload_bytes_sha256_v1,1,704,512,704,4.0,2.909090909090909,4.0,2.909090909090909,176,0,176,-3.945484843527356,
2.0,8e1e720f86da3c4454554b09665c1e7208eb9e8ef12fd1e6d70354ce4e542c31,secondary_supplementary_multilingual_v2_payload_fidelity_after_manifest_freeze,secondary_supplementary,multilingual_v2_secondary,rankcloak_trial,revision_v1_multilingual_v2_payload_fidelity_v2__f2f5d90d13f2136c459e,revision_v1_multilingual_v2_payload_fidelity_v2__f2f5d90d13f2136c459e,,,,,,mistral_7b_instruct_v0_3_q4_k_m,mistral_7b_instruct_v0_3_q4_k_m,revision_v1_ed25519_signature_base64_001,ed25519_signature_base64,train,es_personal_narrative_blog_01,personal_narrative_blog,es,direct_subword_calgacus,direct_subword,direct_subword,,False,1,,none,none,0,,,,,saved_token_ids,unmodified,none,payload_fidelity_v2,payload_aware_result_v2,1,1,original_serialized_payload_bytes_sha256_v1,1,,512,704,,6.64935064935065,9.142857142857142,6.64935064935065,77,0,77,-5.76786070796307,
2.0,8e1e720f86da3c4454554b09665c1e7208eb9e8ef12fd1e6d70354ce4e542c31,secondary_supplementary_multilingual_v2_payload_fidelity_after_manifest_freeze,secondary_supplementary,multilingual_v2_secondary,rankcloak_trial,revision_v1_multilingual_v2_payload_fidelity_v2__bc3c09d7dc1ef96dbddd,revision_v1_multilingual_v2_payload_fidelity_v2__bc3c09d7dc1ef96dbddd,,,,,,mistral_7b_instruct_v0_3_q4_k_m,mistral_7b_instruct_v0_3_q4_k_m,revision_v1_ed25519_signature_base64_001,ed25519_signature_base64,train,es_personal_narrative_blog_01,personal_narrative_blog,es,nonseg_ascii_b16,ascii_b16,ascii_b16,16,False,1,,none,none,0,,,,,saved_token_ids,unmodified,none,payload_fidelity_v2,payload_aware_result_v2,1,1,original_serialized_payload_bytes_sha256_v1,1,704,512,704,4.0,2.909090909090909,4.0,2.909090909090909,176,0,176,-4.1885518197682705,
2.0,8e1e720f86da3c4454554b09665c1e7208eb9e8ef12fd1e6d70354ce4e542c31,secondary_supplementary_multilingual_v2_payload_fidelity_after_manifest_freeze,secondary_supplementary,multilingual_v2_secondary,rankcloak_trial,revision_v1_multilingual_v2_payload_fidelity_v2__650163c248baa4466fb7,revision_v1_multilingual_v2_payload_fidelity_v2__650163c248baa4466fb7,,,,,,mistral_7b_instruct_v0_3_q4_k_m,mistral_7b_instruct_v0_3_q4_k_m,revision_v1_ed25519_signature_base64_001,ed25519_signature_base64,train,zh_hans_personal_narrative_blog_01,personal_narrative_blog,zh_hans,direct_subword_calgacus,direct_subword,direct_subword,,False,1,,none,none,0,,,,,saved_token_ids,unmodified,none,payload_fidelity_v2,payload_aware_result_v2,1,1,original_serialized_payload_bytes_sha256_v1,1,,512,704,,6.64935064935065,9.142857142857142,6.64935064935065,77,0,77,-6.80831092674669,
2.0,8e1e720f86da3c4454554b09665c1e7208eb9e8ef12fd1e6d70354ce4e542c31,secondary_supplementary_multilingual_v2_payload_fidelity_after_manifest_freeze,secondary_supplementary,multilingual_v2_secondary,rankcloak_trial,revision_v1_multilingual_v2_payload_fidelity_v2__dd8d9cd12210a32214de,revision_v1_multilingual_v2_payload_fidelity_v2__dd8d9cd12210a32214de,,,,,,mistral_7b_instruct_v0_3_q4_k_m,mistral_7b_instruct_v0_3_q4_k_m,revision_v1_ed25519_signature_base64_001,ed25519_signature_base64,train,zh_hans_personal_narrative_blog_01,personal_narrative_blog,zh_hans,nonseg_ascii_b16,ascii_b16,ascii_b16,16,False,1,,none,none,0,,,,,saved_token_ids,unmodified,none,payload_fidelity_v2,payload_aware_result_v2,1,1,original_serialized_payload_bytes_sha256_v1,1,704,512,704,4.0,2.909090909090909,4.0,2.909090909090909,176,0,176,-3.9155649304170264,
2.0,8e1e720f86da3c4454554b09665c1e7208eb9e8ef12fd1e6d70354ce4e542c31,secondary_supplementary_multilingual_v2_payload_fidelity_after_manifest_freeze,secondary_supplementary,multilingual_v2_secondary,rankcloak_trial,revision_v1_multilingual_v2_payload_fidelity_v2__1df88c2f6a28318b804a,revision_v1_multilingual_v2_payload_fidelity_v2__1df88c2f6a28318b804a,,,,,,mistral_7b_instruct_v0_3_q4_k_m,mistral_7b_instruct_v0_3_q4_k_m,revision_v1_ed25519_signature_base64_002,ed25519_signature_base64,train,es_factual_explanatory_01,factual_explanatory,es,direct_subword_calgacus,direct_subword,direct_subword,,False,1,,none,none,0,,,,,saved_token_ids,unmodified,none,payload_fidelity_v2,payload_aware_result_v2,1,1,original_serialized_payload_bytes_sha256_v1,1,,512,704,,6.918918918918919,9.513513513513514,6.918918918918919,74,0,74,-6.154786905831465,
2.0,8e1e720f86da3c4454554b09665c1e7208eb9e8ef12fd1e6d70354ce4e542c31,secondary_supplementary_multilingual_v2_payload_fidelity_after_manifest_freeze,secondary_supplementary,multilingual_v2_secondary,rankcloak_trial,revision_v1_multilingual_v2_payload_fidelity_v2__18408a723ecb5b7077d8,revision_v1_multilingual_v2_payload_fidelity_v2__18408a723ecb5b7077d8,,,,,,mistral_7b_instruct_v0_3_q4_k_m,mistral_7b_instruct_v0_3_q4_k_m,revision_v1_ed25519_signature_base64_002,ed25519_signature_base64,train,es_factual_explanatory_01,factual_explanatory,es,nonseg_ascii_b16,ascii_b16,ascii_b16,16,False,1,,none,none,0,,,,,saved_token_ids,unmodified,none,payload_fidelity_v2,payload_aware_result_v2,1,1,original_serialized_payload_bytes_sha256_v1,1,704,512,704,4.0,2.909090909090909,4.0,2.909090909090909,176,0,176,-4.3898688578948,
2.0,8e1e720f86da3c4454554b09665c1e7208eb9e8ef12fd1e6d70354ce4e542c31,secondary_supplementary_multilingual_v2_payload_fidelity_after_manifest_freeze,secondary_supplementary,multilingual_v2_secondary,rankcloak_trial,revision_v1_multilingual_v2_payload_fidelity_v2__6ef000427c6ff50f3904,revision_v1_multilingual_v2_payload_fidelity_v2__6ef000427c6ff50f3904,,,,,,mistral_7b_instruct_v0_3_q4_k_m,mistral_7b_instruct_v0_3_q4_k_m,revision_v1_ed25519_signature_base64_002,ed25519_signature_base64,train,zh_hans_factual_explanatory_01,factual_explanatory,zh_hans,direct_subword_calgacus,direct_subword,direct_subword,,False,1,,none,none,0,,,,,saved_token_ids,unmodified,none,payload_fidelity_v2,payload_aware_result_v2,1,1,original_serialized_payload_bytes_sha256_v1,1,,512,704,,6.918918918918919,9.513513513513514,6.918918918918919,74,0,74,-6.281840992901462,
2.0,8e1e720f86da3c4454554b09665c1e7208eb9e8ef12fd1e6d70354ce4e542c31,secondary_supplementary_multilingual_v2_payload_fidelity_after_manifest_freeze,secondary_supplementary,multilingual_v2_secondary,rankcloak_trial,revision_v1_multilingual_v2_payload_fidelity_v2__01205ede29e4fca15fb3,revision_v1_multilingual_v2_payload_fidelity_v2__01205ede29e4fca15fb3,,,,,,mistral_7b_instruct_v0_3_q4_k_m,mistral_7b_instruct_v0_3_q4_k_m,revision_v1_ed25519_signature_base64_002,ed25519_signature_base64,train,zh_hans_factual_explanatory_01,factual_explanatory,zh_hans,nonseg_ascii_b16,ascii_b16,ascii_b16,16,False,1,,none,none,0,,,,,saved_token_ids,unmodified,none,payload_fidelity_v2,payload_aware_result_v2,1,1,original_serialized_payload_bytes_sha256_v1,1,704,512,704,4.0,2.909090909090909,4.0,2.909090909090909,176,0,176,-4.3498575778075255,
2.0,8e1e720f86da3c4454554b09665c1e7208eb9e8ef12fd1e6d70354ce4e542c31,secondary_supplementary_multilingual_v2_payload_fidelity_after_manifest_freeze,secondary_supplementary,multilingual_v2_secondary,rankcloak_trial,revision_v1_multilingual_v2_payload_fidelity_v2__7cb799100a64a1d675cf,revision_v1_multilingual_v2_payload_fidelity_v2__7cb799100a64a1d675cf,,,,,,mistral_7b_instruct_v0_3_q4_k_m,mistral_7b_instruct_v0_3_q4_k_m,revision_v1_ed25519_signature_base64_003,ed25519_signature_base64,train,es_casual_conversation_01,casual_conversation,es,direct_subword_calgacus,direct_subword,direct_subword,,False,1,,none,none,0,,,,,saved_token_ids,unmodified,none,payload_fidelity_v2,payload_aware_result_v2,1,1,original_serialized_payload_bytes_sha256_v1,1,,512,704,,7.211267605633803,9.915492957746478,7.211267605633803,71,0,71,-6.589684539640737,
2.0,8e1e720f86da3c4454554b09665c1e7208eb9e8ef12fd1e6d70354ce4e542c31,secondary_supplementary_multilingual_v2_payload_fidelity_after_manifest_freeze,secondary_supplementary,multilingual_v2_secondary,rankcloak_trial,revision_v1_multilingual_v2_payload_fidelity_v2__254a7f91ce838aa3f8f4,revision_v1_multilingual_v2_payload_fidelity_v2__254a7f91ce838aa3f8f4,,,,,,mistral_7b_instruct_v0_3_q4_k_m,mistral_7b_instruct_v0_3_q4_k_m,revision_v1_ed25519_signature_base64_003,ed25519_signature_base64,train,es_casual_conversation_01,casual_conversation,es,nonseg_ascii_b16,ascii_b16,ascii_b16,16,False,1,,none,none,0,,,,,saved_token_ids,unmodified,none,payload_fidelity_v2,payload_aware_result_v2,1,1,original_serialized_payload_bytes_sha256_v1,1,704,512,704,4.0,2.909090909090909,4.0,2.909090909090909,176,0,176,-3.9892602496794067,
2.0,8e1e720f86da3c4454554b09665c1e7208eb9e8ef12fd1e6d70354ce4e542c31,secondary_supplementary_multilingual_v2_payload_fidelity_after_manifest_freeze,secondary_supplementary,multilingual_v2_secondary,rankcloak_trial,revision_v1_multilingual_v2_payload_fidelity_v2__f577fe8d19690bdfa8b3,revision_v1_multilingual_v2_payload_fidelity_v2__f577fe8d19690bdfa8b3,,,,,,mistral_7b_instruct_v0_3_q4_k_m,mistral_7b_instruct_v0_3_q4_k_m,revision_v1_ed25519_signature_base64_003,ed25519_signature_base64,train,zh_hans_casual_conversation_01,casual_conversation,zh_hans,direct_subword_calgacus,direct_subword,direct_subword,,False,1,,none,none,0,,,,,saved_token_ids,unmodified,none,payload_fidelity_v2,payload_aware_result_v2,1,1,original_serialized_payload_bytes_sha256_v1,1,,512,704,,7.211267605633803,9.915492957746478,7.211267605633803,71,0,71,-6.839010113920737,
2.0,8e1e720f86da3c4454554b09665c1e7208eb9e8ef12fd1e6d70354ce4e542c31,secondary_supplementary_multilingual_v2_payload_fidelity_after_manifest_freeze,secondary_supplementary,multilingual_v2_secondary,rankcloak_trial,revision_v1_multilingual_v2_payload_fidelity_v2__e0e448faf506c77fce9e,revision_v1_multilingual_v2_payload_fidelity_v2__e0e448faf506c77fce9e,,,,,,mistral_7b_instruct_v0_3_q4_k_m,mistral_7b_instruct_v0_3_q4_k_m,revision_v1_ed25519_signature_base64_003,ed25519_signature_base64,train,zh_hans_casual_conversation_01,casual_conversation,zh_hans,nonseg_ascii_b16,ascii_b16,ascii_b16,16,False,1,,none,none,0,,,,,saved_token_ids,unmodified,none,payload_fidelity_v2,payload_aware_result_v2,1,1,original_serialized_payload_bytes_sha256_v1,1,704,512,704,4.0,2.909090909090909,4.0,2.909090909090909,176,0,176,-4.152711184034977,
2.0,8e1e720f86da3c4454554b09665c1e7208eb9e8ef12fd1e6d70354ce4e542c31,secondary_supplementary_multilingual_v2_payload_fidelity_after_manifest_freeze,secondary_supplementary,multilingual_v2_secondary,rankcloak_trial,revision_v1_multilingual_v2_payload_fidelity_v2__5e4d82dab1285f2ae872,revision_v1_multilingual_v2_payload_fidelity_v2__5e4d82dab1285f2ae872,,,,,,mistral_7b_instruct_v0_3_q4_k_m,mistral_7b_instruct_v0_3_q4_k_m,revision_v1_ed25519_signature_base64_004,ed25519_signature_base64,train,es_professional_communication_01,professional_communication,es,direct_subword_calgacus,direct_subword,direct_subword,,False,1,,none,none,0,,,,,saved_token_ids,unmodified,none,payload_fidelity_v2,payload_aware_result_v2,1,1,original_serialized_payload_bytes_sha256_v1,1,,512,704,,7.420289855072464,10.202898550724637,7.420289855072464,69,0,69,-7.123771123141494,
2.0,8e1e720f86da3c4454554b09665c1e7208eb9e8ef12fd1e6d70354ce4e542c31,secondary_supplementary_multilingual_v2_payload_fidelity_after_manifest_freeze,secondary_supplementary,multilingual_v2_secondary,rankcloak_trial,revision_v1_multilingual_v2_payload_fidelity_v2__552a4f1848db507e6034,revision_v1_multilingual_v2_payload_fidelity_v2__552a4f1848db507e6034,,,,,,mistral_7b_instruct_v0_3_q4_k_m,mistral_7b_instruct_v0_3_q4_k_m,revision_v1_ed25519_signature_base64_004,ed25519_signature_base64,train,es_professional_communication_01,professional_communication,es,nonseg_ascii_b16,ascii_b16,ascii_b16,16,False,1,,none,none,0,,,,,saved_token_ids,unmodified,none,payload_fidelity_v2,payload_aware_result_v2,1,1,original_serialized_payload_bytes_sha256_v1,1,704,512,704,4.0,2.909090909090909,4.0,2.909090909090909,176,0,176,-4.245815203089289,
2.0,8e1e720f86da3c4454554b09665c1e7208eb9e8ef12fd1e6d70354ce4e542c31,secondary_supplementary_multilingual_v2_payload_fidelity_after_manifest_freeze,secondary_supplementary,multilingual_v2_secondary,rankcloak_trial,revision_v1_multilingual_v2_payload_fidelity_v2__8b795fd7c38ce5e6a844,revision_v1_multilingual_v2_payload_fidelity_v2__8b795fd7c38ce5e6a844,,,,,,mistral_7b_instruct_v0_3_q4_k_m,mistral_7b_instruct_v0_3_q4_k_m,revision_v1_ed25519_signature_base64_004,ed25519_signature_base64,train,zh_hans_professional_communication_01,professional_communication,zh_hans,direct_subword_calgacus,direct_subword,direct_subword,,False,1,,none,none,0,,,,,saved_token_ids,unmodified,none,payload_fidelity_v2,payload_aware_result_v2,1,1,original_serialized_payload_bytes_sha256_v1,1,,512,704,,7.420289855072464,10.202898550724637,7.420289855072464,69,0,69,-7.436037139605049,
2.0,8e1e720f86da3c4454554b09665c1e7208eb9e8ef12fd1e6d70354ce4e542c31,secondary_supplementary_multilingual_v2_payload_fidelity_after_manifest_freeze,secondary_supplementary,multilingual_v2_secondary,rankcloak_trial,revision_v1_multilingual_v2_payload_fidelity_v2__b74ec180f185c9c82bf4,revision_v1_multilingual_v2_payload_fidelity_v2__b74ec180f185c9c82bf4,,,,,,mistral_7b_instruct_v0_3_q4_k_m,mistral_7b_instruct_v0_3_q4_k_m,revision_v1_ed25519_signature_base64_004,ed25519_signature_base64,train,zh_hans_professional_communication_01,professional_communication,zh_hans,nonseg_ascii_b16,ascii_b16,ascii_b16,16,False,1,,none,none,0,,,,,saved_token_ids,unmodified,none,payload_fidelity_v2,payload_aware_result_v2,1,1,original_serialized_payload_bytes_sha256_v1,1,704,512,704,4.0,2.909090909090909,4.0,2.909090909090909,176,0,176,-4.768812136857381,
2.0,8e1e720f86da3c4454554b09665c1e7208eb9e8ef12fd1e6d70354ce4e542c31,secondary_supplementary_multilingual_v2_payload_fidelity_after_manifest_freeze,secondary_supplementary,multilingual_v2_secondary,rankcloak_trial,revision_v1_multilingual_v2_payload_fidelity_v2__753150ef8c660aad6bdc,revision_v1_multilingual_v2_payload_fidelity_v2__753150ef8c660aad6bdc,,,,,,mistral_7b_instruct_v0_3_q4_k_m,mistral_7b_instruct_v0_3_q4_k_m,revision_v1_ed25519_signature_base64_005,ed25519_signature_base64,train,es_forum_question_answer_01,forum_question_answer,es,direct_subword_calgacus,direct_subword,direct_subword,,False,1,,none,none,0,,,,,saved_token_ids,unmodified,none,payload_fidelity_v2,payload_aware_result_v2,1,1,original_serialized_payload_bytes_sha256_v1,1,,512,704,,7.420289855072464,10.202898550724637,7.420289855072464,69,0,69,-6.660894598077894,
2.0,8e1e720f86da3c4454554b09665c1e7208eb9e8ef12fd1e6d70354ce4e542c31,secondary_supplementary_multilingual_v2_payload_fidelity_after_manifest_freeze,secondary_supplementary,multilingual_v2_secondary,rankcloak_trial,revision_v1_multilingual_v2_payload_fidelity_v2__96895c34e0114de0612c,revision_v1_multilingual_v2_payload_fidelity_v2__96895c34e0114de0612c,,,,,,mistral_7b_instruct_v0_3_q4_k_m,mistral_7b_instruct_v0_3_q4_k_m,revision_v1_ed25519_signature_base64_005,ed25519_signature_base64,train,es_forum_question_answer_01,forum_question_answer,es,nonseg_ascii_b16,ascii_b16,ascii_b16,16,False,1,,none,none,0,,,,,saved_token_ids,unmodified,none,payload_fidelity_v2,payload_aware_result_v2,1,1,original_serialized_payload_bytes_sha256_v1,1,704,512,704,4.0,2.909090909090909,4.0,2.909090909090909,176,0,176,-4.316553152041739,
2.0,8e1e720f86da3c4454554b09665c1e7208eb9e8ef12fd1e6d70354ce4e542c31,secondary_supplementary_multilingual_v2_payload_fidelity_after_manifest_freeze,secondary_supplementary,multilingual_v2_secondary,rankcloak_trial,revision_v1_multilingual_v2_payload_fidelity_v2__713e073e75934e1006e4,revision_v1_multilingual_v2_payload_fidelity_v2__713e073e75934e1006e4,,,,,,mistral_7b_instruct_v0_3_q4_k_m,mistral_7b_instruct_v0_3_q4_k_m,revision_v1_ed25519_signature_base64_005,ed25519_signature_base64,train,zh_hans_forum_question_answer_01,forum_question_answer,zh_hans,direct_subword_calgacus,direct_subword,direct_subword,,False,1,,none,none,0,,,,,saved_token_ids,unmodified,none,payload_fidelity_v2,payload_aware_result_v2,1,1,original_serialized_payload_bytes_sha256_v1,1,,512,704,,7.420289855072464,10.202898550724637,7.420289855072464,69,0,69,-7.555004207841702,
2.0,8e1e720f86da3c4454554b09665c1e7208eb9e8ef12fd1e6d70354ce4e542c31,secondary_supplementary_multilingual_v2_payload_fidelity_after_manifest_freeze,secondary_supplementary,multilingual_v2_secondary,rankcloak_trial,revision_v1_multilingual_v2_payload_fidelity_v2__967b84620b5fd0079a7e,revision_v1_multilingual_v2_payload_fidelity_v2__967b84620b5fd0079a7e,,,,,,mistral_7b_instruct_v0_3_q4_k_m,mistral_7b_instruct_v0_3_q4_k_m,revision_v1_ed25519_signature_base64_005,ed25519_signature_base64,train,zh_hans_forum_question_answer_01,forum_question_answer,zh_hans,nonseg_ascii_b16,ascii_b16,ascii_b16,16,False,1,,none,none,0,,,,,saved_token_ids,unmodified,none,payload_fidelity_v2,payload_aware_result_v2,1,1,original_serialized_payload_bytes_sha256_v1,1,704,512,704,4.0,2.909090909090909,4.0,2.909090909090909,176,0,176,-4.640257662851274,
2.0,55c212c44061ecd091ceb8c38943a8babfaad56ebc15904817534f428dde546f,secondary_supplementary_multilingual_v2_payload_fidelity_after_manifest_freeze,secondary_supplementary,multilingual_v2_secondary,rankcloak_trial,revision_v1_multilingual_v2_payload_fidelity_v2__423300e5979511ad59cb,revision_v1_multilingual_v2_payload_fidelity_v2__423300e5979511ad59cb,,,,,,qwen2_5_7b_instruct_q4_k_m,qwen2_5_7b_instruct_q4_k_m,revision_v1_sha256_hex_000,sha256_hex,train,es_professional_communication_01,professional_communication,es,direct_subword_calgacus,direct_subword,direct_subword,,False,1,,none,none,0,,,,,saved_token_ids,unmodified,none,payload_fidelity_v2,payload_aware_result_v2,1,1,original_serialized_payload_bytes_sha256_v1,1,,256,512,,4.7407407407407405,9.481481481481481,4.7407407407407405,54,0,54,-6.259000491267744,
2.0,55c212c44061ecd091ceb8c38943a8babfaad56ebc15904817534f428dde546f,secondary_supplementary_multilingual_v2_payload_fidelity_after_manifest_freeze,secondary_supplementary,multilingual_v2_secondary,rankcloak_trial,revision_v1_multilingual_v2_payload_fidelity_v2__602b5d163b3e3b28a9b8,revision_v1_multilingual_v2_payload_fidelity_v2__602b5d163b3e3b28a9b8,,,,,,qwen2_5_7b_instruct_q4_k_m,qwen2_5_7b_instruct_q4_k_m,revision_v1_sha256_hex_000,sha256_hex,train,es_professional_communication_01,professional_communication,es,nonseg_ascii_b16,ascii_b16,ascii_b16,16,False,1,,none,none,0,,,,,saved_token_ids,unmodified,none,payload_fidelity_v2,payload_aware_result_v2,1,1,original_serialized_payload_bytes_sha256_v1,1,512,256,512,4.0,2.0,4.0,2.0,128,0,128,-4.456444344555968,
2.0,55c212c44061ecd091ceb8c38943a8babfaad56ebc15904817534f428dde546f,secondary_supplementary_multilingual_v2_payload_fidelity_after_manifest_freeze,secondary_supplementary,multilingual_v2_secondary,rankcloak_trial,revision_v1_multilingual_v2_payload_fidelity_v2__35316bec9dc2bea2395e,revision_v1_multilingual_v2_payload_fidelity_v2__35316bec9dc2bea2395e,,,,,,qwen2_5_7b_instruct_q4_k_m,qwen2_5_7b_instruct_q4_k_m,revision_v1_sha256_hex_000,sha256_hex,train,zh_hans_professional_communication_01,professional_communication,zh_hans,direct_subword_calgacus,direct_subword,direct_subword,,False,1,,none,none,0,,,,,saved_token_ids,unmodified,none,payload_fidelity_v2,payload_aware_result_v2,1,1,original_serialized_payload_bytes_sha256_v1,1,,256,512,,4.7407407407407405,9.481481481481481,4.7407407407407405,54,0,54,-5.367840252519998,
2.0,55c212c44061ecd091ceb8c38943a8babfaad56ebc15904817534f428dde546f,secondary_supplementary_multilingual_v2_payload_fidelity_after_manifest_freeze,secondary_supplementary,multilingual_v2_secondary,rankcloak_trial,revision_v1_multilingual_v2_payload_fidelity_v2__c8ffb3be1224b92f89e3,revision_v1_multilingual_v2_payload_fidelity_v2__c8ffb3be1224b92f89e3,,,,,,qwen2_5_7b_instruct_q4_k_m,qwen2_5_7b_instruct_q4_k_m,revision_v1_sha256_hex_000,sha256_hex,train,zh_hans_professional_communication_01,professional_communication,zh_hans,nonseg_ascii_b16,ascii_b16,ascii_b16,16,False,1,,none,none,0,,,,,saved_token_ids,unmodified,none,payload_fidelity_v2,payload_aware_result_v2,1,1,original_serialized_payload_bytes_sha256_v1,1,512,256,512,4.0,2.0,4.0,2.0,128,0,128,-3.8196712840533884,
2.0,55c212c44061ecd091ceb8c38943a8babfaad56ebc15904817534f428dde546f,secondary_supplementary_multilingual_v2_payload_fidelity_after_manifest_freeze,secondary_supplementary,multilingual_v2_secondary,rankcloak_trial,revision_v1_multilingual_v2_payload_fidelity_v2__bd398f5a0788a9d1e323,revision_v1_multilingual_v2_payload_fidelity_v2__bd398f5a0788a9d1e323,,,,,,qwen2_5_7b_instruct_q4_k_m,qwen2_5_7b_instruct_q4_k_m,revision_v1_sha256_hex_001,sha256_hex,train,es_forum_question_answer_01,forum_question_answer,es,direct_subword_calgacus,direct_subword,direct_subword,,False,1,,none,none,0,,,,,saved_token_ids,unmodified,none,payload_fidelity_v2,payload_aware_result_v2,1,1,original_serialized_payload_bytes_sha256_v1,1,,256,512,,4.413793103448276,8.827586206896552,4.413793103448276,58,0,58,-5.516523724492737,
2.0,55c212c44061ecd091ceb8c38943a8babfaad56ebc15904817534f428dde546f,secondary_supplementary_multilingual_v2_payload_fidelity_after_manifest_freeze,secondary_supplementary,multilingual_v2_secondary,rankcloak_trial,revision_v1_multilingual_v2_payload_fidelity_v2__f8c6575d4a32f8300cd8,revision_v1_multilingual_v2_payload_fidelity_v2__f8c6575d4a32f8300cd8,,,,,,qwen2_5_7b_instruct_q4_k_m,qwen2_5_7b_instruct_q4_k_m,revision_v1_sha256_hex_001,sha256_hex,train,es_forum_question_answer_01,forum_question_answer,es,nonseg_ascii_b16,ascii_b16,ascii_b16,16,False,1,,none,none,0,,,,,saved_token_ids,unmodified,none,payload_fidelity_v2,payload_aware_result_v2,1,1,original_serialized_payload_bytes_sha256_v1,1,512,256,512,4.0,2.0,4.0,2.0,128,0,128,-4.499684266904929,
2.0,55c212c44061ecd091ceb8c38943a8babfaad56ebc15904817534f428dde546f,secondary_supplementary_multilingual_v2_payload_fidelity_after_manifest_freeze,secondary_supplementary,multilingual_v2_secondary,rankcloak_trial,revision_v1_multilingual_v2_payload_fidelity_v2__da69d543b130c2ee67ca,revision_v1_multilingual_v2_payload_fidelity_v2__da69d543b130c2ee67ca,,,,,,qwen2_5_7b_instruct_q4_k_m,qwen2_5_7b_instruct_q4_k_m,revision_v1_sha256_hex_001,sha256_hex,train,zh_hans_forum_question_answer_01,forum_question_answer,zh_hans,direct_subword_calgacus,direct_subword,direct_subword,,False,1,,none,none,0,,,,,saved_token_ids,unmodified,none,payload_fidelity_v2,payload_aware_result_v2,1,1,original_serialized_payload_bytes_sha256_v1,1,,256,512,,4.413793103448276,8.827586206896552,4.413793103448276,58,0,58,-4.297752525127023,
2.0,55c212c44061ecd091ceb8c38943a8babfaad56ebc15904817534f428dde546f,secondary_supplementary_multilingual_v2_payload_fidelity_after_manifest_freeze,secondary_supplementary,multilingual_v2_secondary,rankcloak_trial,revision_v1_multilingual_v2_payload_fidelity_v2__e906af3583c925580d7e,revision_v1_multilingual_v2_payload_fidelity_v2__e906af3583c925580d7e,,,,,,qwen2_5_7b_instruct_q4_k_m,qwen2_5_7b_instruct_q4_k_m,revision_v1_sha256_hex_001,sha256_hex,train,zh_hans_forum_question_answer_01,forum_question_answer,zh_hans,nonseg_ascii_b16,ascii_b16,ascii_b16,16,False,1,,none,none,0,,,,,saved_token_ids,unmodified,none,payload_fidelity_v2,payload_aware_result_v2,1,1,original_serialized_payload_bytes_sha256_v1,1,512,256,512,4.0,2.0,4.0,2.0,128,0,128,-4.168715982564725,
2.0,55c212c44061ecd091ceb8c38943a8babfaad56ebc15904817534f428dde546f,secondary_supplementary_multilingual_v2_payload_fidelity_after_manifest_freeze,secondary_supplementary,multilingual_v2_secondary,rankcloak_trial,revision_v1_multilingual_v2_payload_fidelity_v2__41c53902e88d59ed81ce,revision_v1_multilingual_v2_payload_fidelity_v2__41c53902e88d59ed81ce,,,,,,qwen2_5_7b_instruct_q4_k_m,qwen2_5_7b_instruct_q4_k_m,revision_v1_sha256_hex_002,sha256_hex,train,es_recipe_procedure_01,recipe_procedure,es,direct_subword_calgacus,direct_subword,direct_subword,,False,1,,none,none,0,,,,,saved_token_ids,unmodified,none,payload_fidelity_v2,payload_aware_result_v2,1,1,original_serialized_payload_bytes_sha256_v1,1,,256,512,,4.413793103448276,8.827586206896552,4.413793103448276,58,0,58,-4.884874442387908,
2.0,55c212c44061ecd091ceb8c38943a8babfaad56ebc15904817534f428dde546f,secondary_supplementary_multilingual_v2_payload_fidelity_after_manifest_freeze,secondary_supplementary,multilingual_v2_secondary,rankcloak_trial,revision_v1_multilingual_v2_payload_fidelity_v2__aab561356838a54ce0cf,revision_v1_multilingual_v2_payload_fidelity_v2__aab561356838a54ce0cf,,,,,,qwen2_5_7b_instruct_q4_k_m,qwen2_5_7b_instruct_q4_k_m,revision_v1_sha256_hex_002,sha256_hex,train,es_recipe_procedure_01,recipe_procedure,es,nonseg_ascii_b16,ascii_b16,ascii_b16,16,False,1,,none,none,0,,,,,saved_token_ids,unmodified,none,payload_fidelity_v2,payload_aware_result_v2,1,1,original_serialized_payload_bytes_sha256_v1,1,512,256,512,4.0,2.0,4.0,2.0,128,0,128,-4.395538543108273,
2.0,55c212c44061ecd091ceb8c38943a8babfaad56ebc15904817534f428dde546f,secondary_supplementary_multilingual_v2_payload_fidelity_after_manifest_freeze,secondary_supplementary,multilingual_v2_secondary,rankcloak_trial,revision_v1_multilingual_v2_payload_fidelity_v2__f6e4e3e4ae7c9303eae4,revision_v1_multilingual_v2_payload_fidelity_v2__f6e4e3e4ae7c9303eae4,,,,,,qwen2_5_7b_instruct_q4_k_m,qwen2_5_7b_instruct_q4_k_m,revision_v1_sha256_hex_002,sha256_hex,train,zh_hans_recipe_procedure_01,recipe_procedure,zh_hans,direct_subword_calgacus,direct_subword,direct_subword,,False,1,,none,none,0,,,,,saved_token_ids,unmodified,none,payload_fidelity_v2,payload_aware_result_v2,1,1,original_serialized_payload_bytes_sha256_v1,1,,256,512,,4.413793103448276,8.827586206896552,4.413793103448276,58,0,58,-4.738860891925358,
2.0,55c212c44061ecd091ceb8c38943a8babfaad56ebc15904817534f428dde546f,secondary_supplementary_multilingual_v2_payload_fidelity_after_manifest_freeze,secondary_supplementary,multilingual_v2_secondary,rankcloak_trial,revision_v1_multilingual_v2_payload_fidelity_v2__d6a8688d2f2b0f76c9a2,revision_v1_multilingual_v2_payload_fidelity_v2__d6a8688d2f2b0f76c9a2,,,,,,qwen2_5_7b_instruct_q4_k_m,qwen2_5_7b_instruct_q4_k_m,revision_v1_sha256_hex_002,sha256_hex,train,zh_hans_recipe_procedure_01,recipe_procedure,zh_hans,nonseg_ascii_b16,ascii_b16,ascii_b16,16,False,1,,none,none,0,,,,,saved_token_ids,unmodified,none,payload_fidelity_v2,payload_aware_result_v2,1,1,original_serialized_payload_bytes_sha256_v1,1,512,256,512,4.0,2.0,4.0,2.0,128,0,128,-3.826444675858438,
2.0,55c212c44061ecd091ceb8c38943a8babfaad56ebc15904817534f428dde546f,secondary_supplementary_multilingual_v2_payload_fidelity_after_manifest_freeze,secondary_supplementary,multilingual_v2_secondary,rankcloak_trial,revision_v1_multilingual_v2_payload_fidelity_v2__ac7446025d2683c16d01,revision_v1_multilingual_v2_payload_fidelity_v2__ac7446025d2683c16d01,,,,,,qwen2_5_7b_instruct_q4_k_m,qwen2_5_7b_instruct_q4_k_m,revision_v1_sha256_hex_003,sha256_hex,train,es_personal_narrative_blog_01,personal_narrative_blog,es,direct_subword_calgacus,direct_subword,direct_subword,,False,1,,none,none,0,,,,,saved_token_ids,unmodified,none,payload_fidelity_v2,payload_aware_result_v2,1,1,original_serialized_payload_bytes_sha256_v1,1,,256,512,,4.7407407407407405,9.481481481481481,4.7407407407407405,54,0,54,-5.015765853087788,
2.0,55c212c44061ecd091ceb8c38943a8babfaad56ebc15904817534f428dde546f,secondary_supplementary_multilingual_v2_payload_fidelity_after_manifest_freeze,secondary_supplementary,multilingual_v2_secondary,rankcloak_trial,revision_v1_multilingual_v2_payload_fidelity_v2__e144934a0e5a5028f46a,revision_v1_multilingual_v2_payload_fidelity_v2__e144934a0e5a5028f46a,,,,,,qwen2_5_7b_instruct_q4_k_m,qwen2_5_7b_instruct_q4_k_m,revision_v1_sha256_hex_003,sha256_hex,train,es_personal_narrative_blog_01,personal_narrative_blog,es,nonseg_ascii_b16,ascii_b16,ascii_b16,16,False,1,,none,none,0,,,,,saved_token_ids,unmodified,none,payload_fidelity_v2,payload_aware_result_v2,1,1,original_serialized_payload_bytes_sha256_v1,1,512,256,512,4.0,2.0,4.0,2.0,128,0,128,-4.1293177475509415,
2.0,55c212c44061ecd091ceb8c38943a8babfaad56ebc15904817534f428dde546f,secondary_supplementary_multilingual_v2_payload_fidelity_after_manifest_freeze,secondary_supplementary,multilingual_v2_secondary,rankcloak_trial,revision_v1_multilingual_v2_payload_fidelity_v2__456aceefea3487064da8,revision_v1_multilingual_v2_payload_fidelity_v2__456aceefea3487064da8,,,,,,qwen2_5_7b_instruct_q4_k_m,qwen2_5_7b_instruct_q4_k_m,revision_v1_sha256_hex_003,sha256_hex,train,zh_hans_personal_narrative_blog_01,personal_narrative_blog,zh_hans,direct_subword_calgacus,direct_subword,direct_subword,,False,1,,none,none,0,,,,,saved_token_ids,unmodified,none,payload_fidelity_v2,payload_aware_result_v2,1,1,original_serialized_payload_bytes_sha256_v1,1,,256,512,,4.7407407407407405,9.481481481481481,4.7407407407407405,54,0,54,-4.494641562535849,
2.0,55c212c44061ecd091ceb8c38943a8babfaad56ebc15904817534f428dde546f,secondary_supplementary_multilingual_v2_payload_fidelity_after_manifest_freeze,secondary_supplementary,multilingual_v2_secondary,rankcloak_trial,revision_v1_multilingual_v2_payload_fidelity_v2__35b2d19411f5eb5f7f42,revision_v1_multilingual_v2_payload_fidelity_v2__35b2d19411f5eb5f7f42,,,,,,qwen2_5_7b_instruct_q4_k_m,qwen2_5_7b_instruct_q4_k_m,revision_v1_sha256_hex_003,sha256_hex,train,zh_hans_personal_narrative_blog_01,personal_narrative_blog,zh_hans,nonseg_ascii_b16,ascii_b16,ascii_b16,16,False,1,,none,none,0,,,,,saved_token_ids,unmodified,none,payload_fidelity_v2,payload_aware_result_v2,1,1,original_serialized_payload_bytes_sha256_v1,1,512,256,512,4.0,2.0,4.0,2.0,128,0,128,-3.7898093986614985,
2.0,55c212c44061ecd091ceb8c38943a8babfaad56ebc15904817534f428dde546f,secondary_supplementary_multilingual_v2_payload_fidelity_after_manifest_freeze,secondary_supplementary,multilingual_v2_secondary,rankcloak_trial,revision_v1_multilingual_v2_payload_fidelity_v2__b437435eb60bb24977f4,revision_v1_multilingual_v2_payload_fidelity_v2__b437435eb60bb24977f4,,,,,,qwen2_5_7b_instruct_q4_k_m,qwen2_5_7b_instruct_q4_k_m,revision_v1_sha256_hex_004,sha256_hex,train,es_factual_explanatory_01,factual_explanatory,es,direct_subword_calgacus,direct_subword,direct_subword,,False,1,,none,none,0,,,,,saved_token_ids,unmodified,none,payload_fidelity_v2,payload_aware_result_v2,1,1,original_serialized_payload_bytes_sha256_v1,1,,256,512,,4.571428571428571,9.142857142857142,4.571428571428571,56,0,56,-5.231667030745216,
2.0,55c212c44061ecd091ceb8c38943a8babfaad56ebc15904817534f428dde546f,secondary_supplementary_multilingual_v2_payload_fidelity_after_manifest_freeze,secondary_supplementary,multilingual_v2_secondary,rankcloak_trial,revision_v1_multilingual_v2_payload_fidelity_v2__f679a517d49c608810df,revision_v1_multilingual_v2_payload_fidelity_v2__f679a517d49c608810df,,,,,,qwen2_5_7b_instruct_q4_k_m,qwen2_5_7b_instruct_q4_k_m,revision_v1_sha256_hex_004,sha256_hex,train,es_factual_explanatory_01,factual_explanatory,es,nonseg_ascii_b16,ascii_b16,ascii_b16,16,False,1,,none,none,0,,,,,saved_token_ids,unmodified,none,payload_fidelity_v2,payload_aware_result_v2,1,1,original_serialized_payload_bytes_sha256_v1,1,512,256,512,4.0,2.0,4.0,2.0,128,0,128,-4.4018227328137804,
2.0,55c212c44061ecd091ceb8c38943a8babfaad56ebc15904817534f428dde546f,secondary_supplementary_multilingual_v2_payload_fidelity_after_manifest_freeze,secondary_supplementary,multilingual_v2_secondary,rankcloak_trial,revision_v1_multilingual_v2_payload_fidelity_v2__57594ab1ea6cfeda866e,revision_v1_multilingual_v2_payload_fidelity_v2__57594ab1ea6cfeda866e,,,,,,qwen2_5_7b_instruct_q4_k_m,qwen2_5_7b_instruct_q4_k_m,revision_v1_sha256_hex_004,sha256_hex,train,zh_hans_factual_explanatory_01,factual_explanatory,zh_hans,direct_subword_calgacus,direct_subword,direct_subword,,False,1,,none,none,0,,,,,saved_token_ids,unmodified,none,payload_fidelity_v2,payload_aware_result_v2,1,1,original_serialized_payload_bytes_sha256_v1,1,,256,512,,4.571428571428571,9.142857142857142,4.571428571428571,56,0,56,-5.4732140668596685,
2.0,55c212c44061ecd091ceb8c38943a8babfaad56ebc15904817534f428dde546f,secondary_supplementary_multilingual_v2_payload_fidelity_after_manifest_freeze,secondary_supplementary,multilingual_v2_secondary,rankcloak_trial,revision_v1_multilingual_v2_payload_fidelity_v2__3d22cf332a5370378bd5,revision_v1_multilingual_v2_payload_fidelity_v2__3d22cf332a5370378bd5,,,,,,qwen2_5_7b_instruct_q4_k_m,qwen2_5_7b_instruct_q4_k_m,revision_v1_sha256_hex_004,sha256_hex,train,zh_hans_factual_explanatory_01,factual_explanatory,zh_hans,nonseg_ascii_b16,ascii_b16,ascii_b16,16,False,1,,none,none,0,,,,,saved_token_ids,unmodified,none,payload_fidelity_v2,payload_aware_result_v2,1,1,original_serialized_payload_bytes_sha256_v1,1,512,256,512,4.0,2.0,4.0,2.0,128,0,128,-3.8830995761324885,
2.0,55c212c44061ecd091ceb8c38943a8babfaad56ebc15904817534f428dde546f,secondary_supplementary_multilingual_v2_payload_fidelity_after_manifest_freeze,secondary_supplementary,multilingual_v2_secondary,rankcloak_trial,revision_v1_multilingual_v2_payload_fidelity_v2__af95516bf82e83a983fa,revision_v1_multilingual_v2_payload_fidelity_v2__af95516bf82e83a983fa,,,,,,qwen2_5_7b_instruct_q4_k_m,qwen2_5_7b_instruct_q4_k_m,revision_v1_sha256_hex_005,sha256_hex,train,es_casual_conversation_01,casual_conversation,es,direct_subword_calgacus,direct_subword,direct_subword,,False,1,,none,none,0,,,,,saved_token_ids,unmodified,none,payload_fidelity_v2,payload_aware_result_v2,1,1,original_serialized_payload_bytes_sha256_v1,1,,256,512,,4.654545454545454,9.309090909090909,4.654545454545454,55,0,55,-4.6891889169867795,
2.0,55c212c44061ecd091ceb8c38943a8babfaad56ebc15904817534f428dde546f,secondary_supplementary_multilingual_v2_payload_fidelity_after_manifest_freeze,secondary_supplementary,multilingual_v2_secondary,rankcloak_trial,revision_v1_multilingual_v2_payload_fidelity_v2__979a65a5bc13e84b94a2,revision_v1_multilingual_v2_payload_fidelity_v2__979a65a5bc13e84b94a2,,,,,,qwen2_5_7b_instruct_q4_k_m,qwen2_5_7b_instruct_q4_k_m,revision_v1_sha256_hex_005,sha256_hex,train,es_casual_conversation_01,casual_conversation,es,nonseg_ascii_b16,ascii_b16,ascii_b16,16,False,1,,none,none,0,,,,,saved_token_ids,unmodified,none,payload_fidelity_v2,payload_aware_result_v2,1,1,original_serialized_payload_bytes_sha256_v1,1,512,256,512,4.0,2.0,4.0,2.0,128,0,128,-3.9559149392875854,
2.0,55c212c44061ecd091ceb8c38943a8babfaad56ebc15904817534f428dde546f,secondary_supplementary_multilingual_v2_payload_fidelity_after_manifest_freeze,secondary_supplementary,multilingual_v2_secondary,rankcloak_trial,revision_v1_multilingual_v2_payload_fidelity_v2__7121fc2df41b24cc75d6,revision_v1_multilingual_v2_payload_fidelity_v2__7121fc2df41b24cc75d6,,,,,,qwen2_5_7b_instruct_q4_k_m,qwen2_5_7b_instruct_q4_k_m,revision_v1_sha256_hex_005,sha256_hex,train,zh_hans_casual_conversation_01,casual_conversation,zh_hans,direct_subword_calgacus,direct_subword,direct_subword,,False,1,,none,none,0,,,,,saved_token_ids,unmodified,none,payload_fidelity_v2,payload_aware_result_v2,1,1,original_serialized_payload_bytes_sha256_v1,1,,256,512,,4.654545454545454,9.309090909090909,4.654545454545454,55,0,55,-4.6831028446059735,
2.0,55c212c44061ecd091ceb8c38943a8babfaad56ebc15904817534f428dde546f,secondary_supplementary_multilingual_v2_payload_fidelity_after_manifest_freeze,secondary_supplementary,multilingual_v2_secondary,rankcloak_trial,revision_v1_multilingual_v2_payload_fidelity_v2__720aaec8e1f89d663abe,revision_v1_multilingual_v2_payload_fidelity_v2__720aaec8e1f89d663abe,,,,,,qwen2_5_7b_instruct_q4_k_m,qwen2_5_7b_instruct_q4_k_m,revision_v1_sha256_hex_005,sha256_hex,train,zh_hans_casual_conversation_01,casual_conversation,zh_hans,nonseg_ascii_b16,ascii_b16,ascii_b16,16,False,1,,none,none,0,,,,,saved_token_ids,unmodified,none,payload_fidelity_v2,payload_aware_result_v2,1,1,original_serialized_payload_bytes_sha256_v1,1,512,256,512,4.0,2.0,4.0,2.0,128,0,128,-3.986439206055081,
2.0,55c212c44061ecd091ceb8c38943a8babfaad56ebc15904817534f428dde546f,secondary_supplementary_multilingual_v2_payload_fidelity_after_manifest_freeze,secondary_supplementary,multilingual_v2_secondary,rankcloak_trial,revision_v1_multilingual_v2_payload_fidelity_v2__3f5872b32fd4572dc3f0,revision_v1_multilingual_v2_payload_fidelity_v2__3f5872b32fd4572dc3f0,,,,,,qwen2_5_7b_instruct_q4_k_m,qwen2_5_7b_instruct_q4_k_m,revision_v1_hmac_sha256_hex_000,hmac_sha256_hex,train,es_forum_question_answer_01,forum_question_answer,es,direct_subword_calgacus,direct_subword,direct_subword,,False,1,,none,none,0,,,,,saved_token_ids,unmodified,none,payload_fidelity_v2,payload_aware_result_v2,1,1,original_serialized_payload_bytes_sha256_v1,1,,256,512,,4.830188679245283,9.660377358490566,4.830188679245283,53,0,53,-5.475306839455751,
2.0,55c212c44061ecd091ceb8c38943a8babfaad56ebc15904817534f428dde546f,secondary_supplementary_multilingual_v2_payload_fidelity_after_manifest_freeze,secondary_supplementary,multilingual_v2_secondary,rankcloak_trial,revision_v1_multilingual_v2_payload_fidelity_v2__ea3314c92828b2f8c39d,revision_v1_multilingual_v2_payload_fidelity_v2__ea3314c92828b2f8c39d,,,,,,qwen2_5_7b_instruct_q4_k_m,qwen2_5_7b_instruct_q4_k_m,revision_v1_hmac_sha256_hex_000,hmac_sha256_hex,train,es_forum_question_answer_01,forum_question_answer,es,nonseg_ascii_b16,ascii_b16,ascii_b16,16,False,1,,none,none,0,,,,,saved_token_ids,unmodified,none,payload_fidelity_v2,payload_aware_result_v2,1,1,original_serialized_payload_bytes_sha256_v1,1,512,256,512,4.0,2.0,4.0,2.0,128,0,128,-4.236138523921063,
2.0,55c212c44061ecd091ceb8c38943a8babfaad56ebc15904817534f428dde546f,secondary_supplementary_multilingual_v2_payload_fidelity_after_manifest_freeze,secondary_supplementary,multilingual_v2_secondary,rankcloak_trial,revision_v1_multilingual_v2_payload_fidelity_v2__6bc689e9188cfbbbacf6,revision_v1_multilingual_v2_payload_fidelity_v2__6bc689e9188cfbbbacf6,,,,,,qwen2_5_7b_instruct_q4_k_m,qwen2_5_7b_instruct_q4_k_m,revision_v1_hmac_sha256_hex_000,hmac_sha256_hex,train,zh_hans_forum_question_answer_01,forum_question_answer,zh_hans,direct_subword_calgacus,direct_subword,direct_subword,,False,1,,none,none,0,,,,,saved_token_ids,unmodified,none,payload_fidelity_v2,payload_aware_result_v2,1,1,original_serialized_payload_bytes_sha256_v1,1,,256,512,,4.830188679245283,9.660377358490566,4.830188679245283,53,0,53,-4.843287170542149,
2.0,55c212c44061ecd091ceb8c38943a8babfaad56ebc15904817534f428dde546f,secondary_supplementary_multilingual_v2_payload_fidelity_after_manifest_freeze,secondary_supplementary,multilingual_v2_secondary,rankcloak_trial,revision_v1_multilingual_v2_payload_fidelity_v2__65404ea6a1cf3e64dc13,revision_v1_multilingual_v2_payload_fidelity_v2__65404ea6a1cf3e64dc13,,,,,,qwen2_5_7b_instruct_q4_k_m,qwen2_5_7b_instruct_q4_k_m,revision_v1_hmac_sha256_hex_000,hmac_sha256_hex,train,zh_hans_forum_question_answer_01,forum_question_answer,zh_hans,nonseg_ascii_b16,ascii_b16,ascii_b16,16,False,1,,none,none,0,,,,,saved_token_ids,unmodified,none,payload_fidelity_v2,payload_aware_result_v2,1,1,original_serialized_payload_bytes_sha256_v1,1,512,256,512,4.0,2.0,4.0,2.0,128,0,128,-3.775666718253228,
2.0,55c212c44061ecd091ceb8c38943a8babfaad56ebc15904817534f428dde546f,secondary_supplementary_multilingual_v2_payload_fidelity_after_manifest_freeze,secondary_supplementary,multilingual_v2_secondary,rankcloak_trial,revision_v1_multilingual_v2_payload_fidelity_v2__cb8ff5f6f3303988d626,revision_v1_multilingual_v2_payload_fidelity_v2__cb8ff5f6f3303988d626,,,,,,qwen2_5_7b_instruct_q4_k_m,qwen2_5_7b_instruct_q4_k_m,revision_v1_hmac_sha256_hex_001,hmac_sha256_hex,train,es_recipe_procedure_01,recipe_procedure,es,direct_subword_calgacus,direct_subword,direct_subword,,False,1,,none,none,0,,,,,saved_token_ids,unmodified,none,payload_fidelity_v2,payload_aware_result_v2,1,1,original_serialized_payload_bytes_sha256_v1,1,,256,512,,4.338983050847458,8.677966101694915,4.338983050847458,59,0,59,-5.066997565214144,
2.0,55c212c44061ecd091ceb8c38943a8babfaad56ebc15904817534f428dde546f,secondary_supplementary_multilingual_v2_payload_fidelity_after_manifest_freeze,secondary_supplementary,multilingual_v2_secondary,rankcloak_trial,revision_v1_multilingual_v2_payload_fidelity_v2__2c275677d9c093a29ba6,revision_v1_multilingual_v2_payload_fidelity_v2__2c275677d9c093a29ba6,,,,,,qwen2_5_7b_instruct_q4_k_m,qwen2_5_7b_instruct_q4_k_m,revision_v1_hmac_sha256_hex_001,hmac_sha256_hex,train,es_recipe_procedure_01,recipe_procedure,es,nonseg_ascii_b16,ascii_b16,ascii_b16,16,False,1,,none,none,0,,,,,saved_token_ids,unmodified,none,payload_fidelity_v2,payload_aware_result_v2,1,1,original_serialized_payload_bytes_sha256_v1,1,512,256,512,4.0,2.0,4.0,2.0,128,0,128,-4.101091058726256,
2.0,55c212c44061ecd091ceb8c38943a8babfaad56ebc15904817534f428dde546f,secondary_supplementary_multilingual_v2_payload_fidelity_after_manifest_freeze,secondary_supplementary,multilingual_v2_secondary,rankcloak_trial,revision_v1_multilingual_v2_payload_fidelity_v2__2f4001b48642d19661f3,revision_v1_multilingual_v2_payload_fidelity_v2__2f4001b48642d19661f3,,,,,,qwen2_5_7b_instruct_q4_k_m,qwen2_5_7b_instruct_q4_k_m,revision_v1_hmac_sha256_hex_001,hmac_sha256_hex,train,zh_hans_recipe_procedure_01,recipe_procedure,zh_hans,direct_subword_calgacus,direct_subword,direct_subword,,False,1,,none,none,0,,,,,saved_token_ids,unmodified,none,payload_fidelity_v2,payload_aware_result_v2,1,1,original_serialized_payload_bytes_sha256_v1,1,,256,512,,4.338983050847458,8.677966101694915,4.338983050847458,59,0,59,-5.199849126601499,
2.0,55c212c44061ecd091ceb8c38943a8babfaad56ebc15904817534f428dde546f,secondary_supplementary_multilingual_v2_payload_fidelity_after_manifest_freeze,secondary_supplementary,multilingual_v2_secondary,rankcloak_trial,revision_v1_multilingual_v2_payload_fidelity_v2__7dfcdbd495c80aa20123,revision_v1_multilingual_v2_payload_fidelity_v2__7dfcdbd495c80aa20123,,,,,,qwen2_5_7b_instruct_q4_k_m,qwen2_5_7b_instruct_q4_k_m,revision_v1_hmac_sha256_hex_001,hmac_sha256_hex,train,zh_hans_recipe_procedure_01,recipe_procedure,zh_hans,nonseg_ascii_b16,ascii_b16,ascii_b16,16,False,1,,none,none,0,,,,,saved_token_ids,unmodified,none,payload_fidelity_v2,payload_aware_result_v2,1,1,original_serialized_payload_bytes_sha256_v1,1,512,256,512,4.0,2.0,4.0,2.0,128,0,128,-3.9961560349891148,
2.0,55c212c44061ecd091ceb8c38943a8babfaad56ebc15904817534f428dde546f,secondary_supplementary_multilingual_v2_payload_fidelity_after_manifest_freeze,secondary_supplementary,multilingual_v2_secondary,rankcloak_trial,revision_v1_multilingual_v2_payload_fidelity_v2__9abedbb0ac90d852852f,revision_v1_multilingual_v2_payload_fidelity_v2__9abedbb0ac90d852852f,,,,,,qwen2_5_7b_instruct_q4_k_m,qwen2_5_7b_instruct_q4_k_m,revision_v1_hmac_sha256_hex_002,hmac_sha256_hex,train,es_personal_narrative_blog_01,personal_narrative_blog,es,direct_subword_calgacus,direct_subword,direct_subword,,False,1,,none,none,0,,,,,saved_token_ids,unmodified,none,payload_fidelity_v2,payload_aware_result_v2,1,1,original_serialized_payload_bytes_sha256_v1,1,,256,512,,4.491228070175438,8.982456140350877,4.491228070175438,57,0,57,-5.28480005748741,
2.0,55c212c44061ecd091ceb8c38943a8babfaad56ebc15904817534f428dde546f,secondary_supplementary_multilingual_v2_payload_fidelity_after_manifest_freeze,secondary_supplementary,multilingual_v2_secondary,rankcloak_trial,revision_v1_multilingual_v2_payload_fidelity_v2__e36b46a169ca6fc9ed88,revision_v1_multilingual_v2_payload_fidelity_v2__e36b46a169ca6fc9ed88,,,,,,qwen2_5_7b_instruct_q4_k_m,qwen2_5_7b_instruct_q4_k_m,revision_v1_hmac_sha256_hex_002,hmac_sha256_hex,train,es_personal_narrative_blog_01,personal_narrative_blog,es,nonseg_ascii_b16,ascii_b16,ascii_b16,16,False,1,,none,none,0,,,,,saved_token_ids,unmodified,none,payload_fidelity_v2,payload_aware_result_v2,1,1,original_serialized_payload_bytes_sha256_v1,1,512,256,512,4.0,2.0,4.0,2.0,128,0,128,-4.090047694145258,
2.0,55c212c44061ecd091ceb8c38943a8babfaad56ebc15904817534f428dde546f,secondary_supplementary_multilingual_v2_payload_fidelity_after_manifest_freeze,secondary_supplementary,multilingual_v2_secondary,rankcloak_trial,revision_v1_multilingual_v2_payload_fidelity_v2__04007b368a572fb49527,revision_v1_multilingual_v2_payload_fidelity_v2__04007b368a572fb49527,,,,,,qwen2_5_7b_instruct_q4_k_m,qwen2_5_7b_instruct_q4_k_m,revision_v1_hmac_sha256_hex_002,hmac_sha256_hex,train,zh_hans_personal_narrative_blog_01,personal_narrative_blog,zh_hans,direct_subword_calgacus,direct_subword,direct_subword,,False,1,,none,none,0,,,,,saved_token_ids,unmodified,none,payload_fidelity_v2,payload_aware_result_v2,1,1,original_serialized_payload_bytes_sha256_v1,1,,256,512,,4.491228070175438,8.982456140350877,4.491228070175438,57,0,57,-4.555603811414526,
2.0,55c212c44061ecd091ceb8c38943a8babfaad56ebc15904817534f428dde546f,secondary_supplementary_multilingual_v2_payload_fidelity_after_manifest_freeze,secondary_supplementary,multilingual_v2_secondary,rankcloak_trial,revision_v1_multilingual_v2_payload_fidelity_v2__50ed143108583cf82534,revision_v1_multilingual_v2_payload_fidelity_v2__50ed143108583cf82534,,,,,,qwen2_5_7b_instruct_q4_k_m,qwen2_5_7b_instruct_q4_k_m,revision_v1_hmac_sha256_hex_002,hmac_sha256_hex,train,zh_hans_personal_narrative_blog_01,personal_narrative_blog,zh_hans,nonseg_ascii_b16,ascii_b16,ascii_b16,16,False,1,,none,none,0,,,,,saved_token_ids,unmodified,none,payload_fidelity_v2,payload_aware_result_v2,1,1,original_serialized_payload_bytes_sha256_v1,1,512,256,512,4.0,2.0,4.0,2.0,128,0,128,-3.6794352535944075,
2.0,55c212c44061ecd091ceb8c38943a8babfaad56ebc15904817534f428dde546f,secondary_supplementary_multilingual_v2_payload_fidelity_after_manifest_freeze,secondary_supplementary,multilingual_v2_secondary,rankcloak_trial,revision_v1_multilingual_v2_payload_fidelity_v2__2a88fe6fab373be1ec0a,revision_v1_multilingual_v2_payload_fidelity_v2__2a88fe6fab373be1ec0a,,,,,,qwen2_5_7b_instruct_q4_k_m,qwen2_5_7b_instruct_q4_k_m,revision_v1_hmac_sha256_hex_003,hmac_sha256_hex,train,es_factual_explanatory_01,factual_explanatory,es,direct_subword_calgacus,direct_subword,direct_subword,,False,1,,none,none,0,,,,,saved_token_ids,unmodified,none,payload_fidelity_v2,payload_aware_result_v2,1,1,original_serialized_payload_bytes_sha256_v1,1,,256,512,,4.491228070175438,8.982456140350877,4.491228070175438,57,0,57,-5.692195169152658,
2.0,55c212c44061ecd091ceb8c38943a8babfaad56ebc15904817534f428dde546f,secondary_supplementary_multilingual_v2_payload_fidelity_after_manifest_freeze,secondary_supplementary,multilingual_v2_secondary,rankcloak_trial,revision_v1_multilingual_v2_payload_fidelity_v2__06e263d115f3a6a0e31e,revision_v1_multilingual_v2_payload_fidelity_v2__06e263d115f3a6a0e31e,,,,,,qwen2_5_7b_instruct_q4_k_m,qwen2_5_7b_instruct_q4_k_m,revision_v1_hmac_sha256_hex_003,hmac_sha256_hex,train,es_factual_explanatory_01,factual_explanatory,es,nonseg_ascii_b16,ascii_b16,ascii_b16,16,False,1,,none,none,0,,,,,saved_token_ids,unmodified,none,payload_fidelity_v2,payload_aware_result_v2,1,1,original_serialized_payload_bytes_sha256_v1,1,512,256,512,4.0,2.0,4.0,2.0,128,0,128,-4.357324272613098,
2.0,55c212c44061ecd091ceb8c38943a8babfaad56ebc15904817534f428dde546f,secondary_supplementary_multilingual_v2_payload_fidelity_after_manifest_freeze,secondary_supplementary,multilingual_v2_secondary,rankcloak_trial,revision_v1_multilingual_v2_payload_fidelity_v2__5a2e4cdda874abd9ab0f,revision_v1_multilingual_v2_payload_fidelity_v2__5a2e4cdda874abd9ab0f,,,,,,qwen2_5_7b_instruct_q4_k_m,qwen2_5_7b_instruct_q4_k_m,revision_v1_hmac_sha256_hex_003,hmac_sha256_hex,train,zh_hans_factual_explanatory_01,factual_explanatory,zh_hans,direct_subword_calgacus,direct_subword,direct_subword,,False,1,,none,none,0,,,,,saved_token_ids,unmodified,none,payload_fidelity_v2,payload_aware_result_v2,1,1,original_serialized_payload_bytes_sha256_v1,1,,256,512,,4.491228070175438,8.982456140350877,4.491228070175438,57,0,57,-6.1111053355736455,
2.0,55c212c44061ecd091ceb8c38943a8babfaad56ebc15904817534f428dde546f,secondary_supplementary_multilingual_v2_payload_fidelity_after_manifest_freeze,secondary_supplementary,multilingual_v2_secondary,rankcloak_trial,revision_v1_multilingual_v2_payload_fidelity_v2__d7cbffb867daa8430a17,revision_v1_multilingual_v2_payload_fidelity_v2__d7cbffb867daa8430a17,,,,,,qwen2_5_7b_instruct_q4_k_m,qwen2_5_7b_instruct_q4_k_m,revision_v1_hmac_sha256_hex_003,hmac_sha256_hex,train,zh_hans_factual_explanatory_01,factual_explanatory,zh_hans,nonseg_ascii_b16,ascii_b16,ascii_b16,16,False,1,,none,none,0,,,,,saved_token_ids,unmodified,none,payload_fidelity_v2,payload_aware_result_v2,1,1,original_serialized_payload_bytes_sha256_v1,1,512,256,512,4.0,2.0,4.0,2.0,128,0,128,-3.9760501206342806,
2.0,55c212c44061ecd091ceb8c38943a8babfaad56ebc15904817534f428dde546f,secondary_supplementary_multilingual_v2_payload_fidelity_after_manifest_freeze,secondary_supplementary,multilingual_v2_secondary,rankcloak_trial,revision_v1_multilingual_v2_payload_fidelity_v2__adfce822a4e8c88df4cd,revision_v1_multilingual_v2_payload_fidelity_v2__adfce822a4e8c88df4cd,,,,,,qwen2_5_7b_instruct_q4_k_m,qwen2_5_7b_instruct_q4_k_m,revision_v1_hmac_sha256_hex_004,hmac_sha256_hex,train,es_casual_conversation_01,casual_conversation,es,direct_subword_calgacus,direct_subword,direct_subword,,False,1,,none,none,0,,,,,saved_token_ids,unmodified,none,payload_fidelity_v2,payload_aware_result_v2,1,1,original_serialized_payload_bytes_sha256_v1,1,,256,512,,4.7407407407407405,9.481481481481481,4.7407407407407405,54,0,54,-4.499283721133934,
2.0,55c212c44061ecd091ceb8c38943a8babfaad56ebc15904817534f428dde546f,secondary_supplementary_multilingual_v2_payload_fidelity_after_manifest_freeze,secondary_supplementary,multilingual_v2_secondary,rankcloak_trial,revision_v1_multilingual_v2_payload_fidelity_v2__9a46927e7130aa7b58d6,revision_v1_multilingual_v2_payload_fidelity_v2__9a46927e7130aa7b58d6,,,,,,qwen2_5_7b_instruct_q4_k_m,qwen2_5_7b_instruct_q4_k_m,revision_v1_hmac_sha256_hex_004,hmac_sha256_hex,train,es_casual_conversation_01,casual_conversation,es,nonseg_ascii_b16,ascii_b16,ascii_b16,16,False,1,,none,none,0,,,,,saved_token_ids,unmodified,none,payload_fidelity_v2,payload_aware_result_v2,1,1,original_serialized_payload_bytes_sha256_v1,1,512,256,512,4.0,2.0,4.0,2.0,128,0,128,-3.958149453946596,
2.0,55c212c44061ecd091ceb8c38943a8babfaad56ebc15904817534f428dde546f,secondary_supplementary_multilingual_v2_payload_fidelity_after_manifest_freeze,secondary_supplementary,multilingual_v2_secondary,rankcloak_trial,revision_v1_multilingual_v2_payload_fidelity_v2__aa9102b3eedda7f954a3,revision_v1_multilingual_v2_payload_fidelity_v2__aa9102b3eedda7f954a3,,,,,,qwen2_5_7b_instruct_q4_k_m,qwen2_5_7b_instruct_q4_k_m,revision_v1_hmac_sha256_hex_004,hmac_sha256_hex,train,zh_hans_casual_conversation_01,casual_conversation,zh_hans,direct_subword_calgacus,direct_subword,direct_subword,,False,1,,none,none,0,,,,,saved_token_ids,unmodified,none,payload_fidelity_v2,payload_aware_result_v2,1,1,original_serialized_payload_bytes_sha256_v1,1,,256,512,,4.7407407407407405,9.481481481481481,4.7407407407407405,54,0,54,-4.686261980562644,
2.0,55c212c44061ecd091ceb8c38943a8babfaad56ebc15904817534f428dde546f,secondary_supplementary_multilingual_v2_payload_fidelity_after_manifest_freeze,secondary_supplementary,multilingual_v2_secondary,rankcloak_trial,revision_v1_multilingual_v2_payload_fidelity_v2__ec66781ccf70b584a477,revision_v1_multilingual_v2_payload_fidelity_v2__ec66781ccf70b584a477,,,,,,qwen2_5_7b_instruct_q4_k_m,qwen2_5_7b_instruct_q4_k_m,revision_v1_hmac_sha256_hex_004,hmac_sha256_hex,train,zh_hans_casual_conversation_01,casual_conversation,zh_hans,nonseg_ascii_b16,ascii_b16,ascii_b16,16,False,1,,none,none,0,,,,,saved_token_ids,unmodified,none,payload_fidelity_v2,payload_aware_result_v2,1,1,original_serialized_payload_bytes_sha256_v1,1,512,256,512,4.0,2.0,4.0,2.0,128,0,128,-3.83030598572427,
2.0,55c212c44061ecd091ceb8c38943a8babfaad56ebc15904817534f428dde546f,secondary_supplementary_multilingual_v2_payload_fidelity_after_manifest_freeze,secondary_supplementary,multilingual_v2_secondary,rankcloak_trial,revision_v1_multilingual_v2_payload_fidelity_v2__3a3a957913d6655ba874,revision_v1_multilingual_v2_payload_fidelity_v2__3a3a957913d6655ba874,,,,,,qwen2_5_7b_instruct_q4_k_m,qwen2_5_7b_instruct_q4_k_m,revision_v1_hmac_sha256_hex_005,hmac_sha256_hex,train,es_professional_communication_01,professional_communication,es,direct_subword_calgacus,direct_subword,direct_subword,,False,1,,none,none,0,,,,,saved_token_ids,unmodified,none,payload_fidelity_v2,payload_aware_result_v2,1,1,original_serialized_payload_bytes_sha256_v1,1,,256,512,,4.19672131147541,8.39344262295082,4.19672131147541,61,0,61,-4.416143549063325,
2.0,55c212c44061ecd091ceb8c38943a8babfaad56ebc15904817534f428dde546f,secondary_supplementary_multilingual_v2_payload_fidelity_after_manifest_freeze,secondary_supplementary,multilingual_v2_secondary,rankcloak_trial,revision_v1_multilingual_v2_payload_fidelity_v2__fad36042a2bf1f749ccf,revision_v1_multilingual_v2_payload_fidelity_v2__fad36042a2bf1f749ccf,,,,,,qwen2_5_7b_instruct_q4_k_m,qwen2_5_7b_instruct_q4_k_m,revision_v1_hmac_sha256_hex_005,hmac_sha256_hex,train,es_professional_communication_01,professional_communication,es,nonseg_ascii_b16,ascii_b16,ascii_b16,16,False,1,,none,none,0,,,,,saved_token_ids,unmodified,none,payload_fidelity_v2,payload_aware_result_v2,1,1,original_serialized_payload_bytes_sha256_v1,1,512,256,512,4.0,2.0,4.0,2.0,128,0,128,-4.083898040864529,
2.0,55c212c44061ecd091ceb8c38943a8babfaad56ebc15904817534f428dde546f,secondary_supplementary_multilingual_v2_payload_fidelity_after_manifest_freeze,secondary_supplementary,multilingual_v2_secondary,rankcloak_trial,revision_v1_multilingual_v2_payload_fidelity_v2__ac7896c62c07ccd89a50,revision_v1_multilingual_v2_payload_fidelity_v2__ac7896c62c07ccd89a50,,,,,,qwen2_5_7b_instruct_q4_k_m,qwen2_5_7b_instruct_q4_k_m,revision_v1_hmac_sha256_hex_005,hmac_sha256_hex,train,zh_hans_professional_communication_01,professional_communication,zh_hans,direct_subword_calgacus,direct_subword,direct_subword,,False,1,,none,none,0,,,,,saved_token_ids,unmodified,none,payload_fidelity_v2,payload_aware_result_v2,1,1,original_serialized_payload_bytes_sha256_v1,1,,256,512,,4.19672131147541,8.39344262295082,4.19672131147541,61,0,61,-4.316963302301593,
2.0,55c212c44061ecd091ceb8c38943a8babfaad56ebc15904817534f428dde546f,secondary_supplementary_multilingual_v2_payload_fidelity_after_manifest_freeze,secondary_supplementary,multilingual_v2_secondary,rankcloak_trial,revision_v1_multilingual_v2_payload_fidelity_v2__d9f4f0a24d091f9f09e0,revision_v1_multilingual_v2_payload_fidelity_v2__d9f4f0a24d091f9f09e0,,,,,,qwen2_5_7b_instruct_q4_k_m,qwen2_5_7b_instruct_q4_k_m,revision_v1_hmac_sha256_hex_005,hmac_sha256_hex,train,zh_hans_professional_communication_01,professional_communication,zh_hans,nonseg_ascii_b16,ascii_b16,ascii_b16,16,False,1,,none,none,0,,,,,saved_token_ids,unmodified,none,payload_fidelity_v2,payload_aware_result_v2,1,1,original_serialized_payload_bytes_sha256_v1,1,512,256,512,4.0,2.0,4.0,2.0,128,0,128,-3.615528266260112,
2.0,55c212c44061ecd091ceb8c38943a8babfaad56ebc15904817534f428dde546f,secondary_supplementary_multilingual_v2_payload_fidelity_after_manifest_freeze,secondary_supplementary,multilingual_v2_secondary,rankcloak_trial,revision_v1_multilingual_v2_payload_fidelity_v2__fc3cc2a5d9385d25b568,revision_v1_multilingual_v2_payload_fidelity_v2__fc3cc2a5d9385d25b568,,,,,,qwen2_5_7b_instruct_q4_k_m,qwen2_5_7b_instruct_q4_k_m,revision_v1_nonce_96_bit_hex_000,nonce_96_bit_hex,train,es_recipe_procedure_01,recipe_procedure,es,direct_subword_calgacus,direct_subword,direct_subword,,False,1,,none,none,0,,,,,saved_token_ids,unmodified,none,payload_fidelity_v2,payload_aware_result_v2,1,1,original_serialized_payload_bytes_sha256_v1,1,,96,192,,5.052631578947368,10.105263157894736,5.052631578947368,19,0,19,-6.950131471891006,
2.0,55c212c44061ecd091ceb8c38943a8babfaad56ebc15904817534f428dde546f,secondary_supplementary_multilingual_v2_payload_fidelity_after_manifest_freeze,secondary_supplementary,multilingual_v2_secondary,rankcloak_trial,revision_v1_multilingual_v2_payload_fidelity_v2__c23662f8f1270b1771d3,revision_v1_multilingual_v2_payload_fidelity_v2__c23662f8f1270b1771d3,,,,,,qwen2_5_7b_instruct_q4_k_m,qwen2_5_7b_instruct_q4_k_m,revision_v1_nonce_96_bit_hex_000,nonce_96_bit_hex,train,es_recipe_procedure_01,recipe_procedure,es,nonseg_ascii_b16,ascii_b16,ascii_b16,16,False,1,,none,none,0,,,,,saved_token_ids,unmodified,none,payload_fidelity_v2,payload_aware_result_v2,1,1,original_serialized_payload_bytes_sha256_v1,1,192,96,192,4.0,2.0,4.0,2.0,48,0,48,-4.3978644598115935,
2.0,55c212c44061ecd091ceb8c38943a8babfaad56ebc15904817534f428dde546f,secondary_supplementary_multilingual_v2_payload_fidelity_after_manifest_freeze,secondary_supplementary,multilingual_v2_secondary,rankcloak_trial,revision_v1_multilingual_v2_payload_fidelity_v2__29620c8a8488a9fc5b9e,revision_v1_multilingual_v2_payload_fidelity_v2__29620c8a8488a9fc5b9e,,,,,,qwen2_5_7b_instruct_q4_k_m,qwen2_5_7b_instruct_q4_k_m,revision_v1_nonce_96_bit_hex_000,nonce_96_bit_hex,train,zh_hans_recipe_procedure_01,recipe_procedure,zh_hans,direct_subword_calgacus,direct_subword,direct_subword,,False,1,,none,none,0,,,,,saved_token_ids,unmodified,none,payload_fidelity_v2,payload_aware_result_v2,1,1,original_serialized_payload_bytes_sha256_v1,1,,96,192,,5.052631578947368,10.105263157894736,5.052631578947368,19,0,19,-6.656970761557475,
2.0,55c212c44061ecd091ceb8c38943a8babfaad56ebc15904817534f428dde546f,secondary_supplementary_multilingual_v2_payload_fidelity_after_manifest_freeze,secondary_supplementary,multilingual_v2_secondary,rankcloak_trial,revision_v1_multilingual_v2_payload_fidelity_v2__33d03de080cab15edbe9,revision_v1_multilingual_v2_payload_fidelity_v2__33d03de080cab15edbe9,,,,,,qwen2_5_7b_instruct_q4_k_m,qwen2_5_7b_instruct_q4_k_m,revision_v1_nonce_96_bit_hex_000,nonce_96_bit_hex,train,zh_hans_recipe_procedure_01,recipe_procedure,zh_hans,nonseg_ascii_b16,ascii_b16,ascii_b16,16,False,1,,none,none,0,,,,,saved_token_ids,unmodified,none,payload_fidelity_v2,payload_aware_result_v2,1,1,original_serialized_payload_bytes_sha256_v1,1,192,96,192,4.0,2.0,4.0,2.0,48,0,48,-4.295949159759085,
2.0,55c212c44061ecd091ceb8c38943a8babfaad56ebc15904817534f428dde546f,secondary_supplementary_multilingual_v2_payload_fidelity_after_manifest_freeze,secondary_supplementary,multilingual_v2_secondary,rankcloak_trial,revision_v1_multilingual_v2_payload_fidelity_v2__02fee983ecfc4fe6a4f8,revision_v1_multilingual_v2_payload_fidelity_v2__02fee983ecfc4fe6a4f8,,,,,,qwen2_5_7b_instruct_q4_k_m,qwen2_5_7b_instruct_q4_k_m,revision_v1_nonce_96_bit_hex_001,nonce_96_bit_hex,train,es_personal_narrative_blog_01,personal_narrative_blog,es,direct_subword_calgacus,direct_subword,direct_subword,,False,1,,none,none,0,,,,,saved_token_ids,unmodified,none,payload_fidelity_v2,payload_aware_result_v2,1,1,original_serialized_payload_bytes_sha256_v1,1,,96,192,,4.173913043478261,8.347826086956522,4.173913043478261,23,0,23,-4.83084024924748,
2.0,55c212c44061ecd091ceb8c38943a8babfaad56ebc15904817534f428dde546f,secondary_supplementary_multilingual_v2_payload_fidelity_after_manifest_freeze,secondary_supplementary,multilingual_v2_secondary,rankcloak_trial,revision_v1_multilingual_v2_payload_fidelity_v2__e0273a78bb76e0859280,revision_v1_multilingual_v2_payload_fidelity_v2__e0273a78bb76e0859280,,,,,,qwen2_5_7b_instruct_q4_k_m,qwen2_5_7b_instruct_q4_k_m,revision_v1_nonce_96_bit_hex_001,nonce_96_bit_hex,train,es_personal_narrative_blog_01,personal_narrative_blog,es,nonseg_ascii_b16,ascii_b16,ascii_b16,16,False,1,,none,none,0,,,,,saved_token_ids,unmodified,none,payload_fidelity_v2,payload_aware_result_v2,1,1,original_serialized_payload_bytes_sha256_v1,1,192,96,192,4.0,2.0,4.0,2.0,48,0,48,-4.3847699492053875,
2.0,55c212c44061ecd091ceb8c38943a8babfaad56ebc15904817534f428dde546f,secondary_supplementary_multilingual_v2_payload_fidelity_after_manifest_freeze,secondary_supplementary,multilingual_v2_secondary,rankcloak_trial,revision_v1_multilingual_v2_payload_fidelity_v2__5d716b23f150ff48d1fe,revision_v1_multilingual_v2_payload_fidelity_v2__5d716b23f150ff48d1fe,,,,,,qwen2_5_7b_instruct_q4_k_m,qwen2_5_7b_instruct_q4_k_m,revision_v1_nonce_96_bit_hex_001,nonce_96_bit_hex,train,zh_hans_personal_narrative_blog_01,personal_narrative_blog,zh_hans,direct_subword_calgacus,direct_subword,direct_subword,,False,1,,none,none,0,,,,,saved_token_ids,unmodified,none,payload_fidelity_v2,payload_aware_result_v2,1,1,original_serialized_payload_bytes_sha256_v1,1,,96,192,,4.173913043478261,8.347826086956522,4.173913043478261,23,0,23,-5.039013304273934,
2.0,55c212c44061ecd091ceb8c38943a8babfaad56ebc15904817534f428dde546f,secondary_supplementary_multilingual_v2_payload_fidelity_after_manifest_freeze,secondary_supplementary,multilingual_v2_secondary,rankcloak_trial,revision_v1_multilingual_v2_payload_fidelity_v2__df9989d898c586db21db,revision_v1_multilingual_v2_payload_fidelity_v2__df9989d898c586db21db,,,,,,qwen2_5_7b_instruct_q4_k_m,qwen2_5_7b_instruct_q4_k_m,revision_v1_nonce_96_bit_hex_001,nonce_96_bit_hex,train,zh_hans_personal_narrative_blog_01,personal_narrative_blog,zh_hans,nonseg_ascii_b16,ascii_b16,ascii_b16,16,False,1,,none,none,0,,,,,saved_token_ids,unmodified,none,payload_fidelity_v2,payload_aware_result_v2,1,1,original_serialized_payload_bytes_sha256_v1,1,192,96,192,4.0,2.0,4.0,2.0,48,0,48,-3.857390035198698,
2.0,55c212c44061ecd091ceb8c38943a8babfaad56ebc15904817534f428dde546f,secondary_supplementary_multilingual_v2_payload_fidelity_after_manifest_freeze,secondary_supplementary,multilingual_v2_secondary,rankcloak_trial,revision_v1_multilingual_v2_payload_fidelity_v2__9648976462034ab8993b,revision_v1_multilingual_v2_payload_fidelity_v2__9648976462034ab8993b,,,,,,qwen2_5_7b_instruct_q4_k_m,qwen2_5_7b_instruct_q4_k_m,revision_v1_nonce_96_bit_hex_002,nonce_96_bit_hex,train,es_factual_explanatory_01,factual_explanatory,es,direct_subword_calgacus,direct_subword,direct_subword,,False,1,,none,none,0,,,,,saved_token_ids,unmodified,none,payload_fidelity_v2,payload_aware_result_v2,1,1,original_serialized_payload_bytes_sha256_v1,1,,96,192,,4.8,9.6,4.8,20,0,20,-5.8045619136828845,
2.0,55c212c44061ecd091ceb8c38943a8babfaad56ebc15904817534f428dde546f,secondary_supplementary_multilingual_v2_payload_fidelity_after_manifest_freeze,secondary_supplementary,multilingual_v2_secondary,rankcloak_trial,revision_v1_multilingual_v2_payload_fidelity_v2__ab3f9de23c87ce23e093,revision_v1_multilingual_v2_payload_fidelity_v2__ab3f9de23c87ce23e093,,,,,,qwen2_5_7b_instruct_q4_k_m,qwen2_5_7b_instruct_q4_k_m,revision_v1_nonce_96_bit_hex_002,nonce_96_bit_hex,train,es_factual_explanatory_01,factual_explanatory,es,nonseg_ascii_b16,ascii_b16,ascii_b16,16,False,1,,none,none,0,,,,,saved_token_ids,unmodified,none,payload_fidelity_v2,payload_aware_result_v2,1,1,original_serialized_payload_bytes_sha256_v1,1,192,96,192,4.0,2.0,4.0,2.0,48,0,48,-4.689233110549874,
2.0,55c212c44061ecd091ceb8c38943a8babfaad56ebc15904817534f428dde546f,secondary_supplementary_multilingual_v2_payload_fidelity_after_manifest_freeze,secondary_supplementary,multilingual_v2_secondary,rankcloak_trial,revision_v1_multilingual_v2_payload_fidelity_v2__3a7bc594b1e381a6f95c,revision_v1_multilingual_v2_payload_fidelity_v2__3a7bc594b1e381a6f95c,,,,,,qwen2_5_7b_instruct_q4_k_m,qwen2_5_7b_instruct_q4_k_m,revision_v1_nonce_96_bit_hex_002,nonce_96_bit_hex,train,zh_hans_factual_explanatory_01,factual_explanatory,zh_hans,direct_subword_calgacus,direct_subword,direct_subword,,False,1,,none,none,0,,,,,saved_token_ids,unmodified,none,payload_fidelity_v2,payload_aware_result_v2,1,1,original_serialized_payload_bytes_sha256_v1,1,,96,192,,4.8,9.6,4.8,20,0,20,-5.638374962148811,
2.0,55c212c44061ecd091ceb8c38943a8babfaad56ebc15904817534f428dde546f,secondary_supplementary_multilingual_v2_payload_fidelity_after_manifest_freeze,secondary_supplementary,multilingual_v2_secondary,rankcloak_trial,revision_v1_multilingual_v2_payload_fidelity_v2__c2bf81a5f71990856683,revision_v1_multilingual_v2_payload_fidelity_v2__c2bf81a5f71990856683,,,,,,qwen2_5_7b_instruct_q4_k_m,qwen2_5_7b_instruct_q4_k_m,revision_v1_nonce_96_bit_hex_002,nonce_96_bit_hex,train,zh_hans_factual_explanatory_01,factual_explanatory,zh_hans,nonseg_ascii_b16,ascii_b16,ascii_b16,16,False,1,,none,none,0,,,,,saved_token_ids,unmodified,none,payload_fidelity_v2,payload_aware_result_v2,1,1,original_serialized_payload_bytes_sha256_v1,1,192,96,192,4.0,2.0,4.0,2.0,48,0,48,-4.5015748612875255,
2.0,55c212c44061ecd091ceb8c38943a8babfaad56ebc15904817534f428dde546f,secondary_supplementary_multilingual_v2_payload_fidelity_after_manifest_freeze,secondary_supplementary,multilingual_v2_secondary,rankcloak_trial,revision_v1_multilingual_v2_payload_fidelity_v2__be186235441bb08c7ec8,revision_v1_multilingual_v2_payload_fidelity_v2__be186235441bb08c7ec8,,,,,,qwen2_5_7b_instruct_q4_k_m,qwen2_5_7b_instruct_q4_k_m,revision_v1_nonce_96_bit_hex_003,nonce_96_bit_hex,train,es_casual_conversation_01,casual_conversation,es,direct_subword_calgacus,direct_subword,direct_subword,,False,1,,none,none,0,,,,,saved_token_ids,unmodified,none,payload_fidelity_v2,payload_aware_result_v2,1,1,original_serialized_payload_bytes_sha256_v1,1,,96,192,,4.173913043478261,8.347826086956522,4.173913043478261,23,0,23,-5.050747207307472,
2.0,55c212c44061ecd091ceb8c38943a8babfaad56ebc15904817534f428dde546f,secondary_supplementary_multilingual_v2_payload_fidelity_after_manifest_freeze,secondary_supplementary,multilingual_v2_secondary,rankcloak_trial,revision_v1_multilingual_v2_payload_fidelity_v2__0ec96e7f3676fd091568,revision_v1_multilingual_v2_payload_fidelity_v2__0ec96e7f3676fd091568,,,,,,qwen2_5_7b_instruct_q4_k_m,qwen2_5_7b_instruct_q4_k_m,revision_v1_nonce_96_bit_hex_003,nonce_96_bit_hex,train,es_casual_conversation_01,casual_conversation,es,nonseg_ascii_b16,ascii_b16,ascii_b16,16,False,1,,none,none,0,,,,,saved_token_ids,unmodified,none,payload_fidelity_v2,payload_aware_result_v2,1,1,original_serialized_payload_bytes_sha256_v1,1,192,96,192,4.0,2.0,4.0,2.0,48,0,48,-4.696538544418643,
2.0,55c212c44061ecd091ceb8c38943a8babfaad56ebc15904817534f428dde546f,secondary_supplementary_multilingual_v2_payload_fidelity_after_manifest_freeze,secondary_supplementary,multilingual_v2_secondary,rankcloak_trial,revision_v1_multilingual_v2_payload_fidelity_v2__25b83d5787460afc0ab1,revision_v1_multilingual_v2_payload_fidelity_v2__25b83d5787460afc0ab1,,,,,,qwen2_5_7b_instruct_q4_k_m,qwen2_5_7b_instruct_q4_k_m,revision_v1_nonce_96_bit_hex_003,nonce_96_bit_hex,train,zh_hans_casual_conversation_01,casual_conversation,zh_hans,direct_subword_calgacus,direct_subword,direct_subword,,False,1,,none,none,0,,,,,saved_token_ids,unmodified,none,payload_fidelity_v2,payload_aware_result_v2,1,1,original_serialized_payload_bytes_sha256_v1,1,,96,192,,4.173913043478261,8.347826086956522,4.173913043478261,23,0,23,-5.71275417692988,
2.0,55c212c44061ecd091ceb8c38943a8babfaad56ebc15904817534f428dde546f,secondary_supplementary_multilingual_v2_payload_fidelity_after_manifest_freeze,secondary_supplementary,multilingual_v2_secondary,rankcloak_trial,revision_v1_multilingual_v2_payload_fidelity_v2__ac56431ca562aaaf026e,revision_v1_multilingual_v2_payload_fidelity_v2__ac56431ca562aaaf026e,,,,,,qwen2_5_7b_instruct_q4_k_m,qwen2_5_7b_instruct_q4_k_m,revision_v1_nonce_96_bit_hex_003,nonce_96_bit_hex,train,zh_hans_casual_conversation_01,casual_conversation,zh_hans,nonseg_ascii_b16,ascii_b16,ascii_b16,16,False,1,,none,none,0,,,,,saved_token_ids,unmodified,none,payload_fidelity_v2,payload_aware_result_v2,1,1,original_serialized_payload_bytes_sha256_v1,1,192,96,192,4.0,2.0,4.0,2.0,48,0,48,-3.843083512409775,
2.0,55c212c44061ecd091ceb8c38943a8babfaad56ebc15904817534f428dde546f,secondary_supplementary_multilingual_v2_payload_fidelity_after_manifest_freeze,secondary_supplementary,multilingual_v2_secondary,rankcloak_trial,revision_v1_multilingual_v2_payload_fidelity_v2__3e3ac13fa33a5534a5ce,revision_v1_multilingual_v2_payload_fidelity_v2__3e3ac13fa33a5534a5ce,,,,,,qwen2_5_7b_instruct_q4_k_m,qwen2_5_7b_instruct_q4_k_m,revision_v1_nonce_96_bit_hex_004,nonce_96_bit_hex,train,es_professional_communication_01,professional_communication,es,direct_subword_calgacus,direct_subword,direct_subword,,False,1,,none,none,0,,,,,saved_token_ids,unmodified,none,payload_fidelity_v2,payload_aware_result_v2,1,1,original_serialized_payload_bytes_sha256_v1,1,,96,192,,4.571428571428571,9.142857142857142,4.571428571428571,21,0,21,-5.317998704150267,
2.0,55c212c44061ecd091ceb8c38943a8babfaad56ebc15904817534f428dde546f,secondary_supplementary_multilingual_v2_payload_fidelity_after_manifest_freeze,secondary_supplementary,multilingual_v2_secondary,rankcloak_trial,revision_v1_multilingual_v2_payload_fidelity_v2__4bbe1217b957937493f2,revision_v1_multilingual_v2_payload_fidelity_v2__4bbe1217b957937493f2,,,,,,qwen2_5_7b_instruct_q4_k_m,qwen2_5_7b_instruct_q4_k_m,revision_v1_nonce_96_bit_hex_004,nonce_96_bit_hex,train,es_professional_communication_01,professional_communication,es,nonseg_ascii_b16,ascii_b16,ascii_b16,16,False,1,,none,none,0,,,,,saved_token_ids,unmodified,none,payload_fidelity_v2,payload_aware_result_v2,1,1,original_serialized_payload_bytes_sha256_v1,1,192,96,192,4.0,2.0,4.0,2.0,48,0,48,-5.358624826408584,
2.0,55c212c44061ecd091ceb8c38943a8babfaad56ebc15904817534f428dde546f,secondary_supplementary_multilingual_v2_payload_fidelity_after_manifest_freeze,secondary_supplementary,multilingual_v2_secondary,rankcloak_trial,revision_v1_multilingual_v2_payload_fidelity_v2__d7d5d743684a9f0f01bb,revision_v1_multilingual_v2_payload_fidelity_v2__d7d5d743684a9f0f01bb,,,,,,qwen2_5_7b_instruct_q4_k_m,qwen2_5_7b_instruct_q4_k_m,revision_v1_nonce_96_bit_hex_004,nonce_96_bit_hex,train,zh_hans_professional_communication_01,professional_communication,zh_hans,direct_subword_calgacus,direct_subword,direct_subword,,False,1,,none,none,0,,,,,saved_token_ids,unmodified,none,payload_fidelity_v2,payload_aware_result_v2,1,1,original_serialized_payload_bytes_sha256_v1,1,,96,192,,4.571428571428571,9.142857142857142,4.571428571428571,21,0,21,-6.209062298719634,
2.0,55c212c44061ecd091ceb8c38943a8babfaad56ebc15904817534f428dde546f,secondary_supplementary_multilingual_v2_payload_fidelity_after_manifest_freeze,secondary_supplementary,multilingual_v2_secondary,rankcloak_trial,revision_v1_multilingual_v2_payload_fidelity_v2__794df9f85bafbc5a7757,revision_v1_multilingual_v2_payload_fidelity_v2__794df9f85bafbc5a7757,,,,,,qwen2_5_7b_instruct_q4_k_m,qwen2_5_7b_instruct_q4_k_m,revision_v1_nonce_96_bit_hex_004,nonce_96_bit_hex,train,zh_hans_professional_communication_01,professional_communication,zh_hans,nonseg_ascii_b16,ascii_b16,ascii_b16,16,False,1,,none,none,0,,,,,saved_token_ids,unmodified,none,payload_fidelity_v2,payload_aware_result_v2,1,1,original_serialized_payload_bytes_sha256_v1,1,192,96,192,4.0,2.0,4.0,2.0,48,0,48,-3.6145075840249565,
2.0,55c212c44061ecd091ceb8c38943a8babfaad56ebc15904817534f428dde546f,secondary_supplementary_multilingual_v2_payload_fidelity_after_manifest_freeze,secondary_supplementary,multilingual_v2_secondary,rankcloak_trial,revision_v1_multilingual_v2_payload_fidelity_v2__272f0c123a46db12adbc,revision_v1_multilingual_v2_payload_fidelity_v2__272f0c123a46db12adbc,,,,,,qwen2_5_7b_instruct_q4_k_m,qwen2_5_7b_instruct_q4_k_m,revision_v1_nonce_96_bit_hex_005,nonce_96_bit_hex,train,es_forum_question_answer_01,forum_question_answer,es,direct_subword_calgacus,direct_subword,direct_subword,,False,1,,none,none,0,,,,,saved_token_ids,unmodified,none,payload_fidelity_v2,payload_aware_result_v2,1,1,original_serialized_payload_bytes_sha256_v1,1,,96,192,,5.052631578947368,10.105263157894736,5.052631578947368,19,0,19,-6.7523932341484825,
2.0,55c212c44061ecd091ceb8c38943a8babfaad56ebc15904817534f428dde546f,secondary_supplementary_multilingual_v2_payload_fidelity_after_manifest_freeze,secondary_supplementary,multilingual_v2_secondary,rankcloak_trial,revision_v1_multilingual_v2_payload_fidelity_v2__e594b52a50e86450d365,revision_v1_multilingual_v2_payload_fidelity_v2__e594b52a50e86450d365,,,,,,qwen2_5_7b_instruct_q4_k_m,qwen2_5_7b_instruct_q4_k_m,revision_v1_nonce_96_bit_hex_005,nonce_96_bit_hex,train,es_forum_question_answer_01,forum_question_answer,es,nonseg_ascii_b16,ascii_b16,ascii_b16,16,False,1,,none,none,0,,,,,saved_token_ids,unmodified,none,payload_fidelity_v2,payload_aware_result_v2,1,1,original_serialized_payload_bytes_sha256_v1,1,192,96,192,4.0,2.0,4.0,2.0,48,0,48,-4.758392134805114,
2.0,55c212c44061ecd091ceb8c38943a8babfaad56ebc15904817534f428dde546f,secondary_supplementary_multilingual_v2_payload_fidelity_after_manifest_freeze,secondary_supplementary,multilingual_v2_secondary,rankcloak_trial,revision_v1_multilingual_v2_payload_fidelity_v2__ebc4584a261c78aabe0e,revision_v1_multilingual_v2_payload_fidelity_v2__ebc4584a261c78aabe0e,,,,,,qwen2_5_7b_instruct_q4_k_m,qwen2_5_7b_instruct_q4_k_m,revision_v1_nonce_96_bit_hex_005,nonce_96_bit_hex,train,zh_hans_forum_question_answer_01,forum_question_answer,zh_hans,direct_subword_calgacus,direct_subword,direct_subword,,False,1,,none,none,0,,,,,saved_token_ids,unmodified,none,payload_fidelity_v2,payload_aware_result_v2,1,1,original_serialized_payload_bytes_sha256_v1,1,,96,192,,5.052631578947368,10.105263157894736,5.052631578947368,19,0,19,-5.657631259566895,
2.0,55c212c44061ecd091ceb8c38943a8babfaad56ebc15904817534f428dde546f,secondary_supplementary_multilingual_v2_payload_fidelity_after_manifest_freeze,secondary_supplementary,multilingual_v2_secondary,rankcloak_trial,revision_v1_multilingual_v2_payload_fidelity_v2__cc19bf367376b1678de1,revision_v1_multilingual_v2_payload_fidelity_v2__cc19bf367376b1678de1,,,,,,qwen2_5_7b_instruct_q4_k_m,qwen2_5_7b_instruct_q4_k_m,revision_v1_nonce_96_bit_hex_005,nonce_96_bit_hex,train,zh_hans_forum_question_answer_01,forum_question_answer,zh_hans,nonseg_ascii_b16,ascii_b16,ascii_b16,16,False,1,,none,none,0,,,,,saved_token_ids,unmodified,none,payload_fidelity_v2,payload_aware_result_v2,1,1,original_serialized_payload_bytes_sha256_v1,1,192,96,192,4.0,2.0,4.0,2.0,48,0,48,-3.90910981010209,
2.0,55c212c44061ecd091ceb8c38943a8babfaad56ebc15904817534f428dde546f,secondary_supplementary_multilingual_v2_payload_fidelity_after_manifest_freeze,secondary_supplementary,multilingual_v2_secondary,rankcloak_trial,revision_v1_multilingual_v2_payload_fidelity_v2__5b5002873c441dd7b963,revision_v1_multilingual_v2_payload_fidelity_v2__5b5002873c441dd7b963,,,,,,qwen2_5_7b_instruct_q4_k_m,qwen2_5_7b_instruct_q4_k_m,revision_v1_token_128_bit_hex_000,token_128_bit_hex,train,es_personal_narrative_blog_01,personal_narrative_blog,es,direct_subword_calgacus,direct_subword,direct_subword,,False,1,,none,none,0,,,,,saved_token_ids,unmodified,none,payload_fidelity_v2,payload_aware_result_v2,1,1,original_serialized_payload_bytes_sha256_v1,1,,128,256,,4.7407407407407405,9.481481481481481,4.7407407407407405,27,0,27,-6.028453401298623,
2.0,55c212c44061ecd091ceb8c38943a8babfaad56ebc15904817534f428dde546f,secondary_supplementary_multilingual_v2_payload_fidelity_after_manifest_freeze,secondary_supplementary,multilingual_v2_secondary,rankcloak_trial,revision_v1_multilingual_v2_payload_fidelity_v2__89f6f862ae418b6baded,revision_v1_multilingual_v2_payload_fidelity_v2__89f6f862ae418b6baded,,,,,,qwen2_5_7b_instruct_q4_k_m,qwen2_5_7b_instruct_q4_k_m,revision_v1_token_128_bit_hex_000,token_128_bit_hex,train,es_personal_narrative_blog_01,personal_narrative_blog,es,nonseg_ascii_b16,ascii_b16,ascii_b16,16,False,1,,none,none,0,,,,,saved_token_ids,unmodified,none,payload_fidelity_v2,payload_aware_result_v2,1,1,original_serialized_payload_bytes_sha256_v1,1,256,128,256,4.0,2.0,4.0,2.0,64,0,64,-4.3375114323815716,
2.0,55c212c44061ecd091ceb8c38943a8babfaad56ebc15904817534f428dde546f,secondary_supplementary_multilingual_v2_payload_fidelity_after_manifest_freeze,secondary_supplementary,multilingual_v2_secondary,rankcloak_trial,revision_v1_multilingual_v2_payload_fidelity_v2__9e5aa3b472009dad9e43,revision_v1_multilingual_v2_payload_fidelity_v2__9e5aa3b472009dad9e43,,,,,,qwen2_5_7b_instruct_q4_k_m,qwen2_5_7b_instruct_q4_k_m,revision_v1_token_128_bit_hex_000,token_128_bit_hex,train,zh_hans_personal_narrative_blog_01,personal_narrative_blog,zh_hans,direct_subword_calgacus,direct_subword,direct_subword,,False,1,,none,none,0,,,,,saved_token_ids,unmodified,none,payload_fidelity_v2,payload_aware_result_v2,1,1,original_serialized_payload_bytes_sha256_v1,1,,128,256,,4.7407407407407405,9.481481481481481,4.7407407407407405,27,0,27,-5.069977698038131,
2.0,55c212c44061ecd091ceb8c38943a8babfaad56ebc15904817534f428dde546f,secondary_supplementary_multilingual_v2_payload_fidelity_after_manifest_freeze,secondary_supplementary,multilingual_v2_secondary,rankcloak_trial,revision_v1_multilingual_v2_payload_fidelity_v2__c1087c3c6deaa29db54d,revision_v1_multilingual_v2_payload_fidelity_v2__c1087c3c6deaa29db54d,,,,,,qwen2_5_7b_instruct_q4_k_m,qwen2_5_7b_instruct_q4_k_m,revision_v1_token_128_bit_hex_000,token_128_bit_hex,train,zh_hans_personal_narrative_blog_01,personal_narrative_blog,zh_hans,nonseg_ascii_b16,ascii_b16,ascii_b16,16,False,1,,none,none,0,,,,,saved_token_ids,unmodified,none,payload_fidelity_v2,payload_aware_result_v2,1,1,original_serialized_payload_bytes_sha256_v1,1,256,128,256,4.0,2.0,4.0,2.0,64,0,64,-4.132371372968006,
2.0,55c212c44061ecd091ceb8c38943a8babfaad56ebc15904817534f428dde546f,secondary_supplementary_multilingual_v2_payload_fidelity_after_manifest_freeze,secondary_supplementary,multilingual_v2_secondary,rankcloak_trial,revision_v1_multilingual_v2_payload_fidelity_v2__58178e5f11f7ccbb7085,revision_v1_multilingual_v2_payload_fidelity_v2__58178e5f11f7ccbb7085,,,,,,qwen2_5_7b_instruct_q4_k_m,qwen2_5_7b_instruct_q4_k_m,revision_v1_token_128_bit_hex_001,token_128_bit_hex,train,es_factual_explanatory_01,factual_explanatory,es,direct_subword_calgacus,direct_subword,direct_subword,,False,1,,none,none,0,,,,,saved_token_ids,unmodified,none,payload_fidelity_v2,payload_aware_result_v2,1,1,original_serialized_payload_bytes_sha256_v1,1,,128,256,,4.571428571428571,9.142857142857142,4.571428571428571,28,0,28,-4.597059439316181,
2.0,55c212c44061ecd091ceb8c38943a8babfaad56ebc15904817534f428dde546f,secondary_supplementary_multilingual_v2_payload_fidelity_after_manifest_freeze,secondary_supplementary,multilingual_v2_secondary,rankcloak_trial,revision_v1_multilingual_v2_payload_fidelity_v2__9b95332af01eebce7c6c,revision_v1_multilingual_v2_payload_fidelity_v2__9b95332af01eebce7c6c,,,,,,qwen2_5_7b_instruct_q4_k_m,qwen2_5_7b_instruct_q4_k_m,revision_v1_token_128_bit_hex_001,token_128_bit_hex,train,es_factual_explanatory_01,factual_explanatory,es,nonseg_ascii_b16,ascii_b16,ascii_b16,16,False,1,,none,none,0,,,,,saved_token_ids,unmodified,none,payload_fidelity_v2,payload_aware_result_v2,1,1,original_serialized_payload_bytes_sha256_v1,1,256,128,256,4.0,2.0,4.0,2.0,64,0,64,-4.5857182377773515,
2.0,55c212c44061ecd091ceb8c38943a8babfaad56ebc15904817534f428dde546f,secondary_supplementary_multilingual_v2_payload_fidelity_after_manifest_freeze,secondary_supplementary,multilingual_v2_secondary,rankcloak_trial,revision_v1_multilingual_v2_payload_fidelity_v2__2ca349c76cbee0119bf6,revision_v1_multilingual_v2_payload_fidelity_v2__2ca349c76cbee0119bf6,,,,,,qwen2_5_7b_instruct_q4_k_m,qwen2_5_7b_instruct_q4_k_m,revision_v1_token_128_bit_hex_001,token_128_bit_hex,train,zh_hans_factual_explanatory_01,factual_explanatory,zh_hans,direct_subword_calgacus,direct_subword,direct_subword,,False,1,,none,none,0,,,,,saved_token_ids,unmodified,none,payload_fidelity_v2,payload_aware_result_v2,1,1,original_serialized_payload_bytes_sha256_v1,1,,128,256,,4.571428571428571,9.142857142857142,4.571428571428571,28,0,28,-5.6268818796122275,
2.0,55c212c44061ecd091ceb8c38943a8babfaad56ebc15904817534f428dde546f,secondary_supplementary_multilingual_v2_payload_fidelity_after_manifest_freeze,secondary_supplementary,multilingual_v2_secondary,rankcloak_trial,revision_v1_multilingual_v2_payload_fidelity_v2__86c03c9c1c6c5fde785b,revision_v1_multilingual_v2_payload_fidelity_v2__86c03c9c1c6c5fde785b,,,,,,qwen2_5_7b_instruct_q4_k_m,qwen2_5_7b_instruct_q4_k_m,revision_v1_token_128_bit_hex_001,token_128_bit_hex,train,zh_hans_factual_explanatory_01,factual_explanatory,zh_hans,nonseg_ascii_b16,ascii_b16,ascii_b16,16,False,1,,none,none,0,,,,,saved_token_ids,unmodified,none,payload_fidelity_v2,payload_aware_result_v2,1,1,original_serialized_payload_bytes_sha256_v1,1,256,128,256,4.0,2.0,4.0,2.0,64,0,64,-3.5857912144964725,
2.0,55c212c44061ecd091ceb8c38943a8babfaad56ebc15904817534f428dde546f,secondary_supplementary_multilingual_v2_payload_fidelity_after_manifest_freeze,secondary_supplementary,multilingual_v2_secondary,rankcloak_trial,revision_v1_multilingual_v2_payload_fidelity_v2__e50825b51fd3b0e2c019,revision_v1_multilingual_v2_payload_fidelity_v2__e50825b51fd3b0e2c019,,,,,,qwen2_5_7b_instruct_q4_k_m,qwen2_5_7b_instruct_q4_k_m,revision_v1_token_128_bit_hex_002,token_128_bit_hex,train,es_casual_conversation_01,casual_conversation,es,direct_subword_calgacus,direct_subword,direct_subword,,False,1,,none,none,0,,,,,saved_token_ids,unmodified,none,payload_fidelity_v2,payload_aware_result_v2,1,1,original_serialized_payload_bytes_sha256_v1,1,,128,256,,4.0,8.0,4.0,32,0,32,-4.9179708616420434,
2.0,55c212c44061ecd091ceb8c38943a8babfaad56ebc15904817534f428dde546f,secondary_supplementary_multilingual_v2_payload_fidelity_after_manifest_freeze,secondary_supplementary,multilingual_v2_secondary,rankcloak_trial,revision_v1_multilingual_v2_payload_fidelity_v2__00c27a946a54c5886e1b,revision_v1_multilingual_v2_payload_fidelity_v2__00c27a946a54c5886e1b,,,,,,qwen2_5_7b_instruct_q4_k_m,qwen2_5_7b_instruct_q4_k_m,revision_v1_token_128_bit_hex_002,token_128_bit_hex,train,es_casual_conversation_01,casual_conversation,es,nonseg_ascii_b16,ascii_b16,ascii_b16,16,False,1,,none,none,0,,,,,saved_token_ids,unmodified,none,payload_fidelity_v2,payload_aware_result_v2,1,1,original_serialized_payload_bytes_sha256_v1,1,256,128,256,4.0,2.0,4.0,2.0,64,0,64,-4.630603208036706,
2.0,55c212c44061ecd091ceb8c38943a8babfaad56ebc15904817534f428dde546f,secondary_supplementary_multilingual_v2_payload_fidelity_after_manifest_freeze,secondary_supplementary,multilingual_v2_secondary,rankcloak_trial,revision_v1_multilingual_v2_payload_fidelity_v2__2ac603ea2c4becae0b03,revision_v1_multilingual_v2_payload_fidelity_v2__2ac603ea2c4becae0b03,,,,,,qwen2_5_7b_instruct_q4_k_m,qwen2_5_7b_instruct_q4_k_m,revision_v1_token_128_bit_hex_002,token_128_bit_hex,train,zh_hans_casual_conversation_01,casual_conversation,zh_hans,direct_subword_calgacus,direct_subword,direct_subword,,False,1,,none,none,0,,,,,saved_token_ids,unmodified,none,payload_fidelity_v2,payload_aware_result_v2,1,1,original_serialized_payload_bytes_sha256_v1,1,,128,256,,4.0,8.0,4.0,32,0,32,-4.573000293701619,
2.0,55c212c44061ecd091ceb8c38943a8babfaad56ebc15904817534f428dde546f,secondary_supplementary_multilingual_v2_payload_fidelity_after_manifest_freeze,secondary_supplementary,multilingual_v2_secondary,rankcloak_trial,revision_v1_multilingual_v2_payload_fidelity_v2__b5e4690fe1163d449ef3,revision_v1_multilingual_v2_payload_fidelity_v2__b5e4690fe1163d449ef3,,,,,,qwen2_5_7b_instruct_q4_k_m,qwen2_5_7b_instruct_q4_k_m,revision_v1_token_128_bit_hex_002,token_128_bit_hex,train,zh_hans_casual_conversation_01,casual_conversation,zh_hans,nonseg_ascii_b16,ascii_b16,ascii_b16,16,False,1,,none,none,0,,,,,saved_token_ids,unmodified,none,payload_fidelity_v2,payload_aware_result_v2,1,1,original_serialized_payload_bytes_sha256_v1,1,256,128,256,4.0,2.0,4.0,2.0,64,0,64,-4.213638105950141,
2.0,55c212c44061ecd091ceb8c38943a8babfaad56ebc15904817534f428dde546f,secondary_supplementary_multilingual_v2_payload_fidelity_after_manifest_freeze,secondary_supplementary,multilingual_v2_secondary,rankcloak_trial,revision_v1_multilingual_v2_payload_fidelity_v2__ba0031070cffb7fc2529,revision_v1_multilingual_v2_payload_fidelity_v2__ba0031070cffb7fc2529,,,,,,qwen2_5_7b_instruct_q4_k_m,qwen2_5_7b_instruct_q4_k_m,revision_v1_token_128_bit_hex_003,token_128_bit_hex,train,es_professional_communication_01,professional_communication,es,direct_subword_calgacus,direct_subword,direct_subword,,False,1,,none,none,0,,,,,saved_token_ids,unmodified,none,payload_fidelity_v2,payload_aware_result_v2,1,1,original_serialized_payload_bytes_sha256_v1,1,,128,256,,4.923076923076923,9.846153846153847,4.923076923076923,26,0,26,-7.136638852663519,
2.0,55c212c44061ecd091ceb8c38943a8babfaad56ebc15904817534f428dde546f,secondary_supplementary_multilingual_v2_payload_fidelity_after_manifest_freeze,secondary_supplementary,multilingual_v2_secondary,rankcloak_trial,revision_v1_multilingual_v2_payload_fidelity_v2__9e01cec82664d0074c27,revision_v1_multilingual_v2_payload_fidelity_v2__9e01cec82664d0074c27,,,,,,qwen2_5_7b_instruct_q4_k_m,qwen2_5_7b_instruct_q4_k_m,revision_v1_token_128_bit_hex_003,token_128_bit_hex,train,es_professional_communication_01,professional_communication,es,nonseg_ascii_b16,ascii_b16,ascii_b16,16,False,1,,none,none,0,,,,,saved_token_ids,unmodified,none,payload_fidelity_v2,payload_aware_result_v2,1,1,original_serialized_payload_bytes_sha256_v1,1,256,128,256,4.0,2.0,4.0,2.0,64,0,64,-4.526428600287131,
2.0,55c212c44061ecd091ceb8c38943a8babfaad56ebc15904817534f428dde546f,secondary_supplementary_multilingual_v2_payload_fidelity_after_manifest_freeze,secondary_supplementary,multilingual_v2_secondary,rankcloak_trial,revision_v1_multilingual_v2_payload_fidelity_v2__30d97ab5282547e55e62,revision_v1_multilingual_v2_payload_fidelity_v2__30d97ab5282547e55e62,,,,,,qwen2_5_7b_instruct_q4_k_m,qwen2_5_7b_instruct_q4_k_m,revision_v1_token_128_bit_hex_003,token_128_bit_hex,train,zh_hans_professional_communication_01,professional_communication,zh_hans,direct_subword_calgacus,direct_subword,direct_subword,,False,1,,none,none,0,,,,,saved_token_ids,unmodified,none,payload_fidelity_v2,payload_aware_result_v2,1,1,original_serialized_payload_bytes_sha256_v1,1,,128,256,,4.923076923076923,9.846153846153847,4.923076923076923,26,0,26,-5.4821576485624215,
2.0,55c212c44061ecd091ceb8c38943a8babfaad56ebc15904817534f428dde546f,secondary_supplementary_multilingual_v2_payload_fidelity_after_manifest_freeze,secondary_supplementary,multilingual_v2_secondary,rankcloak_trial,revision_v1_multilingual_v2_payload_fidelity_v2__152841d9519aa3877e95,revision_v1_multilingual_v2_payload_fidelity_v2__152841d9519aa3877e95,,,,,,qwen2_5_7b_instruct_q4_k_m,qwen2_5_7b_instruct_q4_k_m,revision_v1_token_128_bit_hex_003,token_128_bit_hex,train,zh_hans_professional_communication_01,professional_communication,zh_hans,nonseg_ascii_b16,ascii_b16,ascii_b16,16,False,1,,none,none,0,,,,,saved_token_ids,unmodified,none,payload_fidelity_v2,payload_aware_result_v2,1,1,original_serialized_payload_bytes_sha256_v1,1,256,128,256,4.0,2.0,4.0,2.0,64,0,64,-3.7300649875504197,
2.0,55c212c44061ecd091ceb8c38943a8babfaad56ebc15904817534f428dde546f,secondary_supplementary_multilingual_v2_payload_fidelity_after_manifest_freeze,secondary_supplementary,multilingual_v2_secondary,rankcloak_trial,revision_v1_multilingual_v2_payload_fidelity_v2__ddda5efca0a5a13f14f3,revision_v1_multilingual_v2_payload_fidelity_v2__ddda5efca0a5a13f14f3,,,,,,qwen2_5_7b_instruct_q4_k_m,qwen2_5_7b_instruct_q4_k_m,revision_v1_token_128_bit_hex_004,token_128_bit_hex,train,es_forum_question_answer_01,forum_question_answer,es,direct_subword_calgacus,direct_subword,direct_subword,,False,1,,none,none,0,,,,,saved_token_ids,unmodified,none,payload_fidelity_v2,payload_aware_result_v2,1,1,original_serialized_payload_bytes_sha256_v1,1,,128,256,,4.266666666666667,8.533333333333333,4.266666666666667,30,0,30,-5.691061190487708,
2.0,55c212c44061ecd091ceb8c38943a8babfaad56ebc15904817534f428dde546f,secondary_supplementary_multilingual_v2_payload_fidelity_after_manifest_freeze,secondary_supplementary,multilingual_v2_secondary,rankcloak_trial,revision_v1_multilingual_v2_payload_fidelity_v2__bc7ce731f88e9bf5393d,revision_v1_multilingual_v2_payload_fidelity_v2__bc7ce731f88e9bf5393d,,,,,,qwen2_5_7b_instruct_q4_k_m,qwen2_5_7b_instruct_q4_k_m,revision_v1_token_128_bit_hex_004,token_128_bit_hex,train,es_forum_question_answer_01,forum_question_answer,es,nonseg_ascii_b16,ascii_b16,ascii_b16,16,False,1,,none,none,0,,,,,saved_token_ids,unmodified,none,payload_fidelity_v2,payload_aware_result_v2,1,1,original_serialized_payload_bytes_sha256_v1,1,256,128,256,4.0,2.0,4.0,2.0,64,0,64,-4.717416476386298,
2.0,55c212c44061ecd091ceb8c38943a8babfaad56ebc15904817534f428dde546f,secondary_supplementary_multilingual_v2_payload_fidelity_after_manifest_freeze,secondary_supplementary,multilingual_v2_secondary,rankcloak_trial,revision_v1_multilingual_v2_payload_fidelity_v2__c4c81eacfb4384c16d8a,revision_v1_multilingual_v2_payload_fidelity_v2__c4c81eacfb4384c16d8a,,,,,,qwen2_5_7b_instruct_q4_k_m,qwen2_5_7b_instruct_q4_k_m,revision_v1_token_128_bit_hex_004,token_128_bit_hex,train,zh_hans_forum_question_answer_01,forum_question_answer,zh_hans,direct_subword_calgacus,direct_subword,direct_subword,,False,1,,none,none,0,,,,,saved_token_ids,unmodified,none,payload_fidelity_v2,payload_aware_result_v2,1,1,original_serialized_payload_bytes_sha256_v1,1,,128,256,,4.266666666666667,8.533333333333333,4.266666666666667,30,0,30,-4.600304830035691,
2.0,55c212c44061ecd091ceb8c38943a8babfaad56ebc15904817534f428dde546f,secondary_supplementary_multilingual_v2_payload_fidelity_after_manifest_freeze,secondary_supplementary,multilingual_v2_secondary,rankcloak_trial,revision_v1_multilingual_v2_payload_fidelity_v2__2725f9e3eb624f14de74,revision_v1_multilingual_v2_payload_fidelity_v2__2725f9e3eb624f14de74,,,,,,qwen2_5_7b_instruct_q4_k_m,qwen2_5_7b_instruct_q4_k_m,revision_v1_token_128_bit_hex_004,token_128_bit_hex,train,zh_hans_forum_question_answer_01,forum_question_answer,zh_hans,nonseg_ascii_b16,ascii_b16,ascii_b16,16,False,1,,none,none,0,,,,,saved_token_ids,unmodified,none,payload_fidelity_v2,payload_aware_result_v2,1,1,original_serialized_payload_bytes_sha256_v1,1,256,128,256,4.0,2.0,4.0,2.0,64,0,64,-3.659811432674532,
2.0,55c212c44061ecd091ceb8c38943a8babfaad56ebc15904817534f428dde546f,secondary_supplementary_multilingual_v2_payload_fidelity_after_manifest_freeze,secondary_supplementary,multilingual_v2_secondary,rankcloak_trial,revision_v1_multilingual_v2_payload_fidelity_v2__0de7b8922a35a8380cad,revision_v1_multilingual_v2_payload_fidelity_v2__0de7b8922a35a8380cad,,,,,,qwen2_5_7b_instruct_q4_k_m,qwen2_5_7b_instruct_q4_k_m,revision_v1_token_128_bit_hex_005,token_128_bit_hex,train,es_recipe_procedure_01,recipe_procedure,es,direct_subword_calgacus,direct_subword,direct_subword,,False,1,,none,none,0,,,,,saved_token_ids,unmodified,none,payload_fidelity_v2,payload_aware_result_v2,1,1,original_serialized_payload_bytes_sha256_v1,1,,128,256,,4.266666666666667,8.533333333333333,4.266666666666667,30,0,30,-5.699682102239731,
2.0,55c212c44061ecd091ceb8c38943a8babfaad56ebc15904817534f428dde546f,secondary_supplementary_multilingual_v2_payload_fidelity_after_manifest_freeze,secondary_supplementary,multilingual_v2_secondary,rankcloak_trial,revision_v1_multilingual_v2_payload_fidelity_v2__bb1f1fd48da196f4914c,revision_v1_multilingual_v2_payload_fidelity_v2__bb1f1fd48da196f4914c,,,,,,qwen2_5_7b_instruct_q4_k_m,qwen2_5_7b_instruct_q4_k_m,revision_v1_token_128_bit_hex_005,token_128_bit_hex,train,es_recipe_procedure_01,recipe_procedure,es,nonseg_ascii_b16,ascii_b16,ascii_b16,16,False,1,,none,none,0,,,,,saved_token_ids,unmodified,none,payload_fidelity_v2,payload_aware_result_v2,1,1,original_serialized_payload_bytes_sha256_v1,1,256,128,256,4.0,2.0,4.0,2.0,64,0,64,-5.086995411447544,
2.0,55c212c44061ecd091ceb8c38943a8babfaad56ebc15904817534f428dde546f,secondary_supplementary_multilingual_v2_payload_fidelity_after_manifest_freeze,secondary_supplementary,multilingual_v2_secondary,rankcloak_trial,revision_v1_multilingual_v2_payload_fidelity_v2__442c7234b0cce39f8556,revision_v1_multilingual_v2_payload_fidelity_v2__442c7234b0cce39f8556,,,,,,qwen2_5_7b_instruct_q4_k_m,qwen2_5_7b_instruct_q4_k_m,revision_v1_token_128_bit_hex_005,token_128_bit_hex,train,zh_hans_recipe_procedure_01,recipe_procedure,zh_hans,direct_subword_calgacus,direct_subword,direct_subword,,False,1,,none,none,0,,,,,saved_token_ids,unmodified,none,payload_fidelity_v2,payload_aware_result_v2,1,1,original_serialized_payload_bytes_sha256_v1,1,,128,256,,4.266666666666667,8.533333333333333,4.266666666666667,30,0,30,-5.353601450181647,
2.0,55c212c44061ecd091ceb8c38943a8babfaad56ebc15904817534f428dde546f,secondary_supplementary_multilingual_v2_payload_fidelity_after_manifest_freeze,secondary_supplementary,multilingual_v2_secondary,rankcloak_trial,revision_v1_multilingual_v2_payload_fidelity_v2__c5173ab1e3af76b53767,revision_v1_multilingual_v2_payload_fidelity_v2__c5173ab1e3af76b53767,,,,,,qwen2_5_7b_instruct_q4_k_m,qwen2_5_7b_instruct_q4_k_m,revision_v1_token_128_bit_hex_005,token_128_bit_hex,train,zh_hans_recipe_procedure_01,recipe_procedure,zh_hans,nonseg_ascii_b16,ascii_b16,ascii_b16,16,False,1,,none,none,0,,,,,saved_token_ids,unmodified,none,payload_fidelity_v2,payload_aware_result_v2,1,1,original_serialized_payload_bytes_sha256_v1,1,256,128,256,4.0,2.0,4.0,2.0,64,0,64,-3.6205697216363792,
2.0,55c212c44061ecd091ceb8c38943a8babfaad56ebc15904817534f428dde546f,secondary_supplementary_multilingual_v2_payload_fidelity_after_manifest_freeze,secondary_supplementary,multilingual_v2_secondary,rankcloak_trial,revision_v1_multilingual_v2_payload_fidelity_v2__3cb061b15ddee8430085,revision_v1_multilingual_v2_payload_fidelity_v2__3cb061b15ddee8430085,,,,,,qwen2_5_7b_instruct_q4_k_m,qwen2_5_7b_instruct_q4_k_m,revision_v1_uuid_v4_000,uuid_v4,train,es_factual_explanatory_01,factual_explanatory,es,direct_subword_calgacus,direct_subword,direct_subword,,False,1,,none,none,0,,,,,saved_token_ids,unmodified,none,payload_fidelity_v2,payload_aware_result_v2,1,1,original_serialized_payload_bytes_sha256_v1,1,,128,288,,3.878787878787879,8.727272727272727,3.878787878787879,33,0,33,-5.69025032530239,
2.0,55c212c44061ecd091ceb8c38943a8babfaad56ebc15904817534f428dde546f,secondary_supplementary_multilingual_v2_payload_fidelity_after_manifest_freeze,secondary_supplementary,multilingual_v2_secondary,rankcloak_trial,revision_v1_multilingual_v2_payload_fidelity_v2__6270b2db85ec9c63ac9c,revision_v1_multilingual_v2_payload_fidelity_v2__6270b2db85ec9c63ac9c,,,,,,qwen2_5_7b_instruct_q4_k_m,qwen2_5_7b_instruct_q4_k_m,revision_v1_uuid_v4_000,uuid_v4,train,es_factual_explanatory_01,factual_explanatory,es,nonseg_ascii_b16,ascii_b16,ascii_b16,16,False,1,,none,none,0,,,,,saved_token_ids,unmodified,none,payload_fidelity_v2,payload_aware_result_v2,1,1,original_serialized_payload_bytes_sha256_v1,1,288,128,288,4.0,1.7777777777777777,4.0,1.7777777777777777,72,0,72,-4.837297842583046,
2.0,55c212c44061ecd091ceb8c38943a8babfaad56ebc15904817534f428dde546f,secondary_supplementary_multilingual_v2_payload_fidelity_after_manifest_freeze,secondary_supplementary,multilingual_v2_secondary,rankcloak_trial,revision_v1_multilingual_v2_payload_fidelity_v2__0f0f26a181b4cb4d96e0,revision_v1_multilingual_v2_payload_fidelity_v2__0f0f26a181b4cb4d96e0,,,,,,qwen2_5_7b_instruct_q4_k_m,qwen2_5_7b_instruct_q4_k_m,revision_v1_uuid_v4_000,uuid_v4,train,zh_hans_factual_explanatory_01,factual_explanatory,zh_hans,direct_subword_calgacus,direct_subword,direct_subword,,False,1,,none,none,0,,,,,saved_token_ids,unmodified,none,payload_fidelity_v2,payload_aware_result_v2,1,1,original_serialized_payload_bytes_sha256_v1,1,,128,288,,3.878787878787879,8.727272727272727,3.878787878787879,33,0,33,-5.12802191074158,
2.0,55c212c44061ecd091ceb8c38943a8babfaad56ebc15904817534f428dde546f,secondary_supplementary_multilingual_v2_payload_fidelity_after_manifest_freeze,secondary_supplementary,multilingual_v2_secondary,rankcloak_trial,revision_v1_multilingual_v2_payload_fidelity_v2__a7799086b395417ce158,revision_v1_multilingual_v2_payload_fidelity_v2__a7799086b395417ce158,,,,,,qwen2_5_7b_instruct_q4_k_m,qwen2_5_7b_instruct_q4_k_m,revision_v1_uuid_v4_000,uuid_v4,train,zh_hans_factual_explanatory_01,factual_explanatory,zh_hans,nonseg_ascii_b16,ascii_b16,ascii_b16,16,False,1,,none,none,0,,,,,saved_token_ids,unmodified,none,payload_fidelity_v2,payload_aware_result_v2,1,1,original_serialized_payload_bytes_sha256_v1,1,288,128,288,4.0,1.7777777777777777,4.0,1.7777777777777777,72,0,72,-4.100671210999524,
2.0,55c212c44061ecd091ceb8c38943a8babfaad56ebc15904817534f428dde546f,secondary_supplementary_multilingual_v2_payload_fidelity_after_manifest_freeze,secondary_supplementary,multilingual_v2_secondary,rankcloak_trial,revision_v1_multilingual_v2_payload_fidelity_v2__ad66114c86ab09c523f0,revision_v1_multilingual_v2_payload_fidelity_v2__ad66114c86ab09c523f0,,,,,,qwen2_5_7b_instruct_q4_k_m,qwen2_5_7b_instruct_q4_k_m,revision_v1_uuid_v4_001,uuid_v4,train,es_casual_conversation_01,casual_conversation,es,direct_subword_calgacus,direct_subword,direct_subword,,False,1,,none,none,0,,,,,saved_token_ids,unmodified,none,payload_fidelity_v2,payload_aware_result_v2,1,1,original_serialized_payload_bytes_sha256_v1,1,,128,288,,4.0,9.0,4.0,32,0,32,-4.931934562459039,
2.0,55c212c44061ecd091ceb8c38943a8babfaad56ebc15904817534f428dde546f,secondary_supplementary_multilingual_v2_payload_fidelity_after_manifest_freeze,secondary_supplementary,multilingual_v2_secondary,rankcloak_trial,revision_v1_multilingual_v2_payload_fidelity_v2__1a9423f4cbb6c7953ae8,revision_v1_multilingual_v2_payload_fidelity_v2__1a9423f4cbb6c7953ae8,,,,,,qwen2_5_7b_instruct_q4_k_m,qwen2_5_7b_instruct_q4_k_m,revision_v1_uuid_v4_001,uuid_v4,train,es_casual_conversation_01,casual_conversation,es,nonseg_ascii_b16,ascii_b16,ascii_b16,16,False,1,,none,none,0,,,,,saved_token_ids,unmodified,none,payload_fidelity_v2,payload_aware_result_v2,1,1,original_serialized_payload_bytes_sha256_v1,1,288,128,288,4.0,1.7777777777777777,4.0,1.7777777777777777,72,0,72,-4.655137534684852,
2.0,55c212c44061ecd091ceb8c38943a8babfaad56ebc15904817534f428dde546f,secondary_supplementary_multilingual_v2_payload_fidelity_after_manifest_freeze,secondary_supplementary,multilingual_v2_secondary,rankcloak_trial,revision_v1_multilingual_v2_payload_fidelity_v2__e2b77de527cba106ada7,revision_v1_multilingual_v2_payload_fidelity_v2__e2b77de527cba106ada7,,,,,,qwen2_5_7b_instruct_q4_k_m,qwen2_5_7b_instruct_q4_k_m,revision_v1_uuid_v4_001,uuid_v4,train,zh_hans_casual_conversation_01,casual_conversation,zh_hans,direct_subword_calgacus,direct_subword,direct_subword,,False,1,,none,none,0,,,,,saved_token_ids,unmodified,none,payload_fidelity_v2,payload_aware_result_v2,1,1,original_serialized_payload_bytes_sha256_v1,1,,128,288,,4.0,9.0,4.0,32,0,32,-4.08664677065281,
2.0,55c212c44061ecd091ceb8c38943a8babfaad56ebc15904817534f428dde546f,secondary_supplementary_multilingual_v2_payload_fidelity_after_manifest_freeze,secondary_supplementary,multilingual_v2_secondary,rankcloak_trial,revision_v1_multilingual_v2_payload_fidelity_v2__53fd1aad9593d6010096,revision_v1_multilingual_v2_payload_fidelity_v2__53fd1aad9593d6010096,,,,,,qwen2_5_7b_instruct_q4_k_m,qwen2_5_7b_instruct_q4_k_m,revision_v1_uuid_v4_001,uuid_v4,train,zh_hans_casual_conversation_01,casual_conversation,zh_hans,nonseg_ascii_b16,ascii_b16,ascii_b16,16,False,1,,none,none,0,,,,,saved_token_ids,unmodified,none,payload_fidelity_v2,payload_aware_result_v2,1,1,original_serialized_payload_bytes_sha256_v1,1,288,128,288,4.0,1.7777777777777777,4.0,1.7777777777777777,72,0,72,-3.4582991417018496,
2.0,55c212c44061ecd091ceb8c38943a8babfaad56ebc15904817534f428dde546f,secondary_supplementary_multilingual_v2_payload_fidelity_after_manifest_freeze,secondary_supplementary,multilingual_v2_secondary,rankcloak_trial,revision_v1_multilingual_v2_payload_fidelity_v2__71a499d6798004b08e34,revision_v1_multilingual_v2_payload_fidelity_v2__71a499d6798004b08e34,,,,,,qwen2_5_7b_instruct_q4_k_m,qwen2_5_7b_instruct_q4_k_m,revision_v1_uuid_v4_002,uuid_v4,train,es_professional_communication_01,professional_communication,es,direct_subword_calgacus,direct_subword,direct_subword,,False,1,,none,none,0,,,,,saved_token_ids,unmodified,none,payload_fidelity_v2,payload_aware_result_v2,1,1,original_serialized_payload_bytes_sha256_v1,1,,128,288,,3.878787878787879,8.727272727272727,3.878787878787879,33,0,33,-4.818529672681723,
2.0,55c212c44061ecd091ceb8c38943a8babfaad56ebc15904817534f428dde546f,secondary_supplementary_multilingual_v2_payload_fidelity_after_manifest_freeze,secondary_supplementary,multilingual_v2_secondary,rankcloak_trial,revision_v1_multilingual_v2_payload_fidelity_v2__a35a77a6a9fa33f2a870,revision_v1_multilingual_v2_payload_fidelity_v2__a35a77a6a9fa33f2a870,,,,,,qwen2_5_7b_instruct_q4_k_m,qwen2_5_7b_instruct_q4_k_m,revision_v1_uuid_v4_002,uuid_v4,train,es_professional_communication_01,professional_communication,es,nonseg_ascii_b16,ascii_b16,ascii_b16,16,False,1,,none,none,0,,,,,saved_token_ids,unmodified,none,payload_fidelity_v2,payload_aware_result_v2,1,1,original_serialized_payload_bytes_sha256_v1,1,288,128,288,4.0,1.7777777777777777,4.0,1.7777777777777777,72,0,72,-4.684305982563261,
2.0,55c212c44061ecd091ceb8c38943a8babfaad56ebc15904817534f428dde546f,secondary_supplementary_multilingual_v2_payload_fidelity_after_manifest_freeze,secondary_supplementary,multilingual_v2_secondary,rankcloak_trial,revision_v1_multilingual_v2_payload_fidelity_v2__ec9021688715208a1abe,revision_v1_multilingual_v2_payload_fidelity_v2__ec9021688715208a1abe,,,,,,qwen2_5_7b_instruct_q4_k_m,qwen2_5_7b_instruct_q4_k_m,revision_v1_uuid_v4_002,uuid_v4,train,zh_hans_professional_communication_01,professional_communication,zh_hans,direct_subword_calgacus,direct_subword,direct_subword,,False,1,,none,none,0,,,,,saved_token_ids,unmodified,none,payload_fidelity_v2,payload_aware_result_v2,1,1,original_serialized_payload_bytes_sha256_v1,1,,128,288,,3.878787878787879,8.727272727272727,3.878787878787879,33,0,33,-4.943414988611322,
2.0,55c212c44061ecd091ceb8c38943a8babfaad56ebc15904817534f428dde546f,secondary_supplementary_multilingual_v2_payload_fidelity_after_manifest_freeze,secondary_supplementary,multilingual_v2_secondary,rankcloak_trial,revision_v1_multilingual_v2_payload_fidelity_v2__032ad37a0a204b2a291b,revision_v1_multilingual_v2_payload_fidelity_v2__032ad37a0a204b2a291b,,,,,,qwen2_5_7b_instruct_q4_k_m,qwen2_5_7b_instruct_q4_k_m,revision_v1_uuid_v4_002,uuid_v4,train,zh_hans_professional_communication_01,professional_communication,zh_hans,nonseg_ascii_b16,ascii_b16,ascii_b16,16,False,1,,none,none,0,,,,,saved_token_ids,unmodified,none,payload_fidelity_v2,payload_aware_result_v2,1,1,original_serialized_payload_bytes_sha256_v1,1,288,128,288,4.0,1.7777777777777777,4.0,1.7777777777777777,72,0,72,-3.725508089162937,
2.0,55c212c44061ecd091ceb8c38943a8babfaad56ebc15904817534f428dde546f,secondary_supplementary_multilingual_v2_payload_fidelity_after_manifest_freeze,secondary_supplementary,multilingual_v2_secondary,rankcloak_trial,revision_v1_multilingual_v2_payload_fidelity_v2__65a8ab99dd2de0a59f59,revision_v1_multilingual_v2_payload_fidelity_v2__65a8ab99dd2de0a59f59,,,,,,qwen2_5_7b_instruct_q4_k_m,qwen2_5_7b_instruct_q4_k_m,revision_v1_uuid_v4_003,uuid_v4,train,es_forum_question_answer_01,forum_question_answer,es,direct_subword_calgacus,direct_subword,direct_subword,,False,1,,none,none,0,,,,,saved_token_ids,unmodified,none,payload_fidelity_v2,payload_aware_result_v2,1,1,original_serialized_payload_bytes_sha256_v1,1,,128,288,,3.657142857142857,8.228571428571428,3.657142857142857,35,0,35,-4.357122062370374,
2.0,55c212c44061ecd091ceb8c38943a8babfaad56ebc15904817534f428dde546f,secondary_supplementary_multilingual_v2_payload_fidelity_after_manifest_freeze,secondary_supplementary,multilingual_v2_secondary,rankcloak_trial,revision_v1_multilingual_v2_payload_fidelity_v2__f571add496fb83779392,revision_v1_multilingual_v2_payload_fidelity_v2__f571add496fb83779392,,,,,,qwen2_5_7b_instruct_q4_k_m,qwen2_5_7b_instruct_q4_k_m,revision_v1_uuid_v4_003,uuid_v4,train,es_forum_question_answer_01,forum_question_answer,es,nonseg_ascii_b16,ascii_b16,ascii_b16,16,False,1,,none,none,0,,,,,saved_token_ids,unmodified,none,payload_fidelity_v2,payload_aware_result_v2,1,1,original_serialized_payload_bytes_sha256_v1,1,288,128,288,4.0,1.7777777777777777,4.0,1.7777777777777777,72,0,72,-4.545212498107342,
2.0,55c212c44061ecd091ceb8c38943a8babfaad56ebc15904817534f428dde546f,secondary_supplementary_multilingual_v2_payload_fidelity_after_manifest_freeze,secondary_supplementary,multilingual_v2_secondary,rankcloak_trial,revision_v1_multilingual_v2_payload_fidelity_v2__fcbe24078d8add5fe72b,revision_v1_multilingual_v2_payload_fidelity_v2__fcbe24078d8add5fe72b,,,,,,qwen2_5_7b_instruct_q4_k_m,qwen2_5_7b_instruct_q4_k_m,revision_v1_uuid_v4_003,uuid_v4,train,zh_hans_forum_question_answer_01,forum_question_answer,zh_hans,direct_subword_calgacus,direct_subword,direct_subword,,False,1,,none,none,0,,,,,saved_token_ids,unmodified,none,payload_fidelity_v2,payload_aware_result_v2,1,1,original_serialized_payload_bytes_sha256_v1,1,,128,288,,3.657142857142857,8.228571428571428,3.657142857142857,35,0,35,-4.509372094665497,
2.0,55c212c44061ecd091ceb8c38943a8babfaad56ebc15904817534f428dde546f,secondary_supplementary_multilingual_v2_payload_fidelity_after_manifest_freeze,secondary_supplementary,multilingual_v2_secondary,rankcloak_trial,revision_v1_multilingual_v2_payload_fidelity_v2__fa10833fb5a2b2424b88,revision_v1_multilingual_v2_payload_fidelity_v2__fa10833fb5a2b2424b88,,,,,,qwen2_5_7b_instruct_q4_k_m,qwen2_5_7b_instruct_q4_k_m,revision_v1_uuid_v4_003,uuid_v4,train,zh_hans_forum_question_answer_01,forum_question_answer,zh_hans,nonseg_ascii_b16,ascii_b16,ascii_b16,16,False,1,,none,none,0,,,,,saved_token_ids,unmodified,none,payload_fidelity_v2,payload_aware_result_v2,1,1,original_serialized_payload_bytes_sha256_v1,1,288,128,288,4.0,1.7777777777777777,4.0,1.7777777777777777,72,0,72,-4.229566343472519,
2.0,55c212c44061ecd091ceb8c38943a8babfaad56ebc15904817534f428dde546f,secondary_supplementary_multilingual_v2_payload_fidelity_after_manifest_freeze,secondary_supplementary,multilingual_v2_secondary,rankcloak_trial,revision_v1_multilingual_v2_payload_fidelity_v2__ca793f885508f44328fc,revision_v1_multilingual_v2_payload_fidelity_v2__ca793f885508f44328fc,,,,,,qwen2_5_7b_instruct_q4_k_m,qwen2_5_7b_instruct_q4_k_m,revision_v1_uuid_v4_004,uuid_v4,train,es_recipe_procedure_01,recipe_procedure,es,direct_subword_calgacus,direct_subword,direct_subword,,False,1,,none,none,0,,,,,saved_token_ids,unmodified,none,payload_fidelity_v2,payload_aware_result_v2,1,1,original_serialized_payload_bytes_sha256_v1,1,,128,288,,4.0,9.0,4.0,32,0,32,-4.337426185201641,
2.0,55c212c44061ecd091ceb8c38943a8babfaad56ebc15904817534f428dde546f,secondary_supplementary_multilingual_v2_payload_fidelity_after_manifest_freeze,secondary_supplementary,multilingual_v2_secondary,rankcloak_trial,revision_v1_multilingual_v2_payload_fidelity_v2__0905f8892ea518211e79,revision_v1_multilingual_v2_payload_fidelity_v2__0905f8892ea518211e79,,,,,,qwen2_5_7b_instruct_q4_k_m,qwen2_5_7b_instruct_q4_k_m,revision_v1_uuid_v4_004,uuid_v4,train,es_recipe_procedure_01,recipe_procedure,es,nonseg_ascii_b16,ascii_b16,ascii_b16,16,False,1,,none,none,0,,,,,saved_token_ids,unmodified,none,payload_fidelity_v2,payload_aware_result_v2,1,1,original_serialized_payload_bytes_sha256_v1,1,288,128,288,4.0,1.7777777777777777,4.0,1.7777777777777777,72,0,72,-4.606645362888504,
2.0,55c212c44061ecd091ceb8c38943a8babfaad56ebc15904817534f428dde546f,secondary_supplementary_multilingual_v2_payload_fidelity_after_manifest_freeze,secondary_supplementary,multilingual_v2_secondary,rankcloak_trial,revision_v1_multilingual_v2_payload_fidelity_v2__a93c725dc63f33e9b7b9,revision_v1_multilingual_v2_payload_fidelity_v2__a93c725dc63f33e9b7b9,,,,,,qwen2_5_7b_instruct_q4_k_m,qwen2_5_7b_instruct_q4_k_m,revision_v1_uuid_v4_004,uuid_v4,train,zh_hans_recipe_procedure_01,recipe_procedure,zh_hans,direct_subword_calgacus,direct_subword,direct_subword,,False,1,,none,none,0,,,,,saved_token_ids,unmodified,none,payload_fidelity_v2,payload_aware_result_v2,1,1,original_serialized_payload_bytes_sha256_v1,1,,128,288,,4.0,9.0,4.0,32,0,32,-4.453659822837692,
2.0,55c212c44061ecd091ceb8c38943a8babfaad56ebc15904817534f428dde546f,secondary_supplementary_multilingual_v2_payload_fidelity_after_manifest_freeze,secondary_supplementary,multilingual_v2_secondary,rankcloak_trial,revision_v1_multilingual_v2_payload_fidelity_v2__e4b096256abf66fc956f,revision_v1_multilingual_v2_payload_fidelity_v2__e4b096256abf66fc956f,,,,,,qwen2_5_7b_instruct_q4_k_m,qwen2_5_7b_instruct_q4_k_m,revision_v1_uuid_v4_004,uuid_v4,train,zh_hans_recipe_procedure_01,recipe_procedure,zh_hans,nonseg_ascii_b16,ascii_b16,ascii_b16,16,False,1,,none,none,0,,,,,saved_token_ids,unmodified,none,payload_fidelity_v2,payload_aware_result_v2,1,1,original_serialized_payload_bytes_sha256_v1,1,288,128,288,4.0,1.7777777777777777,4.0,1.7777777777777777,72,0,72,-3.7007431453458546,
2.0,55c212c44061ecd091ceb8c38943a8babfaad56ebc15904817534f428dde546f,secondary_supplementary_multilingual_v2_payload_fidelity_after_manifest_freeze,secondary_supplementary,multilingual_v2_secondary,rankcloak_trial,revision_v1_multilingual_v2_payload_fidelity_v2__1ed67aa0302118c9bf4f,revision_v1_multilingual_v2_payload_fidelity_v2__1ed67aa0302118c9bf4f,,,,,,qwen2_5_7b_instruct_q4_k_m,qwen2_5_7b_instruct_q4_k_m,revision_v1_uuid_v4_005,uuid_v4,train,es_personal_narrative_blog_01,personal_narrative_blog,es,direct_subword_calgacus,direct_subword,direct_subword,,False,1,,none,none,0,,,,,saved_token_ids,unmodified,none,payload_fidelity_v2,payload_aware_result_v2,1,1,original_serialized_payload_bytes_sha256_v1,1,,128,288,,4.413793103448276,9.931034482758621,4.413793103448276,29,0,29,-5.2196356080129,
2.0,55c212c44061ecd091ceb8c38943a8babfaad56ebc15904817534f428dde546f,secondary_supplementary_multilingual_v2_payload_fidelity_after_manifest_freeze,secondary_supplementary,multilingual_v2_secondary,rankcloak_trial,revision_v1_multilingual_v2_payload_fidelity_v2__3f4096df5a4ba73c39e4,revision_v1_multilingual_v2_payload_fidelity_v2__3f4096df5a4ba73c39e4,,,,,,qwen2_5_7b_instruct_q4_k_m,qwen2_5_7b_instruct_q4_k_m,revision_v1_uuid_v4_005,uuid_v4,train,es_personal_narrative_blog_01,personal_narrative_blog,es,nonseg_ascii_b16,ascii_b16,ascii_b16,16,False,1,,none,none,0,,,,,saved_token_ids,unmodified,none,payload_fidelity_v2,payload_aware_result_v2,1,1,original_serialized_payload_bytes_sha256_v1,1,288,128,288,4.0,1.7777777777777777,4.0,1.7777777777777777,72,0,72,-3.950951322017752,
2.0,55c212c44061ecd091ceb8c38943a8babfaad56ebc15904817534f428dde546f,secondary_supplementary_multilingual_v2_payload_fidelity_after_manifest_freeze,secondary_supplementary,multilingual_v2_secondary,rankcloak_trial,revision_v1_multilingual_v2_payload_fidelity_v2__09353128707e66c4ec8a,revision_v1_multilingual_v2_payload_fidelity_v2__09353128707e66c4ec8a,,,,,,qwen2_5_7b_instruct_q4_k_m,qwen2_5_7b_instruct_q4_k_m,revision_v1_uuid_v4_005,uuid_v4,train,zh_hans_personal_narrative_blog_01,personal_narrative_blog,zh_hans,direct_subword_calgacus,direct_subword,direct_subword,,False,1,,none,none,0,,,,,saved_token_ids,unmodified,none,payload_fidelity_v2,payload_aware_result_v2,1,1,original_serialized_payload_bytes_sha256_v1,1,,128,288,,4.413793103448276,9.931034482758621,4.413793103448276,29,0,29,-4.969610137982858,
2.0,55c212c44061ecd091ceb8c38943a8babfaad56ebc15904817534f428dde546f,secondary_supplementary_multilingual_v2_payload_fidelity_after_manifest_freeze,secondary_supplementary,multilingual_v2_secondary,rankcloak_trial,revision_v1_multilingual_v2_payload_fidelity_v2__0e664b539b16c361c90d,revision_v1_multilingual_v2_payload_fidelity_v2__0e664b539b16c361c90d,,,,,,qwen2_5_7b_instruct_q4_k_m,qwen2_5_7b_instruct_q4_k_m,revision_v1_uuid_v4_005,uuid_v4,train,zh_hans_personal_narrative_blog_01,personal_narrative_blog,zh_hans,nonseg_ascii_b16,ascii_b16,ascii_b16,16,False,1,,none,none,0,,,,,saved_token_ids,unmodified,none,payload_fidelity_v2,payload_aware_result_v2,1,1,original_serialized_payload_bytes_sha256_v1,1,288,128,288,4.0,1.7777777777777777,4.0,1.7777777777777777,72,0,72,-4.096310079034342,
2.0,55c212c44061ecd091ceb8c38943a8babfaad56ebc15904817534f428dde546f,secondary_supplementary_multilingual_v2_payload_fidelity_after_manifest_freeze,secondary_supplementary,multilingual_v2_secondary,rankcloak_trial,revision_v1_multilingual_v2_payload_fidelity_v2__52946d8f39e58126d512,revision_v1_multilingual_v2_payload_fidelity_v2__52946d8f39e58126d512,,,,,,qwen2_5_7b_instruct_q4_k_m,qwen2_5_7b_instruct_q4_k_m,revision_v1_aes256_gcm_base64_000,aes256_gcm_base64,train,es_casual_conversation_01,casual_conversation,es,direct_subword_calgacus,direct_subword,direct_subword,,False,1,,none,none,0,,,,,saved_token_ids,unmodified,none,payload_fidelity_v2,payload_aware_result_v2,1,1,original_serialized_payload_bytes_sha256_v1,1,,384,512,,7.111111111111111,9.481481481481481,7.111111111111111,54,0,54,-7.056747514490502,
2.0,55c212c44061ecd091ceb8c38943a8babfaad56ebc15904817534f428dde546f,secondary_supplementary_multilingual_v2_payload_fidelity_after_manifest_freeze,secondary_supplementary,multilingual_v2_secondary,rankcloak_trial,revision_v1_multilingual_v2_payload_fidelity_v2__b155c116d5faed447737,revision_v1_multilingual_v2_payload_fidelity_v2__b155c116d5faed447737,,,,,,qwen2_5_7b_instruct_q4_k_m,qwen2_5_7b_instruct_q4_k_m,revision_v1_aes256_gcm_base64_000,aes256_gcm_base64,train,es_casual_conversation_01,casual_conversation,es,nonseg_ascii_b16,ascii_b16,ascii_b16,16,False,1,,none,none,0,,,,,saved_token_ids,unmodified,none,payload_fidelity_v2,payload_aware_result_v2,1,1,original_serialized_payload_bytes_sha256_v1,1,512,384,512,4.0,3.0,4.0,3.0,128,0,128,-4.256485734755608,
2.0,55c212c44061ecd091ceb8c38943a8babfaad56ebc15904817534f428dde546f,secondary_supplementary_multilingual_v2_payload_fidelity_after_manifest_freeze,secondary_supplementary,multilingual_v2_secondary,rankcloak_trial,revision_v1_multilingual_v2_payload_fidelity_v2__03a134c709db89b9ea1b,revision_v1_multilingual_v2_payload_fidelity_v2__03a134c709db89b9ea1b,,,,,,qwen2_5_7b_instruct_q4_k_m,qwen2_5_7b_instruct_q4_k_m,revision_v1_aes256_gcm_base64_000,aes256_gcm_base64,train,zh_hans_casual_conversation_01,casual_conversation,zh_hans,direct_subword_calgacus,direct_subword,direct_subword,,False,1,,none,none,0,,,,,saved_token_ids,unmodified,none,payload_fidelity_v2,payload_aware_result_v2,1,1,original_serialized_payload_bytes_sha256_v1,1,,384,512,,7.111111111111111,9.481481481481481,7.111111111111111,54,0,54,-6.743658471259328,
2.0,55c212c44061ecd091ceb8c38943a8babfaad56ebc15904817534f428dde546f,secondary_supplementary_multilingual_v2_payload_fidelity_after_manifest_freeze,secondary_supplementary,multilingual_v2_secondary,rankcloak_trial,revision_v1_multilingual_v2_payload_fidelity_v2__bfc596c138647a0b1d1c,revision_v1_multilingual_v2_payload_fidelity_v2__bfc596c138647a0b1d1c,,,,,,qwen2_5_7b_instruct_q4_k_m,qwen2_5_7b_instruct_q4_k_m,revision_v1_aes256_gcm_base64_000,aes256_gcm_base64,train,zh_hans_casual_conversation_01,casual_conversation,zh_hans,nonseg_ascii_b16,ascii_b16,ascii_b16,16,False,1,,none,none,0,,,,,saved_token_ids,unmodified,none,payload_fidelity_v2,payload_aware_result_v2,1,1,original_serialized_payload_bytes_sha256_v1,1,512,384,512,4.0,3.0,4.0,3.0,128,0,128,-4.081186847412003,
2.0,55c212c44061ecd091ceb8c38943a8babfaad56ebc15904817534f428dde546f,secondary_supplementary_multilingual_v2_payload_fidelity_after_manifest_freeze,secondary_supplementary,multilingual_v2_secondary,rankcloak_trial,revision_v1_multilingual_v2_payload_fidelity_v2__f9470f28df4b09c39eeb,revision_v1_multilingual_v2_payload_fidelity_v2__f9470f28df4b09c39eeb,,,,,,qwen2_5_7b_instruct_q4_k_m,qwen2_5_7b_instruct_q4_k_m,revision_v1_aes256_gcm_base64_001,aes256_gcm_base64,train,es_professional_communication_01,professional_communication,es,direct_subword_calgacus,direct_subword,direct_subword,,False,1,,none,none,0,,,,,saved_token_ids,unmodified,none,payload_fidelity_v2,payload_aware_result_v2,1,1,original_serialized_payload_bytes_sha256_v1,1,,384,512,,8.0,10.666666666666666,8.0,48,0,48,-7.92534598559546,
2.0,55c212c44061ecd091ceb8c38943a8babfaad56ebc15904817534f428dde546f,secondary_supplementary_multilingual_v2_payload_fidelity_after_manifest_freeze,secondary_supplementary,multilingual_v2_secondary,rankcloak_trial,revision_v1_multilingual_v2_payload_fidelity_v2__48d20dc05a9e5ef28d58,revision_v1_multilingual_v2_payload_fidelity_v2__48d20dc05a9e5ef28d58,,,,,,qwen2_5_7b_instruct_q4_k_m,qwen2_5_7b_instruct_q4_k_m,revision_v1_aes256_gcm_base64_001,aes256_gcm_base64,train,es_professional_communication_01,professional_communication,es,nonseg_ascii_b16,ascii_b16,ascii_b16,16,False,1,,none,none,0,,,,,saved_token_ids,unmodified,none,payload_fidelity_v2,payload_aware_result_v2,1,1,original_serialized_payload_bytes_sha256_v1,1,512,384,512,4.0,3.0,4.0,3.0,128,0,128,-4.896726373480062,
2.0,55c212c44061ecd091ceb8c38943a8babfaad56ebc15904817534f428dde546f,secondary_supplementary_multilingual_v2_payload_fidelity_after_manifest_freeze,secondary_supplementary,multilingual_v2_secondary,rankcloak_trial,revision_v1_multilingual_v2_payload_fidelity_v2__14c6dcde5fd5ab1cfb9d,revision_v1_multilingual_v2_payload_fidelity_v2__14c6dcde5fd5ab1cfb9d,,,,,,qwen2_5_7b_instruct_q4_k_m,qwen2_5_7b_instruct_q4_k_m,revision_v1_aes256_gcm_base64_001,aes256_gcm_base64,train,zh_hans_professional_communication_01,professional_communication,zh_hans,direct_subword_calgacus,direct_subword,direct_subword,,False,1,,none,none,0,,,,,saved_token_ids,unmodified,none,payload_fidelity_v2,payload_aware_result_v2,1,1,original_serialized_payload_bytes_sha256_v1,1,,384,512,,8.0,10.666666666666666,8.0,48,0,48,-7.726688187399802,
2.0,55c212c44061ecd091ceb8c38943a8babfaad56ebc15904817534f428dde546f,secondary_supplementary_multilingual_v2_payload_fidelity_after_manifest_freeze,secondary_supplementary,multilingual_v2_secondary,rankcloak_trial,revision_v1_multilingual_v2_payload_fidelity_v2__285f19f6e6746cb4dae2,revision_v1_multilingual_v2_payload_fidelity_v2__285f19f6e6746cb4dae2,,,,,,qwen2_5_7b_instruct_q4_k_m,qwen2_5_7b_instruct_q4_k_m,revision_v1_aes256_gcm_base64_001,aes256_gcm_base64,train,zh_hans_professional_communication_01,professional_communication,zh_hans,nonseg_ascii_b16,ascii_b16,ascii_b16,16,False,1,,none,none,0,,,,,saved_token_ids,unmodified,none,payload_fidelity_v2,payload_aware_result_v2,1,1,original_serialized_payload_bytes_sha256_v1,1,512,384,512,4.0,3.0,4.0,3.0,128,0,128,-4.075887088514101,
2.0,55c212c44061ecd091ceb8c38943a8babfaad56ebc15904817534f428dde546f,secondary_supplementary_multilingual_v2_payload_fidelity_after_manifest_freeze,secondary_supplementary,multilingual_v2_secondary,rankcloak_trial,revision_v1_multilingual_v2_payload_fidelity_v2__4fd0fad9e8cd905ad115,revision_v1_multilingual_v2_payload_fidelity_v2__4fd0fad9e8cd905ad115,,,,,,qwen2_5_7b_instruct_q4_k_m,qwen2_5_7b_instruct_q4_k_m,revision_v1_aes256_gcm_base64_002,aes256_gcm_base64,train,es_forum_question_answer_01,forum_question_answer,es,direct_subword_calgacus,direct_subword,direct_subword,,False,1,,none,none,0,,,,,saved_token_ids,unmodified,none,payload_fidelity_v2,payload_aware_result_v2,1,1,original_serialized_payload_bytes_sha256_v1,1,,384,512,,7.836734693877551,10.448979591836734,7.836734693877551,49,0,49,-7.773156617526114,
2.0,55c212c44061ecd091ceb8c38943a8babfaad56ebc15904817534f428dde546f,secondary_supplementary_multilingual_v2_payload_fidelity_after_manifest_freeze,secondary_supplementary,multilingual_v2_secondary,rankcloak_trial,revision_v1_multilingual_v2_payload_fidelity_v2__92e128de0eed1e04c3fe,revision_v1_multilingual_v2_payload_fidelity_v2__92e128de0eed1e04c3fe,,,,,,qwen2_5_7b_instruct_q4_k_m,qwen2_5_7b_instruct_q4_k_m,revision_v1_aes256_gcm_base64_002,aes256_gcm_base64,train,es_forum_question_answer_01,forum_question_answer,es,nonseg_ascii_b16,ascii_b16,ascii_b16,16,False,1,,none,none,0,,,,,saved_token_ids,unmodified,none,payload_fidelity_v2,payload_aware_result_v2,1,1,original_serialized_payload_bytes_sha256_v1,1,512,384,512,4.0,3.0,4.0,3.0,128,0,128,-4.856127347694677,
2.0,55c212c44061ecd091ceb8c38943a8babfaad56ebc15904817534f428dde546f,secondary_supplementary_multilingual_v2_payload_fidelity_after_manifest_freeze,secondary_supplementary,multilingual_v2_secondary,rankcloak_trial,revision_v1_multilingual_v2_payload_fidelity_v2__76efe2213a44dd20a5aa,revision_v1_multilingual_v2_payload_fidelity_v2__76efe2213a44dd20a5aa,,,,,,qwen2_5_7b_instruct_q4_k_m,qwen2_5_7b_instruct_q4_k_m,revision_v1_aes256_gcm_base64_002,aes256_gcm_base64,train,zh_hans_forum_question_answer_01,forum_question_answer,zh_hans,direct_subword_calgacus,direct_subword,direct_subword,,False,1,,none,none,0,,,,,saved_token_ids,unmodified,none,payload_fidelity_v2,payload_aware_result_v2,1,1,original_serialized_payload_bytes_sha256_v1,1,,384,512,,7.836734693877551,10.448979591836734,7.836734693877551,49,0,49,-7.509806290624493,
2.0,55c212c44061ecd091ceb8c38943a8babfaad56ebc15904817534f428dde546f,secondary_supplementary_multilingual_v2_payload_fidelity_after_manifest_freeze,secondary_supplementary,multilingual_v2_secondary,rankcloak_trial,revision_v1_multilingual_v2_payload_fidelity_v2__f91ac2e3e07899e7a927,revision_v1_multilingual_v2_payload_fidelity_v2__f91ac2e3e07899e7a927,,,,,,qwen2_5_7b_instruct_q4_k_m,qwen2_5_7b_instruct_q4_k_m,revision_v1_aes256_gcm_base64_002,aes256_gcm_base64,train,zh_hans_forum_question_answer_01,forum_question_answer,zh_hans,nonseg_ascii_b16,ascii_b16,ascii_b16,16,False,1,,none,none,0,,,,,saved_token_ids,unmodified,none,payload_fidelity_v2,payload_aware_result_v2,1,1,original_serialized_payload_bytes_sha256_v1,1,512,384,512,4.0,3.0,4.0,3.0,128,0,128,-4.434829362744287,
2.0,55c212c44061ecd091ceb8c38943a8babfaad56ebc15904817534f428dde546f,secondary_supplementary_multilingual_v2_payload_fidelity_after_manifest_freeze,secondary_supplementary,multilingual_v2_secondary,rankcloak_trial,revision_v1_multilingual_v2_payload_fidelity_v2__210dc595532c9baec88e,revision_v1_multilingual_v2_payload_fidelity_v2__210dc595532c9baec88e,,,,,,qwen2_5_7b_instruct_q4_k_m,qwen2_5_7b_instruct_q4_k_m,revision_v1_aes256_gcm_base64_003,aes256_gcm_base64,train,es_recipe_procedure_01,recipe_procedure,es,direct_subword_calgacus,direct_subword,direct_subword,,False,1,,none,none,0,,,,,saved_token_ids,unmodified,none,payload_fidelity_v2,payload_aware_result_v2,1,1,original_serialized_payload_bytes_sha256_v1,1,,384,512,,7.836734693877551,10.448979591836734,7.836734693877551,49,0,49,-8.242775594191375,
2.0,55c212c44061ecd091ceb8c38943a8babfaad56ebc15904817534f428dde546f,secondary_supplementary_multilingual_v2_payload_fidelity_after_manifest_freeze,secondary_supplementary,multilingual_v2_secondary,rankcloak_trial,revision_v1_multilingual_v2_payload_fidelity_v2__c113b4a68514b8f00b9f,revision_v1_multilingual_v2_payload_fidelity_v2__c113b4a68514b8f00b9f,,,,,,qwen2_5_7b_instruct_q4_k_m,qwen2_5_7b_instruct_q4_k_m,revision_v1_aes256_gcm_base64_003,aes256_gcm_base64,train,es_recipe_procedure_01,recipe_procedure,es,nonseg_ascii_b16,ascii_b16,ascii_b16,16,False,1,,none,none,0,,,,,saved_token_ids,unmodified,none,payload_fidelity_v2,payload_aware_result_v2,1,1,original_serialized_payload_bytes_sha256_v1,1,512,384,512,4.0,3.0,4.0,3.0,128,0,128,-4.692646758842759,
2.0,55c212c44061ecd091ceb8c38943a8babfaad56ebc15904817534f428dde546f,secondary_supplementary_multilingual_v2_payload_fidelity_after_manifest_freeze,secondary_supplementary,multilingual_v2_secondary,rankcloak_trial,revision_v1_multilingual_v2_payload_fidelity_v2__d2ca18f5b85c1ec56f15,revision_v1_multilingual_v2_payload_fidelity_v2__d2ca18f5b85c1ec56f15,,,,,,qwen2_5_7b_instruct_q4_k_m,qwen2_5_7b_instruct_q4_k_m,revision_v1_aes256_gcm_base64_003,aes256_gcm_base64,train,zh_hans_recipe_procedure_01,recipe_procedure,zh_hans,direct_subword_calgacus,direct_subword,direct_subword,,False,1,,none,none,0,,,,,saved_token_ids,unmodified,none,payload_fidelity_v2,payload_aware_result_v2,1,1,original_serialized_payload_bytes_sha256_v1,1,,384,512,,7.836734693877551,10.448979591836734,7.836734693877551,49,0,49,-7.422013576957875,
2.0,55c212c44061ecd091ceb8c38943a8babfaad56ebc15904817534f428dde546f,secondary_supplementary_multilingual_v2_payload_fidelity_after_manifest_freeze,secondary_supplementary,multilingual_v2_secondary,rankcloak_trial,revision_v1_multilingual_v2_payload_fidelity_v2__b9c1e665a45496869099,revision_v1_multilingual_v2_payload_fidelity_v2__b9c1e665a45496869099,,,,,,qwen2_5_7b_instruct_q4_k_m,qwen2_5_7b_instruct_q4_k_m,revision_v1_aes256_gcm_base64_003,aes256_gcm_base64,train,zh_hans_recipe_procedure_01,recipe_procedure,zh_hans,nonseg_ascii_b16,ascii_b16,ascii_b16,16,False,1,,none,none,0,,,,,saved_token_ids,unmodified,none,payload_fidelity_v2,payload_aware_result_v2,1,1,original_serialized_payload_bytes_sha256_v1,1,512,384,512,4.0,3.0,4.0,3.0,128,0,128,-4.099903217861252,
2.0,55c212c44061ecd091ceb8c38943a8babfaad56ebc15904817534f428dde546f,secondary_supplementary_multilingual_v2_payload_fidelity_after_manifest_freeze,secondary_supplementary,multilingual_v2_secondary,rankcloak_trial,revision_v1_multilingual_v2_payload_fidelity_v2__526ee15afb12f9e30731,revision_v1_multilingual_v2_payload_fidelity_v2__526ee15afb12f9e30731,,,,,,qwen2_5_7b_instruct_q4_k_m,qwen2_5_7b_instruct_q4_k_m,revision_v1_aes256_gcm_base64_004,aes256_gcm_base64,train,es_personal_narrative_blog_01,personal_narrative_blog,es,direct_subword_calgacus,direct_subword,direct_subword,,False,1,,none,none,0,,,,,saved_token_ids,unmodified,none,payload_fidelity_v2,payload_aware_result_v2,1,1,original_serialized_payload_bytes_sha256_v1,1,,384,512,,7.836734693877551,10.448979591836734,7.836734693877551,49,0,49,-7.4812352778439575,
2.0,55c212c44061ecd091ceb8c38943a8babfaad56ebc15904817534f428dde546f,secondary_supplementary_multilingual_v2_payload_fidelity_after_manifest_freeze,secondary_supplementary,multilingual_v2_secondary,rankcloak_trial,revision_v1_multilingual_v2_payload_fidelity_v2__7765c7f4a37d1266ff34,revision_v1_multilingual_v2_payload_fidelity_v2__7765c7f4a37d1266ff34,,,,,,qwen2_5_7b_instruct_q4_k_m,qwen2_5_7b_instruct_q4_k_m,revision_v1_aes256_gcm_base64_004,aes256_gcm_base64,train,es_personal_narrative_blog_01,personal_narrative_blog,es,nonseg_ascii_b16,ascii_b16,ascii_b16,16,False,1,,none,none,0,,,,,saved_token_ids,unmodified,none,payload_fidelity_v2,payload_aware_result_v2,1,1,original_serialized_payload_bytes_sha256_v1,1,512,384,512,4.0,3.0,4.0,3.0,128,0,128,-4.921988958473931,
2.0,55c212c44061ecd091ceb8c38943a8babfaad56ebc15904817534f428dde546f,secondary_supplementary_multilingual_v2_payload_fidelity_after_manifest_freeze,secondary_supplementary,multilingual_v2_secondary,rankcloak_trial,revision_v1_multilingual_v2_payload_fidelity_v2__803f4276ac5aeccf6c3f,revision_v1_multilingual_v2_payload_fidelity_v2__803f4276ac5aeccf6c3f,,,,,,qwen2_5_7b_instruct_q4_k_m,qwen2_5_7b_instruct_q4_k_m,revision_v1_aes256_gcm_base64_004,aes256_gcm_base64,train,zh_hans_personal_narrative_blog_01,personal_narrative_blog,zh_hans,direct_subword_calgacus,direct_subword,direct_subword,,False,1,,none,none,0,,,,,saved_token_ids,unmodified,none,payload_fidelity_v2,payload_aware_result_v2,1,1,original_serialized_payload_bytes_sha256_v1,1,,384,512,,7.836734693877551,10.448979591836734,7.836734693877551,49,0,49,-7.35549233852544,
2.0,55c212c44061ecd091ceb8c38943a8babfaad56ebc15904817534f428dde546f,secondary_supplementary_multilingual_v2_payload_fidelity_after_manifest_freeze,secondary_supplementary,multilingual_v2_secondary,rankcloak_trial,revision_v1_multilingual_v2_payload_fidelity_v2__080b9a7806db4bdac412,revision_v1_multilingual_v2_payload_fidelity_v2__080b9a7806db4bdac412,,,,,,qwen2_5_7b_instruct_q4_k_m,qwen2_5_7b_instruct_q4_k_m,revision_v1_aes256_gcm_base64_004,aes256_gcm_base64,train,zh_hans_personal_narrative_blog_01,personal_narrative_blog,zh_hans,nonseg_ascii_b16,ascii_b16,ascii_b16,16,False,1,,none,none,0,,,,,saved_token_ids,unmodified,none,payload_fidelity_v2,payload_aware_result_v2,1,1,original_serialized_payload_bytes_sha256_v1,1,512,384,512,4.0,3.0,4.0,3.0,128,0,128,-4.13519100240082,
2.0,55c212c44061ecd091ceb8c38943a8babfaad56ebc15904817534f428dde546f,secondary_supplementary_multilingual_v2_payload_fidelity_after_manifest_freeze,secondary_supplementary,multilingual_v2_secondary,rankcloak_trial,revision_v1_multilingual_v2_payload_fidelity_v2__5ba7732edb56baa6d184,revision_v1_multilingual_v2_payload_fidelity_v2__5ba7732edb56baa6d184,,,,,,qwen2_5_7b_instruct_q4_k_m,qwen2_5_7b_instruct_q4_k_m,revision_v1_aes256_gcm_base64_005,aes256_gcm_base64,train,es_factual_explanatory_01,factual_explanatory,es,direct_subword_calgacus,direct_subword,direct_subword,,False,1,,none,none,0,,,,,saved_token_ids,unmodified,none,payload_fidelity_v2,payload_aware_result_v2,1,1,original_serialized_payload_bytes_sha256_v1,1,,384,512,,7.836734693877551,10.448979591836734,7.836734693877551,49,0,49,-7.768809606577841,
2.0,55c212c44061ecd091ceb8c38943a8babfaad56ebc15904817534f428dde546f,secondary_supplementary_multilingual_v2_payload_fidelity_after_manifest_freeze,secondary_supplementary,multilingual_v2_secondary,rankcloak_trial,revision_v1_multilingual_v2_payload_fidelity_v2__d84d6348189d78e78b20,revision_v1_multilingual_v2_payload_fidelity_v2__d84d6348189d78e78b20,,,,,,qwen2_5_7b_instruct_q4_k_m,qwen2_5_7b_instruct_q4_k_m,revision_v1_aes256_gcm_base64_005,aes256_gcm_base64,train,es_factual_explanatory_01,factual_explanatory,es,nonseg_ascii_b16,ascii_b16,ascii_b16,16,False,1,,none,none,0,,,,,saved_token_ids,unmodified,none,payload_fidelity_v2,payload_aware_result_v2,1,1,original_serialized_payload_bytes_sha256_v1,1,512,384,512,4.0,3.0,4.0,3.0,128,0,128,-4.906388693568909,
2.0,55c212c44061ecd091ceb8c38943a8babfaad56ebc15904817534f428dde546f,secondary_supplementary_multilingual_v2_payload_fidelity_after_manifest_freeze,secondary_supplementary,multilingual_v2_secondary,rankcloak_trial,revision_v1_multilingual_v2_payload_fidelity_v2__2170ff38efcded7f60a6,revision_v1_multilingual_v2_payload_fidelity_v2__2170ff38efcded7f60a6,,,,,,qwen2_5_7b_instruct_q4_k_m,qwen2_5_7b_instruct_q4_k_m,revision_v1_aes256_gcm_base64_005,aes256_gcm_base64,train,zh_hans_factual_explanatory_01,factual_explanatory,zh_hans,direct_subword_calgacus,direct_subword,direct_subword,,False,1,,none,none,0,,,,,saved_token_ids,unmodified,none,payload_fidelity_v2,payload_aware_result_v2,1,1,original_serialized_payload_bytes_sha256_v1,1,,384,512,,7.836734693877551,10.448979591836734,7.836734693877551,49,0,49,-6.923770967905349,
2.0,55c212c44061ecd091ceb8c38943a8babfaad56ebc15904817534f428dde546f,secondary_supplementary_multilingual_v2_payload_fidelity_after_manifest_freeze,secondary_supplementary,multilingual_v2_secondary,rankcloak_trial,revision_v1_multilingual_v2_payload_fidelity_v2__9744a7ed409939cd46ad,revision_v1_multilingual_v2_payload_fidelity_v2__9744a7ed409939cd46ad,,,,,,qwen2_5_7b_instruct_q4_k_m,qwen2_5_7b_instruct_q4_k_m,revision_v1_aes256_gcm_base64_005,aes256_gcm_base64,train,zh_hans_factual_explanatory_01,factual_explanatory,zh_hans,nonseg_ascii_b16,ascii_b16,ascii_b16,16,False,1,,none,none,0,,,,,saved_token_ids,unmodified,none,payload_fidelity_v2,payload_aware_result_v2,1,1,original_serialized_payload_bytes_sha256_v1,1,512,384,512,4.0,3.0,4.0,3.0,128,0,128,-4.313214986899652,
2.0,55c212c44061ecd091ceb8c38943a8babfaad56ebc15904817534f428dde546f,secondary_supplementary_multilingual_v2_payload_fidelity_after_manifest_freeze,secondary_supplementary,multilingual_v2_secondary,rankcloak_trial,revision_v1_multilingual_v2_payload_fidelity_v2__ae23f9ae8b7e6d613afb,revision_v1_multilingual_v2_payload_fidelity_v2__ae23f9ae8b7e6d613afb,,,,,,qwen2_5_7b_instruct_q4_k_m,qwen2_5_7b_instruct_q4_k_m,revision_v1_chacha20_poly1305_base64_000,chacha20_poly1305_base64,train,es_professional_communication_01,professional_communication,es,direct_subword_calgacus,direct_subword,direct_subword,,False,1,,none,none,0,,,,,saved_token_ids,unmodified,none,payload_fidelity_v2,payload_aware_result_v2,1,1,original_serialized_payload_bytes_sha256_v1,1,,384,512,,7.529411764705882,10.03921568627451,7.529411764705882,51,0,51,-7.526053890612008,
2.0,55c212c44061ecd091ceb8c38943a8babfaad56ebc15904817534f428dde546f,secondary_supplementary_multilingual_v2_payload_fidelity_after_manifest_freeze,secondary_supplementary,multilingual_v2_secondary,rankcloak_trial,revision_v1_multilingual_v2_payload_fidelity_v2__8dc6695ec31970ce53c5,revision_v1_multilingual_v2_payload_fidelity_v2__8dc6695ec31970ce53c5,,,,,,qwen2_5_7b_instruct_q4_k_m,qwen2_5_7b_instruct_q4_k_m,revision_v1_chacha20_poly1305_base64_000,chacha20_poly1305_base64,train,es_professional_communication_01,professional_communication,es,nonseg_ascii_b16,ascii_b16,ascii_b16,16,False,1,,none,none,0,,,,,saved_token_ids,unmodified,none,payload_fidelity_v2,payload_aware_result_v2,1,1,original_serialized_payload_bytes_sha256_v1,1,512,384,512,4.0,3.0,4.0,3.0,128,0,128,-4.5373695042126005,
2.0,55c212c44061ecd091ceb8c38943a8babfaad56ebc15904817534f428dde546f,secondary_supplementary_multilingual_v2_payload_fidelity_after_manifest_freeze,secondary_supplementary,multilingual_v2_secondary,rankcloak_trial,revision_v1_multilingual_v2_payload_fidelity_v2__a96a5e9d114dfc20375b,revision_v1_multilingual_v2_payload_fidelity_v2__a96a5e9d114dfc20375b,,,,,,qwen2_5_7b_instruct_q4_k_m,qwen2_5_7b_instruct_q4_k_m,revision_v1_chacha20_poly1305_base64_000,chacha20_poly1305_base64,train,zh_hans_professional_communication_01,professional_communication,zh_hans,direct_subword_calgacus,direct_subword,direct_subword,,False,1,,none,none,0,,,,,saved_token_ids,unmodified,none,payload_fidelity_v2,payload_aware_result_v2,1,1,original_serialized_payload_bytes_sha256_v1,1,,384,512,,7.529411764705882,10.03921568627451,7.529411764705882,51,0,51,-6.887182733353233,
2.0,55c212c44061ecd091ceb8c38943a8babfaad56ebc15904817534f428dde546f,secondary_supplementary_multilingual_v2_payload_fidelity_after_manifest_freeze,secondary_supplementary,multilingual_v2_secondary,rankcloak_trial,revision_v1_multilingual_v2_payload_fidelity_v2__df848bfcfeaa9de27316,revision_v1_multilingual_v2_payload_fidelity_v2__df848bfcfeaa9de27316,,,,,,qwen2_5_7b_instruct_q4_k_m,qwen2_5_7b_instruct_q4_k_m,revision_v1_chacha20_poly1305_base64_000,chacha20_poly1305_base64,train,zh_hans_professional_communication_01,professional_communication,zh_hans,nonseg_ascii_b16,ascii_b16,ascii_b16,16,False,1,,none,none,0,,,,,saved_token_ids,unmodified,none,payload_fidelity_v2,payload_aware_result_v2,1,1,original_serialized_payload_bytes_sha256_v1,1,512,384,512,4.0,3.0,4.0,3.0,128,0,128,-4.024211203862752,
2.0,55c212c44061ecd091ceb8c38943a8babfaad56ebc15904817534f428dde546f,secondary_supplementary_multilingual_v2_payload_fidelity_after_manifest_freeze,secondary_supplementary,multilingual_v2_secondary,rankcloak_trial,revision_v1_multilingual_v2_payload_fidelity_v2__5e878f21d83f6b45ab7f,revision_v1_multilingual_v2_payload_fidelity_v2__5e878f21d83f6b45ab7f,,,,,,qwen2_5_7b_instruct_q4_k_m,qwen2_5_7b_instruct_q4_k_m,revision_v1_chacha20_poly1305_base64_001,chacha20_poly1305_base64,train,es_forum_question_answer_01,forum_question_answer,es,direct_subword_calgacus,direct_subword,direct_subword,,False,1,,none,none,0,,,,,saved_token_ids,unmodified,none,payload_fidelity_v2,payload_aware_result_v2,1,1,original_serialized_payload_bytes_sha256_v1,1,,384,512,,7.68,10.24,7.68,50,0,50,-6.933479399665292,
2.0,55c212c44061ecd091ceb8c38943a8babfaad56ebc15904817534f428dde546f,secondary_supplementary_multilingual_v2_payload_fidelity_after_manifest_freeze,secondary_supplementary,multilingual_v2_secondary,rankcloak_trial,revision_v1_multilingual_v2_payload_fidelity_v2__1d810cd3eaca908980ca,revision_v1_multilingual_v2_payload_fidelity_v2__1d810cd3eaca908980ca,,,,,,qwen2_5_7b_instruct_q4_k_m,qwen2_5_7b_instruct_q4_k_m,revision_v1_chacha20_poly1305_base64_001,chacha20_poly1305_base64,train,es_forum_question_answer_01,forum_question_answer,es,nonseg_ascii_b16,ascii_b16,ascii_b16,16,False,1,,none,none,0,,,,,saved_token_ids,unmodified,none,payload_fidelity_v2,payload_aware_result_v2,1,1,original_serialized_payload_bytes_sha256_v1,1,512,384,512,4.0,3.0,4.0,3.0,128,0,128,-4.232924403210925,
2.0,55c212c44061ecd091ceb8c38943a8babfaad56ebc15904817534f428dde546f,secondary_supplementary_multilingual_v2_payload_fidelity_after_manifest_freeze,secondary_supplementary,multilingual_v2_secondary,rankcloak_trial,revision_v1_multilingual_v2_payload_fidelity_v2__2ec1e2d264094bce09d0,revision_v1_multilingual_v2_payload_fidelity_v2__2ec1e2d264094bce09d0,,,,,,qwen2_5_7b_instruct_q4_k_m,qwen2_5_7b_instruct_q4_k_m,revision_v1_chacha20_poly1305_base64_001,chacha20_poly1305_base64,train,zh_hans_forum_question_answer_01,forum_question_answer,zh_hans,direct_subword_calgacus,direct_subword,direct_subword,,False,1,,none,none,0,,,,,saved_token_ids,unmodified,none,payload_fidelity_v2,payload_aware_result_v2,1,1,original_serialized_payload_bytes_sha256_v1,1,,384,512,,7.68,10.24,7.68,50,0,50,-6.944754944250515,
2.0,55c212c44061ecd091ceb8c38943a8babfaad56ebc15904817534f428dde546f,secondary_supplementary_multilingual_v2_payload_fidelity_after_manifest_freeze,secondary_supplementary,multilingual_v2_secondary,rankcloak_trial,revision_v1_multilingual_v2_payload_fidelity_v2__7b6e882863579e62cd2a,revision_v1_multilingual_v2_payload_fidelity_v2__7b6e882863579e62cd2a,,,,,,qwen2_5_7b_instruct_q4_k_m,qwen2_5_7b_instruct_q4_k_m,revision_v1_chacha20_poly1305_base64_001,chacha20_poly1305_base64,train,zh_hans_forum_question_answer_01,forum_question_answer,zh_hans,nonseg_ascii_b16,ascii_b16,ascii_b16,16,False,1,,none,none,0,,,,,saved_token_ids,unmodified,none,payload_fidelity_v2,payload_aware_result_v2,1,1,original_serialized_payload_bytes_sha256_v1,1,512,384,512,4.0,3.0,4.0,3.0,128,0,128,-3.9370038605110924,
2.0,55c212c44061ecd091ceb8c38943a8babfaad56ebc15904817534f428dde546f,secondary_supplementary_multilingual_v2_payload_fidelity_after_manifest_freeze,secondary_supplementary,multilingual_v2_secondary,rankcloak_trial,revision_v1_multilingual_v2_payload_fidelity_v2__35d21c5236159f9221b4,revision_v1_multilingual_v2_payload_fidelity_v2__35d21c5236159f9221b4,,,,,,qwen2_5_7b_instruct_q4_k_m,qwen2_5_7b_instruct_q4_k_m,revision_v1_chacha20_poly1305_base64_002,chacha20_poly1305_base64,train,es_recipe_procedure_01,recipe_procedure,es,direct_subword_calgacus,direct_subword,direct_subword,,False,1,,none,none,0,,,,,saved_token_ids,unmodified,none,payload_fidelity_v2,payload_aware_result_v2,1,1,original_serialized_payload_bytes_sha256_v1,1,,384,512,,8.0,10.666666666666666,8.0,48,0,48,-7.87521185831891,
2.0,55c212c44061ecd091ceb8c38943a8babfaad56ebc15904817534f428dde546f,secondary_supplementary_multilingual_v2_payload_fidelity_after_manifest_freeze,secondary_supplementary,multilingual_v2_secondary,rankcloak_trial,revision_v1_multilingual_v2_payload_fidelity_v2__442584430635901533af,revision_v1_multilingual_v2_payload_fidelity_v2__442584430635901533af,,,,,,qwen2_5_7b_instruct_q4_k_m,qwen2_5_7b_instruct_q4_k_m,revision_v1_chacha20_poly1305_base64_002,chacha20_poly1305_base64,train,es_recipe_procedure_01,recipe_procedure,es,nonseg_ascii_b16,ascii_b16,ascii_b16,16,False,1,,none,none,0,,,,,saved_token_ids,unmodified,none,payload_fidelity_v2,payload_aware_result_v2,1,1,original_serialized_payload_bytes_sha256_v1,1,512,384,512,4.0,3.0,4.0,3.0,128,0,128,-4.792176347431794,
2.0,55c212c44061ecd091ceb8c38943a8babfaad56ebc15904817534f428dde546f,secondary_supplementary_multilingual_v2_payload_fidelity_after_manifest_freeze,secondary_supplementary,multilingual_v2_secondary,rankcloak_trial,revision_v1_multilingual_v2_payload_fidelity_v2__354ae49aa606abcff88b,revision_v1_multilingual_v2_payload_fidelity_v2__354ae49aa606abcff88b,,,,,,qwen2_5_7b_instruct_q4_k_m,qwen2_5_7b_instruct_q4_k_m,revision_v1_chacha20_poly1305_base64_002,chacha20_poly1305_base64,train,zh_hans_recipe_procedure_01,recipe_procedure,zh_hans,direct_subword_calgacus,direct_subword,direct_subword,,False,1,,none,none,0,,,,,saved_token_ids,unmodified,none,payload_fidelity_v2,payload_aware_result_v2,1,1,original_serialized_payload_bytes_sha256_v1,1,,384,512,,8.0,10.666666666666666,8.0,48,0,48,-6.8335886144009335,
2.0,55c212c44061ecd091ceb8c38943a8babfaad56ebc15904817534f428dde546f,secondary_supplementary_multilingual_v2_payload_fidelity_after_manifest_freeze,secondary_supplementary,multilingual_v2_secondary,rankcloak_trial,revision_v1_multilingual_v2_payload_fidelity_v2__5bcddf90b6d2cbc87b76,revision_v1_multilingual_v2_payload_fidelity_v2__5bcddf90b6d2cbc87b76,,,,,,qwen2_5_7b_instruct_q4_k_m,qwen2_5_7b_instruct_q4_k_m,revision_v1_chacha20_poly1305_base64_002,chacha20_poly1305_base64,train,zh_hans_recipe_procedure_01,recipe_procedure,zh_hans,nonseg_ascii_b16,ascii_b16,ascii_b16,16,False,1,,none,none,0,,,,,saved_token_ids,unmodified,none,payload_fidelity_v2,payload_aware_result_v2,1,1,original_serialized_payload_bytes_sha256_v1,1,512,384,512,4.0,3.0,4.0,3.0,128,0,128,-4.132167321254956,
2.0,55c212c44061ecd091ceb8c38943a8babfaad56ebc15904817534f428dde546f,secondary_supplementary_multilingual_v2_payload_fidelity_after_manifest_freeze,secondary_supplementary,multilingual_v2_secondary,rankcloak_trial,revision_v1_multilingual_v2_payload_fidelity_v2__50c3c4ebbac66ec4ed60,revision_v1_multilingual_v2_payload_fidelity_v2__50c3c4ebbac66ec4ed60,,,,,,qwen2_5_7b_instruct_q4_k_m,qwen2_5_7b_instruct_q4_k_m,revision_v1_chacha20_poly1305_base64_003,chacha20_poly1305_base64,train,es_personal_narrative_blog_01,personal_narrative_blog,es,direct_subword_calgacus,direct_subword,direct_subword,,False,1,,none,none,0,,,,,saved_token_ids,unmodified,none,payload_fidelity_v2,payload_aware_result_v2,1,1,original_serialized_payload_bytes_sha256_v1,1,,384,512,,8.347826086956522,11.130434782608695,8.347826086956522,46,0,46,-7.711141286347063,
2.0,55c212c44061ecd091ceb8c38943a8babfaad56ebc15904817534f428dde546f,secondary_supplementary_multilingual_v2_payload_fidelity_after_manifest_freeze,secondary_supplementary,multilingual_v2_secondary,rankcloak_trial,revision_v1_multilingual_v2_payload_fidelity_v2__ef65d2f3568109c53181,revision_v1_multilingual_v2_payload_fidelity_v2__ef65d2f3568109c53181,,,,,,qwen2_5_7b_instruct_q4_k_m,qwen2_5_7b_instruct_q4_k_m,revision_v1_chacha20_poly1305_base64_003,chacha20_poly1305_base64,train,es_personal_narrative_blog_01,personal_narrative_blog,es,nonseg_ascii_b16,ascii_b16,ascii_b16,16,False,1,,none,none,0,,,,,saved_token_ids,unmodified,none,payload_fidelity_v2,payload_aware_result_v2,1,1,original_serialized_payload_bytes_sha256_v1,1,512,384,512,4.0,3.0,4.0,3.0,128,0,128,-4.822827993927772,
2.0,55c212c44061ecd091ceb8c38943a8babfaad56ebc15904817534f428dde546f,secondary_supplementary_multilingual_v2_payload_fidelity_after_manifest_freeze,secondary_supplementary,multilingual_v2_secondary,rankcloak_trial,revision_v1_multilingual_v2_payload_fidelity_v2__d18e0adeed93b1894840,revision_v1_multilingual_v2_payload_fidelity_v2__d18e0adeed93b1894840,,,,,,qwen2_5_7b_instruct_q4_k_m,qwen2_5_7b_instruct_q4_k_m,revision_v1_chacha20_poly1305_base64_003,chacha20_poly1305_base64,train,zh_hans_personal_narrative_blog_01,personal_narrative_blog,zh_hans,direct_subword_calgacus,direct_subword,direct_subword,,False,1,,none,none,0,,,,,saved_token_ids,unmodified,none,payload_fidelity_v2,payload_aware_result_v2,1,1,original_serialized_payload_bytes_sha256_v1,1,,384,512,,8.347826086956522,11.130434782608695,8.347826086956522,46,0,46,-7.128841152865687,
2.0,55c212c44061ecd091ceb8c38943a8babfaad56ebc15904817534f428dde546f,secondary_supplementary_multilingual_v2_payload_fidelity_after_manifest_freeze,secondary_supplementary,multilingual_v2_secondary,rankcloak_trial,revision_v1_multilingual_v2_payload_fidelity_v2__c28e1ca7c41805c35d96,revision_v1_multilingual_v2_payload_fidelity_v2__c28e1ca7c41805c35d96,,,,,,qwen2_5_7b_instruct_q4_k_m,qwen2_5_7b_instruct_q4_k_m,revision_v1_chacha20_poly1305_base64_003,chacha20_poly1305_base64,train,zh_hans_personal_narrative_blog_01,personal_narrative_blog,zh_hans,nonseg_ascii_b16,ascii_b16,ascii_b16,16,False,1,,none,none,0,,,,,saved_token_ids,unmodified,none,payload_fidelity_v2,payload_aware_result_v2,1,1,original_serialized_payload_bytes_sha256_v1,1,512,384,512,4.0,3.0,4.0,3.0,128,0,128,-4.356224767761952,
2.0,55c212c44061ecd091ceb8c38943a8babfaad56ebc15904817534f428dde546f,secondary_supplementary_multilingual_v2_payload_fidelity_after_manifest_freeze,secondary_supplementary,multilingual_v2_secondary,rankcloak_trial,revision_v1_multilingual_v2_payload_fidelity_v2__ec8830e991d4385f89ff,revision_v1_multilingual_v2_payload_fidelity_v2__ec8830e991d4385f89ff,,,,,,qwen2_5_7b_instruct_q4_k_m,qwen2_5_7b_instruct_q4_k_m,revision_v1_chacha20_poly1305_base64_004,chacha20_poly1305_base64,train,es_factual_explanatory_01,factual_explanatory,es,direct_subword_calgacus,direct_subword,direct_subword,,False,1,,none,none,0,,,,,saved_token_ids,unmodified,none,payload_fidelity_v2,payload_aware_result_v2,1,1,original_serialized_payload_bytes_sha256_v1,1,,384,512,,8.170212765957446,10.893617021276595,8.170212765957446,47,0,47,-7.556454488003648,
2.0,55c212c44061ecd091ceb8c38943a8babfaad56ebc15904817534f428dde546f,secondary_supplementary_multilingual_v2_payload_fidelity_after_manifest_freeze,secondary_supplementary,multilingual_v2_secondary,rankcloak_trial,revision_v1_multilingual_v2_payload_fidelity_v2__f491fc5141f0e63a45ec,revision_v1_multilingual_v2_payload_fidelity_v2__f491fc5141f0e63a45ec,,,,,,qwen2_5_7b_instruct_q4_k_m,qwen2_5_7b_instruct_q4_k_m,revision_v1_chacha20_poly1305_base64_004,chacha20_poly1305_base64,train,es_factual_explanatory_01,factual_explanatory,es,nonseg_ascii_b16,ascii_b16,ascii_b16,16,False,1,,none,none,0,,,,,saved_token_ids,unmodified,none,payload_fidelity_v2,payload_aware_result_v2,1,1,original_serialized_payload_bytes_sha256_v1,1,512,384,512,4.0,3.0,4.0,3.0,128,0,128,-4.2931706150419195,
2.0,55c212c44061ecd091ceb8c38943a8babfaad56ebc15904817534f428dde546f,secondary_supplementary_multilingual_v2_payload_fidelity_after_manifest_freeze,secondary_supplementary,multilingual_v2_secondary,rankcloak_trial,revision_v1_multilingual_v2_payload_fidelity_v2__10be23a8ccbeb273a555,revision_v1_multilingual_v2_payload_fidelity_v2__10be23a8ccbeb273a555,,,,,,qwen2_5_7b_instruct_q4_k_m,qwen2_5_7b_instruct_q4_k_m,revision_v1_chacha20_poly1305_base64_004,chacha20_poly1305_base64,train,zh_hans_factual_explanatory_01,factual_explanatory,zh_hans,direct_subword_calgacus,direct_subword,direct_subword,,False,1,,none,none,0,,,,,saved_token_ids,unmodified,none,payload_fidelity_v2,payload_aware_result_v2,1,1,original_serialized_payload_bytes_sha256_v1,1,,384,512,,8.170212765957446,10.893617021276595,8.170212765957446,47,0,47,-7.305123449606543,
2.0,55c212c44061ecd091ceb8c38943a8babfaad56ebc15904817534f428dde546f,secondary_supplementary_multilingual_v2_payload_fidelity_after_manifest_freeze,secondary_supplementary,multilingual_v2_secondary,rankcloak_trial,revision_v1_multilingual_v2_payload_fidelity_v2__fd5c1b3906cf4ec873dc,revision_v1_multilingual_v2_payload_fidelity_v2__fd5c1b3906cf4ec873dc,,,,,,qwen2_5_7b_instruct_q4_k_m,qwen2_5_7b_instruct_q4_k_m,revision_v1_chacha20_poly1305_base64_004,chacha20_poly1305_base64,train,zh_hans_factual_explanatory_01,factual_explanatory,zh_hans,nonseg_ascii_b16,ascii_b16,ascii_b16,16,False,1,,none,none,0,,,,,saved_token_ids,unmodified,none,payload_fidelity_v2,payload_aware_result_v2,1,1,original_serialized_payload_bytes_sha256_v1,1,512,384,512,4.0,3.0,4.0,3.0,128,0,128,-4.047797711462012,
2.0,55c212c44061ecd091ceb8c38943a8babfaad56ebc15904817534f428dde546f,secondary_supplementary_multilingual_v2_payload_fidelity_after_manifest_freeze,secondary_supplementary,multilingual_v2_secondary,rankcloak_trial,revision_v1_multilingual_v2_payload_fidelity_v2__c5d72a34ddf504702771,revision_v1_multilingual_v2_payload_fidelity_v2__c5d72a34ddf504702771,,,,,,qwen2_5_7b_instruct_q4_k_m,qwen2_5_7b_instruct_q4_k_m,revision_v1_chacha20_poly1305_base64_005,chacha20_poly1305_base64,train,es_casual_conversation_01,casual_conversation,es,direct_subword_calgacus,direct_subword,direct_subword,,False,1,,none,none,0,,,,,saved_token_ids,unmodified,none,payload_fidelity_v2,payload_aware_result_v2,1,1,original_serialized_payload_bytes_sha256_v1,1,,384,512,,8.347826086956522,11.130434782608695,8.347826086956522,46,0,46,-7.4459494803128585,
2.0,55c212c44061ecd091ceb8c38943a8babfaad56ebc15904817534f428dde546f,secondary_supplementary_multilingual_v2_payload_fidelity_after_manifest_freeze,secondary_supplementary,multilingual_v2_secondary,rankcloak_trial,revision_v1_multilingual_v2_payload_fidelity_v2__0d8887b314715d10a5f4,revision_v1_multilingual_v2_payload_fidelity_v2__0d8887b314715d10a5f4,,,,,,qwen2_5_7b_instruct_q4_k_m,qwen2_5_7b_instruct_q4_k_m,revision_v1_chacha20_poly1305_base64_005,chacha20_poly1305_base64,train,es_casual_conversation_01,casual_conversation,es,nonseg_ascii_b16,ascii_b16,ascii_b16,16,False,1,,none,none,0,,,,,saved_token_ids,unmodified,none,payload_fidelity_v2,payload_aware_result_v2,1,1,original_serialized_payload_bytes_sha256_v1,1,512,384,512,4.0,3.0,4.0,3.0,128,0,128,-4.328445497461793,
2.0,55c212c44061ecd091ceb8c38943a8babfaad56ebc15904817534f428dde546f,secondary_supplementary_multilingual_v2_payload_fidelity_after_manifest_freeze,secondary_supplementary,multilingual_v2_secondary,rankcloak_trial,revision_v1_multilingual_v2_payload_fidelity_v2__9cbf26c5b424bb4b8a7b,revision_v1_multilingual_v2_payload_fidelity_v2__9cbf26c5b424bb4b8a7b,,,,,,qwen2_5_7b_instruct_q4_k_m,qwen2_5_7b_instruct_q4_k_m,revision_v1_chacha20_poly1305_base64_005,chacha20_poly1305_base64,train,zh_hans_casual_conversation_01,casual_conversation,zh_hans,direct_subword_calgacus,direct_subword,direct_subword,,False,1,,none,none,0,,,,,saved_token_ids,unmodified,none,payload_fidelity_v2,payload_aware_result_v2,1,1,original_serialized_payload_bytes_sha256_v1,1,,384,512,,8.347826086956522,11.130434782608695,8.347826086956522,46,0,46,-7.540752243339274,
2.0,55c212c44061ecd091ceb8c38943a8babfaad56ebc15904817534f428dde546f,secondary_supplementary_multilingual_v2_payload_fidelity_after_manifest_freeze,secondary_supplementary,multilingual_v2_secondary,rankcloak_trial,revision_v1_multilingual_v2_payload_fidelity_v2__2e2697cec0b708705629,revision_v1_multilingual_v2_payload_fidelity_v2__2e2697cec0b708705629,,,,,,qwen2_5_7b_instruct_q4_k_m,qwen2_5_7b_instruct_q4_k_m,revision_v1_chacha20_poly1305_base64_005,chacha20_poly1305_base64,train,zh_hans_casual_conversation_01,casual_conversation,zh_hans,nonseg_ascii_b16,ascii_b16,ascii_b16,16,False,1,,none,none,0,,,,,saved_token_ids,unmodified,none,payload_fidelity_v2,payload_aware_result_v2,1,1,original_serialized_payload_bytes_sha256_v1,1,512,384,512,4.0,3.0,4.0,3.0,128,0,128,-4.4688958281029425,
2.0,55c212c44061ecd091ceb8c38943a8babfaad56ebc15904817534f428dde546f,secondary_supplementary_multilingual_v2_payload_fidelity_after_manifest_freeze,secondary_supplementary,multilingual_v2_secondary,rankcloak_trial,revision_v1_multilingual_v2_payload_fidelity_v2__beb9de5e3dd067703bba,revision_v1_multilingual_v2_payload_fidelity_v2__beb9de5e3dd067703bba,,,,,,qwen2_5_7b_instruct_q4_k_m,qwen2_5_7b_instruct_q4_k_m,revision_v1_ed25519_signature_base64_000,ed25519_signature_base64,train,es_forum_question_answer_01,forum_question_answer,es,direct_subword_calgacus,direct_subword,direct_subword,,False,1,,none,none,0,,,,,saved_token_ids,unmodified,none,payload_fidelity_v2,payload_aware_result_v2,1,1,original_serialized_payload_bytes_sha256_v1,1,,512,704,,7.641791044776119,10.507462686567164,7.641791044776119,67,0,67,-7.060025313724586,
2.0,55c212c44061ecd091ceb8c38943a8babfaad56ebc15904817534f428dde546f,secondary_supplementary_multilingual_v2_payload_fidelity_after_manifest_freeze,secondary_supplementary,multilingual_v2_secondary,rankcloak_trial,revision_v1_multilingual_v2_payload_fidelity_v2__85e4eca5986f16ac3149,revision_v1_multilingual_v2_payload_fidelity_v2__85e4eca5986f16ac3149,,,,,,qwen2_5_7b_instruct_q4_k_m,qwen2_5_7b_instruct_q4_k_m,revision_v1_ed25519_signature_base64_000,ed25519_signature_base64,train,es_forum_question_answer_01,forum_question_answer,es,nonseg_ascii_b16,ascii_b16,ascii_b16,16,False,1,,none,none,0,,,,,saved_token_ids,unmodified,none,payload_fidelity_v2,payload_aware_result_v2,1,1,original_serialized_payload_bytes_sha256_v1,1,704,512,704,4.0,2.909090909090909,4.0,2.909090909090909,176,0,176,-4.528437395756414,
2.0,55c212c44061ecd091ceb8c38943a8babfaad56ebc15904817534f428dde546f,secondary_supplementary_multilingual_v2_payload_fidelity_after_manifest_freeze,secondary_supplementary,multilingual_v2_secondary,rankcloak_trial,revision_v1_multilingual_v2_payload_fidelity_v2__0bde7d976e6e7aa5c1e9,revision_v1_multilingual_v2_payload_fidelity_v2__0bde7d976e6e7aa5c1e9,,,,,,qwen2_5_7b_instruct_q4_k_m,qwen2_5_7b_instruct_q4_k_m,revision_v1_ed25519_signature_base64_000,ed25519_signature_base64,train,zh_hans_forum_question_answer_01,forum_question_answer,zh_hans,direct_subword_calgacus,direct_subword,direct_subword,,False,1,,none,none,0,,,,,saved_token_ids,unmodified,none,payload_fidelity_v2,payload_aware_result_v2,1,1,original_serialized_payload_bytes_sha256_v1,1,,512,704,,7.641791044776119,10.507462686567164,7.641791044776119,67,0,67,-6.928818250813041,
2.0,55c212c44061ecd091ceb8c38943a8babfaad56ebc15904817534f428dde546f,secondary_supplementary_multilingual_v2_payload_fidelity_after_manifest_freeze,secondary_supplementary,multilingual_v2_secondary,rankcloak_trial,revision_v1_multilingual_v2_payload_fidelity_v2__a9bafb044fba74318f78,revision_v1_multilingual_v2_payload_fidelity_v2__a9bafb044fba74318f78,,,,,,qwen2_5_7b_instruct_q4_k_m,qwen2_5_7b_instruct_q4_k_m,revision_v1_ed25519_signature_base64_000,ed25519_signature_base64,train,zh_hans_forum_question_answer_01,forum_question_answer,zh_hans,nonseg_ascii_b16,ascii_b16,ascii_b16,16,False,1,,none,none,0,,,,,saved_token_ids,unmodified,none,payload_fidelity_v2,payload_aware_result_v2,1,1,original_serialized_payload_bytes_sha256_v1,1,704,512,704,4.0,2.909090909090909,4.0,2.909090909090909,176,0,176,-4.080365446422511,
2.0,55c212c44061ecd091ceb8c38943a8babfaad56ebc15904817534f428dde546f,secondary_supplementary_multilingual_v2_payload_fidelity_after_manifest_freeze,secondary_supplementary,multilingual_v2_secondary,rankcloak_trial,revision_v1_multilingual_v2_payload_fidelity_v2__1cd393bde07292095a6e,revision_v1_multilingual_v2_payload_fidelity_v2__1cd393bde07292095a6e,,,,,,qwen2_5_7b_instruct_q4_k_m,qwen2_5_7b_instruct_q4_k_m,revision_v1_ed25519_signature_base64_001,ed25519_signature_base64,train,es_recipe_procedure_01,recipe_procedure,es,direct_subword_calgacus,direct_subword,direct_subword,,False,1,,none,none,0,,,,,saved_token_ids,unmodified,none,payload_fidelity_v2,payload_aware_result_v2,1,1,original_serialized_payload_bytes_sha256_v1,1,,512,704,,7.529411764705882,10.352941176470589,7.529411764705882,68,0,68,-6.549472802362491,
2.0,55c212c44061ecd091ceb8c38943a8babfaad56ebc15904817534f428dde546f,secondary_supplementary_multilingual_v2_payload_fidelity_after_manifest_freeze,secondary_supplementary,multilingual_v2_secondary,rankcloak_trial,revision_v1_multilingual_v2_payload_fidelity_v2__fc46f78be13d74181ccb,revision_v1_multilingual_v2_payload_fidelity_v2__fc46f78be13d74181ccb,,,,,,qwen2_5_7b_instruct_q4_k_m,qwen2_5_7b_instruct_q4_k_m,revision_v1_ed25519_signature_base64_001,ed25519_signature_base64,train,es_recipe_procedure_01,recipe_procedure,es,nonseg_ascii_b16,ascii_b16,ascii_b16,16,False,1,,none,none,0,,,,,saved_token_ids,unmodified,none,payload_fidelity_v2,payload_aware_result_v2,1,1,original_serialized_payload_bytes_sha256_v1,1,704,512,704,4.0,2.909090909090909,4.0,2.909090909090909,176,0,176,-4.434888394782711,
2.0,55c212c44061ecd091ceb8c38943a8babfaad56ebc15904817534f428dde546f,secondary_supplementary_multilingual_v2_payload_fidelity_after_manifest_freeze,secondary_supplementary,multilingual_v2_secondary,rankcloak_trial,revision_v1_multilingual_v2_payload_fidelity_v2__e2d19343e7aa5607d4bf,revision_v1_multilingual_v2_payload_fidelity_v2__e2d19343e7aa5607d4bf,,,,,,qwen2_5_7b_instruct_q4_k_m,qwen2_5_7b_instruct_q4_k_m,revision_v1_ed25519_signature_base64_001,ed25519_signature_base64,train,zh_hans_recipe_procedure_01,recipe_procedure,zh_hans,direct_subword_calgacus,direct_subword,direct_subword,,False,1,,none,none,0,,,,,saved_token_ids,unmodified,none,payload_fidelity_v2,payload_aware_result_v2,1,1,original_serialized_payload_bytes_sha256_v1,1,,512,704,,7.529411764705882,10.352941176470589,7.529411764705882,68,0,68,-6.622683120645153,
2.0,55c212c44061ecd091ceb8c38943a8babfaad56ebc15904817534f428dde546f,secondary_supplementary_multilingual_v2_payload_fidelity_after_manifest_freeze,secondary_supplementary,multilingual_v2_secondary,rankcloak_trial,revision_v1_multilingual_v2_payload_fidelity_v2__1ee1a781c19244340fa6,revision_v1_multilingual_v2_payload_fidelity_v2__1ee1a781c19244340fa6,,,,,,qwen2_5_7b_instruct_q4_k_m,qwen2_5_7b_instruct_q4_k_m,revision_v1_ed25519_signature_base64_001,ed25519_signature_base64,train,zh_hans_recipe_procedure_01,recipe_procedure,zh_hans,nonseg_ascii_b16,ascii_b16,ascii_b16,16,False,1,,none,none,0,,,,,saved_token_ids,unmodified,none,payload_fidelity_v2,payload_aware_result_v2,1,1,original_serialized_payload_bytes_sha256_v1,1,704,512,704,4.0,2.909090909090909,4.0,2.909090909090909,176,0,176,-3.904853255391147,
2.0,55c212c44061ecd091ceb8c38943a8babfaad56ebc15904817534f428dde546f,secondary_supplementary_multilingual_v2_payload_fidelity_after_manifest_freeze,secondary_supplementary,multilingual_v2_secondary,rankcloak_trial,revision_v1_multilingual_v2_payload_fidelity_v2__d9668ac7c2f8e15ebbfb,revision_v1_multilingual_v2_payload_fidelity_v2__d9668ac7c2f8e15ebbfb,,,,,,qwen2_5_7b_instruct_q4_k_m,qwen2_5_7b_instruct_q4_k_m,revision_v1_ed25519_signature_base64_002,ed25519_signature_base64,train,es_personal_narrative_blog_01,personal_narrative_blog,es,direct_subword_calgacus,direct_subword,direct_subword,,False,1,,none,none,0,,,,,saved_token_ids,unmodified,none,payload_fidelity_v2,payload_aware_result_v2,1,1,original_serialized_payload_bytes_sha256_v1,1,,512,704,,7.641791044776119,10.507462686567164,7.641791044776119,67,0,67,-7.701445789440467,
2.0,55c212c44061ecd091ceb8c38943a8babfaad56ebc15904817534f428dde546f,secondary_supplementary_multilingual_v2_payload_fidelity_after_manifest_freeze,secondary_supplementary,multilingual_v2_secondary,rankcloak_trial,revision_v1_multilingual_v2_payload_fidelity_v2__272d983d65fdd31b37eb,revision_v1_multilingual_v2_payload_fidelity_v2__272d983d65fdd31b37eb,,,,,,qwen2_5_7b_instruct_q4_k_m,qwen2_5_7b_instruct_q4_k_m,revision_v1_ed25519_signature_base64_002,ed25519_signature_base64,train,es_personal_narrative_blog_01,personal_narrative_blog,es,nonseg_ascii_b16,ascii_b16,ascii_b16,16,False,1,,none,none,0,,,,,saved_token_ids,unmodified,none,payload_fidelity_v2,payload_aware_result_v2,1,1,original_serialized_payload_bytes_sha256_v1,1,704,512,704,4.0,2.909090909090909,4.0,2.909090909090909,176,0,176,-4.223367264960024,
2.0,55c212c44061ecd091ceb8c38943a8babfaad56ebc15904817534f428dde546f,secondary_supplementary_multilingual_v2_payload_fidelity_after_manifest_freeze,secondary_supplementary,multilingual_v2_secondary,rankcloak_trial,revision_v1_multilingual_v2_payload_fidelity_v2__05b287c6f4713fd23fcf,revision_v1_multilingual_v2_payload_fidelity_v2__05b287c6f4713fd23fcf,,,,,,qwen2_5_7b_instruct_q4_k_m,qwen2_5_7b_instruct_q4_k_m,revision_v1_ed25519_signature_base64_002,ed25519_signature_base64,train,zh_hans_personal_narrative_blog_01,personal_narrative_blog,zh_hans,direct_subword_calgacus,direct_subword,direct_subword,,False,1,,none,none,0,,,,,saved_token_ids,unmodified,none,payload_fidelity_v2,payload_aware_result_v2,1,1,original_serialized_payload_bytes_sha256_v1,1,,512,704,,7.641791044776119,10.507462686567164,7.641791044776119,67,0,67,-7.043494857822305,
2.0,55c212c44061ecd091ceb8c38943a8babfaad56ebc15904817534f428dde546f,secondary_supplementary_multilingual_v2_payload_fidelity_after_manifest_freeze,secondary_supplementary,multilingual_v2_secondary,rankcloak_trial,revision_v1_multilingual_v2_payload_fidelity_v2__535fc22634e1067e56ee,revision_v1_multilingual_v2_payload_fidelity_v2__535fc22634e1067e56ee,,,,,,qwen2_5_7b_instruct_q4_k_m,qwen2_5_7b_instruct_q4_k_m,revision_v1_ed25519_signature_base64_002,ed25519_signature_base64,train,zh_hans_personal_narrative_blog_01,personal_narrative_blog,zh_hans,nonseg_ascii_b16,ascii_b16,ascii_b16,16,False,1,,none,none,0,,,,,saved_token_ids,unmodified,none,payload_fidelity_v2,payload_aware_result_v2,1,1,original_serialized_payload_bytes_sha256_v1,1,704,512,704,4.0,2.909090909090909,4.0,2.909090909090909,176,0,176,-4.038743833019259,
2.0,55c212c44061ecd091ceb8c38943a8babfaad56ebc15904817534f428dde546f,secondary_supplementary_multilingual_v2_payload_fidelity_after_manifest_freeze,secondary_supplementary,multilingual_v2_secondary,rankcloak_trial,revision_v1_multilingual_v2_payload_fidelity_v2__fd8c45710ab374cdec58,revision_v1_multilingual_v2_payload_fidelity_v2__fd8c45710ab374cdec58,,,,,,qwen2_5_7b_instruct_q4_k_m,qwen2_5_7b_instruct_q4_k_m,revision_v1_ed25519_signature_base64_003,ed25519_signature_base64,train,es_factual_explanatory_01,factual_explanatory,es,direct_subword_calgacus,direct_subword,direct_subword,,False,1,,none,none,0,,,,,saved_token_ids,unmodified,none,payload_fidelity_v2,payload_aware_result_v2,1,1,original_serialized_payload_bytes_sha256_v1,1,,512,704,,8.0,11.0,8.0,64,0,64,-7.401486111354564,
2.0,55c212c44061ecd091ceb8c38943a8babfaad56ebc15904817534f428dde546f,secondary_supplementary_multilingual_v2_payload_fidelity_after_manifest_freeze,secondary_supplementary,multilingual_v2_secondary,rankcloak_trial,revision_v1_multilingual_v2_payload_fidelity_v2__3fc81136351d6cfbff34,revision_v1_multilingual_v2_payload_fidelity_v2__3fc81136351d6cfbff34,,,,,,qwen2_5_7b_instruct_q4_k_m,qwen2_5_7b_instruct_q4_k_m,revision_v1_ed25519_signature_base64_003,ed25519_signature_base64,train,es_factual_explanatory_01,factual_explanatory,es,nonseg_ascii_b16,ascii_b16,ascii_b16,16,False,1,,none,none,0,,,,,saved_token_ids,unmodified,none,payload_fidelity_v2,payload_aware_result_v2,1,1,original_serialized_payload_bytes_sha256_v1,1,704,512,704,4.0,2.909090909090909,4.0,2.909090909090909,176,0,176,-4.43590238123539,
2.0,55c212c44061ecd091ceb8c38943a8babfaad56ebc15904817534f428dde546f,secondary_supplementary_multilingual_v2_payload_fidelity_after_manifest_freeze,secondary_supplementary,multilingual_v2_secondary,rankcloak_trial,revision_v1_multilingual_v2_payload_fidelity_v2__8d1dd42dd6247c4daec7,revision_v1_multilingual_v2_payload_fidelity_v2__8d1dd42dd6247c4daec7,,,,,,qwen2_5_7b_instruct_q4_k_m,qwen2_5_7b_instruct_q4_k_m,revision_v1_ed25519_signature_base64_003,ed25519_signature_base64,train,zh_hans_factual_explanatory_01,factual_explanatory,zh_hans,direct_subword_calgacus,direct_subword,direct_subword,,False,1,,none,none,0,,,,,saved_token_ids,unmodified,none,payload_fidelity_v2,payload_aware_result_v2,1,1,original_serialized_payload_bytes_sha256_v1,1,,512,704,,8.0,11.0,8.0,64,0,64,-7.049736581414312,
2.0,55c212c44061ecd091ceb8c38943a8babfaad56ebc15904817534f428dde546f,secondary_supplementary_multilingual_v2_payload_fidelity_after_manifest_freeze,secondary_supplementary,multilingual_v2_secondary,rankcloak_trial,revision_v1_multilingual_v2_payload_fidelity_v2__fc6bb95f94bcb48e73f4,revision_v1_multilingual_v2_payload_fidelity_v2__fc6bb95f94bcb48e73f4,,,,,,qwen2_5_7b_instruct_q4_k_m,qwen2_5_7b_instruct_q4_k_m,revision_v1_ed25519_signature_base64_003,ed25519_signature_base64,train,zh_hans_factual_explanatory_01,factual_explanatory,zh_hans,nonseg_ascii_b16,ascii_b16,ascii_b16,16,False,1,,none,none,0,,,,,saved_token_ids,unmodified,none,payload_fidelity_v2,payload_aware_result_v2,1,1,original_serialized_payload_bytes_sha256_v1,1,704,512,704,4.0,2.909090909090909,4.0,2.909090909090909,176,0,176,-4.008340886070522,
2.0,55c212c44061ecd091ceb8c38943a8babfaad56ebc15904817534f428dde546f,secondary_supplementary_multilingual_v2_payload_fidelity_after_manifest_freeze,secondary_supplementary,multilingual_v2_secondary,rankcloak_trial,revision_v1_multilingual_v2_payload_fidelity_v2__21597c02e57ba84e8a8e,revision_v1_multilingual_v2_payload_fidelity_v2__21597c02e57ba84e8a8e,,,,,,qwen2_5_7b_instruct_q4_k_m,qwen2_5_7b_instruct_q4_k_m,revision_v1_ed25519_signature_base64_004,ed25519_signature_base64,train,es_casual_conversation_01,casual_conversation,es,direct_subword_calgacus,direct_subword,direct_subword,,False,1,,none,none,0,,,,,saved_token_ids,unmodified,none,payload_fidelity_v2,payload_aware_result_v2,1,1,original_serialized_payload_bytes_sha256_v1,1,,512,704,,8.0,11.0,8.0,64,0,64,-7.256320046858523,
2.0,55c212c44061ecd091ceb8c38943a8babfaad56ebc15904817534f428dde546f,secondary_supplementary_multilingual_v2_payload_fidelity_after_manifest_freeze,secondary_supplementary,multilingual_v2_secondary,rankcloak_trial,revision_v1_multilingual_v2_payload_fidelity_v2__55347679c4e5d6ab5be9,revision_v1_multilingual_v2_payload_fidelity_v2__55347679c4e5d6ab5be9,,,,,,qwen2_5_7b_instruct_q4_k_m,qwen2_5_7b_instruct_q4_k_m,revision_v1_ed25519_signature_base64_004,ed25519_signature_base64,train,es_casual_conversation_01,casual_conversation,es,nonseg_ascii_b16,ascii_b16,ascii_b16,16,False,1,,none,none,0,,,,,saved_token_ids,unmodified,none,payload_fidelity_v2,payload_aware_result_v2,1,1,original_serialized_payload_bytes_sha256_v1,1,704,512,704,4.0,2.909090909090909,4.0,2.909090909090909,176,0,176,-4.281953546824969,
2.0,55c212c44061ecd091ceb8c38943a8babfaad56ebc15904817534f428dde546f,secondary_supplementary_multilingual_v2_payload_fidelity_after_manifest_freeze,secondary_supplementary,multilingual_v2_secondary,rankcloak_trial,revision_v1_multilingual_v2_payload_fidelity_v2__91af5b6f793b6d878c80,revision_v1_multilingual_v2_payload_fidelity_v2__91af5b6f793b6d878c80,,,,,,qwen2_5_7b_instruct_q4_k_m,qwen2_5_7b_instruct_q4_k_m,revision_v1_ed25519_signature_base64_004,ed25519_signature_base64,train,zh_hans_casual_conversation_01,casual_conversation,zh_hans,direct_subword_calgacus,direct_subword,direct_subword,,False,1,,none,none,0,,,,,saved_token_ids,unmodified,none,payload_fidelity_v2,payload_aware_result_v2,1,1,original_serialized_payload_bytes_sha256_v1,1,,512,704,,8.0,11.0,8.0,64,0,64,-7.219817036425521,
2.0,55c212c44061ecd091ceb8c38943a8babfaad56ebc15904817534f428dde546f,secondary_supplementary_multilingual_v2_payload_fidelity_after_manifest_freeze,secondary_supplementary,multilingual_v2_secondary,rankcloak_trial,revision_v1_multilingual_v2_payload_fidelity_v2__ec4e7bcff25f962f2b25,revision_v1_multilingual_v2_payload_fidelity_v2__ec4e7bcff25f962f2b25,,,,,,qwen2_5_7b_instruct_q4_k_m,qwen2_5_7b_instruct_q4_k_m,revision_v1_ed25519_signature_base64_004,ed25519_signature_base64,train,zh_hans_casual_conversation_01,casual_conversation,zh_hans,nonseg_ascii_b16,ascii_b16,ascii_b16,16,False,1,,none,none,0,,,,,saved_token_ids,unmodified,none,payload_fidelity_v2,payload_aware_result_v2,1,1,original_serialized_payload_bytes_sha256_v1,1,704,512,704,4.0,2.909090909090909,4.0,2.909090909090909,176,0,176,-3.9792665014677975,
2.0,55c212c44061ecd091ceb8c38943a8babfaad56ebc15904817534f428dde546f,secondary_supplementary_multilingual_v2_payload_fidelity_after_manifest_freeze,secondary_supplementary,multilingual_v2_secondary,rankcloak_trial,revision_v1_multilingual_v2_payload_fidelity_v2__f451d0a77016bf8a0e72,revision_v1_multilingual_v2_payload_fidelity_v2__f451d0a77016bf8a0e72,,,,,,qwen2_5_7b_instruct_q4_k_m,qwen2_5_7b_instruct_q4_k_m,revision_v1_ed25519_signature_base64_005,ed25519_signature_base64,train,es_professional_communication_01,professional_communication,es,direct_subword_calgacus,direct_subword,direct_subword,,False,1,,none,none,0,,,,,saved_token_ids,unmodified,none,payload_fidelity_v2,payload_aware_result_v2,1,1,original_serialized_payload_bytes_sha256_v1,1,,512,704,,8.533333333333333,11.733333333333333,8.533333333333333,60,0,60,-8.168038285920368,
2.0,55c212c44061ecd091ceb8c38943a8babfaad56ebc15904817534f428dde546f,secondary_supplementary_multilingual_v2_payload_fidelity_after_manifest_freeze,secondary_supplementary,multilingual_v2_secondary,rankcloak_trial,revision_v1_multilingual_v2_payload_fidelity_v2__33599c77b247431a99ed,revision_v1_multilingual_v2_payload_fidelity_v2__33599c77b247431a99ed,,,,,,qwen2_5_7b_instruct_q4_k_m,qwen2_5_7b_instruct_q4_k_m,revision_v1_ed25519_signature_base64_005,ed25519_signature_base64,train,es_professional_communication_01,professional_communication,es,nonseg_ascii_b16,ascii_b16,ascii_b16,16,False,1,,none,none,0,,,,,saved_token_ids,unmodified,none,payload_fidelity_v2,payload_aware_result_v2,1,1,original_serialized_payload_bytes_sha256_v1,1,704,512,704,4.0,2.909090909090909,4.0,2.909090909090909,176,0,176,-4.7153754125454155,
2.0,55c212c44061ecd091ceb8c38943a8babfaad56ebc15904817534f428dde546f,secondary_supplementary_multilingual_v2_payload_fidelity_after_manifest_freeze,secondary_supplementary,multilingual_v2_secondary,rankcloak_trial,revision_v1_multilingual_v2_payload_fidelity_v2__2fd02f0d48613d5b75ca,revision_v1_multilingual_v2_payload_fidelity_v2__2fd02f0d48613d5b75ca,,,,,,qwen2_5_7b_instruct_q4_k_m,qwen2_5_7b_instruct_q4_k_m,revision_v1_ed25519_signature_base64_005,ed25519_signature_base64,train,zh_hans_professional_communication_01,professional_communication,zh_hans,direct_subword_calgacus,direct_subword,direct_subword,,False,1,,none,none,0,,,,,saved_token_ids,unmodified,none,payload_fidelity_v2,payload_aware_result_v2,1,1,original_serialized_payload_bytes_sha256_v1,1,,512,704,,8.533333333333333,11.733333333333333,8.533333333333333,60,0,60,-7.662705487306239,
2.0,55c212c44061ecd091ceb8c38943a8babfaad56ebc15904817534f428dde546f,secondary_supplementary_multilingual_v2_payload_fidelity_after_manifest_freeze,secondary_supplementary,multilingual_v2_secondary,rankcloak_trial,revision_v1_multilingual_v2_payload_fidelity_v2__37ed1a6f7b06fdf3b348,revision_v1_multilingual_v2_payload_fidelity_v2__37ed1a6f7b06fdf3b348,,,,,,qwen2_5_7b_instruct_q4_k_m,qwen2_5_7b_instruct_q4_k_m,revision_v1_ed25519_signature_base64_005,ed25519_signature_base64,train,zh_hans_professional_communication_01,professional_communication,zh_hans,nonseg_ascii_b16,ascii_b16,ascii_b16,16,False,1,,none,none,0,,,,,saved_token_ids,unmodified,none,payload_fidelity_v2,payload_aware_result_v2,1,1,original_serialized_payload_bytes_sha256_v1,1,704,512,704,4.0,2.909090909090909,4.0,2.909090909090909,176,0,176,-3.906784988571214,
